date,tournament,home_team,away_team,home_score,away_score,result,elo_home,elo_away,elo_diff,neutral,form5_home,form5_away,venue_form5_home,venue_form5_away,venue_loss_streak_home,venue_loss_streak_away,form_vs_stronger_home,form_vs_stronger_away,pdiff5_home,pdiff5_away,rest_days_home,rest_days_away,rank_prev_home,rank_prev_away,coach_tenure_home,coach_tenure_away,avg_age_home,avg_age_away,n_hist_home,n_hist_away,combo_avg_home,combo_avg_away,combo_min_home,combo_min_away,combo_front_row_home,combo_locks_home,combo_back_row_home,combo_lineout_unit_home,combo_halfbacks_home,combo_inside_backs_home,combo_back_three_home,combo_spine_home,combo_front_row_away,combo_locks_away,combo_back_row_away,combo_lineout_unit_away,combo_halfbacks_away,combo_inside_backs_away,combo_back_three_away,combo_spine_away,xv_cohesion_avg_home,xv_cohesion_avg_away,xv_cohesion_min_home,xv_cohesion_min_away,sq23_cohesion_avg_home,sq23_cohesion_avg_away,xv_retained_home,xv_retained_away,xv_starts_avg_home,xv_starts_avg_away,cards5_home,cards5_away,weather_temp_c,weather_precip_mm,weather_wind_kmh
2015-02-15,6n,scotland,wales,23.0,26.0,l,1482.8,1479.0,3.7,0,0.0,0.0,nan,nan,0,0,nan,nan,-7.0,-5.0,8,9,8,6,1,1,27.15,27.56,1,1,0.75,0.75,0.0,0.0,0,1,1,1,1,1,0,1,0,1,1,1,1,1,0,1,0.7428571428571429,0.7428571428571429,0.0,0.0,0.6758893280632411,0.8300395256916996,13.0,13.0,0.8666666666666667,0.8666666666666667,1.0,1.0,9.1,0.0,22.4
2015-02-28,6n,scotland,italy,19.0,22.0,l,1466.4,1440.3,26.1,0,0.0,0.0,0.0,0.0,1,1,nan,0.0,-5.0,-26.5,13,14,9,14,2,2,26.92,26.6,2,2,0.375,0.5,0.0,0.0,1,0,2,0,0,0,0,0,0,1,0,1,2,0,0,0,1.1523809523809523,0.7714285714285715,0.0,0.0,0.9486166007905138,1.1422924901185771,11.0,9.0,1.5333333333333334,1.2666666666666666,1.0,0.5,7.1,0.2,25.7
2015-03-21,6n,italy,wales,20.0,61.0,l,1421.4,1538.8,-117.4,0,0.25,0.75,0.0,1.0,2,0,0.3333333333333333,1.0,-19.75,3.0,6,7,14,6,4,4,28.42,26.39,4,4,1.125,2.5,0.0,0.0,0,3,0,0,3,1,2,0,0,2,4,2,4,4,2,2,2.019047619047619,2.4380952380952383,0.0,0.0,2.0988142292490117,2.355731225296443,11.0,13.0,2.8666666666666667,3.1333333333333333,0.25,1.0,12.7,0.0,9.2
2015-07-17,rc,new_zealand,argentina,39.0,18.0,w,1527.0,1536.7,-9.8,0,1.0,1.0,nan,1.0,0,0,nan,nan,9.0,22.0,9,62,1,8,1,1,29.19,27.09,1,1,0.25,0.0,0.0,0.0,1,0,1,0,0,0,0,0,0,0,0,0,0,0,0,0,0.5238095238095238,0.05714285714285714,0.0,0.0,0.5375494071146245,0.1422924901185771,11.0,4.0,0.7333333333333333,0.26666666666666666,0.0,0.0,6.1,0.0,9.6
2015-07-25,rc,south_africa,new_zealand,20.0,27.0,l,1486.7,1553.3,-66.7,0,0.0,1.0,nan,1.0,0,0,nan,1.0,-4.0,15.0,7,8,2,1,1,2,27.45,28.28,1,2,0.375,0.0,0.0,0.0,1,0,0,0,1,1,0,0,0,0,0,0,0,0,0,0,0.6285714285714286,0.4095238095238095,0.0,0.0,0.4743083003952569,0.4031620553359684,12.0,8.0,0.8,0.9333333333333333,0.0,0.0,9.2,0.0,17.6
2015-08-08,rc,south_africa,argentina,25.0,37.0,l,1466.9,1472.5,-5.7,0,0.0,0.3333333333333333,0.0,0.5,1,1,0.0,0.0,-5.5,-8.0,14,14,2,8,2,3,26.81,26.61,2,3,0.625,0.0,0.0,0.0,0,1,0,1,2,0,0,1,0,0,0,0,0,0,0,0,1.1523809523809523,0.42857142857142855,0.0,0.0,1.0118577075098814,0.8181818181818182,12.0,4.0,1.5333333333333334,1.0666666666666667,0.0,0.0,21.7,0.0,8.8
2015-08-15,rc,argentina,south_africa,12.0,26.0,l,1502.1,1437.3,64.8,0,0.5,0.0,0.0,0.0,1,1,0.0,0.0,-3.0,-7.666666666666667,7,7,8,2,4,3,26.27,27.86,4,3,0.25,0.125,0.0,0.0,0,0,0,0,1,1,0,0,0,1,0,0,0,0,0,0,0.638095238095238,0.6,0.0,0.0,1.2450592885375493,1.1936758893280632,6.0,7.0,1.5333333333333334,1.4,0.25,0.0,15.0,0.0,9.9
2015-08-22,tour,italy,scotland,12.0,16.0,l,1391.7,1397.0,-5.3,0,0.2,0.0,0.0,0.0,3,3,0.25,0.0,-24.0,-10.8,154,7,14,12,5,6,29.46,27.15,5,6,0.0,0.0,0.0,0.0,0,0,0,0,0,0,0,0,0,0,0,0,0,0,0,0,0.47619047619047616,0.10476190476190476,0.0,0.0,1.1897233201581028,0.8260869565217391,5.0,4.0,1.6,0.8666666666666667,0.6,0.8,24.5,0.0,9.7
2015-08-29,tour,scotland,italy,48.0,7.0,w,1415.5,1373.1,42.4,0,0.2,0.2,0.0,0.5,3,0,0.0,0.2,-9.4,-20.2,7,7,12,14,7,6,27.08,27.78,7,6,0.625,0.375,0.0,0.0,0,0,0,0,4,0,1,0,1,0,1,0,1,0,0,0,1.438095238095238,1.5238095238095237,0.0,0.0,1.8181818181818181,2.399209486166008,1.0,7.0,3.066666666666667,3.066666666666667,0.6,0.4,16.7,0.0,21.9
2015-09-05,friendly,wales,italy,23.0,19.0,w,1560.7,1347.0,213.7,0,0.8,0.2,0.3333333333333333,0.3333333333333333,1,1,1.0,0.2,9.4,-22.4,7,7,6,15,7,7,26.66,28.86,7,7,1.25,0.5,0.0,0.0,1,1,0,0,6,0,2,0,1,0,1,0,1,0,1,0,1.638095238095238,2.361904761904762,0.0,0.0,2.0988142292490117,3.4031620553359683,10.0,8.0,3.4,4.133333333333334,0.6,0.8,15.4,0.0,14.1
2015-09-20,wc,argentina,new_zealand,16.0,26.0,l,1466.7,1583.0,-116.3,1,0.4,0.8,nan,nan,nan,nan,0.0,1.0,-5.2,11.4,36,36,8,1,5,5,27.24,29.33,5,5,0.625,1.75,0.0,1.0,1,1,0,1,1,0,1,0,3,1,3,1,2,1,2,1,1.4666666666666666,2.5047619047619047,0.0,1.0,1.948616600790514,2.2490118577075098,8.0,14.0,2.6,3.466666666666667,0.4,0.4,17.6,0.0,14.5
2015-10-03,wc,scotland,south_africa,16.0,34.0,l,1509.4,1500.7,8.7,1,0.8,0.4,nan,nan,nan,nan,0.4,0.4,20.0,6.6,6,7,12,6,11,6,27.52,27.64,11,6,0.625,1.375,0.0,0.0,0,3,0,0,0,1,1,0,3,2,1,0,1,2,2,0,1.6952380952380952,2.676190476190476,0.0,0.0,3.9802371541501977,3.0553359683794468,4.0,12.0,4.466666666666667,3.933333333333333,0.2,0.2,11.8,0.0,3.2
2015-10-17,wc,south_africa,wales,23.0,19.0,w,1563.9,1593.2,-29.2,1,0.8,0.8,nan,nan,nan,nan,0.6,1.0,26.8,10.6,10,7,4,3,8,12,27.68,27.25,8,12,2.75,2.75,1.0,0.0,1,4,3,2,3,4,3,2,2,4,7,4,3,1,0,1,4.0285714285714285,4.333333333333333,0.0,0.0,4.660079051383399,5.126482213438735,14.0,12.0,5.533333333333333,7.0,0.4,0.2,12.0,0.0,16.7
2015-10-24,wc,new_zealand,south_africa,20.0,18.0,w,1686.6,1581.1,105.5,1,1.0,0.8,nan,nan,nan,nan,1.0,0.8,34.8,24.8,7,7,1,5,10,9,29.1,28.36,10,9,3.875,3.75,0.0,2.0,0,4,6,4,6,4,4,3,2,5,4,3,4,5,4,3,4.895238095238096,5.0285714285714285,0.0,1.0,5.015810276679842,5.5059288537549405,14.0,15.0,6.733333333333333,6.533333333333333,0.6,0.4,13.9,0.0,12.8
2015-10-30,wc,argentina,south_africa,13.0,24.0,l,1564.5,1573.7,-9.3,1,0.8,0.8,nan,nan,nan,nan,0.6,0.6,25.6,24.8,5,6,4,3,11,10,26.23,28.06,11,10,0.625,3.125,0.0,0.0,0,1,0,0,3,1,0,0,3,3,5,0,3,6,5,0,1.6095238095238096,5.428571428571429,0.0,0.0,4.371541501976284,6.1146245059288535,5.0,13.0,4.333333333333333,7.333333333333333,0.6,0.4,13.1,0.0,12.5
2016-02-13,6n,wales,scotland,27.0,23.0,w,1576.6,1467.0,109.6,0,0.5,0.4,0.5,0.2,0,1,1.0,0.4,0.0,0.2,6,7,4,9,14,15,27.35,27.11,14,15,3.5,3.75,1.0,0.0,1,6,2,6,5,6,1,1,6,7,1,4,10,0,2,0,5.104761904761904,5.571428571428571,1.0,0.0,6.446640316205533,5.090909090909091,15.0,13.0,8.0,8.733333333333333,0.2,0.6,5.3,0.0,19.9
2016-02-27,6n,italy,scotland,20.0,36.0,l,1350.3,1458.6,-108.3,0,0.4,0.2,0.0,0.2,5,2,0.4,0.4,-5.0,-5.2,13,14,12,11,14,16,27.86,27.51,14,16,1.25,3.625,0.0,0.0,0,1,4,0,4,0,1,0,7,8,0,0,11,1,2,0,3.5619047619047617,6.0476190476190474,0.0,0.0,3.549407114624506,5.106719367588933,11.0,13.0,7.066666666666666,9.333333333333334,0.0,0.6,7.5,0.9,22.2
2016-03-19,6n,wales,italy,67.0,14.0,w,1586.3,1315.2,271.1,0,0.5,0.2,0.8,0.2,0,4,1.0,0.2,1.0,-16.4,7,7,4,14,17,16,26.93,27.92,17,16,2.75,1.5,0.0,0.0,4,0,1,0,7,9,1,0,0,1,6,0,2,0,3,0,5.761904761904762,2.6857142857142855,0.0,0.0,7.7312252964426875,3.766798418972332,11.0,10.0,9.666666666666666,6.466666666666667,0.0,0.0,7.4,0.0,21.0
2016-06-11,tour,new_zealand,wales,39.0,21.0,w,1714.6,1573.3,141.3,0,1.0,0.6,1.0,0.5,0,2,1.0,0.8,27.8,9.6,224,13,1,5,12,19,27.13,26.43,12,19,0.875,3.5,0.0,0.0,2,2,1,1,0,0,1,0,0,5,0,1,9,10,3,0,2.8476190476190477,6.4,0.0,0.0,2.9486166007905137,7.470355731225297,9.0,10.0,5.933333333333334,10.933333333333334,0.6,0.0,14.0,0.0,13.0
2016-06-11,tour,argentina,italy,30.0,24.0,w,1540.4,1306.0,234.4,0,0.6,0.0,0.0,0.0,2,5,0.6,0.0,14.4,-29.0,225,84,4,14,12,17,25.56,26.82,12,17,0.875,0.5,0.0,0.0,0,1,0,0,5,1,0,0,2,0,0,0,2,0,0,0,2.5047619047619047,1.9142857142857144,0.0,0.0,3.5968379446640317,3.0039525691699605,4.0,4.0,5.6,5.6,0.8,0.2,12.0,0.0,9.4
2016-06-18,tour,new_zealand,wales,36.0,22.0,w,1727.8,1560.1,167.7,0,1.0,0.4,1.0,0.3,0,3,1.0,0.6,24.8,5.2,7,7,1,6,13,20,27.13,26.95,13,20,2.375,3.75,0.0,0.0,3,6,2,6,1,1,0,0,1,7,1,0,10,11,0,0,3.5142857142857142,6.114285714285714,0.0,0.0,3.802371541501976,8.189723320158103,13.0,13.0,6.733333333333333,10.933333333333334,0.6,0.0,13.6,0.0,23.9
2016-06-25,tour,new_zealand,wales,46.0,6.0,w,1738.5,1549.4,189.1,0,1.0,0.2,1.0,0.1,0,4,1.0,0.4,20.0,0.6,7,7,1,6,14,21,27.24,26.54,14,21,1.75,4.5,0.0,0.0,0,7,0,7,0,0,0,0,0,8,2,1,11,12,1,1,2.8190476190476192,5.914285714285715,0.0,0.0,3.3043478260869565,8.84189723320158,10.0,13.0,6.333333333333333,11.0,0.4,0.0,7.4,0.0,16.4
2016-08-20,rc,south_africa,argentina,30.0,23.0,w,1606.0,1517.5,88.5,0,0.6,0.4,0.4,0.6666666666666666,0,0,0.8,0.6,3.0,-7.0,56,56,3,5,14,15,26.79,26.03,14,15,1.375,1.875,0.0,0.0,0,7,0,0,2,2,0,0,2,2,0,1,7,0,3,0,2.219047619047619,4.371428571428571,0.0,0.0,2.7351778656126484,5.853754940711463,10.0,10.0,5.666666666666667,8.133333333333333,0.6,0.8,21.3,0.0,9.4
2016-08-27,rc,argentina,south_africa,26.0,24.0,w,1505.6,1617.9,-112.4,0,0.4,0.8,0.4,0.5,1,0,0.6,0.8,-5.6,4.8,7,7,9,3,16,15,26.25,27.04,16,15,2.875,2.25,1.0,0.0,3,3,1,2,8,1,4,1,0,8,1,1,3,3,1,1,5.371428571428571,3.1333333333333333,1.0,0.0,7.229249011857707,3.5454545454545454,15.0,14.0,9.133333333333333,6.666666666666667,0.8,0.6,22.1,0.0,10.5
2016-09-10,rc,new_zealand,argentina,57.0,22.0,w,1783.9,1517.6,266.4,0,1.0,0.6,1.0,0.5,0,1,1.0,0.6,25.2,-3.0,14,14,1,9,17,17,27.59,25.91,17,17,4.375,2.75,0.0,0.0,5,10,5,9,3,1,2,0,4,2,3,1,9,2,0,1,6.685714285714286,6.219047619047619,2.0,0.0,6.944664031620554,7.221343873517786,14.0,12.0,10.466666666666667,10.2,0.4,0.8,10.0,0.0,10.5
2016-09-17,rc,new_zealand,south_africa,41.0,13.0,w,1792.4,1587.1,205.3,0,1.0,0.6,1.0,0.25,0,2,1.0,0.8,28.6,2.2,7,7,1,3,18,17,27.69,27.36,18,17,4.625,1.75,0.0,0.0,6,11,0,10,4,2,3,1,1,2,3,1,5,1,1,0,6.885714285714286,3.2666666666666666,0.0,0.0,6.849802371541502,3.8102766798418974,14.0,13.0,10.933333333333334,7.2,0.4,0.6,11.9,0.0,6.6
2016-10-01,rc,argentina,new_zealand,17.0,36.0,l,1490.6,1803.4,-312.8,0,0.2,1.0,0.6,0.75,0,0,0.2,1.0,-16.6,31.4,14,14,7,1,19,19,26.21,26.58,19,19,3.25,1.5,0.0,0.0,6,3,4,2,10,1,0,0,7,0,0,0,1,0,4,0,6.628571428571429,3.9047619047619047,0.0,0.0,9.486166007905139,5.0355731225296445,12.0,11.0,11.133333333333333,8.533333333333333,0.6,0.4,15.8,0.0,21.7
2016-10-08,rc,south_africa,new_zealand,15.0,57.0,l,1594.9,1813.3,-218.4,0,0.4,1.0,0.8,0.8,0,0,0.6,1.0,-4.2,27.2,7,7,4,1,19,20,27.78,27.48,19,20,2.0,4.5,0.0,0.0,3,4,5,3,0,0,1,0,8,12,0,11,2,1,2,0,4.333333333333333,5.895238095238096,0.0,0.0,6.07905138339921,6.707509881422925,13.0,11.0,8.8,10.8,0.4,0.6,21.5,0.0,24.2
2016-11-12,eoyt,wales,argentina,24.0,20.0,w,1502.6,1502.4,0.2,0,0.0,0.2,0.8,0.2,1,0,0.0,0.2,-22.0,-9.6,7,7,5,9,23,22,27.29,26.09,23,22,2.75,4.5,0.0,2.0,2,9,0,0,8,0,3,0,2,6,5,4,12,3,2,2,5.885714285714286,8.780952380952382,0.0,1.0,8.73913043478261,11.233201581027668,9.0,13.0,11.8,13.733333333333333,0.2,0.0,11.7,0.0,14.0
2016-11-12,eoyt,italy,new_zealand,10.0,68.0,l,1339.2,1807.1,-467.8,0,0.4,0.8,0.0,0.6,6,1,0.4,1.0,-19.2,21.0,139,7,13,1,20,23,27.07,25.93,20,23,0.125,0.0,0.0,0.0,1,0,0,0,0,0,0,0,0,0,0,0,0,0,0,0,1.4761904761904763,0.6476190476190476,0.0,0.0,3.08300395256917,3.102766798418972,7.0,3.0,5.4,3.533333333333333,0.6,0.8,12.7,0.0,9.4
2016-11-19,eoyt,scotland,argentina,19.0,16.0,w,1527.1,1489.0,38.0,0,0.6,0.2,0.4,0.2,1,1,0.2,0.0,3.6,-3.4,7,7,9,6,22,23,26.56,26.58,22,23,2.625,5.5,0.0,3.0,0,2,0,0,14,1,4,0,3,7,6,5,13,4,3,3,2.8476190476190477,9.780952380952382,0.0,2.0,4.41501976284585,11.600790513833992,11.0,15.0,7.866666666666666,14.733333333333333,0.4,0.2,3.2,0.0,10.0
2016-11-19,eoyt,italy,south_africa,20.0,18.0,w,1333.4,1555.7,-222.3,0,0.4,0.2,0.0,0.2,7,4,0.4,0.4,-22.2,-16.8,7,7,13,4,21,21,26.95,27.04,21,21,0.625,0.875,0.0,0.0,0,1,2,0,1,1,0,0,5,0,0,0,1,1,0,0,2.323809523809524,3.4380952380952383,0.0,0.0,3.3873517786561265,5.632411067193676,11.0,13.0,6.866666666666666,8.466666666666667,0.6,0.4,14.8,0.2,8.2
2016-11-26,eoyt,wales,south_africa,27.0,13.0,w,1522.5,1541.4,-18.9,0,0.4,0.2,0.8,0.0,0,5,0.0,0.4,-14.2,-16.0,7,7,6,4,25,22,27.25,26.16,25,22,3.75,1.125,1.0,0.0,3,10,1,1,9,1,4,1,1,1,0,1,6,0,0,0,6.571428571428571,2.066666666666667,1.0,0.0,10.24110671936759,3.1462450592885376,5.0,8.0,12.8,6.066666666666666,0.4,0.2,5.2,0.0,15.8
2017-02-05,6n,italy,wales,7.0,33.0,l,1338.4,1546.2,-207.8,0,0.6,0.6,0.2,0.0,1,5,0.6,0.2,-10.4,-8.6,71,71,13,6,23,26,27.07,26.6,23,26,2.375,3.0,0.0,0.0,5,3,0,2,4,3,2,0,0,3,1,0,13,2,5,0,3.5238095238095237,6.838095238095238,0.0,0.0,5.766798418972332,9.660079051383399,9.0,10.0,8.666666666666666,13.466666666666667,1.0,0.4,6.5,0.9,20.0
2017-02-25,6n,scotland,wales,29.0,13.0,w,1552.4,1548.3,4.2,0,0.6,0.8,0.8,0.2,0,0,0.4,0.2,5.6,8.4,13,14,7,5,26,28,26.71,27.03,26,28,3.5,4.875,0.0,2.0,0,16,3,0,0,4,5,0,2,5,3,2,15,4,6,2,5.266666666666667,8.380952380952381,0.0,2.0,7.430830039525691,13.063241106719367,10.0,14.0,11.6,15.066666666666666,0.2,0.2,10.4,0.1,33.9
2017-03-18,6n,scotland,italy,29.0,0.0,w,1554.9,1282.6,272.4,0,0.6,0.0,0.8,0.4,0,1,0.4,0.0,0.4,-24.8,7,7,5,14,28,27,26.71,27.16,28,27,2.5,3.75,0.0,1.0,0,3,2,0,2,6,7,0,7,4,1,3,7,5,2,1,6.285714285714286,5.895238095238096,0.0,0.0,7.636363636363637,6.557312252964427,13.0,11.0,12.8,11.8,0.4,0.6,7.9,0.2,14.0
2017-06-10,tour,italy,scotland,13.0,34.0,l,1274.8,1562.7,-287.9,1,0.0,0.6,nan,nan,nan,nan,0.0,0.4,-30.2,0.8,84,84,15,5,28,29,26.45,27.24,28,29,1.125,0.5,0.0,0.0,0,0,0,0,8,1,0,0,0,0,1,0,3,0,0,0,2.704761904761905,3.0095238095238095,0.0,0.0,4.399209486166008,5.5810276679841895,6.0,7.0,9.0,9.4,0.2,0.4,26.7,0.1,2.5
2017-08-19,rc,south_africa,argentina,37.0,15.0,w,1591.1,1469.9,121.2,0,0.6,0.2,0.8,0.2,0,3,0.4,0.0,10.4,-2.8,56,56,6,9,26,28,26.16,26.62,26,28,1.25,4.375,0.0,0.0,0,3,0,0,2,2,3,0,1,6,0,5,17,4,1,1,2.4285714285714284,6.6571428571428575,0.0,0.0,4.252964426877471,12.375494071146244,12.0,12.0,6.733333333333333,13.533333333333333,0.2,1.0,16.3,0.0,38.7
2017-08-26,rc,argentina,south_africa,23.0,41.0,l,1454.4,1606.6,-152.2,0,0.2,0.8,0.4,0.0,0,6,0.0,0.4,-6.6,15.2,7,7,9,5,29,27,26.69,26.18,29,27,2.125,1.875,0.0,0.0,5,6,0,2,2,0,2,0,1,4,1,1,1,3,4,0,6.2,3.3333333333333335,0.0,0.0,12.869565217391305,5.434782608695652,9.0,14.0,13.466666666666667,7.866666666666666,1.0,0.2,21.8,0.0,8.9
2017-09-09,rc,new_zealand,argentina,39.0,22.0,w,1855.9,1434.0,421.9,0,1.0,0.2,1.0,0.2,0,4,1.0,0.0,24.2,-7.6,14,14,1,10,29,30,27.1,26.1,29,30,1.5,2.5,0.0,0.0,1,3,0,2,5,1,0,0,1,10,0,0,6,3,0,0,3.942857142857143,8.714285714285714,0.0,0.0,6.683794466403162,13.446640316205533,8.0,8.0,10.866666666666667,16.333333333333332,0.4,1.0,7.4,0.3,19.2
2017-09-16,rc,new_zealand,south_africa,57.0,0.0,w,1858.7,1627.3,231.5,0,1.0,0.9,1.0,0.3,0,0,1.0,0.4,25.2,17.0,7,7,1,3,30,29,26.95,26.17,30,29,6.5,2.75,0.0,0.0,0,19,4,16,10,2,0,1,1,5,0,2,2,5,6,1,5.580952380952381,4.485714285714286,0.0,0.0,8.355731225296443,7.150197628458498,8.0,11.0,12.866666666666667,9.4,0.2,0.2,nan,nan,nan
2017-09-30,rc,argentina,new_zealand,10.0,36.0,l,1416.8,1870.3,-453.5,0,0.2,1.0,0.2,0.8,1,0,0.0,1.0,-13.2,35.6,14,14,10,1,32,31,26.73,26.76,32,31,3.125,1.75,0.0,0.0,3,7,1,0,7,6,1,0,1,0,0,0,11,2,0,0,9.238095238095237,2.8857142857142857,1.0,0.0,15.557312252964428,5.446640316205533,11.0,9.0,17.2,9.6,1.2,0.2,17.3,0.1,16.2
2017-10-07,rc,south_africa,new_zealand,24.0,25.0,l,1613.3,1875.4,-262.1,0,0.6,1.0,0.9,1.0,0,0,0.4,1.0,-3.4,25.2,7,7,3,1,31,32,26.18,27.25,31,32,3.0,2.875,0.0,0.0,0,11,0,0,5,7,1,0,2,0,5,0,12,3,1,0,4.114285714285714,5.523809523809524,0.0,0.0,6.632411067193676,6.913043478260869,12.0,10.0,10.533333333333333,12.866666666666667,0.2,0.6,16.1,0.0,12.5
2017-11-18,eoyt,scotland,new_zealand,17.0,22.0,l,1582.6,1861.4,-278.8,0,0.8,0.8,1.0,0.8,0,0,0.4,1.0,11.2,19.8,7,7,6,1,33,35,26.47,27.41,33,35,2.125,3.375,0.0,0.0,0,2,0,0,6,8,1,0,0,4,1,0,14,5,3,0,5.104761904761904,6.504761904761905,0.0,0.0,4.4189723320158105,9.328063241106719,13.0,14.0,12.0,14.133333333333333,0.6,0.6,4.0,0.0,18.0
2017-11-18,eoyt,italy,argentina,15.0,31.0,l,1288.3,1389.3,-100.9,0,0.2,0.0,0.2,0.0,0,7,0.2,0.0,-11.4,-19.6,7,7,14,10,32,35,27.04,26.83,32,35,1.75,4.25,1.0,0.0,4,4,1,1,1,1,1,1,2,8,0,3,20,1,0,0,3.7142857142857144,7.9714285714285715,1.0,0.0,3.438735177865613,13.818181818181818,15.0,11.0,9.933333333333334,16.666666666666668,0.6,1.0,13.7,0.0,14.7
2017-11-25,eoyt,wales,new_zealand,18.0,33.0,l,1563.0,1868.4,-305.4,0,0.6,0.8,0.6,0.8,0,0,0.4,1.0,3.4,9.4,7,7,7,1,35,36,27.33,26.84,35,36,4.375,3.25,0.0,0.0,6,9,1,1,18,0,0,0,1,0,0,0,15,6,4,0,5.352380952380952,5.6,0.0,0.0,7.877470355731226,8.996047430830039,3.0,12.0,13.333333333333334,12.733333333333333,0.4,1.0,4.3,0.0,14.9
2017-11-25,eoyt,italy,south_africa,6.0,35.0,l,1264.4,1582.0,-317.6,0,0.2,0.3,0.2,0.5,1,0,0.2,0.2,-8.8,-18.4,7,7,13,5,33,34,26.61,26.84,33,34,2.25,2.5,0.0,0.0,5,5,0,2,2,2,0,2,0,14,0,0,1,1,4,0,3.447619047619048,5.038095238095238,0.0,0.0,4.07905138339921,7.442687747035573,13.0,13.0,8.466666666666667,13.0,0.6,0.4,14.0,0.0,21.1
2017-12-02,eoyt,wales,south_africa,24.0,22.0,w,1553.4,1593.0,-39.6,0,0.6,0.5,0.4,0.5,1,0,0.2,0.2,0.8,-1.2,7,7,7,5,36,35,26.63,25.76,36,35,0.5,2.375,0.0,0.0,0,1,2,0,0,0,1,0,0,15,0,0,2,2,0,0,2.876190476190476,3.552380952380952,0.0,0.0,3.5731225296442686,5.83399209486166,10.0,10.0,10.466666666666667,10.466666666666667,0.2,0.4,8.0,0.0,8.8
2018-02-03,6n,wales,scotland,34.0,7.0,w,1563.6,1610.4,-46.7,0,0.6,0.6,0.6,0.4,0,1,0.4,0.6,-2.4,6.0,63,70,7,6,37,35,26.77,27.73,37,35,0.25,1.625,0.0,0.0,0,2,0,0,0,0,0,0,0,3,1,1,8,0,0,0,3.1333333333333333,4.476190476190476,0.0,0.0,5.086956521739131,6.015810276679842,9.0,9.0,10.733333333333333,12.0,0.2,0.4,5.7,0.1,13.0
2018-03-11,6n,wales,italy,38.0,14.0,w,1567.3,1234.1,333.2,0,0.4,0.0,0.6,0.0,0,6,0.4,0.0,-0.4,-26.0,15,16,6,14,40,37,26.38,26.78,40,37,0.0,2.125,0.0,0.0,0,0,0,0,0,0,0,0,2,3,1,2,4,0,3,2,2.4952380952380953,4.3238095238095235,0.0,0.0,5.988142292490118,5.023715415019763,5.0,14.0,10.6,11.333333333333334,0.0,0.2,10.0,0.8,20.3
2018-03-17,6n,italy,scotland,27.0,29.0,l,1228.8,1594.1,-365.3,0,0.0,0.6,0.2,0.2,3,3,0.0,0.6,-27.6,0.0,6,7,14,5,38,39,26.79,27.46,38,39,2.875,5.375,0.0,0.0,3,4,0,3,5,1,4,3,1,2,9,0,21,0,10,0,4.752380952380952,9.19047619047619,0.0,0.0,5.683794466403162,11.897233201581027,14.0,10.0,11.6,18.6,0.4,0.0,9.8,0.4,9.5
2018-06-02,tour,south_africa,wales,20.0,22.0,l,1582.8,1576.2,6.6,1,0.4,0.6,nan,nan,nan,nan,0.2,0.4,-1.6,7.2,182,77,5,7,36,42,24.87,24.89,36,42,0.0,0.125,0.0,0.0,0,0,0,0,0,0,0,0,0,1,0,0,0,0,0,0,0.44761904761904764,1.1428571428571428,0.0,0.0,0.9011857707509882,2.5849802371541504,4.0,2.0,4.533333333333333,6.8,0.4,0.4,24.7,0.3,8.8
2018-06-09,tour,argentina,wales,10.0,23.0,l,1404.6,1587.4,-182.8,0,0.2,0.6,0.2,0.4,3,2,0.0,0.6,-9.8,2.2,196,7,9,7,37,43,25.92,25.17,37,43,2.375,0.625,0.0,0.0,4,8,0,0,0,7,0,0,0,1,0,0,2,2,0,0,6.780952380952381,2.3523809523809525,0.0,0.0,11.154150197628459,4.430830039525691,9.0,7.0,15.933333333333334,9.8,0.8,0.6,15.2,0.0,5.0
2018-06-16,tour,argentina,wales,12.0,30.0,l,1388.5,1603.5,-215.0,0,0.2,0.8,0.2,0.6,4,0,0.0,0.6,-7.2,6.0,7,7,9,5,38,44,25.93,25.41,38,44,5.875,0.375,0.0,0.0,5,9,1,1,22,8,1,0,0,2,0,0,0,0,1,0,9.295238095238096,2.419047619047619,0.0,0.0,12.154150197628459,4.604743083003952,14.0,10.0,18.6,9.933333333333334,0.4,0.6,12.1,0.0,10.4
2018-06-23,tour,argentina,scotland,15.0,44.0,l,1372.9,1614.9,-242.0,0,0.2,0.6,0.0,0.4,5,1,0.0,0.6,-7.4,6.2,7,7,10,6,39,42,25.76,25.75,39,42,4.875,0.25,0.0,0.0,0,12,1,3,23,0,0,0,0,0,0,0,1,1,0,0,7.438095238095238,1.5047619047619047,0.0,0.0,10.383399209486166,3.794466403162055,9.0,7.0,17.066666666666666,7.933333333333334,0.2,0.2,25.5,0.1,15.4
2018-08-18,rc,south_africa,argentina,34.0,21.0,w,1585.4,1357.0,228.4,0,0.4,0.2,0.5,0.2,1,1,0.4,0.0,-1.0,-10.6,56,56,5,10,40,40,26.42,26.23,40,40,1.375,2.25,0.0,0.0,2,6,1,0,2,0,0,0,0,13,2,0,1,0,2,0,4.771428571428571,7.619047619047619,0.0,0.0,4.865612648221344,10.379446640316205,7.0,9.0,14.133333333333333,17.4,0.0,0.0,16.7,0.0,6.3
2018-08-25,rc,argentina,south_africa,32.0,19.0,w,1349.4,1593.0,-243.7,0,0.0,0.6,0.0,0.4,6,1,0.0,0.4,-16.4,2.0,7,7,10,6,41,41,26.1,26.59,41,41,2.75,2.375,0.0,0.0,1,10,3,2,2,1,3,0,3,7,2,2,3,1,1,0,8.247619047619047,5.40952380952381,0.0,0.0,10.541501976284586,6.541501976284585,14.0,14.0,18.133333333333333,14.6,0.0,0.0,14.4,0.0,12.0
2018-09-08,rc,new_zealand,argentina,46.0,24.0,w,1908.4,1384.6,523.8,0,1.0,0.2,1.0,0.2,0,2,1.0,0.2,28.4,-12.0,14,14,1,10,42,42,26.77,26.68,42,42,0.125,6.625,0.0,0.0,0,0,0,0,0,0,1,0,6,11,0,3,24,4,4,1,3.4285714285714284,10.39047619047619,0.0,1.0,7.015810276679842,13.889328063241107,8.0,11.0,12.4,20.533333333333335,0.2,0.0,7.6,0.0,4.5
2018-09-15,rc,new_zealand,south_africa,34.0,36.0,l,1910.1,1545.3,364.8,0,1.0,0.4,1.0,0.4,0,3,1.0,0.4,24.6,-1.8,7,7,1,7,43,43,26.98,27.04,43,43,5.375,2.375,0.0,0.0,1,5,9,0,20,6,2,0,0,9,1,3,4,2,0,0,9.638095238095238,6.390476190476191,0.0,0.0,11.466403162055336,10.652173913043478,6.0,12.0,19.866666666666667,16.266666666666666,0.2,0.2,11.4,0.0,28.9
2018-09-29,rc,argentina,new_zealand,17.0,35.0,l,1407.5,1892.7,-485.3,0,0.4,0.8,0.2,0.8,0,0,0.4,1.0,-9.4,21.6,14,14,9,1,44,44,26.72,27.07,44,44,4.375,2.625,0.0,0.0,7,13,5,5,4,0,0,1,0,6,0,0,6,7,2,0,11.380952380952381,5.695238095238095,0.0,0.0,14.268774703557312,9.399209486166008,13.0,9.0,22.133333333333333,15.466666666666667,0.0,0.0,19.5,0.0,26.4
2018-10-06,rc,south_africa,new_zealand,30.0,32.0,l,1584.9,1896.6,-311.7,0,0.6,0.8,0.8,1.0,0,0,0.6,1.0,1.6,18.2,7,7,5,1,45,45,26.51,27.54,45,45,3.5,5.25,0.0,0.0,1,11,2,0,6,7,1,0,2,7,0,1,21,8,3,0,7.923809523809524,11.19047619047619,0.0,1.0,11.015810276679842,13.007905138339922,12.0,12.0,18.333333333333332,22.133333333333333,0.6,0.2,26.3,0.0,5.2
2018-11-03,eoyt,wales,scotland,21.0,10.0,w,1619.1,1630.8,-11.7,0,1.0,0.6,0.8,0.6,0,0,0.6,0.6,11.6,9.6,140,133,5,7,45,43,26.59,26.4,45,43,1.5,0.625,0.0,0.0,0,6,2,3,1,0,0,0,0,4,0,1,0,0,0,0,5.295238095238095,4.40952380952381,0.0,0.0,6.1936758893280635,5.541501976284585,3.0,4.0,15.666666666666666,13.2,1.0,0.2,12.8,0.1,23.8
2018-11-17,eoyt,scotland,south_africa,20.0,26.0,l,1626.5,1588.3,38.2,0,0.6,0.6,0.8,0.4,0,0,0.6,0.4,18.4,2.6,7,7,7,5,45,48,27.75,26.39,45,48,5.75,2.75,0.0,0.0,0,5,0,2,23,4,12,0,4,3,2,0,0,10,3,0,9.723809523809523,6.933333333333334,0.0,0.0,10.300395256916996,10.545454545454545,9.0,13.0,20.2,16.533333333333335,0.2,0.4,6.9,0.0,9.9
2018-11-24,eoyt,wales,south_africa,20.0,11.0,w,1661.2,1612.7,48.4,0,1.0,0.6,1.0,0.6,0,0,0.6,0.6,19.0,3.4,7,7,3,5,48,49,26.58,26.36,48,49,1.0,3.7142857142857144,0.0,1.0,1,1,0,1,3,2,0,0,5,4,3,1,1,11,nan,1,6.733333333333333,nan,0.0,nan,10.15810276679842,12.792207792207792,3.0,nan,17.533333333333335,nan,0.6,0.4,7.9,0.1,21.7
2018-11-24,eoyt,scotland,argentina,14.0,9.0,w,1602.1,1363.5,238.6,0,0.4,0.2,0.8,0.2,1,2,0.6,0.2,9.6,-10.2,7,7,6,9,46,48,27.2,26.31,46,48,1.25,6.0,0.0,0.0,1,8,0,0,0,0,1,0,2,15,0,7,7,6,8,3,6.428571428571429,11.552380952380952,0.0,0.0,8.201581027667984,16.23715415019763,7.0,13.0,16.6,22.8,0.0,0.0,5.8,0.2,12.0
2018-11-24,eoyt,italy,new_zealand,3.0,66.0,l,1249.7,1888.5,-638.9,0,0.4,0.8,0.2,0.8,1,1,0.4,1.0,-13.8,10.2,7,7,13,1,44,50,27.49,25.96,44,50,3.75,1.25,0.0,0.0,6,9,3,4,3,4,0,1,0,1,1,0,8,0,0,0,6.228571428571429,4.095238095238095,0.0,0.0,7.359683794466403,8.521739130434783,14.0,4.0,14.266666666666667,14.2,0.4,0.0,13.2,0.0,9.1
2019-02-02,6n,scotland,italy,33.0,20.0,w,1607.0,1247.5,359.6,0,0.6,0.4,0.8,0.2,0,1,0.6,0.4,10.8,-23.0,70,70,7,14,47,45,26.98,27.91,47,45,3.25,1.375,0.0,0.0,1,1,0,0,24,0,0,0,7,0,1,0,3,0,0,0,6.40952380952381,5.533333333333333,0.0,0.0,6.608695652173913,6.660079051383399,8.0,10.0,17.133333333333333,14.866666666666667,0.0,0.4,2.4,0.0,11.4
2019-02-09,6n,italy,wales,15.0,26.0,l,1243.7,1686.4,-442.6,0,0.2,1.0,0.2,0.6,2,0,0.2,0.6,-26.2,15.6,7,8,15,3,46,50,27.8,26.22,46,50,1.125,0.25,0.0,0.0,0,1,2,1,4,1,0,0,0,1,0,0,1,0,0,0,4.552380952380952,2.4380952380952383,0.0,0.0,6.857707509881423,6.91699604743083,13.0,5.0,13.733333333333333,11.733333333333333,0.2,0.2,12.2,0.0,3.3
2019-03-09,6n,scotland,wales,11.0,18.0,l,1556.4,1708.5,-152.1,0,0.4,1.0,0.6,0.8,1,0,0.4,0.6,-2.8,16.6,14,14,7,4,50,52,27.52,27.1,50,52,3.125,4.0,0.0,1.0,2,11,1,2,9,0,0,0,10,3,2,3,5,5,3,1,5.171428571428572,10.314285714285715,0.0,2.0,9.84189723320158,13.106719367588934,11.0,14.0,16.066666666666666,21.666666666666668,0.2,0.0,6.4,0.3,29.8
2019-07-20,rc,south_africa,australia,35.0,17.0,w,1597.0,1575.9,21.1,0,0.4,nan,0.6,nan,1,0,0.4,nan,-0.6,nan,238,nan,5,nan,50,0,28.57,27.09,50,0,2.25,0.0,0.0,0.0,0,16,0,0,0,2,0,0,0,0,0,0,0,0,0,0,4.114285714285714,0.0,0.0,0.0,5.019762845849803,0.0,3.0,nan,15.0,0.0,0.2,nan,12.6,0.0,13.8
2019-07-20,rc,argentina,new_zealand,16.0,20.0,l,1358.6,1890.8,-532.1,0,0.0,0.8,0.2,0.8,2,0,0.0,1.0,-12.0,22.4,238,238,9,1,49,51,27.48,26.75,49,51,7.0,3.375,0.0,0.0,2,16,7,8,9,12,2,0,1,1,0,0,24,1,0,0,15.18095238095238,5.0476190476190474,0.0,0.0,16.549407114624508,5.1936758893280635,10.0,9.0,26.933333333333334,16.333333333333332,0.0,0.0,18.1,0.0,18.9
2019-07-27,rc,australia,argentina,16.0,10.0,w,1553.5,1357.0,196.4,0,0.0,0.0,nan,0.2,0,3,0.0,0.0,-18.0,-9.2,7,7,6,10,1,50,27.77,28.02,1,50,0.375,4.625,0.0,0.0,0,1,1,1,0,0,0,0,0,17,2,0,10,7,1,0,0.42857142857142855,11.39047619047619,0.0,0.0,0.5375494071146245,14.901185770750988,10.0,10.0,0.6666666666666666,24.333333333333332,1.0,0.0,16.0,0.0,10.6
2019-07-27,rc,new_zealand,south_africa,16.0,16.0,d,1892.4,1619.5,272.9,0,0.8,0.6,0.8,0.6,1,1,1.0,0.4,19.8,3.4,7,7,1,5,52,51,28.35,28.12,52,51,4.875,3.625,0.0,0.0,8,24,0,6,1,0,0,0,6,12,0,0,8,3,0,0,9.504761904761905,6.447619047619048,0.0,0.0,12.16600790513834,11.25296442687747,3.0,3.0,21.933333333333334,16.866666666666667,0.0,0.4,12.2,0.0,19.4
2019-08-10,rc,australia,new_zealand,47.0,26.0,w,1560.1,1884.9,-324.8,0,0.5,0.7,1.0,0.8,0,0,0.0,1.0,-6.0,12.2,14,14,6,1,2,53,27.21,28.05,2,53,0.625,3.125,0.0,0.0,0,2,2,0,0,0,1,0,13,9,0,2,0,0,1,0,0.7904761904761904,12.495238095238095,0.0,0.0,1.1660079051383399,13.557312252964428,11.0,9.0,1.2666666666666666,25.6,0.5,0.0,15.6,0.0,13.0
2019-08-10,rc,argentina,south_africa,13.0,46.0,l,1350.4,1626.9,-276.6,0,0.0,0.7,0.2,0.5,3,0,0.0,0.3,-8.2,3.6,14,14,10,5,51,52,27.52,28.16,51,52,3.75,3.625,0.0,0.0,3,1,7,0,11,8,0,0,1,13,1,0,9,4,1,0,14.095238095238095,6.4,0.0,0.0,17.50592885375494,12.25296442687747,10.0,12.0,26.933333333333334,17.6,0.0,0.4,18.8,0.0,15.3
2019-08-17,rc,new_zealand,australia,36.0,0.0,w,1840.7,1604.3,236.3,0,0.5,0.6666666666666666,0.7,0.0,0,1,1.0,0.5,7.8,3.0,7,7,1,6,54,3,28.01,27.44,54,3,0.625,1.0,0.0,0.0,2,1,1,0,1,0,0,0,1,0,3,0,1,1,2,0,8.257142857142858,1.4952380952380953,0.0,0.0,11.909090909090908,1.7865612648221343,10.0,14.0,21.333333333333332,2.066666666666667,0.4,0.3333333333333333,12.5,1.6,19.1
2019-08-17,rc,south_africa,argentina,24.0,18.0,w,1640.9,1336.4,304.5,0,0.7,0.0,0.6,0.2,0,4,0.3,0.0,9.6,-12.6,7,7,4,10,53,52,27.53,26.72,53,52,0.375,3.25,0.0,0.0,0,0,0,0,0,3,0,0,0,18,8,0,0,0,0,0,1.5904761904761904,5.076190476190476,0.0,0.0,2.766798418972332,9.691699604743082,0.0,5.0,9.266666666666667,16.666666666666668,0.6,0.0,25.8,0.0,7.1
2019-09-21,wc,new_zealand,south_africa,23.0,13.0,w,1854.8,1658.7,196.1,1,0.7,0.9,nan,nan,nan,nan,1.0,0.3,20.8,18.2,14,15,1,5,56,55,28.51,28.36,56,55,2.625,6.5,0.0,2.0,3,10,2,3,2,0,1,0,8,15,5,2,11,6,3,2,10.380952380952381,10.41904761904762,0.0,3.0,16.027667984189723,15.549407114624506,10.0,15.0,23.733333333333334,21.333333333333332,0.6,0.6,22.0,0.0,15.0
2019-09-29,wc,australia,wales,25.0,29.0,l,1621.5,1699.2,-77.7,1,0.8,0.4,nan,nan,nan,nan,0.3333333333333333,0.4,5.6,1.6,8,6,6,5,6,59,28.43,27.84,6,59,1.375,5.125,0.0,1.0,3,4,1,2,1,0,0,0,1,13,1,1,15,2,7,1,1.9047619047619047,12.266666666666667,0.0,1.0,3.1541501976284585,15.403162055335969,11.0,15.0,3.4,25.333333333333332,0.25,0.4,25.9,0.0,20.3
2019-10-04,wc,italy,south_africa,3.0,49.0,l,1357.1,1661.7,-304.6,1,0.6,0.8,nan,nan,nan,nan,0.6,0.3,14.2,23.4,8,6,14,5,56,57,28.24,28.41,56,57,3.125,6.0,0.0,0.0,8,4,3,0,10,0,0,0,1,17,6,1,12,7,4,0,9.047619047619047,10.876190476190477,1.0,0.0,11.434782608695652,15.470355731225297,12.0,5.0,20.2,23.533333333333335,0.2,0.4,22.7,0.0,24.1
2019-10-27,wc,south_africa,wales,19.0,16.0,w,1691.6,1730.8,-39.2,1,0.8,1.0,nan,nan,nan,nan,0.3,0.4,34.4,13.6,7,7,5,2,60,63,28.38,27.63,60,63,7.25,6.875,0.0,1.0,3,19,8,3,14,9,0,2,4,16,2,7,18,4,3,1,12.657142857142857,14.704761904761904,2.0,1.0,17.42292490118577,16.24110671936759,14.0,12.0,25.8,28.2,0.2,0.6,17.5,0.5,10.8
2019-11-01,wc,new_zealand,wales,40.0,17.0,w,1860.3,1715.6,144.7,1,0.8,0.8,nan,nan,nan,nan,1.0,0.4,31.0,7.2,6,5,1,3,61,64,28.62,27.36,61,64,1.625,1.75,0.0,0.0,4,1,1,0,5,0,2,0,1,6,0,6,1,0,0,0,14.019047619047619,5.695238095238095,0.0,0.0,13.34387351778656,13.272727272727273,8.0,6.0,29.133333333333333,18.466666666666665,0.6,0.6,17.1,0.0,26.2
2020-02-01,6n,ireland,scotland,19.0,12.0,w,1726.9,1559.8,167.1,0,nan,0.6,nan,0.3,0,0,nan,0.3,nan,18.2,nan,111,nan,9,0,60,27.69,27.08,0,60,0.0,0.75,0.0,0.0,0,0,0,0,0,0,0,0,0,1,0,0,3,0,2,0,0.0,4.761904761904762,0.0,0.0,0.0,8.565217391304348,nan,5.0,0.0,16.4,nan,0.2,9.6,0.0,31.0
2020-02-01,6n,wales,italy,42.0,0.0,w,1697.6,1347.1,350.5,0,0.6,0.4,0.8,0.0,1,6,0.4,0.4,1.8,-9.0,92,120,4,14,65,57,27.84,27.06,65,57,2.5,0.75,0.0,0.0,0,17,0,2,1,0,0,0,0,0,5,0,1,0,0,0,8.857142857142858,5.057142857142857,0.0,0.0,11.067193675889328,7.932806324110672,6.0,7.0,23.133333333333333,16.6,0.6,0.6,9.4,0.0,37.6
2020-02-02,6n,france,england,24.0,17.0,w,1528.2,1719.0,-190.8,0,nan,nan,nan,nan,0,0,nan,nan,nan,nan,nan,nan,nan,nan,0,0,24.97,27.13,0,0,0.0,0.0,0.0,0.0,0,0,0,0,0,0,0,0,0,0,0,0,0,0,0,0,0.0,0.0,0.0,0.0,0.0,0.0,nan,nan,0.0,0.0,nan,nan,15.1,0.0,21.4
2020-02-08,6n,scotland,england,6.0,13.0,l,1551.6,1693.0,-141.4,0,0.4,0.0,0.6,0.0,0,1,0.3,nan,11.4,-7.0,7,6,9,3,61,1,26.71,27.05,61,1,1.375,0.125,0.0,0.0,1,2,0,0,4,1,3,0,0,0,0,0,0,0,1,0,5.980952380952381,0.42857142857142855,0.0,0.0,9.671936758893281,0.6758893280632411,14.0,10.0,17.866666666666667,0.6666666666666666,0.0,0.0,7.0,0.0,34.2
2020-02-08,6n,ireland,wales,24.0,14.0,w,1735.2,1703.2,32.0,0,1.0,0.6,1.0,0.6,0,2,nan,0.4,7.0,7.8,7,7,5,4,1,1,28.09,27.37,1,66,0.5,3.75,0.0,0.0,1,1,0,0,1,0,1,0,1,18,1,3,2,0,4,1,0.7428571428571429,9.723809523809523,0.0,0.0,0.8300395256916996,12.126482213438734,13.0,14.0,0.8666666666666667,24.066666666666666,0.0,0.2,9.8,0.0,41.6
2020-02-09,6n,france,italy,35.0,22.0,w,1554.2,1341.5,212.7,0,1.0,0.4,1.0,0.0,0,7,1.0,0.4,7.0,-11.8,7,8,7,12,1,1,25.06,26.94,1,58,0.875,1.5,0.0,0.0,1,1,1,1,1,0,1,1,1,0,6,0,2,1,2,0,0.8666666666666667,6.542857142857143,0.0,0.0,0.9130434782608695,8.458498023715414,14.0,13.0,0.9333333333333333,17.066666666666666,0.0,0.4,11.8,1.1,38.8
2020-02-22,6n,wales,france,23.0,27.0,l,1685.6,1562.5,123.1,0,0.4,1.0,0.8,nan,0,0,0.4,1.0,1.4,10.0,14,13,4,6,2,2,27.85,24.95,67,2,6.25,1.25,0.0,0.0,2,19,0,4,19,1,5,0,2,2,2,2,2,0,0,0,12.933333333333334,1.7333333333333334,0.0,0.0,13.090909090909092,1.209486166007905,13.0,14.0,28.066666666666666,1.8666666666666667,0.2,0.0,9.7,0.4,38.8
2020-02-22,6n,italy,scotland,0.0,17.0,l,1333.2,1536.6,-203.3,0,0.4,0.4,0.2,0.3,0,1,0.4,0.3,-7.0,14.8,13,14,12,9,2,62,27.11,26.95,59,62,2.375,1.375,0.0,0.0,2,1,7,1,3,2,3,0,0,1,1,0,5,0,4,0,7.171428571428572,4.961904761904762,1.0,0.0,9.648221343873518,9.766798418972332,14.0,12.0,18.133333333333333,15.8,0.4,0.0,13.8,0.0,0.4
2020-02-23,6n,england,ireland,24.0,12.0,w,1708.0,1752.7,-44.6,0,0.5,1.0,nan,nan,0,0,nan,nan,0.0,8.5,15,15,3,5,2,2,27.36,27.99,2,2,0.75,1.0,0.0,0.0,1,1,1,1,1,1,0,0,2,0,1,0,2,1,2,0,1.2666666666666666,1.4952380952380953,0.0,0.0,1.3557312252964426,1.6600790513833992,11.0,14.0,1.6,1.7333333333333334,0.0,0.5,13.5,0.1,30.4
2020-03-07,6n,england,wales,33.0,30.0,w,1732.1,1663.0,69.0,0,0.6666666666666666,0.2,1.0,0.4,0,3,1.0,0.4,4.0,0.4,13,14,3,5,3,3,27.57,28.35,3,68,1.375,5.25,0.0,0.0,2,2,0,2,2,2,0,1,0,20,4,3,3,2,10,0,1.7142857142857142,13.19047619047619,0.0,0.0,1.9090909090909092,12.861660079051383,13.0,11.0,2.2666666666666666,28.866666666666667,0.0,0.0,11.7,0.0,18.8
2020-03-08,6n,scotland,france,28.0,17.0,w,1552.7,1585.1,-32.4,0,0.4,1.0,0.4,1.0,1,0,0.3,1.0,11.4,8.0,15,15,9,6,63,3,27.22,24.85,63,3,1.875,1.75,0.0,0.0,2,0,1,0,6,1,5,0,0,3,3,3,3,1,0,1,5.476190476190476,2.0,0.0,0.0,9.26086956521739,1.9604743083003953,12.0,13.0,16.4,2.466666666666667,0.0,0.6666666666666666,8.0,0.1,26.1
2020-10-11,rc,new_zealand,australia,16.0,16.0,d,1878.4,1608.7,269.7,0,0.8,0.6,0.7,0.0,0,2,1.0,0.2,33.6,8.8,345,358,3,6,62,10,26.9,26.6,62,10,1.375,0.0,0.0,0.0,0,3,2,0,6,0,0,0,0,0,0,0,0,0,0,0,6.980952380952381,0.780952380952381,0.0,0.0,11.268774703557312,2.324110671936759,6.0,2.0,20.0,2.933333333333333,0.6,0.0,14.7,0.8,44.6
2020-10-18,rc,new_zealand,australia,27.0,7.0,w,1871.0,1616.1,254.9,0,0.7,0.5,0.6,0.16666666666666666,0,0,1.0,0.3,21.0,5.2,7,7,2,7,1,1,27.01,26.47,63,11,1.625,0.5,0.0,0.0,0,0,3,0,7,3,0,0,0,1,0,0,1,1,1,0,6.438095238095238,1.4,0.0,0.0,12.15810276679842,2.9565217391304346,10.0,13.0,19.6,3.6,0.6,0.0,15.7,0.0,11.8
2020-10-24,6n,ireland,italy,50.0,17.0,w,1728.7,1317.1,411.5,0,0.6666666666666666,0.2,1.0,0.0,0,8,nan,0.2,1.6666666666666667,-15.4,244,245,4,13,3,3,28.08,26.17,3,60,0.5,1.25,0.0,0.0,0,0,0,0,3,1,0,0,0,0,8,0,0,0,2,0,1.2095238095238094,3.780952380952381,0.0,0.0,1.1383399209486167,4.984189723320158,9.0,10.0,1.9333333333333333,13.0,0.3333333333333333,0.6,11.9,0.1,18.1
2020-10-24,6n,france,wales,38.0,21.0,w,1562.6,1654.4,-91.8,0,0.75,0.2,1.0,0.2,0,4,1.0,0.2,3.25,0.4,230,231,5,6,4,4,25.91,27.98,4,69,3.0,4.5,1.0,0.0,3,4,4,4,4,1,2,2,1,8,2,0,19,0,6,0,3.361904761904762,9.257142857142858,1.0,0.0,2.7984189723320156,10.505928853754941,12.0,6.0,3.6666666666666665,25.333333333333332,1.25,0.0,14.8,0.0,27.8
2020-10-31,6n,england,italy,34.0,5.0,w,1740.7,1313.4,427.3,1,0.75,0.0,nan,nan,nan,nan,1.0,0.0,3.75,-30.2,238,7,3,14,4,4,26.66,25.91,4,61,0.125,1.75,0.0,0.0,1,0,0,0,0,0,0,0,1,1,9,1,1,1,0,0,1.380952380952381,4.457142857142857,0.0,0.0,1.391304347826087,6.086956521739131,8.0,14.0,2.4,13.6,0.75,0.6,15.6,0.0,4.7
2020-10-31,6n,france,ireland,35.0,27.0,w,1592.9,1732.4,-139.5,0,0.8,0.75,1.0,0.0,0,1,1.0,nan,6.0,9.5,7,7,6,4,5,4,25.76,28.18,5,4,3.5,1.5,0.0,1.0,4,5,5,5,5,2,0,2,1,1,1,1,4,2,1,1,4.20952380952381,2.1523809523809523,1.0,0.0,3.494071146245059,1.9960474308300395,14.0,14.0,4.6,2.933333333333333,1.0,0.5,15.9,0.1,20.5
2020-10-31,rc,australia,new_zealand,5.0,43.0,l,1608.5,1878.7,-270.2,0,0.5,0.7,1.0,0.6,0,1,0.1,1.0,2.0,12.6,13,13,5,2,2,2,25.79,27.1,12,64,0.5,2.125,0.0,0.0,0,2,1,1,0,0,0,0,0,4,0,0,8,4,1,0,1.4666666666666666,6.647619047619048,0.0,0.0,2.6877470355731226,11.952569169960475,10.0,12.0,4.133333333333334,20.4,0.0,0.2,22.9,0.1,16.9
2020-10-31,6n,wales,scotland,10.0,14.0,l,1624.1,1584.3,39.8,0,0.2,0.6,0.6,0.5,1,0,0.2,0.4,1.6,11.0,7,8,7,8,5,65,28.15,27.3,70,65,2.625,2.25,0.0,0.0,0,0,0,0,20,1,0,0,4,3,0,0,11,0,0,0,7.885714285714286,6.6380952380952385,0.0,0.0,9.849802371541502,8.924901185770752,8.0,11.0,23.733333333333334,19.666666666666668,0.0,0.0,12.3,0.5,33.5
2020-11-07,rc,australia,new_zealand,24.0,22.0,w,1593.5,1893.7,-300.2,0,0.3,0.7,0.75,0.6,1,0,0.1,1.0,-12.6,13.8,7,7,6,2,3,3,25.23,26.25,13,65,0.125,3.125,0.0,0.0,1,0,0,0,0,0,0,0,1,11,0,1,10,2,0,0,1.7142857142857142,6.695238095238095,0.0,0.0,2.705627705627706,9.059288537549406,9.0,7.0,4.666666666666667,19.666666666666668,0.2,0.4,21.1,0.0,11.4
2020-11-13,tour,ireland,wales,32.0,9.0,w,1707.0,1603.9,103.2,0,0.6,0.0,1.0,0.0,0,5,nan,0.2,6.0,-7.6,13,13,4,7,5,6,28.19,28.32,5,71,0.0,3.5,0.0,0.0,0,0,0,0,0,0,0,0,1,1,0,1,21,2,1,1,1.0095238095238095,10.342857142857143,0.0,0.0,1.7075098814229248,14.513833992094861,8.0,14.0,2.3333333333333335,26.666666666666668,0.6,0.0,8.6,0.0,14.0
2020-11-14,eoyt,italy,scotland,17.0,28.0,l,1308.9,1604.5,-295.6,0,0.0,0.8,0.2,0.6,1,0,0.0,0.4,-26.8,13.2,14,14,14,8,5,66,25.58,27.5,62,66,2.375,0.75,0.0,0.0,2,2,10,2,2,0,0,1,1,4,1,0,0,0,0,0,4.076190476190476,5.561904761904762,0.0,0.0,6.071146245059288,6.8023715415019765,13.0,11.0,11.866666666666667,17.6,0.4,0.0,17.5,0.0,4.7
2020-11-14,tour,argentina,new_zealand,25.0,15.0,w,1393.1,1878.2,-485.1,1,0.4,0.7,nan,nan,nan,nan,0.4,1.0,1.8,15.8,402,7,10,2,57,4,26.91,27.21,57,66,3.625,3.125,0.0,0.0,0,15,0,1,13,0,0,0,0,5,4,0,9,5,2,0,6.6380952380952385,9.771428571428572,0.0,0.0,9.731225296442688,12.185770750988143,9.0,6.0,20.066666666666666,24.533333333333335,0.4,1.0,21.9,0.0,11.2
2020-11-21,,england,ireland,18.0,7.0,w,1748.5,1724.1,24.4,0,1.0,0.6,1.0,0.0,0,2,1.0,nan,18.2,9.2,7,8,3,5,6,6,27.1,28.1,6,6,1.0,0.375,0.0,0.0,2,0,1,0,2,1,2,0,1,1,0,1,0,0,0,0,2.619047619047619,1.2095238095238094,0.0,0.0,3.1067193675889326,2.2885375494071147,11.0,11.0,4.0,2.6666666666666665,0.8,0.6,12.6,0.0,21.4
2020-11-21,rc,australia,argentina,15.0,15.0,d,1608.9,1430.2,178.8,0,0.3,0.6,0.8,0.0,0,5,0.3,0.6,-16.0,5.0,14,7,6,10,4,58,25.32,26.97,14,58,1.0,3.75,0.0,0.0,0,1,2,1,1,1,1,1,1,16,1,2,8,1,1,0,2.257142857142857,7.161904761904762,0.0,0.0,3.54978354978355,9.853754940711463,12.0,14.0,5.333333333333333,20.333333333333332,0.8,0.4,19.9,0.0,6.5
2020-11-22,eoyt,scotland,france,15.0,22.0,l,1613.5,1618.2,-4.7,0,1.0,0.8,0.8,0.5,0,1,0.4,1.0,16.8,6.2,8,22,7,5,67,6,27.61,25.38,67,6,1.0,0.0,0.0,0.0,0,5,1,0,1,1,0,0,0,0,0,0,0,0,0,0,5.180952380952381,1.276190476190476,0.0,0.0,8.146245059288537,3.3794466403162056,10.0,7.0,17.466666666666665,2.8666666666666667,0.0,1.2,6.2,0.0,21.1
2020-11-28,eoyt,wales,england,13.0,24.0,l,1593.1,1767.2,-174.2,0,0.2,1.0,0.4,0.5,0,0,0.0,1.0,-5.8,19.0,7,7,9,2,8,7,27.15,27.34,73,7,2.625,1.625,0.0,0.0,0,21,0,0,0,0,0,0,3,1,2,1,3,0,3,0,4.838095238095238,3.742857142857143,0.0,0.0,7.976284584980237,3.8063241106719365,7.0,14.0,18.466666666666665,5.133333333333334,0.0,0.8,10.4,0.0,15.5
2020-11-28,tour,france,italy,36.0,5.0,w,1642.2,1300.0,342.2,0,0.8,0.0,1.0,0.0,0,9,1.0,0.0,5.0,-20.6,6,14,4,14,7,6,25.03,25.19,7,63,0.0,1.25,0.0,0.0,0,0,0,0,0,0,0,0,3,3,0,0,3,1,0,0,0.009523809523809525,2.6666666666666665,0.0,0.0,0.14624505928853754,4.758893280632411,2.0,12.0,0.4,9.733333333333333,1.2,0.4,5.2,0.0,10.7
2020-11-28,tour,argentina,new_zealand,0.0,38.0,l,1436.1,1841.2,-405.1,1,0.7,0.5,nan,nan,nan,nan,0.7,1.0,5.4,9.2,7,14,8,2,59,5,26.32,27.31,59,67,0.5,4.625,0.0,0.0,1,0,0,0,1,1,1,0,5,12,1,0,10,6,3,0,6.9523809523809526,11.047619047619047,0.0,0.0,10.960474308300395,15.098814229249012,5.0,12.0,20.733333333333334,26.2,0.6,1.0,28.7,0.0,16.4
2020-12-05,tour,ireland,scotland,31.0,16.0,w,1708.2,1589.5,118.7,0,0.6,0.8,1.0,0.8,0,0,0.0,0.4,10.0,12.0,6,13,5,7,8,68,28.43,27.97,8,68,2.0,1.625,0.0,0.0,2,3,1,1,5,3,1,0,5,6,0,1,0,0,1,0,3.4857142857142858,5.123809523809523,0.0,0.0,3.8181818181818183,7.316205533596838,9.0,9.0,5.333333333333333,16.8,0.4,0.0,7.4,0.2,19.6
2020-12-05,rc,australia,argentina,16.0,16.0,d,1603.0,1430.6,172.4,0,0.4,0.5,0.7,0.1,0,0,0.3,0.5,-11.2,-5.4,14,7,6,8,5,60,25.81,26.65,15,60,1.125,2.5,0.0,0.0,0,2,3,2,2,0,0,0,2,2,0,0,2,14,0,0,3.380952380952381,6.419047619047619,0.0,0.0,4.478260869565218,7.102766798418973,13.0,7.0,6.733333333333333,19.466666666666665,0.8,0.6,24.0,0.0,21.2
2020-12-05,eoyt,wales,italy,38.0,18.0,w,1577.3,1294.6,282.8,0,0.2,0.0,0.4,0.0,1,10,0.0,0.0,-7.4,-24.2,7,7,9,14,9,7,27.37,25.38,74,64,0.375,1.5,0.0,0.0,0,2,0,0,1,0,0,0,4,4,1,1,0,2,0,0,7.3428571428571425,2.4571428571428573,0.0,0.0,9.91304347826087,5.189723320158103,5.0,13.0,23.2,8.6,0.0,0.6,5.4,0.0,16.8
2020-12-06,,england,france,22.0,19.0,w,1782.9,1647.6,135.4,0,1.0,0.8,1.0,0.6666666666666666,0,0,1.0,1.0,18.8,10.4,8,8,2,4,8,8,27.16,24.69,8,8,2.25,0.125,1.0,0.0,4,2,3,2,4,1,1,1,0,1,0,0,0,0,0,0,4.295238095238095,0.34285714285714286,0.0,0.0,4.055335968379446,0.5889328063241107,14.0,9.0,5.866666666666666,0.6666666666666666,0.8,0.8,5.2,0.0,8.7
2021-02-06,6n,england,scotland,6.0,11.0,l,1789.4,1575.6,213.7,0,1.0,0.6,1.0,0.6,0,1,1.0,0.4,18.8,6.8,62,63,2,7,9,69,27.45,27.76,9,69,1.25,2.625,0.0,0.0,1,1,0,1,3,2,2,0,0,7,2,0,12,0,0,0,3.038095238095238,7.485714285714286,0.0,0.0,3.7984189723320156,7.24901185770751,10.0,10.0,5.266666666666667,21.466666666666665,0.2,0.2,7.2,0.3,8.1
2021-02-06,6n,italy,france,10.0,50.0,l,1288.0,1641.2,-353.2,0,0.0,0.8,0.2,0.5,2,1,0.0,0.8,-24.8,12.0,63,62,14,4,8,9,25.0,25.83,65,9,0.25,2.5,0.0,0.0,0,0,0,0,1,0,1,0,5,6,1,6,1,0,1,0,0.9904761904761905,3.0285714285714285,0.0,0.0,3.4782608695652173,3.0,9.0,3.0,5.2,5.066666666666666,0.4,0.2,9.0,0.0,4.5
2021-02-07,6n,wales,ireland,21.0,16.0,w,1583.9,1722.0,-138.1,0,0.4,0.6,0.4,0.0,0,3,0.0,0.0,0.0,6.4,64,64,9,5,10,9,28.6,28.57,75,9,2.25,2.0,0.0,0.0,5,7,2,0,4,0,0,0,3,2,2,2,6,0,1,0,10.114285714285714,3.2095238095238097,0.0,0.0,11.569169960474309,3.644268774703557,6.0,11.0,27.533333333333335,5.466666666666667,0.2,0.2,2.3,0.0,29.0
2021-02-13,6n,england,italy,41.0,18.0,w,1762.3,1278.0,484.3,0,0.8,0.0,0.8,0.0,1,11,1.0,0.0,12.0,-26.2,7,7,2,14,10,9,27.44,25.23,10,66,1.5,0.875,0.0,0.0,0,2,0,0,5,2,3,0,0,1,1,1,2,0,2,0,4.114285714285714,2.4095238095238094,0.0,0.0,5.5810276679841895,5.387351778656127,10.0,13.0,6.466666666666667,10.0,0.2,0.4,-0.8,0.0,19.9
2021-02-13,6n,scotland,wales,24.0,25.0,l,1602.7,1604.5,-1.8,0,0.6,0.6,0.6,0.0,1,6,0.6,0.2,-0.4,1.8,7,6,7,9,70,11,27.85,28.07,70,76,3.25,5.0,0.0,0.0,1,8,0,1,13,1,2,0,6,8,3,1,22,0,0,0,7.123809523809523,11.704761904761904,0.0,0.0,7.264822134387352,11.359683794466402,12.0,10.0,20.333333333333332,29.333333333333332,0.4,0.2,-1.1,0.1,10.0
2021-02-14,6n,ireland,france,13.0,15.0,l,1701.4,1651.2,50.3,0,0.6,0.8,1.0,0.6,0,0,0.0,0.8,7.0,16.6,7,8,5,4,10,10,27.59,26.34,10,10,0.75,3.0,0.0,0.0,4,0,0,0,0,0,2,0,6,7,0,7,2,1,0,1,2.238095238095238,3.4,0.0,0.0,3.0513833992094863,3.7430830039525693,11.0,13.0,4.8,5.666666666666667,0.4,0.2,12.3,0.8,29.9
2021-02-27,6n,wales,england,40.0,24.0,w,1612.6,1764.5,-151.9,0,0.8,0.8,0.6,0.6666666666666666,0,0,0.2,1.0,6.6,8.6,14,14,8,3,12,11,28.6,27.26,77,11,2.5,3.0,0.0,0.0,7,9,1,2,0,0,1,0,5,3,1,2,6,3,4,0,14.761904761904763,5.714285714285714,0.0,0.0,14.355731225296443,6.106719367588933,10.0,13.0,32.666666666666664,7.933333333333334,0.2,0.2,9.6,0.0,5.0
2021-02-27,6n,italy,ireland,10.0,48.0,l,1275.8,1687.4,-411.6,0,0.0,0.4,0.2,0.0,3,4,0.0,0.0,-25.0,2.0,14,13,14,5,10,11,25.77,27.79,67,11,1.375,0.875,0.0,0.0,1,2,2,2,0,1,3,0,0,4,1,0,1,1,0,0,3.2666666666666666,2.104761904761905,0.0,0.0,5.8142292490118574,3.8063241106719365,14.0,8.0,11.133333333333333,5.0,0.2,0.4,17.3,0.0,20.3
2021-03-13,6n,england,france,23.0,20.0,w,1731.1,1665.2,65.9,0,0.6,0.8,0.8,0.6,0,0,1.0,0.8,3.2,15.4,14,27,3,4,12,11,27.37,25.93,12,11,1.875,1.625,0.0,0.0,1,1,2,0,7,4,0,0,7,0,2,0,3,1,0,0,4.533333333333333,3.8476190476190477,0.0,0.0,7.300395256916996,4.264822134387352,12.0,11.0,7.4,6.266666666666667,0.2,0.2,8.3,0.4,27.8
2021-03-13,6n,italy,wales,7.0,48.0,l,1268.6,1645.9,-377.3,0,0.0,0.8,0.2,0.2,4,0,0.0,0.4,-30.4,6.2,14,14,14,7,11,13,25.78,28.85,68,78,1.625,5.75,0.0,0.0,5,0,3,0,3,2,0,0,8,9,2,1,23,1,2,0,3.8095238095238093,17.590476190476192,0.0,0.0,6.403162055335969,17.509881422924902,10.0,13.0,11.066666666666666,35.733333333333334,0.6,0.2,15.9,0.0,0.8
2021-03-14,6n,scotland,ireland,24.0,27.0,l,1594.6,1694.6,-100.0,0,0.4,0.6,0.4,0.2,2,0,0.4,0.0,-1.4,11.8,29,15,7,6,71,12,28.21,28.26,71,12,3.875,2.375,0.0,0.0,0,9,3,2,14,2,1,0,3,5,2,2,2,2,3,0,9.428571428571429,4.104761904761904,0.0,0.0,10.189723320158103,5.16600790513834,11.0,12.0,24.466666666666665,7.066666666666666,0.8,0.4,6.4,0.0,19.7
2021-03-20,6n,ireland,england,32.0,18.0,w,1706.3,1739.9,-33.6,0,0.6,0.6,0.8,0.5,1,1,0.0,1.0,9.8,1.6,6,7,7,4,13,13,28.72,27.05,13,13,1.75,2.625,0.0,0.0,0,1,0,0,7,4,2,0,2,2,3,1,8,0,5,0,3.7523809523809524,5.723809523809524,0.0,0.0,5.980237154150197,7.213438735177865,9.0,13.0,7.0,8.666666666666666,0.4,0.2,11.2,0.0,14.2
2021-03-20,6n,france,wales,32.0,30.0,w,1656.4,1654.8,1.6,0,0.6,1.0,1.0,0.4,0,0,0.6,0.4,13.4,16.6,7,7,3,5,12,14,26.06,28.6,12,79,2.625,6.75,1.0,0.0,8,1,3,1,4,2,1,1,9,10,3,3,24,2,3,0,4.847619047619047,18.80952380952381,1.0,2.0,5.351778656126482,17.794466403162055,15.0,14.0,7.266666666666667,36.8,0.2,0.2,3.0,0.0,9.7
2021-03-20,6n,scotland,italy,52.0,10.0,w,1582.9,1259.8,323.1,0,0.2,0.0,0.4,0.0,3,12,0.2,0.0,-4.2,-32.4,6,7,8,15,72,12,27.69,25.13,72,69,0.625,1.0,0.0,0.0,0,1,4,0,0,0,0,0,0,0,4,0,4,0,0,0,5.647619047619048,2.942857142857143,0.0,0.0,7.909090909090909,6.533596837944664,8.0,11.0,18.533333333333335,10.466666666666667,0.8,0.8,11.5,0.0,26.4
2021-03-26,6n,france,scotland,23.0,27.0,l,1665.5,1589.4,76.1,0,0.6,0.4,1.0,0.8,0,0,0.6,0.2,7.6,5.6,6,6,4,9,13,73,26.51,27.86,13,73,2.375,3.375,0.0,0.0,9,0,1,0,6,3,0,0,2,2,2,0,15,3,3,0,4.933333333333334,7.666666666666667,0.0,0.0,6.003952569169961,9.529644268774703,10.0,10.0,7.666666666666667,21.466666666666665,0.8,0.8,10.4,0.2,22.3
2021-07-07,tour,australia,france,23.0,21.0,w,1597.1,1644.1,-47.0,0,0.4,0.6,0.6,0.6,0,1,0.3,0.6,-11.2,7.4,214,103,6,3,6,14,25.43,25.13,16,14,1.125,0.0,0.0,0.0,2,3,0,2,0,0,2,0,0,0,0,0,0,0,0,0,2.5619047619047617,0.42857142857142855,0.0,0.0,3.015810276679842,1.1067193675889329,8.0,3.0,6.0,2.3333333333333335,1.4,1.0,12.5,0.0,7.1
2021-07-10,tour,wales,argentina,20.0,20.0,d,1654.8,1462.3,192.6,0,0.8,0.6,0.8,0.4,0,0,0.4,0.6,22.4,-4.2,7,7,6,9,16,62,26.6,28.07,81,62,1.0,3.5,0.0,0.0,2,1,1,1,2,1,0,0,3,0,0,0,15,10,0,0,2.0761904761904764,10.447619047619048,0.0,0.0,4.521739130434782,13.786561264822135,12.0,9.0,11.533333333333333,25.6,0.4,0.8,16.9,0.3,7.4
2021-07-13,tour,australia,france,26.0,28.0,l,1607.5,1633.8,-26.3,0,0.6,0.4,0.6,0.4,0,2,0.5,0.6,-6.8,-1.0,6,6,7,5,7,15,25.45,25.36,17,15,1.875,0.375,1.0,0.0,1,4,1,3,1,1,3,1,0,0,0,0,1,1,1,0,3.3047619047619046,0.6857142857142857,0.0,0.0,4.015810276679842,1.5533596837944663,14.0,10.0,6.533333333333333,2.4,1.4,1.0,11.3,0.0,18.7
2021-07-17,tour,australia,france,33.0,30.0,w,1595.6,1645.7,-50.1,0,0.6,0.4,0.6,0.6,1,0,0.4,0.6,0.4,-1.0,4,4,7,6,8,16,25.86,25.4,18,16,0.625,0.0,0.0,0.0,3,0,0,0,0,0,2,0,0,0,0,0,0,0,0,0,2.4380952380952383,0.8476190476190476,0.0,0.0,4.9644268774703555,1.6245059288537549,8.0,8.0,6.6,3.4,1.2,0.8,14.8,0.0,19.2
2021-07-17,tour,wales,argentina,11.0,33.0,l,1648.6,1468.5,180.1,0,0.7,0.5,0.9,0.5,0,0,0.4,0.5,22.2,-6.2,7,7,6,9,17,63,26.78,28.34,82,63,0.25,2.875,0.0,0.0,0,2,0,0,0,0,0,0,4,1,1,1,16,0,0,0,1.3142857142857143,10.876190476190477,0.0,0.0,3.4071146245059287,13.660079051383399,8.0,13.0,9.8,25.733333333333334,0.6,1.4,27.0,0.0,6.5
2021-08-07,rc,new_zealand,australia,33.0,25.0,w,1857.6,1608.8,248.9,0,0.8,0.6,0.9,0.125,0,1,1.0,0.6,42.2,0.6,21,21,2,5,9,9,27.83,25.26,71,19,5.625,1.125,0.0,0.0,2,28,0,2,12,1,0,0,4,1,2,0,1,1,0,0,7.104761904761904,2.7523809523809524,0.0,0.0,12.012987012987013,5.252964426877471,12.0,11.0,21.866666666666667,6.6,0.4,1.0,13.1,0.0,25.9
2021-08-14,rc,new_zealand,australia,57.0,22.0,w,1863.3,1603.1,260.3,0,1.0,0.5,1.0,0.1,0,2,1.0,0.6,45.8,-1.0,7,7,2,6,10,10,27.64,26.22,72,20,6.375,1.125,0.0,0.0,3,29,1,3,13,0,1,1,5,0,0,0,2,2,0,0,6.933333333333334,3.6,0.0,0.0,12.118577075098814,6.762845849802371,14.0,11.0,21.066666666666666,7.733333333333333,0.4,1.0,13.2,0.0,24.0
2021-08-14,rc,south_africa,argentina,32.0,12.0,w,1730.9,1514.8,216.1,0,0.8,0.6,0.8,0.7,0,0,0.5,0.6,13.4,-1.8,7,28,1,9,4,64,28.17,28.42,66,64,3.0,2.0,0.0,0.0,0,22,0,0,2,0,0,0,5,2,2,2,3,1,1,0,3.0,10.80952380952381,0.0,0.0,5.528138528138528,13.802371541501977,5.0,14.0,14.533333333333333,25.533333333333335,0.2,1.2,15.0,0.0,26.0
2021-08-21,rc,south_africa,argentina,29.0,10.0,w,1740.3,1505.4,234.9,0,0.8,0.6,0.8,0.6,0,1,0.5,0.6,13.4,1.8,7,7,1,7,5,65,28.43,27.04,67,65,3.375,2.25,0.0,0.0,0,0,1,0,2,14,10,0,6,12,0,0,0,0,0,0,6.504761904761905,6.647619047619048,0.0,0.0,10.411067193675889,11.102766798418973,4.0,9.0,19.133333333333333,20.733333333333334,0.2,1.2,15.3,0.0,23.2
2021-09-05,rc,australia,new_zealand,21.0,38.0,l,1594.3,1872.1,-277.8,0,0.4,1.0,0.6,0.6,0,1,0.4,1.0,-8.0,45.2,22,22,6,2,11,11,25.9,27.25,21,73,0.875,1.0,0.0,0.0,1,1,1,0,3,0,1,0,4,2,2,0,0,0,0,0,3.1809523809523808,5.6571428571428575,0.0,0.0,5.106719367588933,9.940711462450594,12.0,10.0,7.8,19.066666666666666,0.4,0.4,20.4,0.0,11.0
2021-09-12,rc,australia,south_africa,28.0,26.0,w,1582.9,1748.7,-165.8,0,0.2,0.8,0.5,0.7,1,0,0.2,0.5,-11.8,11.0,7,22,6,1,12,6,26.65,28.84,22,68,0.5,8.625,0.0,0.0,0,0,2,0,0,0,2,0,3,23,0,5,18,15,1,4,2.8095238095238093,14.2,0.0,2.0,5.031620553359684,14.57312252964427,12.0,8.0,7.733333333333333,28.066666666666666,0.4,0.0,18.3,0.0,8.7
2021-09-12,rc,argentina,new_zealand,0.0,39.0,l,1497.0,1883.5,-386.5,1,0.5,1.0,nan,nan,nan,nan,0.5,1.0,-2.0,28.2,22,7,6,2,66,12,27.43,26.62,66,74,5.25,2.125,0.0,0.0,0,17,2,3,9,11,0,0,0,3,1,0,11,1,1,0,10.561904761904762,4.095238095238095,0.0,0.0,13.743083003952568,6.913043478260869,8.0,9.0,26.466666666666665,16.533333333333335,1.2,0.8,20.8,0.0,15.5
2021-09-18,rc,australia,south_africa,30.0,17.0,w,1596.1,1735.4,-139.3,0,0.4,0.8,0.6,0.5,0,1,0.4,0.5,-11.0,11.6,6,6,7,1,13,7,26.63,29.12,23,69,1.25,4.75,0.0,0.0,1,1,3,1,0,1,3,0,0,0,1,0,19,16,2,0,3.8476190476190477,12.971428571428572,0.0,0.0,5.4189723320158105,15.304347826086957,12.0,13.0,9.266666666666667,26.6,0.8,0.4,21.3,0.0,17.1
2021-09-18,rc,argentina,new_zealand,13.0,36.0,l,1490.9,1889.6,-398.7,1,0.3,1.0,nan,nan,nan,nan,0.3,1.0,-11.2,29.2,6,6,6,2,67,13,26.63,26.52,67,75,1.75,0.125,0.0,0.0,1,13,0,0,0,0,0,0,0,1,0,0,0,0,0,0,4.876190476190477,2.1809523809523808,0.0,0.0,10.932806324110672,8.660079051383399,9.0,4.0,18.333333333333332,12.4,1.4,0.6,18.5,0.0,15.7
2021-09-25,rc,australia,argentina,27.0,8.0,w,1626.5,1486.0,140.5,0,0.4,0.2,0.6,0.5,0,2,0.4,0.2,-9.0,-15.8,7,7,5,7,14,68,26.82,25.35,24,68,1.125,2.75,0.0,1.0,2,2,0,2,1,2,0,0,2,14,1,1,1,1,1,1,3.914285714285714,5.876190476190477,0.0,1.0,5.723320158102767,8.794466403162055,13.0,15.0,9.533333333333333,19.333333333333332,0.6,0.8,21.9,0.0,5.0
2021-09-25,rc,new_zealand,south_africa,19.0,17.0,w,1894.5,1705.0,189.5,1,1.0,0.6,nan,nan,nan,nan,1.0,0.5,24.4,5.4,7,7,2,1,14,8,27.47,29.85,76,70,3.0,9.5,0.0,0.0,4,4,0,1,12,2,1,0,1,24,0,6,20,17,3,5,7.523809523809524,13.780952380952382,0.0,1.0,12.41501976284585,18.675889328063242,8.0,13.0,22.6,28.066666666666666,0.6,0.8,24.1,0.0,13.1
2021-10-02,rc,new_zealand,south_africa,29.0,31.0,l,1899.6,1699.9,199.7,1,1.0,0.4,nan,nan,nan,nan,1.0,0.5,23.2,4.4,7,7,1,2,15,9,27.84,29.67,77,71,1.75,10.5,0.0,1.0,5,5,1,0,1,1,1,0,2,25,1,7,21,18,4,6,8.857142857142858,12.695238095238095,0.0,0.0,14.715415019762846,17.786561264822133,11.0,14.0,24.2,27.2,0.6,1.0,17.6,0.0,11.8
2021-10-30,eoyt,wales,new_zealand,16.0,54.0,l,1602.3,1889.3,-287.0,0,0.5,0.8,0.7,0.6,1,0,0.4,1.0,14.6,30.4,105,7,7,2,18,17,27.94,27.48,83,79,1.625,7.0,0.0,0.0,0,11,0,0,2,0,0,0,6,30,0,4,13,2,1,0,5.6571428571428575,10.371428571428572,0.0,0.0,8.213438735177865,13.355731225296443,4.0,3.0,21.0,27.533333333333335,0.8,0.0,11.0,0.0,18.1
2021-11-06,eoyt,france,argentina,29.0,20.0,w,1632.5,1451.7,180.8,0,0.4,0.0,0.8,0.2,1,4,0.6,0.0,-1.0,-23.0,112,35,6,8,17,70,25.84,26.97,17,70,2.125,3.125,0.0,0.0,10,0,0,0,5,0,2,0,0,23,1,1,0,0,0,0,3.447619047619048,10.533333333333333,0.0,0.0,4.154150197628459,12.924901185770752,4.0,7.0,7.6,26.933333333333334,0.8,1.2,7.5,0.0,10.7
2021-11-06,eoyt,wales,south_africa,18.0,23.0,l,1588.5,1715.2,-126.8,0,0.3,0.4,0.5,0.5,2,2,0.4,0.6,-1.2,0.8,7,35,9,2,19,10,27.45,29.54,84,72,1.0,7.25,0.0,0.0,2,0,0,0,5,1,0,0,3,26,2,8,0,19,0,0,4.142857142857143,9.647619047619047,0.0,0.0,8.023715415019764,17.221343873517785,9.0,12.0,17.933333333333334,25.066666666666666,0.8,1.0,12.3,0.3,32.4
2021-11-06,eoyt,italy,new_zealand,9.0,47.0,l,1253.3,1903.1,-649.8,0,0.0,0.8,0.0,0.8,5,0,0.0,1.0,-36.8,30.2,231,7,15,2,13,18,25.9,26.48,70,80,0.75,0.25,0.0,0.0,0,0,0,0,5,1,0,0,0,0,0,0,1,1,0,0,1.9714285714285715,1.9047619047619047,0.0,0.0,5.462450592885376,5.75494071146245,9.0,0.0,8.533333333333333,11.733333333333333,1.4,0.2,14.7,0.0,16.6
2021-11-07,eoyt,scotland,australia,15.0,13.0,w,1621.6,1660.8,-39.2,0,0.6,0.8,0.4,0.1,0,3,0.4,0.4,17.6,6.4,8,5,7,3,75,16,27.06,26.77,75,26,4.25,1.625,0.0,0.0,1,3,6,0,16,4,4,0,2,7,1,0,3,0,0,0,8.361904761904762,3.933333333333333,0.0,0.0,7.58498023715415,5.557312252964427,9.0,9.0,22.6,10.266666666666667,1.2,0.6,9.7,0.0,30.4
2021-11-13,tour,england,australia,32.0,15.0,w,1731.3,1650.6,80.7,0,0.8,0.8,1.0,0.1,0,4,1.0,0.4,25.0,9.4,7,6,4,3,17,17,26.74,27.0,17,27,1.125,2.0,0.0,0.0,0,5,3,1,0,0,0,0,0,8,2,1,4,1,0,0,5.038095238095238,3.8857142857142857,0.0,0.0,4.118577075098814,4.442687747035573,12.0,13.0,9.2,10.066666666666666,0.2,0.8,12.3,0.0,9.1
2021-11-13,eoyt,ireland,new_zealand,29.0,20.0,w,1745.4,1904.9,-159.5,0,1.0,0.8,0.8,0.8,0,0,0.5,1.0,28.2,33.2,7,7,5,1,17,19,29.36,27.78,17,81,2.125,7.25,0.0,0.0,1,6,1,0,4,3,2,0,7,31,1,5,14,0,0,0,4.419047619047619,11.58095238095238,1.0,1.0,6.8142292490118574,15.102766798418973,14.0,1.0,8.6,28.933333333333334,0.6,0.2,12.8,0.0,8.0
2021-11-13,eoyt,scotland,south_africa,15.0,30.0,l,1631.7,1729.0,-97.3,0,0.8,0.4,0.6,0.6,0,0,0.6,0.6,18.2,-2.0,6,7,7,2,76,11,27.35,29.94,76,73,2.625,3.625,0.0,0.0,0,4,0,0,17,0,0,0,4,19,3,1,2,0,0,0,5.942857142857143,11.095238095238095,0.0,0.0,8.695652173913043,19.450592885375492,11.0,12.0,20.533333333333335,27.266666666666666,0.8,1.2,10.5,0.0,7.8
2021-11-13,eoyt,italy,argentina,16.0,37.0,l,1251.4,1443.2,-191.8,0,0.0,0.0,0.0,0.0,6,5,0.0,0.0,-36.4,-21.0,7,7,14,8,1,71,25.68,27.1,71,71,0.875,0.5,0.0,0.0,0,1,0,0,6,0,0,0,1,1,0,0,1,1,0,0,2.7142857142857144,9.209523809523809,0.0,0.0,4.683794466403162,11.8300395256917,10.0,13.0,10.333333333333334,25.4,1.4,1.0,13.0,0.0,1.4
2021-11-20,tour,england,south_africa,27.0,26.0,w,1748.5,1752.7,-4.2,0,0.8,0.6,1.0,0.6,0,0,1.0,0.6,27.8,1.4,7,7,4,2,18,12,26.27,29.96,18,74,1.375,8.625,0.0,0.0,0,6,4,0,1,0,0,0,5,27,4,9,3,20,1,0,4.019047619047619,13.647619047619047,0.0,0.0,4.019762845849803,20.450592885375492,13.0,12.0,8.4,29.533333333333335,0.2,0.8,10.5,0.0,11.9
2021-11-20,eoyt,france,new_zealand,40.0,25.0,w,1645.9,1877.5,-231.6,0,0.6,0.6,0.8,0.8,0,1,0.6,1.0,6.4,31.0,6,7,6,1,19,20,25.88,28.1,19,82,1.25,7.125,0.0,0.0,0,0,0,0,7,0,3,0,6,32,2,0,14,1,2,0,3.5238095238095237,11.685714285714285,0.0,0.0,5.229249011857707,13.059288537549406,10.0,8.0,8.2,30.733333333333334,0.2,0.4,7.3,0.0,4.8
2021-11-20,eoyt,wales,australia,29.0,28.0,w,1586.8,1633.5,-46.6,0,0.3,0.6,0.3,0.0,0,5,0.4,0.4,-10.0,5.6,6,7,9,3,21,18,27.27,26.99,86,28,1.5,2.0,0.0,0.0,1,0,1,0,6,0,4,0,0,9,0,0,5,2,0,0,5.419047619047619,3.3047619047619046,0.0,0.0,9.075098814229248,5.660079051383399,8.0,11.0,20.2,9.266666666666667,0.6,1.2,10.5,0.0,9.5
2021-11-21,eoyt,ireland,argentina,53.0,7.0,w,1772.9,1461.3,311.5,0,1.0,0.2,1.0,0.2,0,0,0.6666666666666666,0.0,29.4,-9.0,8,8,5,8,18,72,26.94,27.2,18,72,1.0,3.75,0.0,0.0,2,4,2,0,0,0,0,0,2,24,0,0,2,2,0,0,4.019047619047619,10.057142857142857,0.0,0.0,4.4940711462450595,12.063241106719367,9.0,12.0,8.666666666666666,26.066666666666666,0.6,0.6,8.3,0.0,24.8
2022-02-05,6n,scotland,england,20.0,17.0,w,1614.2,1754.3,-140.1,0,0.8,1.0,0.8,0.4,0,2,0.4,1.0,9.2,30.8,77,77,7,3,78,19,28.02,26.94,78,19,7.0,0.25,0.0,0.0,3,15,7,0,19,6,6,0,0,0,0,0,2,0,0,0,12.895238095238096,2.6476190476190475,3.0,0.0,12.339920948616601,4.83399209486166,12.0,8.0,28.866666666666667,7.4,1.0,0.4,6.1,1.6,34.0
2022-02-05,6n,ireland,wales,29.0,7.0,w,1780.0,1593.4,186.6,0,1.0,0.4,1.0,0.4,0,1,0.6666666666666666,0.4,35.8,-9.8,76,77,4,9,19,22,28.17,27.14,19,87,2.625,1.875,0.0,0.0,3,5,2,1,5,4,0,1,2,2,2,1,7,0,1,0,5.104761904761904,6.580952380952381,0.0,0.0,5.944664031620554,10.549407114624506,9.0,13.0,9.666666666666666,21.266666666666666,0.0,0.6,9.9,0.1,43.9
2022-02-06,6n,france,italy,37.0,10.0,w,1682.4,1258.8,423.6,0,0.8,0.2,0.8,0.0,0,13,0.6,0.2,9.8,-27.0,78,78,6,14,20,3,26.18,25.17,20,73,1.875,1.25,0.0,0.0,1,1,0,0,8,1,4,0,0,1,0,0,7,2,0,0,4.9523809523809526,2.7714285714285714,0.0,0.0,6.094861660079052,3.1818181818181817,13.0,8.0,9.8,9.266666666666667,0.2,1.2,10.3,0.3,36.5
2022-02-12,6n,france,ireland,30.0,24.0,w,1685.7,1791.2,-105.5,0,0.8,1.0,0.8,0.4,0,0,0.6,0.6666666666666666,14.8,38.6,6,7,5,4,21,20,26.0,28.43,21,20,2.5,2.125,0.0,0.0,2,2,1,1,9,0,5,0,4,6,3,2,1,0,1,0,5.771428571428571,5.257142857142857,0.0,0.0,6.893280632411067,6.944664031620554,13.0,14.0,10.533333333333333,9.933333333333334,0.2,0.0,7.8,0.0,12.2
2022-02-12,6n,wales,scotland,20.0,17.0,w,1582.1,1630.2,-48.1,0,0.4,0.8,0.4,0.8,0,0,0.2,0.6,-9.8,9.0,7,7,8,7,23,79,27.4,27.61,88,79,2.0,5.375,0.0,0.0,3,3,0,0,8,1,1,0,0,16,0,0,20,0,7,0,5.866666666666666,9.80952380952381,0.0,0.0,11.043478260869565,10.920948616600791,11.0,10.0,22.066666666666666,27.0,0.6,0.4,8.0,0.0,23.2
2022-02-13,6n,italy,england,0.0,33.0,l,1255.6,1738.3,-482.7,0,0.2,0.8,0.2,0.4,0,3,0.2,1.0,-24.2,27.4,7,8,14,3,4,20,25.35,26.76,74,20,1.875,0.5,0.0,0.0,0,2,0,1,8,3,0,1,2,0,0,0,2,0,0,0,3.2666666666666666,2.038095238095238,0.0,0.0,4.300395256916996,5.604743083003952,12.0,9.0,10.266666666666667,6.466666666666667,0.8,0.6,9.0,0.0,1.5
2022-02-26,6n,england,wales,23.0,19.0,w,1743.0,1595.2,147.8,0,0.8,0.6,1.0,0.4,0,2,1.0,0.4,22.8,-1.6,13,14,4,8,21,24,27.3,27.92,21,89,1.125,2.375,0.0,0.0,1,3,0,0,3,1,1,0,4,4,0,0,9,2,0,0,3.5142857142857142,8.714285714285714,0.0,0.0,6.952569169960475,10.276679841897232,11.0,13.0,8.666666666666666,27.066666666666666,0.4,0.6,9.1,0.0,16.5
2022-02-26,6n,scotland,france,17.0,36.0,l,1617.1,1706.7,-89.6,0,0.6,1.0,0.8,0.4,0,1,0.6,0.6,-0.8,16.6,14,14,6,5,80,22,27.8,26.17,80,22,4.5,2.875,0.0,0.0,1,5,0,0,21,1,8,0,3,3,2,2,10,2,0,1,6.714285714285714,6.4,0.0,1.0,8.454545454545455,7.794466403162056,11.0,14.0,21.533333333333335,11.266666666666667,0.4,0.2,7.9,0.0,28.7
2022-02-27,6n,ireland,italy,57.0,6.0,w,1770.2,1250.9,519.3,0,0.8,0.2,1.0,0.0,0,14,0.6666666666666666,0.2,25.2,-22.4,15,14,3,14,21,5,27.84,25.47,21,75,0.75,2.0,0.0,0.0,0,0,3,0,2,1,0,0,1,3,0,2,9,0,1,0,3.019047619047619,2.980952380952381,0.0,0.0,4.553359683794467,4.391304347826087,9.0,12.0,7.866666666666666,8.133333333333333,0.0,0.2,9.1,0.0,37.4
2022-03-11,6n,wales,france,9.0,13.0,l,1588.2,1733.0,-144.8,0,0.6,1.0,0.6,0.4,0,0,0.4,0.6,-1.4,18.6,13,13,8,4,25,23,28.11,26.05,90,23,2.5,3.75,0.0,0.0,0,5,0,1,10,3,1,0,4,4,3,3,11,3,0,2,8.790476190476191,7.019047619047619,0.0,2.0,12.011857707509881,7.2687747035573125,11.0,14.0,28.0,12.0,0.6,0.0,8.2,0.0,18.5
2022-03-12,6n,england,ireland,15.0,32.0,l,1750.0,1772.4,-22.5,0,0.8,0.8,1.0,0.4,0,1,1.0,0.6666666666666666,10.4,24.4,14,13,3,5,22,22,27.44,29.71,22,22,1.5,3.125,0.0,0.0,1,4,0,0,4,1,2,0,0,7,4,0,6,5,3,0,4.180952380952381,6.695238095238095,0.0,0.0,7.533596837944664,8.636363636363637,12.0,9.0,9.4,12.066666666666666,0.4,0.0,11.1,0.0,23.2
2022-03-12,6n,italy,scotland,22.0,33.0,l,1248.7,1590.8,-342.1,0,0.2,0.4,0.2,0.6,1,1,0.2,0.6,-25.0,-5.0,13,14,14,7,6,81,26.17,28.02,76,81,1.25,4.875,0.0,0.0,0,4,1,0,2,1,2,0,2,6,0,1,22,7,0,1,3.019047619047619,9.2,0.0,0.0,5.075098814229249,10.960474308300395,13.0,10.0,8.6,24.533333333333335,0.8,0.4,10.3,0.0,13.4
2022-03-19,6n,france,england,25.0,13.0,w,1744.5,1718.3,26.2,0,1.0,0.6,1.0,0.4,0,0,0.6,0.6666666666666666,14.2,3.6,8,7,3,4,24,23,26.6,26.96,24,23,5.375,1.125,3.0,0.0,5,5,4,4,12,4,6,3,3,1,0,0,3,2,0,0,8.733333333333333,3.6857142857142855,3.0,0.0,9.596837944664031,6.252964426877471,14.0,10.0,13.666666666666666,9.066666666666666,0.0,0.8,10.5,0.0,20.9
2022-03-19,6n,ireland,scotland,26.0,5.0,w,1804.1,1597.8,206.3,0,0.8,0.6,1.0,0.6,0,0,0.6666666666666666,0.6,26.0,0.2,7,7,5,8,23,82,29.47,28.2,23,82,2.5,3.0,0.0,0.0,1,2,4,0,7,6,0,0,3,17,1,1,1,0,1,0,5.942857142857143,9.895238095238096,0.0,0.0,8.154150197628459,12.992094861660078,12.0,13.0,11.4,26.066666666666666,0.0,0.4,12.6,0.0,28.2
2022-03-19,6n,wales,italy,21.0,22.0,l,1576.7,1241.6,335.1,0,0.4,0.2,0.6,0.0,1,15,0.4,0.2,-5.2,-23.0,8,7,7,14,26,7,28.23,26.35,91,77,4.875,1.125,0.0,0.0,0,12,1,0,25,0,1,0,1,1,2,0,3,2,0,0,5.780952380952381,3.2285714285714286,0.0,0.0,10.24901185770751,5.75098814229249,8.0,13.0,23.4,10.066666666666666,0.6,0.8,14.4,0.0,29.1
2022-07-02,tour,australia,england,30.0,28.0,w,1636.5,1699.1,-62.6,0,0.4,0.4,0.8,0.2,0,1,0.4,0.5,0.8,1.0,221,105,5,5,20,24,27.96,26.9,30,24,1.25,1.875,0.0,0.0,0,0,4,0,1,1,4,0,4,7,1,3,0,0,0,0,4.085714285714285,3.7333333333333334,0.0,0.0,7.696969696969697,3.7707509881422925,6.0,9.0,11.0,9.6,1.4,0.6,14.5,0.0,7.1
2022-07-02,tour,new_zealand,ireland,42.0,19.0,w,1840.9,1814.2,26.8,0,0.6,0.8,1.0,0.6,0,0,1.0,0.6666666666666666,28.4,21.0,224,105,2,4,21,24,28.24,29.38,83,24,8.125,3.375,0.0,0.0,0,33,0,6,26,0,0,0,1,8,5,1,8,3,1,0,11.17142857142857,7.619047619047619,0.0,1.0,12.695652173913043,8.371541501976285,8.0,11.0,30.0,13.266666666666667,0.6,0.0,9.9,0.0,8.4
2022-07-02,tour,south_africa,wales,32.0,29.0,w,1746.9,1565.8,181.1,0,0.6,0.2,0.8,0.4,0,3,0.6,0.4,3.8,-5.6,224,105,1,8,13,27,29.21,28.55,75,92,5.125,1.875,0.0,0.0,0,28,2,1,9,1,0,0,0,6,0,2,2,0,5,0,11.40952380952381,6.9523809523809526,0.0,0.0,17.31225296442688,12.351778656126482,8.0,7.0,27.466666666666665,25.066666666666666,0.6,0.4,14.9,0.0,6.1
2022-07-02,tour,argentina,scotland,26.0,18.0,w,1454.2,1587.8,-133.6,0,0.2,0.4,0.2,0.6,4,1,0.0,0.4,-13.6,-5.8,223,105,8,7,73,83,29.14,26.72,73,83,6.75,3.25,0.0,0.0,7,18,2,0,10,15,2,0,4,18,0,2,2,0,0,0,14.266666666666667,6.085714285714285,0.0,0.0,18.197628458498023,6.276679841897233,7.0,10.0,32.53333333333333,20.6,1.2,0.4,12.9,0.1,2.4
2022-07-09,tour,australia,england,17.0,25.0,l,1647.3,1688.3,-41.1,0,0.4,0.4,1.0,0.2,0,2,0.6,0.5,-1.8,1.2,7,7,6,5,21,25,27.6,26.58,31,25,0.875,2.125,0.0,0.0,0,0,5,0,2,0,0,0,5,8,0,4,0,0,0,0,4.3428571428571425,3.5142857142857142,0.0,0.0,7.233201581027668,4.075098814229249,10.0,11.0,11.533333333333333,9.4,1.8,0.8,10.9,0.0,8.9
2022-07-09,tour,new_zealand,ireland,12.0,23.0,l,1864.6,1790.4,74.2,0,0.6,0.6,1.0,0.6,0,1,1.0,0.5,15.0,12.0,7,7,3,4,22,25,27.75,29.28,84,25,4.75,4.375,0.0,1.0,1,6,0,2,27,1,1,0,2,9,6,2,9,4,2,1,9.761904761904763,8.619047619047619,0.0,2.0,11.683794466403162,10.608695652173912,14.0,15.0,27.533333333333335,14.266666666666667,0.8,0.0,5.1,0.2,26.6
2022-07-09,tour,south_africa,wales,12.0,13.0,l,1752.0,1560.7,191.3,0,0.8,0.2,1.0,0.2,0,4,0.6,0.2,4.8,-1.8,7,7,1,9,14,28,27.9,28.85,76,93,0.25,2.375,0.0,1.0,0,1,0,0,0,1,0,0,1,7,1,3,3,1,2,1,2.419047619047619,7.123809523809523,0.0,0.0,3.9802371541501977,11.5098814229249,1.0,14.0,14.466666666666667,24.733333333333334,0.4,1.0,14.8,0.0,9.5
2022-07-09,tour,argentina,scotland,6.0,29.0,l,1479.3,1562.8,-83.5,0,0.4,0.2,0.2,0.4,0,2,0.2,0.4,-8.2,-8.0,7,7,8,7,1,84,28.98,27.02,74,84,4.375,1.5,0.0,0.0,8,19,1,4,3,0,0,0,0,7,2,1,0,1,1,0,10.457142857142857,4.9714285714285715,0.0,0.0,14.703557312252965,7.0395256916996045,12.0,10.0,27.466666666666665,17.333333333333332,1.0,0.4,22.7,0.0,5.9
2022-07-16,tour,australia,england,17.0,21.0,l,1624.5,1711.1,-86.5,0,0.4,0.4,0.8,0.4,1,0,0.6,0.5,-3.0,-3.8,7,7,5,6,22,26,26.77,26.42,32,26,1.0,1.125,0.0,0.0,0,0,3,0,3,1,1,0,6,0,0,0,1,1,1,0,6.038095238095238,2.7714285714285714,0.0,0.0,9.035573122529645,3.9960474308300395,11.0,12.0,13.666666666666666,8.0,2.0,1.0,13.1,0.0,17.6
2022-07-16,tour,new_zealand,ireland,22.0,32.0,l,1831.8,1823.3,8.4,0,0.4,0.8,0.8,0.6,1,0,1.0,0.6,5.2,15.4,7,7,2,4,23,26,28.63,29.62,85,26,10.125,5.5,0.0,1.0,5,34,3,7,28,3,1,0,3,10,7,3,10,7,3,1,14.085714285714285,9.571428571428571,0.0,2.0,15.640316205533598,11.229249011857707,10.0,14.0,32.733333333333334,15.266666666666667,1.4,0.2,6.3,0.0,5.7
2022-07-16,tour,south_africa,wales,30.0,14.0,w,1741.7,1571.0,170.7,0,0.6,0.2,0.8,0.2,1,0,0.6,0.4,4.2,-2.2,7,7,1,9,15,29,29.43,28.11,77,94,7.125,2.75,0.0,0.0,2,29,1,2,1,21,1,0,2,8,0,0,4,2,6,0,12.085714285714285,7.838095238095238,0.0,0.0,20.869565217391305,11.612648221343873,5.0,13.0,28.066666666666666,25.8,0.4,1.2,22.7,0.0,9.6
2022-07-16,tour,argentina,scotland,34.0,31.0,w,1450.7,1591.3,-140.6,0,0.4,0.4,0.2,0.4,1,0,0.2,0.4,-9.8,-2.8,7,7,7,8,2,85,27.5,26.47,75,85,3.25,2.0,0.0,0.0,0,25,0,1,0,0,0,0,0,10,3,0,3,0,0,0,9.114285714285714,5.3428571428571425,0.0,0.0,10.711462450592885,5.5019762845849804,4.0,7.0,27.066666666666666,19.333333333333332,1.0,0.2,14.8,0.0,27.7
2022-08-06,rc,argentina,australia,26.0,41.0,l,1466.7,1610.2,-143.5,0,0.6,0.4,0.4,0.2,0,0,0.4,0.4,-7.4,-0.4,21,21,9,6,3,23,28.73,27.13,76,33,4.5,1.0,0.0,0.0,9,15,3,2,3,1,3,0,0,2,0,0,4,1,1,0,13.80952380952381,4.314285714285714,1.0,0.0,15.355731225296443,6.308300395256917,6.0,7.0,31.933333333333334,11.8,0.8,1.8,12.2,0.0,7.6
2022-08-06,rc,south_africa,new_zealand,26.0,10.0,w,1752.7,1803.2,-50.5,0,0.6,0.2,0.8,0.6,0,2,0.6,1.0,6.4,-4.4,21,21,3,4,16,24,29.44,27.97,78,86,9.5,6.5,0.0,0.0,0,30,2,0,22,22,0,0,0,15,4,0,29,4,0,0,13.18095238095238,9.276190476190477,0.0,0.0,20.553359683794465,11.893280632411066,12.0,11.0,30.266666666666666,27.133333333333333,0.2,1.4,24.2,0.0,8.7
2022-08-13,rc,argentina,australia,48.0,17.0,w,1446.8,1630.1,-183.3,0,0.4,0.6,0.4,0.4,1,0,0.4,0.4,-14.6,2.8,7,7,9,6,4,24,28.94,26.78,77,34,4.125,1.125,0.0,0.0,3,16,4,3,4,3,0,0,0,0,1,0,6,0,2,0,11.476190476190476,3.4952380952380953,0.0,0.0,16.727272727272727,5.0395256916996045,11.0,10.0,28.733333333333334,11.0,1.0,1.4,22.7,0.0,6.9
2022-08-13,rc,south_africa,new_zealand,23.0,35.0,l,1779.6,1776.3,3.3,0,0.6,0.2,0.8,0.4,0,3,0.8,1.0,6.6,-5.8,7,7,3,4,17,25,29.39,27.36,79,87,8.375,4.875,0.0,0.0,0,31,10,0,2,23,1,0,0,16,5,1,15,1,1,0,13.476190476190476,7.771428571428571,0.0,0.0,20.229249011857707,12.446640316205533,10.0,11.0,31.4,24.866666666666667,0.6,1.2,21.4,0.0,23.9
2022-08-27,rc,australia,south_africa,25.0,17.0,w,1587.2,1749.4,-162.2,0,0.4,0.6,0.6,0.4,2,1,0.4,0.8,-5.2,4.4,14,14,6,3,25,18,27.5,29.9,35,80,1.625,11.5,0.0,0.0,3,0,2,0,4,2,2,0,1,32,11,1,23,24,0,0,6.190476190476191,14.771428571428572,0.0,0.0,9.359683794466402,19.58893280632411,9.0,13.0,14.666666666666666,32.13333333333333,1.0,0.6,16.6,0.0,13.5
2022-08-27,rc,new_zealand,argentina,18.0,25.0,l,1806.5,1489.7,316.8,0,0.4,0.6,0.6,0.2,2,1,1.0,0.6,-0.4,0.8,14,14,5,9,26,5,27.15,27.3,88,78,5.875,4.0,1.0,0.0,1,17,6,2,16,2,2,1,0,17,5,4,5,1,0,0,8.771428571428572,10.457142857142857,1.0,0.0,11.173913043478262,14.399209486166008,15.0,12.0,25.866666666666667,27.4,1.2,0.4,8.0,0.0,4.9
2022-09-03,rc,australia,south_africa,8.0,24.0,l,1613.5,1723.1,-109.5,1,0.4,0.4,nan,nan,nan,nan,0.4,0.8,-4.0,2.2,7,7,7,3,26,19,27.75,29.94,36,81,2.625,5.75,1.0,0.0,4,1,3,1,5,3,3,1,9,33,3,1,0,0,0,0,7.190476190476191,11.885714285714286,1.0,0.0,10.003952569169961,16.043478260869566,15.0,7.0,15.666666666666666,30.2,0.8,0.8,14.6,0.0,27.6
2022-09-03,rc,new_zealand,argentina,53.0,3.0,w,1773.9,1522.3,251.5,0,0.2,0.6,0.4,0.4,3,0,1.0,0.6,-6.4,0.6,7,7,4,9,27,6,27.89,27.82,89,79,6.875,4.875,2.0,0.0,2,18,7,3,17,3,3,2,1,26,1,1,4,2,4,0,9.771428571428572,12.742857142857142,2.0,0.0,14.284584980237154,15.395256916996047,15.0,11.0,26.866666666666667,31.466666666666665,1.2,0.4,12.9,1.7,19.6
2022-09-15,rc,australia,new_zealand,37.0,39.0,l,1594.8,1783.9,-189.2,0,0.4,0.4,0.6,0.4,0,0,0.4,1.0,-5.6,5.8,12,12,6,5,27,28,27.92,27.65,37,90,0.125,8.0,0.0,0.0,0,0,1,0,0,0,0,0,3,35,0,0,18,4,4,0,4.0285714285714285,9.523809523809524,0.0,0.0,8.316205533596838,13.470355731225297,8.0,13.0,11.866666666666667,27.733333333333334,0.6,0.6,13.3,0.0,13.4
2022-09-17,rc,argentina,south_africa,20.0,36.0,l,1512.3,1741.8,-229.6,0,0.6,0.6,0.6,0.4,0,2,0.6,0.8,-4.8,5.6,14,14,7,3,7,20,28.88,29.38,80,82,4.875,6.75,0.0,1.0,0,18,6,5,6,2,1,1,10,34,4,2,1,1,1,1,13.428571428571429,12.885714285714286,0.0,1.0,20.691699604743082,16.33596837944664,8.0,15.0,31.4,31.2,0.4,1.2,23.3,0.0,19.5
2022-09-24,rc,new_zealand,australia,40.0,14.0,w,1790.5,1588.3,202.2,0,0.6,0.4,0.4,0.4,0,1,1.0,0.2,8.2,-5.2,9,9,4,8,29,28,27.68,27.56,91,38,8.25,0.5,0.0,0.0,0,36,3,8,19,0,0,0,1,0,0,0,1,1,1,0,12.285714285714286,4.0095238095238095,0.0,0.0,14.774703557312254,7.58498023715415,10.0,13.0,32.13333333333333,11.8,0.8,1.2,13.9,0.0,22.4
2022-09-24,rc,south_africa,argentina,38.0,21.0,w,1755.9,1498.2,257.6,0,0.6,0.4,0.6,0.4,1,1,0.8,0.4,5.6,-8.6,7,7,3,6,21,8,29.9,28.81,83,81,6.75,5.75,0.0,1.0,11,35,3,3,0,0,2,0,1,19,7,6,7,4,1,1,13.4,14.885714285714286,0.0,0.0,21.675889328063242,20.035573122529645,13.0,13.0,32.333333333333336,33.733333333333334,1.6,0.8,22.2,0.0,14.2
2022-11-05,eoyt,ireland,south_africa,19.0,16.0,w,1851.9,1763.0,88.8,0,0.8,0.6,1.0,0.6,0,0,0.8,0.8,7.2,5.8,112,42,2,3,27,22,29.13,29.92,27,84,4.375,7.5,0.0,0.0,4,11,8,4,8,0,0,0,12,36,4,4,2,2,0,0,7.6,13.133333333333333,0.0,0.0,9.691699604743082,21.940711462450594,12.0,12.0,14.2,31.6,0.4,1.6,12.0,0.0,9.5
2022-11-05,eoyt,france,australia,30.0,29.0,w,1772.8,1593.1,179.7,0,1.0,0.4,1.0,0.6,0,0,0.6,0.2,11.8,-7.0,119,6,3,9,27,30,27.01,28.53,27,40,3.25,0.875,0.0,0.0,6,0,2,0,13,5,0,0,1,1,1,1,1,2,0,0,6.685714285714286,4.9714285714285715,0.0,0.0,7.154150197628459,7.4229249011857705,4.0,11.0,12.933333333333334,13.266666666666667,0.0,1.6,10.0,0.0,15.3
2022-11-05,eoyt,wales,new_zealand,23.0,55.0,l,1560.0,1804.5,-244.5,0,0.2,0.8,0.6,0.6,2,0,0.2,1.0,-4.6,15.6,112,7,8,4,30,31,28.54,27.77,95,93,1.125,5.375,0.0,0.0,0,9,0,0,0,0,0,0,1,19,0,2,20,1,0,0,6.285714285714286,12.81904761904762,0.0,0.0,10.826086956521738,16.857707509881422,7.0,4.0,23.933333333333334,32.4,1.0,1.0,13.7,0.1,20.5
2022-11-06,tour,england,argentina,29.0,30.0,l,1725.4,1491.1,234.3,0,0.4,0.4,0.8,0.4,1,2,0.5,0.4,-3.8,-9.0,113,43,5,8,27,9,27.42,27.71,27,82,0.875,6.75,0.0,0.0,2,0,0,0,4,0,1,0,4,20,8,7,8,5,0,2,5.180952380952381,14.304761904761905,0.0,0.0,4.976284584980237,15.470355731225297,7.0,12.0,12.066666666666666,32.0,1.0,1.4,13.1,1.2,16.5
2022-11-12,eoyt,france,south_africa,30.0,26.0,w,1775.4,1755.1,20.3,0,1.0,0.6,1.0,0.4,0,1,0.6,0.6,8.2,7.6,7,7,2,3,28,23,27.27,30.3,28,85,4.25,3.5,1.0,0.0,7,1,3,1,14,6,1,1,1,20,2,2,0,3,0,0,7.685714285714286,14.647619047619047,1.0,0.0,7.707509881422925,19.83794466403162,15.0,9.0,13.933333333333334,34.0,0.0,1.6,14.7,0.0,5.9
2022-11-12,eoyt,italy,australia,28.0,27.0,w,1347.3,1590.5,-243.2,0,0.8,0.2,0.4,0.4,0,1,0.8,0.2,12.6,-8.8,7,7,14,6,12,31,26.3,26.15,82,41,0.75,0.5,0.0,0.0,1,5,0,0,0,0,0,0,0,0,0,0,0,4,0,0,5.066666666666666,1.8761904761904762,0.0,0.0,6.75098814229249,4.24901185770751,11.0,3.0,16.4,8.6,0.6,1.4,19.2,0.0,15.3
2022-11-12,eoyt,wales,argentina,20.0,13.0,w,1543.8,1501.7,42.2,0,0.2,0.4,0.4,0.4,3,0,0.2,0.4,-10.2,-15.0,7,6,7,8,31,10,28.78,28.1,96,83,2.125,5.75,0.0,0.0,0,10,3,1,3,0,0,0,0,21,9,0,9,6,1,0,7.095238095238095,15.00952380952381,0.0,0.0,8.636363636363637,15.632411067193676,12.0,14.0,25.333333333333332,34.2,1.0,1.4,14.7,0.0,15.6
2022-11-13,eoyt,scotland,new_zealand,23.0,31.0,l,1572.1,1820.7,-248.6,0,0.4,1.0,0.6,0.8,0,0,0.2,1.0,5.4,23.4,8,8,9,4,88,32,28.83,27.53,88,94,5.875,3.875,0.0,0.0,0,2,10,0,23,2,10,0,0,20,4,4,0,3,0,0,13.19047619047619,7.8,0.0,0.0,14.743083003952568,14.280632411067193,12.0,8.0,31.533333333333335,24.933333333333334,0.6,0.8,14.3,0.0,6.6
2022-11-19,tour,england,new_zealand,25.0,25.0,d,1719.5,1830.7,-111.1,0,0.6,1.0,0.6,1.0,0,0,0.5,1.0,9.6,15.0,7,6,5,3,29,33,28.38,28.38,29,95,2.25,9.0,0.0,0.0,4,9,0,1,2,1,1,0,2,37,0,9,21,2,0,1,6.59047619047619,13.99047619047619,0.0,0.0,9.24110671936759,19.83399209486166,13.0,9.0,13.733333333333333,34.93333333333333,0.8,0.8,8.1,0.0,7.9
2022-11-19,eoyt,ireland,australia,13.0,10.0,w,1862.2,1581.3,280.9,0,0.8,0.2,1.0,0.2,0,2,0.8,0.2,3.8,-5.8,7,7,1,7,29,32,28.21,27.94,29,42,3.875,1.5,0.0,0.0,5,12,9,5,0,0,0,0,3,2,2,2,2,1,0,0,7.647619047619048,6.9904761904761905,0.0,0.0,8.87012987012987,9.695652173913043,7.0,5.0,14.466666666666667,16.266666666666666,0.4,1.2,8.4,0.5,20.0
2022-11-19,eoyt,scotland,argentina,52.0,29.0,w,1562.1,1487.1,75.0,0,0.4,0.2,0.4,0.4,1,1,0.2,0.2,5.4,-17.8,6,7,8,6,89,11,27.69,27.86,89,84,7.25,7.125,0.0,0.0,1,19,0,0,24,3,11,0,0,22,10,8,10,3,1,3,13.057142857142857,14.971428571428572,0.0,0.0,11.901185770750988,20.50592885375494,13.0,11.0,31.733333333333334,33.0,0.8,1.4,8.3,0.0,9.0
2022-11-19,eoyt,italy,south_africa,21.0,63.0,l,1356.6,1742.8,-386.2,0,0.8,0.6,0.6,0.2,0,2,1.0,0.4,12.6,8.4,7,7,12,4,13,24,26.04,29.27,83,86,1.5,1.125,0.0,0.0,2,6,1,0,1,1,1,0,2,0,5,0,1,0,1,0,5.20952380952381,8.466666666666667,0.0,0.0,7.5019762845849804,15.897233201581027,13.0,11.0,15.533333333333333,24.533333333333335,0.6,2.0,13.1,0.0,11.2
2022-11-26,tour,england,south_africa,13.0,27.0,l,1721.0,1751.3,-30.3,0,0.7,0.6,0.5,0.4,0,0,0.5,0.4,10.0,13.6,7,7,5,4,30,25,27.98,28.57,30,87,3.375,1.375,0.0,0.0,6,10,0,5,3,2,0,1,3,2,0,0,2,4,0,0,6.819047619047619,13.914285714285715,0.0,0.0,9.806324110671937,16.727272727272727,11.0,11.0,14.2,33.2,0.4,1.6,11.3,0.1,23.2
2022-11-26,eoyt,wales,australia,34.0,39.0,l,1547.7,1578.2,-30.5,0,0.4,0.2,0.2,0.2,1,3,0.2,0.0,-8.2,-6.0,7,7,7,8,33,33,28.7,26.69,98,43,2.875,1.0,0.0,0.0,2,13,0,4,4,0,0,0,5,3,0,0,0,0,0,0,8.847619047619048,3.2095238095238097,0.0,0.0,10.42687747035573,5.711462450592886,10.0,8.0,28.866666666666667,11.333333333333334,0.6,1.4,11.2,1.4,24.2
2023-02-04,6n,england,scotland,23.0,29.0,l,1692.0,1581.5,110.5,0,0.5,0.4,0.3,0.4,1,1,0.3,0.2,5.6,5.4,70,77,5,9,31,90,27.15,29.34,31,90,0.875,0.5,0.0,0.0,2,0,0,0,4,1,0,0,0,3,0,1,0,0,0,0,3.7142857142857144,6.666666666666667,0.0,0.0,5.106719367588933,11.849802371541502,7.0,8.0,10.933333333333334,24.333333333333332,0.4,1.2,9.2,0.0,9.4
2023-02-04,6n,wales,ireland,10.0,34.0,l,1528.6,1865.2,-336.6,0,0.2,1.0,0.2,0.6,2,0,0.2,0.8,-9.4,9.0,70,77,9,1,34,30,29.29,29.46,99,30,4.0,5.5,0.0,0.0,1,14,1,5,11,0,0,0,0,13,10,6,9,1,4,1,14.780952380952382,8.790476190476191,0.0,0.0,13.229249011857707,10.988142292490119,12.0,11.0,37.06666666666667,15.933333333333334,0.8,0.4,9.4,0.0,15.0
2023-02-05,6n,italy,france,24.0,29.0,l,1348.1,1790.1,-442.0,0,0.6,1.0,0.4,0.8,1,0,0.8,0.6,2.8,9.4,78,77,11,2,14,30,26.87,26.67,84,30,2.0,3.75,0.0,0.0,1,7,2,1,2,2,0,1,8,1,5,0,15,1,0,0,5.6571428571428575,8.542857142857143,0.0,0.0,7.086956521739131,7.122529644268774,13.0,10.0,17.066666666666666,15.066666666666666,0.2,0.4,8.0,0.0,13.3
2023-02-11,6n,ireland,france,32.0,19.0,w,1874.6,1793.1,81.5,0,1.0,1.0,1.0,1.0,0,0,0.8,0.6,11.6,6.6,7,6,1,2,31,31,29.51,27.12,31,31,5.375,4.75,0.0,1.0,1,14,11,0,10,2,5,0,9,2,6,1,16,2,1,1,9.619047619047619,9.542857142857143,1.0,1.0,11.08300395256917,8.814229249011857,14.0,15.0,17.133333333333333,16.066666666666666,0.2,0.6,11.2,0.0,9.4
2023-02-11,6n,scotland,wales,35.0,7.0,w,1608.4,1519.1,89.3,0,0.6,0.2,0.4,0.2,0,1,0.2,0.2,7.2,-11.0,7,7,7,9,91,1,29.14,28.01,91,100,2.125,2.125,1.0,0.0,6,4,1,2,1,1,1,1,3,0,0,0,12,1,1,0,8.457142857142857,7.219047619047619,1.0,0.0,13.620553359683795,9.715415019762846,14.0,10.0,26.0,26.2,1.2,1.0,9.0,0.0,17.9
2023-02-12,6n,england,italy,31.0,14.0,w,1665.0,1345.1,319.9,0,0.3,0.4,0.3,0.6,2,1,0.3,0.6,3.6,-4.6,8,7,5,12,1,15,26.67,26.66,32,85,1.125,2.75,0.0,0.0,3,1,0,1,0,3,1,0,0,8,3,2,3,3,1,2,4.266666666666667,6.3619047619047615,0.0,0.0,5.379446640316205,7.869565217391305,12.0,13.0,11.933333333333334,18.2,0.4,0.2,9.3,0.0,8.9
2023-02-25,6n,wales,england,10.0,20.0,l,1499.9,1670.1,-170.3,0,0.2,0.5,0.2,0.6,3,0,0.0,0.3,-10.2,7.2,14,13,9,6,2,2,28.04,27.29,101,33,3.0,1.875,0.0,0.0,2,15,0,6,0,0,1,0,4,2,1,2,1,4,0,1,9.219047619047618,5.390476190476191,0.0,0.0,11.130434782608695,6.2727272727272725,6.0,14.0,29.466666666666665,13.333333333333334,1.4,0.4,6.5,0.0,23.2
2023-02-25,6n,italy,ireland,20.0,34.0,l,1340.0,1890.3,-550.2,0,0.4,1.0,0.4,0.8,2,0,0.4,0.8,-6.2,12.2,13,14,12,1,16,32,26.68,28.14,86,32,3.75,2.375,0.0,0.0,2,9,4,3,11,0,1,0,0,7,5,1,0,0,6,0,7.238095238095238,6.780952380952381,1.0,0.0,9.055335968379447,9.209486166007904,12.0,9.0,17.466666666666665,14.666666666666666,0.4,0.0,15.9,0.0,14.3
2023-02-26,6n,france,scotland,32.0,21.0,w,1777.5,1627.7,149.8,0,0.8,0.8,1.0,0.4,0,0,0.6,0.2,3.0,13.0,15,15,2,5,32,92,26.99,29.33,32,92,5.875,4.25,2.0,2.0,11,3,7,2,17,3,2,2,7,5,11,3,2,2,2,2,10.295238095238096,11.40952380952381,0.0,1.0,9.604743083003953,16.948616600790515,14.0,14.0,17.066666666666666,30.0,0.8,1.2,5.0,0.0,30.1
2023-03-11,6n,england,france,10.0,53.0,l,1685.5,1788.2,-102.6,0,0.5,0.8,0.5,0.8,0,1,0.3,0.6,1.4,5.0,14,13,6,2,3,33,27.05,27.4,34,33,2.5,5.25,0.0,0.0,5,3,2,3,5,1,1,0,0,4,6,3,18,8,3,0,5.9714285714285715,9.485714285714286,0.0,0.0,6.841897233201581,9.75098814229249,14.0,12.0,13.8,16.733333333333334,0.2,1.2,7.4,0.0,15.0
2023-03-11,6n,italy,wales,17.0,29.0,l,1337.6,1484.4,-146.9,0,0.2,0.0,0.4,0.2,3,2,0.2,0.0,-15.4,-13.6,14,14,13,9,17,3,26.67,28.06,87,102,4.375,2.0,0.0,0.0,3,10,5,4,12,1,0,0,10,1,2,0,0,1,2,0,8.59047619047619,7.733333333333333,1.0,0.0,9.909090909090908,11.138339920948617,14.0,9.0,20.8,27.0,0.4,1.2,20.6,0.0,8.7
2023-03-12,6n,scotland,ireland,7.0,22.0,l,1617.0,1892.7,-275.7,0,0.6,1.0,0.6,0.8,0,0,0.2,0.8,7.6,14.4,14,15,5,1,93,33,29.07,29.17,93,33,4.5,6.5,0.0,0.0,8,18,1,0,3,3,3,0,6,8,12,0,11,8,7,0,10.123809523809523,11.6,0.0,1.0,16.841897233201582,13.616600790513834,13.0,10.0,28.866666666666667,19.2,1.2,0.0,10.9,0.0,30.6
2023-03-18,6n,ireland,england,29.0,16.0,w,1903.7,1653.8,249.9,0,1.0,0.4,1.0,0.6,0,0,0.8,0.1,13.8,-7.2,6,7,1,6,34,4,29.28,27.55,34,35,5.625,1.375,0.0,0.0,7,1,13,0,11,5,8,0,6,0,3,0,2,0,0,0,11.323809523809524,5.923809523809524,0.0,0.0,12.569169960474309,7.1857707509881426,12.0,11.0,19.266666666666666,14.4,0.0,0.2,10.3,0.0,23.3
2023-03-18,6n,france,wales,41.0,28.0,w,1819.9,1502.6,317.3,0,0.8,0.2,1.0,0.4,0,0,0.6,0.0,12.8,-11.0,7,7,2,10,34,4,27.6,29.39,34,103,6.125,7.625,0.0,0.0,10,0,7,0,19,9,4,0,11,16,4,7,20,3,0,0,10.038095238095238,16.761904761904763,0.0,0.0,10.41501976284585,16.636363636363637,13.0,9.0,17.4,39.86666666666667,0.8,1.0,15.2,0.5,24.4
2023-03-18,6n,scotland,italy,26.0,14.0,w,1605.9,1319.4,286.5,0,0.6,0.0,0.6,0.6,1,2,0.2,0.0,6.2,-18.0,6,7,5,13,94,18,27.59,26.33,94,88,1.25,1.25,0.0,0.0,9,0,0,0,1,0,0,0,1,0,6,0,0,3,0,0,7.133333333333334,5.542857142857143,0.0,0.0,11.17786561264822,7.252964426877471,11.0,10.0,23.2,16.933333333333334,1.0,0.8,11.2,0.5,12.0
2023-07-08,rc,south_africa,australia,43.0,12.0,w,1780.2,1597.4,182.8,0,0.6,0.4,0.6,0.4,0,0,0.4,0.0,13.2,0.2,224,224,4,8,26,34,29.66,28.39,88,44,0.5,1.125,0.0,0.0,4,0,0,0,0,0,0,0,4,0,0,0,5,0,0,0,4.419047619047619,5.670329670329671,0.0,0.0,7.296442687747035,6.264069264069264,5.0,6.0,18.4,14.733333333333333,1.6,1.2,16.2,0.0,10.5
2023-07-08,rc,argentina,new_zealand,12.0,41.0,l,1467.7,1829.2,-361.5,0,0.2,0.9,0.4,0.9,1,0,0.2,1.0,-12.4,14.6,231,231,6,3,12,34,28.08,28.47,85,96,4.375,1.125,0.0,0.0,0,23,0,1,11,0,0,0,0,0,8,0,1,0,0,0,9.81904761904762,10.619047619047619,0.0,0.0,14.114624505928854,16.798418972332016,9.0,9.0,27.4,30.866666666666667,2.2,0.8,10.6,0.0,6.9
2023-07-15,rc,australia,argentina,31.0,34.0,l,1584.7,1459.0,125.8,0,0.2,0.2,0.4,0.2,1,2,0.0,0.2,-6.2,-15.0,7,7,7,8,1,13,28.02,29.05,45,86,2.375,5.125,0.0,0.0,5,0,4,0,6,4,0,0,5,24,0,0,12,0,0,0,6.190476190476191,11.142857142857142,0.0,0.0,6.691699604743083,17.466403162055336,10.0,11.0,16.333333333333332,28.333333333333332,1.2,2.0,17.1,0.0,12.8
2023-07-15,rc,new_zealand,south_africa,35.0,20.0,w,1838.0,1792.9,45.0,0,0.9,0.6,0.4,0.6,0,0,1.0,0.4,15.2,16.0,7,7,3,4,35,27,28.07,30.6,97,89,5.875,7.375,0.0,0.0,3,7,9,3,22,3,0,0,5,37,0,3,3,0,11,0,14.676190476190476,16.266666666666666,0.0,1.0,16.292490118577074,22.620553359683793,10.0,5.0,35.733333333333334,34.46666666666667,0.8,1.2,13.3,0.0,17.5
2023-07-29,rc,australia,new_zealand,7.0,38.0,l,1565.2,1857.2,-291.9,0,0.2,0.9,0.2,0.9,2,0,0.0,1.0,-6.6,16.8,14,14,7,3,2,36,27.85,28.6,46,98,0.375,5.75,0.0,1.0,1,1,0,1,0,0,0,0,4,8,1,4,23,4,1,1,3.295238095238095,13.895238095238096,0.0,1.0,7.237154150197629,19.8300395256917,8.0,14.0,12.2,34.13333333333333,1.4,0.4,12.5,0.0,12.2
2023-07-29,tour,scotland,italy,25.0,13.0,w,1611.4,1314.0,297.4,0,0.6,0.0,0.6,0.4,0,3,0.2,0.0,4.0,-12.0,133,133,5,14,95,19,26.94,26.35,95,89,0.125,0.25,0.0,0.0,0,1,0,0,0,0,0,0,0,1,1,0,0,0,0,0,3.657142857142857,1.8476190476190477,0.0,0.0,5.324110671936759,3.5849802371541504,4.0,4.0,14.266666666666667,11.0,0.6,1.0,18.3,0.0,21.9
2023-07-29,rc,south_africa,argentina,22.0,21.0,w,1773.7,1478.5,295.2,0,0.6,0.4,0.8,0.4,0,0,0.4,0.4,13.6,-11.0,14,14,4,8,28,14,30.5,27.64,90,87,2.375,1.375,0.0,0.0,13,3,1,0,0,0,2,0,6,0,1,0,1,3,0,0,10.266666666666667,6.447619047619048,0.0,0.0,19.932806324110672,10.782608695652174,6.0,10.0,29.533333333333335,20.266666666666666,1.0,1.2,19.8,0.0,27.9
2023-08-05,friendly,wales,england,20.0,9.0,w,1497.9,1647.0,-149.1,0,0.2,0.4,0.2,0.6,4,1,0.0,0.1,-12.6,-7.0,140,140,9,6,5,5,26.84,26.57,104,36,0.0,0.375,0.0,0.0,0,0,0,0,0,0,0,0,0,0,0,0,2,0,1,0,2.085714285714286,2.276190476190476,0.0,0.0,5.454545454545454,4.482213438735178,4.0,5.0,16.0,7.6,0.6,0.6,16.7,0.0,27.8
2023-08-05,friendly,ireland,italy,33.0,17.0,w,1910.5,1308.9,601.7,0,1.0,0.0,1.0,0.2,0,4,0.8,0.0,15.8,-13.4,140,7,1,14,35,20,28.3,26.24,35,90,0.0,2.125,0.0,0.0,0,0,0,0,0,0,0,0,2,0,0,0,13,2,0,0,1.542857142857143,5.695238095238095,0.0,0.0,4.1146245059288535,8.387351778656127,3.0,5.0,7.533333333333333,16.6,0.0,1.0,13.5,1.3,17.1
2023-08-05,friendly,scotland,france,25.0,21.0,w,1616.5,1824.6,-208.2,0,0.6,0.8,0.8,0.8,0,0,0.2,0.6,5.2,11.8,7,140,5,2,96,35,28.3,25.96,96,35,1.875,0.125,0.0,0.0,0,6,0,0,4,4,1,0,0,0,0,0,1,0,0,0,9.285714285714286,0.6761904761904762,0.0,0.0,10.715415019762846,3.3636363636363638,2.0,1.0,27.2,4.6,0.6,0.8,13.6,0.1,12.4
2023-08-05,rc,new_zealand,australia,23.0,20.0,w,1869.9,1552.5,317.4,0,0.9,0.2,0.6,0.2,0,1,1.0,0.0,16.6,-12.6,7,7,3,8,37,3,28.23,27.16,99,47,4.75,0.375,0.0,0.0,0,38,0,0,0,0,0,0,0,0,0,0,1,1,1,0,5.3238095238095235,2.4952380952380953,0.0,0.0,11.264822134387352,5.339920948616601,3.0,11.0,23.6,10.466666666666667,0.4,1.6,7.8,0.0,19.7
2023-08-05,rc,argentina,south_africa,13.0,24.0,l,1477.1,1775.1,-298.0,0,0.2,0.8,0.4,0.4,2,1,0.2,0.4,-11.4,14.6,7,7,7,4,15,29,28.12,29.28,88,91,3.25,0.375,0.0,0.0,7,0,2,0,13,4,0,0,0,1,0,0,1,1,0,0,8.933333333333334,3.3904761904761904,0.0,0.0,13.940711462450594,6.679841897233201,10.0,2.0,25.533333333333335,14.266666666666667,1.2,0.6,15.3,0.0,15.4
2023-08-12,friendly,england,wales,19.0,17.0,w,1617.9,1527.0,90.9,0,0.4,0.4,0.3,0.4,1,1,0.1,0.2,-8.0,-5.6,7,7,6,9,6,6,28.18,27.81,37,105,0.375,0.125,0.0,0.0,0,0,0,0,3,0,0,0,0,0,0,0,1,0,0,0,4.0095238095238095,3.857142857142857,0.0,0.0,8.217391304347826,7.08300395256917,4.0,0.0,12.533333333333333,19.533333333333335,0.6,0.4,20.3,0.0,29.3
2023-08-12,friendly,france,scotland,30.0,27.0,w,1804.0,1637.1,166.9,0,0.6,0.6,1.0,0.4,0,1,0.6,0.4,10.0,0.4,7,7,3,5,36,97,27.56,29.17,36,97,4.625,4.75,0.0,0.0,1,2,0,2,20,10,0,2,1,7,0,0,25,5,0,0,9.58095238095238,8.457142857142857,0.0,0.0,8.059288537549406,11.071146245059289,2.0,9.0,17.866666666666667,27.066666666666666,0.6,0.8,27.5,0.0,10.6
2023-08-19,friendly,ireland,england,29.0,10.0,w,1911.5,1624.1,287.4,0,1.0,0.4,1.0,0.6,0,2,0.8,0.1,14.2,-11.0,14,7,1,6,36,7,29.13,28.86,36,38,4.25,2.25,0.0,0.0,8,15,0,0,1,1,9,0,7,1,1,0,9,0,0,0,10.733333333333333,5.6380952380952385,0.0,0.0,11.715415019762846,8.73913043478261,0.0,9.0,18.8,14.933333333333334,0.0,1.6,21.1,0.0,25.0
2023-08-19,friendly,wales,south_africa,16.0,52.0,l,1520.8,1784.0,-263.2,0,0.4,0.8,0.2,0.6,0,0,0.2,0.4,-0.4,8.4,7,14,9,4,7,30,26.45,29.66,106,92,0.625,2.5,0.0,0.0,0,3,0,2,0,0,0,0,14,0,5,0,0,1,0,0,0.8285714285714286,9.8,0.0,0.0,2.6284584980237153,18.023715415019762,2.0,4.0,7.733333333333333,28.4,0.4,0.8,20.5,0.0,25.0
2023-08-25,rc,new_zealand,south_africa,7.0,35.0,l,1872.4,1799.3,73.1,1,0.9,0.8,nan,nan,nan,nan,1.0,0.4,15.6,12.8,20,6,2,4,38,31,27.78,30.31,100,93,6.75,6.5,0.0,0.0,1,21,0,1,24,5,2,0,15,21,12,3,0,0,1,0,15.6,12.40952380952381,0.0,0.0,15.74703557312253,17.913419913419915,4.0,7.0,37.93333333333333,32.06666666666667,0.2,0.6,17.3,0.1,14.2
2023-08-27,friendly,france,australia,41.0,17.0,w,1812.6,1550.0,262.6,0,0.8,0.2,1.0,0.2,0,2,0.6,0.0,14.4,-12.6,8,22,3,8,38,4,27.99,26.03,38,48,3.125,0.5,0.0,0.0,0,5,8,4,7,0,1,0,1,0,1,0,2,0,0,0,9.704761904761904,2.1714285714285713,0.0,0.0,10.517786561264822,3.4229249011857705,5.0,11.0,18.733333333333334,8.733333333333333,0.0,1.4,20.7,0.0,16.6
2023-09-08,wc,france,new_zealand,27.0,13.0,w,1820.3,1833.0,-12.7,0,0.8,0.8,1.0,0.9,0,0,0.6,1.0,10.6,10.0,12,14,4,2,39,39,27.43,28.58,39,101,3.25,6.625,0.0,0.0,1,3,9,3,8,0,2,0,0,22,0,3,25,0,3,0,9.619047619047619,14.971428571428572,0.0,0.0,11.466403162055336,19.359683794466402,12.0,10.0,18.8,37.0,0.0,0.8,27.5,0.0,9.9
2023-09-09,wc,argentina,england,10.0,27.0,l,1519.0,1584.5,-65.5,1,0.4,0.2,nan,nan,nan,nan,0.4,0.1,4.2,-9.8,14,14,7,6,17,9,28.32,28.55,90,40,8.25,0.875,0.0,0.0,8,25,11,1,14,5,2,0,0,5,0,0,1,1,0,0,14.790476190476191,6.085714285714285,2.0,0.0,18.620553359683793,8.569169960474309,4.0,11.0,31.8,15.733333333333333,0.2,2.0,22.2,0.0,5.1
2023-09-10,wc,scotland,south_africa,3.0,18.0,l,1637.7,1838.6,-201.0,1,0.8,0.8,nan,nan,nan,nan,0.4,0.4,10.4,12.2,15,16,5,3,99,32,28.6,30.48,99,94,4.5,5.875,0.0,0.0,10,8,2,1,6,7,2,0,16,22,6,0,1,2,0,0,10.485714285714286,16.16190476190476,1.0,1.0,14.517786561264822,24.007905138339922,9.0,11.0,28.533333333333335,36.8,0.6,0.8,27.1,0.0,8.2
2023-09-23,wc,ireland,south_africa,13.0,8.0,w,1923.3,1854.5,68.8,1,1.0,1.0,nan,nan,nan,nan,0.8,0.4,31.2,33.2,7,6,1,2,40,34,29.77,30.66,40,96,9.375,5.375,0.0,0.0,6,17,15,2,13,11,11,0,6,23,7,1,2,3,1,0,16.79047619047619,16.761904761904763,4.0,2.0,16.74703557312253,20.276679841897234,14.0,14.0,24.933333333333334,37.6,0.2,0.6,12.8,0.0,5.6
2023-09-24,wc,australia,wales,6.0,40.0,l,1526.8,1545.6,-18.8,1,0.2,0.6,nan,nan,nan,nan,0.0,0.2,-9.0,-0.2,7,8,7,8,7,10,26.94,28.75,51,109,0.625,7.625,0.0,1.0,1,1,0,1,0,0,2,0,2,12,1,5,27,5,8,1,5.504761904761905,14.904761904761905,0.0,1.0,7.762845849802371,15.411067193675889,12.0,3.0,15.6,38.2,1.2,1.2,16.2,0.0,6.5
2023-09-29,wc,italy,new_zealand,17.0,96.0,l,1439.2,1814.2,-375.0,1,0.8,0.6,nan,nan,nan,nan,0.4,1.0,24.0,12.0,9,14,12,4,25,41,26.89,29.55,95,103,5.375,6.75,1.0,0.0,4,2,10,2,16,6,2,1,0,9,2,5,26,6,4,2,10.99047619047619,16.16190476190476,1.0,0.0,10.723320158102768,25.225296442687746,12.0,6.0,23.4,38.266666666666666,0.8,1.4,18.2,0.0,7.3
2023-10-06,wc,france,italy,60.0,7.0,w,1848.5,1431.4,417.1,0,1.0,0.8,1.0,0.0,0,5,0.6,0.4,33.2,11.4,15,7,3,11,42,26,27.75,27.35,42,96,2.5,3.875,0.0,0.0,2,5,8,0,2,2,1,0,0,13,11,0,4,1,2,0,8.761904761904763,10.219047619047618,0.0,0.0,12.288537549407115,11.272727272727273,13.0,10.0,18.666666666666668,23.466666666666665,0.2,0.6,12.6,0.0,10.0
2023-10-07,wc,ireland,scotland,36.0,14.0,w,1937.3,1648.5,288.8,1,1.0,0.6,nan,nan,nan,nan,0.8,0.2,29.0,24.2,14,7,1,5,41,102,30.15,28.57,41,102,8.375,8.0,0.0,1.0,9,4,16,0,14,12,12,0,11,9,4,2,26,8,3,1,15.904761904761905,13.257142857142858,2.0,2.0,17.221343873517785,16.027667984189723,13.0,3.0,24.533333333333335,32.733333333333334,0.2,0.2,15.7,0.0,8.4
2023-10-14,wc,ireland,new_zealand,28.0,24.0,w,1946.1,1826.4,119.7,1,1.0,0.6,nan,nan,nan,nan,0.8,1.0,29.6,35.6,7,9,1,4,42,43,29.78,29.06,42,105,9.375,8.5,1.0,0.0,10,5,17,1,15,13,13,1,5,10,10,6,27,7,0,3,16.904761904761905,18.114285714285714,3.0,0.0,16.24110671936759,23.99604743083004,15.0,8.0,25.533333333333335,40.733333333333334,0.2,1.4,12.2,0.0,10.6
2023-10-14,wc,argentina,wales,29.0,17.0,w,1552.9,1588.5,-35.6,1,0.8,0.8,nan,nan,nan,nan,0.4,0.2,23.4,9.6,6,7,9,7,21,12,29.22,27.51,94,111,7.25,7.625,0.0,0.0,10,28,1,2,5,7,5,0,3,13,0,2,28,6,9,0,13.41904761904762,14.076190476190476,1.0,0.0,21.383399209486164,15.24110671936759,13.0,9.0,31.866666666666667,36.666666666666664,0.4,1.0,24.9,0.0,19.8
2023-10-15,wc,france,south_africa,28.0,29.0,l,1852.6,1843.6,8.9,1,1.0,0.8,nan,nan,nan,nan,0.6,0.2,40.4,29.0,9,14,2,3,43,36,27.98,31.33,43,98,4.25,6.75,0.0,0.0,3,6,9,1,10,3,2,0,7,24,13,2,2,4,2,0,11.523809523809524,16.247619047619047,1.0,1.0,14.027667984189723,26.288537549407113,14.0,4.0,21.333333333333332,37.86666666666667,0.2,0.2,8.5,0.0,10.3
2023-10-20,wc,argentina,new_zealand,6.0,44.0,l,1580.7,1816.2,-235.5,1,0.8,0.6,nan,nan,nan,nan,0.4,0.75,14.0,40.4,6,6,8,4,22,44,29.04,28.73,95,106,9.5,10.75,0.0,1.0,11,29,2,3,17,8,6,0,6,23,11,4,28,8,5,1,15.019047619047619,20.466666666666665,0.0,2.0,22.723320158102766,24.08695652173913,14.0,13.0,32.8,42.86666666666667,0.4,1.0,13.3,0.0,5.1
2023-10-21,wc,england,south_africa,15.0,16.0,l,1653.4,1850.7,-197.3,1,1.0,0.8,nan,nan,nan,nan,0.1,0.4,23.4,23.6,6,6,6,3,14,37,29.27,31.34,45,99,1.0,7.75,0.0,1.0,0,1,3,0,1,1,2,0,8,25,14,3,3,5,3,1,8.209523809523809,17.247619047619047,0.0,2.0,12.529644268774703,27.288537549407113,12.0,15.0,18.466666666666665,38.86666666666667,0.4,0.2,12.4,0.8,29.1
2023-10-27,wc,argentina,england,23.0,26.0,l,1567.2,1650.3,-83.1,1,0.8,0.8,nan,nan,nan,nan,0.4,0.0,9.8,19.8,7,6,7,5,23,15,29.18,28.01,96,46,3.875,2.0,0.0,0.0,12,2,3,0,6,1,7,0,0,9,0,1,4,2,0,0,13.685714285714285,7.142857142857143,1.0,0.0,22.52173913043478,11.288537549407115,12.0,7.0,32.46666666666667,18.533333333333335,0.2,0.0,10.9,0.1,16.1
2023-10-28,wc,new_zealand,south_africa,11.0,12.0,l,1829.8,1853.8,-24.0,1,0.8,0.8,nan,nan,nan,nan,0.75,0.4,50.8,20.8,8,7,2,1,45,38,29.12,31.32,107,100,10.625,11.75,4.0,0.0,7,11,12,7,29,9,6,4,9,26,15,4,24,12,4,0,20.247619047619047,22.533333333333335,3.0,2.0,26.533596837944664,27.865612648221344,14.0,13.0,42.733333333333334,44.46666666666667,1.0,0.2,14.1,0.1,30.7
2024-02-02,6n,france,ireland,17.0,38.0,l,1845.5,1956.3,-110.8,0,0.8,1.0,1.0,1.0,0,0,0.6,0.8,35.4,29.6,110,111,2,1,44,43,27.68,29.39,44,43,3.0,3.75,0.0,0.0,4,0,10,0,3,4,3,0,11,0,18,0,1,0,0,0,9.428571428571429,11.40952380952381,0.0,0.0,10.604743083003953,15.304347826086957,10.0,11.0,19.8,21.733333333333334,0.2,0.2,9.2,0.0,7.2
2024-02-03,6n,italy,england,24.0,27.0,l,1427.4,1660.5,-233.1,0,0.6,0.8,0.4,0.4,0,3,0.4,0.0,-9.2,16.0,120,99,11,5,27,16,25.66,27.52,97,47,4.0,2.25,0.0,0.0,2,14,12,1,0,3,0,0,1,10,0,3,4,0,0,0,9.40952380952381,4.6571428571428575,0.0,0.0,9.478260869565217,5.280632411067193,10.0,6.0,22.133333333333333,15.0,0.4,0.0,10.6,0.0,2.9
2024-02-03,6n,wales,scotland,26.0,27.0,l,1560.6,1639.6,-79.0,0,0.8,0.6,0.2,0.4,1,2,0.2,0.2,14.4,20.4,112,119,7,5,13,103,25.95,28.34,112,103,0.375,4.0,0.0,0.0,0,2,0,0,1,0,0,0,12,1,2,0,8,9,0,0,3.580952380952381,9.685714285714285,0.0,0.0,6.086956521739131,9.201581027667984,7.0,9.0,18.0,26.866666666666667,0.6,0.2,9.5,0.1,21.7
2024-02-10,6n,england,wales,16.0,14.0,w,1667.3,1554.3,113.0,0,0.8,0.6,0.4,0.2,1,2,0.0,0.2,2.4,13.0,7,7,5,8,17,14,27.53,26.38,48,113,3.25,0.5,1.0,0.0,2,11,1,4,5,1,1,1,0,3,0,0,0,0,1,0,5.6571428571428575,4.742857142857143,1.0,0.0,7.454545454545454,7.403162055335969,15.0,8.0,16.0,20.466666666666665,0.2,0.4,11.0,0.0,8.9
2024-02-10,6n,scotland,france,16.0,20.0,l,1645.9,1820.3,-174.4,0,0.6,0.6,0.8,0.6,0,1,0.2,0.6,15.2,28.4,7,8,6,4,104,45,27.76,27.64,104,45,4.25,3.5,0.0,0.0,13,2,0,0,9,10,0,0,5,0,11,0,4,5,3,0,9.133333333333333,9.561904761904762,0.0,0.0,9.122529644268775,9.762845849802371,11.0,13.0,26.0,19.933333333333334,0.6,0.8,4.7,0.0,9.0
2024-02-11,6n,ireland,italy,36.0,0.0,w,1981.5,1420.6,560.8,0,1.0,0.4,1.0,0.0,0,6,0.8,0.4,19.0,-14.0,9,8,2,11,44,1,27.88,25.55,44,98,0.875,5.0,0.0,0.0,1,1,1,0,1,2,1,0,3,15,0,0,17,4,1,0,5.552380952380952,8.361904761904762,0.0,0.0,9.885375494071146,8.703557312252965,9.0,11.0,15.933333333333334,18.0,0.4,0.6,8.8,0.0,22.7
2024-02-24,6n,scotland,england,30.0,21.0,w,1635.8,1672.9,-37.1,0,0.6,0.8,0.8,0.4,1,0,0.2,0.0,17.4,2.6,14,14,6,5,105,18,28.25,27.86,105,49,5.75,2.75,0.0,0.0,14,3,5,1,10,11,2,0,3,12,2,5,0,0,0,0,12.666666666666666,5.352380952380952,2.0,0.0,12.043478260869565,7.7312252964426875,12.0,10.0,30.6,16.266666666666666,0.6,0.6,6.4,0.0,5.0
2024-02-24,6n,ireland,wales,31.0,7.0,w,1983.0,1548.7,434.3,0,1.0,0.4,1.0,0.2,0,3,0.8,0.2,17.6,8.6,13,14,2,8,45,15,29.45,26.42,45,114,4.5,1.375,0.0,0.0,12,1,19,1,2,1,0,0,1,4,1,1,1,1,2,0,10.142857142857142,5.847619047619047,0.0,0.0,13.810276679841897,9.474308300395258,8.0,14.0,20.8,21.666666666666668,0.2,0.4,7.8,0.1,9.4
2024-02-25,6n,france,italy,13.0,13.0,d,1830.5,1419.1,411.5,0,0.6,0.2,0.8,0.0,1,7,0.6,0.2,26.2,-30.0,15,14,4,11,46,2,27.96,25.21,46,99,2.625,2.125,0.0,0.0,6,0,0,0,5,6,4,0,0,16,0,0,0,1,0,0,8.257142857142858,7.114285714285714,0.0,0.0,10.40711462450593,8.268774703557312,13.0,9.0,18.666666666666668,17.333333333333332,0.8,0.8,9.5,0.0,21.6
2024-03-09,6n,england,ireland,23.0,22.0,w,1651.8,1986.0,-334.2,0,0.6,1.0,0.6,1.0,0,0,0.0,0.8,-0.4,21.4,14,14,5,2,19,46,27.85,29.68,50,46,1.75,5.625,0.0,1.0,4,2,0,1,6,1,0,0,13,2,20,2,3,2,2,1,5.304761904761905,13.619047619047619,0.0,2.0,10.24901185770751,16.952569169960473,12.0,14.0,15.933333333333334,24.266666666666666,0.6,0.6,12.1,0.0,20.4
2024-03-09,6n,italy,scotland,31.0,29.0,w,1427.8,1656.9,-229.1,0,0.1,0.6,0.4,0.4,1,0,0.1,0.2,-34.2,13.6,13,14,11,6,3,106,25.43,28.51,100,106,3.625,3.0,0.0,0.0,5,17,0,1,1,5,0,0,15,4,0,2,0,0,3,0,9.904761904761905,8.714285714285714,0.0,0.0,10.126482213438734,14.134387351778656,12.0,12.0,22.466666666666665,26.666666666666668,0.4,0.8,11.7,0.0,6.8
2024-03-10,6n,wales,france,24.0,45.0,l,1545.7,1821.8,-276.0,0,0.2,0.5,0.2,0.6,2,0,0.0,0.6,-3.0,7.0,15,14,8,4,16,47,25.97,27.36,115,47,2.625,2.875,0.0,0.0,2,14,0,0,2,0,3,0,11,0,12,0,0,0,0,0,5.285714285714286,8.476190476190476,0.0,0.0,8.17786561264822,9.296442687747035,12.0,8.0,18.8,18.866666666666667,0.4,1.2,10.8,0.0,9.4
2024-03-16,6n,france,england,33.0,31.0,w,1834.1,1661.7,172.3,0,0.5,0.8,0.7,0.2,0,1,0.6,0.2,0.6,0.0,6,7,4,5,48,20,27.37,28.56,48,51,3.875,2.75,1.0,1.0,12,1,13,1,1,1,1,1,5,3,1,2,7,2,1,1,9.476190476190476,7.380952380952381,1.0,1.0,10.296442687747035,11.640316205533598,15.0,14.0,19.866666666666667,18.466666666666665,1.2,0.6,10.9,0.0,6.9
2024-03-16,6n,ireland,scotland,17.0,13.0,w,1976.0,1642.5,333.5,0,0.8,0.4,1.0,0.4,0,1,0.8,0.2,16.8,-3.6,7,7,2,6,47,107,29.47,28.17,47,107,6.625,5.0,2.0,0.0,14,3,21,3,4,3,3,2,16,5,1,3,11,0,4,0,14.619047619047619,10.333333333333334,3.0,0.0,18.011857707509883,13.213438735177865,15.0,13.0,25.266666666666666,28.066666666666666,0.8,0.8,11.1,0.1,28.9
2024-03-16,6n,wales,italy,21.0,24.0,l,1533.4,1442.3,91.2,0,0.0,0.3,0.2,0.1,3,0,0.0,0.3,-12.0,-18.0,6,7,8,10,17,4,25.91,25.28,116,101,2.375,8.5,0.0,0.0,0,5,2,2,3,2,4,1,6,18,13,7,18,6,0,0,7.8,12.41904761904762,0.0,0.0,9.098814229249012,10.4901185770751,11.0,12.0,24.533333333333335,24.8,0.2,0.4,10.0,0.1,17.2
2024-06-22,tour,south_africa,wales,41.0,13.0,w,1860.2,1514.7,345.5,1,0.8,0.0,nan,nan,nan,nan,0.4,0.0,5.8,-10.2,238,98,1,8,39,18,29.51,25.63,101,117,3.375,0.0,0.0,0.0,0,27,0,0,0,0,0,0,0,0,0,0,0,0,0,0,7.2,1.7714285714285714,0.0,0.0,13.15810276679842,2.513833992094862,5.0,5.0,27.4,13.0,0.6,0.2,20.7,0.1,13.6
2024-07-06,tour,new_zealand,england,16.0,15.0,w,1823.4,1666.4,157.0,0,0.6,0.6,0.8,0.4,0,0,0.6,0.2,37.0,5.4,252,14,2,5,46,22,28.58,26.9,108,53,1.625,2.5,0.0,1.0,8,3,0,0,1,1,0,0,3,5,1,4,1,3,2,1,8.285714285714286,5.704761904761905,0.0,0.0,16.490118577075098,7.608695652173913,8.0,13.0,26.733333333333334,16.6,1.2,1.0,7.7,0.0,29.3
2024-07-06,tour,south_africa,ireland,27.0,20.0,w,1867.2,1978.6,-111.4,0,1.0,0.8,0.8,0.8,0,1,0.4,0.8,12.4,16.8,14,112,1,2,1,48,30.62,29.16,102,48,10.0,6.375,1.0,0.0,4,28,3,3,25,13,3,1,15,4,22,4,2,4,0,0,22.571428571428573,10.838095238095239,1.0,0.0,23.18577075098814,16.051383399209485,7.0,13.0,45.46666666666667,22.0,0.8,1.0,14.0,0.0,8.6
2024-07-06,tour,argentina,france,13.0,28.0,l,1556.9,1838.3,-281.4,0,0.6,0.7,0.2,0.6,3,0,0.4,0.6,7.4,1.2,253,112,7,4,24,49,27.84,25.02,97,49,3.375,0.0,0.0,0.0,2,0,0,0,18,7,0,0,0,0,0,0,0,0,0,0,11.095238095238095,0.047619047619047616,0.0,0.0,12.067193675889328,0.6245059288537549,6.0,1.0,31.6,1.2,0.2,1.2,8.4,0.0,16.2
2024-07-06,tour,australia,wales,25.0,16.0,w,1518.9,1507.7,11.2,0,0.4,0.0,0.2,0.2,3,4,0.0,0.0,-5.0,-15.6,279,14,10,10,9,19,26.43,25.62,53,118,0.125,0.125,0.0,0.0,0,0,0,0,1,0,0,0,0,1,0,0,0,0,0,0,4.0,2.1142857142857143,0.0,0.0,4.675324675324675,3.889328063241107,4.0,9.0,14.933333333333334,13.466666666666667,0.8,0.6,13.2,0.1,8.8
2024-07-13,tour,new_zealand,england,24.0,17.0,w,1826.3,1663.5,162.8,0,0.6,0.4,1.0,0.4,0,1,0.6,0.2,21.4,4.8,7,7,3,5,1,23,28.2,26.3,109,54,2.375,2.375,0.0,0.0,9,4,1,1,1,2,1,0,0,6,2,5,2,4,0,0,8.666666666666666,6.838095238095238,0.0,0.0,15.4901185770751,8.26086956521739,14.0,13.0,26.6,18.533333333333335,1.2,0.6,10.3,0.0,9.7
2024-07-13,tour,south_africa,ireland,24.0,25.0,l,1889.9,1955.9,-66.0,0,1.0,0.6,0.8,0.6,0,2,0.6,0.8,7.6,11.2,7,7,1,2,2,49,30.64,29.65,103,49,11.0,1.375,2.0,0.0,5,29,4,4,26,14,4,2,7,2,0,0,1,0,1,0,23.571428571428573,11.361904761904762,2.0,0.0,24.18577075098814,15.063241106719367,15.0,11.0,46.46666666666667,23.6,1.0,1.0,22.0,0.0,4.8
2024-07-13,tour,argentina,france,33.0,25.0,w,1546.2,1852.4,-306.2,0,0.4,0.9,0.2,0.8,4,0,0.2,0.6,-6.4,10.6,7,3,7,4,25,51,27.58,25.39,98,51,0.5,0.5,0.0,0.0,0,0,1,0,2,1,0,0,1,0,0,0,1,1,1,0,6.819047619047619,0.7904761904761904,0.0,0.0,12.928853754940711,1.0649350649350648,10.0,0.0,25.466666666666665,2.066666666666667,0.0,0.4,11.8,0.0,3.4
2024-07-13,tour,australia,wales,36.0,28.0,w,1537.2,1489.4,47.8,0,0.6,0.0,0.4,0.0,0,5,0.0,0.0,1.6,-17.0,7,7,9,10,1,20,26.93,25.41,54,119,0.75,0.75,0.0,0.0,1,1,0,0,2,1,1,0,1,2,0,0,1,1,1,0,4.333333333333333,2.6952380952380954,0.0,0.0,5.482213438735178,4.339920948616601,14.0,13.0,14.4,13.0,0.8,0.6,9.4,0.6,8.5
2024-08-10,rc,australia,south_africa,7.0,33.0,l,1558.2,1886.2,-328.0,0,0.8,0.8,0.6,0.8,0,0,0.0,0.6,2.8,15.6,21,21,9,1,3,4,26.37,30.26,56,105,1.0,2.375,0.0,0.0,0,0,0,0,3,5,0,0,6,8,0,0,0,0,5,0,4.6571428571428575,14.6,0.0,0.0,5.5019762845849804,18.9802371541502,9.0,3.0,15.666666666666666,37.666666666666664,0.6,1.6,22.2,0.0,13.9
2024-08-10,rc,new_zealand,argentina,30.0,38.0,l,1842.6,1598.6,244.0,0,0.8,0.4,1.0,0.6,0,0,0.6,0.4,17.4,5.2,22,21,3,7,3,27,27.71,27.25,111,100,1.75,5.5,0.0,0.0,10,0,2,0,2,0,0,0,1,1,14,0,19,9,0,0,8.838095238095239,9.923809523809524,0.0,0.0,14.50197628458498,13.422924901185771,7.0,9.0,28.666666666666668,27.4,0.8,0.0,9.1,0.0,5.5
2024-08-17,rc,australia,south_africa,12.0,30.0,l,1548.1,1896.3,-348.2,0,0.8,0.8,0.6,0.8,1,0,0.0,0.6,4.4,20.6,7,7,9,1,4,5,26.61,28.81,57,106,1.875,0.125,0.0,0.0,0,0,1,0,6,6,2,0,1,0,0,0,0,0,0,0,7.114285714285714,2.2857142857142856,0.0,0.0,8.25296442687747,9.569169960474309,10.0,5.0,20.2,16.066666666666666,0.8,1.8,13.9,0.1,17.7
2024-08-17,rc,new_zealand,argentina,42.0,10.0,w,1808.9,1632.3,176.6,0,0.6,0.6,0.8,0.8,1,0,0.6,0.4,8.2,14.4,7,7,3,7,4,28,28.01,27.08,112,101,1.625,4.0,0.0,0.0,0,1,3,1,3,3,1,1,1,0,0,0,20,10,1,0,9.857142857142858,12.628571428571428,0.0,0.0,16.379446640316207,14.877470355731225,11.0,12.0,30.2,30.666666666666668,0.6,0.0,14.6,3.3,30.5
2024-08-31,rc,argentina,australia,19.0,20.0,l,1619.1,1540.0,79.1,0,0.6,0.6,0.2,0.2,0,3,0.4,0.0,8.6,-3.2,14,14,6,9,29,5,28.04,26.11,102,58,6.375,1.375,0.0,0.0,2,2,15,0,21,11,0,0,0,1,2,1,4,0,3,0,12.533333333333333,5.647619047619048,0.0,0.0,18.24505928853755,7.1857707509881426,12.0,10.0,30.333333333333332,17.733333333333334,0.0,0.8,11.2,1.6,22.4
2024-08-31,rc,south_africa,new_zealand,31.0,27.0,w,1904.4,1822.1,82.4,0,0.8,0.8,0.8,0.7,0,0,0.6,0.6,18.6,14.8,14,14,1,3,6,5,29.93,28.29,107,113,1.125,1.5,0.0,0.0,7,0,0,0,1,1,0,0,1,1,0,0,4,4,2,0,10.152380952380952,13.980952380952381,0.0,0.0,17.620553359683793,18.24505928853755,6.0,13.0,31.0,36.733333333333334,1.6,0.2,16.0,0.0,10.8
2024-09-07,rc,argentina,australia,67.0,27.0,w,1609.9,1549.2,60.7,0,0.6,0.6,0.2,0.4,1,0,0.4,0.2,11.4,-4.8,7,7,6,9,30,6,,,103,59,nan,0.5,nan,0.0,nan,nan,nan,nan,nan,nan,nan,nan,1,0,3,0,0,0,0,0,nan,4.2,nan,0.0,nan,6.786561264822135,nan,12.0,nan,14.866666666666667,0.0,0.8,26.1,0.0,11.9
2024-09-07,rc,south_africa,new_zealand,18.0,12.0,w,1913.9,1812.6,101.3,0,0.8,0.6,0.8,0.6,0,1,0.6,0.4,18.0,13.8,7,7,1,3,7,6,29.79,28.16,108,114,4.0,1.375,0.0,0.0,8,0,8,0,0,15,1,0,2,2,0,1,1,5,0,0,18.304761904761904,10.933333333333334,0.0,0.0,21.272727272727273,19.343873517786562,10.0,11.0,42.4,31.666666666666668,1.6,0.4,12.8,0.0,18.2
2024-09-21,rc,australia,new_zealand,28.0,31.0,l,1525.1,1802.0,-276.9,0,0.4,0.4,0.6,0.4,2,2,0.2,0.2,-14.4,11.2,14,14,8,3,7,7,27.08,27.59,60,115,0.0,3.25,0.0,0.0,0,0,0,0,0,0,0,0,11,3,1,2,2,6,0,1,8.619047619047619,12.99047619047619,0.0,0.0,12.294372294372295,15.201581027667984,9.0,13.0,22.066666666666666,34.06666666666667,0.8,0.8,23.0,0.0,10.8
2024-09-21,rc,argentina,south_africa,29.0,28.0,w,1633.9,1924.4,-290.5,0,0.6,1.0,0.4,0.8,0,0,0.4,0.6,17.8,19.4,14,14,7,1,31,8,27.12,29.03,104,109,1.125,0.875,0.0,0.0,3,3,2,0,1,0,0,0,0,1,0,0,5,0,1,0,9.019047619047619,4.685714285714286,0.0,0.0,14.280632411067193,10.486166007905139,12.0,5.0,25.933333333333334,21.733333333333334,0.0,2.0,33.8,0.0,18.7
2024-09-28,rc,new_zealand,australia,33.0,13.0,w,1807.5,1519.6,287.9,0,0.4,0.2,0.8,0.2,0,1,0.2,0.2,3.4,-17.2,7,7,3,9,8,8,28.34,26.26,116,61,4.75,2.125,0.0,0.0,12,4,2,3,15,1,1,0,2,1,1,1,5,7,0,0,14.857142857142858,7.276190476190476,0.0,0.0,18.549407114624508,9.75889328063241,12.0,12.0,38.4,18.933333333333334,1.2,0.6,11.1,0.0,10.3
2024-09-28,rc,south_africa,argentina,48.0,7.0,w,1914.8,1643.6,271.2,0,0.8,0.6,0.8,0.6,0,1,0.6,0.6,10.6,3.2,7,7,1,7,9,32,30.24,27.0,110,105,3.5,0.625,0.0,0.0,9,1,9,1,1,6,1,0,4,1,0,0,0,0,0,0,15.304761904761905,6.780952380952381,0.0,0.0,21.292490118577074,11.683794466403162,6.0,8.0,38.666666666666664,22.933333333333334,1.4,0.0,28.4,0.0,12.7
2024-11-02,tour,england,new_zealand,22.0,24.0,l,1655.1,1817.3,-162.2,0,0.4,0.6,0.6,0.6,0,0,0.2,0.2,5.2,11.6,112,7,5,3,24,10,27.51,28.15,55,118,3.625,1.875,0.0,0.0,8,7,0,6,0,5,3,0,3,5,3,4,0,0,0,0,7.152380952380953,14.542857142857143,0.0,1.0,9.671936758893281,18.83794466403162,11.0,4.0,19.533333333333335,36.8,0.6,1.2,19.1,0.4,19.7
2024-11-08,eoyt,ireland,new_zealand,13.0,23.0,l,1962.5,1824.6,137.9,0,0.6,0.8,1.0,0.6,0,0,0.8,0.2,4.2,12.8,118,6,2,3,50,11,30.08,27.44,50,119,3.125,2.75,0.0,0.0,1,3,1,1,5,0,14,0,0,6,4,1,3,7,1,0,15.4,11.304761904761905,0.0,0.0,18.92885375494071,14.233201581027668,10.0,13.0,27.266666666666666,31.4,1.2,1.2,11.8,0.0,18.6
2024-11-09,tour,england,australia,37.0,42.0,l,1647.8,1513.2,134.6,0,0.2,0.2,0.6,0.2,1,2,0.2,0.2,4.6,-16.0,7,42,5,10,25,9,27.77,26.5,56,62,4.5,2.0,0.0,0.0,9,8,1,7,1,6,4,0,3,2,2,2,6,0,1,0,8.152380952380952,6.819047619047619,1.0,0.0,10.276679841897232,10.715415019762846,15.0,14.0,20.533333333333335,18.0,0.6,0.4,23.0,0.0,17.8
2024-11-09,eoyt,italy,argentina,18.0,50.0,l,1483.8,1635.0,-151.2,0,0.8,0.4,0.6,0.6,0,2,0.5,0.6,9.4,-6.6,111,42,8,6,8,33,26.74,28.12,105,106,6.375,1.625,0.0,0.0,0,20,14,2,4,10,1,0,5,4,1,1,2,0,0,0,10.457142857142857,5.8,0.0,0.0,14.15810276679842,11.09486166007905,10.0,9.0,22.933333333333334,20.0,0.6,0.8,13.4,0.0,2.7
2024-11-10,eoyt,scotland,south_africa,15.0,32.0,l,1702.5,1923.4,-220.9,0,1.0,0.8,0.8,0.8,0,1,0.2,0.6,37.8,13.6,8,43,7,2,113,10,28.11,30.4,113,111,4.5,5.375,0.0,0.0,2,7,2,1,12,12,0,0,0,30,0,5,3,2,3,0,12.076190476190476,9.266666666666667,0.0,0.0,11.853754940711463,20.537549407114625,11.0,4.0,31.066666666666666,30.133333333333333,0.2,0.8,11.5,0.0,20.6
2024-11-15,eoyt,ireland,argentina,22.0,19.0,w,1928.4,1659.3,269.0,0,0.4,0.6,0.8,0.6,1,0,0.8,0.6,-2.6,6.2,7,6,1,6,51,34,28.92,27.67,51,107,4.0,1.75,0.0,0.0,2,4,2,2,6,1,15,0,6,3,1,0,3,0,1,0,15.752380952380953,10.685714285714285,1.0,0.0,16.64426877470356,13.679841897233201,14.0,12.0,27.933333333333334,31.533333333333335,0.8,1.0,12.1,0.0,16.0
2024-11-16,tour,england,south_africa,20.0,29.0,l,1622.4,1938.3,-315.9,0,0.2,0.8,0.4,0.8,2,0,0.2,0.6,4.0,13.4,7,6,5,2,26,11,27.4,30.54,57,112,5.375,2.5,0.0,0.0,10,9,3,8,6,7,0,0,0,0,10,0,1,7,2,0,9.476190476190476,12.657142857142857,0.0,0.0,11.023715415019764,21.292490118577074,11.0,3.0,22.533333333333335,36.13333333333333,0.6,1.0,21.5,0.0,25.2
2024-11-16,eoyt,france,new_zealand,30.0,29.0,w,1822.9,1858.8,-35.9,0,0.8,1.0,0.7,0.8,0,0,0.6,0.2,12.8,16.0,7,8,4,3,53,12,26.88,27.7,53,120,0.75,1.75,0.0,0.0,1,3,0,1,1,0,0,0,4,7,0,0,0,1,2,0,4.514285714285714,13.457142857142857,0.0,0.0,8.063241106719367,18.470355731225297,11.0,10.0,15.133333333333333,35.266666666666666,0.2,1.0,6.9,0.0,5.4
2024-11-17,eoyt,wales,australia,20.0,52.0,l,1451.2,1538.7,-87.5,0,0.0,0.4,0.0,0.4,5,0,0.0,0.4,-10.6,-11.4,7,8,11,9,22,10,26.77,27.14,121,63,2.625,1.375,0.0,0.0,3,16,0,1,0,1,0,0,0,2,0,0,7,2,0,0,2.704761904761905,7.4,0.0,0.0,4.691699604743083,10.561264822134387,11.0,9.0,14.0,21.066666666666666,0.8,0.2,9.3,0.2,15.2
2024-11-22,eoyt,france,argentina,37.0,23.0,w,1829.3,1656.1,173.2,0,0.8,0.6,0.7,0.4,0,1,0.6,0.4,12.6,5.8,6,7,4,5,54,35,26.74,27.73,54,108,1.0,2.25,0.0,0.0,0,4,1,0,2,1,0,0,7,4,2,1,1,1,2,0,7.314285714285714,9.666666666666666,0.0,0.0,8.529644268774703,15.944664031620553,11.0,14.0,18.933333333333334,30.066666666666666,0.2,1.4,1.2,0.0,9.9
2024-11-23,eoyt,wales,south_africa,12.0,45.0,l,1420.2,1945.8,-525.5,0,0.0,0.8,0.0,0.8,6,0,0.0,0.6,-16.4,14.4,6,7,11,1,23,12,25.85,29.55,122,113,0.125,4.25,0.0,0.0,0,0,0,0,1,0,0,0,0,31,0,0,0,0,3,0,1.8666666666666667,9.19047619047619,0.0,0.0,3.549407114624506,14.616600790513834,9.0,9.0,8.933333333333334,31.6,0.8,1.0,14.2,1.9,32.7
2024-11-23,eoyt,italy,new_zealand,11.0,29.0,l,1464.7,1852.5,-387.7,0,0.6,0.8,0.6,0.8,0,1,0.5,0.2,2.6,15.2,6,7,10,2,10,13,26.28,28.55,107,121,2.75,3.75,0.0,0.0,1,3,0,0,5,12,1,0,13,5,5,2,1,2,2,0,9.047619047619047,15.457142857142857,0.0,0.0,12.363636363636363,21.992094861660078,9.0,10.0,22.066666666666666,39.53333333333333,0.8,0.6,21.1,0.0,15.1
2024-11-24,eoyt,scotland,australia,27.0,13.0,w,1696.0,1569.7,126.3,0,0.8,0.4,0.6,0.6,0,0,0.2,0.4,22.8,-5.2,8,7,6,8,115,11,28.2,26.06,115,64,5.25,1.5,0.0,0.0,3,8,1,0,13,13,4,0,0,0,4,0,7,1,0,0,15.942857142857143,6.419047619047619,1.0,0.0,13.802371541501977,8.225296442687746,1.0,8.0,36.6,19.333333333333332,0.6,0.6,10.0,0.0,29.0
2024-11-30,eoyt,ireland,australia,22.0,19.0,w,1933.9,1556.6,377.3,0,0.6,0.4,0.8,0.4,0,1,0.8,0.2,4.4,0.0,7,6,2,8,53,12,29.27,26.39,53,65,3.875,2.375,0.0,0.0,3,5,3,3,0,1,16,0,2,3,3,0,8,2,1,0,15.8,8.523809523809524,0.0,0.0,18.877470355731226,10.403162055335969,10.0,9.0,28.666666666666668,21.733333333333334,1.0,0.4,14.3,0.1,22.0
2025-01-31,6n,france,wales,43.0,0.0,w,1839.7,1416.6,423.1,0,0.8,0.0,0.9,0.0,0,6,0.6,0.0,12.4,-17.4,70,69,4,11,55,24,26.21,27.92,55,123,2.75,0.5,0.0,0.0,1,0,0,0,21,0,0,0,0,2,1,0,0,0,1,0,5.466666666666667,5.495238095238095,0.0,0.0,7.545454545454546,7.229249011857707,10.0,4.0,16.533333333333335,23.266666666666666,0.2,0.4,2.0,0.2,12.0
2025-02-01,6n,ireland,england,27.0,22.0,w,1935.7,1620.3,315.5,0,0.8,0.2,0.8,0.2,0,2,0.8,0.0,6.4,4.4,63,69,2,7,54,28,29.98,26.3,54,59,5.5,2.875,0.0,0.0,4,18,1,3,1,0,17,0,0,11,0,0,3,9,0,0,16.80952380952381,8.495238095238095,0.0,0.0,21.26482213438735,9.553359683794467,13.0,10.0,29.466666666666665,22.133333333333333,0.8,0.0,9.1,0.0,24.6
2025-02-01,6n,scotland,italy,31.0,19.0,w,1709.0,1458.1,250.9,0,0.8,0.6,0.8,0.7,0,0,0.2,0.5,17.4,0.6,69,70,6,10,116,11,28.78,26.69,116,108,5.5,6.5,0.0,0.0,2,20,2,0,14,1,5,0,8,4,15,3,6,13,3,0,15.00952380952381,15.00952380952381,0.0,1.0,14.233201581027668,15.023715415019764,12.0,10.0,38.2,30.666666666666668,0.6,1.0,5.4,0.0,14.3
2025-02-08,6n,england,france,26.0,25.0,w,1617.0,1843.4,-226.4,0,0.2,0.8,0.4,0.8,0,1,0.0,0.6,4.8,18.0,7,8,7,4,29,56,27.09,26.61,60,56,1.625,2.625,0.0,0.0,1,12,0,0,0,0,0,0,2,1,1,1,11,0,5,0,7.6380952380952385,7.476190476190476,0.0,0.0,11.513833992094861,9.648221343873518,12.0,13.0,20.666666666666668,19.333333333333332,0.2,0.6,26.4,0.0,17.3
2025-02-08,6n,italy,wales,22.0,15.0,w,1451.5,1412.9,38.6,0,0.4,0.0,0.4,0.0,1,7,0.4,0.0,-6.2,-24.2,7,8,10,11,12,25,26.75,27.6,109,124,9.875,0.25,0.0,0.0,9,21,16,8,7,14,4,0,1,0,0,0,1,0,0,0,17.866666666666667,3.704761904761905,2.0,0.0,16.40711462450593,5.743083003952569,14.0,11.0,33.6,18.333333333333332,1.0,0.6,7.5,0.0,11.1
2025-02-09,6n,scotland,ireland,18.0,32.0,l,1715.6,1938.9,-223.3,0,0.8,0.8,0.8,0.6,0,0,0.2,0.8,17.4,7.2,8,8,6,2,117,1,28.67,30.13,117,55,5.75,7.5,0.0,1.0,1,21,3,0,15,0,6,0,5,19,23,4,2,2,4,1,12.885714285714286,17.18095238095238,0.0,0.0,14.810276679841897,21.972332015810277,12.0,12.0,35.8,30.4,0.6,0.6,5.3,0.2,17.8
2025-02-22,6n,england,scotland,16.0,15.0,w,1626.1,1701.8,-75.7,0,0.4,0.6,0.4,0.8,0,0,0.2,0.2,5.4,6.6,14,13,7,6,30,118,27.23,28.63,61,118,2.375,6.25,0.0,0.0,2,13,1,0,1,1,1,0,3,22,6,1,16,1,0,1,8.352380952380953,13.695238095238095,0.0,0.0,11.50197628458498,14.403162055335969,14.0,12.0,21.733333333333334,36.0,0.2,0.6,24.8,0.0,20.1
2025-02-22,6n,wales,ireland,18.0,27.0,l,1398.1,1952.8,-554.7,0,0.0,1.0,0.0,0.6,7,0,0.0,0.8,-24.0,12.0,14,13,11,2,26,2,28.14,28.91,125,56,1.5,4.75,0.0,0.0,0,3,0,0,7,2,0,0,0,6,24,5,3,0,0,0,2.723809523809524,13.904761904761905,0.0,0.0,5.229249011857707,17.015810276679844,7.0,9.0,16.4,27.066666666666666,0.8,0.6,11.9,0.0,21.0
2025-02-23,6n,france,italy,73.0,24.0,w,1834.3,1466.3,368.0,1,0.8,0.4,nan,nan,nan,nan,0.6,0.4,19.4,-10.4,15,15,4,10,57,13,27.65,26.44,57,110,1.125,8.5,0.0,0.0,3,0,2,0,3,0,1,0,3,22,17,3,8,15,0,0,6.628571428571429,15.085714285714285,0.0,0.0,11.731225296442688,15.33596837944664,11.0,13.0,17.866666666666667,31.666666666666668,0.4,0.8,13.5,0.0,4.8
2025-03-08,6n,ireland,france,27.0,42.0,l,1954.8,1841.5,113.3,0,1.0,0.8,0.8,0.6,0,2,0.8,0.6,13.2,21.2,14,13,2,4,3,58,29.87,27.58,57,58,5.875,4.375,0.0,0.0,2,7,25,6,4,3,0,0,1,1,3,1,22,1,6,0,16.62857142857143,9.076190476190476,0.0,0.0,21.636363636363637,12.723320158102768,12.0,12.0,30.066666666666666,21.333333333333332,0.6,0.4,12.5,0.0,12.8
2025-03-08,6n,scotland,wales,35.0,29.0,w,1694.8,1396.1,298.7,0,0.6,0.0,0.6,0.0,1,8,0.2,0.0,9.8,-24.8,14,14,7,12,119,1,28.88,28.04,119,126,8.0,2.5,2.0,1.0,4,23,7,2,17,2,7,2,1,4,1,1,8,3,1,1,16.314285714285713,3.723809523809524,1.0,1.0,16.81422924901186,6.462450592885376,14.0,15.0,39.13333333333333,17.4,0.2,0.6,13.6,0.0,11.4
2025-03-09,6n,england,italy,47.0,24.0,w,1633.1,1459.1,174.0,0,0.6,0.4,0.6,0.6,0,1,0.4,0.2,6.6,-13.8,15,14,6,10,31,14,26.86,26.93,62,111,3.75,8.75,0.0,0.0,12,14,2,0,2,0,0,0,7,23,2,2,20,16,0,0,8.466666666666667,16.542857142857144,0.0,0.0,10.735177865612648,18.304347826086957,12.0,9.0,22.066666666666666,30.133333333333333,0.2,0.6,25.3,0.0,18.3
2025-03-15,6n,wales,england,14.0,68.0,l,1392.2,1645.3,-253.0,0,0.0,0.8,0.0,0.2,8,3,0.0,0.4,-19.6,13.0,7,6,12,6,2,32,28.23,26.87,127,63,3.25,2.75,0.0,0.0,2,5,2,2,9,4,0,2,3,15,1,0,3,0,0,0,4.380952380952381,7.314285714285714,0.0,0.0,7.996047430830039,11.059288537549406,13.0,11.0,19.266666666666666,20.866666666666667,0.8,0.2,8.1,0.0,17.6
2025-03-15,6n,italy,ireland,17.0,22.0,l,1447.0,1916.2,-469.3,0,0.2,0.8,0.6,0.6,0,0,0.0,0.8,-19.0,3.2,6,7,10,2,15,4,26.9,29.58,112,58,5.125,7.875,0.0,0.0,4,5,1,0,9,17,5,0,3,20,6,7,7,2,18,0,14.257142857142858,19.466666666666665,1.0,2.0,19.624505928853754,22.387351778656125,8.0,10.0,31.133333333333333,33.06666666666667,0.6,0.8,14.4,0.8,10.4
2025-03-15,6n,france,scotland,35.0,16.0,w,1880.0,1698.6,181.4,0,0.8,0.6,1.0,0.8,0,1,0.6,0.2,24.0,3.4,7,7,4,7,59,120,27.54,27.99,59,120,3.0,4.625,0.0,0.0,4,2,4,2,1,4,7,0,5,0,3,0,18,3,8,0,10.647619047619047,15.885714285714286,0.0,0.0,14.438735177865613,13.320158102766799,12.0,13.0,23.533333333333335,37.4,0.6,0.2,5.3,0.0,17.2
2025-07-05,tour,argentina,england,12.0,35.0,l,1645.7,1663.1,-17.4,0,0.4,0.8,0.6,0.4,0,0,0.2,0.4,-5.0,14.8,225,112,5,6,36,33,27.49,26.79,109,64,2.875,0.0,0.0,0.0,0,0,1,0,22,0,0,0,0,0,0,0,0,0,0,0,6.371428571428571,2.057142857142857,0.0,0.0,8.861660079051383,3.6798418972332017,6.0,2.0,25.0,12.466666666666667,1.8,0.2,11.1,0.0,13.6
2025-07-05,tour,new_zealand,france,31.0,27.0,w,1859.0,1891.1,-32.0,0,0.8,0.8,0.8,0.6,0,0,0.2,0.6,14.8,25.0,224,112,3,4,14,60,27.73,25.86,122,60,0.25,0.0,0.0,0.0,0,0,0,0,2,0,0,0,0,0,0,0,0,0,0,0,11.371428571428572,0.2857142857142857,0.0,0.0,12.047430830039525,1.0592885375494072,8.0,2.0,33.53333333333333,5.533333333333333,0.8,1.0,6.9,0.1,3.6
2025-07-05,tour,south_africa,italy,42.0,24.0,w,1949.4,1478.8,470.6,0,0.8,0.4,0.8,0.6,0,0,0.6,0.0,19.8,-0.6,224,8,1,10,13,17,31.18,25.26,114,114,8.0,0.375,0.0,0.0,0,38,0,5,0,16,5,0,0,1,0,0,2,0,0,0,10.428571428571429,3.1904761904761907,0.0,0.0,22.873517786561266,4.790513833992095,7.0,8.0,33.93333333333333,14.866666666666667,0.6,1.2,14.4,0.0,4.6
2025-07-12,tour,argentina,england,17.0,22.0,l,1610.3,1698.4,-88.1,0,0.2,1.0,0.6,0.4,1,0,0.2,0.4,-9.8,20.4,7,7,5,6,37,34,27.55,26.34,110,65,2.75,0.5,0.0,0.0,13,5,3,0,0,1,0,0,0,1,1,0,1,0,1,0,9.457142857142857,1.2857142857142858,0.0,0.0,9.296442687747035,2.7865612648221343,8.0,13.0,30.333333333333332,8.0,1.8,0.4,17.0,0.0,6.5
2025-07-12,tour,new_zealand,france,43.0,17.0,w,1873.6,1876.5,-2.8,0,0.8,0.6,0.8,0.4,0,1,0.4,0.6,6.6,15.6,7,7,2,4,15,61,27.74,25.66,123,61,0.75,0.125,0.0,0.0,1,0,1,0,3,1,0,0,0,0,0,0,1,0,0,0,8.914285714285715,0.41904761904761906,0.0,0.0,10.367588932806324,0.9169960474308301,13.0,5.0,30.066666666666666,2.466666666666667,0.8,0.8,13.1,0.0,28.3
2025-07-12,tour,south_africa,italy,45.0,0.0,w,1951.6,1476.6,475.0,0,1.0,0.2,1.0,0.4,0,1,0.6,0.0,23.6,-5.6,7,7,1,10,14,18,28.93,25.36,115,115,0.75,0.75,0.0,0.0,0,2,0,1,2,1,0,0,1,2,2,0,0,1,0,0,3.914285714285714,4.476190476190476,0.0,0.0,5.91699604743083,6.0355731225296445,4.0,11.0,20.266666666666666,18.066666666666666,0.4,1.2,14.1,0.0,10.1
2025-07-19,tour,new_zealand,france,29.0,19.0,w,1901.2,1848.9,52.3,0,0.8,0.6,0.8,0.2,0,2,0.6,0.6,11.4,10.6,7,7,2,4,16,62,27.66,26.3,124,62,1.125,0.0,0.0,0.0,4,1,0,0,4,0,0,0,0,0,0,0,0,0,0,0,4.714285714285714,0.8952380952380953,0.0,0.0,8.391304347826088,1.901185770750988,5.0,7.0,21.733333333333334,6.866666666666666,0.8,1.0,9.0,0.0,0.3
2025-08-16,rc,south_africa,australia,27.0,38.0,l,1955.2,1540.0,415.2,0,1.0,0.4,1.0,0.4,0,2,0.6,0.4,30.0,-0.2,28,14,1,8,16,17,30.6,27.39,117,70,5.5,2.0,0.0,0.0,1,39,0,0,3,0,1,0,1,5,1,1,7,0,1,0,9.80952380952381,6.59047619047619,0.0,0.0,16.23715415019763,10.723320158102768,7.0,14.0,33.6,20.266666666666666,0.8,0.4,14.6,0.3,13.1
2025-08-16,rc,argentina,new_zealand,24.0,41.0,l,1602.5,1917.3,-314.7,0,0.2,0.8,0.6,0.8,0,0,0.0,0.6,-2.0,11.4,28,28,7,2,39,17,28.03,28.49,112,125,2.125,0.875,0.0,0.0,1,5,3,2,2,1,3,0,2,1,0,0,1,2,1,0,7.0,12.971428571428572,0.0,0.0,13.217391304347826,17.513833992094863,5.0,7.0,24.666666666666668,35.6,1.4,0.6,16.0,0.0,11.9
2025-08-23,rc,south_africa,australia,30.0,22.0,w,1916.0,1579.3,336.7,0,0.8,0.6,0.8,0.6,1,0,0.6,0.4,26.0,2.6,7,7,1,6,17,18,30.39,27.38,118,71,2.375,2.25,0.0,0.0,1,0,0,0,1,17,0,0,0,6,3,0,8,1,0,0,7.457142857142857,6.114285714285714,0.0,0.0,14.723320158102768,9.620553359683795,6.0,12.0,29.133333333333333,19.533333333333335,0.6,0.4,14.2,0.1,21.3
2025-08-23,rc,argentina,new_zealand,29.0,23.0,w,1593.1,1926.8,-333.7,0,0.2,1.0,0.4,0.8,1,0,0.0,0.6,-4.8,15.0,7,7,7,2,40,18,28.02,27.67,113,126,2.625,1.5,1.0,0.0,2,6,3,3,3,2,1,1,3,2,0,0,2,3,2,0,8.019047619047619,13.780952380952382,0.0,0.0,14.818181818181818,15.561264822134387,13.0,14.0,24.8,36.46666666666667,1.2,1.0,12.6,0.0,13.5
2025-09-06,rc,australia,argentina,28.0,24.0,w,1575.7,1621.1,-45.3,0,0.4,0.4,0.4,0.2,0,2,0.4,0.2,0.4,-0.8,14,14,6,7,19,41,26.92,26.62,72,114,1.25,4.625,0.0,0.0,1,0,5,0,1,3,0,0,0,7,16,0,0,12,2,0,6.714285714285714,12.666666666666666,0.0,0.0,9.944664031620553,12.600790513833992,12.0,12.0,20.2,32.06666666666667,0.4,0.8,27.5,0.0,25.4
2025-09-06,rc,new_zealand,south_africa,24.0,17.0,w,1898.8,1919.5,-20.7,0,0.8,0.8,1.0,0.8,0,0,0.6,0.6,10.2,21.0,14,14,1,3,19,18,27.95,30.31,127,119,2.375,3.5,0.0,0.0,4,8,0,1,1,4,1,0,2,3,1,0,2,18,2,0,12.752380952380953,16.723809523809525,0.0,1.0,15.648221343873518,18.25296442687747,12.0,11.0,35.333333333333336,43.666666666666664,1.2,0.8,11.3,0.0,21.4
2025-09-13,rc,australia,argentina,26.0,28.0,l,1590.8,1606.0,-15.1,0,0.6,0.4,0.6,0.2,0,3,0.6,0.2,2.8,3.0,7,7,6,7,20,42,27.28,26.63,73,115,1.125,3.125,0.0,0.0,2,0,6,0,0,0,1,0,1,7,0,2,1,13,1,0,6.980952380952381,11.657142857142857,0.0,1.0,10.442687747035572,13.059288537549406,11.0,12.0,21.6,30.0,0.0,1.0,18.4,0.0,12.3
2025-09-13,rc,new_zealand,south_africa,10.0,43.0,l,1917.0,1901.2,15.8,0,0.8,0.6,1.0,0.6,0,1,0.8,0.6,10.8,16.0,7,7,1,2,20,19,27.37,29.39,128,120,2.5,2.0,0.0,0.0,5,9,1,0,0,5,0,0,3,0,11,0,2,0,0,0,10.0,7.314285714285714,0.0,0.0,11.42687747035573,11.50197628458498,10.0,8.0,31.533333333333335,27.933333333333334,1.2,1.0,12.1,0.0,30.5
2025-09-27,rc,new_zealand,australia,33.0,24.0,w,1874.5,1578.5,296.0,0,0.6,0.6,0.8,0.4,1,1,0.8,0.6,-1.0,3.0,14,14,1,6,21,21,27.41,27.28,129,74,3.25,1.125,0.0,0.0,14,0,2,0,4,6,0,0,3,2,2,0,0,2,0,0,10.914285714285715,6.0476190476190474,0.0,0.0,14.027667984189723,10.126482213438734,11.0,9.0,31.733333333333334,19.533333333333335,1.0,0.2,15.4,0.0,8.1
2025-09-27,rc,south_africa,argentina,67.0,30.0,w,1943.7,1618.3,325.5,0,0.6,0.6,0.8,0.4,0,0,0.6,0.2,13.6,4.4,14,14,3,7,20,43,29.68,27.52,121,116,2.5,3.25,0.0,0.0,0,4,12,0,3,1,0,0,2,1,4,1,2,14,2,0,10.60952380952381,11.057142857142857,0.0,0.0,13.992094861660078,15.047430830039525,12.0,12.0,34.46666666666667,29.866666666666667,0.4,1.0,23.2,0.0,20.4
2025-10-04,rc,australia,new_zealand,14.0,28.0,l,1573.9,1879.1,-305.2,0,0.4,0.6,0.4,0.6,1,1,0.4,0.8,-0.8,-1.2,7,7,7,3,22,22,27.82,27.51,75,130,1.5,0.625,0.0,0.0,0,7,3,2,0,0,0,0,0,3,0,0,2,0,0,0,6.571428571428571,6.857142857142857,0.0,0.0,9.055335968379447,12.173913043478262,10.0,8.0,19.933333333333334,26.6,0.4,1.0,17.2,1.1,15.2
2025-10-04,rc,argentina,south_africa,27.0,29.0,l,1612.1,1950.0,-337.9,1,0.4,0.6,nan,nan,nan,nan,0.2,0.6,-10.0,12.0,7,7,6,1,44,21,26.81,30.04,117,122,1.25,3.875,0.0,1.0,0,8,2,0,0,0,0,0,4,5,13,1,4,2,1,1,9.742857142857142,12.923809523809524,0.0,1.0,11.786561264822135,20.474308300395258,7.0,14.0,31.933333333333334,37.333333333333336,0.6,0.6,20.9,0.0,14.5
2025-11-01,tour,england,australia,25.0,7.0,w,1723.4,1569.8,153.6,0,1.0,0.4,0.8,0.4,0,0,0.4,0.2,28.0,-3.4,105,7,5,7,36,24,27.37,27.36,67,77,4.125,2.0,0.0,0.0,1,16,0,6,8,0,0,2,0,6,7,0,2,1,0,0,6.3428571428571425,8.114285714285714,0.0,0.0,10.225296442687746,9.703557312252965,3.0,7.0,19.866666666666667,22.0,0.6,0.8,14.8,0.0,17.9
2025-11-01,eoyt,ireland,new_zealand,13.0,26.0,l,1925.7,1888.5,37.2,0,0.8,0.6,0.8,0.6,1,0,0.8,0.8,25.4,-1.8,112,28,3,3,2,23,29.72,27.31,61,131,5.75,2.125,0.0,0.0,16,21,0,0,8,1,0,0,5,4,1,1,5,0,1,0,12.076190476190476,11.133333333333333,0.0,0.0,17.679841897233203,13.83399209486166,5.0,12.0,27.0,33.4,1.0,0.6,9.7,0.0,6.5
2025-11-08,eoyt,france,south_africa,17.0,32.0,l,1832.8,1953.8,-120.9,0,0.4,0.8,1.0,0.8,0,0,0.6,0.6,-1.2,23.8,112,7,4,1,63,23,27.28,30.61,63,124,1.625,9.5,0.0,0.0,0,5,0,0,0,0,8,0,1,40,14,6,6,3,6,0,5.647619047619048,17.16190476190476,0.0,0.0,7.557312252964427,17.849802371541504,4.0,10.0,18.2,44.53333333333333,1.0,0.6,10.0,0.0,6.5
2025-11-08,eoyt,italy,australia,26.0,19.0,w,1473.9,1557.4,-83.5,0,0.2,0.2,0.4,0.4,1,1,0.0,0.2,-4.8,-7.8,119,7,10,7,19,25,27.05,27.12,116,78,6.875,2.375,0.0,0.0,10,3,0,1,21,18,2,0,4,7,4,4,0,0,0,0,12.81904761904762,7.725274725274725,0.0,0.0,16.07509881422925,9.393939393939394,8.0,11.0,27.8,20.933333333333334,1.6,0.8,9.6,0.0,5.8
2025-11-08,eoyt,scotland,new_zealand,17.0,25.0,l,1669.9,1921.5,-251.6,0,0.6,0.8,0.8,0.8,0,0,0.2,1.0,17.2,2.0,7,7,8,2,124,24,29.32,27.09,124,132,3.75,1.75,0.0,0.0,0,9,0,2,19,0,0,0,6,0,0,0,6,0,2,0,9.380952380952381,7.219047619047619,0.0,0.0,12.1699604743083,10.948616600790514,4.0,12.0,29.533333333333335,26.866666666666667,1.0,0.0,13.3,0.1,10.2
2025-11-09,eoyt,wales,argentina,28.0,52.0,l,1375.0,1609.7,-234.7,0,0.2,0.4,0.0,0.2,9,1,0.0,0.2,-13.0,-7.0,120,36,14,6,5,45,27.25,27.56,130,118,1.125,1.5,0.0,0.0,0,6,0,0,0,0,3,0,3,3,4,0,1,1,0,0,4.666666666666667,10.961904761904762,0.0,0.0,6.051383399209486,14.75098814229249,8.0,11.0,19.6,33.4,0.2,0.6,13.8,0.1,19.3
2025-11-15,tour,england,new_zealand,33.0,19.0,w,1743.1,1931.3,-188.3,0,1.0,0.8,1.0,0.8,0,0,0.4,1.0,20.2,2.2,7,7,4,2,38,25,27.55,27.52,69,133,1.625,3.4,0.0,0.0,2,0,1,0,9,0,1,0,7,nan,2,nan,7,0,1,nan,6.561904761904762,nan,0.0,nan,12.699604743083004,15.268398268398268,8.0,nan,20.6,nan,0.8,0.6,13.2,0.0,7.9
2025-11-15,eoyt,ireland,australia,46.0,19.0,w,1893.5,1536.0,357.5,0,0.8,0.2,0.6,0.2,0,2,0.8,0.2,30.2,-8.8,7,7,3,7,2,26,29.18,27.18,63,79,3.875,1.75,0.0,0.0,0,23,2,1,5,0,0,0,1,1,8,0,0,3,1,0,10.571428571428571,7.666666666666667,0.0,0.0,14.731225296442688,11.50197628458498,6.0,9.0,25.933333333333334,22.8,0.8,1.0,11.4,0.0,13.8
2025-11-15,eoyt,italy,south_africa,14.0,32.0,l,1495.3,1975.5,-480.2,0,0.4,1.0,0.6,0.8,0,0,0.2,0.6,1.2,28.2,7,7,10,1,20,24,26.96,29.1,117,125,7.625,0.125,1.0,0.0,9,4,1,2,22,19,3,1,0,0,0,0,1,0,0,0,13.285714285714286,3.1142857142857143,1.0,0.0,16.24505928853755,7.909090909090909,14.0,4.0,27.066666666666666,19.866666666666667,1.6,0.8,24.0,0.0,20.4
2025-11-16,eoyt,scotland,argentina,24.0,33.0,l,1660.1,1625.3,34.8,0,0.4,0.4,0.6,0.4,1,0,0.0,0.2,14.4,-3.4,8,7,8,6,125,46,29.42,27.26,125,119,2.6666666666666665,2.875,0.0,0.0,1,10,0,3,nan,1,1,nan,4,9,2,3,2,0,3,0,nan,8.247619047619047,nan,0.0,14.017316017316018,13.861660079051383,nan,10.0,nan,27.666666666666668,1.0,0.6,5.3,0.0,9.0
2025-11-22,eoyt,ireland,south_africa,13.0,24.0,l,1898.3,1979.4,-81.1,0,0.8,1.0,0.6,0.8,0,0,0.8,0.6,34.6,25.2,7,7,3,1,3,25,29.54,30.35,64,126,7.375,4.75,0.0,0.0,17,24,2,8,6,1,1,0,2,6,15,2,7,4,0,2,19.047619047619047,16.133333333333333,0.0,1.0,18.652173913043477,19.23715415019763,11.0,4.0,33.86666666666667,42.6,0.8,1.4,7.7,0.0,13.7
2025-11-22,eoyt,wales,new_zealand,26.0,52.0,l,1362.9,1897.6,-534.7,0,0.4,0.8,0.2,0.6,0,1,0.0,1.0,-14.6,6.0,7,7,12,2,2,26,26.33,27.27,132,134,1.375,1.25,0.0,0.0,1,8,0,0,2,0,0,0,0,5,0,0,5,0,0,0,3.0285714285714285,5.266666666666667,0.0,0.0,5.169960474308301,9.869565217391305,9.0,4.0,14.733333333333333,23.8,0.8,0.8,9.4,0.4,16.1
2025-11-23,tour,england,argentina,27.0,23.0,w,1776.8,1654.0,122.9,0,1.0,0.6,1.0,0.6,0,0,0.6,0.4,18.4,-0.8,8,7,4,6,39,47,27.76,27.48,70,120,0.625,1.875,0.0,0.0,0,1,2,0,2,0,0,0,0,10,0,1,0,0,4,0,6.4,10.152380952380952,0.0,0.0,12.189723320158103,15.636363636363637,8.0,10.0,22.0,32.06666666666667,0.6,0.6,9.2,0.0,15.3
2025-11-29,eoyt,wales,south_africa,0.0,73.0,l,1359.6,2001.9,-642.3,0,0.4,1.0,0.2,1.0,1,0,0.0,0.6,-9.0,20.0,7,7,12,1,3,26,26.24,29.63,133,127,0.25,1.0,0.0,0.0,1,0,0,0,1,0,0,0,0,0,7,0,1,0,0,0,2.2666666666666666,5.352380952380952,0.0,0.0,2.739130434782609,12.090909090909092,7.0,7.0,11.733333333333333,24.733333333333334,1.2,1.4,7.3,0.0,15.0
2026-02-05,6n,france,ireland,36.0,14.0,w,1821.0,1875.8,-54.8,0,0.4,0.6,0.8,1.0,0,0,0.4,0.6,-4.6,26.6,75,75,5,4,66,4,,,66,65,1.625,2.875,0.0,0.0,0,0,0,0,12,0,1,0,0,8,0,7,7,0,1,0,6.380952380952381,7.114285714285714,0.0,0.0,7.66798418972332,11.818181818181818,7.0,8.0,20.8,21.8,0.8,1.8,9.0,0.1,11.0
2026-02-07,6n,england,wales,48.0,7.0,w,1784.7,1357.4,427.3,0,1.0,0.4,1.0,0.2,0,0,0.6,0.0,18.2,-22.6,76,70,3,11,40,4,28.01,27.05,71,134,1.875,2.125,0.0,0.0,0,1,3,0,10,1,0,0,3,9,1,1,3,0,0,0,7.095238095238095,5.466666666666667,0.0,0.0,11.209486166007904,7.177865612648222,7.0,5.0,21.066666666666666,22.333333333333332,0.6,1.6,29.2,0.0,12.4
2026-02-07,6n,italy,scotland,18.0,15.0,w,1508.4,1638.7,-130.3,0,0.4,0.6,0.6,0.4,0,0,0.2,0.0,-11.8,30.6,77,76,10,9,22,127,26.76,29.37,119,127,5.25,7.25,0.0,0.0,11,5,2,3,1,20,0,0,4,11,4,4,20,14,0,1,13.228571428571428,13.123809523809523,0.0,0.0,14.454545454545455,15.58498023715415,7.0,4.0,29.133333333333333,34.06666666666667,1.0,0.2,12.2,0.0,6.0
2026-02-14,6n,scotland,england,31.0,20.0,w,1623.0,1788.3,-165.3,0,0.4,1.0,0.6,0.8,0,0,0.0,0.6,24.2,19.4,7,7,9,3,128,41,29.52,27.89,128,72,5.625,4.625,0.0,0.0,0,0,8,0,21,15,1,0,1,17,4,1,11,2,1,0,10.266666666666667,8.466666666666667,0.0,0.0,15.320158102766799,11.181818181818182,11.0,13.0,30.666666666666668,23.333333333333332,0.4,1.0,2.2,0.0,6.5
2026-02-14,6n,ireland,italy,20.0,13.0,w,1845.7,1524.1,321.6,0,0.4,0.6,0.4,0.2,1,2,0.6,0.4,2.4,-7.6,9,7,4,10,5,23,28.84,26.41,66,120,1.375,3.5,0.0,0.0,1,6,0,1,2,1,0,0,12,6,3,4,2,0,1,0,5.742857142857143,11.466666666666667,0.0,0.0,11.75098814229249,13.391304347826088,9.0,14.0,19.733333333333334,27.266666666666666,1.8,0.6,5.5,0.0,11.4
2026-02-15,6n,wales,france,12.0,54.0,l,1353.8,1851.1,-497.3,0,0.2,0.6,0.2,0.2,2,3,0.0,0.6,-32.6,5.0,8,10,11,5,5,67,27.28,27.0,135,67,2.125,2.375,0.0,0.0,0,10,1,1,4,0,1,0,1,1,1,1,13,0,2,0,6.123809523809523,5.961904761904762,0.0,0.0,8.691699604743082,7.0395256916996045,11.0,13.0,24.466666666666665,20.0,2.4,0.6,9.7,0.3,30.5
2026-02-21,6n,england,ireland,21.0,42.0,l,1758.4,1849.3,-90.9,0,0.8,0.6,1.0,0.8,0,1,0.6,0.6,13.6,6.4,7,7,3,5,42,6,27.73,29.61,73,67,4.125,2.875,0.0,0.0,2,18,0,0,12,1,0,0,0,7,4,0,9,2,1,0,9.59047619047619,14.485714285714286,0.0,0.0,13.996047430830039,14.640316205533598,12.0,10.0,25.6,30.666666666666668,1.4,1.6,30.5,0.0,12.3
2026-02-21,6n,wales,scotland,23.0,26.0,l,1349.2,1652.9,-303.7,0,0.2,0.4,0.2,0.2,3,1,0.0,0.2,-36.2,9.4,6,7,11,10,6,129,27.13,29.9,136,129,0.75,5.375,0.0,0.0,1,0,1,0,4,0,0,0,0,0,0,0,22,16,5,0,5.0285714285714285,11.761904761904763,0.0,0.0,8.375494071146244,18.09486166007905,11.0,10.0,22.533333333333335,33.06666666666667,2.0,0.4,11.2,1.4,27.7
2026-02-22,6n,france,italy,33.0,8.0,w,1855.7,1520.5,335.3,0,0.8,0.6,0.8,0.2,0,3,0.6,0.4,15.4,0.0,7,8,4,9,68,24,27.4,26.84,68,121,1.875,4.625,0.0,0.0,2,7,2,0,4,0,0,0,13,7,4,5,3,1,4,0,5.6380952380952385,13.952380952380953,0.0,1.0,8.391304347826088,15.375494071146244,12.0,14.0,18.666666666666668,29.8,0.6,0.4,11.3,0.8,25.4
2026-03-06,6n,ireland,wales,27.0,17.0,w,1876.3,1344.4,531.9,0,0.6,0.0,0.6,0.2,0,1,0.6,0.0,4.4,-37.0,13,13,5,11,7,7,29.23,27.34,68,137,5.625,1.5,0.0,0.0,0,25,1,6,10,3,0,0,2,1,0,1,5,1,2,0,9.161904761904761,6.123809523809523,0.0,0.0,10.691699604743082,9.644268774703557,10.0,12.0,25.4,23.866666666666667,1.6,1.8,5.8,0.0,10.0
2026-03-07,6n,italy,england,23.0,18.0,w,1515.2,1731.3,-216.1,0,0.4,0.6,0.6,0.8,0,1,0.4,0.6,-6.4,5.4,13,14,10,4,25,43,27.09,27.72,122,74,7.25,1.125,0.0,0.0,14,8,5,6,2,21,2,0,1,2,5,1,0,0,0,0,15.60952380952381,6.314285714285714,1.0,0.0,18.118577075098813,10.33596837944664,12.0,5.0,31.8,21.466666666666665,0.6,1.8,15.4,0.0,9.4
2026-03-07,6n,scotland,france,50.0,40.0,w,1657.7,1861.0,-203.3,0,0.6,1.0,0.6,0.4,0,0,0.2,0.6,11.6,23.4,14,13,9,3,130,69,29.62,27.78,130,69,6.125,3.625,0.0,1.0,0,1,5,1,23,17,2,0,3,2,3,2,14,1,3,1,13.342857142857143,8.552380952380952,0.0,1.0,19.363636363636363,11.391304347826088,10.0,10.0,34.4,23.333333333333332,0.4,0.4,8.5,0.0,16.0
2026-03-14,6n,france,england,48.0,46.0,w,1830.5,1708.1,122.3,0,0.8,0.4,0.8,0.6,0,2,0.6,0.6,18.8,1.6,7,7,4,5,70,44,27.64,27.74,70,75,4.0,1.375,0.0,0.0,4,8,0,0,15,1,4,0,2,3,0,2,1,1,1,1,9.0,7.019047619047619,0.0,0.0,10.470355731225297,11.33596837944664,11.0,14.0,23.6,21.866666666666667,0.6,2.0,5.7,0.0,5.4
2026-03-14,6n,wales,italy,31.0,17.0,w,1343.2,1538.4,-195.2,0,0.0,0.6,0.2,0.2,4,4,0.0,0.4,-33.8,-1.8,8,7,12,10,8,26,27.47,26.93,138,123,2.5,8.625,1.0,0.0,3,2,1,2,6,2,3,1,0,25,6,9,4,22,3,0,7.123809523809523,16.304761904761904,1.0,0.0,11.110671936758893,17.446640316205535,15.0,12.0,24.866666666666667,31.8,1.6,0.6,10.2,0.0,10.1
2026-07-04,nc,south_africa,england,45.0,21.0,w,2004.2,1702.7,301.5,0,1.0,0.2,0.8,0.4,0,3,0.6,0.6,34.2,0.4,217,112,1,6,27,45,29.52,27.39,128,76,4.8,0.625,0.0,0.0,5,nan,0,nan,4,8,7,nan,3,0,0,0,0,2,0,0,nan,6.9523809523809526,nan,0.0,13.926406926406926,10.66798418972332,nan,10.0,nan,22.266666666666666,1.6,2.0,14.7,0.0,4.9
2026-07-04,nc,australia,ireland,31.0,33.0,l,1525.3,1888.7,-363.4,0,0.2,0.6,0.4,0.8,2,0,0.0,0.6,-12.4,1.0,231,120,7,3,27,8,27.56,29.93,80,69,1.25,2.5,0.0,0.0,1,0,9,0,0,0,0,0,0,8,0,2,8,2,0,0,6.076190476190476,9.40952380952381,0.0,0.0,11.66798418972332,14.26086956521739,10.0,8.0,20.333333333333332,25.733333333333334,1.0,1.6,12.3,0.0,3.2
2026-07-04,nc,new_zealand,france,34.0,32.0,w,1900.8,1835.9,64.9,0,0.8,0.8,0.8,0.2,0,1,1.0,0.6,9.4,16.2,224,112,2,4,27,71,27.45,26.28,135,71,1.0,0.75,0.0,0.0,8,0,0,0,0,0,0,0,0,0,0,0,6,0,0,0,7.6,1.0761904761904761,0.0,0.0,10.430830039525691,2.4229249011857705,4.0,3.0,27.8,9.2,0.8,0.6,12.8,0.3,21.4
2026-07-04,nc,argentina,scotland,38.0,47.0,l,1646.1,1677.1,-31.1,0,0.4,0.6,0.4,0.4,0,1,0.4,0.4,-2.0,-0.2,223,112,6,7,48,132,27.87,28.99,121,132,3.875,2.25,0.0,0.0,5,21,0,0,4,0,1,0,0,11,7,0,0,0,0,0,8.99047619047619,7.514285714285714,0.0,0.0,13.292490118577074,13.059288537549406,6.0,7.0,31.533333333333335,25.333333333333332,0.4,0.4,8.7,0.0,12.8
2026-07-11,nc,australia,france,26.0,42.0,l,1522.5,1828.9,-306.4,0,0.2,0.6,0.4,0.2,3,2,0.0,0.4,-10.0,11.4,7,7,8,4,28,72,28.02,26.16,81,72,2.0,0.5,0.0,0.0,2,1,10,1,0,0,2,0,0,0,0,0,4,0,0,0,7.295238095238095,1.6571428571428573,0.0,0.0,11.50197628458498,2.719367588932806,13.0,8.0,22.333333333333332,10.8,1.0,0.6,16.7,0.0,4.7
2026-07-11,nc,argentina,wales,35.0,21.0,w,1621.5,1405.6,215.9,0,0.4,0.4,0.4,0.2,1,2,0.2,0.4,3.6,-5.2,7,7,5,11,49,10,28.51,27.39,122,140,3.625,1.5,0.0,0.0,0,22,0,1,5,0,1,0,1,2,2,1,5,1,0,0,8.647619047619047,7.0476190476190474,0.0,0.0,16.23715415019763,10.671936758893281,10.0,12.0,30.533333333333335,25.266666666666666,0.6,0.6,12.9,0.0,15.9
2026-07-11,nc,south_africa,scotland,42.0,28.0,w,2010.5,1701.7,308.7,0,1.0,0.8,0.8,0.6,0,0,0.6,0.4,28.2,2.2,7,7,1,7,28,133,28.15,28.83,129,133,0.25,5.375,0.0,0.0,0,0,0,0,2,0,0,0,5,2,8,0,25,2,1,0,3.1333333333333333,11.838095238095239,0.0,2.0,4.059288537549407,13.154150197628459,5.0,12.0,20.133333333333333,31.6,1.8,0.4,18.0,0.0,7.9
2026-07-11,nc,new_zealand,italy,47.0,17.0,w,1907.8,1464.8,443.0,0,0.8,0.2,0.8,0.0,0,6,1.0,0.4,7.0,-11.6,7,7,2,10,28,28,28.35,26.47,136,125,2.625,7.75,0.0,0.0,15,2,0,2,1,0,1,0,1,10,1,2,24,24,0,0,9.885714285714286,13.285714285714286,0.0,0.0,12.944664031620553,15.600790513833992,10.0,12.0,30.4,31.666666666666668,1.0,0.6,8.8,0.0,15.7
2026-07-18,nc,argentina,england,24.0,31.0,l,1629.8,1709.7,-79.8,0,0.6,0.2,0.6,0.2,0,4,0.2,0.4,6.8,2.6,7,7,7,6,50,47,28.35,27.45,123,78,4.5,2.25,0.0,1.0,0,23,1,2,6,1,2,1,5,2,2,2,2,1,2,2,10.81904761904762,9.257142857142858,0.0,1.0,16.26482213438735,10.608695652173912,13.0,15.0,34.8,24.533333333333335,0.4,1.4,25.9,0.0,19.4
2026-07-18,nc,new_zealand,ireland,40.0,21.0,w,1910.8,1893.2,17.6,0,0.8,1.0,0.8,0.8,0,0,1.0,0.6,10.4,11.2,7,7,2,3,29,10,28.33,30.19,137,71,2.375,3.25,0.0,0.0,16,0,0,0,2,1,0,0,1,9,0,3,9,3,0,1,9.99047619047619,12.752380952380953,0.0,1.0,14.541501976284586,14.608695652173912,11.0,6.0,31.6,29.866666666666667,1.0,0.4,12.6,0.0,11.3
2026-07-18,nc,australia,italy,57.0,10.0,w,1512.8,1461.8,51.0,0,0.0,0.2,0.2,0.0,4,7,0.0,0.4,-14.0,-16.2,7,7,8,10,29,29,27.45,26.84,82,126,1.625,1.0,0.0,0.0,1,2,5,0,1,1,3,0,0,0,1,0,3,0,4,0,7.076190476190476,7.276190476190476,0.0,0.0,12.533596837944664,10.114624505928854,12.0,6.0,22.133333333333333,22.266666666666666,0.8,0.8,15.4,0.0,9.2
2026-07-18,nc,south_africa,wales,43.0,0.0,w,2015.6,1397.2,618.3,0,1.0,0.4,0.8,0.2,0,3,0.6,0.4,28.0,0.4,7,7,1,11,29,11,29.05,27.31,130,141,0.125,1.75,0.0,0.0,0,0,1,0,0,0,0,0,2,0,2,0,8,2,0,0,5.095238095238095,7.0,0.0,0.0,8.039525691699605,9.50197628458498,5.0,9.0,25.533333333333335,23.333333333333332,1.6,0.6,21.7,0.0,3.1
2026-08-08,rc,argentina,south_africa,10.0,17.0,l,1610.9,2016.7,-405.8,0,0.4,1.0,0.4,1.0,1,0,0.2,0.6,0.6,33.0,21,21,7,1,51,30,27.05,29.13,124,131,4.0,6.25,0.0,0.0,0,30,1,0,1,0,0,0,0,41,0,0,8,0,1,0,3.961904761904762,4.895238095238096,0.0,0.0,6.3478260869565215,7.098814229249012,2.0,2.0,23.8,24.8,1.0,1.0,12.4,0.0,17.0
2026-08-22,tour,south_africa,new_zealand,16.0,33.0,l,2020.9,1934.0,87.0,0,1.0,0.8,1.0,0.8,0,0,0.6,1.0,32.2,12.6,14,35,1,2,31,30,,,132,138,3.5,3.125,0.0,0.0,2,7,2,3,1,5,8,0,17,1,1,0,3,2,1,0,14.123809523809523,10.81904761904762,0.0,0.0,16.857707509881422,13.59288537549407,2.0,14.0,40.4,31.733333333333334,0.8,0.6,nan,nan,nan
