date,opposition,shirt,player,started,minutes
16/05/2015,Uruguay,2,Matias Cortese,y,0
16/05/2015,Uruguay,8,Facundo Isa,y,80
16/05/2015,Uruguay,5,Geronimo Albertario,y,0
16/05/2015,Uruguay,14,Matias Orlando,y,80
16/05/2015,Uruguay,1,Bruno Postiglioni,y,0
16/05/2015,Uruguay,19,Lisandro Ahualli De Chazal,n,80
16/05/2015,Uruguay,9,Martín Landajo,y,0
16/05/2015,Uruguay,20,Tomas Lezana,n,80
16/05/2015,Uruguay,11,Manuel Montero,y,0
16/05/2015,Uruguay,6,Pablo Matera,y,0
16/05/2015,Uruguay,18,Santiago Garcia Botta,n,80
16/05/2015,Uruguay,13,Jeronimo de la Fuente,y,80
16/05/2015,Uruguay,10,Santiago Gonzalez Iglesias,y,80
16/05/2015,Uruguay,12,Gabriel Ascarate,y,80
16/05/2015,Uruguay,22,Juan Leon Novillo,n,80
16/05/2015,Uruguay,4,Guido Petti Pagadizabal,y,80
16/05/2015,Uruguay,3,Matias Diaz,y,0
16/05/2015,Uruguay,16,Julian Montoya,n,80
16/05/2015,Uruguay,15,Santiago Cordero,y,0
16/05/2015,Uruguay,7,Javier Ortega Desio,y,80
16/05/2015,Uruguay,17,Lucas Noguera,n,80
16/05/2015,Uruguay,23,Joaquin Paz,n,80
16/05/2015,Uruguay,21,Gregorio Del Prete,n,80
17/07/2015,New Zealand,8,Facundo Isa,y,80
17/07/2015,New Zealand,13,Marcelo Bosch,y,80
17/07/2015,New Zealand,1,Marcos Ayerza,y,63
17/07/2015,New Zealand,3,Ramiro Herrera,y,55
17/07/2015,New Zealand,7,Juan Martín Fernandez Lobbe,y,80
17/07/2015,New Zealand,9,Tomas Cubelli,y,56
17/07/2015,New Zealand,21,Martín Landajo,n,24
17/07/2015,New Zealand,18,Nahuel Tetaz Chaparro,n,25
17/07/2015,New Zealand,10,Nicolas Sanchez,y,80
17/07/2015,New Zealand,15,Joaquin Tuculet,y,56
17/07/2015,New Zealand,12,Jeronimo de la Fuente,y,69
17/07/2015,New Zealand,5,Manuel Carizza,y,80
17/07/2015,New Zealand,22,Santiago Gonzalez Iglesias,n,11
17/07/2015,New Zealand,23,Lucas Gonzalez Amorosino,n,24
17/07/2015,New Zealand,6,Juan Manuel Leguizamon,y,50
17/07/2015,New Zealand,4,Guido Petti Pagadizabal,y,63
17/07/2015,New Zealand,16,Julian Montoya,n,17
17/07/2015,New Zealand,11,Santiago Cordero,y,80
17/07/2015,New Zealand,20,Javier Ortega Desio,n,30
17/07/2015,New Zealand,17,Lucas Noguera,n,17
17/07/2015,New Zealand,19,Benjamin Macome,n,17
17/07/2015,New Zealand,14,Horacio Agulla,y,80
17/07/2015,New Zealand,2,Agustín Creevy,y,63
25/07/2015,Australia,4,Manuel Carizza,y,80
25/07/2015,Australia,22,Santiago Gonzalez Iglesias,n,13
25/07/2015,Australia,14,Gonzalo Camacho,y,56
25/07/2015,Australia,23,Lucas Gonzalez Amorosino,n,24
25/07/2015,Australia,18,Matias Diaz,n,13
25/07/2015,Australia,19,Matias Alemanno,n,13
25/07/2015,Australia,15,Santiago Cordero,y,80
25/07/2015,Australia,6,Javier Ortega Desio,y,80
25/07/2015,Australia,12,Juan Pablo Socino,y,80
25/07/2015,Australia,2,Agustín Creevy,y,73
25/07/2015,Australia,8,Facundo Isa,y,64
25/07/2015,Australia,1,Marcos Ayerza,y,67
25/07/2015,Australia,3,Ramiro Herrera,y,54
25/07/2015,Australia,7,Juan Martín Fernandez Lobbe,y,80
25/07/2015,Australia,21,Tomas Cubelli,n,18
25/07/2015,Australia,11,Juan Imhoff,y,80
25/07/2015,Australia,13,Matias Moroni,y,80
25/07/2015,Australia,9,Martín Landajo,y,62
25/07/2015,Australia,17,Nahuel Tetaz Chaparro,n,26
25/07/2015,Australia,10,Nicolas Sanchez,y,67
25/07/2015,Australia,16,Santiago Iglesias Valdez,n,7
25/07/2015,Australia,5,Tomas Lavanini,y,67
25/07/2015,Australia,20,Leonardo Senatore,n,16
08/08/2015,South Africa,13,Marcelo Bosch,y,80
08/08/2015,South Africa,1,Marcos Ayerza,y,53
08/08/2015,South Africa,9,Tomas Cubelli,y,66
08/08/2015,South Africa,11,Juan Imhoff,y,80
08/08/2015,South Africa,21,Martín Landajo,n,14
08/08/2015,South Africa,3,Nahuel Tetaz Chaparro,y,71
08/08/2015,South Africa,20,Tomas Lezana,n,14
08/08/2015,South Africa,15,Joaquin Tuculet,y,80
08/08/2015,South Africa,6,Pablo Matera,y,80
08/08/2015,South Africa,10,Juan Martín Hernández,y,63
08/08/2015,South Africa,12,Jeronimo de la Fuente,y,56
08/08/2015,South Africa,5,Tomas Lavanini,y,80
08/08/2015,South Africa,8,Leonardo Senatore,y,80
08/08/2015,South Africa,22,Santiago Gonzalez Iglesias,n,24
08/08/2015,South Africa,23,Lucas Gonzalez Amorosino,n,17
08/08/2015,South Africa,7,Juan Manuel Leguizamon,y,66
08/08/2015,South Africa,4,Guido Petti Pagadizabal,y,57
08/08/2015,South Africa,18,Matias Diaz,n,9
08/08/2015,South Africa,19,Matias Alemanno,n,23
08/08/2015,South Africa,16,Julian Montoya,n,12
08/08/2015,South Africa,17,Lucas Noguera,n,27
08/08/2015,South Africa,14,Horacio Agulla,y,80
08/08/2015,South Africa,2,Agustín Creevy,y,68
15/08/2015,South Africa,7,Juan Martín Fernandez Lobbe,y,80
15/08/2015,South Africa,21,Tomas Cubelli,n,21
15/08/2015,South Africa,11,Juan Imhoff,y,80
15/08/2015,South Africa,13,Matias Moroni,y,75
15/08/2015,South Africa,9,Martín Landajo,y,59
15/08/2015,South Africa,3,Nahuel Tetaz Chaparro,y,53
15/08/2015,South Africa,10,Nicolas Sanchez,y,80
15/08/2015,South Africa,6,Tomas Lezana,y,80
15/08/2015,South Africa,15,Joaquin Tuculet,y,59
15/08/2015,South Africa,20,Pablo Matera,n,28
15/08/2015,South Africa,17,Santiago Garcia Botta,n,6
15/08/2015,South Africa,5,Tomas Lavanini,y,80
15/08/2015,South Africa,22,Santiago Gonzalez Iglesias,n,5
15/08/2015,South Africa,23,Lucas Gonzalez Amorosino,n,21
15/08/2015,South Africa,8,Juan Manuel Leguizamon,y,52
15/08/2015,South Africa,18,Juan Pablo Orlandi,n,27
15/08/2015,South Africa,19,Matias Alemanno,n,28
15/08/2015,South Africa,16,Julian Montoya,n,40
15/08/2015,South Africa,14,Santiago Cordero,y,80
15/08/2015,South Africa,1,Lucas Noguera,y,74
15/08/2015,South Africa,4,Benjamin Macome,y,52
15/08/2015,South Africa,12,Juan Pablo Socino,y,80
15/08/2015,South Africa,2,Agustín Creevy,y,40
20/09/2015,New Zealand,13,Marcelo Bosch,y,80
20/09/2015,New Zealand,1,Marcos Ayerza,y,80
20/09/2015,New Zealand,18,Ramiro Herrera,n,26
20/09/2015,New Zealand,7,Juan Martín Fernandez Lobbe,y,80
20/09/2015,New Zealand,9,Tomas Cubelli,y,61
20/09/2015,New Zealand,11,Juan Imhoff,y,80
20/09/2015,New Zealand,19,Mariano Galarza,n,58
20/09/2015,New Zealand,21,Martín Landajo,n,19
20/09/2015,New Zealand,3,Nahuel Tetaz Chaparro,y,54
20/09/2015,New Zealand,10,Nicolas Sanchez,y,68
20/09/2015,New Zealand,15,Joaquin Tuculet,y,69
20/09/2015,New Zealand,6,Pablo Matera,y,58
20/09/2015,New Zealand,12,Juan Martín Hernández,y,80
20/09/2015,New Zealand,22,Jeronimo de la Fuente,n,12
20/09/2015,New Zealand,5,Tomas Lavanini,y,80
20/09/2015,New Zealand,8,Leonardo Senatore,y,64
20/09/2015,New Zealand,23,Lucas Gonzalez Amorosino,n,11
20/09/2015,New Zealand,20,Juan Manuel Leguizamon,n,22
20/09/2015,New Zealand,4,Guido Petti Pagadizabal,y,22
20/09/2015,New Zealand,16,Julian Montoya,n,16
20/09/2015,New Zealand,14,Santiago Cordero,y,80
20/09/2015,New Zealand,17,Lucas Noguera,n,11
20/09/2015,New Zealand,2,Agustín Creevy,y,69
25/09/2015,Georgia,8,Facundo Isa,y,80
25/09/2015,Georgia,13,Marcelo Bosch,y,80
25/09/2015,Georgia,1,Marcos Ayerza,y,68
25/09/2015,Georgia,18,Ramiro Herrera,n,22
25/09/2015,Georgia,7,Juan Martín Fernandez Lobbe,y,65
25/09/2015,Georgia,9,Tomas Cubelli,y,58
25/09/2015,Georgia,11,Juan Imhoff,y,80
25/09/2015,Georgia,21,Martín Landajo,n,22
25/09/2015,Georgia,3,Nahuel Tetaz Chaparro,y,58
25/09/2015,Georgia,10,Nicolas Sanchez,y,65
25/09/2015,Georgia,15,Joaquin Tuculet,y,80
25/09/2015,Georgia,20,Pablo Matera,n,22
25/09/2015,Georgia,12,Juan Martín Hernández,y,36
25/09/2015,Georgia,22,Jeronimo de la Fuente,n,44
25/09/2015,Georgia,5,Tomas Lavanini,y,80
25/09/2015,Georgia,23,Lucas Gonzalez Amorosino,n,15
25/09/2015,Georgia,6,Juan Manuel Leguizamon,y,58
25/09/2015,Georgia,4,Matias Alemanno,y,80
25/09/2015,Georgia,16,Julian Montoya,n,17
25/09/2015,Georgia,14,Santiago Cordero,y,80
25/09/2015,Georgia,19,Javier Ortega Desio,n,15
25/09/2015,Georgia,17,Lucas Noguera,n,12
25/09/2015,Georgia,2,Agustín Creevy,y,63
04/10/2015,Tonga,20,Facundo Isa,n,29
04/10/2015,Tonga,1,Marcos Ayerza,y,65
04/10/2015,Tonga,3,Ramiro Herrera,y,65
04/10/2015,Tonga,7,Juan Martín Fernandez Lobbe,y,80
04/10/2015,Tonga,21,Tomas Cubelli,n,15
04/10/2015,Tonga,11,Juan Imhoff,y,58
04/10/2015,Tonga,13,Matias Moroni,y,70
04/10/2015,Tonga,9,Martín Landajo,y,65
04/10/2015,Tonga,10,Nicolas Sanchez,y,80
04/10/2015,Tonga,15,Joaquin Tuculet,y,80
04/10/2015,Tonga,6,Pablo Matera,y,80
04/10/2015,Tonga,12,Jeronimo de la Fuente,y,80
04/10/2015,Tonga,5,Tomas Lavanini,y,80
04/10/2015,Tonga,8,Leonardo Senatore,y,51
04/10/2015,Tonga,22,Santiago Gonzalez Iglesias,n,10
04/10/2015,Tonga,4,Guido Petti Pagadizabal,y,65
04/10/2015,Tonga,18,Juan Pablo Orlandi,n,15
04/10/2015,Tonga,19,Matias Alemanno,n,15
04/10/2015,Tonga,16,Julian Montoya,n,15
04/10/2015,Tonga,14,Santiago Cordero,y,80
04/10/2015,Tonga,17,Lucas Noguera,n,15
04/10/2015,Tonga,23,Horacio Agulla,n,22
04/10/2015,Tonga,2,Agustín Creevy,y,65
11/10/2015,Namibia,8,Facundo Isa,y,80
11/10/2015,Namibia,22,Marcelo Bosch,n,29
11/10/2015,Namibia,17,Marcos Ayerza,n,0
11/10/2015,Namibia,18,Ramiro Herrera,n,27
11/10/2015,Namibia,20,Juan Martín Fernandez Lobbe,n,20
11/10/2015,Namibia,21,Tomas Cubelli,n,27
11/10/2015,Namibia,23,Juan Imhoff,n,15
11/10/2015,Namibia,14,Matias Moroni,y,80
11/10/2015,Namibia,9,Martín Landajo,y,53
11/10/2015,Namibia,6,Pablo Matera,y,50
11/10/2015,Namibia,10,Juan Martín Hernández,y,51
11/10/2015,Namibia,19,Leonardo Senatore,n,30
11/10/2015,Namibia,13,Santiago Gonzalez Iglesias,y,65
11/10/2015,Namibia,15,Lucas Gonzalez Amorosino,y,80
11/10/2015,Namibia,4,Guido Petti Pagadizabal,y,80
11/10/2015,Namibia,3,Juan Pablo Orlandi,y,53
11/10/2015,Namibia,5,Matias Alemanno,y,60
11/10/2015,Namibia,2,Julian Montoya,y,70
11/10/2015,Namibia,7,Javier Ortega Desio,y,80
11/10/2015,Namibia,1,Lucas Noguera,y,80
11/10/2015,Namibia,11,Horacio Agulla,y,80
11/10/2015,Namibia,12,Juan Pablo Socino,y,80
11/10/2015,Namibia,16,Agustín Creevy,n,10
18/10/2015,Ireland,20,Facundo Isa,n,30
18/10/2015,Ireland,1,Marcos Ayerza,y,67
18/10/2015,Ireland,3,Ramiro Herrera,y,72
18/10/2015,Ireland,7,Juan Martín Fernandez Lobbe,y,80
18/10/2015,Ireland,21,Tomas Cubelli,n,28
18/10/2015,Ireland,11,Juan Imhoff,y,80
18/10/2015,Ireland,13,Matias Moroni,y,68
18/10/2015,Ireland,9,Martín Landajo,y,52
18/10/2015,Ireland,10,Nicolas Sanchez,y,80
18/10/2015,Ireland,15,Joaquin Tuculet,y,80
18/10/2015,Ireland,6,Pablo Matera,y,80
18/10/2015,Ireland,12,Juan Martín Hernández,y,80
18/10/2015,Ireland,22,Jeronimo de la Fuente,n,12
18/10/2015,Ireland,5,Tomas Lavanini,y,80
18/10/2015,Ireland,8,Leonardo Senatore,y,46
18/10/2015,Ireland,23,Lucas Gonzalez Amorosino,n,0
18/10/2015,Ireland,4,Guido Petti Pagadizabal,y,60
18/10/2015,Ireland,18,Juan Pablo Orlandi,n,13
18/10/2015,Ireland,19,Matias Alemanno,n,20
18/10/2015,Ireland,16,Julian Montoya,n,25
18/10/2015,Ireland,14,Santiago Cordero,y,80
18/10/2015,Ireland,17,Lucas Noguera,n,13
18/10/2015,Ireland,2,Agustín Creevy,y,55
25/10/2015,Australia,18,Juan Figallo,n,19
25/10/2015,Australia,20,Facundo Isa,n,32
25/10/2015,Australia,13,Marcelo Bosch,y,80
25/10/2015,Australia,1,Marcos Ayerza,y,61
25/10/2015,Australia,3,Ramiro Herrera,y,61
25/10/2015,Australia,7,Juan Martín Fernandez Lobbe,y,80
25/10/2015,Australia,21,Tomas Cubelli,n,24
25/10/2015,Australia,11,Juan Imhoff,y,17
25/10/2015,Australia,9,Martín Landajo,y,56
25/10/2015,Australia,10,Nicolas Sanchez,y,80
25/10/2015,Australia,15,Joaquin Tuculet,y,80
25/10/2015,Australia,6,Pablo Matera,y,80
25/10/2015,Australia,12,Juan Martín Hernández,y,44
25/10/2015,Australia,22,Jeronimo de la Fuente,n,36
25/10/2015,Australia,5,Tomas Lavanini,y,80
25/10/2015,Australia,8,Leonardo Senatore,y,48
25/10/2015,Australia,23,Lucas Gonzalez Amorosino,n,63
25/10/2015,Australia,4,Guido Petti Pagadizabal,y,58
25/10/2015,Australia,19,Matias Alemanno,n,22
25/10/2015,Australia,16,Julian Montoya,n,50
25/10/2015,Australia,14,Santiago Cordero,y,80
25/10/2015,Australia,17,Lucas Noguera,n,19
25/10/2015,Australia,2,Agustín Creevy,y,30
30/10/2015,South Africa,1,Juan Figallo,y,60
30/10/2015,South Africa,20,Facundo Isa,n,28
30/10/2015,South Africa,3,Ramiro Herrera,y,55
30/10/2015,South Africa,7,Juan Martín Fernandez Lobbe,y,52
30/10/2015,South Africa,9,Tomas Cubelli,y,52
30/10/2015,South Africa,13,Matias Moroni,y,80
30/10/2015,South Africa,21,Martín Landajo,n,28
30/10/2015,South Africa,10,Nicolas Sanchez,y,80
30/10/2015,South Africa,18,Santiago Garcia Botta,n,3
30/10/2015,South Africa,12,Jeronimo de la Fuente,y,70
30/10/2015,South Africa,5,Tomas Lavanini,y,80
30/10/2015,South Africa,22,Santiago Gonzalez Iglesias,n,10
30/10/2015,South Africa,15,Lucas Gonzalez Amorosino,y,80
30/10/2015,South Africa,8,Juan Manuel Leguizamon,y,80
30/10/2015,South Africa,19,Guido Petti Pagadizabal,n,33
30/10/2015,South Africa,17,Juan Pablo Orlandi,n,25
30/10/2015,South Africa,4,Matias Alemanno,y,47
30/10/2015,South Africa,2,Julian Montoya,y,77
30/10/2015,South Africa,14,Santiago Cordero,y,80
30/10/2015,South Africa,6,Javier Ortega Desio,y,80
30/10/2015,South Africa,16,Lucas Noguera,n,20
30/10/2015,South Africa,11,Horacio Agulla,y,58
30/10/2015,South Africa,23,Juan Pablo Socino,n,22
11/06/2016,Italy,8,Facundo Isa,y,80
11/06/2016,Italy,18,Enrique Pieretto Heiland,n,3
11/06/2016,Italy,21,Tomas Cubelli,n,18
11/06/2016,Italy,13,Matias Moroni,y,62
11/06/2016,Italy,9,Martín Landajo,y,62
11/06/2016,Italy,3,Nahuel Tetaz Chaparro,y,77
11/06/2016,Italy,10,Nicolas Sanchez,y,80
11/06/2016,Italy,7,Tomas Lezana,y,66
11/06/2016,Italy,11,Manuel Montero,y,80
11/06/2016,Italy,15,Joaquin Tuculet,y,80
11/06/2016,Italy,6,Pablo Matera,y,80
11/06/2016,Italy,12,Juan Martín Hernández,y,80
11/06/2016,Italy,1,Santiago Garcia Botta,y,80
11/06/2016,Italy,22,Jeronimo de la Fuente,n,18
11/06/2016,Italy,20,Juan Manuel Leguizamon,n,14
11/06/2016,Italy,23,Ramiro Moyano,n,7
11/06/2016,Italy,4,Guido Petti Pagadizabal,y,80
11/06/2016,Italy,5,Matias Alemanno,y,59
11/06/2016,Italy,16,Julian Montoya,n,13
11/06/2016,Italy,14,Santiago Cordero,y,73
11/06/2016,Italy,19,Javier Ortega Desio,n,21
11/06/2016,Italy,17,Felipe Arregui,n,0
11/06/2016,Italy,2,Agustín Creevy,y,67
19/06/2016,France,8,Facundo Isa,y,80
19/06/2016,France,18,Enrique Pieretto Heiland,n,0
19/06/2016,France,3,Ramiro Herrera,y,80
19/06/2016,France,21,Tomas Cubelli,n,18
19/06/2016,France,13,Matias Moroni,y,80
19/06/2016,France,9,Martín Landajo,y,62
19/06/2016,France,1,Nahuel Tetaz Chaparro,y,80
19/06/2016,France,10,Nicolas Sanchez,y,80
19/06/2016,France,7,Tomas Lezana,y,60
19/06/2016,France,11,Manuel Montero,y,80
19/06/2016,France,15,Joaquin Tuculet,y,76
19/06/2016,France,6,Pablo Matera,y,80
19/06/2016,France,12,Juan Martín Hernández,y,22
19/06/2016,France,17,Santiago Garcia Botta,n,0
19/06/2016,France,22,Santiago Gonzalez Iglesias,n,58
19/06/2016,France,20,Juan Manuel Leguizamon,n,20
19/06/2016,France,23,Ramiro Moyano,n,4
19/06/2016,France,4,Guido Petti Pagadizabal,y,80
19/06/2016,France,16,Julian Montoya,n,14
19/06/2016,France,14,Santiago Cordero,y,80
19/06/2016,France,5,Javier Ortega Desio,y,80
19/06/2016,France,2,Agustín Creevy,y,66
19/06/2016,France,19,Ignacio Larrague,n,0
25/06/2016,France,8,Facundo Isa,y,55
25/06/2016,France,18,Enrique Pieretto Heiland,n,8
25/06/2016,France,3,Ramiro Herrera,y,72
25/06/2016,France,22,Matias Orlando,n,12
25/06/2016,France,9,Tomas Cubelli,y,59
25/06/2016,France,13,Matias Moroni,y,68
25/06/2016,France,21,Martín Landajo,n,21
25/06/2016,France,1,Nahuel Tetaz Chaparro,y,64
25/06/2016,France,10,Nicolas Sanchez,y,80
25/06/2016,France,19,Tomas Lezana,n,28
25/06/2016,France,11,Manuel Montero,y,80
25/06/2016,France,15,Joaquin Tuculet,y,80
25/06/2016,France,6,Pablo Matera,y,52
25/06/2016,France,17,Santiago Garcia Botta,n,16
25/06/2016,France,12,Jeronimo de la Fuente,y,80
25/06/2016,France,5,Tomas Lavanini,y,80
25/06/2016,France,23,Lucas Gonzalez Amorosino,n,16
25/06/2016,France,20,Juan Manuel Leguizamon,n,25
25/06/2016,France,4,Guido Petti Pagadizabal,y,80
25/06/2016,France,16,Julian Montoya,n,21
25/06/2016,France,14,Santiago Cordero,y,64
25/06/2016,France,7,Javier Ortega Desio,y,80
25/06/2016,France,2,Agustín Creevy,y,59
20/08/2016,South Africa,8,Facundo Isa,y,80
20/08/2016,South Africa,18,Enrique Pieretto Heiland,n,0
20/08/2016,South Africa,3,Ramiro Herrera,y,80
20/08/2016,South Africa,13,Matias Orlando,y,76
20/08/2016,South Africa,21,Tomas Cubelli,n,24
20/08/2016,South Africa,9,Martín Landajo,y,56
20/08/2016,South Africa,1,Nahuel Tetaz Chaparro,y,80
20/08/2016,South Africa,10,Nicolas Sanchez,y,80
20/08/2016,South Africa,11,Manuel Montero,y,80
20/08/2016,South Africa,15,Joaquin Tuculet,y,80
20/08/2016,South Africa,6,Pablo Matera,y,80
20/08/2016,South Africa,12,Juan Martín Hernández,y,80
20/08/2016,South Africa,5,Tomas Lavanini,y,80
20/08/2016,South Africa,22,Santiago Gonzalez Iglesias,n,4
20/08/2016,South Africa,7,Juan Manuel Leguizamon,y,64
20/08/2016,South Africa,23,Ramiro Moyano,n,0
20/08/2016,South Africa,19,Guido Petti Pagadizabal,n,24
20/08/2016,South Africa,4,Matias Alemanno,y,56
20/08/2016,South Africa,16,Julian Montoya,n,17
20/08/2016,South Africa,14,Santiago Cordero,y,80
20/08/2016,South Africa,20,Javier Ortega Desio,n,16
20/08/2016,South Africa,17,Felipe Arregui,n,0
20/08/2016,South Africa,2,Agustín Creevy,y,63
27/08/2016,South Africa,22,Santiago Gonzalez Iglesias,n,34
27/08/2016,South Africa,23,Lucas Gonzalez Amorosino,n,40
27/08/2016,South Africa,7,Juan Manuel Leguizamon,y,67
27/08/2016,South Africa,19,Guido Petti Pagadizabal,n,34
27/08/2016,South Africa,4,Matias Alemanno,y,80
27/08/2016,South Africa,16,Julian Montoya,n,19
27/08/2016,South Africa,14,Santiago Cordero,y,80
27/08/2016,South Africa,20,Javier Ortega Desio,n,13
27/08/2016,South Africa,17,Felipe Arregui,n,15
27/08/2016,South Africa,2,Agustín Creevy,y,61
27/08/2016,South Africa,8,Facundo Isa,y,80
27/08/2016,South Africa,18,Enrique Pieretto Heiland,n,13
27/08/2016,South Africa,3,Ramiro Herrera,y,80
27/08/2016,South Africa,13,Matias Orlando,y,61
27/08/2016,South Africa,21,Tomas Cubelli,n,19
27/08/2016,South Africa,9,Martín Landajo,y,80
27/08/2016,South Africa,1,Nahuel Tetaz Chaparro,y,65
27/08/2016,South Africa,10,Nicolas Sanchez,y,46
27/08/2016,South Africa,11,Manuel Montero,y,40
27/08/2016,South Africa,15,Joaquin Tuculet,y,80
27/08/2016,South Africa,6,Pablo Matera,y,80
27/08/2016,South Africa,12,Juan Martín Hernández,y,67
27/08/2016,South Africa,5,Tomas Lavanini,y,46
10/09/2016,New Zealand,19,Marcos Kremer,n,13
10/09/2016,New Zealand,8,Facundo Isa,y,80
10/09/2016,New Zealand,18,Enrique Pieretto Heiland,n,14
10/09/2016,New Zealand,3,Ramiro Herrera,y,66
10/09/2016,New Zealand,13,Matias Orlando,y,80
10/09/2016,New Zealand,21,Tomas Cubelli,n,19
10/09/2016,New Zealand,14,Matias Moroni,y,80
10/09/2016,New Zealand,9,Martín Landajo,y,61
10/09/2016,New Zealand,1,Nahuel Tetaz Chaparro,y,63
10/09/2016,New Zealand,10,Nicolas Sanchez,y,67
10/09/2016,New Zealand,15,Joaquin Tuculet,y,80
10/09/2016,New Zealand,6,Pablo Matera,y,67
10/09/2016,New Zealand,12,Juan Martín Hernández,y,37
10/09/2016,New Zealand,20,Leonardo Senatore,n,39
10/09/2016,New Zealand,22,Santiago Gonzalez Iglesias,n,43
10/09/2016,New Zealand,23,Ramiro Moyano,n,13
10/09/2016,New Zealand,4,Guido Petti Pagadizabal,y,41
10/09/2016,New Zealand,5,Matias Alemanno,y,80
10/09/2016,New Zealand,16,Julian Montoya,n,17
10/09/2016,New Zealand,11,Santiago Cordero,y,80
10/09/2016,New Zealand,7,Javier Ortega Desio,y,80
10/09/2016,New Zealand,17,Lucas Noguera,n,17
10/09/2016,New Zealand,2,Agustín Creevy,y,63
17/09/2016,Australia,19,Marcos Kremer,n,14
17/09/2016,Australia,8,Facundo Isa,y,72
17/09/2016,Australia,18,Enrique Pieretto Heiland,n,15
17/09/2016,Australia,3,Ramiro Herrera,y,65
17/09/2016,Australia,23,Matias Orlando,n,19
17/09/2016,Australia,9,Tomas Cubelli,y,61
17/09/2016,Australia,13,Matias Moroni,y,80
17/09/2016,Australia,21,Martín Landajo,n,19
17/09/2016,Australia,1,Nahuel Tetaz Chaparro,y,61
17/09/2016,Australia,10,Nicolas Sanchez,y,74
17/09/2016,Australia,15,Joaquin Tuculet,y,80
17/09/2016,Australia,6,Pablo Matera,y,66
17/09/2016,Australia,20,Leonardo Senatore,n,36
17/09/2016,Australia,12,Santiago Gonzalez Iglesias,y,77
17/09/2016,Australia,22,Gabriel Ascarate,n,10
17/09/2016,Australia,11,Lucas Gonzalez Amorosino,y,61
17/09/2016,Australia,7,Juan Manuel Leguizamon,y,44
17/09/2016,Australia,5,Matias Alemanno,y,80
17/09/2016,Australia,16,Julian Montoya,n,34
17/09/2016,Australia,14,Santiago Cordero,y,80
17/09/2016,Australia,4,Javier Ortega Desio,y,80
17/09/2016,Australia,17,Lucas Noguera,n,19
17/09/2016,Australia,2,Agustín Creevy,y,46
01/10/2016,New Zealand,8,Facundo Isa,y,80
01/10/2016,New Zealand,18,Enrique Pieretto Heiland,n,16
01/10/2016,New Zealand,3,Ramiro Herrera,y,64
01/10/2016,New Zealand,23,Matias Orlando,n,2
01/10/2016,New Zealand,21,Tomas Cubelli,n,23
01/10/2016,New Zealand,13,Matias Moroni,y,78
01/10/2016,New Zealand,9,Martín Landajo,y,57
01/10/2016,New Zealand,1,Nahuel Tetaz Chaparro,y,53
01/10/2016,New Zealand,10,Nicolas Sanchez,y,69
01/10/2016,New Zealand,15,Joaquin Tuculet,y,80
01/10/2016,New Zealand,6,Pablo Matera,y,66
01/10/2016,New Zealand,22,Jeronimo de la Fuente,n,11
01/10/2016,New Zealand,20,Leonardo Senatore,n,22
01/10/2016,New Zealand,12,Santiago Gonzalez Iglesias,y,80
01/10/2016,New Zealand,19,Juan Manuel Leguizamon,n,14
01/10/2016,New Zealand,11,Ramiro Moyano,y,80
01/10/2016,New Zealand,4,Guido Petti Pagadizabal,y,80
01/10/2016,New Zealand,5,Matias Alemanno,y,58
01/10/2016,New Zealand,16,Julian Montoya,n,31
01/10/2016,New Zealand,14,Santiago Cordero,y,80
01/10/2016,New Zealand,7,Javier Ortega Desio,y,80
01/10/2016,New Zealand,17,Lucas Noguera,n,27
01/10/2016,New Zealand,2,Agustín Creevy,y,49
08/10/2016,Australia,19,Marcos Kremer,n,5
08/10/2016,Australia,18,Enrique Pieretto Heiland,n,12
08/10/2016,Australia,3,Ramiro Herrera,y,68
08/10/2016,Australia,13,Matias Orlando,y,80
08/10/2016,Australia,20,Tomas Cubelli,n,22
08/10/2016,Australia,14,Matias Moroni,y,80
08/10/2016,Australia,9,Martín Landajo,y,80
08/10/2016,Australia,15,Joaquin Tuculet,y,80
08/10/2016,Australia,6,Pablo Matera,y,80
08/10/2016,Australia,17,Santiago Garcia Botta,n,12
08/10/2016,Australia,12,Jeronimo de la Fuente,y,80
08/10/2016,Australia,8,Leonardo Senatore,y,51
08/10/2016,Australia,10,Santiago Gonzalez Iglesias,y,80
08/10/2016,Australia,22,Gabriel Ascarate,n,0
08/10/2016,Australia,23,Lucas Gonzalez Amorosino,n,0
08/10/2016,Australia,21,Juan Manuel Leguizamon,n,29
08/10/2016,Australia,11,Ramiro Moyano,y,58
08/10/2016,Australia,4,Guido Petti Pagadizabal,y,75
08/10/2016,Australia,5,Matias Alemanno,y,80
08/10/2016,Australia,16,Julian Montoya,n,14
08/10/2016,Australia,7,Javier Ortega Desio,y,80
08/10/2016,Australia,1,Lucas Noguera,y,68
08/10/2016,Australia,2,Agustín Creevy,y,66
05/11/2016,Japan,8,Facundo Isa,y,50
05/11/2016,Japan,18,Enrique Pieretto Heiland,n,27
05/11/2016,Japan,3,Ramiro Herrera,y,53
05/11/2016,Japan,13,Matias Orlando,y,80
05/11/2016,Japan,21,Tomas Cubelli,n,27
05/11/2016,Japan,14,Matias Moroni,y,80
05/11/2016,Japan,9,Martín Landajo,y,53
05/11/2016,Japan,10,Nicolas Sanchez,y,80
05/11/2016,Japan,6,Tomas Lezana,y,80
05/11/2016,Japan,15,Joaquin Tuculet,y,51
05/11/2016,Japan,17,Santiago Garcia Botta,n,14
05/11/2016,Japan,12,Jeronimo de la Fuente,y,63
05/11/2016,Japan,19,Leonardo Senatore,n,30
05/11/2016,Japan,22,Santiago Gonzalez Iglesias,n,17
05/11/2016,Japan,20,Juan Manuel Leguizamon,n,23
05/11/2016,Japan,23,Ramiro Moyano,n,29
05/11/2016,Japan,4,Guido Petti Pagadizabal,y,57
05/11/2016,Japan,5,Matias Alemanno,y,80
05/11/2016,Japan,16,Julian Montoya,n,28
05/11/2016,Japan,11,Santiago Cordero,y,80
05/11/2016,Japan,7,Javier Ortega Desio,y,80
05/11/2016,Japan,1,Lucas Noguera,y,66
05/11/2016,Japan,2,Agustín Creevy,y,52
12/11/2016,Wales,8,Facundo Isa,y,80
12/11/2016,Wales,18,Enrique Pieretto Heiland,n,9
12/11/2016,Wales,3,Ramiro Herrera,y,71
12/11/2016,Wales,13,Matias Orlando,y,80
12/11/2016,Wales,21,Tomas Cubelli,n,17
12/11/2016,Wales,14,Matias Moroni,y,80
12/11/2016,Wales,9,Martín Landajo,y,63
12/11/2016,Wales,10,Nicolas Sanchez,y,80
12/11/2016,Wales,20,Tomas Lezana,n,21
12/11/2016,Wales,15,Joaquin Tuculet,y,80
12/11/2016,Wales,6,Pablo Matera,y,64
12/11/2016,Wales,12,Juan Martín Hernández,y,75
12/11/2016,Wales,17,Santiago Garcia Botta,n,30
12/11/2016,Wales,23,Jeronimo de la Fuente,n,0
12/11/2016,Wales,19,Leonardo Senatore,n,16
12/11/2016,Wales,22,Santiago Gonzalez Iglesias,n,5
12/11/2016,Wales,4,Guido Petti Pagadizabal,y,59
12/11/2016,Wales,5,Matias Alemanno,y,80
12/11/2016,Wales,16,Julian Montoya,n,14
12/11/2016,Wales,11,Santiago Cordero,y,80
12/11/2016,Wales,7,Javier Ortega Desio,y,80
12/11/2016,Wales,1,Lucas Noguera,y,50
12/11/2016,Wales,2,Agustín Creevy,y,66
19/11/2016,Scotland,8,Facundo Isa,y,56
19/11/2016,Scotland,18,Enrique Pieretto Heiland,n,9
19/11/2016,Scotland,3,Ramiro Herrera,y,71
19/11/2016,Scotland,13,Matias Orlando,y,71
19/11/2016,Scotland,21,Tomas Cubelli,n,21
19/11/2016,Scotland,14,Matias Moroni,y,74
19/11/2016,Scotland,9,Martín Landajo,y,59
19/11/2016,Scotland,10,Nicolas Sanchez,y,80
19/11/2016,Scotland,15,Joaquin Tuculet,y,80
19/11/2016,Scotland,6,Pablo Matera,y,80
19/11/2016,Scotland,12,Juan Martín Hernández,y,80
19/11/2016,Scotland,17,Santiago Garcia Botta,n,9
19/11/2016,Scotland,22,Jeronimo de la Fuente,n,6
19/11/2016,Scotland,19,Leonardo Senatore,n,24
19/11/2016,Scotland,20,Juan Manuel Leguizamon,n,9
19/11/2016,Scotland,4,Guido Petti Pagadizabal,y,71
19/11/2016,Scotland,5,Matias Alemanno,y,80
19/11/2016,Scotland,16,Julian Montoya,n,9
19/11/2016,Scotland,23,Juan Pablo Estelles,n,9
19/11/2016,Scotland,11,Santiago Cordero,y,80
19/11/2016,Scotland,7,Javier Ortega Desio,y,80
19/11/2016,Scotland,1,Lucas Noguera,y,71
19/11/2016,Scotland,2,Agustín Creevy,y,71
26/11/2016,England,19,Facundo Isa,n,75
26/11/2016,England,18,Enrique Pieretto Heiland,n,18
26/11/2016,England,3,Ramiro Herrera,y,62
26/11/2016,England,14,Matias Orlando,y,80
26/11/2016,England,9,Tomas Cubelli,y,68
26/11/2016,England,13,Matias Moroni,y,80
26/11/2016,England,21,Martín Landajo,n,12
26/11/2016,England,20,Tomas Lezana,n,16
26/11/2016,England,6,Pablo Matera,y,80
26/11/2016,England,10,Juan Martín Hernández,y,67
26/11/2016,England,17,Santiago Garcia Botta,n,16
26/11/2016,England,22,Jeronimo de la Fuente,n,76
26/11/2016,England,8,Leonardo Senatore,y,5
26/11/2016,England,12,Santiago Gonzalez Iglesias,y,17
26/11/2016,England,23,Gabriel Ascarate,n,4
26/11/2016,England,4,Guido Petti Pagadizabal,y,80
26/11/2016,England,5,Matias Alemanno,y,64
26/11/2016,England,16,Julian Montoya,n,18
26/11/2016,England,11,Juan Pablo Estelles,y,76
26/11/2016,England,15,Santiago Cordero,y,80
26/11/2016,England,7,Javier Ortega Desio,y,80
26/11/2016,England,1,Lucas Noguera,y,64
26/11/2016,England,2,Agustín Creevy,y,62
10/06/2017,England,3,Enrique Pieretto Heiland,y,55
10/06/2017,England,13,Matias Orlando,y,80
10/06/2017,England,14,Matias Moroni,y,80
10/06/2017,England,9,Martín Landajo,y,69
10/06/2017,England,18,Nahuel Tetaz Chaparro,n,25
10/06/2017,England,10,Nicolas Sanchez,y,62
10/06/2017,England,11,Emiliano Boffelli,y,62
10/06/2017,England,15,Joaquin Tuculet,y,80
10/06/2017,England,6,Pablo Matera,y,80
10/06/2017,England,22,Juan Martín Hernández,n,18
10/06/2017,England,17,Santiago Garcia Botta,n,10
10/06/2017,England,12,Jeronimo de la Fuente,y,80
10/06/2017,England,5,Tomas Lavanini,y,49
10/06/2017,England,20,Leonardo Senatore,n,22
10/06/2017,England,21,Gonzalo Bertranou,n,11
10/06/2017,England,8,Juan Manuel Leguizamon,y,58
10/06/2017,England,23,Ramiro Moyano,n,18
10/06/2017,England,19,Guido Petti Pagadizabal,n,31
10/06/2017,England,4,Matias Alemanno,y,80
10/06/2017,England,16,Julian Montoya,n,31
10/06/2017,England,7,Javier Ortega Desio,y,80
10/06/2017,England,1,Lucas Noguera,y,70
10/06/2017,England,2,Agustín Creevy,y,49
17/06/2017,England,3,Enrique Pieretto Heiland,y,50
17/06/2017,England,18,Ramiro Herrera,n,30
17/06/2017,England,13,Matias Orlando,y,80
17/06/2017,England,23,Matias Moroni,n,6
17/06/2017,England,9,Martín Landajo,y,74
17/06/2017,England,17,Nahuel Tetaz Chaparro,n,33
17/06/2017,England,10,Nicolas Sanchez,y,60
17/06/2017,England,20,Tomas Lezana,n,25
17/06/2017,England,11,Emiliano Boffelli,y,74
17/06/2017,England,15,Joaquin Tuculet,y,80
17/06/2017,England,6,Pablo Matera,y,55
17/06/2017,England,22,Juan Martín Hernández,n,20
17/06/2017,England,12,Jeronimo de la Fuente,y,80
17/06/2017,England,5,Tomas Lavanini,y,80
17/06/2017,England,21,Gonzalo Bertranou,n,6
17/06/2017,England,8,Juan Manuel Leguizamon,y,80
17/06/2017,England,14,Ramiro Moyano,y,80
17/06/2017,England,19,Guido Petti Pagadizabal,n,33
17/06/2017,England,4,Matias Alemanno,y,47
17/06/2017,England,16,Julian Montoya,n,20
17/06/2017,England,7,Javier Ortega Desio,y,80
17/06/2017,England,1,Lucas Noguera,y,47
17/06/2017,England,2,Agustín Creevy,y,60
24/06/2017,Georgia,3,Enrique Pieretto Heiland,y,51
24/06/2017,Georgia,18,Ramiro Herrera,n,29
24/06/2017,Georgia,13,Matias Orlando,y,67
24/06/2017,Georgia,14,Matias Moroni,y,80
24/06/2017,Georgia,9,Martín Landajo,y,60
24/06/2017,Georgia,1,Nahuel Tetaz Chaparro,y,52
24/06/2017,Georgia,10,Nicolas Sanchez,y,60
24/06/2017,Georgia,6,Tomas Lezana,y,17
24/06/2017,Georgia,15,Joaquin Tuculet,y,80
24/06/2017,Georgia,19,Pablo Matera,n,63
24/06/2017,Georgia,12,Jeronimo de la Fuente,y,80
24/06/2017,Georgia,8,Leonardo Senatore,y,51
24/06/2017,Georgia,22,Santiago Gonzalez Iglesias,n,20
24/06/2017,Georgia,21,Gonzalo Bertranou,n,20
24/06/2017,Georgia,11,Ramiro Moyano,y,67
24/06/2017,Georgia,4,Guido Petti Pagadizabal,y,80
24/06/2017,Georgia,5,Matias Alemanno,y,80
24/06/2017,Georgia,16,Julian Montoya,n,40
24/06/2017,Georgia,17,Lucas Noguera,n,28
24/06/2017,Georgia,20,Benjamin Macome,n,29
24/06/2017,Georgia,7,Rodrigo Baez,y,80
24/06/2017,Georgia,2,Agustín Creevy,y,40
24/06/2017,Georgia,23,German Schulz,n,26
19/08/2017,South Africa,19,Marcos Kremer,n,10
19/08/2017,South Africa,3,Enrique Pieretto Heiland,y,54
19/08/2017,South Africa,18,Ramiro Herrera,n,26
19/08/2017,South Africa,13,Matias Orlando,y,56
19/08/2017,South Africa,21,Tomas Cubelli,n,23
19/08/2017,South Africa,23,Matias Moroni,n,24
19/08/2017,South Africa,9,Martín Landajo,y,57
19/08/2017,South Africa,1,Nahuel Tetaz Chaparro,y,67
19/08/2017,South Africa,10,Nicolas Sanchez,y,54
19/08/2017,South Africa,7,Tomas Lezana,y,80
19/08/2017,South Africa,11,Emiliano Boffelli,y,80
19/08/2017,South Africa,15,Joaquin Tuculet,y,80
19/08/2017,South Africa,6,Pablo Matera,y,80
19/08/2017,South Africa,22,Juan Martín Hernández,n,26
19/08/2017,South Africa,12,Jeronimo de la Fuente,y,80
19/08/2017,South Africa,5,Tomas Lavanini,y,70
19/08/2017,South Africa,8,Leonardo Senatore,y,14
19/08/2017,South Africa,14,Ramiro Moyano,y,80
19/08/2017,South Africa,4,Guido Petti Pagadizabal,y,80
19/08/2017,South Africa,16,Julian Montoya,n,19
19/08/2017,South Africa,20,Javier Ortega Desio,n,66
19/08/2017,South Africa,17,Lucas Noguera,n,13
19/08/2017,South Africa,2,Agustín Creevy,y,61
26/08/2017,South Africa,19,Marcos Kremer,n,22
26/08/2017,South Africa,18,Enrique Pieretto Heiland,n,30
26/08/2017,South Africa,3,Ramiro Herrera,y,50
26/08/2017,South Africa,13,Matias Orlando,y,80
26/08/2017,South Africa,9,Tomas Cubelli,y,57
26/08/2017,South Africa,23,Matias Moroni,n,23
26/08/2017,South Africa,21,Martín Landajo,n,23
26/08/2017,South Africa,22,Nicolas Sanchez,n,23
26/08/2017,South Africa,7,Tomas Lezana,y,50
26/08/2017,South Africa,11,Emiliano Boffelli,y,80
26/08/2017,South Africa,15,Joaquin Tuculet,y,80
26/08/2017,South Africa,6,Pablo Matera,y,58
26/08/2017,South Africa,10,Juan Martín Hernández,y,57
26/08/2017,South Africa,17,Santiago Garcia Botta,n,0
26/08/2017,South Africa,12,Jeronimo de la Fuente,y,80
26/08/2017,South Africa,5,Tomas Lavanini,y,80
26/08/2017,South Africa,8,Juan Manuel Leguizamon,y,80
26/08/2017,South Africa,14,Ramiro Moyano,y,57
26/08/2017,South Africa,4,Matias Alemanno,y,80
26/08/2017,South Africa,16,Julian Montoya,n,23
26/08/2017,South Africa,20,Javier Ortega Desio,n,30
26/08/2017,South Africa,1,Lucas Noguera,y,80
26/08/2017,South Africa,2,Agustín Creevy,y,57
09/09/2017,New Zealand,19,Marcos Kremer,n,19
09/09/2017,New Zealand,18,Enrique Pieretto Heiland,n,15
09/09/2017,New Zealand,23,Matias Orlando,n,41
09/09/2017,New Zealand,9,Tomas Cubelli,y,65
09/09/2017,New Zealand,13,Matias Moroni,y,39
09/09/2017,New Zealand,21,Martín Landajo,n,15
09/09/2017,New Zealand,3,Nahuel Tetaz Chaparro,y,65
09/09/2017,New Zealand,10,Nicolas Sanchez,y,80
09/09/2017,New Zealand,20,Tomas Lezana,n,19
09/09/2017,New Zealand,11,Emiliano Boffelli,y,80
09/09/2017,New Zealand,15,Joaquin Tuculet,y,80
09/09/2017,New Zealand,6,Pablo Matera,y,80
09/09/2017,New Zealand,17,Santiago Garcia Botta,n,10
09/09/2017,New Zealand,12,Jeronimo de la Fuente,y,70
09/09/2017,New Zealand,22,Santiago Gonzalez Iglesias,n,10
09/09/2017,New Zealand,4,Guido Petti Pagadizabal,y,80
09/09/2017,New Zealand,5,Matias Alemanno,y,61
09/09/2017,New Zealand,16,Julian Montoya,n,15
09/09/2017,New Zealand,14,Santiago Cordero,y,80
09/09/2017,New Zealand,7,Javier Ortega Desio,y,80
09/09/2017,New Zealand,1,Lucas Noguera,y,70
09/09/2017,New Zealand,8,Benjamin Macome,y,61
09/09/2017,New Zealand,2,Agustín Creevy,y,65
16/09/2017,Australia,19,Marcos Kremer,n,11
16/09/2017,Australia,18,Enrique Pieretto Heiland,n,14
16/09/2017,Australia,13,Matias Orlando,y,80
16/09/2017,Australia,21,Tomas Cubelli,n,18
16/09/2017,Australia,14,Matias Moroni,y,80
16/09/2017,Australia,9,Martín Landajo,y,62
16/09/2017,Australia,3,Nahuel Tetaz Chaparro,y,75
16/09/2017,Australia,10,Nicolas Sanchez,y,80
16/09/2017,Australia,8,Tomas Lezana,y,80
16/09/2017,Australia,23,Manuel Montero,n,40
16/09/2017,Australia,15,Emiliano Boffelli,y,80
16/09/2017,Australia,6,Pablo Matera,y,66
16/09/2017,Australia,17,Santiago Garcia Botta,n,7
16/09/2017,Australia,12,Jeronimo de la Fuente,y,73
16/09/2017,Australia,22,Santiago Gonzalez Iglesias,n,7
16/09/2017,Australia,20,Juan Manuel Leguizamon,n,14
16/09/2017,Australia,11,Ramiro Moyano,y,40
16/09/2017,Australia,4,Guido Petti Pagadizabal,y,69
16/09/2017,Australia,5,Matias Alemanno,y,80
16/09/2017,Australia,16,Julian Montoya,n,18
16/09/2017,Australia,7,Javier Ortega Desio,y,71
16/09/2017,Australia,1,Lucas Noguera,y,73
16/09/2017,Australia,2,Agustín Creevy,y,62
30/09/2017,New Zealand,19,Marcos Kremer,n,29
30/09/2017,New Zealand,18,Ramiro Herrera,n,37
30/09/2017,New Zealand,13,Matias Orlando,y,58
30/09/2017,New Zealand,9,Tomas Cubelli,y,34
30/09/2017,New Zealand,14,Matias Moroni,y,80
30/09/2017,New Zealand,21,Martín Landajo,n,46
30/09/2017,New Zealand,3,Nahuel Tetaz Chaparro,y,51
30/09/2017,New Zealand,10,Nicolas Sanchez,y,54
30/09/2017,New Zealand,7,Tomas Lezana,y,72
30/09/2017,New Zealand,11,Emiliano Boffelli,y,80
30/09/2017,New Zealand,15,Joaquin Tuculet,y,80
30/09/2017,New Zealand,6,Pablo Matera,y,51
30/09/2017,New Zealand,22,Juan Martín Hernández,n,26
30/09/2017,New Zealand,17,Santiago Garcia Botta,n,26
30/09/2017,New Zealand,12,Jeronimo de la Fuente,y,80
30/09/2017,New Zealand,5,Tomas Lavanini,y,51
30/09/2017,New Zealand,8,Juan Manuel Leguizamon,y,80
30/09/2017,New Zealand,4,Guido Petti Pagadizabal,y,80
30/09/2017,New Zealand,16,Julian Montoya,n,21
30/09/2017,New Zealand,23,Santiago Cordero,n,22
30/09/2017,New Zealand,20,Javier Ortega Desio,n,29
30/09/2017,New Zealand,1,Lucas Noguera,y,54
30/09/2017,New Zealand,2,Agustín Creevy,y,59
07/10/2017,Australia,4,Marcos Kremer,y,80
07/10/2017,Australia,18,Enrique Pieretto Heiland,n,40
07/10/2017,Australia,13,Matias Orlando,y,80
07/10/2017,Australia,14,Matias Moroni,y,80
07/10/2017,Australia,9,Martín Landajo,y,79
07/10/2017,Australia,3,Nahuel Tetaz Chaparro,y,40
07/10/2017,Australia,10,Nicolas Sanchez,y,65
07/10/2017,Australia,8,Tomas Lezana,y,59
07/10/2017,Australia,11,Emiliano Boffelli,y,80
07/10/2017,Australia,15,Joaquin Tuculet,y,60
07/10/2017,Australia,6,Pablo Matera,y,80
07/10/2017,Australia,22,Juan Martín Hernández,n,15
07/10/2017,Australia,17,Santiago Garcia Botta,n,15
07/10/2017,Australia,20,Leonardo Senatore,n,27
07/10/2017,Australia,12,Santiago Gonzalez Iglesias,y,80
07/10/2017,Australia,21,Gonzalo Bertranou,n,1
07/10/2017,Australia,5,Matias Alemanno,y,80
07/10/2017,Australia,16,Julian Montoya,n,12
07/10/2017,Australia,23,Santiago Cordero,n,20
07/10/2017,Australia,7,Javier Ortega Desio,y,53
07/10/2017,Australia,1,Lucas Noguera,y,65
07/10/2017,Australia,19,Benjamin Macome,n,21
07/10/2017,Australia,2,Agustín Creevy,y,68
11/11/2017,England,7,Marcos Kremer,y,80
11/11/2017,England,18,Enrique Pieretto Heiland,n,21
11/11/2017,England,13,Matias Moroni,y,80
11/11/2017,England,9,Martín Landajo,y,68
11/11/2017,England,3,Nahuel Tetaz Chaparro,y,59
11/11/2017,England,22,Nicolas Sanchez,n,16
11/11/2017,England,8,Tomas Lezana,y,57
11/11/2017,England,11,Emiliano Boffelli,y,80
11/11/2017,England,15,Joaquin Tuculet,y,80
11/11/2017,England,6,Pablo Matera,y,80
11/11/2017,England,10,Juan Martín Hernández,y,64
11/11/2017,England,1,Santiago Garcia Botta,y,59
11/11/2017,England,5,Tomas Lavanini,y,68
11/11/2017,England,23,Sebastian Cancelliere,n,25
11/11/2017,England,20,Leonardo Senatore,n,12
11/11/2017,England,12,Santiago Gonzalez Iglesias,y,80
11/11/2017,England,21,Gonzalo Bertranou,n,12
11/11/2017,England,14,Ramiro Moyano,y,55
11/11/2017,England,4,Matias Alemanno,y,80
11/11/2017,England,16,Julian Montoya,n,12
11/11/2017,England,17,Lucas Noguera,n,21
11/11/2017,England,19,Benjamin Macome,n,23
11/11/2017,England,2,Agustín Creevy,y,68
18/11/2017,Italy,7,Marcos Kremer,y,80
18/11/2017,Italy,18,Enrique Pieretto Heiland,n,17
18/11/2017,Italy,13,Matias Orlando,y,58
18/11/2017,Italy,23,Matias Moroni,n,22
18/11/2017,Italy,9,Martín Landajo,y,60
18/11/2017,Italy,3,Nahuel Tetaz Chaparro,y,63
18/11/2017,Italy,10,Nicolas Sanchez,y,70
18/11/2017,Italy,11,Emiliano Boffelli,y,80
18/11/2017,Italy,15,Joaquin Tuculet,y,80
18/11/2017,Italy,6,Pablo Matera,y,80
18/11/2017,Italy,22,Juan Martín Hernández,n,10
18/11/2017,Italy,1,Santiago Garcia Botta,y,44
18/11/2017,Italy,5,Tomas Lavanini,y,80
18/11/2017,Italy,14,Sebastian Cancelliere,y,80
18/11/2017,Italy,12,Santiago Gonzalez Iglesias,y,80
18/11/2017,Italy,21,Gonzalo Bertranou,n,20
18/11/2017,Italy,8,Juan Manuel Leguizamon,y,58
18/11/2017,Italy,19,Guido Petti Pagadizabal,n,28
18/11/2017,Italy,4,Matias Alemanno,y,52
18/11/2017,Italy,16,Julian Montoya,n,20
18/11/2017,Italy,17,Lucas Noguera,n,36
18/11/2017,Italy,20,Benjamin Macome,n,22
18/11/2017,Italy,2,Agustín Creevy,y,60
25/11/2017,Ireland,7,Marcos Kremer,y,80
25/11/2017,Ireland,18,Enrique Pieretto Heiland,n,16
25/11/2017,Ireland,13,Matias Moroni,y,80
25/11/2017,Ireland,9,Martín Landajo,y,56
25/11/2017,Ireland,3,Nahuel Tetaz Chaparro,y,64
25/11/2017,Ireland,10,Nicolas Sanchez,y,80
25/11/2017,Ireland,8,Tomas Lezana,y,80
25/11/2017,Ireland,11,Emiliano Boffelli,y,67
25/11/2017,Ireland,15,Joaquin Tuculet,y,80
25/11/2017,Ireland,6,Pablo Matera,y,80
25/11/2017,Ireland,1,Santiago Garcia Botta,y,64
25/11/2017,Ireland,22,Jeronimo de la Fuente,n,24
25/11/2017,Ireland,5,Tomas Lavanini,y,64
25/11/2017,Ireland,23,Sebastian Cancelliere,n,13
25/11/2017,Ireland,12,Santiago Gonzalez Iglesias,y,56
25/11/2017,Ireland,21,Gonzalo Bertranou,n,24
25/11/2017,Ireland,20,Juan Manuel Leguizamon,n,16
25/11/2017,Ireland,14,Ramiro Moyano,y,80
25/11/2017,Ireland,19,Guido Petti Pagadizabal,n,24
25/11/2017,Ireland,4,Matias Alemanno,y,56
25/11/2017,Ireland,16,Julian Montoya,n,20
25/11/2017,Ireland,17,Lucas Noguera,n,16
25/11/2017,Ireland,2,Agustín Creevy,y,60
09/06/2018,Wales,7,Marcos Kremer,y,80
09/06/2018,Wales,17,Javier Manuel Diaz,n,23
09/06/2018,Wales,13,Matias Orlando,y,80
09/06/2018,Wales,21,Martín Landajo,n,32
09/06/2018,Wales,3,Nahuel Tetaz Chaparro,y,66
09/06/2018,Wales,10,Nicolas Sanchez,y,40
09/06/2018,Wales,20,Tomas Lezana,n,33
09/06/2018,Wales,15,Emiliano Boffelli,y,80
09/06/2018,Wales,6,Pablo Matera,y,47
09/06/2018,Wales,1,Santiago Garcia Botta,y,57
09/06/2018,Wales,12,Jeronimo de la Fuente,y,80
09/06/2018,Wales,5,Tomas Lavanini,y,68
09/06/2018,Wales,23,Sebastian Cancelliere,n,26
09/06/2018,Wales,22,Santiago Gonzalez Iglesias,n,40
09/06/2018,Wales,14,Bautista Delguy,y,54
09/06/2018,Wales,9,Gonzalo Bertranou,y,48
09/06/2018,Wales,11,Ramiro Moyano,y,80
09/06/2018,Wales,4,Guido Petti Pagadizabal,y,80
09/06/2018,Wales,19,Matias Alemanno,n,12
09/06/2018,Wales,16,Julian Montoya,n,15
09/06/2018,Wales,8,Javier Ortega Desio,y,80
09/06/2018,Wales,2,Agustín Creevy,y,65
09/06/2018,Wales,18,Santiago Medrano,n,14
16/06/2018,Wales,7,Marcos Kremer,y,80
16/06/2018,Wales,17,Javier Manuel Diaz,n,28
16/06/2018,Wales,13,Matias Orlando,y,80
16/06/2018,Wales,9,Martín Landajo,y,52
16/06/2018,Wales,3,Nahuel Tetaz Chaparro,y,57
16/06/2018,Wales,10,Nicolas Sanchez,y,80
16/06/2018,Wales,20,Tomas Lezana,n,31
16/06/2018,Wales,15,Emiliano Boffelli,y,80
16/06/2018,Wales,6,Pablo Matera,y,49
16/06/2018,Wales,1,Santiago Garcia Botta,y,52
16/06/2018,Wales,12,Jeronimo de la Fuente,y,68
16/06/2018,Wales,5,Tomas Lavanini,y,49
16/06/2018,Wales,23,Sebastian Cancelliere,n,24
16/06/2018,Wales,22,Santiago Gonzalez Iglesias,n,12
16/06/2018,Wales,14,Bautista Delguy,y,80
16/06/2018,Wales,21,Gonzalo Bertranou,n,28
16/06/2018,Wales,11,Ramiro Moyano,y,56
16/06/2018,Wales,4,Guido Petti Pagadizabal,y,80
16/06/2018,Wales,19,Matias Alemanno,n,31
16/06/2018,Wales,16,Julian Montoya,n,31
16/06/2018,Wales,8,Javier Ortega Desio,y,80
16/06/2018,Wales,2,Agustín Creevy,y,49
16/06/2018,Wales,18,Santiago Medrano,n,23
23/06/2018,Scotland,19,Marcos Kremer,n,34
23/06/2018,Scotland,1,Javier Manuel Diaz,y,49
23/06/2018,Scotland,13,Matias Orlando,y,67
23/06/2018,Scotland,9,Martín Landajo,y,56
23/06/2018,Scotland,3,Nahuel Tetaz Chaparro,y,64
23/06/2018,Scotland,10,Nicolas Sanchez,y,80
23/06/2018,Scotland,7,Tomas Lezana,y,80
23/06/2018,Scotland,15,Emiliano Boffelli,y,80
23/06/2018,Scotland,6,Pablo Matera,y,46
23/06/2018,Scotland,17,Santiago Garcia Botta,n,31
23/06/2018,Scotland,20,Tomas Lavanini,n,24
23/06/2018,Scotland,11,Sebastian Cancelliere,y,80
23/06/2018,Scotland,8,Leonardo Senatore,y,80
23/06/2018,Scotland,22,Santiago Gonzalez Iglesias,n,24
23/06/2018,Scotland,14,Bautista Delguy,y,80
23/06/2018,Scotland,21,Gonzalo Bertranou,n,24
23/06/2018,Scotland,12,Bautista Ezcurra,y,56
23/06/2018,Scotland,4,Guido Petti Pagadizabal,y,80
23/06/2018,Scotland,5,Matias Alemanno,y,56
23/06/2018,Scotland,16,Julian Montoya,n,32
23/06/2018,Scotland,23,Juan Cruz Mallia,n,13
23/06/2018,Scotland,2,Agustín Creevy,y,48
23/06/2018,Scotland,18,Santiago Medrano,n,16
18/08/2018,South Africa,3,Juan Figallo,y,63
18/08/2018,South Africa,7,Marcos Kremer,y,80
18/08/2018,South Africa,13,Matias Moroni,y,80
18/08/2018,South Africa,21,Martín Landajo,n,17
18/08/2018,South Africa,1,Nahuel Tetaz Chaparro,y,51
18/08/2018,South Africa,10,Nicolas Sanchez,y,80
18/08/2018,South Africa,20,Tomas Lezana,n,29
18/08/2018,South Africa,15,Emiliano Boffelli,y,80
18/08/2018,South Africa,6,Pablo Matera,y,51
18/08/2018,South Africa,17,Santiago Garcia Botta,n,29
18/08/2018,South Africa,19,Tomas Lavanini,n,26
18/08/2018,South Africa,22,Santiago Gonzalez Iglesias,n,0
18/08/2018,South Africa,14,Bautista Delguy,y,80
18/08/2018,South Africa,9,Gonzalo Bertranou,y,63
18/08/2018,South Africa,16,Diego Fortuny,n,8
18/08/2018,South Africa,12,Bautista Ezcurra,y,80
18/08/2018,South Africa,11,Ramiro Moyano,y,80
18/08/2018,South Africa,4,Guido Petti Pagadizabal,y,80
18/08/2018,South Africa,5,Matias Alemanno,y,54
18/08/2018,South Africa,23,Juan Cruz Mallia,n,0
18/08/2018,South Africa,8,Javier Ortega Desio,y,80
18/08/2018,South Africa,2,Agustín Creevy,y,72
18/08/2018,South Africa,18,Santiago Medrano,n,17
25/08/2018,South Africa,3,Juan Figallo,y,69
25/08/2018,South Africa,7,Marcos Kremer,y,80
25/08/2018,South Africa,21,Tomas Cubelli,n,11
25/08/2018,South Africa,13,Matias Moroni,y,80
25/08/2018,South Africa,1,Nahuel Tetaz Chaparro,y,64
25/08/2018,South Africa,10,Nicolas Sanchez,y,80
25/08/2018,South Africa,20,Tomas Lezana,n,21
25/08/2018,South Africa,15,Emiliano Boffelli,y,80
25/08/2018,South Africa,6,Pablo Matera,y,59
25/08/2018,South Africa,17,Santiago Garcia Botta,n,16
25/08/2018,South Africa,22,Jeronimo de la Fuente,n,22
25/08/2018,South Africa,5,Tomas Lavanini,y,72
25/08/2018,South Africa,14,Bautista Delguy,y,80
25/08/2018,South Africa,9,Gonzalo Bertranou,y,69
25/08/2018,South Africa,12,Bautista Ezcurra,y,80
25/08/2018,South Africa,11,Ramiro Moyano,y,58
25/08/2018,South Africa,4,Guido Petti Pagadizabal,y,80
25/08/2018,South Africa,19,Matias Alemanno,n,8
25/08/2018,South Africa,23,Juan Cruz Mallia,n,0
25/08/2018,South Africa,8,Javier Ortega Desio,y,80
25/08/2018,South Africa,16,Facundo Bosch,n,4
25/08/2018,South Africa,2,Agustín Creevy,y,76
25/08/2018,South Africa,18,Santiago Medrano,n,11
08/09/2018,New Zealand,7,Marcos Kremer,y,80
08/09/2018,New Zealand,17,Juan Pablo Zeiss,n,21
08/09/2018,New Zealand,21,Tomas Cubelli,n,17
08/09/2018,New Zealand,18,Gaston Cortes,n,29
08/09/2018,New Zealand,13,Matias Moroni,y,65
08/09/2018,New Zealand,9,Martín Landajo,y,63
08/09/2018,New Zealand,3,Nahuel Tetaz Chaparro,y,51
08/09/2018,New Zealand,10,Nicolas Sanchez,y,80
08/09/2018,New Zealand,6,Tomas Lezana,y,63
08/09/2018,New Zealand,15,Emiliano Boffelli,y,80
08/09/2018,New Zealand,20,Pablo Matera,n,17
08/09/2018,New Zealand,1,Santiago Garcia Botta,y,59
08/09/2018,New Zealand,12,Jeronimo de la Fuente,y,80
08/09/2018,New Zealand,5,Tomas Lavanini,y,80
08/09/2018,New Zealand,14,Bautista Delguy,y,80
08/09/2018,New Zealand,22,Bautista Ezcurra,n,0
08/09/2018,New Zealand,11,Ramiro Moyano,y,80
08/09/2018,New Zealand,4,Guido Petti Pagadizabal,y,59
08/09/2018,New Zealand,19,Matias Alemanno,n,21
08/09/2018,New Zealand,16,Julian Montoya,n,29
08/09/2018,New Zealand,23,Juan Cruz Mallia,n,15
08/09/2018,New Zealand,8,Javier Ortega Desio,y,80
08/09/2018,New Zealand,2,Agustín Creevy,y,51
15/09/2018,Australia,7,Marcos Kremer,y,66
15/09/2018,Australia,18,Juan Pablo Zeiss,n,14
15/09/2018,Australia,13,Matias Moroni,y,80
15/09/2018,Australia,21,Martín Landajo,n,0
15/09/2018,Australia,1,Nahuel Tetaz Chaparro,y,66
15/09/2018,Australia,10,Nicolas Sanchez,y,80
15/09/2018,Australia,15,Emiliano Boffelli,y,80
15/09/2018,Australia,6,Pablo Matera,y,80
15/09/2018,Australia,17,Santiago Garcia Botta,n,14
15/09/2018,Australia,12,Jeronimo de la Fuente,y,75
15/09/2018,Australia,5,Tomas Lavanini,y,72
15/09/2018,Australia,14,Bautista Delguy,y,80
15/09/2018,Australia,9,Gonzalo Bertranou,y,80
15/09/2018,Australia,22,Bautista Ezcurra,n,47
15/09/2018,Australia,20,Juan Manuel Leguizamon,n,14
15/09/2018,Australia,11,Ramiro Moyano,y,33
15/09/2018,Australia,4,Guido Petti Pagadizabal,y,70
15/09/2018,Australia,19,Matias Alemanno,n,18
15/09/2018,Australia,16,Julian Montoya,n,14
15/09/2018,Australia,23,Juan Cruz Mallia,n,5
15/09/2018,Australia,8,Javier Ortega Desio,y,80
15/09/2018,Australia,2,Agustín Creevy,y,66
15/09/2018,Australia,3,Santiago Medrano,y,66
29/09/2018,New Zealand,7,Marcos Kremer,y,71
29/09/2018,New Zealand,3,Ramiro Herrera,y,56
29/09/2018,New Zealand,22,Matias Orlando,n,17
29/09/2018,New Zealand,17,Juan Pablo Zeiss,n,22
29/09/2018,New Zealand,21,Tomas Cubelli,n,29
29/09/2018,New Zealand,11,Matias Moroni,y,80
29/09/2018,New Zealand,1,Nahuel Tetaz Chaparro,y,58
29/09/2018,New Zealand,10,Nicolas Sanchez,y,80
29/09/2018,New Zealand,15,Emiliano Boffelli,y,71
29/09/2018,New Zealand,6,Pablo Matera,y,80
29/09/2018,New Zealand,13,Jeronimo de la Fuente,y,80
29/09/2018,New Zealand,5,Tomas Lavanini,y,80
29/09/2018,New Zealand,23,Sebastian Cancelliere,n,46
29/09/2018,New Zealand,14,Bautista Delguy,y,34
29/09/2018,New Zealand,9,Gonzalo Bertranou,y,51
29/09/2018,New Zealand,12,Bautista Ezcurra,y,72
29/09/2018,New Zealand,20,Juan Manuel Leguizamon,n,9
29/09/2018,New Zealand,4,Guido Petti Pagadizabal,y,57
29/09/2018,New Zealand,19,Matias Alemanno,n,23
29/09/2018,New Zealand,16,Julian Montoya,n,29
29/09/2018,New Zealand,8,Javier Ortega Desio,y,80
29/09/2018,New Zealand,2,Agustín Creevy,y,51
29/09/2018,New Zealand,18,Santiago Medrano,n,24
06/10/2018,Australia,7,Marcos Kremer,y,80
06/10/2018,Australia,3,Ramiro Herrera,y,52
06/10/2018,Australia,13,Matias Orlando,y,80
06/10/2018,Australia,21,Tomas Cubelli,n,21
06/10/2018,Australia,14,Matias Moroni,y,67
06/10/2018,Australia,1,Nahuel Tetaz Chaparro,y,67
06/10/2018,Australia,10,Nicolas Sanchez,y,29
06/10/2018,Australia,15,Emiliano Boffelli,y,80
06/10/2018,Australia,6,Pablo Matera,y,80
06/10/2018,Australia,17,Santiago Garcia Botta,n,13
06/10/2018,Australia,12,Jeronimo de la Fuente,y,80
06/10/2018,Australia,5,Tomas Lavanini,y,71
06/10/2018,Australia,23,Sebastian Cancelliere,n,13
06/10/2018,Australia,22,Santiago Gonzalez Iglesias,n,51
06/10/2018,Australia,9,Gonzalo Bertranou,y,59
06/10/2018,Australia,20,Juan Manuel Leguizamon,n,13
06/10/2018,Australia,11,Ramiro Moyano,y,80
06/10/2018,Australia,4,Guido Petti Pagadizabal,y,80
06/10/2018,Australia,19,Matias Alemanno,n,9
06/10/2018,Australia,16,Julian Montoya,n,28
06/10/2018,Australia,8,Javier Ortega Desio,y,67
06/10/2018,Australia,2,Agustín Creevy,y,52
06/10/2018,Australia,18,Santiago Medrano,n,28
10/11/2018,Ireland,13,Matias Orlando,y,59
10/11/2018,Ireland,17,Juan Pablo Zeiss,n,21
10/11/2018,Ireland,9,Tomas Cubelli,y,64
10/11/2018,Ireland,23,Matias Moroni,n,21
10/11/2018,Ireland,10,Nicolas Sanchez,y,72
10/11/2018,Ireland,20,Tomas Lezana,n,16
10/11/2018,Ireland,15,Emiliano Boffelli,y,80
10/11/2018,Ireland,6,Pablo Matera,y,70
10/11/2018,Ireland,1,Santiago Garcia Botta,y,59
10/11/2018,Ireland,12,Jeronimo de la Fuente,y,80
10/11/2018,Ireland,5,Tomas Lavanini,y,80
10/11/2018,Ireland,14,Bautista Delguy,y,80
10/11/2018,Ireland,21,Gonzalo Bertranou,n,16
10/11/2018,Ireland,18,Lucio Sordoni,n,8
10/11/2018,Ireland,11,Ramiro Moyano,y,80
10/11/2018,Ireland,7,Guido Petti Pagadizabal,y,64
10/11/2018,Ireland,22,Joaquin Diaz Bonilla,n,8
10/11/2018,Ireland,4,Matias Alemanno,y,80
10/11/2018,Ireland,16,Julian Montoya,n,16
10/11/2018,Ireland,8,Javier Ortega Desio,y,80
10/11/2018,Ireland,19,Rodrigo Bruni,n,10
10/11/2018,Ireland,2,Agustín Creevy,y,64
10/11/2018,Ireland,3,Santiago Medrano,y,72
17/11/2018,France,13,Matias Orlando,y,80
17/11/2018,France,17,Juan Pablo Zeiss,n,26
17/11/2018,France,22,Tomas Cubelli,n,4
17/11/2018,France,19,Mariano Galarza,n,20
17/11/2018,France,23,Matias Moroni,n,16
17/11/2018,France,10,Nicolas Sanchez,y,80
17/11/2018,France,21,Tomas Lezana,n,20
17/11/2018,France,15,Emiliano Boffelli,y,80
17/11/2018,France,6,Pablo Matera,y,80
17/11/2018,France,1,Santiago Garcia Botta,y,54
17/11/2018,France,12,Jeronimo de la Fuente,y,80
17/11/2018,France,5,Tomas Lavanini,y,60
17/11/2018,France,14,Bautista Delguy,y,80
17/11/2018,France,9,Gonzalo Bertranou,y,76
17/11/2018,France,18,Lucio Sordoni,n,8
17/11/2018,France,11,Ramiro Moyano,y,64
17/11/2018,France,7,Guido Petti Pagadizabal,y,60
17/11/2018,France,4,Matias Alemanno,y,80
17/11/2018,France,16,Julian Montoya,n,20
17/11/2018,France,8,Javier Ortega Desio,y,68
17/11/2018,France,20,Rodrigo Bruni,n,12
17/11/2018,France,2,Agustín Creevy,y,60
17/11/2018,France,3,Santiago Medrano,y,72
24/11/2018,Scotland,22,Matias Orlando,n,41
24/11/2018,Scotland,17,Juan Pablo Zeiss,n,12
24/11/2018,Scotland,13,Matias Moroni,y,40
24/11/2018,Scotland,21,Martín Landajo,n,30
24/11/2018,Scotland,10,Nicolas Sanchez,y,80
24/11/2018,Scotland,20,Tomas Lezana,n,29
24/11/2018,Scotland,15,Emiliano Boffelli,y,80
24/11/2018,Scotland,6,Pablo Matera,y,80
24/11/2018,Scotland,1,Santiago Garcia Botta,y,68
24/11/2018,Scotland,12,Jeronimo de la Fuente,y,79
24/11/2018,Scotland,5,Tomas Lavanini,y,62
24/11/2018,Scotland,23,Sebastian Cancelliere,n,8
24/11/2018,Scotland,14,Bautista Delguy,y,72
24/11/2018,Scotland,9,Gonzalo Bertranou,y,50
24/11/2018,Scotland,18,Lucio Sordoni,n,0
24/11/2018,Scotland,11,Ramiro Moyano,y,80
24/11/2018,Scotland,4,Guido Petti Pagadizabal,y,80
24/11/2018,Scotland,19,Matias Alemanno,n,18
24/11/2018,Scotland,16,Julian Montoya,n,19
24/11/2018,Scotland,8,Javier Ortega Desio,y,51
24/11/2018,Scotland,7,Rodrigo Bruni,y,80
24/11/2018,Scotland,2,Agustín Creevy,y,61
24/11/2018,Scotland,3,Santiago Medrano,y,80
20/07/2019,New Zealand,3,Juan Figallo,y,48
20/07/2019,New Zealand,7,Marcos Kremer,y,71
20/07/2019,New Zealand,13,Matias Orlando,y,80
20/07/2019,New Zealand,9,Tomas Cubelli,y,72
20/07/2019,New Zealand,14,Matias Moroni,y,80
20/07/2019,New Zealand,1,Nahuel Tetaz Chaparro,y,58
20/07/2019,New Zealand,10,Nicolas Sanchez,y,77
20/07/2019,New Zealand,21,Felipe Ezcurra,n,8
20/07/2019,New Zealand,20,Tomas Lezana,n,17
20/07/2019,New Zealand,15,Emiliano Boffelli,y,60
20/07/2019,New Zealand,23,Joaquin Tuculet,n,20
20/07/2019,New Zealand,6,Pablo Matera,y,80
20/07/2019,New Zealand,12,Jeronimo de la Fuente,y,80
20/07/2019,New Zealand,5,Tomas Lavanini,y,63
20/07/2019,New Zealand,17,Mayco Vivas,n,22
20/07/2019,New Zealand,11,Ramiro Moyano,y,80
20/07/2019,New Zealand,4,Guido Petti Pagadizabal,y,80
20/07/2019,New Zealand,22,Joaquin Diaz Bonilla,n,3
20/07/2019,New Zealand,19,Matias Alemanno,n,9
20/07/2019,New Zealand,16,Julian Montoya,n,32
20/07/2019,New Zealand,8,Javier Ortega Desio,y,80
20/07/2019,New Zealand,2,Agustín Creevy,y,48
20/07/2019,New Zealand,18,Santiago Medrano,n,32
27/07/2019,Australia,3,Juan Figallo,y,51
27/07/2019,Australia,8,Facundo Isa,y,80
27/07/2019,Australia,18,Ramiro Herrera,n,29
27/07/2019,Australia,23,Matias Orlando,n,16
27/07/2019,Australia,9,Tomas Cubelli,y,69
27/07/2019,Australia,13,Matias Moroni,y,64
27/07/2019,Australia,1,Nahuel Tetaz Chaparro,y,54
27/07/2019,Australia,10,Nicolas Sanchez,y,61
27/07/2019,Australia,21,Felipe Ezcurra,n,11
27/07/2019,Australia,7,Tomas Lezana,y,80
27/07/2019,Australia,15,Joaquin Tuculet,y,80
27/07/2019,Australia,6,Pablo Matera,y,66
27/07/2019,Australia,12,Jeronimo de la Fuente,y,80
27/07/2019,Australia,5,Tomas Lavanini,y,51
27/07/2019,Australia,16,Santiago Socino,n,10
27/07/2019,Australia,20,Juan Manuel Leguizamon,n,14
27/07/2019,Australia,17,Mayco Vivas,n,26
27/07/2019,Australia,11,Ramiro Moyano,y,80
27/07/2019,Australia,4,Guido Petti Pagadizabal,y,80
27/07/2019,Australia,22,Joaquin Diaz Bonilla,n,19
27/07/2019,Australia,19,Matias Alemanno,n,29
27/07/2019,Australia,2,Julian Montoya,y,70
27/07/2019,Australia,14,Santiago Cordero,y,80
10/08/2019,South Africa,3,Juan Figallo,y,51
10/08/2019,South Africa,5,Marcos Kremer,y,80
10/08/2019,South Africa,8,Facundo Isa,y,51
10/08/2019,South Africa,9,Tomas Cubelli,y,62
10/08/2019,South Africa,13,Matias Moroni,y,80
10/08/2019,South Africa,1,Nahuel Tetaz Chaparro,y,50
10/08/2019,South Africa,10,Nicolas Sanchez,y,55
10/08/2019,South Africa,20,Tomas Lezana,n,29
10/08/2019,South Africa,15,Emiliano Boffelli,y,80
10/08/2019,South Africa,23,Joaquin Tuculet,n,18
10/08/2019,South Africa,6,Pablo Matera,y,80
10/08/2019,South Africa,12,Jeronimo de la Fuente,y,80
10/08/2019,South Africa,21,Gonzalo Bertranou,n,18
10/08/2019,South Africa,22,Benjamin Urdapilleta,n,25
10/08/2019,South Africa,17,Mayco Vivas,n,30
10/08/2019,South Africa,11,Ramiro Moyano,y,80
10/08/2019,South Africa,19,Guido Petti Pagadizabal,n,19
10/08/2019,South Africa,4,Matias Alemanno,y,61
10/08/2019,South Africa,16,Julian Montoya,n,30
10/08/2019,South Africa,14,Santiago Cordero,y,62
10/08/2019,South Africa,7,Javier Ortega Desio,y,80
10/08/2019,South Africa,2,Agustín Creevy,y,50
10/08/2019,South Africa,18,Santiago Medrano,n,29
17/08/2019,South Africa,18,Juan Figallo,n,25
17/08/2019,South Africa,7,Marcos Kremer,y,55
17/08/2019,South Africa,23,Santiago Carreras,n,20
17/08/2019,South Africa,17,Nahuel Tetaz Chaparro,n,25
17/08/2019,South Africa,9,Felipe Ezcurra,y,55
17/08/2019,South Africa,20,Tomas Lezana,n,33
17/08/2019,South Africa,15,Joaquin Tuculet,y,80
17/08/2019,South Africa,6,Pablo Matera,y,80
17/08/2019,South Africa,13,Jeronimo de la Fuente,y,80
17/08/2019,South Africa,5,Tomas Lavanini,y,80
17/08/2019,South Africa,14,Sebastian Cancelliere,y,60
17/08/2019,South Africa,21,Gonzalo Bertranou,n,25
17/08/2019,South Africa,16,Santiago Socino,n,2
17/08/2019,South Africa,22,Benjamin Urdapilleta,n,25
17/08/2019,South Africa,1,Mayco Vivas,y,55
17/08/2019,South Africa,11,Ramiro Moyano,y,80
17/08/2019,South Africa,4,Guido Petti Pagadizabal,y,80
17/08/2019,South Africa,10,Joaquin Diaz Bonilla,y,55
17/08/2019,South Africa,19,Matias Alemanno,n,25
17/08/2019,South Africa,2,Julian Montoya,y,78
17/08/2019,South Africa,8,Javier Ortega Desio,y,47
17/08/2019,South Africa,12,Lucas Mensa,y,80
17/08/2019,South Africa,3,Santiago Medrano,y,55
21/09/2019,France,3,Juan Figallo,y,80
21/09/2019,France,7,Marcos Kremer,y,80
21/09/2019,France,13,Matias Orlando,y,80
21/09/2019,France,23,Santiago Carreras,n,0
21/09/2019,France,9,Tomas Cubelli,y,80
21/09/2019,France,14,Matias Moroni,y,80
21/09/2019,France,1,Nahuel Tetaz Chaparro,y,80
21/09/2019,France,10,Nicolas Sanchez,y,80
21/09/2019,France,21,Felipe Ezcurra,n,0
21/09/2019,France,20,Tomas Lezana,n,0
21/09/2019,France,15,Emiliano Boffelli,y,80
21/09/2019,France,6,Pablo Matera,y,80
21/09/2019,France,12,Jeronimo de la Fuente,y,80
21/09/2019,France,5,Tomas Lavanini,y,80
21/09/2019,France,22,Benjamin Urdapilleta,n,0
21/09/2019,France,17,Mayco Vivas,n,0
21/09/2019,France,11,Ramiro Moyano,y,80
21/09/2019,France,4,Guido Petti Pagadizabal,y,80
21/09/2019,France,19,Matias Alemanno,n,0
21/09/2019,France,16,Julian Montoya,n,0
21/09/2019,France,8,Javier Ortega Desio,y,80
21/09/2019,France,2,Agustín Creevy,y,80
21/09/2019,France,18,Santiago Medrano,n,0
28/09/2019,Tonga,3,Juan Figallo,y,80
28/09/2019,Tonga,7,Marcos Kremer,y,80
28/09/2019,Tonga,13,Matias Orlando,y,80
28/09/2019,Tonga,11,Santiago Carreras,y,80
28/09/2019,Tonga,9,Tomas Cubelli,y,80
28/09/2019,Tonga,14,Matias Moroni,y,80
28/09/2019,Tonga,1,Nahuel Tetaz Chaparro,y,80
28/09/2019,Tonga,22,Nicolas Sanchez,n,0
28/09/2019,Tonga,21,Felipe Ezcurra,n,0
28/09/2019,Tonga,8,Tomas Lezana,y,80
28/09/2019,Tonga,15,Emiliano Boffelli,y,80
28/09/2019,Tonga,6,Pablo Matera,y,80
28/09/2019,Tonga,12,Jeronimo de la Fuente,y,80
28/09/2019,Tonga,5,Tomas Lavanini,y,80
28/09/2019,Tonga,23,Bautista Delguy,n,0
28/09/2019,Tonga,10,Benjamin Urdapilleta,y,80
28/09/2019,Tonga,17,Mayco Vivas,n,0
28/09/2019,Tonga,4,Guido Petti Pagadizabal,y,80
28/09/2019,Tonga,19,Matias Alemanno,n,0
28/09/2019,Tonga,2,Julian Montoya,y,80
28/09/2019,Tonga,20,Javier Ortega Desio,n,0
28/09/2019,Tonga,16,Agustín Creevy,n,0
28/09/2019,Tonga,18,Santiago Medrano,n,0
05/10/2019,England,3,Juan Figallo,y,80
05/10/2019,England,7,Marcos Kremer,y,80
05/10/2019,England,13,Matias Orlando,y,80
05/10/2019,England,11,Santiago Carreras,y,80
05/10/2019,England,9,Tomas Cubelli,y,58
05/10/2019,England,14,Matias Moroni,y,80
05/10/2019,England,1,Nahuel Tetaz Chaparro,y,80
05/10/2019,England,21,Felipe Ezcurra,n,22
05/10/2019,England,20,Tomas Lezana,n,0
05/10/2019,England,15,Emiliano Boffelli,y,80
05/10/2019,England,6,Pablo Matera,y,80
05/10/2019,England,12,Jeronimo de la Fuente,y,80
05/10/2019,England,5,Tomas Lavanini,y,80
05/10/2019,England,23,Bautista Delguy,n,0
05/10/2019,England,10,Benjamin Urdapilleta,y,80
05/10/2019,England,17,Mayco Vivas,n,0
05/10/2019,England,4,Guido Petti Pagadizabal,y,80
05/10/2019,England,19,Matias Alemanno,n,0
05/10/2019,England,2,Julian Montoya,y,80
05/10/2019,England,8,Javier Ortega Desio,y,80
05/10/2019,England,22,Lucas Mensa,n,0
05/10/2019,England,16,Agustín Creevy,n,0
05/10/2019,England,18,Santiago Medrano,n,0
09/10/2019,USA,19,Marcos Kremer,n,0
09/10/2019,USA,18,Enrique Pieretto Heiland,n,0
09/10/2019,USA,11,Santiago Carreras,y,80
09/10/2019,USA,23,Matias Moroni,n,0
09/10/2019,USA,1,Nahuel Tetaz Chaparro,y,80
09/10/2019,USA,10,Nicolas Sanchez,y,80
09/10/2019,USA,9,Felipe Ezcurra,y,80
09/10/2019,USA,20,Tomas Lezana,n,0
09/10/2019,USA,15,Joaquin Tuculet,y,80
09/10/2019,USA,6,Pablo Matera,y,80
09/10/2019,USA,12,Jeronimo de la Fuente,y,80
09/10/2019,USA,14,Bautista Delguy,y,80
09/10/2019,USA,21,Gonzalo Bertranou,n,0
09/10/2019,USA,22,Benjamin Urdapilleta,n,0
09/10/2019,USA,7,Juan Manuel Leguizamon,y,80
09/10/2019,USA,17,Mayco Vivas,n,0
09/10/2019,USA,4,Guido Petti Pagadizabal,y,80
09/10/2019,USA,5,Matias Alemanno,y,80
09/10/2019,USA,2,Julian Montoya,y,80
09/10/2019,USA,13,Juan Cruz Mallia,y,80
09/10/2019,USA,8,Rodrigo Bruni,y,80
09/10/2019,USA,16,Agustín Creevy,n,0
09/10/2019,USA,3,Santiago Medrano,y,80
14/11/2020,New Zealand,7,Marcos Kremer,y,80
14/11/2020,New Zealand,13,Matias Orlando,y,80
14/11/2020,New Zealand,15,Santiago Carreras,y,69
14/11/2020,New Zealand,9,Tomas Cubelli,y,80
14/11/2020,New Zealand,11,Juan Imhoff,y,80
14/11/2020,New Zealand,1,Nahuel Tetaz Chaparro,y,72
14/11/2020,New Zealand,10,Nicolas Sanchez,y,80
14/11/2020,New Zealand,20,Tomas Lezana,n,7
14/11/2020,New Zealand,6,Pablo Matera,y,80
14/11/2020,New Zealand,14,Bautista Delguy,y,80
14/11/2020,New Zealand,21,Gonzalo Bertranou,n,0
14/11/2020,New Zealand,17,Mayco Vivas,n,8
14/11/2020,New Zealand,4,Guido Petti Pagadizabal,y,80
14/11/2020,New Zealand,12,Santiago Chocobares,y,80
14/11/2020,New Zealand,22,Lucio Cinti,n,0
14/11/2020,New Zealand,5,Matias Alemanno,y,73
14/11/2020,New Zealand,2,Julian Montoya,y,77
14/11/2020,New Zealand,19,Santiago Grondona,n,26
14/11/2020,New Zealand,23,Santiago Cordero,n,11
14/11/2020,New Zealand,8,Rodrigo Bruni,y,54
14/11/2020,New Zealand,16,Facundo Bosch,n,3
14/11/2020,New Zealand,3,Francisco Gomez Kodela,y,72
14/11/2020,New Zealand,18,Santiago Medrano,n,8
21/11/2020,Australia,7,Marcos Kremer,y,77
21/11/2020,Australia,20,Facundo Isa,n,23
21/11/2020,Australia,13,Matias Orlando,y,80
21/11/2020,Australia,15,Santiago Carreras,y,59
21/11/2020,Australia,11,Juan Imhoff,y,17
21/11/2020,Australia,1,Nahuel Tetaz Chaparro,y,42
21/11/2020,Australia,10,Nicolas Sanchez,y,80
21/11/2020,Australia,21,Felipe Ezcurra,n,0
21/11/2020,Australia,22,Emiliano Boffelli,n,63
21/11/2020,Australia,6,Pablo Matera,y,80
21/11/2020,Australia,14,Bautista Delguy,y,80
21/11/2020,Australia,9,Gonzalo Bertranou,y,80
21/11/2020,Australia,16,Santiago Socino,n,7
21/11/2020,Australia,17,Mayco Vivas,n,38
21/11/2020,Australia,4,Guido Petti Pagadizabal,y,80
21/11/2020,Australia,12,Santiago Chocobares,y,80
21/11/2020,Australia,5,Matias Alemanno,y,66
21/11/2020,Australia,2,Julian Montoya,y,80
21/11/2020,Australia,19,Santiago Grondona,n,17
21/11/2020,Australia,23,Santiago Cordero,n,21
21/11/2020,Australia,8,Rodrigo Bruni,y,50
21/11/2020,Australia,3,Francisco Gomez Kodela,y,57
21/11/2020,Australia,18,Santiago Medrano,n,23
28/11/2020,New Zealand,7,Marcos Kremer,y,60
28/11/2020,New Zealand,8,Facundo Isa,y,80
28/11/2020,New Zealand,22,Santiago Carreras,n,17
28/11/2020,New Zealand,17,Nahuel Tetaz Chaparro,n,25
28/11/2020,New Zealand,10,Nicolas Sanchez,y,64
28/11/2020,New Zealand,9,Felipe Ezcurra,y,67
28/11/2020,New Zealand,15,Emiliano Boffelli,y,80
28/11/2020,New Zealand,6,Pablo Matera,y,80
28/11/2020,New Zealand,12,Jeronimo de la Fuente,y,59
28/11/2020,New Zealand,21,Gonzalo Bertranou,n,14
28/11/2020,New Zealand,16,Santiago Socino,n,14
28/11/2020,New Zealand,18,Lucio Sordoni,n,25
28/11/2020,New Zealand,1,Mayco Vivas,y,56
28/11/2020,New Zealand,11,Ramiro Moyano,y,80
28/11/2020,New Zealand,4,Guido Petti Pagadizabal,y,80
28/11/2020,New Zealand,5,Lucas Paulos,y,59
28/11/2020,New Zealand,19,Matias Alemanno,n,22
28/11/2020,New Zealand,2,Julian Montoya,y,67
28/11/2020,New Zealand,13,Juan Cruz Mallia,y,80
28/11/2020,New Zealand,20,Santiago Grondona,n,21
28/11/2020,New Zealand,14,Santiago Cordero,y,80
28/11/2020,New Zealand,23,Lucas Mensa,n,22
28/11/2020,New Zealand,3,Santiago Medrano,y,56
05/12/2020,Australia,5,Marcos Kremer,y,80
05/12/2020,Australia,7,Facundo Isa,y,80
05/12/2020,Australia,13,Matias Orlando,y,80
05/12/2020,Australia,18,Juan Pablo Zeiss,n,11
05/12/2020,Australia,15,Santiago Carreras,y,80
05/12/2020,Australia,1,Nahuel Tetaz Chaparro,y,65
05/12/2020,Australia,10,Nicolas Sanchez,y,46
05/12/2020,Australia,9,Felipe Ezcurra,y,74
05/12/2020,Australia,11,Emiliano Boffelli,y,80
05/12/2020,Australia,12,Jeronimo de la Fuente,y,80
05/12/2020,Australia,14,Bautista Delguy,y,80
05/12/2020,Australia,21,Gonzalo Bertranou,n,6
05/12/2020,Australia,20,Francisco Gorrissen,n,23
05/12/2020,Australia,17,Mayco Vivas,n,15
05/12/2020,Australia,16,Jose Luis Gonzalez,n,0
05/12/2020,Australia,19,Lucas Paulos,n,15
05/12/2020,Australia,23,Santiago Chocobares,n,0
05/12/2020,Australia,4,Matias Alemanno,y,80
05/12/2020,Australia,2,Julian Montoya,y,80
05/12/2020,Australia,6,Santiago Grondona,y,65
05/12/2020,Australia,8,Rodrigo Bruni,y,57
05/12/2020,Australia,22,Domingo Miotti,n,34
05/12/2020,Australia,3,Francisco Gomez Kodela,y,69
03/07/2021,Romania,4,Marcos Kremer,y,80
03/07/2021,Romania,19,Facundo Isa,n,32
03/07/2021,Romania,3,Enrique Pieretto Heiland,y,54
03/07/2021,Romania,9,Tomas Cubelli,y,79
03/07/2021,Romania,11,Juan Imhoff,y,48
03/07/2021,Romania,13,Matias Moroni,y,80
03/07/2021,Romania,17,Nahuel Tetaz Chaparro,n,26
03/07/2021,Romania,10,Nicolas Sanchez,y,62
03/07/2021,Romania,6,Pablo Matera,y,80
03/07/2021,Romania,12,Jeronimo de la Fuente,y,80
03/07/2021,Romania,5,Tomas Lavanini,y,48
03/07/2021,Romania,14,Bautista Delguy,y,80
03/07/2021,Romania,21,Gonzalo Bertranou,n,1
03/07/2021,Romania,7,Francisco Gorrissen,y,80
03/07/2021,Romania,20,Juan Martin Gonzalez,n,6
03/07/2021,Romania,1,Facundo Gigena,y,54
03/07/2021,Romania,2,Julian Montoya,y,65
03/07/2021,Romania,23,Juan Cruz Mallia,n,32
03/07/2021,Romania,15,Santiago Cordero,y,80
03/07/2021,Romania,8,Rodrigo Bruni,y,74
03/07/2021,Romania,22,Domingo Miotti,n,18
03/07/2021,Romania,16,Facundo Bosch,n,15
03/07/2021,Romania,18,Santiago Medrano,n,26
10/07/2021,Wales,5,Marcos Kremer,y,65
10/07/2021,Wales,7,Facundo Isa,y,59
10/07/2021,Wales,14,Santiago Carreras,y,80
10/07/2021,Wales,9,Tomas Cubelli,y,66
10/07/2021,Wales,13,Matias Moroni,y,80
10/07/2021,Wales,1,Nahuel Tetaz Chaparro,y,62
10/07/2021,Wales,10,Nicolas Sanchez,y,69
10/07/2021,Wales,6,Pablo Matera,y,80
10/07/2021,Wales,12,Jeronimo de la Fuente,y,80
10/07/2021,Wales,19,Tomas Lavanini,n,21
10/07/2021,Wales,21,Gonzalo Bertranou,n,14
10/07/2021,Wales,17,Facundo Gigena,n,18
10/07/2021,Wales,4,Guido Petti Pagadizabal,y,80
10/07/2021,Wales,23,Santiago Chocobares,n,0
10/07/2021,Wales,20,Matias Alemanno,n,15
10/07/2021,Wales,2,Julian Montoya,y,74
10/07/2021,Wales,15,Juan Cruz Mallia,y,80
10/07/2021,Wales,11,Santiago Cordero,y,80
10/07/2021,Wales,8,Rodrigo Bruni,y,80
10/07/2021,Wales,22,Domingo Miotti,n,11
10/07/2021,Wales,16,Facundo Bosch,n,6
10/07/2021,Wales,3,Francisco Gomez Kodela,y,62
10/07/2021,Wales,18,Santiago Medrano,n,18
17/07/2021,Wales,5,Marcos Kremer,y,55
17/07/2021,Wales,7,Facundo Isa,y,48
17/07/2021,Wales,15,Santiago Carreras,y,73
17/07/2021,Wales,9,Tomas Cubelli,y,68
17/07/2021,Wales,23,Juan Imhoff,n,29
17/07/2021,Wales,11,Matias Moroni,y,80
17/07/2021,Wales,1,Nahuel Tetaz Chaparro,y,54
17/07/2021,Wales,10,Nicolas Sanchez,y,80
17/07/2021,Wales,21,Felipe Ezcurra,n,12
17/07/2021,Wales,6,Pablo Matera,y,80
17/07/2021,Wales,12,Jeronimo de la Fuente,y,80
17/07/2021,Wales,19,Tomas Lavanini,n,32
17/07/2021,Wales,14,Bautista Delguy,y,51
17/07/2021,Wales,17,Facundo Gigena,n,26
17/07/2021,Wales,4,Guido Petti Pagadizabal,y,80
17/07/2021,Wales,13,Santiago Chocobares,y,80
17/07/2021,Wales,20,Matias Alemanno,n,25
17/07/2021,Wales,2,Julian Montoya,y,70
17/07/2021,Wales,8,Rodrigo Bruni,y,80
17/07/2021,Wales,22,Domingo Miotti,n,7
17/07/2021,Wales,16,Facundo Bosch,n,10
17/07/2021,Wales,3,Francisco Gomez Kodela,y,48
17/07/2021,Wales,18,Santiago Medrano,n,32
14/08/2021,South Africa,5,Marcos Kremer,y,52
14/08/2021,South Africa,7,Facundo Isa,y,59
14/08/2021,South Africa,15,Santiago Carreras,y,77
14/08/2021,South Africa,11,Matias Moroni,y,80
14/08/2021,South Africa,1,Nahuel Tetaz Chaparro,y,59
14/08/2021,South Africa,10,Nicolas Sanchez,y,67
14/08/2021,South Africa,9,Felipe Ezcurra,y,54
14/08/2021,South Africa,6,Pablo Matera,y,80
14/08/2021,South Africa,12,Jeronimo de la Fuente,y,54
14/08/2021,South Africa,19,Tomas Lavanini,n,28
14/08/2021,South Africa,23,Sebastian Cancelliere,n,29
14/08/2021,South Africa,14,Bautista Delguy,y,80
14/08/2021,South Africa,21,Gonzalo Bertranou,n,26
14/08/2021,South Africa,17,Carlos Muzzio,n,21
14/08/2021,South Africa,4,Guido Petti Pagadizabal,y,80
14/08/2021,South Africa,13,Santiago Chocobares,y,80
14/08/2021,South Africa,20,Matias Alemanno,n,21
14/08/2021,South Africa,2,Julian Montoya,y,72
14/08/2021,South Africa,8,Rodrigo Bruni,y,80
14/08/2021,South Africa,22,Domingo Miotti,n,13
14/08/2021,South Africa,16,Facundo Bosch,n,8
14/08/2021,South Africa,3,Francisco Gomez Kodela,y,59
14/08/2021,South Africa,18,Santiago Medrano,n,21
21/08/2021,South Africa,19,Marcos Kremer,n,31
21/08/2021,South Africa,14,Ignacio Mendy,y,80
21/08/2021,South Africa,11,Santiago Carreras,y,80
21/08/2021,South Africa,1,Nahuel Tetaz Chaparro,y,54
21/08/2021,South Africa,22,Nicolas Sanchez,n,20
21/08/2021,South Africa,21,Felipe Ezcurra,n,2
21/08/2021,South Africa,6,Pablo Matera,y,80
21/08/2021,South Africa,12,Jeronimo de la Fuente,y,59
21/08/2021,South Africa,5,Tomas Lavanini,y,80
21/08/2021,South Africa,9,Gonzalo Bertranou,y,78
21/08/2021,South Africa,20,Juan Martin Gonzalez,n,11
21/08/2021,South Africa,17,Facundo Gigena,n,26
21/08/2021,South Africa,7,Guido Petti Pagadizabal,y,69
21/08/2021,South Africa,13,Santiago Chocobares,y,80
21/08/2021,South Africa,23,Lucio Cinti,n,21
21/08/2021,South Africa,4,Matias Alemanno,y,80
21/08/2021,South Africa,2,Julian Montoya,y,60
21/08/2021,South Africa,15,Juan Cruz Mallia,y,80
21/08/2021,South Africa,8,Rodrigo Bruni,y,49
21/08/2021,South Africa,10,Domingo Miotti,y,60
21/08/2021,South Africa,16,Facundo Bosch,n,20
21/08/2021,South Africa,3,Francisco Gomez Kodela,y,54
21/08/2021,South Africa,18,Santiago Medrano,n,26
12/09/2021,New Zealand,7,Marcos Kremer,y,80
12/09/2021,New Zealand,21,Gonzalo Garcia,n,12
12/09/2021,New Zealand,18,Enrique Pieretto Heiland,n,21
12/09/2021,New Zealand,13,Matias Moroni,y,52
12/09/2021,New Zealand,10,Nicolas Sanchez,y,54
12/09/2021,New Zealand,23,Emiliano Boffelli,n,26
12/09/2021,New Zealand,6,Pablo Matera,y,80
12/09/2021,New Zealand,12,Jeronimo de la Fuente,y,68
12/09/2021,New Zealand,19,Tomas Lavanini,n,27
12/09/2021,New Zealand,14,Bautista Delguy,y,80
12/09/2021,New Zealand,9,Gonzalo Bertranou,y,80
12/09/2021,New Zealand,17,Carlos Muzzio,n,21
12/09/2021,New Zealand,20,Juan Martin Gonzalez,n,25
12/09/2021,New Zealand,1,Facundo Gigena,y,59
12/09/2021,New Zealand,4,Guido Petti Pagadizabal,y,53
12/09/2021,New Zealand,22,Santiago Chocobares,n,28
12/09/2021,New Zealand,5,Matias Alemanno,y,80
12/09/2021,New Zealand,2,Julian Montoya,y,61
12/09/2021,New Zealand,15,Juan Cruz Mallia,y,80
12/09/2021,New Zealand,11,Santiago Cordero,y,80
12/09/2021,New Zealand,8,Rodrigo Bruni,y,55
12/09/2021,New Zealand,16,Facundo Bosch,n,19
12/09/2021,New Zealand,3,Santiago Medrano,y,59
18/09/2021,New Zealand,7,Marcos Kremer,y,80
18/09/2021,New Zealand,21,Gonzalo Garcia,n,23
18/09/2021,New Zealand,18,Enrique Pieretto Heiland,n,32
18/09/2021,New Zealand,10,Santiago Carreras,y,80
18/09/2021,New Zealand,23,Matias Moroni,n,14
18/09/2021,New Zealand,20,Tomas Lezana,n,19
18/09/2021,New Zealand,11,Emiliano Boffelli,y,80
18/09/2021,New Zealand,8,Pablo Matera,y,61
18/09/2021,New Zealand,5,Tomas Lavanini,y,80
18/09/2021,New Zealand,9,Gonzalo Bertranou,y,57
18/09/2021,New Zealand,16,Santiago Socino,n,19
18/09/2021,New Zealand,17,Carlos Muzzio,n,32
18/09/2021,New Zealand,6,Juan Martin Gonzalez,y,80
18/09/2021,New Zealand,1,Facundo Gigena,y,48
18/09/2021,New Zealand,19,Guido Petti Pagadizabal,n,29
18/09/2021,New Zealand,12,Santiago Chocobares,y,80
18/09/2021,New Zealand,13,Lucio Cinti,y,75
18/09/2021,New Zealand,4,Matias Alemanno,y,51
18/09/2021,New Zealand,2,Julian Montoya,y,61
18/09/2021,New Zealand,15,Juan Cruz Mallia,y,80
18/09/2021,New Zealand,14,Santiago Cordero,y,66
18/09/2021,New Zealand,22,Domingo Miotti,n,5
18/09/2021,New Zealand,3,Santiago Medrano,y,48
25/09/2021,Australia,7,Marcos Kremer,y,66
25/09/2021,Australia,21,Gonzalo Garcia,n,0
25/09/2021,Australia,17,Rodrigo Martinez,n,21
25/09/2021,Australia,18,Enrique Pieretto Heiland,n,9
25/09/2021,Australia,10,Santiago Carreras,y,53
25/09/2021,Australia,11,Emiliano Boffelli,y,80
25/09/2021,Australia,8,Pablo Matera,y,80
25/09/2021,Australia,5,Tomas Lavanini,y,80
25/09/2021,Australia,9,Gonzalo Bertranou,y,80
25/09/2021,Australia,16,Santiago Socino,n,7
25/09/2021,Australia,20,Joaquin Oviedo,n,14
25/09/2021,Australia,23,Mateo Carreras,n,27
25/09/2021,Australia,6,Juan Martin Gonzalez,y,80
25/09/2021,Australia,1,Facundo Gigena,y,59
25/09/2021,Australia,19,Guido Petti Pagadizabal,n,33
25/09/2021,Australia,12,Santiago Chocobares,y,80
25/09/2021,Australia,13,Lucio Cinti,y,80
25/09/2021,Australia,4,Matias Alemanno,y,47
25/09/2021,Australia,2,Julian Montoya,y,73
25/09/2021,Australia,15,Juan Cruz Mallia,y,73
25/09/2021,Australia,14,Santiago Cordero,y,80
25/09/2021,Australia,22,Domingo Miotti,n,7
25/09/2021,Australia,3,Santiago Medrano,y,71
02/10/2021,Australia,17,Thomas Gallo,n,28
02/10/2021,Australia,7,Marcos Kremer,y,80
02/10/2021,Australia,21,Gonzalo Garcia,n,14
02/10/2021,Australia,1,Rodrigo Martinez,y,52
02/10/2021,Australia,3,Enrique Pieretto Heiland,y,52
02/10/2021,Australia,10,Santiago Carreras,y,80
02/10/2021,Australia,14,Matias Moroni,y,80
02/10/2021,Australia,11,Emiliano Boffelli,y,80
02/10/2021,Australia,5,Tomas Lavanini,y,80
02/10/2021,Australia,9,Gonzalo Bertranou,y,66
02/10/2021,Australia,20,Francisco Gorrissen,n,18
02/10/2021,Australia,23,Mateo Carreras,n,12
02/10/2021,Australia,6,Juan Martin Gonzalez,y,80
02/10/2021,Australia,4,Guido Petti Pagadizabal,y,80
02/10/2021,Australia,12,Santiago Chocobares,y,80
02/10/2021,Australia,13,Lucio Cinti,y,68
02/10/2021,Australia,19,Matias Alemanno,n,8
02/10/2021,Australia,18,Eduardo Bello,n,28
02/10/2021,Australia,2,Julian Montoya,y,80
02/10/2021,Australia,15,Juan Cruz Mallia,y,80
02/10/2021,Australia,8,Rodrigo Bruni,y,80
02/10/2021,Australia,22,Domingo Miotti,n,0
02/10/2021,Australia,16,Facundo Bosch,n,0
06/11/2021,France,1,Thomas Gallo,y,68
06/11/2021,France,7,Marcos Kremer,y,80
06/11/2021,France,8,Facundo Isa,y,80
06/11/2021,France,17,Rodrigo Martinez,n,12
06/11/2021,France,10,Santiago Carreras,y,75
06/11/2021,France,9,Tomas Cubelli,y,77
06/11/2021,France,13,Matias Moroni,y,80
06/11/2021,France,22,Nicolas Sanchez,n,17
06/11/2021,France,15,Emiliano Boffelli,y,80
06/11/2021,France,6,Pablo Matera,y,77
06/11/2021,France,12,Jeronimo de la Fuente,y,80
06/11/2021,France,5,Tomas Lavanini,y,60
06/11/2021,France,14,Bautista Delguy,y,63
06/11/2021,France,21,Gonzalo Bertranou,n,3
06/11/2021,France,11,Mateo Carreras,y,80
06/11/2021,France,20,Juan Martin Gonzalez,n,20
06/11/2021,France,4,Guido Petti Pagadizabal,y,63
06/11/2021,France,19,Lucas Paulos,n,20
06/11/2021,France,23,Lucio Cinti,n,5
06/11/2021,France,2,Julian Montoya,y,68
06/11/2021,France,16,Facundo Bosch,n,12
06/11/2021,France,3,Francisco Gomez Kodela,y,55
06/11/2021,France,18,Santiago Medrano,n,25
13/11/2021,Italy,1,Thomas Gallo,y,61
13/11/2021,Italy,4,Marcos Kremer,y,80
13/11/2021,Italy,8,Facundo Isa,y,53
13/11/2021,Italy,10,Santiago Carreras,y,61
13/11/2021,Italy,9,Tomas Cubelli,y,67
13/11/2021,Italy,13,Matias Moroni,y,80
13/11/2021,Italy,22,Nicolas Sanchez,n,19
13/11/2021,Italy,15,Emiliano Boffelli,y,80
13/11/2021,Italy,6,Pablo Matera,y,80
13/11/2021,Italy,12,Jeronimo de la Fuente,y,67
13/11/2021,Italy,5,Tomas Lavanini,y,67
13/11/2021,Italy,21,Gonzalo Bertranou,n,13
13/11/2021,Italy,11,Mateo Carreras,y,80
13/11/2021,Italy,7,Juan Martin Gonzalez,y,80
13/11/2021,Italy,17,Ignacio Calles,n,19
13/11/2021,Italy,19,Lucas Paulos,n,13
13/11/2021,Italy,23,Lucio Cinti,n,13
13/11/2021,Italy,2,Julian Montoya,y,67
13/11/2021,Italy,20,Santiago Grondona,n,27
13/11/2021,Italy,14,Santiago Cordero,y,80
13/11/2021,Italy,16,Facundo Bosch,n,13
13/11/2021,Italy,3,Francisco Gomez Kodela,y,56
13/11/2021,Italy,18,Santiago Medrano,n,24
21/11/2021,Ireland,1,Thomas Gallo,y,46
21/11/2021,Ireland,7,Marcos Kremer,y,58
21/11/2021,Ireland,20,Facundo Isa,n,22
21/11/2021,Ireland,10,Santiago Carreras,y,59
21/11/2021,Ireland,9,Tomas Cubelli,y,46
21/11/2021,Ireland,13,Matias Moroni,y,80
21/11/2021,Ireland,22,Nicolas Sanchez,n,21
21/11/2021,Ireland,15,Emiliano Boffelli,y,80
21/11/2021,Ireland,23,Facundo Cordero,n,46
21/11/2021,Ireland,8,Pablo Matera,y,80
21/11/2021,Ireland,12,Jeronimo de la Fuente,y,80
21/11/2021,Ireland,5,Tomas Lavanini,y,80
21/11/2021,Ireland,21,Gonzalo Bertranou,n,34
21/11/2021,Ireland,14,Mateo Carreras,y,34
21/11/2021,Ireland,4,Guido Petti Pagadizabal,y,48
21/11/2021,Ireland,17,Ignacio Calles,n,34
21/11/2021,Ireland,19,Lucas Paulos,n,32
21/11/2021,Ireland,11,Lucio Cinti,y,80
21/11/2021,Ireland,18,Eduardo Bello,n,21
21/11/2021,Ireland,2,Julian Montoya,y,75
21/11/2021,Ireland,6,Santiago Grondona,y,80
21/11/2021,Ireland,16,Facundo Bosch,n,5
21/11/2021,Ireland,3,Francisco Gomez Kodela,y,59
02/07/2022,Scotland,7,Marcos Kremer,y,60
02/07/2022,Scotland,20,Facundo Isa,n,20
02/07/2022,Scotland,13,Matias Orlando,y,66
02/07/2022,Scotland,18,Joel Sclavi,n,24
02/07/2022,Scotland,22,Santiago Carreras,n,59
02/07/2022,Scotland,21,Juan Imhoff,n,14
02/07/2022,Scotland,23,Matias Moroni,n,24
02/07/2022,Scotland,1,Nahuel Tetaz Chaparro,y,57
02/07/2022,Scotland,10,Nicolas Sanchez,y,21
02/07/2022,Scotland,11,Emiliano Boffelli,y,80
02/07/2022,Scotland,8,Pablo Matera,y,80
02/07/2022,Scotland,12,Jeronimo de la Fuente,y,56
02/07/2022,Scotland,9,Gonzalo Bertranou,y,80
02/07/2022,Scotland,6,Juan Martin Gonzalez,y,80
02/07/2022,Scotland,17,Mayco Vivas,n,23
02/07/2022,Scotland,4,Guido Petti Pagadizabal,y,80
02/07/2022,Scotland,19,Lucas Paulos,n,7
02/07/2022,Scotland,5,Matias Alemanno,y,73
02/07/2022,Scotland,2,Julian Montoya,y,60
02/07/2022,Scotland,15,Juan Cruz Mallia,y,80
02/07/2022,Scotland,14,Santiago Cordero,y,80
02/07/2022,Scotland,16,Agustín Creevy,n,20
02/07/2022,Scotland,3,Francisco Gomez Kodela,y,56
09/07/2022,Scotland,7,Marcos Kremer,y,80
09/07/2022,Scotland,20,Facundo Isa,n,34
09/07/2022,Scotland,13,Matias Orlando,y,80
09/07/2022,Scotland,18,Joel Sclavi,n,22
09/07/2022,Scotland,10,Santiago Carreras,y,80
09/07/2022,Scotland,11,Juan Imhoff,y,78
09/07/2022,Scotland,23,Matias Moroni,n,8
09/07/2022,Scotland,1,Nahuel Tetaz Chaparro,y,50
09/07/2022,Scotland,21,Felipe Ezcurra,n,8
09/07/2022,Scotland,15,Emiliano Boffelli,y,80
09/07/2022,Scotland,12,Jeronimo de la Fuente,y,72
09/07/2022,Scotland,9,Gonzalo Bertranou,y,72
09/07/2022,Scotland,6,Juan Martin Gonzalez,y,80
09/07/2022,Scotland,17,Mayco Vivas,n,30
09/07/2022,Scotland,4,Guido Petti Pagadizabal,y,80
09/07/2022,Scotland,19,Lucas Paulos,n,12
09/07/2022,Scotland,5,Matias Alemanno,y,68
09/07/2022,Scotland,2,Julian Montoya,y,55
09/07/2022,Scotland,14,Santiago Cordero,y,80
09/07/2022,Scotland,8,Rodrigo Bruni,y,46
09/07/2022,Scotland,22,Domingo Miotti,n,2
09/07/2022,Scotland,16,Agustín Creevy,n,25
09/07/2022,Scotland,3,Francisco Gomez Kodela,y,58
16/07/2022,Scotland,1,Thomas Gallo,y,51
16/07/2022,Scotland,19,Marcos Kremer,n,29
16/07/2022,Scotland,8,Facundo Isa,y,68
16/07/2022,Scotland,13,Matias Orlando,y,80
16/07/2022,Scotland,3,Joel Sclavi,y,51
16/07/2022,Scotland,10,Santiago Carreras,y,80
16/07/2022,Scotland,22,Tomas Albornoz,n,0
16/07/2022,Scotland,12,Matias Moroni,y,80
16/07/2022,Scotland,17,Nahuel Tetaz Chaparro,n,29
16/07/2022,Scotland,11,Emiliano Boffelli,y,80
16/07/2022,Scotland,6,Pablo Matera,y,80
16/07/2022,Scotland,5,Tomas Lavanini,y,51
16/07/2022,Scotland,14,Bautista Delguy,y,51
16/07/2022,Scotland,21,Gonzalo Bertranou,n,19
16/07/2022,Scotland,9,Lautaro Bazan Velez,y,61
16/07/2022,Scotland,16,Ignacio Ruiz,n,22
16/07/2022,Scotland,20,Juan Martin Gonzalez,n,12
16/07/2022,Scotland,4,Guido Petti Pagadizabal,y,80
16/07/2022,Scotland,23,Lucio Cinti,n,29
16/07/2022,Scotland,15,Juan Cruz Mallia,y,80
16/07/2022,Scotland,7,Santiago Grondona,y,80
16/07/2022,Scotland,2,Agustín Creevy,y,58
16/07/2022,Scotland,18,Francisco Gomez Kodela,n,29
06/08/2022,Australia,17,Thomas Gallo,n,22
06/08/2022,Australia,7,Marcos Kremer,y,80
06/08/2022,Australia,13,Matias Orlando,y,65
06/08/2022,Australia,18,Joel Sclavi,n,17
06/08/2022,Australia,10,Santiago Carreras,y,80
06/08/2022,Australia,9,Tomas Cubelli,y,53
06/08/2022,Australia,22,Tomas Albornoz,n,0
06/08/2022,Australia,23,Matias Moroni,n,15
06/08/2022,Australia,1,Nahuel Tetaz Chaparro,y,58
06/08/2022,Australia,11,Emiliano Boffelli,y,80
06/08/2022,Australia,8,Pablo Matera,y,80
06/08/2022,Australia,12,Jeronimo de la Fuente,y,80
06/08/2022,Australia,5,Tomas Lavanini,y,80
06/08/2022,Australia,21,Lautaro Bazan Velez,n,28
06/08/2022,Australia,6,Juan Martin Gonzalez,y,73
06/08/2022,Australia,4,Matias Alemanno,y,73
06/08/2022,Australia,2,Julian Montoya,y,58
06/08/2022,Australia,15,Juan Cruz Mallia,y,80
06/08/2022,Australia,19,Santiago Grondona,n,8
06/08/2022,Australia,14,Santiago Cordero,y,80
06/08/2022,Australia,20,Rodrigo Bruni,n,8
06/08/2022,Australia,16,Agustín Creevy,n,22
06/08/2022,Australia,3,Francisco Gomez Kodela,y,63
13/08/2022,Australia,5,Tomas Lavanini,y,80
13/08/2022,Australia,9,Gonzalo Bertranou,y,65
13/08/2022,Australia,6,Juan Martin Gonzalez,y,80
13/08/2022,Australia,23,Lucio Cinti,n,55
13/08/2022,Australia,4,Matias Alemanno,y,80
13/08/2022,Australia,2,Julian Montoya,y,73
13/08/2022,Australia,15,Juan Cruz Mallia,y,80
13/08/2022,Australia,20,Rodrigo Bruni,n,3
13/08/2022,Australia,16,Agustín Creevy,n,7
13/08/2022,Australia,3,Francisco Gomez Kodela,y,65
13/08/2022,Australia,1,Thomas Gallo,y,68
13/08/2022,Australia,7,Marcos Kremer,y,47
13/08/2022,Australia,19,Facundo Isa,n,33
13/08/2022,Australia,18,Joel Sclavi,n,15
13/08/2022,Australia,10,Santiago Carreras,y,77
13/08/2022,Australia,21,Tomas Cubelli,n,15
13/08/2022,Australia,11,Juan Imhoff,y,80
13/08/2022,Australia,22,Tomas Albornoz,n,3
13/08/2022,Australia,13,Matias Moroni,y,80
13/08/2022,Australia,17,Nahuel Tetaz Chaparro,n,12
13/08/2022,Australia,14,Emiliano Boffelli,y,80
13/08/2022,Australia,8,Pablo Matera,y,77
13/08/2022,Australia,12,Jeronimo de la Fuente,y,25
27/08/2022,New Zealand,1,Thomas Gallo,y,58
27/08/2022,New Zealand,7,Marcos Kremer,y,80
27/08/2022,New Zealand,12,Matias Orlando,y,80
27/08/2022,New Zealand,3,Joel Sclavi,y,58
27/08/2022,New Zealand,10,Santiago Carreras,y,80
27/08/2022,New Zealand,21,Tomas Cubelli,n,9
27/08/2022,New Zealand,22,Tomas Albornoz,n,0
27/08/2022,New Zealand,13,Matias Moroni,y,80
27/08/2022,New Zealand,14,Emiliano Boffelli,y,80
27/08/2022,New Zealand,8,Pablo Matera,y,80
27/08/2022,New Zealand,5,Tomas Lavanini,y,80
27/08/2022,New Zealand,9,Gonzalo Bertranou,y,71
27/08/2022,New Zealand,16,Santiago Socino,n,1
27/08/2022,New Zealand,6,Juan Martin Gonzalez,y,72
27/08/2022,New Zealand,17,Mayco Vivas,n,22
27/08/2022,New Zealand,19,Guido Petti Pagadizabal,n,18
27/08/2022,New Zealand,11,Lucio Cinti,y,72
27/08/2022,New Zealand,4,Matias Alemanno,y,62
27/08/2022,New Zealand,18,Eduardo Bello,n,22
27/08/2022,New Zealand,2,Julian Montoya,y,79
27/08/2022,New Zealand,15,Juan Cruz Mallia,y,80
27/08/2022,New Zealand,20,Santiago Grondona,n,8
27/08/2022,New Zealand,23,Santiago Cordero,n,8
03/09/2022,New Zealand,1,Thomas Gallo,y,69
03/09/2022,New Zealand,7,Marcos Kremer,y,80
03/09/2022,New Zealand,12,Matias Orlando,y,80
03/09/2022,New Zealand,3,Joel Sclavi,y,46
03/09/2022,New Zealand,10,Santiago Carreras,y,41
03/09/2022,New Zealand,9,Tomas Cubelli,y,46
03/09/2022,New Zealand,13,Matias Moroni,y,80
03/09/2022,New Zealand,14,Emiliano Boffelli,y,80
03/09/2022,New Zealand,8,Pablo Matera,y,80
03/09/2022,New Zealand,5,Tomas Lavanini,y,80
03/09/2022,New Zealand,21,Gonzalo Bertranou,n,34
03/09/2022,New Zealand,16,Santiago Socino,n,17
03/09/2022,New Zealand,22,Benjamin Urdapilleta,n,39
03/09/2022,New Zealand,20,Juan Martin Gonzalez,n,34
03/09/2022,New Zealand,17,Mayco Vivas,n,11
03/09/2022,New Zealand,4,Guido Petti Pagadizabal,y,46
03/09/2022,New Zealand,23,Lucio Cinti,n,12
03/09/2022,New Zealand,19,Matias Alemanno,n,34
03/09/2022,New Zealand,18,Eduardo Bello,n,34
03/09/2022,New Zealand,2,Julian Montoya,y,63
03/09/2022,New Zealand,15,Juan Cruz Mallia,y,80
03/09/2022,New Zealand,6,Santiago Grondona,y,46
03/09/2022,New Zealand,11,Santiago Cordero,y,68
17/09/2022,South Africa,17,Thomas Gallo,n,30
17/09/2022,South Africa,7,Marcos Kremer,y,80
17/09/2022,South Africa,12,Matias Orlando,y,80
17/09/2022,South Africa,18,Joel Sclavi,n,30
17/09/2022,South Africa,10,Santiago Carreras,y,76
17/09/2022,South Africa,21,Tomas Cubelli,n,39
17/09/2022,South Africa,23,Matias Moroni,n,29
17/09/2022,South Africa,1,Nahuel Tetaz Chaparro,y,50
17/09/2022,South Africa,14,Emiliano Boffelli,y,80
17/09/2022,South Africa,8,Pablo Matera,y,80
17/09/2022,South Africa,13,Jeronimo de la Fuente,y,80
17/09/2022,South Africa,5,Tomas Lavanini,y,80
17/09/2022,South Africa,9,Gonzalo Bertranou,y,51
17/09/2022,South Africa,22,Benjamin Urdapilleta,n,4
17/09/2022,South Africa,6,Juan Martin Gonzalez,y,64
17/09/2022,South Africa,19,Guido Petti Pagadizabal,n,20
17/09/2022,South Africa,11,Lucio Cinti,y,41
17/09/2022,South Africa,4,Matias Alemanno,y,60
17/09/2022,South Africa,3,Eduardo Bello,y,50
17/09/2022,South Africa,2,Julian Montoya,y,64
17/09/2022,South Africa,15,Juan Cruz Mallia,y,80
17/09/2022,South Africa,20,Rodrigo Bruni,n,16
17/09/2022,South Africa,16,Agustín Creevy,n,16
24/09/2022,South Africa,7,Marcos Kremer,y,80
24/09/2022,South Africa,18,Joel Sclavi,n,50
24/09/2022,South Africa,10,Santiago Carreras,y,62
24/09/2022,South Africa,21,Tomas Cubelli,n,16
24/09/2022,South Africa,11,Juan Imhoff,y,57
24/09/2022,South Africa,13,Matias Moroni,y,80
24/09/2022,South Africa,1,Nahuel Tetaz Chaparro,y,59
24/09/2022,South Africa,14,Emiliano Boffelli,y,80
24/09/2022,South Africa,8,Pablo Matera,y,30
24/09/2022,South Africa,12,Jeronimo de la Fuente,y,80
24/09/2022,South Africa,5,Tomas Lavanini,y,80
24/09/2022,South Africa,23,Bautista Delguy,n,23
24/09/2022,South Africa,9,Gonzalo Bertranou,y,64
24/09/2022,South Africa,22,Benjamin Urdapilleta,n,18
24/09/2022,South Africa,6,Juan Martin Gonzalez,y,80
24/09/2022,South Africa,17,Mayco Vivas,n,21
24/09/2022,South Africa,19,Guido Petti Pagadizabal,n,44
24/09/2022,South Africa,4,Matias Alemanno,y,80
24/09/2022,South Africa,3,Eduardo Bello,y,30
24/09/2022,South Africa,2,Julian Montoya,y,75
24/09/2022,South Africa,15,Juan Cruz Mallia,y,80
24/09/2022,South Africa,16,Agustín Creevy,n,5
24/09/2022,South Africa,20,Pedro Rubiolo,n,6
06/11/2022,England,1,Thomas Gallo,y,80
06/11/2022,England,7,Marcos Kremer,y,74
06/11/2022,England,20,Facundo Isa,n,63
06/11/2022,England,23,Matias Orlando,n,23
06/11/2022,England,10,Santiago Carreras,y,80
06/11/2022,England,22,Tomas Albornoz,n,0
06/11/2022,England,13,Matias Moroni,y,80
06/11/2022,England,21,Eliseo Morales,n,0
06/11/2022,England,17,Nahuel Tetaz Chaparro,n,0
06/11/2022,England,11,Emiliano Boffelli,y,80
06/11/2022,England,8,Pablo Matera,y,80
06/11/2022,England,12,Jeronimo de la Fuente,y,80
06/11/2022,England,5,Tomas Lavanini,y,17
06/11/2022,England,9,Gonzalo Bertranou,y,80
06/11/2022,England,14,Mateo Carreras,y,57
06/11/2022,England,16,Ignacio Ruiz,n,12
06/11/2022,England,6,Juan Martin Gonzalez,y,80
06/11/2022,England,19,Lucas Paulos,n,6
06/11/2022,England,4,Matias Alemanno,y,80
06/11/2022,England,18,Eduardo Bello,n,23
06/11/2022,England,2,Julian Montoya,y,68
06/11/2022,England,15,Juan Cruz Mallia,y,80
06/11/2022,England,3,Francisco Gomez Kodela,y,57
12/11/2022,Wales,1,Thomas Gallo,y,49
12/11/2022,Wales,7,Marcos Kremer,y,66
12/11/2022,Wales,20,Facundo Isa,n,24
12/11/2022,Wales,23,Matias Orlando,n,20
12/11/2022,Wales,10,Santiago Carreras,y,68
12/11/2022,Wales,22,Tomas Albornoz,n,12
12/11/2022,Wales,13,Matias Moroni,y,60
12/11/2022,Wales,21,Eliseo Morales,n,14
12/11/2022,Wales,17,Nahuel Tetaz Chaparro,n,31
12/11/2022,Wales,11,Emiliano Boffelli,y,80
12/11/2022,Wales,8,Pablo Matera,y,80
12/11/2022,Wales,12,Jeronimo de la Fuente,y,80
12/11/2022,Wales,5,Tomas Lavanini,y,56
12/11/2022,Wales,9,Gonzalo Bertranou,y,66
12/11/2022,Wales,14,Mateo Carreras,y,80
12/11/2022,Wales,16,Ignacio Ruiz,n,31
12/11/2022,Wales,6,Juan Martin Gonzalez,y,80
12/11/2022,Wales,19,Lucas Paulos,n,14
12/11/2022,Wales,4,Matias Alemanno,y,80
12/11/2022,Wales,18,Eduardo Bello,n,20
12/11/2022,Wales,15,Juan Cruz Mallia,y,80
12/11/2022,Wales,2,Agustín Creevy,y,49
12/11/2022,Wales,3,Francisco Gomez Kodela,y,60
19/11/2022,Scotland,1,Thomas Gallo,y,76
19/11/2022,Scotland,7,Marcos Kremer,y,80
19/11/2022,Scotland,20,Facundo Isa,n,4
19/11/2022,Scotland,13,Matias Orlando,y,80
19/11/2022,Scotland,10,Santiago Carreras,y,61
19/11/2022,Scotland,23,Matias Moroni,n,18
19/11/2022,Scotland,17,Nahuel Tetaz Chaparro,n,18
19/11/2022,Scotland,22,Nicolas Sanchez,n,19
19/11/2022,Scotland,11,Emiliano Boffelli,y,80
19/11/2022,Scotland,8,Pablo Matera,y,80
19/11/2022,Scotland,12,Jeronimo de la Fuente,y,50
19/11/2022,Scotland,5,Tomas Lavanini,y,62
19/11/2022,Scotland,14,Bautista Delguy,y,62
19/11/2022,Scotland,9,Gonzalo Bertranou,y,77
19/11/2022,Scotland,21,Lautaro Bazan Velez,n,3
19/11/2022,Scotland,16,Ignacio Ruiz,n,15
19/11/2022,Scotland,6,Juan Martin Gonzalez,y,80
19/11/2022,Scotland,19,Lucas Paulos,n,30
19/11/2022,Scotland,4,Matias Alemanno,y,80
19/11/2022,Scotland,3,Eduardo Bello,y,57
19/11/2022,Scotland,2,Julian Montoya,y,65
19/11/2022,Scotland,15,Juan Cruz Mallia,y,80
19/11/2022,Scotland,18,Santiago Medrano,n,23
08/07/2023,New Zealand,1,Thomas Gallo,y,65
08/07/2023,New Zealand,23,Matias Orlando,n,26
08/07/2023,New Zealand,10,Santiago Carreras,y,80
08/07/2023,New Zealand,13,Matias Moroni,y,54
08/07/2023,New Zealand,22,Nicolas Sanchez,n,26
08/07/2023,New Zealand,15,Emiliano Boffelli,y,80
08/07/2023,New Zealand,6,Pablo Matera,y,80
08/07/2023,New Zealand,5,Tomas Lavanini,y,61
08/07/2023,New Zealand,14,Sebastian Cancelliere,y,54
08/07/2023,New Zealand,9,Gonzalo Bertranou,y,65
08/07/2023,New Zealand,21,Lautaro Bazan Velez,n,15
08/07/2023,New Zealand,3,Lucio Sordoni,y,65
08/07/2023,New Zealand,11,Mateo Carreras,y,80
08/07/2023,New Zealand,7,Juan Martin Gonzalez,y,62
08/07/2023,New Zealand,17,Mayco Vivas,n,15
08/07/2023,New Zealand,12,Lucio Cinti,y,80
08/07/2023,New Zealand,4,Matias Alemanno,y,80
08/07/2023,New Zealand,18,Eduardo Bello,n,15
08/07/2023,New Zealand,2,Julian Montoya,y,68
08/07/2023,New Zealand,20,Santiago Grondona,n,18
08/07/2023,New Zealand,8,Rodrigo Bruni,y,80
08/07/2023,New Zealand,16,Agustín Creevy,n,12
08/07/2023,New Zealand,19,Pedro Rubiolo,n,19
15/07/2023,Australia,1,Thomas Gallo,y,68
15/07/2023,Australia,10,Santiago Carreras,y,80
15/07/2023,Australia,23,Matias Moroni,n,24
15/07/2023,Australia,17,Nahuel Tetaz Chaparro,n,12
15/07/2023,Australia,22,Nicolas Sanchez,n,7
15/07/2023,Australia,15,Emiliano Boffelli,y,80
15/07/2023,Australia,6,Pablo Matera,y,80
15/07/2023,Australia,12,Jeronimo de la Fuente,y,56
15/07/2023,Australia,5,Tomas Lavanini,y,80
15/07/2023,Australia,9,Gonzalo Bertranou,y,80
15/07/2023,Australia,21,Lautaro Bazan Velez,n,0
15/07/2023,Australia,11,Mateo Carreras,y,80
15/07/2023,Australia,8,Juan Martin Gonzalez,y,80
15/07/2023,Australia,19,Lucas Paulos,n,38
15/07/2023,Australia,13,Lucio Cinti,y,80
15/07/2023,Australia,4,Matias Alemanno,y,42
15/07/2023,Australia,14,Rodrigo Isgro,y,73
15/07/2023,Australia,18,Eduardo Bello,n,29
15/07/2023,Australia,2,Julian Montoya,y,73
15/07/2023,Australia,7,Santiago Grondona,y,73
15/07/2023,Australia,20,Rodrigo Bruni,n,7
15/07/2023,Australia,16,Agustín Creevy,n,7
15/07/2023,Australia,3,Francisco Gomez Kodela,y,51
29/07/2023,South Africa,1,Thomas Gallo,y,46
29/07/2023,South Africa,20,Facundo Isa,n,25
29/07/2023,South Africa,18,Joel Sclavi,n,22
29/07/2023,South Africa,10,Santiago Carreras,y,32
29/07/2023,South Africa,11,Juan Imhoff,y,66
29/07/2023,South Africa,22,Tomas Albornoz,n,48
29/07/2023,South Africa,23,Matias Moroni,n,14
29/07/2023,South Africa,17,Nahuel Tetaz Chaparro,n,34
29/07/2023,South Africa,6,Pablo Matera,y,80
29/07/2023,South Africa,5,Tomas Lavanini,y,80
29/07/2023,South Africa,21,Gonzalo Bertranou,n,31
29/07/2023,South Africa,9,Lautaro Bazan Velez,y,49
29/07/2023,South Africa,14,Mateo Carreras,y,80
29/07/2023,South Africa,16,Ignacio Ruiz,n,2
29/07/2023,South Africa,8,Juan Martin Gonzalez,y,80
29/07/2023,South Africa,4,Lucas Paulos,y,80
29/07/2023,South Africa,12,Santiago Chocobares,y,80
29/07/2023,South Africa,13,Lucio Cinti,y,80
29/07/2023,South Africa,2,Julian Montoya,y,78
29/07/2023,South Africa,15,Juan Cruz Mallia,y,80
29/07/2023,South Africa,7,Santiago Grondona,y,55
29/07/2023,South Africa,3,Francisco Gomez Kodela,y,58
29/07/2023,South Africa,19,Pedro Rubiolo,n,0
05/08/2023,South Africa,1,Thomas Gallo,y,61
05/08/2023,South Africa,20,Facundo Isa,n,28
05/08/2023,South Africa,17,Joel Sclavi,n,19
05/08/2023,South Africa,10,Santiago Carreras,y,80
05/08/2023,South Africa,22,Tomas Albornoz,n,17
05/08/2023,South Africa,23,Matias Moroni,n,78
05/08/2023,South Africa,14,Emiliano Boffelli,y,80
05/08/2023,South Africa,6,Pablo Matera,y,80
05/08/2023,South Africa,5,Tomas Lavanini,y,80
05/08/2023,South Africa,15,Martín Bogado,y,63
05/08/2023,South Africa,9,Gonzalo Bertranou,y,72
05/08/2023,South Africa,21,Lautaro Bazan Velez,n,8
05/08/2023,South Africa,8,Juan Martin Gonzalez,y,80
05/08/2023,South Africa,19,Guido Petti Pagadizabal,n,46
05/08/2023,South Africa,12,Santiago Chocobares,y,2
05/08/2023,South Africa,13,Lucio Cinti,y,80
05/08/2023,South Africa,18,Eduardo Bello,n,20
05/08/2023,South Africa,2,Julian Montoya,y,71
05/08/2023,South Africa,7,Santiago Grondona,y,52
05/08/2023,South Africa,11,Santiago Cordero,y,80
05/08/2023,South Africa,16,Agustín Creevy,n,9
05/08/2023,South Africa,3,Francisco Gomez Kodela,y,60
05/08/2023,South Africa,4,Pedro Rubiolo,y,34
26/08/2023,Spain,7,Marcos Kremer,y,80
26/08/2023,Spain,8,Facundo Isa,y,80
26/08/2023,Spain,1,Joel Sclavi,y,54
26/08/2023,Spain,9,Tomas Cubelli,y,49
26/08/2023,Spain,13,Matias Moroni,y,80
26/08/2023,Spain,10,Nicolas Sanchez,y,80
26/08/2023,Spain,22,Jeronimo de la Fuente,n,40
26/08/2023,Spain,23,Martín Bogado,n,40
26/08/2023,Spain,21,Lautaro Bazan Velez,n,31
26/08/2023,Spain,18,Lucio Sordoni,n,15
26/08/2023,Spain,11,Mateo Carreras,y,58
26/08/2023,Spain,16,Ignacio Ruiz,n,40
26/08/2023,Spain,17,Mayco Vivas,n,26
26/08/2023,Spain,4,Guido Petti Pagadizabal,y,80
26/08/2023,Spain,12,Santiago Chocobares,y,40
26/08/2023,Spain,19,Matias Alemanno,n,15
26/08/2023,Spain,14,Rodrigo Isgro,y,65
26/08/2023,Spain,3,Eduardo Bello,y,65
26/08/2023,Spain,15,Juan Cruz Mallia,y,40
26/08/2023,Spain,20,Santiago Grondona,n,22
26/08/2023,Spain,6,Rodrigo Bruni,y,80
26/08/2023,Spain,2,Agustín Creevy,y,40
26/08/2023,Spain,5,Pedro Rubiolo,y,80
09/09/2023,England,1,Thomas Gallo,y,76
09/09/2023,England,7,Marcos Kremer,y,80
09/09/2023,England,17,Joel Sclavi,n,17
09/09/2023,England,10,Santiago Carreras,y,80
09/09/2023,England,23,Matias Moroni,n,17
09/09/2023,England,14,Emiliano Boffelli,y,80
09/09/2023,England,6,Pablo Matera,y,80
09/09/2023,England,5,Tomas Lavanini,y,49
09/09/2023,England,9,Gonzalo Bertranou,y,69
09/09/2023,England,22,Lautaro Bazan Velez,n,11
09/09/2023,England,11,Mateo Carreras,y,63
09/09/2023,England,8,Juan Martin Gonzalez,y,80
09/09/2023,England,19,Guido Petti Pagadizabal,n,40
09/09/2023,England,12,Santiago Chocobares,y,80
09/09/2023,England,13,Lucio Cinti,y,80
09/09/2023,England,4,Matias Alemanno,y,40
09/09/2023,England,18,Eduardo Bello,n,17
09/09/2023,England,2,Julian Montoya,y,69
09/09/2023,England,15,Juan Cruz Mallia,y,3
09/09/2023,England,21,Rodrigo Bruni,n,0
09/09/2023,England,16,Agustín Creevy,n,11
09/09/2023,England,3,Francisco Gomez Kodela,y,49
09/09/2023,England,20,Pedro Rubiolo,n,31
22/09/2023,Samoa,1,Thomas Gallo,y,80
22/09/2023,Samoa,7,Marcos Kremer,y,80
22/09/2023,Samoa,10,Santiago Carreras,y,66
22/09/2023,Samoa,21,Tomas Cubelli,n,14
22/09/2023,Samoa,13,Matias Moroni,y,71
22/09/2023,Samoa,22,Nicolas Sanchez,n,14
22/09/2023,Samoa,14,Emiliano Boffelli,y,80
22/09/2023,Samoa,6,Pablo Matera,y,80
22/09/2023,Samoa,9,Gonzalo Bertranou,y,66
22/09/2023,Samoa,11,Mateo Carreras,y,80
22/09/2023,Samoa,8,Juan Martin Gonzalez,y,55
22/09/2023,Samoa,17,Mayco Vivas,n,0
22/09/2023,Samoa,4,Guido Petti Pagadizabal,y,80
22/09/2023,Samoa,12,Santiago Chocobares,y,80
22/09/2023,Samoa,23,Lucio Cinti,n,9
22/09/2023,Samoa,5,Matias Alemanno,y,61
22/09/2023,Samoa,3,Eduardo Bello,y,42
22/09/2023,Samoa,2,Julian Montoya,y,80
22/09/2023,Samoa,15,Juan Cruz Mallia,y,80
22/09/2023,Samoa,20,Rodrigo Bruni,n,25
22/09/2023,Samoa,16,Agustín Creevy,n,0
22/09/2023,Samoa,18,Francisco Gomez Kodela,n,38
22/09/2023,Samoa,19,Pedro Rubiolo,n,19
30/09/2023,Chile,7,Marcos Kremer,y,51
30/09/2023,Chile,8,Facundo Isa,y,80
30/09/2023,Chile,1,Joel Sclavi,y,61
30/09/2023,Chile,22,Santiago Carreras,n,4
30/09/2023,Chile,9,Tomas Cubelli,y,47
30/09/2023,Chile,11,Juan Imhoff,y,80
30/09/2023,Chile,10,Nicolas Sanchez,y,76
30/09/2023,Chile,12,Jeronimo de la Fuente,y,80
30/09/2023,Chile,15,Martín Bogado,y,80
30/09/2023,Chile,20,Joaquin Oviedo,n,19
30/09/2023,Chile,21,Lautaro Bazan Velez,n,33
30/09/2023,Chile,16,Ignacio Ruiz,n,26
30/09/2023,Chile,6,Juan Martin Gonzalez,y,80
30/09/2023,Chile,17,Mayco Vivas,n,19
30/09/2023,Chile,4,Guido Petti Pagadizabal,y,61
30/09/2023,Chile,13,Lucio Cinti,y,68
30/09/2023,Chile,19,Matias Alemanno,n,29
30/09/2023,Chile,14,Rodrigo Isgro,y,80
30/09/2023,Chile,3,Eduardo Bello,y,47
30/09/2023,Chile,23,Juan Cruz Mallia,n,0
30/09/2023,Chile,2,Agustín Creevy,y,54
30/09/2023,Chile,18,Francisco Gomez Kodela,n,33
30/09/2023,Chile,5,Pedro Rubiolo,y,80
08/10/2023,Japan,1,Thomas Gallo,y,67
08/10/2023,Japan,7,Marcos Kremer,y,80
08/10/2023,Japan,17,Joel Sclavi,n,13
08/10/2023,Japan,10,Santiago Carreras,y,59
08/10/2023,Japan,23,Matias Moroni,n,10
08/10/2023,Japan,22,Nicolas Sanchez,n,21
08/10/2023,Japan,14,Emiliano Boffelli,y,80
08/10/2023,Japan,6,Pablo Matera,y,24
08/10/2023,Japan,5,Tomas Lavanini,y,47
08/10/2023,Japan,9,Gonzalo Bertranou,y,59
08/10/2023,Japan,21,Lautaro Bazan Velez,n,21
08/10/2023,Japan,11,Mateo Carreras,y,80
08/10/2023,Japan,8,Juan Martin Gonzalez,y,80
08/10/2023,Japan,4,Guido Petti Pagadizabal,y,80
08/10/2023,Japan,12,Santiago Chocobares,y,80
08/10/2023,Japan,13,Lucio Cinti,y,70
08/10/2023,Japan,19,Matias Alemanno,n,56
08/10/2023,Japan,18,Eduardo Bello,n,0
08/10/2023,Japan,2,Julian Montoya,y,77
08/10/2023,Japan,15,Juan Cruz Mallia,y,80
08/10/2023,Japan,16,Agustín Creevy,n,3
08/10/2023,Japan,3,Francisco Gomez Kodela,y,53
08/10/2023,Japan,20,Pedro Rubiolo,n,33
14/10/2023,Wales,1,Thomas Gallo,y,66
14/10/2023,Wales,7,Marcos Kremer,y,80
14/10/2023,Wales,8,Facundo Isa,y,54
14/10/2023,Wales,17,Joel Sclavi,n,14
14/10/2023,Wales,10,Santiago Carreras,y,69
14/10/2023,Wales,9,Tomas Cubelli,y,54
14/10/2023,Wales,23,Matias Moroni,n,0
14/10/2023,Wales,22,Nicolas Sanchez,n,11
14/10/2023,Wales,14,Emiliano Boffelli,y,80
14/10/2023,Wales,5,Tomas Lavanini,y,54
14/10/2023,Wales,21,Lautaro Bazan Velez,n,26
14/10/2023,Wales,11,Mateo Carreras,y,80
14/10/2023,Wales,6,Juan Martin Gonzalez,y,80
14/10/2023,Wales,4,Guido Petti Pagadizabal,y,80
14/10/2023,Wales,12,Santiago Chocobares,y,26
14/10/2023,Wales,13,Lucio Cinti,y,80
14/10/2023,Wales,19,Matias Alemanno,n,26
14/10/2023,Wales,18,Eduardo Bello,n,26
14/10/2023,Wales,2,Julian Montoya,y,66
14/10/2023,Wales,15,Juan Cruz Mallia,y,80
14/10/2023,Wales,20,Rodrigo Bruni,n,26
14/10/2023,Wales,16,Agustín Creevy,n,14
14/10/2023,Wales,3,Francisco Gomez Kodela,y,54
20/10/2023,New Zealand,1,Thomas Gallo,y,67
20/10/2023,New Zealand,7,Marcos Kremer,y,80
20/10/2023,New Zealand,8,Facundo Isa,y,18
20/10/2023,New Zealand,17,Joel Sclavi,n,13
20/10/2023,New Zealand,10,Santiago Carreras,y,65
20/10/2023,New Zealand,23,Matias Moroni,n,17
20/10/2023,New Zealand,22,Nicolas Sanchez,n,15
20/10/2023,New Zealand,14,Emiliano Boffelli,y,80
20/10/2023,New Zealand,5,Tomas Lavanini,y,40
20/10/2023,New Zealand,9,Gonzalo Bertranou,y,50
20/10/2023,New Zealand,21,Lautaro Bazan Velez,n,30
20/10/2023,New Zealand,11,Mateo Carreras,y,80
20/10/2023,New Zealand,6,Juan Martin Gonzalez,y,80
20/10/2023,New Zealand,4,Guido Petti Pagadizabal,y,80
20/10/2023,New Zealand,12,Santiago Chocobares,y,63
20/10/2023,New Zealand,13,Lucio Cinti,y,80
20/10/2023,New Zealand,19,Matias Alemanno,n,40
20/10/2023,New Zealand,18,Eduardo Bello,n,30
20/10/2023,New Zealand,2,Julian Montoya,y,63
20/10/2023,New Zealand,15,Juan Cruz Mallia,y,80
20/10/2023,New Zealand,20,Rodrigo Bruni,n,17
20/10/2023,New Zealand,16,Agustín Creevy,n,17
20/10/2023,New Zealand,3,Francisco Gomez Kodela,y,50
27/10/2023,England,1,Thomas Gallo,y,65
27/10/2023,England,7,Marcos Kremer,y,80
27/10/2023,England,8,Facundo Isa,y,46
27/10/2023,England,17,Joel Sclavi,n,15
27/10/2023,England,10,Santiago Carreras,y,55
27/10/2023,England,9,Tomas Cubelli,y,51
27/10/2023,England,23,Matias Moroni,n,34
27/10/2023,England,22,Nicolas Sanchez,n,25
27/10/2023,England,14,Emiliano Boffelli,y,80
27/10/2023,England,12,Jeronimo de la Fuente,y,80
27/10/2023,England,21,Lautaro Bazan Velez,n,29
27/10/2023,England,11,Mateo Carreras,y,80
27/10/2023,England,6,Juan Martin Gonzalez,y,80
27/10/2023,England,4,Guido Petti Pagadizabal,y,80
27/10/2023,England,13,Lucio Cinti,y,46
27/10/2023,England,19,Matias Alemanno,n,15
27/10/2023,England,18,Eduardo Bello,n,20
27/10/2023,England,2,Julian Montoya,y,55
27/10/2023,England,15,Juan Cruz Mallia,y,80
27/10/2023,England,20,Rodrigo Bruni,n,34
27/10/2023,England,16,Agustín Creevy,n,25
27/10/2023,England,3,Francisco Gomez Kodela,y,60
27/10/2023,England,5,Pedro Rubiolo,y,65
06/07/2024,France,1,Thomas Gallo,y,51
06/07/2024,France,7,Marcos Kremer,y,80
06/07/2024,France,23,Matias Orlando,n,11
06/07/2024,France,10,Santiago Carreras,y,80
06/07/2024,France,22,Tomas Albornoz,n,35
06/07/2024,France,13,Matias Moroni,y,80
06/07/2024,France,6,Pablo Matera,y,80
06/07/2024,France,12,Jeronimo de la Fuente,y,69
06/07/2024,France,14,Bautista Delguy,y,80
06/07/2024,France,15,Martín Bogado,y,45
06/07/2024,France,9,Gonzalo Bertranou,y,44
06/07/2024,France,8,Joaquin Oviedo,y,80
06/07/2024,France,21,Lautaro Bazan Velez,n,36
06/07/2024,France,19,Franco Molina,n,25
06/07/2024,France,18,Lucio Sordoni,n,29
06/07/2024,France,11,Mateo Carreras,y,80
06/07/2024,France,16,Ignacio Ruiz,n,11
06/07/2024,France,17,Mayco Vivas,n,29
06/07/2024,France,5,Lucas Paulos,y,69
06/07/2024,France,4,Matias Alemanno,y,55
06/07/2024,France,3,Eduardo Bello,y,51
06/07/2024,France,2,Julian Montoya,y,69
06/07/2024,France,20,Juan Bautista Pedemonte,n,11
13/07/2024,France,17,Thomas Gallo,n,0
13/07/2024,France,7,Marcos Kremer,y,80
13/07/2024,France,23,Matias Orlando,n,8
13/07/2024,France,10,Santiago Carreras,y,72
13/07/2024,France,22,Tomas Albornoz,n,26
13/07/2024,France,13,Matias Moroni,y,80
13/07/2024,France,6,Pablo Matera,y,80
13/07/2024,France,14,Bautista Delguy,y,54
13/07/2024,France,21,Gonzalo Bertranou,n,0
13/07/2024,France,8,Joaquin Oviedo,y,80
13/07/2024,France,9,Lautaro Bazan Velez,y,80
13/07/2024,France,4,Franco Molina,y,80
13/07/2024,France,18,Lucio Sordoni,n,0
13/07/2024,France,11,Mateo Carreras,y,80
13/07/2024,France,16,Ignacio Ruiz,n,59
13/07/2024,France,1,Mayco Vivas,y,80
13/07/2024,France,5,Lucas Paulos,y,54
13/07/2024,France,12,Santiago Chocobares,y,80
13/07/2024,France,19,Matias Alemanno,n,0
13/07/2024,France,3,Eduardo Bello,y,80
13/07/2024,France,2,Julian Montoya,y,21
13/07/2024,France,15,Santiago Cordero,y,80
13/07/2024,France,20,Pedro Rubiolo,n,26
20/07/2024,Uruguay,1,Thomas Gallo,y,46
20/07/2024,Uruguay,7,Marcos Kremer,y,50
20/07/2024,Uruguay,21,Gonzalo Garcia,n,30
20/07/2024,Uruguay,14,Ignacio Mendy,y,80
20/07/2024,Uruguay,23,Matias Orlando,n,40
20/07/2024,Uruguay,22,Santiago Carreras,n,15
20/07/2024,Uruguay,10,Tomas Albornoz,y,80
20/07/2024,Uruguay,20,Pablo Matera,n,30
20/07/2024,Uruguay,12,Jeronimo de la Fuente,y,80
20/07/2024,Uruguay,9,Gonzalo Bertranou,y,50
20/07/2024,Uruguay,18,Francisco Coria Marchetti,n,34
20/07/2024,Uruguay,8,Joaquin Oviedo,y,80
20/07/2024,Uruguay,4,Franco Molina,y,60
20/07/2024,Uruguay,11,Mateo Carreras,y,65
20/07/2024,Uruguay,2,Ignacio Ruiz,y,60
20/07/2024,Uruguay,17,Mayco Vivas,n,34
20/07/2024,Uruguay,16,Ignacio Calles,n,20
20/07/2024,Uruguay,13,Santiago Chocobares,y,40
20/07/2024,Uruguay,19,Matias Alemanno,n,20
20/07/2024,Uruguay,3,Eduardo Bello,y,46
20/07/2024,Uruguay,6,Joaquin Moro,y,80
20/07/2024,Uruguay,15,Santiago Cordero,y,80
20/07/2024,Uruguay,5,Pedro Rubiolo,y,80
10/08/2024,New Zealand,1,Thomas Gallo,y,63
10/08/2024,New Zealand,7,Marcos Kremer,y,80
10/08/2024,New Zealand,18,Joel Sclavi,n,34
10/08/2024,New Zealand,10,Santiago Carreras,y,80
10/08/2024,New Zealand,23,Tomas Albornoz,n,17
10/08/2024,New Zealand,14,Matias Moroni,y,80
10/08/2024,New Zealand,6,Pablo Matera,y,80
10/08/2024,New Zealand,20,Tomas Lavanini,n,17
10/08/2024,New Zealand,9,Gonzalo Bertranou,y,80
10/08/2024,New Zealand,21,Joaquin Oviedo,n,13
10/08/2024,New Zealand,22,Lautaro Bazan Velez,n,0
10/08/2024,New Zealand,19,Efrain Elias,n,34
10/08/2024,New Zealand,4,Franco Molina,y,46
10/08/2024,New Zealand,11,Mateo Carreras,y,80
10/08/2024,New Zealand,2,Ignacio Ruiz,y,63
10/08/2024,New Zealand,8,Juan Martin Gonzalez,y,67
10/08/2024,New Zealand,17,Mayco Vivas,n,17
10/08/2024,New Zealand,12,Santiago Chocobares,y,80
10/08/2024,New Zealand,13,Lucio Cinti,y,63
10/08/2024,New Zealand,3,Eduardo Bello,y,46
10/08/2024,New Zealand,15,Juan Cruz Mallia,y,80
10/08/2024,New Zealand,16,Agustín Creevy,n,17
10/08/2024,New Zealand,5,Pedro Rubiolo,y,63
17/08/2024,New Zealand,1,Thomas Gallo,y,60
17/08/2024,New Zealand,4,Marcos Kremer,y,80
17/08/2024,New Zealand,18,Joel Sclavi,n,29
17/08/2024,New Zealand,10,Santiago Carreras,y,44
17/08/2024,New Zealand,22,Tomas Albornoz,n,36
17/08/2024,New Zealand,14,Matias Moroni,y,44
17/08/2024,New Zealand,6,Pablo Matera,y,80
17/08/2024,New Zealand,20,Tomas Lavanini,n,20
17/08/2024,New Zealand,23,Bautista Delguy,n,36
17/08/2024,New Zealand,9,Gonzalo Bertranou,y,44
17/08/2024,New Zealand,8,Joaquin Oviedo,y,51
17/08/2024,New Zealand,21,Lautaro Bazan Velez,n,36
17/08/2024,New Zealand,19,Franco Molina,n,29
17/08/2024,New Zealand,3,Lucio Sordoni,y,51
17/08/2024,New Zealand,11,Mateo Carreras,y,80
17/08/2024,New Zealand,16,Ignacio Ruiz,n,20
17/08/2024,New Zealand,7,Juan Martin Gonzalez,y,80
17/08/2024,New Zealand,17,Mayco Vivas,n,20
17/08/2024,New Zealand,12,Santiago Chocobares,y,80
17/08/2024,New Zealand,13,Lucio Cinti,y,80
17/08/2024,New Zealand,2,Julian Montoya,y,60
17/08/2024,New Zealand,15,Juan Cruz Mallia,y,80
17/08/2024,New Zealand,5,Pedro Rubiolo,y,60
31/08/2024,Australia,1,Thomas Gallo,y,70
31/08/2024,Australia,7,Marcos Kremer,y,80
31/08/2024,Australia,3,Joel Sclavi,y,45
31/08/2024,Australia,10,Santiago Carreras,y,73
31/08/2024,Australia,23,Tomas Albornoz,n,18
31/08/2024,Australia,6,Pablo Matera,y,80
31/08/2024,Australia,20,Tomas Lavanini,n,0
31/08/2024,Australia,9,Gonzalo Bertranou,y,62
31/08/2024,Australia,22,Lautaro Bazan Velez,n,18
31/08/2024,Australia,4,Franco Molina,y,45
31/08/2024,Australia,11,Mateo Carreras,y,80
31/08/2024,Australia,8,Juan Martin Gonzalez,y,70
31/08/2024,Australia,17,Mayco Vivas,n,10
31/08/2024,Australia,19,Guido Petti Pagadizabal,n,35
31/08/2024,Australia,12,Santiago Chocobares,y,80
31/08/2024,Australia,13,Lucio Cinti,y,80
31/08/2024,Australia,18,Eduardo Bello,n,35
31/08/2024,Australia,2,Julian Montoya,y,80
31/08/2024,Australia,15,Juan Cruz Mallia,y,80
31/08/2024,Australia,21,Santiago Grondona,n,29
31/08/2024,Australia,14,Santiago Cordero,y,62
31/08/2024,Australia,16,Agustín Creevy,n,7
31/08/2024,Australia,5,Pedro Rubiolo,y,80
21/09/2024,South Africa,1,Thomas Gallo,y,59
21/09/2024,South Africa,7,Marcos Kremer,y,62
21/09/2024,South Africa,21,Gonzalo Garcia,n,33
21/09/2024,South Africa,3,Joel Sclavi,y,59
21/09/2024,South Africa,22,Santiago Carreras,n,30
21/09/2024,South Africa,10,Tomas Albornoz,y,80
21/09/2024,South Africa,23,Matias Moroni,n,5
21/09/2024,South Africa,6,Pablo Matera,y,55
21/09/2024,South Africa,14,Bautista Delguy,y,50
21/09/2024,South Africa,9,Gonzalo Bertranou,y,47
21/09/2024,South Africa,8,Joaquin Oviedo,y,80
21/09/2024,South Africa,4,Franco Molina,y,55
21/09/2024,South Africa,11,Mateo Carreras,y,80
21/09/2024,South Africa,16,Ignacio Ruiz,n,18
21/09/2024,South Africa,20,Juan Martin Gonzalez,n,25
21/09/2024,South Africa,19,Guido Petti Pagadizabal,n,25
21/09/2024,South Africa,17,Ignacio Calles,n,21
21/09/2024,South Africa,18,Pedro Delgado,n,21
21/09/2024,South Africa,12,Santiago Chocobares,y,80
21/09/2024,South Africa,13,Lucio Cinti,y,75
21/09/2024,South Africa,2,Julian Montoya,y,80
21/09/2024,South Africa,15,Juan Cruz Mallia,y,80
21/09/2024,South Africa,5,Pedro Rubiolo,y,80
28/09/2024,South Africa,1,Thomas Gallo,y,80
28/09/2024,South Africa,9,Gonzalo Garcia,y,80
28/09/2024,South Africa,3,Joel Sclavi,y,48
28/09/2024,South Africa,15,Santiago Carreras,y,80
28/09/2024,South Africa,10,Tomas Albornoz,y,80
28/09/2024,South Africa,13,Matias Moroni,y,80
28/09/2024,South Africa,20,Pablo Matera,n,40
28/09/2024,South Africa,5,Tomas Lavanini,y,50
28/09/2024,South Africa,8,Joaquin Oviedo,y,80
28/09/2024,South Africa,21,Lautaro Bazan Velez,n,0
28/09/2024,South Africa,19,Franco Molina,n,30
28/09/2024,South Africa,11,Mateo Carreras,y,80
28/09/2024,South Africa,16,Ignacio Ruiz,n,0
28/09/2024,South Africa,6,Juan Martin Gonzalez,y,40
28/09/2024,South Africa,17,Ignacio Calles,n,0
28/09/2024,South Africa,18,Pedro Delgado,n,32
28/09/2024,South Africa,12,Santiago Chocobares,y,25
28/09/2024,South Africa,22,Lucio Cinti,n,55
28/09/2024,South Africa,14,Rodrigo Isgro,y,36
28/09/2024,South Africa,2,Julian Montoya,y,80
28/09/2024,South Africa,23,Juan Cruz Mallia,n,44
28/09/2024,South Africa,7,Santiago Grondona,y,44
28/09/2024,South Africa,4,Pedro Rubiolo,y,80
09/11/2024,Italy,1,Thomas Gallo,y,67
09/11/2024,Italy,21,Gonzalo Garcia,n,29
09/11/2024,Italy,12,Matias Orlando,y,44
09/11/2024,Italy,3,Joel Sclavi,y,51
09/11/2024,Italy,10,Tomas Albornoz,y,80
09/11/2024,Italy,22,Matias Moroni,n,0
09/11/2024,Italy,11,Bautista Delguy,y,80
09/11/2024,Italy,9,Gonzalo Bertranou,y,51
09/11/2024,Italy,8,Joaquin Oviedo,y,80
09/11/2024,Italy,4,Franco Molina,y,59
09/11/2024,Italy,16,Ignacio Ruiz,n,21
09/11/2024,Italy,6,Juan Martin Gonzalez,y,80
09/11/2024,Italy,17,Ignacio Calles,n,13
09/11/2024,Italy,13,Lucio Cinti,y,80
09/11/2024,Italy,19,Matias Alemanno,n,21
09/11/2024,Italy,14,Rodrigo Isgro,y,63
09/11/2024,Italy,2,Julian Montoya,y,59
09/11/2024,Italy,15,Juan Cruz Mallia,y,80
09/11/2024,Italy,7,Santiago Grondona,y,63
09/11/2024,Italy,23,Santiago Cordero,n,17
09/11/2024,Italy,20,Juan Bautista Pedemonte,n,17
09/11/2024,Italy,18,Francisco Gomez Kodela,n,29
09/11/2024,Italy,5,Pedro Rubiolo,y,80
15/11/2024,Ireland,1,Thomas Gallo,y,59
15/11/2024,Ireland,23,Justo Piccardo,n,0
15/11/2024,Ireland,21,Gonzalo Garcia,n,34
15/11/2024,Ireland,3,Joel Sclavi,y,51
15/11/2024,Ireland,22,Santiago Carreras,n,23
15/11/2024,Ireland,10,Tomas Albornoz,y,80
15/11/2024,Ireland,12,Matias Moroni,y,80
15/11/2024,Ireland,6,Pablo Matera,y,62
15/11/2024,Ireland,11,Bautista Delguy,y,80
15/11/2024,Ireland,9,Gonzalo Bertranou,y,46
15/11/2024,Ireland,8,Joaquin Oviedo,y,80
15/11/2024,Ireland,19,Franco Molina,n,29
15/11/2024,Ireland,16,Ignacio Ruiz,n,18
15/11/2024,Ireland,7,Juan Martin Gonzalez,y,80
15/11/2024,Ireland,4,Guido Petti Pagadizabal,y,51
15/11/2024,Ireland,17,Ignacio Calles,n,8
15/11/2024,Ireland,13,Lucio Cinti,y,59
15/11/2024,Ireland,14,Rodrigo Isgro,y,57
15/11/2024,Ireland,2,Julian Montoya,y,22
15/11/2024,Ireland,15,Juan Cruz Mallia,y,80
15/11/2024,Ireland,20,Santiago Grondona,n,18
15/11/2024,Ireland,18,Francisco Gomez Kodela,n,29
15/11/2024,Ireland,5,Pedro Rubiolo,y,80
22/11/2024,France,1,Thomas Gallo,y,70
22/11/2024,France,20,Marcos Kremer,n,23
22/11/2024,France,9,Gonzalo Garcia,y,57
22/11/2024,France,3,Joel Sclavi,y,47
22/11/2024,France,22,Santiago Carreras,n,29
22/11/2024,France,10,Tomas Albornoz,y,80
22/11/2024,France,12,Matias Moroni,y,51
22/11/2024,France,6,Pablo Matera,y,46
22/11/2024,France,11,Bautista Delguy,y,28
22/11/2024,France,8,Joaquin Oviedo,y,80
22/11/2024,France,21,Lautaro Bazan Velez,n,23
22/11/2024,France,19,Franco Molina,n,29
22/11/2024,France,23,Mateo Carreras,n,52
22/11/2024,France,16,Ignacio Ruiz,n,18
22/11/2024,France,7,Juan Martin Gonzalez,y,80
22/11/2024,France,4,Guido Petti Pagadizabal,y,51
22/11/2024,France,17,Ignacio Calles,n,10
22/11/2024,France,13,Lucio Cinti,y,80
22/11/2024,France,14,Rodrigo Isgro,y,6
22/11/2024,France,2,Julian Montoya,y,62
22/11/2024,France,15,Juan Cruz Mallia,y,80
22/11/2024,France,18,Francisco Gomez Kodela,n,33
22/11/2024,France,5,Pedro Rubiolo,y,80
20/06/2025,British & Irish Lions,12,Justo Piccardo,y,80
20/06/2025,British & Irish Lions,9,Gonzalo Garcia,y,71
20/06/2025,British & Irish Lions,11,Ignacio Mendy,y,45
20/06/2025,British & Irish Lions,3,Joel Sclavi,y,47
20/06/2025,British & Irish Lions,15,Santiago Carreras,y,80
20/06/2025,British & Irish Lions,10,Tomas Albornoz,y,80
20/06/2025,British & Irish Lions,17,Boris Wenger,n,14
20/06/2025,British & Irish Lions,22,Matias Moroni,n,5
20/06/2025,British & Irish Lions,6,Pablo Matera,y,80
20/06/2025,British & Irish Lions,16,Bautista Bernasconi,n,0
20/06/2025,British & Irish Lions,18,Francisco Coria Marchetti,n,33
20/06/2025,British & Irish Lions,8,Joaquin Oviedo,y,48
20/06/2025,British & Irish Lions,4,Franco Molina,y,60
20/06/2025,British & Irish Lions,7,Juan Martin Gonzalez,y,80
20/06/2025,British & Irish Lions,1,Mayco Vivas,y,66
20/06/2025,British & Irish Lions,21,Simon Benitez Cruz,n,9
20/06/2025,British & Irish Lions,13,Lucio Cinti,y,70
20/06/2025,British & Irish Lions,14,Rodrigo Isgro,y,80
20/06/2025,British & Irish Lions,2,Julian Montoya,y,80
20/06/2025,British & Irish Lions,20,Joaquin Moro,n,0
20/06/2025,British & Irish Lions,19,Santiago Grondona,n,21
20/06/2025,British & Irish Lions,23,Santiago Cordero,n,0
20/06/2025,British & Irish Lions,5,Pedro Rubiolo,y,80
05/07/2025,England,4,Lucas Paulos,y,53
05/07/2025,England,13,Lucio Cinti,y,80
05/07/2025,England,14,Rodrigo Isgro,y,80
05/07/2025,England,2,Julian Montoya,y,72
05/07/2025,England,20,Joaquin Moro,n,31
05/07/2025,England,19,Santiago Grondona,n,27
05/07/2025,England,11,Santiago Cordero,y,62
05/07/2025,England,15,Benjamin Elizalde,y,61
05/07/2025,England,5,Pedro Rubiolo,y,80
05/07/2025,England,17,Thomas Gallo,n,35
05/07/2025,England,12,Justo Piccardo,y,80
05/07/2025,England,8,Facundo Isa,y,49
05/07/2025,England,10,Santiago Carreras,y,80
05/07/2025,England,23,Matias Moroni,n,18
05/07/2025,England,6,Pablo Matera,y,80
05/07/2025,England,16,Bautista Bernasconi,n,8
05/07/2025,England,22,Nicolas Roger,n,19
05/07/2025,England,9,Gonzalo Bertranou,y,49
05/07/2025,England,18,Francisco Coria Marchetti,n,35
05/07/2025,England,7,Juan Martin Gonzalez,y,80
05/07/2025,England,1,Mayco Vivas,y,45
05/07/2025,England,21,Simon Benitez Cruz,n,31
05/07/2025,England,3,Pedro Delgado,y,45
12/07/2025,England,1,Thomas Gallo,y,46
12/07/2025,England,12,Justo Piccardo,y,80
12/07/2025,England,20,Facundo Isa,n,23
12/07/2025,England,11,Ignacio Mendy,y,80
12/07/2025,England,10,Santiago Carreras,y,66
12/07/2025,England,14,Matias Moroni,y,80
12/07/2025,England,21,Benjamin Grondona,n,10
12/07/2025,England,8,Pablo Matera,y,70
12/07/2025,England,16,Bautista Bernasconi,n,3
12/07/2025,England,23,Nicolas Roger,n,14
12/07/2025,England,7,Juan Martin Gonzalez,y,80
12/07/2025,England,17,Mayco Vivas,n,34
12/07/2025,England,9,Simon Benitez Cruz,y,70
12/07/2025,England,4,Guido Petti Pagadizabal,y,80
12/07/2025,England,18,Pedro Delgado,n,38
12/07/2025,England,19,Lucas Paulos,n,3
12/07/2025,England,13,Lucio Cinti,y,80
12/07/2025,England,22,Augustin Moyano,n,10
12/07/2025,England,2,Julian Montoya,y,77
12/07/2025,England,6,Santiago Grondona,y,57
12/07/2025,England,15,Benjamin Elizalde,y,80
12/07/2025,England,3,Francisco Gomez Kodela,y,42
12/07/2025,England,5,Pedro Rubiolo,y,77
19/07/2025,Uruguay,21,Augustin Moyano,n,18
19/07/2025,Uruguay,14,Rodrigo Isgro,y,80
19/07/2025,Uruguay,22,Faustino Sanchez Valarolo,n,29
19/07/2025,Uruguay,2,Julian Montoya,y,69
19/07/2025,Uruguay,8,Joaquin Moro,y,80
19/07/2025,Uruguay,23,Santiago Cordero,n,40
19/07/2025,Uruguay,15,Benjamin Elizalde,y,80
19/07/2025,Uruguay,3,Francisco Gomez Kodela,y,45
19/07/2025,Uruguay,5,Pedro Rubiolo,y,74
19/07/2025,Uruguay,12,Justo Piccardo,y,60
19/07/2025,Uruguay,20,Nicolas D'Amorim,n,6
19/07/2025,Uruguay,11,Santiago Pernas,y,40
19/07/2025,Uruguay,13,Matias Moroni,y,71
19/07/2025,Uruguay,7,Benjamin Grondona,y,55
19/07/2025,Uruguay,17,Nahuel Tetaz Chaparro,n,30
19/07/2025,Uruguay,6,Pablo Matera,y,80
19/07/2025,Uruguay,16,Bautista Bernasconi,n,11
19/07/2025,Uruguay,10,Nicolas Roger,y,80
19/07/2025,Uruguay,18,Francisco Coria Marchetti,n,35
19/07/2025,Uruguay,1,Mayco Vivas,y,50
19/07/2025,Uruguay,9,Simon Benitez Cruz,y,62
19/07/2025,Uruguay,4,Guido Petti Pagadizabal,y,80
19/07/2025,Uruguay,19,Lucas Paulos,n,25
16/08/2025,New Zealand,7,Marcos Kremer,y,50
16/08/2025,New Zealand,23,Justo Piccardo,n,9
16/08/2025,New Zealand,9,Gonzalo Garcia,y,64
16/08/2025,New Zealand,18,Joel Sclavi,n,34
16/08/2025,New Zealand,22,Santiago Carreras,n,30
16/08/2025,New Zealand,10,Tomas Albornoz,y,80
16/08/2025,New Zealand,17,Nahuel Tetaz Chaparro,n,34
16/08/2025,New Zealand,6,Pablo Matera,y,80
16/08/2025,New Zealand,11,Bautista Delguy,y,19
16/08/2025,New Zealand,8,Joaquin Oviedo,y,80
16/08/2025,New Zealand,4,Franco Molina,y,50
16/08/2025,New Zealand,16,Ignacio Ruiz,n,16
16/08/2025,New Zealand,20,Juan Martin Gonzalez,n,30
16/08/2025,New Zealand,1,Mayco Vivas,y,46
16/08/2025,New Zealand,21,Simon Benitez Cruz,n,16
16/08/2025,New Zealand,19,Guido Petti Pagadizabal,n,30
16/08/2025,New Zealand,3,Pedro Delgado,y,46
16/08/2025,New Zealand,12,Santiago Chocobares,y,80
16/08/2025,New Zealand,13,Lucio Cinti,y,71
16/08/2025,New Zealand,14,Rodrigo Isgro,y,50
16/08/2025,New Zealand,2,Julian Montoya,y,64
16/08/2025,New Zealand,15,Juan Cruz Mallia,y,80
16/08/2025,New Zealand,5,Pedro Rubiolo,y,80
23/08/2025,New Zealand,20,Marcos Kremer,n,34
23/08/2025,New Zealand,23,Justo Piccardo,n,1
23/08/2025,New Zealand,9,Gonzalo Garcia,y,61
23/08/2025,New Zealand,18,Joel Sclavi,n,34
23/08/2025,New Zealand,22,Santiago Carreras,n,66
23/08/2025,New Zealand,10,Tomas Albornoz,y,14
23/08/2025,New Zealand,17,Nahuel Tetaz Chaparro,n,34
23/08/2025,New Zealand,6,Pablo Matera,y,80
23/08/2025,New Zealand,14,Bautista Delguy,y,80
23/08/2025,New Zealand,8,Joaquin Oviedo,y,46
23/08/2025,New Zealand,4,Franco Molina,y,46
23/08/2025,New Zealand,11,Mateo Carreras,y,80
23/08/2025,New Zealand,16,Ignacio Ruiz,n,4
23/08/2025,New Zealand,7,Juan Martin Gonzalez,y,80
23/08/2025,New Zealand,1,Mayco Vivas,y,46
23/08/2025,New Zealand,21,Simon Benitez Cruz,n,19
23/08/2025,New Zealand,19,Guido Petti Pagadizabal,n,34
23/08/2025,New Zealand,3,Pedro Delgado,y,46
23/08/2025,New Zealand,12,Santiago Chocobares,y,69
23/08/2025,New Zealand,13,Lucio Cinti,y,80
23/08/2025,New Zealand,2,Julian Montoya,y,76
23/08/2025,New Zealand,15,Juan Cruz Mallia,y,80
23/08/2025,New Zealand,5,Pedro Rubiolo,y,80
06/09/2025,Australia,7,Marcos Kremer,y,80
06/09/2025,Australia,9,Gonzalo Garcia,y,63
06/09/2025,Australia,3,Joel Sclavi,y,50
06/09/2025,Australia,10,Santiago Carreras,y,74
06/09/2025,Australia,17,Boris Wenger,n,18
06/09/2025,Australia,8,Pablo Matera,y,50
06/09/2025,Australia,14,Bautista Delguy,y,80
06/09/2025,Australia,18,Francisco Coria Marchetti,n,30
06/09/2025,Australia,20,Joaquin Oviedo,n,30
06/09/2025,Australia,22,Geronimo Prisciantelli,n,6
06/09/2025,Australia,4,Franco Molina,y,38
06/09/2025,Australia,11,Mateo Carreras,y,80
06/09/2025,Australia,16,Ignacio Ruiz,n,6
06/09/2025,Australia,6,Juan Martin Gonzalez,y,80
06/09/2025,Australia,1,Mayco Vivas,y,62
06/09/2025,Australia,19,Guido Petti Pagadizabal,n,30
06/09/2025,Australia,12,Santiago Chocobares,y,80
06/09/2025,Australia,13,Lucio Cinti,y,50
06/09/2025,Australia,21,Augustin Moyano,n,17
06/09/2025,Australia,2,Julian Montoya,y,74
06/09/2025,Australia,15,Juan Cruz Mallia,y,80
06/09/2025,Australia,23,Benjamin Elizalde,n,30
06/09/2025,Australia,5,Pedro Rubiolo,y,80
13/09/2025,Australia,7,Marcos Kremer,y,80
13/09/2025,Australia,22,Justo Piccardo,n,9
13/09/2025,Australia,9,Gonzalo Garcia,y,50
13/09/2025,Australia,23,Ignacio Mendy,n,20
13/09/2025,Australia,3,Joel Sclavi,y,50
13/09/2025,Australia,10,Santiago Carreras,y,80
13/09/2025,Australia,17,Boris Wenger,n,20
13/09/2025,Australia,20,Pablo Matera,n,30
13/09/2025,Australia,18,Francisco Coria Marchetti,n,30
13/09/2025,Australia,8,Joaquin Oviedo,y,80
13/09/2025,Australia,19,Franco Molina,n,30
13/09/2025,Australia,11,Mateo Carreras,y,80
13/09/2025,Australia,16,Ignacio Ruiz,n,9
13/09/2025,Australia,6,Juan Martin Gonzalez,y,50
13/09/2025,Australia,1,Mayco Vivas,y,60
13/09/2025,Australia,4,Guido Petti Pagadizabal,y,50
13/09/2025,Australia,12,Santiago Chocobares,y,71
13/09/2025,Australia,13,Lucio Cinti,y,80
13/09/2025,Australia,21,Augustin Moyano,n,30
13/09/2025,Australia,14,Rodrigo Isgro,y,60
13/09/2025,Australia,2,Julian Montoya,y,71
13/09/2025,Australia,15,Juan Cruz Mallia,y,80
13/09/2025,Australia,5,Pedro Rubiolo,y,80
27/09/2025,South Africa,7,Marcos Kremer,y,80
27/09/2025,South Africa,9,Gonzalo Garcia,y,76
27/09/2025,South Africa,3,Joel Sclavi,y,47
27/09/2025,South Africa,10,Santiago Carreras,y,65
27/09/2025,South Africa,23,Tomas Albornoz,n,35
27/09/2025,South Africa,17,Boris Wenger,n,28
27/09/2025,South Africa,6,Pablo Matera,y,57
27/09/2025,South Africa,18,Francisco Coria Marchetti,n,33
27/09/2025,South Africa,8,Joaquin Oviedo,y,80
27/09/2025,South Africa,4,Franco Molina,y,47
27/09/2025,South Africa,11,Mateo Carreras,y,80
27/09/2025,South Africa,16,Ignacio Ruiz,n,15
27/09/2025,South Africa,21,Juan Martin Gonzalez,n,23
27/09/2025,South Africa,1,Mayco Vivas,y,52
27/09/2025,South Africa,22,Simon Benitez Cruz,n,15
27/09/2025,South Africa,19,Guido Petti Pagadizabal,n,33
27/09/2025,South Africa,5,Lucas Paulos,y,41
27/09/2025,South Africa,12,Santiago Chocobares,y,80
27/09/2025,South Africa,13,Lucio Cinti,y,80
27/09/2025,South Africa,14,Rodrigo Isgro,y,49
27/09/2025,South Africa,2,Julian Montoya,y,65
27/09/2025,South Africa,15,Juan Cruz Mallia,y,80
27/09/2025,South Africa,20,Pedro Rubiolo,n,39
04/10/2025,South Africa,9,Simon Benitez Cruz,y,71
04/10/2025,South Africa,4,Guido Petti Pagadizabal,y,54
04/10/2025,South Africa,12,Santiago Chocobares,y,80
04/10/2025,South Africa,22,Augustin Moyano,n,9
04/10/2025,South Africa,23,Rodrigo Isgro,n,14
04/10/2025,South Africa,2,Julian Montoya,y,72
04/10/2025,South Africa,11,Juan Cruz Mallia,y,80
04/10/2025,South Africa,8,Santiago Grondona,y,48
04/10/2025,South Africa,5,Pedro Rubiolo,y,80
04/10/2025,South Africa,7,Marcos Kremer,y,71
04/10/2025,South Africa,13,Justo Piccardo,y,46
04/10/2025,South Africa,15,Santiago Carreras,y,80
04/10/2025,South Africa,17,Boris Wenger,n,14
04/10/2025,South Africa,6,Pablo Matera,y,48
04/10/2025,South Africa,14,Bautista Delguy,y,80
04/10/2025,South Africa,3,Francisco Coria Marchetti,y,54
04/10/2025,South Africa,21,Joaquin Oviedo,n,32
04/10/2025,South Africa,18,Tomas Rapetti ,n,26
04/10/2025,South Africa,10,Geronimo Prisciantelli,y,66
04/10/2025,South Africa,19,Franco Molina,n,26
04/10/2025,South Africa,16,Ignacio Ruiz,n,8
04/10/2025,South Africa,20,Juan Martin Gonzalez,n,32
04/10/2025,South Africa,1,Mayco Vivas,y,66
09/11/2025,Wales,17,Thomas Gallo,n,34
09/11/2025,Wales,5,Marcos Kremer,y,60
09/11/2025,Wales,13,Justo Piccardo,y,80
09/11/2025,Wales,15,Santiago Carreras,y,68
09/11/2025,Wales,6,Pablo Matera,y,80
09/11/2025,Wales,14,Bautista Delguy,y,80
09/11/2025,Wales,8,Joaquin Oviedo,y,59
09/11/2025,Wales,18,Tomas Rapetti ,n,34
09/11/2025,Wales,10,Geronimo Prisciantelli,y,80
09/11/2025,Wales,11,Mateo Carreras,y,59
09/11/2025,Wales,16,Ignacio Ruiz,n,14
09/11/2025,Wales,7,Juan Martin Gonzalez,y,80
09/11/2025,Wales,1,Mayco Vivas,y,46
09/11/2025,Wales,9,Simon Benitez Cruz,y,65
09/11/2025,Wales,4,Guido Petti Pagadizabal,y,80
09/11/2025,Wales,3,Pedro Delgado,y,46
09/11/2025,Wales,12,Santiago Chocobares,y,59
09/11/2025,Wales,21,Augustin Moyano,n,15
09/11/2025,Wales,19,Matias Alemanno,n,20
09/11/2025,Wales,23,Rodrigo Isgro,n,21
09/11/2025,Wales,2,Julian Montoya,y,66
09/11/2025,Wales,22,Juan Cruz Mallia,n,21
09/11/2025,Wales,20,Santiago Grondona,n,21
16/11/2025,Scotland,17,Thomas Gallo,n,34
16/11/2025,Scotland,23,Justo Piccardo,n,14
16/11/2025,Scotland,22,Santiago Carreras,n,34
16/11/2025,Scotland,13,Matias Moroni,y,66
16/11/2025,Scotland,20,Pablo Matera,n,34
16/11/2025,Scotland,18,Francisco Coria Marchetti,n,34
16/11/2025,Scotland,8,Joaquin Oviedo,y,46
16/11/2025,Scotland,19,Efrain Elias,n,8
16/11/2025,Scotland,10,Geronimo Prisciantelli,y,46
16/11/2025,Scotland,11,Mateo Carreras,y,80
16/11/2025,Scotland,16,Ignacio Ruiz,n,8
16/11/2025,Scotland,7,Juan Martin Gonzalez,y,80
16/11/2025,Scotland,1,Mayco Vivas,y,46
16/11/2025,Scotland,9,Simon Benitez Cruz,y,46
16/11/2025,Scotland,4,Guido Petti Pagadizabal,y,72
16/11/2025,Scotland,3,Pedro Delgado,y,46
16/11/2025,Scotland,12,Santiago Chocobares,y,80
16/11/2025,Scotland,21,Augustin Moyano,n,34
16/11/2025,Scotland,14,Rodrigo Isgro,y,80
16/11/2025,Scotland,2,Julian Montoya,y,72
16/11/2025,Scotland,15,Juan Cruz Mallia,y,80
16/11/2025,Scotland,6,Santiago Grondona,y,80
16/11/2025,Scotland,5,Pedro Rubiolo,y,80
23/11/2025,England,1,Thomas Gallo,y,59
23/11/2025,England,7,Marcos Kremer,y,46
23/11/2025,England,12,Justo Piccardo,y,80
23/11/2025,England,23,Santiago Carreras,n,29
23/11/2025,England,10,Tomas Albornoz,y,38
23/11/2025,England,17,Boris Wenger,n,21
23/11/2025,England,13,Matias Moroni,y,80
23/11/2025,England,20,Pablo Matera,n,23
23/11/2025,England,11,Bautista Delguy,y,80
23/11/2025,England,21,Joaquin Oviedo,n,34
23/11/2025,England,18,Tomas Rapetti ,n,34
23/11/2025,England,19,Franco Molina,n,21
23/11/2025,England,16,Ignacio Ruiz,n,13
23/11/2025,England,6,Juan Martin Gonzalez,y,80
23/11/2025,England,9,Simon Benitez Cruz,y,51
23/11/2025,England,4,Guido Petti Pagadizabal,y,59
23/11/2025,England,3,Pedro Delgado,y,46
23/11/2025,England,22,Augustin Moyano,n,29
23/11/2025,England,14,Rodrigo Isgro,y,80
23/11/2025,England,2,Julian Montoya,y,67
23/11/2025,England,15,Juan Cruz Mallia,y,80
23/11/2025,England,8,Santiago Grondona,y,46
23/11/2025,England,5,Pedro Rubiolo,y,80
04/07/2026,Scotland,9,Gonzalo Garcia,y,62
04/07/2026,Scotland,15,Santiago Carreras,y,80
04/07/2026,Scotland,10,Tomas Albornoz,y,80
04/07/2026,Scotland,17,Boris Wenger,n,34
04/07/2026,Scotland,22,Matias Moroni,n,20
04/07/2026,Scotland,6,Pablo Matera,y,70
04/07/2026,Scotland,23,Bautista Delguy,n,34
04/07/2026,Scotland,8,Joaquin Oviedo,y,80
04/07/2026,Scotland,18,Tomas Rapetti ,n,34
04/07/2026,Scotland,19,Franco Molina,n,25
04/07/2026,Scotland,11,Mateo Carreras,y,80
04/07/2026,Scotland,16,Ignacio Ruiz,n,10
04/07/2026,Scotland,1,Mayco Vivas,y,46
04/07/2026,Scotland,4,Guido Petti Pagadizabal,y,80
04/07/2026,Scotland,3,Pedro Delgado,y,46
04/07/2026,Scotland,13,Lucio Cinti,y,80
04/07/2026,Scotland,21,Augustin Moyano,n,18
04/07/2026,Scotland,5,Matias Alemanno,y,55
04/07/2026,Scotland,14,Rodrigo Isgro,y,46
04/07/2026,Scotland,12,Faustino Sanchez Valarolo,y,60
04/07/2026,Scotland,2,Julian Montoya,y,80
04/07/2026,Scotland,20,Joaquin Moro,n,20
04/07/2026,Scotland,7,Santiago Grondona,y,60
11/07/2026,Wales,7,Marcos Kremer,y,80
11/07/2026,Wales,12,Justo Piccardo,y,80
11/07/2026,Wales,9,Gonzalo Garcia,y,50
11/07/2026,Wales,23,Ignacio Mendy,n,18
11/07/2026,Wales,15,Santiago Carreras,y,80
11/07/2026,Wales,10,Tomas Albornoz,y,80
11/07/2026,Wales,1,Boris Wenger,y,50
11/07/2026,Wales,22,Matias Moroni,n,30
11/07/2026,Wales,20,Pablo Matera,n,30
11/07/2026,Wales,14,Bautista Delguy,y,80
11/07/2026,Wales,18,Francisco Coria Marchetti,n,30
11/07/2026,Wales,8,Joaquin Oviedo,y,50
11/07/2026,Wales,3,Tomas Rapetti ,y,50
11/07/2026,Wales,19,Franco Molina,n,31
11/07/2026,Wales,11,Mateo Carreras,y,62
11/07/2026,Wales,16,Ignacio Ruiz,n,22
11/07/2026,Wales,17,Mayco Vivas,n,30
11/07/2026,Wales,21,Simon Benitez Cruz,n,30
11/07/2026,Wales,4,Guido Petti Pagadizabal,y,80
11/07/2026,Wales,13,Lucio Cinti,y,50
11/07/2026,Wales,5,Matias Alemanno,y,31
11/07/2026,Wales,2,Julian Montoya,y,76
11/07/2026,Wales,6,Santiago Grondona,y,80
18/07/2026,England,7,Marcos Kremer,y,60
18/07/2026,England,12,Justo Piccardo,y,80
18/07/2026,England,9,Gonzalo Garcia,y,60
18/07/2026,England,15,Santiago Carreras,y,80
18/07/2026,England,10,Tomas Albornoz,y,80
18/07/2026,England,17,Boris Wenger,n,34
18/07/2026,England,13,Matias Moroni,y,80
18/07/2026,England,20,Pablo Matera,n,33
18/07/2026,England,14,Bautista Delguy,y,80
18/07/2026,England,8,Joaquin Oviedo,y,80
18/07/2026,England,3,Tomas Rapetti ,y,47
18/07/2026,England,19,Efrain Elias,n,33
18/07/2026,England,11,Mateo Carreras,y,52
18/07/2026,England,16,Ignacio Ruiz,n,20
18/07/2026,England,1,Mayco Vivas,y,46
18/07/2026,England,22,Simon Benitez Cruz,n,20
18/07/2026,England,4,Guido Petti Pagadizabal,y,80
18/07/2026,England,18,Pedro Delgado,n,33
18/07/2026,England,23,Lucio Cinti,n,28
18/07/2026,England,5,Matias Alemanno,y,47
18/07/2026,England,2,Julian Montoya,y,60
18/07/2026,England,21,Joaquin Moro,n,20
18/07/2026,England,6,Santiago Grondona,y,47
08/08/2026,South Africa,11,Ignacio Mendy,y,56
08/08/2026,South Africa,10,Santiago Carreras,y,80
08/08/2026,South Africa,1,Boris Wenger,y,56
08/08/2026,South Africa,23,Matias Moroni,n,24
08/08/2026,South Africa,20,Juan Penoucos,n,31
08/08/2026,South Africa,7,Benjamin Grondona,y,49
08/08/2026,South Africa,6,Pablo Matera,y,80
08/08/2026,South Africa,5,Tomas Lavanini,y,44
08/08/2026,South Africa,18,Tomas Rapetti ,n,40
08/08/2026,South Africa,3,Francisco Moreno,y,40
08/08/2026,South Africa,19,Efrain Elias,n,36
08/08/2026,South Africa,15,Geronimo Prisciantelli,y,80
08/08/2026,South Africa,2,Ignacio Ruiz,y,65
08/08/2026,South Africa,17,Mayco Vivas,n,24
08/08/2026,South Africa,9,Simon Benitez Cruz,y,51
08/08/2026,South Africa,4,Guido Petti Pagadizabal,y,80
08/08/2026,South Africa,13,Lucio Cinti,y,80
08/08/2026,South Africa,16,Leonel Oviedo,n,15
08/08/2026,South Africa,22,Augustin Moyano,n,29
08/08/2026,South Africa,14,Rodrigo Isgro,y,80
08/08/2026,South Africa,12,Faustino Sanchez Valarolo,y,80
08/08/2026,South Africa,8,Joaquin Moro,y,65
08/08/2026,South Africa,21,Juan Martin Scelzo,n,15
