date,opposition,shirt,player,dob,age_on_matchday
16/05/2015,Uruguay,2,Matias Cortese,1985-10-01,29.62
16/05/2015,Uruguay,8,Facundo Isa,1993-09-21,21.65
16/05/2015,Uruguay,5,Geronimo Albertario,1987-11-24,27.47
16/05/2015,Uruguay,14,Matias Orlando,1991-11-14,23.5
16/05/2015,Uruguay,1,Bruno Postiglioni,1987-04-08,28.1
16/05/2015,Uruguay,19,Lisandro Ahualli De Chazal,1988-12-29,26.38
16/05/2015,Uruguay,9,Martín Landajo,1988-06-14,26.92
16/05/2015,Uruguay,20,Tomas Lezana,1994-02-16,21.24
16/05/2015,Uruguay,11,Manuel Montero,1991-11-20,23.49
16/05/2015,Uruguay,6,Pablo Matera,1993-07-18,21.83
16/05/2015,Uruguay,18,Santiago Garcia Botta,1992-06-19,22.91
16/05/2015,Uruguay,13,Jeronimo de la Fuente,1991-02-24,24.22
16/05/2015,Uruguay,10,Santiago Gonzalez Iglesias,1988-06-16,26.91
16/05/2015,Uruguay,12,Gabriel Ascarate,1987-10-20,27.57
16/05/2015,Uruguay,22,Juan Leon Novillo,1992-07-08,22.85
16/05/2015,Uruguay,4,Guido Petti Pagadizabal,1994-11-17,20.49
16/05/2015,Uruguay,3,Matias Diaz,1993-02-16,22.24
16/05/2015,Uruguay,16,Julian Montoya,1993-10-29,21.54
16/05/2015,Uruguay,15,Santiago Cordero,1993-12-06,21.44
16/05/2015,Uruguay,7,Javier Ortega Desio,1990-06-14,24.92
16/05/2015,Uruguay,17,Lucas Noguera,1993-10-05,21.61
16/05/2015,Uruguay,23,Joaquin Paz,1993-01-11,22.34
16/05/2015,Uruguay,21,Gregorio Del Prete,1995-03-21,20.15
23/05/2015,Paraguay,16,Matias Cortese,1985-10-01,29.64
23/05/2015,Paraguay,8,Facundo Isa,1993-09-21,21.67
23/05/2015,Paraguay,5,Geronimo Albertario,1987-11-24,27.49
23/05/2015,Paraguay,14,Tomas Carrio,1989-03-10,26.2
23/05/2015,Paraguay,18,Bruno Postiglioni,1987-04-08,28.12
23/05/2015,Paraguay,20,Lisandro Ahualli De Chazal,1988-12-29,26.4
23/05/2015,Paraguay,9,Martín Landajo,1988-06-14,26.94
23/05/2015,Paraguay,6,Tomas Lezana,1994-02-16,21.26
23/05/2015,Paraguay,3,Santiago Garcia Botta,1992-06-19,22.92
23/05/2015,Paraguay,13,Jeronimo de la Fuente,1991-02-24,24.24
23/05/2015,Paraguay,2,Santiago Iglesias Valdez,1993-05-22,22.0
23/05/2015,Paraguay,22,Santiago Gonzalez Iglesias,1988-06-16,26.93
23/05/2015,Paraguay,23,Gabriel Ascarate,1987-10-20,27.59
23/05/2015,Paraguay,21,Gonzalo Bertranou,1993-12-31,21.39
23/05/2015,Paraguay,10,Juan Leon Novillo,1992-07-08,22.87
23/05/2015,Paraguay,4,Guido Petti Pagadizabal,1994-11-17,20.51
23/05/2015,Paraguay,17,Julian Montoya,1993-10-29,21.56
23/05/2015,Paraguay,19,Manuel Plaza,1996-01-04,19.38
23/05/2015,Paraguay,11,Santiago Cordero,1993-12-06,21.46
23/05/2015,Paraguay,7,Javier Ortega Desio,1990-06-14,24.94
23/05/2015,Paraguay,1,Lucas Noguera,1993-10-05,21.63
23/05/2015,Paraguay,12,Joaquin Paz,1993-01-11,22.36
23/05/2015,Paraguay,15,Roman Miralles,1983-08-01,31.81
20/06/2015,French Barbarians,2,Matias Cortese,1985-10-01,29.72
20/06/2015,French Barbarians,25,Facundo Isa,1993-09-21,21.74
20/06/2015,French Barbarians,14,Matias Orlando,1991-11-14,23.6
20/06/2015,French Barbarians,19,Bruno Postiglioni,1987-04-08,28.2
20/06/2015,French Barbarians,9,Tomas Cubelli,1989-06-12,26.02
20/06/2015,French Barbarians,13,Matias Moroni,1991-03-29,24.23
20/06/2015,French Barbarians,21,Martín Landajo,1988-06-14,27.01
20/06/2015,French Barbarians,3,Nahuel Tetaz Chaparro,1989-11-06,25.62
20/06/2015,French Barbarians,6,Tomas Lezana,1994-02-16,21.34
20/06/2015,French Barbarians,24,Joaquin Tuculet,1989-08-08,25.87
20/06/2015,French Barbarians,12,Jeronimo de la Fuente,1991-02-24,24.32
20/06/2015,French Barbarians,16,Santiago Iglesias Valdez,1993-05-22,22.08
20/06/2015,French Barbarians,20,Antonio Ahualli De Chazal,1987-09-06,27.79
20/06/2015,French Barbarians,22,Santiago Gonzalez Iglesias,1988-06-16,27.01
20/06/2015,French Barbarians,23,Lucas Gonzalez Amorosino,1985-11-02,29.63
20/06/2015,French Barbarians,4,Guido Petti Pagadizabal,1994-11-17,20.59
20/06/2015,French Barbarians,17,Matias Diaz,1993-02-16,22.34
20/06/2015,French Barbarians,26,Juan Cruz Guillemaín,1992-08-21,22.83
20/06/2015,French Barbarians,5,Matias Alemanno,1991-12-05,23.54
20/06/2015,French Barbarians,18,Julian Montoya,1993-10-29,21.64
20/06/2015,French Barbarians,11,Santiago Cordero,1993-12-06,21.54
20/06/2015,French Barbarians,7,Javier Ortega Desio,1990-06-14,25.02
20/06/2015,French Barbarians,1,Lucas Noguera,1993-10-05,21.71
20/06/2015,French Barbarians,8,Benjamin Macome,1986-01-10,29.44
20/06/2015,French Barbarians,10,Juan Pablo Socino,1988-05-30,27.06
20/06/2015,French Barbarians,15,Roman Miralles,1983-08-01,31.89
17/07/2015,New Zealand,8,Facundo Isa,1993-09-21,21.82
17/07/2015,New Zealand,13,Marcelo Bosch,1984-01-07,31.52
17/07/2015,New Zealand,1,Marcos Ayerza,1983-01-12,32.51
17/07/2015,New Zealand,3,Ramiro Herrera,1989-02-14,26.42
17/07/2015,New Zealand,7,Juan Martín Fernandez Lobbe,1981-11-19,33.66
17/07/2015,New Zealand,9,Tomas Cubelli,1989-06-12,26.09
17/07/2015,New Zealand,21,Martín Landajo,1988-06-14,27.09
17/07/2015,New Zealand,18,Nahuel Tetaz Chaparro,1989-11-06,25.69
17/07/2015,New Zealand,10,Nicolas Sanchez,1988-10-26,26.72
17/07/2015,New Zealand,15,Joaquin Tuculet,1989-08-08,25.94
17/07/2015,New Zealand,12,Jeronimo de la Fuente,1991-02-24,24.39
17/07/2015,New Zealand,5,Manuel Carizza,1984-08-23,30.9
17/07/2015,New Zealand,22,Santiago Gonzalez Iglesias,1988-06-16,27.08
17/07/2015,New Zealand,23,Lucas Gonzalez Amorosino,1985-11-02,29.7
17/07/2015,New Zealand,6,Juan Manuel Leguizamon,1983-06-06,32.11
17/07/2015,New Zealand,4,Guido Petti Pagadizabal,1994-11-17,20.66
17/07/2015,New Zealand,16,Julian Montoya,1993-10-29,21.71
17/07/2015,New Zealand,11,Santiago Cordero,1993-12-06,21.61
17/07/2015,New Zealand,20,Javier Ortega Desio,1990-06-14,25.09
17/07/2015,New Zealand,17,Lucas Noguera,1993-10-05,21.78
17/07/2015,New Zealand,19,Benjamin Macome,1986-01-10,29.51
17/07/2015,New Zealand,14,Horacio Agulla,1984-10-22,30.73
17/07/2015,New Zealand,2,Agustín Creevy,1985-03-15,30.34
25/07/2015,Australia,4,Manuel Carizza,1984-08-23,30.92
25/07/2015,Australia,22,Santiago Gonzalez Iglesias,1988-06-16,27.11
25/07/2015,Australia,14,Gonzalo Camacho,1984-08-28,30.91
25/07/2015,Australia,23,Lucas Gonzalez Amorosino,1985-11-02,29.73
25/07/2015,Australia,18,Matias Diaz,1993-02-16,22.43
25/07/2015,Australia,19,Matias Alemanno,1991-12-05,23.64
25/07/2015,Australia,15,Santiago Cordero,1993-12-06,21.63
25/07/2015,Australia,6,Javier Ortega Desio,1990-06-14,25.11
25/07/2015,Australia,12,Juan Pablo Socino,1988-05-30,27.15
25/07/2015,Australia,2,Agustín Creevy,1985-03-15,30.36
25/07/2015,Australia,8,Facundo Isa,1993-09-21,21.84
25/07/2015,Australia,1,Marcos Ayerza,1983-01-12,32.53
25/07/2015,Australia,3,Ramiro Herrera,1989-02-14,26.44
25/07/2015,Australia,7,Juan Martín Fernandez Lobbe,1981-11-19,33.68
25/07/2015,Australia,21,Tomas Cubelli,1989-06-12,26.12
25/07/2015,Australia,11,Juan Imhoff,1988-05-11,27.2
25/07/2015,Australia,13,Matias Moroni,1991-03-29,24.32
25/07/2015,Australia,9,Martín Landajo,1988-06-14,27.11
25/07/2015,Australia,17,Nahuel Tetaz Chaparro,1989-11-06,25.71
25/07/2015,Australia,10,Nicolas Sanchez,1988-10-26,26.74
25/07/2015,Australia,16,Santiago Iglesias Valdez,1993-05-22,22.17
25/07/2015,Australia,5,Tomas Lavanini,1993-01-22,22.5
25/07/2015,Australia,20,Leonardo Senatore,1984-05-13,31.2
08/08/2015,South Africa,13,Marcelo Bosch,1984-01-07,31.58
08/08/2015,South Africa,1,Marcos Ayerza,1983-01-12,32.57
08/08/2015,South Africa,9,Tomas Cubelli,1989-06-12,26.16
08/08/2015,South Africa,11,Juan Imhoff,1988-05-11,27.24
08/08/2015,South Africa,21,Martín Landajo,1988-06-14,27.15
08/08/2015,South Africa,3,Nahuel Tetaz Chaparro,1989-11-06,25.75
08/08/2015,South Africa,20,Tomas Lezana,1994-02-16,21.47
08/08/2015,South Africa,15,Joaquin Tuculet,1989-08-08,26.0
08/08/2015,South Africa,6,Pablo Matera,1993-07-18,22.06
08/08/2015,South Africa,10,Juan Martín Hernández,1982-08-07,33.0
08/08/2015,South Africa,12,Jeronimo de la Fuente,1991-02-24,24.45
08/08/2015,South Africa,5,Tomas Lavanini,1993-01-22,22.54
08/08/2015,South Africa,8,Leonardo Senatore,1984-05-13,31.24
08/08/2015,South Africa,22,Santiago Gonzalez Iglesias,1988-06-16,27.14
08/08/2015,South Africa,23,Lucas Gonzalez Amorosino,1985-11-02,29.76
08/08/2015,South Africa,7,Juan Manuel Leguizamon,1983-06-06,32.17
08/08/2015,South Africa,4,Guido Petti Pagadizabal,1994-11-17,20.72
08/08/2015,South Africa,18,Matias Diaz,1993-02-16,22.47
08/08/2015,South Africa,19,Matias Alemanno,1991-12-05,23.67
08/08/2015,South Africa,16,Julian Montoya,1993-10-29,21.77
08/08/2015,South Africa,17,Lucas Noguera,1993-10-05,21.84
08/08/2015,South Africa,14,Horacio Agulla,1984-10-22,30.79
08/08/2015,South Africa,2,Agustín Creevy,1985-03-15,30.4
15/08/2015,South Africa,7,Juan Martín Fernandez Lobbe,1981-11-19,33.74
15/08/2015,South Africa,21,Tomas Cubelli,1989-06-12,26.17
15/08/2015,South Africa,11,Juan Imhoff,1988-05-11,27.26
15/08/2015,South Africa,13,Matias Moroni,1991-03-29,24.38
15/08/2015,South Africa,9,Martín Landajo,1988-06-14,27.17
15/08/2015,South Africa,3,Nahuel Tetaz Chaparro,1989-11-06,25.77
15/08/2015,South Africa,10,Nicolas Sanchez,1988-10-26,26.8
15/08/2015,South Africa,6,Tomas Lezana,1994-02-16,21.49
15/08/2015,South Africa,15,Joaquin Tuculet,1989-08-08,26.02
15/08/2015,South Africa,20,Pablo Matera,1993-07-18,22.08
15/08/2015,South Africa,17,Santiago Garcia Botta,1992-06-19,23.15
15/08/2015,South Africa,5,Tomas Lavanini,1993-01-22,22.56
15/08/2015,South Africa,22,Santiago Gonzalez Iglesias,1988-06-16,27.16
15/08/2015,South Africa,23,Lucas Gonzalez Amorosino,1985-11-02,29.78
15/08/2015,South Africa,8,Juan Manuel Leguizamon,1983-06-06,32.19
15/08/2015,South Africa,18,Juan Pablo Orlandi,1983-06-20,32.15
15/08/2015,South Africa,19,Matias Alemanno,1991-12-05,23.69
15/08/2015,South Africa,16,Julian Montoya,1993-10-29,21.79
15/08/2015,South Africa,14,Santiago Cordero,1993-12-06,21.69
15/08/2015,South Africa,1,Lucas Noguera,1993-10-05,21.86
15/08/2015,South Africa,4,Benjamin Macome,1986-01-10,29.59
15/08/2015,South Africa,12,Juan Pablo Socino,1988-05-30,27.21
15/08/2015,South Africa,2,Agustín Creevy,1985-03-15,30.42
20/09/2015,New Zealand,13,Marcelo Bosch,1984-01-07,31.7
20/09/2015,New Zealand,1,Marcos Ayerza,1983-01-12,32.69
20/09/2015,New Zealand,18,Ramiro Herrera,1989-02-14,26.6
20/09/2015,New Zealand,7,Juan Martín Fernandez Lobbe,1981-11-19,33.84
20/09/2015,New Zealand,9,Tomas Cubelli,1989-06-12,26.27
20/09/2015,New Zealand,11,Juan Imhoff,1988-05-11,27.36
20/09/2015,New Zealand,19,Mariano Galarza,1986-11-12,28.85
20/09/2015,New Zealand,21,Martín Landajo,1988-06-14,27.27
20/09/2015,New Zealand,3,Nahuel Tetaz Chaparro,1989-11-06,25.87
20/09/2015,New Zealand,10,Nicolas Sanchez,1988-10-26,26.9
20/09/2015,New Zealand,15,Joaquin Tuculet,1989-08-08,26.12
20/09/2015,New Zealand,6,Pablo Matera,1993-07-18,22.17
20/09/2015,New Zealand,12,Juan Martín Hernández,1982-08-07,33.12
20/09/2015,New Zealand,22,Jeronimo de la Fuente,1991-02-24,24.57
20/09/2015,New Zealand,5,Tomas Lavanini,1993-01-22,22.66
20/09/2015,New Zealand,8,Leonardo Senatore,1984-05-13,31.35
20/09/2015,New Zealand,23,Lucas Gonzalez Amorosino,1985-11-02,29.88
20/09/2015,New Zealand,20,Juan Manuel Leguizamon,1983-06-06,32.29
20/09/2015,New Zealand,4,Guido Petti Pagadizabal,1994-11-17,20.84
20/09/2015,New Zealand,16,Julian Montoya,1993-10-29,21.89
20/09/2015,New Zealand,14,Santiago Cordero,1993-12-06,21.79
20/09/2015,New Zealand,17,Lucas Noguera,1993-10-05,21.96
20/09/2015,New Zealand,2,Agustín Creevy,1985-03-15,30.52
25/09/2015,Georgia,8,Facundo Isa,1993-09-21,22.01
25/09/2015,Georgia,13,Marcelo Bosch,1984-01-07,31.72
25/09/2015,Georgia,1,Marcos Ayerza,1983-01-12,32.7
25/09/2015,Georgia,18,Ramiro Herrera,1989-02-14,26.61
25/09/2015,Georgia,7,Juan Martín Fernandez Lobbe,1981-11-19,33.85
25/09/2015,Georgia,9,Tomas Cubelli,1989-06-12,26.29
25/09/2015,Georgia,11,Juan Imhoff,1988-05-11,27.37
25/09/2015,Georgia,21,Martín Landajo,1988-06-14,27.28
25/09/2015,Georgia,3,Nahuel Tetaz Chaparro,1989-11-06,25.88
25/09/2015,Georgia,10,Nicolas Sanchez,1988-10-26,26.91
25/09/2015,Georgia,15,Joaquin Tuculet,1989-08-08,26.13
25/09/2015,Georgia,20,Pablo Matera,1993-07-18,22.19
25/09/2015,Georgia,12,Juan Martín Hernández,1982-08-07,33.13
25/09/2015,Georgia,22,Jeronimo de la Fuente,1991-02-24,24.58
25/09/2015,Georgia,5,Tomas Lavanini,1993-01-22,22.67
25/09/2015,Georgia,23,Lucas Gonzalez Amorosino,1985-11-02,29.9
25/09/2015,Georgia,6,Juan Manuel Leguizamon,1983-06-06,32.3
25/09/2015,Georgia,4,Matias Alemanno,1991-12-05,23.81
25/09/2015,Georgia,16,Julian Montoya,1993-10-29,21.91
25/09/2015,Georgia,14,Santiago Cordero,1993-12-06,21.8
25/09/2015,Georgia,19,Javier Ortega Desio,1990-06-14,25.28
25/09/2015,Georgia,17,Lucas Noguera,1993-10-05,21.97
25/09/2015,Georgia,2,Agustín Creevy,1985-03-15,30.53
04/10/2015,Tonga,20,Facundo Isa,1993-09-21,22.03
04/10/2015,Tonga,1,Marcos Ayerza,1983-01-12,32.73
04/10/2015,Tonga,3,Ramiro Herrera,1989-02-14,26.63
04/10/2015,Tonga,7,Juan Martín Fernandez Lobbe,1981-11-19,33.87
04/10/2015,Tonga,21,Tomas Cubelli,1989-06-12,26.31
04/10/2015,Tonga,11,Juan Imhoff,1988-05-11,27.4
04/10/2015,Tonga,13,Matias Moroni,1991-03-29,24.52
04/10/2015,Tonga,9,Martín Landajo,1988-06-14,27.31
04/10/2015,Tonga,10,Nicolas Sanchez,1988-10-26,26.94
04/10/2015,Tonga,15,Joaquin Tuculet,1989-08-08,26.16
04/10/2015,Tonga,6,Pablo Matera,1993-07-18,22.21
04/10/2015,Tonga,12,Jeronimo de la Fuente,1991-02-24,24.61
04/10/2015,Tonga,5,Tomas Lavanini,1993-01-22,22.7
04/10/2015,Tonga,8,Leonardo Senatore,1984-05-13,31.39
04/10/2015,Tonga,22,Santiago Gonzalez Iglesias,1988-06-16,27.3
04/10/2015,Tonga,4,Guido Petti Pagadizabal,1994-11-17,20.88
04/10/2015,Tonga,18,Juan Pablo Orlandi,1983-06-20,32.29
04/10/2015,Tonga,19,Matias Alemanno,1991-12-05,23.83
04/10/2015,Tonga,16,Julian Montoya,1993-10-29,21.93
04/10/2015,Tonga,14,Santiago Cordero,1993-12-06,21.83
04/10/2015,Tonga,17,Lucas Noguera,1993-10-05,22.0
04/10/2015,Tonga,23,Horacio Agulla,1984-10-22,30.95
04/10/2015,Tonga,2,Agustín Creevy,1985-03-15,30.56
11/10/2015,Namibia,8,Facundo Isa,1993-09-21,22.05
11/10/2015,Namibia,22,Marcelo Bosch,1984-01-07,31.76
11/10/2015,Namibia,17,Marcos Ayerza,1983-01-12,32.75
11/10/2015,Namibia,18,Ramiro Herrera,1989-02-14,26.65
11/10/2015,Namibia,20,Juan Martín Fernandez Lobbe,1981-11-19,33.89
11/10/2015,Namibia,21,Tomas Cubelli,1989-06-12,26.33
11/10/2015,Namibia,23,Juan Imhoff,1988-05-11,27.42
11/10/2015,Namibia,14,Matias Moroni,1991-03-29,24.54
11/10/2015,Namibia,9,Martín Landajo,1988-06-14,27.32
11/10/2015,Namibia,6,Pablo Matera,1993-07-18,22.23
11/10/2015,Namibia,10,Juan Martín Hernández,1982-08-07,33.18
11/10/2015,Namibia,19,Leonardo Senatore,1984-05-13,31.41
11/10/2015,Namibia,13,Santiago Gonzalez Iglesias,1988-06-16,27.32
11/10/2015,Namibia,15,Lucas Gonzalez Amorosino,1985-11-02,29.94
11/10/2015,Namibia,4,Guido Petti Pagadizabal,1994-11-17,20.9
11/10/2015,Namibia,3,Juan Pablo Orlandi,1983-06-20,32.31
11/10/2015,Namibia,5,Matias Alemanno,1991-12-05,23.85
11/10/2015,Namibia,2,Julian Montoya,1993-10-29,21.95
11/10/2015,Namibia,7,Javier Ortega Desio,1990-06-14,25.33
11/10/2015,Namibia,1,Lucas Noguera,1993-10-05,22.02
11/10/2015,Namibia,11,Horacio Agulla,1984-10-22,30.97
11/10/2015,Namibia,12,Juan Pablo Socino,1988-05-30,27.37
11/10/2015,Namibia,16,Agustín Creevy,1985-03-15,30.57
18/10/2015,Ireland,20,Facundo Isa,1993-09-21,22.07
18/10/2015,Ireland,1,Marcos Ayerza,1983-01-12,32.76
18/10/2015,Ireland,3,Ramiro Herrera,1989-02-14,26.67
18/10/2015,Ireland,7,Juan Martín Fernandez Lobbe,1981-11-19,33.91
18/10/2015,Ireland,21,Tomas Cubelli,1989-06-12,26.35
18/10/2015,Ireland,11,Juan Imhoff,1988-05-11,27.44
18/10/2015,Ireland,13,Matias Moroni,1991-03-29,24.56
18/10/2015,Ireland,9,Martín Landajo,1988-06-14,27.34
18/10/2015,Ireland,10,Nicolas Sanchez,1988-10-26,26.98
18/10/2015,Ireland,15,Joaquin Tuculet,1989-08-08,26.19
18/10/2015,Ireland,6,Pablo Matera,1993-07-18,22.25
18/10/2015,Ireland,12,Juan Martín Hernández,1982-08-07,33.2
18/10/2015,Ireland,22,Jeronimo de la Fuente,1991-02-24,24.65
18/10/2015,Ireland,5,Tomas Lavanini,1993-01-22,22.74
18/10/2015,Ireland,8,Leonardo Senatore,1984-05-13,31.43
18/10/2015,Ireland,23,Lucas Gonzalez Amorosino,1985-11-02,29.96
18/10/2015,Ireland,4,Guido Petti Pagadizabal,1994-11-17,20.92
18/10/2015,Ireland,18,Juan Pablo Orlandi,1983-06-20,32.33
18/10/2015,Ireland,19,Matias Alemanno,1991-12-05,23.87
18/10/2015,Ireland,16,Julian Montoya,1993-10-29,21.97
18/10/2015,Ireland,14,Santiago Cordero,1993-12-06,21.86
18/10/2015,Ireland,17,Lucas Noguera,1993-10-05,22.03
18/10/2015,Ireland,2,Agustín Creevy,1985-03-15,30.59
25/10/2015,Australia,18,Juan Figallo,1988-03-25,27.58
25/10/2015,Australia,20,Facundo Isa,1993-09-21,22.09
25/10/2015,Australia,13,Marcelo Bosch,1984-01-07,31.8
25/10/2015,Australia,1,Marcos Ayerza,1983-01-12,32.78
25/10/2015,Australia,3,Ramiro Herrera,1989-02-14,26.69
25/10/2015,Australia,7,Juan Martín Fernandez Lobbe,1981-11-19,33.93
25/10/2015,Australia,21,Tomas Cubelli,1989-06-12,26.37
25/10/2015,Australia,11,Juan Imhoff,1988-05-11,27.46
25/10/2015,Australia,9,Martín Landajo,1988-06-14,27.36
25/10/2015,Australia,10,Nicolas Sanchez,1988-10-26,27.0
25/10/2015,Australia,15,Joaquin Tuculet,1989-08-08,26.21
25/10/2015,Australia,6,Pablo Matera,1993-07-18,22.27
25/10/2015,Australia,12,Juan Martín Hernández,1982-08-07,33.22
25/10/2015,Australia,22,Jeronimo de la Fuente,1991-02-24,24.67
25/10/2015,Australia,5,Tomas Lavanini,1993-01-22,22.75
25/10/2015,Australia,8,Leonardo Senatore,1984-05-13,31.45
25/10/2015,Australia,23,Lucas Gonzalez Amorosino,1985-11-02,29.98
25/10/2015,Australia,4,Guido Petti Pagadizabal,1994-11-17,20.94
25/10/2015,Australia,19,Matias Alemanno,1991-12-05,23.89
25/10/2015,Australia,16,Julian Montoya,1993-10-29,21.99
25/10/2015,Australia,14,Santiago Cordero,1993-12-06,21.88
25/10/2015,Australia,17,Lucas Noguera,1993-10-05,22.05
25/10/2015,Australia,2,Agustín Creevy,1985-03-15,30.61
30/10/2015,South Africa,1,Juan Figallo,1988-03-25,27.6
30/10/2015,South Africa,20,Facundo Isa,1993-09-21,22.11
30/10/2015,South Africa,3,Ramiro Herrera,1989-02-14,26.71
30/10/2015,South Africa,7,Juan Martín Fernandez Lobbe,1981-11-19,33.94
30/10/2015,South Africa,9,Tomas Cubelli,1989-06-12,26.38
30/10/2015,South Africa,13,Matias Moroni,1991-03-29,24.59
30/10/2015,South Africa,21,Martín Landajo,1988-06-14,27.38
30/10/2015,South Africa,10,Nicolas Sanchez,1988-10-26,27.01
30/10/2015,South Africa,18,Santiago Garcia Botta,1992-06-19,23.36
30/10/2015,South Africa,12,Jeronimo de la Fuente,1991-02-24,24.68
30/10/2015,South Africa,5,Tomas Lavanini,1993-01-22,22.77
30/10/2015,South Africa,22,Santiago Gonzalez Iglesias,1988-06-16,27.37
30/10/2015,South Africa,15,Lucas Gonzalez Amorosino,1985-11-02,29.99
30/10/2015,South Africa,8,Juan Manuel Leguizamon,1983-06-06,32.4
30/10/2015,South Africa,19,Guido Petti Pagadizabal,1994-11-17,20.95
30/10/2015,South Africa,17,Juan Pablo Orlandi,1983-06-20,32.36
30/10/2015,South Africa,4,Matias Alemanno,1991-12-05,23.9
30/10/2015,South Africa,2,Julian Montoya,1993-10-29,22.0
30/10/2015,South Africa,14,Santiago Cordero,1993-12-06,21.9
30/10/2015,South Africa,6,Javier Ortega Desio,1990-06-14,25.38
30/10/2015,South Africa,16,Lucas Noguera,1993-10-05,22.07
30/10/2015,South Africa,11,Horacio Agulla,1984-10-22,31.02
30/10/2015,South Africa,23,Juan Pablo Socino,1988-05-30,27.42
21/11/2015,Barbarians,8,Facundo Isa,1993-09-21,22.17
21/11/2015,Barbarians,3,Ramiro Herrera,1989-02-14,26.77
21/11/2015,Barbarians,14,Matias Moroni,1991-03-29,24.65
21/11/2015,Barbarians,9,Martín Landajo,1988-06-14,27.44
21/11/2015,Barbarians,18,Nahuel Tetaz Chaparro,1989-11-06,26.04
21/11/2015,Barbarians,10,Nicolas Sanchez,1988-10-26,27.07
21/11/2015,Barbarians,21,Felipe Ezcurra,1993-04-15,22.6
21/11/2015,Barbarians,19,Tomas Lezana,1994-02-16,21.76
21/11/2015,Barbarians,23,Emiliano Boffelli,1995-01-16,20.85
21/11/2015,Barbarians,6,Pablo Matera,1993-07-18,22.34
21/11/2015,Barbarians,17,Santiago Garcia Botta,1992-06-19,23.42
21/11/2015,Barbarians,13,Jeronimo de la Fuente,1991-02-24,24.74
21/11/2015,Barbarians,16,Santiago Iglesias Valdez,1993-05-22,22.5
21/11/2015,Barbarians,20,Leonardo Senatore,1984-05-13,31.52
21/11/2015,Barbarians,12,Santiago Gonzalez Iglesias,1988-06-16,27.43
21/11/2015,Barbarians,22,Gabriel Ascarate,1987-10-20,28.09
21/11/2015,Barbarians,15,Ramiro Moyano,1990-05-28,25.48
21/11/2015,Barbarians,4,Guido Petti Pagadizabal,1994-11-17,21.01
21/11/2015,Barbarians,5,Matias Alemanno,1991-12-05,23.96
21/11/2015,Barbarians,2,Julian Montoya,1993-10-29,22.06
21/11/2015,Barbarians,11,Santiago Cordero,1993-12-06,21.96
21/11/2015,Barbarians,7,Javier Ortega Desio,1990-06-14,25.44
21/11/2015,Barbarians,1,Lucas Noguera,1993-10-05,22.13
11/06/2016,Italy,8,Facundo Isa,1993-09-21,22.72
11/06/2016,Italy,18,Enrique Pieretto Heiland,1994-12-15,21.49
11/06/2016,Italy,21,Tomas Cubelli,1989-06-12,27.0
11/06/2016,Italy,13,Matias Moroni,1991-03-29,25.21
11/06/2016,Italy,9,Martín Landajo,1988-06-14,27.99
11/06/2016,Italy,3,Nahuel Tetaz Chaparro,1989-11-06,26.6
11/06/2016,Italy,10,Nicolas Sanchez,1988-10-26,27.63
11/06/2016,Italy,7,Tomas Lezana,1994-02-16,22.32
11/06/2016,Italy,11,Manuel Montero,1991-11-20,24.56
11/06/2016,Italy,15,Joaquin Tuculet,1989-08-08,26.84
11/06/2016,Italy,6,Pablo Matera,1993-07-18,22.9
11/06/2016,Italy,12,Juan Martín Hernández,1982-08-07,33.85
11/06/2016,Italy,1,Santiago Garcia Botta,1992-06-19,23.98
11/06/2016,Italy,22,Jeronimo de la Fuente,1991-02-24,25.3
11/06/2016,Italy,20,Juan Manuel Leguizamon,1983-06-06,33.02
11/06/2016,Italy,23,Ramiro Moyano,1990-05-28,26.04
11/06/2016,Italy,4,Guido Petti Pagadizabal,1994-11-17,21.57
11/06/2016,Italy,5,Matias Alemanno,1991-12-05,24.52
11/06/2016,Italy,16,Julian Montoya,1993-10-29,22.62
11/06/2016,Italy,14,Santiago Cordero,1993-12-06,22.51
11/06/2016,Italy,19,Javier Ortega Desio,1990-06-14,25.99
11/06/2016,Italy,17,Felipe Arregui,1994-06-09,22.01
11/06/2016,Italy,2,Agustín Creevy,1985-03-15,31.24
19/06/2016,France,8,Facundo Isa,1993-09-21,22.74
19/06/2016,France,18,Enrique Pieretto Heiland,1994-12-15,21.51
19/06/2016,France,3,Ramiro Herrera,1989-02-14,27.34
19/06/2016,France,21,Tomas Cubelli,1989-06-12,27.02
19/06/2016,France,13,Matias Moroni,1991-03-29,25.23
19/06/2016,France,9,Martín Landajo,1988-06-14,28.01
19/06/2016,France,1,Nahuel Tetaz Chaparro,1989-11-06,26.62
19/06/2016,France,10,Nicolas Sanchez,1988-10-26,27.65
19/06/2016,France,7,Tomas Lezana,1994-02-16,22.34
19/06/2016,France,11,Manuel Montero,1991-11-20,24.58
19/06/2016,France,15,Joaquin Tuculet,1989-08-08,26.86
19/06/2016,France,6,Pablo Matera,1993-07-18,22.92
19/06/2016,France,12,Juan Martín Hernández,1982-08-07,33.87
19/06/2016,France,17,Santiago Garcia Botta,1992-06-19,24.0
19/06/2016,France,22,Santiago Gonzalez Iglesias,1988-06-16,28.01
19/06/2016,France,20,Juan Manuel Leguizamon,1983-06-06,33.04
19/06/2016,France,23,Ramiro Moyano,1990-05-28,26.06
19/06/2016,France,4,Guido Petti Pagadizabal,1994-11-17,21.59
19/06/2016,France,16,Julian Montoya,1993-10-29,22.64
19/06/2016,France,14,Santiago Cordero,1993-12-06,22.54
19/06/2016,France,5,Javier Ortega Desio,1990-06-14,26.02
19/06/2016,France,2,Agustín Creevy,1985-03-15,31.26
19/06/2016,France,19,Ignacio Larrague,1995-10-25,20.65
25/06/2016,France,8,Facundo Isa,1993-09-21,22.76
25/06/2016,France,18,Enrique Pieretto Heiland,1994-12-15,21.53
25/06/2016,France,3,Ramiro Herrera,1989-02-14,27.36
25/06/2016,France,22,Matias Orlando,1991-11-14,24.61
25/06/2016,France,9,Tomas Cubelli,1989-06-12,27.04
25/06/2016,France,13,Matias Moroni,1991-03-29,25.24
25/06/2016,France,21,Martín Landajo,1988-06-14,28.03
25/06/2016,France,1,Nahuel Tetaz Chaparro,1989-11-06,26.63
25/06/2016,France,10,Nicolas Sanchez,1988-10-26,27.66
25/06/2016,France,19,Tomas Lezana,1994-02-16,22.36
25/06/2016,France,11,Manuel Montero,1991-11-20,24.6
25/06/2016,France,15,Joaquin Tuculet,1989-08-08,26.88
25/06/2016,France,6,Pablo Matera,1993-07-18,22.94
25/06/2016,France,17,Santiago Garcia Botta,1992-06-19,24.02
25/06/2016,France,12,Jeronimo de la Fuente,1991-02-24,25.33
25/06/2016,France,5,Tomas Lavanini,1993-01-22,23.42
25/06/2016,France,23,Lucas Gonzalez Amorosino,1985-11-02,30.65
25/06/2016,France,20,Juan Manuel Leguizamon,1983-06-06,33.05
25/06/2016,France,4,Guido Petti Pagadizabal,1994-11-17,21.6
25/06/2016,France,16,Julian Montoya,1993-10-29,22.66
25/06/2016,France,14,Santiago Cordero,1993-12-06,22.55
25/06/2016,France,7,Javier Ortega Desio,1990-06-14,26.03
25/06/2016,France,2,Agustín Creevy,1985-03-15,31.28
20/08/2016,South Africa,8,Facundo Isa,1993-09-21,22.91
20/08/2016,South Africa,18,Enrique Pieretto Heiland,1994-12-15,21.68
20/08/2016,South Africa,3,Ramiro Herrera,1989-02-14,27.51
20/08/2016,South Africa,13,Matias Orlando,1991-11-14,24.77
20/08/2016,South Africa,21,Tomas Cubelli,1989-06-12,27.19
20/08/2016,South Africa,9,Martín Landajo,1988-06-14,28.18
20/08/2016,South Africa,1,Nahuel Tetaz Chaparro,1989-11-06,26.79
20/08/2016,South Africa,10,Nicolas Sanchez,1988-10-26,27.82
20/08/2016,South Africa,11,Manuel Montero,1991-11-20,24.75
20/08/2016,South Africa,15,Joaquin Tuculet,1989-08-08,27.03
20/08/2016,South Africa,6,Pablo Matera,1993-07-18,23.09
20/08/2016,South Africa,12,Juan Martín Hernández,1982-08-07,34.04
20/08/2016,South Africa,5,Tomas Lavanini,1993-01-22,23.58
20/08/2016,South Africa,22,Santiago Gonzalez Iglesias,1988-06-16,28.18
20/08/2016,South Africa,7,Juan Manuel Leguizamon,1983-06-06,33.21
20/08/2016,South Africa,23,Ramiro Moyano,1990-05-28,26.23
20/08/2016,South Africa,19,Guido Petti Pagadizabal,1994-11-17,21.76
20/08/2016,South Africa,4,Matias Alemanno,1991-12-05,24.71
20/08/2016,South Africa,16,Julian Montoya,1993-10-29,22.81
20/08/2016,South Africa,14,Santiago Cordero,1993-12-06,22.71
20/08/2016,South Africa,20,Javier Ortega Desio,1990-06-14,26.19
20/08/2016,South Africa,17,Felipe Arregui,1994-06-09,22.2
20/08/2016,South Africa,2,Agustín Creevy,1985-03-15,31.43
27/08/2016,South Africa,22,Santiago Gonzalez Iglesias,1988-06-16,28.2
27/08/2016,South Africa,23,Lucas Gonzalez Amorosino,1985-11-02,30.82
27/08/2016,South Africa,7,Juan Manuel Leguizamon,1983-06-06,33.23
27/08/2016,South Africa,19,Guido Petti Pagadizabal,1994-11-17,21.78
27/08/2016,South Africa,4,Matias Alemanno,1991-12-05,24.73
27/08/2016,South Africa,16,Julian Montoya,1993-10-29,22.83
27/08/2016,South Africa,14,Santiago Cordero,1993-12-06,22.72
27/08/2016,South Africa,20,Javier Ortega Desio,1990-06-14,26.2
27/08/2016,South Africa,17,Felipe Arregui,1994-06-09,22.22
27/08/2016,South Africa,2,Agustín Creevy,1985-03-15,31.45
27/08/2016,South Africa,8,Facundo Isa,1993-09-21,22.93
27/08/2016,South Africa,18,Enrique Pieretto Heiland,1994-12-15,21.7
27/08/2016,South Africa,3,Ramiro Herrera,1989-02-14,27.53
27/08/2016,South Africa,13,Matias Orlando,1991-11-14,24.79
27/08/2016,South Africa,21,Tomas Cubelli,1989-06-12,27.21
27/08/2016,South Africa,9,Martín Landajo,1988-06-14,28.2
27/08/2016,South Africa,1,Nahuel Tetaz Chaparro,1989-11-06,26.81
27/08/2016,South Africa,10,Nicolas Sanchez,1988-10-26,27.84
27/08/2016,South Africa,11,Manuel Montero,1991-11-20,24.77
27/08/2016,South Africa,15,Joaquin Tuculet,1989-08-08,27.05
27/08/2016,South Africa,6,Pablo Matera,1993-07-18,23.11
27/08/2016,South Africa,12,Juan Martín Hernández,1982-08-07,34.06
27/08/2016,South Africa,5,Tomas Lavanini,1993-01-22,23.6
10/09/2016,New Zealand,19,Marcos Kremer,1997-07-30,19.12
10/09/2016,New Zealand,8,Facundo Isa,1993-09-21,22.97
10/09/2016,New Zealand,18,Enrique Pieretto Heiland,1994-12-15,21.74
10/09/2016,New Zealand,3,Ramiro Herrera,1989-02-14,27.57
10/09/2016,New Zealand,13,Matias Orlando,1991-11-14,24.82
10/09/2016,New Zealand,21,Tomas Cubelli,1989-06-12,27.25
10/09/2016,New Zealand,14,Matias Moroni,1991-03-29,25.45
10/09/2016,New Zealand,9,Martín Landajo,1988-06-14,28.24
10/09/2016,New Zealand,1,Nahuel Tetaz Chaparro,1989-11-06,26.85
10/09/2016,New Zealand,10,Nicolas Sanchez,1988-10-26,27.87
10/09/2016,New Zealand,15,Joaquin Tuculet,1989-08-08,27.09
10/09/2016,New Zealand,6,Pablo Matera,1993-07-18,23.15
10/09/2016,New Zealand,12,Juan Martín Hernández,1982-08-07,34.1
10/09/2016,New Zealand,20,Leonardo Senatore,1984-05-13,32.33
10/09/2016,New Zealand,22,Santiago Gonzalez Iglesias,1988-06-16,28.24
10/09/2016,New Zealand,23,Ramiro Moyano,1990-05-28,26.29
10/09/2016,New Zealand,4,Guido Petti Pagadizabal,1994-11-17,21.82
10/09/2016,New Zealand,5,Matias Alemanno,1991-12-05,24.77
10/09/2016,New Zealand,16,Julian Montoya,1993-10-29,22.87
10/09/2016,New Zealand,11,Santiago Cordero,1993-12-06,22.76
10/09/2016,New Zealand,7,Javier Ortega Desio,1990-06-14,26.24
10/09/2016,New Zealand,17,Lucas Noguera,1993-10-05,22.93
10/09/2016,New Zealand,2,Agustín Creevy,1985-03-15,31.49
17/09/2016,Australia,19,Marcos Kremer,1997-07-30,19.14
17/09/2016,Australia,8,Facundo Isa,1993-09-21,22.99
17/09/2016,Australia,18,Enrique Pieretto Heiland,1994-12-15,21.76
17/09/2016,Australia,3,Ramiro Herrera,1989-02-14,27.59
17/09/2016,Australia,23,Matias Orlando,1991-11-14,24.84
17/09/2016,Australia,9,Tomas Cubelli,1989-06-12,27.27
17/09/2016,Australia,13,Matias Moroni,1991-03-29,25.47
17/09/2016,Australia,21,Martín Landajo,1988-06-14,28.26
17/09/2016,Australia,1,Nahuel Tetaz Chaparro,1989-11-06,26.86
17/09/2016,Australia,10,Nicolas Sanchez,1988-10-26,27.89
17/09/2016,Australia,15,Joaquin Tuculet,1989-08-08,27.11
17/09/2016,Australia,6,Pablo Matera,1993-07-18,23.17
17/09/2016,Australia,20,Leonardo Senatore,1984-05-13,32.35
17/09/2016,Australia,12,Santiago Gonzalez Iglesias,1988-06-16,28.26
17/09/2016,Australia,22,Gabriel Ascarate,1987-10-20,28.91
17/09/2016,Australia,11,Lucas Gonzalez Amorosino,1985-11-02,30.88
17/09/2016,Australia,7,Juan Manuel Leguizamon,1983-06-06,33.28
17/09/2016,Australia,5,Matias Alemanno,1991-12-05,24.79
17/09/2016,Australia,16,Julian Montoya,1993-10-29,22.89
17/09/2016,Australia,14,Santiago Cordero,1993-12-06,22.78
17/09/2016,Australia,4,Javier Ortega Desio,1990-06-14,26.26
17/09/2016,Australia,17,Lucas Noguera,1993-10-05,22.95
17/09/2016,Australia,2,Agustín Creevy,1985-03-15,31.51
01/10/2016,New Zealand,8,Facundo Isa,1993-09-21,23.03
01/10/2016,New Zealand,18,Enrique Pieretto Heiland,1994-12-15,21.8
01/10/2016,New Zealand,3,Ramiro Herrera,1989-02-14,27.63
01/10/2016,New Zealand,23,Matias Orlando,1991-11-14,24.88
01/10/2016,New Zealand,21,Tomas Cubelli,1989-06-12,27.31
01/10/2016,New Zealand,13,Matias Moroni,1991-03-29,25.51
01/10/2016,New Zealand,9,Martín Landajo,1988-06-14,28.3
01/10/2016,New Zealand,1,Nahuel Tetaz Chaparro,1989-11-06,26.9
01/10/2016,New Zealand,10,Nicolas Sanchez,1988-10-26,27.93
01/10/2016,New Zealand,15,Joaquin Tuculet,1989-08-08,27.15
01/10/2016,New Zealand,6,Pablo Matera,1993-07-18,23.21
01/10/2016,New Zealand,22,Jeronimo de la Fuente,1991-02-24,25.6
01/10/2016,New Zealand,20,Leonardo Senatore,1984-05-13,32.39
01/10/2016,New Zealand,12,Santiago Gonzalez Iglesias,1988-06-16,28.29
01/10/2016,New Zealand,19,Juan Manuel Leguizamon,1983-06-06,33.32
01/10/2016,New Zealand,11,Ramiro Moyano,1990-05-28,26.35
01/10/2016,New Zealand,4,Guido Petti Pagadizabal,1994-11-17,21.87
01/10/2016,New Zealand,5,Matias Alemanno,1991-12-05,24.82
01/10/2016,New Zealand,16,Julian Montoya,1993-10-29,22.92
01/10/2016,New Zealand,14,Santiago Cordero,1993-12-06,22.82
01/10/2016,New Zealand,7,Javier Ortega Desio,1990-06-14,26.3
01/10/2016,New Zealand,17,Lucas Noguera,1993-10-05,22.99
01/10/2016,New Zealand,2,Agustín Creevy,1985-03-15,31.55
08/10/2016,Australia,19,Marcos Kremer,1997-07-30,19.19
08/10/2016,Australia,18,Enrique Pieretto Heiland,1994-12-15,21.82
08/10/2016,Australia,3,Ramiro Herrera,1989-02-14,27.65
08/10/2016,Australia,13,Matias Orlando,1991-11-14,24.9
08/10/2016,Australia,20,Tomas Cubelli,1989-06-12,27.32
08/10/2016,Australia,14,Matias Moroni,1991-03-29,25.53
08/10/2016,Australia,9,Martín Landajo,1988-06-14,28.32
08/10/2016,Australia,15,Joaquin Tuculet,1989-08-08,27.17
08/10/2016,Australia,6,Pablo Matera,1993-07-18,23.23
08/10/2016,Australia,17,Santiago Garcia Botta,1992-06-19,24.3
08/10/2016,Australia,12,Jeronimo de la Fuente,1991-02-24,25.62
08/10/2016,Australia,8,Leonardo Senatore,1984-05-13,32.41
08/10/2016,Australia,10,Santiago Gonzalez Iglesias,1988-06-16,28.31
08/10/2016,Australia,22,Gabriel Ascarate,1987-10-20,28.97
08/10/2016,Australia,23,Lucas Gonzalez Amorosino,1985-11-02,30.93
08/10/2016,Australia,21,Juan Manuel Leguizamon,1983-06-06,33.34
08/10/2016,Australia,11,Ramiro Moyano,1990-05-28,26.37
08/10/2016,Australia,4,Guido Petti Pagadizabal,1994-11-17,21.89
08/10/2016,Australia,5,Matias Alemanno,1991-12-05,24.84
08/10/2016,Australia,16,Julian Montoya,1993-10-29,22.94
08/10/2016,Australia,7,Javier Ortega Desio,1990-06-14,26.32
08/10/2016,Australia,1,Lucas Noguera,1993-10-05,23.01
08/10/2016,Australia,2,Agustín Creevy,1985-03-15,31.57
05/11/2016,Japan,8,Facundo Isa,1993-09-21,23.12
05/11/2016,Japan,18,Enrique Pieretto Heiland,1994-12-15,21.89
05/11/2016,Japan,3,Ramiro Herrera,1989-02-14,27.72
05/11/2016,Japan,13,Matias Orlando,1991-11-14,24.98
05/11/2016,Japan,21,Tomas Cubelli,1989-06-12,27.4
05/11/2016,Japan,14,Matias Moroni,1991-03-29,25.61
05/11/2016,Japan,9,Martín Landajo,1988-06-14,28.39
05/11/2016,Japan,10,Nicolas Sanchez,1988-10-26,28.03
05/11/2016,Japan,6,Tomas Lezana,1994-02-16,22.72
05/11/2016,Japan,15,Joaquin Tuculet,1989-08-08,27.24
05/11/2016,Japan,17,Santiago Garcia Botta,1992-06-19,24.38
05/11/2016,Japan,12,Jeronimo de la Fuente,1991-02-24,25.7
05/11/2016,Japan,19,Leonardo Senatore,1984-05-13,32.48
05/11/2016,Japan,22,Santiago Gonzalez Iglesias,1988-06-16,28.39
05/11/2016,Japan,20,Juan Manuel Leguizamon,1983-06-06,33.42
05/11/2016,Japan,23,Ramiro Moyano,1990-05-28,26.44
05/11/2016,Japan,4,Guido Petti Pagadizabal,1994-11-17,21.97
05/11/2016,Japan,5,Matias Alemanno,1991-12-05,24.92
05/11/2016,Japan,16,Julian Montoya,1993-10-29,23.02
05/11/2016,Japan,11,Santiago Cordero,1993-12-06,22.92
05/11/2016,Japan,7,Javier Ortega Desio,1990-06-14,26.4
05/11/2016,Japan,1,Lucas Noguera,1993-10-05,23.09
05/11/2016,Japan,2,Agustín Creevy,1985-03-15,31.64
12/11/2016,Wales,8,Facundo Isa,1993-09-21,23.14
12/11/2016,Wales,18,Enrique Pieretto Heiland,1994-12-15,21.91
12/11/2016,Wales,3,Ramiro Herrera,1989-02-14,27.74
12/11/2016,Wales,13,Matias Orlando,1991-11-14,25.0
12/11/2016,Wales,21,Tomas Cubelli,1989-06-12,27.42
12/11/2016,Wales,14,Matias Moroni,1991-03-29,25.63
12/11/2016,Wales,9,Martín Landajo,1988-06-14,28.41
12/11/2016,Wales,10,Nicolas Sanchez,1988-10-26,28.05
12/11/2016,Wales,20,Tomas Lezana,1994-02-16,22.74
12/11/2016,Wales,15,Joaquin Tuculet,1989-08-08,27.26
12/11/2016,Wales,6,Pablo Matera,1993-07-18,23.32
12/11/2016,Wales,12,Juan Martín Hernández,1982-08-07,34.27
12/11/2016,Wales,17,Santiago Garcia Botta,1992-06-19,24.4
12/11/2016,Wales,23,Jeronimo de la Fuente,1991-02-24,25.72
12/11/2016,Wales,19,Leonardo Senatore,1984-05-13,32.5
12/11/2016,Wales,22,Santiago Gonzalez Iglesias,1988-06-16,28.41
12/11/2016,Wales,4,Guido Petti Pagadizabal,1994-11-17,21.99
12/11/2016,Wales,5,Matias Alemanno,1991-12-05,24.94
12/11/2016,Wales,16,Julian Montoya,1993-10-29,23.04
12/11/2016,Wales,11,Santiago Cordero,1993-12-06,22.94
12/11/2016,Wales,7,Javier Ortega Desio,1990-06-14,26.42
12/11/2016,Wales,1,Lucas Noguera,1993-10-05,23.11
12/11/2016,Wales,2,Agustín Creevy,1985-03-15,31.66
19/11/2016,Scotland,8,Facundo Isa,1993-09-21,23.16
19/11/2016,Scotland,18,Enrique Pieretto Heiland,1994-12-15,21.93
19/11/2016,Scotland,3,Ramiro Herrera,1989-02-14,27.76
19/11/2016,Scotland,13,Matias Orlando,1991-11-14,25.02
19/11/2016,Scotland,21,Tomas Cubelli,1989-06-12,27.44
19/11/2016,Scotland,14,Matias Moroni,1991-03-29,25.65
19/11/2016,Scotland,9,Martín Landajo,1988-06-14,28.43
19/11/2016,Scotland,10,Nicolas Sanchez,1988-10-26,28.07
19/11/2016,Scotland,15,Joaquin Tuculet,1989-08-08,27.28
19/11/2016,Scotland,6,Pablo Matera,1993-07-18,23.34
19/11/2016,Scotland,12,Juan Martín Hernández,1982-08-07,34.29
19/11/2016,Scotland,17,Santiago Garcia Botta,1992-06-19,24.42
19/11/2016,Scotland,22,Jeronimo de la Fuente,1991-02-24,25.74
19/11/2016,Scotland,19,Leonardo Senatore,1984-05-13,32.52
19/11/2016,Scotland,20,Juan Manuel Leguizamon,1983-06-06,33.46
19/11/2016,Scotland,4,Guido Petti Pagadizabal,1994-11-17,22.01
19/11/2016,Scotland,5,Matias Alemanno,1991-12-05,24.96
19/11/2016,Scotland,16,Julian Montoya,1993-10-29,23.06
19/11/2016,Scotland,23,Juan Pablo Estelles,1988-05-05,28.54
19/11/2016,Scotland,11,Santiago Cordero,1993-12-06,22.95
19/11/2016,Scotland,7,Javier Ortega Desio,1990-06-14,26.43
19/11/2016,Scotland,1,Lucas Noguera,1993-10-05,23.12
19/11/2016,Scotland,2,Agustín Creevy,1985-03-15,31.68
26/11/2016,England,19,Facundo Isa,1993-09-21,23.18
26/11/2016,England,18,Enrique Pieretto Heiland,1994-12-15,21.95
26/11/2016,England,3,Ramiro Herrera,1989-02-14,27.78
26/11/2016,England,14,Matias Orlando,1991-11-14,25.04
26/11/2016,England,9,Tomas Cubelli,1989-06-12,27.46
26/11/2016,England,13,Matias Moroni,1991-03-29,25.67
26/11/2016,England,21,Martín Landajo,1988-06-14,28.45
26/11/2016,England,20,Tomas Lezana,1994-02-16,22.78
26/11/2016,England,6,Pablo Matera,1993-07-18,23.36
26/11/2016,England,10,Juan Martín Hernández,1982-08-07,34.31
26/11/2016,England,17,Santiago Garcia Botta,1992-06-19,24.44
26/11/2016,England,22,Jeronimo de la Fuente,1991-02-24,25.76
26/11/2016,England,8,Leonardo Senatore,1984-05-13,32.54
26/11/2016,England,12,Santiago Gonzalez Iglesias,1988-06-16,28.45
26/11/2016,England,23,Gabriel Ascarate,1987-10-20,29.1
26/11/2016,England,4,Guido Petti Pagadizabal,1994-11-17,22.03
26/11/2016,England,5,Matias Alemanno,1991-12-05,24.98
26/11/2016,England,16,Julian Montoya,1993-10-29,23.08
26/11/2016,England,11,Juan Pablo Estelles,1988-05-05,28.56
26/11/2016,England,15,Santiago Cordero,1993-12-06,22.97
26/11/2016,England,7,Javier Ortega Desio,1990-06-14,26.45
26/11/2016,England,1,Lucas Noguera,1993-10-05,23.14
26/11/2016,England,2,Agustín Creevy,1985-03-15,31.7
10/06/2017,England,3,Enrique Pieretto Heiland,1994-12-15,22.49
10/06/2017,England,13,Matias Orlando,1991-11-14,25.57
10/06/2017,England,14,Matias Moroni,1991-03-29,26.2
10/06/2017,England,9,Martín Landajo,1988-06-14,28.99
10/06/2017,England,18,Nahuel Tetaz Chaparro,1989-11-06,27.59
10/06/2017,England,10,Nicolas Sanchez,1988-10-26,28.62
10/06/2017,England,11,Emiliano Boffelli,1995-01-16,22.4
10/06/2017,England,15,Joaquin Tuculet,1989-08-08,27.84
10/06/2017,England,6,Pablo Matera,1993-07-18,23.9
10/06/2017,England,22,Juan Martín Hernández,1982-08-07,34.84
10/06/2017,England,17,Santiago Garcia Botta,1992-06-19,24.98
10/06/2017,England,12,Jeronimo de la Fuente,1991-02-24,26.29
10/06/2017,England,5,Tomas Lavanini,1993-01-22,24.38
10/06/2017,England,20,Leonardo Senatore,1984-05-13,33.08
10/06/2017,England,21,Gonzalo Bertranou,1993-12-31,23.44
10/06/2017,England,8,Juan Manuel Leguizamon,1983-06-06,34.01
10/06/2017,England,23,Ramiro Moyano,1990-05-28,27.04
10/06/2017,England,19,Guido Petti Pagadizabal,1994-11-17,22.56
10/06/2017,England,4,Matias Alemanno,1991-12-05,25.51
10/06/2017,England,16,Julian Montoya,1993-10-29,23.61
10/06/2017,England,7,Javier Ortega Desio,1990-06-14,26.99
10/06/2017,England,1,Lucas Noguera,1993-10-05,23.68
10/06/2017,England,2,Agustín Creevy,1985-03-15,32.24
17/06/2017,England,3,Enrique Pieretto Heiland,1994-12-15,22.51
17/06/2017,England,18,Ramiro Herrera,1989-02-14,28.34
17/06/2017,England,13,Matias Orlando,1991-11-14,25.59
17/06/2017,England,23,Matias Moroni,1991-03-29,26.22
17/06/2017,England,9,Martín Landajo,1988-06-14,29.01
17/06/2017,England,17,Nahuel Tetaz Chaparro,1989-11-06,27.61
17/06/2017,England,10,Nicolas Sanchez,1988-10-26,28.64
17/06/2017,England,20,Tomas Lezana,1994-02-16,23.33
17/06/2017,England,11,Emiliano Boffelli,1995-01-16,22.42
17/06/2017,England,15,Joaquin Tuculet,1989-08-08,27.86
17/06/2017,England,6,Pablo Matera,1993-07-18,23.92
17/06/2017,England,22,Juan Martín Hernández,1982-08-07,34.86
17/06/2017,England,12,Jeronimo de la Fuente,1991-02-24,26.31
17/06/2017,England,5,Tomas Lavanini,1993-01-22,24.4
17/06/2017,England,21,Gonzalo Bertranou,1993-12-31,23.46
17/06/2017,England,8,Juan Manuel Leguizamon,1983-06-06,34.03
17/06/2017,England,14,Ramiro Moyano,1990-05-28,27.06
17/06/2017,England,19,Guido Petti Pagadizabal,1994-11-17,22.58
17/06/2017,England,4,Matias Alemanno,1991-12-05,25.53
17/06/2017,England,16,Julian Montoya,1993-10-29,23.63
17/06/2017,England,7,Javier Ortega Desio,1990-06-14,27.01
17/06/2017,England,1,Lucas Noguera,1993-10-05,23.7
17/06/2017,England,2,Agustín Creevy,1985-03-15,32.26
24/06/2017,Georgia,3,Enrique Pieretto Heiland,1994-12-15,22.52
24/06/2017,Georgia,18,Ramiro Herrera,1989-02-14,28.36
24/06/2017,Georgia,13,Matias Orlando,1991-11-14,25.61
24/06/2017,Georgia,14,Matias Moroni,1991-03-29,26.24
24/06/2017,Georgia,9,Martín Landajo,1988-06-14,29.03
24/06/2017,Georgia,1,Nahuel Tetaz Chaparro,1989-11-06,27.63
24/06/2017,Georgia,10,Nicolas Sanchez,1988-10-26,28.66
24/06/2017,Georgia,6,Tomas Lezana,1994-02-16,23.35
24/06/2017,Georgia,15,Joaquin Tuculet,1989-08-08,27.88
24/06/2017,Georgia,19,Pablo Matera,1993-07-18,23.93
24/06/2017,Georgia,12,Jeronimo de la Fuente,1991-02-24,26.33
24/06/2017,Georgia,8,Leonardo Senatore,1984-05-13,33.11
24/06/2017,Georgia,22,Santiago Gonzalez Iglesias,1988-06-16,29.02
24/06/2017,Georgia,21,Gonzalo Bertranou,1993-12-31,23.48
24/06/2017,Georgia,11,Ramiro Moyano,1990-05-28,27.08
24/06/2017,Georgia,4,Guido Petti Pagadizabal,1994-11-17,22.6
24/06/2017,Georgia,5,Matias Alemanno,1991-12-05,25.55
24/06/2017,Georgia,16,Julian Montoya,1993-10-29,23.65
24/06/2017,Georgia,17,Lucas Noguera,1993-10-05,23.72
24/06/2017,Georgia,20,Benjamin Macome,1986-01-10,31.45
24/06/2017,Georgia,7,Rodrigo Baez,1989-02-08,28.37
24/06/2017,Georgia,2,Agustín Creevy,1985-03-15,32.28
24/06/2017,Georgia,23,German Schulz,1994-02-05,23.38
19/08/2017,South Africa,19,Marcos Kremer,1997-07-30,20.06
19/08/2017,South Africa,3,Enrique Pieretto Heiland,1994-12-15,22.68
19/08/2017,South Africa,18,Ramiro Herrera,1989-02-14,28.51
19/08/2017,South Africa,13,Matias Orlando,1991-11-14,25.76
19/08/2017,South Africa,21,Tomas Cubelli,1989-06-12,28.19
19/08/2017,South Africa,23,Matias Moroni,1991-03-29,26.39
19/08/2017,South Africa,9,Martín Landajo,1988-06-14,29.18
19/08/2017,South Africa,1,Nahuel Tetaz Chaparro,1989-11-06,27.78
19/08/2017,South Africa,10,Nicolas Sanchez,1988-10-26,28.81
19/08/2017,South Africa,7,Tomas Lezana,1994-02-16,23.5
19/08/2017,South Africa,11,Emiliano Boffelli,1995-01-16,22.59
19/08/2017,South Africa,15,Joaquin Tuculet,1989-08-08,28.03
19/08/2017,South Africa,6,Pablo Matera,1993-07-18,24.09
19/08/2017,South Africa,22,Juan Martín Hernández,1982-08-07,35.03
19/08/2017,South Africa,12,Jeronimo de la Fuente,1991-02-24,26.48
19/08/2017,South Africa,5,Tomas Lavanini,1993-01-22,24.57
19/08/2017,South Africa,8,Leonardo Senatore,1984-05-13,33.27
19/08/2017,South Africa,14,Ramiro Moyano,1990-05-28,27.23
19/08/2017,South Africa,4,Guido Petti Pagadizabal,1994-11-17,22.75
19/08/2017,South Africa,16,Julian Montoya,1993-10-29,23.81
19/08/2017,South Africa,20,Javier Ortega Desio,1990-06-14,27.18
19/08/2017,South Africa,17,Lucas Noguera,1993-10-05,23.87
19/08/2017,South Africa,2,Agustín Creevy,1985-03-15,32.43
26/08/2017,South Africa,19,Marcos Kremer,1997-07-30,20.07
26/08/2017,South Africa,18,Enrique Pieretto Heiland,1994-12-15,22.7
26/08/2017,South Africa,3,Ramiro Herrera,1989-02-14,28.53
26/08/2017,South Africa,13,Matias Orlando,1991-11-14,25.78
26/08/2017,South Africa,9,Tomas Cubelli,1989-06-12,28.21
26/08/2017,South Africa,23,Matias Moroni,1991-03-29,26.41
26/08/2017,South Africa,21,Martín Landajo,1988-06-14,29.2
26/08/2017,South Africa,22,Nicolas Sanchez,1988-10-26,28.83
26/08/2017,South Africa,7,Tomas Lezana,1994-02-16,23.52
26/08/2017,South Africa,11,Emiliano Boffelli,1995-01-16,22.61
26/08/2017,South Africa,15,Joaquin Tuculet,1989-08-08,28.05
26/08/2017,South Africa,6,Pablo Matera,1993-07-18,24.11
26/08/2017,South Africa,10,Juan Martín Hernández,1982-08-07,35.05
26/08/2017,South Africa,17,Santiago Garcia Botta,1992-06-19,25.19
26/08/2017,South Africa,12,Jeronimo de la Fuente,1991-02-24,26.5
26/08/2017,South Africa,5,Tomas Lavanini,1993-01-22,24.59
26/08/2017,South Africa,8,Juan Manuel Leguizamon,1983-06-06,34.22
26/08/2017,South Africa,14,Ramiro Moyano,1990-05-28,27.25
26/08/2017,South Africa,4,Matias Alemanno,1991-12-05,25.73
26/08/2017,South Africa,16,Julian Montoya,1993-10-29,23.83
26/08/2017,South Africa,20,Javier Ortega Desio,1990-06-14,27.2
26/08/2017,South Africa,1,Lucas Noguera,1993-10-05,23.89
26/08/2017,South Africa,2,Agustín Creevy,1985-03-15,32.45
09/09/2017,New Zealand,19,Marcos Kremer,1997-07-30,20.11
09/09/2017,New Zealand,18,Enrique Pieretto Heiland,1994-12-15,22.74
09/09/2017,New Zealand,23,Matias Orlando,1991-11-14,25.82
09/09/2017,New Zealand,9,Tomas Cubelli,1989-06-12,28.24
09/09/2017,New Zealand,13,Matias Moroni,1991-03-29,26.45
09/09/2017,New Zealand,21,Martín Landajo,1988-06-14,29.24
09/09/2017,New Zealand,3,Nahuel Tetaz Chaparro,1989-11-06,27.84
09/09/2017,New Zealand,10,Nicolas Sanchez,1988-10-26,28.87
09/09/2017,New Zealand,20,Tomas Lezana,1994-02-16,23.56
09/09/2017,New Zealand,11,Emiliano Boffelli,1995-01-16,22.65
09/09/2017,New Zealand,15,Joaquin Tuculet,1989-08-08,28.09
09/09/2017,New Zealand,6,Pablo Matera,1993-07-18,24.15
09/09/2017,New Zealand,17,Santiago Garcia Botta,1992-06-19,25.22
09/09/2017,New Zealand,12,Jeronimo de la Fuente,1991-02-24,26.54
09/09/2017,New Zealand,22,Santiago Gonzalez Iglesias,1988-06-16,29.23
09/09/2017,New Zealand,4,Guido Petti Pagadizabal,1994-11-17,22.81
09/09/2017,New Zealand,5,Matias Alemanno,1991-12-05,25.76
09/09/2017,New Zealand,16,Julian Montoya,1993-10-29,23.86
09/09/2017,New Zealand,14,Santiago Cordero,1993-12-06,23.76
09/09/2017,New Zealand,7,Javier Ortega Desio,1990-06-14,27.24
09/09/2017,New Zealand,1,Lucas Noguera,1993-10-05,23.93
09/09/2017,New Zealand,8,Benjamin Macome,1986-01-10,31.66
09/09/2017,New Zealand,2,Agustín Creevy,1985-03-15,32.49
16/09/2017,Australia,19,Marcos Kremer,1997-07-30,20.13
16/09/2017,Australia,18,Enrique Pieretto Heiland,1994-12-15,22.75
16/09/2017,Australia,13,Matias Orlando,1991-11-14,25.84
16/09/2017,Australia,21,Tomas Cubelli,1989-06-12,28.26
16/09/2017,Australia,14,Matias Moroni,1991-03-29,26.47
16/09/2017,Australia,9,Martín Landajo,1988-06-14,29.26
16/09/2017,Australia,3,Nahuel Tetaz Chaparro,1989-11-06,27.86
16/09/2017,Australia,10,Nicolas Sanchez,1988-10-26,28.89
16/09/2017,Australia,8,Tomas Lezana,1994-02-16,23.58
16/09/2017,Australia,23,Manuel Montero,1991-11-20,25.82
16/09/2017,Australia,15,Emiliano Boffelli,1995-01-16,22.67
16/09/2017,Australia,6,Pablo Matera,1993-07-18,24.16
16/09/2017,Australia,17,Santiago Garcia Botta,1992-06-19,25.24
16/09/2017,Australia,12,Jeronimo de la Fuente,1991-02-24,26.56
16/09/2017,Australia,22,Santiago Gonzalez Iglesias,1988-06-16,29.25
16/09/2017,Australia,20,Juan Manuel Leguizamon,1983-06-06,34.28
16/09/2017,Australia,11,Ramiro Moyano,1990-05-28,27.31
16/09/2017,Australia,4,Guido Petti Pagadizabal,1994-11-17,22.83
16/09/2017,Australia,5,Matias Alemanno,1991-12-05,25.78
16/09/2017,Australia,16,Julian Montoya,1993-10-29,23.88
16/09/2017,Australia,7,Javier Ortega Desio,1990-06-14,27.26
16/09/2017,Australia,1,Lucas Noguera,1993-10-05,23.95
16/09/2017,Australia,2,Agustín Creevy,1985-03-15,32.51
30/09/2017,New Zealand,19,Marcos Kremer,1997-07-30,20.17
30/09/2017,New Zealand,18,Ramiro Herrera,1989-02-14,28.62
30/09/2017,New Zealand,13,Matias Orlando,1991-11-14,25.88
30/09/2017,New Zealand,9,Tomas Cubelli,1989-06-12,28.3
30/09/2017,New Zealand,14,Matias Moroni,1991-03-29,26.51
30/09/2017,New Zealand,21,Martín Landajo,1988-06-14,29.3
30/09/2017,New Zealand,3,Nahuel Tetaz Chaparro,1989-11-06,27.9
30/09/2017,New Zealand,10,Nicolas Sanchez,1988-10-26,28.93
30/09/2017,New Zealand,7,Tomas Lezana,1994-02-16,23.62
30/09/2017,New Zealand,11,Emiliano Boffelli,1995-01-16,22.71
30/09/2017,New Zealand,15,Joaquin Tuculet,1989-08-08,28.15
30/09/2017,New Zealand,6,Pablo Matera,1993-07-18,24.2
30/09/2017,New Zealand,22,Juan Martín Hernández,1982-08-07,35.15
30/09/2017,New Zealand,17,Santiago Garcia Botta,1992-06-19,25.28
30/09/2017,New Zealand,12,Jeronimo de la Fuente,1991-02-24,26.6
30/09/2017,New Zealand,5,Tomas Lavanini,1993-01-22,24.69
30/09/2017,New Zealand,8,Juan Manuel Leguizamon,1983-06-06,34.32
30/09/2017,New Zealand,4,Guido Petti Pagadizabal,1994-11-17,22.87
30/09/2017,New Zealand,16,Julian Montoya,1993-10-29,23.92
30/09/2017,New Zealand,23,Santiago Cordero,1993-12-06,23.82
30/09/2017,New Zealand,20,Javier Ortega Desio,1990-06-14,27.3
30/09/2017,New Zealand,1,Lucas Noguera,1993-10-05,23.99
30/09/2017,New Zealand,2,Agustín Creevy,1985-03-15,32.55
07/10/2017,Australia,4,Marcos Kremer,1997-07-30,20.19
07/10/2017,Australia,18,Enrique Pieretto Heiland,1994-12-15,22.81
07/10/2017,Australia,13,Matias Orlando,1991-11-14,25.9
07/10/2017,Australia,14,Matias Moroni,1991-03-29,26.53
07/10/2017,Australia,9,Martín Landajo,1988-06-14,29.31
07/10/2017,Australia,3,Nahuel Tetaz Chaparro,1989-11-06,27.92
07/10/2017,Australia,10,Nicolas Sanchez,1988-10-26,28.95
07/10/2017,Australia,8,Tomas Lezana,1994-02-16,23.64
07/10/2017,Australia,11,Emiliano Boffelli,1995-01-16,22.72
07/10/2017,Australia,15,Joaquin Tuculet,1989-08-08,28.16
07/10/2017,Australia,6,Pablo Matera,1993-07-18,24.22
07/10/2017,Australia,22,Juan Martín Hernández,1982-08-07,35.17
07/10/2017,Australia,17,Santiago Garcia Botta,1992-06-19,25.3
07/10/2017,Australia,20,Leonardo Senatore,1984-05-13,33.4
07/10/2017,Australia,12,Santiago Gonzalez Iglesias,1988-06-16,29.31
07/10/2017,Australia,21,Gonzalo Bertranou,1993-12-31,23.77
07/10/2017,Australia,5,Matias Alemanno,1991-12-05,25.84
07/10/2017,Australia,16,Julian Montoya,1993-10-29,23.94
07/10/2017,Australia,23,Santiago Cordero,1993-12-06,23.84
07/10/2017,Australia,7,Javier Ortega Desio,1990-06-14,27.32
07/10/2017,Australia,1,Lucas Noguera,1993-10-05,24.01
07/10/2017,Australia,19,Benjamin Macome,1986-01-10,31.74
07/10/2017,Australia,2,Agustín Creevy,1985-03-15,32.56
11/11/2017,England,7,Marcos Kremer,1997-07-30,20.29
11/11/2017,England,18,Enrique Pieretto Heiland,1994-12-15,22.91
11/11/2017,England,13,Matias Moroni,1991-03-29,26.62
11/11/2017,England,9,Martín Landajo,1988-06-14,29.41
11/11/2017,England,3,Nahuel Tetaz Chaparro,1989-11-06,28.01
11/11/2017,England,22,Nicolas Sanchez,1988-10-26,29.04
11/11/2017,England,8,Tomas Lezana,1994-02-16,23.73
11/11/2017,England,11,Emiliano Boffelli,1995-01-16,22.82
11/11/2017,England,15,Joaquin Tuculet,1989-08-08,28.26
11/11/2017,England,6,Pablo Matera,1993-07-18,24.32
11/11/2017,England,10,Juan Martín Hernández,1982-08-07,35.26
11/11/2017,England,1,Santiago Garcia Botta,1992-06-19,25.4
11/11/2017,England,5,Tomas Lavanini,1993-01-22,24.8
11/11/2017,England,23,Sebastian Cancelliere,1993-09-17,24.15
11/11/2017,England,20,Leonardo Senatore,1984-05-13,33.5
11/11/2017,England,12,Santiago Gonzalez Iglesias,1988-06-16,29.41
11/11/2017,England,21,Gonzalo Bertranou,1993-12-31,23.86
11/11/2017,England,14,Ramiro Moyano,1990-05-28,27.46
11/11/2017,England,4,Matias Alemanno,1991-12-05,25.94
11/11/2017,England,16,Julian Montoya,1993-10-29,24.04
11/11/2017,England,17,Lucas Noguera,1993-10-05,24.1
11/11/2017,England,19,Benjamin Macome,1986-01-10,31.84
11/11/2017,England,2,Agustín Creevy,1985-03-15,32.66
18/11/2017,Italy,7,Marcos Kremer,1997-07-30,20.3
18/11/2017,Italy,18,Enrique Pieretto Heiland,1994-12-15,22.93
18/11/2017,Italy,13,Matias Orlando,1991-11-14,26.01
18/11/2017,Italy,23,Matias Moroni,1991-03-29,26.64
18/11/2017,Italy,9,Martín Landajo,1988-06-14,29.43
18/11/2017,Italy,3,Nahuel Tetaz Chaparro,1989-11-06,28.03
18/11/2017,Italy,10,Nicolas Sanchez,1988-10-26,29.06
18/11/2017,Italy,11,Emiliano Boffelli,1995-01-16,22.84
18/11/2017,Italy,15,Joaquin Tuculet,1989-08-08,28.28
18/11/2017,Italy,6,Pablo Matera,1993-07-18,24.34
18/11/2017,Italy,22,Juan Martín Hernández,1982-08-07,35.28
18/11/2017,Italy,1,Santiago Garcia Botta,1992-06-19,25.42
18/11/2017,Italy,5,Tomas Lavanini,1993-01-22,24.82
18/11/2017,Italy,14,Sebastian Cancelliere,1993-09-17,24.17
18/11/2017,Italy,12,Santiago Gonzalez Iglesias,1988-06-16,29.42
18/11/2017,Italy,21,Gonzalo Bertranou,1993-12-31,23.88
18/11/2017,Italy,8,Juan Manuel Leguizamon,1983-06-06,34.45
18/11/2017,Italy,19,Guido Petti Pagadizabal,1994-11-17,23.0
18/11/2017,Italy,4,Matias Alemanno,1991-12-05,25.96
18/11/2017,Italy,16,Julian Montoya,1993-10-29,24.06
18/11/2017,Italy,17,Lucas Noguera,1993-10-05,24.12
18/11/2017,Italy,20,Benjamin Macome,1986-01-10,31.86
18/11/2017,Italy,2,Agustín Creevy,1985-03-15,32.68
25/11/2017,Ireland,7,Marcos Kremer,1997-07-30,20.32
25/11/2017,Ireland,18,Enrique Pieretto Heiland,1994-12-15,22.95
25/11/2017,Ireland,13,Matias Moroni,1991-03-29,26.66
25/11/2017,Ireland,9,Martín Landajo,1988-06-14,29.45
25/11/2017,Ireland,3,Nahuel Tetaz Chaparro,1989-11-06,28.05
25/11/2017,Ireland,10,Nicolas Sanchez,1988-10-26,29.08
25/11/2017,Ireland,8,Tomas Lezana,1994-02-16,23.77
25/11/2017,Ireland,11,Emiliano Boffelli,1995-01-16,22.86
25/11/2017,Ireland,15,Joaquin Tuculet,1989-08-08,28.3
25/11/2017,Ireland,6,Pablo Matera,1993-07-18,24.36
25/11/2017,Ireland,1,Santiago Garcia Botta,1992-06-19,25.44
25/11/2017,Ireland,22,Jeronimo de la Fuente,1991-02-24,26.75
25/11/2017,Ireland,5,Tomas Lavanini,1993-01-22,24.84
25/11/2017,Ireland,23,Sebastian Cancelliere,1993-09-17,24.19
25/11/2017,Ireland,12,Santiago Gonzalez Iglesias,1988-06-16,29.44
25/11/2017,Ireland,21,Gonzalo Bertranou,1993-12-31,23.9
25/11/2017,Ireland,20,Juan Manuel Leguizamon,1983-06-06,34.47
25/11/2017,Ireland,14,Ramiro Moyano,1990-05-28,27.5
25/11/2017,Ireland,19,Guido Petti Pagadizabal,1994-11-17,23.02
25/11/2017,Ireland,4,Matias Alemanno,1991-12-05,25.97
25/11/2017,Ireland,16,Julian Montoya,1993-10-29,24.07
25/11/2017,Ireland,17,Lucas Noguera,1993-10-05,24.14
25/11/2017,Ireland,2,Agustín Creevy,1985-03-15,32.7
09/06/2018,Wales,7,Marcos Kremer,1997-07-30,20.86
09/06/2018,Wales,17,Javier Manuel Diaz,1995-07-26,22.87
09/06/2018,Wales,13,Matias Orlando,1991-11-14,26.57
09/06/2018,Wales,21,Martín Landajo,1988-06-14,29.99
09/06/2018,Wales,3,Nahuel Tetaz Chaparro,1989-11-06,28.59
09/06/2018,Wales,10,Nicolas Sanchez,1988-10-26,29.62
09/06/2018,Wales,20,Tomas Lezana,1994-02-16,24.31
09/06/2018,Wales,15,Emiliano Boffelli,1995-01-16,23.4
09/06/2018,Wales,6,Pablo Matera,1993-07-18,24.89
09/06/2018,Wales,1,Santiago Garcia Botta,1992-06-19,25.97
09/06/2018,Wales,12,Jeronimo de la Fuente,1991-02-24,27.29
09/06/2018,Wales,5,Tomas Lavanini,1993-01-22,25.38
09/06/2018,Wales,23,Sebastian Cancelliere,1993-09-17,24.73
09/06/2018,Wales,22,Santiago Gonzalez Iglesias,1988-06-16,29.98
09/06/2018,Wales,14,Bautista Delguy,1997-04-22,21.13
09/06/2018,Wales,9,Gonzalo Bertranou,1993-12-31,24.44
09/06/2018,Wales,11,Ramiro Moyano,1990-05-28,28.03
09/06/2018,Wales,4,Guido Petti Pagadizabal,1994-11-17,23.56
09/06/2018,Wales,19,Matias Alemanno,1991-12-05,26.51
09/06/2018,Wales,16,Julian Montoya,1993-10-29,24.61
09/06/2018,Wales,8,Javier Ortega Desio,1990-06-14,27.99
09/06/2018,Wales,2,Agustín Creevy,1985-03-15,33.24
09/06/2018,Wales,18,Santiago Medrano,1996-05-06,22.09
16/06/2018,Wales,7,Marcos Kremer,1997-07-30,20.88
16/06/2018,Wales,17,Javier Manuel Diaz,1995-07-26,22.89
16/06/2018,Wales,13,Matias Orlando,1991-11-14,26.59
16/06/2018,Wales,9,Martín Landajo,1988-06-14,30.0
16/06/2018,Wales,3,Nahuel Tetaz Chaparro,1989-11-06,28.61
16/06/2018,Wales,10,Nicolas Sanchez,1988-10-26,29.64
16/06/2018,Wales,20,Tomas Lezana,1994-02-16,24.33
16/06/2018,Wales,15,Emiliano Boffelli,1995-01-16,23.41
16/06/2018,Wales,6,Pablo Matera,1993-07-18,24.91
16/06/2018,Wales,1,Santiago Garcia Botta,1992-06-19,25.99
16/06/2018,Wales,12,Jeronimo de la Fuente,1991-02-24,27.31
16/06/2018,Wales,5,Tomas Lavanini,1993-01-22,25.4
16/06/2018,Wales,23,Sebastian Cancelliere,1993-09-17,24.75
16/06/2018,Wales,22,Santiago Gonzalez Iglesias,1988-06-16,30.0
16/06/2018,Wales,14,Bautista Delguy,1997-04-22,21.15
16/06/2018,Wales,21,Gonzalo Bertranou,1993-12-31,24.46
16/06/2018,Wales,11,Ramiro Moyano,1990-05-28,28.05
16/06/2018,Wales,4,Guido Petti Pagadizabal,1994-11-17,23.58
16/06/2018,Wales,19,Matias Alemanno,1991-12-05,26.53
16/06/2018,Wales,16,Julian Montoya,1993-10-29,24.63
16/06/2018,Wales,8,Javier Ortega Desio,1990-06-14,28.01
16/06/2018,Wales,2,Agustín Creevy,1985-03-15,33.25
16/06/2018,Wales,18,Santiago Medrano,1996-05-06,22.11
23/06/2018,Scotland,19,Marcos Kremer,1997-07-30,20.9
23/06/2018,Scotland,1,Javier Manuel Diaz,1995-07-26,22.91
23/06/2018,Scotland,13,Matias Orlando,1991-11-14,26.61
23/06/2018,Scotland,9,Martín Landajo,1988-06-14,30.02
23/06/2018,Scotland,3,Nahuel Tetaz Chaparro,1989-11-06,28.63
23/06/2018,Scotland,10,Nicolas Sanchez,1988-10-26,29.66
23/06/2018,Scotland,7,Tomas Lezana,1994-02-16,24.35
23/06/2018,Scotland,15,Emiliano Boffelli,1995-01-16,23.43
23/06/2018,Scotland,6,Pablo Matera,1993-07-18,24.93
23/06/2018,Scotland,17,Santiago Garcia Botta,1992-06-19,26.01
23/06/2018,Scotland,20,Tomas Lavanini,1993-01-22,25.42
23/06/2018,Scotland,11,Sebastian Cancelliere,1993-09-17,24.76
23/06/2018,Scotland,8,Leonardo Senatore,1984-05-13,34.11
23/06/2018,Scotland,22,Santiago Gonzalez Iglesias,1988-06-16,30.02
23/06/2018,Scotland,14,Bautista Delguy,1997-04-22,21.17
23/06/2018,Scotland,21,Gonzalo Bertranou,1993-12-31,24.48
23/06/2018,Scotland,12,Bautista Ezcurra,1995-04-21,23.17
23/06/2018,Scotland,4,Guido Petti Pagadizabal,1994-11-17,23.6
23/06/2018,Scotland,5,Matias Alemanno,1991-12-05,26.55
23/06/2018,Scotland,16,Julian Montoya,1993-10-29,24.65
23/06/2018,Scotland,23,Juan Cruz Mallia,1996-09-11,21.78
23/06/2018,Scotland,2,Agustín Creevy,1985-03-15,33.27
23/06/2018,Scotland,18,Santiago Medrano,1996-05-06,22.13
18/08/2018,South Africa,3,Juan Figallo,1988-03-25,30.4
18/08/2018,South Africa,7,Marcos Kremer,1997-07-30,21.05
18/08/2018,South Africa,13,Matias Moroni,1991-03-29,27.39
18/08/2018,South Africa,21,Martín Landajo,1988-06-14,30.18
18/08/2018,South Africa,1,Nahuel Tetaz Chaparro,1989-11-06,28.78
18/08/2018,South Africa,10,Nicolas Sanchez,1988-10-26,29.81
18/08/2018,South Africa,20,Tomas Lezana,1994-02-16,24.5
18/08/2018,South Africa,15,Emiliano Boffelli,1995-01-16,23.59
18/08/2018,South Africa,6,Pablo Matera,1993-07-18,25.08
18/08/2018,South Africa,17,Santiago Garcia Botta,1992-06-19,26.16
18/08/2018,South Africa,19,Tomas Lavanini,1993-01-22,25.57
18/08/2018,South Africa,22,Santiago Gonzalez Iglesias,1988-06-16,30.17
18/08/2018,South Africa,14,Bautista Delguy,1997-04-22,21.32
18/08/2018,South Africa,9,Gonzalo Bertranou,1993-12-31,24.63
18/08/2018,South Africa,16,Diego Fortuny,1991-09-27,26.89
18/08/2018,South Africa,12,Bautista Ezcurra,1995-04-21,23.33
18/08/2018,South Africa,11,Ramiro Moyano,1990-05-28,28.23
18/08/2018,South Africa,4,Guido Petti Pagadizabal,1994-11-17,23.75
18/08/2018,South Africa,5,Matias Alemanno,1991-12-05,26.7
18/08/2018,South Africa,23,Juan Cruz Mallia,1996-09-11,21.93
18/08/2018,South Africa,8,Javier Ortega Desio,1990-06-14,28.18
18/08/2018,South Africa,2,Agustín Creevy,1985-03-15,33.43
18/08/2018,South Africa,18,Santiago Medrano,1996-05-06,22.28
25/08/2018,South Africa,3,Juan Figallo,1988-03-25,30.42
25/08/2018,South Africa,7,Marcos Kremer,1997-07-30,21.07
25/08/2018,South Africa,21,Tomas Cubelli,1989-06-12,29.2
25/08/2018,South Africa,13,Matias Moroni,1991-03-29,27.41
25/08/2018,South Africa,1,Nahuel Tetaz Chaparro,1989-11-06,28.8
25/08/2018,South Africa,10,Nicolas Sanchez,1988-10-26,29.83
25/08/2018,South Africa,20,Tomas Lezana,1994-02-16,24.52
25/08/2018,South Africa,15,Emiliano Boffelli,1995-01-16,23.61
25/08/2018,South Africa,6,Pablo Matera,1993-07-18,25.1
25/08/2018,South Africa,17,Santiago Garcia Botta,1992-06-19,26.18
25/08/2018,South Africa,22,Jeronimo de la Fuente,1991-02-24,27.5
25/08/2018,South Africa,5,Tomas Lavanini,1993-01-22,25.59
25/08/2018,South Africa,14,Bautista Delguy,1997-04-22,21.34
25/08/2018,South Africa,9,Gonzalo Bertranou,1993-12-31,24.65
25/08/2018,South Africa,12,Bautista Ezcurra,1995-04-21,23.35
25/08/2018,South Africa,11,Ramiro Moyano,1990-05-28,28.24
25/08/2018,South Africa,4,Guido Petti Pagadizabal,1994-11-17,23.77
25/08/2018,South Africa,19,Matias Alemanno,1991-12-05,26.72
25/08/2018,South Africa,23,Juan Cruz Mallia,1996-09-11,21.95
25/08/2018,South Africa,8,Javier Ortega Desio,1990-06-14,28.2
25/08/2018,South Africa,16,Facundo Bosch,1991-08-08,27.05
25/08/2018,South Africa,2,Agustín Creevy,1985-03-15,33.45
25/08/2018,South Africa,18,Santiago Medrano,1996-05-06,22.3
08/09/2018,New Zealand,7,Marcos Kremer,1997-07-30,21.11
08/09/2018,New Zealand,17,Juan Pablo Zeiss,1989-08-02,29.1
08/09/2018,New Zealand,21,Tomas Cubelli,1989-06-12,29.24
08/09/2018,New Zealand,18,Gaston Cortes,1985-10-06,32.92
08/09/2018,New Zealand,13,Matias Moroni,1991-03-29,27.45
08/09/2018,New Zealand,9,Martín Landajo,1988-06-14,30.23
08/09/2018,New Zealand,3,Nahuel Tetaz Chaparro,1989-11-06,28.84
08/09/2018,New Zealand,10,Nicolas Sanchez,1988-10-26,29.87
08/09/2018,New Zealand,6,Tomas Lezana,1994-02-16,24.56
08/09/2018,New Zealand,15,Emiliano Boffelli,1995-01-16,23.64
08/09/2018,New Zealand,20,Pablo Matera,1993-07-18,25.14
08/09/2018,New Zealand,1,Santiago Garcia Botta,1992-06-19,26.22
08/09/2018,New Zealand,12,Jeronimo de la Fuente,1991-02-24,27.54
08/09/2018,New Zealand,5,Tomas Lavanini,1993-01-22,25.63
08/09/2018,New Zealand,14,Bautista Delguy,1997-04-22,21.38
08/09/2018,New Zealand,22,Bautista Ezcurra,1995-04-21,23.38
08/09/2018,New Zealand,11,Ramiro Moyano,1990-05-28,28.28
08/09/2018,New Zealand,4,Guido Petti Pagadizabal,1994-11-17,23.81
08/09/2018,New Zealand,19,Matias Alemanno,1991-12-05,26.76
08/09/2018,New Zealand,16,Julian Montoya,1993-10-29,24.86
08/09/2018,New Zealand,23,Juan Cruz Mallia,1996-09-11,21.99
08/09/2018,New Zealand,8,Javier Ortega Desio,1990-06-14,28.24
08/09/2018,New Zealand,2,Agustín Creevy,1985-03-15,33.48
15/09/2018,Australia,7,Marcos Kremer,1997-07-30,21.13
15/09/2018,Australia,18,Juan Pablo Zeiss,1989-08-02,29.12
15/09/2018,Australia,13,Matias Moroni,1991-03-29,27.47
15/09/2018,Australia,21,Martín Landajo,1988-06-14,30.25
15/09/2018,Australia,1,Nahuel Tetaz Chaparro,1989-11-06,28.86
15/09/2018,Australia,10,Nicolas Sanchez,1988-10-26,29.89
15/09/2018,Australia,15,Emiliano Boffelli,1995-01-16,23.66
15/09/2018,Australia,6,Pablo Matera,1993-07-18,25.16
15/09/2018,Australia,17,Santiago Garcia Botta,1992-06-19,26.24
15/09/2018,Australia,12,Jeronimo de la Fuente,1991-02-24,27.56
15/09/2018,Australia,5,Tomas Lavanini,1993-01-22,25.65
15/09/2018,Australia,14,Bautista Delguy,1997-04-22,21.4
15/09/2018,Australia,9,Gonzalo Bertranou,1993-12-31,24.71
15/09/2018,Australia,22,Bautista Ezcurra,1995-04-21,23.4
15/09/2018,Australia,20,Juan Manuel Leguizamon,1983-06-06,35.28
15/09/2018,Australia,11,Ramiro Moyano,1990-05-28,28.3
15/09/2018,Australia,4,Guido Petti Pagadizabal,1994-11-17,23.83
15/09/2018,Australia,19,Matias Alemanno,1991-12-05,26.78
15/09/2018,Australia,16,Julian Montoya,1993-10-29,24.88
15/09/2018,Australia,23,Juan Cruz Mallia,1996-09-11,22.01
15/09/2018,Australia,8,Javier Ortega Desio,1990-06-14,28.26
15/09/2018,Australia,2,Agustín Creevy,1985-03-15,33.5
15/09/2018,Australia,3,Santiago Medrano,1996-05-06,22.36
29/09/2018,New Zealand,7,Marcos Kremer,1997-07-30,21.17
29/09/2018,New Zealand,3,Ramiro Herrera,1989-02-14,29.62
29/09/2018,New Zealand,22,Matias Orlando,1991-11-14,26.88
29/09/2018,New Zealand,17,Juan Pablo Zeiss,1989-08-02,29.16
29/09/2018,New Zealand,21,Tomas Cubelli,1989-06-12,29.3
29/09/2018,New Zealand,11,Matias Moroni,1991-03-29,27.51
29/09/2018,New Zealand,1,Nahuel Tetaz Chaparro,1989-11-06,28.9
29/09/2018,New Zealand,10,Nicolas Sanchez,1988-10-26,29.93
29/09/2018,New Zealand,15,Emiliano Boffelli,1995-01-16,23.7
29/09/2018,New Zealand,6,Pablo Matera,1993-07-18,25.2
29/09/2018,New Zealand,13,Jeronimo de la Fuente,1991-02-24,27.6
29/09/2018,New Zealand,5,Tomas Lavanini,1993-01-22,25.68
29/09/2018,New Zealand,23,Sebastian Cancelliere,1993-09-17,25.03
29/09/2018,New Zealand,14,Bautista Delguy,1997-04-22,21.44
29/09/2018,New Zealand,9,Gonzalo Bertranou,1993-12-31,24.75
29/09/2018,New Zealand,12,Bautista Ezcurra,1995-04-21,23.44
29/09/2018,New Zealand,20,Juan Manuel Leguizamon,1983-06-06,35.32
29/09/2018,New Zealand,4,Guido Petti Pagadizabal,1994-11-17,23.87
29/09/2018,New Zealand,19,Matias Alemanno,1991-12-05,26.82
29/09/2018,New Zealand,16,Julian Montoya,1993-10-29,24.92
29/09/2018,New Zealand,8,Javier Ortega Desio,1990-06-14,28.29
29/09/2018,New Zealand,2,Agustín Creevy,1985-03-15,33.54
29/09/2018,New Zealand,18,Santiago Medrano,1996-05-06,22.4
06/10/2018,Australia,7,Marcos Kremer,1997-07-30,21.19
06/10/2018,Australia,3,Ramiro Herrera,1989-02-14,29.64
06/10/2018,Australia,13,Matias Orlando,1991-11-14,26.89
06/10/2018,Australia,21,Tomas Cubelli,1989-06-12,29.32
06/10/2018,Australia,14,Matias Moroni,1991-03-29,27.52
06/10/2018,Australia,1,Nahuel Tetaz Chaparro,1989-11-06,28.92
06/10/2018,Australia,10,Nicolas Sanchez,1988-10-26,29.94
06/10/2018,Australia,15,Emiliano Boffelli,1995-01-16,23.72
06/10/2018,Australia,6,Pablo Matera,1993-07-18,25.22
06/10/2018,Australia,17,Santiago Garcia Botta,1992-06-19,26.3
06/10/2018,Australia,12,Jeronimo de la Fuente,1991-02-24,27.61
06/10/2018,Australia,5,Tomas Lavanini,1993-01-22,25.7
06/10/2018,Australia,23,Sebastian Cancelliere,1993-09-17,25.05
06/10/2018,Australia,22,Santiago Gonzalez Iglesias,1988-06-16,30.31
06/10/2018,Australia,9,Gonzalo Bertranou,1993-12-31,24.76
06/10/2018,Australia,20,Juan Manuel Leguizamon,1983-06-06,35.34
06/10/2018,Australia,11,Ramiro Moyano,1990-05-28,28.36
06/10/2018,Australia,4,Guido Petti Pagadizabal,1994-11-17,23.89
06/10/2018,Australia,19,Matias Alemanno,1991-12-05,26.84
06/10/2018,Australia,16,Julian Montoya,1993-10-29,24.94
06/10/2018,Australia,8,Javier Ortega Desio,1990-06-14,28.31
06/10/2018,Australia,2,Agustín Creevy,1985-03-15,33.56
06/10/2018,Australia,18,Santiago Medrano,1996-05-06,22.42
10/11/2018,Ireland,13,Matias Orlando,1991-11-14,26.99
10/11/2018,Ireland,17,Juan Pablo Zeiss,1989-08-02,29.27
10/11/2018,Ireland,9,Tomas Cubelli,1989-06-12,29.41
10/11/2018,Ireland,23,Matias Moroni,1991-03-29,27.62
10/11/2018,Ireland,10,Nicolas Sanchez,1988-10-26,30.04
10/11/2018,Ireland,20,Tomas Lezana,1994-02-16,24.73
10/11/2018,Ireland,15,Emiliano Boffelli,1995-01-16,23.82
10/11/2018,Ireland,6,Pablo Matera,1993-07-18,25.31
10/11/2018,Ireland,1,Santiago Garcia Botta,1992-06-19,26.39
10/11/2018,Ireland,12,Jeronimo de la Fuente,1991-02-24,27.71
10/11/2018,Ireland,5,Tomas Lavanini,1993-01-22,25.8
10/11/2018,Ireland,14,Bautista Delguy,1997-04-22,21.55
10/11/2018,Ireland,21,Gonzalo Bertranou,1993-12-31,24.86
10/11/2018,Ireland,18,Lucio Sordoni,1998-07-23,20.3
10/11/2018,Ireland,11,Ramiro Moyano,1990-05-28,28.46
10/11/2018,Ireland,7,Guido Petti Pagadizabal,1994-11-17,23.98
10/11/2018,Ireland,22,Joaquin Diaz Bonilla,1989-04-12,29.58
10/11/2018,Ireland,4,Matias Alemanno,1991-12-05,26.93
10/11/2018,Ireland,16,Julian Montoya,1993-10-29,25.03
10/11/2018,Ireland,8,Javier Ortega Desio,1990-06-14,28.41
10/11/2018,Ireland,19,Rodrigo Bruni,1993-09-03,25.19
10/11/2018,Ireland,2,Agustín Creevy,1985-03-15,33.66
10/11/2018,Ireland,3,Santiago Medrano,1996-05-06,22.51
17/11/2018,France,13,Matias Orlando,1991-11-14,27.01
17/11/2018,France,17,Juan Pablo Zeiss,1989-08-02,29.29
17/11/2018,France,22,Tomas Cubelli,1989-06-12,29.43
17/11/2018,France,19,Mariano Galarza,1986-11-12,32.01
17/11/2018,France,23,Matias Moroni,1991-03-29,27.64
17/11/2018,France,10,Nicolas Sanchez,1988-10-26,30.06
17/11/2018,France,21,Tomas Lezana,1994-02-16,24.75
17/11/2018,France,15,Emiliano Boffelli,1995-01-16,23.84
17/11/2018,France,6,Pablo Matera,1993-07-18,25.33
17/11/2018,France,1,Santiago Garcia Botta,1992-06-19,26.41
17/11/2018,France,12,Jeronimo de la Fuente,1991-02-24,27.73
17/11/2018,France,5,Tomas Lavanini,1993-01-22,25.82
17/11/2018,France,14,Bautista Delguy,1997-04-22,21.57
17/11/2018,France,9,Gonzalo Bertranou,1993-12-31,24.88
17/11/2018,France,18,Lucio Sordoni,1998-07-23,20.32
17/11/2018,France,11,Ramiro Moyano,1990-05-28,28.47
17/11/2018,France,7,Guido Petti Pagadizabal,1994-11-17,24.0
17/11/2018,France,4,Matias Alemanno,1991-12-05,26.95
17/11/2018,France,16,Julian Montoya,1993-10-29,25.05
17/11/2018,France,8,Javier Ortega Desio,1990-06-14,28.43
17/11/2018,France,20,Rodrigo Bruni,1993-09-03,25.21
17/11/2018,France,2,Agustín Creevy,1985-03-15,33.68
17/11/2018,France,3,Santiago Medrano,1996-05-06,22.53
24/11/2018,Scotland,22,Matias Orlando,1991-11-14,27.03
24/11/2018,Scotland,17,Juan Pablo Zeiss,1989-08-02,29.31
24/11/2018,Scotland,13,Matias Moroni,1991-03-29,27.66
24/11/2018,Scotland,21,Martín Landajo,1988-06-14,30.45
24/11/2018,Scotland,10,Nicolas Sanchez,1988-10-26,30.08
24/11/2018,Scotland,20,Tomas Lezana,1994-02-16,24.77
24/11/2018,Scotland,15,Emiliano Boffelli,1995-01-16,23.86
24/11/2018,Scotland,6,Pablo Matera,1993-07-18,25.35
24/11/2018,Scotland,1,Santiago Garcia Botta,1992-06-19,26.43
24/11/2018,Scotland,12,Jeronimo de la Fuente,1991-02-24,27.75
24/11/2018,Scotland,5,Tomas Lavanini,1993-01-22,25.84
24/11/2018,Scotland,23,Sebastian Cancelliere,1993-09-17,25.19
24/11/2018,Scotland,14,Bautista Delguy,1997-04-22,21.59
24/11/2018,Scotland,9,Gonzalo Bertranou,1993-12-31,24.9
24/11/2018,Scotland,18,Lucio Sordoni,1998-07-23,20.34
24/11/2018,Scotland,11,Ramiro Moyano,1990-05-28,28.49
24/11/2018,Scotland,4,Guido Petti Pagadizabal,1994-11-17,24.02
24/11/2018,Scotland,19,Matias Alemanno,1991-12-05,26.97
24/11/2018,Scotland,16,Julian Montoya,1993-10-29,25.07
24/11/2018,Scotland,8,Javier Ortega Desio,1990-06-14,28.45
24/11/2018,Scotland,7,Rodrigo Bruni,1993-09-03,25.22
24/11/2018,Scotland,2,Agustín Creevy,1985-03-15,33.7
24/11/2018,Scotland,3,Santiago Medrano,1996-05-06,22.55
01/12/2018,Barbarians,13,Matias Orlando,1991-11-14,27.05
01/12/2018,Barbarians,1,Juan Pablo Zeiss,1989-08-02,29.33
01/12/2018,Barbarians,23,Santiago Carreras,1998-03-30,20.67
01/12/2018,Barbarians,21,Tomas Cubelli,1989-06-12,29.47
01/12/2018,Barbarians,9,Martín Landajo,1988-06-14,30.46
01/12/2018,Barbarians,7,Tomas Lezana,1994-02-16,24.79
01/12/2018,Barbarians,6,Pablo Matera,1993-07-18,25.37
01/12/2018,Barbarians,22,Jeronimo de la Fuente,1991-02-24,27.77
01/12/2018,Barbarians,19,Tomas Lavanini,1993-01-22,25.86
01/12/2018,Barbarians,14,Sebastian Cancelliere,1993-09-17,25.21
01/12/2018,Barbarians,18,Lucio Sordoni,1998-07-23,20.36
01/12/2018,Barbarians,12,Bautista Ezcurra,1995-04-21,23.61
01/12/2018,Barbarians,17,Mayco Vivas,1998-06-02,20.5
01/12/2018,Barbarians,11,Ramiro Moyano,1990-05-28,28.51
01/12/2018,Barbarians,4,Guido Petti Pagadizabal,1994-11-17,24.04
01/12/2018,Barbarians,10,Joaquin Diaz Bonilla,1989-04-12,29.64
01/12/2018,Barbarians,5,Matias Alemanno,1991-12-05,26.99
01/12/2018,Barbarians,2,Julian Montoya,1993-10-29,25.09
01/12/2018,Barbarians,15,Juan Cruz Mallia,1996-09-11,22.22
01/12/2018,Barbarians,20,Santiago Grondona,1998-07-25,20.35
01/12/2018,Barbarians,8,Rodrigo Bruni,1993-09-03,25.24
01/12/2018,Barbarians,16,Agustín Creevy,1985-03-15,33.71
01/12/2018,Barbarians,3,Santiago Medrano,1996-05-06,22.57
20/07/2019,New Zealand,3,Juan Figallo,1988-03-25,31.32
20/07/2019,New Zealand,7,Marcos Kremer,1997-07-30,21.97
20/07/2019,New Zealand,13,Matias Orlando,1991-11-14,27.68
20/07/2019,New Zealand,9,Tomas Cubelli,1989-06-12,30.1
20/07/2019,New Zealand,14,Matias Moroni,1991-03-29,28.31
20/07/2019,New Zealand,1,Nahuel Tetaz Chaparro,1989-11-06,29.7
20/07/2019,New Zealand,10,Nicolas Sanchez,1988-10-26,30.73
20/07/2019,New Zealand,21,Felipe Ezcurra,1993-04-15,26.26
20/07/2019,New Zealand,20,Tomas Lezana,1994-02-16,25.42
20/07/2019,New Zealand,15,Emiliano Boffelli,1995-01-16,24.51
20/07/2019,New Zealand,23,Joaquin Tuculet,1989-08-08,29.95
20/07/2019,New Zealand,6,Pablo Matera,1993-07-18,26.0
20/07/2019,New Zealand,12,Jeronimo de la Fuente,1991-02-24,28.4
20/07/2019,New Zealand,5,Tomas Lavanini,1993-01-22,26.49
20/07/2019,New Zealand,17,Mayco Vivas,1998-06-02,21.13
20/07/2019,New Zealand,11,Ramiro Moyano,1990-05-28,29.15
20/07/2019,New Zealand,4,Guido Petti Pagadizabal,1994-11-17,24.67
20/07/2019,New Zealand,22,Joaquin Diaz Bonilla,1989-04-12,30.27
20/07/2019,New Zealand,19,Matias Alemanno,1991-12-05,27.62
20/07/2019,New Zealand,16,Julian Montoya,1993-10-29,25.72
20/07/2019,New Zealand,8,Javier Ortega Desio,1990-06-14,29.1
20/07/2019,New Zealand,2,Agustín Creevy,1985-03-15,34.35
20/07/2019,New Zealand,18,Santiago Medrano,1996-05-06,23.2
27/07/2019,Australia,3,Juan Figallo,1988-03-25,31.34
27/07/2019,Australia,8,Facundo Isa,1993-09-21,25.85
27/07/2019,Australia,18,Ramiro Herrera,1989-02-14,30.45
27/07/2019,Australia,23,Matias Orlando,1991-11-14,27.7
27/07/2019,Australia,9,Tomas Cubelli,1989-06-12,30.12
27/07/2019,Australia,13,Matias Moroni,1991-03-29,28.33
27/07/2019,Australia,1,Nahuel Tetaz Chaparro,1989-11-06,29.72
27/07/2019,Australia,10,Nicolas Sanchez,1988-10-26,30.75
27/07/2019,Australia,21,Felipe Ezcurra,1993-04-15,26.28
27/07/2019,Australia,7,Tomas Lezana,1994-02-16,25.44
27/07/2019,Australia,15,Joaquin Tuculet,1989-08-08,29.97
27/07/2019,Australia,6,Pablo Matera,1993-07-18,26.02
27/07/2019,Australia,12,Jeronimo de la Fuente,1991-02-24,28.42
27/07/2019,Australia,5,Tomas Lavanini,1993-01-22,26.51
27/07/2019,Australia,16,Santiago Socino,1992-05-07,27.22
27/07/2019,Australia,20,Juan Manuel Leguizamon,1983-06-06,36.14
27/07/2019,Australia,17,Mayco Vivas,1998-06-02,21.15
27/07/2019,Australia,11,Ramiro Moyano,1990-05-28,29.16
27/07/2019,Australia,4,Guido Petti Pagadizabal,1994-11-17,24.69
27/07/2019,Australia,22,Joaquin Diaz Bonilla,1989-04-12,30.29
27/07/2019,Australia,19,Matias Alemanno,1991-12-05,27.64
27/07/2019,Australia,2,Julian Montoya,1993-10-29,25.74
27/07/2019,Australia,14,Santiago Cordero,1993-12-06,25.64
10/08/2019,South Africa,3,Juan Figallo,1988-03-25,31.38
10/08/2019,South Africa,5,Marcos Kremer,1997-07-30,22.03
10/08/2019,South Africa,8,Facundo Isa,1993-09-21,25.88
10/08/2019,South Africa,9,Tomas Cubelli,1989-06-12,30.16
10/08/2019,South Africa,13,Matias Moroni,1991-03-29,28.37
10/08/2019,South Africa,1,Nahuel Tetaz Chaparro,1989-11-06,29.76
10/08/2019,South Africa,10,Nicolas Sanchez,1988-10-26,30.79
10/08/2019,South Africa,20,Tomas Lezana,1994-02-16,25.48
10/08/2019,South Africa,15,Emiliano Boffelli,1995-01-16,24.56
10/08/2019,South Africa,23,Joaquin Tuculet,1989-08-08,30.0
10/08/2019,South Africa,6,Pablo Matera,1993-07-18,26.06
10/08/2019,South Africa,12,Jeronimo de la Fuente,1991-02-24,28.46
10/08/2019,South Africa,21,Gonzalo Bertranou,1993-12-31,25.61
10/08/2019,South Africa,22,Benjamin Urdapilleta,1986-03-11,33.42
10/08/2019,South Africa,17,Mayco Vivas,1998-06-02,21.19
10/08/2019,South Africa,11,Ramiro Moyano,1990-05-28,29.2
10/08/2019,South Africa,19,Guido Petti Pagadizabal,1994-11-17,24.73
10/08/2019,South Africa,4,Matias Alemanno,1991-12-05,27.68
10/08/2019,South Africa,16,Julian Montoya,1993-10-29,25.78
10/08/2019,South Africa,14,Santiago Cordero,1993-12-06,25.68
10/08/2019,South Africa,7,Javier Ortega Desio,1990-06-14,29.16
10/08/2019,South Africa,2,Agustín Creevy,1985-03-15,34.4
10/08/2019,South Africa,18,Santiago Medrano,1996-05-06,23.26
17/08/2019,South Africa,18,Juan Figallo,1988-03-25,31.4
17/08/2019,South Africa,7,Marcos Kremer,1997-07-30,22.05
17/08/2019,South Africa,23,Santiago Carreras,1998-03-30,21.38
17/08/2019,South Africa,17,Nahuel Tetaz Chaparro,1989-11-06,29.78
17/08/2019,South Africa,9,Felipe Ezcurra,1993-04-15,26.34
17/08/2019,South Africa,20,Tomas Lezana,1994-02-16,25.5
17/08/2019,South Africa,15,Joaquin Tuculet,1989-08-08,30.02
17/08/2019,South Africa,6,Pablo Matera,1993-07-18,26.08
17/08/2019,South Africa,13,Jeronimo de la Fuente,1991-02-24,28.48
17/08/2019,South Africa,5,Tomas Lavanini,1993-01-22,26.57
17/08/2019,South Africa,14,Sebastian Cancelliere,1993-09-17,25.91
17/08/2019,South Africa,21,Gonzalo Bertranou,1993-12-31,25.63
17/08/2019,South Africa,16,Santiago Socino,1992-05-07,27.28
17/08/2019,South Africa,22,Benjamin Urdapilleta,1986-03-11,33.44
17/08/2019,South Africa,1,Mayco Vivas,1998-06-02,21.21
17/08/2019,South Africa,11,Ramiro Moyano,1990-05-28,29.22
17/08/2019,South Africa,4,Guido Petti Pagadizabal,1994-11-17,24.75
17/08/2019,South Africa,10,Joaquin Diaz Bonilla,1989-04-12,30.35
17/08/2019,South Africa,19,Matias Alemanno,1991-12-05,27.7
17/08/2019,South Africa,2,Julian Montoya,1993-10-29,25.8
17/08/2019,South Africa,8,Javier Ortega Desio,1990-06-14,29.18
17/08/2019,South Africa,12,Lucas Mensa,1996-05-24,23.23
17/08/2019,South Africa,3,Santiago Medrano,1996-05-06,23.28
21/09/2019,France,3,Juan Figallo,1988-03-25,31.49
21/09/2019,France,7,Marcos Kremer,1997-07-30,22.14
21/09/2019,France,13,Matias Orlando,1991-11-14,27.85
21/09/2019,France,23,Santiago Carreras,1998-03-30,21.48
21/09/2019,France,9,Tomas Cubelli,1989-06-12,30.28
21/09/2019,France,14,Matias Moroni,1991-03-29,28.48
21/09/2019,France,1,Nahuel Tetaz Chaparro,1989-11-06,29.87
21/09/2019,France,10,Nicolas Sanchez,1988-10-26,30.9
21/09/2019,France,21,Felipe Ezcurra,1993-04-15,26.43
21/09/2019,France,20,Tomas Lezana,1994-02-16,25.59
21/09/2019,France,15,Emiliano Boffelli,1995-01-16,24.68
21/09/2019,France,6,Pablo Matera,1993-07-18,26.18
21/09/2019,France,12,Jeronimo de la Fuente,1991-02-24,28.57
21/09/2019,France,5,Tomas Lavanini,1993-01-22,26.66
21/09/2019,France,22,Benjamin Urdapilleta,1986-03-11,33.53
21/09/2019,France,17,Mayco Vivas,1998-06-02,21.3
21/09/2019,France,11,Ramiro Moyano,1990-05-28,29.32
21/09/2019,France,4,Guido Petti Pagadizabal,1994-11-17,24.84
21/09/2019,France,19,Matias Alemanno,1991-12-05,27.8
21/09/2019,France,16,Julian Montoya,1993-10-29,25.9
21/09/2019,France,8,Javier Ortega Desio,1990-06-14,29.27
21/09/2019,France,2,Agustín Creevy,1985-03-15,34.52
21/09/2019,France,18,Santiago Medrano,1996-05-06,23.38
28/09/2019,Tonga,3,Juan Figallo,1988-03-25,31.51
28/09/2019,Tonga,7,Marcos Kremer,1997-07-30,22.16
28/09/2019,Tonga,13,Matias Orlando,1991-11-14,27.87
28/09/2019,Tonga,11,Santiago Carreras,1998-03-30,21.5
28/09/2019,Tonga,9,Tomas Cubelli,1989-06-12,30.29
28/09/2019,Tonga,14,Matias Moroni,1991-03-29,28.5
28/09/2019,Tonga,1,Nahuel Tetaz Chaparro,1989-11-06,29.89
28/09/2019,Tonga,22,Nicolas Sanchez,1988-10-26,30.92
28/09/2019,Tonga,21,Felipe Ezcurra,1993-04-15,26.45
28/09/2019,Tonga,8,Tomas Lezana,1994-02-16,25.61
28/09/2019,Tonga,15,Emiliano Boffelli,1995-01-16,24.7
28/09/2019,Tonga,6,Pablo Matera,1993-07-18,26.2
28/09/2019,Tonga,12,Jeronimo de la Fuente,1991-02-24,28.59
28/09/2019,Tonga,5,Tomas Lavanini,1993-01-22,26.68
28/09/2019,Tonga,23,Bautista Delguy,1997-04-22,22.43
28/09/2019,Tonga,10,Benjamin Urdapilleta,1986-03-11,33.55
28/09/2019,Tonga,17,Mayco Vivas,1998-06-02,21.32
28/09/2019,Tonga,4,Guido Petti Pagadizabal,1994-11-17,24.86
28/09/2019,Tonga,19,Matias Alemanno,1991-12-05,27.81
28/09/2019,Tonga,2,Julian Montoya,1993-10-29,25.91
28/09/2019,Tonga,20,Javier Ortega Desio,1990-06-14,29.29
28/09/2019,Tonga,16,Agustín Creevy,1985-03-15,34.54
28/09/2019,Tonga,18,Santiago Medrano,1996-05-06,23.4
05/10/2019,England,3,Juan Figallo,1988-03-25,31.53
05/10/2019,England,7,Marcos Kremer,1997-07-30,22.18
05/10/2019,England,13,Matias Orlando,1991-11-14,27.89
05/10/2019,England,11,Santiago Carreras,1998-03-30,21.52
05/10/2019,England,9,Tomas Cubelli,1989-06-12,30.31
05/10/2019,England,14,Matias Moroni,1991-03-29,28.52
05/10/2019,England,1,Nahuel Tetaz Chaparro,1989-11-06,29.91
05/10/2019,England,21,Felipe Ezcurra,1993-04-15,26.47
05/10/2019,England,20,Tomas Lezana,1994-02-16,25.63
05/10/2019,England,15,Emiliano Boffelli,1995-01-16,24.72
05/10/2019,England,6,Pablo Matera,1993-07-18,26.22
05/10/2019,England,12,Jeronimo de la Fuente,1991-02-24,28.61
05/10/2019,England,5,Tomas Lavanini,1993-01-22,26.7
05/10/2019,England,23,Bautista Delguy,1997-04-22,22.45
05/10/2019,England,10,Benjamin Urdapilleta,1986-03-11,33.57
05/10/2019,England,17,Mayco Vivas,1998-06-02,21.34
05/10/2019,England,4,Guido Petti Pagadizabal,1994-11-17,24.88
05/10/2019,England,19,Matias Alemanno,1991-12-05,27.83
05/10/2019,England,2,Julian Montoya,1993-10-29,25.93
05/10/2019,England,8,Javier Ortega Desio,1990-06-14,29.31
05/10/2019,England,22,Lucas Mensa,1996-05-24,23.37
05/10/2019,England,16,Agustín Creevy,1985-03-15,34.56
05/10/2019,England,18,Santiago Medrano,1996-05-06,23.41
09/10/2019,USA,19,Marcos Kremer,1997-07-30,22.19
09/10/2019,USA,18,Enrique Pieretto Heiland,1994-12-15,24.82
09/10/2019,USA,11,Santiago Carreras,1998-03-30,21.53
09/10/2019,USA,23,Matias Moroni,1991-03-29,28.53
09/10/2019,USA,1,Nahuel Tetaz Chaparro,1989-11-06,29.92
09/10/2019,USA,10,Nicolas Sanchez,1988-10-26,30.95
09/10/2019,USA,9,Felipe Ezcurra,1993-04-15,26.48
09/10/2019,USA,20,Tomas Lezana,1994-02-16,25.64
09/10/2019,USA,15,Joaquin Tuculet,1989-08-08,30.17
09/10/2019,USA,6,Pablo Matera,1993-07-18,26.23
09/10/2019,USA,12,Jeronimo de la Fuente,1991-02-24,28.62
09/10/2019,USA,14,Bautista Delguy,1997-04-22,22.46
09/10/2019,USA,21,Gonzalo Bertranou,1993-12-31,25.77
09/10/2019,USA,22,Benjamin Urdapilleta,1986-03-11,33.58
09/10/2019,USA,7,Juan Manuel Leguizamon,1983-06-06,36.34
09/10/2019,USA,17,Mayco Vivas,1998-06-02,21.35
09/10/2019,USA,4,Guido Petti Pagadizabal,1994-11-17,24.89
09/10/2019,USA,5,Matias Alemanno,1991-12-05,27.84
09/10/2019,USA,2,Julian Montoya,1993-10-29,25.94
09/10/2019,USA,13,Juan Cruz Mallia,1996-09-11,23.08
09/10/2019,USA,8,Rodrigo Bruni,1993-09-03,26.1
09/10/2019,USA,16,Agustín Creevy,1985-03-15,34.57
09/10/2019,USA,3,Santiago Medrano,1996-05-06,23.43
14/11/2020,New Zealand,7,Marcos Kremer,1997-07-30,23.29
14/11/2020,New Zealand,13,Matias Orlando,1991-11-14,29.0
14/11/2020,New Zealand,15,Santiago Carreras,1998-03-30,22.63
14/11/2020,New Zealand,9,Tomas Cubelli,1989-06-12,31.43
14/11/2020,New Zealand,11,Juan Imhoff,1988-05-11,32.51
14/11/2020,New Zealand,1,Nahuel Tetaz Chaparro,1989-11-06,31.02
14/11/2020,New Zealand,10,Nicolas Sanchez,1988-10-26,32.05
14/11/2020,New Zealand,20,Tomas Lezana,1994-02-16,26.74
14/11/2020,New Zealand,6,Pablo Matera,1993-07-18,27.33
14/11/2020,New Zealand,14,Bautista Delguy,1997-04-22,23.57
14/11/2020,New Zealand,21,Gonzalo Bertranou,1993-12-31,26.87
14/11/2020,New Zealand,17,Mayco Vivas,1998-06-02,22.45
14/11/2020,New Zealand,4,Guido Petti Pagadizabal,1994-11-17,25.99
14/11/2020,New Zealand,12,Santiago Chocobares,1999-03-31,21.63
14/11/2020,New Zealand,22,Lucio Cinti,2000-02-23,20.73
14/11/2020,New Zealand,5,Matias Alemanno,1991-12-05,28.95
14/11/2020,New Zealand,2,Julian Montoya,1993-10-29,27.05
14/11/2020,New Zealand,19,Santiago Grondona,1998-07-25,22.31
14/11/2020,New Zealand,23,Santiago Cordero,1993-12-06,26.94
14/11/2020,New Zealand,8,Rodrigo Bruni,1993-09-03,27.2
14/11/2020,New Zealand,16,Facundo Bosch,1991-08-08,29.27
14/11/2020,New Zealand,3,Francisco Gomez Kodela,1985-07-03,35.37
14/11/2020,New Zealand,18,Santiago Medrano,1996-05-06,24.53
21/11/2020,Australia,7,Marcos Kremer,1997-07-30,23.31
21/11/2020,Australia,20,Facundo Isa,1993-09-21,27.17
21/11/2020,Australia,13,Matias Orlando,1991-11-14,29.02
21/11/2020,Australia,15,Santiago Carreras,1998-03-30,22.65
21/11/2020,Australia,11,Juan Imhoff,1988-05-11,32.53
21/11/2020,Australia,1,Nahuel Tetaz Chaparro,1989-11-06,31.04
21/11/2020,Australia,10,Nicolas Sanchez,1988-10-26,32.07
21/11/2020,Australia,21,Felipe Ezcurra,1993-04-15,27.6
21/11/2020,Australia,22,Emiliano Boffelli,1995-01-16,25.85
21/11/2020,Australia,6,Pablo Matera,1993-07-18,27.35
21/11/2020,Australia,14,Bautista Delguy,1997-04-22,23.58
21/11/2020,Australia,9,Gonzalo Bertranou,1993-12-31,26.89
21/11/2020,Australia,16,Santiago Socino,1992-05-07,28.54
21/11/2020,Australia,17,Mayco Vivas,1998-06-02,22.47
21/11/2020,Australia,4,Guido Petti Pagadizabal,1994-11-17,26.01
21/11/2020,Australia,12,Santiago Chocobares,1999-03-31,21.65
21/11/2020,Australia,5,Matias Alemanno,1991-12-05,28.96
21/11/2020,Australia,2,Julian Montoya,1993-10-29,27.06
21/11/2020,Australia,19,Santiago Grondona,1998-07-25,22.33
21/11/2020,Australia,23,Santiago Cordero,1993-12-06,26.96
21/11/2020,Australia,8,Rodrigo Bruni,1993-09-03,27.22
21/11/2020,Australia,3,Francisco Gomez Kodela,1985-07-03,35.39
21/11/2020,Australia,18,Santiago Medrano,1996-05-06,24.55
28/11/2020,New Zealand,7,Marcos Kremer,1997-07-30,23.33
28/11/2020,New Zealand,8,Facundo Isa,1993-09-21,27.19
28/11/2020,New Zealand,22,Santiago Carreras,1998-03-30,22.67
28/11/2020,New Zealand,17,Nahuel Tetaz Chaparro,1989-11-06,31.06
28/11/2020,New Zealand,10,Nicolas Sanchez,1988-10-26,32.09
28/11/2020,New Zealand,9,Felipe Ezcurra,1993-04-15,27.62
28/11/2020,New Zealand,15,Emiliano Boffelli,1995-01-16,25.87
28/11/2020,New Zealand,6,Pablo Matera,1993-07-18,27.37
28/11/2020,New Zealand,12,Jeronimo de la Fuente,1991-02-24,29.76
28/11/2020,New Zealand,21,Gonzalo Bertranou,1993-12-31,26.91
28/11/2020,New Zealand,16,Santiago Socino,1992-05-07,28.56
28/11/2020,New Zealand,18,Lucio Sordoni,1998-07-23,22.35
28/11/2020,New Zealand,1,Mayco Vivas,1998-06-02,22.49
28/11/2020,New Zealand,11,Ramiro Moyano,1990-05-28,30.51
28/11/2020,New Zealand,4,Guido Petti Pagadizabal,1994-11-17,26.03
28/11/2020,New Zealand,5,Lucas Paulos,1998-01-09,22.89
28/11/2020,New Zealand,19,Matias Alemanno,1991-12-05,28.98
28/11/2020,New Zealand,2,Julian Montoya,1993-10-29,27.08
28/11/2020,New Zealand,13,Juan Cruz Mallia,1996-09-11,24.21
28/11/2020,New Zealand,20,Santiago Grondona,1998-07-25,22.35
28/11/2020,New Zealand,14,Santiago Cordero,1993-12-06,26.98
28/11/2020,New Zealand,23,Lucas Mensa,1996-05-24,24.52
28/11/2020,New Zealand,3,Santiago Medrano,1996-05-06,24.56
05/12/2020,Australia,5,Marcos Kremer,1997-07-30,23.35
05/12/2020,Australia,7,Facundo Isa,1993-09-21,27.21
05/12/2020,Australia,13,Matias Orlando,1991-11-14,29.06
05/12/2020,Australia,18,Juan Pablo Zeiss,1989-08-02,31.34
05/12/2020,Australia,15,Santiago Carreras,1998-03-30,22.69
05/12/2020,Australia,1,Nahuel Tetaz Chaparro,1989-11-06,31.08
05/12/2020,Australia,10,Nicolas Sanchez,1988-10-26,32.11
05/12/2020,Australia,9,Felipe Ezcurra,1993-04-15,27.64
05/12/2020,Australia,11,Emiliano Boffelli,1995-01-16,25.89
05/12/2020,Australia,12,Jeronimo de la Fuente,1991-02-24,29.78
05/12/2020,Australia,14,Bautista Delguy,1997-04-22,23.62
05/12/2020,Australia,21,Gonzalo Bertranou,1993-12-31,26.93
05/12/2020,Australia,20,Francisco Gorrissen,1994-08-30,26.27
05/12/2020,Australia,17,Mayco Vivas,1998-06-02,22.51
05/12/2020,Australia,16,Jose Luis Gonzalez,1997-09-11,23.23
05/12/2020,Australia,19,Lucas Paulos,1998-01-09,22.91
05/12/2020,Australia,23,Santiago Chocobares,1999-03-31,21.68
05/12/2020,Australia,4,Matias Alemanno,1991-12-05,29.0
05/12/2020,Australia,2,Julian Montoya,1993-10-29,27.1
05/12/2020,Australia,6,Santiago Grondona,1998-07-25,22.37
05/12/2020,Australia,8,Rodrigo Bruni,1993-09-03,27.26
05/12/2020,Australia,22,Domingo Miotti,1996-05-22,24.54
05/12/2020,Australia,3,Francisco Gomez Kodela,1985-07-03,35.43
03/07/2021,Romania,4,Marcos Kremer,1997-07-30,23.93
03/07/2021,Romania,19,Facundo Isa,1993-09-21,27.78
03/07/2021,Romania,3,Enrique Pieretto Heiland,1994-12-15,26.55
03/07/2021,Romania,9,Tomas Cubelli,1989-06-12,32.06
03/07/2021,Romania,11,Juan Imhoff,1988-05-11,33.15
03/07/2021,Romania,13,Matias Moroni,1991-03-29,30.26
03/07/2021,Romania,17,Nahuel Tetaz Chaparro,1989-11-06,31.66
03/07/2021,Romania,10,Nicolas Sanchez,1988-10-26,32.69
03/07/2021,Romania,6,Pablo Matera,1993-07-18,27.96
03/07/2021,Romania,12,Jeronimo de la Fuente,1991-02-24,30.36
03/07/2021,Romania,5,Tomas Lavanini,1993-01-22,28.44
03/07/2021,Romania,14,Bautista Delguy,1997-04-22,24.2
03/07/2021,Romania,21,Gonzalo Bertranou,1993-12-31,27.51
03/07/2021,Romania,7,Francisco Gorrissen,1994-08-30,26.84
03/07/2021,Romania,20,Juan Martin Gonzalez,2000-11-14,20.63
03/07/2021,Romania,1,Facundo Gigena,1994-09-15,26.8
03/07/2021,Romania,2,Julian Montoya,1993-10-29,27.68
03/07/2021,Romania,23,Juan Cruz Mallia,1996-09-11,24.81
03/07/2021,Romania,15,Santiago Cordero,1993-12-06,27.57
03/07/2021,Romania,8,Rodrigo Bruni,1993-09-03,27.83
03/07/2021,Romania,22,Domingo Miotti,1996-05-22,25.11
03/07/2021,Romania,16,Facundo Bosch,1991-08-08,29.9
03/07/2021,Romania,18,Santiago Medrano,1996-05-06,25.16
10/07/2021,Wales,5,Marcos Kremer,1997-07-30,23.95
10/07/2021,Wales,7,Facundo Isa,1993-09-21,27.8
10/07/2021,Wales,14,Santiago Carreras,1998-03-30,23.28
10/07/2021,Wales,9,Tomas Cubelli,1989-06-12,32.08
10/07/2021,Wales,13,Matias Moroni,1991-03-29,30.28
10/07/2021,Wales,1,Nahuel Tetaz Chaparro,1989-11-06,31.67
10/07/2021,Wales,10,Nicolas Sanchez,1988-10-26,32.7
10/07/2021,Wales,6,Pablo Matera,1993-07-18,27.98
10/07/2021,Wales,12,Jeronimo de la Fuente,1991-02-24,30.37
10/07/2021,Wales,19,Tomas Lavanini,1993-01-22,28.46
10/07/2021,Wales,21,Gonzalo Bertranou,1993-12-31,27.52
10/07/2021,Wales,17,Facundo Gigena,1994-09-15,26.82
10/07/2021,Wales,4,Guido Petti Pagadizabal,1994-11-17,26.65
10/07/2021,Wales,23,Santiago Chocobares,1999-03-31,22.28
10/07/2021,Wales,20,Matias Alemanno,1991-12-05,29.6
10/07/2021,Wales,2,Julian Montoya,1993-10-29,27.7
10/07/2021,Wales,15,Juan Cruz Mallia,1996-09-11,24.83
10/07/2021,Wales,11,Santiago Cordero,1993-12-06,27.59
10/07/2021,Wales,8,Rodrigo Bruni,1993-09-03,27.85
10/07/2021,Wales,22,Domingo Miotti,1996-05-22,25.13
10/07/2021,Wales,16,Facundo Bosch,1991-08-08,29.92
10/07/2021,Wales,3,Francisco Gomez Kodela,1985-07-03,36.02
10/07/2021,Wales,18,Santiago Medrano,1996-05-06,25.18
17/07/2021,Wales,5,Marcos Kremer,1997-07-30,23.96
17/07/2021,Wales,7,Facundo Isa,1993-09-21,27.82
17/07/2021,Wales,15,Santiago Carreras,1998-03-30,23.3
17/07/2021,Wales,9,Tomas Cubelli,1989-06-12,32.1
17/07/2021,Wales,23,Juan Imhoff,1988-05-11,33.18
17/07/2021,Wales,11,Matias Moroni,1991-03-29,30.3
17/07/2021,Wales,1,Nahuel Tetaz Chaparro,1989-11-06,31.69
17/07/2021,Wales,10,Nicolas Sanchez,1988-10-26,32.72
17/07/2021,Wales,21,Felipe Ezcurra,1993-04-15,28.26
17/07/2021,Wales,6,Pablo Matera,1993-07-18,28.0
17/07/2021,Wales,12,Jeronimo de la Fuente,1991-02-24,30.39
17/07/2021,Wales,19,Tomas Lavanini,1993-01-22,28.48
17/07/2021,Wales,14,Bautista Delguy,1997-04-22,24.24
17/07/2021,Wales,17,Facundo Gigena,1994-09-15,26.84
17/07/2021,Wales,4,Guido Petti Pagadizabal,1994-11-17,26.66
17/07/2021,Wales,13,Santiago Chocobares,1999-03-31,22.3
17/07/2021,Wales,20,Matias Alemanno,1991-12-05,29.62
17/07/2021,Wales,2,Julian Montoya,1993-10-29,27.72
17/07/2021,Wales,8,Rodrigo Bruni,1993-09-03,27.87
17/07/2021,Wales,22,Domingo Miotti,1996-05-22,25.15
17/07/2021,Wales,16,Facundo Bosch,1991-08-08,29.94
17/07/2021,Wales,3,Francisco Gomez Kodela,1985-07-03,36.04
17/07/2021,Wales,18,Santiago Medrano,1996-05-06,25.2
14/08/2021,South Africa,5,Marcos Kremer,1997-07-30,24.04
14/08/2021,South Africa,7,Facundo Isa,1993-09-21,27.9
14/08/2021,South Africa,15,Santiago Carreras,1998-03-30,23.38
14/08/2021,South Africa,11,Matias Moroni,1991-03-29,30.38
14/08/2021,South Africa,1,Nahuel Tetaz Chaparro,1989-11-06,31.77
14/08/2021,South Africa,10,Nicolas Sanchez,1988-10-26,32.8
14/08/2021,South Africa,9,Felipe Ezcurra,1993-04-15,28.33
14/08/2021,South Africa,6,Pablo Matera,1993-07-18,28.07
14/08/2021,South Africa,12,Jeronimo de la Fuente,1991-02-24,30.47
14/08/2021,South Africa,19,Tomas Lavanini,1993-01-22,28.56
14/08/2021,South Africa,23,Sebastian Cancelliere,1993-09-17,27.91
14/08/2021,South Africa,14,Bautista Delguy,1997-04-22,24.31
14/08/2021,South Africa,21,Gonzalo Bertranou,1993-12-31,27.62
14/08/2021,South Africa,17,Carlos Muzzio,1984-08-21,36.98
14/08/2021,South Africa,4,Guido Petti Pagadizabal,1994-11-17,26.74
14/08/2021,South Africa,13,Santiago Chocobares,1999-03-31,22.37
14/08/2021,South Africa,20,Matias Alemanno,1991-12-05,29.69
14/08/2021,South Africa,2,Julian Montoya,1993-10-29,27.79
14/08/2021,South Africa,8,Rodrigo Bruni,1993-09-03,27.95
14/08/2021,South Africa,22,Domingo Miotti,1996-05-22,25.23
14/08/2021,South Africa,16,Facundo Bosch,1991-08-08,30.02
14/08/2021,South Africa,3,Francisco Gomez Kodela,1985-07-03,36.12
14/08/2021,South Africa,18,Santiago Medrano,1996-05-06,25.27
21/08/2021,South Africa,19,Marcos Kremer,1997-07-30,24.06
21/08/2021,South Africa,14,Ignacio Mendy,2000-06-29,21.14
21/08/2021,South Africa,11,Santiago Carreras,1998-03-30,23.4
21/08/2021,South Africa,1,Nahuel Tetaz Chaparro,1989-11-06,31.79
21/08/2021,South Africa,22,Nicolas Sanchez,1988-10-26,32.82
21/08/2021,South Africa,21,Felipe Ezcurra,1993-04-15,28.35
21/08/2021,South Africa,6,Pablo Matera,1993-07-18,28.09
21/08/2021,South Africa,12,Jeronimo de la Fuente,1991-02-24,30.49
21/08/2021,South Africa,5,Tomas Lavanini,1993-01-22,28.58
21/08/2021,South Africa,9,Gonzalo Bertranou,1993-12-31,27.64
21/08/2021,South Africa,20,Juan Martin Gonzalez,2000-11-14,20.77
21/08/2021,South Africa,17,Facundo Gigena,1994-09-15,26.93
21/08/2021,South Africa,7,Guido Petti Pagadizabal,1994-11-17,26.76
21/08/2021,South Africa,13,Santiago Chocobares,1999-03-31,22.39
21/08/2021,South Africa,23,Lucio Cinti,2000-02-23,21.49
21/08/2021,South Africa,4,Matias Alemanno,1991-12-05,29.71
21/08/2021,South Africa,2,Julian Montoya,1993-10-29,27.81
21/08/2021,South Africa,15,Juan Cruz Mallia,1996-09-11,24.94
21/08/2021,South Africa,8,Rodrigo Bruni,1993-09-03,27.96
21/08/2021,South Africa,10,Domingo Miotti,1996-05-22,25.25
21/08/2021,South Africa,16,Facundo Bosch,1991-08-08,30.04
21/08/2021,South Africa,3,Francisco Gomez Kodela,1985-07-03,36.13
21/08/2021,South Africa,18,Santiago Medrano,1996-05-06,25.29
12/09/2021,New Zealand,7,Marcos Kremer,1997-07-30,24.12
12/09/2021,New Zealand,21,Gonzalo Garcia,1999-03-05,22.52
12/09/2021,New Zealand,18,Enrique Pieretto Heiland,1994-12-15,26.74
12/09/2021,New Zealand,13,Matias Moroni,1991-03-29,30.46
12/09/2021,New Zealand,10,Nicolas Sanchez,1988-10-26,32.88
12/09/2021,New Zealand,23,Emiliano Boffelli,1995-01-16,26.66
12/09/2021,New Zealand,6,Pablo Matera,1993-07-18,28.15
12/09/2021,New Zealand,12,Jeronimo de la Fuente,1991-02-24,30.55
12/09/2021,New Zealand,19,Tomas Lavanini,1993-01-22,28.64
12/09/2021,New Zealand,14,Bautista Delguy,1997-04-22,24.39
12/09/2021,New Zealand,9,Gonzalo Bertranou,1993-12-31,27.7
12/09/2021,New Zealand,17,Carlos Muzzio,1984-08-21,37.06
12/09/2021,New Zealand,20,Juan Martin Gonzalez,2000-11-14,20.83
12/09/2021,New Zealand,1,Facundo Gigena,1994-09-15,26.99
12/09/2021,New Zealand,4,Guido Petti Pagadizabal,1994-11-17,26.82
12/09/2021,New Zealand,22,Santiago Chocobares,1999-03-31,22.45
12/09/2021,New Zealand,5,Matias Alemanno,1991-12-05,29.77
12/09/2021,New Zealand,2,Julian Montoya,1993-10-29,27.87
12/09/2021,New Zealand,15,Juan Cruz Mallia,1996-09-11,25.0
12/09/2021,New Zealand,11,Santiago Cordero,1993-12-06,27.77
12/09/2021,New Zealand,8,Rodrigo Bruni,1993-09-03,28.03
12/09/2021,New Zealand,16,Facundo Bosch,1991-08-08,30.1
12/09/2021,New Zealand,3,Santiago Medrano,1996-05-06,25.35
18/09/2021,New Zealand,7,Marcos Kremer,1997-07-30,24.14
18/09/2021,New Zealand,21,Gonzalo Garcia,1999-03-05,22.54
18/09/2021,New Zealand,18,Enrique Pieretto Heiland,1994-12-15,26.76
18/09/2021,New Zealand,10,Santiago Carreras,1998-03-30,23.47
18/09/2021,New Zealand,23,Matias Moroni,1991-03-29,30.48
18/09/2021,New Zealand,20,Tomas Lezana,1994-02-16,27.59
18/09/2021,New Zealand,11,Emiliano Boffelli,1995-01-16,26.67
18/09/2021,New Zealand,8,Pablo Matera,1993-07-18,28.17
18/09/2021,New Zealand,5,Tomas Lavanini,1993-01-22,28.65
18/09/2021,New Zealand,9,Gonzalo Bertranou,1993-12-31,27.72
18/09/2021,New Zealand,16,Santiago Socino,1992-05-07,29.37
18/09/2021,New Zealand,17,Carlos Muzzio,1984-08-21,37.08
18/09/2021,New Zealand,6,Juan Martin Gonzalez,2000-11-14,20.84
18/09/2021,New Zealand,1,Facundo Gigena,1994-09-15,27.01
18/09/2021,New Zealand,19,Guido Petti Pagadizabal,1994-11-17,26.84
18/09/2021,New Zealand,12,Santiago Chocobares,1999-03-31,22.47
18/09/2021,New Zealand,13,Lucio Cinti,2000-02-23,21.57
18/09/2021,New Zealand,4,Matias Alemanno,1991-12-05,29.79
18/09/2021,New Zealand,2,Julian Montoya,1993-10-29,27.89
18/09/2021,New Zealand,15,Juan Cruz Mallia,1996-09-11,25.02
18/09/2021,New Zealand,14,Santiago Cordero,1993-12-06,27.78
18/09/2021,New Zealand,22,Domingo Miotti,1996-05-22,25.33
18/09/2021,New Zealand,3,Santiago Medrano,1996-05-06,25.37
25/09/2021,Australia,7,Marcos Kremer,1997-07-30,24.16
25/09/2021,Australia,21,Gonzalo Garcia,1999-03-05,22.56
25/09/2021,Australia,17,Rodrigo Martinez,1998-07-07,23.22
25/09/2021,Australia,18,Enrique Pieretto Heiland,1994-12-15,26.78
25/09/2021,Australia,10,Santiago Carreras,1998-03-30,23.49
25/09/2021,Australia,11,Emiliano Boffelli,1995-01-16,26.69
25/09/2021,Australia,8,Pablo Matera,1993-07-18,28.19
25/09/2021,Australia,5,Tomas Lavanini,1993-01-22,28.67
25/09/2021,Australia,9,Gonzalo Bertranou,1993-12-31,27.73
25/09/2021,Australia,16,Santiago Socino,1992-05-07,29.39
25/09/2021,Australia,20,Joaquin Oviedo,2001-07-16,20.19
25/09/2021,Australia,23,Mateo Carreras,1999-12-17,21.77
25/09/2021,Australia,6,Juan Martin Gonzalez,2000-11-14,20.86
25/09/2021,Australia,1,Facundo Gigena,1994-09-15,27.03
25/09/2021,Australia,19,Guido Petti Pagadizabal,1994-11-17,26.86
25/09/2021,Australia,12,Santiago Chocobares,1999-03-31,22.49
25/09/2021,Australia,13,Lucio Cinti,2000-02-23,21.59
25/09/2021,Australia,4,Matias Alemanno,1991-12-05,29.81
25/09/2021,Australia,2,Julian Montoya,1993-10-29,27.91
25/09/2021,Australia,15,Juan Cruz Mallia,1996-09-11,25.04
25/09/2021,Australia,14,Santiago Cordero,1993-12-06,27.8
25/09/2021,Australia,22,Domingo Miotti,1996-05-22,25.34
25/09/2021,Australia,3,Santiago Medrano,1996-05-06,25.39
02/10/2021,Australia,17,Thomas Gallo,1999-04-30,22.43
02/10/2021,Australia,7,Marcos Kremer,1997-07-30,24.18
02/10/2021,Australia,21,Gonzalo Garcia,1999-03-05,22.58
02/10/2021,Australia,1,Rodrigo Martinez,1998-07-07,23.24
02/10/2021,Australia,3,Enrique Pieretto Heiland,1994-12-15,26.8
02/10/2021,Australia,10,Santiago Carreras,1998-03-30,23.51
02/10/2021,Australia,14,Matias Moroni,1991-03-29,30.51
02/10/2021,Australia,11,Emiliano Boffelli,1995-01-16,26.71
02/10/2021,Australia,5,Tomas Lavanini,1993-01-22,28.69
02/10/2021,Australia,9,Gonzalo Bertranou,1993-12-31,27.75
02/10/2021,Australia,20,Francisco Gorrissen,1994-08-30,27.09
02/10/2021,Australia,23,Mateo Carreras,1999-12-17,21.79
02/10/2021,Australia,6,Juan Martin Gonzalez,2000-11-14,20.88
02/10/2021,Australia,4,Guido Petti Pagadizabal,1994-11-17,26.88
02/10/2021,Australia,12,Santiago Chocobares,1999-03-31,22.51
02/10/2021,Australia,13,Lucio Cinti,2000-02-23,21.61
02/10/2021,Australia,19,Matias Alemanno,1991-12-05,29.83
02/10/2021,Australia,18,Eduardo Bello,1995-11-27,25.85
02/10/2021,Australia,2,Julian Montoya,1993-10-29,27.93
02/10/2021,Australia,15,Juan Cruz Mallia,1996-09-11,25.06
02/10/2021,Australia,8,Rodrigo Bruni,1993-09-03,28.08
02/10/2021,Australia,22,Domingo Miotti,1996-05-22,25.36
02/10/2021,Australia,16,Facundo Bosch,1991-08-08,30.15
06/11/2021,France,1,Thomas Gallo,1999-04-30,22.52
06/11/2021,France,7,Marcos Kremer,1997-07-30,24.27
06/11/2021,France,8,Facundo Isa,1993-09-21,28.13
06/11/2021,France,17,Rodrigo Martinez,1998-07-07,23.34
06/11/2021,France,10,Santiago Carreras,1998-03-30,23.61
06/11/2021,France,9,Tomas Cubelli,1989-06-12,32.4
06/11/2021,France,13,Matias Moroni,1991-03-29,30.61
06/11/2021,France,22,Nicolas Sanchez,1988-10-26,33.03
06/11/2021,France,15,Emiliano Boffelli,1995-01-16,26.81
06/11/2021,France,6,Pablo Matera,1993-07-18,28.3
06/11/2021,France,12,Jeronimo de la Fuente,1991-02-24,30.7
06/11/2021,France,5,Tomas Lavanini,1993-01-22,28.79
06/11/2021,France,14,Bautista Delguy,1997-04-22,24.54
06/11/2021,France,21,Gonzalo Bertranou,1993-12-31,27.85
06/11/2021,France,11,Mateo Carreras,1999-12-17,21.89
06/11/2021,France,20,Juan Martin Gonzalez,2000-11-14,20.98
06/11/2021,France,4,Guido Petti Pagadizabal,1994-11-17,26.97
06/11/2021,France,19,Lucas Paulos,1998-01-09,23.83
06/11/2021,France,23,Lucio Cinti,2000-02-23,21.7
06/11/2021,France,2,Julian Montoya,1993-10-29,28.02
06/11/2021,France,16,Facundo Bosch,1991-08-08,30.25
06/11/2021,France,3,Francisco Gomez Kodela,1985-07-03,36.35
06/11/2021,France,18,Santiago Medrano,1996-05-06,25.5
13/11/2021,Italy,1,Thomas Gallo,1999-04-30,22.54
13/11/2021,Italy,4,Marcos Kremer,1997-07-30,24.29
13/11/2021,Italy,8,Facundo Isa,1993-09-21,28.15
13/11/2021,Italy,10,Santiago Carreras,1998-03-30,23.63
13/11/2021,Italy,9,Tomas Cubelli,1989-06-12,32.42
13/11/2021,Italy,13,Matias Moroni,1991-03-29,30.63
13/11/2021,Italy,22,Nicolas Sanchez,1988-10-26,33.05
13/11/2021,Italy,15,Emiliano Boffelli,1995-01-16,26.83
13/11/2021,Italy,6,Pablo Matera,1993-07-18,28.32
13/11/2021,Italy,12,Jeronimo de la Fuente,1991-02-24,30.72
13/11/2021,Italy,5,Tomas Lavanini,1993-01-22,28.81
13/11/2021,Italy,21,Gonzalo Bertranou,1993-12-31,27.87
13/11/2021,Italy,11,Mateo Carreras,1999-12-17,21.91
13/11/2021,Italy,7,Juan Martin Gonzalez,2000-11-14,21.0
13/11/2021,Italy,17,Ignacio Calles,1995-10-24,26.06
13/11/2021,Italy,19,Lucas Paulos,1998-01-09,23.84
13/11/2021,Italy,23,Lucio Cinti,2000-02-23,21.72
13/11/2021,Italy,2,Julian Montoya,1993-10-29,28.04
13/11/2021,Italy,20,Santiago Grondona,1998-07-25,23.31
13/11/2021,Italy,14,Santiago Cordero,1993-12-06,27.94
13/11/2021,Italy,16,Facundo Bosch,1991-08-08,30.27
13/11/2021,Italy,3,Francisco Gomez Kodela,1985-07-03,36.36
13/11/2021,Italy,18,Santiago Medrano,1996-05-06,25.52
21/11/2021,Ireland,1,Thomas Gallo,1999-04-30,22.56
21/11/2021,Ireland,7,Marcos Kremer,1997-07-30,24.31
21/11/2021,Ireland,20,Facundo Isa,1993-09-21,28.17
21/11/2021,Ireland,10,Santiago Carreras,1998-03-30,23.65
21/11/2021,Ireland,9,Tomas Cubelli,1989-06-12,32.44
21/11/2021,Ireland,13,Matias Moroni,1991-03-29,30.65
21/11/2021,Ireland,22,Nicolas Sanchez,1988-10-26,33.07
21/11/2021,Ireland,15,Emiliano Boffelli,1995-01-16,26.85
21/11/2021,Ireland,23,Facundo Cordero,1998-07-31,23.31
21/11/2021,Ireland,8,Pablo Matera,1993-07-18,28.35
21/11/2021,Ireland,12,Jeronimo de la Fuente,1991-02-24,30.74
21/11/2021,Ireland,5,Tomas Lavanini,1993-01-22,28.83
21/11/2021,Ireland,21,Gonzalo Bertranou,1993-12-31,27.89
21/11/2021,Ireland,14,Mateo Carreras,1999-12-17,21.93
21/11/2021,Ireland,4,Guido Petti Pagadizabal,1994-11-17,27.01
21/11/2021,Ireland,17,Ignacio Calles,1995-10-24,26.08
21/11/2021,Ireland,19,Lucas Paulos,1998-01-09,23.87
21/11/2021,Ireland,11,Lucio Cinti,2000-02-23,21.74
21/11/2021,Ireland,18,Eduardo Bello,1995-11-27,25.99
21/11/2021,Ireland,2,Julian Montoya,1993-10-29,28.06
21/11/2021,Ireland,6,Santiago Grondona,1998-07-25,23.33
21/11/2021,Ireland,16,Facundo Bosch,1991-08-08,30.29
21/11/2021,Ireland,3,Francisco Gomez Kodela,1985-07-03,36.39
02/07/2022,Scotland,7,Marcos Kremer,1997-07-30,24.92
02/07/2022,Scotland,20,Facundo Isa,1993-09-21,28.78
02/07/2022,Scotland,13,Matias Orlando,1991-11-14,30.63
02/07/2022,Scotland,18,Joel Sclavi,1994-06-25,28.02
02/07/2022,Scotland,22,Santiago Carreras,1998-03-30,24.26
02/07/2022,Scotland,21,Juan Imhoff,1988-05-11,34.14
02/07/2022,Scotland,23,Matias Moroni,1991-03-29,31.26
02/07/2022,Scotland,1,Nahuel Tetaz Chaparro,1989-11-06,32.65
02/07/2022,Scotland,10,Nicolas Sanchez,1988-10-26,33.68
02/07/2022,Scotland,11,Emiliano Boffelli,1995-01-16,27.46
02/07/2022,Scotland,8,Pablo Matera,1993-07-18,28.96
02/07/2022,Scotland,12,Jeronimo de la Fuente,1991-02-24,31.35
02/07/2022,Scotland,9,Gonzalo Bertranou,1993-12-31,28.5
02/07/2022,Scotland,6,Juan Martin Gonzalez,2000-11-14,21.63
02/07/2022,Scotland,17,Mayco Vivas,1998-06-02,24.08
02/07/2022,Scotland,4,Guido Petti Pagadizabal,1994-11-17,27.62
02/07/2022,Scotland,19,Lucas Paulos,1998-01-09,24.48
02/07/2022,Scotland,5,Matias Alemanno,1991-12-05,30.57
02/07/2022,Scotland,2,Julian Montoya,1993-10-29,28.67
02/07/2022,Scotland,15,Juan Cruz Mallia,1996-09-11,25.8
02/07/2022,Scotland,14,Santiago Cordero,1993-12-06,28.57
02/07/2022,Scotland,16,Agustín Creevy,1985-03-15,37.3
02/07/2022,Scotland,3,Francisco Gomez Kodela,1985-07-03,37.0
09/07/2022,Scotland,7,Marcos Kremer,1997-07-30,24.94
09/07/2022,Scotland,20,Facundo Isa,1993-09-21,28.8
09/07/2022,Scotland,13,Matias Orlando,1991-11-14,30.65
09/07/2022,Scotland,18,Joel Sclavi,1994-06-25,28.04
09/07/2022,Scotland,10,Santiago Carreras,1998-03-30,24.28
09/07/2022,Scotland,11,Juan Imhoff,1988-05-11,34.16
09/07/2022,Scotland,23,Matias Moroni,1991-03-29,31.28
09/07/2022,Scotland,1,Nahuel Tetaz Chaparro,1989-11-06,32.67
09/07/2022,Scotland,21,Felipe Ezcurra,1993-04-15,29.23
09/07/2022,Scotland,15,Emiliano Boffelli,1995-01-16,27.48
09/07/2022,Scotland,12,Jeronimo de la Fuente,1991-02-24,31.37
09/07/2022,Scotland,9,Gonzalo Bertranou,1993-12-31,28.52
09/07/2022,Scotland,6,Juan Martin Gonzalez,2000-11-14,21.65
09/07/2022,Scotland,17,Mayco Vivas,1998-06-02,24.1
09/07/2022,Scotland,4,Guido Petti Pagadizabal,1994-11-17,27.64
09/07/2022,Scotland,19,Lucas Paulos,1998-01-09,24.5
09/07/2022,Scotland,5,Matias Alemanno,1991-12-05,30.59
09/07/2022,Scotland,2,Julian Montoya,1993-10-29,28.69
09/07/2022,Scotland,14,Santiago Cordero,1993-12-06,28.59
09/07/2022,Scotland,8,Rodrigo Bruni,1993-09-03,28.85
09/07/2022,Scotland,22,Domingo Miotti,1996-05-22,26.13
09/07/2022,Scotland,16,Agustín Creevy,1985-03-15,37.32
09/07/2022,Scotland,3,Francisco Gomez Kodela,1985-07-03,37.02
16/07/2022,Scotland,1,Thomas Gallo,1999-04-30,23.21
16/07/2022,Scotland,19,Marcos Kremer,1997-07-30,24.96
16/07/2022,Scotland,8,Facundo Isa,1993-09-21,28.82
16/07/2022,Scotland,13,Matias Orlando,1991-11-14,30.67
16/07/2022,Scotland,3,Joel Sclavi,1994-06-25,28.06
16/07/2022,Scotland,10,Santiago Carreras,1998-03-30,24.3
16/07/2022,Scotland,22,Tomas Albornoz,1997-09-17,24.83
16/07/2022,Scotland,12,Matias Moroni,1991-03-29,31.3
16/07/2022,Scotland,17,Nahuel Tetaz Chaparro,1989-11-06,32.69
16/07/2022,Scotland,11,Emiliano Boffelli,1995-01-16,27.5
16/07/2022,Scotland,6,Pablo Matera,1993-07-18,28.99
16/07/2022,Scotland,5,Tomas Lavanini,1993-01-22,29.48
16/07/2022,Scotland,14,Bautista Delguy,1997-04-22,25.23
16/07/2022,Scotland,21,Gonzalo Bertranou,1993-12-31,28.54
16/07/2022,Scotland,9,Lautaro Bazan Velez,1996-02-24,26.39
16/07/2022,Scotland,16,Ignacio Ruiz,2001-01-03,21.53
16/07/2022,Scotland,20,Juan Martin Gonzalez,2000-11-14,21.67
16/07/2022,Scotland,4,Guido Petti Pagadizabal,1994-11-17,27.66
16/07/2022,Scotland,23,Lucio Cinti,2000-02-23,22.39
16/07/2022,Scotland,15,Juan Cruz Mallia,1996-09-11,25.84
16/07/2022,Scotland,7,Santiago Grondona,1998-07-25,23.98
16/07/2022,Scotland,2,Agustín Creevy,1985-03-15,37.34
16/07/2022,Scotland,18,Francisco Gomez Kodela,1985-07-03,37.04
06/08/2022,Australia,17,Thomas Gallo,1999-04-30,23.27
06/08/2022,Australia,7,Marcos Kremer,1997-07-30,25.02
06/08/2022,Australia,13,Matias Orlando,1991-11-14,30.73
06/08/2022,Australia,18,Joel Sclavi,1994-06-25,28.12
06/08/2022,Australia,10,Santiago Carreras,1998-03-30,24.35
06/08/2022,Australia,9,Tomas Cubelli,1989-06-12,33.15
06/08/2022,Australia,22,Tomas Albornoz,1997-09-17,24.88
06/08/2022,Australia,23,Matias Moroni,1991-03-29,31.36
06/08/2022,Australia,1,Nahuel Tetaz Chaparro,1989-11-06,32.75
06/08/2022,Australia,11,Emiliano Boffelli,1995-01-16,27.55
06/08/2022,Australia,8,Pablo Matera,1993-07-18,29.05
06/08/2022,Australia,12,Jeronimo de la Fuente,1991-02-24,31.45
06/08/2022,Australia,5,Tomas Lavanini,1993-01-22,29.54
06/08/2022,Australia,21,Lautaro Bazan Velez,1996-02-24,26.45
06/08/2022,Australia,6,Juan Martin Gonzalez,2000-11-14,21.73
06/08/2022,Australia,4,Matias Alemanno,1991-12-05,30.67
06/08/2022,Australia,2,Julian Montoya,1993-10-29,28.77
06/08/2022,Australia,15,Juan Cruz Mallia,1996-09-11,25.9
06/08/2022,Australia,19,Santiago Grondona,1998-07-25,24.03
06/08/2022,Australia,14,Santiago Cordero,1993-12-06,28.67
06/08/2022,Australia,20,Rodrigo Bruni,1993-09-03,28.92
06/08/2022,Australia,16,Agustín Creevy,1985-03-15,37.39
06/08/2022,Australia,3,Francisco Gomez Kodela,1985-07-03,37.09
13/08/2022,Australia,5,Tomas Lavanini,1993-01-22,29.56
13/08/2022,Australia,9,Gonzalo Bertranou,1993-12-31,28.62
13/08/2022,Australia,6,Juan Martin Gonzalez,2000-11-14,21.74
13/08/2022,Australia,23,Lucio Cinti,2000-02-23,22.47
13/08/2022,Australia,4,Matias Alemanno,1991-12-05,30.69
13/08/2022,Australia,2,Julian Montoya,1993-10-29,28.79
13/08/2022,Australia,15,Juan Cruz Mallia,1996-09-11,25.92
13/08/2022,Australia,20,Rodrigo Bruni,1993-09-03,28.94
13/08/2022,Australia,16,Agustín Creevy,1985-03-15,37.41
13/08/2022,Australia,3,Francisco Gomez Kodela,1985-07-03,37.11
13/08/2022,Australia,1,Thomas Gallo,1999-04-30,23.29
13/08/2022,Australia,7,Marcos Kremer,1997-07-30,25.04
13/08/2022,Australia,19,Facundo Isa,1993-09-21,28.89
13/08/2022,Australia,18,Joel Sclavi,1994-06-25,28.13
13/08/2022,Australia,10,Santiago Carreras,1998-03-30,24.37
13/08/2022,Australia,21,Tomas Cubelli,1989-06-12,33.17
13/08/2022,Australia,11,Juan Imhoff,1988-05-11,34.26
13/08/2022,Australia,22,Tomas Albornoz,1997-09-17,24.9
13/08/2022,Australia,13,Matias Moroni,1991-03-29,31.38
13/08/2022,Australia,17,Nahuel Tetaz Chaparro,1989-11-06,32.77
13/08/2022,Australia,14,Emiliano Boffelli,1995-01-16,27.57
13/08/2022,Australia,8,Pablo Matera,1993-07-18,29.07
13/08/2022,Australia,12,Jeronimo de la Fuente,1991-02-24,31.47
27/08/2022,New Zealand,1,Thomas Gallo,1999-04-30,23.33
27/08/2022,New Zealand,7,Marcos Kremer,1997-07-30,25.08
27/08/2022,New Zealand,12,Matias Orlando,1991-11-14,30.79
27/08/2022,New Zealand,3,Joel Sclavi,1994-06-25,28.17
27/08/2022,New Zealand,10,Santiago Carreras,1998-03-30,24.41
27/08/2022,New Zealand,21,Tomas Cubelli,1989-06-12,33.21
27/08/2022,New Zealand,22,Tomas Albornoz,1997-09-17,24.94
27/08/2022,New Zealand,13,Matias Moroni,1991-03-29,31.41
27/08/2022,New Zealand,14,Emiliano Boffelli,1995-01-16,27.61
27/08/2022,New Zealand,8,Pablo Matera,1993-07-18,29.11
27/08/2022,New Zealand,5,Tomas Lavanini,1993-01-22,29.59
27/08/2022,New Zealand,9,Gonzalo Bertranou,1993-12-31,28.65
27/08/2022,New Zealand,16,Santiago Socino,1992-05-07,30.31
27/08/2022,New Zealand,6,Juan Martin Gonzalez,2000-11-14,21.78
27/08/2022,New Zealand,17,Mayco Vivas,1998-06-02,24.24
27/08/2022,New Zealand,19,Guido Petti Pagadizabal,1994-11-17,27.78
27/08/2022,New Zealand,11,Lucio Cinti,2000-02-23,22.51
27/08/2022,New Zealand,4,Matias Alemanno,1991-12-05,30.73
27/08/2022,New Zealand,18,Eduardo Bello,1995-11-27,26.75
27/08/2022,New Zealand,2,Julian Montoya,1993-10-29,28.83
27/08/2022,New Zealand,15,Juan Cruz Mallia,1996-09-11,25.96
27/08/2022,New Zealand,20,Santiago Grondona,1998-07-25,24.09
27/08/2022,New Zealand,23,Santiago Cordero,1993-12-06,28.72
03/09/2022,New Zealand,1,Thomas Gallo,1999-04-30,23.35
03/09/2022,New Zealand,7,Marcos Kremer,1997-07-30,25.1
03/09/2022,New Zealand,12,Matias Orlando,1991-11-14,30.8
03/09/2022,New Zealand,3,Joel Sclavi,1994-06-25,28.19
03/09/2022,New Zealand,10,Santiago Carreras,1998-03-30,24.43
03/09/2022,New Zealand,9,Tomas Cubelli,1989-06-12,33.23
03/09/2022,New Zealand,13,Matias Moroni,1991-03-29,31.43
03/09/2022,New Zealand,14,Emiliano Boffelli,1995-01-16,27.63
03/09/2022,New Zealand,8,Pablo Matera,1993-07-18,29.13
03/09/2022,New Zealand,5,Tomas Lavanini,1993-01-22,29.61
03/09/2022,New Zealand,21,Gonzalo Bertranou,1993-12-31,28.67
03/09/2022,New Zealand,16,Santiago Socino,1992-05-07,30.33
03/09/2022,New Zealand,22,Benjamin Urdapilleta,1986-03-11,36.48
03/09/2022,New Zealand,20,Juan Martin Gonzalez,2000-11-14,21.8
03/09/2022,New Zealand,17,Mayco Vivas,1998-06-02,24.26
03/09/2022,New Zealand,4,Guido Petti Pagadizabal,1994-11-17,27.8
03/09/2022,New Zealand,23,Lucio Cinti,2000-02-23,22.53
03/09/2022,New Zealand,19,Matias Alemanno,1991-12-05,30.75
03/09/2022,New Zealand,18,Eduardo Bello,1995-11-27,26.77
03/09/2022,New Zealand,2,Julian Montoya,1993-10-29,28.85
03/09/2022,New Zealand,15,Juan Cruz Mallia,1996-09-11,25.98
03/09/2022,New Zealand,6,Santiago Grondona,1998-07-25,24.11
03/09/2022,New Zealand,11,Santiago Cordero,1993-12-06,28.74
17/09/2022,South Africa,17,Thomas Gallo,1999-04-30,23.38
17/09/2022,South Africa,7,Marcos Kremer,1997-07-30,25.13
17/09/2022,South Africa,12,Matias Orlando,1991-11-14,30.84
17/09/2022,South Africa,18,Joel Sclavi,1994-06-25,28.23
17/09/2022,South Africa,10,Santiago Carreras,1998-03-30,24.47
17/09/2022,South Africa,21,Tomas Cubelli,1989-06-12,33.27
17/09/2022,South Africa,23,Matias Moroni,1991-03-29,31.47
17/09/2022,South Africa,1,Nahuel Tetaz Chaparro,1989-11-06,32.86
17/09/2022,South Africa,14,Emiliano Boffelli,1995-01-16,27.67
17/09/2022,South Africa,8,Pablo Matera,1993-07-18,29.17
17/09/2022,South Africa,13,Jeronimo de la Fuente,1991-02-24,31.56
17/09/2022,South Africa,5,Tomas Lavanini,1993-01-22,29.65
17/09/2022,South Africa,9,Gonzalo Bertranou,1993-12-31,28.71
17/09/2022,South Africa,22,Benjamin Urdapilleta,1986-03-11,36.52
17/09/2022,South Africa,6,Juan Martin Gonzalez,2000-11-14,21.84
17/09/2022,South Africa,19,Guido Petti Pagadizabal,1994-11-17,27.83
17/09/2022,South Africa,11,Lucio Cinti,2000-02-23,22.57
17/09/2022,South Africa,4,Matias Alemanno,1991-12-05,30.79
17/09/2022,South Africa,3,Eduardo Bello,1995-11-27,26.81
17/09/2022,South Africa,2,Julian Montoya,1993-10-29,28.88
17/09/2022,South Africa,15,Juan Cruz Mallia,1996-09-11,26.02
17/09/2022,South Africa,20,Rodrigo Bruni,1993-09-03,29.04
17/09/2022,South Africa,16,Agustín Creevy,1985-03-15,37.51
24/09/2022,South Africa,7,Marcos Kremer,1997-07-30,25.15
24/09/2022,South Africa,18,Joel Sclavi,1994-06-25,28.25
24/09/2022,South Africa,10,Santiago Carreras,1998-03-30,24.49
24/09/2022,South Africa,21,Tomas Cubelli,1989-06-12,33.28
24/09/2022,South Africa,11,Juan Imhoff,1988-05-11,34.37
24/09/2022,South Africa,13,Matias Moroni,1991-03-29,31.49
24/09/2022,South Africa,1,Nahuel Tetaz Chaparro,1989-11-06,32.88
24/09/2022,South Africa,14,Emiliano Boffelli,1995-01-16,27.69
24/09/2022,South Africa,8,Pablo Matera,1993-07-18,29.19
24/09/2022,South Africa,12,Jeronimo de la Fuente,1991-02-24,31.58
24/09/2022,South Africa,5,Tomas Lavanini,1993-01-22,29.67
24/09/2022,South Africa,23,Bautista Delguy,1997-04-22,25.42
24/09/2022,South Africa,9,Gonzalo Bertranou,1993-12-31,28.73
24/09/2022,South Africa,22,Benjamin Urdapilleta,1986-03-11,36.54
24/09/2022,South Africa,6,Juan Martin Gonzalez,2000-11-14,21.86
24/09/2022,South Africa,17,Mayco Vivas,1998-06-02,24.31
24/09/2022,South Africa,19,Guido Petti Pagadizabal,1994-11-17,27.85
24/09/2022,South Africa,4,Matias Alemanno,1991-12-05,30.8
24/09/2022,South Africa,3,Eduardo Bello,1995-11-27,26.83
24/09/2022,South Africa,2,Julian Montoya,1993-10-29,28.9
24/09/2022,South Africa,15,Juan Cruz Mallia,1996-09-11,26.03
24/09/2022,South Africa,16,Agustín Creevy,1985-03-15,37.53
24/09/2022,South Africa,20,Pedro Rubiolo,2002-12-21,19.76
06/11/2022,England,1,Thomas Gallo,1999-04-30,23.52
06/11/2022,England,7,Marcos Kremer,1997-07-30,25.27
06/11/2022,England,20,Facundo Isa,1993-09-21,29.13
06/11/2022,England,23,Matias Orlando,1991-11-14,30.98
06/11/2022,England,10,Santiago Carreras,1998-03-30,24.61
06/11/2022,England,22,Tomas Albornoz,1997-09-17,25.14
06/11/2022,England,13,Matias Moroni,1991-03-29,31.61
06/11/2022,England,21,Eliseo Morales,1998-03-11,24.66
06/11/2022,England,17,Nahuel Tetaz Chaparro,1989-11-06,33.0
06/11/2022,England,11,Emiliano Boffelli,1995-01-16,27.81
06/11/2022,England,8,Pablo Matera,1993-07-18,29.3
06/11/2022,England,12,Jeronimo de la Fuente,1991-02-24,31.7
06/11/2022,England,5,Tomas Lavanini,1993-01-22,29.79
06/11/2022,England,9,Gonzalo Bertranou,1993-12-31,28.85
06/11/2022,England,14,Mateo Carreras,1999-12-17,22.89
06/11/2022,England,16,Ignacio Ruiz,2001-01-03,21.84
06/11/2022,England,6,Juan Martin Gonzalez,2000-11-14,21.98
06/11/2022,England,19,Lucas Paulos,1998-01-09,24.82
06/11/2022,England,4,Matias Alemanno,1991-12-05,30.92
06/11/2022,England,18,Eduardo Bello,1995-11-27,26.94
06/11/2022,England,2,Julian Montoya,1993-10-29,29.02
06/11/2022,England,15,Juan Cruz Mallia,1996-09-11,26.15
06/11/2022,England,3,Francisco Gomez Kodela,1985-07-03,37.35
12/11/2022,Wales,1,Thomas Gallo,1999-04-30,23.54
12/11/2022,Wales,7,Marcos Kremer,1997-07-30,25.29
12/11/2022,Wales,20,Facundo Isa,1993-09-21,29.14
12/11/2022,Wales,23,Matias Orlando,1991-11-14,31.0
12/11/2022,Wales,10,Santiago Carreras,1998-03-30,24.62
12/11/2022,Wales,22,Tomas Albornoz,1997-09-17,25.15
12/11/2022,Wales,13,Matias Moroni,1991-03-29,31.63
12/11/2022,Wales,21,Eliseo Morales,1998-03-11,24.67
12/11/2022,Wales,17,Nahuel Tetaz Chaparro,1989-11-06,33.02
12/11/2022,Wales,11,Emiliano Boffelli,1995-01-16,27.82
12/11/2022,Wales,8,Pablo Matera,1993-07-18,29.32
12/11/2022,Wales,12,Jeronimo de la Fuente,1991-02-24,31.72
12/11/2022,Wales,5,Tomas Lavanini,1993-01-22,29.8
12/11/2022,Wales,9,Gonzalo Bertranou,1993-12-31,28.87
12/11/2022,Wales,14,Mateo Carreras,1999-12-17,22.91
12/11/2022,Wales,16,Ignacio Ruiz,2001-01-03,21.86
12/11/2022,Wales,6,Juan Martin Gonzalez,2000-11-14,21.99
12/11/2022,Wales,19,Lucas Paulos,1998-01-09,24.84
12/11/2022,Wales,4,Matias Alemanno,1991-12-05,30.94
12/11/2022,Wales,18,Eduardo Bello,1995-11-27,26.96
12/11/2022,Wales,15,Juan Cruz Mallia,1996-09-11,26.17
12/11/2022,Wales,2,Agustín Creevy,1985-03-15,37.66
12/11/2022,Wales,3,Francisco Gomez Kodela,1985-07-03,37.36
19/11/2022,Scotland,1,Thomas Gallo,1999-04-30,23.56
19/11/2022,Scotland,7,Marcos Kremer,1997-07-30,25.31
19/11/2022,Scotland,20,Facundo Isa,1993-09-21,29.16
19/11/2022,Scotland,13,Matias Orlando,1991-11-14,31.02
19/11/2022,Scotland,10,Santiago Carreras,1998-03-30,24.64
19/11/2022,Scotland,23,Matias Moroni,1991-03-29,31.64
19/11/2022,Scotland,17,Nahuel Tetaz Chaparro,1989-11-06,33.04
19/11/2022,Scotland,22,Nicolas Sanchez,1988-10-26,34.07
19/11/2022,Scotland,11,Emiliano Boffelli,1995-01-16,27.84
19/11/2022,Scotland,8,Pablo Matera,1993-07-18,29.34
19/11/2022,Scotland,12,Jeronimo de la Fuente,1991-02-24,31.74
19/11/2022,Scotland,5,Tomas Lavanini,1993-01-22,29.82
19/11/2022,Scotland,14,Bautista Delguy,1997-04-22,25.58
19/11/2022,Scotland,9,Gonzalo Bertranou,1993-12-31,28.88
19/11/2022,Scotland,21,Lautaro Bazan Velez,1996-02-24,26.74
19/11/2022,Scotland,16,Ignacio Ruiz,2001-01-03,21.88
19/11/2022,Scotland,6,Juan Martin Gonzalez,2000-11-14,22.01
19/11/2022,Scotland,19,Lucas Paulos,1998-01-09,24.86
19/11/2022,Scotland,4,Matias Alemanno,1991-12-05,30.96
19/11/2022,Scotland,3,Eduardo Bello,1995-11-27,26.98
19/11/2022,Scotland,2,Julian Montoya,1993-10-29,29.06
19/11/2022,Scotland,15,Juan Cruz Mallia,1996-09-11,26.19
19/11/2022,Scotland,18,Santiago Medrano,1996-05-06,26.54
08/07/2023,New Zealand,1,Thomas Gallo,1999-04-30,24.19
08/07/2023,New Zealand,23,Matias Orlando,1991-11-14,31.65
08/07/2023,New Zealand,10,Santiago Carreras,1998-03-30,25.27
08/07/2023,New Zealand,13,Matias Moroni,1991-03-29,32.28
08/07/2023,New Zealand,22,Nicolas Sanchez,1988-10-26,34.7
08/07/2023,New Zealand,15,Emiliano Boffelli,1995-01-16,28.47
08/07/2023,New Zealand,6,Pablo Matera,1993-07-18,29.97
08/07/2023,New Zealand,5,Tomas Lavanini,1993-01-22,30.46
08/07/2023,New Zealand,14,Sebastian Cancelliere,1993-09-17,29.8
08/07/2023,New Zealand,9,Gonzalo Bertranou,1993-12-31,29.52
08/07/2023,New Zealand,21,Lautaro Bazan Velez,1996-02-24,27.37
08/07/2023,New Zealand,3,Lucio Sordoni,1998-07-23,24.96
08/07/2023,New Zealand,11,Mateo Carreras,1999-12-17,23.56
08/07/2023,New Zealand,7,Juan Martin Gonzalez,2000-11-14,22.65
08/07/2023,New Zealand,17,Mayco Vivas,1998-06-02,25.1
08/07/2023,New Zealand,12,Lucio Cinti,2000-02-23,23.37
08/07/2023,New Zealand,4,Matias Alemanno,1991-12-05,31.59
08/07/2023,New Zealand,18,Eduardo Bello,1995-11-27,27.61
08/07/2023,New Zealand,2,Julian Montoya,1993-10-29,29.69
08/07/2023,New Zealand,20,Santiago Grondona,1998-07-25,24.95
08/07/2023,New Zealand,8,Rodrigo Bruni,1993-09-03,29.84
08/07/2023,New Zealand,16,Agustín Creevy,1985-03-15,38.31
08/07/2023,New Zealand,19,Pedro Rubiolo,2002-12-21,20.55
15/07/2023,Australia,1,Thomas Gallo,1999-04-30,24.21
15/07/2023,Australia,10,Santiago Carreras,1998-03-30,25.29
15/07/2023,Australia,23,Matias Moroni,1991-03-29,32.3
15/07/2023,Australia,17,Nahuel Tetaz Chaparro,1989-11-06,33.69
15/07/2023,Australia,22,Nicolas Sanchez,1988-10-26,34.72
15/07/2023,Australia,15,Emiliano Boffelli,1995-01-16,28.49
15/07/2023,Australia,6,Pablo Matera,1993-07-18,29.99
15/07/2023,Australia,12,Jeronimo de la Fuente,1991-02-24,32.39
15/07/2023,Australia,5,Tomas Lavanini,1993-01-22,30.48
15/07/2023,Australia,9,Gonzalo Bertranou,1993-12-31,29.54
15/07/2023,Australia,21,Lautaro Bazan Velez,1996-02-24,27.39
15/07/2023,Australia,11,Mateo Carreras,1999-12-17,23.58
15/07/2023,Australia,8,Juan Martin Gonzalez,2000-11-14,22.66
15/07/2023,Australia,19,Lucas Paulos,1998-01-09,25.51
15/07/2023,Australia,13,Lucio Cinti,2000-02-23,23.39
15/07/2023,Australia,4,Matias Alemanno,1991-12-05,31.61
15/07/2023,Australia,14,Rodrigo Isgro,1999-03-24,24.31
15/07/2023,Australia,18,Eduardo Bello,1995-11-27,27.63
15/07/2023,Australia,2,Julian Montoya,1993-10-29,29.71
15/07/2023,Australia,7,Santiago Grondona,1998-07-25,24.97
15/07/2023,Australia,20,Rodrigo Bruni,1993-09-03,29.86
15/07/2023,Australia,16,Agustín Creevy,1985-03-15,38.33
15/07/2023,Australia,3,Francisco Gomez Kodela,1985-07-03,38.03
29/07/2023,South Africa,1,Thomas Gallo,1999-04-30,24.25
29/07/2023,South Africa,20,Facundo Isa,1993-09-21,29.85
29/07/2023,South Africa,18,Joel Sclavi,1994-06-25,29.09
29/07/2023,South Africa,10,Santiago Carreras,1998-03-30,25.33
29/07/2023,South Africa,11,Juan Imhoff,1988-05-11,35.21
29/07/2023,South Africa,22,Tomas Albornoz,1997-09-17,25.86
29/07/2023,South Africa,23,Matias Moroni,1991-03-29,32.33
29/07/2023,South Africa,17,Nahuel Tetaz Chaparro,1989-11-06,33.73
29/07/2023,South Africa,6,Pablo Matera,1993-07-18,30.03
29/07/2023,South Africa,5,Tomas Lavanini,1993-01-22,30.51
29/07/2023,South Africa,21,Gonzalo Bertranou,1993-12-31,29.57
29/07/2023,South Africa,9,Lautaro Bazan Velez,1996-02-24,27.43
29/07/2023,South Africa,14,Mateo Carreras,1999-12-17,23.61
29/07/2023,South Africa,16,Ignacio Ruiz,2001-01-03,22.57
29/07/2023,South Africa,8,Juan Martin Gonzalez,2000-11-14,22.7
29/07/2023,South Africa,4,Lucas Paulos,1998-01-09,25.55
29/07/2023,South Africa,12,Santiago Chocobares,1999-03-31,24.33
29/07/2023,South Africa,13,Lucio Cinti,2000-02-23,23.43
29/07/2023,South Africa,2,Julian Montoya,1993-10-29,29.75
29/07/2023,South Africa,15,Juan Cruz Mallia,1996-09-11,26.88
29/07/2023,South Africa,7,Santiago Grondona,1998-07-25,25.01
29/07/2023,South Africa,3,Francisco Gomez Kodela,1985-07-03,38.07
29/07/2023,South Africa,19,Pedro Rubiolo,2002-12-21,20.6
05/08/2023,South Africa,1,Thomas Gallo,1999-04-30,24.27
05/08/2023,South Africa,20,Facundo Isa,1993-09-21,29.87
05/08/2023,South Africa,17,Joel Sclavi,1994-06-25,29.11
05/08/2023,South Africa,10,Santiago Carreras,1998-03-30,25.35
05/08/2023,South Africa,22,Tomas Albornoz,1997-09-17,25.88
05/08/2023,South Africa,23,Matias Moroni,1991-03-29,32.35
05/08/2023,South Africa,14,Emiliano Boffelli,1995-01-16,28.55
05/08/2023,South Africa,6,Pablo Matera,1993-07-18,30.05
05/08/2023,South Africa,5,Tomas Lavanini,1993-01-22,30.53
05/08/2023,South Africa,15,Martín Bogado,1998-04-29,25.27
05/08/2023,South Africa,9,Gonzalo Bertranou,1993-12-31,29.59
05/08/2023,South Africa,21,Lautaro Bazan Velez,1996-02-24,27.44
05/08/2023,South Africa,8,Juan Martin Gonzalez,2000-11-14,22.72
05/08/2023,South Africa,19,Guido Petti Pagadizabal,1994-11-17,28.72
05/08/2023,South Africa,12,Santiago Chocobares,1999-03-31,24.35
05/08/2023,South Africa,13,Lucio Cinti,2000-02-23,23.45
05/08/2023,South Africa,18,Eduardo Bello,1995-11-27,27.69
05/08/2023,South Africa,2,Julian Montoya,1993-10-29,29.77
05/08/2023,South Africa,7,Santiago Grondona,1998-07-25,25.03
05/08/2023,South Africa,11,Santiago Cordero,1993-12-06,29.66
05/08/2023,South Africa,16,Agustín Creevy,1985-03-15,38.39
05/08/2023,South Africa,3,Francisco Gomez Kodela,1985-07-03,38.09
05/08/2023,South Africa,4,Pedro Rubiolo,2002-12-21,20.62
26/08/2023,Spain,7,Marcos Kremer,1997-07-30,26.07
26/08/2023,Spain,8,Facundo Isa,1993-09-21,29.93
26/08/2023,Spain,1,Joel Sclavi,1994-06-25,29.17
26/08/2023,Spain,9,Tomas Cubelli,1989-06-12,34.2
26/08/2023,Spain,13,Matias Moroni,1991-03-29,32.41
26/08/2023,Spain,10,Nicolas Sanchez,1988-10-26,34.83
26/08/2023,Spain,22,Jeronimo de la Fuente,1991-02-24,32.5
26/08/2023,Spain,23,Martín Bogado,1998-04-29,25.33
26/08/2023,Spain,21,Lautaro Bazan Velez,1996-02-24,27.5
26/08/2023,Spain,18,Lucio Sordoni,1998-07-23,25.09
26/08/2023,Spain,11,Mateo Carreras,1999-12-17,23.69
26/08/2023,Spain,16,Ignacio Ruiz,2001-01-03,22.64
26/08/2023,Spain,17,Mayco Vivas,1998-06-02,25.23
26/08/2023,Spain,4,Guido Petti Pagadizabal,1994-11-17,28.77
26/08/2023,Spain,12,Santiago Chocobares,1999-03-31,24.41
26/08/2023,Spain,19,Matias Alemanno,1991-12-05,31.72
26/08/2023,Spain,14,Rodrigo Isgro,1999-03-24,24.42
26/08/2023,Spain,3,Eduardo Bello,1995-11-27,27.75
26/08/2023,Spain,15,Juan Cruz Mallia,1996-09-11,26.95
26/08/2023,Spain,20,Santiago Grondona,1998-07-25,25.09
26/08/2023,Spain,6,Rodrigo Bruni,1993-09-03,29.98
26/08/2023,Spain,2,Agustín Creevy,1985-03-15,38.45
26/08/2023,Spain,5,Pedro Rubiolo,2002-12-21,20.68
09/09/2023,England,1,Thomas Gallo,1999-04-30,24.36
09/09/2023,England,7,Marcos Kremer,1997-07-30,26.11
09/09/2023,England,17,Joel Sclavi,1994-06-25,29.21
09/09/2023,England,10,Santiago Carreras,1998-03-30,25.45
09/09/2023,England,23,Matias Moroni,1991-03-29,32.45
09/09/2023,England,14,Emiliano Boffelli,1995-01-16,28.65
09/09/2023,England,6,Pablo Matera,1993-07-18,30.14
09/09/2023,England,5,Tomas Lavanini,1993-01-22,30.63
09/09/2023,England,9,Gonzalo Bertranou,1993-12-31,29.69
09/09/2023,England,22,Lautaro Bazan Velez,1996-02-24,27.54
09/09/2023,England,11,Mateo Carreras,1999-12-17,23.73
09/09/2023,England,8,Juan Martin Gonzalez,2000-11-14,22.82
09/09/2023,England,19,Guido Petti Pagadizabal,1994-11-17,28.81
09/09/2023,England,12,Santiago Chocobares,1999-03-31,24.44
09/09/2023,England,13,Lucio Cinti,2000-02-23,23.54
09/09/2023,England,4,Matias Alemanno,1991-12-05,31.76
09/09/2023,England,18,Eduardo Bello,1995-11-27,27.78
09/09/2023,England,2,Julian Montoya,1993-10-29,29.86
09/09/2023,England,15,Juan Cruz Mallia,1996-09-11,26.99
09/09/2023,England,21,Rodrigo Bruni,1993-09-03,30.02
09/09/2023,England,16,Agustín Creevy,1985-03-15,38.49
09/09/2023,England,3,Francisco Gomez Kodela,1985-07-03,38.19
09/09/2023,England,20,Pedro Rubiolo,2002-12-21,20.72
22/09/2023,Samoa,1,Thomas Gallo,1999-04-30,24.4
22/09/2023,Samoa,7,Marcos Kremer,1997-07-30,26.15
22/09/2023,Samoa,10,Santiago Carreras,1998-03-30,25.48
22/09/2023,Samoa,21,Tomas Cubelli,1989-06-12,34.28
22/09/2023,Samoa,13,Matias Moroni,1991-03-29,32.49
22/09/2023,Samoa,22,Nicolas Sanchez,1988-10-26,34.91
22/09/2023,Samoa,14,Emiliano Boffelli,1995-01-16,28.68
22/09/2023,Samoa,6,Pablo Matera,1993-07-18,30.18
22/09/2023,Samoa,9,Gonzalo Bertranou,1993-12-31,29.73
22/09/2023,Samoa,11,Mateo Carreras,1999-12-17,23.77
22/09/2023,Samoa,8,Juan Martin Gonzalez,2000-11-14,22.85
22/09/2023,Samoa,17,Mayco Vivas,1998-06-02,25.31
22/09/2023,Samoa,4,Guido Petti Pagadizabal,1994-11-17,28.85
22/09/2023,Samoa,12,Santiago Chocobares,1999-03-31,24.48
22/09/2023,Samoa,23,Lucio Cinti,2000-02-23,23.58
22/09/2023,Samoa,5,Matias Alemanno,1991-12-05,31.8
22/09/2023,Samoa,3,Eduardo Bello,1995-11-27,27.82
22/09/2023,Samoa,2,Julian Montoya,1993-10-29,29.9
22/09/2023,Samoa,15,Juan Cruz Mallia,1996-09-11,27.03
22/09/2023,Samoa,20,Rodrigo Bruni,1993-09-03,30.05
22/09/2023,Samoa,16,Agustín Creevy,1985-03-15,38.52
22/09/2023,Samoa,18,Francisco Gomez Kodela,1985-07-03,38.22
22/09/2023,Samoa,19,Pedro Rubiolo,2002-12-21,20.75
30/09/2023,Chile,7,Marcos Kremer,1997-07-30,26.17
30/09/2023,Chile,8,Facundo Isa,1993-09-21,30.02
30/09/2023,Chile,1,Joel Sclavi,1994-06-25,29.27
30/09/2023,Chile,22,Santiago Carreras,1998-03-30,25.5
30/09/2023,Chile,9,Tomas Cubelli,1989-06-12,34.3
30/09/2023,Chile,11,Juan Imhoff,1988-05-11,35.39
30/09/2023,Chile,10,Nicolas Sanchez,1988-10-26,34.93
30/09/2023,Chile,12,Jeronimo de la Fuente,1991-02-24,32.6
30/09/2023,Chile,15,Martín Bogado,1998-04-29,25.42
30/09/2023,Chile,20,Joaquin Oviedo,2001-07-16,22.21
30/09/2023,Chile,21,Lautaro Bazan Velez,1996-02-24,27.6
30/09/2023,Chile,16,Ignacio Ruiz,2001-01-03,22.74
30/09/2023,Chile,6,Juan Martin Gonzalez,2000-11-14,22.88
30/09/2023,Chile,17,Mayco Vivas,1998-06-02,25.33
30/09/2023,Chile,4,Guido Petti Pagadizabal,1994-11-17,28.87
30/09/2023,Chile,13,Lucio Cinti,2000-02-23,23.6
30/09/2023,Chile,19,Matias Alemanno,1991-12-05,31.82
30/09/2023,Chile,14,Rodrigo Isgro,1999-03-24,24.52
30/09/2023,Chile,3,Eduardo Bello,1995-11-27,27.84
30/09/2023,Chile,23,Juan Cruz Mallia,1996-09-11,27.05
30/09/2023,Chile,2,Agustín Creevy,1985-03-15,38.54
30/09/2023,Chile,18,Francisco Gomez Kodela,1985-07-03,38.24
30/09/2023,Chile,5,Pedro Rubiolo,2002-12-21,20.78
08/10/2023,Japan,1,Thomas Gallo,1999-04-30,24.44
08/10/2023,Japan,7,Marcos Kremer,1997-07-30,26.19
08/10/2023,Japan,17,Joel Sclavi,1994-06-25,29.29
08/10/2023,Japan,10,Santiago Carreras,1998-03-30,25.53
08/10/2023,Japan,23,Matias Moroni,1991-03-29,32.53
08/10/2023,Japan,22,Nicolas Sanchez,1988-10-26,34.95
08/10/2023,Japan,14,Emiliano Boffelli,1995-01-16,28.73
08/10/2023,Japan,6,Pablo Matera,1993-07-18,30.22
08/10/2023,Japan,5,Tomas Lavanini,1993-01-22,30.71
08/10/2023,Japan,9,Gonzalo Bertranou,1993-12-31,29.77
08/10/2023,Japan,21,Lautaro Bazan Velez,1996-02-24,27.62
08/10/2023,Japan,11,Mateo Carreras,1999-12-17,23.81
08/10/2023,Japan,8,Juan Martin Gonzalez,2000-11-14,22.9
08/10/2023,Japan,4,Guido Petti Pagadizabal,1994-11-17,28.89
08/10/2023,Japan,12,Santiago Chocobares,1999-03-31,24.52
08/10/2023,Japan,13,Lucio Cinti,2000-02-23,23.62
08/10/2023,Japan,19,Matias Alemanno,1991-12-05,31.84
08/10/2023,Japan,18,Eduardo Bello,1995-11-27,27.86
08/10/2023,Japan,2,Julian Montoya,1993-10-29,29.94
08/10/2023,Japan,15,Juan Cruz Mallia,1996-09-11,27.07
08/10/2023,Japan,16,Agustín Creevy,1985-03-15,38.57
08/10/2023,Japan,3,Francisco Gomez Kodela,1985-07-03,38.26
08/10/2023,Japan,20,Pedro Rubiolo,2002-12-21,20.8
14/10/2023,Wales,1,Thomas Gallo,1999-04-30,24.46
14/10/2023,Wales,7,Marcos Kremer,1997-07-30,26.21
14/10/2023,Wales,8,Facundo Isa,1993-09-21,30.06
14/10/2023,Wales,17,Joel Sclavi,1994-06-25,29.3
14/10/2023,Wales,10,Santiago Carreras,1998-03-30,25.54
14/10/2023,Wales,9,Tomas Cubelli,1989-06-12,34.34
14/10/2023,Wales,23,Matias Moroni,1991-03-29,32.55
14/10/2023,Wales,22,Nicolas Sanchez,1988-10-26,34.97
14/10/2023,Wales,14,Emiliano Boffelli,1995-01-16,28.74
14/10/2023,Wales,5,Tomas Lavanini,1993-01-22,30.72
14/10/2023,Wales,21,Lautaro Bazan Velez,1996-02-24,27.64
14/10/2023,Wales,11,Mateo Carreras,1999-12-17,23.83
14/10/2023,Wales,6,Juan Martin Gonzalez,2000-11-14,22.91
14/10/2023,Wales,4,Guido Petti Pagadizabal,1994-11-17,28.91
14/10/2023,Wales,12,Santiago Chocobares,1999-03-31,24.54
14/10/2023,Wales,13,Lucio Cinti,2000-02-23,23.64
14/10/2023,Wales,19,Matias Alemanno,1991-12-05,31.86
14/10/2023,Wales,18,Eduardo Bello,1995-11-27,27.88
14/10/2023,Wales,2,Julian Montoya,1993-10-29,29.96
14/10/2023,Wales,15,Juan Cruz Mallia,1996-09-11,27.09
14/10/2023,Wales,20,Rodrigo Bruni,1993-09-03,30.11
14/10/2023,Wales,16,Agustín Creevy,1985-03-15,38.58
14/10/2023,Wales,3,Francisco Gomez Kodela,1985-07-03,38.28
20/10/2023,New Zealand,1,Thomas Gallo,1999-04-30,24.47
20/10/2023,New Zealand,7,Marcos Kremer,1997-07-30,26.22
20/10/2023,New Zealand,8,Facundo Isa,1993-09-21,30.08
20/10/2023,New Zealand,17,Joel Sclavi,1994-06-25,29.32
20/10/2023,New Zealand,10,Santiago Carreras,1998-03-30,25.56
20/10/2023,New Zealand,23,Matias Moroni,1991-03-29,32.56
20/10/2023,New Zealand,22,Nicolas Sanchez,1988-10-26,34.98
20/10/2023,New Zealand,14,Emiliano Boffelli,1995-01-16,28.76
20/10/2023,New Zealand,5,Tomas Lavanini,1993-01-22,30.74
20/10/2023,New Zealand,9,Gonzalo Bertranou,1993-12-31,29.8
20/10/2023,New Zealand,21,Lautaro Bazan Velez,1996-02-24,27.65
20/10/2023,New Zealand,11,Mateo Carreras,1999-12-17,23.84
20/10/2023,New Zealand,6,Juan Martin Gonzalez,2000-11-14,22.93
20/10/2023,New Zealand,4,Guido Petti Pagadizabal,1994-11-17,28.92
20/10/2023,New Zealand,12,Santiago Chocobares,1999-03-31,24.56
20/10/2023,New Zealand,13,Lucio Cinti,2000-02-23,23.66
20/10/2023,New Zealand,19,Matias Alemanno,1991-12-05,31.87
20/10/2023,New Zealand,18,Eduardo Bello,1995-11-27,27.9
20/10/2023,New Zealand,2,Julian Montoya,1993-10-29,29.97
20/10/2023,New Zealand,15,Juan Cruz Mallia,1996-09-11,27.11
20/10/2023,New Zealand,20,Rodrigo Bruni,1993-09-03,30.13
20/10/2023,New Zealand,16,Agustín Creevy,1985-03-15,38.6
20/10/2023,New Zealand,3,Francisco Gomez Kodela,1985-07-03,38.3
27/10/2023,England,1,Thomas Gallo,1999-04-30,24.49
27/10/2023,England,7,Marcos Kremer,1997-07-30,26.24
27/10/2023,England,8,Facundo Isa,1993-09-21,30.1
27/10/2023,England,17,Joel Sclavi,1994-06-25,29.34
27/10/2023,England,10,Santiago Carreras,1998-03-30,25.58
27/10/2023,England,9,Tomas Cubelli,1989-06-12,34.37
27/10/2023,England,23,Matias Moroni,1991-03-29,32.58
27/10/2023,England,22,Nicolas Sanchez,1988-10-26,35.0
27/10/2023,England,14,Emiliano Boffelli,1995-01-16,28.78
27/10/2023,England,12,Jeronimo de la Fuente,1991-02-24,32.67
27/10/2023,England,21,Lautaro Bazan Velez,1996-02-24,27.67
27/10/2023,England,11,Mateo Carreras,1999-12-17,23.86
27/10/2023,England,6,Juan Martin Gonzalez,2000-11-14,22.95
27/10/2023,England,4,Guido Petti Pagadizabal,1994-11-17,28.94
27/10/2023,England,13,Lucio Cinti,2000-02-23,23.67
27/10/2023,England,19,Matias Alemanno,1991-12-05,31.89
27/10/2023,England,18,Eduardo Bello,1995-11-27,27.92
27/10/2023,England,2,Julian Montoya,1993-10-29,29.99
27/10/2023,England,15,Juan Cruz Mallia,1996-09-11,27.12
27/10/2023,England,20,Rodrigo Bruni,1993-09-03,30.15
27/10/2023,England,16,Agustín Creevy,1985-03-15,38.62
27/10/2023,England,3,Francisco Gomez Kodela,1985-07-03,38.32
27/10/2023,England,5,Pedro Rubiolo,2002-12-21,20.85
06/07/2024,France,1,Thomas Gallo,1999-04-30,25.19
06/07/2024,France,7,Marcos Kremer,1997-07-30,26.94
06/07/2024,France,23,Matias Orlando,1991-11-14,32.64
06/07/2024,France,10,Santiago Carreras,1998-03-30,26.27
06/07/2024,France,22,Tomas Albornoz,1997-09-17,26.8
06/07/2024,France,13,Matias Moroni,1991-03-29,33.27
06/07/2024,France,6,Pablo Matera,1993-07-18,30.97
06/07/2024,France,12,Jeronimo de la Fuente,1991-02-24,33.36
06/07/2024,France,14,Bautista Delguy,1997-04-22,27.21
06/07/2024,France,15,Martín Bogado,1998-04-29,26.19
06/07/2024,France,9,Gonzalo Bertranou,1993-12-31,30.51
06/07/2024,France,8,Joaquin Oviedo,2001-07-16,22.97
06/07/2024,France,21,Lautaro Bazan Velez,1996-02-24,28.36
06/07/2024,France,19,Franco Molina,1997-08-28,26.86
06/07/2024,France,18,Lucio Sordoni,1998-07-23,25.96
06/07/2024,France,11,Mateo Carreras,1999-12-17,24.55
06/07/2024,France,16,Ignacio Ruiz,2001-01-03,23.5
06/07/2024,France,17,Mayco Vivas,1998-06-02,26.09
06/07/2024,France,5,Lucas Paulos,1998-01-09,26.49
06/07/2024,France,4,Matias Alemanno,1991-12-05,32.59
06/07/2024,France,3,Eduardo Bello,1995-11-27,28.61
06/07/2024,France,2,Julian Montoya,1993-10-29,30.69
06/07/2024,France,20,Juan Bautista Pedemonte,2000-03-14,24.31
13/07/2024,France,17,Thomas Gallo,1999-04-30,25.21
13/07/2024,France,7,Marcos Kremer,1997-07-30,26.95
13/07/2024,France,23,Matias Orlando,1991-11-14,32.66
13/07/2024,France,10,Santiago Carreras,1998-03-30,26.29
13/07/2024,France,22,Tomas Albornoz,1997-09-17,26.82
13/07/2024,France,13,Matias Moroni,1991-03-29,33.29
13/07/2024,France,6,Pablo Matera,1993-07-18,30.99
13/07/2024,France,14,Bautista Delguy,1997-04-22,27.23
13/07/2024,France,21,Gonzalo Bertranou,1993-12-31,30.53
13/07/2024,France,8,Joaquin Oviedo,2001-07-16,22.99
13/07/2024,France,9,Lautaro Bazan Velez,1996-02-24,28.38
13/07/2024,France,4,Franco Molina,1997-08-28,26.88
13/07/2024,France,18,Lucio Sordoni,1998-07-23,25.97
13/07/2024,France,11,Mateo Carreras,1999-12-17,24.57
13/07/2024,France,16,Ignacio Ruiz,2001-01-03,23.52
13/07/2024,France,1,Mayco Vivas,1998-06-02,26.11
13/07/2024,France,5,Lucas Paulos,1998-01-09,26.51
13/07/2024,France,12,Santiago Chocobares,1999-03-31,25.29
13/07/2024,France,19,Matias Alemanno,1991-12-05,32.61
13/07/2024,France,3,Eduardo Bello,1995-11-27,28.63
13/07/2024,France,2,Julian Montoya,1993-10-29,30.71
13/07/2024,France,15,Santiago Cordero,1993-12-06,30.6
13/07/2024,France,20,Pedro Rubiolo,2002-12-21,21.56
20/07/2024,Uruguay,1,Thomas Gallo,1999-04-30,25.22
20/07/2024,Uruguay,7,Marcos Kremer,1997-07-30,26.97
20/07/2024,Uruguay,21,Gonzalo Garcia,1999-03-05,25.38
20/07/2024,Uruguay,14,Ignacio Mendy,2000-06-29,24.06
20/07/2024,Uruguay,23,Matias Orlando,1991-11-14,32.68
20/07/2024,Uruguay,22,Santiago Carreras,1998-03-30,26.31
20/07/2024,Uruguay,10,Tomas Albornoz,1997-09-17,26.84
20/07/2024,Uruguay,20,Pablo Matera,1993-07-18,31.01
20/07/2024,Uruguay,12,Jeronimo de la Fuente,1991-02-24,33.4
20/07/2024,Uruguay,9,Gonzalo Bertranou,1993-12-31,30.55
20/07/2024,Uruguay,18,Francisco Coria Marchetti,2000-10-07,23.78
20/07/2024,Uruguay,8,Joaquin Oviedo,2001-07-16,23.01
20/07/2024,Uruguay,4,Franco Molina,1997-08-28,26.89
20/07/2024,Uruguay,11,Mateo Carreras,1999-12-17,24.59
20/07/2024,Uruguay,2,Ignacio Ruiz,2001-01-03,23.54
20/07/2024,Uruguay,17,Mayco Vivas,1998-06-02,26.13
20/07/2024,Uruguay,16,Ignacio Calles,1995-10-24,28.74
20/07/2024,Uruguay,13,Santiago Chocobares,1999-03-31,25.31
20/07/2024,Uruguay,19,Matias Alemanno,1991-12-05,32.62
20/07/2024,Uruguay,3,Eduardo Bello,1995-11-27,28.65
20/07/2024,Uruguay,6,Joaquin Moro,2001-01-24,23.49
20/07/2024,Uruguay,15,Santiago Cordero,1993-12-06,30.62
20/07/2024,Uruguay,5,Pedro Rubiolo,2002-12-21,21.58
10/08/2024,New Zealand,1,Thomas Gallo,1999-04-30,25.28
10/08/2024,New Zealand,7,Marcos Kremer,1997-07-30,27.03
10/08/2024,New Zealand,18,Joel Sclavi,1994-06-25,30.13
10/08/2024,New Zealand,10,Santiago Carreras,1998-03-30,26.37
10/08/2024,New Zealand,23,Tomas Albornoz,1997-09-17,26.9
10/08/2024,New Zealand,14,Matias Moroni,1991-03-29,33.37
10/08/2024,New Zealand,6,Pablo Matera,1993-07-18,31.06
10/08/2024,New Zealand,20,Tomas Lavanini,1993-01-22,31.55
10/08/2024,New Zealand,9,Gonzalo Bertranou,1993-12-31,30.61
10/08/2024,New Zealand,21,Joaquin Oviedo,2001-07-16,23.07
10/08/2024,New Zealand,22,Lautaro Bazan Velez,1996-02-24,28.46
10/08/2024,New Zealand,19,Efrain Elias,2004-04-30,20.28
10/08/2024,New Zealand,4,Franco Molina,1997-08-28,26.95
10/08/2024,New Zealand,11,Mateo Carreras,1999-12-17,24.65
10/08/2024,New Zealand,2,Ignacio Ruiz,2001-01-03,23.6
10/08/2024,New Zealand,8,Juan Martin Gonzalez,2000-11-14,23.74
10/08/2024,New Zealand,17,Mayco Vivas,1998-06-02,26.19
10/08/2024,New Zealand,12,Santiago Chocobares,1999-03-31,25.36
10/08/2024,New Zealand,13,Lucio Cinti,2000-02-23,24.46
10/08/2024,New Zealand,3,Eduardo Bello,1995-11-27,28.7
10/08/2024,New Zealand,15,Juan Cruz Mallia,1996-09-11,27.91
10/08/2024,New Zealand,16,Agustín Creevy,1985-03-15,39.41
10/08/2024,New Zealand,5,Pedro Rubiolo,2002-12-21,21.64
17/08/2024,New Zealand,1,Thomas Gallo,1999-04-30,25.3
17/08/2024,New Zealand,4,Marcos Kremer,1997-07-30,27.05
17/08/2024,New Zealand,18,Joel Sclavi,1994-06-25,30.15
17/08/2024,New Zealand,10,Santiago Carreras,1998-03-30,26.39
17/08/2024,New Zealand,22,Tomas Albornoz,1997-09-17,26.92
17/08/2024,New Zealand,14,Matias Moroni,1991-03-29,33.39
17/08/2024,New Zealand,6,Pablo Matera,1993-07-18,31.08
17/08/2024,New Zealand,20,Tomas Lavanini,1993-01-22,31.57
17/08/2024,New Zealand,23,Bautista Delguy,1997-04-22,27.32
17/08/2024,New Zealand,9,Gonzalo Bertranou,1993-12-31,30.63
17/08/2024,New Zealand,8,Joaquin Oviedo,2001-07-16,23.09
17/08/2024,New Zealand,21,Lautaro Bazan Velez,1996-02-24,28.48
17/08/2024,New Zealand,19,Franco Molina,1997-08-28,26.97
17/08/2024,New Zealand,3,Lucio Sordoni,1998-07-23,26.07
17/08/2024,New Zealand,11,Mateo Carreras,1999-12-17,24.67
17/08/2024,New Zealand,16,Ignacio Ruiz,2001-01-03,23.62
17/08/2024,New Zealand,7,Juan Martin Gonzalez,2000-11-14,23.76
17/08/2024,New Zealand,17,Mayco Vivas,1998-06-02,26.21
17/08/2024,New Zealand,12,Santiago Chocobares,1999-03-31,25.38
17/08/2024,New Zealand,13,Lucio Cinti,2000-02-23,24.48
17/08/2024,New Zealand,2,Julian Montoya,1993-10-29,30.8
17/08/2024,New Zealand,15,Juan Cruz Mallia,1996-09-11,27.93
17/08/2024,New Zealand,5,Pedro Rubiolo,2002-12-21,21.66
31/08/2024,Australia,1,Thomas Gallo,1999-04-30,25.34
31/08/2024,Australia,7,Marcos Kremer,1997-07-30,27.09
31/08/2024,Australia,3,Joel Sclavi,1994-06-25,30.19
31/08/2024,Australia,10,Santiago Carreras,1998-03-30,26.42
31/08/2024,Australia,23,Tomas Albornoz,1997-09-17,26.95
31/08/2024,Australia,6,Pablo Matera,1993-07-18,31.12
31/08/2024,Australia,20,Tomas Lavanini,1993-01-22,31.61
31/08/2024,Australia,9,Gonzalo Bertranou,1993-12-31,30.67
31/08/2024,Australia,22,Lautaro Bazan Velez,1996-02-24,28.52
31/08/2024,Australia,4,Franco Molina,1997-08-28,27.01
31/08/2024,Australia,11,Mateo Carreras,1999-12-17,24.71
31/08/2024,Australia,8,Juan Martin Gonzalez,2000-11-14,23.8
31/08/2024,Australia,17,Mayco Vivas,1998-06-02,26.25
31/08/2024,Australia,19,Guido Petti Pagadizabal,1994-11-17,29.79
31/08/2024,Australia,12,Santiago Chocobares,1999-03-31,25.42
31/08/2024,Australia,13,Lucio Cinti,2000-02-23,24.52
31/08/2024,Australia,18,Eduardo Bello,1995-11-27,28.76
31/08/2024,Australia,2,Julian Montoya,1993-10-29,30.84
31/08/2024,Australia,15,Juan Cruz Mallia,1996-09-11,27.97
31/08/2024,Australia,21,Santiago Grondona,1998-07-25,26.1
31/08/2024,Australia,14,Santiago Cordero,1993-12-06,30.74
31/08/2024,Australia,16,Agustín Creevy,1985-03-15,39.46
31/08/2024,Australia,5,Pedro Rubiolo,2002-12-21,21.7
21/09/2024,South Africa,1,Thomas Gallo,1999-04-30,25.4
21/09/2024,South Africa,7,Marcos Kremer,1997-07-30,27.15
21/09/2024,South Africa,21,Gonzalo Garcia,1999-03-05,25.55
21/09/2024,South Africa,3,Joel Sclavi,1994-06-25,30.24
21/09/2024,South Africa,22,Santiago Carreras,1998-03-30,26.48
21/09/2024,South Africa,10,Tomas Albornoz,1997-09-17,27.01
21/09/2024,South Africa,23,Matias Moroni,1991-03-29,33.48
21/09/2024,South Africa,6,Pablo Matera,1993-07-18,31.18
21/09/2024,South Africa,14,Bautista Delguy,1997-04-22,27.42
21/09/2024,South Africa,9,Gonzalo Bertranou,1993-12-31,30.72
21/09/2024,South Africa,8,Joaquin Oviedo,2001-07-16,23.18
21/09/2024,South Africa,4,Franco Molina,1997-08-28,27.07
21/09/2024,South Africa,11,Mateo Carreras,1999-12-17,24.76
21/09/2024,South Africa,16,Ignacio Ruiz,2001-01-03,23.72
21/09/2024,South Africa,20,Juan Martin Gonzalez,2000-11-14,23.85
21/09/2024,South Africa,19,Guido Petti Pagadizabal,1994-11-17,29.85
21/09/2024,South Africa,17,Ignacio Calles,1995-10-24,28.91
21/09/2024,South Africa,18,Pedro Delgado,1997-09-01,27.06
21/09/2024,South Africa,12,Santiago Chocobares,1999-03-31,25.48
21/09/2024,South Africa,13,Lucio Cinti,2000-02-23,24.58
21/09/2024,South Africa,2,Julian Montoya,1993-10-29,30.9
21/09/2024,South Africa,15,Juan Cruz Mallia,1996-09-11,28.03
21/09/2024,South Africa,5,Pedro Rubiolo,2002-12-21,21.75
28/09/2024,South Africa,1,Thomas Gallo,1999-04-30,25.42
28/09/2024,South Africa,9,Gonzalo Garcia,1999-03-05,25.57
28/09/2024,South Africa,3,Joel Sclavi,1994-06-25,30.26
28/09/2024,South Africa,15,Santiago Carreras,1998-03-30,26.5
28/09/2024,South Africa,10,Tomas Albornoz,1997-09-17,27.03
28/09/2024,South Africa,13,Matias Moroni,1991-03-29,33.5
28/09/2024,South Africa,20,Pablo Matera,1993-07-18,31.2
28/09/2024,South Africa,5,Tomas Lavanini,1993-01-22,31.68
28/09/2024,South Africa,8,Joaquin Oviedo,2001-07-16,23.2
28/09/2024,South Africa,21,Lautaro Bazan Velez,1996-02-24,28.59
28/09/2024,South Africa,19,Franco Molina,1997-08-28,27.09
28/09/2024,South Africa,11,Mateo Carreras,1999-12-17,24.78
28/09/2024,South Africa,16,Ignacio Ruiz,2001-01-03,23.73
28/09/2024,South Africa,6,Juan Martin Gonzalez,2000-11-14,23.87
28/09/2024,South Africa,17,Ignacio Calles,1995-10-24,28.93
28/09/2024,South Africa,18,Pedro Delgado,1997-09-01,27.08
28/09/2024,South Africa,12,Santiago Chocobares,1999-03-31,25.5
28/09/2024,South Africa,22,Lucio Cinti,2000-02-23,24.6
28/09/2024,South Africa,14,Rodrigo Isgro,1999-03-24,25.52
28/09/2024,South Africa,2,Julian Montoya,1993-10-29,30.92
28/09/2024,South Africa,23,Juan Cruz Mallia,1996-09-11,28.05
28/09/2024,South Africa,7,Santiago Grondona,1998-07-25,26.18
28/09/2024,South Africa,4,Pedro Rubiolo,2002-12-21,21.77
09/11/2024,Italy,1,Thomas Gallo,1999-04-30,25.53
09/11/2024,Italy,21,Gonzalo Garcia,1999-03-05,25.68
09/11/2024,Italy,12,Matias Orlando,1991-11-14,32.99
09/11/2024,Italy,3,Joel Sclavi,1994-06-25,30.38
09/11/2024,Italy,10,Tomas Albornoz,1997-09-17,27.15
09/11/2024,Italy,22,Matias Moroni,1991-03-29,33.62
09/11/2024,Italy,11,Bautista Delguy,1997-04-22,27.55
09/11/2024,Italy,9,Gonzalo Bertranou,1993-12-31,30.86
09/11/2024,Italy,8,Joaquin Oviedo,2001-07-16,23.32
09/11/2024,Italy,4,Franco Molina,1997-08-28,27.2
09/11/2024,Italy,16,Ignacio Ruiz,2001-01-03,23.85
09/11/2024,Italy,6,Juan Martin Gonzalez,2000-11-14,23.99
09/11/2024,Italy,17,Ignacio Calles,1995-10-24,29.05
09/11/2024,Italy,13,Lucio Cinti,2000-02-23,24.71
09/11/2024,Italy,19,Matias Alemanno,1991-12-05,32.93
09/11/2024,Italy,14,Rodrigo Isgro,1999-03-24,25.63
09/11/2024,Italy,2,Julian Montoya,1993-10-29,31.03
09/11/2024,Italy,15,Juan Cruz Mallia,1996-09-11,28.16
09/11/2024,Italy,7,Santiago Grondona,1998-07-25,26.29
09/11/2024,Italy,23,Santiago Cordero,1993-12-06,30.93
09/11/2024,Italy,20,Juan Bautista Pedemonte,2000-03-14,24.66
09/11/2024,Italy,18,Francisco Gomez Kodela,1985-07-03,39.35
09/11/2024,Italy,5,Pedro Rubiolo,2002-12-21,21.89
15/11/2024,Ireland,1,Thomas Gallo,1999-04-30,25.55
15/11/2024,Ireland,23,Justo Piccardo,2002-01-05,22.86
15/11/2024,Ireland,21,Gonzalo Garcia,1999-03-05,25.7
15/11/2024,Ireland,3,Joel Sclavi,1994-06-25,30.39
15/11/2024,Ireland,22,Santiago Carreras,1998-03-30,26.63
15/11/2024,Ireland,10,Tomas Albornoz,1997-09-17,27.16
15/11/2024,Ireland,12,Matias Moroni,1991-03-29,33.64
15/11/2024,Ireland,6,Pablo Matera,1993-07-18,31.33
15/11/2024,Ireland,11,Bautista Delguy,1997-04-22,27.57
15/11/2024,Ireland,9,Gonzalo Bertranou,1993-12-31,30.88
15/11/2024,Ireland,8,Joaquin Oviedo,2001-07-16,23.34
15/11/2024,Ireland,19,Franco Molina,1997-08-28,27.22
15/11/2024,Ireland,16,Ignacio Ruiz,2001-01-03,23.87
15/11/2024,Ireland,7,Juan Martin Gonzalez,2000-11-14,24.0
15/11/2024,Ireland,4,Guido Petti Pagadizabal,1994-11-17,30.0
15/11/2024,Ireland,17,Ignacio Calles,1995-10-24,29.06
15/11/2024,Ireland,13,Lucio Cinti,2000-02-23,24.73
15/11/2024,Ireland,14,Rodrigo Isgro,1999-03-24,25.65
15/11/2024,Ireland,2,Julian Montoya,1993-10-29,31.05
15/11/2024,Ireland,15,Juan Cruz Mallia,1996-09-11,28.18
15/11/2024,Ireland,20,Santiago Grondona,1998-07-25,26.31
15/11/2024,Ireland,18,Francisco Gomez Kodela,1985-07-03,39.37
15/11/2024,Ireland,5,Pedro Rubiolo,2002-12-21,21.9
22/11/2024,France,1,Thomas Gallo,1999-04-30,25.57
22/11/2024,France,20,Marcos Kremer,1997-07-30,27.32
22/11/2024,France,9,Gonzalo Garcia,1999-03-05,25.72
22/11/2024,France,3,Joel Sclavi,1994-06-25,30.41
22/11/2024,France,22,Santiago Carreras,1998-03-30,26.65
22/11/2024,France,10,Tomas Albornoz,1997-09-17,27.18
22/11/2024,France,12,Matias Moroni,1991-03-29,33.65
22/11/2024,France,6,Pablo Matera,1993-07-18,31.35
22/11/2024,France,11,Bautista Delguy,1997-04-22,27.59
22/11/2024,France,8,Joaquin Oviedo,2001-07-16,23.35
22/11/2024,France,21,Lautaro Bazan Velez,1996-02-24,28.75
22/11/2024,France,19,Franco Molina,1997-08-28,27.24
22/11/2024,France,23,Mateo Carreras,1999-12-17,24.93
22/11/2024,France,16,Ignacio Ruiz,2001-01-03,23.89
22/11/2024,France,7,Juan Martin Gonzalez,2000-11-14,24.02
22/11/2024,France,4,Guido Petti Pagadizabal,1994-11-17,30.02
22/11/2024,France,17,Ignacio Calles,1995-10-24,29.08
22/11/2024,France,13,Lucio Cinti,2000-02-23,24.75
22/11/2024,France,14,Rodrigo Isgro,1999-03-24,25.67
22/11/2024,France,2,Julian Montoya,1993-10-29,31.07
22/11/2024,France,15,Juan Cruz Mallia,1996-09-11,28.2
22/11/2024,France,18,Francisco Gomez Kodela,1985-07-03,39.39
22/11/2024,France,5,Pedro Rubiolo,2002-12-21,21.92
20/06/2025,British & Irish Lions,12,Justo Piccardo,2002-01-05,23.46
20/06/2025,British & Irish Lions,9,Gonzalo Garcia,1999-03-05,26.29
20/06/2025,British & Irish Lions,11,Ignacio Mendy,2000-06-29,24.98
20/06/2025,British & Irish Lions,3,Joel Sclavi,1994-06-25,30.99
20/06/2025,British & Irish Lions,15,Santiago Carreras,1998-03-30,27.23
20/06/2025,British & Irish Lions,10,Tomas Albornoz,1997-09-17,27.76
20/06/2025,British & Irish Lions,17,Boris Wenger,2002-07-01,22.97
20/06/2025,British & Irish Lions,22,Matias Moroni,1991-03-29,34.23
20/06/2025,British & Irish Lions,6,Pablo Matera,1993-07-18,31.92
20/06/2025,British & Irish Lions,16,Bautista Bernasconi,2001-09-14,23.77
20/06/2025,British & Irish Lions,18,Francisco Coria Marchetti,2000-10-07,24.7
20/06/2025,British & Irish Lions,8,Joaquin Oviedo,2001-07-16,23.93
20/06/2025,British & Irish Lions,4,Franco Molina,1997-08-28,27.81
20/06/2025,British & Irish Lions,7,Juan Martin Gonzalez,2000-11-14,24.6
20/06/2025,British & Irish Lions,1,Mayco Vivas,1998-06-02,27.05
20/06/2025,British & Irish Lions,21,Simon Benitez Cruz,1990-09-06,34.79
20/06/2025,British & Irish Lions,13,Lucio Cinti,2000-02-23,25.32
20/06/2025,British & Irish Lions,14,Rodrigo Isgro,1999-03-24,26.24
20/06/2025,British & Irish Lions,2,Julian Montoya,1993-10-29,31.64
20/06/2025,British & Irish Lions,20,Joaquin Moro,2001-01-24,24.4
20/06/2025,British & Irish Lions,19,Santiago Grondona,1998-07-25,26.91
20/06/2025,British & Irish Lions,23,Santiago Cordero,1993-12-06,31.54
20/06/2025,British & Irish Lions,5,Pedro Rubiolo,2002-12-21,22.5
05/07/2025,England,4,Lucas Paulos,1998-01-09,27.49
05/07/2025,England,13,Lucio Cinti,2000-02-23,25.36
05/07/2025,England,14,Rodrigo Isgro,1999-03-24,26.28
05/07/2025,England,2,Julian Montoya,1993-10-29,31.68
05/07/2025,England,20,Joaquin Moro,2001-01-24,24.44
05/07/2025,England,19,Santiago Grondona,1998-07-25,26.95
05/07/2025,England,11,Santiago Cordero,1993-12-06,31.58
05/07/2025,England,15,Benjamin Elizalde,2004-06-14,21.06
05/07/2025,England,5,Pedro Rubiolo,2002-12-21,22.54
05/07/2025,England,17,Thomas Gallo,1999-04-30,26.18
05/07/2025,England,12,Justo Piccardo,2002-01-05,23.5
05/07/2025,England,8,Facundo Isa,1993-09-21,31.79
05/07/2025,England,10,Santiago Carreras,1998-03-30,27.27
05/07/2025,England,23,Matias Moroni,1991-03-29,34.27
05/07/2025,England,6,Pablo Matera,1993-07-18,31.97
05/07/2025,England,16,Bautista Bernasconi,2001-09-14,23.81
05/07/2025,England,22,Nicolas Roger,2000-01-11,25.48
05/07/2025,England,9,Gonzalo Bertranou,1993-12-31,31.51
05/07/2025,England,18,Francisco Coria Marchetti,2000-10-07,24.74
05/07/2025,England,7,Juan Martin Gonzalez,2000-11-14,24.64
05/07/2025,England,1,Mayco Vivas,1998-06-02,27.09
05/07/2025,England,21,Simon Benitez Cruz,1990-09-06,34.83
05/07/2025,England,3,Pedro Delgado,1997-09-01,27.84
12/07/2025,England,1,Thomas Gallo,1999-04-30,26.2
12/07/2025,England,12,Justo Piccardo,2002-01-05,23.52
12/07/2025,England,20,Facundo Isa,1993-09-21,31.81
12/07/2025,England,11,Ignacio Mendy,2000-06-29,25.04
12/07/2025,England,10,Santiago Carreras,1998-03-30,27.29
12/07/2025,England,14,Matias Moroni,1991-03-29,34.29
12/07/2025,England,21,Benjamin Grondona,2003-10-19,21.73
12/07/2025,England,8,Pablo Matera,1993-07-18,31.98
12/07/2025,England,16,Bautista Bernasconi,2001-09-14,23.83
12/07/2025,England,23,Nicolas Roger,2000-01-11,25.5
12/07/2025,England,7,Juan Martin Gonzalez,2000-11-14,24.66
12/07/2025,England,17,Mayco Vivas,1998-06-02,27.11
12/07/2025,England,9,Simon Benitez Cruz,1990-09-06,34.85
12/07/2025,England,4,Guido Petti Pagadizabal,1994-11-17,30.65
12/07/2025,England,18,Pedro Delgado,1997-09-01,27.86
12/07/2025,England,19,Lucas Paulos,1998-01-09,27.51
12/07/2025,England,13,Lucio Cinti,2000-02-23,25.38
12/07/2025,England,22,Augustin Moyano,2003-06-12,22.08
12/07/2025,England,2,Julian Montoya,1993-10-29,31.7
12/07/2025,England,6,Santiago Grondona,1998-07-25,26.97
12/07/2025,England,15,Benjamin Elizalde,2004-06-14,21.08
12/07/2025,England,3,Francisco Gomez Kodela,1985-07-03,40.03
12/07/2025,England,5,Pedro Rubiolo,2002-12-21,22.56
19/07/2025,Uruguay,21,Augustin Moyano,2003-06-12,22.1
19/07/2025,Uruguay,14,Rodrigo Isgro,1999-03-24,26.32
19/07/2025,Uruguay,22,Faustino Sanchez Valarolo,2004-07-08,21.03
19/07/2025,Uruguay,2,Julian Montoya,1993-10-29,31.72
19/07/2025,Uruguay,8,Joaquin Moro,2001-01-24,24.48
19/07/2025,Uruguay,23,Santiago Cordero,1993-12-06,31.62
19/07/2025,Uruguay,15,Benjamin Elizalde,2004-06-14,21.1
19/07/2025,Uruguay,3,Francisco Gomez Kodela,1985-07-03,40.04
19/07/2025,Uruguay,5,Pedro Rubiolo,2002-12-21,22.58
19/07/2025,Uruguay,12,Justo Piccardo,2002-01-05,23.54
19/07/2025,Uruguay,20,Nicolas D'Amorim,,
19/07/2025,Uruguay,11,Santiago Pernas,,
19/07/2025,Uruguay,13,Matias Moroni,1991-03-29,34.31
19/07/2025,Uruguay,7,Benjamin Grondona,2003-10-19,21.75
19/07/2025,Uruguay,17,Nahuel Tetaz Chaparro,1989-11-06,35.7
19/07/2025,Uruguay,6,Pablo Matera,1993-07-18,32.0
19/07/2025,Uruguay,16,Bautista Bernasconi,2001-09-14,23.84
19/07/2025,Uruguay,10,Nicolas Roger,2000-01-11,25.52
19/07/2025,Uruguay,18,Francisco Coria Marchetti,2000-10-07,24.78
19/07/2025,Uruguay,1,Mayco Vivas,1998-06-02,27.13
19/07/2025,Uruguay,9,Simon Benitez Cruz,1990-09-06,34.87
19/07/2025,Uruguay,4,Guido Petti Pagadizabal,1994-11-17,30.67
19/07/2025,Uruguay,19,Lucas Paulos,1998-01-09,27.52
16/08/2025,New Zealand,7,Marcos Kremer,1997-07-30,28.05
16/08/2025,New Zealand,23,Justo Piccardo,2002-01-05,23.61
16/08/2025,New Zealand,9,Gonzalo Garcia,1999-03-05,26.45
16/08/2025,New Zealand,18,Joel Sclavi,1994-06-25,31.14
16/08/2025,New Zealand,22,Santiago Carreras,1998-03-30,27.38
16/08/2025,New Zealand,10,Tomas Albornoz,1997-09-17,27.91
16/08/2025,New Zealand,17,Nahuel Tetaz Chaparro,1989-11-06,35.78
16/08/2025,New Zealand,6,Pablo Matera,1993-07-18,32.08
16/08/2025,New Zealand,11,Bautista Delguy,1997-04-22,28.32
16/08/2025,New Zealand,8,Joaquin Oviedo,2001-07-16,24.09
16/08/2025,New Zealand,4,Franco Molina,1997-08-28,27.97
16/08/2025,New Zealand,16,Ignacio Ruiz,2001-01-03,24.62
16/08/2025,New Zealand,20,Juan Martin Gonzalez,2000-11-14,24.75
16/08/2025,New Zealand,1,Mayco Vivas,1998-06-02,27.21
16/08/2025,New Zealand,21,Simon Benitez Cruz,1990-09-06,34.94
16/08/2025,New Zealand,19,Guido Petti Pagadizabal,1994-11-17,30.75
16/08/2025,New Zealand,3,Pedro Delgado,1997-09-01,27.96
16/08/2025,New Zealand,12,Santiago Chocobares,1999-03-31,26.38
16/08/2025,New Zealand,13,Lucio Cinti,2000-02-23,25.48
16/08/2025,New Zealand,14,Rodrigo Isgro,1999-03-24,26.4
16/08/2025,New Zealand,2,Julian Montoya,1993-10-29,31.8
16/08/2025,New Zealand,15,Juan Cruz Mallia,1996-09-11,28.93
16/08/2025,New Zealand,5,Pedro Rubiolo,2002-12-21,22.65
23/08/2025,New Zealand,20,Marcos Kremer,1997-07-30,28.07
23/08/2025,New Zealand,23,Justo Piccardo,2002-01-05,23.63
23/08/2025,New Zealand,9,Gonzalo Garcia,1999-03-05,26.47
23/08/2025,New Zealand,18,Joel Sclavi,1994-06-25,31.16
23/08/2025,New Zealand,22,Santiago Carreras,1998-03-30,27.4
23/08/2025,New Zealand,10,Tomas Albornoz,1997-09-17,27.93
23/08/2025,New Zealand,17,Nahuel Tetaz Chaparro,1989-11-06,35.8
23/08/2025,New Zealand,6,Pablo Matera,1993-07-18,32.1
23/08/2025,New Zealand,14,Bautista Delguy,1997-04-22,28.34
23/08/2025,New Zealand,8,Joaquin Oviedo,2001-07-16,24.1
23/08/2025,New Zealand,4,Franco Molina,1997-08-28,27.99
23/08/2025,New Zealand,11,Mateo Carreras,1999-12-17,25.68
23/08/2025,New Zealand,16,Ignacio Ruiz,2001-01-03,24.64
23/08/2025,New Zealand,7,Juan Martin Gonzalez,2000-11-14,24.77
23/08/2025,New Zealand,1,Mayco Vivas,1998-06-02,27.23
23/08/2025,New Zealand,21,Simon Benitez Cruz,1990-09-06,34.96
23/08/2025,New Zealand,19,Guido Petti Pagadizabal,1994-11-17,30.77
23/08/2025,New Zealand,3,Pedro Delgado,1997-09-01,27.98
23/08/2025,New Zealand,12,Santiago Chocobares,1999-03-31,26.4
23/08/2025,New Zealand,13,Lucio Cinti,2000-02-23,25.5
23/08/2025,New Zealand,2,Julian Montoya,1993-10-29,31.82
23/08/2025,New Zealand,15,Juan Cruz Mallia,1996-09-11,28.95
23/08/2025,New Zealand,5,Pedro Rubiolo,2002-12-21,22.67
06/09/2025,Australia,7,Marcos Kremer,1997-07-30,28.1
06/09/2025,Australia,9,Gonzalo Garcia,1999-03-05,26.51
06/09/2025,Australia,3,Joel Sclavi,1994-06-25,31.2
06/09/2025,Australia,10,Santiago Carreras,1998-03-30,27.44
06/09/2025,Australia,17,Boris Wenger,2002-07-01,23.18
06/09/2025,Australia,8,Pablo Matera,1993-07-18,32.14
06/09/2025,Australia,14,Bautista Delguy,1997-04-22,28.38
06/09/2025,Australia,18,Francisco Coria Marchetti,2000-10-07,24.91
06/09/2025,Australia,20,Joaquin Oviedo,2001-07-16,24.14
06/09/2025,Australia,22,Geronimo Prisciantelli,1999-08-23,26.04
06/09/2025,Australia,4,Franco Molina,1997-08-28,28.03
06/09/2025,Australia,11,Mateo Carreras,1999-12-17,25.72
06/09/2025,Australia,16,Ignacio Ruiz,2001-01-03,24.67
06/09/2025,Australia,6,Juan Martin Gonzalez,2000-11-14,24.81
06/09/2025,Australia,1,Mayco Vivas,1998-06-02,27.26
06/09/2025,Australia,19,Guido Petti Pagadizabal,1994-11-17,30.8
06/09/2025,Australia,12,Santiago Chocobares,1999-03-31,26.44
06/09/2025,Australia,13,Lucio Cinti,2000-02-23,25.54
06/09/2025,Australia,21,Augustin Moyano,2003-06-12,22.24
06/09/2025,Australia,2,Julian Montoya,1993-10-29,31.86
06/09/2025,Australia,15,Juan Cruz Mallia,1996-09-11,28.99
06/09/2025,Australia,23,Benjamin Elizalde,2004-06-14,21.23
06/09/2025,Australia,5,Pedro Rubiolo,2002-12-21,22.71
13/09/2025,Australia,7,Marcos Kremer,1997-07-30,28.12
13/09/2025,Australia,22,Justo Piccardo,2002-01-05,23.69
13/09/2025,Australia,9,Gonzalo Garcia,1999-03-05,26.53
13/09/2025,Australia,23,Ignacio Mendy,2000-06-29,25.21
13/09/2025,Australia,3,Joel Sclavi,1994-06-25,31.22
13/09/2025,Australia,10,Santiago Carreras,1998-03-30,27.46
13/09/2025,Australia,17,Boris Wenger,2002-07-01,23.2
13/09/2025,Australia,20,Pablo Matera,1993-07-18,32.16
13/09/2025,Australia,18,Francisco Coria Marchetti,2000-10-07,24.93
13/09/2025,Australia,8,Joaquin Oviedo,2001-07-16,24.16
13/09/2025,Australia,19,Franco Molina,1997-08-28,28.04
13/09/2025,Australia,11,Mateo Carreras,1999-12-17,25.74
13/09/2025,Australia,16,Ignacio Ruiz,2001-01-03,24.69
13/09/2025,Australia,6,Juan Martin Gonzalez,2000-11-14,24.83
13/09/2025,Australia,1,Mayco Vivas,1998-06-02,27.28
13/09/2025,Australia,4,Guido Petti Pagadizabal,1994-11-17,30.82
13/09/2025,Australia,12,Santiago Chocobares,1999-03-31,26.46
13/09/2025,Australia,13,Lucio Cinti,2000-02-23,25.56
13/09/2025,Australia,21,Augustin Moyano,2003-06-12,22.26
13/09/2025,Australia,14,Rodrigo Isgro,1999-03-24,26.48
13/09/2025,Australia,2,Julian Montoya,1993-10-29,31.87
13/09/2025,Australia,15,Juan Cruz Mallia,1996-09-11,29.01
13/09/2025,Australia,5,Pedro Rubiolo,2002-12-21,22.73
27/09/2025,South Africa,7,Marcos Kremer,1997-07-30,28.16
27/09/2025,South Africa,9,Gonzalo Garcia,1999-03-05,26.57
27/09/2025,South Africa,3,Joel Sclavi,1994-06-25,31.26
27/09/2025,South Africa,10,Santiago Carreras,1998-03-30,27.5
27/09/2025,South Africa,23,Tomas Albornoz,1997-09-17,28.03
27/09/2025,South Africa,17,Boris Wenger,2002-07-01,23.24
27/09/2025,South Africa,6,Pablo Matera,1993-07-18,32.2
27/09/2025,South Africa,18,Francisco Coria Marchetti,2000-10-07,24.97
27/09/2025,South Africa,8,Joaquin Oviedo,2001-07-16,24.2
27/09/2025,South Africa,4,Franco Molina,1997-08-28,28.08
27/09/2025,South Africa,11,Mateo Carreras,1999-12-17,25.78
27/09/2025,South Africa,16,Ignacio Ruiz,2001-01-03,24.73
27/09/2025,South Africa,21,Juan Martin Gonzalez,2000-11-14,24.87
27/09/2025,South Africa,1,Mayco Vivas,1998-06-02,27.32
27/09/2025,South Africa,22,Simon Benitez Cruz,1990-09-06,35.06
27/09/2025,South Africa,19,Guido Petti Pagadizabal,1994-11-17,30.86
27/09/2025,South Africa,5,Lucas Paulos,1998-01-09,27.72
27/09/2025,South Africa,12,Santiago Chocobares,1999-03-31,26.49
27/09/2025,South Africa,13,Lucio Cinti,2000-02-23,25.59
27/09/2025,South Africa,14,Rodrigo Isgro,1999-03-24,26.51
27/09/2025,South Africa,2,Julian Montoya,1993-10-29,31.91
27/09/2025,South Africa,15,Juan Cruz Mallia,1996-09-11,29.04
27/09/2025,South Africa,20,Pedro Rubiolo,2002-12-21,22.77
04/10/2025,South Africa,9,Simon Benitez Cruz,1990-09-06,35.08
04/10/2025,South Africa,4,Guido Petti Pagadizabal,1994-11-17,30.88
04/10/2025,South Africa,12,Santiago Chocobares,1999-03-31,26.51
04/10/2025,South Africa,22,Augustin Moyano,2003-06-12,22.31
04/10/2025,South Africa,23,Rodrigo Isgro,1999-03-24,26.53
04/10/2025,South Africa,2,Julian Montoya,1993-10-29,31.93
04/10/2025,South Africa,11,Juan Cruz Mallia,1996-09-11,29.06
04/10/2025,South Africa,8,Santiago Grondona,1998-07-25,27.2
04/10/2025,South Africa,5,Pedro Rubiolo,2002-12-21,22.79
04/10/2025,South Africa,7,Marcos Kremer,1997-07-30,28.18
04/10/2025,South Africa,13,Justo Piccardo,2002-01-05,23.75
04/10/2025,South Africa,15,Santiago Carreras,1998-03-30,27.52
04/10/2025,South Africa,17,Boris Wenger,2002-07-01,23.26
04/10/2025,South Africa,6,Pablo Matera,1993-07-18,32.21
04/10/2025,South Africa,14,Bautista Delguy,1997-04-22,28.45
04/10/2025,South Africa,3,Francisco Coria Marchetti,2000-10-07,24.99
04/10/2025,South Africa,21,Joaquin Oviedo,2001-07-16,24.22
04/10/2025,South Africa,18,Tomas Rapetti ,2005-03-04,20.59
04/10/2025,South Africa,10,Geronimo Prisciantelli,1999-08-23,26.12
04/10/2025,South Africa,19,Franco Molina,1997-08-28,28.1
04/10/2025,South Africa,16,Ignacio Ruiz,2001-01-03,24.75
04/10/2025,South Africa,20,Juan Martin Gonzalez,2000-11-14,24.89
04/10/2025,South Africa,1,Mayco Vivas,1998-06-02,27.34
09/11/2025,Wales,17,Thomas Gallo,1999-04-30,26.53
09/11/2025,Wales,5,Marcos Kremer,1997-07-30,28.28
09/11/2025,Wales,13,Justo Piccardo,2002-01-05,23.84
09/11/2025,Wales,15,Santiago Carreras,1998-03-30,27.61
09/11/2025,Wales,6,Pablo Matera,1993-07-18,32.31
09/11/2025,Wales,14,Bautista Delguy,1997-04-22,28.55
09/11/2025,Wales,8,Joaquin Oviedo,2001-07-16,24.32
09/11/2025,Wales,18,Tomas Rapetti ,2005-03-04,20.68
09/11/2025,Wales,10,Geronimo Prisciantelli,1999-08-23,26.22
09/11/2025,Wales,11,Mateo Carreras,1999-12-17,25.9
09/11/2025,Wales,16,Ignacio Ruiz,2001-01-03,24.85
09/11/2025,Wales,7,Juan Martin Gonzalez,2000-11-14,24.99
09/11/2025,Wales,1,Mayco Vivas,1998-06-02,27.44
09/11/2025,Wales,9,Simon Benitez Cruz,1990-09-06,35.18
09/11/2025,Wales,4,Guido Petti Pagadizabal,1994-11-17,30.98
09/11/2025,Wales,3,Pedro Delgado,1997-09-01,28.19
09/11/2025,Wales,12,Santiago Chocobares,1999-03-31,26.61
09/11/2025,Wales,21,Augustin Moyano,2003-06-12,22.41
09/11/2025,Wales,19,Matias Alemanno,1991-12-05,33.93
09/11/2025,Wales,23,Rodrigo Isgro,1999-03-24,26.63
09/11/2025,Wales,2,Julian Montoya,1993-10-29,32.03
09/11/2025,Wales,22,Juan Cruz Mallia,1996-09-11,29.16
09/11/2025,Wales,20,Santiago Grondona,1998-07-25,27.29
16/11/2025,Scotland,17,Thomas Gallo,1999-04-30,26.55
16/11/2025,Scotland,23,Justo Piccardo,2002-01-05,23.86
16/11/2025,Scotland,22,Santiago Carreras,1998-03-30,27.63
16/11/2025,Scotland,13,Matias Moroni,1991-03-29,34.64
16/11/2025,Scotland,20,Pablo Matera,1993-07-18,32.33
16/11/2025,Scotland,18,Francisco Coria Marchetti,2000-10-07,25.11
16/11/2025,Scotland,8,Joaquin Oviedo,2001-07-16,24.34
16/11/2025,Scotland,19,Efrain Elias,2004-04-30,21.55
16/11/2025,Scotland,10,Geronimo Prisciantelli,1999-08-23,26.23
16/11/2025,Scotland,11,Mateo Carreras,1999-12-17,25.92
16/11/2025,Scotland,16,Ignacio Ruiz,2001-01-03,24.87
16/11/2025,Scotland,7,Juan Martin Gonzalez,2000-11-14,25.01
16/11/2025,Scotland,1,Mayco Vivas,1998-06-02,27.46
16/11/2025,Scotland,9,Simon Benitez Cruz,1990-09-06,35.2
16/11/2025,Scotland,4,Guido Petti Pagadizabal,1994-11-17,31.0
16/11/2025,Scotland,3,Pedro Delgado,1997-09-01,28.21
16/11/2025,Scotland,12,Santiago Chocobares,1999-03-31,26.63
16/11/2025,Scotland,21,Augustin Moyano,2003-06-12,22.43
16/11/2025,Scotland,14,Rodrigo Isgro,1999-03-24,26.65
16/11/2025,Scotland,2,Julian Montoya,1993-10-29,32.05
16/11/2025,Scotland,15,Juan Cruz Mallia,1996-09-11,29.18
16/11/2025,Scotland,6,Santiago Grondona,1998-07-25,27.31
16/11/2025,Scotland,5,Pedro Rubiolo,2002-12-21,22.91
23/11/2025,England,1,Thomas Gallo,1999-04-30,26.57
23/11/2025,England,7,Marcos Kremer,1997-07-30,28.32
23/11/2025,England,12,Justo Piccardo,2002-01-05,23.88
23/11/2025,England,23,Santiago Carreras,1998-03-30,27.65
23/11/2025,England,10,Tomas Albornoz,1997-09-17,28.18
23/11/2025,England,17,Boris Wenger,2002-07-01,23.4
23/11/2025,England,13,Matias Moroni,1991-03-29,34.66
23/11/2025,England,20,Pablo Matera,1993-07-18,32.35
23/11/2025,England,11,Bautista Delguy,1997-04-22,28.59
23/11/2025,England,21,Joaquin Oviedo,2001-07-16,24.36
23/11/2025,England,18,Tomas Rapetti ,2005-03-04,20.72
23/11/2025,England,19,Franco Molina,1997-08-28,28.24
23/11/2025,England,16,Ignacio Ruiz,2001-01-03,24.89
23/11/2025,England,6,Juan Martin Gonzalez,2000-11-14,25.02
23/11/2025,England,9,Simon Benitez Cruz,1990-09-06,35.21
23/11/2025,England,4,Guido Petti Pagadizabal,1994-11-17,31.02
23/11/2025,England,3,Pedro Delgado,1997-09-01,28.23
23/11/2025,England,22,Augustin Moyano,2003-06-12,22.45
23/11/2025,England,14,Rodrigo Isgro,1999-03-24,26.67
23/11/2025,England,2,Julian Montoya,1993-10-29,32.07
23/11/2025,England,15,Juan Cruz Mallia,1996-09-11,29.2
23/11/2025,England,8,Santiago Grondona,1998-07-25,27.33
23/11/2025,England,5,Pedro Rubiolo,2002-12-21,22.92
04/07/2026,Scotland,9,Gonzalo Garcia,1999-03-05,27.33
04/07/2026,Scotland,15,Santiago Carreras,1998-03-30,28.26
04/07/2026,Scotland,10,Tomas Albornoz,1997-09-17,28.79
04/07/2026,Scotland,17,Boris Wenger,2002-07-01,24.01
04/07/2026,Scotland,22,Matias Moroni,1991-03-29,35.27
04/07/2026,Scotland,6,Pablo Matera,1993-07-18,32.96
04/07/2026,Scotland,23,Bautista Delguy,1997-04-22,29.2
04/07/2026,Scotland,8,Joaquin Oviedo,2001-07-16,24.97
04/07/2026,Scotland,18,Tomas Rapetti ,2005-03-04,21.33
04/07/2026,Scotland,19,Franco Molina,1997-08-28,28.85
04/07/2026,Scotland,11,Mateo Carreras,1999-12-17,26.55
04/07/2026,Scotland,16,Ignacio Ruiz,2001-01-03,25.5
04/07/2026,Scotland,1,Mayco Vivas,1998-06-02,28.09
04/07/2026,Scotland,4,Guido Petti Pagadizabal,1994-11-17,31.63
04/07/2026,Scotland,3,Pedro Delgado,1997-09-01,28.84
04/07/2026,Scotland,13,Lucio Cinti,2000-02-23,26.36
04/07/2026,Scotland,21,Augustin Moyano,2003-06-12,23.06
04/07/2026,Scotland,5,Matias Alemanno,1991-12-05,34.58
04/07/2026,Scotland,14,Rodrigo Isgro,1999-03-24,27.28
04/07/2026,Scotland,12,Faustino Sanchez Valarolo,2004-07-08,21.99
04/07/2026,Scotland,2,Julian Montoya,1993-10-29,32.68
04/07/2026,Scotland,20,Joaquin Moro,2001-01-24,25.44
04/07/2026,Scotland,7,Santiago Grondona,1998-07-25,27.94
11/07/2026,Wales,7,Marcos Kremer,1997-07-30,28.95
11/07/2026,Wales,12,Justo Piccardo,2002-01-05,24.51
11/07/2026,Wales,9,Gonzalo Garcia,1999-03-05,27.35
11/07/2026,Wales,23,Ignacio Mendy,2000-06-29,26.03
11/07/2026,Wales,15,Santiago Carreras,1998-03-30,28.28
11/07/2026,Wales,10,Tomas Albornoz,1997-09-17,28.81
11/07/2026,Wales,1,Boris Wenger,2002-07-01,24.03
11/07/2026,Wales,22,Matias Moroni,1991-03-29,35.29
11/07/2026,Wales,20,Pablo Matera,1993-07-18,32.98
11/07/2026,Wales,14,Bautista Delguy,1997-04-22,29.22
11/07/2026,Wales,18,Francisco Coria Marchetti,2000-10-07,25.76
11/07/2026,Wales,8,Joaquin Oviedo,2001-07-16,24.99
11/07/2026,Wales,3,Tomas Rapetti ,2005-03-04,21.35
11/07/2026,Wales,19,Franco Molina,1997-08-28,28.87
11/07/2026,Wales,11,Mateo Carreras,1999-12-17,26.57
11/07/2026,Wales,16,Ignacio Ruiz,2001-01-03,25.52
11/07/2026,Wales,17,Mayco Vivas,1998-06-02,28.11
11/07/2026,Wales,21,Simon Benitez Cruz,1990-09-06,35.84
11/07/2026,Wales,4,Guido Petti Pagadizabal,1994-11-17,31.65
11/07/2026,Wales,13,Lucio Cinti,2000-02-23,26.38
11/07/2026,Wales,5,Matias Alemanno,1991-12-05,34.6
11/07/2026,Wales,2,Julian Montoya,1993-10-29,32.7
11/07/2026,Wales,6,Santiago Grondona,1998-07-25,27.96
18/07/2026,England,7,Marcos Kremer,1997-07-30,28.97
18/07/2026,England,12,Justo Piccardo,2002-01-05,24.53
18/07/2026,England,9,Gonzalo Garcia,1999-03-05,27.37
18/07/2026,England,15,Santiago Carreras,1998-03-30,28.3
18/07/2026,England,10,Tomas Albornoz,1997-09-17,28.83
18/07/2026,England,17,Boris Wenger,2002-07-01,24.05
18/07/2026,England,13,Matias Moroni,1991-03-29,35.31
18/07/2026,England,20,Pablo Matera,1993-07-18,33.0
18/07/2026,England,14,Bautista Delguy,1997-04-22,29.24
18/07/2026,England,8,Joaquin Oviedo,2001-07-16,25.01
18/07/2026,England,3,Tomas Rapetti ,2005-03-04,21.37
18/07/2026,England,19,Efrain Elias,2004-04-30,22.22
18/07/2026,England,11,Mateo Carreras,1999-12-17,26.59
18/07/2026,England,16,Ignacio Ruiz,2001-01-03,25.54
18/07/2026,England,1,Mayco Vivas,1998-06-02,28.13
18/07/2026,England,22,Simon Benitez Cruz,1990-09-06,35.86
18/07/2026,England,4,Guido Petti Pagadizabal,1994-11-17,31.67
18/07/2026,England,18,Pedro Delgado,1997-09-01,28.88
18/07/2026,England,23,Lucio Cinti,2000-02-23,26.4
18/07/2026,England,5,Matias Alemanno,1991-12-05,34.62
18/07/2026,England,2,Julian Montoya,1993-10-29,32.72
18/07/2026,England,21,Joaquin Moro,2001-01-24,25.48
18/07/2026,England,6,Santiago Grondona,1998-07-25,27.98
08/08/2026,South Africa,11,Ignacio Mendy,2000-06-29,26.11
08/08/2026,South Africa,10,Santiago Carreras,1998-03-30,28.36
08/08/2026,South Africa,1,Boris Wenger,2002-07-01,24.1
08/08/2026,South Africa,23,Matias Moroni,1991-03-29,35.36
08/08/2026,South Africa,20,Juan Penoucos,2004-06-29,22.11
08/08/2026,South Africa,7,Benjamin Grondona,2003-10-19,22.8
08/08/2026,South Africa,6,Pablo Matera,1993-07-18,33.06
08/08/2026,South Africa,5,Tomas Lavanini,1993-01-22,33.54
08/08/2026,South Africa,18,Tomas Rapetti ,2005-03-04,21.43
08/08/2026,South Africa,3,Francisco Moreno,,
08/08/2026,South Africa,19,Efrain Elias,2004-04-30,22.27
08/08/2026,South Africa,15,Geronimo Prisciantelli,1999-08-23,26.96
08/08/2026,South Africa,2,Ignacio Ruiz,2001-01-03,25.59
08/08/2026,South Africa,17,Mayco Vivas,1998-06-02,28.18
08/08/2026,South Africa,9,Simon Benitez Cruz,1990-09-06,35.92
08/08/2026,South Africa,4,Guido Petti Pagadizabal,1994-11-17,31.72
08/08/2026,South Africa,13,Lucio Cinti,2000-02-23,26.46
08/08/2026,South Africa,16,Leonel Oviedo,1998-02-16,28.47
08/08/2026,South Africa,22,Augustin Moyano,2003-06-12,23.16
08/08/2026,South Africa,14,Rodrigo Isgro,1999-03-24,27.38
08/08/2026,South Africa,12,Faustino Sanchez Valarolo,2004-07-08,22.08
08/08/2026,South Africa,8,Joaquin Moro,2001-01-24,25.54
08/08/2026,South Africa,21,Juan Martin Scelzo,2002-02-12,24.49
29/08/2026,Australia,2,Ignacio Ruiz,2001-01-03,25.65
29/08/2026,Australia,9,Simon Benitez Cruz,1990-09-06,35.98
29/08/2026,Australia,4,Guido Petti Pagadizabal,1994-11-17,31.78
29/08/2026,Australia,13,Lucio Cinti,2000-02-23,26.51
29/08/2026,Australia,16,Leonel Oviedo,1998-02-16,28.53
29/08/2026,Australia,21,Augustin Moyano,2003-06-12,23.21
29/08/2026,Australia,14,Rodrigo Isgro,1999-03-24,27.43
29/08/2026,Australia,12,Faustino Sanchez Valarolo,2004-07-08,22.14
29/08/2026,Australia,8,Joaquin Moro,2001-01-24,25.59
29/08/2026,Australia,17,Rodrigo Martinez,1998-07-07,28.15
29/08/2026,Australia,11,Ignacio Mendy,2000-06-29,26.17
29/08/2026,Australia,10,Santiago Carreras,1998-03-30,28.42
29/08/2026,Australia,1,Boris Wenger,2002-07-01,24.16
29/08/2026,Australia,23,Matias Moroni,1991-03-29,35.42
29/08/2026,Australia,20,Juan Penoucos,2004-06-29,22.17
29/08/2026,Australia,7,Benjamin Grondona,2003-10-19,22.86
29/08/2026,Australia,6,Pablo Matera,1993-07-18,33.11
29/08/2026,Australia,5,Tomas Lavanini,1993-01-22,33.6
29/08/2026,Australia,22,Nicolas Roger,2000-01-11,26.63
29/08/2026,Australia,18,Tomas Rapetti ,2005-03-04,21.49
29/08/2026,Australia,3,Francisco Moreno,,
29/08/2026,Australia,19,Efrain Elias,2004-04-30,22.33
29/08/2026,Australia,15,Geronimo Prisciantelli,1999-08-23,27.02
