date,opposition,shirt,player,dob,age_on_matchday
18/07/2015,South Africa,12,Matt Giteau,1982-09-29,32.8
18/07/2015,South Africa,20,David Pocock,1988-04-23,27.23
18/07/2015,South Africa,13,Tevita Kuridrani,1991-03-31,24.3
18/07/2015,South Africa,10,Quade Cooper,1988-04-05,27.28
18/07/2015,South Africa,14,Adam Ashley-Cooper,1984-03-27,31.31
18/07/2015,South Africa,21,Nick Phipps,1989-01-09,26.52
18/07/2015,South Africa,9,Will Genia,1988-01-17,27.5
18/07/2015,South Africa,16,Tatafu Polota-Nau,1985-07-26,29.98
18/07/2015,South Africa,5,Rob Simmons,1989-04-19,26.25
18/07/2015,South Africa,4,Will Skelton,1992-05-03,23.21
18/07/2015,South Africa,15,Israel Folau,1989-04-03,26.29
18/07/2015,South Africa,2,Stephen Moore,1983-01-20,32.49
18/07/2015,South Africa,18,Greg Holmes,1983-06-11,32.1
18/07/2015,South Africa,23,Drew Mitchell,1984-03-26,31.31
18/07/2015,South Africa,8,Scott Higginbotham,1986-09-05,28.87
18/07/2015,South Africa,6,Scott Fardy,1984-07-05,31.03
18/07/2015,South Africa,11,Rob Horne,1989-08-15,25.92
18/07/2015,South Africa,1,James Slipper,1989-06-06,26.11
18/07/2015,South Africa,7,Michael Hooper,1991-10-29,23.72
18/07/2015,South Africa,17,Scott Sio,1991-10-16,23.75
18/07/2015,South Africa,19,James Horwill,1985-05-29,30.14
18/07/2015,South Africa,22,Matt Toomua,1990-01-02,25.54
18/07/2015,South Africa,3,Sekope Kepu,1986-02-05,29.45
25/07/2015,Argentina,21,Nic White,1990-06-13,25.11
25/07/2015,Argentina,7,David Pocock,1988-04-23,27.25
25/07/2015,Argentina,13,Tevita Kuridrani,1991-03-31,24.32
25/07/2015,Argentina,22,Quade Cooper,1988-04-05,27.3
25/07/2015,Argentina,14,Adam Ashley-Cooper,1984-03-27,31.33
25/07/2015,Argentina,8,Ben McCalman,1988-03-18,27.35
25/07/2015,Argentina,9,Nick Phipps,1989-01-09,26.54
25/07/2015,Argentina,10,Bernard Foley,1989-09-08,25.88
25/07/2015,Argentina,11,Joseph Tomane,1990-02-11,25.45
25/07/2015,Argentina,23,Kurtley Beale,1989-01-06,26.55
25/07/2015,Argentina,16,Tatafu Polota-Nau,1985-07-26,30.0
25/07/2015,Argentina,5,Rob Simmons,1989-04-19,26.26
25/07/2015,Argentina,4,Will Skelton,1992-05-03,23.23
25/07/2015,Argentina,15,Israel Folau,1989-04-03,26.31
25/07/2015,Argentina,2,Stephen Moore,1983-01-20,32.51
25/07/2015,Argentina,3,Greg Holmes,1983-06-11,32.12
25/07/2015,Argentina,6,Scott Fardy,1984-07-05,31.05
25/07/2015,Argentina,1,James Slipper,1989-06-06,26.13
25/07/2015,Argentina,20,Michael Hooper,1991-10-29,23.74
25/07/2015,Argentina,17,Scott Sio,1991-10-16,23.77
25/07/2015,Argentina,12,Matt Toomua,1990-01-02,25.56
25/07/2015,Argentina,19,Dean Mumm,1984-03-05,31.39
25/07/2015,Argentina,18,Sekope Kepu,1986-02-05,29.47
08/08/2015,New Zealand,12,Matt Giteau,1982-09-29,32.86
08/08/2015,New Zealand,21,Nic White,1990-06-13,25.15
08/08/2015,New Zealand,8,David Pocock,1988-04-23,27.29
08/08/2015,New Zealand,13,Tevita Kuridrani,1991-03-31,24.36
08/08/2015,New Zealand,14,Adam Ashley-Cooper,1984-03-27,31.37
08/08/2015,New Zealand,20,Ben McCalman,1988-03-18,27.39
08/08/2015,New Zealand,9,Nick Phipps,1989-01-09,26.58
08/08/2015,New Zealand,10,Bernard Foley,1989-09-08,25.91
08/08/2015,New Zealand,23,Kurtley Beale,1989-01-06,26.59
08/08/2015,New Zealand,16,Tatafu Polota-Nau,1985-07-26,30.03
08/08/2015,New Zealand,19,Will Skelton,1992-05-03,23.26
08/08/2015,New Zealand,15,Israel Folau,1989-04-03,26.35
08/08/2015,New Zealand,2,Stephen Moore,1983-01-20,32.55
08/08/2015,New Zealand,18,Greg Holmes,1983-06-11,32.16
08/08/2015,New Zealand,11,Drew Mitchell,1984-03-26,31.37
08/08/2015,New Zealand,6,Scott Fardy,1984-07-05,31.09
08/08/2015,New Zealand,17,James Slipper,1989-06-06,26.17
08/08/2015,New Zealand,7,Michael Hooper,1991-10-29,23.78
08/08/2015,New Zealand,1,Scott Sio,1991-10-16,23.81
08/08/2015,New Zealand,5,James Horwill,1985-05-29,30.19
08/08/2015,New Zealand,22,Matt Toomua,1990-01-02,25.6
08/08/2015,New Zealand,4,Dean Mumm,1984-03-05,31.43
08/08/2015,New Zealand,3,Sekope Kepu,1986-02-05,29.5
15/08/2015,New Zealand,22,Matt Giteau,1982-09-29,32.88
15/08/2015,New Zealand,20,Kane Douglas,1989-06-01,26.2
15/08/2015,New Zealand,9,Nic White,1990-06-13,25.17
15/08/2015,New Zealand,21,David Pocock,1988-04-23,27.31
15/08/2015,New Zealand,13,Tevita Kuridrani,1991-03-31,24.38
15/08/2015,New Zealand,10,Quade Cooper,1988-04-05,27.36
15/08/2015,New Zealand,11,Adam Ashley-Cooper,1984-03-27,31.38
15/08/2015,New Zealand,23,Kurtley Beale,1989-01-06,26.6
15/08/2015,New Zealand,16,Tatafu Polota-Nau,1985-07-26,30.05
15/08/2015,New Zealand,4,Will Skelton,1992-05-03,23.28
15/08/2015,New Zealand,15,Israel Folau,1989-04-03,26.37
15/08/2015,New Zealand,2,Stephen Moore,1983-01-20,32.57
15/08/2015,New Zealand,18,Greg Holmes,1983-06-11,32.18
15/08/2015,New Zealand,14,Henry Speight,1988-03-24,27.39
15/08/2015,New Zealand,6,Scott Fardy,1984-07-05,31.11
15/08/2015,New Zealand,17,James Slipper,1989-06-06,26.19
15/08/2015,New Zealand,7,Michael Hooper,1991-10-29,23.8
15/08/2015,New Zealand,1,Scott Sio,1991-10-16,23.83
15/08/2015,New Zealand,5,James Horwill,1985-05-29,30.21
15/08/2015,New Zealand,12,Matt Toomua,1990-01-02,25.62
15/08/2015,New Zealand,8,Wycliff Palu,1982-07-27,33.05
15/08/2015,New Zealand,19,Dean Mumm,1984-03-05,31.44
15/08/2015,New Zealand,3,Sekope Kepu,1986-02-05,29.52
05/09/2015,USA,12,Matt Giteau,1982-09-29,32.93
05/09/2015,USA,4,Kane Douglas,1989-06-01,26.26
05/09/2015,USA,18,Toby Smith,1988-10-10,26.9
05/09/2015,USA,22,Quade Cooper,1988-04-05,27.42
05/09/2015,USA,6,Ben McCalman,1988-03-18,27.47
05/09/2015,USA,9,Nick Phipps,1989-01-09,26.65
05/09/2015,USA,19,Sam Carter,1989-09-10,25.99
05/09/2015,USA,10,Bernard Foley,1989-09-08,25.99
05/09/2015,USA,14,Joseph Tomane,1990-02-11,25.56
05/09/2015,USA,21,Will Genia,1988-01-17,27.63
05/09/2015,USA,16,James Hanson,1988-09-15,26.97
05/09/2015,USA,15,Kurtley Beale,1989-01-06,26.66
05/09/2015,USA,2,Tatafu Polota-Nau,1985-07-26,30.11
05/09/2015,USA,5,Rob Simmons,1989-04-19,26.38
05/09/2015,USA,7,Sean McMahon,1994-06-18,21.22
05/09/2015,USA,23,Taqele Naiyaravoro,1991-12-07,23.75
05/09/2015,USA,3,Greg Holmes,1983-06-11,32.24
05/09/2015,USA,13,Henry Speight,1988-03-24,27.45
05/09/2015,USA,11,Rob Horne,1989-08-15,26.06
05/09/2015,USA,1,James Slipper,1989-06-06,26.25
05/09/2015,USA,17,Scott Sio,1991-10-16,23.89
05/09/2015,USA,8,Wycliff Palu,1982-07-27,33.11
05/09/2015,USA,20,Dean Mumm,1984-03-05,31.5
23/09/2015,Fiji,12,Matt Giteau,1982-09-29,32.98
23/09/2015,Fiji,4,Kane Douglas,1989-06-01,26.31
23/09/2015,Fiji,8,David Pocock,1988-04-23,27.42
23/09/2015,Fiji,13,Tevita Kuridrani,1991-03-31,24.48
23/09/2015,Fiji,14,Adam Ashley-Cooper,1984-03-27,31.49
23/09/2015,Fiji,21,Nick Phipps,1989-01-09,26.7
23/09/2015,Fiji,10,Bernard Foley,1989-09-08,26.04
23/09/2015,Fiji,9,Will Genia,1988-01-17,27.68
23/09/2015,Fiji,23,Kurtley Beale,1989-01-06,26.71
23/09/2015,Fiji,16,Tatafu Polota-Nau,1985-07-26,30.16
23/09/2015,Fiji,5,Rob Simmons,1989-04-19,26.43
23/09/2015,Fiji,19,Will Skelton,1992-05-03,23.39
23/09/2015,Fiji,15,Israel Folau,1989-04-03,26.47
23/09/2015,Fiji,2,Stephen Moore,1983-01-20,32.67
23/09/2015,Fiji,18,Greg Holmes,1983-06-11,32.29
23/09/2015,Fiji,6,Scott Fardy,1984-07-05,31.22
23/09/2015,Fiji,11,Rob Horne,1989-08-15,26.11
23/09/2015,Fiji,17,James Slipper,1989-06-06,26.3
23/09/2015,Fiji,7,Michael Hooper,1991-10-29,23.9
23/09/2015,Fiji,1,Scott Sio,1991-10-16,23.94
23/09/2015,Fiji,22,Matt Toomua,1990-01-02,25.72
23/09/2015,Fiji,20,Dean Mumm,1984-03-05,31.55
23/09/2015,Fiji,3,Sekope Kepu,1986-02-05,29.63
27/09/2015,Uruguay,19,Kane Douglas,1989-06-01,26.32
27/09/2015,Uruguay,23,Tevita Kuridrani,1991-03-31,24.49
27/09/2015,Uruguay,3,Toby Smith,1988-10-10,26.96
27/09/2015,Uruguay,10,Quade Cooper,1988-04-05,27.48
27/09/2015,Uruguay,6,Ben McCalman,1988-03-18,27.53
27/09/2015,Uruguay,9,Nick Phipps,1989-01-09,26.71
27/09/2015,Uruguay,22,Bernard Foley,1989-09-08,26.05
27/09/2015,Uruguay,14,Joseph Tomane,1990-02-11,25.62
27/09/2015,Uruguay,21,Will Genia,1988-01-17,27.69
27/09/2015,Uruguay,15,Kurtley Beale,1989-01-06,26.72
27/09/2015,Uruguay,2,Tatafu Polota-Nau,1985-07-26,30.17
27/09/2015,Uruguay,20,Rob Simmons,1989-04-19,26.44
27/09/2015,Uruguay,7,Sean McMahon,1994-06-18,21.28
27/09/2015,Uruguay,5,Will Skelton,1992-05-03,23.4
27/09/2015,Uruguay,16,Stephen Moore,1983-01-20,32.69
27/09/2015,Uruguay,18,Greg Holmes,1983-06-11,32.3
27/09/2015,Uruguay,11,Drew Mitchell,1984-03-26,31.51
27/09/2015,Uruguay,13,Henry Speight,1988-03-24,27.51
27/09/2015,Uruguay,1,Scott Sio,1991-10-16,23.95
27/09/2015,Uruguay,12,Matt Toomua,1990-01-02,25.73
27/09/2015,Uruguay,8,Wycliff Palu,1982-07-27,33.17
27/09/2015,Uruguay,4,Dean Mumm,1984-03-05,31.56
27/09/2015,Uruguay,17,Sekope Kepu,1986-02-05,29.64
03/10/2015,England,12,Matt Giteau,1982-09-29,33.01
03/10/2015,England,4,Kane Douglas,1989-06-01,26.34
03/10/2015,England,8,David Pocock,1988-04-23,27.44
03/10/2015,England,13,Tevita Kuridrani,1991-03-31,24.51
03/10/2015,England,14,Adam Ashley-Cooper,1984-03-27,31.52
03/10/2015,England,20,Ben McCalman,1988-03-18,27.54
03/10/2015,England,21,Nick Phipps,1989-01-09,26.73
03/10/2015,England,10,Bernard Foley,1989-09-08,26.07
03/10/2015,England,9,Will Genia,1988-01-17,27.71
03/10/2015,England,23,Kurtley Beale,1989-01-06,26.74
03/10/2015,England,16,Tatafu Polota-Nau,1985-07-26,30.19
03/10/2015,England,5,Rob Simmons,1989-04-19,26.46
03/10/2015,England,15,Israel Folau,1989-04-03,26.5
03/10/2015,England,2,Stephen Moore,1983-01-20,32.7
03/10/2015,England,18,Greg Holmes,1983-06-11,32.31
03/10/2015,England,6,Scott Fardy,1984-07-05,31.24
03/10/2015,England,11,Rob Horne,1989-08-15,26.13
03/10/2015,England,17,James Slipper,1989-06-06,26.32
03/10/2015,England,7,Michael Hooper,1991-10-29,23.93
03/10/2015,England,1,Scott Sio,1991-10-16,23.96
03/10/2015,England,22,Matt Toomua,1990-01-02,25.75
03/10/2015,England,19,Dean Mumm,1984-03-05,31.58
03/10/2015,England,3,Sekope Kepu,1986-02-05,29.66
10/10/2015,Wales,12,Matt Giteau,1982-09-29,33.03
10/10/2015,Wales,4,Kane Douglas,1989-06-01,26.36
10/10/2015,Wales,8,David Pocock,1988-04-23,27.46
10/10/2015,Wales,13,Tevita Kuridrani,1991-03-31,24.53
10/10/2015,Wales,14,Adam Ashley-Cooper,1984-03-27,31.54
10/10/2015,Wales,20,Ben McCalman,1988-03-18,27.56
10/10/2015,Wales,21,Nick Phipps,1989-01-09,26.75
10/10/2015,Wales,10,Bernard Foley,1989-09-08,26.09
10/10/2015,Wales,9,Will Genia,1988-01-17,27.73
10/10/2015,Wales,23,Kurtley Beale,1989-01-06,26.76
10/10/2015,Wales,16,Tatafu Polota-Nau,1985-07-26,30.21
10/10/2015,Wales,19,Rob Simmons,1989-04-19,26.48
10/10/2015,Wales,7,Sean McMahon,1994-06-18,21.31
10/10/2015,Wales,15,Israel Folau,1989-04-03,26.52
10/10/2015,Wales,2,Stephen Moore,1983-01-20,32.72
10/10/2015,Wales,18,Greg Holmes,1983-06-11,32.33
10/10/2015,Wales,11,Drew Mitchell,1984-03-26,31.54
10/10/2015,Wales,6,Scott Fardy,1984-07-05,31.26
10/10/2015,Wales,17,James Slipper,1989-06-06,26.34
10/10/2015,Wales,1,Scott Sio,1991-10-16,23.98
10/10/2015,Wales,22,Matt Toomua,1990-01-02,25.77
10/10/2015,Wales,5,Dean Mumm,1984-03-05,31.6
10/10/2015,Wales,3,Sekope Kepu,1986-02-05,29.68
18/10/2015,Scotland,12,Matt Giteau,1982-09-29,33.05
18/10/2015,Scotland,4,Kane Douglas,1989-06-01,26.38
18/10/2015,Scotland,13,Tevita Kuridrani,1991-03-31,24.55
18/10/2015,Scotland,23,Quade Cooper,1988-04-05,27.54
18/10/2015,Scotland,14,Adam Ashley-Cooper,1984-03-27,31.56
18/10/2015,Scotland,8,Ben McCalman,1988-03-18,27.58
18/10/2015,Scotland,21,Nick Phipps,1989-01-09,26.77
18/10/2015,Scotland,10,Bernard Foley,1989-09-08,26.11
18/10/2015,Scotland,9,Will Genia,1988-01-17,27.75
18/10/2015,Scotland,15,Kurtley Beale,1989-01-06,26.78
18/10/2015,Scotland,16,Tatafu Polota-Nau,1985-07-26,30.23
18/10/2015,Scotland,5,Rob Simmons,1989-04-19,26.5
18/10/2015,Scotland,20,Sean McMahon,1994-06-18,21.33
18/10/2015,Scotland,2,Stephen Moore,1983-01-20,32.74
18/10/2015,Scotland,18,Greg Holmes,1983-06-11,32.35
18/10/2015,Scotland,11,Drew Mitchell,1984-03-26,31.56
18/10/2015,Scotland,6,Scott Fardy,1984-07-05,31.29
18/10/2015,Scotland,17,James Slipper,1989-06-06,26.37
18/10/2015,Scotland,7,Michael Hooper,1991-10-29,23.97
18/10/2015,Scotland,1,Scott Sio,1991-10-16,24.01
18/10/2015,Scotland,22,Matt Toomua,1990-01-02,25.79
18/10/2015,Scotland,19,Dean Mumm,1984-03-05,31.62
18/10/2015,Scotland,3,Sekope Kepu,1986-02-05,29.7
25/10/2015,Argentina,12,Matt Giteau,1982-09-29,33.07
25/10/2015,Argentina,4,Kane Douglas,1989-06-01,26.4
25/10/2015,Argentina,8,David Pocock,1988-04-23,27.51
25/10/2015,Argentina,13,Tevita Kuridrani,1991-03-31,24.57
25/10/2015,Argentina,17,Toby Smith,1988-10-10,27.04
25/10/2015,Argentina,14,Adam Ashley-Cooper,1984-03-27,31.58
25/10/2015,Argentina,20,Ben McCalman,1988-03-18,27.6
25/10/2015,Argentina,21,Nick Phipps,1989-01-09,26.79
25/10/2015,Argentina,10,Bernard Foley,1989-09-08,26.13
25/10/2015,Argentina,9,Will Genia,1988-01-17,27.77
25/10/2015,Argentina,23,Kurtley Beale,1989-01-06,26.8
25/10/2015,Argentina,16,Tatafu Polota-Nau,1985-07-26,30.25
25/10/2015,Argentina,5,Rob Simmons,1989-04-19,26.52
25/10/2015,Argentina,15,Israel Folau,1989-04-03,26.56
25/10/2015,Argentina,2,Stephen Moore,1983-01-20,32.76
25/10/2015,Argentina,18,Greg Holmes,1983-06-11,32.37
25/10/2015,Argentina,11,Drew Mitchell,1984-03-26,31.58
25/10/2015,Argentina,6,Scott Fardy,1984-07-05,31.31
25/10/2015,Argentina,1,James Slipper,1989-06-06,26.39
25/10/2015,Argentina,7,Michael Hooper,1991-10-29,23.99
25/10/2015,Argentina,22,Matt Toomua,1990-01-02,25.81
25/10/2015,Argentina,19,Dean Mumm,1984-03-05,31.64
25/10/2015,Argentina,3,Sekope Kepu,1986-02-05,29.72
31/10/2015,New Zealand,12,Matt Giteau,1982-09-29,33.09
31/10/2015,New Zealand,4,Kane Douglas,1989-06-01,26.42
31/10/2015,New Zealand,8,David Pocock,1988-04-23,27.52
31/10/2015,New Zealand,13,Tevita Kuridrani,1991-03-31,24.59
31/10/2015,New Zealand,14,Adam Ashley-Cooper,1984-03-27,31.6
31/10/2015,New Zealand,20,Ben McCalman,1988-03-18,27.62
31/10/2015,New Zealand,21,Nick Phipps,1989-01-09,26.81
31/10/2015,New Zealand,10,Bernard Foley,1989-09-08,26.14
31/10/2015,New Zealand,9,Will Genia,1988-01-17,27.79
31/10/2015,New Zealand,23,Kurtley Beale,1989-01-06,26.82
31/10/2015,New Zealand,16,Tatafu Polota-Nau,1985-07-26,30.26
31/10/2015,New Zealand,5,Rob Simmons,1989-04-19,26.53
31/10/2015,New Zealand,15,Israel Folau,1989-04-03,26.58
31/10/2015,New Zealand,2,Stephen Moore,1983-01-20,32.78
31/10/2015,New Zealand,18,Greg Holmes,1983-06-11,32.39
31/10/2015,New Zealand,11,Drew Mitchell,1984-03-26,31.6
31/10/2015,New Zealand,6,Scott Fardy,1984-07-05,31.32
31/10/2015,New Zealand,17,James Slipper,1989-06-06,26.4
31/10/2015,New Zealand,7,Michael Hooper,1991-10-29,24.01
31/10/2015,New Zealand,1,Scott Sio,1991-10-16,24.04
31/10/2015,New Zealand,22,Matt Toomua,1990-01-02,25.83
31/10/2015,New Zealand,19,Dean Mumm,1984-03-05,31.66
31/10/2015,New Zealand,3,Sekope Kepu,1986-02-05,29.73
11/06/2016,England,23,Christian Leali'ifano,1987-09-24,28.72
11/06/2016,England,8,David Pocock,1988-04-23,28.13
11/06/2016,England,14,Dane Haylett-Petty,1989-06-18,26.98
11/06/2016,England,13,Tevita Kuridrani,1991-03-31,25.2
11/06/2016,England,9,Nick Phipps,1989-01-09,27.42
11/06/2016,England,22,Nicholas Frisby,1992-10-29,23.62
11/06/2016,England,10,Bernard Foley,1989-09-08,26.76
11/06/2016,England,4,Rory Arnold,1990-07-01,25.95
11/06/2016,England,16,Tatafu Polota-Nau,1985-07-26,30.88
11/06/2016,England,5,Rob Simmons,1989-04-19,27.15
11/06/2016,England,21,Sean McMahon,1994-06-18,21.98
11/06/2016,England,15,Israel Folau,1989-04-03,27.19
11/06/2016,England,2,Stephen Moore,1983-01-20,33.39
11/06/2016,England,3,Greg Holmes,1983-06-11,33.0
11/06/2016,England,6,Scott Fardy,1984-07-05,31.93
11/06/2016,England,11,Rob Horne,1989-08-15,26.82
11/06/2016,England,17,James Slipper,1989-06-06,27.01
11/06/2016,England,12,Samu Kerevi,1993-09-27,22.71
11/06/2016,England,7,Michael Hooper,1991-10-29,24.62
11/06/2016,England,1,Scott Sio,1991-10-16,24.65
11/06/2016,England,19,James Horwill,1985-05-29,31.04
11/06/2016,England,20,Dean Mumm,1984-03-05,32.27
11/06/2016,England,18,Sekope Kepu,1986-02-05,30.35
18/06/2016,England,22,Christian Leali'ifano,1987-09-24,28.73
18/06/2016,England,14,Dane Haylett-Petty,1989-06-18,27.0
18/06/2016,England,13,Tevita Kuridrani,1991-03-31,25.22
18/06/2016,England,17,Toby Smith,1988-10-10,27.69
18/06/2016,England,20,Ben McCalman,1988-03-18,28.25
18/06/2016,England,9,Nick Phipps,1989-01-09,27.44
18/06/2016,England,21,Nicholas Frisby,1992-10-29,23.64
18/06/2016,England,5,Sam Carter,1989-09-10,26.77
18/06/2016,England,10,Bernard Foley,1989-09-08,26.78
18/06/2016,England,4,Rory Arnold,1990-07-01,25.97
18/06/2016,England,16,Tatafu Polota-Nau,1985-07-26,30.9
18/06/2016,England,8,Sean McMahon,1994-06-18,22.0
18/06/2016,England,15,Israel Folau,1989-04-03,27.21
18/06/2016,England,2,Stephen Moore,1983-01-20,33.41
18/06/2016,England,18,Greg Holmes,1983-06-11,33.02
18/06/2016,England,6,Scott Fardy,1984-07-05,31.95
18/06/2016,England,11,Rob Horne,1989-08-15,26.84
18/06/2016,England,1,James Slipper,1989-06-06,27.03
18/06/2016,England,12,Samu Kerevi,1993-09-27,22.72
18/06/2016,England,7,Michael Hooper,1991-10-29,24.64
18/06/2016,England,23,Luke Morahan,1990-04-13,26.18
18/06/2016,England,19,Dean Mumm,1984-03-05,32.29
18/06/2016,England,3,Sekope Kepu,1986-02-05,30.37
25/06/2016,England,22,Christian Leali'ifano,1987-09-24,28.75
25/06/2016,England,14,Dane Haylett-Petty,1989-06-18,27.02
25/06/2016,England,13,Tevita Kuridrani,1991-03-31,25.24
25/06/2016,England,9,Nick Phipps,1989-01-09,27.46
25/06/2016,England,21,Nicholas Frisby,1992-10-29,23.66
25/06/2016,England,10,Bernard Foley,1989-09-08,26.8
25/06/2016,England,16,Tatafu Polota-Nau,1985-07-26,30.92
25/06/2016,England,19,Adam Coleman,1991-10-07,24.72
25/06/2016,England,5,Rob Simmons,1989-04-19,27.18
25/06/2016,England,8,Sean McMahon,1994-06-18,22.02
25/06/2016,England,4,Will Skelton,1992-05-03,24.15
25/06/2016,England,23,Taqele Naiyaravoro,1991-12-07,24.55
25/06/2016,England,15,Israel Folau,1989-04-03,27.23
25/06/2016,England,2,Stephen Moore,1983-01-20,33.43
25/06/2016,England,18,Greg Holmes,1983-06-11,33.04
25/06/2016,England,6,Scott Fardy,1984-07-05,31.97
25/06/2016,England,11,Rob Horne,1989-08-15,26.86
25/06/2016,England,1,James Slipper,1989-06-06,27.05
25/06/2016,England,7,Michael Hooper,1991-10-29,24.66
25/06/2016,England,17,Scott Sio,1991-10-16,24.69
25/06/2016,England,12,Matt Toomua,1990-01-02,26.48
25/06/2016,England,20,Wycliff Palu,1982-07-27,33.91
25/06/2016,England,3,Sekope Kepu,1986-02-05,30.39
20/08/2016,New Zealand,12,Matt Giteau,1982-09-29,33.89
20/08/2016,New Zealand,4,Kane Douglas,1989-06-01,27.22
20/08/2016,New Zealand,8,David Pocock,1988-04-23,28.33
20/08/2016,New Zealand,11,Dane Haylett-Petty,1989-06-18,27.17
20/08/2016,New Zealand,13,Tevita Kuridrani,1991-03-31,25.39
20/08/2016,New Zealand,18,Allan Alaalatoa,1994-01-28,22.56
20/08/2016,New Zealand,14,Adam Ashley-Cooper,1984-03-27,32.4
20/08/2016,New Zealand,6,Ben McCalman,1988-03-18,28.42
20/08/2016,New Zealand,21,Nick Phipps,1989-01-09,27.61
20/08/2016,New Zealand,10,Bernard Foley,1989-09-08,26.95
20/08/2016,New Zealand,9,Will Genia,1988-01-17,28.59
20/08/2016,New Zealand,16,Tatafu Polota-Nau,1985-07-26,31.07
20/08/2016,New Zealand,5,Rob Simmons,1989-04-19,27.34
20/08/2016,New Zealand,15,Israel Folau,1989-04-03,27.38
20/08/2016,New Zealand,2,Stephen Moore,1983-01-20,33.58
20/08/2016,New Zealand,20,Scott Fardy,1984-07-05,32.13
20/08/2016,New Zealand,23,Rob Horne,1989-08-15,27.01
20/08/2016,New Zealand,17,James Slipper,1989-06-06,27.21
20/08/2016,New Zealand,7,Michael Hooper,1991-10-29,24.81
20/08/2016,New Zealand,1,Scott Sio,1991-10-16,24.85
20/08/2016,New Zealand,22,Matt Toomua,1990-01-02,26.63
20/08/2016,New Zealand,19,Dean Mumm,1984-03-05,32.46
20/08/2016,New Zealand,3,Sekope Kepu,1986-02-05,30.54
27/08/2016,New Zealand,4,Kane Douglas,1989-06-01,27.24
27/08/2016,New Zealand,8,David Pocock,1988-04-23,28.35
27/08/2016,New Zealand,11,Dane Haylett-Petty,1989-06-18,27.19
27/08/2016,New Zealand,22,Tevita Kuridrani,1991-03-31,25.41
27/08/2016,New Zealand,18,Allan Alaalatoa,1994-01-28,22.58
27/08/2016,New Zealand,10,Quade Cooper,1988-04-05,28.39
27/08/2016,New Zealand,14,Adam Ashley-Cooper,1984-03-27,32.42
27/08/2016,New Zealand,21,Nick Phipps,1989-01-09,27.63
27/08/2016,New Zealand,12,Bernard Foley,1989-09-08,26.97
27/08/2016,New Zealand,9,Will Genia,1988-01-17,28.61
27/08/2016,New Zealand,16,Tatafu Polota-Nau,1985-07-26,31.09
27/08/2016,New Zealand,5,Adam Coleman,1991-10-07,24.89
27/08/2016,New Zealand,20,Will Skelton,1992-05-03,24.32
27/08/2016,New Zealand,23,Reece Hodge,1994-08-26,22.0
27/08/2016,New Zealand,15,Israel Folau,1989-04-03,27.4
27/08/2016,New Zealand,2,Stephen Moore,1983-01-20,33.6
27/08/2016,New Zealand,6,Scott Fardy,1984-07-05,32.15
27/08/2016,New Zealand,17,James Slipper,1989-06-06,27.23
27/08/2016,New Zealand,13,Samu Kerevi,1993-09-27,22.92
27/08/2016,New Zealand,7,Michael Hooper,1991-10-29,24.83
27/08/2016,New Zealand,1,Scott Sio,1991-10-16,24.87
27/08/2016,New Zealand,19,Dean Mumm,1984-03-05,32.48
27/08/2016,New Zealand,3,Sekope Kepu,1986-02-05,30.56
10/09/2016,South Africa,4,Kane Douglas,1989-06-01,27.28
10/09/2016,South Africa,8,David Pocock,1988-04-23,28.38
10/09/2016,South Africa,14,Dane Haylett-Petty,1989-06-18,27.23
10/09/2016,South Africa,22,Tevita Kuridrani,1991-03-31,25.45
10/09/2016,South Africa,18,Allan Alaalatoa,1994-01-28,22.62
10/09/2016,South Africa,10,Quade Cooper,1988-04-05,28.43
10/09/2016,South Africa,21,Nick Phipps,1989-01-09,27.67
10/09/2016,South Africa,12,Bernard Foley,1989-09-08,27.01
10/09/2016,South Africa,9,Will Genia,1988-01-17,28.65
10/09/2016,South Africa,19,Rory Arnold,1990-07-01,26.2
10/09/2016,South Africa,16,Tatafu Polota-Nau,1985-07-26,31.13
10/09/2016,South Africa,5,Adam Coleman,1991-10-07,24.93
10/09/2016,South Africa,20,Sean McMahon,1994-06-18,22.23
10/09/2016,South Africa,11,Reece Hodge,1994-08-26,22.04
10/09/2016,South Africa,15,Israel Folau,1989-04-03,27.44
10/09/2016,South Africa,2,Stephen Moore,1983-01-20,33.64
10/09/2016,South Africa,23,Drew Mitchell,1984-03-26,32.46
10/09/2016,South Africa,17,James Slipper,1989-06-06,27.26
10/09/2016,South Africa,13,Samu Kerevi,1993-09-27,22.95
10/09/2016,South Africa,7,Michael Hooper,1991-10-29,24.87
10/09/2016,South Africa,1,Scott Sio,1991-10-16,24.9
10/09/2016,South Africa,6,Dean Mumm,1984-03-05,32.52
10/09/2016,South Africa,3,Sekope Kepu,1986-02-05,30.6
17/09/2016,Argentina,8,David Pocock,1988-04-23,28.4
17/09/2016,Argentina,14,Dane Haylett-Petty,1989-06-18,27.25
17/09/2016,Argentina,23,Tevita Kuridrani,1991-03-31,25.47
17/09/2016,Argentina,10,Quade Cooper,1988-04-05,28.45
17/09/2016,Argentina,22,Nick Phipps,1989-01-09,27.69
17/09/2016,Argentina,12,Bernard Foley,1989-09-08,27.03
17/09/2016,Argentina,18,Tom Robertson,1994-08-28,22.06
17/09/2016,Argentina,9,Will Genia,1988-01-17,28.67
17/09/2016,Argentina,19,Rory Arnold,1990-07-01,26.22
17/09/2016,Argentina,16,Tatafu Polota-Nau,1985-07-26,31.15
17/09/2016,Argentina,5,Adam Coleman,1991-10-07,24.95
17/09/2016,Argentina,4,Rob Simmons,1989-04-19,27.41
17/09/2016,Argentina,21,Sean McMahon,1994-06-18,22.25
17/09/2016,Argentina,11,Reece Hodge,1994-08-26,22.06
17/09/2016,Argentina,15,Israel Folau,1989-04-03,27.46
17/09/2016,Argentina,2,Stephen Moore,1983-01-20,33.66
17/09/2016,Argentina,20,Lopeti Timani,1990-09-28,25.97
17/09/2016,Argentina,17,James Slipper,1989-06-06,27.28
17/09/2016,Argentina,13,Samu Kerevi,1993-09-27,22.97
17/09/2016,Argentina,7,Michael Hooper,1991-10-29,24.89
17/09/2016,Argentina,1,Scott Sio,1991-10-16,24.92
17/09/2016,Argentina,6,Dean Mumm,1984-03-05,32.54
17/09/2016,Argentina,3,Sekope Kepu,1986-02-05,30.62
01/10/2016,South Africa,19,Kane Douglas,1989-06-01,27.34
01/10/2016,South Africa,14,Dane Haylett-Petty,1989-06-18,27.29
01/10/2016,South Africa,22,Tevita Kuridrani,1991-03-31,25.51
01/10/2016,South Africa,10,Quade Cooper,1988-04-05,28.49
01/10/2016,South Africa,21,Nick Phipps,1989-01-09,27.73
01/10/2016,South Africa,12,Bernard Foley,1989-09-08,27.06
01/10/2016,South Africa,18,Tom Robertson,1994-08-28,22.09
01/10/2016,South Africa,9,Will Genia,1988-01-17,28.71
01/10/2016,South Africa,16,James Hanson,1988-09-15,28.04
01/10/2016,South Africa,5,Adam Coleman,1991-10-07,24.99
01/10/2016,South Africa,4,Rob Simmons,1989-04-19,27.45
01/10/2016,South Africa,8,Sean McMahon,1994-06-18,22.29
01/10/2016,South Africa,11,Reece Hodge,1994-08-26,22.1
01/10/2016,South Africa,15,Israel Folau,1989-04-03,27.5
01/10/2016,South Africa,2,Stephen Moore,1983-01-20,33.7
01/10/2016,South Africa,20,Scott Fardy,1984-07-05,32.24
01/10/2016,South Africa,17,James Slipper,1989-06-06,27.32
01/10/2016,South Africa,13,Samu Kerevi,1993-09-27,23.01
01/10/2016,South Africa,7,Michael Hooper,1991-10-29,24.93
01/10/2016,South Africa,1,Scott Sio,1991-10-16,24.96
01/10/2016,South Africa,23,Sefa Naivalu,1992-01-07,24.73
01/10/2016,South Africa,6,Dean Mumm,1984-03-05,32.58
01/10/2016,South Africa,3,Sekope Kepu,1986-02-05,30.65
08/10/2016,Argentina,19,Kane Douglas,1989-06-01,27.35
08/10/2016,Argentina,14,Dane Haylett-Petty,1989-06-18,27.31
08/10/2016,Argentina,23,Tevita Kuridrani,1991-03-31,25.53
08/10/2016,Argentina,18,Allan Alaalatoa,1994-01-28,22.69
08/10/2016,Argentina,10,Quade Cooper,1988-04-05,28.51
08/10/2016,Argentina,22,Nick Phipps,1989-01-09,27.75
08/10/2016,Argentina,12,Bernard Foley,1989-09-08,27.08
08/10/2016,Argentina,17,Tom Robertson,1994-08-28,22.11
08/10/2016,Argentina,21,Leroy Houston,1986-11-10,29.91
08/10/2016,Argentina,9,Will Genia,1988-01-17,28.73
08/10/2016,Argentina,4,Rory Arnold,1990-07-01,26.27
08/10/2016,Argentina,16,James Hanson,1988-09-15,28.06
08/10/2016,Argentina,5,Adam Coleman,1991-10-07,25.01
08/10/2016,Argentina,11,Reece Hodge,1994-08-26,22.12
08/10/2016,Argentina,15,Israel Folau,1989-04-03,27.52
08/10/2016,Argentina,2,Stephen Moore,1983-01-20,33.72
08/10/2016,Argentina,8,Lopeti Timani,1990-09-28,26.03
08/10/2016,Argentina,20,Scott Fardy,1984-07-05,32.26
08/10/2016,Argentina,13,Samu Kerevi,1993-09-27,23.03
08/10/2016,Argentina,7,Michael Hooper,1991-10-29,24.95
08/10/2016,Argentina,1,Scott Sio,1991-10-16,24.98
08/10/2016,Argentina,6,Dean Mumm,1984-03-05,32.59
08/10/2016,Argentina,3,Sekope Kepu,1986-02-05,30.67
22/10/2016,New Zealand,20,David Pocock,1988-04-23,28.5
22/10/2016,New Zealand,14,Dane Haylett-Petty,1989-06-18,27.35
22/10/2016,New Zealand,18,Allan Alaalatoa,1994-01-28,22.73
22/10/2016,New Zealand,22,Quade Cooper,1988-04-05,28.55
22/10/2016,New Zealand,9,Nick Phipps,1989-01-09,27.78
22/10/2016,New Zealand,21,Nicholas Frisby,1992-10-29,23.98
22/10/2016,New Zealand,10,Bernard Foley,1989-09-08,27.12
22/10/2016,New Zealand,17,Tom Robertson,1994-08-28,22.15
22/10/2016,New Zealand,4,Rory Arnold,1990-07-01,26.31
22/10/2016,New Zealand,16,James Hanson,1988-09-15,28.1
22/10/2016,New Zealand,5,Adam Coleman,1991-10-07,25.04
22/10/2016,New Zealand,19,Rob Simmons,1989-04-19,27.51
22/10/2016,New Zealand,12,Reece Hodge,1994-08-26,22.16
22/10/2016,New Zealand,15,Israel Folau,1989-04-03,27.55
22/10/2016,New Zealand,2,Stephen Moore,1983-01-20,33.76
22/10/2016,New Zealand,11,Henry Speight,1988-03-24,28.58
22/10/2016,New Zealand,8,Lopeti Timani,1990-09-28,26.07
22/10/2016,New Zealand,13,Samu Kerevi,1993-09-27,23.07
22/10/2016,New Zealand,7,Michael Hooper,1991-10-29,24.98
22/10/2016,New Zealand,1,Scott Sio,1991-10-16,25.02
22/10/2016,New Zealand,23,Sefa Naivalu,1992-01-07,24.79
22/10/2016,New Zealand,6,Dean Mumm,1984-03-05,32.63
22/10/2016,New Zealand,3,Sekope Kepu,1986-02-05,30.71
05/11/2016,Wales,6,David Pocock,1988-04-23,28.54
05/11/2016,Wales,16,Tolu Latu,1993-02-23,23.7
05/11/2016,Wales,14,Dane Haylett-Petty,1989-06-18,27.38
05/11/2016,Wales,13,Tevita Kuridrani,1991-03-31,25.6
05/11/2016,Wales,18,Allan Alaalatoa,1994-01-28,22.77
05/11/2016,Wales,22,Quade Cooper,1988-04-05,28.59
05/11/2016,Wales,9,Nick Phipps,1989-01-09,27.82
05/11/2016,Wales,21,Nicholas Frisby,1992-10-29,24.02
05/11/2016,Wales,10,Bernard Foley,1989-09-08,27.16
05/11/2016,Wales,4,Rory Arnold,1990-07-01,26.35
05/11/2016,Wales,5,Adam Coleman,1991-10-07,25.08
05/11/2016,Wales,19,Rob Simmons,1989-04-19,27.55
05/11/2016,Wales,12,Reece Hodge,1994-08-26,22.2
05/11/2016,Wales,15,Israel Folau,1989-04-03,27.59
05/11/2016,Wales,2,Stephen Moore,1983-01-20,33.79
05/11/2016,Wales,11,Henry Speight,1988-03-24,28.62
05/11/2016,Wales,8,Lopeti Timani,1990-09-28,26.11
05/11/2016,Wales,20,Scott Fardy,1984-07-05,32.34
05/11/2016,Wales,17,James Slipper,1989-06-06,27.42
05/11/2016,Wales,7,Michael Hooper,1991-10-29,25.02
05/11/2016,Wales,1,Scott Sio,1991-10-16,25.06
05/11/2016,Wales,23,Sefa Naivalu,1992-01-07,24.83
05/11/2016,Wales,3,Sekope Kepu,1986-02-05,30.75
12/11/2016,Scotland,6,David Pocock,1988-04-23,28.56
12/11/2016,Scotland,16,Tolu Latu,1993-02-23,23.72
12/11/2016,Scotland,14,Dane Haylett-Petty,1989-06-18,27.4
12/11/2016,Scotland,13,Tevita Kuridrani,1991-03-31,25.62
12/11/2016,Scotland,18,Allan Alaalatoa,1994-01-28,22.79
12/11/2016,Scotland,23,Quade Cooper,1988-04-05,28.61
12/11/2016,Scotland,22,Nick Phipps,1989-01-09,27.84
12/11/2016,Scotland,10,Bernard Foley,1989-09-08,27.18
12/11/2016,Scotland,17,Tom Robertson,1994-08-28,22.21
12/11/2016,Scotland,9,Will Genia,1988-01-17,28.82
12/11/2016,Scotland,4,Rory Arnold,1990-07-01,26.37
12/11/2016,Scotland,5,Adam Coleman,1991-10-07,25.1
12/11/2016,Scotland,19,Rob Simmons,1989-04-19,27.57
12/11/2016,Scotland,20,Will Skelton,1992-05-03,24.53
12/11/2016,Scotland,12,Reece Hodge,1994-08-26,22.22
12/11/2016,Scotland,15,Israel Folau,1989-04-03,27.61
12/11/2016,Scotland,2,Stephen Moore,1983-01-20,33.81
12/11/2016,Scotland,11,Henry Speight,1988-03-24,28.64
12/11/2016,Scotland,8,Lopeti Timani,1990-09-28,26.13
12/11/2016,Scotland,7,Michael Hooper,1991-10-29,25.04
12/11/2016,Scotland,1,Scott Sio,1991-10-16,25.08
12/11/2016,Scotland,21,Dean Mumm,1984-03-05,32.69
12/11/2016,Scotland,3,Sekope Kepu,1986-02-05,30.77
19/11/2016,France,4,Kane Douglas,1989-06-01,27.47
19/11/2016,France,7,David Pocock,1988-04-23,28.58
19/11/2016,France,2,Tolu Latu,1993-02-23,23.74
19/11/2016,France,13,Tevita Kuridrani,1991-03-31,25.64
19/11/2016,France,3,Allan Alaalatoa,1994-01-28,22.81
19/11/2016,France,21,Nick Phipps,1989-01-09,27.86
19/11/2016,France,10,Bernard Foley,1989-09-08,27.2
19/11/2016,France,18,Tom Robertson,1994-08-28,22.23
19/11/2016,France,9,Will Genia,1988-01-17,28.84
19/11/2016,France,5,Rob Simmons,1989-04-19,27.59
19/11/2016,France,8,Sean McMahon,1994-06-18,22.42
19/11/2016,France,19,Will Skelton,1992-05-03,24.55
19/11/2016,France,23,Taqele Naiyaravoro,1991-12-07,24.95
19/11/2016,France,16,Stephen Moore,1983-01-20,33.83
19/11/2016,France,11,Henry Speight,1988-03-24,28.66
19/11/2016,France,6,Scott Fardy,1984-07-05,32.38
19/11/2016,France,22,Jono Lance,1990-06-27,26.4
19/11/2016,France,1,James Slipper,1989-06-06,27.46
19/11/2016,France,17,Scott Sio,1991-10-16,25.1
19/11/2016,France,12,Kyle Godwin,1992-07-30,24.31
19/11/2016,France,14,Sefa Naivalu,1992-01-07,24.87
19/11/2016,France,15,Luke Morahan,1990-04-13,26.6
19/11/2016,France,20,Dean Mumm,1984-03-05,32.71
26/11/2016,Ireland,19,Kane Douglas,1989-06-01,27.49
26/11/2016,Ireland,8,David Pocock,1988-04-23,28.59
26/11/2016,Ireland,16,Tolu Latu,1993-02-23,23.76
26/11/2016,Ireland,14,Dane Haylett-Petty,1989-06-18,27.44
26/11/2016,Ireland,13,Tevita Kuridrani,1991-03-31,25.66
26/11/2016,Ireland,18,Allan Alaalatoa,1994-01-28,22.83
26/11/2016,Ireland,22,Quade Cooper,1988-04-05,28.64
26/11/2016,Ireland,21,Nick Phipps,1989-01-09,27.88
26/11/2016,Ireland,10,Bernard Foley,1989-09-08,27.22
26/11/2016,Ireland,9,Will Genia,1988-01-17,28.86
26/11/2016,Ireland,4,Rory Arnold,1990-07-01,26.41
26/11/2016,Ireland,5,Rob Simmons,1989-04-19,27.61
26/11/2016,Ireland,20,Sean McMahon,1994-06-18,22.44
26/11/2016,Ireland,12,Reece Hodge,1994-08-26,22.25
26/11/2016,Ireland,15,Israel Folau,1989-04-03,27.65
26/11/2016,Ireland,2,Stephen Moore,1983-01-20,33.85
26/11/2016,Ireland,11,Henry Speight,1988-03-24,28.68
26/11/2016,Ireland,17,James Slipper,1989-06-06,27.47
26/11/2016,Ireland,7,Michael Hooper,1991-10-29,25.08
26/11/2016,Ireland,1,Scott Sio,1991-10-16,25.11
26/11/2016,Ireland,23,Sefa Naivalu,1992-01-07,24.89
26/11/2016,Ireland,6,Dean Mumm,1984-03-05,32.73
26/11/2016,Ireland,3,Sekope Kepu,1986-02-05,30.81
03/12/2016,England,4,Kane Douglas,1989-06-01,27.51
03/12/2016,England,6,David Pocock,1988-04-23,28.61
03/12/2016,England,16,Tolu Latu,1993-02-23,23.78
03/12/2016,England,14,Dane Haylett-Petty,1989-06-18,27.46
03/12/2016,England,13,Tevita Kuridrani,1991-03-31,25.68
03/12/2016,England,22,Quade Cooper,1988-04-05,28.66
03/12/2016,England,9,Nick Phipps,1989-01-09,27.9
03/12/2016,England,21,Nicholas Frisby,1992-10-29,24.1
03/12/2016,England,10,Bernard Foley,1989-09-08,27.24
03/12/2016,England,18,Tom Robertson,1994-08-28,22.27
03/12/2016,England,5,Rob Simmons,1989-04-19,27.63
03/12/2016,England,20,Sean McMahon,1994-06-18,22.46
03/12/2016,England,12,Reece Hodge,1994-08-26,22.27
03/12/2016,England,15,Israel Folau,1989-04-03,27.67
03/12/2016,England,2,Stephen Moore,1983-01-20,33.87
03/12/2016,England,23,Henry Speight,1988-03-24,28.7
03/12/2016,England,8,Lopeti Timani,1990-09-28,26.18
03/12/2016,England,17,James Slipper,1989-06-06,27.49
03/12/2016,England,7,Michael Hooper,1991-10-29,25.1
03/12/2016,England,1,Scott Sio,1991-10-16,25.13
03/12/2016,England,11,Sefa Naivalu,1992-01-07,24.91
03/12/2016,England,19,Dean Mumm,1984-03-05,32.75
03/12/2016,England,3,Sekope Kepu,1986-02-05,30.83
10/06/2017,Fiji,5,Adam Coleman,1991-10-07,25.68
10/06/2017,Fiji,23,Reece Hodge,1994-08-26,22.79
10/06/2017,Fiji,15,Israel Folau,1989-04-03,28.19
10/06/2017,Fiji,16,Stephen Moore,1983-01-20,34.39
10/06/2017,Fiji,11,Henry Speight,1988-03-24,29.21
10/06/2017,Fiji,8,Scott Higginbotham,1986-09-05,30.76
10/06/2017,Fiji,12,Karmichael Hunt,1986-11-17,30.56
10/06/2017,Fiji,7,Michael Hooper,1991-10-29,25.62
10/06/2017,Fiji,20,Richard Hardwick,1994-05-31,23.03
10/06/2017,Fiji,18,Sekope Kepu,1986-02-05,31.34
10/06/2017,Fiji,14,Dane Haylett-Petty,1989-06-18,27.98
10/06/2017,Fiji,13,Tevita Kuridrani,1991-03-31,26.2
10/06/2017,Fiji,17,Toby Smith,1988-10-10,28.67
10/06/2017,Fiji,3,Allan Alaalatoa,1994-01-28,23.37
10/06/2017,Fiji,22,Quade Cooper,1988-04-05,29.18
10/06/2017,Fiji,6,Ned Hanigan,1995-04-11,22.17
10/06/2017,Fiji,4,Sam Carter,1989-09-10,27.75
10/06/2017,Fiji,10,Bernard Foley,1989-09-08,27.75
10/06/2017,Fiji,1,Tom Robertson,1994-08-28,22.78
10/06/2017,Fiji,9,Will Genia,1988-01-17,29.4
10/06/2017,Fiji,19,Rory Arnold,1990-07-01,26.94
10/06/2017,Fiji,2,Tatafu Polota-Nau,1985-07-26,31.87
10/06/2017,Fiji,21,Joe Powell,1994-04-11,23.17
17/06/2017,Scotland,14,Dane Haylett-Petty,1989-06-18,28.0
17/06/2017,Scotland,13,Tevita Kuridrani,1991-03-31,26.22
17/06/2017,Scotland,3,Allan Alaalatoa,1994-01-28,23.38
17/06/2017,Scotland,22,Quade Cooper,1988-04-05,29.2
17/06/2017,Scotland,6,Ned Hanigan,1995-04-11,22.19
17/06/2017,Scotland,4,Sam Carter,1989-09-10,27.77
17/06/2017,Scotland,10,Bernard Foley,1989-09-08,27.77
17/06/2017,Scotland,1,Tom Robertson,1994-08-28,22.8
17/06/2017,Scotland,9,Will Genia,1988-01-17,29.42
17/06/2017,Scotland,19,Rory Arnold,1990-07-01,26.96
17/06/2017,Scotland,2,Tatafu Polota-Nau,1985-07-26,31.89
17/06/2017,Scotland,21,Joe Powell,1994-04-11,23.18
17/06/2017,Scotland,5,Adam Coleman,1991-10-07,25.7
17/06/2017,Scotland,23,Reece Hodge,1994-08-26,22.81
17/06/2017,Scotland,15,Israel Folau,1989-04-03,28.21
17/06/2017,Scotland,16,Stephen Moore,1983-01-20,34.41
17/06/2017,Scotland,8,Scott Higginbotham,1986-09-05,30.78
17/06/2017,Scotland,11,Eto Nabuli,1988-08-24,28.81
17/06/2017,Scotland,12,Karmichael Hunt,1986-11-17,30.58
17/06/2017,Scotland,7,Michael Hooper,1991-10-29,25.64
17/06/2017,Scotland,17,Scott Sio,1991-10-16,25.67
17/06/2017,Scotland,20,Richard Hardwick,1994-05-31,23.05
17/06/2017,Scotland,18,Sekope Kepu,1986-02-05,31.36
24/06/2017,Italy,14,Dane Haylett-Petty,1989-06-18,28.02
24/06/2017,Italy,17,Toby Smith,1988-10-10,28.7
24/06/2017,Italy,3,Allan Alaalatoa,1994-01-28,23.4
24/06/2017,Italy,22,Quade Cooper,1988-04-05,29.22
24/06/2017,Italy,6,Ned Hanigan,1995-04-11,22.2
24/06/2017,Italy,19,Sam Carter,1989-09-10,27.79
24/06/2017,Italy,10,Bernard Foley,1989-09-08,27.79
24/06/2017,Italy,20,Jack Dempsey,1994-04-12,23.2
24/06/2017,Italy,9,Will Genia,1988-01-17,29.44
24/06/2017,Italy,4,Rory Arnold,1990-07-01,26.98
24/06/2017,Italy,16,Tatafu Polota-Nau,1985-07-26,31.91
24/06/2017,Italy,21,Joe Powell,1994-04-11,23.2
24/06/2017,Italy,5,Adam Coleman,1991-10-07,25.71
24/06/2017,Italy,23,Reece Hodge,1994-08-26,22.83
24/06/2017,Italy,15,Israel Folau,1989-04-03,28.23
24/06/2017,Italy,2,Stephen Moore,1983-01-20,34.43
24/06/2017,Italy,8,Lopeti Timani,1990-09-28,26.74
24/06/2017,Italy,12,Karmichael Hunt,1986-11-17,30.6
24/06/2017,Italy,13,Rob Horne,1989-08-15,27.86
24/06/2017,Italy,7,Michael Hooper,1991-10-29,25.65
24/06/2017,Italy,1,Scott Sio,1991-10-16,25.69
24/06/2017,Italy,11,Sefa Naivalu,1992-01-07,25.46
24/06/2017,Italy,18,Sekope Kepu,1986-02-05,31.38
19/08/2017,New Zealand,23,Tevita Kuridrani,1991-03-31,26.39
19/08/2017,New Zealand,3,Allan Alaalatoa,1994-01-28,23.56
19/08/2017,New Zealand,21,Nick Phipps,1989-01-09,28.61
19/08/2017,New Zealand,6,Ned Hanigan,1995-04-11,22.36
19/08/2017,New Zealand,11,Curtis Rona,1992-05-26,25.23
19/08/2017,New Zealand,10,Bernard Foley,1989-09-08,27.95
19/08/2017,New Zealand,17,Tom Robertson,1994-08-28,22.98
19/08/2017,New Zealand,9,Will Genia,1988-01-17,29.59
19/08/2017,New Zealand,4,Rory Arnold,1990-07-01,27.14
19/08/2017,New Zealand,12,Kurtley Beale,1989-01-06,28.62
19/08/2017,New Zealand,16,Tatafu Polota-Nau,1985-07-26,32.07
19/08/2017,New Zealand,5,Adam Coleman,1991-10-07,25.87
19/08/2017,New Zealand,19,Rob Simmons,1989-04-19,28.33
19/08/2017,New Zealand,8,Sean McMahon,1994-06-18,23.17
19/08/2017,New Zealand,22,Reece Hodge,1994-08-26,22.98
19/08/2017,New Zealand,15,Israel Folau,1989-04-03,28.38
19/08/2017,New Zealand,2,Stephen Moore,1983-01-20,34.58
19/08/2017,New Zealand,14,Henry Speight,1988-03-24,29.41
19/08/2017,New Zealand,20,Lopeti Timani,1990-09-28,26.89
19/08/2017,New Zealand,13,Samu Kerevi,1993-09-27,23.89
19/08/2017,New Zealand,7,Michael Hooper,1991-10-29,25.81
19/08/2017,New Zealand,1,Scott Sio,1991-10-16,25.84
19/08/2017,New Zealand,18,Sekope Kepu,1986-02-05,31.54
26/08/2017,New Zealand,14,Dane Haylett-Petty,1989-06-18,28.19
26/08/2017,New Zealand,19,Izack Rodda,1996-08-20,21.02
26/08/2017,New Zealand,13,Tevita Kuridrani,1991-03-31,26.41
26/08/2017,New Zealand,3,Allan Alaalatoa,1994-01-28,23.58
26/08/2017,New Zealand,21,Nick Phipps,1989-01-09,28.63
26/08/2017,New Zealand,6,Ned Hanigan,1995-04-11,22.38
26/08/2017,New Zealand,23,Curtis Rona,1992-05-26,25.25
26/08/2017,New Zealand,10,Bernard Foley,1989-09-08,27.96
26/08/2017,New Zealand,17,Tom Robertson,1994-08-28,23.0
26/08/2017,New Zealand,9,Will Genia,1988-01-17,29.61
26/08/2017,New Zealand,5,Rory Arnold,1990-07-01,27.15
26/08/2017,New Zealand,12,Kurtley Beale,1989-01-06,28.64
26/08/2017,New Zealand,16,Tatafu Polota-Nau,1985-07-26,32.09
26/08/2017,New Zealand,4,Rob Simmons,1989-04-19,28.35
26/08/2017,New Zealand,8,Sean McMahon,1994-06-18,23.19
26/08/2017,New Zealand,22,Reece Hodge,1994-08-26,23.0
26/08/2017,New Zealand,15,Israel Folau,1989-04-03,28.4
26/08/2017,New Zealand,2,Stephen Moore,1983-01-20,34.6
26/08/2017,New Zealand,11,Henry Speight,1988-03-24,29.42
26/08/2017,New Zealand,20,Lopeti Timani,1990-09-28,26.91
26/08/2017,New Zealand,7,Michael Hooper,1991-10-29,25.83
26/08/2017,New Zealand,1,Scott Sio,1991-10-16,25.86
26/08/2017,New Zealand,18,Sekope Kepu,1986-02-05,31.55
09/09/2017,South Africa,13,Tevita Kuridrani,1991-03-31,26.45
09/09/2017,South Africa,18,Allan Alaalatoa,1994-01-28,23.61
09/09/2017,South Africa,21,Nick Phipps,1989-01-09,28.67
09/09/2017,South Africa,6,Ned Hanigan,1995-04-11,22.42
09/09/2017,South Africa,23,Curtis Rona,1992-05-26,25.29
09/09/2017,South Africa,10,Bernard Foley,1989-09-08,28.0
09/09/2017,South Africa,17,Tom Robertson,1994-08-28,23.03
09/09/2017,South Africa,20,Jack Dempsey,1994-04-12,23.41
09/09/2017,South Africa,9,Will Genia,1988-01-17,29.65
09/09/2017,South Africa,4,Rory Arnold,1990-07-01,27.19
09/09/2017,South Africa,12,Kurtley Beale,1989-01-06,28.67
09/09/2017,South Africa,2,Tatafu Polota-Nau,1985-07-26,32.12
09/09/2017,South Africa,5,Adam Coleman,1991-10-07,25.93
09/09/2017,South Africa,19,Rob Simmons,1989-04-19,28.39
09/09/2017,South Africa,8,Sean McMahon,1994-06-18,23.23
09/09/2017,South Africa,16,Jordan Uelese,1997-01-24,20.62
09/09/2017,South Africa,11,Reece Hodge,1994-08-26,23.04
09/09/2017,South Africa,15,Israel Folau,1989-04-03,28.44
09/09/2017,South Africa,14,Henry Speight,1988-03-24,29.46
09/09/2017,South Africa,22,Samu Kerevi,1993-09-27,23.95
09/09/2017,South Africa,7,Michael Hooper,1991-10-29,25.87
09/09/2017,South Africa,1,Scott Sio,1991-10-16,25.9
09/09/2017,South Africa,3,Sekope Kepu,1986-02-05,31.59
16/09/2017,Argentina,19,Izack Rodda,1996-08-20,21.07
16/09/2017,Argentina,13,Tevita Kuridrani,1991-03-31,26.46
16/09/2017,Argentina,18,Allan Alaalatoa,1994-01-28,23.63
16/09/2017,Argentina,21,Nick Phipps,1989-01-09,28.69
16/09/2017,Argentina,6,Ned Hanigan,1995-04-11,22.43
16/09/2017,Argentina,10,Bernard Foley,1989-09-08,28.02
16/09/2017,Argentina,17,Tom Robertson,1994-08-28,23.05
16/09/2017,Argentina,20,Jack Dempsey,1994-04-12,23.43
16/09/2017,Argentina,9,Will Genia,1988-01-17,29.67
16/09/2017,Argentina,12,Kurtley Beale,1989-01-06,28.69
16/09/2017,Argentina,2,Tatafu Polota-Nau,1985-07-26,32.14
16/09/2017,Argentina,5,Adam Coleman,1991-10-07,25.94
16/09/2017,Argentina,4,Rob Simmons,1989-04-19,28.41
16/09/2017,Argentina,8,Sean McMahon,1994-06-18,23.25
16/09/2017,Argentina,16,Jordan Uelese,1997-01-24,20.64
16/09/2017,Argentina,11,Reece Hodge,1994-08-26,23.06
16/09/2017,Argentina,15,Israel Folau,1989-04-03,28.46
16/09/2017,Argentina,14,Henry Speight,1988-03-24,29.48
16/09/2017,Argentina,23,Marika Koroibete,1992-07-26,25.14
16/09/2017,Argentina,22,Samu Kerevi,1993-09-27,23.97
16/09/2017,Argentina,7,Michael Hooper,1991-10-29,25.88
16/09/2017,Argentina,1,Scott Sio,1991-10-16,25.92
16/09/2017,Argentina,3,Sekope Kepu,1986-02-05,31.61
30/09/2017,South Africa,4,Izack Rodda,1996-08-20,21.11
30/09/2017,South Africa,13,Tevita Kuridrani,1991-03-31,26.5
30/09/2017,South Africa,18,Allan Alaalatoa,1994-01-28,23.67
30/09/2017,South Africa,22,Nick Phipps,1989-01-09,28.72
30/09/2017,South Africa,20,Ned Hanigan,1995-04-11,22.47
30/09/2017,South Africa,10,Bernard Foley,1989-09-08,28.06
30/09/2017,South Africa,17,Tom Robertson,1994-08-28,23.09
30/09/2017,South Africa,6,Jack Dempsey,1994-04-12,23.47
30/09/2017,South Africa,9,Will Genia,1988-01-17,29.7
30/09/2017,South Africa,12,Kurtley Beale,1989-01-06,28.73
30/09/2017,South Africa,2,Tatafu Polota-Nau,1985-07-26,32.18
30/09/2017,South Africa,21,Lukhan Salakaia-Loto,1996-09-19,21.03
30/09/2017,South Africa,5,Adam Coleman,1991-10-07,25.98
30/09/2017,South Africa,19,Rob Simmons,1989-04-19,28.45
30/09/2017,South Africa,8,Sean McMahon,1994-06-18,23.29
30/09/2017,South Africa,11,Reece Hodge,1994-08-26,23.1
30/09/2017,South Africa,15,Israel Folau,1989-04-03,28.49
30/09/2017,South Africa,16,Stephen Moore,1983-01-20,34.69
30/09/2017,South Africa,14,Marika Koroibete,1992-07-26,25.18
30/09/2017,South Africa,23,Samu Kerevi,1993-09-27,24.01
30/09/2017,South Africa,7,Michael Hooper,1991-10-29,25.92
30/09/2017,South Africa,1,Scott Sio,1991-10-16,25.96
30/09/2017,South Africa,3,Sekope Kepu,1986-02-05,31.65
07/10/2017,Argentina,4,Izack Rodda,1996-08-20,21.13
07/10/2017,Argentina,13,Tevita Kuridrani,1991-03-31,26.52
07/10/2017,Argentina,18,Allan Alaalatoa,1994-01-28,23.69
07/10/2017,Argentina,21,Nick Phipps,1989-01-09,28.74
07/10/2017,Argentina,10,Bernard Foley,1989-09-08,28.08
07/10/2017,Argentina,17,Tetera Faulkner,1988-07-26,29.2
07/10/2017,Argentina,6,Jack Dempsey,1994-04-12,23.49
07/10/2017,Argentina,9,Will Genia,1988-01-17,29.72
07/10/2017,Argentina,12,Kurtley Beale,1989-01-06,28.75
07/10/2017,Argentina,2,Tatafu Polota-Nau,1985-07-26,32.2
07/10/2017,Argentina,20,Lukhan Salakaia-Loto,1996-09-19,21.05
07/10/2017,Argentina,5,Adam Coleman,1991-10-07,26.0
07/10/2017,Argentina,19,Rob Simmons,1989-04-19,28.47
07/10/2017,Argentina,8,Sean McMahon,1994-06-18,23.31
07/10/2017,Argentina,11,Reece Hodge,1994-08-26,23.12
07/10/2017,Argentina,15,Israel Folau,1989-04-03,28.51
07/10/2017,Argentina,16,Stephen Moore,1983-01-20,34.71
07/10/2017,Argentina,23,Henry Speight,1988-03-24,29.54
07/10/2017,Argentina,14,Marika Koroibete,1992-07-26,25.2
07/10/2017,Argentina,22,Samu Kerevi,1993-09-27,24.03
07/10/2017,Argentina,7,Michael Hooper,1991-10-29,25.94
07/10/2017,Argentina,1,Scott Sio,1991-10-16,25.98
07/10/2017,Argentina,3,Sekope Kepu,1986-02-05,31.67
21/10/2017,New Zealand,13,Tevita Kuridrani,1991-03-31,26.56
21/10/2017,New Zealand,18,Allan Alaalatoa,1994-01-28,23.73
21/10/2017,New Zealand,21,Nick Phipps,1989-01-09,28.78
21/10/2017,New Zealand,20,Ned Hanigan,1995-04-11,22.53
21/10/2017,New Zealand,10,Bernard Foley,1989-09-08,28.12
21/10/2017,New Zealand,17,Tom Robertson,1994-08-28,23.15
21/10/2017,New Zealand,6,Jack Dempsey,1994-04-12,23.53
21/10/2017,New Zealand,9,Will Genia,1988-01-17,29.76
21/10/2017,New Zealand,12,Kurtley Beale,1989-01-06,28.79
21/10/2017,New Zealand,2,Tatafu Polota-Nau,1985-07-26,32.24
21/10/2017,New Zealand,19,Lukhan Salakaia-Loto,1996-09-19,21.09
21/10/2017,New Zealand,5,Adam Coleman,1991-10-07,26.04
21/10/2017,New Zealand,4,Rob Simmons,1989-04-19,28.51
21/10/2017,New Zealand,8,Sean McMahon,1994-06-18,23.34
21/10/2017,New Zealand,11,Reece Hodge,1994-08-26,23.15
21/10/2017,New Zealand,15,Israel Folau,1989-04-03,28.55
21/10/2017,New Zealand,16,Stephen Moore,1983-01-20,34.75
21/10/2017,New Zealand,23,Henry Speight,1988-03-24,29.58
21/10/2017,New Zealand,14,Marika Koroibete,1992-07-26,25.24
21/10/2017,New Zealand,22,Samu Kerevi,1993-09-27,24.07
21/10/2017,New Zealand,7,Michael Hooper,1991-10-29,25.98
21/10/2017,New Zealand,1,Scott Sio,1991-10-16,26.02
21/10/2017,New Zealand,3,Sekope Kepu,1986-02-05,31.71
28/10/2017,Barbarians,5,Lukhan Salakaia-Loto,1996-09-19,21.11
28/10/2017,Barbarians,2,Jordan Uelese,1997-01-24,20.76
28/10/2017,Barbarians,11,Israel Folau,1989-04-03,28.57
28/10/2017,Barbarians,16,Stephen Moore,1983-01-20,34.77
28/10/2017,Barbarians,14,Henry Speight,1988-03-24,29.6
28/10/2017,Barbarians,8,Lopeti Timani,1990-09-28,27.08
28/10/2017,Barbarians,18,Jermaine Ainsley,1995-08-08,22.22
28/10/2017,Barbarians,15,Karmichael Hunt,1986-11-17,30.95
28/10/2017,Barbarians,20,Liam Wright,1997-11-06,19.98
28/10/2017,Barbarians,13,Samu Kerevi,1993-09-27,24.09
28/10/2017,Barbarians,3,Allan Alaalatoa,1994-01-28,23.75
28/10/2017,Barbarians,19,Ben McCalman,1988-03-18,29.61
28/10/2017,Barbarians,9,Nick Phipps,1989-01-09,28.8
28/10/2017,Barbarians,6,Ned Hanigan,1995-04-11,22.55
28/10/2017,Barbarians,22,Curtis Rona,1992-05-26,25.42
28/10/2017,Barbarians,12,Billy Meakes,1991-02-23,26.68
28/10/2017,Barbarians,23,Izaia Perese,1997-05-17,20.45
28/10/2017,Barbarians,1,Tom Robertson,1994-08-28,23.17
28/10/2017,Barbarians,17,Tetera Faulkner,1988-07-26,29.26
28/10/2017,Barbarians,10,Duncan Paia'aua,1995-01-20,22.77
28/10/2017,Barbarians,7,Jack Dempsey,1994-04-12,23.55
28/10/2017,Barbarians,4,Rory Arnold,1990-07-01,27.33
28/10/2017,Barbarians,21,Joe Powell,1994-04-11,23.55
04/11/2017,Japan,19,Matt Philip,1994-03-07,23.66
04/11/2017,Japan,13,Tevita Kuridrani,1991-03-31,26.6
04/11/2017,Japan,18,Allan Alaalatoa,1994-01-28,23.77
04/11/2017,Japan,20,Ben McCalman,1988-03-18,29.63
04/11/2017,Japan,9,Nick Phipps,1989-01-09,28.82
04/11/2017,Japan,6,Ned Hanigan,1995-04-11,22.57
04/11/2017,Japan,23,Curtis Rona,1992-05-26,25.44
04/11/2017,Japan,17,Tom Robertson,1994-08-28,23.19
04/11/2017,Japan,15,Kurtley Beale,1989-01-06,28.83
04/11/2017,Japan,2,Tatafu Polota-Nau,1985-07-26,32.28
04/11/2017,Japan,22,Joe Powell,1994-04-11,23.57
04/11/2017,Japan,5,Adam Coleman,1991-10-07,26.08
04/11/2017,Japan,4,Rob Simmons,1989-04-19,28.55
04/11/2017,Japan,8,Sean McMahon,1994-06-18,23.38
04/11/2017,Japan,10,Reece Hodge,1994-08-26,23.19
04/11/2017,Japan,16,Stephen Moore,1983-01-20,34.79
04/11/2017,Japan,14,Henry Speight,1988-03-24,29.62
04/11/2017,Japan,11,Marika Koroibete,1992-07-26,25.28
04/11/2017,Japan,21,Lopeti Timani,1990-09-28,27.1
04/11/2017,Japan,12,Samu Kerevi,1993-09-27,24.1
04/11/2017,Japan,7,Michael Hooper,1991-10-29,26.02
04/11/2017,Japan,1,Scott Sio,1991-10-16,26.05
04/11/2017,Japan,3,Sekope Kepu,1986-02-05,31.75
11/11/2017,Wales,19,Matt Philip,1994-03-07,23.68
11/11/2017,Wales,13,Tevita Kuridrani,1991-03-31,26.62
11/11/2017,Wales,18,Allan Alaalatoa,1994-01-28,23.79
11/11/2017,Wales,20,Ben McCalman,1988-03-18,29.65
11/11/2017,Wales,21,Nick Phipps,1989-01-09,28.84
11/11/2017,Wales,6,Ned Hanigan,1995-04-11,22.59
11/11/2017,Wales,10,Bernard Foley,1989-09-08,28.18
11/11/2017,Wales,17,Tom Robertson,1994-08-28,23.21
11/11/2017,Wales,9,Will Genia,1988-01-17,29.82
11/11/2017,Wales,15,Kurtley Beale,1989-01-06,28.85
11/11/2017,Wales,2,Tatafu Polota-Nau,1985-07-26,32.3
11/11/2017,Wales,5,Adam Coleman,1991-10-07,26.1
11/11/2017,Wales,4,Rob Simmons,1989-04-19,28.56
11/11/2017,Wales,8,Sean McMahon,1994-06-18,23.4
11/11/2017,Wales,11,Reece Hodge,1994-08-26,23.21
11/11/2017,Wales,16,Stephen Moore,1983-01-20,34.81
11/11/2017,Wales,23,Henry Speight,1988-03-24,29.64
11/11/2017,Wales,14,Marika Koroibete,1992-07-26,25.3
11/11/2017,Wales,22,Karmichael Hunt,1986-11-17,30.98
11/11/2017,Wales,12,Samu Kerevi,1993-09-27,24.12
11/11/2017,Wales,7,Michael Hooper,1991-10-29,26.04
11/11/2017,Wales,1,Scott Sio,1991-10-16,26.07
11/11/2017,Wales,3,Sekope Kepu,1986-02-05,31.77
18/11/2017,England,19,Matt Philip,1994-03-07,23.7
18/11/2017,England,13,Tevita Kuridrani,1991-03-31,26.64
18/11/2017,England,18,Allan Alaalatoa,1994-01-28,23.81
18/11/2017,England,20,Ben McCalman,1988-03-18,29.67
18/11/2017,England,22,Nick Phipps,1989-01-09,28.86
18/11/2017,England,6,Ned Hanigan,1995-04-11,22.61
18/11/2017,England,10,Bernard Foley,1989-09-08,28.19
18/11/2017,England,17,Tom Robertson,1994-08-28,23.23
18/11/2017,England,9,Will Genia,1988-01-17,29.84
18/11/2017,England,15,Kurtley Beale,1989-01-06,28.87
18/11/2017,England,2,Tatafu Polota-Nau,1985-07-26,32.32
18/11/2017,England,4,Rob Simmons,1989-04-19,28.58
18/11/2017,England,8,Sean McMahon,1994-06-18,23.42
18/11/2017,England,11,Reece Hodge,1994-08-26,23.23
18/11/2017,England,16,Stephen Moore,1983-01-20,34.83
18/11/2017,England,14,Marika Koroibete,1992-07-26,25.31
18/11/2017,England,21,Lopeti Timani,1990-09-28,27.14
18/11/2017,England,23,Karmichael Hunt,1986-11-17,31.0
18/11/2017,England,5,Blake Enever,1991-10-12,26.1
18/11/2017,England,12,Samu Kerevi,1993-09-27,24.14
18/11/2017,England,7,Michael Hooper,1991-10-29,26.06
18/11/2017,England,1,Scott Sio,1991-10-16,26.09
18/11/2017,England,3,Sekope Kepu,1986-02-05,31.78
25/11/2017,Scotland,13,Tevita Kuridrani,1991-03-31,26.66
25/11/2017,Scotland,6,Ben McCalman,1988-03-18,29.69
25/11/2017,Scotland,21,Nick Phipps,1989-01-09,28.88
25/11/2017,Scotland,18,Taniela Tupou,1996-05-10,21.54
25/11/2017,Scotland,10,Bernard Foley,1989-09-08,28.21
25/11/2017,Scotland,17,Tetera Faulkner,1988-07-26,29.33
25/11/2017,Scotland,9,Will Genia,1988-01-17,29.86
25/11/2017,Scotland,15,Kurtley Beale,1989-01-06,28.88
25/11/2017,Scotland,16,Tatafu Polota-Nau,1985-07-26,32.33
25/11/2017,Scotland,19,Lukhan Salakaia-Loto,1996-09-19,21.18
25/11/2017,Scotland,4,Rob Simmons,1989-04-19,28.6
25/11/2017,Scotland,8,Sean McMahon,1994-06-18,23.44
25/11/2017,Scotland,11,Reece Hodge,1994-08-26,23.25
25/11/2017,Scotland,2,Stephen Moore,1983-01-20,34.85
25/11/2017,Scotland,23,Henry Speight,1988-03-24,29.67
25/11/2017,Scotland,14,Marika Koroibete,1992-07-26,25.33
25/11/2017,Scotland,20,Lopeti Timani,1990-09-28,27.16
25/11/2017,Scotland,22,Karmichael Hunt,1986-11-17,31.02
25/11/2017,Scotland,5,Blake Enever,1991-10-12,26.12
25/11/2017,Scotland,12,Samu Kerevi,1993-09-27,24.16
25/11/2017,Scotland,7,Michael Hooper,1991-10-29,26.08
25/11/2017,Scotland,1,Scott Sio,1991-10-16,26.11
25/11/2017,Scotland,3,Sekope Kepu,1986-02-05,31.8
09/06/2018,Ireland,6,David Pocock,1988-04-23,30.13
09/06/2018,Ireland,16,Tolu Latu,1993-02-23,25.29
09/06/2018,Ireland,14,Dane Haylett-Petty,1989-06-18,28.98
09/06/2018,Ireland,4,Izack Rodda,1996-08-20,21.8
09/06/2018,Ireland,22,Nick Phipps,1989-01-09,29.41
09/06/2018,Ireland,18,Taniela Tupou,1996-05-10,22.08
09/06/2018,Ireland,10,Bernard Foley,1989-09-08,28.75
09/06/2018,Ireland,17,Tom Robertson,1994-08-28,23.78
09/06/2018,Ireland,9,Will Genia,1988-01-17,30.39
09/06/2018,Ireland,12,Kurtley Beale,1989-01-06,29.42
09/06/2018,Ireland,20,Lukhan Salakaia-Loto,1996-09-19,21.72
09/06/2018,Ireland,5,Adam Coleman,1991-10-07,26.67
09/06/2018,Ireland,19,Rob Simmons,1989-04-19,29.14
09/06/2018,Ireland,21,Pete Samu,1991-12-17,26.48
09/06/2018,Ireland,23,Reece Hodge,1994-08-26,23.79
09/06/2018,Ireland,15,Israel Folau,1989-04-03,29.18
09/06/2018,Ireland,8,Caleb Timu,1994-02-22,24.29
09/06/2018,Ireland,11,Marika Koroibete,1992-07-26,25.87
09/06/2018,Ireland,2,Brandon Paenga-Amosa,1995-12-25,22.46
09/06/2018,Ireland,13,Samu Kerevi,1993-09-27,24.7
09/06/2018,Ireland,7,Michael Hooper,1991-10-29,26.61
09/06/2018,Ireland,1,Scott Sio,1991-10-16,26.65
09/06/2018,Ireland,3,Sekope Kepu,1986-02-05,32.34
16/06/2018,Ireland,6,David Pocock,1988-04-23,30.15
16/06/2018,Ireland,16,Tolu Latu,1993-02-23,25.31
16/06/2018,Ireland,14,Dane Haylett-Petty,1989-06-18,28.99
16/06/2018,Ireland,4,Izack Rodda,1996-08-20,21.82
16/06/2018,Ireland,22,Nick Phipps,1989-01-09,29.43
16/06/2018,Ireland,18,Taniela Tupou,1996-05-10,22.1
16/06/2018,Ireland,10,Bernard Foley,1989-09-08,28.77
16/06/2018,Ireland,17,Tom Robertson,1994-08-28,23.8
16/06/2018,Ireland,9,Will Genia,1988-01-17,30.41
16/06/2018,Ireland,12,Kurtley Beale,1989-01-06,29.44
16/06/2018,Ireland,20,Lukhan Salakaia-Loto,1996-09-19,21.74
16/06/2018,Ireland,5,Adam Coleman,1991-10-07,26.69
16/06/2018,Ireland,19,Rob Simmons,1989-04-19,29.16
16/06/2018,Ireland,21,Pete Samu,1991-12-17,26.5
16/06/2018,Ireland,23,Reece Hodge,1994-08-26,23.81
16/06/2018,Ireland,15,Israel Folau,1989-04-03,29.2
16/06/2018,Ireland,8,Caleb Timu,1994-02-22,24.31
16/06/2018,Ireland,11,Marika Koroibete,1992-07-26,25.89
16/06/2018,Ireland,2,Brandon Paenga-Amosa,1995-12-25,22.48
16/06/2018,Ireland,13,Samu Kerevi,1993-09-27,24.72
16/06/2018,Ireland,7,Michael Hooper,1991-10-29,26.63
16/06/2018,Ireland,1,Scott Sio,1991-10-16,26.67
16/06/2018,Ireland,3,Sekope Kepu,1986-02-05,32.36
23/06/2018,Ireland,8,David Pocock,1988-04-23,30.17
23/06/2018,Ireland,16,Tolu Latu,1993-02-23,25.33
23/06/2018,Ireland,14,Dane Haylett-Petty,1989-06-18,29.01
23/06/2018,Ireland,4,Izack Rodda,1996-08-20,21.84
23/06/2018,Ireland,9,Nick Phipps,1989-01-09,29.45
23/06/2018,Ireland,18,Taniela Tupou,1996-05-10,22.12
23/06/2018,Ireland,20,Ned Hanigan,1995-04-11,23.2
23/06/2018,Ireland,10,Bernard Foley,1989-09-08,28.79
23/06/2018,Ireland,17,Tom Robertson,1994-08-28,23.82
23/06/2018,Ireland,12,Kurtley Beale,1989-01-06,29.46
23/06/2018,Ireland,22,Joe Powell,1994-04-11,24.2
23/06/2018,Ireland,6,Lukhan Salakaia-Loto,1996-09-19,21.76
23/06/2018,Ireland,5,Adam Coleman,1991-10-07,26.71
23/06/2018,Ireland,19,Rob Simmons,1989-04-19,29.18
23/06/2018,Ireland,21,Pete Samu,1991-12-17,26.52
23/06/2018,Ireland,23,Reece Hodge,1994-08-26,23.83
23/06/2018,Ireland,15,Israel Folau,1989-04-03,29.22
23/06/2018,Ireland,11,Marika Koroibete,1992-07-26,25.91
23/06/2018,Ireland,2,Brandon Paenga-Amosa,1995-12-25,22.49
23/06/2018,Ireland,13,Samu Kerevi,1993-09-27,24.74
23/06/2018,Ireland,7,Michael Hooper,1991-10-29,26.65
23/06/2018,Ireland,1,Scott Sio,1991-10-16,26.69
23/06/2018,Ireland,3,Sekope Kepu,1986-02-05,32.38
18/08/2018,New Zealand,23,Jack Maddocks,1997-02-05,21.53
18/08/2018,New Zealand,8,David Pocock,1988-04-23,30.32
18/08/2018,New Zealand,16,Tolu Latu,1993-02-23,25.48
18/08/2018,New Zealand,14,Dane Haylett-Petty,1989-06-18,29.17
18/08/2018,New Zealand,4,Izack Rodda,1996-08-20,21.99
18/08/2018,New Zealand,17,Allan Alaalatoa,1994-01-28,24.55
18/08/2018,New Zealand,21,Nick Phipps,1989-01-09,29.6
18/08/2018,New Zealand,10,Bernard Foley,1989-09-08,28.94
18/08/2018,New Zealand,1,Tom Robertson,1994-08-28,23.97
18/08/2018,New Zealand,9,Will Genia,1988-01-17,30.59
18/08/2018,New Zealand,12,Kurtley Beale,1989-01-06,29.61
18/08/2018,New Zealand,2,Tatafu Polota-Nau,1985-07-26,33.06
18/08/2018,New Zealand,6,Lukhan Salakaia-Loto,1996-09-19,21.91
18/08/2018,New Zealand,5,Adam Coleman,1991-10-07,26.86
18/08/2018,New Zealand,19,Rob Simmons,1989-04-19,29.33
18/08/2018,New Zealand,20,Pete Samu,1991-12-17,26.67
18/08/2018,New Zealand,13,Reece Hodge,1994-08-26,23.98
18/08/2018,New Zealand,15,Israel Folau,1989-04-03,29.38
18/08/2018,New Zealand,11,Marika Koroibete,1992-07-26,26.06
18/08/2018,New Zealand,18,Jermaine Ainsley,1995-08-08,23.03
18/08/2018,New Zealand,7,Michael Hooper,1991-10-29,26.8
18/08/2018,New Zealand,22,Matt Toomua,1990-01-02,28.62
18/08/2018,New Zealand,3,Sekope Kepu,1986-02-05,32.53
25/08/2018,New Zealand,14,Jack Maddocks,1997-02-05,21.55
25/08/2018,New Zealand,8,David Pocock,1988-04-23,30.34
25/08/2018,New Zealand,15,Dane Haylett-Petty,1989-06-18,29.19
25/08/2018,New Zealand,16,Folau Fainga'a,1995-05-05,23.31
25/08/2018,New Zealand,4,Izack Rodda,1996-08-20,22.01
25/08/2018,New Zealand,3,Allan Alaalatoa,1994-01-28,24.57
25/08/2018,New Zealand,23,Thomas Banks,1994-06-18,24.19
25/08/2018,New Zealand,21,Nick Phipps,1989-01-09,29.62
25/08/2018,New Zealand,10,Bernard Foley,1989-09-08,28.96
25/08/2018,New Zealand,17,Tom Robertson,1994-08-28,23.99
25/08/2018,New Zealand,9,Will Genia,1988-01-17,30.6
25/08/2018,New Zealand,12,Kurtley Beale,1989-01-06,29.63
25/08/2018,New Zealand,2,Tatafu Polota-Nau,1985-07-26,33.08
25/08/2018,New Zealand,6,Lukhan Salakaia-Loto,1996-09-19,21.93
25/08/2018,New Zealand,5,Adam Coleman,1991-10-07,26.88
25/08/2018,New Zealand,19,Rob Simmons,1989-04-19,29.35
25/08/2018,New Zealand,20,Pete Samu,1991-12-17,26.69
25/08/2018,New Zealand,13,Reece Hodge,1994-08-26,24.0
25/08/2018,New Zealand,11,Marika Koroibete,1992-07-26,26.08
25/08/2018,New Zealand,7,Michael Hooper,1991-10-29,26.82
25/08/2018,New Zealand,1,Scott Sio,1991-10-16,26.86
25/08/2018,New Zealand,22,Matt Toomua,1990-01-02,28.64
25/08/2018,New Zealand,18,Sekope Kepu,1986-02-05,32.55
08/09/2018,South Africa,14,Jack Maddocks,1997-02-05,21.59
08/09/2018,South Africa,15,Dane Haylett-Petty,1989-06-18,29.22
08/09/2018,South Africa,16,Folau Fainga'a,1995-05-05,23.35
08/09/2018,South Africa,5,Izack Rodda,1996-08-20,22.05
08/09/2018,South Africa,3,Allan Alaalatoa,1994-01-28,24.61
08/09/2018,South Africa,23,Thomas Banks,1994-06-18,24.23
08/09/2018,South Africa,18,Taniela Tupou,1996-05-10,22.33
08/09/2018,South Africa,20,Ned Hanigan,1995-04-11,23.41
08/09/2018,South Africa,22,Bernard Foley,1989-09-08,29.0
08/09/2018,South Africa,17,Tom Robertson,1994-08-28,24.03
08/09/2018,South Africa,9,Will Genia,1988-01-17,30.64
08/09/2018,South Africa,4,Rory Arnold,1990-07-01,28.19
08/09/2018,South Africa,10,Kurtley Beale,1989-01-06,29.67
08/09/2018,South Africa,2,Tatafu Polota-Nau,1985-07-26,33.12
08/09/2018,South Africa,21,Joe Powell,1994-04-11,24.41
08/09/2018,South Africa,6,Lukhan Salakaia-Loto,1996-09-19,21.97
08/09/2018,South Africa,19,Rob Simmons,1989-04-19,29.39
08/09/2018,South Africa,8,Pete Samu,1991-12-17,26.73
08/09/2018,South Africa,13,Reece Hodge,1994-08-26,24.04
08/09/2018,South Africa,11,Marika Koroibete,1992-07-26,26.12
08/09/2018,South Africa,7,Michael Hooper,1991-10-29,26.86
08/09/2018,South Africa,1,Scott Sio,1991-10-16,26.9
08/09/2018,South Africa,12,Matt Toomua,1990-01-02,28.68
15/09/2018,Argentina,23,Jack Maddocks,1997-02-05,21.61
15/09/2018,Argentina,7,David Pocock,1988-04-23,30.4
15/09/2018,Argentina,15,Dane Haylett-Petty,1989-06-18,29.24
15/09/2018,Argentina,16,Folau Fainga'a,1995-05-05,23.37
15/09/2018,Argentina,5,Izack Rodda,1996-08-20,22.07
15/09/2018,Argentina,3,Allan Alaalatoa,1994-01-28,24.63
15/09/2018,Argentina,21,Nick Phipps,1989-01-09,29.68
15/09/2018,Argentina,18,Taniela Tupou,1996-05-10,22.35
15/09/2018,Argentina,20,Ned Hanigan,1995-04-11,23.43
15/09/2018,Argentina,22,Bernard Foley,1989-09-08,29.02
15/09/2018,Argentina,9,Will Genia,1988-01-17,30.66
15/09/2018,Argentina,4,Rory Arnold,1990-07-01,28.21
15/09/2018,Argentina,10,Kurtley Beale,1989-01-06,29.69
15/09/2018,Argentina,2,Tatafu Polota-Nau,1985-07-26,33.14
15/09/2018,Argentina,6,Lukhan Salakaia-Loto,1996-09-19,21.99
15/09/2018,Argentina,19,Adam Coleman,1991-10-07,26.94
15/09/2018,Argentina,8,Pete Samu,1991-12-17,26.75
15/09/2018,Argentina,13,Reece Hodge,1994-08-26,24.06
15/09/2018,Argentina,14,Israel Folau,1989-04-03,29.45
15/09/2018,Argentina,11,Marika Koroibete,1992-07-26,26.14
15/09/2018,Argentina,1,Scott Sio,1991-10-16,26.92
15/09/2018,Argentina,12,Matt Toomua,1990-01-02,28.7
15/09/2018,Argentina,17,Sekope Kepu,1986-02-05,32.61
29/09/2018,South Africa,23,Jack Maddocks,1997-02-05,21.65
29/09/2018,South Africa,8,David Pocock,1988-04-23,30.43
29/09/2018,South Africa,15,Dane Haylett-Petty,1989-06-18,29.28
29/09/2018,South Africa,2,Folau Fainga'a,1995-05-05,23.4
29/09/2018,South Africa,5,Izack Rodda,1996-08-20,22.11
29/09/2018,South Africa,18,Allan Alaalatoa,1994-01-28,24.67
29/09/2018,South Africa,21,Nick Phipps,1989-01-09,29.72
29/09/2018,South Africa,3,Taniela Tupou,1996-05-10,22.39
29/09/2018,South Africa,6,Ned Hanigan,1995-04-11,23.47
29/09/2018,South Africa,22,Bernard Foley,1989-09-08,29.06
29/09/2018,South Africa,9,Will Genia,1988-01-17,30.7
29/09/2018,South Africa,19,Rory Arnold,1990-07-01,28.25
29/09/2018,South Africa,10,Kurtley Beale,1989-01-06,29.73
29/09/2018,South Africa,4,Adam Coleman,1991-10-07,26.98
29/09/2018,South Africa,20,Rob Simmons,1989-04-19,29.45
29/09/2018,South Africa,13,Reece Hodge,1994-08-26,24.09
29/09/2018,South Africa,14,Israel Folau,1989-04-03,29.49
29/09/2018,South Africa,11,Marika Koroibete,1992-07-26,26.18
29/09/2018,South Africa,16,Brandon Paenga-Amosa,1995-12-25,22.76
29/09/2018,South Africa,7,Michael Hooper,1991-10-29,26.92
29/09/2018,South Africa,1,Scott Sio,1991-10-16,26.95
29/09/2018,South Africa,12,Matt Toomua,1990-01-02,28.74
29/09/2018,South Africa,17,Sekope Kepu,1986-02-05,32.65
06/10/2018,Argentina,8,David Pocock,1988-04-23,30.45
06/10/2018,Argentina,16,Tolu Latu,1993-02-23,25.62
06/10/2018,Argentina,15,Dane Haylett-Petty,1989-06-18,29.3
06/10/2018,Argentina,2,Folau Fainga'a,1995-05-05,23.42
06/10/2018,Argentina,4,Izack Rodda,1996-08-20,22.13
06/10/2018,Argentina,18,Allan Alaalatoa,1994-01-28,24.69
06/10/2018,Argentina,23,Thomas Banks,1994-06-18,24.3
06/10/2018,Argentina,21,Nick Phipps,1989-01-09,29.74
06/10/2018,Argentina,3,Taniela Tupou,1996-05-10,22.41
06/10/2018,Argentina,6,Ned Hanigan,1995-04-11,23.49
06/10/2018,Argentina,10,Bernard Foley,1989-09-08,29.08
06/10/2018,Argentina,9,Will Genia,1988-01-17,30.72
06/10/2018,Argentina,12,Kurtley Beale,1989-01-06,29.75
06/10/2018,Argentina,5,Adam Coleman,1991-10-07,27.0
06/10/2018,Argentina,19,Rob Simmons,1989-04-19,29.47
06/10/2018,Argentina,13,Reece Hodge,1994-08-26,24.11
06/10/2018,Argentina,14,Israel Folau,1989-04-03,29.51
06/10/2018,Argentina,20,Caleb Timu,1994-02-22,24.62
06/10/2018,Argentina,11,Marika Koroibete,1992-07-26,26.2
06/10/2018,Argentina,7,Michael Hooper,1991-10-29,26.94
06/10/2018,Argentina,1,Scott Sio,1991-10-16,26.97
06/10/2018,Argentina,22,Matt Toomua,1990-01-02,28.76
06/10/2018,Argentina,17,Sekope Kepu,1986-02-05,32.67
27/10/2018,New Zealand,8,David Pocock,1988-04-23,30.51
27/10/2018,New Zealand,16,Tolu Latu,1993-02-23,25.67
27/10/2018,New Zealand,15,Dane Haylett-Petty,1989-06-18,29.36
27/10/2018,New Zealand,2,Folau Fainga'a,1995-05-05,23.48
27/10/2018,New Zealand,4,Izack Rodda,1996-08-20,22.19
27/10/2018,New Zealand,3,Allan Alaalatoa,1994-01-28,24.75
27/10/2018,New Zealand,23,Thomas Banks,1994-06-18,24.36
27/10/2018,New Zealand,21,Nick Phipps,1989-01-09,29.8
27/10/2018,New Zealand,18,Taniela Tupou,1996-05-10,22.46
27/10/2018,New Zealand,6,Ned Hanigan,1995-04-11,23.55
27/10/2018,New Zealand,10,Bernard Foley,1989-09-08,29.13
27/10/2018,New Zealand,20,Jack Dempsey,1994-04-12,24.54
27/10/2018,New Zealand,9,Will Genia,1988-01-17,30.78
27/10/2018,New Zealand,19,Rory Arnold,1990-07-01,28.32
27/10/2018,New Zealand,12,Kurtley Beale,1989-01-06,29.8
27/10/2018,New Zealand,5,Rob Simmons,1989-04-19,29.52
27/10/2018,New Zealand,13,Israel Folau,1989-04-03,29.57
27/10/2018,New Zealand,11,Marika Koroibete,1992-07-26,26.25
27/10/2018,New Zealand,22,Samu Kerevi,1993-09-27,25.08
27/10/2018,New Zealand,7,Michael Hooper,1991-10-29,27.0
27/10/2018,New Zealand,1,Scott Sio,1991-10-16,27.03
27/10/2018,New Zealand,14,Sefa Naivalu,1992-01-07,26.8
27/10/2018,New Zealand,17,Sekope Kepu,1986-02-05,32.72
10/11/2018,Wales,23,Jack Maddocks,1997-02-05,21.76
10/11/2018,Wales,8,David Pocock,1988-04-23,30.55
10/11/2018,Wales,2,Tolu Latu,1993-02-23,25.71
10/11/2018,Wales,15,Dane Haylett-Petty,1989-06-18,29.4
10/11/2018,Wales,4,Izack Rodda,1996-08-20,22.22
10/11/2018,Wales,3,Allan Alaalatoa,1994-01-28,24.78
10/11/2018,Wales,21,Nick Phipps,1989-01-09,29.83
10/11/2018,Wales,18,Taniela Tupou,1996-05-10,22.5
10/11/2018,Wales,20,Ned Hanigan,1995-04-11,23.58
10/11/2018,Wales,10,Bernard Foley,1989-09-08,29.17
10/11/2018,Wales,6,Jack Dempsey,1994-04-12,24.58
10/11/2018,Wales,9,Will Genia,1988-01-17,30.82
10/11/2018,Wales,12,Kurtley Beale,1989-01-06,29.84
10/11/2018,Wales,16,Tatafu Polota-Nau,1985-07-26,33.29
10/11/2018,Wales,5,Adam Coleman,1991-10-07,27.09
10/11/2018,Wales,19,Rob Simmons,1989-04-19,29.56
10/11/2018,Wales,14,Israel Folau,1989-04-03,29.6
10/11/2018,Wales,13,Samu Kerevi,1993-09-27,25.12
10/11/2018,Wales,7,Michael Hooper,1991-10-29,27.03
10/11/2018,Wales,1,Scott Sio,1991-10-16,27.07
10/11/2018,Wales,22,Matt Toomua,1990-01-02,28.85
10/11/2018,Wales,11,Sefa Naivalu,1992-01-07,26.84
10/11/2018,Wales,17,Sekope Kepu,1986-02-05,32.76
17/11/2018,Italy,8,David Pocock,1988-04-23,30.57
17/11/2018,Italy,23,Dane Haylett-Petty,1989-06-18,29.42
17/11/2018,Italy,2,Folau Fainga'a,1995-05-05,23.54
17/11/2018,Italy,4,Izack Rodda,1996-08-20,22.24
17/11/2018,Italy,9,Jake Gordon,1993-07-06,25.37
17/11/2018,Italy,14,Adam Ashley-Cooper,1984-03-27,34.64
17/11/2018,Italy,3,Taniela Tupou,1996-05-10,22.52
17/11/2018,Italy,12,Bernard Foley,1989-09-08,29.19
17/11/2018,Italy,6,Jack Dempsey,1994-04-12,24.6
17/11/2018,Italy,21,Will Genia,1988-01-17,30.83
17/11/2018,Italy,22,Kurtley Beale,1989-01-06,29.86
17/11/2018,Italy,16,Tatafu Polota-Nau,1985-07-26,33.31
17/11/2018,Italy,5,Adam Coleman,1991-10-07,27.11
17/11/2018,Italy,19,Rob Simmons,1989-04-19,29.58
17/11/2018,Italy,20,Pete Samu,1991-12-17,26.92
17/11/2018,Italy,15,Israel Folau,1989-04-03,29.62
17/11/2018,Italy,11,Marika Koroibete,1992-07-26,26.31
17/11/2018,Italy,17,Jermaine Ainsley,1995-08-08,23.28
17/11/2018,Italy,13,Samu Kerevi,1993-09-27,25.14
17/11/2018,Italy,7,Michael Hooper,1991-10-29,27.05
17/11/2018,Italy,1,Scott Sio,1991-10-16,27.09
17/11/2018,Italy,10,Matt Toomua,1990-01-02,28.87
17/11/2018,Italy,18,Sekope Kepu,1986-02-05,32.78
24/11/2018,England,11,Jack Maddocks,1997-02-05,21.8
24/11/2018,England,2,Tolu Latu,1993-02-23,25.75
24/11/2018,England,14,Dane Haylett-Petty,1989-06-18,29.44
24/11/2018,England,4,Izack Rodda,1996-08-20,22.26
24/11/2018,England,18,Allan Alaalatoa,1994-01-28,24.82
24/11/2018,England,21,Nick Phipps,1989-01-09,29.87
24/11/2018,England,20,Ned Hanigan,1995-04-11,23.62
24/11/2018,England,12,Bernard Foley,1989-09-08,29.21
24/11/2018,England,6,Jack Dempsey,1994-04-12,24.62
24/11/2018,England,9,Will Genia,1988-01-17,30.85
24/11/2018,England,16,Tatafu Polota-Nau,1985-07-26,33.33
24/11/2018,England,5,Adam Coleman,1991-10-07,27.13
24/11/2018,England,19,Rob Simmons,1989-04-19,29.6
24/11/2018,England,8,Pete Samu,1991-12-17,26.94
24/11/2018,England,15,Israel Folau,1989-04-03,29.64
24/11/2018,England,23,Marika Koroibete,1992-07-26,26.33
24/11/2018,England,17,Jermaine Ainsley,1995-08-08,23.3
24/11/2018,England,13,Samu Kerevi,1993-09-27,25.16
24/11/2018,England,7,Michael Hooper,1991-10-29,27.07
24/11/2018,England,1,Scott Sio,1991-10-16,27.11
24/11/2018,England,10,Matt Toomua,1990-01-02,28.89
24/11/2018,England,22,Sefa Naivalu,1992-01-07,26.88
24/11/2018,England,3,Sekope Kepu,1986-02-05,32.8
20/07/2019,South Africa,9,Nic White,1990-06-13,29.1
20/07/2019,South Africa,14,Dane Haylett-Petty,1989-06-18,30.09
20/07/2019,South Africa,2,Folau Fainga'a,1995-05-05,24.21
20/07/2019,South Africa,8,Isi Naisarani,1995-02-14,24.43
20/07/2019,South Africa,4,Izack Rodda,1996-08-20,22.91
20/07/2019,South Africa,13,Tevita Kuridrani,1991-03-31,28.3
20/07/2019,South Africa,15,Thomas Banks,1994-06-18,25.09
20/07/2019,South Africa,18,Taniela Tupou,1996-05-10,23.19
20/07/2019,South Africa,10,Bernard Foley,1989-09-08,29.86
20/07/2019,South Africa,20,Jack Dempsey,1994-04-12,25.27
20/07/2019,South Africa,17,Harry Johnson-Holmes,1997-03-02,22.38
20/07/2019,South Africa,21,Will Genia,1988-01-17,31.51
20/07/2019,South Africa,5,Rory Arnold,1990-07-01,29.05
20/07/2019,South Africa,23,Kurtley Beale,1989-01-06,30.53
20/07/2019,South Africa,6,Lukhan Salakaia-Loto,1996-09-19,22.83
20/07/2019,South Africa,19,Rob Simmons,1989-04-19,30.25
20/07/2019,South Africa,16,Jordan Uelese,1997-01-24,22.48
20/07/2019,South Africa,11,Reece Hodge,1994-08-26,24.9
20/07/2019,South Africa,1,James Slipper,1989-06-06,30.12
20/07/2019,South Africa,12,Samu Kerevi,1993-09-27,25.81
20/07/2019,South Africa,7,Michael Hooper,1991-10-29,27.72
20/07/2019,South Africa,22,Matt Toomua,1990-01-02,29.54
20/07/2019,South Africa,3,Sekope Kepu,1986-02-05,33.45
27/07/2019,Argentina,10,Christian Leali'ifano,1987-09-24,31.84
27/07/2019,Argentina,21,Nic White,1990-06-13,29.12
27/07/2019,Argentina,16,Tolu Latu,1993-02-23,26.42
27/07/2019,Argentina,2,Folau Fainga'a,1995-05-05,24.23
27/07/2019,Argentina,8,Isi Naisarani,1995-02-14,24.45
27/07/2019,Argentina,4,Izack Rodda,1996-08-20,22.93
27/07/2019,Argentina,13,Tevita Kuridrani,1991-03-31,28.32
27/07/2019,Argentina,18,Taniela Tupou,1996-05-10,23.21
27/07/2019,Argentina,9,Will Genia,1988-01-17,31.52
27/07/2019,Argentina,5,Rory Arnold,1990-07-01,29.07
27/07/2019,Argentina,15,Kurtley Beale,1989-01-06,30.55
27/07/2019,Argentina,6,Lukhan Salakaia-Loto,1996-09-19,22.85
27/07/2019,Argentina,19,Rob Simmons,1989-04-19,30.27
27/07/2019,Argentina,14,Reece Hodge,1994-08-26,24.92
27/07/2019,Argentina,11,Marika Koroibete,1992-07-26,27.0
27/07/2019,Argentina,23,James O'Connor,1990-07-05,29.06
27/07/2019,Argentina,17,James Slipper,1989-06-06,30.14
27/07/2019,Argentina,12,Samu Kerevi,1993-09-27,25.83
27/07/2019,Argentina,7,Michael Hooper,1991-10-29,27.74
27/07/2019,Argentina,1,Scott Sio,1991-10-16,27.78
27/07/2019,Argentina,22,Matt Toomua,1990-01-02,29.56
27/07/2019,Argentina,20,Luke Jones,1991-04-02,28.32
27/07/2019,Argentina,3,Sekope Kepu,1986-02-05,33.47
10/08/2019,New Zealand,10,Christian Leali'ifano,1987-09-24,31.88
10/08/2019,New Zealand,9,Nic White,1990-06-13,29.16
10/08/2019,New Zealand,2,Tolu Latu,1993-02-23,26.46
10/08/2019,New Zealand,16,Folau Fainga'a,1995-05-05,24.27
10/08/2019,New Zealand,8,Isi Naisarani,1995-02-14,24.49
10/08/2019,New Zealand,4,Izack Rodda,1996-08-20,22.97
10/08/2019,New Zealand,3,Allan Alaalatoa,1994-01-28,25.53
10/08/2019,New Zealand,23,Thomas Banks,1994-06-18,25.14
10/08/2019,New Zealand,18,Taniela Tupou,1996-05-10,23.25
10/08/2019,New Zealand,21,Will Genia,1988-01-17,31.56
10/08/2019,New Zealand,5,Rory Arnold,1990-07-01,29.11
10/08/2019,New Zealand,15,Kurtley Beale,1989-01-06,30.59
10/08/2019,New Zealand,6,Lukhan Salakaia-Loto,1996-09-19,22.89
10/08/2019,New Zealand,19,Adam Coleman,1991-10-07,27.84
10/08/2019,New Zealand,14,Reece Hodge,1994-08-26,24.96
10/08/2019,New Zealand,11,Marika Koroibete,1992-07-26,27.04
10/08/2019,New Zealand,13,James O'Connor,1990-07-05,29.1
10/08/2019,New Zealand,17,James Slipper,1989-06-06,30.18
10/08/2019,New Zealand,12,Samu Kerevi,1993-09-27,25.87
10/08/2019,New Zealand,7,Michael Hooper,1991-10-29,27.78
10/08/2019,New Zealand,1,Scott Sio,1991-10-16,27.82
10/08/2019,New Zealand,22,Matt Toomua,1990-01-02,29.6
10/08/2019,New Zealand,20,Luke Jones,1991-04-02,28.36
17/08/2019,New Zealand,10,Christian Leali'ifano,1987-09-24,31.9
17/08/2019,New Zealand,9,Nic White,1990-06-13,29.18
17/08/2019,New Zealand,2,Tolu Latu,1993-02-23,26.48
17/08/2019,New Zealand,16,Folau Fainga'a,1995-05-05,24.29
17/08/2019,New Zealand,8,Isi Naisarani,1995-02-14,24.5
17/08/2019,New Zealand,4,Izack Rodda,1996-08-20,22.99
17/08/2019,New Zealand,3,Allan Alaalatoa,1994-01-28,25.55
17/08/2019,New Zealand,23,Adam Ashley-Cooper,1984-03-27,35.39
17/08/2019,New Zealand,18,Taniela Tupou,1996-05-10,23.27
17/08/2019,New Zealand,21,Will Genia,1988-01-17,31.58
17/08/2019,New Zealand,15,Kurtley Beale,1989-01-06,30.61
17/08/2019,New Zealand,6,Lukhan Salakaia-Loto,1996-09-19,22.91
17/08/2019,New Zealand,5,Adam Coleman,1991-10-07,27.86
17/08/2019,New Zealand,19,Rob Simmons,1989-04-19,30.33
17/08/2019,New Zealand,14,Reece Hodge,1994-08-26,24.98
17/08/2019,New Zealand,11,Marika Koroibete,1992-07-26,27.06
17/08/2019,New Zealand,13,James O'Connor,1990-07-05,29.12
17/08/2019,New Zealand,20,Liam Wright,1997-11-06,21.78
17/08/2019,New Zealand,17,James Slipper,1989-06-06,30.2
17/08/2019,New Zealand,12,Samu Kerevi,1993-09-27,25.89
17/08/2019,New Zealand,7,Michael Hooper,1991-10-29,27.8
17/08/2019,New Zealand,1,Scott Sio,1991-10-16,27.84
17/08/2019,New Zealand,22,Matt Toomua,1990-01-02,29.62
07/09/2019,Samoa,7,David Pocock,1988-04-23,31.37
07/09/2019,Samoa,14,Dane Haylett-Petty,1989-06-18,30.22
07/09/2019,Samoa,13,Adam Ashley-Cooper,1984-03-27,35.45
07/09/2019,Samoa,15,Thomas Banks,1994-06-18,25.22
07/09/2019,Samoa,22,Nick Phipps,1989-01-09,30.66
07/09/2019,Samoa,18,Taniela Tupou,1996-05-10,23.33
07/09/2019,Samoa,10,Bernard Foley,1989-09-08,30.0
07/09/2019,Samoa,8,Jack Dempsey,1994-04-12,25.41
07/09/2019,Samoa,9,Will Genia,1988-01-17,31.64
07/09/2019,Samoa,21,Rob Valetini,1998-09-03,21.01
07/09/2019,Samoa,16,Tatafu Polota-Nau,1985-07-26,34.12
07/09/2019,Samoa,6,Lukhan Salakaia-Loto,1996-09-19,22.97
07/09/2019,Samoa,5,Adam Coleman,1991-10-07,27.92
07/09/2019,Samoa,4,Rob Simmons,1989-04-19,30.39
07/09/2019,Samoa,2,Jordan Uelese,1997-01-24,22.62
07/09/2019,Samoa,11,Marika Koroibete,1992-07-26,27.12
07/09/2019,Samoa,23,James O'Connor,1990-07-05,29.18
07/09/2019,Samoa,20,Liam Wright,1997-11-06,21.83
07/09/2019,Samoa,1,James Slipper,1989-06-06,30.25
07/09/2019,Samoa,17,Scott Sio,1991-10-16,27.89
07/09/2019,Samoa,12,Matt Toomua,1990-01-02,29.68
07/09/2019,Samoa,19,Luke Jones,1991-04-02,28.43
07/09/2019,Samoa,3,Sekope Kepu,1986-02-05,33.59
21/09/2019,Fiji,10,Christian Leali'ifano,1987-09-24,31.99
21/09/2019,Fiji,9,Nic White,1990-06-13,29.27
21/09/2019,Fiji,6,David Pocock,1988-04-23,31.41
21/09/2019,Fiji,2,Tolu Latu,1993-02-23,26.57
21/09/2019,Fiji,23,Dane Haylett-Petty,1989-06-18,30.26
21/09/2019,Fiji,8,Isi Naisarani,1995-02-14,24.6
21/09/2019,Fiji,4,Izack Rodda,1996-08-20,23.09
21/09/2019,Fiji,3,Allan Alaalatoa,1994-01-28,25.65
21/09/2019,Fiji,21,Will Genia,1988-01-17,31.68
21/09/2019,Fiji,5,Rory Arnold,1990-07-01,29.22
21/09/2019,Fiji,15,Kurtley Beale,1989-01-06,30.71
21/09/2019,Fiji,20,Lukhan Salakaia-Loto,1996-09-19,23.0
21/09/2019,Fiji,19,Adam Coleman,1991-10-07,27.96
21/09/2019,Fiji,16,Jordan Uelese,1997-01-24,22.66
21/09/2019,Fiji,14,Reece Hodge,1994-08-26,25.07
21/09/2019,Fiji,11,Marika Koroibete,1992-07-26,27.15
21/09/2019,Fiji,13,James O'Connor,1990-07-05,29.21
21/09/2019,Fiji,17,James Slipper,1989-06-06,30.29
21/09/2019,Fiji,12,Samu Kerevi,1993-09-27,25.98
21/09/2019,Fiji,7,Michael Hooper,1991-10-29,27.9
21/09/2019,Fiji,1,Scott Sio,1991-10-16,27.93
21/09/2019,Fiji,22,Matt Toomua,1990-01-02,29.72
21/09/2019,Fiji,18,Sekope Kepu,1986-02-05,33.62
29/09/2019,Wales,21,Nic White,1990-06-13,29.3
29/09/2019,Wales,6,David Pocock,1988-04-23,31.43
29/09/2019,Wales,2,Tolu Latu,1993-02-23,26.6
29/09/2019,Wales,15,Dane Haylett-Petty,1989-06-18,30.28
29/09/2019,Wales,8,Isi Naisarani,1995-02-14,24.62
29/09/2019,Wales,4,Izack Rodda,1996-08-20,23.11
29/09/2019,Wales,3,Allan Alaalatoa,1994-01-28,25.67
29/09/2019,Wales,14,Adam Ashley-Cooper,1984-03-27,35.51
29/09/2019,Wales,10,Bernard Foley,1989-09-08,30.06
29/09/2019,Wales,9,Will Genia,1988-01-17,31.7
29/09/2019,Wales,5,Rory Arnold,1990-07-01,29.25
29/09/2019,Wales,23,Kurtley Beale,1989-01-06,30.73
29/09/2019,Wales,20,Lukhan Salakaia-Loto,1996-09-19,23.03
29/09/2019,Wales,19,Adam Coleman,1991-10-07,27.98
29/09/2019,Wales,16,Jordan Uelese,1997-01-24,22.68
29/09/2019,Wales,11,Marika Koroibete,1992-07-26,27.18
29/09/2019,Wales,13,James O'Connor,1990-07-05,29.24
29/09/2019,Wales,17,James Slipper,1989-06-06,30.31
29/09/2019,Wales,12,Samu Kerevi,1993-09-27,26.0
29/09/2019,Wales,7,Michael Hooper,1991-10-29,27.92
29/09/2019,Wales,1,Scott Sio,1991-10-16,27.95
29/09/2019,Wales,22,Matt Toomua,1990-01-02,29.74
29/09/2019,Wales,18,Sekope Kepu,1986-02-05,33.65
05/10/2019,Uruguay,10,Christian Leali'ifano,1987-09-24,32.03
05/10/2019,Uruguay,9,Nic White,1990-06-13,29.31
05/10/2019,Uruguay,20,David Pocock,1988-04-23,31.45
05/10/2019,Uruguay,14,Dane Haylett-Petty,1989-06-18,30.3
05/10/2019,Uruguay,2,Folau Fainga'a,1995-05-05,24.42
05/10/2019,Uruguay,13,Tevita Kuridrani,1991-03-31,28.52
05/10/2019,Uruguay,3,Allan Alaalatoa,1994-01-28,25.68
05/10/2019,Uruguay,23,Adam Ashley-Cooper,1984-03-27,35.52
05/10/2019,Uruguay,18,Taniela Tupou,1996-05-10,23.4
05/10/2019,Uruguay,6,Jack Dempsey,1994-04-12,25.48
05/10/2019,Uruguay,21,Will Genia,1988-01-17,31.72
05/10/2019,Uruguay,19,Rory Arnold,1990-07-01,29.26
05/10/2019,Uruguay,11,Jordan Petaia,2000-03-14,19.56
05/10/2019,Uruguay,15,Kurtley Beale,1989-01-06,30.74
05/10/2019,Uruguay,8,Lukhan Salakaia-Loto,1996-09-19,23.04
05/10/2019,Uruguay,5,Adam Coleman,1991-10-07,28.0
05/10/2019,Uruguay,4,Rob Simmons,1989-04-19,30.46
05/10/2019,Uruguay,16,Jordan Uelese,1997-01-24,22.69
05/10/2019,Uruguay,1,James Slipper,1989-06-06,30.33
05/10/2019,Uruguay,22,Samu Kerevi,1993-09-27,26.02
05/10/2019,Uruguay,7,Michael Hooper,1991-10-29,27.93
05/10/2019,Uruguay,12,Matt Toomua,1990-01-02,29.76
05/10/2019,Uruguay,17,Sekope Kepu,1986-02-05,33.66
11/10/2019,Georgia,22,Christian Leali'ifano,1987-09-24,32.05
11/10/2019,Georgia,9,Nic White,1990-06-13,29.33
11/10/2019,Georgia,7,David Pocock,1988-04-23,31.47
11/10/2019,Georgia,2,Tolu Latu,1993-02-23,26.63
11/10/2019,Georgia,23,Dane Haylett-Petty,1989-06-18,30.31
11/10/2019,Georgia,8,Isi Naisarani,1995-02-14,24.65
11/10/2019,Georgia,4,Izack Rodda,1996-08-20,23.14
11/10/2019,Georgia,18,Taniela Tupou,1996-05-10,23.42
11/10/2019,Georgia,6,Jack Dempsey,1994-04-12,25.5
11/10/2019,Georgia,21,Will Genia,1988-01-17,31.73
11/10/2019,Georgia,5,Rory Arnold,1990-07-01,29.28
11/10/2019,Georgia,14,Jordan Petaia,2000-03-14,19.58
11/10/2019,Georgia,15,Kurtley Beale,1989-01-06,30.76
11/10/2019,Georgia,20,Lukhan Salakaia-Loto,1996-09-19,23.06
11/10/2019,Georgia,19,Rob Simmons,1989-04-19,30.48
11/10/2019,Georgia,16,Jordan Uelese,1997-01-24,22.71
11/10/2019,Georgia,11,Marika Koroibete,1992-07-26,27.21
11/10/2019,Georgia,13,James O'Connor,1990-07-05,29.27
11/10/2019,Georgia,17,James Slipper,1989-06-06,30.35
11/10/2019,Georgia,12,Samu Kerevi,1993-09-27,26.04
11/10/2019,Georgia,1,Scott Sio,1991-10-16,27.99
11/10/2019,Georgia,10,Matt Toomua,1990-01-02,29.77
11/10/2019,Georgia,3,Sekope Kepu,1986-02-05,33.68
19/10/2019,England,10,Christian Leali'ifano,1987-09-24,32.07
19/10/2019,England,21,Nic White,1990-06-13,29.35
19/10/2019,England,6,David Pocock,1988-04-23,31.49
19/10/2019,England,2,Tolu Latu,1993-02-23,26.65
19/10/2019,England,8,Isi Naisarani,1995-02-14,24.68
19/10/2019,England,4,Izack Rodda,1996-08-20,23.16
19/10/2019,England,3,Allan Alaalatoa,1994-01-28,25.72
19/10/2019,England,18,Taniela Tupou,1996-05-10,23.44
19/10/2019,England,9,Will Genia,1988-01-17,31.75
19/10/2019,England,5,Rory Arnold,1990-07-01,29.3
19/10/2019,England,13,Jordan Petaia,2000-03-14,19.6
19/10/2019,England,15,Kurtley Beale,1989-01-06,30.78
19/10/2019,England,20,Lukhan Salakaia-Loto,1996-09-19,23.08
19/10/2019,England,19,Adam Coleman,1991-10-07,28.03
19/10/2019,England,16,Jordan Uelese,1997-01-24,22.73
19/10/2019,England,14,Reece Hodge,1994-08-26,25.15
19/10/2019,England,11,Marika Koroibete,1992-07-26,27.23
19/10/2019,England,23,James O'Connor,1990-07-05,29.29
19/10/2019,England,17,James Slipper,1989-06-06,30.37
19/10/2019,England,12,Samu Kerevi,1993-09-27,26.06
19/10/2019,England,7,Michael Hooper,1991-10-29,27.97
19/10/2019,England,1,Scott Sio,1991-10-16,28.01
19/10/2019,England,22,Matt Toomua,1990-01-02,29.79
11/10/2020,New Zealand,9,Nic White,1990-06-13,30.33
11/10/2020,New Zealand,2,Folau Fainga'a,1995-05-05,25.44
11/10/2020,New Zealand,6,Harry Wilson,1999-11-22,20.89
11/10/2020,New Zealand,5,Matt Philip,1994-03-07,26.6
11/10/2020,New Zealand,21,Jake Gordon,1993-07-06,27.27
11/10/2020,New Zealand,18,Allan Alaalatoa,1994-01-28,26.7
11/10/2020,New Zealand,15,Thomas Banks,1994-06-18,26.32
11/10/2020,New Zealand,3,Taniela Tupou,1996-05-10,24.42
11/10/2020,New Zealand,20,Rob Valetini,1998-09-03,22.11
11/10/2020,New Zealand,4,Lukhan Salakaia-Loto,1996-09-19,24.06
11/10/2020,New Zealand,13,Hunter Paisami,1998-04-10,22.51
11/10/2020,New Zealand,19,Rob Simmons,1989-04-19,31.48
11/10/2020,New Zealand,8,Pete Samu,1991-12-17,28.82
11/10/2020,New Zealand,16,Jordan Uelese,1997-01-24,23.71
11/10/2020,New Zealand,23,Reece Hodge,1994-08-26,26.13
11/10/2020,New Zealand,22,Noah Lolesio,1999-12-18,20.82
11/10/2020,New Zealand,11,Marika Koroibete,1992-07-26,28.21
11/10/2020,New Zealand,10,James O'Connor,1990-07-05,30.27
11/10/2020,New Zealand,14,Filipo Daugunu,1995-03-04,25.61
11/10/2020,New Zealand,1,James Slipper,1989-06-06,31.35
11/10/2020,New Zealand,7,Michael Hooper,1991-10-29,28.95
11/10/2020,New Zealand,17,Scott Sio,1991-10-16,28.99
11/10/2020,New Zealand,12,Matt Toomua,1990-01-02,30.77
18/10/2020,New Zealand,9,Nic White,1990-06-13,30.35
18/10/2020,New Zealand,8,Harry Wilson,1999-11-22,20.91
18/10/2020,New Zealand,5,Matt Philip,1994-03-07,26.62
18/10/2020,New Zealand,21,Jake Gordon,1993-07-06,27.29
18/10/2020,New Zealand,18,Allan Alaalatoa,1994-01-28,26.72
18/10/2020,New Zealand,15,Thomas Banks,1994-06-18,26.34
18/10/2020,New Zealand,3,Taniela Tupou,1996-05-10,24.44
18/10/2020,New Zealand,6,Ned Hanigan,1995-04-11,25.52
18/10/2020,New Zealand,22,Jordan Petaia,2000-03-14,20.6
18/10/2020,New Zealand,4,Lukhan Salakaia-Loto,1996-09-19,24.08
18/10/2020,New Zealand,13,Hunter Paisami,1998-04-10,22.52
18/10/2020,New Zealand,19,Rob Simmons,1989-04-19,31.5
18/10/2020,New Zealand,16,Jordan Uelese,1997-01-24,23.73
18/10/2020,New Zealand,23,Reece Hodge,1994-08-26,26.15
18/10/2020,New Zealand,11,Marika Koroibete,1992-07-26,28.23
18/10/2020,New Zealand,2,Brandon Paenga-Amosa,1995-12-25,24.82
18/10/2020,New Zealand,10,James O'Connor,1990-07-05,30.29
18/10/2020,New Zealand,14,Filipo Daugunu,1995-03-04,25.63
18/10/2020,New Zealand,20,Liam Wright,1997-11-06,22.95
18/10/2020,New Zealand,1,James Slipper,1989-06-06,31.37
18/10/2020,New Zealand,7,Michael Hooper,1991-10-29,28.97
18/10/2020,New Zealand,17,Scott Sio,1991-10-16,29.01
18/10/2020,New Zealand,12,Matt Toomua,1990-01-02,30.79
31/10/2020,New Zealand,9,Nic White,1990-06-13,30.39
31/10/2020,New Zealand,15,Dane Haylett-Petty,1989-06-18,31.37
31/10/2020,New Zealand,8,Harry Wilson,1999-11-22,20.94
31/10/2020,New Zealand,5,Matt Philip,1994-03-07,26.65
31/10/2020,New Zealand,3,Allan Alaalatoa,1994-01-28,26.76
31/10/2020,New Zealand,18,Taniela Tupou,1996-05-10,24.48
31/10/2020,New Zealand,6,Ned Hanigan,1995-04-11,25.56
31/10/2020,New Zealand,20,Fraser McReight,1999-02-19,21.7
31/10/2020,New Zealand,13,Jordan Petaia,2000-03-14,20.63
31/10/2020,New Zealand,4,Lukhan Salakaia-Loto,1996-09-19,24.12
31/10/2020,New Zealand,23,Hunter Paisami,1998-04-10,22.56
31/10/2020,New Zealand,12,Irae Simone,1995-07-10,25.31
31/10/2020,New Zealand,19,Rob Simmons,1989-04-19,31.54
31/10/2020,New Zealand,16,Jordan Uelese,1997-01-24,23.77
31/10/2020,New Zealand,21,Tate McDermott,1998-09-18,22.12
31/10/2020,New Zealand,22,Reece Hodge,1994-08-26,26.18
31/10/2020,New Zealand,10,Noah Lolesio,1999-12-18,20.87
31/10/2020,New Zealand,11,Marika Koroibete,1992-07-26,28.27
31/10/2020,New Zealand,2,Brandon Paenga-Amosa,1995-12-25,24.85
31/10/2020,New Zealand,14,Filipo Daugunu,1995-03-04,25.66
31/10/2020,New Zealand,1,James Slipper,1989-06-06,31.4
31/10/2020,New Zealand,7,Michael Hooper,1991-10-29,29.01
31/10/2020,New Zealand,17,Scott Sio,1991-10-16,29.04
07/11/2020,New Zealand,9,Nic White,1990-06-13,30.4
07/11/2020,New Zealand,16,Folau Fainga'a,1995-05-05,25.51
07/11/2020,New Zealand,8,Harry Wilson,1999-11-22,20.96
07/11/2020,New Zealand,5,Matt Philip,1994-03-07,26.67
07/11/2020,New Zealand,3,Allan Alaalatoa,1994-01-28,26.78
07/11/2020,New Zealand,15,Thomas Banks,1994-06-18,26.39
07/11/2020,New Zealand,18,Taniela Tupou,1996-05-10,24.5
07/11/2020,New Zealand,19,Ned Hanigan,1995-04-11,25.58
07/11/2020,New Zealand,6,Lachlan Swinton,1997-01-16,23.81
07/11/2020,New Zealand,13,Jordan Petaia,2000-03-14,20.65
07/11/2020,New Zealand,12,Hunter Paisami,1998-04-10,22.58
07/11/2020,New Zealand,4,Rob Simmons,1989-04-19,31.55
07/11/2020,New Zealand,14,Tom Wright,1997-07-21,23.3
07/11/2020,New Zealand,21,Tate McDermott,1998-09-18,22.14
07/11/2020,New Zealand,10,Reece Hodge,1994-08-26,26.2
07/11/2020,New Zealand,22,Noah Lolesio,1999-12-18,20.89
07/11/2020,New Zealand,11,Marika Koroibete,1992-07-26,28.29
07/11/2020,New Zealand,2,Brandon Paenga-Amosa,1995-12-25,24.87
07/11/2020,New Zealand,23,Filipo Daugunu,1995-03-04,25.68
07/11/2020,New Zealand,20,Liam Wright,1997-11-06,23.0
07/11/2020,New Zealand,1,James Slipper,1989-06-06,31.42
07/11/2020,New Zealand,7,Michael Hooper,1991-10-29,29.03
07/11/2020,New Zealand,17,Angus Bell,2000-10-04,20.09
21/11/2020,Argentina,9,Nic White,1990-06-13,30.44
21/11/2020,Argentina,16,Folau Fainga'a,1995-05-05,25.55
21/11/2020,Argentina,8,Harry Wilson,1999-11-22,21.0
21/11/2020,Argentina,5,Matt Philip,1994-03-07,26.71
21/11/2020,Argentina,21,Jake Gordon,1993-07-06,27.38
21/11/2020,Argentina,18,Allan Alaalatoa,1994-01-28,26.82
21/11/2020,Argentina,15,Thomas Banks,1994-06-18,26.43
21/11/2020,Argentina,3,Taniela Tupou,1996-05-10,24.53
21/11/2020,Argentina,6,Ned Hanigan,1995-04-11,25.62
21/11/2020,Argentina,19,Rob Valetini,1998-09-03,22.22
21/11/2020,Argentina,13,Jordan Petaia,2000-03-14,20.69
21/11/2020,Argentina,12,Hunter Paisami,1998-04-10,22.62
21/11/2020,Argentina,4,Rob Simmons,1989-04-19,31.59
21/11/2020,Argentina,14,Tom Wright,1997-07-21,23.34
21/11/2020,Argentina,10,Reece Hodge,1994-08-26,26.24
21/11/2020,Argentina,22,Noah Lolesio,1999-12-18,20.93
21/11/2020,Argentina,11,Marika Koroibete,1992-07-26,28.32
21/11/2020,Argentina,2,Brandon Paenga-Amosa,1995-12-25,24.91
21/11/2020,Argentina,23,Filipo Daugunu,1995-03-04,25.72
21/11/2020,Argentina,20,Liam Wright,1997-11-06,23.04
21/11/2020,Argentina,7,Michael Hooper,1991-10-29,29.07
21/11/2020,Argentina,1,Scott Sio,1991-10-16,29.1
21/11/2020,Argentina,17,Angus Bell,2000-10-04,20.13
05/12/2020,Argentina,9,Nic White,1990-06-13,30.48
05/12/2020,Argentina,16,Folau Fainga'a,1995-05-05,25.59
05/12/2020,Argentina,8,Harry Wilson,1999-11-22,21.04
05/12/2020,Argentina,5,Matt Philip,1994-03-07,26.75
05/12/2020,Argentina,21,Jake Gordon,1993-07-06,27.42
05/12/2020,Argentina,3,Allan Alaalatoa,1994-01-28,26.85
05/12/2020,Argentina,23,Thomas Banks,1994-06-18,26.47
05/12/2020,Argentina,18,Taniela Tupou,1996-05-10,24.57
05/12/2020,Argentina,6,Ned Hanigan,1995-04-11,25.65
05/12/2020,Argentina,20,Rob Valetini,1998-09-03,22.26
05/12/2020,Argentina,13,Jordan Petaia,2000-03-14,20.73
05/12/2020,Argentina,19,Lukhan Salakaia-Loto,1996-09-19,24.21
05/12/2020,Argentina,12,Hunter Paisami,1998-04-10,22.66
05/12/2020,Argentina,22,Irae Simone,1995-07-10,25.41
05/12/2020,Argentina,4,Rob Simmons,1989-04-19,31.63
05/12/2020,Argentina,14,Tom Wright,1997-07-21,23.38
05/12/2020,Argentina,15,Reece Hodge,1994-08-26,26.28
05/12/2020,Argentina,11,Marika Koroibete,1992-07-26,28.36
05/12/2020,Argentina,2,Brandon Paenga-Amosa,1995-12-25,24.95
05/12/2020,Argentina,10,James O'Connor,1990-07-05,30.42
05/12/2020,Argentina,7,Michael Hooper,1991-10-29,29.1
05/12/2020,Argentina,1,Scott Sio,1991-10-16,29.14
05/12/2020,Argentina,17,Angus Bell,2000-10-04,20.17
07/07/2021,France,23,Andrew Kellaway,1995-10-12,25.74
07/07/2021,France,8,Harry Wilson,1999-11-22,21.62
07/07/2021,France,4,Matt Philip,1994-03-07,27.34
07/07/2021,France,20,Isi Naisarani,1995-02-14,26.39
07/07/2021,France,9,Jake Gordon,1993-07-06,28.0
07/07/2021,France,3,Allan Alaalatoa,1994-01-28,27.44
07/07/2021,France,15,Thomas Banks,1994-06-18,27.05
07/07/2021,France,18,Taniela Tupou,1996-05-10,25.16
07/07/2021,France,22,Len Ikitau,1998-10-01,22.77
07/07/2021,France,6,Rob Valetini,1998-09-03,22.84
07/07/2021,France,5,Lukhan Salakaia-Loto,1996-09-19,24.8
07/07/2021,France,13,Hunter Paisami,1998-04-10,23.24
07/07/2021,France,14,Tom Wright,1997-07-21,23.96
07/07/2021,France,21,Tate McDermott,1998-09-18,22.8
07/07/2021,France,10,Noah Lolesio,1999-12-18,21.55
07/07/2021,France,11,Marika Koroibete,1992-07-26,28.95
07/07/2021,France,2,Brandon Paenga-Amosa,1995-12-25,25.53
07/07/2021,France,1,James Slipper,1989-06-06,32.09
07/07/2021,France,7,Michael Hooper,1991-10-29,29.69
07/07/2021,France,16,Lachlan Lonergan,1999-10-11,21.74
07/07/2021,France,12,Matt Toomua,1990-01-02,31.51
07/07/2021,France,17,Angus Bell,2000-10-04,20.76
07/07/2021,France,19,Darcy Swain,1997-07-05,24.01
13/07/2021,France,23,Andrew Kellaway,1995-10-12,25.75
13/07/2021,France,8,Harry Wilson,1999-11-22,21.64
13/07/2021,France,4,Matt Philip,1994-03-07,27.35
13/07/2021,France,20,Isi Naisarani,1995-02-14,26.41
13/07/2021,France,9,Jake Gordon,1993-07-06,28.02
13/07/2021,France,18,Allan Alaalatoa,1994-01-28,27.46
13/07/2021,France,15,Thomas Banks,1994-06-18,27.07
13/07/2021,France,3,Taniela Tupou,1996-05-10,25.18
13/07/2021,France,22,Len Ikitau,1998-10-01,22.78
13/07/2021,France,6,Rob Valetini,1998-09-03,22.86
13/07/2021,France,5,Lukhan Salakaia-Loto,1996-09-19,24.81
13/07/2021,France,13,Hunter Paisami,1998-04-10,23.26
13/07/2021,France,14,Tom Wright,1997-07-21,23.98
13/07/2021,France,21,Tate McDermott,1998-09-18,22.82
13/07/2021,France,10,Noah Lolesio,1999-12-18,21.57
13/07/2021,France,11,Marika Koroibete,1992-07-26,28.96
13/07/2021,France,2,Brandon Paenga-Amosa,1995-12-25,25.55
13/07/2021,France,1,James Slipper,1989-06-06,32.1
13/07/2021,France,7,Michael Hooper,1991-10-29,29.71
13/07/2021,France,16,Lachlan Lonergan,1999-10-11,21.76
13/07/2021,France,12,Matt Toomua,1990-01-02,31.53
13/07/2021,France,17,Angus Bell,2000-10-04,20.77
13/07/2021,France,19,Darcy Swain,1997-07-05,24.02
17/07/2021,France,19,Matt Philip,1994-03-07,27.36
17/07/2021,France,8,Isi Naisarani,1995-02-14,26.42
17/07/2021,France,21,Jake Gordon,1993-07-06,28.03
17/07/2021,France,3,Allan Alaalatoa,1994-01-28,27.47
17/07/2021,France,15,Thomas Banks,1994-06-18,27.08
17/07/2021,France,18,Taniela Tupou,1996-05-10,25.19
17/07/2021,France,13,Len Ikitau,1998-10-01,22.79
17/07/2021,France,6,Lachlan Swinton,1997-01-16,24.5
17/07/2021,France,20,Rob Valetini,1998-09-03,22.87
17/07/2021,France,5,Lukhan Salakaia-Loto,1996-09-19,24.82
17/07/2021,France,12,Hunter Paisami,1998-04-10,23.27
17/07/2021,France,16,Jordan Uelese,1997-01-24,24.48
17/07/2021,France,9,Tate McDermott,1998-09-18,22.83
17/07/2021,France,23,Reece Hodge,1994-08-26,26.89
17/07/2021,France,10,Noah Lolesio,1999-12-18,21.58
17/07/2021,France,11,Marika Koroibete,1992-07-26,28.98
17/07/2021,France,2,Brandon Paenga-Amosa,1995-12-25,25.56
17/07/2021,France,14,Filipo Daugunu,1995-03-04,26.37
17/07/2021,France,1,James Slipper,1989-06-06,32.11
17/07/2021,France,7,Michael Hooper,1991-10-29,29.72
17/07/2021,France,22,Matt Toomua,1990-01-02,31.54
17/07/2021,France,17,Angus Bell,2000-10-04,20.78
17/07/2021,France,4,Darcy Swain,1997-07-05,24.03
07/08/2021,New Zealand,11,Andrew Kellaway,1995-10-12,25.82
07/08/2021,New Zealand,8,Harry Wilson,1999-11-22,21.71
07/08/2021,New Zealand,19,Matt Philip,1994-03-07,27.42
07/08/2021,New Zealand,21,Jake Gordon,1993-07-06,28.09
07/08/2021,New Zealand,3,Allan Alaalatoa,1994-01-28,27.52
07/08/2021,New Zealand,15,Thomas Banks,1994-06-18,27.14
07/08/2021,New Zealand,18,Taniela Tupou,1996-05-10,25.24
07/08/2021,New Zealand,13,Len Ikitau,1998-10-01,22.85
07/08/2021,New Zealand,20,Fraser McReight,1999-02-19,22.46
07/08/2021,New Zealand,6,Rob Valetini,1998-09-03,22.93
07/08/2021,New Zealand,14,Jordan Petaia,2000-03-14,21.4
07/08/2021,New Zealand,5,Lukhan Salakaia-Loto,1996-09-19,24.88
07/08/2021,New Zealand,12,Hunter Paisami,1998-04-10,23.33
07/08/2021,New Zealand,16,Jordan Uelese,1997-01-24,24.53
07/08/2021,New Zealand,9,Tate McDermott,1998-09-18,22.89
07/08/2021,New Zealand,23,Reece Hodge,1994-08-26,26.95
07/08/2021,New Zealand,10,Noah Lolesio,1999-12-18,21.64
07/08/2021,New Zealand,2,Brandon Paenga-Amosa,1995-12-25,25.62
07/08/2021,New Zealand,1,James Slipper,1989-06-06,32.17
07/08/2021,New Zealand,7,Michael Hooper,1991-10-29,29.77
07/08/2021,New Zealand,22,Matt Toomua,1990-01-02,31.6
07/08/2021,New Zealand,17,Angus Bell,2000-10-04,20.84
07/08/2021,New Zealand,4,Darcy Swain,1997-07-05,24.09
14/08/2021,New Zealand,14,Andrew Kellaway,1995-10-12,25.84
14/08/2021,New Zealand,21,Nic White,1990-06-13,31.17
14/08/2021,New Zealand,20,Harry Wilson,1999-11-22,21.73
14/08/2021,New Zealand,5,Matt Philip,1994-03-07,27.44
14/08/2021,New Zealand,3,Allan Alaalatoa,1994-01-28,27.54
14/08/2021,New Zealand,15,Thomas Banks,1994-06-18,27.16
14/08/2021,New Zealand,18,Taniela Tupou,1996-05-10,25.26
14/08/2021,New Zealand,22,Len Ikitau,1998-10-01,22.87
14/08/2021,New Zealand,6,Lachlan Swinton,1997-01-16,24.58
14/08/2021,New Zealand,8,Rob Valetini,1998-09-03,22.95
14/08/2021,New Zealand,19,Lukhan Salakaia-Loto,1996-09-19,24.9
14/08/2021,New Zealand,13,Hunter Paisami,1998-04-10,23.35
14/08/2021,New Zealand,16,Jordan Uelese,1997-01-24,24.55
14/08/2021,New Zealand,9,Tate McDermott,1998-09-18,22.91
14/08/2021,New Zealand,23,Reece Hodge,1994-08-26,26.97
14/08/2021,New Zealand,10,Noah Lolesio,1999-12-18,21.66
14/08/2021,New Zealand,11,Marika Koroibete,1992-07-26,29.05
14/08/2021,New Zealand,2,Brandon Paenga-Amosa,1995-12-25,25.64
14/08/2021,New Zealand,1,James Slipper,1989-06-06,32.19
14/08/2021,New Zealand,7,Michael Hooper,1991-10-29,29.79
14/08/2021,New Zealand,17,Scott Sio,1991-10-16,29.83
14/08/2021,New Zealand,12,Matt Toomua,1990-01-02,31.61
14/08/2021,New Zealand,4,Darcy Swain,1997-07-05,24.11
05/09/2021,New Zealand,14,Andrew Kellaway,1995-10-12,25.9
05/09/2021,New Zealand,21,Nic White,1990-06-13,31.23
05/09/2021,New Zealand,2,Folau Fainga'a,1995-05-05,26.34
05/09/2021,New Zealand,5,Matt Philip,1994-03-07,27.5
05/09/2021,New Zealand,19,Izack Rodda,1996-08-20,25.04
05/09/2021,New Zealand,3,Allan Alaalatoa,1994-01-28,27.6
05/09/2021,New Zealand,15,Thomas Banks,1994-06-18,27.22
05/09/2021,New Zealand,18,Taniela Tupou,1996-05-10,25.32
05/09/2021,New Zealand,13,Len Ikitau,1998-10-01,22.93
05/09/2021,New Zealand,6,Lachlan Swinton,1997-01-16,24.64
05/09/2021,New Zealand,8,Rob Valetini,1998-09-03,23.01
05/09/2021,New Zealand,23,Jordan Petaia,2000-03-14,21.48
05/09/2021,New Zealand,20,Pete Samu,1991-12-17,29.72
05/09/2021,New Zealand,9,Tate McDermott,1998-09-18,22.97
05/09/2021,New Zealand,22,Reece Hodge,1994-08-26,27.03
05/09/2021,New Zealand,10,Noah Lolesio,1999-12-18,21.72
05/09/2021,New Zealand,11,Marika Koroibete,1992-07-26,29.11
05/09/2021,New Zealand,1,James Slipper,1989-06-06,32.25
05/09/2021,New Zealand,12,Samu Kerevi,1993-09-27,27.94
05/09/2021,New Zealand,7,Michael Hooper,1991-10-29,29.85
05/09/2021,New Zealand,16,Lachlan Lonergan,1999-10-11,21.9
05/09/2021,New Zealand,17,Angus Bell,2000-10-04,20.92
05/09/2021,New Zealand,4,Darcy Swain,1997-07-05,24.17
12/09/2021,South Africa,14,Andrew Kellaway,1995-10-12,25.92
12/09/2021,South Africa,21,Nic White,1990-06-13,31.25
12/09/2021,South Africa,2,Folau Fainga'a,1995-05-05,26.36
12/09/2021,South Africa,5,Matt Philip,1994-03-07,27.52
12/09/2021,South Africa,4,Izack Rodda,1996-08-20,25.06
12/09/2021,South Africa,3,Allan Alaalatoa,1994-01-28,27.62
12/09/2021,South Africa,10,Quade Cooper,1988-04-05,33.44
12/09/2021,South Africa,15,Thomas Banks,1994-06-18,27.24
12/09/2021,South Africa,18,Taniela Tupou,1996-05-10,25.34
12/09/2021,South Africa,19,Robert Leota,1997-03-03,24.53
12/09/2021,South Africa,13,Len Ikitau,1998-10-01,22.95
12/09/2021,South Africa,6,Lachlan Swinton,1997-01-16,24.65
12/09/2021,South Africa,8,Rob Valetini,1998-09-03,23.03
12/09/2021,South Africa,23,Jordan Petaia,2000-03-14,21.5
12/09/2021,South Africa,20,Pete Samu,1991-12-17,29.74
12/09/2021,South Africa,9,Tate McDermott,1998-09-18,22.98
12/09/2021,South Africa,22,Reece Hodge,1994-08-26,27.05
12/09/2021,South Africa,16,Feleti Kaitu'u,1994-12-30,26.7
12/09/2021,South Africa,11,Marika Koroibete,1992-07-26,29.13
12/09/2021,South Africa,17,James Slipper,1989-06-06,32.27
12/09/2021,South Africa,12,Samu Kerevi,1993-09-27,27.96
12/09/2021,South Africa,7,Michael Hooper,1991-10-29,29.87
12/09/2021,South Africa,1,Angus Bell,2000-10-04,20.94
18/09/2021,South Africa,14,Andrew Kellaway,1995-10-12,25.94
18/09/2021,South Africa,9,Nic White,1990-06-13,31.27
18/09/2021,South Africa,2,Folau Fainga'a,1995-05-05,26.37
18/09/2021,South Africa,5,Matt Philip,1994-03-07,27.54
18/09/2021,South Africa,4,Izack Rodda,1996-08-20,25.08
18/09/2021,South Africa,10,Quade Cooper,1988-04-05,33.45
18/09/2021,South Africa,15,Thomas Banks,1994-06-18,27.25
18/09/2021,South Africa,3,Taniela Tupou,1996-05-10,25.36
18/09/2021,South Africa,13,Len Ikitau,1998-10-01,22.97
18/09/2021,South Africa,18,Tom Robertson,1994-08-28,27.06
18/09/2021,South Africa,6,Lachlan Swinton,1997-01-16,24.67
18/09/2021,South Africa,8,Rob Valetini,1998-09-03,23.04
18/09/2021,South Africa,23,Jordan Petaia,2000-03-14,21.51
18/09/2021,South Africa,20,Pete Samu,1991-12-17,29.76
18/09/2021,South Africa,21,Tate McDermott,1998-09-18,23.0
18/09/2021,South Africa,22,Reece Hodge,1994-08-26,27.06
18/09/2021,South Africa,16,Feleti Kaitu'u,1994-12-30,26.72
18/09/2021,South Africa,11,Marika Koroibete,1992-07-26,29.15
18/09/2021,South Africa,1,James Slipper,1989-06-06,32.29
18/09/2021,South Africa,12,Samu Kerevi,1993-09-27,27.98
18/09/2021,South Africa,7,Michael Hooper,1991-10-29,29.89
18/09/2021,South Africa,17,Angus Bell,2000-10-04,20.96
18/09/2021,South Africa,19,Darcy Swain,1997-07-05,24.21
25/09/2021,Argentina,14,Andrew Kellaway,1995-10-12,25.96
25/09/2021,Argentina,9,Nic White,1990-06-13,31.29
25/09/2021,Argentina,2,Folau Fainga'a,1995-05-05,26.39
25/09/2021,Argentina,5,Matt Philip,1994-03-07,27.55
25/09/2021,Argentina,4,Izack Rodda,1996-08-20,25.1
25/09/2021,Argentina,10,Quade Cooper,1988-04-05,33.47
25/09/2021,Argentina,3,Taniela Tupou,1996-05-10,25.38
25/09/2021,Argentina,6,Robert Leota,1997-03-03,24.56
25/09/2021,Argentina,13,Len Ikitau,1998-10-01,22.98
25/09/2021,Argentina,18,Tom Robertson,1994-08-28,27.08
25/09/2021,Argentina,8,Rob Valetini,1998-09-03,23.06
25/09/2021,Argentina,23,Jordan Petaia,2000-03-14,21.53
25/09/2021,Argentina,20,Pete Samu,1991-12-17,29.77
25/09/2021,Argentina,21,Tate McDermott,1998-09-18,23.02
25/09/2021,Argentina,15,Reece Hodge,1994-08-26,27.08
25/09/2021,Argentina,16,Feleti Kaitu'u,1994-12-30,26.74
25/09/2021,Argentina,11,Marika Koroibete,1992-07-26,29.17
25/09/2021,Argentina,22,James O'Connor,1990-07-05,31.23
25/09/2021,Argentina,1,James Slipper,1989-06-06,32.3
25/09/2021,Argentina,12,Samu Kerevi,1993-09-27,28.0
25/09/2021,Argentina,7,Michael Hooper,1991-10-29,29.91
25/09/2021,Argentina,17,Angus Bell,2000-10-04,20.98
25/09/2021,Argentina,19,Darcy Swain,1997-07-05,24.23
02/10/2021,Argentina,11,Andrew Kellaway,1995-10-12,25.97
02/10/2021,Argentina,9,Nic White,1990-06-13,31.31
02/10/2021,Argentina,2,Folau Fainga'a,1995-05-05,26.41
02/10/2021,Argentina,19,Matt Philip,1994-03-07,27.57
02/10/2021,Argentina,4,Izack Rodda,1996-08-20,25.12
02/10/2021,Argentina,21,Jake Gordon,1993-07-06,28.24
02/10/2021,Argentina,10,Quade Cooper,1988-04-05,33.49
02/10/2021,Argentina,3,Taniela Tupou,1996-05-10,25.4
02/10/2021,Argentina,13,Len Ikitau,1998-10-01,23.0
02/10/2021,Argentina,8,Rob Valetini,1998-09-03,23.08
02/10/2021,Argentina,14,Jordan Petaia,2000-03-14,21.55
02/10/2021,Argentina,23,Tom Wright,1997-07-21,24.2
02/10/2021,Argentina,20,Sean McMahon,1994-06-18,27.29
02/10/2021,Argentina,6,Pete Samu,1991-12-17,29.79
02/10/2021,Argentina,15,Reece Hodge,1994-08-26,27.1
02/10/2021,Argentina,18,Greg Holmes,1983-06-11,38.31
02/10/2021,Argentina,22,James O'Connor,1990-07-05,31.24
02/10/2021,Argentina,1,James Slipper,1989-06-06,32.32
02/10/2021,Argentina,12,Samu Kerevi,1993-09-27,28.01
02/10/2021,Argentina,7,Michael Hooper,1991-10-29,29.93
02/10/2021,Argentina,16,Lachlan Lonergan,1999-10-11,21.98
02/10/2021,Argentina,17,Angus Bell,2000-10-04,20.99
02/10/2021,Argentina,5,Darcy Swain,1997-07-05,24.24
23/10/2021,Japan,11,Andrew Kellaway,1995-10-12,26.03
23/10/2021,Japan,16,Connal McInerney,1995-03-02,26.65
23/10/2021,Japan,9,Nic White,1990-06-13,31.36
23/10/2021,Japan,2,Folau Fainga'a,1995-05-05,26.47
23/10/2021,Japan,5,Matt Philip,1994-03-07,27.63
23/10/2021,Japan,4,Izack Rodda,1996-08-20,25.18
23/10/2021,Japan,18,Allan Alaalatoa,1994-01-28,27.73
23/10/2021,Japan,10,Quade Cooper,1988-04-05,33.55
23/10/2021,Japan,3,Taniela Tupou,1996-05-10,25.45
23/10/2021,Japan,6,Robert Leota,1997-03-03,24.64
23/10/2021,Japan,13,Len Ikitau,1998-10-01,23.06
23/10/2021,Japan,8,Rob Valetini,1998-09-03,23.14
23/10/2021,Japan,23,Jordan Petaia,2000-03-14,21.61
23/10/2021,Japan,12,Hunter Paisami,1998-04-10,23.54
23/10/2021,Japan,14,Tom Wright,1997-07-21,24.26
23/10/2021,Japan,20,Pete Samu,1991-12-17,29.85
23/10/2021,Japan,21,Tate McDermott,1998-09-18,23.1
23/10/2021,Japan,15,Reece Hodge,1994-08-26,27.16
23/10/2021,Japan,22,James O'Connor,1990-07-05,31.3
23/10/2021,Japan,1,James Slipper,1989-06-06,32.38
23/10/2021,Japan,7,Michael Hooper,1991-10-29,29.99
23/10/2021,Japan,17,Angus Bell,2000-10-04,21.05
23/10/2021,Japan,19,Darcy Swain,1997-07-05,24.3
07/11/2021,Scotland,15,Andrew Kellaway,1995-10-12,26.07
07/11/2021,Scotland,16,Connal McInerney,1995-03-02,26.69
07/11/2021,Scotland,9,Nic White,1990-06-13,31.4
07/11/2021,Scotland,2,Folau Fainga'a,1995-05-05,26.51
07/11/2021,Scotland,5,Izack Rodda,1996-08-20,25.22
07/11/2021,Scotland,3,Allan Alaalatoa,1994-01-28,27.78
07/11/2021,Scotland,18,Taniela Tupou,1996-05-10,25.5
07/11/2021,Scotland,6,Robert Leota,1997-03-03,24.68
07/11/2021,Scotland,13,Len Ikitau,1998-10-01,23.1
07/11/2021,Scotland,23,Izaia Perese,1997-05-17,24.48
07/11/2021,Scotland,8,Rob Valetini,1998-09-03,23.18
07/11/2021,Scotland,4,Rory Arnold,1990-07-01,31.35
07/11/2021,Scotland,14,Jordan Petaia,2000-03-14,21.65
07/11/2021,Scotland,22,Kurtley Beale,1989-01-06,32.84
07/11/2021,Scotland,12,Hunter Paisami,1998-04-10,23.58
07/11/2021,Scotland,11,Tom Wright,1997-07-21,24.3
07/11/2021,Scotland,20,Pete Samu,1991-12-17,29.89
07/11/2021,Scotland,21,Tate McDermott,1998-09-18,23.14
07/11/2021,Scotland,19,Will Skelton,1992-05-03,29.51
07/11/2021,Scotland,10,James O'Connor,1990-07-05,31.34
07/11/2021,Scotland,1,James Slipper,1989-06-06,32.42
07/11/2021,Scotland,7,Michael Hooper,1991-10-29,30.03
07/11/2021,Scotland,17,Angus Bell,2000-10-04,21.09
13/11/2021,England,14,Andrew Kellaway,1995-10-12,26.09
13/11/2021,England,9,Nic White,1990-06-13,31.42
13/11/2021,England,16,Tolu Latu,1993-02-23,28.72
13/11/2021,England,2,Folau Fainga'a,1995-05-05,26.53
13/11/2021,England,5,Izack Rodda,1996-08-20,25.23
13/11/2021,England,6,Robert Leota,1997-03-03,24.7
13/11/2021,England,13,Len Ikitau,1998-10-01,23.12
13/11/2021,England,23,Izaia Perese,1997-05-17,24.49
13/11/2021,England,17,Tom Robertson,1994-08-28,27.21
13/11/2021,England,8,Rob Valetini,1998-09-03,23.2
13/11/2021,England,4,Rory Arnold,1990-07-01,31.37
13/11/2021,England,15,Kurtley Beale,1989-01-06,32.85
13/11/2021,England,12,Hunter Paisami,1998-04-10,23.6
13/11/2021,England,11,Tom Wright,1997-07-21,24.32
13/11/2021,England,20,Pete Samu,1991-12-17,29.91
13/11/2021,England,21,Tate McDermott,1998-09-18,23.15
13/11/2021,England,19,Will Skelton,1992-05-03,29.53
13/11/2021,England,22,Noah Lolesio,1999-12-18,21.91
13/11/2021,England,10,James O'Connor,1990-07-05,31.36
13/11/2021,England,18,Oliver Hoskins,1993-03-06,28.69
13/11/2021,England,3,James Slipper,1989-06-06,32.44
13/11/2021,England,7,Michael Hooper,1991-10-29,30.04
13/11/2021,England,1,Angus Bell,2000-10-04,21.11
20/11/2021,Wales,22,Lalakai Foketi,1994-12-22,26.91
20/11/2021,Wales,14,Andrew Kellaway,1995-10-12,26.11
20/11/2021,Wales,9,Nic White,1990-06-13,31.44
20/11/2021,Wales,2,Tolu Latu,1993-02-23,28.74
20/11/2021,Wales,16,Folau Fainga'a,1995-05-05,26.55
20/11/2021,Wales,5,Izack Rodda,1996-08-20,25.25
20/11/2021,Wales,18,Allan Alaalatoa,1994-01-28,27.81
20/11/2021,Wales,3,Taniela Tupou,1996-05-10,25.53
20/11/2021,Wales,6,Robert Leota,1997-03-03,24.72
20/11/2021,Wales,13,Len Ikitau,1998-10-01,23.14
20/11/2021,Wales,20,Lachlan Swinton,1997-01-16,24.84
20/11/2021,Wales,8,Rob Valetini,1998-09-03,23.21
20/11/2021,Wales,4,Rory Arnold,1990-07-01,31.39
20/11/2021,Wales,15,Kurtley Beale,1989-01-06,32.87
20/11/2021,Wales,12,Hunter Paisami,1998-04-10,23.61
20/11/2021,Wales,23,Tom Wright,1997-07-21,24.33
20/11/2021,Wales,7,Pete Samu,1991-12-17,29.93
20/11/2021,Wales,21,Tate McDermott,1998-09-18,23.17
20/11/2021,Wales,19,Will Skelton,1992-05-03,29.55
20/11/2021,Wales,10,James O'Connor,1990-07-05,31.38
20/11/2021,Wales,11,Filipo Daugunu,1995-03-04,26.72
20/11/2021,Wales,1,James Slipper,1989-06-06,32.46
20/11/2021,Wales,17,Angus Bell,2000-10-04,21.13
02/07/2022,England,14,Andrew Kellaway,1995-10-12,26.72
02/07/2022,England,9,Nic White,1990-06-13,32.05
02/07/2022,England,16,Folau Fainga'a,1995-05-05,27.16
02/07/2022,England,19,Matt Philip,1994-03-07,28.32
02/07/2022,England,21,Jake Gordon,1993-07-06,28.99
02/07/2022,England,3,Allan Alaalatoa,1994-01-28,28.42
02/07/2022,England,2,David Porecki,1992-10-23,29.69
02/07/2022,England,15,Thomas Banks,1994-06-18,28.04
02/07/2022,England,6,Robert Leota,1997-03-03,25.33
02/07/2022,England,13,Len Ikitau,1998-10-01,23.75
02/07/2022,England,8,Rob Valetini,1998-09-03,23.83
02/07/2022,England,23,Jordan Petaia,2000-03-14,22.3
02/07/2022,England,20,Pete Samu,1991-12-17,30.54
02/07/2022,England,10,Noah Lolesio,1999-12-18,22.54
02/07/2022,England,11,Marika Koroibete,1992-07-26,29.93
02/07/2022,England,22,James O'Connor,1990-07-05,31.99
02/07/2022,England,18,James Slipper,1989-06-06,33.07
02/07/2022,England,12,Samu Kerevi,1993-09-27,28.76
02/07/2022,England,7,Michael Hooper,1991-10-29,30.68
02/07/2022,England,17,Scott Sio,1991-10-16,30.71
02/07/2022,England,1,Angus Bell,2000-10-04,21.74
02/07/2022,England,4,Darcy Swain,1997-07-05,24.99
02/07/2022,England,5,Cadeyrn Neville,1988-11-09,33.64
09/07/2022,England,9,Nic White,1990-06-13,32.07
09/07/2022,England,16,Folau Fainga'a,1995-05-05,27.18
09/07/2022,England,19,Nick Frost,1999-10-10,22.75
09/07/2022,England,4,Matt Philip,1994-03-07,28.34
09/07/2022,England,21,Jake Gordon,1993-07-06,29.01
09/07/2022,England,2,David Porecki,1992-10-23,29.71
09/07/2022,England,3,Taniela Tupou,1996-05-10,26.16
09/07/2022,England,6,Robert Leota,1997-03-03,25.35
09/07/2022,England,23,Izaia Perese,1997-05-17,25.14
09/07/2022,England,8,Rob Valetini,1998-09-03,23.85
09/07/2022,England,15,Jordan Petaia,2000-03-14,22.32
09/07/2022,England,13,Hunter Paisami,1998-04-10,24.25
09/07/2022,England,14,Tom Wright,1997-07-21,24.97
09/07/2022,England,20,Pete Samu,1991-12-17,30.56
09/07/2022,England,10,Noah Lolesio,1999-12-18,22.56
09/07/2022,England,11,Marika Koroibete,1992-07-26,29.95
09/07/2022,England,22,James O'Connor,1990-07-05,32.01
09/07/2022,England,18,James Slipper,1989-06-06,33.09
09/07/2022,England,12,Samu Kerevi,1993-09-27,28.78
09/07/2022,England,7,Michael Hooper,1991-10-29,30.69
09/07/2022,England,17,Scott Sio,1991-10-16,30.73
09/07/2022,England,1,Angus Bell,2000-10-04,21.76
09/07/2022,England,5,Cadeyrn Neville,1988-11-09,33.66
16/07/2022,England,9,Nic White,1990-06-13,32.09
16/07/2022,England,16,Folau Fainga'a,1995-05-05,27.2
16/07/2022,England,4,Nick Frost,1999-10-10,22.77
16/07/2022,England,6,Harry Wilson,1999-11-22,22.65
16/07/2022,England,5,Matt Philip,1994-03-07,28.36
16/07/2022,England,18,Allan Alaalatoa,1994-01-28,28.46
16/07/2022,England,2,David Porecki,1992-10-23,29.73
16/07/2022,England,3,Taniela Tupou,1996-05-10,26.18
16/07/2022,England,19,Robert Leota,1997-03-03,25.37
16/07/2022,England,22,Len Ikitau,1998-10-01,23.79
16/07/2022,England,8,Rob Valetini,1998-09-03,23.87
16/07/2022,England,13,Hunter Paisami,1998-04-10,24.27
16/07/2022,England,14,Tom Wright,1997-07-21,24.99
16/07/2022,England,20,Pete Samu,1991-12-17,30.58
16/07/2022,England,21,Tate McDermott,1998-09-18,23.83
16/07/2022,England,15,Reece Hodge,1994-08-26,27.89
16/07/2022,England,10,Noah Lolesio,1999-12-18,22.58
16/07/2022,England,11,Marika Koroibete,1992-07-26,29.97
16/07/2022,England,1,James Slipper,1989-06-06,33.11
16/07/2022,England,12,Samu Kerevi,1993-09-27,28.8
16/07/2022,England,7,Michael Hooper,1991-10-29,30.71
16/07/2022,England,17,Angus Bell,2000-10-04,21.78
16/07/2022,England,23,Suli Vunivalu,1995-11-27,26.63
06/08/2022,Argentina,9,Nic White,1990-06-13,32.15
06/08/2022,Argentina,2,Folau Fainga'a,1995-05-05,27.26
06/08/2022,Argentina,19,Nick Frost,1999-10-10,22.82
06/08/2022,Argentina,5,Matt Philip,1994-03-07,28.42
06/08/2022,Argentina,22,Jake Gordon,1993-07-06,29.08
06/08/2022,Argentina,3,Allan Alaalatoa,1994-01-28,28.52
06/08/2022,Argentina,10,Quade Cooper,1988-04-05,34.34
06/08/2022,Argentina,18,Taniela Tupou,1996-05-10,26.24
06/08/2022,Argentina,20,Robert Leota,1997-03-03,25.43
06/08/2022,Argentina,13,Len Ikitau,1998-10-01,23.85
06/08/2022,Argentina,7,Fraser McReight,1999-02-19,23.46
06/08/2022,Argentina,8,Rob Valetini,1998-09-03,23.92
06/08/2022,Argentina,14,Jordan Petaia,2000-03-14,22.4
06/08/2022,Argentina,12,Hunter Paisami,1998-04-10,24.32
06/08/2022,Argentina,15,Tom Wright,1997-07-21,25.04
06/08/2022,Argentina,21,Pete Samu,1991-12-17,30.64
06/08/2022,Argentina,23,Reece Hodge,1994-08-26,27.95
06/08/2022,Argentina,11,Marika Koroibete,1992-07-26,30.03
06/08/2022,Argentina,17,Matt Gibbon,1995-06-03,27.18
06/08/2022,Argentina,1,James Slipper,1989-06-06,33.17
06/08/2022,Argentina,16,Lachlan Lonergan,1999-10-11,22.82
06/08/2022,Argentina,6,Jed Holloway,1992-11-02,29.76
06/08/2022,Argentina,4,Darcy Swain,1997-07-05,25.09
13/08/2022,Argentina,12,Lalakai Foketi,1994-12-22,27.64
13/08/2022,Argentina,9,Nic White,1990-06-13,32.17
13/08/2022,Argentina,19,Nick Frost,1999-10-10,22.84
13/08/2022,Argentina,18,Pone Fa’amausili,1997-02-26,25.46
13/08/2022,Argentina,3,Taniela Tupou,1996-05-10,26.26
13/08/2022,Argentina,16,Billy Pollard,2001-12-09,20.68
13/08/2022,Argentina,13,Len Ikitau,1998-10-01,23.87
13/08/2022,Argentina,7,Fraser McReight,1999-02-19,23.48
13/08/2022,Argentina,8,Rob Valetini,1998-09-03,23.94
13/08/2022,Argentina,4,Rory Arnold,1990-07-01,32.12
13/08/2022,Argentina,14,Jordan Petaia,2000-03-14,22.42
13/08/2022,Argentina,22,Irae Simone,1995-07-10,27.09
13/08/2022,Argentina,15,Tom Wright,1997-07-21,25.06
13/08/2022,Argentina,20,Pete Samu,1991-12-17,30.66
13/08/2022,Argentina,21,Tate McDermott,1998-09-18,23.9
13/08/2022,Argentina,23,Reece Hodge,1994-08-26,27.96
13/08/2022,Argentina,11,Marika Koroibete,1992-07-26,30.05
13/08/2022,Argentina,10,James O'Connor,1990-07-05,32.11
13/08/2022,Argentina,17,Matt Gibbon,1995-06-03,27.2
13/08/2022,Argentina,1,James Slipper,1989-06-06,33.19
13/08/2022,Argentina,2,Lachlan Lonergan,1999-10-11,22.84
13/08/2022,Argentina,6,Jed Holloway,1992-11-02,29.78
13/08/2022,Argentina,5,Darcy Swain,1997-07-05,25.11
27/08/2022,South Africa,23,Andrew Kellaway,1995-10-12,26.88
27/08/2022,South Africa,9,Nic White,1990-06-13,32.21
27/08/2022,South Africa,2,Folau Fainga'a,1995-05-05,27.31
27/08/2022,South Africa,5,Matt Philip,1994-03-07,28.47
27/08/2022,South Africa,3,Allan Alaalatoa,1994-01-28,28.58
27/08/2022,South Africa,16,David Porecki,1992-10-23,29.84
27/08/2022,South Africa,18,Taniela Tupou,1996-05-10,26.3
27/08/2022,South Africa,20,Robert Leota,1997-03-03,25.48
27/08/2022,South Africa,13,Len Ikitau,1998-10-01,23.9
27/08/2022,South Africa,7,Fraser McReight,1999-02-19,23.52
27/08/2022,South Africa,8,Rob Valetini,1998-09-03,23.98
27/08/2022,South Africa,4,Rory Arnold,1990-07-01,32.16
27/08/2022,South Africa,12,Hunter Paisami,1998-04-10,24.38
27/08/2022,South Africa,14,Tom Wright,1997-07-21,25.1
27/08/2022,South Africa,21,Pete Samu,1991-12-17,30.69
27/08/2022,South Africa,22,Tate McDermott,1998-09-18,23.94
27/08/2022,South Africa,15,Reece Hodge,1994-08-26,28.0
27/08/2022,South Africa,10,Noah Lolesio,1999-12-18,22.69
27/08/2022,South Africa,11,Marika Koroibete,1992-07-26,30.09
27/08/2022,South Africa,1,James Slipper,1989-06-06,33.22
27/08/2022,South Africa,17,Scott Sio,1991-10-16,30.86
27/08/2022,South Africa,6,Jed Holloway,1992-11-02,29.82
27/08/2022,South Africa,19,Darcy Swain,1997-07-05,25.14
03/09/2022,South Africa,23,Andrew Kellaway,1995-10-12,26.89
03/09/2022,South Africa,9,Nic White,1990-06-13,32.23
03/09/2022,South Africa,2,Folau Fainga'a,1995-05-05,27.33
03/09/2022,South Africa,5,Matt Philip,1994-03-07,28.49
03/09/2022,South Africa,22,Jake Gordon,1993-07-06,29.16
03/09/2022,South Africa,3,Allan Alaalatoa,1994-01-28,28.6
03/09/2022,South Africa,16,David Porecki,1992-10-23,29.86
03/09/2022,South Africa,18,Taniela Tupou,1996-05-10,26.32
03/09/2022,South Africa,20,Robert Leota,1997-03-03,25.5
03/09/2022,South Africa,13,Len Ikitau,1998-10-01,23.92
03/09/2022,South Africa,7,Fraser McReight,1999-02-19,23.54
03/09/2022,South Africa,8,Rob Valetini,1998-09-03,24.0
03/09/2022,South Africa,4,Rory Arnold,1990-07-01,32.18
03/09/2022,South Africa,12,Hunter Paisami,1998-04-10,24.4
03/09/2022,South Africa,14,Tom Wright,1997-07-21,25.12
03/09/2022,South Africa,21,Pete Samu,1991-12-17,30.71
03/09/2022,South Africa,15,Reece Hodge,1994-08-26,28.02
03/09/2022,South Africa,10,Noah Lolesio,1999-12-18,22.71
03/09/2022,South Africa,11,Marika Koroibete,1992-07-26,30.11
03/09/2022,South Africa,1,James Slipper,1989-06-06,33.24
03/09/2022,South Africa,17,Scott Sio,1991-10-16,30.88
03/09/2022,South Africa,6,Jed Holloway,1992-11-02,29.83
03/09/2022,South Africa,19,Darcy Swain,1997-07-05,25.16
15/09/2022,New Zealand,12,Lalakai Foketi,1994-12-22,27.73
15/09/2022,New Zealand,15,Andrew Kellaway,1995-10-12,26.93
15/09/2022,New Zealand,21,Nic White,1990-06-13,32.26
15/09/2022,New Zealand,16,Folau Fainga'a,1995-05-05,27.37
15/09/2022,New Zealand,5,Matt Philip,1994-03-07,28.53
15/09/2022,New Zealand,9,Jake Gordon,1993-07-06,29.19
15/09/2022,New Zealand,3,Allan Alaalatoa,1994-01-28,28.63
15/09/2022,New Zealand,18,Pone Fa’amausili,1997-02-26,25.55
15/09/2022,New Zealand,2,David Porecki,1992-10-23,29.9
15/09/2022,New Zealand,6,Robert Leota,1997-03-03,25.54
15/09/2022,New Zealand,13,Len Ikitau,1998-10-01,23.96
15/09/2022,New Zealand,10,Bernard Foley,1989-09-08,33.02
15/09/2022,New Zealand,20,Fraser McReight,1999-02-19,23.57
15/09/2022,New Zealand,8,Rob Valetini,1998-09-03,24.03
15/09/2022,New Zealand,23,Jordan Petaia,2000-03-14,22.51
15/09/2022,New Zealand,14,Tom Wright,1997-07-21,25.15
15/09/2022,New Zealand,7,Pete Samu,1991-12-17,30.75
15/09/2022,New Zealand,22,Reece Hodge,1994-08-26,28.06
15/09/2022,New Zealand,11,Marika Koroibete,1992-07-26,30.14
15/09/2022,New Zealand,1,James Slipper,1989-06-06,33.28
15/09/2022,New Zealand,17,Scott Sio,1991-10-16,30.92
15/09/2022,New Zealand,4,Jed Holloway,1992-11-02,29.87
15/09/2022,New Zealand,19,Darcy Swain,1997-07-05,25.2
24/09/2022,New Zealand,12,Lalakai Foketi,1994-12-22,27.76
24/09/2022,New Zealand,15,Andrew Kellaway,1995-10-12,26.95
24/09/2022,New Zealand,21,Nic White,1990-06-13,32.28
24/09/2022,New Zealand,16,Folau Fainga'a,1995-05-05,27.39
24/09/2022,New Zealand,19,Nick Frost,1999-10-10,22.96
24/09/2022,New Zealand,8,Harry Wilson,1999-11-22,22.84
24/09/2022,New Zealand,9,Jake Gordon,1993-07-06,29.22
24/09/2022,New Zealand,3,Allan Alaalatoa,1994-01-28,28.65
24/09/2022,New Zealand,18,Pone Fa’amausili,1997-02-26,25.57
24/09/2022,New Zealand,2,David Porecki,1992-10-23,29.92
24/09/2022,New Zealand,13,Len Ikitau,1998-10-01,23.98
24/09/2022,New Zealand,10,Bernard Foley,1989-09-08,33.04
24/09/2022,New Zealand,20,Fraser McReight,1999-02-19,23.6
24/09/2022,New Zealand,6,Rob Valetini,1998-09-03,24.06
24/09/2022,New Zealand,23,Jordan Petaia,2000-03-14,22.53
24/09/2022,New Zealand,14,Tom Wright,1997-07-21,25.18
24/09/2022,New Zealand,7,Pete Samu,1991-12-17,30.77
24/09/2022,New Zealand,22,Reece Hodge,1994-08-26,28.08
24/09/2022,New Zealand,11,Marika Koroibete,1992-07-26,30.16
24/09/2022,New Zealand,1,James Slipper,1989-06-06,33.3
24/09/2022,New Zealand,4,Jed Holloway,1992-11-02,29.89
24/09/2022,New Zealand,17,Angus Bell,2000-10-04,21.97
24/09/2022,New Zealand,5,Cadeyrn Neville,1988-11-09,33.87
29/10/2022,Scotland,23,Jock Campbell,1995-05-17,27.45
29/10/2022,Scotland,14,Andrew Kellaway,1995-10-12,27.05
29/10/2022,Scotland,21,Nic White,1990-06-13,32.38
29/10/2022,Scotland,16,Folau Fainga'a,1995-05-05,27.49
29/10/2022,Scotland,4,Nick Frost,1999-10-10,23.05
29/10/2022,Scotland,3,Allan Alaalatoa,1994-01-28,28.75
29/10/2022,Scotland,2,David Porecki,1992-10-23,30.02
29/10/2022,Scotland,15,Thomas Banks,1994-06-18,28.36
29/10/2022,Scotland,18,Taniela Tupou,1996-05-10,26.47
29/10/2022,Scotland,19,Ned Hanigan,1995-04-11,27.55
29/10/2022,Scotland,13,Len Ikitau,1998-10-01,24.08
29/10/2022,Scotland,10,Bernard Foley,1989-09-08,33.14
29/10/2022,Scotland,8,Rob Valetini,1998-09-03,24.15
29/10/2022,Scotland,20,Langi Gleeson,2001-07-21,21.27
29/10/2022,Scotland,12,Hunter Paisami,1998-04-10,24.55
29/10/2022,Scotland,11,Tom Wright,1997-07-21,25.27
29/10/2022,Scotland,9,Tate McDermott,1998-09-18,24.11
29/10/2022,Scotland,22,Noah Lolesio,1999-12-18,22.86
29/10/2022,Scotland,17,Matt Gibbon,1995-06-03,27.41
29/10/2022,Scotland,1,James Slipper,1989-06-06,33.4
29/10/2022,Scotland,7,Michael Hooper,1991-10-29,31.0
29/10/2022,Scotland,6,Jed Holloway,1992-11-02,29.99
29/10/2022,Scotland,5,Cadeyrn Neville,1988-11-09,33.97
05/11/2022,France,15,Jock Campbell,1995-05-17,27.47
05/11/2022,France,12,Lalakai Foketi,1994-12-22,27.87
05/11/2022,France,14,Andrew Kellaway,1995-10-12,27.07
05/11/2022,France,9,Nic White,1990-06-13,32.4
05/11/2022,France,16,Folau Fainga'a,1995-05-05,27.51
05/11/2022,France,4,Nick Frost,1999-10-10,23.07
05/11/2022,France,21,Jake Gordon,1993-07-06,29.33
05/11/2022,France,2,David Porecki,1992-10-23,30.03
05/11/2022,France,3,Taniela Tupou,1996-05-10,26.49
05/11/2022,France,13,Len Ikitau,1998-10-01,24.1
05/11/2022,France,10,Bernard Foley,1989-09-08,33.16
05/11/2022,France,18,Tom Robertson,1994-08-28,28.19
05/11/2022,France,8,Rob Valetini,1998-09-03,24.17
05/11/2022,France,22,Hunter Paisami,1998-04-10,24.57
05/11/2022,France,11,Tom Wright,1997-07-21,25.29
05/11/2022,France,20,Pete Samu,1991-12-17,30.89
05/11/2022,France,19,Will Skelton,1992-05-03,30.51
05/11/2022,France,23,Reece Hodge,1994-08-26,28.19
05/11/2022,France,17,Matt Gibbon,1995-06-03,27.43
05/11/2022,France,1,James Slipper,1989-06-06,33.42
05/11/2022,France,7,Michael Hooper,1991-10-29,31.02
05/11/2022,France,6,Jed Holloway,1992-11-02,30.01
05/11/2022,France,5,Cadeyrn Neville,1988-11-09,33.99
12/11/2022,Italy,15,Jock Campbell,1995-05-17,27.49
12/11/2022,Italy,2,Folau Fainga'a,1995-05-05,27.52
12/11/2022,Italy,9,Jake Gordon,1993-07-06,29.35
12/11/2022,Italy,3,Allan Alaalatoa,1994-01-28,28.79
12/11/2022,Italy,18,Taniela Tupou,1996-05-10,26.51
12/11/2022,Italy,6,Ned Hanigan,1995-04-11,27.59
12/11/2022,Italy,13,Len Ikitau,1998-10-01,24.12
12/11/2022,Italy,17,Tom Robertson,1994-08-28,28.21
12/11/2022,Italy,7,Fraser McReight,1999-02-19,23.73
12/11/2022,Italy,14,Mark Nawaqanitawase,2000-09-11,22.17
12/11/2022,Italy,20,Langi Gleeson,2001-07-21,21.31
12/11/2022,Italy,23,Jordan Petaia,2000-03-14,22.66
12/11/2022,Italy,12,Hunter Paisami,1998-04-10,24.59
12/11/2022,Italy,11,Tom Wright,1997-07-21,25.31
12/11/2022,Italy,8,Pete Samu,1991-12-17,30.91
12/11/2022,Italy,21,Tate McDermott,1998-09-18,24.15
12/11/2022,Italy,5,Will Skelton,1992-05-03,30.53
12/11/2022,Italy,10,Noah Lolesio,1999-12-18,22.9
12/11/2022,Italy,22,Ben Donaldson,1999-04-04,23.61
12/11/2022,Italy,1,Matt Gibbon,1995-06-03,27.44
12/11/2022,Italy,16,Lachlan Lonergan,1999-10-11,23.09
12/11/2022,Italy,4,Darcy Swain,1997-07-05,25.36
12/11/2022,Italy,19,Cadeyrn Neville,1988-11-09,34.01
19/11/2022,Ireland,15,Andrew Kellaway,1995-10-12,27.11
19/11/2022,Ireland,9,Nic White,1990-06-13,32.44
19/11/2022,Ireland,16,Folau Fainga'a,1995-05-05,27.54
19/11/2022,Ireland,4,Nick Frost,1999-10-10,23.11
19/11/2022,Ireland,21,Jake Gordon,1993-07-06,29.37
19/11/2022,Ireland,3,Allan Alaalatoa,1994-01-28,28.81
19/11/2022,Ireland,2,David Porecki,1992-10-23,30.07
19/11/2022,Ireland,18,Taniela Tupou,1996-05-10,26.53
19/11/2022,Ireland,13,Len Ikitau,1998-10-01,24.13
19/11/2022,Ireland,10,Bernard Foley,1989-09-08,33.2
19/11/2022,Ireland,17,Tom Robertson,1994-08-28,28.23
19/11/2022,Ireland,8,Rob Valetini,1998-09-03,24.21
19/11/2022,Ireland,14,Mark Nawaqanitawase,2000-09-11,22.19
19/11/2022,Ireland,23,Jordan Petaia,2000-03-14,22.68
19/11/2022,Ireland,12,Hunter Paisami,1998-04-10,24.61
19/11/2022,Ireland,11,Tom Wright,1997-07-21,25.33
19/11/2022,Ireland,20,Pete Samu,1991-12-17,30.92
19/11/2022,Ireland,19,Will Skelton,1992-05-03,30.55
19/11/2022,Ireland,22,Noah Lolesio,1999-12-18,22.92
19/11/2022,Ireland,1,James Slipper,1989-06-06,33.45
19/11/2022,Ireland,7,Michael Hooper,1991-10-29,31.06
19/11/2022,Ireland,6,Jed Holloway,1992-11-02,30.05
19/11/2022,Ireland,5,Cadeyrn Neville,1988-11-09,34.03
26/11/2022,Wales,23,Jock Campbell,1995-05-17,27.53
26/11/2022,Wales,2,Folau Fainga'a,1995-05-05,27.56
26/11/2022,Wales,4,Nick Frost,1999-10-10,23.13
26/11/2022,Wales,9,Jake Gordon,1993-07-06,29.39
26/11/2022,Wales,3,Allan Alaalatoa,1994-01-28,28.83
26/11/2022,Wales,19,Ned Hanigan,1995-04-11,27.63
26/11/2022,Wales,13,Len Ikitau,1998-10-01,24.15
26/11/2022,Wales,17,Tom Robertson,1994-08-28,28.25
26/11/2022,Wales,7,Fraser McReight,1999-02-19,23.77
26/11/2022,Wales,11,Mark Nawaqanitawase,2000-09-11,22.21
26/11/2022,Wales,8,Langi Gleeson,2001-07-21,21.35
26/11/2022,Wales,18,Sam Talakai,1991-09-04,31.23
26/11/2022,Wales,14,Jordan Petaia,2000-03-14,22.7
26/11/2022,Wales,15,Tom Wright,1997-07-21,25.35
26/11/2022,Wales,20,Pete Samu,1991-12-17,30.94
26/11/2022,Wales,21,Tate McDermott,1998-09-18,24.19
26/11/2022,Wales,12,Reece Hodge,1994-08-26,28.25
26/11/2022,Wales,22,Noah Lolesio,1999-12-18,22.94
26/11/2022,Wales,10,Ben Donaldson,1999-04-04,23.65
26/11/2022,Wales,1,James Slipper,1989-06-06,33.47
26/11/2022,Wales,16,Lachlan Lonergan,1999-10-11,23.13
26/11/2022,Wales,6,Jed Holloway,1992-11-02,30.06
26/11/2022,Wales,5,Cadeyrn Neville,1988-11-09,34.05
08/07/2023,South Africa,9,Nic White,1990-06-13,33.07
08/07/2023,South Africa,6,Tom Hooper,2001-01-29,22.44
08/07/2023,South Africa,4,Nick Frost,1999-10-10,23.74
08/07/2023,South Africa,3,Allan Alaalatoa,1994-01-28,29.44
08/07/2023,South Africa,10,Quade Cooper,1988-04-05,35.26
08/07/2023,South Africa,2,David Porecki,1992-10-23,30.71
08/07/2023,South Africa,13,Len Ikitau,1998-10-01,24.77
08/07/2023,South Africa,19,Richard Arnold,1990-07-01,33.02
08/07/2023,South Africa,8,Rob Valetini,1998-09-03,24.84
08/07/2023,South Africa,23,Carter Gordon,2001-01-29,22.44
08/07/2023,South Africa,15,Tom Wright,1997-07-21,25.96
08/07/2023,South Africa,20,Pete Samu,1991-12-17,31.56
08/07/2023,South Africa,16,Jordan Uelese,1997-01-24,26.45
08/07/2023,South Africa,21,Tate McDermott,1998-09-18,24.8
08/07/2023,South Africa,5,Will Skelton,1992-05-03,31.18
08/07/2023,South Africa,12,Reece Hodge,1994-08-26,28.87
08/07/2023,South Africa,18,Zane Nonggorr,2001-03-30,22.27
08/07/2023,South Africa,11,Marika Koroibete,1992-07-26,30.95
08/07/2023,South Africa,17,Matt Gibbon,1995-06-03,28.1
08/07/2023,South Africa,1,James Slipper,1989-06-06,34.09
08/07/2023,South Africa,22,Samu Kerevi,1993-09-27,29.78
08/07/2023,South Africa,7,Michael Hooper,1991-10-29,31.69
08/07/2023,South Africa,14,Suli Vunivalu,1995-11-27,27.61
15/07/2023,Argentina,9,Nic White,1990-06-13,33.09
15/07/2023,Argentina,19,Matt Philip,1994-03-07,29.36
15/07/2023,Argentina,3,Allan Alaalatoa,1994-01-28,29.46
15/07/2023,Argentina,18,Pone Fa’amausili,1997-02-26,26.38
15/07/2023,Argentina,21,Josh Kemeny,1998-11-29,24.62
15/07/2023,Argentina,10,Quade Cooper,1988-04-05,35.28
15/07/2023,Argentina,2,David Porecki,1992-10-23,30.72
15/07/2023,Argentina,20,Robert Leota,1997-03-03,26.37
15/07/2023,Argentina,13,Len Ikitau,1998-10-01,24.79
15/07/2023,Argentina,4,Richard Arnold,1990-07-01,33.04
15/07/2023,Argentina,7,Fraser McReight,1999-02-19,24.4
15/07/2023,Argentina,8,Rob Valetini,1998-09-03,24.86
15/07/2023,Argentina,23,Carter Gordon,2001-01-29,22.46
15/07/2023,Argentina,14,Mark Nawaqanitawase,2000-09-11,22.84
15/07/2023,Argentina,15,Tom Wright,1997-07-21,25.98
15/07/2023,Argentina,16,Jordan Uelese,1997-01-24,26.47
15/07/2023,Argentina,22,Tate McDermott,1998-09-18,24.82
15/07/2023,Argentina,5,Will Skelton,1992-05-03,31.2
15/07/2023,Argentina,11,Marika Koroibete,1992-07-26,30.97
15/07/2023,Argentina,1,James Slipper,1989-06-06,34.11
15/07/2023,Argentina,12,Samu Kerevi,1993-09-27,29.8
15/07/2023,Argentina,6,Jed Holloway,1992-11-02,30.7
15/07/2023,Argentina,17,Angus Bell,2000-10-04,22.78
29/07/2023,New Zealand,15,Andrew Kellaway,1995-10-12,27.8
29/07/2023,New Zealand,21,Nic White,1990-06-13,33.13
29/07/2023,New Zealand,7,Tom Hooper,2001-01-29,22.49
29/07/2023,New Zealand,4,Nick Frost,1999-10-10,23.8
29/07/2023,New Zealand,3,Allan Alaalatoa,1994-01-28,29.5
29/07/2023,New Zealand,22,Quade Cooper,1988-04-05,35.31
29/07/2023,New Zealand,2,David Porecki,1992-10-23,30.76
29/07/2023,New Zealand,18,Taniela Tupou,1996-05-10,27.22
29/07/2023,New Zealand,20,Robert Leota,1997-03-03,26.4
29/07/2023,New Zealand,23,Izaia Perese,1997-05-17,26.2
29/07/2023,New Zealand,19,Richard Arnold,1990-07-01,33.08
29/07/2023,New Zealand,8,Rob Valetini,1998-09-03,24.9
29/07/2023,New Zealand,10,Carter Gordon,2001-01-29,22.49
29/07/2023,New Zealand,14,Mark Nawaqanitawase,2000-09-11,22.88
29/07/2023,New Zealand,13,Jordan Petaia,2000-03-14,23.37
29/07/2023,New Zealand,16,Jordan Uelese,1997-01-24,26.51
29/07/2023,New Zealand,9,Tate McDermott,1998-09-18,24.86
29/07/2023,New Zealand,5,Will Skelton,1992-05-03,31.24
29/07/2023,New Zealand,11,Marika Koroibete,1992-07-26,31.01
29/07/2023,New Zealand,17,James Slipper,1989-06-06,34.14
29/07/2023,New Zealand,12,Samu Kerevi,1993-09-27,29.83
29/07/2023,New Zealand,6,Jed Holloway,1992-11-02,30.74
29/07/2023,New Zealand,1,Angus Bell,2000-10-04,22.81
05/08/2023,New Zealand,16,Matt Faessler,1998-12-21,24.62
05/08/2023,New Zealand,15,Andrew Kellaway,1995-10-12,27.81
05/08/2023,New Zealand,21,Nic White,1990-06-13,33.15
05/08/2023,New Zealand,6,Tom Hooper,2001-01-29,22.51
05/08/2023,New Zealand,4,Nick Frost,1999-10-10,23.82
05/08/2023,New Zealand,3,Pone Fa’amausili,1997-02-26,26.44
05/08/2023,New Zealand,22,Quade Cooper,1988-04-05,35.33
05/08/2023,New Zealand,2,David Porecki,1992-10-23,30.78
05/08/2023,New Zealand,20,Robert Leota,1997-03-03,26.42
05/08/2023,New Zealand,23,Izaia Perese,1997-05-17,26.22
05/08/2023,New Zealand,5,Richard Arnold,1990-07-01,33.1
05/08/2023,New Zealand,7,Fraser McReight,1999-02-19,24.46
05/08/2023,New Zealand,8,Rob Valetini,1998-09-03,24.92
05/08/2023,New Zealand,10,Carter Gordon,2001-01-29,22.51
05/08/2023,New Zealand,14,Mark Nawaqanitawase,2000-09-11,22.9
05/08/2023,New Zealand,13,Jordan Petaia,2000-03-14,23.39
05/08/2023,New Zealand,9,Tate McDermott,1998-09-18,24.88
05/08/2023,New Zealand,19,Will Skelton,1992-05-03,31.26
05/08/2023,New Zealand,18,Zane Nonggorr,2001-03-30,22.35
05/08/2023,New Zealand,11,Marika Koroibete,1992-07-26,31.03
05/08/2023,New Zealand,17,James Slipper,1989-06-06,34.16
05/08/2023,New Zealand,12,Samu Kerevi,1993-09-27,29.85
05/08/2023,New Zealand,1,Angus Bell,2000-10-04,22.83
27/08/2023,France,12,Lalakai Foketi,1994-12-22,28.68
27/08/2023,France,16,Matt Faessler,1998-12-21,24.68
27/08/2023,France,15,Andrew Kellaway,1995-10-12,27.87
27/08/2023,France,6,Tom Hooper,2001-01-29,22.57
27/08/2023,France,19,Matt Philip,1994-03-07,29.47
27/08/2023,France,2,David Porecki,1992-10-23,30.84
27/08/2023,France,3,Taniela Tupou,1996-05-10,27.3
27/08/2023,France,20,Robert Leota,1997-03-03,26.48
27/08/2023,France,4,Richard Arnold,1990-07-01,33.16
27/08/2023,France,7,Fraser McReight,1999-02-19,24.52
27/08/2023,France,8,Rob Valetini,1998-09-03,24.98
27/08/2023,France,10,Carter Gordon,2001-01-29,22.57
27/08/2023,France,14,Mark Nawaqanitawase,2000-09-11,22.96
27/08/2023,France,21,Langi Gleeson,2001-07-21,22.1
27/08/2023,France,13,Jordan Petaia,2000-03-14,23.45
27/08/2023,France,9,Tate McDermott,1998-09-18,24.94
27/08/2023,France,5,Will Skelton,1992-05-03,31.32
27/08/2023,France,17,Blake Schoupp,1998-03-28,25.42
27/08/2023,France,18,Zane Nonggorr,2001-03-30,22.41
27/08/2023,France,23,Ben Donaldson,1999-04-04,24.4
27/08/2023,France,22,Issak Fines-Leleiwasa,1995-10-02,27.9
27/08/2023,France,1,Angus Bell,2000-10-04,22.89
27/08/2023,France,11,Suli Vunivalu,1995-11-27,27.75
09/09/2023,Georgia,22,Lalakai Foketi,1994-12-22,28.72
09/09/2023,Georgia,16,Matt Faessler,1998-12-21,24.72
09/09/2023,Georgia,21,Nic White,1990-06-13,33.24
09/09/2023,Georgia,6,Tom Hooper,2001-01-29,22.61
09/09/2023,Georgia,2,David Porecki,1992-10-23,30.88
09/09/2023,Georgia,3,Taniela Tupou,1996-05-10,27.33
09/09/2023,Georgia,19,Robert Leota,1997-03-03,26.52
09/09/2023,Georgia,4,Richard Arnold,1990-07-01,33.19
09/09/2023,Georgia,7,Fraser McReight,1999-02-19,24.55
09/09/2023,Georgia,8,Rob Valetini,1998-09-03,25.02
09/09/2023,Georgia,10,Carter Gordon,2001-01-29,22.61
09/09/2023,Georgia,14,Mark Nawaqanitawase,2000-09-11,22.99
09/09/2023,Georgia,20,Langi Gleeson,2001-07-21,22.14
09/09/2023,Georgia,13,Jordan Petaia,2000-03-14,23.49
09/09/2023,Georgia,9,Tate McDermott,1998-09-18,24.98
09/09/2023,Georgia,5,Will Skelton,1992-05-03,31.35
09/09/2023,Georgia,17,Blake Schoupp,1998-03-28,25.45
09/09/2023,Georgia,18,Zane Nonggorr,2001-03-30,22.45
09/09/2023,Georgia,11,Marika Koroibete,1992-07-26,31.12
09/09/2023,Georgia,15,Ben Donaldson,1999-04-04,24.43
09/09/2023,Georgia,12,Samu Kerevi,1993-09-27,29.95
09/09/2023,Georgia,1,Angus Bell,2000-10-04,22.93
09/09/2023,Georgia,23,Suli Vunivalu,1995-11-27,27.78
17/09/2023,Fiji,22,Lalakai Foketi,1994-12-22,28.74
17/09/2023,Fiji,9,Nic White,1990-06-13,33.26
17/09/2023,Fiji,6,Tom Hooper,2001-01-29,22.63
17/09/2023,Fiji,4,Nick Frost,1999-10-10,23.94
17/09/2023,Fiji,19,Matt Philip,1994-03-07,29.53
17/09/2023,Fiji,2,David Porecki,1992-10-23,30.9
17/09/2023,Fiji,20,Robert Leota,1997-03-03,26.54
17/09/2023,Fiji,5,Richard Arnold,1990-07-01,33.21
17/09/2023,Fiji,7,Fraser McReight,1999-02-19,24.58
17/09/2023,Fiji,8,Rob Valetini,1998-09-03,25.04
17/09/2023,Fiji,10,Carter Gordon,2001-01-29,22.63
17/09/2023,Fiji,14,Mark Nawaqanitawase,2000-09-11,23.01
17/09/2023,Fiji,13,Jordan Petaia,2000-03-14,23.51
17/09/2023,Fiji,16,Jordan Uelese,1997-01-24,26.65
17/09/2023,Fiji,17,Blake Schoupp,1998-03-28,25.47
17/09/2023,Fiji,18,Zane Nonggorr,2001-03-30,22.47
17/09/2023,Fiji,11,Marika Koroibete,1992-07-26,31.14
17/09/2023,Fiji,15,Ben Donaldson,1999-04-04,24.45
17/09/2023,Fiji,21,Issak Fines-Leleiwasa,1995-10-02,27.96
17/09/2023,Fiji,3,James Slipper,1989-06-06,34.28
17/09/2023,Fiji,12,Samu Kerevi,1993-09-27,29.97
17/09/2023,Fiji,1,Angus Bell,2000-10-04,22.95
17/09/2023,Fiji,23,Suli Vunivalu,1995-11-27,27.81
24/09/2023,Wales,16,Matt Faessler,1998-12-21,24.76
24/09/2023,Wales,15,Andrew Kellaway,1995-10-12,27.95
24/09/2023,Wales,21,Nic White,1990-06-13,33.28
24/09/2023,Wales,7,Tom Hooper,2001-01-29,22.65
24/09/2023,Wales,4,Nick Frost,1999-10-10,23.96
24/09/2023,Wales,19,Matt Philip,1994-03-07,29.55
24/09/2023,Wales,18,Pone Fa’amausili,1997-02-26,26.57
24/09/2023,Wales,2,David Porecki,1992-10-23,30.92
24/09/2023,Wales,6,Robert Leota,1997-03-03,26.56
24/09/2023,Wales,5,Richard Arnold,1990-07-01,33.23
24/09/2023,Wales,20,Fraser McReight,1999-02-19,24.59
24/09/2023,Wales,8,Rob Valetini,1998-09-03,25.06
24/09/2023,Wales,22,Carter Gordon,2001-01-29,22.65
24/09/2023,Wales,14,Mark Nawaqanitawase,2000-09-11,23.03
24/09/2023,Wales,13,Jordan Petaia,2000-03-14,23.53
24/09/2023,Wales,9,Tate McDermott,1998-09-18,25.02
24/09/2023,Wales,17,Blake Schoupp,1998-03-28,25.49
24/09/2023,Wales,11,Marika Koroibete,1992-07-26,31.16
24/09/2023,Wales,10,Ben Donaldson,1999-04-04,24.47
24/09/2023,Wales,3,James Slipper,1989-06-06,34.3
24/09/2023,Wales,12,Samu Kerevi,1993-09-27,29.99
24/09/2023,Wales,1,Angus Bell,2000-10-04,22.97
24/09/2023,Wales,23,Suli Vunivalu,1995-11-27,27.83
01/10/2023,Portugal,12,Lalakai Foketi,1994-12-22,28.78
01/10/2023,Portugal,16,Matt Faessler,1998-12-21,24.78
01/10/2023,Portugal,15,Andrew Kellaway,1995-10-12,27.97
01/10/2023,Portugal,6,Tom Hooper,2001-01-29,22.67
01/10/2023,Portugal,4,Nick Frost,1999-10-10,23.98
01/10/2023,Portugal,18,Pone Fa’amausili,1997-02-26,26.59
01/10/2023,Portugal,20,Josh Kemeny,1998-11-29,24.84
01/10/2023,Portugal,2,David Porecki,1992-10-23,30.94
01/10/2023,Portugal,19,Robert Leota,1997-03-03,26.58
01/10/2023,Portugal,13,Izaia Perese,1997-05-17,26.37
01/10/2023,Portugal,5,Richard Arnold,1990-07-01,33.25
01/10/2023,Portugal,7,Fraser McReight,1999-02-19,24.61
01/10/2023,Portugal,8,Rob Valetini,1998-09-03,25.08
01/10/2023,Portugal,14,Mark Nawaqanitawase,2000-09-11,23.05
01/10/2023,Portugal,9,Tate McDermott,1998-09-18,25.04
01/10/2023,Portugal,17,Blake Schoupp,1998-03-28,25.51
01/10/2023,Portugal,11,Marika Koroibete,1992-07-26,31.18
01/10/2023,Portugal,10,Ben Donaldson,1999-04-04,24.49
01/10/2023,Portugal,21,Issak Fines-Leleiwasa,1995-10-02,28.0
01/10/2023,Portugal,3,James Slipper,1989-06-06,34.32
01/10/2023,Portugal,22,Samu Kerevi,1993-09-27,30.01
01/10/2023,Portugal,1,Angus Bell,2000-10-04,22.99
01/10/2023,Portugal,23,Suli Vunivalu,1995-11-27,27.84
06/07/2024,Wales,2,Matt Faessler,1998-12-21,25.54
06/07/2024,Wales,14,Andrew Kellaway,1995-10-12,28.73
06/07/2024,Wales,17,Isaac Aedo Kailea,2000-07-13,23.98
06/07/2024,Wales,9,Jake Gordon,1993-07-06,31.0
06/07/2024,Wales,18,Allan Alaalatoa,1994-01-28,30.44
06/07/2024,Wales,3,Taniela Tupou,1996-05-10,28.16
06/07/2024,Wales,16,Billy Pollard,2001-12-09,22.57
06/07/2024,Wales,7,Fraser McReight,1999-02-19,25.38
06/07/2024,Wales,8,Rob Valetini,1998-09-03,25.84
06/07/2024,Wales,19,Angus Blyth,1998-03-04,26.34
06/07/2024,Wales,5,Lukhan Salakaia-Loto,1996-09-19,27.8
06/07/2024,Wales,12,Hunter Paisami,1998-04-10,26.24
06/07/2024,Wales,15,Tom Wright,1997-07-21,26.96
06/07/2024,Wales,21,Tate McDermott,1998-09-18,25.8
06/07/2024,Wales,10,Noah Lolesio,1999-12-18,24.55
06/07/2024,Wales,4,Jeremy Williams,2000-12-02,23.59
06/07/2024,Wales,11,Filipo Daugunu,1995-03-04,29.34
06/07/2024,Wales,23,Dylan Pietsch,1998-04-23,26.2
06/07/2024,Wales,13,Josh Flook,2001-09-22,22.79
06/07/2024,Wales,6,Liam Wright,1997-11-06,26.66
06/07/2024,Wales,1,James Slipper,1989-06-06,35.08
06/07/2024,Wales,22,Tom Lynagh,2003-04-14,21.23
06/07/2024,Wales,20,Charlie Cale,2000-10-06,23.75
13/07/2024,Wales,2,Matt Faessler,1998-12-21,25.56
13/07/2024,Wales,14,Andrew Kellaway,1995-10-12,28.75
13/07/2024,Wales,21,Nic White,1990-06-13,34.08
13/07/2024,Wales,17,Isaac Aedo Kailea,2000-07-13,24.0
13/07/2024,Wales,9,Jake Gordon,1993-07-06,31.02
13/07/2024,Wales,18,Allan Alaalatoa,1994-01-28,30.46
13/07/2024,Wales,3,Taniela Tupou,1996-05-10,28.18
13/07/2024,Wales,7,Fraser McReight,1999-02-19,25.4
13/07/2024,Wales,6,Rob Valetini,1998-09-03,25.86
13/07/2024,Wales,20,Langi Gleeson,2001-07-21,22.98
13/07/2024,Wales,19,Angus Blyth,1998-03-04,26.36
13/07/2024,Wales,5,Lukhan Salakaia-Loto,1996-09-19,27.81
13/07/2024,Wales,12,Hunter Paisami,1998-04-10,26.26
13/07/2024,Wales,15,Tom Wright,1997-07-21,26.98
13/07/2024,Wales,10,Noah Lolesio,1999-12-18,24.57
13/07/2024,Wales,4,Jeremy Williams,2000-12-02,23.61
13/07/2024,Wales,22,Ben Donaldson,1999-04-04,25.28
13/07/2024,Wales,11,Filipo Daugunu,1995-03-04,29.36
13/07/2024,Wales,23,Dylan Pietsch,1998-04-23,26.22
13/07/2024,Wales,13,Josh Flook,2001-09-22,22.81
13/07/2024,Wales,1,James Slipper,1989-06-06,35.1
13/07/2024,Wales,16,Josh Nasser,1999-06-23,25.06
13/07/2024,Wales,8,Charlie Cale,2000-10-06,23.77
20/07/2024,Georgia,23,Andrew Kellaway,1995-10-12,28.77
20/07/2024,Georgia,21,Nic White,1990-06-13,34.1
20/07/2024,Georgia,1,Isaac Aedo Kailea,2000-07-13,24.02
20/07/2024,Georgia,19,Tom Hooper,2001-01-29,23.47
20/07/2024,Georgia,4,Nick Frost,1999-10-10,24.78
20/07/2024,Georgia,8,Harry Wilson,1999-11-22,24.66
20/07/2024,Georgia,17,Alex Hodgman,1993-07-16,31.01
20/07/2024,Georgia,3,Allan Alaalatoa,1994-01-28,30.48
20/07/2024,Georgia,2,Billy Pollard,2001-12-09,22.61
20/07/2024,Georgia,13,Len Ikitau,1998-10-01,25.8
20/07/2024,Georgia,7,Fraser McReight,1999-02-19,25.42
20/07/2024,Georgia,11,Darby Lancaster,2003-04-23,21.24
20/07/2024,Georgia,6,Rob Valetini,1998-09-03,25.88
20/07/2024,Georgia,5,Angus Blyth,1998-03-04,26.38
20/07/2024,Georgia,12,Hunter Paisami,1998-04-10,26.28
20/07/2024,Georgia,15,Tom Wright,1997-07-21,27.0
20/07/2024,Georgia,9,Tate McDermott,1998-09-18,25.84
20/07/2024,Georgia,18,Zane Nonggorr,2001-03-30,23.31
20/07/2024,Georgia,22,Noah Lolesio,1999-12-18,24.59
20/07/2024,Georgia,20,Jeremy Williams,2000-12-02,23.63
20/07/2024,Georgia,10,Ben Donaldson,1999-04-04,25.3
20/07/2024,Georgia,14,Filipo Daugunu,1995-03-04,29.38
20/07/2024,Georgia,16,Josh Nasser,1999-06-23,25.08
10/08/2024,South Africa,2,Matt Faessler,1998-12-21,25.64
10/08/2024,South Africa,14,Andrew Kellaway,1995-10-12,28.83
10/08/2024,South Africa,1,Isaac Aedo Kailea,2000-07-13,24.08
10/08/2024,South Africa,4,Nick Frost,1999-10-10,24.84
10/08/2024,South Africa,8,Harry Wilson,1999-11-22,24.72
10/08/2024,South Africa,9,Jake Gordon,1993-07-06,31.1
10/08/2024,South Africa,3,Allan Alaalatoa,1994-01-28,30.53
10/08/2024,South Africa,13,Len Ikitau,1998-10-01,25.86
10/08/2024,South Africa,6,Rob Valetini,1998-09-03,25.94
10/08/2024,South Africa,5,Lukhan Salakaia-Loto,1996-09-19,27.89
10/08/2024,South Africa,12,Hunter Paisami,1998-04-10,26.34
10/08/2024,South Africa,15,Tom Wright,1997-07-21,27.06
10/08/2024,South Africa,21,Tate McDermott,1998-09-18,25.9
10/08/2024,South Africa,7,Carlo Tizzano,2000-02-02,24.52
10/08/2024,South Africa,18,Zane Nonggorr,2001-03-30,23.37
10/08/2024,South Africa,10,Noah Lolesio,1999-12-18,24.65
10/08/2024,South Africa,19,Jeremy Williams,2000-12-02,23.69
10/08/2024,South Africa,11,Filipo Daugunu,1995-03-04,29.44
10/08/2024,South Africa,23,Dylan Pietsch,1998-04-23,26.3
10/08/2024,South Africa,20,Luke Reimer,2000-05-27,24.21
10/08/2024,South Africa,17,James Slipper,1989-06-06,35.18
10/08/2024,South Africa,16,Josh Nasser,1999-06-23,25.13
10/08/2024,South Africa,22,Tom Lynagh,2003-04-14,21.33
17/08/2024,South Africa,14,Andrew Kellaway,1995-10-12,28.85
17/08/2024,South Africa,23,Max Jorgensen,2004-09-02,19.96
17/08/2024,South Africa,9,Nic White,1990-06-13,34.18
17/08/2024,South Africa,19,Tom Hooper,2001-01-29,23.55
17/08/2024,South Africa,8,Harry Wilson,1999-11-22,24.74
17/08/2024,South Africa,3,Allan Alaalatoa,1994-01-28,30.55
17/08/2024,South Africa,16,Billy Pollard,2001-12-09,22.69
17/08/2024,South Africa,13,Len Ikitau,1998-10-01,25.88
17/08/2024,South Africa,6,Rob Valetini,1998-09-03,25.96
17/08/2024,South Africa,4,Angus Blyth,1998-03-04,26.46
17/08/2024,South Africa,5,Lukhan Salakaia-Loto,1996-09-19,27.91
17/08/2024,South Africa,12,Hunter Paisami,1998-04-10,26.36
17/08/2024,South Africa,20,Seru Uru,1997-01-03,27.62
17/08/2024,South Africa,15,Tom Wright,1997-07-21,27.08
17/08/2024,South Africa,21,Tate McDermott,1998-09-18,25.91
17/08/2024,South Africa,7,Carlo Tizzano,2000-02-02,24.54
17/08/2024,South Africa,18,Zane Nonggorr,2001-03-30,23.38
17/08/2024,South Africa,10,Noah Lolesio,1999-12-18,24.67
17/08/2024,South Africa,11,Marika Koroibete,1992-07-26,32.06
17/08/2024,South Africa,22,Ben Donaldson,1999-04-04,25.37
17/08/2024,South Africa,17,James Slipper,1989-06-06,35.2
17/08/2024,South Africa,2,Josh Nasser,1999-06-23,25.15
17/08/2024,South Africa,1,Angus Bell,2000-10-04,23.87
31/08/2024,Argentina,2,Matt Faessler,1998-12-21,25.7
31/08/2024,Argentina,14,Andrew Kellaway,1995-10-12,28.89
31/08/2024,Argentina,23,Max Jorgensen,2004-09-02,19.99
31/08/2024,Argentina,17,Isaac Aedo Kailea,2000-07-13,24.13
31/08/2024,Argentina,4,Nick Frost,1999-10-10,24.89
31/08/2024,Argentina,8,Harry Wilson,1999-11-22,24.78
31/08/2024,Argentina,9,Jake Gordon,1993-07-06,31.15
31/08/2024,Argentina,18,Allan Alaalatoa,1994-01-28,30.59
31/08/2024,Argentina,3,Taniela Tupou,1996-05-10,28.31
31/08/2024,Argentina,13,Len Ikitau,1998-10-01,25.92
31/08/2024,Argentina,6,Rob Valetini,1998-09-03,25.99
31/08/2024,Argentina,20,Langi Gleeson,2001-07-21,23.11
31/08/2024,Argentina,5,Lukhan Salakaia-Loto,1996-09-19,27.95
31/08/2024,Argentina,15,Tom Wright,1997-07-21,27.11
31/08/2024,Argentina,21,Tate McDermott,1998-09-18,25.95
31/08/2024,Argentina,7,Carlo Tizzano,2000-02-02,24.58
31/08/2024,Argentina,10,Noah Lolesio,1999-12-18,24.7
31/08/2024,Argentina,19,Jeremy Williams,2000-12-02,23.75
31/08/2024,Argentina,11,Marika Koroibete,1992-07-26,32.1
31/08/2024,Argentina,22,Ben Donaldson,1999-04-04,25.41
31/08/2024,Argentina,12,Hamish Stewart,1998-03-03,26.5
31/08/2024,Argentina,16,Josh Nasser,1999-06-23,25.19
31/08/2024,Argentina,1,Angus Bell,2000-10-04,23.91
21/09/2024,New Zealand,2,Matt Faessler,1998-12-21,25.75
21/09/2024,New Zealand,14,Andrew Kellaway,1995-10-12,28.95
21/09/2024,New Zealand,9,Nic White,1990-06-13,34.28
21/09/2024,New Zealand,4,Nick Frost,1999-10-10,24.95
21/09/2024,New Zealand,8,Harry Wilson,1999-11-22,24.83
21/09/2024,New Zealand,18,Allan Alaalatoa,1994-01-28,30.65
21/09/2024,New Zealand,3,Taniela Tupou,1996-05-10,28.37
21/09/2024,New Zealand,13,Len Ikitau,1998-10-01,25.97
21/09/2024,New Zealand,7,Fraser McReight,1999-02-19,25.59
21/09/2024,New Zealand,6,Rob Valetini,1998-09-03,26.05
21/09/2024,New Zealand,20,Langi Gleeson,2001-07-21,23.17
21/09/2024,New Zealand,19,Lukhan Salakaia-Loto,1996-09-19,28.01
21/09/2024,New Zealand,12,Hunter Paisami,1998-04-10,26.45
21/09/2024,New Zealand,15,Tom Wright,1997-07-21,27.17
21/09/2024,New Zealand,21,Tate McDermott,1998-09-18,26.01
21/09/2024,New Zealand,10,Noah Lolesio,1999-12-18,24.76
21/09/2024,New Zealand,5,Jeremy Williams,2000-12-02,23.8
21/09/2024,New Zealand,11,Marika Koroibete,1992-07-26,32.16
21/09/2024,New Zealand,16,Brandon Paenga-Amosa,1995-12-25,28.74
21/09/2024,New Zealand,23,Dylan Pietsch,1998-04-23,26.42
21/09/2024,New Zealand,17,James Slipper,1989-06-06,35.29
21/09/2024,New Zealand,22,Tom Lynagh,2003-04-14,21.44
21/09/2024,New Zealand,1,Angus Bell,2000-10-04,23.96
28/09/2024,New Zealand,2,Matt Faessler,1998-12-21,25.77
28/09/2024,New Zealand,14,Andrew Kellaway,1995-10-12,28.96
28/09/2024,New Zealand,17,Isaac Aedo Kailea,2000-07-13,24.21
28/09/2024,New Zealand,4,Nick Frost,1999-10-10,24.97
28/09/2024,New Zealand,8,Harry Wilson,1999-11-22,24.85
28/09/2024,New Zealand,9,Jake Gordon,1993-07-06,31.23
28/09/2024,New Zealand,18,Allan Alaalatoa,1994-01-28,30.67
28/09/2024,New Zealand,3,Taniela Tupou,1996-05-10,28.39
28/09/2024,New Zealand,13,Len Ikitau,1998-10-01,25.99
28/09/2024,New Zealand,7,Fraser McReight,1999-02-19,25.61
28/09/2024,New Zealand,6,Rob Valetini,1998-09-03,26.07
28/09/2024,New Zealand,20,Langi Gleeson,2001-07-21,23.19
28/09/2024,New Zealand,19,Lukhan Salakaia-Loto,1996-09-19,28.03
28/09/2024,New Zealand,12,Hunter Paisami,1998-04-10,26.47
28/09/2024,New Zealand,15,Tom Wright,1997-07-21,27.19
28/09/2024,New Zealand,21,Tate McDermott,1998-09-18,26.03
28/09/2024,New Zealand,10,Noah Lolesio,1999-12-18,24.78
28/09/2024,New Zealand,5,Jeremy Williams,2000-12-02,23.82
28/09/2024,New Zealand,22,Ben Donaldson,1999-04-04,25.49
28/09/2024,New Zealand,16,Brandon Paenga-Amosa,1995-12-25,28.76
28/09/2024,New Zealand,11,Dylan Pietsch,1998-04-23,26.43
28/09/2024,New Zealand,23,Josh Flook,2001-09-22,23.02
28/09/2024,New Zealand,1,Angus Bell,2000-10-04,23.98
09/11/2024,England,2,Matt Faessler,1998-12-21,25.89
09/11/2024,England,14,Andrew Kellaway,1995-10-12,29.08
09/11/2024,England,23,Max Jorgensen,2004-09-02,20.19
09/11/2024,England,4,Nick Frost,1999-10-10,25.08
09/11/2024,England,8,Harry Wilson,1999-11-22,24.97
09/11/2024,England,9,Jake Gordon,1993-07-06,31.35
09/11/2024,England,18,Allan Alaalatoa,1994-01-28,30.78
09/11/2024,England,3,Taniela Tupou,1996-05-10,28.5
09/11/2024,England,12,Len Ikitau,1998-10-01,26.11
09/11/2024,England,7,Fraser McReight,1999-02-19,25.72
09/11/2024,England,6,Rob Valetini,1998-09-03,26.19
09/11/2024,England,20,Langi Gleeson,2001-07-21,23.31
09/11/2024,England,19,Lukhan Salakaia-Loto,1996-09-19,28.14
09/11/2024,England,15,Tom Wright,1997-07-21,27.31
09/11/2024,England,13,Joseph Suaalii,2003-08-01,21.28
09/11/2024,England,21,Tate McDermott,1998-09-18,26.14
09/11/2024,England,10,Noah Lolesio,1999-12-18,24.9
09/11/2024,England,5,Jeremy Williams,2000-12-02,23.94
09/11/2024,England,22,Ben Donaldson,1999-04-04,25.6
09/11/2024,England,16,Brandon Paenga-Amosa,1995-12-25,28.88
09/11/2024,England,11,Dylan Pietsch,1998-04-23,26.55
09/11/2024,England,17,James Slipper,1989-06-06,35.43
09/11/2024,England,1,Angus Bell,2000-10-04,24.1
17/11/2024,Wales,2,Matt Faessler,1998-12-21,25.91
17/11/2024,Wales,14,Andrew Kellaway,1995-10-12,29.1
17/11/2024,Wales,11,Max Jorgensen,2004-09-02,20.21
17/11/2024,Wales,9,Nic White,1990-06-13,34.43
17/11/2024,Wales,4,Nick Frost,1999-10-10,25.11
17/11/2024,Wales,3,Allan Alaalatoa,1994-01-28,30.8
17/11/2024,Wales,13,Len Ikitau,1998-10-01,26.13
17/11/2024,Wales,7,Fraser McReight,1999-02-19,25.74
17/11/2024,Wales,8,Rob Valetini,1998-09-03,26.21
17/11/2024,Wales,20,Langi Gleeson,2001-07-21,23.33
17/11/2024,Wales,19,Lukhan Salakaia-Loto,1996-09-19,28.16
17/11/2024,Wales,6,Seru Uru,1997-01-03,27.87
17/11/2024,Wales,15,Tom Wright,1997-07-21,27.33
17/11/2024,Wales,23,Joseph Suaalii,2003-08-01,21.3
17/11/2024,Wales,21,Tate McDermott,1998-09-18,26.17
17/11/2024,Wales,5,Will Skelton,1992-05-03,32.54
17/11/2024,Wales,18,Zane Nonggorr,2001-03-30,23.64
17/11/2024,Wales,10,Noah Lolesio,1999-12-18,24.92
17/11/2024,Wales,22,Ben Donaldson,1999-04-04,25.62
17/11/2024,Wales,16,Brandon Paenga-Amosa,1995-12-25,28.9
17/11/2024,Wales,17,James Slipper,1989-06-06,35.45
17/11/2024,Wales,12,Samu Kerevi,1993-09-27,31.14
17/11/2024,Wales,1,Angus Bell,2000-10-04,24.12
24/11/2024,Scotland,14,Andrew Kellaway,1995-10-12,29.12
24/11/2024,Scotland,23,Max Jorgensen,2004-09-02,20.23
24/11/2024,Scotland,17,Isaac Aedo Kailea,2000-07-13,24.37
24/11/2024,Scotland,19,Nick Frost,1999-10-10,25.13
24/11/2024,Scotland,8,Harry Wilson,1999-11-22,25.01
24/11/2024,Scotland,9,Jake Gordon,1993-07-06,31.39
24/11/2024,Scotland,3,Allan Alaalatoa,1994-01-28,30.82
24/11/2024,Scotland,16,Billy Pollard,2001-12-09,22.96
24/11/2024,Scotland,12,Len Ikitau,1998-10-01,26.15
24/11/2024,Scotland,6,Rob Valetini,1998-09-03,26.23
24/11/2024,Scotland,20,Langi Gleeson,2001-07-21,23.35
24/11/2024,Scotland,4,Lukhan Salakaia-Loto,1996-09-19,28.18
24/11/2024,Scotland,15,Tom Wright,1997-07-21,27.35
24/11/2024,Scotland,13,Joseph Suaalii,2003-08-01,21.32
24/11/2024,Scotland,21,Tate McDermott,1998-09-18,26.19
24/11/2024,Scotland,5,Will Skelton,1992-05-03,32.56
24/11/2024,Scotland,7,Carlo Tizzano,2000-02-02,24.81
24/11/2024,Scotland,18,Zane Nonggorr,2001-03-30,23.66
24/11/2024,Scotland,10,Noah Lolesio,1999-12-18,24.94
24/11/2024,Scotland,22,Ben Donaldson,1999-04-04,25.64
24/11/2024,Scotland,2,Brandon Paenga-Amosa,1995-12-25,28.92
24/11/2024,Scotland,11,Harry Potter,1997-12-15,26.94
24/11/2024,Scotland,1,Angus Bell,2000-10-04,24.14
30/11/2024,Ireland,14,Andrew Kellaway,1995-10-12,29.14
30/11/2024,Ireland,11,Max Jorgensen,2004-09-02,20.24
30/11/2024,Ireland,17,Isaac Aedo Kailea,2000-07-13,24.38
30/11/2024,Ireland,22,Tane Edmed,2000-08-16,24.29
30/11/2024,Ireland,4,Nick Frost,1999-10-10,25.14
30/11/2024,Ireland,8,Harry Wilson,1999-11-22,25.02
30/11/2024,Ireland,9,Jake Gordon,1993-07-06,31.4
30/11/2024,Ireland,18,Allan Alaalatoa,1994-01-28,30.84
30/11/2024,Ireland,3,Taniela Tupou,1996-05-10,28.56
30/11/2024,Ireland,16,Billy Pollard,2001-12-09,22.98
30/11/2024,Ireland,12,Len Ikitau,1998-10-01,26.17
30/11/2024,Ireland,7,Fraser McReight,1999-02-19,25.78
30/11/2024,Ireland,6,Rob Valetini,1998-09-03,26.24
30/11/2024,Ireland,20,Langi Gleeson,2001-07-21,23.36
30/11/2024,Ireland,19,Lukhan Salakaia-Loto,1996-09-19,28.2
30/11/2024,Ireland,15,Tom Wright,1997-07-21,27.36
30/11/2024,Ireland,13,Joseph Suaalii,2003-08-01,21.33
30/11/2024,Ireland,21,Tate McDermott,1998-09-18,26.2
30/11/2024,Ireland,10,Noah Lolesio,1999-12-18,24.95
30/11/2024,Ireland,5,Jeremy Williams,2000-12-02,24.0
30/11/2024,Ireland,2,Brandon Paenga-Amosa,1995-12-25,28.93
30/11/2024,Ireland,23,Harry Potter,1997-12-15,26.96
30/11/2024,Ireland,1,James Slipper,1989-06-06,35.49
06/07/2025,Fiji,11,Max Jorgensen,2004-09-02,20.84
06/07/2025,Fiji,21,Nic White,1990-06-13,35.06
06/07/2025,Fiji,19,Tom Hooper,2001-01-29,24.43
06/07/2025,Fiji,4,Nick Frost,1999-10-10,25.74
06/07/2025,Fiji,8,Harry Wilson,1999-11-22,25.62
06/07/2025,Fiji,3,Allan Alaalatoa,1994-01-28,31.44
06/07/2025,Fiji,2,David Porecki,1992-10-23,32.7
06/07/2025,Fiji,16,Billy Pollard,2001-12-09,23.57
06/07/2025,Fiji,12,Len Ikitau,1998-10-01,26.76
06/07/2025,Fiji,7,Fraser McReight,1999-02-19,26.38
06/07/2025,Fiji,6,Langi Gleeson,2001-07-21,23.96
06/07/2025,Fiji,15,Tom Wright,1997-07-21,27.96
06/07/2025,Fiji,13,Joseph Suaalii,2003-08-01,21.93
06/07/2025,Fiji,9,Tate McDermott,1998-09-18,26.8
06/07/2025,Fiji,20,Carlo Tizzano,2000-02-02,25.42
06/07/2025,Fiji,18,Zane Nonggorr,2001-03-30,24.27
06/07/2025,Fiji,10,Noah Lolesio,1999-12-18,25.55
06/07/2025,Fiji,5,Jeremy Williams,2000-12-02,24.59
06/07/2025,Fiji,22,Ben Donaldson,1999-04-04,26.26
06/07/2025,Fiji,23,Filipo Daugunu,1995-03-04,30.34
06/07/2025,Fiji,14,Harry Potter,1997-12-15,27.56
06/07/2025,Fiji,1,James Slipper,1989-06-06,36.08
06/07/2025,Fiji,17,Angus Bell,2000-10-04,24.75
19/07/2025,British & Irish Lions,2,Matt Faessler,1998-12-21,26.58
19/07/2025,British & Irish Lions,23,Andrew Kellaway,1995-10-12,29.77
19/07/2025,British & Irish Lions,14,Max Jorgensen,2004-09-02,20.88
19/07/2025,British & Irish Lions,19,Tom Hooper,2001-01-29,24.47
19/07/2025,British & Irish Lions,4,Nick Frost,1999-10-10,25.77
19/07/2025,British & Irish Lions,8,Harry Wilson,1999-11-22,25.66
19/07/2025,British & Irish Lions,9,Jake Gordon,1993-07-06,32.04
19/07/2025,British & Irish Lions,3,Allan Alaalatoa,1994-01-28,31.47
19/07/2025,British & Irish Lions,16,Billy Pollard,2001-12-09,23.61
19/07/2025,British & Irish Lions,6,Nick Champion de Crespigny,1996-06-27,29.06
19/07/2025,British & Irish Lions,12,Len Ikitau,1998-10-01,26.8
19/07/2025,British & Irish Lions,18,Tom Robertson,1994-08-28,30.89
19/07/2025,British & Irish Lions,7,Fraser McReight,1999-02-19,26.41
19/07/2025,British & Irish Lions,15,Tom Wright,1997-07-21,28.0
19/07/2025,British & Irish Lions,13,Joseph Suaalii,2003-08-01,21.97
19/07/2025,British & Irish Lions,21,Tate McDermott,1998-09-18,26.83
19/07/2025,British & Irish Lions,20,Carlo Tizzano,2000-02-02,25.46
19/07/2025,British & Irish Lions,5,Jeremy Williams,2000-12-02,24.63
19/07/2025,British & Irish Lions,22,Ben Donaldson,1999-04-04,26.29
19/07/2025,British & Irish Lions,11,Harry Potter,1997-12-15,27.59
19/07/2025,British & Irish Lions,1,James Slipper,1989-06-06,36.12
19/07/2025,British & Irish Lions,10,Tom Lynagh,2003-04-14,22.26
19/07/2025,British & Irish Lions,17,Angus Bell,2000-10-04,24.79
26/07/2025,British & Irish Lions,14,Max Jorgensen,2004-09-02,20.9
26/07/2025,British & Irish Lions,4,Nick Frost,1999-10-10,25.79
26/07/2025,British & Irish Lions,8,Harry Wilson,1999-11-22,25.68
26/07/2025,British & Irish Lions,9,Jake Gordon,1993-07-06,32.06
26/07/2025,British & Irish Lions,3,Allan Alaalatoa,1994-01-28,31.49
26/07/2025,British & Irish Lions,2,David Porecki,1992-10-23,32.76
26/07/2025,British & Irish Lions,16,Billy Pollard,2001-12-09,23.63
26/07/2025,British & Irish Lions,12,Len Ikitau,1998-10-01,26.82
26/07/2025,British & Irish Lions,18,Tom Robertson,1994-08-28,30.91
26/07/2025,British & Irish Lions,7,Fraser McReight,1999-02-19,26.43
26/07/2025,British & Irish Lions,6,Rob Valetini,1998-09-03,26.89
26/07/2025,British & Irish Lions,20,Langi Gleeson,2001-07-21,24.01
26/07/2025,British & Irish Lions,15,Tom Wright,1997-07-21,28.01
26/07/2025,British & Irish Lions,13,Joseph Suaalii,2003-08-01,21.99
26/07/2025,British & Irish Lions,22,Tate McDermott,1998-09-18,26.85
26/07/2025,British & Irish Lions,5,Will Skelton,1992-05-03,33.23
26/07/2025,British & Irish Lions,21,Carlo Tizzano,2000-02-02,25.48
26/07/2025,British & Irish Lions,19,Jeremy Williams,2000-12-02,24.65
26/07/2025,British & Irish Lions,23,Ben Donaldson,1999-04-04,26.31
26/07/2025,British & Irish Lions,11,Harry Potter,1997-12-15,27.61
26/07/2025,British & Irish Lions,1,James Slipper,1989-06-06,36.14
26/07/2025,British & Irish Lions,10,Tom Lynagh,2003-04-14,22.28
26/07/2025,British & Irish Lions,17,Angus Bell,2000-10-04,24.81
02/08/2025,British & Irish Lions,23,Andrew Kellaway,1995-10-12,29.81
02/08/2025,British & Irish Lions,14,Max Jorgensen,2004-09-02,20.91
02/08/2025,British & Irish Lions,9,Nic White,1990-06-13,35.14
02/08/2025,British & Irish Lions,6,Tom Hooper,2001-01-29,24.51
02/08/2025,British & Irish Lions,4,Nick Frost,1999-10-10,25.81
02/08/2025,British & Irish Lions,8,Harry Wilson,1999-11-22,25.7
02/08/2025,British & Irish Lions,3,Taniela Tupou,1996-05-10,29.23
02/08/2025,British & Irish Lions,2,Billy Pollard,2001-12-09,23.65
02/08/2025,British & Irish Lions,12,Len Ikitau,1998-10-01,26.84
02/08/2025,British & Irish Lions,7,Fraser McReight,1999-02-19,26.45
02/08/2025,British & Irish Lions,20,Langi Gleeson,2001-07-21,24.03
02/08/2025,British & Irish Lions,15,Tom Wright,1997-07-21,28.03
02/08/2025,British & Irish Lions,13,Joseph Suaalii,2003-08-01,22.0
02/08/2025,British & Irish Lions,21,Tate McDermott,1998-09-18,26.87
02/08/2025,British & Irish Lions,5,Will Skelton,1992-05-03,33.25
02/08/2025,British & Irish Lions,18,Zane Nonggorr,2001-03-30,24.34
02/08/2025,British & Irish Lions,19,Jeremy Williams,2000-12-02,24.67
02/08/2025,British & Irish Lions,22,Ben Donaldson,1999-04-04,26.33
02/08/2025,British & Irish Lions,16,Brandon Paenga-Amosa,1995-12-25,29.6
02/08/2025,British & Irish Lions,11,Dylan Pietsch,1998-04-23,27.28
02/08/2025,British & Irish Lions,1,James Slipper,1989-06-06,36.16
02/08/2025,British & Irish Lions,10,Tom Lynagh,2003-04-14,22.3
02/08/2025,British & Irish Lions,17,Angus Bell,2000-10-04,24.83
16/08/2025,South Africa,23,Andrew Kellaway,1995-10-12,29.85
16/08/2025,South Africa,14,Max Jorgensen,2004-09-02,20.95
16/08/2025,South Africa,9,Nic White,1990-06-13,35.18
16/08/2025,South Africa,6,Tom Hooper,2001-01-29,24.55
16/08/2025,South Africa,22,Tane Edmed,2000-08-16,25.0
16/08/2025,South Africa,4,Nick Frost,1999-10-10,25.85
16/08/2025,South Africa,8,Harry Wilson,1999-11-22,25.73
16/08/2025,South Africa,3,Taniela Tupou,1996-05-10,29.27
16/08/2025,South Africa,2,Billy Pollard,2001-12-09,23.69
16/08/2025,South Africa,12,Len Ikitau,1998-10-01,26.88
16/08/2025,South Africa,7,Fraser McReight,1999-02-19,26.49
16/08/2025,South Africa,20,Langi Gleeson,2001-07-21,24.07
16/08/2025,South Africa,15,Tom Wright,1997-07-21,28.07
16/08/2025,South Africa,13,Joseph Suaalii,2003-08-01,22.04
16/08/2025,South Africa,21,Tate McDermott,1998-09-18,26.91
16/08/2025,South Africa,5,Will Skelton,1992-05-03,33.29
16/08/2025,South Africa,18,Zane Nonggorr,2001-03-30,24.38
16/08/2025,South Africa,19,Jeremy Williams,2000-12-02,24.7
16/08/2025,South Africa,16,Brandon Paenga-Amosa,1995-12-25,29.64
16/08/2025,South Africa,10,James O'Connor,1990-07-05,35.12
16/08/2025,South Africa,11,Dylan Pietsch,1998-04-23,27.32
16/08/2025,South Africa,1,James Slipper,1989-06-06,36.2
16/08/2025,South Africa,17,Angus Bell,2000-10-04,24.87
23/08/2025,South Africa,23,Andrew Kellaway,1995-10-12,29.87
23/08/2025,South Africa,14,Max Jorgensen,2004-09-02,20.97
23/08/2025,South Africa,9,Nic White,1990-06-13,35.2
23/08/2025,South Africa,6,Tom Hooper,2001-01-29,24.56
23/08/2025,South Africa,22,Tane Edmed,2000-08-16,25.02
23/08/2025,South Africa,11,Corey Toole,2000-03-07,25.46
23/08/2025,South Africa,4,Nick Frost,1999-10-10,25.87
23/08/2025,South Africa,3,Taniela Tupou,1996-05-10,29.29
23/08/2025,South Africa,2,Billy Pollard,2001-12-09,23.7
23/08/2025,South Africa,20,Nick Champion de Crespigny,1996-06-27,29.16
23/08/2025,South Africa,12,Len Ikitau,1998-10-01,26.89
23/08/2025,South Africa,1,Tom Robertson,1994-08-28,30.99
23/08/2025,South Africa,7,Fraser McReight,1999-02-19,26.51
23/08/2025,South Africa,8,Rob Valetini,1998-09-03,26.97
23/08/2025,South Africa,15,Tom Wright,1997-07-21,28.09
23/08/2025,South Africa,13,Joseph Suaalii,2003-08-01,22.06
23/08/2025,South Africa,21,Tate McDermott,1998-09-18,26.93
23/08/2025,South Africa,5,Will Skelton,1992-05-03,33.31
23/08/2025,South Africa,18,Zane Nonggorr,2001-03-30,24.4
23/08/2025,South Africa,19,Jeremy Williams,2000-12-02,24.72
23/08/2025,South Africa,16,Brandon Paenga-Amosa,1995-12-25,29.66
23/08/2025,South Africa,10,James O'Connor,1990-07-05,35.14
23/08/2025,South Africa,17,Angus Bell,2000-10-04,24.88
06/09/2025,Argentina,15,Andrew Kellaway,1995-10-12,29.9
06/09/2025,Argentina,14,Max Jorgensen,2004-09-02,21.01
06/09/2025,Argentina,9,Nic White,1990-06-13,35.23
06/09/2025,Argentina,5,Tom Hooper,2001-01-29,24.6
06/09/2025,Argentina,11,Corey Toole,2000-03-07,25.5
06/09/2025,Argentina,4,Nick Frost,1999-10-10,25.91
06/09/2025,Argentina,8,Harry Wilson,1999-11-22,25.79
06/09/2025,Argentina,3,Taniela Tupou,1996-05-10,29.33
06/09/2025,Argentina,2,Billy Pollard,2001-12-09,23.74
06/09/2025,Argentina,12,Len Ikitau,1998-10-01,26.93
06/09/2025,Argentina,1,Tom Robertson,1994-08-28,31.03
06/09/2025,Argentina,7,Fraser McReight,1999-02-19,26.55
06/09/2025,Argentina,6,Rob Valetini,1998-09-03,27.01
06/09/2025,Argentina,13,Joseph Suaalii,2003-08-01,22.1
06/09/2025,Argentina,21,Tate McDermott,1998-09-18,26.97
06/09/2025,Argentina,20,Carlo Tizzano,2000-02-02,25.59
06/09/2025,Argentina,18,Zane Nonggorr,2001-03-30,24.44
06/09/2025,Argentina,19,Jeremy Williams,2000-12-02,24.76
06/09/2025,Argentina,16,Brandon Paenga-Amosa,1995-12-25,29.7
06/09/2025,Argentina,22,James O'Connor,1990-07-05,35.17
06/09/2025,Argentina,23,Filipo Daugunu,1995-03-04,30.51
06/09/2025,Argentina,10,Tom Lynagh,2003-04-14,22.4
06/09/2025,Argentina,17,Angus Bell,2000-10-04,24.92
13/09/2025,Argentina,15,Andrew Kellaway,1995-10-12,29.92
13/09/2025,Argentina,14,Max Jorgensen,2004-09-02,21.03
13/09/2025,Argentina,9,Nic White,1990-06-13,35.25
13/09/2025,Argentina,5,Tom Hooper,2001-01-29,24.62
13/09/2025,Argentina,10,Tane Edmed,2000-08-16,25.08
13/09/2025,Argentina,11,Corey Toole,2000-03-07,25.52
13/09/2025,Argentina,8,Harry Wilson,1999-11-22,25.81
13/09/2025,Argentina,3,Taniela Tupou,1996-05-10,29.34
13/09/2025,Argentina,2,Billy Pollard,2001-12-09,23.76
13/09/2025,Argentina,7,Fraser McReight,1999-02-19,26.57
13/09/2025,Argentina,6,Rob Valetini,1998-09-03,27.03
13/09/2025,Argentina,19,Lukhan Salakaia-Loto,1996-09-19,28.98
13/09/2025,Argentina,12,Hunter Paisami,1998-04-10,27.43
13/09/2025,Argentina,13,Joseph Suaalii,2003-08-01,22.12
13/09/2025,Argentina,21,Tate McDermott,1998-09-18,26.99
13/09/2025,Argentina,20,Carlo Tizzano,2000-02-02,25.61
13/09/2025,Argentina,18,Zane Nonggorr,2001-03-30,24.46
13/09/2025,Argentina,4,Jeremy Williams,2000-12-02,24.78
13/09/2025,Argentina,22,James O'Connor,1990-07-05,35.19
13/09/2025,Argentina,23,Filipo Daugunu,1995-03-04,30.53
13/09/2025,Argentina,1,James Slipper,1989-06-06,36.27
13/09/2025,Argentina,16,Josh Nasser,1999-06-23,26.23
13/09/2025,Argentina,17,Angus Bell,2000-10-04,24.94
27/09/2025,New Zealand,15,Max Jorgensen,2004-09-02,21.07
27/09/2025,New Zealand,6,Tom Hooper,2001-01-29,24.66
27/09/2025,New Zealand,22,Tane Edmed,2000-08-16,25.11
27/09/2025,New Zealand,11,Corey Toole,2000-03-07,25.56
27/09/2025,New Zealand,4,Nick Frost,1999-10-10,25.97
27/09/2025,New Zealand,8,Harry Wilson,1999-11-22,25.85
27/09/2025,New Zealand,18,Allan Alaalatoa,1994-01-28,31.66
27/09/2025,New Zealand,3,Taniela Tupou,1996-05-10,29.38
27/09/2025,New Zealand,2,Billy Pollard,2001-12-09,23.8
27/09/2025,New Zealand,12,Len Ikitau,1998-10-01,26.99
27/09/2025,New Zealand,7,Fraser McReight,1999-02-19,26.6
27/09/2025,New Zealand,5,Lukhan Salakaia-Loto,1996-09-19,29.02
27/09/2025,New Zealand,13,Joseph Suaalii,2003-08-01,22.16
27/09/2025,New Zealand,9,Tate McDermott,1998-09-18,27.03
27/09/2025,New Zealand,20,Carlo Tizzano,2000-02-02,25.65
27/09/2025,New Zealand,19,Jeremy Williams,2000-12-02,24.82
27/09/2025,New Zealand,16,Brandon Paenga-Amosa,1995-12-25,29.76
27/09/2025,New Zealand,10,James O'Connor,1990-07-05,35.23
27/09/2025,New Zealand,23,Filipo Daugunu,1995-03-04,30.57
27/09/2025,New Zealand,14,Harry Potter,1997-12-15,27.78
27/09/2025,New Zealand,1,James Slipper,1989-06-06,36.31
27/09/2025,New Zealand,17,Angus Bell,2000-10-04,24.98
27/09/2025,New Zealand,21,Ryan Lonergan,1998-04-06,27.48
04/10/2025,New Zealand,18,Taniela Tupou,1996-05-10,29.4
04/10/2025,New Zealand,2,Billy Pollard,2001-12-09,23.82
04/10/2025,New Zealand,12,Len Ikitau,1998-10-01,27.01
04/10/2025,New Zealand,17,Tom Robertson,1994-08-28,31.1
04/10/2025,New Zealand,7,Fraser McReight,1999-02-19,26.62
04/10/2025,New Zealand,20,Rob Valetini,1998-09-03,27.09
04/10/2025,New Zealand,13,Joseph Suaalii,2003-08-01,22.18
04/10/2025,New Zealand,5,Will Skelton,1992-05-03,33.42
04/10/2025,New Zealand,19,Jeremy Williams,2000-12-02,24.84
04/10/2025,New Zealand,22,James O'Connor,1990-07-05,35.25
04/10/2025,New Zealand,11,Filipo Daugunu,1995-03-04,30.59
04/10/2025,New Zealand,23,Josh Flook,2001-09-22,24.03
04/10/2025,New Zealand,14,Harry Potter,1997-12-15,27.8
04/10/2025,New Zealand,1,James Slipper,1989-06-06,36.33
04/10/2025,New Zealand,16,Josh Nasser,1999-06-23,26.28
04/10/2025,New Zealand,21,Ryan Lonergan,1998-04-06,27.5
04/10/2025,New Zealand,15,Max Jorgensen,2004-09-02,21.09
04/10/2025,New Zealand,6,Tom Hooper,2001-01-29,24.68
04/10/2025,New Zealand,10,Tane Edmed,2000-08-16,25.13
04/10/2025,New Zealand,4,Nick Frost,1999-10-10,25.99
04/10/2025,New Zealand,8,Harry Wilson,1999-11-22,25.87
04/10/2025,New Zealand,9,Jake Gordon,1993-07-06,32.25
04/10/2025,New Zealand,3,Allan Alaalatoa,1994-01-28,31.68
25/10/2025,Japan,15,Andrew Kellaway,1995-10-12,30.04
25/10/2025,Japan,10,Tane Edmed,2000-08-16,25.19
25/10/2025,Japan,14,Corey Toole,2000-03-07,25.64
25/10/2025,Japan,20,Harry Wilson,1999-11-22,25.93
25/10/2025,Japan,9,Jake Gordon,1993-07-06,32.3
25/10/2025,Japan,16,Billy Pollard,2001-12-09,23.88
25/10/2025,Japan,6,Nick Champion de Crespigny,1996-06-27,29.33
25/10/2025,Japan,19,Josh Canham,2001-02-01,24.73
25/10/2025,Japan,18,Tom Robertson,1994-08-28,31.16
25/10/2025,Japan,8,Rob Valetini,1998-09-03,27.14
25/10/2025,Japan,5,Lukhan Salakaia-Loto,1996-09-19,29.1
25/10/2025,Japan,12,Hunter Paisami,1998-04-10,27.54
25/10/2025,Japan,7,Carlo Tizzano,2000-02-02,25.73
25/10/2025,Japan,3,Zane Nonggorr,2001-03-30,24.57
25/10/2025,Japan,4,Jeremy Williams,2000-12-02,24.9
25/10/2025,Japan,23,Filipo Daugunu,1995-03-04,30.65
25/10/2025,Japan,11,Dylan Pietsch,1998-04-23,27.51
25/10/2025,Japan,13,Josh Flook,2001-09-22,24.09
25/10/2025,Japan,17,Aidan Ross,1995-10-25,30.0
25/10/2025,Japan,22,Hamish Stewart,1998-03-03,27.65
25/10/2025,Japan,2,Josh Nasser,1999-06-23,26.34
25/10/2025,Japan,1,Angus Bell,2000-10-04,25.06
25/10/2025,Japan,21,Ryan Lonergan,1998-04-06,27.55
01/11/2025,England,15,Andrew Kellaway,1995-10-12,30.06
01/11/2025,England,14,Max Jorgensen,2004-09-02,21.16
01/11/2025,England,10,Tane Edmed,2000-08-16,25.21
01/11/2025,England,4,Nick Frost,1999-10-10,26.06
01/11/2025,England,8,Harry Wilson,1999-11-22,25.94
01/11/2025,England,9,Jake Gordon,1993-07-06,32.32
01/11/2025,England,18,Allan Alaalatoa,1994-01-28,31.76
01/11/2025,England,3,Taniela Tupou,1996-05-10,29.48
01/11/2025,England,2,Billy Pollard,2001-12-09,23.9
01/11/2025,England,20,Nick Champion de Crespigny,1996-06-27,29.35
01/11/2025,England,17,Tom Robertson,1994-08-28,31.18
01/11/2025,England,7,Fraser McReight,1999-02-19,26.7
01/11/2025,England,6,Rob Valetini,1998-09-03,27.16
01/11/2025,England,19,Lukhan Salakaia-Loto,1996-09-19,29.12
01/11/2025,England,12,Hunter Paisami,1998-04-10,27.56
01/11/2025,England,13,Joseph Suaalii,2003-08-01,22.25
01/11/2025,England,5,Jeremy Williams,2000-12-02,24.91
01/11/2025,England,23,Filipo Daugunu,1995-03-04,30.66
01/11/2025,England,22,Hamish Stewart,1998-03-03,27.67
01/11/2025,England,11,Harry Potter,1997-12-15,27.88
01/11/2025,England,16,Josh Nasser,1999-06-23,26.36
01/11/2025,England,1,Angus Bell,2000-10-04,25.08
01/11/2025,England,21,Ryan Lonergan,1998-04-06,27.57
08/11/2025,Italy,2,Matt Faessler,1998-12-21,26.88
08/11/2025,Italy,15,Andrew Kellaway,1995-10-12,30.08
08/11/2025,Italy,6,Tom Hooper,2001-01-29,24.78
08/11/2025,Italy,22,Tane Edmed,2000-08-16,25.23
08/11/2025,Italy,14,Corey Toole,2000-03-07,25.67
08/11/2025,Italy,4,Nick Frost,1999-10-10,26.08
08/11/2025,Italy,8,Harry Wilson,1999-11-22,25.96
08/11/2025,Italy,9,Jake Gordon,1993-07-06,32.34
08/11/2025,Italy,3,Taniela Tupou,1996-05-10,29.5
08/11/2025,Italy,16,Billy Pollard,2001-12-09,23.92
08/11/2025,Italy,7,Fraser McReight,1999-02-19,26.72
08/11/2025,Italy,19,Rob Valetini,1998-09-03,27.18
08/11/2025,Italy,10,Carter Gordon,2001-01-29,24.78
08/11/2025,Italy,12,Hunter Paisami,1998-04-10,27.58
08/11/2025,Italy,13,Joseph Suaalii,2003-08-01,22.27
08/11/2025,Italy,20,Pete Samu,1991-12-17,33.9
08/11/2025,Italy,18,Zane Nonggorr,2001-03-30,24.61
08/11/2025,Italy,5,Jeremy Williams,2000-12-02,24.93
08/11/2025,Italy,23,Filipo Daugunu,1995-03-04,30.68
08/11/2025,Italy,17,Aidan Ross,1995-10-25,30.04
08/11/2025,Italy,11,Harry Potter,1997-12-15,27.9
08/11/2025,Italy,1,Angus Bell,2000-10-04,25.1
08/11/2025,Italy,21,Ryan Lonergan,1998-04-06,27.59
15/11/2025,Ireland,2,Matt Faessler,1998-12-21,26.9
15/11/2025,Ireland,23,Andrew Kellaway,1995-10-12,30.1
15/11/2025,Ireland,15,Max Jorgensen,2004-09-02,21.2
15/11/2025,Ireland,5,Tom Hooper,2001-01-29,24.79
15/11/2025,Ireland,22,Tane Edmed,2000-08-16,25.25
15/11/2025,Ireland,19,Nick Frost,1999-10-10,26.1
15/11/2025,Ireland,8,Harry Wilson,1999-11-22,25.98
15/11/2025,Ireland,9,Jake Gordon,1993-07-06,32.36
15/11/2025,Ireland,3,Allan Alaalatoa,1994-01-28,31.8
15/11/2025,Ireland,16,Billy Pollard,2001-12-09,23.93
15/11/2025,Ireland,12,Len Ikitau,1998-10-01,27.12
15/11/2025,Ireland,17,Tom Robertson,1994-08-28,31.22
15/11/2025,Ireland,7,Fraser McReight,1999-02-19,26.74
15/11/2025,Ireland,6,Rob Valetini,1998-09-03,27.2
15/11/2025,Ireland,13,Joseph Suaalii,2003-08-01,22.29
15/11/2025,Ireland,20,Carlo Tizzano,2000-02-02,25.79
15/11/2025,Ireland,18,Zane Nonggorr,2001-03-30,24.63
15/11/2025,Ireland,4,Jeremy Williams,2000-12-02,24.95
15/11/2025,Ireland,10,James O'Connor,1990-07-05,35.37
15/11/2025,Ireland,14,Filipo Daugunu,1995-03-04,30.7
15/11/2025,Ireland,11,Harry Potter,1997-12-15,27.92
15/11/2025,Ireland,1,Angus Bell,2000-10-04,25.11
15/11/2025,Ireland,21,Ryan Lonergan,1998-04-06,27.61
22/11/2025,France,2,Matt Faessler,1998-12-21,26.92
22/11/2025,France,15,Max Jorgensen,2004-09-02,21.22
22/11/2025,France,6,Tom Hooper,2001-01-29,24.81
22/11/2025,France,10,Tane Edmed,2000-08-16,25.27
22/11/2025,France,4,Nick Frost,1999-10-10,26.12
22/11/2025,France,8,Harry Wilson,1999-11-22,26.0
22/11/2025,France,9,Jake Gordon,1993-07-06,32.38
22/11/2025,France,18,Allan Alaalatoa,1994-01-28,31.82
22/11/2025,France,3,Taniela Tupou,1996-05-10,29.54
22/11/2025,France,12,Len Ikitau,1998-10-01,27.14
22/11/2025,France,7,Fraser McReight,1999-02-19,26.76
22/11/2025,France,19,Rob Valetini,1998-09-03,27.22
22/11/2025,France,13,Joseph Suaalii,2003-08-01,22.31
22/11/2025,France,20,Carlo Tizzano,2000-02-02,25.8
22/11/2025,France,5,Jeremy Williams,2000-12-02,24.97
22/11/2025,France,21,Kalani Thomas,2002-04-18,23.6
22/11/2025,France,23,Filipo Daugunu,1995-03-04,30.72
22/11/2025,France,11,Dylan Pietsch,1998-04-23,27.58
22/11/2025,France,17,Aidan Ross,1995-10-25,30.08
22/11/2025,France,22,Hamish Stewart,1998-03-03,27.72
22/11/2025,France,14,Harry Potter,1997-12-15,27.94
22/11/2025,France,16,Josh Nasser,1999-06-23,26.42
22/11/2025,France,1,Angus Bell,2000-10-04,25.13
04/07/2026,Ireland,15,Jock Campbell,1995-05-17,31.13
04/07/2026,Ireland,14,Max Jorgensen,2004-09-02,21.83
04/07/2026,Ireland,19,Lachlan Shaw,2003-05-15,23.14
04/07/2026,Ireland,20,Tom Hooper,2001-01-29,25.43
04/07/2026,Ireland,8,Harry Wilson,1999-11-22,26.62
04/07/2026,Ireland,3,Allan Alaalatoa,1994-01-28,32.43
04/07/2026,Ireland,18,Taniela Tupou,1996-05-10,30.15
04/07/2026,Ireland,4,Josh Canham,2001-02-01,25.42
04/07/2026,Ireland,12,Len Ikitau,1998-10-01,27.76
04/07/2026,Ireland,7,Fraser McReight,1999-02-19,27.37
04/07/2026,Ireland,6,Rob Valetini,1998-09-03,27.83
04/07/2026,Ireland,10,Carter Gordon,2001-01-29,25.43
04/07/2026,Ireland,23,Tom Wright,1997-07-21,28.95
04/07/2026,Ireland,13,Joseph Suaalii,2003-08-01,22.92
04/07/2026,Ireland,21,Tate McDermott,1998-09-18,27.79
04/07/2026,Ireland,5,Jeremy Williams,2000-12-02,25.59
04/07/2026,Ireland,22,Ben Donaldson,1999-04-04,27.25
04/07/2026,Ireland,16,Brandon Paenga-Amosa,1995-12-25,30.52
04/07/2026,Ireland,11,Dylan Pietsch,1998-04-23,28.2
04/07/2026,Ireland,17,James Slipper,1989-06-06,37.08
04/07/2026,Ireland,2,Josh Nasser,1999-06-23,27.03
04/07/2026,Ireland,1,Angus Bell,2000-10-04,25.75
04/07/2026,Ireland,9,Ryan Lonergan,1998-04-06,28.24
11/07/2026,France,22,Jock Campbell,1995-05-17,31.15
11/07/2026,France,14,Max Jorgensen,2004-09-02,21.85
11/07/2026,France,19,Lachlan Shaw,2003-05-15,23.16
11/07/2026,France,8,Harry Wilson,1999-11-22,26.63
11/07/2026,France,3,Allan Alaalatoa,1994-01-28,32.45
11/07/2026,France,18,Taniela Tupou,1996-05-10,30.17
11/07/2026,France,20,Nick Champion de Crespigny,1996-06-27,30.04
11/07/2026,France,4,Josh Canham,2001-02-01,25.44
11/07/2026,France,12,Len Ikitau,1998-10-01,27.78
11/07/2026,France,7,Fraser McReight,1999-02-19,27.39
11/07/2026,France,6,Rob Valetini,1998-09-03,27.85
11/07/2026,France,15,Tom Wright,1997-07-21,28.97
11/07/2026,France,13,Joseph Suaalii,2003-08-01,22.94
11/07/2026,France,21,Tate McDermott,1998-09-18,27.81
11/07/2026,France,5,Jeremy Williams,2000-12-02,25.6
11/07/2026,France,16,Brandon Paenga-Amosa,1995-12-25,30.54
11/07/2026,France,10,Declan Meredith,1999-06-28,27.04
11/07/2026,France,23,Filipo Daugunu,1995-03-04,31.35
11/07/2026,France,11,Dylan Pietsch,1998-04-23,28.22
11/07/2026,France,17,James Slipper,1989-06-06,37.1
11/07/2026,France,2,Josh Nasser,1999-06-23,27.05
11/07/2026,France,1,Angus Bell,2000-10-04,25.77
11/07/2026,France,9,Ryan Lonergan,1998-04-06,28.26
18/07/2026,Italy,14,Max Jorgensen,2004-09-02,21.87
18/07/2026,Italy,8,Harry Wilson,1999-11-22,26.65
18/07/2026,Italy,3,Allan Alaalatoa,1994-01-28,32.47
18/07/2026,Italy,16,Billy Pollard,2001-12-09,24.61
18/07/2026,Italy,4,Josh Canham,2001-02-01,25.46
18/07/2026,Italy,12,Len Ikitau,1998-10-01,27.8
18/07/2026,Italy,20,Fraser McReight,1999-02-19,27.41
18/07/2026,Italy,6,Rob Valetini,1998-09-03,27.87
18/07/2026,Italy,15,Tom Wright,1997-07-21,28.99
18/07/2026,Italy,13,Joseph Suaalii,2003-08-01,22.96
18/07/2026,Italy,21,Tate McDermott,1998-09-18,27.83
18/07/2026,Italy,19,Miles Amatosero,2002-06-15,24.09
18/07/2026,Italy,7,Carlo Tizzano,2000-02-02,26.46
18/07/2026,Italy,18,Zane Nonggorr,2001-03-30,25.3
18/07/2026,Italy,5,Jeremy Williams,2000-12-02,25.62
18/07/2026,Italy,22,Ben Donaldson,1999-04-04,27.29
18/07/2026,Italy,2,Brandon Paenga-Amosa,1995-12-25,30.56
18/07/2026,Italy,10,Declan Meredith,1999-06-28,27.06
18/07/2026,Italy,23,Filipo Daugunu,1995-03-04,31.37
18/07/2026,Italy,11,Harry Potter,1997-12-15,28.59
18/07/2026,Italy,17,James Slipper,1989-06-06,37.12
18/07/2026,Italy,1,Angus Bell,2000-10-04,25.79
18/07/2026,Italy,9,Ryan Lonergan,1998-04-06,28.28
