date,opposition,shirt,player,dob,age_on_matchday
06/02/2015,Wales,13,Jonathan Joseph,1991-05-21,23.72
06/02/2015,Wales,11,Jonny May,1990-04-01,24.85
06/02/2015,Wales,9,Ben Youngs,1989-09-05,25.42
06/02/2015,Wales,17,Mako Vunipola,1991-01-14,24.06
06/02/2015,Wales,8,Billy Vunipola,1992-11-03,22.26
06/02/2015,Wales,7,Chris Robshaw,1986-06-04,28.68
06/02/2015,Wales,10,George Ford,1993-03-16,21.9
06/02/2015,Wales,3,Dan Cole,1987-05-09,27.75
06/02/2015,Wales,20,Tom Croft,1985-11-07,29.25
06/02/2015,Wales,2,Dylan Hartley,1986-03-24,28.87
06/02/2015,Wales,19,Nick Easter,1978-08-15,36.48
06/02/2015,Wales,12,Luther Burrell,1987-12-06,27.17
06/02/2015,Wales,14,Anthony Watson,1994-02-26,20.94
06/02/2015,Wales,18,Kieran Brookes,1990-08-29,24.44
06/02/2015,Wales,16,Tom Youngs,1987-01-28,28.03
06/02/2015,Wales,21,Richard Wigglesworth,1983-06-09,31.66
06/02/2015,Wales,1,Joe Marler,1990-07-07,24.59
06/02/2015,Wales,6,James Haskell,1985-04-02,29.85
06/02/2015,Wales,22,Danny Cipriani,1987-11-02,27.26
06/02/2015,Wales,15,Mike Brown,1985-09-04,29.42
06/02/2015,Wales,23,Billy Twelvetrees,1988-11-15,26.23
06/02/2015,Wales,4,David Attwood,1987-04-05,27.84
06/02/2015,Wales,5,George Kruis,1990-02-22,24.96
14/02/2015,Italy,13,Jonathan Joseph,1991-05-21,23.74
14/02/2015,Italy,11,Jonny May,1990-04-01,24.87
14/02/2015,Italy,9,Ben Youngs,1989-09-05,25.44
14/02/2015,Italy,17,Mako Vunipola,1991-01-14,24.09
14/02/2015,Italy,8,Billy Vunipola,1992-11-03,22.28
14/02/2015,Italy,7,Chris Robshaw,1986-06-04,28.7
14/02/2015,Italy,10,George Ford,1993-03-16,21.92
14/02/2015,Italy,3,Dan Cole,1987-05-09,27.77
14/02/2015,Italy,20,Tom Croft,1985-11-07,29.27
14/02/2015,Italy,2,Dylan Hartley,1986-03-24,28.9
14/02/2015,Italy,19,Nick Easter,1978-08-15,36.5
14/02/2015,Italy,12,Luther Burrell,1987-12-06,27.19
14/02/2015,Italy,14,Anthony Watson,1994-02-26,20.97
14/02/2015,Italy,18,Kieran Brookes,1990-08-29,24.46
14/02/2015,Italy,16,Tom Youngs,1987-01-28,28.05
14/02/2015,Italy,21,Richard Wigglesworth,1983-06-09,31.69
14/02/2015,Italy,1,Joe Marler,1990-07-07,24.61
14/02/2015,Italy,6,James Haskell,1985-04-02,29.87
14/02/2015,Italy,22,Danny Cipriani,1987-11-02,27.29
14/02/2015,Italy,15,Mike Brown,1985-09-04,29.45
14/02/2015,Italy,23,Billy Twelvetrees,1988-11-15,26.25
14/02/2015,Italy,4,David Attwood,1987-04-05,27.86
14/02/2015,Italy,5,George Kruis,1990-02-22,24.98
01/03/2015,Ireland,13,Jonathan Joseph,1991-05-21,23.78
01/03/2015,Ireland,9,Ben Youngs,1989-09-05,25.48
01/03/2015,Ireland,17,Mako Vunipola,1991-01-14,24.13
01/03/2015,Ireland,8,Billy Vunipola,1992-11-03,22.32
01/03/2015,Ireland,7,Chris Robshaw,1986-06-04,28.74
01/03/2015,Ireland,10,George Ford,1993-03-16,21.96
01/03/2015,Ireland,3,Dan Cole,1987-05-09,27.81
01/03/2015,Ireland,11,Jack Nowell,1993-04-11,21.89
01/03/2015,Ireland,20,Tom Croft,1985-11-07,29.31
01/03/2015,Ireland,2,Dylan Hartley,1986-03-24,28.94
01/03/2015,Ireland,19,Nick Easter,1978-08-15,36.54
01/03/2015,Ireland,12,Luther Burrell,1987-12-06,27.23
01/03/2015,Ireland,14,Anthony Watson,1994-02-26,21.01
01/03/2015,Ireland,16,Tom Youngs,1987-01-28,28.09
01/03/2015,Ireland,21,Richard Wigglesworth,1983-06-09,31.73
01/03/2015,Ireland,1,Joe Marler,1990-07-07,24.65
01/03/2015,Ireland,18,Henry Thomas,1991-10-30,23.34
01/03/2015,Ireland,6,James Haskell,1985-04-02,29.91
01/03/2015,Ireland,22,Danny Cipriani,1987-11-02,27.33
01/03/2015,Ireland,23,Billy Twelvetrees,1988-11-15,26.29
01/03/2015,Ireland,4,David Attwood,1987-04-05,27.9
01/03/2015,Ireland,15,Alex Goode,1988-05-07,26.82
01/03/2015,Ireland,5,George Kruis,1990-02-22,25.02
14/03/2015,Scotland,13,Jonathan Joseph,1991-05-21,23.81
14/03/2015,Scotland,9,Ben Youngs,1989-09-05,25.52
14/03/2015,Scotland,17,Mako Vunipola,1991-01-14,24.16
14/03/2015,Scotland,8,Billy Vunipola,1992-11-03,22.36
14/03/2015,Scotland,7,Chris Robshaw,1986-06-04,28.78
14/03/2015,Scotland,10,George Ford,1993-03-16,21.99
14/03/2015,Scotland,3,Dan Cole,1987-05-09,27.85
14/03/2015,Scotland,11,Jack Nowell,1993-04-11,21.92
14/03/2015,Scotland,5,Courtney Lawes,1989-02-23,26.05
14/03/2015,Scotland,20,Tom Wood,1986-11-03,28.36
14/03/2015,Scotland,2,Dylan Hartley,1986-03-24,28.97
14/03/2015,Scotland,12,Luther Burrell,1987-12-06,27.27
14/03/2015,Scotland,19,Geoff Parling,1983-10-28,31.38
14/03/2015,Scotland,14,Anthony Watson,1994-02-26,21.04
14/03/2015,Scotland,18,Kieran Brookes,1990-08-29,24.54
14/03/2015,Scotland,16,Tom Youngs,1987-01-28,28.12
14/03/2015,Scotland,21,Richard Wigglesworth,1983-06-09,31.76
14/03/2015,Scotland,1,Joe Marler,1990-07-07,24.68
14/03/2015,Scotland,6,James Haskell,1985-04-02,29.95
14/03/2015,Scotland,22,Danny Cipriani,1987-11-02,27.36
14/03/2015,Scotland,15,Mike Brown,1985-09-04,29.52
14/03/2015,Scotland,23,Billy Twelvetrees,1988-11-15,26.32
14/03/2015,Scotland,4,David Attwood,1987-04-05,27.94
21/03/2015,France,4,Geoff Parling,1983-10-28,31.4
21/03/2015,France,14,Anthony Watson,1994-02-26,21.06
21/03/2015,France,18,Kieran Brookes,1990-08-29,24.56
21/03/2015,France,16,Tom Youngs,1987-01-28,28.14
21/03/2015,France,21,Richard Wigglesworth,1983-06-09,31.78
21/03/2015,France,1,Joe Marler,1990-07-07,24.7
21/03/2015,France,6,James Haskell,1985-04-02,29.97
21/03/2015,France,22,Danny Cipriani,1987-11-02,27.38
21/03/2015,France,15,Mike Brown,1985-09-04,29.54
21/03/2015,France,23,Billy Twelvetrees,1988-11-15,26.34
21/03/2015,France,13,Jonathan Joseph,1991-05-21,23.83
21/03/2015,France,9,Ben Youngs,1989-09-05,25.54
21/03/2015,France,17,Mako Vunipola,1991-01-14,24.18
21/03/2015,France,8,Billy Vunipola,1992-11-03,22.38
21/03/2015,France,7,Chris Robshaw,1986-06-04,28.79
21/03/2015,France,10,George Ford,1993-03-16,22.01
21/03/2015,France,3,Dan Cole,1987-05-09,27.87
21/03/2015,France,11,Jack Nowell,1993-04-11,21.94
21/03/2015,France,5,Courtney Lawes,1989-02-23,26.07
21/03/2015,France,20,Tom Wood,1986-11-03,28.38
21/03/2015,France,2,Dylan Hartley,1986-03-24,28.99
21/03/2015,France,19,Nick Easter,1978-08-15,36.6
21/03/2015,France,12,Luther Burrell,1987-12-06,27.29
15/08/2015,France,12,Sam Burgess,1988-12-14,26.67
15/08/2015,France,11,Jonny May,1990-04-01,25.37
15/08/2015,France,10,Owen Farrell,1991-09-24,23.89
15/08/2015,France,1,Mako Vunipola,1991-01-14,24.58
15/08/2015,France,6,Tom Wood,1986-11-03,28.78
15/08/2015,France,7,Calum Clark,1989-06-10,26.18
15/08/2015,France,21,Danny Care,1987-01-02,28.62
15/08/2015,France,5,Geoff Parling,1983-10-28,31.8
15/08/2015,France,14,Anthony Watson,1994-02-26,21.47
15/08/2015,France,13,Henry Slade,1993-03-19,22.41
15/08/2015,France,3,Kieran Brookes,1990-08-29,24.96
15/08/2015,France,2,Rob Webber,1986-08-01,29.04
15/08/2015,France,18,David Wilson,1985-04-09,30.35
15/08/2015,France,9,Richard Wigglesworth,1983-06-09,32.18
15/08/2015,France,20,James Haskell,1985-04-02,30.37
15/08/2015,France,17,Alex Corbisiero,1988-08-30,26.96
15/08/2015,France,22,Danny Cipriani,1987-11-02,27.78
15/08/2015,France,23,Billy Twelvetrees,1988-11-15,26.75
15/08/2015,France,19,David Attwood,1987-04-05,28.36
15/08/2015,France,15,Alex Goode,1988-05-07,27.27
15/08/2015,France,16,Luke Cowan-Dickie,1993-06-20,22.15
15/08/2015,France,8,Ben Morgan,1989-02-18,26.49
15/08/2015,France,4,George Kruis,1990-02-22,25.48
22/08/2015,France,13,Jonathan Joseph,1991-05-21,24.26
22/08/2015,France,11,Jonny May,1990-04-01,25.39
22/08/2015,France,9,Ben Youngs,1989-09-05,25.96
22/08/2015,France,17,Mako Vunipola,1991-01-14,24.6
22/08/2015,France,8,Billy Vunipola,1992-11-03,22.8
22/08/2015,France,7,Chris Robshaw,1986-06-04,29.22
22/08/2015,France,10,George Ford,1993-03-16,22.43
22/08/2015,France,3,Dan Cole,1987-05-09,28.29
22/08/2015,France,4,Joe Launchbury,1991-04-12,24.36
22/08/2015,France,14,Jack Nowell,1993-04-11,22.36
22/08/2015,France,5,Courtney Lawes,1989-02-23,26.49
22/08/2015,France,21,Danny Care,1987-01-02,28.64
22/08/2015,France,20,Nick Easter,1978-08-15,37.02
22/08/2015,France,12,Luther Burrell,1987-12-06,27.71
22/08/2015,France,2,Tom Youngs,1987-01-28,28.56
22/08/2015,France,18,David Wilson,1985-04-09,30.37
22/08/2015,France,16,Jamie George,1990-10-20,24.84
22/08/2015,France,1,Joe Marler,1990-07-07,25.13
22/08/2015,France,6,James Haskell,1985-04-02,30.39
22/08/2015,France,22,Danny Cipriani,1987-11-02,27.8
22/08/2015,France,15,Mike Brown,1985-09-04,29.96
22/08/2015,France,23,Billy Twelvetrees,1988-11-15,26.77
22/08/2015,France,19,David Attwood,1987-04-05,28.38
05/09/2015,Ireland,13,Jonathan Joseph,1991-05-21,24.29
05/09/2015,Ireland,23,Sam Burgess,1988-12-14,26.72
05/09/2015,Ireland,11,Jonny May,1990-04-01,25.43
05/09/2015,Ireland,22,Owen Farrell,1991-09-24,23.95
05/09/2015,Ireland,9,Ben Youngs,1989-09-05,26.0
05/09/2015,Ireland,17,Mako Vunipola,1991-01-14,24.64
05/09/2015,Ireland,20,Billy Vunipola,1992-11-03,22.84
05/09/2015,Ireland,7,Chris Robshaw,1986-06-04,29.25
05/09/2015,Ireland,10,George Ford,1993-03-16,22.47
05/09/2015,Ireland,3,Dan Cole,1987-05-09,28.33
05/09/2015,Ireland,12,Brad Barritt,1986-08-07,29.08
05/09/2015,Ireland,19,Joe Launchbury,1991-04-12,24.4
05/09/2015,Ireland,5,Courtney Lawes,1989-02-23,26.53
05/09/2015,Ireland,6,Tom Wood,1986-11-03,28.84
05/09/2015,Ireland,4,Geoff Parling,1983-10-28,31.86
05/09/2015,Ireland,14,Anthony Watson,1994-02-26,21.52
05/09/2015,Ireland,18,Kieran Brookes,1990-08-29,25.02
05/09/2015,Ireland,2,Tom Youngs,1987-01-28,28.6
05/09/2015,Ireland,21,Richard Wigglesworth,1983-06-09,32.24
05/09/2015,Ireland,16,Jamie George,1990-10-20,24.88
05/09/2015,Ireland,1,Joe Marler,1990-07-07,25.16
05/09/2015,Ireland,15,Mike Brown,1985-09-04,30.0
05/09/2015,Ireland,8,Ben Morgan,1989-02-18,26.54
18/09/2015,Fiji,13,Jonathan Joseph,1991-05-21,24.33
18/09/2015,Fiji,23,Sam Burgess,1988-12-14,26.76
18/09/2015,Fiji,11,Jonny May,1990-04-01,25.47
18/09/2015,Fiji,22,Owen Farrell,1991-09-24,23.98
18/09/2015,Fiji,9,Ben Youngs,1989-09-05,26.03
18/09/2015,Fiji,17,Mako Vunipola,1991-01-14,24.68
18/09/2015,Fiji,20,Billy Vunipola,1992-11-03,22.87
18/09/2015,Fiji,7,Chris Robshaw,1986-06-04,29.29
18/09/2015,Fiji,10,George Ford,1993-03-16,22.51
18/09/2015,Fiji,3,Dan Cole,1987-05-09,28.36
18/09/2015,Fiji,12,Brad Barritt,1986-08-07,29.11
18/09/2015,Fiji,19,Joe Launchbury,1991-04-12,24.44
18/09/2015,Fiji,5,Courtney Lawes,1989-02-23,26.57
18/09/2015,Fiji,6,Tom Wood,1986-11-03,28.87
18/09/2015,Fiji,4,Geoff Parling,1983-10-28,31.89
18/09/2015,Fiji,14,Anthony Watson,1994-02-26,21.56
18/09/2015,Fiji,18,Kieran Brookes,1990-08-29,25.05
18/09/2015,Fiji,2,Tom Youngs,1987-01-28,28.64
18/09/2015,Fiji,16,Rob Webber,1986-08-01,29.13
18/09/2015,Fiji,21,Richard Wigglesworth,1983-06-09,32.28
18/09/2015,Fiji,1,Joe Marler,1990-07-07,25.2
18/09/2015,Fiji,15,Mike Brown,1985-09-04,30.04
18/09/2015,Fiji,8,Ben Morgan,1989-02-18,26.58
26/09/2015,Wales,12,Sam Burgess,1988-12-14,26.78
26/09/2015,Wales,11,Jonny May,1990-04-01,25.49
26/09/2015,Wales,10,Owen Farrell,1991-09-24,24.01
26/09/2015,Wales,9,Ben Youngs,1989-09-05,26.06
26/09/2015,Wales,17,Mako Vunipola,1991-01-14,24.7
26/09/2015,Wales,8,Billy Vunipola,1992-11-03,22.89
26/09/2015,Wales,7,Chris Robshaw,1986-06-04,29.31
26/09/2015,Wales,22,George Ford,1993-03-16,22.53
26/09/2015,Wales,3,Dan Cole,1987-05-09,28.38
26/09/2015,Wales,13,Brad Barritt,1986-08-07,29.14
26/09/2015,Wales,19,Joe Launchbury,1991-04-12,24.46
26/09/2015,Wales,5,Courtney Lawes,1989-02-23,26.59
26/09/2015,Wales,6,Tom Wood,1986-11-03,28.9
26/09/2015,Wales,4,Geoff Parling,1983-10-28,31.91
26/09/2015,Wales,14,Anthony Watson,1994-02-26,21.58
26/09/2015,Wales,18,Kieran Brookes,1990-08-29,25.08
26/09/2015,Wales,2,Tom Youngs,1987-01-28,28.66
26/09/2015,Wales,16,Rob Webber,1986-08-01,29.15
26/09/2015,Wales,21,Richard Wigglesworth,1983-06-09,32.3
26/09/2015,Wales,1,Joe Marler,1990-07-07,25.22
26/09/2015,Wales,20,James Haskell,1985-04-02,30.48
26/09/2015,Wales,15,Mike Brown,1985-09-04,30.06
26/09/2015,Wales,23,Alex Goode,1988-05-07,27.39
03/10/2015,Australia,13,Jonathan Joseph,1991-05-21,24.37
03/10/2015,Australia,23,Sam Burgess,1988-12-14,26.8
03/10/2015,Australia,11,Jonny May,1990-04-01,25.51
03/10/2015,Australia,10,Owen Farrell,1991-09-24,24.03
03/10/2015,Australia,9,Ben Youngs,1989-09-05,26.08
03/10/2015,Australia,17,Mako Vunipola,1991-01-14,24.72
03/10/2015,Australia,7,Chris Robshaw,1986-06-04,29.33
03/10/2015,Australia,22,George Ford,1993-03-16,22.55
03/10/2015,Australia,3,Dan Cole,1987-05-09,28.4
03/10/2015,Australia,12,Brad Barritt,1986-08-07,29.16
03/10/2015,Australia,4,Joe Launchbury,1991-04-12,24.48
03/10/2015,Australia,6,Tom Wood,1986-11-03,28.92
03/10/2015,Australia,20,Nick Easter,1978-08-15,37.13
03/10/2015,Australia,5,Geoff Parling,1983-10-28,31.93
03/10/2015,Australia,14,Anthony Watson,1994-02-26,21.6
03/10/2015,Australia,18,Kieran Brookes,1990-08-29,25.1
03/10/2015,Australia,2,Tom Youngs,1987-01-28,28.68
03/10/2015,Australia,16,Rob Webber,1986-08-01,29.17
03/10/2015,Australia,21,Richard Wigglesworth,1983-06-09,32.32
03/10/2015,Australia,1,Joe Marler,1990-07-07,25.24
03/10/2015,Australia,15,Mike Brown,1985-09-04,30.08
03/10/2015,Australia,8,Ben Morgan,1989-02-18,26.62
03/10/2015,Australia,19,George Kruis,1990-02-22,25.61
10/10/2015,Uruguay,22,Jonathan Joseph,1991-05-21,24.39
10/10/2015,Uruguay,12,Owen Farrell,1991-09-24,24.04
10/10/2015,Uruguay,1,Mako Vunipola,1991-01-14,24.74
10/10/2015,Uruguay,7,Chris Robshaw,1986-06-04,29.35
10/10/2015,Uruguay,10,George Ford,1993-03-16,22.57
10/10/2015,Uruguay,3,Dan Cole,1987-05-09,28.42
10/10/2015,Uruguay,4,Joe Launchbury,1991-04-12,24.5
10/10/2015,Uruguay,11,Jack Nowell,1993-04-11,22.5
10/10/2015,Uruguay,20,Tom Wood,1986-11-03,28.93
10/10/2015,Uruguay,9,Danny Care,1987-01-02,28.77
10/10/2015,Uruguay,8,Nick Easter,1978-08-15,37.15
10/10/2015,Uruguay,5,Geoff Parling,1983-10-28,31.95
10/10/2015,Uruguay,14,Anthony Watson,1994-02-26,21.62
10/10/2015,Uruguay,13,Henry Slade,1993-03-19,22.56
10/10/2015,Uruguay,2,Tom Youngs,1987-01-28,28.7
10/10/2015,Uruguay,18,David Wilson,1985-04-09,30.5
10/10/2015,Uruguay,21,Richard Wigglesworth,1983-06-09,32.34
10/10/2015,Uruguay,16,Jamie George,1990-10-20,24.97
10/10/2015,Uruguay,17,Joe Marler,1990-07-07,25.26
10/10/2015,Uruguay,6,James Haskell,1985-04-02,30.52
10/10/2015,Uruguay,23,Mike Brown,1985-09-04,30.1
10/10/2015,Uruguay,15,Alex Goode,1988-05-07,27.43
10/10/2015,Uruguay,19,George Kruis,1990-02-22,25.63
06/02/2016,Scotland,13,Jonathan Joseph,1991-05-21,24.72
06/02/2016,Scotland,12,Owen Farrell,1991-09-24,24.37
06/02/2016,Scotland,21,Ben Youngs,1989-09-05,26.42
06/02/2016,Scotland,17,Mako Vunipola,1991-01-14,25.06
06/02/2016,Scotland,8,Billy Vunipola,1992-11-03,23.26
06/02/2016,Scotland,6,Chris Robshaw,1986-06-04,29.68
06/02/2016,Scotland,10,George Ford,1993-03-16,22.89
06/02/2016,Scotland,3,Dan Cole,1987-05-09,28.75
06/02/2016,Scotland,4,Joe Launchbury,1991-04-12,24.82
06/02/2016,Scotland,11,Jack Nowell,1993-04-11,22.82
06/02/2016,Scotland,19,Courtney Lawes,1989-02-23,26.95
06/02/2016,Scotland,23,Ollie Devoto,1993-09-22,22.37
06/02/2016,Scotland,18,Paul Hill,1995-03-02,20.93
06/02/2016,Scotland,2,Dylan Hartley,1986-03-24,29.87
06/02/2016,Scotland,9,Danny Care,1987-01-02,29.1
06/02/2016,Scotland,14,Anthony Watson,1994-02-26,21.94
06/02/2016,Scotland,16,Jamie George,1990-10-20,25.3
06/02/2016,Scotland,1,Joe Marler,1990-07-07,25.59
06/02/2016,Scotland,7,James Haskell,1985-04-02,30.85
06/02/2016,Scotland,20,Jack Clifford,1993-02-12,22.98
06/02/2016,Scotland,15,Mike Brown,1985-09-04,30.42
06/02/2016,Scotland,22,Alex Goode,1988-05-07,27.75
06/02/2016,Scotland,5,George Kruis,1990-02-22,25.96
14/02/2016,Italy,13,Jonathan Joseph,1991-05-21,24.74
14/02/2016,Italy,12,Owen Farrell,1991-09-24,24.39
14/02/2016,Italy,9,Ben Youngs,1989-09-05,26.44
14/02/2016,Italy,1,Mako Vunipola,1991-01-14,25.08
14/02/2016,Italy,8,Billy Vunipola,1992-11-03,23.28
14/02/2016,Italy,6,Chris Robshaw,1986-06-04,29.7
14/02/2016,Italy,10,George Ford,1993-03-16,22.92
14/02/2016,Italy,3,Dan Cole,1987-05-09,28.77
14/02/2016,Italy,19,Joe Launchbury,1991-04-12,24.84
14/02/2016,Italy,11,Jack Nowell,1993-04-11,22.85
14/02/2016,Italy,4,Courtney Lawes,1989-02-23,26.97
14/02/2016,Italy,20,Maro Itoje,1994-10-28,21.3
14/02/2016,Italy,18,Paul Hill,1995-03-02,20.96
14/02/2016,Italy,2,Dylan Hartley,1986-03-24,29.9
14/02/2016,Italy,22,Danny Care,1987-01-02,29.12
14/02/2016,Italy,14,Anthony Watson,1994-02-26,21.97
14/02/2016,Italy,16,Jamie George,1990-10-20,25.32
14/02/2016,Italy,17,Joe Marler,1990-07-07,25.61
14/02/2016,Italy,7,James Haskell,1985-04-02,30.87
14/02/2016,Italy,21,Jack Clifford,1993-02-12,23.0
14/02/2016,Italy,15,Mike Brown,1985-09-04,30.45
14/02/2016,Italy,23,Alex Goode,1988-05-07,27.77
14/02/2016,Italy,5,George Kruis,1990-02-22,25.98
27/02/2016,Ireland,13,Jonathan Joseph,1991-05-21,24.77
27/02/2016,Ireland,12,Owen Farrell,1991-09-24,24.43
27/02/2016,Ireland,9,Ben Youngs,1989-09-05,26.48
27/02/2016,Ireland,17,Mako Vunipola,1991-01-14,25.12
27/02/2016,Ireland,8,Billy Vunipola,1992-11-03,23.32
27/02/2016,Ireland,6,Chris Robshaw,1986-06-04,29.73
27/02/2016,Ireland,10,George Ford,1993-03-16,22.95
27/02/2016,Ireland,3,Dan Cole,1987-05-09,28.81
27/02/2016,Ireland,11,Jack Nowell,1993-04-11,22.88
27/02/2016,Ireland,19,Courtney Lawes,1989-02-23,27.01
27/02/2016,Ireland,4,Maro Itoje,1994-10-28,21.33
27/02/2016,Ireland,18,Paul Hill,1995-03-02,20.99
27/02/2016,Ireland,2,Dylan Hartley,1986-03-24,29.93
27/02/2016,Ireland,21,Danny Care,1987-01-02,29.15
27/02/2016,Ireland,14,Anthony Watson,1994-02-26,22.0
27/02/2016,Ireland,16,Jamie George,1990-10-20,25.36
27/02/2016,Ireland,1,Joe Marler,1990-07-07,25.64
27/02/2016,Ireland,7,James Haskell,1985-04-02,30.91
27/02/2016,Ireland,20,Jack Clifford,1993-02-12,23.04
27/02/2016,Ireland,15,Mike Brown,1985-09-04,30.48
27/02/2016,Ireland,22,Elliot Daly,1992-10-08,23.39
27/02/2016,Ireland,23,Alex Goode,1988-05-07,27.81
27/02/2016,Ireland,5,George Kruis,1990-02-22,26.01
12/03/2016,Wales,13,Jonathan Joseph,1991-05-21,24.81
12/03/2016,Wales,12,Owen Farrell,1991-09-24,24.47
12/03/2016,Wales,9,Ben Youngs,1989-09-05,26.52
12/03/2016,Wales,17,Mako Vunipola,1991-01-14,25.16
12/03/2016,Wales,8,Billy Vunipola,1992-11-03,23.35
12/03/2016,Wales,6,Chris Robshaw,1986-06-04,29.77
12/03/2016,Wales,10,George Ford,1993-03-16,22.99
12/03/2016,Wales,3,Dan Cole,1987-05-09,28.84
12/03/2016,Wales,19,Joe Launchbury,1991-04-12,24.92
12/03/2016,Wales,11,Jack Nowell,1993-04-11,22.92
12/03/2016,Wales,4,Maro Itoje,1994-10-28,21.37
12/03/2016,Wales,22,Manu Tuilagi,1991-05-18,24.82
12/03/2016,Wales,2,Dylan Hartley,1986-03-24,29.97
12/03/2016,Wales,21,Danny Care,1987-01-02,29.19
12/03/2016,Wales,14,Anthony Watson,1994-02-26,22.04
12/03/2016,Wales,18,Kieran Brookes,1990-08-29,25.54
12/03/2016,Wales,1,Joe Marler,1990-07-07,25.68
12/03/2016,Wales,7,James Haskell,1985-04-02,30.94
12/03/2016,Wales,20,Jack Clifford,1993-02-12,23.08
12/03/2016,Wales,15,Mike Brown,1985-09-04,30.52
12/03/2016,Wales,23,Elliot Daly,1992-10-08,23.43
12/03/2016,Wales,16,Luke Cowan-Dickie,1993-06-20,22.73
12/03/2016,Wales,5,George Kruis,1990-02-22,26.05
19/03/2016,France,13,Jonathan Joseph,1991-05-21,24.83
19/03/2016,France,12,Owen Farrell,1991-09-24,24.49
19/03/2016,France,21,Ben Youngs,1989-09-05,26.54
19/03/2016,France,1,Mako Vunipola,1991-01-14,25.18
19/03/2016,France,8,Billy Vunipola,1992-11-03,23.37
19/03/2016,France,6,Chris Robshaw,1986-06-04,29.79
19/03/2016,France,10,George Ford,1993-03-16,23.01
19/03/2016,France,3,Dan Cole,1987-05-09,28.86
19/03/2016,France,19,Joe Launchbury,1991-04-12,24.94
19/03/2016,France,11,Jack Nowell,1993-04-11,22.94
19/03/2016,France,4,Maro Itoje,1994-10-28,21.39
19/03/2016,France,22,Manu Tuilagi,1991-05-18,24.84
19/03/2016,France,2,Dylan Hartley,1986-03-24,29.99
19/03/2016,France,9,Danny Care,1987-01-02,29.21
19/03/2016,France,14,Anthony Watson,1994-02-26,22.06
19/03/2016,France,18,Kieran Brookes,1990-08-29,25.56
19/03/2016,France,17,Joe Marler,1990-07-07,25.7
19/03/2016,France,7,James Haskell,1985-04-02,30.96
19/03/2016,France,20,Jack Clifford,1993-02-12,23.1
19/03/2016,France,15,Mike Brown,1985-09-04,30.54
19/03/2016,France,23,Elliot Daly,1992-10-08,23.44
19/03/2016,France,16,Luke Cowan-Dickie,1993-06-20,22.75
19/03/2016,France,5,George Kruis,1990-02-22,26.07
29/05/2016,Wales,13,Jonathan Joseph,1991-05-21,25.02
29/05/2016,Wales,9,Ben Youngs,1989-09-05,26.73
29/05/2016,Wales,10,George Ford,1993-03-16,23.2
29/05/2016,Wales,3,Dan Cole,1987-05-09,29.06
29/05/2016,Wales,4,Joe Launchbury,1991-04-12,25.13
29/05/2016,Wales,20,Matt Kvesic,1992-04-14,24.12
29/05/2016,Wales,5,Courtney Lawes,1989-02-23,27.26
29/05/2016,Wales,22,Ollie Devoto,1993-09-22,22.68
29/05/2016,Wales,18,Paul Hill,1995-03-02,21.24
29/05/2016,Wales,17,Ellis Genge,1995-02-16,21.28
29/05/2016,Wales,2,Dylan Hartley,1986-03-24,30.18
29/05/2016,Wales,21,Danny Care,1987-01-02,29.41
29/05/2016,Wales,12,Luther Burrell,1987-12-06,28.48
29/05/2016,Wales,6,Teimana Harrison,1992-09-05,23.73
29/05/2016,Wales,14,Anthony Watson,1994-02-26,22.25
29/05/2016,Wales,16,Tommy Taylor,1991-11-11,24.55
29/05/2016,Wales,1,Matt Mullan,1987-02-23,29.26
29/05/2016,Wales,7,James Haskell,1985-04-02,31.16
29/05/2016,Wales,8,Jack Clifford,1993-02-12,23.29
29/05/2016,Wales,15,Mike Brown,1985-09-04,30.73
29/05/2016,Wales,19,David Attwood,1987-04-05,29.15
29/05/2016,Wales,23,Elliot Daly,1992-10-08,23.64
29/05/2016,Wales,11,Marland Yarde,1992-04-20,24.11
11/06/2016,Australia,13,Jonathan Joseph,1991-05-21,25.06
11/06/2016,Australia,10,Owen Farrell,1991-09-24,24.72
11/06/2016,Australia,9,Ben Youngs,1989-09-05,26.77
11/06/2016,Australia,1,Mako Vunipola,1991-01-14,25.41
11/06/2016,Australia,8,Billy Vunipola,1992-11-03,23.6
11/06/2016,Australia,6,Chris Robshaw,1986-06-04,30.02
11/06/2016,Australia,22,George Ford,1993-03-16,23.24
11/06/2016,Australia,3,Dan Cole,1987-05-09,29.09
11/06/2016,Australia,19,Joe Launchbury,1991-04-12,25.17
11/06/2016,Australia,23,Jack Nowell,1993-04-11,23.17
11/06/2016,Australia,20,Courtney Lawes,1989-02-23,27.3
11/06/2016,Australia,4,Maro Itoje,1994-10-28,21.62
11/06/2016,Australia,18,Paul Hill,1995-03-02,21.28
11/06/2016,Australia,2,Dylan Hartley,1986-03-24,30.22
11/06/2016,Australia,21,Danny Care,1987-01-02,29.44
11/06/2016,Australia,12,Luther Burrell,1987-12-06,28.52
11/06/2016,Australia,14,Anthony Watson,1994-02-26,22.29
11/06/2016,Australia,17,Matt Mullan,1987-02-23,29.3
11/06/2016,Australia,7,James Haskell,1985-04-02,31.19
11/06/2016,Australia,15,Mike Brown,1985-09-04,30.77
11/06/2016,Australia,11,Marland Yarde,1992-04-20,24.14
11/06/2016,Australia,16,Luke Cowan-Dickie,1993-06-20,22.98
11/06/2016,Australia,5,George Kruis,1990-02-22,26.3
18/06/2016,Australia,13,Jonathan Joseph,1991-05-21,25.08
18/06/2016,Australia,12,Owen Farrell,1991-09-24,24.73
18/06/2016,Australia,9,Ben Youngs,1989-09-05,26.78
18/06/2016,Australia,1,Mako Vunipola,1991-01-14,25.43
18/06/2016,Australia,8,Billy Vunipola,1992-11-03,23.62
18/06/2016,Australia,6,Chris Robshaw,1986-06-04,30.04
18/06/2016,Australia,10,George Ford,1993-03-16,23.26
18/06/2016,Australia,3,Dan Cole,1987-05-09,29.11
18/06/2016,Australia,19,Joe Launchbury,1991-04-12,25.19
18/06/2016,Australia,11,Jack Nowell,1993-04-11,23.19
18/06/2016,Australia,20,Courtney Lawes,1989-02-23,27.32
18/06/2016,Australia,4,Maro Itoje,1994-10-28,21.64
18/06/2016,Australia,18,Paul Hill,1995-03-02,21.3
18/06/2016,Australia,2,Dylan Hartley,1986-03-24,30.24
18/06/2016,Australia,22,Danny Care,1987-01-02,29.46
18/06/2016,Australia,14,Anthony Watson,1994-02-26,22.31
18/06/2016,Australia,17,Matt Mullan,1987-02-23,29.32
18/06/2016,Australia,16,Jamie George,1990-10-20,25.66
18/06/2016,Australia,7,James Haskell,1985-04-02,31.21
18/06/2016,Australia,21,Jack Clifford,1993-02-12,23.35
18/06/2016,Australia,15,Mike Brown,1985-09-04,30.79
18/06/2016,Australia,23,Elliot Daly,1992-10-08,23.69
18/06/2016,Australia,5,George Kruis,1990-02-22,26.32
25/06/2016,Australia,13,Jonathan Joseph,1991-05-21,25.1
25/06/2016,Australia,12,Owen Farrell,1991-09-24,24.75
25/06/2016,Australia,9,Ben Youngs,1989-09-05,26.8
25/06/2016,Australia,1,Mako Vunipola,1991-01-14,25.45
25/06/2016,Australia,8,Billy Vunipola,1992-11-03,23.64
25/06/2016,Australia,6,Chris Robshaw,1986-06-04,30.06
25/06/2016,Australia,10,George Ford,1993-03-16,23.28
25/06/2016,Australia,3,Dan Cole,1987-05-09,29.13
25/06/2016,Australia,19,Joe Launchbury,1991-04-12,25.21
25/06/2016,Australia,11,Jack Nowell,1993-04-11,23.21
25/06/2016,Australia,20,Courtney Lawes,1989-02-23,27.34
25/06/2016,Australia,4,Maro Itoje,1994-10-28,21.66
25/06/2016,Australia,18,Paul Hill,1995-03-02,21.32
25/06/2016,Australia,2,Dylan Hartley,1986-03-24,30.26
25/06/2016,Australia,22,Danny Care,1987-01-02,29.48
25/06/2016,Australia,7,Teimana Harrison,1992-09-05,23.8
25/06/2016,Australia,14,Anthony Watson,1994-02-26,22.33
25/06/2016,Australia,17,Matt Mullan,1987-02-23,29.34
25/06/2016,Australia,16,Jamie George,1990-10-20,25.68
25/06/2016,Australia,21,Jack Clifford,1993-02-12,23.37
25/06/2016,Australia,15,Mike Brown,1985-09-04,30.81
25/06/2016,Australia,23,Elliot Daly,1992-10-08,23.71
25/06/2016,Australia,5,George Kruis,1990-02-22,26.34
12/11/2016,South Africa,23,Jonathan Joseph,1991-05-21,25.48
12/11/2016,South Africa,11,Jonny May,1990-04-01,26.62
12/11/2016,South Africa,12,Owen Farrell,1991-09-24,25.14
12/11/2016,South Africa,9,Ben Youngs,1989-09-05,27.19
12/11/2016,South Africa,1,Mako Vunipola,1991-01-14,25.83
12/11/2016,South Africa,8,Billy Vunipola,1992-11-03,24.03
12/11/2016,South Africa,6,Chris Robshaw,1986-06-04,30.44
12/11/2016,South Africa,10,George Ford,1993-03-16,23.66
12/11/2016,South Africa,3,Dan Cole,1987-05-09,29.51
12/11/2016,South Africa,20,Nathan Hughes,1991-06-10,25.43
12/11/2016,South Africa,4,Joe Launchbury,1991-04-12,25.59
12/11/2016,South Africa,5,Courtney Lawes,1989-02-23,27.72
12/11/2016,South Africa,7,Tom Wood,1986-11-03,30.03
12/11/2016,South Africa,2,Dylan Hartley,1986-03-24,30.64
12/11/2016,South Africa,21,Danny Care,1987-01-02,29.86
12/11/2016,South Africa,22,Ben Te'o,1987-01-27,29.79
12/11/2016,South Africa,16,Jamie George,1990-10-20,26.06
12/11/2016,South Africa,18,Kyle Sinckler,1993-03-30,23.62
12/11/2016,South Africa,17,Joe Marler,1990-07-07,26.35
12/11/2016,South Africa,15,Mike Brown,1985-09-04,31.19
12/11/2016,South Africa,19,David Attwood,1987-04-05,29.61
12/11/2016,South Africa,13,Elliot Daly,1992-10-08,24.1
12/11/2016,South Africa,14,Marland Yarde,1992-04-20,24.56
19/11/2016,Fiji,13,Jonathan Joseph,1991-05-21,25.5
19/11/2016,Fiji,12,Owen Farrell,1991-09-24,25.16
19/11/2016,Fiji,9,Ben Youngs,1989-09-05,27.21
19/11/2016,Fiji,1,Mako Vunipola,1991-01-14,25.85
19/11/2016,Fiji,8,Billy Vunipola,1992-11-03,24.04
19/11/2016,Fiji,6,Chris Robshaw,1986-06-04,30.46
19/11/2016,Fiji,10,George Ford,1993-03-16,23.68
19/11/2016,Fiji,3,Dan Cole,1987-05-09,29.53
19/11/2016,Fiji,20,Nathan Hughes,1991-06-10,25.45
19/11/2016,Fiji,4,Joe Launchbury,1991-04-12,25.61
19/11/2016,Fiji,5,Courtney Lawes,1989-02-23,27.74
19/11/2016,Fiji,14,Semesa Rokoduguni,1987-08-28,29.23
19/11/2016,Fiji,2,Dylan Hartley,1986-03-24,30.66
19/11/2016,Fiji,21,Danny Care,1987-01-02,29.88
19/11/2016,Fiji,7,Teimana Harrison,1992-09-05,24.21
19/11/2016,Fiji,19,Charlie Ewels,1995-06-29,21.39
19/11/2016,Fiji,23,Henry Slade,1993-03-19,23.67
19/11/2016,Fiji,22,Ben Te'o,1987-01-27,29.81
19/11/2016,Fiji,16,Jamie George,1990-10-20,26.08
19/11/2016,Fiji,18,Kyle Sinckler,1993-03-30,23.64
19/11/2016,Fiji,17,Joe Marler,1990-07-07,26.37
19/11/2016,Fiji,11,Elliot Daly,1992-10-08,24.12
19/11/2016,Fiji,15,Alex Goode,1988-05-07,28.54
26/11/2016,Argentina,13,Jonathan Joseph,1991-05-21,25.52
26/11/2016,Argentina,14,Jonny May,1990-04-01,26.66
26/11/2016,Argentina,12,Owen Farrell,1991-09-24,25.18
26/11/2016,Argentina,9,Ben Youngs,1989-09-05,27.23
26/11/2016,Argentina,1,Mako Vunipola,1991-01-14,25.87
26/11/2016,Argentina,8,Billy Vunipola,1992-11-03,24.06
26/11/2016,Argentina,6,Chris Robshaw,1986-06-04,30.48
26/11/2016,Argentina,10,George Ford,1993-03-16,23.7
26/11/2016,Argentina,3,Dan Cole,1987-05-09,29.55
26/11/2016,Argentina,4,Courtney Lawes,1989-02-23,27.76
26/11/2016,Argentina,7,Tom Wood,1986-11-03,30.06
26/11/2016,Argentina,2,Dylan Hartley,1986-03-24,30.68
26/11/2016,Argentina,21,Danny Care,1987-01-02,29.9
26/11/2016,Argentina,20,Teimana Harrison,1992-09-05,24.23
26/11/2016,Argentina,19,Charlie Ewels,1995-06-29,21.41
26/11/2016,Argentina,23,Henry Slade,1993-03-19,23.69
26/11/2016,Argentina,22,Ben Te'o,1987-01-27,29.83
26/11/2016,Argentina,16,Jamie George,1990-10-20,26.1
26/11/2016,Argentina,18,Kyle Sinckler,1993-03-30,23.66
26/11/2016,Argentina,17,Joe Marler,1990-07-07,26.39
26/11/2016,Argentina,15,Mike Brown,1985-09-04,31.23
26/11/2016,Argentina,11,Elliot Daly,1992-10-08,24.13
26/11/2016,Argentina,5,George Kruis,1990-02-22,26.76
03/12/2016,Australia,13,Jonathan Joseph,1991-05-21,25.54
03/12/2016,Australia,11,Jonny May,1990-04-01,26.68
03/12/2016,Australia,12,Owen Farrell,1991-09-24,25.19
03/12/2016,Australia,9,Ben Youngs,1989-09-05,27.24
03/12/2016,Australia,1,Mako Vunipola,1991-01-14,25.89
03/12/2016,Australia,6,Chris Robshaw,1986-06-04,30.5
03/12/2016,Australia,10,George Ford,1993-03-16,23.72
03/12/2016,Australia,3,Dan Cole,1987-05-09,29.57
03/12/2016,Australia,8,Nathan Hughes,1991-06-10,25.48
03/12/2016,Australia,4,Courtney Lawes,1989-02-23,27.78
03/12/2016,Australia,7,Tom Wood,1986-11-03,30.08
03/12/2016,Australia,2,Dylan Hartley,1986-03-24,30.7
03/12/2016,Australia,21,Danny Care,1987-01-02,29.92
03/12/2016,Australia,20,Teimana Harrison,1992-09-05,24.24
03/12/2016,Australia,19,Charlie Ewels,1995-06-29,21.43
03/12/2016,Australia,23,Henry Slade,1993-03-19,23.71
03/12/2016,Australia,22,Ben Te'o,1987-01-27,29.85
03/12/2016,Australia,16,Jamie George,1990-10-20,26.12
03/12/2016,Australia,18,Kyle Sinckler,1993-03-30,23.68
03/12/2016,Australia,17,Joe Marler,1990-07-07,26.41
03/12/2016,Australia,15,Mike Brown,1985-09-04,31.25
03/12/2016,Australia,14,Marland Yarde,1992-04-20,24.62
03/12/2016,Australia,5,George Kruis,1990-02-22,26.78
04/02/2017,France,13,Jonathan Joseph,1991-05-21,25.71
04/02/2017,France,14,Jonny May,1990-04-01,26.85
04/02/2017,France,12,Owen Farrell,1991-09-24,25.37
04/02/2017,France,9,Ben Youngs,1989-09-05,27.42
04/02/2017,France,10,George Ford,1993-03-16,23.89
04/02/2017,France,3,Dan Cole,1987-05-09,29.74
04/02/2017,France,8,Nathan Hughes,1991-06-10,25.66
04/02/2017,France,4,Joe Launchbury,1991-04-12,25.82
04/02/2017,France,23,Jack Nowell,1993-04-11,23.82
04/02/2017,France,5,Courtney Lawes,1989-02-23,27.95
04/02/2017,France,7,Tom Wood,1986-11-03,30.26
04/02/2017,France,6,Maro Itoje,1994-10-28,22.27
04/02/2017,France,2,Dylan Hartley,1986-03-24,30.87
04/02/2017,France,21,Danny Care,1987-01-02,30.09
04/02/2017,France,19,Teimana Harrison,1992-09-05,24.42
04/02/2017,France,22,Ben Te'o,1987-01-27,30.02
04/02/2017,France,17,Matt Mullan,1987-02-23,29.95
04/02/2017,France,16,Jamie George,1990-10-20,26.29
04/02/2017,France,18,Kyle Sinckler,1993-03-30,23.85
04/02/2017,France,1,Joe Marler,1990-07-07,26.58
04/02/2017,France,20,James Haskell,1985-04-02,31.84
04/02/2017,France,15,Mike Brown,1985-09-04,31.42
04/02/2017,France,11,Elliot Daly,1992-10-08,24.33
11/02/2017,Wales,13,Jonathan Joseph,1991-05-21,25.73
11/02/2017,Wales,23,Jonny May,1990-04-01,26.87
11/02/2017,Wales,12,Owen Farrell,1991-09-24,25.39
11/02/2017,Wales,9,Ben Youngs,1989-09-05,27.44
11/02/2017,Wales,10,George Ford,1993-03-16,23.91
11/02/2017,Wales,3,Dan Cole,1987-05-09,29.76
11/02/2017,Wales,8,Nathan Hughes,1991-06-10,25.68
11/02/2017,Wales,4,Joe Launchbury,1991-04-12,25.84
11/02/2017,Wales,14,Jack Nowell,1993-04-11,23.84
11/02/2017,Wales,5,Courtney Lawes,1989-02-23,27.97
11/02/2017,Wales,19,Tom Wood,1986-11-03,30.28
11/02/2017,Wales,6,Maro Itoje,1994-10-28,22.29
11/02/2017,Wales,2,Dylan Hartley,1986-03-24,30.89
11/02/2017,Wales,21,Danny Care,1987-01-02,30.11
11/02/2017,Wales,22,Ben Te'o,1987-01-27,30.04
11/02/2017,Wales,17,Matt Mullan,1987-02-23,29.97
11/02/2017,Wales,16,Jamie George,1990-10-20,26.31
11/02/2017,Wales,18,Kyle Sinckler,1993-03-30,23.87
11/02/2017,Wales,1,Joe Marler,1990-07-07,26.6
11/02/2017,Wales,20,James Haskell,1985-04-02,31.86
11/02/2017,Wales,7,Jack Clifford,1993-02-12,24.0
11/02/2017,Wales,15,Mike Brown,1985-09-04,31.44
11/02/2017,Wales,11,Elliot Daly,1992-10-08,24.35
26/02/2017,Italy,14,Jonny May,1990-04-01,26.91
26/02/2017,Italy,12,Owen Farrell,1991-09-24,25.43
26/02/2017,Italy,21,Ben Youngs,1989-09-05,27.48
26/02/2017,Italy,17,Mako Vunipola,1991-01-14,26.12
26/02/2017,Italy,10,George Ford,1993-03-16,23.95
26/02/2017,Italy,3,Dan Cole,1987-05-09,29.8
26/02/2017,Italy,8,Nathan Hughes,1991-06-10,25.72
26/02/2017,Italy,4,Joe Launchbury,1991-04-12,25.88
26/02/2017,Italy,23,Jack Nowell,1993-04-11,23.88
26/02/2017,Italy,5,Courtney Lawes,1989-02-23,28.01
26/02/2017,Italy,19,Tom Wood,1986-11-03,30.32
26/02/2017,Italy,6,Maro Itoje,1994-10-28,22.33
26/02/2017,Italy,2,Dylan Hartley,1986-03-24,30.93
26/02/2017,Italy,9,Danny Care,1987-01-02,30.15
26/02/2017,Italy,22,Henry Slade,1993-03-19,23.94
26/02/2017,Italy,13,Ben Te'o,1987-01-27,30.08
26/02/2017,Italy,16,Jamie George,1990-10-20,26.36
26/02/2017,Italy,18,Kyle Sinckler,1993-03-30,23.91
26/02/2017,Italy,1,Joe Marler,1990-07-07,26.64
26/02/2017,Italy,7,James Haskell,1985-04-02,31.9
26/02/2017,Italy,20,Jack Clifford,1993-02-12,24.04
26/02/2017,Italy,15,Mike Brown,1985-09-04,31.48
26/02/2017,Italy,11,Elliot Daly,1992-10-08,24.39
11/03/2017,Scotland,13,Jonathan Joseph,1991-05-21,25.81
11/03/2017,Scotland,12,Owen Farrell,1991-09-24,25.46
11/03/2017,Scotland,9,Ben Youngs,1989-09-05,27.51
11/03/2017,Scotland,17,Mako Vunipola,1991-01-14,26.16
11/03/2017,Scotland,20,Billy Vunipola,1992-11-03,24.35
11/03/2017,Scotland,10,George Ford,1993-03-16,23.99
11/03/2017,Scotland,3,Dan Cole,1987-05-09,29.84
11/03/2017,Scotland,8,Nathan Hughes,1991-06-10,25.75
11/03/2017,Scotland,4,Joe Launchbury,1991-04-12,25.91
11/03/2017,Scotland,14,Jack Nowell,1993-04-11,23.92
11/03/2017,Scotland,5,Courtney Lawes,1989-02-23,28.04
11/03/2017,Scotland,19,Tom Wood,1986-11-03,30.35
11/03/2017,Scotland,6,Maro Itoje,1994-10-28,22.37
11/03/2017,Scotland,2,Dylan Hartley,1986-03-24,30.97
11/03/2017,Scotland,21,Danny Care,1987-01-02,30.19
11/03/2017,Scotland,23,Anthony Watson,1994-02-26,23.04
11/03/2017,Scotland,22,Ben Te'o,1987-01-27,30.12
11/03/2017,Scotland,16,Jamie George,1990-10-20,26.39
11/03/2017,Scotland,18,Kyle Sinckler,1993-03-30,23.95
11/03/2017,Scotland,1,Joe Marler,1990-07-07,26.68
11/03/2017,Scotland,7,James Haskell,1985-04-02,31.94
11/03/2017,Scotland,15,Mike Brown,1985-09-04,31.52
11/03/2017,Scotland,11,Elliot Daly,1992-10-08,24.42
18/03/2017,Ireland,13,Jonathan Joseph,1991-05-21,25.83
18/03/2017,Ireland,12,Owen Farrell,1991-09-24,25.48
18/03/2017,Ireland,9,Ben Youngs,1989-09-05,27.53
18/03/2017,Ireland,17,Mako Vunipola,1991-01-14,26.17
18/03/2017,Ireland,8,Billy Vunipola,1992-11-03,24.37
18/03/2017,Ireland,10,George Ford,1993-03-16,24.01
18/03/2017,Ireland,3,Dan Cole,1987-05-09,29.86
18/03/2017,Ireland,20,Nathan Hughes,1991-06-10,25.77
18/03/2017,Ireland,4,Joe Launchbury,1991-04-12,25.93
18/03/2017,Ireland,23,Jack Nowell,1993-04-11,23.93
18/03/2017,Ireland,5,Courtney Lawes,1989-02-23,28.06
18/03/2017,Ireland,19,Tom Wood,1986-11-03,30.37
18/03/2017,Ireland,6,Maro Itoje,1994-10-28,22.39
18/03/2017,Ireland,2,Dylan Hartley,1986-03-24,30.98
18/03/2017,Ireland,21,Danny Care,1987-01-02,30.21
18/03/2017,Ireland,14,Anthony Watson,1994-02-26,23.06
18/03/2017,Ireland,22,Ben Te'o,1987-01-27,30.14
18/03/2017,Ireland,16,Jamie George,1990-10-20,26.41
18/03/2017,Ireland,18,Kyle Sinckler,1993-03-30,23.97
18/03/2017,Ireland,1,Joe Marler,1990-07-07,26.7
18/03/2017,Ireland,7,James Haskell,1985-04-02,31.96
18/03/2017,Ireland,15,Mike Brown,1985-09-04,31.54
18/03/2017,Ireland,11,Elliot Daly,1992-10-08,24.44
28/05/2017,Barbarians,11,Jonny May,1990-04-01,27.16
28/05/2017,Barbarians,2,Jack Singleton,1996-05-14,21.04
28/05/2017,Barbarians,12,Alex Lozowski,1993-06-30,23.91
28/05/2017,Barbarians,6,Chris Robshaw,1986-06-04,30.98
28/05/2017,Barbarians,14,Nathan Earle,1994-09-25,22.67
28/05/2017,Barbarians,10,George Ford,1993-03-16,24.2
28/05/2017,Barbarians,20,Tom Curry,1998-06-15,18.95
28/05/2017,Barbarians,8,Josh Beaumont,1992-03-24,25.18
28/05/2017,Barbarians,16,George McGuigan,1993-03-30,24.16
28/05/2017,Barbarians,7,Sam Underhill,1996-07-22,20.85
28/05/2017,Barbarians,18,Jamal Ford-Robinson,1993-09-11,23.71
28/05/2017,Barbarians,21,Mark Wilson,1989-10-06,27.64
28/05/2017,Barbarians,19,Will Spencer,1992-05-30,24.99
28/05/2017,Barbarians,1,Ellis Genge,1995-02-16,22.28
28/05/2017,Barbarians,9,Danny Care,1987-01-02,30.4
28/05/2017,Barbarians,4,Charlie Ewels,1995-06-29,21.91
28/05/2017,Barbarians,13,Sam James,1994-07-03,22.9
28/05/2017,Barbarians,23,Mike Haley,1994-06-28,22.92
28/05/2017,Barbarians,17,Ross Harrison,1992-09-03,24.73
28/05/2017,Barbarians,22,Richard Wigglesworth,1983-06-09,33.97
28/05/2017,Barbarians,5,Nick Isiekwe,1998-04-20,19.11
28/05/2017,Barbarians,15,Mike Brown,1985-09-04,31.73
28/05/2017,Barbarians,3,Will Collier,1991-05-05,26.06
10/06/2017,Argentina,11,Jonny May,1990-04-01,27.19
10/06/2017,Argentina,16,Jack Singleton,1996-05-14,21.07
10/06/2017,Argentina,3,Harry Williams,1991-10-01,25.69
10/06/2017,Argentina,12,Alex Lozowski,1993-06-30,23.95
10/06/2017,Argentina,10,George Ford,1993-03-16,24.24
10/06/2017,Argentina,7,Tom Curry,1998-06-15,18.99
10/06/2017,Argentina,8,Nathan Hughes,1991-06-10,26.0
10/06/2017,Argentina,4,Joe Launchbury,1991-04-12,26.16
10/06/2017,Argentina,22,Piers Francis,1990-06-20,26.97
10/06/2017,Argentina,6,Mark Wilson,1989-10-06,27.68
10/06/2017,Argentina,1,Ellis Genge,1995-02-16,22.31
10/06/2017,Argentina,2,Dylan Hartley,1986-03-24,31.21
10/06/2017,Argentina,9,Danny Care,1987-01-02,30.44
10/06/2017,Argentina,5,Charlie Ewels,1995-06-29,21.95
10/06/2017,Argentina,13,Henry Slade,1993-03-19,24.23
10/06/2017,Argentina,23,Denny Solomona,1993-10-27,23.62
10/06/2017,Argentina,20,Don Armand,1988-09-23,28.71
10/06/2017,Argentina,17,Matt Mullan,1987-02-23,30.29
10/06/2017,Argentina,19,Nick Isiekwe,1998-04-20,19.14
10/06/2017,Argentina,15,Mike Brown,1985-09-04,31.77
10/06/2017,Argentina,18,Will Collier,1991-05-05,26.1
10/06/2017,Argentina,14,Marland Yarde,1992-04-20,25.14
10/06/2017,Argentina,21,Jack Maunder,1997-04-05,20.18
17/06/2017,Argentina,11,Jonny May,1990-04-01,27.21
17/06/2017,Argentina,16,Jack Singleton,1996-05-14,21.09
17/06/2017,Argentina,3,Harry Williams,1991-10-01,25.71
17/06/2017,Argentina,22,Alex Lozowski,1993-06-30,23.96
17/06/2017,Argentina,6,Chris Robshaw,1986-06-04,31.04
17/06/2017,Argentina,10,George Ford,1993-03-16,24.26
17/06/2017,Argentina,8,Nathan Hughes,1991-06-10,26.02
17/06/2017,Argentina,4,Joe Launchbury,1991-04-12,26.18
17/06/2017,Argentina,7,Sam Underhill,1996-07-22,20.9
17/06/2017,Argentina,12,Piers Francis,1990-06-20,26.99
17/06/2017,Argentina,20,Mark Wilson,1989-10-06,27.7
17/06/2017,Argentina,1,Ellis Genge,1995-02-16,22.33
17/06/2017,Argentina,2,Dylan Hartley,1986-03-24,31.23
17/06/2017,Argentina,9,Danny Care,1987-01-02,30.46
17/06/2017,Argentina,5,Charlie Ewels,1995-06-29,21.97
17/06/2017,Argentina,13,Henry Slade,1993-03-19,24.25
17/06/2017,Argentina,23,Denny Solomona,1993-10-27,23.64
17/06/2017,Argentina,17,Matt Mullan,1987-02-23,30.31
17/06/2017,Argentina,19,Nick Isiekwe,1998-04-20,19.16
17/06/2017,Argentina,15,Mike Brown,1985-09-04,31.78
17/06/2017,Argentina,18,Will Collier,1991-05-05,26.12
17/06/2017,Argentina,14,Marland Yarde,1992-04-20,25.16
17/06/2017,Argentina,21,Jack Maunder,1997-04-05,20.2
11/11/2017,Argentina,13,Jonathan Joseph,1991-05-21,26.48
11/11/2017,Argentina,9,Ben Youngs,1989-09-05,28.18
11/11/2017,Argentina,18,Harry Williams,1991-10-01,26.11
11/11/2017,Argentina,1,Mako Vunipola,1991-01-14,26.83
11/11/2017,Argentina,22,Alex Lozowski,1993-06-30,24.37
11/11/2017,Argentina,6,Chris Robshaw,1986-06-04,31.44
11/11/2017,Argentina,10,George Ford,1993-03-16,24.66
11/11/2017,Argentina,20,Sam Simmonds,1994-11-10,23.0
11/11/2017,Argentina,3,Dan Cole,1987-05-09,30.51
11/11/2017,Argentina,8,Nathan Hughes,1991-06-10,26.42
11/11/2017,Argentina,19,Joe Launchbury,1991-04-12,26.59
11/11/2017,Argentina,7,Sam Underhill,1996-07-22,21.31
11/11/2017,Argentina,4,Courtney Lawes,1989-02-23,28.72
11/11/2017,Argentina,17,Ellis Genge,1995-02-16,22.74
11/11/2017,Argentina,23,Semesa Rokoduguni,1987-08-28,30.21
11/11/2017,Argentina,2,Dylan Hartley,1986-03-24,31.64
11/11/2017,Argentina,21,Danny Care,1987-01-02,30.86
11/11/2017,Argentina,14,Anthony Watson,1994-02-26,23.71
11/11/2017,Argentina,12,Henry Slade,1993-03-19,24.65
11/11/2017,Argentina,16,Jamie George,1990-10-20,27.06
11/11/2017,Argentina,15,Mike Brown,1985-09-04,32.19
11/11/2017,Argentina,11,Elliot Daly,1992-10-08,25.09
11/11/2017,Argentina,5,George Kruis,1990-02-22,27.72
18/11/2017,Australia,13,Jonathan Joseph,1991-05-21,26.5
18/11/2017,Australia,14,Jonny May,1990-04-01,27.63
18/11/2017,Australia,12,Owen Farrell,1991-09-24,26.15
18/11/2017,Australia,9,Ben Youngs,1989-09-05,28.2
18/11/2017,Australia,18,Harry Williams,1991-10-01,26.13
18/11/2017,Australia,1,Mako Vunipola,1991-01-14,26.85
18/11/2017,Australia,6,Chris Robshaw,1986-06-04,31.46
18/11/2017,Australia,10,George Ford,1993-03-16,24.68
18/11/2017,Australia,20,Sam Simmonds,1994-11-10,23.02
18/11/2017,Australia,3,Dan Cole,1987-05-09,30.53
18/11/2017,Australia,8,Nathan Hughes,1991-06-10,26.44
18/11/2017,Australia,4,Joe Launchbury,1991-04-12,26.6
18/11/2017,Australia,7,Sam Underhill,1996-07-22,21.33
18/11/2017,Australia,5,Courtney Lawes,1989-02-23,28.73
18/11/2017,Australia,19,Maro Itoje,1994-10-28,23.06
18/11/2017,Australia,23,Semesa Rokoduguni,1987-08-28,30.23
18/11/2017,Australia,2,Dylan Hartley,1986-03-24,31.66
18/11/2017,Australia,21,Danny Care,1987-01-02,30.88
18/11/2017,Australia,15,Anthony Watson,1994-02-26,23.73
18/11/2017,Australia,22,Henry Slade,1993-03-19,24.67
18/11/2017,Australia,16,Jamie George,1990-10-20,27.08
18/11/2017,Australia,17,Joe Marler,1990-07-07,27.37
18/11/2017,Australia,11,Elliot Daly,1992-10-08,25.11
25/11/2017,Samoa,14,Jonny May,1990-04-01,27.65
25/11/2017,Samoa,21,Ben Youngs,1989-09-05,28.22
25/11/2017,Samoa,18,Harry Williams,1991-10-01,26.15
25/11/2017,Samoa,12,Alex Lozowski,1993-06-30,24.41
25/11/2017,Samoa,7,Chris Robshaw,1986-06-04,31.48
25/11/2017,Samoa,10,George Ford,1993-03-16,24.7
25/11/2017,Samoa,8,Sam Simmonds,1994-11-10,23.04
25/11/2017,Samoa,3,Dan Cole,1987-05-09,30.55
25/11/2017,Samoa,4,Joe Launchbury,1991-04-12,26.62
25/11/2017,Samoa,20,Courtney Lawes,1989-02-23,28.75
25/11/2017,Samoa,6,Maro Itoje,1994-10-28,23.08
25/11/2017,Samoa,22,Piers Francis,1990-06-20,27.43
25/11/2017,Samoa,1,Ellis Genge,1995-02-16,22.77
25/11/2017,Samoa,23,Semesa Rokoduguni,1987-08-28,30.25
25/11/2017,Samoa,16,Dylan Hartley,1986-03-24,31.67
25/11/2017,Samoa,9,Danny Care,1987-01-02,30.9
25/11/2017,Samoa,5,Charlie Ewels,1995-06-29,22.41
25/11/2017,Samoa,13,Henry Slade,1993-03-19,24.69
25/11/2017,Samoa,2,Jamie George,1990-10-20,27.1
25/11/2017,Samoa,19,Nick Isiekwe,1998-04-20,19.6
25/11/2017,Samoa,17,Joe Marler,1990-07-07,27.39
25/11/2017,Samoa,15,Mike Brown,1985-09-04,32.23
25/11/2017,Samoa,11,Elliot Daly,1992-10-08,25.13
04/02/2018,Italy,22,Jonathan Joseph,1991-05-21,26.71
04/02/2018,Italy,11,Jonny May,1990-04-01,27.85
04/02/2018,Italy,12,Owen Farrell,1991-09-24,26.37
04/02/2018,Italy,9,Ben Youngs,1989-09-05,28.42
04/02/2018,Italy,18,Harry Williams,1991-10-01,26.35
04/02/2018,Italy,1,Mako Vunipola,1991-01-14,27.06
04/02/2018,Italy,7,Chris Robshaw,1986-06-04,31.67
04/02/2018,Italy,10,George Ford,1993-03-16,24.89
04/02/2018,Italy,8,Sam Simmonds,1994-11-10,23.24
04/02/2018,Italy,3,Dan Cole,1987-05-09,30.74
04/02/2018,Italy,4,Joe Launchbury,1991-04-12,26.82
04/02/2018,Italy,20,Sam Underhill,1996-07-22,21.54
04/02/2018,Italy,23,Jack Nowell,1993-04-11,24.82
04/02/2018,Italy,6,Courtney Lawes,1989-02-23,28.95
04/02/2018,Italy,5,Maro Itoje,1994-10-28,23.27
04/02/2018,Italy,2,Dylan Hartley,1986-03-24,31.87
04/02/2018,Italy,21,Danny Care,1987-01-02,31.09
04/02/2018,Italy,14,Anthony Watson,1994-02-26,23.94
04/02/2018,Italy,13,Ben Te'o,1987-01-27,31.02
04/02/2018,Italy,16,Jamie George,1990-10-20,27.29
04/02/2018,Italy,15,Mike Brown,1985-09-04,32.42
04/02/2018,Italy,17,Alec Hepburn,1993-03-30,24.85
04/02/2018,Italy,19,George Kruis,1990-02-22,27.95
10/02/2018,Wales,13,Jonathan Joseph,1991-05-21,26.73
10/02/2018,Wales,11,Jonny May,1990-04-01,27.86
10/02/2018,Wales,12,Owen Farrell,1991-09-24,26.38
10/02/2018,Wales,18,Harry Williams,1991-10-01,26.36
10/02/2018,Wales,1,Mako Vunipola,1991-01-14,27.08
10/02/2018,Wales,7,Chris Robshaw,1986-06-04,31.69
10/02/2018,Wales,10,George Ford,1993-03-16,24.91
10/02/2018,Wales,8,Sam Simmonds,1994-11-10,23.25
10/02/2018,Wales,3,Dan Cole,1987-05-09,30.76
10/02/2018,Wales,4,Joe Launchbury,1991-04-12,26.83
10/02/2018,Wales,20,Sam Underhill,1996-07-22,21.56
10/02/2018,Wales,23,Jack Nowell,1993-04-11,24.84
10/02/2018,Wales,6,Courtney Lawes,1989-02-23,28.96
10/02/2018,Wales,5,Maro Itoje,1994-10-28,23.29
10/02/2018,Wales,2,Dylan Hartley,1986-03-24,31.89
10/02/2018,Wales,9,Danny Care,1987-01-02,31.11
10/02/2018,Wales,14,Anthony Watson,1994-02-26,23.96
10/02/2018,Wales,22,Ben Te'o,1987-01-27,31.04
10/02/2018,Wales,21,Richard Wigglesworth,1983-06-09,34.68
10/02/2018,Wales,16,Jamie George,1990-10-20,27.31
10/02/2018,Wales,15,Mike Brown,1985-09-04,32.44
10/02/2018,Wales,17,Alec Hepburn,1993-03-30,24.87
10/02/2018,Wales,19,George Kruis,1990-02-22,27.97
24/02/2018,Scotland,13,Jonathan Joseph,1991-05-21,26.77
24/02/2018,Scotland,11,Jonny May,1990-04-01,27.9
24/02/2018,Scotland,12,Owen Farrell,1991-09-24,26.42
24/02/2018,Scotland,18,Harry Williams,1991-10-01,26.4
24/02/2018,Scotland,1,Mako Vunipola,1991-01-14,27.11
24/02/2018,Scotland,7,Chris Robshaw,1986-06-04,31.73
24/02/2018,Scotland,10,George Ford,1993-03-16,24.95
24/02/2018,Scotland,3,Dan Cole,1987-05-09,30.8
24/02/2018,Scotland,8,Nathan Hughes,1991-06-10,26.71
24/02/2018,Scotland,4,Joe Launchbury,1991-04-12,26.87
24/02/2018,Scotland,20,Sam Underhill,1996-07-22,21.59
24/02/2018,Scotland,23,Jack Nowell,1993-04-11,24.87
24/02/2018,Scotland,6,Courtney Lawes,1989-02-23,29.0
24/02/2018,Scotland,5,Maro Itoje,1994-10-28,23.33
24/02/2018,Scotland,2,Dylan Hartley,1986-03-24,31.92
24/02/2018,Scotland,9,Danny Care,1987-01-02,31.15
24/02/2018,Scotland,14,Anthony Watson,1994-02-26,24.0
24/02/2018,Scotland,22,Ben Te'o,1987-01-27,31.08
24/02/2018,Scotland,21,Richard Wigglesworth,1983-06-09,34.71
24/02/2018,Scotland,16,Jamie George,1990-10-20,27.35
24/02/2018,Scotland,17,Joe Marler,1990-07-07,27.64
24/02/2018,Scotland,15,Mike Brown,1985-09-04,32.47
24/02/2018,Scotland,19,George Kruis,1990-02-22,28.01
10/03/2018,France,22,Jonathan Joseph,1991-05-21,26.8
10/03/2018,France,14,Jonny May,1990-04-01,27.94
10/03/2018,France,12,Owen Farrell,1991-09-24,26.46
10/03/2018,France,1,Mako Vunipola,1991-01-14,27.15
10/03/2018,France,7,Chris Robshaw,1986-06-04,31.77
10/03/2018,France,10,George Ford,1993-03-16,24.98
10/03/2018,France,20,Sam Simmonds,1994-11-10,23.33
10/03/2018,France,3,Dan Cole,1987-05-09,30.84
10/03/2018,France,8,Nathan Hughes,1991-06-10,26.75
10/03/2018,France,4,Joe Launchbury,1991-04-12,26.91
10/03/2018,France,6,Courtney Lawes,1989-02-23,29.04
10/03/2018,France,5,Maro Itoje,1994-10-28,23.37
10/03/2018,France,9,Danny Care,1987-01-02,31.18
10/03/2018,France,15,Anthony Watson,1994-02-26,24.03
10/03/2018,France,13,Ben Te'o,1987-01-27,31.12
10/03/2018,France,21,Richard Wigglesworth,1983-06-09,34.75
10/03/2018,France,2,Jamie George,1990-10-20,27.39
10/03/2018,France,18,Kyle Sinckler,1993-03-30,24.95
10/03/2018,France,17,Joe Marler,1990-07-07,27.67
10/03/2018,France,19,James Haskell,1985-04-02,32.94
10/03/2018,France,23,Mike Brown,1985-09-04,32.51
10/03/2018,France,11,Elliot Daly,1992-10-08,25.42
10/03/2018,France,16,Luke Cowan-Dickie,1993-06-20,24.72
17/03/2018,Ireland,13,Jonathan Joseph,1991-05-21,26.82
17/03/2018,Ireland,14,Jonny May,1990-04-01,27.96
17/03/2018,Ireland,10,Owen Farrell,1991-09-24,26.48
17/03/2018,Ireland,1,Mako Vunipola,1991-01-14,27.17
17/03/2018,Ireland,6,Chris Robshaw,1986-06-04,31.78
17/03/2018,Ireland,22,George Ford,1993-03-16,25.0
17/03/2018,Ireland,8,Sam Simmonds,1994-11-10,23.35
17/03/2018,Ireland,18,Dan Cole,1987-05-09,30.86
17/03/2018,Ireland,19,Joe Launchbury,1991-04-12,26.93
17/03/2018,Ireland,4,Maro Itoje,1994-10-28,23.38
17/03/2018,Ireland,2,Dylan Hartley,1986-03-24,31.98
17/03/2018,Ireland,21,Danny Care,1987-01-02,31.2
17/03/2018,Ireland,15,Anthony Watson,1994-02-26,24.05
17/03/2018,Ireland,12,Ben Te'o,1987-01-27,31.14
17/03/2018,Ireland,20,Don Armand,1988-09-23,29.48
17/03/2018,Ireland,9,Richard Wigglesworth,1983-06-09,34.77
17/03/2018,Ireland,16,Jamie George,1990-10-20,27.41
17/03/2018,Ireland,3,Kyle Sinckler,1993-03-30,24.96
17/03/2018,Ireland,17,Joe Marler,1990-07-07,27.69
17/03/2018,Ireland,7,James Haskell,1985-04-02,32.96
17/03/2018,Ireland,23,Mike Brown,1985-09-04,32.53
17/03/2018,Ireland,11,Elliot Daly,1992-10-08,25.44
17/03/2018,Ireland,5,George Kruis,1990-02-22,28.06
27/05/2018,Barbarians,14,Jonny May,1990-04-01,28.15
27/05/2018,Barbarians,9,Ben Youngs,1989-09-05,28.72
27/05/2018,Barbarians,2,Jack Singleton,1996-05-14,22.03
27/05/2018,Barbarians,6,Chris Robshaw,1986-06-04,31.98
27/05/2018,Barbarians,10,George Ford,1993-03-16,25.2
27/05/2018,Barbarians,13,Henry Trinder,1989-04-14,29.12
27/05/2018,Barbarians,7,Tom Curry,1998-06-15,19.95
27/05/2018,Barbarians,18,Nick Schonert,1991-09-20,26.68
27/05/2018,Barbarians,5,Joe Launchbury,1991-04-12,27.12
27/05/2018,Barbarians,19,Josh Beaumont,1992-03-24,26.17
27/05/2018,Barbarians,16,George McGuigan,1993-03-30,25.16
27/05/2018,Barbarians,21,Dan Robson,1992-03-14,26.2
27/05/2018,Barbarians,12,Piers Francis,1990-06-20,27.93
27/05/2018,Barbarians,20,Mark Wilson,1989-10-06,28.64
27/05/2018,Barbarians,4,Elliott Stooke,1993-09-10,24.71
27/05/2018,Barbarians,17,Ellis Genge,1995-02-16,23.27
27/05/2018,Barbarians,8,Zach Mercer,1997-06-28,20.91
27/05/2018,Barbarians,23,Denny Solomona,1993-10-27,24.58
27/05/2018,Barbarians,3,Kyle Sinckler,1993-03-30,25.16
27/05/2018,Barbarians,1,Joe Marler,1990-07-07,27.89
27/05/2018,Barbarians,22,Danny Cipriani,1987-11-02,30.57
27/05/2018,Barbarians,11,Mike Brown,1985-09-04,32.73
27/05/2018,Barbarians,15,Elliot Daly,1992-10-08,25.63
09/06/2018,South Africa,14,Jonny May,1990-04-01,28.19
09/06/2018,South Africa,12,Owen Farrell,1991-09-24,26.71
09/06/2018,South Africa,9,Ben Youngs,1989-09-05,28.76
09/06/2018,South Africa,18,Harry Williams,1991-10-01,26.69
09/06/2018,South Africa,1,Mako Vunipola,1991-01-14,27.4
09/06/2018,South Africa,8,Billy Vunipola,1992-11-03,25.6
09/06/2018,South Africa,6,Chris Robshaw,1986-06-04,32.01
09/06/2018,South Africa,10,George Ford,1993-03-16,25.23
09/06/2018,South Africa,7,Tom Curry,1998-06-15,19.98
09/06/2018,South Africa,20,Nathan Hughes,1991-06-10,27.0
09/06/2018,South Africa,4,Maro Itoje,1994-10-28,23.61
09/06/2018,South Africa,22,Piers Francis,1990-06-20,27.97
09/06/2018,South Africa,21,Ben Spencer,1992-07-31,25.86
09/06/2018,South Africa,19,Brad Shields,1991-04-02,27.19
09/06/2018,South Africa,13,Henry Slade,1993-03-19,25.22
09/06/2018,South Africa,23,Denny Solomona,1993-10-27,24.62
09/06/2018,South Africa,2,Jamie George,1990-10-20,27.64
09/06/2018,South Africa,5,Nick Isiekwe,1998-04-20,20.14
09/06/2018,South Africa,3,Kyle Sinckler,1993-03-30,25.19
09/06/2018,South Africa,17,Joe Marler,1990-07-07,27.92
09/06/2018,South Africa,11,Mike Brown,1985-09-04,32.76
09/06/2018,South Africa,15,Elliot Daly,1992-10-08,25.67
09/06/2018,South Africa,16,Luke Cowan-Dickie,1993-06-20,24.97
16/06/2018,South Africa,14,Jonny May,1990-04-01,28.21
16/06/2018,South Africa,12,Owen Farrell,1991-09-24,26.73
16/06/2018,South Africa,9,Ben Youngs,1989-09-05,28.78
16/06/2018,South Africa,18,Harry Williams,1991-10-01,26.71
16/06/2018,South Africa,1,Mako Vunipola,1991-01-14,27.42
16/06/2018,South Africa,8,Billy Vunipola,1992-11-03,25.62
16/06/2018,South Africa,10,George Ford,1993-03-16,25.25
16/06/2018,South Africa,7,Tom Curry,1998-06-15,20.0
16/06/2018,South Africa,20,Nathan Hughes,1991-06-10,27.02
16/06/2018,South Africa,4,Joe Launchbury,1991-04-12,27.18
16/06/2018,South Africa,5,Maro Itoje,1994-10-28,23.63
16/06/2018,South Africa,21,Ben Spencer,1992-07-31,25.88
16/06/2018,South Africa,19,Mark Wilson,1989-10-06,28.69
16/06/2018,South Africa,6,Brad Shields,1991-04-02,27.21
16/06/2018,South Africa,13,Henry Slade,1993-03-19,25.24
16/06/2018,South Africa,23,Denny Solomona,1993-10-27,24.64
16/06/2018,South Africa,2,Jamie George,1990-10-20,27.66
16/06/2018,South Africa,3,Kyle Sinckler,1993-03-30,25.21
16/06/2018,South Africa,17,Joe Marler,1990-07-07,27.94
16/06/2018,South Africa,22,Danny Cipriani,1987-11-02,30.62
16/06/2018,South Africa,11,Mike Brown,1985-09-04,32.78
16/06/2018,South Africa,15,Elliot Daly,1992-10-08,25.69
16/06/2018,South Africa,16,Luke Cowan-Dickie,1993-06-20,24.99
23/06/2018,South Africa,14,Jonny May,1990-04-01,28.23
23/06/2018,South Africa,12,Owen Farrell,1991-09-24,26.75
23/06/2018,South Africa,9,Ben Youngs,1989-09-05,28.8
23/06/2018,South Africa,18,Harry Williams,1991-10-01,26.73
23/06/2018,South Africa,6,Chris Robshaw,1986-06-04,32.05
23/06/2018,South Africa,21,Sam Simmonds,1994-11-10,23.62
23/06/2018,South Africa,7,Tom Curry,1998-06-15,20.02
23/06/2018,South Africa,8,Nathan Hughes,1991-06-10,27.04
23/06/2018,South Africa,4,Joe Launchbury,1991-04-12,27.2
23/06/2018,South Africa,19,Jonny Hill,1994-06-08,24.04
23/06/2018,South Africa,5,Maro Itoje,1994-10-28,23.65
23/06/2018,South Africa,22,Ben Spencer,1992-07-31,25.9
23/06/2018,South Africa,20,Mark Wilson,1989-10-06,28.71
23/06/2018,South Africa,13,Henry Slade,1993-03-19,25.26
23/06/2018,South Africa,23,Denny Solomona,1993-10-27,24.65
23/06/2018,South Africa,2,Jamie George,1990-10-20,27.67
23/06/2018,South Africa,3,Kyle Sinckler,1993-03-30,25.23
23/06/2018,South Africa,1,Joe Marler,1990-07-07,27.96
23/06/2018,South Africa,10,Danny Cipriani,1987-11-02,30.64
23/06/2018,South Africa,11,Mike Brown,1985-09-04,32.8
23/06/2018,South Africa,15,Elliot Daly,1992-10-08,25.71
23/06/2018,South Africa,17,Alec Hepburn,1993-03-30,25.23
23/06/2018,South Africa,16,Luke Cowan-Dickie,1993-06-20,25.01
03/11/2018,South Africa,11,Jonny May,1990-04-01,28.59
03/11/2018,South Africa,10,Owen Farrell,1991-09-24,27.11
03/11/2018,South Africa,9,Ben Youngs,1989-09-05,29.16
03/11/2018,South Africa,18,Harry Williams,1991-10-01,27.09
03/11/2018,South Africa,22,George Ford,1993-03-16,25.64
03/11/2018,South Africa,7,Tom Curry,1998-06-15,20.39
03/11/2018,South Africa,17,Ben Moon,1989-07-14,29.31
03/11/2018,South Africa,14,Jack Nowell,1993-04-11,25.56
03/11/2018,South Africa,4,Maro Itoje,1994-10-28,24.02
03/11/2018,South Africa,8,Mark Wilson,1989-10-06,29.08
03/11/2018,South Africa,2,Dylan Hartley,1986-03-24,32.61
03/11/2018,South Africa,21,Danny Care,1987-01-02,31.84
03/11/2018,South Africa,20,Zach Mercer,1997-06-28,21.35
03/11/2018,South Africa,19,Charlie Ewels,1995-06-29,23.35
03/11/2018,South Africa,6,Brad Shields,1991-04-02,27.59
03/11/2018,South Africa,13,Henry Slade,1993-03-19,25.63
03/11/2018,South Africa,12,Ben Te'o,1987-01-27,31.77
03/11/2018,South Africa,16,Jamie George,1990-10-20,28.04
03/11/2018,South Africa,3,Kyle Sinckler,1993-03-30,25.6
03/11/2018,South Africa,23,Chris Ashton,1987-03-29,31.6
03/11/2018,South Africa,15,Elliot Daly,1992-10-08,26.07
03/11/2018,South Africa,1,Alec Hepburn,1993-03-30,25.6
03/11/2018,South Africa,5,George Kruis,1990-02-22,28.7
10/11/2018,New Zealand,11,Jonny May,1990-04-01,28.61
10/11/2018,New Zealand,10,Owen Farrell,1991-09-24,27.13
10/11/2018,New Zealand,9,Ben Youngs,1989-09-05,29.18
10/11/2018,New Zealand,18,Harry Williams,1991-10-01,27.11
10/11/2018,New Zealand,22,George Ford,1993-03-16,25.65
10/11/2018,New Zealand,7,Sam Underhill,1996-07-22,22.3
10/11/2018,New Zealand,1,Ben Moon,1989-07-14,29.33
10/11/2018,New Zealand,23,Jack Nowell,1993-04-11,25.58
10/11/2018,New Zealand,20,Courtney Lawes,1989-02-23,29.71
10/11/2018,New Zealand,4,Maro Itoje,1994-10-28,24.04
10/11/2018,New Zealand,8,Mark Wilson,1989-10-06,29.1
10/11/2018,New Zealand,2,Dylan Hartley,1986-03-24,32.63
10/11/2018,New Zealand,21,Danny Care,1987-01-02,31.86
10/11/2018,New Zealand,19,Charlie Ewels,1995-06-29,23.37
10/11/2018,New Zealand,6,Brad Shields,1991-04-02,27.61
10/11/2018,New Zealand,13,Henry Slade,1993-03-19,25.65
10/11/2018,New Zealand,12,Ben Te'o,1987-01-27,31.79
10/11/2018,New Zealand,16,Jamie George,1990-10-20,28.06
10/11/2018,New Zealand,3,Kyle Sinckler,1993-03-30,25.62
10/11/2018,New Zealand,14,Chris Ashton,1987-03-29,31.62
10/11/2018,New Zealand,15,Elliot Daly,1992-10-08,26.09
10/11/2018,New Zealand,17,Alec Hepburn,1993-03-30,25.62
10/11/2018,New Zealand,5,George Kruis,1990-02-22,28.72
17/11/2018,Japan,22,Owen Farrell,1991-09-24,27.15
17/11/2018,Japan,3,Harry Williams,1991-10-01,27.13
17/11/2018,Japan,12,Alex Lozowski,1993-06-30,25.38
17/11/2018,Japan,10,George Ford,1993-03-16,25.67
17/11/2018,Japan,20,Sam Underhill,1996-07-22,22.32
17/11/2018,Japan,17,Ben Moon,1989-07-14,29.34
17/11/2018,Japan,13,Jack Nowell,1993-04-11,25.6
17/11/2018,Japan,6,Courtney Lawes,1989-02-23,29.73
17/11/2018,Japan,5,Maro Itoje,1994-10-28,24.06
17/11/2018,Japan,7,Mark Wilson,1989-10-06,29.11
17/11/2018,Japan,19,Ted Hill,1999-03-26,19.65
17/11/2018,Japan,16,Dylan Hartley,1986-03-24,32.65
17/11/2018,Japan,9,Danny Care,1987-01-02,31.87
17/11/2018,Japan,8,Zach Mercer,1997-06-28,21.39
17/11/2018,Japan,4,Charlie Ewels,1995-06-29,23.39
17/11/2018,Japan,23,Henry Slade,1993-03-19,25.67
17/11/2018,Japan,14,Joe Cokanasiga,1997-11-15,21.01
17/11/2018,Japan,21,Richard Wigglesworth,1983-06-09,35.44
17/11/2018,Japan,2,Jamie George,1990-10-20,28.08
17/11/2018,Japan,18,Kyle Sinckler,1993-03-30,25.64
17/11/2018,Japan,11,Chris Ashton,1987-03-29,31.64
17/11/2018,Japan,15,Elliot Daly,1992-10-08,26.11
17/11/2018,Japan,1,Alec Hepburn,1993-03-30,25.64
24/11/2018,Australia,11,Jonny May,1990-04-01,28.65
24/11/2018,Australia,10,Owen Farrell,1991-09-24,27.17
24/11/2018,Australia,9,Ben Youngs,1989-09-05,29.22
24/11/2018,Australia,18,Harry Williams,1991-10-01,27.15
24/11/2018,Australia,22,George Ford,1993-03-16,25.69
24/11/2018,Australia,20,Nathan Hughes,1991-06-10,27.46
24/11/2018,Australia,7,Sam Underhill,1996-07-22,22.34
24/11/2018,Australia,1,Ben Moon,1989-07-14,29.36
24/11/2018,Australia,5,Courtney Lawes,1989-02-23,29.75
24/11/2018,Australia,4,Maro Itoje,1994-10-28,24.07
24/11/2018,Australia,8,Mark Wilson,1989-10-06,29.13
24/11/2018,Australia,23,Manu Tuilagi,1991-05-18,27.52
24/11/2018,Australia,16,Dylan Hartley,1986-03-24,32.67
24/11/2018,Australia,19,Charlie Ewels,1995-06-29,23.41
24/11/2018,Australia,6,Brad Shields,1991-04-02,27.65
24/11/2018,Australia,13,Henry Slade,1993-03-19,25.68
24/11/2018,Australia,12,Ben Te'o,1987-01-27,31.83
24/11/2018,Australia,14,Joe Cokanasiga,1997-11-15,21.02
24/11/2018,Australia,21,Richard Wigglesworth,1983-06-09,35.46
24/11/2018,Australia,2,Jamie George,1990-10-20,28.1
24/11/2018,Australia,3,Kyle Sinckler,1993-03-30,25.65
24/11/2018,Australia,15,Elliot Daly,1992-10-08,26.13
24/11/2018,Australia,17,Alec Hepburn,1993-03-30,25.65
02/02/2019,Ireland,11,Jonny May,1990-04-01,28.84
02/02/2019,Ireland,10,Owen Farrell,1991-09-24,27.36
02/02/2019,Ireland,9,Ben Youngs,1989-09-05,29.41
02/02/2019,Ireland,18,Harry Williams,1991-10-01,27.34
02/02/2019,Ireland,1,Mako Vunipola,1991-01-14,28.05
02/02/2019,Ireland,8,Billy Vunipola,1992-11-03,26.25
02/02/2019,Ireland,22,George Ford,1993-03-16,25.88
02/02/2019,Ireland,7,Tom Curry,1998-06-15,20.64
02/02/2019,Ireland,20,Nathan Hughes,1991-06-10,27.65
02/02/2019,Ireland,21,Dan Robson,1992-03-14,26.89
02/02/2019,Ireland,14,Jack Nowell,1993-04-11,25.81
02/02/2019,Ireland,19,Courtney Lawes,1989-02-23,29.94
02/02/2019,Ireland,4,Maro Itoje,1994-10-28,24.27
02/02/2019,Ireland,6,Mark Wilson,1989-10-06,29.33
02/02/2019,Ireland,17,Ellis Genge,1995-02-16,23.96
02/02/2019,Ireland,12,Manu Tuilagi,1991-05-18,27.71
02/02/2019,Ireland,13,Henry Slade,1993-03-19,25.88
02/02/2019,Ireland,2,Jamie George,1990-10-20,28.29
02/02/2019,Ireland,3,Kyle Sinckler,1993-03-30,25.85
02/02/2019,Ireland,23,Chris Ashton,1987-03-29,31.85
02/02/2019,Ireland,15,Elliot Daly,1992-10-08,26.32
02/02/2019,Ireland,16,Luke Cowan-Dickie,1993-06-20,25.62
02/02/2019,Ireland,5,George Kruis,1990-02-22,28.95
10/02/2019,France,11,Jonny May,1990-04-01,28.86
10/02/2019,France,10,Owen Farrell,1991-09-24,27.38
10/02/2019,France,9,Ben Youngs,1989-09-05,29.43
10/02/2019,France,1,Mako Vunipola,1991-01-14,28.07
10/02/2019,France,8,Billy Vunipola,1992-11-03,26.27
10/02/2019,France,22,George Ford,1993-03-16,25.91
10/02/2019,France,18,Dan Cole,1987-05-09,31.76
10/02/2019,France,7,Tom Curry,1998-06-15,20.66
10/02/2019,France,20,Nathan Hughes,1991-06-10,27.67
10/02/2019,France,19,Joe Launchbury,1991-04-12,27.83
10/02/2019,France,21,Dan Robson,1992-03-14,26.91
10/02/2019,France,17,Ben Moon,1989-07-14,29.58
10/02/2019,France,23,Jack Nowell,1993-04-11,25.83
10/02/2019,France,4,Courtney Lawes,1989-02-23,29.96
10/02/2019,France,6,Mark Wilson,1989-10-06,29.35
10/02/2019,France,12,Manu Tuilagi,1991-05-18,27.73
10/02/2019,France,13,Henry Slade,1993-03-19,25.9
10/02/2019,France,2,Jamie George,1990-10-20,28.31
10/02/2019,France,3,Kyle Sinckler,1993-03-30,25.87
10/02/2019,France,14,Chris Ashton,1987-03-29,31.87
10/02/2019,France,15,Elliot Daly,1992-10-08,26.34
10/02/2019,France,16,Luke Cowan-Dickie,1993-06-20,25.64
10/02/2019,France,5,George Kruis,1990-02-22,28.97
23/02/2019,Wales,11,Jonny May,1990-04-01,28.9
23/02/2019,Wales,10,Owen Farrell,1991-09-24,27.42
23/02/2019,Wales,9,Ben Youngs,1989-09-05,29.47
23/02/2019,Wales,18,Harry Williams,1991-10-01,27.4
23/02/2019,Wales,8,Billy Vunipola,1992-11-03,26.31
23/02/2019,Wales,22,George Ford,1993-03-16,25.94
23/02/2019,Wales,7,Tom Curry,1998-06-15,20.69
23/02/2019,Wales,19,Joe Launchbury,1991-04-12,27.87
23/02/2019,Wales,21,Dan Robson,1992-03-14,26.95
23/02/2019,Wales,1,Ben Moon,1989-07-14,29.61
23/02/2019,Wales,14,Jack Nowell,1993-04-11,25.87
23/02/2019,Wales,4,Courtney Lawes,1989-02-23,30.0
23/02/2019,Wales,6,Mark Wilson,1989-10-06,29.38
23/02/2019,Wales,17,Ellis Genge,1995-02-16,24.02
23/02/2019,Wales,12,Manu Tuilagi,1991-05-18,27.77
23/02/2019,Wales,20,Brad Shields,1991-04-02,27.9
23/02/2019,Wales,13,Henry Slade,1993-03-19,25.93
23/02/2019,Wales,23,Joe Cokanasiga,1997-11-15,21.27
23/02/2019,Wales,2,Jamie George,1990-10-20,28.35
23/02/2019,Wales,3,Kyle Sinckler,1993-03-30,25.9
23/02/2019,Wales,15,Elliot Daly,1992-10-08,26.38
23/02/2019,Wales,16,Luke Cowan-Dickie,1993-06-20,25.68
23/02/2019,Wales,5,George Kruis,1990-02-22,29.0
09/03/2019,Italy,11,Jonny May,1990-04-01,28.94
09/03/2019,Italy,10,Owen Farrell,1991-09-24,27.46
09/03/2019,Italy,9,Ben Youngs,1989-09-05,29.51
09/03/2019,Italy,8,Billy Vunipola,1992-11-03,26.34
09/03/2019,Italy,22,George Ford,1993-03-16,25.98
09/03/2019,Italy,18,Dan Cole,1987-05-09,31.83
09/03/2019,Italy,7,Tom Curry,1998-06-15,20.73
09/03/2019,Italy,19,Nathan Hughes,1991-06-10,27.75
09/03/2019,Italy,4,Joe Launchbury,1991-04-12,27.91
09/03/2019,Italy,21,Dan Robson,1992-03-14,26.98
09/03/2019,Italy,17,Ben Moon,1989-07-14,29.65
09/03/2019,Italy,20,Mark Wilson,1989-10-06,29.42
09/03/2019,Italy,1,Ellis Genge,1995-02-16,24.06
09/03/2019,Italy,13,Manu Tuilagi,1991-05-18,27.81
09/03/2019,Italy,6,Brad Shields,1991-04-02,27.93
09/03/2019,Italy,23,Henry Slade,1993-03-19,25.97
09/03/2019,Italy,12,Ben Te'o,1987-01-27,32.11
09/03/2019,Italy,14,Joe Cokanasiga,1997-11-15,21.31
09/03/2019,Italy,2,Jamie George,1990-10-20,28.38
09/03/2019,Italy,3,Kyle Sinckler,1993-03-30,25.94
09/03/2019,Italy,15,Elliot Daly,1992-10-08,26.42
09/03/2019,Italy,16,Luke Cowan-Dickie,1993-06-20,25.72
09/03/2019,Italy,5,George Kruis,1990-02-22,29.04
16/03/2019,Scotland,11,Jonny May,1990-04-01,28.96
16/03/2019,Scotland,10,Owen Farrell,1991-09-24,27.47
16/03/2019,Scotland,9,Ben Youngs,1989-09-05,29.53
16/03/2019,Scotland,8,Billy Vunipola,1992-11-03,26.36
16/03/2019,Scotland,22,George Ford,1993-03-16,26.0
16/03/2019,Scotland,18,Dan Cole,1987-05-09,31.85
16/03/2019,Scotland,7,Tom Curry,1998-06-15,20.75
16/03/2019,Scotland,20,Nathan Hughes,1991-06-10,27.77
16/03/2019,Scotland,4,Joe Launchbury,1991-04-12,27.93
16/03/2019,Scotland,1,Ben Moon,1989-07-14,29.67
16/03/2019,Scotland,14,Jack Nowell,1993-04-11,25.93
16/03/2019,Scotland,21,Ben Spencer,1992-07-31,26.62
16/03/2019,Scotland,6,Mark Wilson,1989-10-06,29.44
16/03/2019,Scotland,17,Ellis Genge,1995-02-16,24.08
16/03/2019,Scotland,12,Manu Tuilagi,1991-05-18,27.83
16/03/2019,Scotland,19,Brad Shields,1991-04-02,27.95
16/03/2019,Scotland,13,Henry Slade,1993-03-19,25.99
16/03/2019,Scotland,23,Ben Te'o,1987-01-27,32.13
16/03/2019,Scotland,2,Jamie George,1990-10-20,28.4
16/03/2019,Scotland,3,Kyle Sinckler,1993-03-30,25.96
16/03/2019,Scotland,15,Elliot Daly,1992-10-08,26.43
16/03/2019,Scotland,16,Luke Cowan-Dickie,1993-06-20,25.74
16/03/2019,Scotland,5,George Kruis,1990-02-22,29.06
02/06/2019,Barbarians,9,Alex Mitchell,1997-05-25,22.02
02/06/2019,Barbarians,13,Joe Marchant,1996-07-16,22.88
02/06/2019,Barbarians,10,Marcus Smith,1999-02-14,20.3
02/06/2019,Barbarians,14,Piers O'Conor,1995-08-28,23.76
02/06/2019,Barbarians,5,Josh Beaumont,1992-03-24,27.19
02/06/2019,Barbarians,23,Ben Loader,1998-09-08,20.73
02/06/2019,Barbarians,3,Ehren Painter,1998-03-21,21.2
02/06/2019,Barbarians,11,Josh Bassett,1992-03-17,27.21
02/06/2019,Barbarians,20,Tom Ellis,1994-09-29,24.67
02/06/2019,Barbarians,18,Paul Hill,1995-03-02,24.25
02/06/2019,Barbarians,15,Simon Hammersley,1993-03-20,26.2
02/06/2019,Barbarians,7,Ben Curry,1998-06-15,20.96
02/06/2019,Barbarians,19,Will Spencer,1992-05-30,27.01
02/06/2019,Barbarians,4,Elliott Stooke,1993-09-10,25.73
02/06/2019,Barbarians,8,Teimana Harrison,1992-09-05,26.74
02/06/2019,Barbarians,16,Tommy Taylor,1991-11-11,27.56
02/06/2019,Barbarians,2,Tom Dunn,1992-11-12,26.55
02/06/2019,Barbarians,12,Johnny Williams,1996-10-18,22.62
02/06/2019,Barbarians,17,Beno Obano,1994-10-24,24.61
02/06/2019,Barbarians,1,Ross Harrison,1992-09-03,26.74
02/06/2019,Barbarians,22,Callum Sheedy,1995-10-28,23.6
02/06/2019,Barbarians,21,Ben White,1998-05-27,21.02
02/06/2019,Barbarians,6,Alex Dombrandt,1997-04-29,22.09
11/08/2019,Wales,13,Jonathan Joseph,1991-05-21,28.23
11/08/2019,Wales,21,Ben Youngs,1989-09-05,29.93
11/08/2019,Wales,16,Jack Singleton,1996-05-14,23.24
11/08/2019,Wales,18,Harry Williams,1991-10-01,27.86
11/08/2019,Wales,6,Lewis Ludlam,1995-12-08,23.67
11/08/2019,Wales,8,Billy Vunipola,1992-11-03,26.77
11/08/2019,Wales,10,George Ford,1993-03-16,26.4
11/08/2019,Wales,22,Joe Marchant,1996-07-16,23.07
11/08/2019,Wales,3,Dan Cole,1987-05-09,32.26
11/08/2019,Wales,7,Tom Curry,1998-06-15,21.16
11/08/2019,Wales,4,Joe Launchbury,1991-04-12,28.33
11/08/2019,Wales,20,Courtney Lawes,1989-02-23,30.46
11/08/2019,Wales,12,Piers Francis,1990-06-20,29.14
11/08/2019,Wales,9,Willi Heinz,1986-11-24,32.71
11/08/2019,Wales,1,Ellis Genge,1995-02-16,24.48
11/08/2019,Wales,23,Manu Tuilagi,1991-05-18,28.23
11/08/2019,Wales,5,Charlie Ewels,1995-06-29,24.12
11/08/2019,Wales,11,Anthony Watson,1994-02-26,25.45
11/08/2019,Wales,14,Joe Cokanasiga,1997-11-15,21.74
11/08/2019,Wales,17,Joe Marler,1990-07-07,29.1
11/08/2019,Wales,15,Elliot Daly,1992-10-08,26.84
11/08/2019,Wales,2,Luke Cowan-Dickie,1993-06-20,26.14
11/08/2019,Wales,19,George Kruis,1990-02-22,29.47
17/08/2019,Wales,13,Jonathan Joseph,1991-05-21,28.24
17/08/2019,Wales,22,Owen Farrell,1991-09-24,27.9
17/08/2019,Wales,21,Ben Youngs,1989-09-05,29.95
17/08/2019,Wales,20,Jack Singleton,1996-05-14,23.26
17/08/2019,Wales,7,Lewis Ludlam,1995-12-08,23.69
17/08/2019,Wales,8,Billy Vunipola,1992-11-03,26.78
17/08/2019,Wales,10,George Ford,1993-03-16,26.42
17/08/2019,Wales,3,Dan Cole,1987-05-09,32.27
17/08/2019,Wales,4,Joe Launchbury,1991-04-12,28.35
17/08/2019,Wales,6,Courtney Lawes,1989-02-23,30.48
17/08/2019,Wales,5,Maro Itoje,1994-10-28,24.8
17/08/2019,Wales,12,Piers Francis,1990-06-20,29.16
17/08/2019,Wales,9,Willi Heinz,1986-11-24,32.73
17/08/2019,Wales,1,Ellis Genge,1995-02-16,24.5
17/08/2019,Wales,23,Manu Tuilagi,1991-05-18,28.25
17/08/2019,Wales,14,Anthony Watson,1994-02-26,25.47
17/08/2019,Wales,11,Joe Cokanasiga,1997-11-15,21.75
17/08/2019,Wales,16,Jamie George,1990-10-20,28.82
17/08/2019,Wales,18,Kyle Sinckler,1993-03-30,26.38
17/08/2019,Wales,17,Joe Marler,1990-07-07,29.11
17/08/2019,Wales,15,Elliot Daly,1992-10-08,26.86
17/08/2019,Wales,2,Luke Cowan-Dickie,1993-06-20,26.16
17/08/2019,Wales,19,George Kruis,1990-02-22,29.48
24/08/2019,Ireland,11,Jonny May,1990-04-01,29.4
24/08/2019,Ireland,12,Owen Farrell,1991-09-24,27.92
24/08/2019,Ireland,9,Ben Youngs,1989-09-05,29.97
24/08/2019,Ireland,17,Mako Vunipola,1991-01-14,28.61
24/08/2019,Ireland,8,Billy Vunipola,1992-11-03,26.8
24/08/2019,Ireland,10,George Ford,1993-03-16,26.44
24/08/2019,Ireland,23,Joe Marchant,1996-07-16,23.11
24/08/2019,Ireland,18,Dan Cole,1987-05-09,32.29
24/08/2019,Ireland,6,Tom Curry,1998-06-15,21.19
24/08/2019,Ireland,7,Sam Underhill,1996-07-22,23.09
24/08/2019,Ireland,19,Courtney Lawes,1989-02-23,30.5
24/08/2019,Ireland,4,Maro Itoje,1994-10-28,24.82
24/08/2019,Ireland,22,Piers Francis,1990-06-20,29.18
24/08/2019,Ireland,20,Mark Wilson,1989-10-06,29.88
24/08/2019,Ireland,21,Willi Heinz,1986-11-24,32.75
24/08/2019,Ireland,13,Manu Tuilagi,1991-05-18,28.27
24/08/2019,Ireland,14,Joe Cokanasiga,1997-11-15,21.77
24/08/2019,Ireland,2,Jamie George,1990-10-20,28.84
24/08/2019,Ireland,3,Kyle Sinckler,1993-03-30,26.4
24/08/2019,Ireland,1,Joe Marler,1990-07-07,29.13
24/08/2019,Ireland,15,Elliot Daly,1992-10-08,26.88
24/08/2019,Ireland,16,Luke Cowan-Dickie,1993-06-20,26.18
24/08/2019,Ireland,5,George Kruis,1990-02-22,29.5
06/09/2019,Italy,11,Jonny May,1990-04-01,29.43
06/09/2019,Italy,10,Owen Farrell,1991-09-24,27.95
06/09/2019,Italy,9,Ben Youngs,1989-09-05,30.0
06/09/2019,Italy,8,Billy Vunipola,1992-11-03,26.84
06/09/2019,Italy,22,George Ford,1993-03-16,26.48
06/09/2019,Italy,13,Joe Marchant,1996-07-16,23.14
06/09/2019,Italy,3,Dan Cole,1987-05-09,32.33
06/09/2019,Italy,6,Tom Curry,1998-06-15,21.23
06/09/2019,Italy,4,Joe Launchbury,1991-04-12,28.4
06/09/2019,Italy,20,Matt Kvesic,1992-04-14,27.4
06/09/2019,Italy,5,Courtney Lawes,1989-02-23,30.53
06/09/2019,Italy,12,Piers Francis,1990-06-20,29.21
06/09/2019,Italy,7,Mark Wilson,1989-10-06,29.92
06/09/2019,Italy,21,Willi Heinz,1986-11-24,32.78
06/09/2019,Italy,17,Ellis Genge,1995-02-16,24.55
06/09/2019,Italy,19,Charlie Ewels,1995-06-29,24.19
06/09/2019,Italy,15,Anthony Watson,1994-02-26,25.53
06/09/2019,Italy,14,Ruaridh McConnochie,1991-10-23,27.87
06/09/2019,Italy,23,Joe Cokanasiga,1997-11-15,21.81
06/09/2019,Italy,2,Jamie George,1990-10-20,28.88
06/09/2019,Italy,18,Kyle Sinckler,1993-03-30,26.44
06/09/2019,Italy,1,Joe Marler,1990-07-07,29.17
06/09/2019,Italy,16,Luke Cowan-Dickie,1993-06-20,26.21
22/09/2019,Tonga,17,Ellis Genge,1995-02-16,24.6
22/09/2019,Tonga,13,Manu Tuilagi,1991-05-18,28.35
22/09/2019,Tonga,14,Anthony Watson,1994-02-26,25.57
22/09/2019,Tonga,22,Henry Slade,1993-03-19,26.51
22/09/2019,Tonga,2,Jamie George,1990-10-20,28.92
22/09/2019,Tonga,3,Kyle Sinckler,1993-03-30,26.48
22/09/2019,Tonga,1,Joe Marler,1990-07-07,29.21
22/09/2019,Tonga,15,Elliot Daly,1992-10-08,26.95
22/09/2019,Tonga,16,Luke Cowan-Dickie,1993-06-20,26.26
22/09/2019,Tonga,19,George Kruis,1990-02-22,29.58
22/09/2019,Tonga,23,Jonathan Joseph,1991-05-21,28.34
22/09/2019,Tonga,11,Jonny May,1990-04-01,29.48
22/09/2019,Tonga,12,Owen Farrell,1991-09-24,28.0
22/09/2019,Tonga,9,Ben Youngs,1989-09-05,30.05
22/09/2019,Tonga,20,Lewis Ludlam,1995-12-08,23.79
22/09/2019,Tonga,8,Billy Vunipola,1992-11-03,26.88
22/09/2019,Tonga,10,George Ford,1993-03-16,26.52
22/09/2019,Tonga,18,Dan Cole,1987-05-09,32.37
22/09/2019,Tonga,6,Tom Curry,1998-06-15,21.27
22/09/2019,Tonga,7,Sam Underhill,1996-07-22,23.17
22/09/2019,Tonga,4,Courtney Lawes,1989-02-23,30.58
22/09/2019,Tonga,5,Maro Itoje,1994-10-28,24.9
22/09/2019,Tonga,21,Willi Heinz,1986-11-24,32.83
26/09/2019,USA,13,Jonathan Joseph,1991-05-21,28.35
26/09/2019,USA,22,Owen Farrell,1991-09-24,28.01
26/09/2019,USA,21,Ben Youngs,1989-09-05,30.06
26/09/2019,USA,16,Jack Singleton,1996-05-14,23.37
26/09/2019,USA,7,Lewis Ludlam,1995-12-08,23.8
26/09/2019,USA,8,Billy Vunipola,1992-11-03,26.89
26/09/2019,USA,10,George Ford,1993-03-16,26.53
26/09/2019,USA,3,Dan Cole,1987-05-09,32.38
26/09/2019,USA,6,Tom Curry,1998-06-15,21.28
26/09/2019,USA,4,Joe Launchbury,1991-04-12,28.46
26/09/2019,USA,19,Courtney Lawes,1989-02-23,30.59
26/09/2019,USA,12,Piers Francis,1990-06-20,29.27
26/09/2019,USA,20,Mark Wilson,1989-10-06,29.97
26/09/2019,USA,9,Willi Heinz,1986-11-24,32.84
26/09/2019,USA,17,Ellis Genge,1995-02-16,24.61
26/09/2019,USA,23,Anthony Watson,1994-02-26,25.58
26/09/2019,USA,14,Ruaridh McConnochie,1991-10-23,27.93
26/09/2019,USA,11,Joe Cokanasiga,1997-11-15,21.86
26/09/2019,USA,18,Kyle Sinckler,1993-03-30,26.49
26/09/2019,USA,1,Joe Marler,1990-07-07,29.22
26/09/2019,USA,15,Elliot Daly,1992-10-08,26.97
26/09/2019,USA,2,Luke Cowan-Dickie,1993-06-20,26.27
26/09/2019,USA,5,George Kruis,1990-02-22,29.59
05/10/2019,Argentina,11,Jonny May,1990-04-01,29.51
05/10/2019,Argentina,12,Owen Farrell,1991-09-24,28.03
05/10/2019,Argentina,9,Ben Youngs,1989-09-05,30.08
05/10/2019,Argentina,17,Mako Vunipola,1991-01-14,28.72
05/10/2019,Argentina,20,Lewis Ludlam,1995-12-08,23.83
05/10/2019,Argentina,8,Billy Vunipola,1992-11-03,26.92
05/10/2019,Argentina,10,George Ford,1993-03-16,26.55
05/10/2019,Argentina,18,Dan Cole,1987-05-09,32.41
05/10/2019,Argentina,6,Tom Curry,1998-06-15,21.31
05/10/2019,Argentina,7,Sam Underhill,1996-07-22,23.2
05/10/2019,Argentina,23,Jack Nowell,1993-04-11,26.48
05/10/2019,Argentina,19,Courtney Lawes,1989-02-23,30.61
05/10/2019,Argentina,4,Maro Itoje,1994-10-28,24.94
05/10/2019,Argentina,21,Willi Heinz,1986-11-24,32.86
05/10/2019,Argentina,13,Manu Tuilagi,1991-05-18,28.38
05/10/2019,Argentina,14,Anthony Watson,1994-02-26,25.6
05/10/2019,Argentina,22,Henry Slade,1993-03-19,26.55
05/10/2019,Argentina,2,Jamie George,1990-10-20,28.96
05/10/2019,Argentina,3,Kyle Sinckler,1993-03-30,26.52
05/10/2019,Argentina,1,Joe Marler,1990-07-07,29.25
05/10/2019,Argentina,15,Elliot Daly,1992-10-08,26.99
05/10/2019,Argentina,16,Luke Cowan-Dickie,1993-06-20,26.29
05/10/2019,Argentina,5,George Kruis,1990-02-22,29.62
19/10/2019,Australia,23,Jonathan Joseph,1991-05-21,28.41
19/10/2019,Australia,11,Jonny May,1990-04-01,29.55
19/10/2019,Australia,10,Owen Farrell,1991-09-24,28.07
19/10/2019,Australia,9,Ben Youngs,1989-09-05,30.12
19/10/2019,Australia,1,Mako Vunipola,1991-01-14,28.76
19/10/2019,Australia,20,Lewis Ludlam,1995-12-08,23.86
19/10/2019,Australia,8,Billy Vunipola,1992-11-03,26.96
19/10/2019,Australia,22,George Ford,1993-03-16,26.59
19/10/2019,Australia,18,Dan Cole,1987-05-09,32.45
19/10/2019,Australia,6,Tom Curry,1998-06-15,21.34
19/10/2019,Australia,7,Sam Underhill,1996-07-22,23.24
19/10/2019,Australia,5,Courtney Lawes,1989-02-23,30.65
19/10/2019,Australia,4,Maro Itoje,1994-10-28,24.98
19/10/2019,Australia,21,Willi Heinz,1986-11-24,32.9
19/10/2019,Australia,12,Manu Tuilagi,1991-05-18,28.42
19/10/2019,Australia,14,Anthony Watson,1994-02-26,25.64
19/10/2019,Australia,13,Henry Slade,1993-03-19,26.59
19/10/2019,Australia,2,Jamie George,1990-10-20,29.0
19/10/2019,Australia,3,Kyle Sinckler,1993-03-30,26.55
19/10/2019,Australia,17,Joe Marler,1990-07-07,29.28
19/10/2019,Australia,15,Elliot Daly,1992-10-08,27.03
19/10/2019,Australia,16,Luke Cowan-Dickie,1993-06-20,26.33
19/10/2019,Australia,19,George Kruis,1990-02-22,29.65
26/10/2019,New Zealand,23,Jonathan Joseph,1991-05-21,28.43
26/10/2019,New Zealand,11,Jonny May,1990-04-01,29.57
26/10/2019,New Zealand,12,Owen Farrell,1991-09-24,28.09
26/10/2019,New Zealand,9,Ben Youngs,1989-09-05,30.14
26/10/2019,New Zealand,1,Mako Vunipola,1991-01-14,28.78
26/10/2019,New Zealand,8,Billy Vunipola,1992-11-03,26.98
26/10/2019,New Zealand,10,George Ford,1993-03-16,26.61
26/10/2019,New Zealand,18,Dan Cole,1987-05-09,32.47
26/10/2019,New Zealand,6,Tom Curry,1998-06-15,21.36
26/10/2019,New Zealand,7,Sam Underhill,1996-07-22,23.26
26/10/2019,New Zealand,5,Courtney Lawes,1989-02-23,30.67
26/10/2019,New Zealand,4,Maro Itoje,1994-10-28,24.99
26/10/2019,New Zealand,20,Mark Wilson,1989-10-06,30.05
26/10/2019,New Zealand,21,Willi Heinz,1986-11-24,32.92
26/10/2019,New Zealand,13,Manu Tuilagi,1991-05-18,28.44
26/10/2019,New Zealand,14,Anthony Watson,1994-02-26,25.66
26/10/2019,New Zealand,22,Henry Slade,1993-03-19,26.6
26/10/2019,New Zealand,2,Jamie George,1990-10-20,29.02
26/10/2019,New Zealand,3,Kyle Sinckler,1993-03-30,26.57
26/10/2019,New Zealand,17,Joe Marler,1990-07-07,29.3
26/10/2019,New Zealand,15,Elliot Daly,1992-10-08,27.05
26/10/2019,New Zealand,16,Luke Cowan-Dickie,1993-06-20,26.35
26/10/2019,New Zealand,19,George Kruis,1990-02-22,29.67
02/11/2019,South Africa,23,Jonathan Joseph,1991-05-21,28.45
02/11/2019,South Africa,11,Jonny May,1990-04-01,29.59
02/11/2019,South Africa,12,Owen Farrell,1991-09-24,28.11
02/11/2019,South Africa,9,Ben Youngs,1989-09-05,30.16
02/11/2019,South Africa,1,Mako Vunipola,1991-01-14,28.8
02/11/2019,South Africa,8,Billy Vunipola,1992-11-03,27.0
02/11/2019,South Africa,10,George Ford,1993-03-16,26.63
02/11/2019,South Africa,18,Dan Cole,1987-05-09,32.49
02/11/2019,South Africa,6,Tom Curry,1998-06-15,21.38
02/11/2019,South Africa,7,Sam Underhill,1996-07-22,23.28
02/11/2019,South Africa,5,Courtney Lawes,1989-02-23,30.69
02/11/2019,South Africa,4,Maro Itoje,1994-10-28,25.01
02/11/2019,South Africa,21,Ben Spencer,1992-07-31,27.26
02/11/2019,South Africa,20,Mark Wilson,1989-10-06,30.07
02/11/2019,South Africa,13,Manu Tuilagi,1991-05-18,28.46
02/11/2019,South Africa,14,Anthony Watson,1994-02-26,25.68
02/11/2019,South Africa,22,Henry Slade,1993-03-19,26.62
02/11/2019,South Africa,2,Jamie George,1990-10-20,29.04
02/11/2019,South Africa,3,Kyle Sinckler,1993-03-30,26.59
02/11/2019,South Africa,17,Joe Marler,1990-07-07,29.32
02/11/2019,South Africa,15,Elliot Daly,1992-10-08,27.07
02/11/2019,South Africa,16,Luke Cowan-Dickie,1993-06-20,26.37
02/11/2019,South Africa,19,George Kruis,1990-02-22,29.69
02/02/2020,France,23,Jonathan Joseph,1991-05-21,28.7
02/02/2020,France,14,Jonny May,1990-04-01,29.84
02/02/2020,France,12,Owen Farrell,1991-09-24,28.36
02/02/2020,France,9,Ben Youngs,1989-09-05,30.41
02/02/2020,France,20,Lewis Ludlam,1995-12-08,24.15
02/02/2020,France,10,George Ford,1993-03-16,26.88
02/02/2020,France,18,Will Stuart,1996-07-12,23.56
02/02/2020,France,8,Tom Curry,1998-06-15,21.63
02/02/2020,France,7,Sam Underhill,1996-07-22,23.53
02/02/2020,France,6,Courtney Lawes,1989-02-23,30.94
02/02/2020,France,22,Ollie Devoto,1993-09-22,26.36
02/02/2020,France,4,Maro Itoje,1994-10-28,25.27
02/02/2020,France,21,Willi Heinz,1986-11-24,33.19
02/02/2020,France,17,Ellis Genge,1995-02-16,24.96
02/02/2020,France,13,Manu Tuilagi,1991-05-18,28.71
02/02/2020,France,5,Charlie Ewels,1995-06-29,24.6
02/02/2020,France,15,George Furbank,1996-10-17,23.29
02/02/2020,France,2,Jamie George,1990-10-20,29.29
02/02/2020,France,3,Kyle Sinckler,1993-03-30,26.85
02/02/2020,France,1,Joe Marler,1990-07-07,29.57
02/02/2020,France,11,Elliot Daly,1992-10-08,27.32
02/02/2020,France,16,Luke Cowan-Dickie,1993-06-20,26.62
02/02/2020,France,19,George Kruis,1990-02-22,29.94
08/02/2020,Scotland,13,Jonathan Joseph,1991-05-21,28.72
08/02/2020,Scotland,14,Jonny May,1990-04-01,29.86
08/02/2020,Scotland,12,Owen Farrell,1991-09-24,28.38
08/02/2020,Scotland,22,Ben Youngs,1989-09-05,30.43
08/02/2020,Scotland,1,Mako Vunipola,1991-01-14,29.07
08/02/2020,Scotland,6,Lewis Ludlam,1995-12-08,24.17
08/02/2020,Scotland,10,George Ford,1993-03-16,26.9
08/02/2020,Scotland,18,Will Stuart,1996-07-12,23.58
08/02/2020,Scotland,21,Ben Earl,1998-01-07,22.09
08/02/2020,Scotland,8,Tom Curry,1998-06-15,21.65
08/02/2020,Scotland,19,Joe Launchbury,1991-04-12,28.83
08/02/2020,Scotland,7,Sam Underhill,1996-07-22,23.55
08/02/2020,Scotland,20,Courtney Lawes,1989-02-23,30.96
08/02/2020,Scotland,23,Ollie Devoto,1993-09-22,26.38
08/02/2020,Scotland,4,Maro Itoje,1994-10-28,25.28
08/02/2020,Scotland,9,Willi Heinz,1986-11-24,33.21
08/02/2020,Scotland,17,Ellis Genge,1995-02-16,24.98
08/02/2020,Scotland,16,Tom Dunn,1992-11-12,27.24
08/02/2020,Scotland,15,George Furbank,1996-10-17,23.31
08/02/2020,Scotland,2,Jamie George,1990-10-20,29.3
08/02/2020,Scotland,3,Kyle Sinckler,1993-03-30,26.86
08/02/2020,Scotland,11,Elliot Daly,1992-10-08,27.34
08/02/2020,Scotland,5,George Kruis,1990-02-22,29.96
23/02/2020,Ireland,11,Jonathan Joseph,1991-05-21,28.76
23/02/2020,Ireland,14,Jonny May,1990-04-01,29.9
23/02/2020,Ireland,12,Owen Farrell,1991-09-24,28.42
23/02/2020,Ireland,9,Ben Youngs,1989-09-05,30.47
23/02/2020,Ireland,10,George Ford,1993-03-16,26.94
23/02/2020,Ireland,18,Will Stuart,1996-07-12,23.62
23/02/2020,Ireland,21,Ben Earl,1998-01-07,22.13
23/02/2020,Ireland,8,Tom Curry,1998-06-15,21.69
23/02/2020,Ireland,19,Joe Launchbury,1991-04-12,28.87
23/02/2020,Ireland,7,Sam Underhill,1996-07-22,23.59
23/02/2020,Ireland,6,Courtney Lawes,1989-02-23,31.0
23/02/2020,Ireland,4,Maro Itoje,1994-10-28,25.32
23/02/2020,Ireland,22,Willi Heinz,1986-11-24,33.25
23/02/2020,Ireland,17,Ellis Genge,1995-02-16,25.02
23/02/2020,Ireland,13,Manu Tuilagi,1991-05-18,28.77
23/02/2020,Ireland,20,Charlie Ewels,1995-06-29,24.65
23/02/2020,Ireland,23,Henry Slade,1993-03-19,26.93
23/02/2020,Ireland,2,Jamie George,1990-10-20,29.34
23/02/2020,Ireland,3,Kyle Sinckler,1993-03-30,26.9
23/02/2020,Ireland,1,Joe Marler,1990-07-07,29.63
23/02/2020,Ireland,15,Elliot Daly,1992-10-08,27.38
23/02/2020,Ireland,16,Luke Cowan-Dickie,1993-06-20,26.68
23/02/2020,Ireland,5,George Kruis,1990-02-22,30.0
07/03/2020,Wales,11,Jonny May,1990-04-01,29.93
07/03/2020,Wales,12,Owen Farrell,1991-09-24,28.45
07/03/2020,Wales,9,Ben Youngs,1989-09-05,30.5
07/03/2020,Wales,10,George Ford,1993-03-16,26.98
07/03/2020,Wales,18,Will Stuart,1996-07-12,23.65
07/03/2020,Wales,21,Ben Earl,1998-01-07,22.16
07/03/2020,Wales,8,Tom Curry,1998-06-15,21.73
07/03/2020,Wales,19,Joe Launchbury,1991-04-12,28.9
07/03/2020,Wales,6,Courtney Lawes,1989-02-23,31.03
07/03/2020,Wales,4,Maro Itoje,1994-10-28,25.36
07/03/2020,Wales,7,Mark Wilson,1989-10-06,30.42
07/03/2020,Wales,22,Willi Heinz,1986-11-24,33.28
07/03/2020,Wales,17,Ellis Genge,1995-02-16,25.05
07/03/2020,Wales,13,Manu Tuilagi,1991-05-18,28.81
07/03/2020,Wales,20,Charlie Ewels,1995-06-29,24.69
07/03/2020,Wales,14,Anthony Watson,1994-02-26,26.03
07/03/2020,Wales,23,Henry Slade,1993-03-19,26.97
07/03/2020,Wales,2,Jamie George,1990-10-20,29.38
07/03/2020,Wales,3,Kyle Sinckler,1993-03-30,26.94
07/03/2020,Wales,1,Joe Marler,1990-07-07,29.67
07/03/2020,Wales,15,Elliot Daly,1992-10-08,27.41
07/03/2020,Wales,16,Luke Cowan-Dickie,1993-06-20,26.71
07/03/2020,Wales,5,George Kruis,1990-02-22,30.04
31/10/2020,Italy,13,Jonathan Joseph,1991-05-21,29.45
31/10/2020,Italy,11,Jonny May,1990-04-01,30.59
31/10/2020,Italy,10,Owen Farrell,1991-09-24,29.1
31/10/2020,Italy,9,Ben Youngs,1989-09-05,31.15
31/10/2020,Italy,1,Mako Vunipola,1991-01-14,29.8
31/10/2020,Italy,22,Ollie Lawrence,1999-09-18,21.12
31/10/2020,Italy,8,Billy Vunipola,1992-11-03,27.99
31/10/2020,Italy,18,Will Stuart,1996-07-12,24.3
31/10/2020,Italy,20,Ben Earl,1998-01-07,22.81
31/10/2020,Italy,6,Tom Curry,1998-06-15,22.38
31/10/2020,Italy,5,Jonny Hill,1994-06-08,26.4
31/10/2020,Italy,21,Dan Robson,1992-03-14,28.63
31/10/2020,Italy,7,Sam Underhill,1996-07-22,24.28
31/10/2020,Italy,4,Maro Itoje,1994-10-28,26.01
31/10/2020,Italy,17,Ellis Genge,1995-02-16,25.71
31/10/2020,Italy,19,Charlie Ewels,1995-06-29,25.34
31/10/2020,Italy,14,Anthony Watson,1994-02-26,26.68
31/10/2020,Italy,16,Tom Dunn,1992-11-12,27.97
31/10/2020,Italy,12,Henry Slade,1993-03-19,27.62
31/10/2020,Italy,15,George Furbank,1996-10-17,24.04
31/10/2020,Italy,23,Ollie Thorley,1996-09-11,24.14
31/10/2020,Italy,2,Jamie George,1990-10-20,30.03
31/10/2020,Italy,3,Kyle Sinckler,1993-03-30,27.59
14/11/2020,Georgia,14,Jonathan Joseph,1991-05-21,29.49
14/11/2020,Georgia,11,Jonny May,1990-04-01,30.62
14/11/2020,Georgia,10,Owen Farrell,1991-09-24,29.14
14/11/2020,Georgia,22,Max Malins,1997-01-07,23.85
14/11/2020,Georgia,9,Ben Youngs,1989-09-05,31.19
14/11/2020,Georgia,17,Mako Vunipola,1991-01-14,29.83
14/11/2020,Georgia,13,Ollie Lawrence,1999-09-18,21.16
14/11/2020,Georgia,8,Billy Vunipola,1992-11-03,28.03
14/11/2020,Georgia,23,Joe Marchant,1996-07-16,24.33
14/11/2020,Georgia,3,Will Stuart,1996-07-12,24.34
14/11/2020,Georgia,19,Ben Earl,1998-01-07,22.85
14/11/2020,Georgia,20,Tom Curry,1998-06-15,22.42
14/11/2020,Georgia,5,Joe Launchbury,1991-04-12,29.59
14/11/2020,Georgia,21,Dan Robson,1992-03-14,28.67
14/11/2020,Georgia,6,Maro Itoje,1994-10-28,26.05
14/11/2020,Georgia,1,Ellis Genge,1995-02-16,25.74
14/11/2020,Georgia,4,Charlie Ewels,1995-06-29,25.38
14/11/2020,Georgia,16,Tom Dunn,1992-11-12,28.01
14/11/2020,Georgia,12,Henry Slade,1993-03-19,27.66
14/11/2020,Georgia,7,Jack Willis,1996-12-24,23.89
14/11/2020,Georgia,2,Jamie George,1990-10-20,30.07
14/11/2020,Georgia,18,Kyle Sinckler,1993-03-30,27.63
14/11/2020,Georgia,15,Elliot Daly,1992-10-08,28.1
21/11/2020,Ireland,14,Jonathan Joseph,1991-05-21,29.51
21/11/2020,Ireland,11,Jonny May,1990-04-01,30.64
21/11/2020,Ireland,10,Owen Farrell,1991-09-24,29.16
21/11/2020,Ireland,23,Max Malins,1997-01-07,23.87
21/11/2020,Ireland,9,Ben Youngs,1989-09-05,31.21
21/11/2020,Ireland,1,Mako Vunipola,1991-01-14,29.85
21/11/2020,Ireland,13,Ollie Lawrence,1999-09-18,21.18
21/11/2020,Ireland,8,Billy Vunipola,1992-11-03,28.05
21/11/2020,Ireland,22,George Ford,1993-03-16,27.69
21/11/2020,Ireland,18,Will Stuart,1996-07-12,24.36
21/11/2020,Ireland,20,Ben Earl,1998-01-07,22.87
21/11/2020,Ireland,6,Tom Curry,1998-06-15,22.44
21/11/2020,Ireland,5,Joe Launchbury,1991-04-12,29.61
21/11/2020,Ireland,19,Jonny Hill,1994-06-08,26.46
21/11/2020,Ireland,21,Dan Robson,1992-03-14,28.69
21/11/2020,Ireland,7,Sam Underhill,1996-07-22,24.33
21/11/2020,Ireland,4,Maro Itoje,1994-10-28,26.07
21/11/2020,Ireland,17,Ellis Genge,1995-02-16,25.76
21/11/2020,Ireland,16,Tom Dunn,1992-11-12,28.03
21/11/2020,Ireland,12,Henry Slade,1993-03-19,27.68
21/11/2020,Ireland,2,Jamie George,1990-10-20,30.09
21/11/2020,Ireland,3,Kyle Sinckler,1993-03-30,27.65
21/11/2020,Ireland,15,Elliot Daly,1992-10-08,28.12
28/11/2020,Wales,14,Jonathan Joseph,1991-05-21,29.53
28/11/2020,Wales,11,Jonny May,1990-04-01,30.66
28/11/2020,Wales,12,Owen Farrell,1991-09-24,29.18
28/11/2020,Wales,9,Ben Youngs,1989-09-05,31.23
28/11/2020,Wales,1,Mako Vunipola,1991-01-14,29.87
28/11/2020,Wales,8,Billy Vunipola,1992-11-03,28.07
28/11/2020,Wales,10,George Ford,1993-03-16,27.7
28/11/2020,Wales,18,Will Stuart,1996-07-12,24.38
28/11/2020,Wales,20,Ben Earl,1998-01-07,22.89
28/11/2020,Wales,6,Tom Curry,1998-06-15,22.46
28/11/2020,Wales,5,Joe Launchbury,1991-04-12,29.63
28/11/2020,Wales,19,Jonny Hill,1994-06-08,26.48
28/11/2020,Wales,22,Dan Robson,1992-03-14,28.71
28/11/2020,Wales,7,Sam Underhill,1996-07-22,24.35
28/11/2020,Wales,4,Maro Itoje,1994-10-28,26.09
28/11/2020,Wales,17,Ellis Genge,1995-02-16,25.78
28/11/2020,Wales,23,Anthony Watson,1994-02-26,26.75
28/11/2020,Wales,13,Henry Slade,1993-03-19,27.7
28/11/2020,Wales,21,Jack Willis,1996-12-24,23.93
28/11/2020,Wales,2,Jamie George,1990-10-20,30.11
28/11/2020,Wales,3,Kyle Sinckler,1993-03-30,27.67
28/11/2020,Wales,15,Elliot Daly,1992-10-08,28.14
28/11/2020,Wales,16,Luke Cowan-Dickie,1993-06-20,27.44
06/12/2020,France,11,Jonny May,1990-04-01,30.68
06/12/2020,France,12,Owen Farrell,1991-09-24,29.2
06/12/2020,France,22,Max Malins,1997-01-07,23.91
06/12/2020,France,9,Ben Youngs,1989-09-05,31.25
06/12/2020,France,8,Billy Vunipola,1992-11-03,28.09
06/12/2020,France,10,George Ford,1993-03-16,27.73
06/12/2020,France,23,Joe Marchant,1996-07-16,24.39
06/12/2020,France,18,Will Stuart,1996-07-12,24.4
06/12/2020,France,20,Ben Earl,1998-01-07,22.91
06/12/2020,France,6,Tom Curry,1998-06-15,22.48
06/12/2020,France,5,Joe Launchbury,1991-04-12,29.65
06/12/2020,France,19,Jonny Hill,1994-06-08,26.5
06/12/2020,France,21,Dan Robson,1992-03-14,28.73
06/12/2020,France,7,Sam Underhill,1996-07-22,24.38
06/12/2020,France,4,Maro Itoje,1994-10-28,26.11
06/12/2020,France,1,Ellis Genge,1995-02-16,25.8
06/12/2020,France,14,Anthony Watson,1994-02-26,26.78
06/12/2020,France,13,Henry Slade,1993-03-19,27.72
06/12/2020,France,2,Jamie George,1990-10-20,30.13
06/12/2020,France,3,Kyle Sinckler,1993-03-30,27.69
06/12/2020,France,17,Joe Marler,1990-07-07,30.42
06/12/2020,France,15,Elliot Daly,1992-10-08,28.16
06/12/2020,France,16,Luke Cowan-Dickie,1993-06-20,27.46
06/02/2021,Scotland,19,Courtney Lawes,1989-02-23,31.95
06/02/2021,Scotland,4,Maro Itoje,1994-10-28,26.28
06/02/2021,Scotland,6,Mark Wilson,1989-10-06,31.34
06/02/2021,Scotland,1,Ellis Genge,1995-02-16,25.97
06/02/2021,Scotland,14,Anthony Watson,1994-02-26,26.95
06/02/2021,Scotland,13,Henry Slade,1993-03-19,27.89
06/02/2021,Scotland,17,Beno Obano,1994-10-24,26.29
06/02/2021,Scotland,2,Jamie George,1990-10-20,30.3
06/02/2021,Scotland,15,Elliot Daly,1992-10-08,28.33
06/02/2021,Scotland,16,Luke Cowan-Dickie,1993-06-20,27.63
06/02/2021,Scotland,11,Jonny May,1990-04-01,30.85
06/02/2021,Scotland,10,Owen Farrell,1991-09-24,29.37
06/02/2021,Scotland,23,Max Malins,1997-01-07,24.08
06/02/2021,Scotland,9,Ben Youngs,1989-09-05,31.42
06/02/2021,Scotland,18,Harry Williams,1991-10-01,29.35
06/02/2021,Scotland,12,Ollie Lawrence,1999-09-18,21.39
06/02/2021,Scotland,8,Billy Vunipola,1992-11-03,28.26
06/02/2021,Scotland,22,George Ford,1993-03-16,27.9
06/02/2021,Scotland,3,Will Stuart,1996-07-12,24.57
06/02/2021,Scotland,20,Ben Earl,1998-01-07,23.08
06/02/2021,Scotland,7,Tom Curry,1998-06-15,22.65
06/02/2021,Scotland,5,Jonny Hill,1994-06-08,26.67
06/02/2021,Scotland,21,Dan Robson,1992-03-14,28.9
13/02/2021,Italy,11,Jonny May,1990-04-01,30.87
13/02/2021,Italy,12,Owen Farrell,1991-09-24,29.39
13/02/2021,Italy,23,Max Malins,1997-01-07,24.1
13/02/2021,Italy,9,Ben Youngs,1989-09-05,31.44
13/02/2021,Italy,1,Mako Vunipola,1991-01-14,30.08
13/02/2021,Italy,8,Billy Vunipola,1992-11-03,28.28
13/02/2021,Italy,10,George Ford,1993-03-16,27.92
13/02/2021,Italy,18,Will Stuart,1996-07-12,24.59
13/02/2021,Italy,20,Ben Earl,1998-01-07,23.1
13/02/2021,Italy,7,Tom Curry,1998-06-15,22.67
13/02/2021,Italy,5,Jonny Hill,1994-06-08,26.69
13/02/2021,Italy,22,Dan Robson,1992-03-14,28.92
13/02/2021,Italy,6,Courtney Lawes,1989-02-23,31.97
13/02/2021,Italy,4,Maro Itoje,1994-10-28,26.3
13/02/2021,Italy,17,Ellis Genge,1995-02-16,25.99
13/02/2021,Italy,19,Charlie Ewels,1995-06-29,25.63
13/02/2021,Italy,14,Anthony Watson,1994-02-26,26.97
13/02/2021,Italy,13,Henry Slade,1993-03-19,27.91
13/02/2021,Italy,21,Jack Willis,1996-12-24,24.14
13/02/2021,Italy,16,Jamie George,1990-10-20,30.32
13/02/2021,Italy,3,Kyle Sinckler,1993-03-30,27.88
13/02/2021,Italy,15,Elliot Daly,1992-10-08,28.35
13/02/2021,Italy,2,Luke Cowan-Dickie,1993-06-20,27.65
27/02/2021,Wales,11,Jonny May,1990-04-01,30.91
27/02/2021,Wales,12,Owen Farrell,1991-09-24,29.43
27/02/2021,Wales,23,Max Malins,1997-01-07,24.14
27/02/2021,Wales,9,Ben Youngs,1989-09-05,31.48
27/02/2021,Wales,1,Mako Vunipola,1991-01-14,30.12
27/02/2021,Wales,8,Billy Vunipola,1992-11-03,28.32
27/02/2021,Wales,10,George Ford,1993-03-16,27.95
27/02/2021,Wales,18,Will Stuart,1996-07-12,24.63
27/02/2021,Wales,21,Ben Earl,1998-01-07,23.14
27/02/2021,Wales,7,Tom Curry,1998-06-15,22.71
27/02/2021,Wales,5,Jonny Hill,1994-06-08,26.72
27/02/2021,Wales,22,Dan Robson,1992-03-14,28.96
27/02/2021,Wales,4,Maro Itoje,1994-10-28,26.34
27/02/2021,Wales,6,Mark Wilson,1989-10-06,31.4
27/02/2021,Wales,17,Ellis Genge,1995-02-16,26.03
27/02/2021,Wales,19,Charlie Ewels,1995-06-29,25.67
27/02/2021,Wales,14,Anthony Watson,1994-02-26,27.0
27/02/2021,Wales,20,George Martin,2001-06-18,19.7
27/02/2021,Wales,13,Henry Slade,1993-03-19,27.95
27/02/2021,Wales,2,Jamie George,1990-10-20,30.36
27/02/2021,Wales,3,Kyle Sinckler,1993-03-30,27.92
27/02/2021,Wales,15,Elliot Daly,1992-10-08,28.39
27/02/2021,Wales,16,Luke Cowan-Dickie,1993-06-20,27.69
13/03/2021,France,11,Jonny May,1990-04-01,30.95
13/03/2021,France,12,Owen Farrell,1991-09-24,29.47
13/03/2021,France,15,Max Malins,1997-01-07,24.18
13/03/2021,France,9,Ben Youngs,1989-09-05,31.52
13/03/2021,France,1,Mako Vunipola,1991-01-14,30.16
13/03/2021,France,22,Ollie Lawrence,1999-09-18,21.48
13/03/2021,France,8,Billy Vunipola,1992-11-03,28.36
13/03/2021,France,10,George Ford,1993-03-16,27.99
13/03/2021,France,18,Will Stuart,1996-07-12,24.67
13/03/2021,France,20,Ben Earl,1998-01-07,23.18
13/03/2021,France,7,Tom Curry,1998-06-15,22.74
13/03/2021,France,19,Jonny Hill,1994-06-08,26.76
13/03/2021,France,21,Dan Robson,1992-03-14,29.0
13/03/2021,France,4,Maro Itoje,1994-10-28,26.37
13/03/2021,France,6,Mark Wilson,1989-10-06,31.43
13/03/2021,France,17,Ellis Genge,1995-02-16,26.07
13/03/2021,France,5,Charlie Ewels,1995-06-29,25.71
13/03/2021,France,14,Anthony Watson,1994-02-26,27.04
13/03/2021,France,13,Henry Slade,1993-03-19,27.98
13/03/2021,France,16,Jamie George,1990-10-20,30.4
13/03/2021,France,3,Kyle Sinckler,1993-03-30,27.95
13/03/2021,France,23,Elliot Daly,1992-10-08,28.43
13/03/2021,France,2,Luke Cowan-Dickie,1993-06-20,27.73
20/03/2021,Ireland,11,Jonny May,1990-04-01,30.97
20/03/2021,Ireland,12,Owen Farrell,1991-09-24,29.49
20/03/2021,Ireland,9,Ben Youngs,1989-09-05,31.54
20/03/2021,Ireland,1,Mako Vunipola,1991-01-14,30.18
20/03/2021,Ireland,13,Ollie Lawrence,1999-09-18,21.5
20/03/2021,Ireland,8,Billy Vunipola,1992-11-03,28.38
20/03/2021,Ireland,10,George Ford,1993-03-16,28.01
20/03/2021,Ireland,23,Joe Marchant,1996-07-16,24.68
20/03/2021,Ireland,18,Will Stuart,1996-07-12,24.69
20/03/2021,Ireland,20,Ben Earl,1998-01-07,23.2
20/03/2021,Ireland,7,Tom Curry,1998-06-15,22.76
20/03/2021,Ireland,19,Jonny Hill,1994-06-08,26.78
20/03/2021,Ireland,22,Dan Robson,1992-03-14,29.02
20/03/2021,Ireland,4,Maro Itoje,1994-10-28,26.39
20/03/2021,Ireland,6,Mark Wilson,1989-10-06,31.45
20/03/2021,Ireland,17,Ellis Genge,1995-02-16,26.09
20/03/2021,Ireland,5,Charlie Ewels,1995-06-29,25.73
20/03/2021,Ireland,14,Anthony Watson,1994-02-26,27.06
20/03/2021,Ireland,21,George Martin,2001-06-18,19.75
20/03/2021,Ireland,16,Jamie George,1990-10-20,30.42
20/03/2021,Ireland,3,Kyle Sinckler,1993-03-30,27.97
20/03/2021,Ireland,15,Elliot Daly,1992-10-08,28.45
20/03/2021,Ireland,2,Luke Cowan-Dickie,1993-06-20,27.75
04/07/2021,USA,4,Josh McNally,1990-08-21,30.87
04/07/2021,USA,11,Max Malins,1997-01-07,24.49
04/07/2021,USA,12,Ollie Lawrence,1999-09-18,21.79
04/07/2021,USA,21,Lewis Ludlam,1995-12-08,25.57
04/07/2021,USA,10,Marcus Smith,1999-02-14,22.39
04/07/2021,USA,6,Lewis Ludlow,1994-09-11,26.81
04/07/2021,USA,22,Dan Robson,1992-03-14,29.31
04/07/2021,USA,7,Sam Underhill,1996-07-22,24.95
04/07/2021,USA,2,Curtis Langdon,1997-08-03,23.92
04/07/2021,USA,18,Trevor Davison,1992-08-20,28.87
04/07/2021,USA,20,Ben Curry,1998-06-15,23.05
04/07/2021,USA,1,Ellis Genge,1995-02-16,26.38
04/07/2021,USA,3,Joe Heyes,1999-04-13,22.23
04/07/2021,USA,19,Ted Hill,1999-03-26,22.28
04/07/2021,USA,5,Charlie Ewels,1995-06-29,26.02
04/07/2021,USA,9,Harry Randall,1997-12-18,23.54
04/07/2021,USA,13,Henry Slade,1993-03-19,28.29
04/07/2021,USA,17,Beno Obano,1994-10-24,26.69
04/07/2021,USA,16,Jamie Blamire,1997-12-22,23.53
04/07/2021,USA,14,Joe Cokanasiga,1997-11-15,23.63
04/07/2021,USA,15,Freddie Steward,2000-12-05,20.58
04/07/2021,USA,23,Jacob Umaga,1998-07-08,22.99
04/07/2021,USA,8,Callum Chick,1996-11-25,24.61
10/07/2021,Canada,20,Lewis Ludlam,1995-12-08,25.59
10/07/2021,Canada,23,Joe Marchant,1996-07-16,24.98
10/07/2021,Canada,10,Marcus Smith,1999-02-14,22.4
10/07/2021,Canada,6,Lewis Ludlow,1994-09-11,26.83
10/07/2021,Canada,21,Dan Robson,1992-03-14,29.32
10/07/2021,Canada,7,Sam Underhill,1996-07-22,24.97
10/07/2021,Canada,18,Paul Hill,1995-03-02,26.36
10/07/2021,Canada,11,Adam Radwan,1997-12-30,23.53
10/07/2021,Canada,16,Curtis Langdon,1997-08-03,23.93
10/07/2021,Canada,1,Ellis Genge,1995-02-16,26.4
10/07/2021,Canada,3,Joe Heyes,1999-04-13,22.24
10/07/2021,Canada,12,Dan Kelly,2001-06-16,20.07
10/07/2021,Canada,4,Harry Wells,1993-09-29,27.78
10/07/2021,Canada,5,Charlie Ewels,1995-06-29,26.03
10/07/2021,Canada,9,Harry Randall,1997-12-18,23.56
10/07/2021,Canada,13,Henry Slade,1993-03-19,28.31
10/07/2021,Canada,17,Beno Obano,1994-10-24,26.71
10/07/2021,Canada,2,Jamie Blamire,1997-12-22,23.55
10/07/2021,Canada,22,George Furbank,1996-10-17,24.73
10/07/2021,Canada,14,Joe Cokanasiga,1997-11-15,23.65
10/07/2021,Canada,15,Freddie Steward,2000-12-05,20.59
10/07/2021,Canada,8,Alex Dombrandt,1997-04-29,24.2
10/07/2021,Canada,19,Callum Chick,1996-11-25,24.62
06/11/2021,Tonga,11,Jonny May,1990-04-01,31.6
06/11/2021,Tonga,21,Alex Mitchell,1997-05-25,24.45
06/11/2021,Tonga,9,Ben Youngs,1989-09-05,32.17
06/11/2021,Tonga,23,Mark Atkinson,1990-03-08,31.67
06/11/2021,Tonga,18,Will Stuart,1996-07-12,25.32
06/11/2021,Tonga,22,Marcus Smith,1999-02-14,22.73
06/11/2021,Tonga,8,Tom Curry,1998-06-15,23.4
06/11/2021,Tonga,5,Jonny Hill,1994-06-08,27.41
06/11/2021,Tonga,7,Sam Underhill,1996-07-22,25.29
06/11/2021,Tonga,6,Courtney Lawes,1989-02-23,32.7
06/11/2021,Tonga,4,Maro Itoje,1994-10-28,27.03
06/11/2021,Tonga,14,Adam Radwan,1997-12-30,23.85
06/11/2021,Tonga,1,Ellis Genge,1995-02-16,26.72
06/11/2021,Tonga,12,Manu Tuilagi,1991-05-18,30.47
06/11/2021,Tonga,19,Charlie Ewels,1995-06-29,26.36
06/11/2021,Tonga,13,Henry Slade,1993-03-19,28.64
06/11/2021,Tonga,16,Jamie Blamire,1997-12-22,23.87
06/11/2021,Tonga,10,George Furbank,1996-10-17,25.05
06/11/2021,Tonga,2,Jamie George,1990-10-20,31.05
06/11/2021,Tonga,3,Kyle Sinckler,1993-03-30,28.61
06/11/2021,Tonga,17,Joe Marler,1990-07-07,31.34
06/11/2021,Tonga,15,Freddie Steward,2000-12-05,20.92
06/11/2021,Tonga,20,Alex Dombrandt,1997-04-29,24.52
13/11/2021,Australia,11,Jonny May,1990-04-01,31.62
13/11/2021,Australia,12,Owen Farrell,1991-09-24,30.14
13/11/2021,Australia,23,Max Malins,1997-01-07,24.85
13/11/2021,Australia,9,Ben Youngs,1989-09-05,32.19
13/11/2021,Australia,21,Sam Simmonds,1994-11-10,27.01
13/11/2021,Australia,18,Will Stuart,1996-07-12,25.34
13/11/2021,Australia,10,Marcus Smith,1999-02-14,22.75
13/11/2021,Australia,8,Tom Curry,1998-06-15,23.41
13/11/2021,Australia,5,Jonny Hill,1994-06-08,27.43
13/11/2021,Australia,7,Sam Underhill,1996-07-22,25.31
13/11/2021,Australia,6,Courtney Lawes,1989-02-23,32.72
13/11/2021,Australia,4,Maro Itoje,1994-10-28,27.05
13/11/2021,Australia,1,Bevan Rodd,2000-08-26,21.22
13/11/2021,Australia,17,Trevor Davison,1992-08-20,29.23
13/11/2021,Australia,22,Raffi Quirke,2001-08-18,20.24
13/11/2021,Australia,14,Manu Tuilagi,1991-05-18,30.49
13/11/2021,Australia,19,Charlie Ewels,1995-06-29,26.38
13/11/2021,Australia,13,Henry Slade,1993-03-19,28.65
13/11/2021,Australia,16,Jamie Blamire,1997-12-22,23.89
13/11/2021,Australia,2,Jamie George,1990-10-20,31.07
13/11/2021,Australia,3,Kyle Sinckler,1993-03-30,28.62
13/11/2021,Australia,15,Freddie Steward,2000-12-05,20.94
13/11/2021,Australia,20,Alex Dombrandt,1997-04-29,24.54
20/11/2021,South Africa,11,Jonny May,1990-04-01,31.64
20/11/2021,South Africa,23,Max Malins,1997-01-07,24.87
20/11/2021,South Africa,9,Ben Youngs,1989-09-05,32.21
20/11/2021,South Africa,14,Joe Marchant,1996-07-16,25.35
20/11/2021,South Africa,20,Sam Simmonds,1994-11-10,27.03
20/11/2021,South Africa,18,Will Stuart,1996-07-12,25.36
20/11/2021,South Africa,10,Marcus Smith,1999-02-14,22.77
20/11/2021,South Africa,8,Tom Curry,1998-06-15,23.43
20/11/2021,South Africa,5,Jonny Hill,1994-06-08,27.45
20/11/2021,South Africa,7,Sam Underhill,1996-07-22,25.33
20/11/2021,South Africa,6,Courtney Lawes,1989-02-23,32.74
20/11/2021,South Africa,4,Maro Itoje,1994-10-28,27.06
20/11/2021,South Africa,1,Bevan Rodd,2000-08-26,21.24
20/11/2021,South Africa,22,Raffi Quirke,2001-08-18,20.26
20/11/2021,South Africa,12,Manu Tuilagi,1991-05-18,30.51
20/11/2021,South Africa,19,Charlie Ewels,1995-06-29,26.4
20/11/2021,South Africa,13,Henry Slade,1993-03-19,28.67
20/11/2021,South Africa,2,Jamie Blamire,1997-12-22,23.91
20/11/2021,South Africa,16,Nic Dolly,1999-06-11,22.45
20/11/2021,South Africa,3,Kyle Sinckler,1993-03-30,28.64
20/11/2021,South Africa,17,Joe Marler,1990-07-07,31.37
20/11/2021,South Africa,15,Freddie Steward,2000-12-05,20.96
20/11/2021,South Africa,21,Alex Dombrandt,1997-04-29,24.56
05/02/2022,Scotland,14,Max Malins,1997-01-07,25.08
05/02/2022,Scotland,9,Ben Youngs,1989-09-05,32.42
05/02/2022,Scotland,6,Lewis Ludlam,1995-12-08,26.16
05/02/2022,Scotland,22,George Ford,1993-03-16,28.89
05/02/2022,Scotland,11,Joe Marchant,1996-07-16,25.56
05/02/2022,Scotland,8,Sam Simmonds,1994-11-10,27.24
05/02/2022,Scotland,18,Will Stuart,1996-07-12,25.57
05/02/2022,Scotland,10,Marcus Smith,1999-02-14,22.98
05/02/2022,Scotland,7,Tom Curry,1998-06-15,23.64
05/02/2022,Scotland,23,Jack Nowell,1993-04-11,28.82
05/02/2022,Scotland,4,Maro Itoje,1994-10-28,27.28
05/02/2022,Scotland,1,Ellis Genge,1995-02-16,26.97
05/02/2022,Scotland,19,Charlie Ewels,1995-06-29,26.61
05/02/2022,Scotland,21,Harry Randall,1997-12-18,24.13
05/02/2022,Scotland,12,Henry Slade,1993-03-19,28.88
05/02/2022,Scotland,16,Jamie George,1990-10-20,31.3
05/02/2022,Scotland,5,Nick Isiekwe,1998-04-20,23.8
05/02/2022,Scotland,3,Kyle Sinckler,1993-03-30,28.85
05/02/2022,Scotland,17,Joe Marler,1990-07-07,31.58
05/02/2022,Scotland,15,Freddie Steward,2000-12-05,21.17
05/02/2022,Scotland,20,Alex Dombrandt,1997-04-29,24.77
05/02/2022,Scotland,13,Elliot Daly,1992-10-08,29.33
05/02/2022,Scotland,2,Luke Cowan-Dickie,1993-06-20,28.63
13/02/2022,Italy,14,Max Malins,1997-01-07,25.1
13/02/2022,Italy,21,Ben Youngs,1989-09-05,32.44
13/02/2022,Italy,22,George Ford,1993-03-16,28.92
13/02/2022,Italy,13,Joe Marchant,1996-07-16,25.58
13/02/2022,Italy,20,Sam Simmonds,1994-11-10,27.26
13/02/2022,Italy,3,Will Stuart,1996-07-12,25.59
13/02/2022,Italy,10,Marcus Smith,1999-02-14,23.0
13/02/2022,Italy,7,Tom Curry,1998-06-15,23.67
13/02/2022,Italy,11,Jack Nowell,1993-04-11,28.84
13/02/2022,Italy,6,Maro Itoje,1994-10-28,27.3
13/02/2022,Italy,19,Ollie Chessum,2000-09-06,21.44
13/02/2022,Italy,1,Ellis Genge,1995-02-16,26.99
13/02/2022,Italy,4,Charlie Ewels,1995-06-29,26.63
13/02/2022,Italy,9,Harry Randall,1997-12-18,24.16
13/02/2022,Italy,12,Henry Slade,1993-03-19,28.91
13/02/2022,Italy,2,Jamie George,1990-10-20,31.32
13/02/2022,Italy,5,Nick Isiekwe,1998-04-20,23.82
13/02/2022,Italy,18,Kyle Sinckler,1993-03-30,28.88
13/02/2022,Italy,17,Joe Marler,1990-07-07,31.61
13/02/2022,Italy,15,Freddie Steward,2000-12-05,21.19
13/02/2022,Italy,8,Alex Dombrandt,1997-04-29,24.79
13/02/2022,Italy,23,Elliot Daly,1992-10-08,29.35
13/02/2022,Italy,16,Luke Cowan-Dickie,1993-06-20,28.65
26/02/2022,Wales,14,Max Malins,1997-01-07,25.14
26/02/2022,Wales,21,Ben Youngs,1989-09-05,32.48
26/02/2022,Wales,22,George Ford,1993-03-16,28.95
26/02/2022,Wales,23,Joe Marchant,1996-07-16,25.62
26/02/2022,Wales,20,Sam Simmonds,1994-11-10,27.3
26/02/2022,Wales,18,Will Stuart,1996-07-12,25.63
26/02/2022,Wales,10,Marcus Smith,1999-02-14,23.03
26/02/2022,Wales,7,Tom Curry,1998-06-15,23.7
26/02/2022,Wales,11,Jack Nowell,1993-04-11,28.88
26/02/2022,Wales,6,Courtney Lawes,1989-02-23,33.01
26/02/2022,Wales,5,Maro Itoje,1994-10-28,27.33
26/02/2022,Wales,1,Ellis Genge,1995-02-16,27.03
26/02/2022,Wales,4,Charlie Ewels,1995-06-29,26.66
26/02/2022,Wales,9,Harry Randall,1997-12-18,24.19
26/02/2022,Wales,12,Henry Slade,1993-03-19,28.94
26/02/2022,Wales,16,Jamie George,1990-10-20,31.35
26/02/2022,Wales,19,Nick Isiekwe,1998-04-20,23.86
26/02/2022,Wales,3,Kyle Sinckler,1993-03-30,28.91
26/02/2022,Wales,17,Joe Marler,1990-07-07,31.64
26/02/2022,Wales,15,Freddie Steward,2000-12-05,21.23
26/02/2022,Wales,8,Alex Dombrandt,1997-04-29,24.83
26/02/2022,Wales,13,Elliot Daly,1992-10-08,29.39
26/02/2022,Wales,2,Luke Cowan-Dickie,1993-06-20,28.69
12/03/2022,Ireland,14,Max Malins,1997-01-07,25.18
12/03/2022,Ireland,21,Ben Youngs,1989-09-05,32.52
12/03/2022,Ireland,22,George Ford,1993-03-16,28.99
12/03/2022,Ireland,13,Joe Marchant,1996-07-16,25.65
12/03/2022,Ireland,8,Sam Simmonds,1994-11-10,27.34
12/03/2022,Ireland,18,Will Stuart,1996-07-12,25.67
12/03/2022,Ireland,10,Marcus Smith,1999-02-14,23.07
12/03/2022,Ireland,7,Tom Curry,1998-06-15,23.74
12/03/2022,Ireland,19,Joe Launchbury,1991-04-12,30.92
12/03/2022,Ireland,11,Jack Nowell,1993-04-11,28.92
12/03/2022,Ireland,6,Courtney Lawes,1989-02-23,33.05
12/03/2022,Ireland,4,Maro Itoje,1994-10-28,27.37
12/03/2022,Ireland,1,Ellis Genge,1995-02-16,27.07
12/03/2022,Ireland,5,Charlie Ewels,1995-06-29,26.7
12/03/2022,Ireland,9,Harry Randall,1997-12-18,24.23
12/03/2022,Ireland,12,Henry Slade,1993-03-19,28.98
12/03/2022,Ireland,16,Jamie Blamire,1997-12-22,24.22
12/03/2022,Ireland,2,Jamie George,1990-10-20,31.39
12/03/2022,Ireland,3,Kyle Sinckler,1993-03-30,28.95
12/03/2022,Ireland,17,Joe Marler,1990-07-07,31.68
12/03/2022,Ireland,15,Freddie Steward,2000-12-05,21.27
12/03/2022,Ireland,20,Alex Dombrandt,1997-04-29,24.87
12/03/2022,Ireland,23,Elliot Daly,1992-10-08,29.42
19/03/2022,France,9,Ben Youngs,1989-09-05,32.53
19/03/2022,France,22,George Ford,1993-03-16,29.01
19/03/2022,France,13,Joe Marchant,1996-07-16,25.67
19/03/2022,France,8,Sam Simmonds,1994-11-10,27.35
19/03/2022,France,3,Will Stuart,1996-07-12,25.68
19/03/2022,France,10,Marcus Smith,1999-02-14,23.09
19/03/2022,France,7,Sam Underhill,1996-07-22,25.66
19/03/2022,France,11,Jack Nowell,1993-04-11,28.94
19/03/2022,France,6,Courtney Lawes,1989-02-23,33.07
19/03/2022,France,4,Maro Itoje,1994-10-28,27.39
19/03/2022,France,19,Ollie Chessum,2000-09-06,21.53
19/03/2022,France,1,Ellis Genge,1995-02-16,27.09
19/03/2022,France,21,Harry Randall,1997-12-18,24.25
19/03/2022,France,12,Henry Slade,1993-03-19,29.0
19/03/2022,France,16,Nic Dolly,1999-06-11,22.77
19/03/2022,France,15,George Furbank,1996-10-17,25.42
19/03/2022,France,2,Jamie George,1990-10-20,31.41
19/03/2022,France,5,Nick Isiekwe,1998-04-20,23.91
19/03/2022,France,18,Kyle Sinckler,1993-03-30,28.97
19/03/2022,France,17,Joe Marler,1990-07-07,31.7
19/03/2022,France,14,Freddie Steward,2000-12-05,21.28
19/03/2022,France,20,Alex Dombrandt,1997-04-29,24.89
19/03/2022,France,23,Elliot Daly,1992-10-08,29.44
19/06/2022,Barbarians,17,Will Goodrick-Clarke,1995-12-29,26.47
19/06/2022,Barbarians,11,Jonny May,1990-04-01,32.22
19/06/2022,Barbarians,16,Jack Singleton,1996-05-14,26.1
19/06/2022,Barbarians,12,Mark Atkinson,1990-03-08,32.28
19/06/2022,Barbarians,13,Joe Marchant,1996-07-16,25.93
19/06/2022,Barbarians,10,Marcus Smith,1999-02-14,23.34
19/06/2022,Barbarians,6,Tom Curry,1998-06-15,24.01
19/06/2022,Barbarians,15,Tommy Freeman,2001-03-05,21.29
19/06/2022,Barbarians,5,Jonny Hill,1994-06-08,28.03
19/06/2022,Barbarians,7,Sam Underhill,1996-07-22,25.91
19/06/2022,Barbarians,23,Jack Nowell,1993-04-11,29.19
19/06/2022,Barbarians,19,Courtney Lawes,1989-02-23,33.32
19/06/2022,Barbarians,1,Bevan Rodd,2000-08-26,21.81
19/06/2022,Barbarians,2,Jack Walker,1996-05-06,26.12
19/06/2022,Barbarians,21,Danny Care,1987-01-02,35.46
19/06/2022,Barbarians,22,Orlando Bailey,2001-09-30,20.72
19/06/2022,Barbarians,4,Charlie Ewels,1995-06-29,26.97
19/06/2022,Barbarians,9,Harry Randall,1997-12-18,24.5
19/06/2022,Barbarians,18,Patrick Schickerling,1998-10-16,23.67
19/06/2022,Barbarians,20,Jack Willis,1996-12-24,25.48
19/06/2022,Barbarians,14,Joe Cokanasiga,1997-11-15,24.59
19/06/2022,Barbarians,3,Will Collier,1991-05-05,31.12
19/06/2022,Barbarians,8,Callum Chick,1996-11-25,25.56
02/07/2022,Australia,12,Owen Farrell,1991-09-24,30.77
02/07/2022,Australia,17,Mako Vunipola,1991-01-14,31.46
02/07/2022,Australia,20,Lewis Ludlam,1995-12-08,26.57
02/07/2022,Australia,8,Billy Vunipola,1992-11-03,29.66
02/07/2022,Australia,13,Joe Marchant,1996-07-16,25.96
02/07/2022,Australia,3,Will Stuart,1996-07-12,25.97
02/07/2022,Australia,10,Marcus Smith,1999-02-14,23.38
02/07/2022,Australia,7,Tom Curry,1998-06-15,24.05
02/07/2022,Australia,5,Jonny Hill,1994-06-08,28.07
02/07/2022,Australia,14,Jack Nowell,1993-04-11,29.22
02/07/2022,Australia,6,Courtney Lawes,1989-02-23,33.35
02/07/2022,Australia,4,Maro Itoje,1994-10-28,27.68
02/07/2022,Australia,19,Ollie Chessum,2000-09-06,21.82
02/07/2022,Australia,1,Ellis Genge,1995-02-16,27.37
02/07/2022,Australia,18,Joe Heyes,1999-04-13,23.22
02/07/2022,Australia,21,Jack van Poortvliet,2001-05-15,21.13
02/07/2022,Australia,9,Danny Care,1987-01-02,35.5
02/07/2022,Australia,23,Henry Arundell,2002-11-08,19.65
02/07/2022,Australia,11,Joe Cokanasiga,1997-11-15,24.63
02/07/2022,Australia,2,Jamie George,1990-10-20,31.7
02/07/2022,Australia,15,Freddie Steward,2000-12-05,21.57
02/07/2022,Australia,16,Luke Cowan-Dickie,1993-06-20,29.03
02/07/2022,Australia,22,Guy Porter,,
09/07/2022,Australia,12,Owen Farrell,1991-09-24,30.79
09/07/2022,Australia,17,Mako Vunipola,1991-01-14,31.48
09/07/2022,Australia,20,Lewis Ludlam,1995-12-08,26.59
09/07/2022,Australia,8,Billy Vunipola,1992-11-03,29.68
09/07/2022,Australia,3,Will Stuart,1996-07-12,25.99
09/07/2022,Australia,10,Marcus Smith,1999-02-14,23.4
09/07/2022,Australia,11,Tommy Freeman,2001-03-05,21.34
09/07/2022,Australia,5,Jonny Hill,1994-06-08,28.09
09/07/2022,Australia,7,Sam Underhill,1996-07-22,25.96
09/07/2022,Australia,14,Jack Nowell,1993-04-11,29.24
09/07/2022,Australia,6,Courtney Lawes,1989-02-23,33.37
09/07/2022,Australia,4,Maro Itoje,1994-10-28,27.7
09/07/2022,Australia,19,Ollie Chessum,2000-09-06,21.84
09/07/2022,Australia,1,Ellis Genge,1995-02-16,27.39
09/07/2022,Australia,18,Joe Heyes,1999-04-13,23.24
09/07/2022,Australia,9,Jack van Poortvliet,2001-05-15,21.15
09/07/2022,Australia,22,Will Joseph,2002-07-15,19.98
09/07/2022,Australia,21,Danny Care,1987-01-02,35.52
09/07/2022,Australia,23,Henry Arundell,2002-11-08,19.67
09/07/2022,Australia,2,Jamie George,1990-10-20,31.72
09/07/2022,Australia,15,Freddie Steward,2000-12-05,21.59
09/07/2022,Australia,16,Luke Cowan-Dickie,1993-06-20,29.05
09/07/2022,Australia,13,Guy Porter,,
16/07/2022,Australia,12,Owen Farrell,1991-09-24,30.81
16/07/2022,Australia,17,Mako Vunipola,1991-01-14,31.5
16/07/2022,Australia,7,Lewis Ludlam,1995-12-08,26.6
16/07/2022,Australia,8,Billy Vunipola,1992-11-03,29.7
16/07/2022,Australia,3,Will Stuart,1996-07-12,26.01
16/07/2022,Australia,10,Marcus Smith,1999-02-14,23.42
16/07/2022,Australia,11,Tommy Freeman,2001-03-05,21.36
16/07/2022,Australia,5,Jonny Hill,1994-06-08,28.1
16/07/2022,Australia,14,Jack Nowell,1993-04-11,29.26
16/07/2022,Australia,6,Courtney Lawes,1989-02-23,33.39
16/07/2022,Australia,4,Ollie Chessum,2000-09-06,21.86
16/07/2022,Australia,1,Ellis Genge,1995-02-16,27.41
16/07/2022,Australia,18,Joe Heyes,1999-04-13,23.26
16/07/2022,Australia,21,Jack van Poortvliet,2001-05-15,21.17
16/07/2022,Australia,22,Will Joseph,2002-07-15,20.0
16/07/2022,Australia,9,Danny Care,1987-01-02,35.54
16/07/2022,Australia,20,Jack Willis,1996-12-24,25.56
16/07/2022,Australia,23,Henry Arundell,2002-11-08,19.69
16/07/2022,Australia,2,Jamie George,1990-10-20,31.74
16/07/2022,Australia,19,Nick Isiekwe,1998-04-20,24.24
16/07/2022,Australia,15,Freddie Steward,2000-12-05,21.61
16/07/2022,Australia,16,Luke Cowan-Dickie,1993-06-20,29.07
16/07/2022,Australia,13,Guy Porter,,
06/11/2022,Argentina,12,Owen Farrell,1991-09-24,31.12
06/11/2022,Argentina,19,David Ribbans,1995-08-29,27.19
06/11/2022,Argentina,9,Ben Youngs,1989-09-05,33.17
06/11/2022,Argentina,16,Jack Singleton,1996-05-14,26.48
06/11/2022,Argentina,17,Mako Vunipola,1991-01-14,31.81
06/11/2022,Argentina,8,Billy Vunipola,1992-11-03,30.01
06/11/2022,Argentina,4,Alex Coles,1999-09-21,23.13
06/11/2022,Argentina,20,Sam Simmonds,1994-11-10,27.99
06/11/2022,Argentina,10,Marcus Smith,1999-02-14,23.73
06/11/2022,Argentina,7,Tom Curry,1998-06-15,24.39
06/11/2022,Argentina,5,Jonny Hill,1994-06-08,28.41
06/11/2022,Argentina,14,Jack Nowell,1993-04-11,29.57
06/11/2022,Argentina,6,Maro Itoje,1994-10-28,28.03
06/11/2022,Argentina,1,Ellis Genge,1995-02-16,27.72
06/11/2022,Argentina,13,Manu Tuilagi,1991-05-18,31.47
06/11/2022,Argentina,18,Joe Heyes,1999-04-13,23.57
06/11/2022,Argentina,22,Jack van Poortvliet,2001-05-15,21.48
06/11/2022,Argentina,23,Henry Slade,1993-03-19,29.64
06/11/2022,Argentina,21,Jack Willis,1996-12-24,25.87
06/11/2022,Argentina,11,Joe Cokanasiga,1997-11-15,24.98
06/11/2022,Argentina,3,Kyle Sinckler,1993-03-30,29.6
06/11/2022,Argentina,15,Freddie Steward,2000-12-05,21.92
06/11/2022,Argentina,2,Luke Cowan-Dickie,1993-06-20,29.38
12/11/2022,Japan,11,Jonny May,1990-04-01,32.62
12/11/2022,Japan,12,Owen Farrell,1991-09-24,31.14
12/11/2022,Japan,4,David Ribbans,1995-08-29,27.21
12/11/2022,Japan,21,Ben Youngs,1989-09-05,33.19
12/11/2022,Japan,17,Mako Vunipola,1991-01-14,31.83
12/11/2022,Japan,20,Billy Vunipola,1992-11-03,30.02
12/11/2022,Japan,19,Alex Coles,1999-09-21,23.14
12/11/2022,Japan,8,Sam Simmonds,1994-11-10,28.01
12/11/2022,Japan,10,Marcus Smith,1999-02-14,23.74
12/11/2022,Japan,7,Tom Curry,1998-06-15,24.41
12/11/2022,Japan,5,Jonny Hill,1994-06-08,28.43
12/11/2022,Japan,6,Maro Itoje,1994-10-28,28.04
12/11/2022,Japan,1,Ellis Genge,1995-02-16,27.74
12/11/2022,Japan,23,Manu Tuilagi,1991-05-18,31.49
12/11/2022,Japan,18,Joe Heyes,1999-04-13,23.58
12/11/2022,Japan,9,Jack van Poortvliet,2001-05-15,21.5
12/11/2022,Japan,22,Henry Slade,1993-03-19,29.65
12/11/2022,Japan,14,Joe Cokanasiga,1997-11-15,24.99
12/11/2022,Japan,16,Jamie George,1990-10-20,32.06
12/11/2022,Japan,3,Kyle Sinckler,1993-03-30,29.62
12/11/2022,Japan,15,Freddie Steward,2000-12-05,21.94
12/11/2022,Japan,2,Luke Cowan-Dickie,1993-06-20,29.4
12/11/2022,Japan,13,Guy Porter,,
19/11/2022,New Zealand,11,Jonny May,1990-04-01,32.64
19/11/2022,New Zealand,12,Owen Farrell,1991-09-24,31.15
19/11/2022,New Zealand,19,David Ribbans,1995-08-29,27.23
19/11/2022,New Zealand,21,Ben Youngs,1989-09-05,33.21
19/11/2022,New Zealand,17,Mako Vunipola,1991-01-14,31.85
19/11/2022,New Zealand,8,Billy Vunipola,1992-11-03,30.04
19/11/2022,New Zealand,6,Sam Simmonds,1994-11-10,28.03
19/11/2022,New Zealand,18,Will Stuart,1996-07-12,26.36
19/11/2022,New Zealand,10,Marcus Smith,1999-02-14,23.76
19/11/2022,New Zealand,7,Tom Curry,1998-06-15,24.43
19/11/2022,New Zealand,5,Jonny Hill,1994-06-08,28.45
19/11/2022,New Zealand,14,Jack Nowell,1993-04-11,29.61
19/11/2022,New Zealand,4,Maro Itoje,1994-10-28,28.06
19/11/2022,New Zealand,1,Ellis Genge,1995-02-16,27.76
19/11/2022,New Zealand,13,Manu Tuilagi,1991-05-18,31.51
19/11/2022,New Zealand,9,Jack van Poortvliet,2001-05-15,21.51
19/11/2022,New Zealand,23,Henry Slade,1993-03-19,29.67
19/11/2022,New Zealand,20,Jack Willis,1996-12-24,25.9
19/11/2022,New Zealand,16,Jamie George,1990-10-20,32.08
19/11/2022,New Zealand,3,Kyle Sinckler,1993-03-30,29.64
19/11/2022,New Zealand,15,Freddie Steward,2000-12-05,21.96
19/11/2022,New Zealand,2,Luke Cowan-Dickie,1993-06-20,29.42
19/11/2022,New Zealand,22,Guy Porter,,
26/11/2022,South Africa,11,Jonny May,1990-04-01,32.66
26/11/2022,South Africa,12,Owen Farrell,1991-09-24,31.17
26/11/2022,South Africa,19,David Ribbans,1995-08-29,27.24
26/11/2022,South Africa,21,Ben Youngs,1989-09-05,33.22
26/11/2022,South Africa,1,Mako Vunipola,1991-01-14,31.87
26/11/2022,South Africa,8,Billy Vunipola,1992-11-03,30.06
26/11/2022,South Africa,6,Alex Coles,1999-09-21,23.18
26/11/2022,South Africa,20,Sam Simmonds,1994-11-10,28.04
26/11/2022,South Africa,18,Will Stuart,1996-07-12,26.37
26/11/2022,South Africa,10,Marcus Smith,1999-02-14,23.78
26/11/2022,South Africa,7,Tom Curry,1998-06-15,24.45
26/11/2022,South Africa,14,Tommy Freeman,2001-03-05,21.73
26/11/2022,South Africa,5,Jonny Hill,1994-06-08,28.47
26/11/2022,South Africa,23,Jack Nowell,1993-04-11,29.63
26/11/2022,South Africa,4,Maro Itoje,1994-10-28,28.08
26/11/2022,South Africa,17,Ellis Genge,1995-02-16,27.78
26/11/2022,South Africa,13,Manu Tuilagi,1991-05-18,31.53
26/11/2022,South Africa,9,Jack van Poortvliet,2001-05-15,21.53
26/11/2022,South Africa,22,Henry Slade,1993-03-19,29.69
26/11/2022,South Africa,2,Jamie George,1990-10-20,32.1
26/11/2022,South Africa,3,Kyle Sinckler,1993-03-30,29.66
26/11/2022,South Africa,15,Freddie Steward,2000-12-05,21.97
26/11/2022,South Africa,16,Luke Cowan-Dickie,1993-06-20,29.44
04/02/2023,Scotland,12,Owen Farrell,1991-09-24,31.37
04/02/2023,Scotland,14,Max Malins,1997-01-07,26.08
04/02/2023,Scotland,21,Ben Youngs,1989-09-05,33.42
04/02/2023,Scotland,17,Mako Vunipola,1991-01-14,32.06
04/02/2023,Scotland,22,Ollie Lawrence,1999-09-18,23.38
04/02/2023,Scotland,6,Lewis Ludlam,1995-12-08,27.16
04/02/2023,Scotland,13,Joe Marchant,1996-07-16,26.55
04/02/2023,Scotland,20,Ben Earl,1998-01-07,25.08
04/02/2023,Scotland,18,Dan Cole,1987-05-09,35.74
04/02/2023,Scotland,10,Marcus Smith,1999-02-14,23.97
04/02/2023,Scotland,4,Maro Itoje,1994-10-28,28.27
04/02/2023,Scotland,16,Jack Walker,1996-05-06,26.75
04/02/2023,Scotland,11,Ollie Hassell-Collins,1999-01-17,24.05
04/02/2023,Scotland,5,Ollie Chessum,2000-09-06,22.41
04/02/2023,Scotland,7,Ben Curry,1998-06-15,24.64
04/02/2023,Scotland,1,Ellis Genge,1995-02-16,27.97
04/02/2023,Scotland,9,Jack van Poortvliet,2001-05-15,21.73
04/02/2023,Scotland,23,Anthony Watson,1994-02-26,28.94
04/02/2023,Scotland,2,Jamie George,1990-10-20,32.29
04/02/2023,Scotland,19,Nick Isiekwe,1998-04-20,24.79
04/02/2023,Scotland,3,Kyle Sinckler,1993-03-30,29.85
04/02/2023,Scotland,15,Freddie Steward,2000-12-05,22.17
04/02/2023,Scotland,8,Alex Dombrandt,1997-04-29,25.77
12/02/2023,Italy,10,Owen Farrell,1991-09-24,31.39
12/02/2023,Italy,21,Alex Mitchell,1997-05-25,25.72
12/02/2023,Italy,14,Max Malins,1997-01-07,26.1
12/02/2023,Italy,17,Mako Vunipola,1991-01-14,32.08
12/02/2023,Italy,12,Ollie Lawrence,1999-09-18,23.4
12/02/2023,Italy,6,Lewis Ludlam,1995-12-08,27.18
12/02/2023,Italy,20,Ben Earl,1998-01-07,25.1
12/02/2023,Italy,18,Dan Cole,1987-05-09,35.77
12/02/2023,Italy,22,Marcus Smith,1999-02-14,24.0
12/02/2023,Italy,4,Maro Itoje,1994-10-28,28.29
12/02/2023,Italy,16,Jack Walker,1996-05-06,26.77
12/02/2023,Italy,11,Ollie Hassell-Collins,1999-01-17,24.07
12/02/2023,Italy,5,Ollie Chessum,2000-09-06,22.43
12/02/2023,Italy,1,Ellis Genge,1995-02-16,27.99
12/02/2023,Italy,9,Jack van Poortvliet,2001-05-15,21.75
12/02/2023,Italy,13,Henry Slade,1993-03-19,29.9
12/02/2023,Italy,7,Jack Willis,1996-12-24,26.14
12/02/2023,Italy,23,Henry Arundell,2002-11-08,20.26
12/02/2023,Italy,2,Jamie George,1990-10-20,32.32
12/02/2023,Italy,19,Nick Isiekwe,1998-04-20,24.82
12/02/2023,Italy,3,Kyle Sinckler,1993-03-30,29.87
12/02/2023,Italy,15,Freddie Steward,2000-12-05,22.19
12/02/2023,Italy,8,Alex Dombrandt,1997-04-29,25.79
25/02/2023,Wales,10,Owen Farrell,1991-09-24,31.42
25/02/2023,Wales,21,Alex Mitchell,1997-05-25,25.76
25/02/2023,Wales,14,Max Malins,1997-01-07,26.13
25/02/2023,Wales,17,Mako Vunipola,1991-01-14,32.12
25/02/2023,Wales,12,Ollie Lawrence,1999-09-18,23.44
25/02/2023,Wales,6,Lewis Ludlam,1995-12-08,27.22
25/02/2023,Wales,18,Dan Cole,1987-05-09,35.8
25/02/2023,Wales,22,Marcus Smith,1999-02-14,24.03
25/02/2023,Wales,19,Courtney Lawes,1989-02-23,34.0
25/02/2023,Wales,4,Maro Itoje,1994-10-28,28.33
25/02/2023,Wales,16,Jack Walker,1996-05-06,26.81
25/02/2023,Wales,5,Ollie Chessum,2000-09-06,22.47
25/02/2023,Wales,20,Ben Curry,1998-06-15,24.7
25/02/2023,Wales,1,Ellis Genge,1995-02-16,28.03
25/02/2023,Wales,9,Jack van Poortvliet,2001-05-15,21.78
25/02/2023,Wales,11,Anthony Watson,1994-02-26,29.0
25/02/2023,Wales,13,Henry Slade,1993-03-19,29.94
25/02/2023,Wales,7,Jack Willis,1996-12-24,26.17
25/02/2023,Wales,23,Henry Arundell,2002-11-08,20.3
25/02/2023,Wales,2,Jamie George,1990-10-20,32.35
25/02/2023,Wales,3,Kyle Sinckler,1993-03-30,29.91
25/02/2023,Wales,15,Freddie Steward,2000-12-05,22.22
25/02/2023,Wales,8,Alex Dombrandt,1997-04-29,25.83
11/03/2023,France,22,Owen Farrell,1991-09-24,31.46
11/03/2023,France,21,Alex Mitchell,1997-05-25,25.79
11/03/2023,France,14,Max Malins,1997-01-07,26.17
11/03/2023,France,19,David Ribbans,1995-08-29,27.53
11/03/2023,France,17,Mako Vunipola,1991-01-14,32.15
11/03/2023,France,12,Ollie Lawrence,1999-09-18,23.48
11/03/2023,France,6,Lewis Ludlam,1995-12-08,27.26
11/03/2023,France,18,Dan Cole,1987-05-09,35.84
11/03/2023,France,10,Marcus Smith,1999-02-14,24.07
11/03/2023,France,4,Maro Itoje,1994-10-28,28.37
11/03/2023,France,16,Jack Walker,1996-05-06,26.85
11/03/2023,France,5,Ollie Chessum,2000-09-06,22.51
11/03/2023,France,20,Ben Curry,1998-06-15,24.74
11/03/2023,France,1,Ellis Genge,1995-02-16,28.06
11/03/2023,France,9,Jack van Poortvliet,2001-05-15,21.82
11/03/2023,France,11,Anthony Watson,1994-02-26,29.04
11/03/2023,France,13,Henry Slade,1993-03-19,29.98
11/03/2023,France,7,Jack Willis,1996-12-24,26.21
11/03/2023,France,23,Henry Arundell,2002-11-08,20.34
11/03/2023,France,2,Jamie George,1990-10-20,32.39
11/03/2023,France,3,Kyle Sinckler,1993-03-30,29.95
11/03/2023,France,15,Freddie Steward,2000-12-05,22.26
11/03/2023,France,8,Alex Dombrandt,1997-04-29,25.87
18/03/2023,Ireland,10,Owen Farrell,1991-09-24,31.48
18/03/2023,Ireland,21,Alex Mitchell,1997-05-25,25.81
18/03/2023,Ireland,5,David Ribbans,1995-08-29,27.55
18/03/2023,Ireland,17,Mako Vunipola,1991-01-14,32.17
18/03/2023,Ireland,6,Lewis Ludlam,1995-12-08,27.28
18/03/2023,Ireland,23,Joe Marchant,1996-07-16,26.67
18/03/2023,Ireland,18,Dan Cole,1987-05-09,35.86
18/03/2023,Ireland,22,Marcus Smith,1999-02-14,24.09
18/03/2023,Ireland,4,Maro Itoje,1994-10-28,28.39
18/03/2023,Ireland,16,Jack Walker,1996-05-06,26.86
18/03/2023,Ireland,20,Ben Curry,1998-06-15,24.76
18/03/2023,Ireland,1,Ellis Genge,1995-02-16,28.08
18/03/2023,Ireland,12,Manu Tuilagi,1991-05-18,31.83
18/03/2023,Ireland,9,Jack van Poortvliet,2001-05-15,21.84
18/03/2023,Ireland,14,Anthony Watson,1994-02-26,29.05
18/03/2023,Ireland,13,Henry Slade,1993-03-19,30.0
18/03/2023,Ireland,7,Jack Willis,1996-12-24,26.23
18/03/2023,Ireland,11,Henry Arundell,2002-11-08,20.36
18/03/2023,Ireland,2,Jamie George,1990-10-20,32.41
18/03/2023,Ireland,19,Nick Isiekwe,1998-04-20,24.91
18/03/2023,Ireland,3,Kyle Sinckler,1993-03-30,29.97
18/03/2023,Ireland,15,Freddie Steward,2000-12-05,22.28
18/03/2023,Ireland,8,Alex Dombrandt,1997-04-29,25.88
05/08/2023,Wales,14,Max Malins,1997-01-07,26.57
05/08/2023,Wales,4,David Ribbans,1995-08-29,27.93
05/08/2023,Wales,6,Lewis Ludlam,1995-12-08,27.66
05/08/2023,Wales,22,George Ford,1993-03-16,30.39
05/08/2023,Wales,13,Joe Marchant,1996-07-16,27.05
05/08/2023,Wales,3,Will Stuart,1996-07-12,27.06
05/08/2023,Wales,10,Marcus Smith,1999-02-14,24.47
05/08/2023,Wales,19,Jonny Hill,1994-06-08,29.16
05/08/2023,Wales,17,Bevan Rodd,2000-08-26,22.94
05/08/2023,Wales,20,Tom Willis,1999-01-18,24.55
05/08/2023,Wales,1,Ellis Genge,1995-02-16,28.47
05/08/2023,Wales,21,Jack van Poortvliet,2001-05-15,22.22
05/08/2023,Wales,9,Danny Care,1987-01-02,36.59
05/08/2023,Wales,16,Theo Dan,2000-12-26,22.61
05/08/2023,Wales,5,George Martin,2001-06-18,22.13
05/08/2023,Wales,23,Henry Slade,1993-03-19,30.38
05/08/2023,Wales,2,Jamie Blamire,1997-12-22,25.62
05/08/2023,Wales,11,Joe Cokanasiga,1997-11-15,25.72
05/08/2023,Wales,18,Kyle Sinckler,1993-03-30,30.35
05/08/2023,Wales,7,Tom Pearson,1999-10-26,23.78
05/08/2023,Wales,15,Freddie Steward,2000-12-05,22.66
05/08/2023,Wales,8,Alex Dombrandt,1997-04-29,26.27
05/08/2023,Wales,12,Guy Porter,,
12/08/2023,Wales,10,Owen Farrell,1991-09-24,31.88
12/08/2023,Wales,23,Max Malins,1997-01-07,26.59
12/08/2023,Wales,21,Ben Youngs,1989-09-05,33.93
12/08/2023,Wales,12,Ollie Lawrence,1999-09-18,23.9
12/08/2023,Wales,8,Billy Vunipola,1992-11-03,30.77
12/08/2023,Wales,22,George Ford,1993-03-16,30.41
12/08/2023,Wales,13,Joe Marchant,1996-07-16,27.07
12/08/2023,Wales,3,Will Stuart,1996-07-12,27.08
12/08/2023,Wales,7,Ben Earl,1998-01-07,25.59
12/08/2023,Wales,18,Dan Cole,1987-05-09,36.26
12/08/2023,Wales,19,Jonny Hill,1994-06-08,29.18
12/08/2023,Wales,6,Courtney Lawes,1989-02-23,34.46
12/08/2023,Wales,4,Maro Itoje,1994-10-28,28.79
12/08/2023,Wales,17,Ellis Genge,1995-02-16,28.49
12/08/2023,Wales,9,Jack van Poortvliet,2001-05-15,22.24
12/08/2023,Wales,16,Theo Dan,2000-12-26,22.63
12/08/2023,Wales,5,George Martin,2001-06-18,22.15
12/08/2023,Wales,20,Jack Willis,1996-12-24,26.63
12/08/2023,Wales,14,Henry Arundell,2002-11-08,20.76
12/08/2023,Wales,2,Jamie George,1990-10-20,32.81
12/08/2023,Wales,1,Joe Marler,1990-07-07,33.1
12/08/2023,Wales,15,Freddie Steward,2000-12-05,22.68
12/08/2023,Wales,11,Elliot Daly,1992-10-08,30.84
19/08/2023,Ireland,5,David Ribbans,1995-08-29,27.97
19/08/2023,Ireland,9,Ben Youngs,1989-09-05,33.95
19/08/2023,Ireland,23,Ollie Lawrence,1999-09-18,23.92
19/08/2023,Ireland,8,Billy Vunipola,1992-11-03,30.79
19/08/2023,Ireland,10,George Ford,1993-03-16,30.43
19/08/2023,Ireland,13,Joe Marchant,1996-07-16,27.09
19/08/2023,Ireland,3,Will Stuart,1996-07-12,27.1
19/08/2023,Ireland,7,Ben Earl,1998-01-07,25.61
19/08/2023,Ireland,22,Marcus Smith,1999-02-14,24.51
19/08/2023,Ireland,6,Courtney Lawes,1989-02-23,34.48
19/08/2023,Ireland,4,Maro Itoje,1994-10-28,28.81
19/08/2023,Ireland,19,Ollie Chessum,2000-09-06,22.95
19/08/2023,Ireland,1,Ellis Genge,1995-02-16,28.5
19/08/2023,Ireland,12,Manu Tuilagi,1991-05-18,32.26
19/08/2023,Ireland,21,Danny Care,1987-01-02,36.63
19/08/2023,Ireland,16,Theo Dan,2000-12-26,22.65
19/08/2023,Ireland,14,Anthony Watson,1994-02-26,29.48
19/08/2023,Ireland,20,Jack Willis,1996-12-24,26.65
19/08/2023,Ireland,2,Jamie George,1990-10-20,32.83
19/08/2023,Ireland,18,Kyle Sinckler,1993-03-30,30.39
19/08/2023,Ireland,17,Joe Marler,1990-07-07,33.12
19/08/2023,Ireland,15,Freddie Steward,2000-12-05,22.7
19/08/2023,Ireland,11,Elliot Daly,1992-10-08,30.86
26/08/2023,Fiji,11,Jonny May,1990-04-01,33.4
26/08/2023,Fiji,9,Alex Mitchell,1997-05-25,26.25
26/08/2023,Fiji,14,Max Malins,1997-01-07,26.63
26/08/2023,Fiji,19,David Ribbans,1995-08-29,27.99
26/08/2023,Fiji,13,Ollie Lawrence,1999-09-18,23.94
26/08/2023,Fiji,20,Lewis Ludlam,1995-12-08,27.72
26/08/2023,Fiji,10,George Ford,1993-03-16,30.45
26/08/2023,Fiji,23,Joe Marchant,1996-07-16,27.11
26/08/2023,Fiji,18,Will Stuart,1996-07-12,27.12
26/08/2023,Fiji,8,Ben Earl,1998-01-07,25.63
26/08/2023,Fiji,3,Dan Cole,1987-05-09,36.3
26/08/2023,Fiji,22,Marcus Smith,1999-02-14,24.53
26/08/2023,Fiji,6,Courtney Lawes,1989-02-23,34.5
26/08/2023,Fiji,4,Maro Itoje,1994-10-28,28.83
26/08/2023,Fiji,16,Jack Walker,1996-05-06,27.31
26/08/2023,Fiji,5,Ollie Chessum,2000-09-06,22.97
26/08/2023,Fiji,1,Ellis Genge,1995-02-16,28.52
26/08/2023,Fiji,12,Manu Tuilagi,1991-05-18,32.27
26/08/2023,Fiji,21,Danny Care,1987-01-02,36.65
26/08/2023,Fiji,2,Theo Dan,2000-12-26,22.66
26/08/2023,Fiji,7,Jack Willis,1996-12-24,26.67
26/08/2023,Fiji,17,Joe Marler,1990-07-07,33.14
26/08/2023,Fiji,15,Freddie Steward,2000-12-05,22.72
09/09/2023,Argentina,14,Jonny May,1990-04-01,33.44
09/09/2023,Argentina,9,Alex Mitchell,1997-05-25,26.29
09/09/2023,Argentina,23,Ollie Lawrence,1999-09-18,23.98
09/09/2023,Argentina,20,Lewis Ludlam,1995-12-08,27.75
09/09/2023,Argentina,10,George Ford,1993-03-16,30.48
09/09/2023,Argentina,13,Joe Marchant,1996-07-16,27.15
09/09/2023,Argentina,18,Will Stuart,1996-07-12,27.16
09/09/2023,Argentina,8,Ben Earl,1998-01-07,25.67
09/09/2023,Argentina,3,Dan Cole,1987-05-09,36.34
09/09/2023,Argentina,22,Marcus Smith,1999-02-14,24.57
09/09/2023,Argentina,7,Tom Curry,1998-06-15,25.24
09/09/2023,Argentina,6,Courtney Lawes,1989-02-23,34.54
09/09/2023,Argentina,4,Maro Itoje,1994-10-28,28.87
09/09/2023,Argentina,5,Ollie Chessum,2000-09-06,23.01
09/09/2023,Argentina,1,Ellis Genge,1995-02-16,28.56
09/09/2023,Argentina,12,Manu Tuilagi,1991-05-18,32.31
09/09/2023,Argentina,21,Danny Care,1987-01-02,36.69
09/09/2023,Argentina,16,Theo Dan,2000-12-26,22.7
09/09/2023,Argentina,19,George Martin,2001-06-18,22.23
09/09/2023,Argentina,2,Jamie George,1990-10-20,32.89
09/09/2023,Argentina,17,Joe Marler,1990-07-07,33.18
09/09/2023,Argentina,15,Freddie Steward,2000-12-05,22.76
09/09/2023,Argentina,11,Elliot Daly,1992-10-08,30.92
17/09/2023,Japan,14,Jonny May,1990-04-01,33.46
17/09/2023,Japan,9,Alex Mitchell,1997-05-25,26.31
17/09/2023,Japan,21,Ben Youngs,1989-09-05,34.03
17/09/2023,Japan,23,Ollie Lawrence,1999-09-18,24.0
17/09/2023,Japan,8,Lewis Ludlam,1995-12-08,27.78
17/09/2023,Japan,20,Billy Vunipola,1992-11-03,30.87
17/09/2023,Japan,10,George Ford,1993-03-16,30.51
17/09/2023,Japan,13,Joe Marchant,1996-07-16,27.17
17/09/2023,Japan,18,Will Stuart,1996-07-12,27.18
17/09/2023,Japan,7,Ben Earl,1998-01-07,25.69
17/09/2023,Japan,22,Marcus Smith,1999-02-14,24.59
17/09/2023,Japan,6,Courtney Lawes,1989-02-23,34.56
17/09/2023,Japan,4,Maro Itoje,1994-10-28,28.89
17/09/2023,Japan,5,Ollie Chessum,2000-09-06,23.03
17/09/2023,Japan,17,Ellis Genge,1995-02-16,28.58
17/09/2023,Japan,12,Manu Tuilagi,1991-05-18,32.33
17/09/2023,Japan,16,Theo Dan,2000-12-26,22.72
17/09/2023,Japan,19,George Martin,2001-06-18,22.25
17/09/2023,Japan,2,Jamie George,1990-10-20,32.91
17/09/2023,Japan,3,Kyle Sinckler,1993-03-30,30.47
17/09/2023,Japan,1,Joe Marler,1990-07-07,33.2
17/09/2023,Japan,15,Freddie Steward,2000-12-05,22.78
17/09/2023,Japan,11,Elliot Daly,1992-10-08,30.94
23/09/2023,Chile,10,Owen Farrell,1991-09-24,32.0
23/09/2023,Chile,11,Max Malins,1997-01-07,26.71
23/09/2023,Chile,4,David Ribbans,1995-08-29,28.07
23/09/2023,Chile,21,Ben Youngs,1989-09-05,34.05
23/09/2023,Chile,12,Ollie Lawrence,1999-09-18,24.01
23/09/2023,Chile,6,Lewis Ludlam,1995-12-08,27.79
23/09/2023,Chile,8,Billy Vunipola,1992-11-03,30.89
23/09/2023,Chile,22,George Ford,1993-03-16,30.52
23/09/2023,Chile,23,Joe Marchant,1996-07-16,27.19
23/09/2023,Chile,18,Will Stuart,1996-07-12,27.2
23/09/2023,Chile,20,Ben Earl,1998-01-07,25.71
23/09/2023,Chile,15,Marcus Smith,1999-02-14,24.61
23/09/2023,Chile,1,Bevan Rodd,2000-08-26,23.08
23/09/2023,Chile,16,Jack Walker,1996-05-06,27.38
23/09/2023,Chile,19,Ollie Chessum,2000-09-06,23.04
23/09/2023,Chile,9,Danny Care,1987-01-02,36.72
23/09/2023,Chile,2,Theo Dan,2000-12-26,22.74
23/09/2023,Chile,5,George Martin,2001-06-18,22.26
23/09/2023,Chile,7,Jack Willis,1996-12-24,26.75
23/09/2023,Chile,14,Henry Arundell,2002-11-08,20.87
23/09/2023,Chile,3,Kyle Sinckler,1993-03-30,30.48
23/09/2023,Chile,17,Joe Marler,1990-07-07,33.21
23/09/2023,Chile,13,Elliot Daly,1992-10-08,30.96
07/10/2023,Samoa,11,Jonny May,1990-04-01,33.52
07/10/2023,Samoa,12,Owen Farrell,1991-09-24,32.04
07/10/2023,Samoa,9,Alex Mitchell,1997-05-25,26.37
07/10/2023,Samoa,23,Ollie Lawrence,1999-09-18,24.05
07/10/2023,Samoa,20,Billy Vunipola,1992-11-03,30.92
07/10/2023,Samoa,10,George Ford,1993-03-16,30.56
07/10/2023,Samoa,14,Joe Marchant,1996-07-16,27.23
07/10/2023,Samoa,8,Ben Earl,1998-01-07,25.75
07/10/2023,Samoa,3,Dan Cole,1987-05-09,36.41
07/10/2023,Samoa,22,Marcus Smith,1999-02-14,24.64
07/10/2023,Samoa,7,Tom Curry,1998-06-15,25.31
07/10/2023,Samoa,6,Courtney Lawes,1989-02-23,34.62
07/10/2023,Samoa,4,Maro Itoje,1994-10-28,28.94
07/10/2023,Samoa,5,Ollie Chessum,2000-09-06,23.08
07/10/2023,Samoa,1,Ellis Genge,1995-02-16,28.64
07/10/2023,Samoa,13,Manu Tuilagi,1991-05-18,32.39
07/10/2023,Samoa,21,Danny Care,1987-01-02,36.76
07/10/2023,Samoa,16,Theo Dan,2000-12-26,22.78
07/10/2023,Samoa,19,George Martin,2001-06-18,22.3
07/10/2023,Samoa,2,Jamie George,1990-10-20,32.96
07/10/2023,Samoa,18,Kyle Sinckler,1993-03-30,30.52
07/10/2023,Samoa,17,Joe Marler,1990-07-07,33.25
07/10/2023,Samoa,15,Freddie Steward,2000-12-05,22.84
15/10/2023,Fiji,14,Jonny May,1990-04-01,33.54
15/10/2023,Fiji,10,Owen Farrell,1991-09-24,32.06
15/10/2023,Fiji,9,Alex Mitchell,1997-05-25,26.39
15/10/2023,Fiji,23,Ollie Lawrence,1999-09-18,24.07
15/10/2023,Fiji,20,Billy Vunipola,1992-11-03,30.95
15/10/2023,Fiji,22,George Ford,1993-03-16,30.58
15/10/2023,Fiji,13,Joe Marchant,1996-07-16,27.25
15/10/2023,Fiji,8,Ben Earl,1998-01-07,25.77
15/10/2023,Fiji,3,Dan Cole,1987-05-09,36.44
15/10/2023,Fiji,15,Marcus Smith,1999-02-14,24.67
15/10/2023,Fiji,7,Tom Curry,1998-06-15,25.33
15/10/2023,Fiji,6,Courtney Lawes,1989-02-23,34.64
15/10/2023,Fiji,4,Maro Itoje,1994-10-28,28.96
15/10/2023,Fiji,5,Ollie Chessum,2000-09-06,23.11
15/10/2023,Fiji,1,Ellis Genge,1995-02-16,28.66
15/10/2023,Fiji,12,Manu Tuilagi,1991-05-18,32.41
15/10/2023,Fiji,21,Danny Care,1987-01-02,36.78
15/10/2023,Fiji,16,Theo Dan,2000-12-26,22.8
15/10/2023,Fiji,19,George Martin,2001-06-18,22.32
15/10/2023,Fiji,2,Jamie George,1990-10-20,32.99
15/10/2023,Fiji,18,Kyle Sinckler,1993-03-30,30.54
15/10/2023,Fiji,17,Joe Marler,1990-07-07,33.27
15/10/2023,Fiji,11,Elliot Daly,1992-10-08,31.02
21/10/2023,South Africa,14,Jonny May,1990-04-01,33.56
21/10/2023,South Africa,10,Owen Farrell,1991-09-24,32.07
21/10/2023,South Africa,9,Alex Mitchell,1997-05-25,26.41
21/10/2023,South Africa,23,Ollie Lawrence,1999-09-18,24.09
21/10/2023,South Africa,20,Billy Vunipola,1992-11-03,30.96
21/10/2023,South Africa,22,George Ford,1993-03-16,30.6
21/10/2023,South Africa,13,Joe Marchant,1996-07-16,27.26
21/10/2023,South Africa,8,Ben Earl,1998-01-07,25.79
21/10/2023,South Africa,3,Dan Cole,1987-05-09,36.45
21/10/2023,South Africa,7,Tom Curry,1998-06-15,25.35
21/10/2023,South Africa,6,Courtney Lawes,1989-02-23,34.66
21/10/2023,South Africa,4,Maro Itoje,1994-10-28,28.98
21/10/2023,South Africa,19,Ollie Chessum,2000-09-06,23.12
21/10/2023,South Africa,17,Ellis Genge,1995-02-16,28.68
21/10/2023,South Africa,12,Manu Tuilagi,1991-05-18,32.43
21/10/2023,South Africa,21,Danny Care,1987-01-02,36.8
21/10/2023,South Africa,16,Theo Dan,2000-12-26,22.82
21/10/2023,South Africa,5,George Martin,2001-06-18,22.34
21/10/2023,South Africa,2,Jamie George,1990-10-20,33.0
21/10/2023,South Africa,18,Kyle Sinckler,1993-03-30,30.56
21/10/2023,South Africa,1,Joe Marler,1990-07-07,33.29
21/10/2023,South Africa,15,Freddie Steward,2000-12-05,22.88
21/10/2023,South Africa,11,Elliot Daly,1992-10-08,31.03
27/10/2023,Argentina,10,Owen Farrell,1991-09-24,32.09
27/10/2023,Argentina,19,David Ribbans,1995-08-29,28.16
27/10/2023,Argentina,9,Ben Youngs,1989-09-05,34.14
27/10/2023,Argentina,23,Ollie Lawrence,1999-09-18,24.11
27/10/2023,Argentina,20,Lewis Ludlam,1995-12-08,27.89
27/10/2023,Argentina,22,George Ford,1993-03-16,30.62
27/10/2023,Argentina,13,Joe Marchant,1996-07-16,27.28
27/10/2023,Argentina,3,Will Stuart,1996-07-12,27.29
27/10/2023,Argentina,8,Ben Earl,1998-01-07,25.8
27/10/2023,Argentina,18,Dan Cole,1987-05-09,36.47
27/10/2023,Argentina,15,Marcus Smith,1999-02-14,24.7
27/10/2023,Argentina,6,Tom Curry,1998-06-15,25.37
27/10/2023,Argentina,7,Sam Underhill,1996-07-22,27.26
27/10/2023,Argentina,4,Maro Itoje,1994-10-28,29.0
27/10/2023,Argentina,17,Bevan Rodd,2000-08-26,23.17
27/10/2023,Argentina,5,Ollie Chessum,2000-09-06,23.14
27/10/2023,Argentina,1,Ellis Genge,1995-02-16,28.69
27/10/2023,Argentina,12,Manu Tuilagi,1991-05-18,32.44
27/10/2023,Argentina,21,Danny Care,1987-01-02,36.82
27/10/2023,Argentina,2,Theo Dan,2000-12-26,22.83
27/10/2023,Argentina,11,Henry Arundell,2002-11-08,20.97
27/10/2023,Argentina,16,Jamie George,1990-10-20,33.02
27/10/2023,Argentina,14,Freddie Steward,2000-12-05,22.89
03/02/2024,Italy,9,Alex Mitchell,1997-05-25,26.69
03/02/2024,Italy,19,Alex Coles,1999-09-21,24.37
03/02/2024,Italy,10,George Ford,1993-03-16,30.89
03/02/2024,Italy,3,Will Stuart,1996-07-12,27.56
03/02/2024,Italy,8,Ben Earl,1998-01-07,26.07
03/02/2024,Italy,18,Dan Cole,1987-05-09,36.74
03/02/2024,Italy,14,Tommy Freeman,2001-03-05,22.92
03/02/2024,Italy,7,Sam Underhill,1996-07-22,27.54
03/02/2024,Italy,12,Fraser Dingwall,1999-04-07,24.83
03/02/2024,Italy,22,Fin Smith,2002-05-11,21.73
03/02/2024,Italy,4,Maro Itoje,1994-10-28,29.27
03/02/2024,Italy,5,Ollie Chessum,2000-09-06,23.41
03/02/2024,Italy,21,Danny Care,1987-01-02,37.09
03/02/2024,Italy,23,Immanuel Feyi-Waboso,2002-12-20,21.12
03/02/2024,Italy,16,Theo Dan,2000-12-26,23.11
03/02/2024,Italy,13,Henry Slade,1993-03-19,30.88
03/02/2024,Italy,17,Beno Obano,1994-10-24,29.28
03/02/2024,Italy,20,Chandler Cunningham-South,2002-02-14,21.97
03/02/2024,Italy,2,Jamie George,1990-10-20,33.29
03/02/2024,Italy,1,Joe Marler,1990-07-07,33.58
03/02/2024,Italy,6,Ethan Roots,1997-11-10,26.23
03/02/2024,Italy,15,Freddie Steward,2000-12-05,23.16
03/02/2024,Italy,11,Elliot Daly,1992-10-08,31.32
10/02/2024,Wales,21,Danny Care,1987-01-02,37.11
10/02/2024,Wales,23,Immanuel Feyi-Waboso,2002-12-20,21.14
10/02/2024,Wales,16,Theo Dan,2000-12-26,23.12
10/02/2024,Wales,13,Henry Slade,1993-03-19,30.9
10/02/2024,Wales,20,Chandler Cunningham-South,2002-02-14,21.99
10/02/2024,Wales,2,Jamie George,1990-10-20,33.31
10/02/2024,Wales,1,Joe Marler,1990-07-07,33.6
10/02/2024,Wales,6,Ethan Roots,1997-11-10,26.25
10/02/2024,Wales,15,Freddie Steward,2000-12-05,23.18
10/02/2024,Wales,11,Elliot Daly,1992-10-08,31.34
10/02/2024,Wales,9,Alex Mitchell,1997-05-25,26.71
10/02/2024,Wales,19,Alex Coles,1999-09-21,24.39
10/02/2024,Wales,10,George Ford,1993-03-16,30.91
10/02/2024,Wales,3,Will Stuart,1996-07-12,27.58
10/02/2024,Wales,8,Ben Earl,1998-01-07,26.09
10/02/2024,Wales,18,Dan Cole,1987-05-09,36.76
10/02/2024,Wales,14,Tommy Freeman,2001-03-05,22.94
10/02/2024,Wales,7,Sam Underhill,1996-07-22,27.55
10/02/2024,Wales,12,Fraser Dingwall,1999-04-07,24.85
10/02/2024,Wales,22,Fin Smith,2002-05-11,21.75
10/02/2024,Wales,4,Maro Itoje,1994-10-28,29.29
10/02/2024,Wales,5,Ollie Chessum,2000-09-06,23.43
10/02/2024,Wales,17,Ellis Genge,1995-02-16,28.98
24/02/2024,Scotland,12,Ollie Lawrence,1999-09-18,24.44
24/02/2024,Scotland,10,George Ford,1993-03-16,30.94
24/02/2024,Scotland,18,Will Stuart,1996-07-12,27.62
24/02/2024,Scotland,8,Ben Earl,1998-01-07,26.13
24/02/2024,Scotland,3,Dan Cole,1987-05-09,36.8
24/02/2024,Scotland,14,Tommy Freeman,2001-03-05,22.97
24/02/2024,Scotland,7,Sam Underhill,1996-07-22,27.59
24/02/2024,Scotland,20,Chandler Cunningham-South,2002-02-14,22.03
24/02/2024,Scotland,22,Fin Smith,2002-05-11,21.79
24/02/2024,Scotland,4,Maro Itoje,1994-10-28,29.33
24/02/2024,Scotland,21,Ben Spencer,1992-07-31,31.57
24/02/2024,Scotland,5,Ollie Chessum,2000-09-06,23.47
24/02/2024,Scotland,1,Ellis Genge,1995-02-16,29.02
24/02/2024,Scotland,9,Danny Care,1987-01-02,37.15
24/02/2024,Scotland,23,Immanuel Feyi-Waboso,2002-12-20,21.18
24/02/2024,Scotland,16,Theo Dan,2000-12-26,23.16
24/02/2024,Scotland,19,George Martin,2001-06-18,22.69
24/02/2024,Scotland,13,Henry Slade,1993-03-19,30.94
24/02/2024,Scotland,15,George Furbank,1996-10-17,27.35
24/02/2024,Scotland,2,Jamie George,1990-10-20,33.35
24/02/2024,Scotland,17,Joe Marler,1990-07-07,33.64
24/02/2024,Scotland,6,Ethan Roots,1997-11-10,26.29
24/02/2024,Scotland,11,Elliot Daly,1992-10-08,31.38
09/03/2024,Ireland,9,Alex Mitchell,1997-05-25,26.79
09/03/2024,Ireland,12,Ollie Lawrence,1999-09-18,24.47
09/03/2024,Ireland,10,George Ford,1993-03-16,30.98
09/03/2024,Ireland,18,Will Stuart,1996-07-12,27.66
09/03/2024,Ireland,8,Ben Earl,1998-01-07,26.17
09/03/2024,Ireland,3,Dan Cole,1987-05-09,36.84
09/03/2024,Ireland,22,Marcus Smith,1999-02-14,25.07
09/03/2024,Ireland,11,Tommy Freeman,2001-03-05,23.01
09/03/2024,Ireland,7,Sam Underhill,1996-07-22,27.63
09/03/2024,Ireland,19,Chandler Cunningham-South,2002-02-14,22.06
09/03/2024,Ireland,4,Maro Itoje,1994-10-28,29.36
09/03/2024,Ireland,6,Ollie Chessum,2000-09-06,23.5
09/03/2024,Ireland,1,Ellis Genge,1995-02-16,29.06
09/03/2024,Ireland,21,Danny Care,1987-01-02,37.18
09/03/2024,Ireland,14,Immanuel Feyi-Waboso,2002-12-20,21.22
09/03/2024,Ireland,16,Theo Dan,2000-12-26,23.2
09/03/2024,Ireland,5,George Martin,2001-06-18,22.72
09/03/2024,Ireland,13,Henry Slade,1993-03-19,30.97
09/03/2024,Ireland,15,George Furbank,1996-10-17,27.39
09/03/2024,Ireland,2,Jamie George,1990-10-20,33.39
09/03/2024,Ireland,17,Joe Marler,1990-07-07,33.67
09/03/2024,Ireland,20,Alex Dombrandt,1997-04-29,26.86
09/03/2024,Ireland,23,Elliot Daly,1992-10-08,31.42
16/03/2024,France,9,Alex Mitchell,1997-05-25,26.81
16/03/2024,France,12,Ollie Lawrence,1999-09-18,24.49
16/03/2024,France,10,George Ford,1993-03-16,31.0
16/03/2024,France,18,Will Stuart,1996-07-12,27.68
16/03/2024,France,8,Ben Earl,1998-01-07,26.19
16/03/2024,France,3,Dan Cole,1987-05-09,36.85
16/03/2024,France,22,Marcus Smith,1999-02-14,25.08
16/03/2024,France,14,Tommy Freeman,2001-03-05,23.03
16/03/2024,France,7,Sam Underhill,1996-07-22,27.65
16/03/2024,France,4,Maro Itoje,1994-10-28,29.38
16/03/2024,France,6,Ollie Chessum,2000-09-06,23.52
16/03/2024,France,1,Ellis Genge,1995-02-16,29.08
16/03/2024,France,23,Manu Tuilagi,1991-05-18,32.83
16/03/2024,France,21,Danny Care,1987-01-02,37.2
16/03/2024,France,16,Theo Dan,2000-12-26,23.22
16/03/2024,France,5,George Martin,2001-06-18,22.74
16/03/2024,France,13,Henry Slade,1993-03-19,30.99
16/03/2024,France,15,George Furbank,1996-10-17,27.41
16/03/2024,France,2,Jamie George,1990-10-20,33.41
16/03/2024,France,17,Joe Marler,1990-07-07,33.69
16/03/2024,France,19,Ethan Roots,1997-11-10,26.35
16/03/2024,France,20,Alex Dombrandt,1997-04-29,26.88
16/03/2024,France,11,Elliot Daly,1992-10-08,31.44
22/06/2024,Japan,9,Alex Mitchell,1997-05-25,27.08
22/06/2024,Japan,12,Ollie Lawrence,1999-09-18,24.76
22/06/2024,Japan,18,Will Stuart,1996-07-12,27.95
22/06/2024,Japan,8,Ben Earl,1998-01-07,26.46
22/06/2024,Japan,3,Dan Cole,1987-05-09,37.12
22/06/2024,Japan,10,Marcus Smith,1999-02-14,25.35
22/06/2024,Japan,20,Tom Curry,1998-06-15,26.02
22/06/2024,Japan,11,Tommy Freeman,2001-03-05,23.3
22/06/2024,Japan,7,Sam Underhill,1996-07-22,27.92
22/06/2024,Japan,6,Chandler Cunningham-South,2002-02-14,22.35
22/06/2024,Japan,22,Fin Smith,2002-05-11,22.12
22/06/2024,Japan,4,Maro Itoje,1994-10-28,29.65
22/06/2024,Japan,1,Bevan Rodd,2000-08-26,23.82
22/06/2024,Japan,23,Tom Roebuck,2001-01-07,23.46
22/06/2024,Japan,14,Immanuel Feyi-Waboso,2002-12-20,21.51
22/06/2024,Japan,16,Theo Dan,2000-12-26,23.49
22/06/2024,Japan,19,Charlie Ewels,1995-06-29,28.98
22/06/2024,Japan,21,Harry Randall,1997-12-18,26.51
22/06/2024,Japan,5,George Martin,2001-06-18,23.01
22/06/2024,Japan,13,Henry Slade,1993-03-19,31.26
22/06/2024,Japan,15,George Furbank,1996-10-17,27.68
22/06/2024,Japan,2,Jamie George,1990-10-20,33.67
22/06/2024,Japan,17,Joe Marler,1990-07-07,33.96
06/07/2024,New Zealand,9,Alex Mitchell,1997-05-25,27.12
06/07/2024,New Zealand,12,Ollie Lawrence,1999-09-18,24.8
06/07/2024,New Zealand,19,Alex Coles,1999-09-21,24.79
06/07/2024,New Zealand,3,Will Stuart,1996-07-12,27.98
06/07/2024,New Zealand,8,Ben Earl,1998-01-07,26.49
06/07/2024,New Zealand,18,Dan Cole,1987-05-09,37.16
06/07/2024,New Zealand,10,Marcus Smith,1999-02-14,25.39
06/07/2024,New Zealand,20,Tom Curry,1998-06-15,26.06
06/07/2024,New Zealand,11,Tommy Freeman,2001-03-05,23.34
06/07/2024,New Zealand,7,Sam Underhill,1996-07-22,27.96
06/07/2024,New Zealand,6,Chandler Cunningham-South,2002-02-14,22.39
06/07/2024,New Zealand,22,Fin Smith,2002-05-11,22.16
06/07/2024,New Zealand,4,Maro Itoje,1994-10-28,29.69
06/07/2024,New Zealand,21,Ben Spencer,1992-07-31,31.93
06/07/2024,New Zealand,17,Fin Baxter,2002-02-12,22.4
06/07/2024,New Zealand,14,Immanuel Feyi-Waboso,2002-12-20,21.54
06/07/2024,New Zealand,16,Theo Dan,2000-12-26,23.53
06/07/2024,New Zealand,5,George Martin,2001-06-18,23.05
06/07/2024,New Zealand,13,Henry Slade,1993-03-19,31.3
06/07/2024,New Zealand,15,George Furbank,1996-10-17,27.72
06/07/2024,New Zealand,2,Jamie George,1990-10-20,33.71
06/07/2024,New Zealand,1,Joe Marler,1990-07-07,34.0
06/07/2024,New Zealand,23,Ollie Sleightholme,2000-04-13,24.23
13/07/2024,New Zealand,9,Alex Mitchell,1997-05-25,27.14
13/07/2024,New Zealand,12,Ollie Lawrence,1999-09-18,24.82
13/07/2024,New Zealand,19,Alex Coles,1999-09-21,24.81
13/07/2024,New Zealand,3,Will Stuart,1996-07-12,28.0
13/07/2024,New Zealand,8,Ben Earl,1998-01-07,26.51
13/07/2024,New Zealand,18,Dan Cole,1987-05-09,37.18
13/07/2024,New Zealand,10,Marcus Smith,1999-02-14,25.41
13/07/2024,New Zealand,20,Tom Curry,1998-06-15,26.08
13/07/2024,New Zealand,11,Tommy Freeman,2001-03-05,23.36
13/07/2024,New Zealand,7,Sam Underhill,1996-07-22,27.98
13/07/2024,New Zealand,6,Chandler Cunningham-South,2002-02-14,22.41
13/07/2024,New Zealand,22,Fin Smith,2002-05-11,22.17
13/07/2024,New Zealand,4,Maro Itoje,1994-10-28,29.71
13/07/2024,New Zealand,17,Bevan Rodd,2000-08-26,23.88
13/07/2024,New Zealand,21,Ben Spencer,1992-07-31,31.95
13/07/2024,New Zealand,1,Fin Baxter,2002-02-12,22.42
13/07/2024,New Zealand,14,Immanuel Feyi-Waboso,2002-12-20,21.56
13/07/2024,New Zealand,16,Theo Dan,2000-12-26,23.55
13/07/2024,New Zealand,5,George Martin,2001-06-18,23.07
13/07/2024,New Zealand,13,Henry Slade,1993-03-19,31.32
13/07/2024,New Zealand,2,Jamie George,1990-10-20,33.73
13/07/2024,New Zealand,23,Ollie Sleightholme,2000-04-13,24.25
13/07/2024,New Zealand,15,Freddie Steward,2000-12-05,23.6
02/11/2024,New Zealand,1,Ellis Genge,1995-02-16,29.71
02/11/2024,New Zealand,14,Immanuel Feyi-Waboso,2002-12-20,21.87
02/11/2024,New Zealand,16,Theo Dan,2000-12-26,23.85
02/11/2024,New Zealand,22,Harry Randall,1997-12-18,26.88
02/11/2024,New Zealand,5,George Martin,2001-06-18,23.38
02/11/2024,New Zealand,13,Henry Slade,1993-03-19,31.63
02/11/2024,New Zealand,15,George Furbank,1996-10-17,28.04
02/11/2024,New Zealand,2,Jamie George,1990-10-20,34.04
02/11/2024,New Zealand,19,Nick Isiekwe,1998-04-20,26.54
02/11/2024,New Zealand,21,Alex Dombrandt,1997-04-29,27.51
02/11/2024,New Zealand,12,Ollie Lawrence,1999-09-18,25.13
02/11/2024,New Zealand,23,George Ford,1993-03-16,31.63
02/11/2024,New Zealand,3,Will Stuart,1996-07-12,28.31
02/11/2024,New Zealand,8,Ben Earl,1998-01-07,26.82
02/11/2024,New Zealand,18,Dan Cole,1987-05-09,37.49
02/11/2024,New Zealand,10,Marcus Smith,1999-02-14,25.72
02/11/2024,New Zealand,7,Tom Curry,1998-06-15,26.39
02/11/2024,New Zealand,11,Tommy Freeman,2001-03-05,23.66
02/11/2024,New Zealand,6,Chandler Cunningham-South,2002-02-14,22.72
02/11/2024,New Zealand,4,Maro Itoje,1994-10-28,30.02
02/11/2024,New Zealand,9,Ben Spencer,1992-07-31,32.26
02/11/2024,New Zealand,20,Ben Curry,1998-06-15,26.39
02/11/2024,New Zealand,17,Fin Baxter,2002-02-12,22.72
09/11/2024,Australia,13,Ollie Lawrence,1999-09-18,25.14
09/11/2024,Australia,22,George Ford,1993-03-16,31.65
09/11/2024,Australia,3,Will Stuart,1996-07-12,28.33
09/11/2024,Australia,8,Ben Earl,1998-01-07,26.84
09/11/2024,Australia,18,Dan Cole,1987-05-09,37.51
09/11/2024,Australia,10,Marcus Smith,1999-02-14,25.74
09/11/2024,Australia,7,Tom Curry,1998-06-15,26.4
09/11/2024,Australia,11,Tommy Freeman,2001-03-05,23.68
09/11/2024,Australia,6,Chandler Cunningham-South,2002-02-14,22.74
09/11/2024,Australia,4,Maro Itoje,1994-10-28,30.03
09/11/2024,Australia,9,Ben Spencer,1992-07-31,32.28
09/11/2024,Australia,17,Fin Baxter,2002-02-12,22.74
09/11/2024,Australia,1,Ellis Genge,1995-02-16,29.73
09/11/2024,Australia,14,Immanuel Feyi-Waboso,2002-12-20,21.89
09/11/2024,Australia,21,Harry Randall,1997-12-18,26.89
09/11/2024,Australia,5,George Martin,2001-06-18,23.4
09/11/2024,Australia,12,Henry Slade,1993-03-19,31.64
09/11/2024,Australia,15,George Furbank,1996-10-17,28.06
09/11/2024,Australia,2,Jamie George,1990-10-20,34.06
09/11/2024,Australia,19,Nick Isiekwe,1998-04-20,26.56
09/11/2024,Australia,23,Ollie Sleightholme,2000-04-13,24.58
09/11/2024,Australia,20,Alex Dombrandt,1997-04-29,27.53
09/11/2024,Australia,16,Luke Cowan-Dickie,1993-06-20,31.39
16/11/2024,South Africa,13,Ollie Lawrence,1999-09-18,25.16
16/11/2024,South Africa,22,George Ford,1993-03-16,31.67
16/11/2024,South Africa,3,Will Stuart,1996-07-12,28.35
16/11/2024,South Africa,8,Ben Earl,1998-01-07,26.86
16/11/2024,South Africa,18,Dan Cole,1987-05-09,37.53
16/11/2024,South Africa,10,Marcus Smith,1999-02-14,25.76
16/11/2024,South Africa,14,Tommy Freeman,2001-03-05,23.7
16/11/2024,South Africa,7,Sam Underhill,1996-07-22,28.32
16/11/2024,South Africa,6,Chandler Cunningham-South,2002-02-14,22.75
16/11/2024,South Africa,4,Maro Itoje,1994-10-28,30.05
16/11/2024,South Africa,17,Fin Baxter,2002-02-12,22.76
16/11/2024,South Africa,1,Ellis Genge,1995-02-16,29.75
16/11/2024,South Africa,23,Tom Roebuck,2001-01-07,23.86
16/11/2024,South Africa,9,Jack van Poortvliet,2001-05-15,23.51
16/11/2024,South Africa,21,Harry Randall,1997-12-18,26.91
16/11/2024,South Africa,5,George Martin,2001-06-18,23.41
16/11/2024,South Africa,12,Henry Slade,1993-03-19,31.66
16/11/2024,South Africa,2,Jamie George,1990-10-20,34.08
16/11/2024,South Africa,19,Nick Isiekwe,1998-04-20,26.58
16/11/2024,South Africa,11,Ollie Sleightholme,2000-04-13,24.59
16/11/2024,South Africa,15,Freddie Steward,2000-12-05,23.95
16/11/2024,South Africa,20,Alex Dombrandt,1997-04-29,27.55
16/11/2024,South Africa,16,Luke Cowan-Dickie,1993-06-20,31.41
24/11/2024,Japan,13,Ollie Lawrence,1999-09-18,25.19
24/11/2024,Japan,3,Will Stuart,1996-07-12,28.37
24/11/2024,Japan,8,Ben Earl,1998-01-07,26.88
24/11/2024,Japan,10,Marcus Smith,1999-02-14,25.78
24/11/2024,Japan,6,Tom Curry,1998-06-15,26.45
24/11/2024,Japan,14,Tommy Freeman,2001-03-05,23.72
24/11/2024,Japan,18,Asher Opoku-Fordjour,2004-07-16,20.36
24/11/2024,Japan,7,Sam Underhill,1996-07-22,28.34
24/11/2024,Japan,20,Chandler Cunningham-South,2002-02-14,22.78
24/11/2024,Japan,22,Fin Smith,2002-05-11,22.54
24/11/2024,Japan,4,Maro Itoje,1994-10-28,30.08
24/11/2024,Japan,17,Fin Baxter,2002-02-12,22.78
24/11/2024,Japan,1,Ellis Genge,1995-02-16,29.77
24/11/2024,Japan,23,Tom Roebuck,2001-01-07,23.88
24/11/2024,Japan,9,Jack van Poortvliet,2001-05-15,23.53
24/11/2024,Japan,21,Harry Randall,1997-12-18,26.94
24/11/2024,Japan,5,George Martin,2001-06-18,23.44
24/11/2024,Japan,12,Henry Slade,1993-03-19,31.69
24/11/2024,Japan,15,George Furbank,1996-10-17,28.1
24/11/2024,Japan,2,Jamie George,1990-10-20,34.1
24/11/2024,Japan,19,Nick Isiekwe,1998-04-20,26.6
24/11/2024,Japan,11,Ollie Sleightholme,2000-04-13,24.62
24/11/2024,Japan,16,Luke Cowan-Dickie,1993-06-20,31.43
01/02/2025,Ireland,9,Alex Mitchell,1997-05-25,27.69
01/02/2025,Ireland,13,Ollie Lawrence,1999-09-18,25.37
01/02/2025,Ireland,3,Will Stuart,1996-07-12,28.56
01/02/2025,Ireland,8,Ben Earl,1998-01-07,27.07
01/02/2025,Ireland,10,Marcus Smith,1999-02-14,25.97
01/02/2025,Ireland,6,Tom Curry,1998-06-15,26.63
01/02/2025,Ireland,14,Tommy Freeman,2001-03-05,23.91
01/02/2025,Ireland,20,Chandler Cunningham-South,2002-02-14,22.97
01/02/2025,Ireland,23,Fin Smith,2002-05-11,22.73
01/02/2025,Ireland,11,Cadan Murley,1999-07-31,25.51
01/02/2025,Ireland,4,Maro Itoje,1994-10-28,30.26
01/02/2025,Ireland,21,Tom Willis,1999-01-18,26.04
01/02/2025,Ireland,19,Ollie Chessum,2000-09-06,24.41
01/02/2025,Ireland,7,Ben Curry,1998-06-15,26.63
01/02/2025,Ireland,17,Fin Baxter,2002-02-12,22.97
01/02/2025,Ireland,1,Ellis Genge,1995-02-16,29.96
01/02/2025,Ireland,18,Joe Heyes,1999-04-13,25.81
01/02/2025,Ireland,16,Theo Dan,2000-12-26,24.1
01/02/2025,Ireland,22,Harry Randall,1997-12-18,27.12
01/02/2025,Ireland,5,George Martin,2001-06-18,23.63
01/02/2025,Ireland,12,Henry Slade,1993-03-19,31.87
01/02/2025,Ireland,15,Freddie Steward,2000-12-05,24.16
01/02/2025,Ireland,2,Luke Cowan-Dickie,1993-06-20,31.62
08/02/2025,France,9,Alex Mitchell,1997-05-25,27.71
08/02/2025,France,13,Ollie Lawrence,1999-09-18,25.39
08/02/2025,France,3,Will Stuart,1996-07-12,28.58
08/02/2025,France,7,Ben Earl,1998-01-07,27.09
08/02/2025,France,15,Marcus Smith,1999-02-14,25.99
08/02/2025,France,6,Tom Curry,1998-06-15,26.65
08/02/2025,France,14,Tommy Freeman,2001-03-05,23.93
08/02/2025,France,20,Chandler Cunningham-South,2002-02-14,22.98
08/02/2025,France,10,Fin Smith,2002-05-11,22.75
08/02/2025,France,4,Maro Itoje,1994-10-28,30.28
08/02/2025,France,8,Tom Willis,1999-01-18,26.06
08/02/2025,France,19,Ollie Chessum,2000-09-06,24.42
08/02/2025,France,21,Ben Curry,1998-06-15,26.65
08/02/2025,France,17,Fin Baxter,2002-02-12,22.99
08/02/2025,France,1,Ellis Genge,1995-02-16,29.98
08/02/2025,France,18,Joe Heyes,1999-04-13,25.83
08/02/2025,France,22,Harry Randall,1997-12-18,27.14
08/02/2025,France,5,George Martin,2001-06-18,23.64
08/02/2025,France,12,Henry Slade,1993-03-19,31.89
08/02/2025,France,16,Jamie George,1990-10-20,34.31
08/02/2025,France,11,Ollie Sleightholme,2000-04-13,24.82
08/02/2025,France,23,Elliot Daly,1992-10-08,32.34
08/02/2025,France,2,Luke Cowan-Dickie,1993-06-20,31.64
22/02/2025,Scotland,9,Alex Mitchell,1997-05-25,27.75
22/02/2025,Scotland,13,Ollie Lawrence,1999-09-18,25.43
22/02/2025,Scotland,3,Will Stuart,1996-07-12,28.62
22/02/2025,Scotland,7,Ben Earl,1998-01-07,27.13
22/02/2025,Scotland,15,Marcus Smith,1999-02-14,26.02
22/02/2025,Scotland,6,Tom Curry,1998-06-15,26.69
22/02/2025,Scotland,14,Tommy Freeman,2001-03-05,23.97
22/02/2025,Scotland,20,Chandler Cunningham-South,2002-02-14,23.02
22/02/2025,Scotland,10,Fin Smith,2002-05-11,22.79
22/02/2025,Scotland,4,Maro Itoje,1994-10-28,30.32
22/02/2025,Scotland,8,Tom Willis,1999-01-18,26.1
22/02/2025,Scotland,5,Ollie Chessum,2000-09-06,24.46
22/02/2025,Scotland,21,Ben Curry,1998-06-15,26.69
22/02/2025,Scotland,17,Fin Baxter,2002-02-12,23.03
22/02/2025,Scotland,1,Ellis Genge,1995-02-16,30.02
22/02/2025,Scotland,18,Joe Heyes,1999-04-13,25.87
22/02/2025,Scotland,19,Ted Hill,1999-03-26,25.91
22/02/2025,Scotland,22,Harry Randall,1997-12-18,27.18
22/02/2025,Scotland,12,Henry Slade,1993-03-19,31.93
22/02/2025,Scotland,16,Jamie George,1990-10-20,34.34
22/02/2025,Scotland,11,Ollie Sleightholme,2000-04-13,24.86
22/02/2025,Scotland,23,Elliot Daly,1992-10-08,32.38
22/02/2025,Scotland,2,Luke Cowan-Dickie,1993-06-20,31.68
09/03/2025,Italy,9,Alex Mitchell,1997-05-25,27.79
09/03/2025,Italy,13,Ollie Lawrence,1999-09-18,25.47
09/03/2025,Italy,3,Will Stuart,1996-07-12,28.66
09/03/2025,Italy,7,Ben Earl,1998-01-07,27.17
09/03/2025,Italy,23,Marcus Smith,1999-02-14,26.06
09/03/2025,Italy,6,Tom Curry,1998-06-15,26.73
09/03/2025,Italy,14,Tommy Freeman,2001-03-05,24.01
09/03/2025,Italy,20,Chandler Cunningham-South,2002-02-14,23.06
09/03/2025,Italy,12,Fraser Dingwall,1999-04-07,25.92
09/03/2025,Italy,10,Fin Smith,2002-05-11,22.83
09/03/2025,Italy,4,Maro Itoje,1994-10-28,30.36
09/03/2025,Italy,8,Tom Willis,1999-01-18,26.14
09/03/2025,Italy,5,Ollie Chessum,2000-09-06,24.5
09/03/2025,Italy,21,Ben Curry,1998-06-15,26.73
09/03/2025,Italy,17,Fin Baxter,2002-02-12,23.07
09/03/2025,Italy,1,Ellis Genge,1995-02-16,30.06
09/03/2025,Italy,18,Joe Heyes,1999-04-13,25.91
09/03/2025,Italy,22,Jack van Poortvliet,2001-05-15,23.82
09/03/2025,Italy,19,Ted Hill,1999-03-26,25.96
09/03/2025,Italy,2,Jamie George,1990-10-20,34.39
09/03/2025,Italy,11,Ollie Sleightholme,2000-04-13,24.9
09/03/2025,Italy,15,Elliot Daly,1992-10-08,32.42
09/03/2025,Italy,16,Luke Cowan-Dickie,1993-06-20,31.72
15/03/2025,Wales,9,Alex Mitchell,1997-05-25,27.81
15/03/2025,Wales,23,George Ford,1993-03-16,32.0
15/03/2025,Wales,3,Will Stuart,1996-07-12,28.67
15/03/2025,Wales,8,Ben Earl,1998-01-07,27.18
15/03/2025,Wales,15,Marcus Smith,1999-02-14,26.08
15/03/2025,Wales,6,Tom Curry,1998-06-15,26.75
15/03/2025,Wales,13,Tommy Freeman,2001-03-05,24.03
15/03/2025,Wales,19,Chandler Cunningham-South,2002-02-14,23.08
15/03/2025,Wales,12,Fraser Dingwall,1999-04-07,25.94
15/03/2025,Wales,10,Fin Smith,2002-05-11,22.85
15/03/2025,Wales,4,Maro Itoje,1994-10-28,30.38
15/03/2025,Wales,21,Tom Willis,1999-01-18,26.16
15/03/2025,Wales,5,Ollie Chessum,2000-09-06,24.52
15/03/2025,Wales,7,Ben Curry,1998-06-15,26.75
15/03/2025,Wales,17,Fin Baxter,2002-02-12,23.09
15/03/2025,Wales,1,Ellis Genge,1995-02-16,30.08
15/03/2025,Wales,14,Tom Roebuck,2001-01-07,24.18
15/03/2025,Wales,18,Joe Heyes,1999-04-13,25.92
15/03/2025,Wales,22,Jack van Poortvliet,2001-05-15,23.83
15/03/2025,Wales,16,Jamie George,1990-10-20,34.4
15/03/2025,Wales,20,Henry Pollock,2005-01-14,20.16
15/03/2025,Wales,11,Elliot Daly,1992-10-08,32.43
15/03/2025,Wales,2,Luke Cowan-Dickie,1993-06-20,31.74
05/07/2025,Argentina,10,George Ford,1993-03-16,32.3
05/07/2025,Argentina,5,Alex Coles,1999-09-21,25.79
05/07/2025,Argentina,12,Seb Atkinson,2002-05-21,23.12
05/07/2025,Argentina,18,Asher Opoku-Fordjour,2004-07-16,20.97
05/07/2025,Argentina,7,Sam Underhill,1996-07-22,28.95
05/07/2025,Argentina,19,Chandler Cunningham-South,2002-02-14,23.39
05/07/2025,Argentina,23,Cadan Murley,1999-07-31,25.93
05/07/2025,Argentina,17,Bevan Rodd,2000-08-26,24.86
05/07/2025,Argentina,8,Tom Willis,1999-01-18,26.46
05/07/2025,Argentina,9,Ben Spencer,1992-07-31,32.93
05/07/2025,Argentina,20,Guy Pepper,2003-04-15,22.22
05/07/2025,Argentina,6,Ben Curry,1998-06-15,27.06
05/07/2025,Argentina,1,Fin Baxter,2002-02-12,23.39
05/07/2025,Argentina,14,Tom Roebuck,2001-01-07,24.49
05/07/2025,Argentina,3,Joe Heyes,1999-04-13,26.23
05/07/2025,Argentina,22,Jack van Poortvliet,2001-05-15,24.14
05/07/2025,Argentina,16,Theo Dan,2000-12-26,24.52
05/07/2025,Argentina,4,Charlie Ewels,1995-06-29,30.02
05/07/2025,Argentina,13,Henry Slade,1993-03-19,32.3
05/07/2025,Argentina,2,Jamie George,1990-10-20,34.71
05/07/2025,Argentina,15,Freddie Steward,2000-12-05,24.58
05/07/2025,Argentina,21,Alex Dombrandt,1997-04-29,28.18
05/07/2025,Argentina,11,Will Muir,1995-10-30,29.68
12/07/2025,Argentina,10,George Ford,1993-03-16,32.32
12/07/2025,Argentina,5,Alex Coles,1999-09-21,25.81
12/07/2025,Argentina,12,Seb Atkinson,2002-05-21,23.14
12/07/2025,Argentina,18,Asher Opoku-Fordjour,2004-07-16,20.99
12/07/2025,Argentina,7,Sam Underhill,1996-07-22,28.97
12/07/2025,Argentina,19,Chandler Cunningham-South,2002-02-14,23.41
12/07/2025,Argentina,23,Cadan Murley,1999-07-31,25.95
12/07/2025,Argentina,17,Bevan Rodd,2000-08-26,24.88
12/07/2025,Argentina,16,Curtis Langdon,1997-08-03,27.94
12/07/2025,Argentina,8,Tom Willis,1999-01-18,26.48
12/07/2025,Argentina,9,Ben Spencer,1992-07-31,32.95
12/07/2025,Argentina,20,Guy Pepper,2003-04-15,22.24
12/07/2025,Argentina,6,Ben Curry,1998-06-15,27.08
12/07/2025,Argentina,1,Fin Baxter,2002-02-12,23.41
12/07/2025,Argentina,14,Tom Roebuck,2001-01-07,24.51
12/07/2025,Argentina,3,Joe Heyes,1999-04-13,26.25
12/07/2025,Argentina,22,Jack van Poortvliet,2001-05-15,24.16
12/07/2025,Argentina,13,Luke Northmore,1997-03-16,28.32
12/07/2025,Argentina,2,Theo Dan,2000-12-26,24.54
12/07/2025,Argentina,4,Charlie Ewels,1995-06-29,30.04
12/07/2025,Argentina,15,Freddie Steward,2000-12-05,24.6
12/07/2025,Argentina,21,Alex Dombrandt,1997-04-29,28.2
12/07/2025,Argentina,11,Will Muir,1995-10-30,29.7
19/07/2025,USA,16,Gabriel Oghre,1998-05-24,27.15
19/07/2025,USA,10,George Ford,1993-03-16,32.34
19/07/2025,USA,4,Alex Coles,1999-09-21,25.83
19/07/2025,USA,3,Asher Opoku-Fordjour,2004-07-16,21.01
19/07/2025,USA,23,Oscar Beard,2001-11-20,23.66
19/07/2025,USA,6,Chandler Cunningham-South,2002-02-14,23.43
19/07/2025,USA,11,Cadan Murley,1999-07-31,25.97
19/07/2025,USA,1,Bevan Rodd,2000-08-26,24.9
19/07/2025,USA,2,Curtis Langdon,1997-08-03,27.96
19/07/2025,USA,18,Trevor Davison,1992-08-20,32.91
19/07/2025,USA,7,Guy Pepper,2003-04-15,22.26
19/07/2025,USA,20,Ben Curry,1998-06-15,27.09
19/07/2025,USA,17,Fin Baxter,2002-02-12,23.43
19/07/2025,USA,9,Jack van Poortvliet,2001-05-15,24.18
19/07/2025,USA,19,Ted Hill,1999-03-26,26.32
19/07/2025,USA,14,Immanuel Feyi-Waboso,2002-12-20,22.58
19/07/2025,USA,13,Luke Northmore,1997-03-16,28.34
19/07/2025,USA,22,Charlie Atkinson,2001-10-06,23.78
19/07/2025,USA,21,Harry Randall,1997-12-18,27.58
19/07/2025,USA,12,Max Ojomoh,2000-09-14,24.84
19/07/2025,USA,5,Arthur Clark,2001-12-19,23.58
19/07/2025,USA,8,Alex Dombrandt,1997-04-29,28.22
19/07/2025,USA,15,Joe Carpenter,2001-08-19,23.92
01/11/2025,Australia,9,Alex Mitchell,1997-05-25,28.44
01/11/2025,Australia,10,George Ford,1993-03-16,32.63
01/11/2025,Australia,19,Alex Coles,1999-09-21,26.11
01/11/2025,Australia,18,Will Stuart,1996-07-12,29.31
01/11/2025,Australia,8,Ben Earl,1998-01-07,27.82
01/11/2025,Australia,20,Tom Curry,1998-06-15,27.38
01/11/2025,Australia,13,Tommy Freeman,2001-03-05,24.66
01/11/2025,Australia,7,Sam Underhill,1996-07-22,29.28
01/11/2025,Australia,12,Fraser Dingwall,1999-04-07,26.57
01/11/2025,Australia,23,Fin Smith,2002-05-11,23.48
01/11/2025,Australia,4,Maro Itoje,1994-10-28,31.01
01/11/2025,Australia,22,Ben Spencer,1992-07-31,33.25
01/11/2025,Australia,6,Guy Pepper,2003-04-15,22.55
01/11/2025,Australia,5,Ollie Chessum,2000-09-06,25.15
01/11/2025,Australia,1,Fin Baxter,2002-02-12,23.72
01/11/2025,Australia,17,Ellis Genge,1995-02-16,30.71
01/11/2025,Australia,14,Tom Roebuck,2001-01-07,24.82
01/11/2025,Australia,3,Joe Heyes,1999-04-13,26.55
01/11/2025,Australia,11,Immanuel Feyi-Waboso,2002-12-20,22.87
01/11/2025,Australia,2,Jamie George,1990-10-20,35.03
01/11/2025,Australia,15,Freddie Steward,2000-12-05,24.91
01/11/2025,Australia,21,Henry Pollock,2005-01-14,20.8
01/11/2025,Australia,16,Luke Cowan-Dickie,1993-06-20,32.37
08/11/2025,Fiji,9,Alex Mitchell,1997-05-25,28.46
08/11/2025,Fiji,13,Ollie Lawrence,1999-09-18,26.14
08/11/2025,Fiji,4,Alex Coles,1999-09-21,26.13
08/11/2025,Fiji,7,Ben Earl,1998-01-07,27.84
08/11/2025,Fiji,15,Marcus Smith,1999-02-14,26.73
08/11/2025,Fiji,20,Tom Curry,1998-06-15,27.4
08/11/2025,Fiji,14,Tommy Freeman,2001-03-05,24.68
08/11/2025,Fiji,18,Asher Opoku-Fordjour,2004-07-16,21.31
08/11/2025,Fiji,8,Chandler Cunningham-South,2002-02-14,23.73
08/11/2025,Fiji,12,Fraser Dingwall,1999-04-07,26.59
08/11/2025,Fiji,10,Fin Smith,2002-05-11,23.5
08/11/2025,Fiji,19,Maro Itoje,1994-10-28,31.03
08/11/2025,Fiji,22,Ben Spencer,1992-07-31,33.27
08/11/2025,Fiji,6,Guy Pepper,2003-04-15,22.57
08/11/2025,Fiji,5,Ollie Chessum,2000-09-06,25.17
08/11/2025,Fiji,17,Fin Baxter,2002-02-12,23.74
08/11/2025,Fiji,1,Ellis Genge,1995-02-16,30.73
08/11/2025,Fiji,3,Joe Heyes,1999-04-13,26.57
08/11/2025,Fiji,11,Immanuel Feyi-Waboso,2002-12-20,22.89
08/11/2025,Fiji,23,Henry Arundell,2002-11-08,23.0
08/11/2025,Fiji,16,Jamie George,1990-10-20,35.05
08/11/2025,Fiji,21,Henry Pollock,2005-01-14,20.82
08/11/2025,Fiji,2,Luke Cowan-Dickie,1993-06-20,32.39
15/11/2025,New Zealand,9,Alex Mitchell,1997-05-25,28.48
15/11/2025,New Zealand,13,Ollie Lawrence,1999-09-18,26.16
15/11/2025,New Zealand,10,George Ford,1993-03-16,32.67
15/11/2025,New Zealand,5,Alex Coles,1999-09-21,26.15
15/11/2025,New Zealand,18,Will Stuart,1996-07-12,29.34
15/11/2025,New Zealand,8,Ben Earl,1998-01-07,27.86
15/11/2025,New Zealand,23,Marcus Smith,1999-02-14,26.75
15/11/2025,New Zealand,20,Tom Curry,1998-06-15,27.42
15/11/2025,New Zealand,7,Sam Underhill,1996-07-22,29.32
15/11/2025,New Zealand,19,Chandler Cunningham-South,2002-02-14,23.75
15/11/2025,New Zealand,12,Fraser Dingwall,1999-04-07,26.61
15/11/2025,New Zealand,4,Maro Itoje,1994-10-28,31.05
15/11/2025,New Zealand,22,Ben Spencer,1992-07-31,33.29
15/11/2025,New Zealand,6,Guy Pepper,2003-04-15,22.59
15/11/2025,New Zealand,1,Fin Baxter,2002-02-12,23.76
15/11/2025,New Zealand,17,Ellis Genge,1995-02-16,30.75
15/11/2025,New Zealand,14,Tom Roebuck,2001-01-07,24.85
15/11/2025,New Zealand,3,Joe Heyes,1999-04-13,26.59
15/11/2025,New Zealand,11,Immanuel Feyi-Waboso,2002-12-20,22.91
15/11/2025,New Zealand,2,Jamie George,1990-10-20,35.07
15/11/2025,New Zealand,15,Freddie Steward,2000-12-05,24.95
15/11/2025,New Zealand,21,Henry Pollock,2005-01-14,20.84
15/11/2025,New Zealand,16,Luke Cowan-Dickie,1993-06-20,32.41
23/11/2025,Argentina,22,Alex Mitchell,1997-05-25,28.5
23/11/2025,Argentina,10,George Ford,1993-03-16,32.69
23/11/2025,Argentina,5,Alex Coles,1999-09-21,26.17
23/11/2025,Argentina,18,Will Stuart,1996-07-12,29.37
23/11/2025,Argentina,8,Ben Earl,1998-01-07,27.88
23/11/2025,Argentina,23,Marcus Smith,1999-02-14,26.77
23/11/2025,Argentina,20,Tom Curry,1998-06-15,27.44
23/11/2025,Argentina,3,Asher Opoku-Fordjour,2004-07-16,21.36
23/11/2025,Argentina,7,Sam Underhill,1996-07-22,29.34
23/11/2025,Argentina,4,Maro Itoje,1994-10-28,31.07
23/11/2025,Argentina,9,Ben Spencer,1992-07-31,33.31
23/11/2025,Argentina,6,Guy Pepper,2003-04-15,22.61
23/11/2025,Argentina,17,Fin Baxter,2002-02-12,23.78
23/11/2025,Argentina,1,Ellis Genge,1995-02-16,30.77
23/11/2025,Argentina,14,Immanuel Feyi-Waboso,2002-12-20,22.93
23/11/2025,Argentina,16,Theo Dan,2000-12-26,24.91
23/11/2025,Argentina,19,Charlie Ewels,1995-06-29,30.4
23/11/2025,Argentina,13,Henry Slade,1993-03-19,32.68
23/11/2025,Argentina,12,Max Ojomoh,2000-09-14,25.19
23/11/2025,Argentina,15,Freddie Steward,2000-12-05,24.97
23/11/2025,Argentina,21,Henry Pollock,2005-01-14,20.86
23/11/2025,Argentina,11,Elliot Daly,1992-10-08,33.13
23/11/2025,Argentina,2,Luke Cowan-Dickie,1993-06-20,32.43
07/02/2026,Wales,9,Alex Mitchell,1997-05-25,28.71
07/02/2026,Wales,10,George Ford,1993-03-16,32.9
07/02/2026,Wales,4,Alex Coles,1999-09-21,26.38
07/02/2026,Wales,8,Ben Earl,1998-01-07,28.09
07/02/2026,Wales,23,Marcus Smith,1999-02-14,26.98
07/02/2026,Wales,20,Tom Curry,1998-06-15,27.65
07/02/2026,Wales,13,Tommy Freeman,2001-03-05,24.93
07/02/2026,Wales,7,Sam Underhill,1996-07-22,29.55
07/02/2026,Wales,12,Fraser Dingwall,1999-04-07,26.84
07/02/2026,Wales,19,Maro Itoje,1994-10-28,31.28
07/02/2026,Wales,17,Bevan Rodd,2000-08-26,25.45
07/02/2026,Wales,18,Trevor Davison,1992-08-20,33.47
07/02/2026,Wales,22,Ben Spencer,1992-07-31,33.52
07/02/2026,Wales,6,Guy Pepper,2003-04-15,22.82
07/02/2026,Wales,5,Ollie Chessum,2000-09-06,25.42
07/02/2026,Wales,1,Ellis Genge,1995-02-16,30.98
07/02/2026,Wales,14,Tom Roebuck,2001-01-07,25.08
07/02/2026,Wales,3,Joe Heyes,1999-04-13,26.82
07/02/2026,Wales,11,Henry Arundell,2002-11-08,23.25
07/02/2026,Wales,2,Jamie George,1990-10-20,35.3
07/02/2026,Wales,15,Freddie Steward,2000-12-05,25.18
07/02/2026,Wales,21,Henry Pollock,2005-01-14,21.07
07/02/2026,Wales,16,Luke Cowan-Dickie,1993-06-20,32.64
14/02/2026,Scotland,9,Alex Mitchell,1997-05-25,28.73
14/02/2026,Scotland,10,George Ford,1993-03-16,32.92
14/02/2026,Scotland,19,Alex Coles,1999-09-21,26.4
14/02/2026,Scotland,8,Ben Earl,1998-01-07,28.1
14/02/2026,Scotland,20,Tom Curry,1998-06-15,27.67
14/02/2026,Scotland,13,Tommy Freeman,2001-03-05,24.95
14/02/2026,Scotland,7,Sam Underhill,1996-07-22,29.57
14/02/2026,Scotland,12,Fraser Dingwall,1999-04-07,26.86
14/02/2026,Scotland,23,Fin Smith,2002-05-11,23.77
14/02/2026,Scotland,4,Maro Itoje,1994-10-28,31.3
14/02/2026,Scotland,17,Bevan Rodd,2000-08-26,25.47
14/02/2026,Scotland,18,Trevor Davison,1992-08-20,33.49
14/02/2026,Scotland,22,Ben Spencer,1992-07-31,33.54
14/02/2026,Scotland,6,Guy Pepper,2003-04-15,22.84
14/02/2026,Scotland,5,Ollie Chessum,2000-09-06,25.44
14/02/2026,Scotland,1,Ellis Genge,1995-02-16,31.0
14/02/2026,Scotland,14,Tom Roebuck,2001-01-07,25.1
14/02/2026,Scotland,3,Joe Heyes,1999-04-13,26.84
14/02/2026,Scotland,11,Henry Arundell,2002-11-08,23.27
14/02/2026,Scotland,16,Jamie George,1990-10-20,35.32
14/02/2026,Scotland,15,Freddie Steward,2000-12-05,25.19
14/02/2026,Scotland,21,Henry Pollock,2005-01-14,21.08
14/02/2026,Scotland,2,Luke Cowan-Dickie,1993-06-20,32.66
21/02/2026,Ireland,9,Alex Mitchell,1997-05-25,28.75
21/02/2026,Ireland,13,Ollie Lawrence,1999-09-18,26.43
21/02/2026,Ireland,10,George Ford,1993-03-16,32.94
21/02/2026,Ireland,19,Alex Coles,1999-09-21,26.42
21/02/2026,Ireland,7,Ben Earl,1998-01-07,28.12
21/02/2026,Ireland,23,Marcus Smith,1999-02-14,27.02
21/02/2026,Ireland,6,Tom Curry,1998-06-15,27.69
21/02/2026,Ireland,14,Tommy Freeman,2001-03-05,24.97
21/02/2026,Ireland,21,Sam Underhill,1996-07-22,29.59
21/02/2026,Ireland,12,Fraser Dingwall,1999-04-07,26.88
21/02/2026,Ireland,4,Maro Itoje,1994-10-28,31.32
21/02/2026,Ireland,17,Bevan Rodd,2000-08-26,25.49
21/02/2026,Ireland,18,Trevor Davison,1992-08-20,33.51
21/02/2026,Ireland,20,Guy Pepper,2003-04-15,22.86
21/02/2026,Ireland,5,Ollie Chessum,2000-09-06,25.46
21/02/2026,Ireland,1,Ellis Genge,1995-02-16,31.02
21/02/2026,Ireland,3,Joe Heyes,1999-04-13,26.86
21/02/2026,Ireland,22,Jack van Poortvliet,2001-05-15,24.77
21/02/2026,Ireland,11,Henry Arundell,2002-11-08,23.29
21/02/2026,Ireland,16,Jamie George,1990-10-20,35.34
21/02/2026,Ireland,15,Freddie Steward,2000-12-05,25.21
21/02/2026,Ireland,8,Henry Pollock,2005-01-14,21.1
21/02/2026,Ireland,2,Luke Cowan-Dickie,1993-06-20,32.67
07/03/2026,Italy,5,Alex Coles,1999-09-21,26.46
07/03/2026,Italy,8,Ben Earl,1998-01-07,28.16
07/03/2026,Italy,23,Marcus Smith,1999-02-14,27.06
07/03/2026,Italy,13,Tommy Freeman,2001-03-05,25.01
07/03/2026,Italy,12,Seb Atkinson,2002-05-21,23.8
07/03/2026,Italy,7,Sam Underhill,1996-07-22,29.62
07/03/2026,Italy,20,Chandler Cunningham-South,2002-02-14,24.06
07/03/2026,Italy,10,Fin Smith,2002-05-11,23.82
07/03/2026,Italy,11,Cadan Murley,1999-07-31,26.6
07/03/2026,Italy,4,Maro Itoje,1994-10-28,31.36
07/03/2026,Italy,17,Bevan Rodd,2000-08-26,25.53
07/03/2026,Italy,18,Trevor Davison,1992-08-20,33.54
07/03/2026,Italy,9,Ben Spencer,1992-07-31,33.6
07/03/2026,Italy,6,Guy Pepper,2003-04-15,22.89
07/03/2026,Italy,19,Ollie Chessum,2000-09-06,25.5
07/03/2026,Italy,1,Ellis Genge,1995-02-16,31.05
07/03/2026,Italy,14,Tom Roebuck,2001-01-07,25.16
07/03/2026,Italy,3,Joe Heyes,1999-04-13,26.9
07/03/2026,Italy,22,Jack van Poortvliet,2001-05-15,24.81
07/03/2026,Italy,2,Jamie George,1990-10-20,35.38
07/03/2026,Italy,21,Henry Pollock,2005-01-14,21.14
07/03/2026,Italy,15,Elliot Daly,1992-10-08,33.41
07/03/2026,Italy,16,Luke Cowan-Dickie,1993-06-20,32.71
14/03/2026,France,5,Alex Coles,1999-09-21,26.48
14/03/2026,France,8,Ben Earl,1998-01-07,28.18
14/03/2026,France,23,Marcus Smith,1999-02-14,27.08
14/03/2026,France,13,Tommy Freeman,2001-03-05,25.02
14/03/2026,France,12,Seb Atkinson,2002-05-21,23.81
14/03/2026,France,20,Sam Underhill,1996-07-22,29.64
14/03/2026,France,19,Chandler Cunningham-South,2002-02-14,24.08
14/03/2026,France,10,Fin Smith,2002-05-11,23.84
14/03/2026,France,11,Cadan Murley,1999-07-31,26.62
14/03/2026,France,4,Maro Itoje,1994-10-28,31.38
14/03/2026,France,17,Bevan Rodd,2000-08-26,25.55
14/03/2026,France,18,Trevor Davison,1992-08-20,33.56
14/03/2026,France,9,Ben Spencer,1992-07-31,33.62
14/03/2026,France,7,Guy Pepper,2003-04-15,22.91
14/03/2026,France,6,Ollie Chessum,2000-09-06,25.52
14/03/2026,France,1,Ellis Genge,1995-02-16,31.07
14/03/2026,France,14,Tom Roebuck,2001-01-07,25.18
14/03/2026,France,3,Joe Heyes,1999-04-13,26.92
14/03/2026,France,22,Jack van Poortvliet,2001-05-15,24.83
14/03/2026,France,2,Jamie George,1990-10-20,35.4
14/03/2026,France,21,Henry Pollock,2005-01-14,21.16
14/03/2026,France,15,Elliot Daly,1992-10-08,33.43
14/03/2026,France,16,Luke Cowan-Dickie,1993-06-20,32.73
04/07/2026,South Africa,22,Alex Mitchell,1997-05-25,29.11
04/07/2026,South Africa,4,Alex Coles,1999-09-21,26.78
04/07/2026,South Africa,8,Ben Earl,1998-01-07,28.49
04/07/2026,South Africa,23,Marcus Smith,1999-02-14,27.38
04/07/2026,South Africa,7,Tom Curry,1998-06-15,28.05
04/07/2026,South Africa,13,Tommy Freeman,2001-03-05,25.33
04/07/2026,South Africa,12,Seb Atkinson,2002-05-21,24.12
04/07/2026,South Africa,18,Asher Opoku-Fordjour,2004-07-16,21.97
04/07/2026,South Africa,10,Fin Smith,2002-05-11,24.15
04/07/2026,South Africa,11,Cadan Murley,1999-07-31,26.93
04/07/2026,South Africa,20,Guy Pepper,2003-04-15,23.22
04/07/2026,South Africa,6,Ollie Chessum,2000-09-06,25.82
04/07/2026,South Africa,1,Ellis Genge,1995-02-16,31.38
04/07/2026,South Africa,3,Joe Heyes,1999-04-13,27.23
04/07/2026,South Africa,9,Jack van Poortvliet,2001-05-15,25.14
04/07/2026,South Africa,14,Immanuel Feyi-Waboso,2002-12-20,23.54
04/07/2026,South Africa,19,Charlie Ewels,1995-06-29,31.02
04/07/2026,South Africa,5,George Martin,2001-06-18,25.04
04/07/2026,South Africa,23,Henry Slade,1993-03-19,33.29
04/07/2026,South Africa,17,Beno Obano,1994-10-24,31.69
04/07/2026,South Africa,2,Jamie George,1990-10-20,35.71
04/07/2026,South Africa,21,Henry Pollock,2005-01-14,21.47
04/07/2026,South Africa,16,Luke Cowan-Dickie,1993-06-20,33.04
11/07/2026,Fiji,21,Alex Mitchell,1997-05-25,29.13
11/07/2026,Fiji,4,Alex Coles,1999-09-21,26.8
11/07/2026,Fiji,8,Ben Earl,1998-01-07,28.51
11/07/2026,Fiji,15,Marcus Smith,1999-02-14,27.4
11/07/2026,Fiji,19,Tom Curry,1998-06-15,28.07
11/07/2026,Fiji,14,Tommy Freeman,2001-03-05,25.35
11/07/2026,Fiji,12,Seb Atkinson,2002-05-21,24.14
11/07/2026,Fiji,17,Asher Opoku-Fordjour,2004-07-16,21.99
11/07/2026,Fiji,10,Fin Smith,2002-05-11,24.17
11/07/2026,Fiji,18,George Kloska,1994-02-07,32.42
11/07/2026,Fiji,7,Guy Pepper,2003-04-15,23.24
11/07/2026,Fiji,6,Ollie Chessum,2000-09-06,25.84
11/07/2026,Fiji,1,Ellis Genge,1995-02-16,31.4
11/07/2026,Fiji,3,Joe Heyes,1999-04-13,27.24
11/07/2026,Fiji,9,Jack van Poortvliet,2001-05-15,25.16
11/07/2026,Fiji,11,Immanuel Feyi-Waboso,2002-12-20,23.56
11/07/2026,Fiji,5,George Martin,2001-06-18,25.06
11/07/2026,Fiji,13,Henry Slade,1993-03-19,33.31
11/07/2026,Fiji,23,Noah Caluori,2006-09-22,19.8
11/07/2026,Fiji,2,Jamie George,1990-10-20,35.72
11/07/2026,Fiji,22,Benhard van Rensburg,1997-01-14,29.49
11/07/2026,Fiji,20,Henry Pollock,2005-01-14,21.49
11/07/2026,Fiji,16,Luke Cowan-Dickie,1993-06-20,33.06
18/07/2026,Argentina,17,Emmanuel Iyogun,2000-11-24,25.65
18/07/2026,Argentina,4,Alex Coles,1999-09-21,26.82
18/07/2026,Argentina,8,Ben Earl,1998-01-07,28.53
18/07/2026,Argentina,15,Marcus Smith,1999-02-14,27.42
18/07/2026,Argentina,19,Tom Curry,1998-06-15,28.09
18/07/2026,Argentina,14,Tommy Freeman,2001-03-05,25.37
18/07/2026,Argentina,12,Seb Atkinson,2002-05-21,24.16
18/07/2026,Argentina,10,Fin Smith,2002-05-11,24.19
18/07/2026,Argentina,18,George Kloska,1994-02-07,32.44
18/07/2026,Argentina,21,Ben Spencer,1992-07-31,33.96
18/07/2026,Argentina,7,Guy Pepper,2003-04-15,23.26
18/07/2026,Argentina,6,Ollie Chessum,2000-09-06,25.86
18/07/2026,Argentina,1,Ellis Genge,1995-02-16,31.42
18/07/2026,Argentina,3,Joe Heyes,1999-04-13,27.26
18/07/2026,Argentina,9,Jack van Poortvliet,2001-05-15,25.18
18/07/2026,Argentina,11,Immanuel Feyi-Waboso,2002-12-20,23.58
18/07/2026,Argentina,5,George Martin,2001-06-18,25.08
18/07/2026,Argentina,13,Henry Slade,1993-03-19,33.33
18/07/2026,Argentina,23,Noah Caluori,2006-09-22,19.82
18/07/2026,Argentina,2,Jamie George,1990-10-20,35.74
18/07/2026,Argentina,22,Benhard van Rensburg,1997-01-14,29.51
18/07/2026,Argentina,20,Henry Pollock,2005-01-14,21.51
18/07/2026,Argentina,16,Luke Cowan-Dickie,1993-06-20,33.08
