date,opposition,shirt,player,dob,age_on_matchday
07/02/2015,Scotland,15,Scott Spedding,1986-05-04,28.76
07/02/2015,Scotland,1,Alexandre Menini,1983-08-05,31.51
07/02/2015,Scotland,11,Teddy Thomas,1993-09-18,21.39
07/02/2015,Scotland,16,Benjamin Kayser,1984-07-26,30.54
07/02/2015,Scotland,6,Thierry Dusautoir,1981-11-18,33.22
07/02/2015,Scotland,4,Pascal Pape,1980-10-05,34.34
07/02/2015,Scotland,7,Bernard Le Roux,1989-06-04,25.68
07/02/2015,Scotland,20,Loann Goujon,1989-04-23,25.79
07/02/2015,Scotland,8,Damien Chouly,1985-11-27,29.2
07/02/2015,Scotland,21,Morgan Parra,1988-11-15,26.23
07/02/2015,Scotland,12,Wesley Fofana,1988-01-20,27.05
07/02/2015,Scotland,23,Remi Lamerat,1990-01-14,25.07
07/02/2015,Scotland,10,Camille Lopez,1989-04-03,25.85
07/02/2015,Scotland,2,Guilhem Guirado,1986-06-17,28.64
07/02/2015,Scotland,3,Rabah Slimani,1989-10-18,25.31
07/02/2015,Scotland,5,Yoann Maestri,1988-01-14,27.07
07/02/2015,Scotland,13,Mathieu Bastareaud,1988-09-17,26.39
07/02/2015,Scotland,17,Uini Atonio,1990-03-26,24.87
07/02/2015,Scotland,14,Yoann Huget,1987-06-02,27.69
07/02/2015,Scotland,18,Eddy Ben Arous,1990-08-25,24.45
07/02/2015,Scotland,19,Romain Taofifenua,1990-09-14,24.4
07/02/2015,Scotland,22,Remi Tales,1984-05-02,30.77
07/02/2015,Scotland,9,Rory Kockott,1986-06-25,28.62
14/02/2015,Ireland,15,Scott Spedding,1986-05-04,28.78
14/02/2015,Ireland,11,Teddy Thomas,1993-09-18,21.41
14/02/2015,Ireland,16,Benjamin Kayser,1984-07-26,30.56
14/02/2015,Ireland,6,Thierry Dusautoir,1981-11-18,33.24
14/02/2015,Ireland,4,Pascal Pape,1980-10-05,34.36
14/02/2015,Ireland,7,Bernard Le Roux,1989-06-04,25.7
14/02/2015,Ireland,20,Loann Goujon,1989-04-23,25.81
14/02/2015,Ireland,8,Damien Chouly,1985-11-27,29.22
14/02/2015,Ireland,21,Morgan Parra,1988-11-15,26.25
14/02/2015,Ireland,12,Wesley Fofana,1988-01-20,27.07
14/02/2015,Ireland,23,Remi Lamerat,1990-01-14,25.08
14/02/2015,Ireland,10,Camille Lopez,1989-04-03,25.87
14/02/2015,Ireland,2,Guilhem Guirado,1986-06-17,28.66
14/02/2015,Ireland,3,Rabah Slimani,1989-10-18,25.33
14/02/2015,Ireland,5,Yoann Maestri,1988-01-14,27.09
14/02/2015,Ireland,13,Mathieu Bastareaud,1988-09-17,26.41
14/02/2015,Ireland,18,Vincent Debaty,1981-10-02,33.37
14/02/2015,Ireland,17,Uini Atonio,1990-03-26,24.89
14/02/2015,Ireland,14,Yoann Huget,1987-06-02,27.7
14/02/2015,Ireland,1,Eddy Ben Arous,1990-08-25,24.47
14/02/2015,Ireland,19,Romain Taofifenua,1990-09-14,24.42
14/02/2015,Ireland,22,Remi Tales,1984-05-02,30.79
14/02/2015,Ireland,9,Rory Kockott,1986-06-25,28.64
28/02/2015,Wales,21,Sebastien Tillous-Borde,1985-04-29,29.83
28/02/2015,Wales,16,Benjamin Kayser,1984-07-26,30.59
28/02/2015,Wales,6,Thierry Dusautoir,1981-11-18,33.28
28/02/2015,Wales,7,Bernard Le Roux,1989-06-04,25.74
28/02/2015,Wales,20,Loann Goujon,1989-04-23,25.85
28/02/2015,Wales,8,Damien Chouly,1985-11-27,29.25
28/02/2015,Wales,9,Morgan Parra,1988-11-15,26.29
28/02/2015,Wales,12,Wesley Fofana,1988-01-20,27.11
28/02/2015,Wales,13,Remi Lamerat,1990-01-14,25.12
28/02/2015,Wales,15,Brice Dulin,1990-04-13,24.88
28/02/2015,Wales,10,Camille Lopez,1989-04-03,25.91
28/02/2015,Wales,2,Guilhem Guirado,1986-06-17,28.7
28/02/2015,Wales,3,Rabah Slimani,1989-10-18,25.36
28/02/2015,Wales,5,Yoann Maestri,1988-01-14,27.12
28/02/2015,Wales,23,Mathieu Bastareaud,1988-09-17,26.45
28/02/2015,Wales,18,Vincent Debaty,1981-10-02,33.41
28/02/2015,Wales,17,Uini Atonio,1990-03-26,24.93
28/02/2015,Wales,14,Yoann Huget,1987-06-02,27.74
28/02/2015,Wales,11,Sofiane Guitoune,1989-03-27,25.93
28/02/2015,Wales,1,Eddy Ben Arous,1990-08-25,24.51
28/02/2015,Wales,19,Jocelino Suta,1982-11-18,32.28
28/02/2015,Wales,4,Romain Taofifenua,1990-09-14,24.46
28/02/2015,Wales,22,Remi Tales,1984-05-02,30.83
15/03/2015,Italy,9,Sebastien Tillous-Borde,1985-04-29,29.88
15/03/2015,Italy,4,Alexandre Flanquart,1989-10-09,25.43
15/03/2015,Italy,3,Nicolas Mas,1980-05-23,34.81
15/03/2015,Italy,15,Scott Spedding,1986-05-04,28.86
15/03/2015,Italy,22,Jules Plisson,1991-08-20,23.57
15/03/2015,Italy,16,Benjamin Kayser,1984-07-26,30.63
15/03/2015,Italy,6,Thierry Dusautoir,1981-11-18,33.32
15/03/2015,Italy,13,Gael Fickou,1994-03-26,20.97
15/03/2015,Italy,7,Bernard Le Roux,1989-06-04,25.78
15/03/2015,Italy,8,Loann Goujon,1989-04-23,25.89
15/03/2015,Italy,20,Damien Chouly,1985-11-27,29.3
15/03/2015,Italy,12,Maxime Mermoz,1986-07-28,28.63
15/03/2015,Italy,10,Camille Lopez,1989-04-03,25.95
15/03/2015,Italy,2,Guilhem Guirado,1986-06-17,28.74
15/03/2015,Italy,17,Rabah Slimani,1989-10-18,25.41
15/03/2015,Italy,5,Yoann Maestri,1988-01-14,27.17
15/03/2015,Italy,23,Mathieu Bastareaud,1988-09-17,26.49
15/03/2015,Italy,18,Vincent Debaty,1981-10-02,33.45
15/03/2015,Italy,14,Yoann Huget,1987-06-02,27.78
15/03/2015,Italy,1,Eddy Ben Arous,1990-08-25,24.55
15/03/2015,Italy,19,Romain Taofifenua,1990-09-14,24.5
15/03/2015,Italy,21,Rory Kockott,1986-06-25,28.72
15/03/2015,Italy,11,Noa Nakaitaci,1990-07-11,24.68
21/03/2015,England,9,Sebastien Tillous-Borde,1985-04-29,29.89
21/03/2015,England,4,Alexandre Flanquart,1989-10-09,25.45
21/03/2015,England,3,Nicolas Mas,1980-05-23,34.83
21/03/2015,England,15,Scott Spedding,1986-05-04,28.88
21/03/2015,England,10,Jules Plisson,1991-08-20,23.58
21/03/2015,England,16,Benjamin Kayser,1984-07-26,30.65
21/03/2015,England,6,Thierry Dusautoir,1981-11-18,33.34
21/03/2015,England,13,Gael Fickou,1994-03-26,20.99
21/03/2015,England,7,Bernard Le Roux,1989-06-04,25.79
21/03/2015,England,8,Loann Goujon,1989-04-23,25.91
21/03/2015,England,20,Damien Chouly,1985-11-27,29.31
21/03/2015,England,12,Maxime Mermoz,1986-07-28,28.65
21/03/2015,England,2,Guilhem Guirado,1986-06-17,28.76
21/03/2015,England,17,Rabah Slimani,1989-10-18,25.42
21/03/2015,England,5,Yoann Maestri,1988-01-14,27.18
21/03/2015,England,23,Mathieu Bastareaud,1988-09-17,26.51
21/03/2015,England,1,Vincent Debaty,1981-10-02,33.47
21/03/2015,England,18,Uini Atonio,1990-03-26,24.99
21/03/2015,England,14,Yoann Huget,1987-06-02,27.8
21/03/2015,England,19,Romain Taofifenua,1990-09-14,24.52
21/03/2015,England,22,Remi Tales,1984-05-02,30.88
21/03/2015,England,21,Rory Kockott,1986-06-25,28.74
21/03/2015,England,11,Noa Nakaitaci,1990-07-11,24.69
15/08/2015,England,4,Alexandre Flanquart,1989-10-09,25.85
15/08/2015,England,3,Nicolas Mas,1980-05-23,35.23
15/08/2015,England,15,Scott Spedding,1986-05-04,29.28
15/08/2015,England,12,Alexandre Dumoulin,1989-08-24,25.97
15/08/2015,England,19,Sebastien Vahaamahina,1991-10-21,23.82
15/08/2015,England,23,Gael Fickou,1994-03-26,21.39
15/08/2015,England,20,Loann Goujon,1989-04-23,26.31
15/08/2015,England,6,Yannick Nyanga,1983-12-19,31.66
15/08/2015,England,9,Morgan Parra,1988-11-15,26.75
15/08/2015,England,13,Remi Lamerat,1990-01-14,25.58
15/08/2015,England,11,Brice Dulin,1990-04-13,25.34
15/08/2015,England,16,Guilhem Guirado,1986-06-17,29.16
15/08/2015,England,8,Louis Picamoles,1986-02-05,29.52
15/08/2015,England,5,Yoann Maestri,1988-01-14,27.58
15/08/2015,England,17,Xavier Chiocci,1990-02-13,25.5
15/08/2015,England,1,Vincent Debaty,1981-10-02,33.87
15/08/2015,England,18,Uini Atonio,1990-03-26,25.39
15/08/2015,England,14,Sofiane Guitoune,1989-03-27,26.39
15/08/2015,England,22,Remi Tales,1984-05-02,31.29
15/08/2015,England,2,Dimitri Szarzewski,1983-01-26,32.55
15/08/2015,England,21,Rory Kockott,1986-06-25,29.14
15/08/2015,England,10,Francois Trinh-Duc,1986-11-11,28.76
15/08/2015,England,7,Fulgence Ouedraogo,1986-07-21,29.07
22/08/2015,England,9,Sebastien Tillous-Borde,1985-04-29,30.31
22/08/2015,England,19,Alexandre Flanquart,1989-10-09,25.87
22/08/2015,England,15,Scott Spedding,1986-05-04,29.3
22/08/2015,England,16,Benjamin Kayser,1984-07-26,31.07
22/08/2015,England,4,Pascal Pape,1980-10-05,34.88
22/08/2015,England,23,Gael Fickou,1994-03-26,21.41
22/08/2015,England,7,Bernard Le Roux,1989-06-04,26.22
22/08/2015,England,6,Damien Chouly,1985-11-27,29.73
22/08/2015,England,20,Yannick Nyanga,1983-12-19,31.67
22/08/2015,England,10,Frederic Michalak,1982-10-16,32.85
22/08/2015,England,12,Wesley Fofana,1988-01-20,27.59
22/08/2015,England,2,Guilhem Guirado,1986-06-17,29.18
22/08/2015,England,3,Rabah Slimani,1989-10-18,25.84
22/08/2015,England,8,Louis Picamoles,1986-02-05,29.54
22/08/2015,England,5,Yoann Maestri,1988-01-14,27.6
22/08/2015,England,13,Mathieu Bastareaud,1988-09-17,26.93
22/08/2015,England,17,Vincent Debaty,1981-10-02,33.89
22/08/2015,England,18,Uini Atonio,1990-03-26,25.41
22/08/2015,England,14,Yoann Huget,1987-06-02,28.22
22/08/2015,England,1,Eddy Ben Arous,1990-08-25,24.99
22/08/2015,England,22,Remi Tales,1984-05-02,31.31
22/08/2015,England,21,Rory Kockott,1986-06-25,29.16
22/08/2015,England,11,Noa Nakaitaci,1990-07-11,25.11
05/09/2015,Scotland,9,Sebastien Tillous-Borde,1985-04-29,30.35
05/09/2015,Scotland,5,Alexandre Flanquart,1989-10-09,25.91
05/09/2015,Scotland,18,Nicolas Mas,1980-05-23,35.29
05/09/2015,Scotland,15,Scott Spedding,1986-05-04,29.34
05/09/2015,Scotland,23,Alexandre Dumoulin,1989-08-24,26.03
05/09/2015,Scotland,6,Thierry Dusautoir,1981-11-18,33.8
05/09/2015,Scotland,4,Pascal Pape,1980-10-05,34.92
05/09/2015,Scotland,19,Bernard Le Roux,1989-06-04,26.25
05/09/2015,Scotland,7,Damien Chouly,1985-11-27,29.77
05/09/2015,Scotland,20,Yannick Nyanga,1983-12-19,31.71
05/09/2015,Scotland,21,Morgan Parra,1988-11-15,26.8
05/09/2015,Scotland,10,Frederic Michalak,1982-10-16,32.89
05/09/2015,Scotland,12,Wesley Fofana,1988-01-20,27.63
05/09/2015,Scotland,2,Guilhem Guirado,1986-06-17,29.22
05/09/2015,Scotland,3,Rabah Slimani,1989-10-18,25.88
05/09/2015,Scotland,8,Louis Picamoles,1986-02-05,29.58
05/09/2015,Scotland,13,Mathieu Bastareaud,1988-09-17,26.97
05/09/2015,Scotland,17,Vincent Debaty,1981-10-02,33.93
05/09/2015,Scotland,14,Yoann Huget,1987-06-02,28.26
05/09/2015,Scotland,1,Eddy Ben Arous,1990-08-25,25.03
05/09/2015,Scotland,22,Remi Tales,1984-05-02,31.34
05/09/2015,Scotland,16,Dimitri Szarzewski,1983-01-26,32.61
05/09/2015,Scotland,11,Noa Nakaitaci,1990-07-11,25.15
19/09/2015,Italy,9,Sebastien Tillous-Borde,1985-04-29,30.39
19/09/2015,Italy,20,Alexandre Flanquart,1989-10-09,25.94
19/09/2015,Italy,18,Nicolas Mas,1980-05-23,35.32
19/09/2015,Italy,15,Scott Spedding,1986-05-04,29.38
19/09/2015,Italy,12,Alexandre Dumoulin,1989-08-24,26.07
19/09/2015,Italy,16,Benjamin Kayser,1984-07-26,31.15
19/09/2015,Italy,6,Thierry Dusautoir,1981-11-18,33.84
19/09/2015,Italy,4,Pascal Pape,1980-10-05,34.95
19/09/2015,Italy,23,Gael Fickou,1994-03-26,21.48
19/09/2015,Italy,19,Bernard Le Roux,1989-06-04,26.29
19/09/2015,Italy,7,Damien Chouly,1985-11-27,29.81
19/09/2015,Italy,21,Morgan Parra,1988-11-15,26.84
19/09/2015,Italy,10,Frederic Michalak,1982-10-16,32.93
19/09/2015,Italy,2,Guilhem Guirado,1986-06-17,29.26
19/09/2015,Italy,3,Rabah Slimani,1989-10-18,25.92
19/09/2015,Italy,8,Louis Picamoles,1986-02-05,29.62
19/09/2015,Italy,5,Yoann Maestri,1988-01-14,27.68
19/09/2015,Italy,13,Mathieu Bastareaud,1988-09-17,27.0
19/09/2015,Italy,17,Vincent Debaty,1981-10-02,33.96
19/09/2015,Italy,14,Yoann Huget,1987-06-02,28.3
19/09/2015,Italy,1,Eddy Ben Arous,1990-08-25,25.07
19/09/2015,Italy,22,Remi Tales,1984-05-02,31.38
19/09/2015,Italy,11,Noa Nakaitaci,1990-07-11,25.19
23/09/2015,Romania,5,Alexandre Flanquart,1989-10-09,25.96
23/09/2015,Romania,18,Nicolas Mas,1980-05-23,35.34
23/09/2015,Romania,16,Benjamin Kayser,1984-07-26,31.16
23/09/2015,Romania,13,Gael Fickou,1994-03-26,21.5
23/09/2015,Romania,4,Bernard Le Roux,1989-06-04,26.3
23/09/2015,Romania,20,Damien Chouly,1985-11-27,29.82
23/09/2015,Romania,6,Yannick Nyanga,1983-12-19,31.76
23/09/2015,Romania,9,Morgan Parra,1988-11-15,26.85
23/09/2015,Romania,22,Frederic Michalak,1982-10-16,32.94
23/09/2015,Romania,12,Wesley Fofana,1988-01-20,27.67
23/09/2015,Romania,15,Brice Dulin,1990-04-13,25.45
23/09/2015,Romania,8,Louis Picamoles,1986-02-05,29.63
23/09/2015,Romania,19,Yoann Maestri,1988-01-14,27.69
23/09/2015,Romania,23,Mathieu Bastareaud,1988-09-17,27.01
23/09/2015,Romania,1,Vincent Debaty,1981-10-02,33.97
23/09/2015,Romania,3,Uini Atonio,1990-03-26,25.5
23/09/2015,Romania,14,Sofiane Guitoune,1989-03-27,26.49
23/09/2015,Romania,17,Eddy Ben Arous,1990-08-25,25.08
23/09/2015,Romania,10,Remi Tales,1984-05-02,31.39
23/09/2015,Romania,2,Dimitri Szarzewski,1983-01-26,32.66
23/09/2015,Romania,21,Rory Kockott,1986-06-25,29.25
23/09/2015,Romania,11,Noa Nakaitaci,1990-07-11,25.2
23/09/2015,Romania,7,Fulgence Ouedraogo,1986-07-21,29.18
01/10/2015,Canada,14,Remy Grosso,1988-12-04,26.82
01/10/2015,Canada,9,Sebastien Tillous-Borde,1985-04-29,30.42
01/10/2015,Canada,18,Nicolas Mas,1980-05-23,35.36
01/10/2015,Canada,15,Scott Spedding,1986-05-04,29.41
01/10/2015,Canada,23,Alexandre Dumoulin,1989-08-24,26.1
01/10/2015,Canada,16,Benjamin Kayser,1984-07-26,31.18
01/10/2015,Canada,6,Thierry Dusautoir,1981-11-18,33.87
01/10/2015,Canada,4,Pascal Pape,1980-10-05,34.99
01/10/2015,Canada,7,Bernard Le Roux,1989-06-04,26.32
01/10/2015,Canada,8,Damien Chouly,1985-11-27,29.84
01/10/2015,Canada,19,Yannick Nyanga,1983-12-19,31.78
01/10/2015,Canada,21,Morgan Parra,1988-11-15,26.88
01/10/2015,Canada,10,Frederic Michalak,1982-10-16,32.96
01/10/2015,Canada,12,Wesley Fofana,1988-01-20,27.7
01/10/2015,Canada,11,Brice Dulin,1990-04-13,25.47
01/10/2015,Canada,2,Guilhem Guirado,1986-06-17,29.29
01/10/2015,Canada,3,Rabah Slimani,1989-10-18,25.95
01/10/2015,Canada,5,Yoann Maestri,1988-01-14,27.71
01/10/2015,Canada,13,Mathieu Bastareaud,1988-09-17,27.04
01/10/2015,Canada,17,Vincent Debaty,1981-10-02,34.0
01/10/2015,Canada,1,Eddy Ben Arous,1990-08-25,25.1
01/10/2015,Canada,22,Remi Tales,1984-05-02,31.41
01/10/2015,Canada,20,Fulgence Ouedraogo,1986-07-21,29.2
11/10/2015,Ireland,9,Sebastien Tillous-Borde,1985-04-29,30.45
11/10/2015,Ireland,19,Alexandre Flanquart,1989-10-09,26.0
11/10/2015,Ireland,18,Nicolas Mas,1980-05-23,35.38
11/10/2015,Ireland,15,Scott Spedding,1986-05-04,29.44
11/10/2015,Ireland,23,Alexandre Dumoulin,1989-08-24,26.13
11/10/2015,Ireland,16,Benjamin Kayser,1984-07-26,31.21
11/10/2015,Ireland,6,Thierry Dusautoir,1981-11-18,33.9
11/10/2015,Ireland,4,Pascal Pape,1980-10-05,35.02
11/10/2015,Ireland,20,Bernard Le Roux,1989-06-04,26.35
11/10/2015,Ireland,7,Damien Chouly,1985-11-27,29.87
11/10/2015,Ireland,21,Morgan Parra,1988-11-15,26.9
11/10/2015,Ireland,10,Frederic Michalak,1982-10-16,32.99
11/10/2015,Ireland,12,Wesley Fofana,1988-01-20,27.72
11/10/2015,Ireland,11,Brice Dulin,1990-04-13,25.5
11/10/2015,Ireland,2,Guilhem Guirado,1986-06-17,29.32
11/10/2015,Ireland,3,Rabah Slimani,1989-10-18,25.98
11/10/2015,Ireland,8,Louis Picamoles,1986-02-05,29.68
11/10/2015,Ireland,5,Yoann Maestri,1988-01-14,27.74
11/10/2015,Ireland,13,Mathieu Bastareaud,1988-09-17,27.06
11/10/2015,Ireland,17,Vincent Debaty,1981-10-02,34.02
11/10/2015,Ireland,1,Eddy Ben Arous,1990-08-25,25.13
11/10/2015,Ireland,22,Remi Tales,1984-05-02,31.44
11/10/2015,Ireland,14,Noa Nakaitaci,1990-07-11,25.25
17/10/2015,New Zealand,18,Nicolas Mas,1980-05-23,35.4
17/10/2015,New Zealand,15,Scott Spedding,1986-05-04,29.45
17/10/2015,New Zealand,13,Alexandre Dumoulin,1989-08-24,26.15
17/10/2015,New Zealand,6,Thierry Dusautoir,1981-11-18,33.91
17/10/2015,New Zealand,4,Pascal Pape,1980-10-05,35.03
17/10/2015,New Zealand,7,Bernard Le Roux,1989-06-04,26.37
17/10/2015,New Zealand,19,Damien Chouly,1985-11-27,29.89
17/10/2015,New Zealand,20,Yannick Nyanga,1983-12-19,31.83
17/10/2015,New Zealand,9,Morgan Parra,1988-11-15,26.92
17/10/2015,New Zealand,10,Frederic Michalak,1982-10-16,33.0
17/10/2015,New Zealand,12,Wesley Fofana,1988-01-20,27.74
17/10/2015,New Zealand,11,Brice Dulin,1990-04-13,25.51
17/10/2015,New Zealand,2,Guilhem Guirado,1986-06-17,29.33
17/10/2015,New Zealand,3,Rabah Slimani,1989-10-18,26.0
17/10/2015,New Zealand,8,Louis Picamoles,1986-02-05,29.7
17/10/2015,New Zealand,5,Yoann Maestri,1988-01-14,27.76
17/10/2015,New Zealand,23,Mathieu Bastareaud,1988-09-17,27.08
17/10/2015,New Zealand,17,Vincent Debaty,1981-10-02,34.04
17/10/2015,New Zealand,1,Eddy Ben Arous,1990-08-25,25.14
17/10/2015,New Zealand,22,Remi Tales,1984-05-02,31.46
17/10/2015,New Zealand,16,Dimitri Szarzewski,1983-01-26,32.72
17/10/2015,New Zealand,21,Rory Kockott,1986-06-25,29.31
17/10/2015,New Zealand,14,Noa Nakaitaci,1990-07-11,25.27
06/02/2016,Italy,16,Camille Chat,1995-12-18,20.14
06/02/2016,Italy,19,Alexandre Flanquart,1989-10-09,26.33
06/02/2016,Italy,22,Jean Marc Doussain,1991-02-12,24.98
06/02/2016,Italy,10,Jules Plisson,1991-08-20,24.47
06/02/2016,Italy,13,Gael Fickou,1994-03-26,21.87
06/02/2016,Italy,14,Hugo Bonneval,1990-11-19,25.22
06/02/2016,Italy,7,Damien Chouly,1985-11-27,30.19
06/02/2016,Italy,23,Maxime Mermoz,1986-07-28,29.53
06/02/2016,Italy,2,Guilhem Guirado,1986-06-17,29.64
06/02/2016,Italy,3,Rabah Slimani,1989-10-18,26.3
06/02/2016,Italy,8,Louis Picamoles,1986-02-05,30.0
06/02/2016,Italy,5,Yoann Maestri,1988-01-14,28.06
06/02/2016,Italy,9,Sebastien Bezy,1991-11-22,24.21
06/02/2016,Italy,17,Uini Atonio,1990-03-26,25.87
06/02/2016,Italy,6,Wenceslas Lauret,1989-03-28,26.86
06/02/2016,Italy,20,Yacouba Camara,1994-06-02,21.68
06/02/2016,Italy,1,Eddy Ben Arous,1990-08-25,25.45
06/02/2016,Italy,21,Maxime Machenaud,1988-12-30,27.1
06/02/2016,Italy,18,Jefferson Poirot,1992-11-01,23.26
06/02/2016,Italy,4,Paul Jedrasiak,1993-02-06,23.0
06/02/2016,Italy,11,Virimi Vakatawa,1992-05-01,23.77
06/02/2016,Italy,15,Maxime Medard,1986-11-16,29.22
06/02/2016,Italy,12,Jonathan Danty,1992-10-07,23.33
13/02/2016,Ireland,16,Camille Chat,1995-12-18,20.16
13/02/2016,Ireland,4,Alexandre Flanquart,1989-10-09,26.35
13/02/2016,Ireland,22,Jean Marc Doussain,1991-02-12,25.0
13/02/2016,Ireland,14,Teddy Thomas,1993-09-18,22.4
13/02/2016,Ireland,10,Jules Plisson,1991-08-20,24.49
13/02/2016,Ireland,23,Hugo Bonneval,1990-11-19,25.24
13/02/2016,Ireland,20,Loann Goujon,1989-04-23,26.81
13/02/2016,Ireland,8,Damien Chouly,1985-11-27,30.21
13/02/2016,Ireland,13,Maxime Mermoz,1986-07-28,29.55
13/02/2016,Ireland,2,Guilhem Guirado,1986-06-17,29.66
13/02/2016,Ireland,17,Rabah Slimani,1989-10-18,26.32
13/02/2016,Ireland,5,Yoann Maestri,1988-01-14,28.08
13/02/2016,Ireland,9,Sebastien Bezy,1991-11-22,24.23
13/02/2016,Ireland,3,Uini Atonio,1990-03-26,25.89
13/02/2016,Ireland,6,Wenceslas Lauret,1989-03-28,26.88
13/02/2016,Ireland,7,Yacouba Camara,1994-06-02,21.7
13/02/2016,Ireland,18,Eddy Ben Arous,1990-08-25,25.47
13/02/2016,Ireland,21,Maxime Machenaud,1988-12-30,27.12
13/02/2016,Ireland,1,Jefferson Poirot,1992-11-01,23.28
13/02/2016,Ireland,19,Paul Jedrasiak,1993-02-06,23.02
13/02/2016,Ireland,11,Virimi Vakatawa,1992-05-01,23.79
13/02/2016,Ireland,15,Maxime Medard,1986-11-16,29.24
13/02/2016,Ireland,12,Jonathan Danty,1992-10-07,23.35
26/02/2016,Wales,16,Camille Chat,1995-12-18,20.19
26/02/2016,Wales,7,Antoine Burban,1987-07-22,28.6
26/02/2016,Wales,5,Alexandre Flanquart,1989-10-09,26.38
26/02/2016,Wales,11,Djibril Camara,1989-06-22,26.68
26/02/2016,Wales,10,Jules Plisson,1991-08-20,24.52
26/02/2016,Wales,23,Gael Fickou,1994-03-26,21.92
26/02/2016,Wales,20,Loann Goujon,1989-04-23,26.85
26/02/2016,Wales,8,Damien Chouly,1985-11-27,30.25
26/02/2016,Wales,13,Maxime Mermoz,1986-07-28,29.58
26/02/2016,Wales,2,Guilhem Guirado,1986-06-17,29.7
26/02/2016,Wales,3,Rabah Slimani,1989-10-18,26.36
26/02/2016,Wales,19,Yoann Maestri,1988-01-14,28.12
26/02/2016,Wales,21,Sebastien Bezy,1991-11-22,24.26
26/02/2016,Wales,17,Uini Atonio,1990-03-26,25.92
26/02/2016,Wales,6,Wenceslas Lauret,1989-03-28,26.92
26/02/2016,Wales,18,Vincent Pelo,1988-04-22,27.85
26/02/2016,Wales,9,Maxime Machenaud,1988-12-30,27.16
26/02/2016,Wales,1,Jefferson Poirot,1992-11-01,23.32
26/02/2016,Wales,4,Paul Jedrasiak,1993-02-06,23.05
26/02/2016,Wales,14,Virimi Vakatawa,1992-05-01,23.82
26/02/2016,Wales,22,Francois Trinh-Duc,1986-11-11,29.29
26/02/2016,Wales,15,Maxime Medard,1986-11-16,29.28
26/02/2016,Wales,12,Jonathan Danty,1992-10-07,23.39
13/03/2016,Scotland,16,Camille Chat,1995-12-18,20.24
13/03/2016,Scotland,4,Alexandre Flanquart,1989-10-09,26.43
13/03/2016,Scotland,15,Scott Spedding,1986-05-04,29.86
13/03/2016,Scotland,22,Jules Plisson,1991-08-20,24.56
13/03/2016,Scotland,19,Sebastien Vahaamahina,1991-10-21,24.39
13/03/2016,Scotland,13,Gael Fickou,1994-03-26,21.97
13/03/2016,Scotland,20,Loann Goujon,1989-04-23,26.89
13/03/2016,Scotland,8,Damien Chouly,1985-11-27,30.29
13/03/2016,Scotland,12,Maxime Mermoz,1986-07-28,29.63
13/03/2016,Scotland,14,Wesley Fofana,1988-01-20,28.15
13/03/2016,Scotland,2,Guilhem Guirado,1986-06-17,29.74
13/03/2016,Scotland,3,Rabah Slimani,1989-10-18,26.4
13/03/2016,Scotland,5,Yoann Maestri,1988-01-14,28.16
13/03/2016,Scotland,21,Sebastien Bezy,1991-11-22,24.31
13/03/2016,Scotland,18,Uini Atonio,1990-03-26,25.97
13/03/2016,Scotland,7,Wenceslas Lauret,1989-03-28,26.96
13/03/2016,Scotland,6,Yacouba Camara,1994-06-02,21.78
13/03/2016,Scotland,17,Vincent Pelo,1988-04-22,27.89
13/03/2016,Scotland,9,Maxime Machenaud,1988-12-30,27.2
13/03/2016,Scotland,1,Jefferson Poirot,1992-11-01,23.36
13/03/2016,Scotland,11,Virimi Vakatawa,1992-05-01,23.87
13/03/2016,Scotland,10,Francois Trinh-Duc,1986-11-11,29.34
13/03/2016,Scotland,23,Maxime Medard,1986-11-16,29.32
19/03/2016,England,16,Camille Chat,1995-12-18,20.25
19/03/2016,England,4,Alexandre Flanquart,1989-10-09,26.44
19/03/2016,England,15,Scott Spedding,1986-05-04,29.88
19/03/2016,England,22,Jules Plisson,1991-08-20,24.58
19/03/2016,England,13,Gael Fickou,1994-03-26,21.98
19/03/2016,England,7,Bernard Le Roux,1989-06-04,26.79
19/03/2016,England,8,Loann Goujon,1989-04-23,26.91
19/03/2016,England,6,Damien Chouly,1985-11-27,30.31
19/03/2016,England,12,Maxime Mermoz,1986-07-28,29.64
19/03/2016,England,14,Wesley Fofana,1988-01-20,28.16
19/03/2016,England,2,Guilhem Guirado,1986-06-17,29.76
19/03/2016,England,3,Rabah Slimani,1989-10-18,26.42
19/03/2016,England,5,Yoann Maestri,1988-01-14,28.18
19/03/2016,England,18,Xavier Chiocci,1990-02-13,26.09
19/03/2016,England,21,Sebastien Bezy,1991-11-22,24.32
19/03/2016,England,17,Uini Atonio,1990-03-26,25.98
19/03/2016,England,20,Wenceslas Lauret,1989-03-28,26.98
19/03/2016,England,9,Maxime Machenaud,1988-12-30,27.22
19/03/2016,England,1,Jefferson Poirot,1992-11-01,23.38
19/03/2016,England,19,Paul Jedrasiak,1993-02-06,23.11
19/03/2016,England,11,Virimi Vakatawa,1992-05-01,23.88
19/03/2016,England,10,Francois Trinh-Duc,1986-11-11,29.35
19/03/2016,England,23,Maxime Medard,1986-11-16,29.34
19/06/2016,Argentina,11,Djibril Camara,1989-06-22,26.99
19/06/2016,Argentina,19,Fabrice Metz,1991-01-23,25.41
19/06/2016,Argentina,16,Clement Maynadier,1988-10-11,27.69
19/06/2016,Argentina,4,Julien Le Devedec,1986-06-04,30.04
19/06/2016,Argentina,10,Jules Plisson,1991-08-20,24.83
19/06/2016,Argentina,18,Lucas Pointud,1988-01-18,28.42
19/06/2016,Argentina,23,Gael Fickou,1994-03-26,22.23
19/06/2016,Argentina,15,Hugo Bonneval,1990-11-19,25.58
19/06/2016,Argentina,6,Loann Goujon,1989-04-23,27.16
19/06/2016,Argentina,9,Baptiste Serin,1994-06-20,22.0
19/06/2016,Argentina,14,Frederic Michalak,1982-10-16,33.68
19/06/2016,Argentina,3,Rabah Slimani,1989-10-18,26.67
19/06/2016,Argentina,20,Louis Picamoles,1986-02-05,30.37
19/06/2016,Argentina,2,Remi Bonfils,1988-09-26,27.73
19/06/2016,Argentina,5,William Demotte,1991-05-22,25.08
19/06/2016,Argentina,7,Kevin Gourdon,1990-01-23,26.4
19/06/2016,Argentina,8,Raphael Lakafia,1988-10-28,27.64
19/06/2016,Argentina,21,Sebastien Bezy,1991-11-22,24.58
19/06/2016,Argentina,17,Uini Atonio,1990-03-26,26.23
19/06/2016,Argentina,13,Julien Rey,1986-09-01,29.8
19/06/2016,Argentina,1,Jefferson Poirot,1992-11-01,23.63
19/06/2016,Argentina,22,Francois Trinh-Duc,1986-11-11,29.6
19/06/2016,Argentina,12,Jonathan Danty,1992-10-07,23.7
25/06/2016,Argentina,11,Djibril Camara,1989-06-22,27.01
25/06/2016,Argentina,16,Clement Maynadier,1988-10-11,27.7
25/06/2016,Argentina,4,Julien Le Devedec,1986-06-04,30.06
25/06/2016,Argentina,22,Jules Plisson,1991-08-20,24.85
25/06/2016,Argentina,17,Lucas Pointud,1988-01-18,28.44
25/06/2016,Argentina,13,Gael Fickou,1994-03-26,22.25
25/06/2016,Argentina,14,Hugo Bonneval,1990-11-19,25.6
25/06/2016,Argentina,6,Loann Goujon,1989-04-23,27.17
25/06/2016,Argentina,9,Baptiste Serin,1994-06-20,22.02
25/06/2016,Argentina,12,Remi Lamerat,1990-01-14,26.45
25/06/2016,Argentina,18,Rabah Slimani,1989-10-18,26.69
25/06/2016,Argentina,8,Louis Picamoles,1986-02-05,30.39
25/06/2016,Argentina,5,Yoann Maestri,1988-01-14,28.45
25/06/2016,Argentina,2,Remi Bonfils,1988-09-26,27.75
25/06/2016,Argentina,7,Kevin Gourdon,1990-01-23,26.42
25/06/2016,Argentina,21,Sebastien Bezy,1991-11-22,24.59
25/06/2016,Argentina,3,Uini Atonio,1990-03-26,26.25
25/06/2016,Argentina,23,Julien Rey,1986-09-01,29.82
25/06/2016,Argentina,1,Jefferson Poirot,1992-11-01,23.65
25/06/2016,Argentina,19,Paul Jedrasiak,1993-02-06,23.38
25/06/2016,Argentina,20,Kelian Galletier,1992-03-18,24.27
25/06/2016,Argentina,10,Francois Trinh-Duc,1986-11-11,29.62
25/06/2016,Argentina,15,Maxime Medard,1986-11-16,29.61
12/11/2016,Samoa,7,Kevin Gourdon,1990-01-23,26.8
12/11/2016,Samoa,3,Uini Atonio,1990-03-26,26.63
12/11/2016,Samoa,14,Yoann Huget,1987-06-02,29.45
12/11/2016,Samoa,17,Cyril Baille,1993-09-15,23.16
12/11/2016,Samoa,9,Maxime Machenaud,1988-12-30,27.87
12/11/2016,Samoa,1,Jefferson Poirot,1992-11-01,24.03
12/11/2016,Samoa,11,Virimi Vakatawa,1992-05-01,24.53
12/11/2016,Samoa,20,Charles Ollivon,1993-05-11,23.51
12/11/2016,Samoa,10,Francois Trinh-Duc,1986-11-11,30.0
12/11/2016,Samoa,16,Camille Chat,1995-12-18,20.9
12/11/2016,Samoa,15,Scott Spedding,1986-05-04,30.53
12/11/2016,Samoa,22,Jean Marc Doussain,1991-02-12,25.75
12/11/2016,Samoa,4,Julien Le Devedec,1986-06-04,30.44
12/11/2016,Samoa,19,Sebastien Vahaamahina,1991-10-21,25.06
12/11/2016,Samoa,23,Gael Fickou,1994-03-26,22.63
12/11/2016,Samoa,6,Loann Goujon,1989-04-23,27.56
12/11/2016,Samoa,21,Baptiste Serin,1994-06-20,22.4
12/11/2016,Samoa,12,Wesley Fofana,1988-01-20,28.81
12/11/2016,Samoa,13,Remi Lamerat,1990-01-14,26.83
12/11/2016,Samoa,2,Guilhem Guirado,1986-06-17,30.41
12/11/2016,Samoa,18,Rabah Slimani,1989-10-18,27.07
12/11/2016,Samoa,8,Louis Picamoles,1986-02-05,30.77
12/11/2016,Samoa,5,Yoann Maestri,1988-01-14,28.83
19/11/2016,Australia,16,Camille Chat,1995-12-18,20.92
19/11/2016,Australia,15,Scott Spedding,1986-05-04,30.55
19/11/2016,Australia,10,Jean Marc Doussain,1991-02-12,25.77
19/11/2016,Australia,19,Julien Le Devedec,1986-06-04,30.46
19/11/2016,Australia,4,Sebastien Vahaamahina,1991-10-21,25.08
19/11/2016,Australia,23,Gael Fickou,1994-03-26,22.65
19/11/2016,Australia,20,Damien Chouly,1985-11-27,30.98
19/11/2016,Australia,21,Baptiste Serin,1994-06-20,22.42
19/11/2016,Australia,12,Wesley Fofana,1988-01-20,28.83
19/11/2016,Australia,13,Remi Lamerat,1990-01-14,26.85
19/11/2016,Australia,22,Camille Lopez,1989-04-03,27.63
19/11/2016,Australia,2,Guilhem Guirado,1986-06-17,30.43
19/11/2016,Australia,18,Rabah Slimani,1989-10-18,27.09
19/11/2016,Australia,8,Louis Picamoles,1986-02-05,30.79
19/11/2016,Australia,5,Yoann Maestri,1988-01-14,28.85
19/11/2016,Australia,17,Xavier Chiocci,1990-02-13,26.77
19/11/2016,Australia,7,Kevin Gourdon,1990-01-23,26.82
19/11/2016,Australia,3,Uini Atonio,1990-03-26,26.65
19/11/2016,Australia,1,Cyril Baille,1993-09-15,23.18
19/11/2016,Australia,9,Maxime Machenaud,1988-12-30,27.89
19/11/2016,Australia,11,Virimi Vakatawa,1992-05-01,24.55
19/11/2016,Australia,6,Charles Ollivon,1993-05-11,23.53
19/11/2016,Australia,14,Noa Nakaitaci,1990-07-11,26.36
26/11/2016,New Zealand,16,Camille Chat,1995-12-18,20.94
26/11/2016,New Zealand,22,Jean Marc Doussain,1991-02-12,25.79
26/11/2016,New Zealand,19,Julien Le Devedec,1986-06-04,30.48
26/11/2016,New Zealand,4,Sebastien Vahaamahina,1991-10-21,25.1
26/11/2016,New Zealand,23,Gael Fickou,1994-03-26,22.67
26/11/2016,New Zealand,20,Damien Chouly,1985-11-27,31.0
26/11/2016,New Zealand,21,Baptiste Serin,1994-06-20,22.44
26/11/2016,New Zealand,12,Wesley Fofana,1988-01-20,28.85
26/11/2016,New Zealand,13,Remi Lamerat,1990-01-14,26.87
26/11/2016,New Zealand,15,Brice Dulin,1990-04-13,26.62
26/11/2016,New Zealand,10,Camille Lopez,1989-04-03,27.65
26/11/2016,New Zealand,2,Guilhem Guirado,1986-06-17,30.45
26/11/2016,New Zealand,18,Rabah Slimani,1989-10-18,27.11
26/11/2016,New Zealand,8,Louis Picamoles,1986-02-05,30.81
26/11/2016,New Zealand,5,Yoann Maestri,1988-01-14,28.87
26/11/2016,New Zealand,1,Xavier Chiocci,1990-02-13,26.78
26/11/2016,New Zealand,7,Kevin Gourdon,1990-01-23,26.84
26/11/2016,New Zealand,3,Uini Atonio,1990-03-26,26.67
26/11/2016,New Zealand,17,Cyril Baille,1993-09-15,23.2
26/11/2016,New Zealand,9,Maxime Machenaud,1988-12-30,27.91
26/11/2016,New Zealand,11,Virimi Vakatawa,1992-05-01,24.57
26/11/2016,New Zealand,6,Charles Ollivon,1993-05-11,23.55
26/11/2016,New Zealand,14,Noa Nakaitaci,1990-07-11,26.38
04/02/2017,England,15,Scott Spedding,1986-05-04,30.76
04/02/2017,England,22,Jean Marc Doussain,1991-02-12,25.98
04/02/2017,England,16,Clement Maynadier,1988-10-11,28.32
04/02/2017,England,4,Sebastien Vahaamahina,1991-10-21,25.29
04/02/2017,England,12,Gael Fickou,1994-03-26,22.86
04/02/2017,England,20,Loann Goujon,1989-04-23,27.79
04/02/2017,England,6,Damien Chouly,1985-11-27,31.19
04/02/2017,England,9,Baptiste Serin,1994-06-20,22.63
04/02/2017,England,13,Remi Lamerat,1990-01-14,27.06
04/02/2017,England,10,Camille Lopez,1989-04-03,27.84
04/02/2017,England,2,Guilhem Guirado,1986-06-17,30.64
04/02/2017,England,17,Rabah Slimani,1989-10-18,27.3
04/02/2017,England,8,Louis Picamoles,1986-02-05,31.0
04/02/2017,England,5,Yoann Maestri,1988-01-14,29.06
04/02/2017,England,18,Xavier Chiocci,1990-02-13,26.98
04/02/2017,England,7,Kevin Gourdon,1990-01-23,27.03
04/02/2017,England,3,Uini Atonio,1990-03-26,26.86
04/02/2017,England,23,Yoann Huget,1987-06-02,29.68
04/02/2017,England,19,Arthur Iturria,1994-05-13,22.73
04/02/2017,England,1,Cyril Baille,1993-09-15,23.39
04/02/2017,England,21,Maxime Machenaud,1988-12-30,28.1
04/02/2017,England,11,Virimi Vakatawa,1992-05-01,24.76
04/02/2017,England,14,Noa Nakaitaci,1990-07-11,26.57
12/02/2017,Scotland,15,Scott Spedding,1986-05-04,30.78
12/02/2017,Scotland,22,Jean Marc Doussain,1991-02-12,26.0
12/02/2017,Scotland,19,Julien Le Devedec,1986-06-04,30.69
12/02/2017,Scotland,4,Sebastien Vahaamahina,1991-10-21,25.31
12/02/2017,Scotland,16,Christopher Tolofua,1993-12-31,23.12
12/02/2017,Scotland,12,Gael Fickou,1994-03-26,22.89
12/02/2017,Scotland,6,Loann Goujon,1989-04-23,27.81
12/02/2017,Scotland,20,Damien Chouly,1985-11-27,31.21
12/02/2017,Scotland,9,Baptiste Serin,1994-06-20,22.65
12/02/2017,Scotland,13,Remi Lamerat,1990-01-14,27.08
12/02/2017,Scotland,10,Camille Lopez,1989-04-03,27.86
12/02/2017,Scotland,2,Guilhem Guirado,1986-06-17,30.66
12/02/2017,Scotland,17,Rabah Slimani,1989-10-18,27.32
12/02/2017,Scotland,8,Louis Picamoles,1986-02-05,31.02
12/02/2017,Scotland,5,Yoann Maestri,1988-01-14,29.08
12/02/2017,Scotland,18,Xavier Chiocci,1990-02-13,27.0
12/02/2017,Scotland,7,Kevin Gourdon,1990-01-23,27.06
12/02/2017,Scotland,3,Uini Atonio,1990-03-26,26.89
12/02/2017,Scotland,23,Yoann Huget,1987-06-02,29.7
12/02/2017,Scotland,1,Cyril Baille,1993-09-15,23.41
12/02/2017,Scotland,21,Maxime Machenaud,1988-12-30,28.12
12/02/2017,Scotland,11,Virimi Vakatawa,1992-05-01,24.79
12/02/2017,Scotland,14,Noa Nakaitaci,1990-07-11,26.59
25/02/2017,Ireland,15,Scott Spedding,1986-05-04,30.82
25/02/2017,Ireland,23,Djibril Camara,1989-06-22,27.68
25/02/2017,Ireland,19,Julien Le Devedec,1986-06-04,30.73
25/02/2017,Ireland,4,Sebastien Vahaamahina,1991-10-21,25.35
25/02/2017,Ireland,16,Christopher Tolofua,1993-12-31,23.15
25/02/2017,Ireland,12,Gael Fickou,1994-03-26,22.92
25/02/2017,Ireland,6,Bernard Le Roux,1989-06-04,27.73
25/02/2017,Ireland,9,Baptiste Serin,1994-06-20,22.69
25/02/2017,Ireland,13,Remi Lamerat,1990-01-14,27.12
25/02/2017,Ireland,10,Camille Lopez,1989-04-03,27.9
25/02/2017,Ireland,2,Guilhem Guirado,1986-06-17,30.69
25/02/2017,Ireland,3,Rabah Slimani,1989-10-18,27.36
25/02/2017,Ireland,8,Louis Picamoles,1986-02-05,31.06
25/02/2017,Ireland,5,Yoann Maestri,1988-01-14,29.12
25/02/2017,Ireland,7,Kevin Gourdon,1990-01-23,27.09
25/02/2017,Ireland,17,Uini Atonio,1990-03-26,26.92
25/02/2017,Ireland,14,Yoann Huget,1987-06-02,29.74
25/02/2017,Ireland,1,Cyril Baille,1993-09-15,23.45
25/02/2017,Ireland,18,Eddy Ben Arous,1990-08-25,26.51
25/02/2017,Ireland,21,Maxime Machenaud,1988-12-30,28.16
25/02/2017,Ireland,20,Charles Ollivon,1993-05-11,23.8
25/02/2017,Ireland,11,Noa Nakaitaci,1990-07-11,26.63
25/02/2017,Ireland,22,Henry Chavancy,1988-05-22,28.76
11/03/2017,Italy,4,Julien Le Devedec,1986-06-04,30.77
11/03/2017,Italy,21,Antoine Dupont,1996-11-15,20.32
11/03/2017,Italy,16,Christopher Tolofua,1993-12-31,23.19
11/03/2017,Italy,12,Gael Fickou,1994-03-26,22.96
11/03/2017,Italy,20,Bernard Le Roux,1989-06-04,27.77
11/03/2017,Italy,9,Baptiste Serin,1994-06-20,22.72
11/03/2017,Italy,13,Remi Lamerat,1990-01-14,27.15
11/03/2017,Italy,15,Brice Dulin,1990-04-13,26.91
11/03/2017,Italy,10,Camille Lopez,1989-04-03,27.94
11/03/2017,Italy,2,Guilhem Guirado,1986-06-17,30.73
11/03/2017,Italy,3,Rabah Slimani,1989-10-18,27.4
11/03/2017,Italy,8,Louis Picamoles,1986-02-05,31.09
11/03/2017,Italy,5,Yoann Maestri,1988-01-14,29.16
11/03/2017,Italy,6,Fabien Sanconnie,1995-02-21,22.05
11/03/2017,Italy,7,Kevin Gourdon,1990-01-23,27.13
11/03/2017,Italy,17,Uini Atonio,1990-03-26,26.96
11/03/2017,Italy,23,Yoann Huget,1987-06-02,29.77
11/03/2017,Italy,1,Cyril Baille,1993-09-15,23.49
11/03/2017,Italy,18,Eddy Ben Arous,1990-08-25,26.54
11/03/2017,Italy,19,Paul Jedrasiak,1993-02-06,24.09
11/03/2017,Italy,11,Virimi Vakatawa,1992-05-01,24.86
11/03/2017,Italy,22,Francois Trinh-Duc,1986-11-11,30.33
11/03/2017,Italy,14,Noa Nakaitaci,1990-07-11,26.67
18/03/2017,Wales,16,Camille Chat,1995-12-18,21.25
18/03/2017,Wales,19,Julien Le Devedec,1986-06-04,30.79
18/03/2017,Wales,4,Sebastien Vahaamahina,1991-10-21,25.41
18/03/2017,Wales,21,Antoine Dupont,1996-11-15,20.34
18/03/2017,Wales,12,Gael Fickou,1994-03-26,22.98
18/03/2017,Wales,20,Damien Chouly,1985-11-27,31.31
18/03/2017,Wales,9,Baptiste Serin,1994-06-20,22.74
18/03/2017,Wales,13,Remi Lamerat,1990-01-14,27.17
18/03/2017,Wales,15,Brice Dulin,1990-04-13,26.93
18/03/2017,Wales,10,Camille Lopez,1989-04-03,27.96
18/03/2017,Wales,2,Guilhem Guirado,1986-06-17,30.75
18/03/2017,Wales,3,Rabah Slimani,1989-10-18,27.41
18/03/2017,Wales,8,Louis Picamoles,1986-02-05,31.11
18/03/2017,Wales,5,Yoann Maestri,1988-01-14,29.18
18/03/2017,Wales,6,Fabien Sanconnie,1995-02-21,22.07
18/03/2017,Wales,7,Kevin Gourdon,1990-01-23,27.15
18/03/2017,Wales,17,Uini Atonio,1990-03-26,26.98
18/03/2017,Wales,23,Yoann Huget,1987-06-02,29.79
18/03/2017,Wales,1,Cyril Baille,1993-09-15,23.5
18/03/2017,Wales,18,Eddy Ben Arous,1990-08-25,26.56
18/03/2017,Wales,11,Virimi Vakatawa,1992-05-01,24.88
18/03/2017,Wales,22,Francois Trinh-Duc,1986-11-11,30.35
18/03/2017,Wales,14,Noa Nakaitaci,1990-07-11,26.69
10/06/2017,South Africa,16,Camille Chat,1995-12-18,21.48
10/06/2017,South Africa,22,Jean Marc Doussain,1991-02-12,26.32
10/06/2017,South Africa,2,Clement Maynadier,1988-10-11,28.66
10/06/2017,South Africa,4,Julien Le Devedec,1986-06-04,31.02
10/06/2017,South Africa,10,Jules Plisson,1991-08-20,25.81
10/06/2017,South Africa,23,Vincent Rattez,1992-03-24,25.21
10/06/2017,South Africa,12,Gael Fickou,1994-03-26,23.21
10/06/2017,South Africa,19,Bernard Le Roux,1989-06-04,28.02
10/06/2017,South Africa,7,Loann Goujon,1989-04-23,28.13
10/06/2017,South Africa,21,Baptiste Serin,1994-06-20,22.97
10/06/2017,South Africa,15,Brice Dulin,1990-04-13,27.16
10/06/2017,South Africa,8,Louis Picamoles,1986-02-05,31.34
10/06/2017,South Africa,5,Yoann Maestri,1988-01-14,29.41
10/06/2017,South Africa,20,Kevin Gourdon,1990-01-23,27.38
10/06/2017,South Africa,3,Uini Atonio,1990-03-26,27.21
10/06/2017,South Africa,14,Yoann Huget,1987-06-02,30.02
10/06/2017,South Africa,6,Yacouba Camara,1994-06-02,23.02
10/06/2017,South Africa,18,Mohamed Boughanmi,1991-10-27,25.62
10/06/2017,South Africa,17,Eddy Ben Arous,1990-08-25,26.79
10/06/2017,South Africa,9,Maxime Machenaud,1988-12-30,28.44
10/06/2017,South Africa,1,Jefferson Poirot,1992-11-01,24.61
10/06/2017,South Africa,11,Virimi Vakatawa,1992-05-01,25.11
10/06/2017,South Africa,13,Henry Chavancy,1988-05-22,29.05
17/06/2017,South Africa,13,Damian Penaud,1996-09-25,20.73
17/06/2017,South Africa,15,Scott Spedding,1986-05-04,31.12
17/06/2017,South Africa,22,Jean Marc Doussain,1991-02-12,26.34
17/06/2017,South Africa,16,Clement Maynadier,1988-10-11,28.68
17/06/2017,South Africa,19,Julien Le Devedec,1986-06-04,31.04
17/06/2017,South Africa,21,Antoine Dupont,1996-11-15,20.59
17/06/2017,South Africa,12,Gael Fickou,1994-03-26,23.23
17/06/2017,South Africa,20,Bernard Le Roux,1989-06-04,28.04
17/06/2017,South Africa,9,Baptiste Serin,1994-06-20,22.99
17/06/2017,South Africa,2,Guilhem Guirado,1986-06-17,31.0
17/06/2017,South Africa,3,Rabah Slimani,1989-10-18,27.66
17/06/2017,South Africa,8,Louis Picamoles,1986-02-05,31.36
17/06/2017,South Africa,4,Yoann Maestri,1988-01-14,29.42
17/06/2017,South Africa,7,Kevin Gourdon,1990-01-23,27.4
17/06/2017,South Africa,18,Uini Atonio,1990-03-26,27.23
17/06/2017,South Africa,14,Yoann Huget,1987-06-02,30.04
17/06/2017,South Africa,6,Yacouba Camara,1994-06-02,23.04
17/06/2017,South Africa,17,Eddy Ben Arous,1990-08-25,26.81
17/06/2017,South Africa,5,Romain Taofifenua,1990-09-14,26.76
17/06/2017,South Africa,23,Nans Ducuing,1991-11-06,25.61
17/06/2017,South Africa,1,Jefferson Poirot,1992-11-01,24.62
17/06/2017,South Africa,11,Virimi Vakatawa,1992-05-01,25.13
17/06/2017,South Africa,10,Francois Trinh-Duc,1986-11-11,30.6
24/06/2017,South Africa,13,Damian Penaud,1996-09-25,20.75
24/06/2017,South Africa,16,Clement Maynadier,1988-10-11,28.7
24/06/2017,South Africa,10,Jules Plisson,1991-08-20,25.85
24/06/2017,South Africa,23,Vincent Rattez,1992-03-24,25.25
24/06/2017,South Africa,12,Gael Fickou,1994-03-26,23.25
24/06/2017,South Africa,20,Loann Goujon,1989-04-23,28.17
24/06/2017,South Africa,9,Baptiste Serin,1994-06-20,23.01
24/06/2017,South Africa,15,Brice Dulin,1990-04-13,27.2
24/06/2017,South Africa,2,Guilhem Guirado,1986-06-17,31.02
24/06/2017,South Africa,3,Rabah Slimani,1989-10-18,27.68
24/06/2017,South Africa,8,Louis Picamoles,1986-02-05,31.38
24/06/2017,South Africa,4,Yoann Maestri,1988-01-14,29.44
24/06/2017,South Africa,17,Xavier Chiocci,1990-02-13,27.36
24/06/2017,South Africa,7,Kevin Gourdon,1990-01-23,27.42
24/06/2017,South Africa,18,Uini Atonio,1990-03-26,27.25
24/06/2017,South Africa,6,Yacouba Camara,1994-06-02,23.06
24/06/2017,South Africa,5,Romain Taofifenua,1990-09-14,26.78
24/06/2017,South Africa,21,Maxime Machenaud,1988-12-30,28.48
24/06/2017,South Africa,14,Nans Ducuing,1991-11-06,25.63
24/06/2017,South Africa,1,Jefferson Poirot,1992-11-01,24.64
24/06/2017,South Africa,19,Paul Jedrasiak,1993-02-06,24.38
24/06/2017,South Africa,11,Virimi Vakatawa,1992-05-01,25.15
24/06/2017,South Africa,22,Francois Trinh-Duc,1986-11-11,30.62
11/11/2017,New Zealand,6,Judicael Cancoriet,1996-04-25,21.55
11/11/2017,New Zealand,23,Damian Penaud,1996-09-25,21.13
11/11/2017,New Zealand,13,Geoffrey Doumayrou,1989-09-16,28.15
11/11/2017,New Zealand,11,Teddy Thomas,1993-09-18,24.15
11/11/2017,New Zealand,16,Clement Maynadier,1988-10-11,29.08
11/11/2017,New Zealand,4,Sebastien Vahaamahina,1991-10-21,26.06
11/11/2017,New Zealand,9,Antoine Dupont,1996-11-15,20.99
11/11/2017,New Zealand,21,Baptiste Serin,1994-06-20,23.4
11/11/2017,New Zealand,5,Paul Gabrillagues,1993-06-03,24.44
11/11/2017,New Zealand,2,Guilhem Guirado,1986-06-17,31.4
11/11/2017,New Zealand,20,Anthony Jelonch,1996-07-28,21.29
11/11/2017,New Zealand,10,Anthony Belleau,1996-04-08,21.59
11/11/2017,New Zealand,3,Rabah Slimani,1989-10-18,28.07
11/11/2017,New Zealand,8,Louis Picamoles,1986-02-05,31.77
11/11/2017,New Zealand,7,Kevin Gourdon,1990-01-23,27.8
11/11/2017,New Zealand,12,Mathieu Bastareaud,1988-09-17,29.15
11/11/2017,New Zealand,18,Daniel Kotze,1987-03-28,30.63
11/11/2017,New Zealand,14,Yoann Huget,1987-06-02,30.45
11/11/2017,New Zealand,15,Nans Ducuing,1991-11-06,26.02
11/11/2017,New Zealand,1,Jefferson Poirot,1992-11-01,25.03
11/11/2017,New Zealand,19,Paul Jedrasiak,1993-02-06,24.76
11/11/2017,New Zealand,22,Francois Trinh-Duc,1986-11-11,31.0
11/11/2017,New Zealand,17,Raphael Chaume,1989-04-24,28.55
18/11/2017,South Africa,6,Judicael Cancoriet,1996-04-25,21.57
18/11/2017,South Africa,23,Damian Penaud,1996-09-25,21.15
18/11/2017,South Africa,17,Sebastien Taofifenua,1992-03-21,25.66
18/11/2017,South Africa,12,Geoffrey Doumayrou,1989-09-16,28.17
18/11/2017,South Africa,14,Teddy Thomas,1993-09-18,24.17
18/11/2017,South Africa,16,Clement Maynadier,1988-10-11,29.1
18/11/2017,South Africa,4,Sebastien Vahaamahina,1991-10-21,26.08
18/11/2017,South Africa,9,Antoine Dupont,1996-11-15,21.01
18/11/2017,South Africa,21,Baptiste Serin,1994-06-20,23.41
18/11/2017,South Africa,5,Paul Gabrillagues,1993-06-03,24.46
18/11/2017,South Africa,2,Guilhem Guirado,1986-06-17,31.42
18/11/2017,South Africa,20,Anthony Jelonch,1996-07-28,21.31
18/11/2017,South Africa,10,Anthony Belleau,1996-04-08,21.61
18/11/2017,South Africa,3,Rabah Slimani,1989-10-18,28.09
18/11/2017,South Africa,8,Louis Picamoles,1986-02-05,31.78
18/11/2017,South Africa,7,Kevin Gourdon,1990-01-23,27.82
18/11/2017,South Africa,13,Mathieu Bastareaud,1988-09-17,29.17
18/11/2017,South Africa,18,Daniel Kotze,1987-03-28,30.65
18/11/2017,South Africa,11,Yoann Huget,1987-06-02,30.46
18/11/2017,South Africa,15,Nans Ducuing,1991-11-06,26.03
18/11/2017,South Africa,1,Jefferson Poirot,1992-11-01,25.05
18/11/2017,South Africa,19,Paul Jedrasiak,1993-02-06,24.78
18/11/2017,South Africa,22,Francois Trinh-Duc,1986-11-11,31.02
25/11/2017,Japan,6,Judicael Cancoriet,1996-04-25,21.59
25/11/2017,Japan,13,Damian Penaud,1996-09-25,21.17
25/11/2017,Japan,16,Camille Chat,1995-12-18,21.94
25/11/2017,Japan,15,Scott Spedding,1986-05-04,31.56
25/11/2017,Japan,17,Sebastien Taofifenua,1992-03-21,25.68
25/11/2017,Japan,14,Teddy Thomas,1993-09-18,24.19
25/11/2017,Japan,5,Sebastien Vahaamahina,1991-10-21,26.1
25/11/2017,Japan,21,Antoine Dupont,1996-11-15,21.03
25/11/2017,Japan,7,Sekou Macalou,1995-04-20,22.6
25/11/2017,Japan,23,Hugo Bonneval,1990-11-19,27.02
25/11/2017,Japan,9,Baptiste Serin,1994-06-20,23.43
25/11/2017,Japan,2,Guilhem Guirado,1986-06-17,31.44
25/11/2017,Japan,3,Rabah Slimani,1989-10-18,28.1
25/11/2017,Japan,8,Louis Picamoles,1986-02-05,31.8
25/11/2017,Japan,20,Fabien Sanconnie,1995-02-21,22.76
25/11/2017,Japan,22,Mathieu Bastareaud,1988-09-17,29.19
25/11/2017,Japan,18,Daniel Kotze,1987-03-28,30.66
25/11/2017,Japan,11,Gabriel Lacroix,1993-10-19,24.1
25/11/2017,Japan,4,Romain Taofifenua,1990-09-14,27.2
25/11/2017,Japan,1,Jefferson Poirot,1992-11-01,25.07
25/11/2017,Japan,19,Paul Jedrasiak,1993-02-06,24.8
25/11/2017,Japan,10,Francois Trinh-Duc,1986-11-11,31.04
25/11/2017,Japan,12,Henry Chavancy,1988-05-22,29.51
03/02/2018,Ireland,20,Marco Tauleigne,1993-08-30,24.43
03/02/2018,Ireland,23,Benjamin Fall,1989-03-03,28.92
03/02/2018,Ireland,18,Cedate Gomes Sa,1993-08-07,24.49
03/02/2018,Ireland,14,Teddy Thomas,1993-09-18,24.38
03/02/2018,Ireland,5,Sebastien Vahaamahina,1991-10-21,26.29
03/02/2018,Ireland,21,Antoine Dupont,1996-11-15,21.22
03/02/2018,Ireland,16,Adrien Pelissie,1990-08-07,27.49
03/02/2018,Ireland,10,Matthieu Jalibert,1998-11-06,19.24
03/02/2018,Ireland,19,Paul Gabrillagues,1993-06-03,24.67
03/02/2018,Ireland,13,Remi Lamerat,1990-01-14,28.06
03/02/2018,Ireland,15,Geoffrey Palis,1991-07-08,26.58
03/02/2018,Ireland,2,Guilhem Guirado,1986-06-17,31.63
03/02/2018,Ireland,22,Anthony Belleau,1996-04-08,21.82
03/02/2018,Ireland,3,Rabah Slimani,1989-10-18,28.3
03/02/2018,Ireland,8,Kevin Gourdon,1990-01-23,28.03
03/02/2018,Ireland,4,Arthur Iturria,1994-05-13,23.73
03/02/2018,Ireland,6,Wenceslas Lauret,1989-03-28,28.85
03/02/2018,Ireland,7,Yacouba Camara,1994-06-02,23.67
03/02/2018,Ireland,9,Maxime Machenaud,1988-12-30,29.1
03/02/2018,Ireland,1,Jefferson Poirot,1992-11-01,25.26
03/02/2018,Ireland,11,Virimi Vakatawa,1992-05-01,25.76
03/02/2018,Ireland,17,Dany Priso,1994-01-02,24.09
03/02/2018,Ireland,12,Henry Chavancy,1988-05-22,29.7
11/02/2018,Scotland,8,Marco Tauleigne,1993-08-30,24.45
11/02/2018,Scotland,23,Benjamin Fall,1989-03-03,28.95
11/02/2018,Scotland,12,Geoffrey Doumayrou,1989-09-16,28.41
11/02/2018,Scotland,18,Cedate Gomes Sa,1993-08-07,24.52
11/02/2018,Scotland,14,Teddy Thomas,1993-09-18,24.4
11/02/2018,Scotland,5,Sebastien Vahaamahina,1991-10-21,26.31
11/02/2018,Scotland,16,Adrien Pelissie,1990-08-07,27.52
11/02/2018,Scotland,21,Baptiste Serin,1994-06-20,23.65
11/02/2018,Scotland,19,Paul Gabrillagues,1993-06-03,24.69
11/02/2018,Scotland,13,Remi Lamerat,1990-01-14,28.08
11/02/2018,Scotland,15,Geoffrey Palis,1991-07-08,26.6
11/02/2018,Scotland,2,Guilhem Guirado,1986-06-17,31.66
11/02/2018,Scotland,22,Anthony Belleau,1996-04-08,21.85
11/02/2018,Scotland,3,Rabah Slimani,1989-10-18,28.32
11/02/2018,Scotland,20,Louis Picamoles,1986-02-05,32.02
11/02/2018,Scotland,10,Lionel Beauxis,1985-10-24,32.3
11/02/2018,Scotland,4,Arthur Iturria,1994-05-13,23.75
11/02/2018,Scotland,6,Wenceslas Lauret,1989-03-28,28.88
11/02/2018,Scotland,7,Yacouba Camara,1994-06-02,23.7
11/02/2018,Scotland,17,Eddy Ben Arous,1990-08-25,27.47
11/02/2018,Scotland,9,Maxime Machenaud,1988-12-30,29.12
11/02/2018,Scotland,1,Jefferson Poirot,1992-11-01,25.28
11/02/2018,Scotland,11,Virimi Vakatawa,1992-05-01,25.78
23/02/2018,Italy,11,Remy Grosso,1988-12-04,29.22
23/02/2018,Italy,8,Marco Tauleigne,1993-08-30,24.49
23/02/2018,Italy,14,Benjamin Fall,1989-03-03,28.98
23/02/2018,Italy,12,Geoffrey Doumayrou,1989-09-16,28.44
23/02/2018,Italy,18,Cedate Gomes Sa,1993-08-07,24.55
23/02/2018,Italy,5,Sebastien Vahaamahina,1991-10-21,26.34
23/02/2018,Italy,16,Adrien Pelissie,1990-08-07,27.55
23/02/2018,Italy,21,Baptiste Couilloud,1997-07-22,20.59
23/02/2018,Italy,23,Gael Fickou,1994-03-26,23.92
23/02/2018,Italy,15,Hugo Bonneval,1990-11-19,27.26
23/02/2018,Italy,4,Paul Gabrillagues,1993-06-03,24.73
23/02/2018,Italy,2,Guilhem Guirado,1986-06-17,31.69
23/02/2018,Italy,3,Rabah Slimani,1989-10-18,28.35
23/02/2018,Italy,13,Mathieu Bastareaud,1988-09-17,29.44
23/02/2018,Italy,10,Lionel Beauxis,1985-10-24,32.33
23/02/2018,Italy,6,Wenceslas Lauret,1989-03-28,28.91
23/02/2018,Italy,7,Yacouba Camara,1994-06-02,23.73
23/02/2018,Italy,19,Romain Taofifenua,1990-09-14,27.44
23/02/2018,Italy,9,Maxime Machenaud,1988-12-30,29.15
23/02/2018,Italy,1,Jefferson Poirot,1992-11-01,25.31
23/02/2018,Italy,20,Kelian Galletier,1992-03-18,25.94
23/02/2018,Italy,17,Dany Priso,1994-01-02,24.14
23/02/2018,Italy,22,Francois Trinh-Duc,1986-11-11,31.29
10/03/2018,England,11,Remy Grosso,1988-12-04,29.26
10/03/2018,England,8,Marco Tauleigne,1993-08-30,24.53
10/03/2018,England,14,Benjamin Fall,1989-03-03,29.02
10/03/2018,England,12,Geoffrey Doumayrou,1989-09-16,28.48
10/03/2018,England,18,Cedate Gomes Sa,1993-08-07,24.59
10/03/2018,England,5,Sebastien Vahaamahina,1991-10-21,26.39
10/03/2018,England,16,Adrien Pelissie,1990-08-07,27.59
10/03/2018,England,21,Baptiste Couilloud,1997-07-22,20.63
10/03/2018,England,23,Gael Fickou,1994-03-26,23.96
10/03/2018,England,15,Hugo Bonneval,1990-11-19,27.31
10/03/2018,England,19,Bernard Le Roux,1989-06-04,28.76
10/03/2018,England,4,Paul Gabrillagues,1993-06-03,24.77
10/03/2018,England,2,Guilhem Guirado,1986-06-17,31.73
10/03/2018,England,3,Rabah Slimani,1989-10-18,28.39
10/03/2018,England,13,Mathieu Bastareaud,1988-09-17,29.48
10/03/2018,England,22,Lionel Beauxis,1985-10-24,32.38
10/03/2018,England,6,Wenceslas Lauret,1989-03-28,28.95
10/03/2018,England,7,Yacouba Camara,1994-06-02,23.77
10/03/2018,England,9,Maxime Machenaud,1988-12-30,29.19
10/03/2018,England,1,Jefferson Poirot,1992-11-01,25.35
10/03/2018,England,20,Kelian Galletier,1992-03-18,25.98
10/03/2018,England,17,Dany Priso,1994-01-02,24.18
10/03/2018,England,10,Francois Trinh-Duc,1986-11-11,31.33
17/03/2018,Wales,11,Remy Grosso,1988-12-04,29.28
17/03/2018,Wales,16,Camille Chat,1995-12-18,22.25
17/03/2018,Wales,8,Marco Tauleigne,1993-08-30,24.55
17/03/2018,Wales,15,Benjamin Fall,1989-03-03,29.04
17/03/2018,Wales,12,Geoffrey Doumayrou,1989-09-16,28.5
17/03/2018,Wales,3,Cedate Gomes Sa,1993-08-07,24.61
17/03/2018,Wales,4,Sebastien Vahaamahina,1991-10-21,26.4
17/03/2018,Wales,2,Adrien Pelissie,1990-08-07,27.61
17/03/2018,Wales,21,Baptiste Couilloud,1997-07-22,20.65
17/03/2018,Wales,14,Gael Fickou,1994-03-26,23.98
17/03/2018,Wales,19,Bernard Le Roux,1989-06-04,28.78
17/03/2018,Wales,20,Mathieu Babillot,1993-09-09,24.52
17/03/2018,Wales,5,Paul Gabrillagues,1993-06-03,24.79
17/03/2018,Wales,23,Geoffrey Palis,1991-07-08,26.69
17/03/2018,Wales,18,Rabah Slimani,1989-10-18,28.41
17/03/2018,Wales,13,Mathieu Bastareaud,1988-09-17,29.5
17/03/2018,Wales,22,Lionel Beauxis,1985-10-24,32.39
17/03/2018,Wales,7,Wenceslas Lauret,1989-03-28,28.97
17/03/2018,Wales,6,Yacouba Camara,1994-06-02,23.79
17/03/2018,Wales,9,Maxime Machenaud,1988-12-30,29.21
17/03/2018,Wales,1,Jefferson Poirot,1992-11-01,25.37
17/03/2018,Wales,17,Dany Priso,1994-01-02,24.2
17/03/2018,Wales,10,Francois Trinh-Duc,1986-11-11,31.35
09/06/2018,New Zealand,6,Judicael Cancoriet,1996-04-25,22.12
09/06/2018,New Zealand,11,Remy Grosso,1988-12-04,29.51
09/06/2018,New Zealand,2,Camille Chat,1995-12-18,22.48
09/06/2018,New Zealand,12,Geoffrey Doumayrou,1989-09-16,28.73
09/06/2018,New Zealand,14,Teddy Thomas,1993-09-18,24.72
09/06/2018,New Zealand,22,Jules Plisson,1991-08-20,26.8
09/06/2018,New Zealand,16,Adrien Pelissie,1990-08-07,27.84
09/06/2018,New Zealand,23,Gael Fickou,1994-03-26,24.21
09/06/2018,New Zealand,19,Bernard Le Roux,1989-06-04,29.01
09/06/2018,New Zealand,21,Baptiste Serin,1994-06-20,23.97
09/06/2018,New Zealand,9,Morgan Parra,1988-11-15,29.56
09/06/2018,New Zealand,4,Paul Gabrillagues,1993-06-03,25.02
09/06/2018,New Zealand,10,Anthony Belleau,1996-04-08,22.17
09/06/2018,New Zealand,18,Rabah Slimani,1989-10-18,28.64
09/06/2018,New Zealand,5,Yoann Maestri,1988-01-14,30.4
09/06/2018,New Zealand,7,Fabien Sanconnie,1995-02-21,23.3
09/06/2018,New Zealand,8,Kevin Gourdon,1990-01-23,28.38
09/06/2018,New Zealand,13,Mathieu Bastareaud,1988-09-17,29.73
09/06/2018,New Zealand,3,Uini Atonio,1990-03-26,28.21
09/06/2018,New Zealand,17,Cyril Baille,1993-09-15,24.73
09/06/2018,New Zealand,20,Alexandre Lapandry,1989-04-13,29.16
09/06/2018,New Zealand,1,Dany Priso,1994-01-02,24.43
09/06/2018,New Zealand,15,Maxime Medard,1986-11-16,31.56
16/06/2018,New Zealand,2,Camille Chat,1995-12-18,22.49
16/06/2018,New Zealand,15,Benjamin Fall,1989-03-03,29.29
16/06/2018,New Zealand,12,Geoffrey Doumayrou,1989-09-16,28.75
16/06/2018,New Zealand,18,Cedate Gomes Sa,1993-08-07,24.86
16/06/2018,New Zealand,14,Teddy Thomas,1993-09-18,24.74
16/06/2018,New Zealand,22,Jules Plisson,1991-08-20,26.82
16/06/2018,New Zealand,11,Gael Fickou,1994-03-26,24.23
16/06/2018,New Zealand,4,Bernard Le Roux,1989-06-04,29.03
16/06/2018,New Zealand,6,Mathieu Babillot,1993-09-09,24.77
16/06/2018,New Zealand,21,Baptiste Serin,1994-06-20,23.99
16/06/2018,New Zealand,9,Morgan Parra,1988-11-15,29.58
16/06/2018,New Zealand,19,Paul Gabrillagues,1993-06-03,25.04
16/06/2018,New Zealand,10,Anthony Belleau,1996-04-08,22.19
16/06/2018,New Zealand,5,Yoann Maestri,1988-01-14,30.42
16/06/2018,New Zealand,8,Kevin Gourdon,1990-01-23,28.39
16/06/2018,New Zealand,13,Mathieu Bastareaud,1988-09-17,29.74
16/06/2018,New Zealand,16,Pierre Bourgarit,1997-09-12,20.76
16/06/2018,New Zealand,3,Uini Atonio,1990-03-26,28.23
16/06/2018,New Zealand,17,Cyril Baille,1993-09-15,24.75
16/06/2018,New Zealand,20,Alexandre Lapandry,1989-04-13,29.18
16/06/2018,New Zealand,7,Kelian Galletier,1992-03-18,26.25
16/06/2018,New Zealand,1,Dany Priso,1994-01-02,24.45
16/06/2018,New Zealand,23,Maxime Medard,1986-11-16,31.58
23/06/2018,New Zealand,2,Camille Chat,1995-12-18,22.51
23/06/2018,New Zealand,15,Benjamin Fall,1989-03-03,29.31
23/06/2018,New Zealand,18,Cedate Gomes Sa,1993-08-07,24.88
23/06/2018,New Zealand,14,Teddy Thomas,1993-09-18,24.76
23/06/2018,New Zealand,22,Jules Plisson,1991-08-20,26.84
23/06/2018,New Zealand,16,Adrien Pelissie,1990-08-07,27.88
23/06/2018,New Zealand,11,Gael Fickou,1994-03-26,24.24
23/06/2018,New Zealand,4,Bernard Le Roux,1989-06-04,29.05
23/06/2018,New Zealand,6,Mathieu Babillot,1993-09-09,24.79
23/06/2018,New Zealand,21,Baptiste Serin,1994-06-20,24.01
23/06/2018,New Zealand,9,Morgan Parra,1988-11-15,29.6
23/06/2018,New Zealand,12,Wesley Fofana,1988-01-20,30.42
23/06/2018,New Zealand,13,Remi Lamerat,1990-01-14,28.44
23/06/2018,New Zealand,10,Anthony Belleau,1996-04-08,22.21
23/06/2018,New Zealand,5,Yoann Maestri,1988-01-14,30.44
23/06/2018,New Zealand,8,Kevin Gourdon,1990-01-23,28.41
23/06/2018,New Zealand,3,Uini Atonio,1990-03-26,28.24
23/06/2018,New Zealand,17,Cyril Baille,1993-09-15,24.77
23/06/2018,New Zealand,19,Felix Lambey,1994-03-15,24.27
23/06/2018,New Zealand,20,Alexandre Lapandry,1989-04-13,29.19
23/06/2018,New Zealand,7,Kelian Galletier,1992-03-18,26.26
23/06/2018,New Zealand,1,Dany Priso,1994-01-02,24.47
23/06/2018,New Zealand,23,Maxime Medard,1986-11-16,31.6
10/11/2018,South Africa,11,Damian Penaud,1996-09-25,22.13
10/11/2018,South Africa,16,Camille Chat,1995-12-18,22.9
10/11/2018,South Africa,12,Geoffrey Doumayrou,1989-09-16,29.15
10/11/2018,South Africa,3,Cedate Gomes Sa,1993-08-07,25.26
10/11/2018,South Africa,14,Teddy Thomas,1993-09-18,25.14
10/11/2018,South Africa,4,Sebastien Vahaamahina,1991-10-21,27.06
10/11/2018,South Africa,21,Antoine Dupont,1996-11-15,21.99
10/11/2018,South Africa,23,Gael Fickou,1994-03-26,24.63
10/11/2018,South Africa,20,Mathieu Babillot,1993-09-09,25.17
10/11/2018,South Africa,9,Baptiste Serin,1994-06-20,24.39
10/11/2018,South Africa,19,Paul Gabrillagues,1993-06-03,25.44
10/11/2018,South Africa,10,Camille Lopez,1989-04-03,29.6
10/11/2018,South Africa,2,Guilhem Guirado,1986-06-17,32.4
10/11/2018,South Africa,22,Anthony Belleau,1996-04-08,22.59
10/11/2018,South Africa,18,Rabah Slimani,1989-10-18,29.06
10/11/2018,South Africa,8,Louis Picamoles,1986-02-05,32.76
10/11/2018,South Africa,5,Yoann Maestri,1988-01-14,30.82
10/11/2018,South Africa,13,Mathieu Bastareaud,1988-09-17,30.15
10/11/2018,South Africa,7,Arthur Iturria,1994-05-13,24.5
10/11/2018,South Africa,6,Wenceslas Lauret,1989-03-28,29.62
10/11/2018,South Africa,1,Jefferson Poirot,1992-11-01,26.02
10/11/2018,South Africa,17,Dany Priso,1994-01-02,24.85
10/11/2018,South Africa,15,Maxime Medard,1986-11-16,31.98
17/11/2018,Argentina,16,Camille Chat,1995-12-18,22.92
17/11/2018,Argentina,23,Benjamin Fall,1989-03-03,29.71
17/11/2018,Argentina,3,Cedate Gomes Sa,1993-08-07,25.28
17/11/2018,Argentina,14,Teddy Thomas,1993-09-18,25.16
17/11/2018,Argentina,4,Sebastien Vahaamahina,1991-10-21,27.08
17/11/2018,Argentina,21,Antoine Dupont,1996-11-15,22.0
17/11/2018,Argentina,12,Gael Fickou,1994-03-26,24.65
17/11/2018,Argentina,20,Mathieu Babillot,1993-09-09,25.19
17/11/2018,Argentina,9,Baptiste Serin,1994-06-20,24.41
17/11/2018,Argentina,19,Paul Gabrillagues,1993-06-03,25.46
17/11/2018,Argentina,10,Camille Lopez,1989-04-03,29.62
17/11/2018,Argentina,2,Guilhem Guirado,1986-06-17,32.42
17/11/2018,Argentina,22,Anthony Belleau,1996-04-08,22.61
17/11/2018,Argentina,18,Rabah Slimani,1989-10-18,29.08
17/11/2018,Argentina,8,Louis Picamoles,1986-02-05,32.78
17/11/2018,Argentina,5,Yoann Maestri,1988-01-14,30.84
17/11/2018,Argentina,13,Mathieu Bastareaud,1988-09-17,30.17
17/11/2018,Argentina,11,Yoann Huget,1987-06-02,31.46
17/11/2018,Argentina,7,Arthur Iturria,1994-05-13,24.52
17/11/2018,Argentina,6,Wenceslas Lauret,1989-03-28,29.64
17/11/2018,Argentina,1,Jefferson Poirot,1992-11-01,26.04
17/11/2018,Argentina,17,Dany Priso,1994-01-02,24.87
17/11/2018,Argentina,15,Maxime Medard,1986-11-16,32.0
24/11/2018,Fiji,15,Benjamin Fall,1989-03-03,29.73
24/11/2018,Fiji,23,Geoffrey Doumayrou,1989-09-16,29.19
24/11/2018,Fiji,14,Teddy Thomas,1993-09-18,25.18
24/11/2018,Fiji,16,Julien Marchand,1995-05-10,23.54
24/11/2018,Fiji,4,Sebastien Vahaamahina,1991-10-21,27.09
24/11/2018,Fiji,21,Antoine Dupont,1996-11-15,22.02
24/11/2018,Fiji,12,Gael Fickou,1994-03-26,24.67
24/11/2018,Fiji,18,Demba Bamba,1998-03-17,20.69
24/11/2018,Fiji,9,Baptiste Serin,1994-06-20,24.43
24/11/2018,Fiji,10,Camille Lopez,1989-04-03,29.64
24/11/2018,Fiji,2,Guilhem Guirado,1986-06-17,32.44
24/11/2018,Fiji,22,Anthony Belleau,1996-04-08,22.63
24/11/2018,Fiji,3,Rabah Slimani,1989-10-18,29.1
24/11/2018,Fiji,8,Louis Picamoles,1986-02-05,32.8
24/11/2018,Fiji,5,Yoann Maestri,1988-01-14,30.86
24/11/2018,Fiji,13,Mathieu Bastareaud,1988-09-17,30.19
24/11/2018,Fiji,11,Yoann Huget,1987-06-02,31.48
24/11/2018,Fiji,7,Arthur Iturria,1994-05-13,24.53
24/11/2018,Fiji,6,Wenceslas Lauret,1989-03-28,29.66
24/11/2018,Fiji,19,Felix Lambey,1994-03-15,24.7
24/11/2018,Fiji,1,Jefferson Poirot,1992-11-01,26.06
24/11/2018,Fiji,20,Kelian Galletier,1992-03-18,26.69
24/11/2018,Fiji,17,Dany Priso,1994-01-02,24.89
01/02/2019,Wales,14,Damian Penaud,1996-09-25,22.35
01/02/2019,Wales,23,Geoffrey Doumayrou,1989-09-16,29.38
01/02/2019,Wales,16,Julien Marchand,1995-05-10,23.73
01/02/2019,Wales,4,Sebastien Vahaamahina,1991-10-21,27.28
01/02/2019,Wales,13,Romain Ntamack,1999-05-01,19.76
01/02/2019,Wales,22,Gael Fickou,1994-03-26,24.85
01/02/2019,Wales,18,Demba Bamba,1998-03-17,20.88
01/02/2019,Wales,21,Baptiste Serin,1994-06-20,24.62
01/02/2019,Wales,9,Morgan Parra,1988-11-15,30.21
01/02/2019,Wales,12,Wesley Fofana,1988-01-20,31.03
01/02/2019,Wales,10,Camille Lopez,1989-04-03,29.83
01/02/2019,Wales,2,Guilhem Guirado,1986-06-17,32.63
01/02/2019,Wales,8,Louis Picamoles,1986-02-05,32.99
01/02/2019,Wales,3,Uini Atonio,1990-03-26,28.85
01/02/2019,Wales,11,Yoann Huget,1987-06-02,31.67
01/02/2019,Wales,20,Gregory Alldritt,1997-03-23,21.86
01/02/2019,Wales,7,Arthur Iturria,1994-05-13,24.72
01/02/2019,Wales,6,Wenceslas Lauret,1989-03-28,29.85
01/02/2019,Wales,19,Felix Lambey,1994-03-15,24.88
01/02/2019,Wales,1,Jefferson Poirot,1992-11-01,26.25
01/02/2019,Wales,17,Dany Priso,1994-01-02,25.08
01/02/2019,Wales,5,Paul Willemse,1992-11-13,26.22
01/02/2019,Wales,15,Maxime Medard,1986-11-16,32.21
10/02/2019,England,14,Damian Penaud,1996-09-25,22.38
10/02/2019,England,13,Geoffrey Doumayrou,1989-09-16,29.4
10/02/2019,England,5,Sebastien Vahaamahina,1991-10-21,27.31
10/02/2019,England,22,Romain Ntamack,1999-05-01,19.78
10/02/2019,England,21,Antoine Dupont,1996-11-15,22.24
10/02/2019,England,11,Gael Fickou,1994-03-26,24.88
10/02/2019,England,3,Demba Bamba,1998-03-17,20.9
10/02/2019,England,18,Dorian Aldegheri,1993-08-04,25.52
10/02/2019,England,9,Morgan Parra,1988-11-15,30.24
10/02/2019,England,10,Camille Lopez,1989-04-03,29.86
10/02/2019,England,2,Guilhem Guirado,1986-06-17,32.65
10/02/2019,England,8,Louis Picamoles,1986-02-05,33.01
10/02/2019,England,12,Mathieu Bastareaud,1988-09-17,30.4
10/02/2019,England,16,Pierre Bourgarit,1997-09-12,21.41
10/02/2019,England,15,Yoann Huget,1987-06-02,31.69
10/02/2019,England,20,Gregory Alldritt,1997-03-23,21.89
10/02/2019,England,7,Arthur Iturria,1994-05-13,24.75
10/02/2019,England,23,Thomas Ramos,1995-07-23,23.55
10/02/2019,England,6,Yacouba Camara,1994-06-02,24.69
10/02/2019,England,4,Felix Lambey,1994-03-15,24.91
10/02/2019,England,1,Jefferson Poirot,1992-11-01,26.28
10/02/2019,England,17,Dany Priso,1994-01-02,25.11
10/02/2019,England,19,Paul Willemse,1992-11-13,26.24
23/02/2019,Scotland,14,Damian Penaud,1996-09-25,22.41
23/02/2019,Scotland,16,Camille Chat,1995-12-18,23.18
23/02/2019,Scotland,17,Etienne Falgoux,1993-01-19,26.09
23/02/2019,Scotland,4,Sebastien Vahaamahina,1991-10-21,27.34
23/02/2019,Scotland,10,Romain Ntamack,1999-05-01,19.82
23/02/2019,Scotland,9,Antoine Dupont,1996-11-15,22.27
23/02/2019,Scotland,12,Gael Fickou,1994-03-26,24.91
23/02/2019,Scotland,3,Demba Bamba,1998-03-17,20.94
23/02/2019,Scotland,18,Dorian Aldegheri,1993-08-04,25.56
23/02/2019,Scotland,21,Baptiste Serin,1994-06-20,24.68
23/02/2019,Scotland,2,Guilhem Guirado,1986-06-17,32.69
23/02/2019,Scotland,22,Anthony Belleau,1996-04-08,22.88
23/02/2019,Scotland,8,Louis Picamoles,1986-02-05,33.05
23/02/2019,Scotland,13,Mathieu Bastareaud,1988-09-17,30.43
23/02/2019,Scotland,11,Yoann Huget,1987-06-02,31.73
23/02/2019,Scotland,20,Gregory Alldritt,1997-03-23,21.92
23/02/2019,Scotland,7,Arthur Iturria,1994-05-13,24.78
23/02/2019,Scotland,15,Thomas Ramos,1995-07-23,23.59
23/02/2019,Scotland,6,Wenceslas Lauret,1989-03-28,29.91
23/02/2019,Scotland,5,Felix Lambey,1994-03-15,24.95
23/02/2019,Scotland,1,Jefferson Poirot,1992-11-01,26.31
23/02/2019,Scotland,19,Paul Willemse,1992-11-13,26.28
23/02/2019,Scotland,23,Maxime Medard,1986-11-16,32.27
10/03/2019,Ireland,14,Damian Penaud,1996-09-25,22.45
10/03/2019,Ireland,16,Camille Chat,1995-12-18,23.23
10/03/2019,Ireland,17,Etienne Falgoux,1993-01-19,26.14
10/03/2019,Ireland,4,Sebastien Vahaamahina,1991-10-21,27.38
10/03/2019,Ireland,10,Romain Ntamack,1999-05-01,19.86
10/03/2019,Ireland,9,Antoine Dupont,1996-11-15,22.31
10/03/2019,Ireland,12,Gael Fickou,1994-03-26,24.96
10/03/2019,Ireland,3,Demba Bamba,1998-03-17,20.98
10/03/2019,Ireland,18,Dorian Aldegheri,1993-08-04,25.6
10/03/2019,Ireland,21,Baptiste Serin,1994-06-20,24.72
10/03/2019,Ireland,2,Guilhem Guirado,1986-06-17,32.73
10/03/2019,Ireland,22,Anthony Belleau,1996-04-08,22.92
10/03/2019,Ireland,8,Louis Picamoles,1986-02-05,33.09
10/03/2019,Ireland,13,Mathieu Bastareaud,1988-09-17,30.48
10/03/2019,Ireland,11,Yoann Huget,1987-06-02,31.77
10/03/2019,Ireland,20,Gregory Alldritt,1997-03-23,21.96
10/03/2019,Ireland,7,Arthur Iturria,1994-05-13,24.82
10/03/2019,Ireland,15,Thomas Ramos,1995-07-23,23.63
10/03/2019,Ireland,6,Wenceslas Lauret,1989-03-28,29.95
10/03/2019,Ireland,5,Felix Lambey,1994-03-15,24.99
10/03/2019,Ireland,1,Jefferson Poirot,1992-11-01,26.35
10/03/2019,Ireland,19,Paul Willemse,1992-11-13,26.32
10/03/2019,Ireland,23,Maxime Medard,1986-11-16,32.31
16/03/2019,Italy,14,Damian Penaud,1996-09-25,22.47
16/03/2019,Italy,16,Camille Chat,1995-12-18,23.24
16/03/2019,Italy,1,Etienne Falgoux,1993-01-19,26.15
16/03/2019,Italy,12,Geoffrey Doumayrou,1989-09-16,29.5
16/03/2019,Italy,10,Romain Ntamack,1999-05-01,19.87
16/03/2019,Italy,9,Antoine Dupont,1996-11-15,22.33
16/03/2019,Italy,3,Demba Bamba,1998-03-17,21.0
16/03/2019,Italy,18,Dorian Aldegheri,1993-08-04,25.61
16/03/2019,Italy,21,Baptiste Serin,1994-06-20,24.74
16/03/2019,Italy,19,Paul Gabrillagues,1993-06-03,25.78
16/03/2019,Italy,22,Camille Lopez,1989-04-03,29.95
16/03/2019,Italy,2,Guilhem Guirado,1986-06-17,32.75
16/03/2019,Italy,8,Louis Picamoles,1986-02-05,33.11
16/03/2019,Italy,13,Mathieu Bastareaud,1988-09-17,30.49
16/03/2019,Italy,11,Yoann Huget,1987-06-02,31.79
16/03/2019,Italy,6,Gregory Alldritt,1997-03-23,21.98
16/03/2019,Italy,20,Arthur Iturria,1994-05-13,24.84
16/03/2019,Italy,23,Thomas Ramos,1995-07-23,23.65
16/03/2019,Italy,7,Yacouba Camara,1994-06-02,24.79
16/03/2019,Italy,4,Felix Lambey,1994-03-15,25.0
16/03/2019,Italy,17,Dany Priso,1994-01-02,25.2
16/03/2019,Italy,5,Paul Willemse,1992-11-13,26.34
16/03/2019,Italy,15,Maxime Medard,1986-11-16,32.33
17/08/2019,Scotland,14,Damian Penaud,1996-09-25,22.89
17/08/2019,Scotland,16,Peato Mauvaka,1997-01-10,22.6
17/08/2019,Scotland,2,Camille Chat,1995-12-18,23.66
17/08/2019,Scotland,6,Francois Cros,1994-03-25,25.4
17/08/2019,Scotland,5,Sebastien Vahaamahina,1991-10-21,27.82
17/08/2019,Scotland,22,Romain Ntamack,1999-05-01,20.3
17/08/2019,Scotland,9,Antoine Dupont,1996-11-15,22.75
17/08/2019,Scotland,13,Gael Fickou,1994-03-26,25.39
17/08/2019,Scotland,21,Baptiste Serin,1994-06-20,25.16
17/08/2019,Scotland,4,Paul Gabrillagues,1993-06-03,26.2
17/08/2019,Scotland,12,Wesley Fofana,1988-01-20,31.57
17/08/2019,Scotland,10,Camille Lopez,1989-04-03,30.37
17/08/2019,Scotland,3,Rabah Slimani,1989-10-18,29.83
17/08/2019,Scotland,20,Louis Picamoles,1986-02-05,33.53
17/08/2019,Scotland,18,Emerick Setiano,1996-07-19,23.08
17/08/2019,Scotland,8,Gregory Alldritt,1997-03-23,22.4
17/08/2019,Scotland,23,Thomas Ramos,1995-07-23,24.07
17/08/2019,Scotland,11,Alivereti Raka,1994-12-09,24.69
17/08/2019,Scotland,19,Felix Lambey,1994-03-15,25.42
17/08/2019,Scotland,1,Jefferson Poirot,1992-11-01,26.79
17/08/2019,Scotland,7,Charles Ollivon,1993-05-11,26.27
17/08/2019,Scotland,17,Dany Priso,1994-01-02,25.62
17/08/2019,Scotland,15,Maxime Medard,1986-11-16,32.75
24/08/2019,Scotland,14,Damian Penaud,1996-09-25,22.91
24/08/2019,Scotland,16,Camille Chat,1995-12-18,23.68
24/08/2019,Scotland,5,Sebastien Vahaamahina,1991-10-21,27.84
24/08/2019,Scotland,22,Romain Ntamack,1999-05-01,20.32
24/08/2019,Scotland,9,Antoine Dupont,1996-11-15,22.77
24/08/2019,Scotland,12,Gael Fickou,1994-03-26,25.41
24/08/2019,Scotland,21,Baptiste Serin,1994-06-20,25.18
24/08/2019,Scotland,10,Camille Lopez,1989-04-03,30.39
24/08/2019,Scotland,2,Guilhem Guirado,1986-06-17,33.19
24/08/2019,Scotland,3,Rabah Slimani,1989-10-18,29.85
24/08/2019,Scotland,18,Emerick Setiano,1996-07-19,23.1
24/08/2019,Scotland,8,Gregory Alldritt,1997-03-23,22.42
24/08/2019,Scotland,6,Arthur Iturria,1994-05-13,25.28
24/08/2019,Scotland,15,Thomas Ramos,1995-07-23,24.09
24/08/2019,Scotland,17,Cyril Baille,1993-09-15,25.94
24/08/2019,Scotland,11,Alivereti Raka,1994-12-09,24.71
24/08/2019,Scotland,20,Yacouba Camara,1994-06-02,25.23
24/08/2019,Scotland,4,Felix Lambey,1994-03-15,25.44
24/08/2019,Scotland,13,Sofiane Guitoune,1989-03-27,30.41
24/08/2019,Scotland,19,Romain Taofifenua,1990-09-14,28.94
24/08/2019,Scotland,1,Jefferson Poirot,1992-11-01,26.81
24/08/2019,Scotland,7,Charles Ollivon,1993-05-11,26.29
24/08/2019,Scotland,23,Maxime Medard,1986-11-16,32.77
30/08/2019,Italy,2,Camille Chat,1995-12-18,23.7
30/08/2019,Italy,20,Francois Cros,1994-03-25,25.43
30/08/2019,Italy,10,Romain Ntamack,1999-05-01,20.33
30/08/2019,Italy,9,Antoine Dupont,1996-11-15,22.79
30/08/2019,Italy,11,Gael Fickou,1994-03-26,25.43
30/08/2019,Italy,21,Baptiste Serin,1994-06-20,25.19
30/08/2019,Italy,12,Wesley Fofana,1988-01-20,31.61
30/08/2019,Italy,16,Guilhem Guirado,1986-06-17,33.2
30/08/2019,Italy,3,Rabah Slimani,1989-10-18,29.87
30/08/2019,Italy,8,Louis Picamoles,1986-02-05,33.56
30/08/2019,Italy,18,Emerick Setiano,1996-07-19,23.11
30/08/2019,Italy,14,Yoann Huget,1987-06-02,32.24
30/08/2019,Italy,4,Arthur Iturria,1994-05-13,25.3
30/08/2019,Italy,23,Thomas Ramos,1995-07-23,24.1
30/08/2019,Italy,17,Cyril Baille,1993-09-15,25.96
30/08/2019,Italy,6,Wenceslas Lauret,1989-03-28,30.42
30/08/2019,Italy,7,Yacouba Camara,1994-06-02,25.24
30/08/2019,Italy,19,Felix Lambey,1994-03-15,25.46
30/08/2019,Italy,13,Sofiane Guitoune,1989-03-27,30.43
30/08/2019,Italy,5,Romain Taofifenua,1990-09-14,28.96
30/08/2019,Italy,1,Jefferson Poirot,1992-11-01,26.83
30/08/2019,Italy,22,Virimi Vakatawa,1992-05-01,27.33
30/08/2019,Italy,15,Maxime Medard,1986-11-16,32.79
21/09/2019,Argentina,14,Damian Penaud,1996-09-25,22.99
21/09/2019,Argentina,16,Camille Chat,1995-12-18,23.76
21/09/2019,Argentina,5,Sebastien Vahaamahina,1991-10-21,27.92
21/09/2019,Argentina,10,Romain Ntamack,1999-05-01,20.39
21/09/2019,Argentina,9,Antoine Dupont,1996-11-15,22.85
21/09/2019,Argentina,12,Gael Fickou,1994-03-26,25.49
21/09/2019,Argentina,19,Bernard Le Roux,1989-06-04,30.3
21/09/2019,Argentina,18,Demba Bamba,1998-03-17,21.51
21/09/2019,Argentina,22,Camille Lopez,1989-04-03,30.47
21/09/2019,Argentina,2,Guilhem Guirado,1986-06-17,33.26
21/09/2019,Argentina,3,Rabah Slimani,1989-10-18,29.93
21/09/2019,Argentina,20,Louis Picamoles,1986-02-05,33.62
21/09/2019,Argentina,11,Yoann Huget,1987-06-02,32.3
21/09/2019,Argentina,8,Gregory Alldritt,1997-03-23,22.5
21/09/2019,Argentina,4,Arthur Iturria,1994-05-13,25.36
21/09/2019,Argentina,23,Thomas Ramos,1995-07-23,24.16
21/09/2019,Argentina,17,Cyril Baille,1993-09-15,26.02
21/09/2019,Argentina,6,Wenceslas Lauret,1989-03-28,30.48
21/09/2019,Argentina,21,Maxime Machenaud,1988-12-30,30.72
21/09/2019,Argentina,1,Jefferson Poirot,1992-11-01,26.89
21/09/2019,Argentina,13,Virimi Vakatawa,1992-05-01,27.39
21/09/2019,Argentina,7,Charles Ollivon,1993-05-11,26.36
21/09/2019,Argentina,15,Maxime Medard,1986-11-16,32.85
02/10/2019,USA,2,Camille Chat,1995-12-18,23.79
02/10/2019,USA,19,Sebastien Vahaamahina,1991-10-21,27.95
02/10/2019,USA,22,Romain Ntamack,1999-05-01,20.42
02/10/2019,USA,12,Gael Fickou,1994-03-26,25.52
02/10/2019,USA,4,Bernard Le Roux,1989-06-04,30.33
02/10/2019,USA,21,Baptiste Serin,1994-06-20,25.28
02/10/2019,USA,5,Paul Gabrillagues,1993-06-03,26.33
02/10/2019,USA,10,Camille Lopez,1989-04-03,30.5
02/10/2019,USA,16,Guilhem Guirado,1986-06-17,33.29
02/10/2019,USA,18,Rabah Slimani,1989-10-18,29.96
02/10/2019,USA,8,Louis Picamoles,1986-02-05,33.65
02/10/2019,USA,3,Emerick Setiano,1996-07-19,23.2
02/10/2019,USA,11,Yoann Huget,1987-06-02,32.33
02/10/2019,USA,20,Gregory Alldritt,1997-03-23,22.53
02/10/2019,USA,6,Arthur Iturria,1994-05-13,25.39
02/10/2019,USA,15,Thomas Ramos,1995-07-23,24.19
02/10/2019,USA,1,Cyril Baille,1993-09-15,26.05
02/10/2019,USA,14,Alivereti Raka,1994-12-09,24.81
02/10/2019,USA,7,Yacouba Camara,1994-06-02,25.33
02/10/2019,USA,13,Sofiane Guitoune,1989-03-27,30.52
02/10/2019,USA,9,Maxime Machenaud,1988-12-30,30.75
02/10/2019,USA,17,Jefferson Poirot,1992-11-01,26.92
02/10/2019,USA,23,Maxime Medard,1986-11-16,32.88
06/10/2019,Tonga,8,Gregory Alldritt,1997-03-23,22.54
06/10/2019,Tonga,17,Cyril Baille,1993-09-15,26.06
06/10/2019,Tonga,11,Alivereti Raka,1994-12-09,24.82
06/10/2019,Tonga,6,Wenceslas Lauret,1989-03-28,30.52
06/10/2019,Tonga,20,Yacouba Camara,1994-06-02,25.34
06/10/2019,Tonga,12,Sofiane Guitoune,1989-03-27,30.53
06/10/2019,Tonga,1,Jefferson Poirot,1992-11-01,26.93
06/10/2019,Tonga,13,Virimi Vakatawa,1992-05-01,27.43
06/10/2019,Tonga,7,Charles Ollivon,1993-05-11,26.4
06/10/2019,Tonga,15,Maxime Medard,1986-11-16,32.89
06/10/2019,Tonga,14,Damian Penaud,1996-09-25,23.03
06/10/2019,Tonga,2,Camille Chat,1995-12-18,23.8
06/10/2019,Tonga,5,Sebastien Vahaamahina,1991-10-21,27.96
06/10/2019,Tonga,10,Romain Ntamack,1999-05-01,20.43
06/10/2019,Tonga,21,Antoine Dupont,1996-11-15,22.89
06/10/2019,Tonga,19,Bernard Le Roux,1989-06-04,30.34
06/10/2019,Tonga,23,Pierre-Louis Barassi,1998-04-22,21.46
06/10/2019,Tonga,9,Baptiste Serin,1994-06-20,25.3
06/10/2019,Tonga,4,Paul Gabrillagues,1993-06-03,26.34
06/10/2019,Tonga,22,Camille Lopez,1989-04-03,30.51
06/10/2019,Tonga,16,Guilhem Guirado,1986-06-17,33.3
06/10/2019,Tonga,3,Rabah Slimani,1989-10-18,29.97
06/10/2019,Tonga,18,Emerick Setiano,1996-07-19,23.21
20/10/2019,Wales,14,Damian Penaud,1996-09-25,23.07
20/10/2019,Wales,16,Camille Chat,1995-12-18,23.84
20/10/2019,Wales,5,Sebastien Vahaamahina,1991-10-21,28.0
20/10/2019,Wales,10,Romain Ntamack,1999-05-01,20.47
20/10/2019,Wales,9,Antoine Dupont,1996-11-15,22.93
20/10/2019,Wales,23,Vincent Rattez,1992-03-24,27.57
20/10/2019,Wales,12,Gael Fickou,1994-03-26,25.57
20/10/2019,Wales,4,Bernard Le Roux,1989-06-04,30.38
20/10/2019,Wales,21,Baptiste Serin,1994-06-20,25.33
20/10/2019,Wales,19,Paul Gabrillagues,1993-06-03,26.38
20/10/2019,Wales,22,Camille Lopez,1989-04-03,30.55
20/10/2019,Wales,2,Guilhem Guirado,1986-06-17,33.34
20/10/2019,Wales,3,Rabah Slimani,1989-10-18,30.0
20/10/2019,Wales,20,Louis Picamoles,1986-02-05,33.7
20/10/2019,Wales,18,Emerick Setiano,1996-07-19,23.25
20/10/2019,Wales,11,Yoann Huget,1987-06-02,32.38
20/10/2019,Wales,8,Gregory Alldritt,1997-03-23,22.58
20/10/2019,Wales,17,Cyril Baille,1993-09-15,26.09
20/10/2019,Wales,6,Wenceslas Lauret,1989-03-28,30.56
20/10/2019,Wales,1,Jefferson Poirot,1992-11-01,26.97
20/10/2019,Wales,13,Virimi Vakatawa,1992-05-01,27.47
20/10/2019,Wales,7,Charles Ollivon,1993-05-11,26.44
20/10/2019,Wales,15,Maxime Medard,1986-11-16,32.93
02/02/2020,England,19,Boris Palu,1996-02-04,24.0
02/02/2020,England,16,Peato Mauvaka,1997-01-10,23.06
02/02/2020,England,6,Francois Cros,1994-03-25,25.86
02/02/2020,England,14,Teddy Thomas,1993-09-18,26.37
02/02/2020,England,2,Julien Marchand,1995-05-10,24.73
02/02/2020,England,10,Romain Ntamack,1999-05-01,20.76
02/02/2020,England,9,Antoine Dupont,1996-11-15,23.21
02/02/2020,England,22,Matthieu Jalibert,1998-11-06,21.24
02/02/2020,England,11,Vincent Rattez,1992-03-24,27.86
02/02/2020,England,12,Gael Fickou,1994-03-26,25.86
02/02/2020,England,4,Bernard Le Roux,1989-06-04,30.66
02/02/2020,England,18,Demba Bamba,1998-03-17,21.88
02/02/2020,England,23,Arthur Vincent,1999-09-30,20.34
02/02/2020,England,21,Baptiste Serin,1994-06-20,25.62
02/02/2020,England,15,Anthony Bouthier,1992-06-19,27.62
02/02/2020,England,20,Cameron Woki,1998-11-07,21.24
02/02/2020,England,8,Gregory Alldritt,1997-03-23,22.86
02/02/2020,England,1,Cyril Baille,1993-09-15,26.38
02/02/2020,England,17,Jefferson Poirot,1992-11-01,27.25
02/02/2020,England,13,Virimi Vakatawa,1992-05-01,27.76
02/02/2020,England,3,Mohamed Haouas,1994-03-09,25.9
02/02/2020,England,7,Charles Ollivon,1993-05-11,26.73
02/02/2020,England,5,Paul Willemse,1992-11-13,27.22
09/02/2020,Italy,20,Boris Palu,1996-02-04,24.01
09/02/2020,Italy,16,Peato Mauvaka,1997-01-10,23.08
09/02/2020,Italy,6,Francois Cros,1994-03-25,25.88
09/02/2020,Italy,14,Teddy Thomas,1993-09-18,26.39
09/02/2020,Italy,2,Julien Marchand,1995-05-10,24.75
09/02/2020,Italy,10,Romain Ntamack,1999-05-01,20.78
09/02/2020,Italy,9,Antoine Dupont,1996-11-15,23.23
09/02/2020,Italy,23,Matthieu Jalibert,1998-11-06,21.26
09/02/2020,Italy,11,Vincent Rattez,1992-03-24,27.88
09/02/2020,Italy,12,Gael Fickou,1994-03-26,25.88
09/02/2020,Italy,4,Bernard Le Roux,1989-06-04,30.68
09/02/2020,Italy,18,Demba Bamba,1998-03-17,21.9
09/02/2020,Italy,13,Arthur Vincent,1999-09-30,20.36
09/02/2020,Italy,22,Baptiste Serin,1994-06-20,25.64
09/02/2020,Italy,15,Anthony Bouthier,1992-06-19,27.64
09/02/2020,Italy,21,Cameron Woki,1998-11-07,21.26
09/02/2020,Italy,8,Gregory Alldritt,1997-03-23,22.88
09/02/2020,Italy,1,Cyril Baille,1993-09-15,26.4
09/02/2020,Italy,19,Romain Taofifenua,1990-09-14,29.41
09/02/2020,Italy,17,Jefferson Poirot,1992-11-01,27.27
09/02/2020,Italy,3,Mohamed Haouas,1994-03-09,25.92
09/02/2020,Italy,7,Charles Ollivon,1993-05-11,26.75
09/02/2020,Italy,5,Paul Willemse,1992-11-13,27.24
22/02/2020,Wales,16,Camille Chat,1995-12-18,24.18
22/02/2020,Wales,6,Francois Cros,1994-03-25,25.91
22/02/2020,Wales,14,Teddy Thomas,1993-09-18,26.43
22/02/2020,Wales,2,Julien Marchand,1995-05-10,24.79
22/02/2020,Wales,17,Jean-Baptiste Gros,1999-05-29,20.74
22/02/2020,Wales,10,Romain Ntamack,1999-05-01,20.81
22/02/2020,Wales,9,Antoine Dupont,1996-11-15,23.27
22/02/2020,Wales,22,Matthieu Jalibert,1998-11-06,21.3
22/02/2020,Wales,11,Gael Fickou,1994-03-26,25.91
22/02/2020,Wales,4,Bernard Le Roux,1989-06-04,30.72
22/02/2020,Wales,18,Demba Bamba,1998-03-17,21.94
22/02/2020,Wales,12,Arthur Vincent,1999-09-30,20.4
22/02/2020,Wales,21,Baptiste Serin,1994-06-20,25.68
22/02/2020,Wales,15,Anthony Bouthier,1992-06-19,27.68
22/02/2020,Wales,8,Gregory Alldritt,1997-03-23,22.92
22/02/2020,Wales,23,Thomas Ramos,1995-07-23,24.59
22/02/2020,Wales,1,Cyril Baille,1993-09-15,26.44
22/02/2020,Wales,19,Romain Taofifenua,1990-09-14,29.44
22/02/2020,Wales,20,Dylan Cretin,1997-05-04,22.8
22/02/2020,Wales,13,Virimi Vakatawa,1992-05-01,27.81
22/02/2020,Wales,3,Mohamed Haouas,1994-03-09,25.96
22/02/2020,Wales,7,Charles Ollivon,1993-05-11,26.78
22/02/2020,Wales,5,Paul Willemse,1992-11-13,27.28
08/03/2020,Scotland,14,Damian Penaud,1996-09-25,23.45
08/03/2020,Scotland,16,Peato Mauvaka,1997-01-10,23.16
08/03/2020,Scotland,6,Francois Cros,1994-03-25,25.96
08/03/2020,Scotland,2,Julien Marchand,1995-05-10,24.83
08/03/2020,Scotland,17,Jean-Baptiste Gros,1999-05-29,20.78
08/03/2020,Scotland,10,Romain Ntamack,1999-05-01,20.85
08/03/2020,Scotland,9,Antoine Dupont,1996-11-15,23.31
08/03/2020,Scotland,22,Matthieu Jalibert,1998-11-06,21.34
08/03/2020,Scotland,11,Gael Fickou,1994-03-26,25.95
08/03/2020,Scotland,4,Bernard Le Roux,1989-06-04,30.76
08/03/2020,Scotland,18,Demba Bamba,1998-03-17,21.98
08/03/2020,Scotland,12,Arthur Vincent,1999-09-30,20.44
08/03/2020,Scotland,21,Baptiste Serin,1994-06-20,25.72
08/03/2020,Scotland,15,Anthony Bouthier,1992-06-19,27.72
08/03/2020,Scotland,8,Gregory Alldritt,1997-03-23,22.96
08/03/2020,Scotland,23,Thomas Ramos,1995-07-23,24.63
08/03/2020,Scotland,19,Romain Taofifenua,1990-09-14,29.48
08/03/2020,Scotland,20,Dylan Cretin,1997-05-04,22.85
08/03/2020,Scotland,1,Jefferson Poirot,1992-11-01,27.35
08/03/2020,Scotland,13,Virimi Vakatawa,1992-05-01,27.85
08/03/2020,Scotland,3,Mohamed Haouas,1994-03-09,26.0
08/03/2020,Scotland,7,Charles Ollivon,1993-05-11,26.83
08/03/2020,Scotland,5,Paul Willemse,1992-11-13,27.32
24/10/2020,Wales,15,Anthony Bouthier,1992-06-19,28.35
24/10/2020,Wales,8,Gregory Alldritt,1997-03-23,23.59
24/10/2020,Wales,23,Thomas Ramos,1995-07-23,25.26
24/10/2020,Wales,1,Cyril Baille,1993-09-15,27.11
24/10/2020,Wales,19,Romain Taofifenua,1990-09-14,30.11
24/10/2020,Wales,20,Dylan Cretin,1997-05-04,23.47
24/10/2020,Wales,13,Virimi Vakatawa,1992-05-01,28.48
24/10/2020,Wales,3,Mohamed Haouas,1994-03-09,26.63
24/10/2020,Wales,7,Charles Ollivon,1993-05-11,27.46
24/10/2020,Wales,5,Paul Willemse,1992-11-13,27.95
24/10/2020,Wales,16,Camille Chat,1995-12-18,24.85
24/10/2020,Wales,6,Francois Cros,1994-03-25,26.59
24/10/2020,Wales,14,Teddy Thomas,1993-09-18,27.1
24/10/2020,Wales,2,Julien Marchand,1995-05-10,25.46
24/10/2020,Wales,17,Jean-Baptiste Gros,1999-05-29,21.41
24/10/2020,Wales,10,Romain Ntamack,1999-05-01,21.48
24/10/2020,Wales,9,Antoine Dupont,1996-11-15,23.94
24/10/2020,Wales,11,Vincent Rattez,1992-03-24,28.59
24/10/2020,Wales,12,Gael Fickou,1994-03-26,26.58
24/10/2020,Wales,4,Bernard Le Roux,1989-06-04,31.39
24/10/2020,Wales,18,Demba Bamba,1998-03-17,22.61
24/10/2020,Wales,22,Arthur Vincent,1999-09-30,21.07
24/10/2020,Wales,21,Baptiste Serin,1994-06-20,26.35
31/10/2020,Ireland,16,Camille Chat,1995-12-18,24.87
31/10/2020,Ireland,6,Francois Cros,1994-03-25,26.6
31/10/2020,Ireland,2,Julien Marchand,1995-05-10,25.48
31/10/2020,Ireland,17,Jean-Baptiste Gros,1999-05-29,21.43
31/10/2020,Ireland,10,Romain Ntamack,1999-05-01,21.5
31/10/2020,Ireland,9,Antoine Dupont,1996-11-15,23.96
31/10/2020,Ireland,14,Vincent Rattez,1992-03-24,28.61
31/10/2020,Ireland,11,Gael Fickou,1994-03-26,26.6
31/10/2020,Ireland,4,Bernard Le Roux,1989-06-04,31.41
31/10/2020,Ireland,18,Demba Bamba,1998-03-17,22.63
31/10/2020,Ireland,12,Arthur Vincent,1999-09-30,21.09
31/10/2020,Ireland,21,Baptiste Serin,1994-06-20,26.37
31/10/2020,Ireland,15,Anthony Bouthier,1992-06-19,28.37
31/10/2020,Ireland,8,Gregory Alldritt,1997-03-23,23.61
31/10/2020,Ireland,23,Thomas Ramos,1995-07-23,25.28
31/10/2020,Ireland,1,Cyril Baille,1993-09-15,27.13
31/10/2020,Ireland,19,Romain Taofifenua,1990-09-14,30.13
31/10/2020,Ireland,20,Dylan Cretin,1997-05-04,23.49
31/10/2020,Ireland,13,Virimi Vakatawa,1992-05-01,28.5
31/10/2020,Ireland,3,Mohamed Haouas,1994-03-09,26.65
31/10/2020,Ireland,7,Charles Ollivon,1993-05-11,27.47
31/10/2020,Ireland,22,Arthur Retiere,1997-08-01,23.25
31/10/2020,Ireland,5,Paul Willemse,1992-11-13,27.96
22/11/2020,Scotland,2,Camille Chat,1995-12-18,24.93
22/11/2020,Scotland,14,Teddy Thomas,1993-09-18,27.18
22/11/2020,Scotland,16,Julien Marchand,1995-05-10,25.54
22/11/2020,Scotland,1,Jean-Baptiste Gros,1999-05-29,21.49
22/11/2020,Scotland,9,Antoine Dupont,1996-11-15,24.02
22/11/2020,Scotland,10,Matthieu Jalibert,1998-11-06,22.05
22/11/2020,Scotland,11,Vincent Rattez,1992-03-24,28.67
22/11/2020,Scotland,21,Baptiste Couilloud,1997-07-22,23.34
22/11/2020,Scotland,12,Gael Fickou,1994-03-26,26.66
22/11/2020,Scotland,4,Bernard Le Roux,1989-06-04,31.47
22/11/2020,Scotland,3,Demba Bamba,1998-03-17,22.69
22/11/2020,Scotland,23,Arthur Vincent,1999-09-30,21.15
22/11/2020,Scotland,20,Cameron Woki,1998-11-07,22.04
22/11/2020,Scotland,8,Gregory Alldritt,1997-03-23,23.67
22/11/2020,Scotland,15,Thomas Ramos,1995-07-23,25.34
22/11/2020,Scotland,22,Louis Carbonel,1999-02-04,21.8
22/11/2020,Scotland,17,Cyril Baille,1993-09-15,27.19
22/11/2020,Scotland,5,Romain Taofifenua,1990-09-14,30.19
22/11/2020,Scotland,6,Dylan Cretin,1997-05-04,23.55
22/11/2020,Scotland,13,Virimi Vakatawa,1992-05-01,28.56
22/11/2020,Scotland,18,Mohamed Haouas,1994-03-09,26.71
22/11/2020,Scotland,7,Charles Ollivon,1993-05-11,27.54
22/11/2020,Scotland,19,Paul Willemse,1992-11-13,28.03
28/11/2020,Italy,4,Killian Geraci,1999-03-25,21.68
28/11/2020,Italy,2,Peato Mauvaka,1997-01-10,23.88
28/11/2020,Italy,23,Yoram Moefana,2000-07-18,20.36
28/11/2020,Italy,16,Teddy Baubigny,1998-09-02,22.24
28/11/2020,Italy,11,Gabin Villiere,1995-12-13,24.96
28/11/2020,Italy,14,Teddy Thomas,1993-09-18,27.2
28/11/2020,Italy,7,Sekou Macalou,1995-04-20,25.61
28/11/2020,Italy,10,Matthieu Jalibert,1998-11-06,22.06
28/11/2020,Italy,21,Baptiste Couilloud,1997-07-22,23.35
28/11/2020,Italy,1,Rodrigue Neti,1995-04-26,25.59
28/11/2020,Italy,19,Cyril Cazeaux,1995-02-10,25.8
28/11/2020,Italy,17,Hassane Kolingar,1998-03-06,22.73
28/11/2020,Italy,3,Dorian Aldegheri,1993-08-04,27.32
28/11/2020,Italy,9,Baptiste Serin,1994-06-20,26.44
28/11/2020,Italy,15,Brice Dulin,1990-04-13,30.63
28/11/2020,Italy,8,Anthony Jelonch,1996-07-28,24.34
28/11/2020,Italy,18,Uini Atonio,1990-03-26,30.68
28/11/2020,Italy,5,Baptiste Pesenti-Compagnoni,1997-07-03,23.41
28/11/2020,Italy,6,Cameron Woki,1998-11-07,22.06
28/11/2020,Italy,22,Louis Carbonel,1999-02-04,21.82
28/11/2020,Italy,13,Jean Pascal Barraque,1991-04-24,29.6
28/11/2020,Italy,12,Jonathan Danty,1992-10-07,28.14
28/11/2020,Italy,20,Swan Rebbadj,1995-01-15,25.87
06/12/2020,England,4,Killian Geraci,1999-03-25,21.7
06/12/2020,England,16,Peato Mauvaka,1997-01-10,23.9
06/12/2020,England,13,Yoram Moefana,2000-07-18,20.39
06/12/2020,England,11,Gabin Villiere,1995-12-13,24.98
06/12/2020,England,20,Sekou Macalou,1995-04-20,25.63
06/12/2020,England,10,Matthieu Jalibert,1998-11-06,22.08
06/12/2020,England,9,Baptiste Couilloud,1997-07-22,23.38
06/12/2020,England,17,Rodrigue Neti,1995-04-26,25.62
06/12/2020,England,23,Pierre-Louis Barassi,1998-04-22,22.63
06/12/2020,England,1,Hassane Kolingar,1998-03-06,22.75
06/12/2020,England,3,Dorian Aldegheri,1993-08-04,27.34
06/12/2020,England,15,Brice Dulin,1990-04-13,30.65
06/12/2020,England,8,Selevasio Tolofua,1997-05-31,23.52
06/12/2020,England,7,Anthony Jelonch,1996-07-28,24.36
06/12/2020,England,2,Pierre Bourgarit,1997-09-12,23.23
06/12/2020,England,21,Sebastien Bezy,1991-11-22,29.04
06/12/2020,England,18,Uini Atonio,1990-03-26,30.7
06/12/2020,England,5,Baptiste Pesenti-Compagnoni,1997-07-03,23.43
06/12/2020,England,6,Cameron Woki,1998-11-07,22.08
06/12/2020,England,22,Louis Carbonel,1999-02-04,21.84
06/12/2020,England,14,Alivereti Raka,1994-12-09,25.99
06/12/2020,England,19,Guillaume Ducat,1996-05-25,24.53
06/12/2020,England,12,Jonathan Danty,1992-10-07,28.16
06/02/2021,Italy,23,Damian Penaud,1996-09-25,24.37
06/02/2021,Italy,11,Gabin Villiere,1995-12-13,25.15
06/02/2021,Italy,14,Teddy Thomas,1993-09-18,27.39
06/02/2021,Italy,2,Julien Marchand,1995-05-10,25.75
06/02/2021,Italy,17,Jean-Baptiste Gros,1999-05-29,21.7
06/02/2021,Italy,9,Antoine Dupont,1996-11-15,24.23
06/02/2021,Italy,10,Matthieu Jalibert,1998-11-06,22.25
06/02/2021,Italy,12,Gael Fickou,1994-03-26,26.87
06/02/2021,Italy,4,Bernard Le Roux,1989-06-04,31.68
06/02/2021,Italy,13,Arthur Vincent,1999-09-30,21.36
06/02/2021,Italy,18,Dorian Aldegheri,1993-08-04,27.51
06/02/2021,Italy,21,Baptiste Serin,1994-06-20,26.63
06/02/2021,Italy,15,Brice Dulin,1990-04-13,30.82
06/02/2021,Italy,20,Anthony Jelonch,1996-07-28,24.53
06/02/2021,Italy,16,Pierre Bourgarit,1997-09-12,23.4
06/02/2021,Italy,8,Gregory Alldritt,1997-03-23,23.88
06/02/2021,Italy,22,Louis Carbonel,1999-02-04,22.01
06/02/2021,Italy,1,Cyril Baille,1993-09-15,27.4
06/02/2021,Italy,19,Romain Taofifenua,1990-09-14,30.4
06/02/2021,Italy,6,Dylan Cretin,1997-05-04,23.76
06/02/2021,Italy,3,Mohamed Haouas,1994-03-09,26.92
06/02/2021,Italy,7,Charles Ollivon,1993-05-11,27.74
06/02/2021,Italy,5,Paul Willemse,1992-11-13,28.23
14/02/2021,Ireland,14,Damian Penaud,1996-09-25,24.39
14/02/2021,Ireland,11,Gabin Villiere,1995-12-13,25.18
14/02/2021,Ireland,23,Teddy Thomas,1993-09-18,27.41
14/02/2021,Ireland,2,Julien Marchand,1995-05-10,25.77
14/02/2021,Ireland,9,Antoine Dupont,1996-11-15,24.25
14/02/2021,Ireland,10,Matthieu Jalibert,1998-11-06,22.28
14/02/2021,Ireland,12,Gael Fickou,1994-03-26,26.89
14/02/2021,Ireland,4,Bernard Le Roux,1989-06-04,31.7
14/02/2021,Ireland,13,Arthur Vincent,1999-09-30,21.38
14/02/2021,Ireland,17,Hassane Kolingar,1998-03-06,22.95
14/02/2021,Ireland,21,Baptiste Serin,1994-06-20,26.66
14/02/2021,Ireland,15,Brice Dulin,1990-04-13,30.84
14/02/2021,Ireland,6,Anthony Jelonch,1996-07-28,24.55
14/02/2021,Ireland,22,Anthony Bouthier,1992-06-19,28.66
14/02/2021,Ireland,16,Pierre Bourgarit,1997-09-12,23.43
14/02/2021,Ireland,18,Uini Atonio,1990-03-26,30.89
14/02/2021,Ireland,8,Gregory Alldritt,1997-03-23,23.9
14/02/2021,Ireland,1,Cyril Baille,1993-09-15,27.42
14/02/2021,Ireland,19,Romain Taofifenua,1990-09-14,30.42
14/02/2021,Ireland,20,Dylan Cretin,1997-05-04,23.78
14/02/2021,Ireland,3,Mohamed Haouas,1994-03-09,26.94
14/02/2021,Ireland,7,Charles Ollivon,1993-05-11,27.77
14/02/2021,Ireland,5,Paul Willemse,1992-11-13,28.26
13/03/2021,England,11,Damian Penaud,1996-09-25,24.46
13/03/2021,England,16,Camille Chat,1995-12-18,25.24
13/03/2021,England,14,Teddy Thomas,1993-09-18,27.48
13/03/2021,England,2,Julien Marchand,1995-05-10,25.84
13/03/2021,England,17,Jean-Baptiste Gros,1999-05-29,21.79
13/03/2021,England,23,Romain Ntamack,1999-05-01,21.87
13/03/2021,England,9,Antoine Dupont,1996-11-15,24.32
13/03/2021,England,10,Matthieu Jalibert,1998-11-06,22.35
13/03/2021,England,12,Gael Fickou,1994-03-26,26.97
13/03/2021,England,19,Cyril Cazeaux,1995-02-10,26.09
13/03/2021,England,18,Dorian Aldegheri,1993-08-04,27.61
13/03/2021,England,22,Baptiste Serin,1994-06-20,26.73
13/03/2021,England,15,Brice Dulin,1990-04-13,30.92
13/03/2021,England,21,Anthony Jelonch,1996-07-28,24.62
13/03/2021,England,20,Cameron Woki,1998-11-07,22.35
13/03/2021,England,8,Gregory Alldritt,1997-03-23,23.97
13/03/2021,England,1,Cyril Baille,1993-09-15,27.49
13/03/2021,England,4,Romain Taofifenua,1990-09-14,30.49
13/03/2021,England,6,Dylan Cretin,1997-05-04,23.86
13/03/2021,England,13,Virimi Vakatawa,1992-05-01,28.87
13/03/2021,England,3,Mohamed Haouas,1994-03-09,27.01
13/03/2021,England,7,Charles Ollivon,1993-05-11,27.84
13/03/2021,England,5,Paul Willemse,1992-11-13,28.33
20/03/2021,Wales,11,Damian Penaud,1996-09-25,24.48
20/03/2021,Wales,16,Camille Chat,1995-12-18,25.25
20/03/2021,Wales,14,Teddy Thomas,1993-09-18,27.5
20/03/2021,Wales,2,Julien Marchand,1995-05-10,25.86
20/03/2021,Wales,17,Jean-Baptiste Gros,1999-05-29,21.81
20/03/2021,Wales,22,Romain Ntamack,1999-05-01,21.89
20/03/2021,Wales,9,Antoine Dupont,1996-11-15,24.34
20/03/2021,Wales,10,Matthieu Jalibert,1998-11-06,22.37
20/03/2021,Wales,12,Gael Fickou,1994-03-26,26.98
20/03/2021,Wales,23,Arthur Vincent,1999-09-30,21.47
20/03/2021,Wales,21,Baptiste Serin,1994-06-20,26.75
20/03/2021,Wales,15,Brice Dulin,1990-04-13,30.94
20/03/2021,Wales,20,Anthony Jelonch,1996-07-28,24.64
20/03/2021,Wales,18,Uini Atonio,1990-03-26,30.98
20/03/2021,Wales,8,Gregory Alldritt,1997-03-23,23.99
20/03/2021,Wales,1,Cyril Baille,1993-09-15,27.51
20/03/2021,Wales,4,Romain Taofifenua,1990-09-14,30.51
20/03/2021,Wales,6,Dylan Cretin,1997-05-04,23.88
20/03/2021,Wales,13,Virimi Vakatawa,1992-05-01,28.88
20/03/2021,Wales,3,Mohamed Haouas,1994-03-09,27.03
20/03/2021,Wales,7,Charles Ollivon,1993-05-11,27.86
20/03/2021,Wales,5,Paul Willemse,1992-11-13,28.35
20/03/2021,Wales,19,Swan Rebbadj,1995-01-15,26.18
26/03/2021,Scotland,14,Damian Penaud,1996-09-25,24.5
26/03/2021,Scotland,16,Camille Chat,1995-12-18,25.27
26/03/2021,Scotland,23,Teddy Thomas,1993-09-18,27.52
26/03/2021,Scotland,2,Julien Marchand,1995-05-10,25.88
26/03/2021,Scotland,17,Jean-Baptiste Gros,1999-05-29,21.83
26/03/2021,Scotland,10,Romain Ntamack,1999-05-01,21.9
26/03/2021,Scotland,9,Antoine Dupont,1996-11-15,24.36
26/03/2021,Scotland,11,Gael Fickou,1994-03-26,27.0
26/03/2021,Scotland,4,Bernard Le Roux,1989-06-04,31.81
26/03/2021,Scotland,12,Arthur Vincent,1999-09-30,21.49
26/03/2021,Scotland,21,Baptiste Serin,1994-06-20,26.77
26/03/2021,Scotland,15,Brice Dulin,1990-04-13,30.95
26/03/2021,Scotland,6,Anthony Jelonch,1996-07-28,24.66
26/03/2021,Scotland,22,Anthony Bouthier,1992-06-19,28.77
26/03/2021,Scotland,18,Uini Atonio,1990-03-26,31.0
26/03/2021,Scotland,8,Gregory Alldritt,1997-03-23,24.01
26/03/2021,Scotland,1,Cyril Baille,1993-09-15,27.53
26/03/2021,Scotland,19,Romain Taofifenua,1990-09-14,30.53
26/03/2021,Scotland,20,Dylan Cretin,1997-05-04,23.89
26/03/2021,Scotland,13,Virimi Vakatawa,1992-05-01,28.9
26/03/2021,Scotland,3,Mohamed Haouas,1994-03-09,27.05
26/03/2021,Scotland,7,Charles Ollivon,1993-05-11,27.87
26/03/2021,Scotland,5,Swan Rebbadj,1995-01-15,26.19
07/07/2021,Australia,4,Killian Geraci,1999-03-25,22.29
07/07/2021,Australia,14,Damian Penaud,1996-09-25,24.78
07/07/2021,Australia,11,Gabin Villiere,1995-12-13,25.57
07/07/2021,Australia,1,Jean-Baptiste Gros,1999-05-29,22.11
07/07/2021,Australia,15,Melvyn Jaminet,1999-06-30,22.02
07/07/2021,Australia,8,Sekou Macalou,1995-04-20,26.22
07/07/2021,Australia,22,Teddy Iribaren,1990-09-25,30.78
07/07/2021,Australia,9,Baptiste Couilloud,1997-07-22,23.96
07/07/2021,Australia,20,Cyril Cazeaux,1995-02-10,26.4
07/07/2021,Australia,3,Demba Bamba,1998-03-17,23.31
07/07/2021,Australia,13,Arthur Vincent,1999-09-30,21.77
07/07/2021,Australia,16,Anthony Etrillard,1993-03-21,28.3
07/07/2021,Australia,18,Sipili Falatea,1997-06-06,24.09
07/07/2021,Australia,7,Anthony Jelonch,1996-07-28,24.94
07/07/2021,Australia,23,Anthony Bouthier,1992-06-19,29.05
07/07/2021,Australia,19,Baptiste Pesenti-Compagnoni,1997-07-03,24.01
07/07/2021,Australia,21,Cameron Woki,1998-11-07,22.66
07/07/2021,Australia,10,Louis Carbonel,1999-02-04,22.42
07/07/2021,Australia,17,Quentin Walcker,1996-02-21,25.37
07/07/2021,Australia,2,Gaetan Barlot,1997-04-13,24.23
07/07/2021,Australia,5,Romain Taofifenua,1990-09-14,30.81
07/07/2021,Australia,6,Dylan Cretin,1997-05-04,24.18
07/07/2021,Australia,12,Jonathan Danty,1992-10-07,28.75
13/07/2021,Australia,19,Killian Geraci,1999-03-25,22.3
13/07/2021,Australia,14,Damian Penaud,1996-09-25,24.8
13/07/2021,Australia,4,Pierre-Henri Azagoh,1998-07-25,22.97
13/07/2021,Australia,11,Gabin Villiere,1995-12-13,25.58
13/07/2021,Australia,1,Jean-Baptiste Gros,1999-05-29,22.13
13/07/2021,Australia,6,Ibrahim Diallo,1998-01-23,23.47
13/07/2021,Australia,15,Melvyn Jaminet,1999-06-30,22.04
13/07/2021,Australia,3,Wilfrid Hounkpatin,1991-07-29,29.96
13/07/2021,Australia,21,Sekou Macalou,1995-04-20,26.23
13/07/2021,Australia,22,Teddy Iribaren,1990-09-25,30.8
13/07/2021,Australia,9,Baptiste Couilloud,1997-07-22,23.98
13/07/2021,Australia,5,Cyril Cazeaux,1995-02-10,26.42
13/07/2021,Australia,18,Demba Bamba,1998-03-17,23.32
13/07/2021,Australia,13,Arthur Vincent,1999-09-30,21.79
13/07/2021,Australia,16,Anthony Etrillard,1993-03-21,28.31
13/07/2021,Australia,17,Enzo Forletta,1995-06-15,26.08
13/07/2021,Australia,8,Anthony Jelonch,1996-07-28,24.96
13/07/2021,Australia,23,Anthony Bouthier,1992-06-19,29.07
13/07/2021,Australia,7,Cameron Woki,1998-11-07,22.68
13/07/2021,Australia,10,Louis Carbonel,1999-02-04,22.44
13/07/2021,Australia,2,Gaetan Barlot,1997-04-13,24.25
13/07/2021,Australia,20,Romain Taofifenua,1990-09-14,30.83
13/07/2021,Australia,12,Jonathan Danty,1992-10-07,28.76
17/07/2021,Australia,14,Damian Penaud,1996-09-25,24.81
17/07/2021,Australia,10,Antoine Hastoy,1997-06-04,24.12
17/07/2021,Australia,11,Teddy Thomas,1993-09-18,27.83
17/07/2021,Australia,15,Melvyn Jaminet,1999-06-30,22.05
17/07/2021,Australia,21,Teddy Iribaren,1990-09-25,30.81
17/07/2021,Australia,9,Baptiste Couilloud,1997-07-22,23.99
17/07/2021,Australia,4,Cyril Cazeaux,1995-02-10,26.43
17/07/2021,Australia,18,Demba Bamba,1998-03-17,23.34
17/07/2021,Australia,20,Alexandre Becognee,1996-09-03,24.87
17/07/2021,Australia,13,Pierre-Louis Barassi,1998-04-22,23.24
17/07/2021,Australia,12,Arthur Vincent,1999-09-30,21.8
17/07/2021,Australia,23,Julien Heriteau,1994-09-12,26.85
17/07/2021,Australia,16,Anthony Etrillard,1993-03-21,28.32
17/07/2021,Australia,1,Enzo Forletta,1995-06-15,26.09
17/07/2021,Australia,3,Sipili Falatea,1997-06-06,24.11
17/07/2021,Australia,8,Anthony Jelonch,1996-07-28,24.97
17/07/2021,Australia,22,Anthony Bouthier,1992-06-19,29.08
17/07/2021,Australia,19,Baptiste Pesenti-Compagnoni,1997-07-03,24.04
17/07/2021,Australia,7,Cameron Woki,1998-11-07,22.69
17/07/2021,Australia,17,Quentin Walcker,1996-02-21,25.4
17/07/2021,Australia,2,Gaetan Barlot,1997-04-13,24.26
17/07/2021,Australia,5,Romain Taofifenua,1990-09-14,30.84
17/07/2021,Australia,6,Dylan Cretin,1997-05-04,24.2
06/11/2021,Argentina,14,Damian Penaud,1996-09-25,25.11
06/11/2021,Argentina,16,Peato Mauvaka,1997-01-10,24.82
06/11/2021,Argentina,6,Francois Cros,1994-03-25,27.62
06/11/2021,Argentina,11,Gabin Villiere,1995-12-13,25.9
06/11/2021,Argentina,2,Julien Marchand,1995-05-10,26.49
06/11/2021,Argentina,17,Jean-Baptiste Gros,1999-05-29,22.44
06/11/2021,Argentina,12,Romain Ntamack,1999-05-01,22.52
06/11/2021,Argentina,15,Melvyn Jaminet,1999-06-30,22.36
06/11/2021,Argentina,9,Antoine Dupont,1996-11-15,24.98
06/11/2021,Argentina,20,Sekou Macalou,1995-04-20,26.55
06/11/2021,Argentina,10,Matthieu Jalibert,1998-11-06,23.0
06/11/2021,Argentina,13,Gael Fickou,1994-03-26,27.62
06/11/2021,Argentina,18,Demba Bamba,1998-03-17,23.64
06/11/2021,Argentina,8,Anthony Jelonch,1996-07-28,25.28
06/11/2021,Argentina,7,Cameron Woki,1998-11-07,23.0
06/11/2021,Argentina,21,Gregory Alldritt,1997-03-23,24.62
06/11/2021,Argentina,1,Cyril Baille,1993-09-15,28.14
06/11/2021,Argentina,19,Romain Taofifenua,1990-09-14,31.15
06/11/2021,Argentina,3,Mohamed Haouas,1994-03-09,27.66
06/11/2021,Argentina,4,Thibaud Flament,1997-04-29,24.52
06/11/2021,Argentina,22,Maxime Lucu,1993-01-12,28.82
06/11/2021,Argentina,5,Paul Willemse,1992-11-13,28.98
06/11/2021,Argentina,23,Jonathan Danty,1992-10-07,29.08
14/11/2021,Georgia,14,Damian Penaud,1996-09-25,25.14
14/11/2021,Georgia,16,Peato Mauvaka,1997-01-10,24.84
14/11/2021,Georgia,21,Francois Cros,1994-03-25,27.64
14/11/2021,Georgia,2,Julien Marchand,1995-05-10,26.52
14/11/2021,Georgia,17,Jean-Baptiste Gros,1999-05-29,22.46
14/11/2021,Georgia,12,Romain Ntamack,1999-05-01,22.54
14/11/2021,Georgia,15,Melvyn Jaminet,1999-06-30,22.38
14/11/2021,Georgia,9,Antoine Dupont,1996-11-15,25.0
14/11/2021,Georgia,7,Sekou Macalou,1995-04-20,26.57
14/11/2021,Georgia,10,Matthieu Jalibert,1998-11-06,23.02
14/11/2021,Georgia,11,Matthis Lebel,1999-03-25,22.64
14/11/2021,Georgia,13,Gael Fickou,1994-03-26,27.64
14/11/2021,Georgia,18,Demba Bamba,1998-03-17,23.66
14/11/2021,Georgia,6,Anthony Jelonch,1996-07-28,25.3
14/11/2021,Georgia,3,Uini Atonio,1990-03-26,31.64
14/11/2021,Georgia,4,Cameron Woki,1998-11-07,23.02
14/11/2021,Georgia,8,Gregory Alldritt,1997-03-23,24.65
14/11/2021,Georgia,1,Cyril Baille,1993-09-15,28.16
14/11/2021,Georgia,5,Romain Taofifenua,1990-09-14,31.17
14/11/2021,Georgia,19,Thibaud Flament,1997-04-29,24.55
14/11/2021,Georgia,22,Maxime Lucu,1993-01-12,28.84
14/11/2021,Georgia,20,Paul Willemse,1992-11-13,29.0
14/11/2021,Georgia,23,Jonathan Danty,1992-10-07,29.1
20/11/2021,New Zealand,14,Damian Penaud,1996-09-25,25.15
20/11/2021,New Zealand,2,Peato Mauvaka,1997-01-10,24.86
20/11/2021,New Zealand,6,Francois Cros,1994-03-25,27.66
20/11/2021,New Zealand,11,Gabin Villiere,1995-12-13,25.94
20/11/2021,New Zealand,17,Jean-Baptiste Gros,1999-05-29,22.48
20/11/2021,New Zealand,10,Romain Ntamack,1999-05-01,22.56
20/11/2021,New Zealand,15,Melvyn Jaminet,1999-06-30,22.39
20/11/2021,New Zealand,9,Antoine Dupont,1996-11-15,25.01
20/11/2021,New Zealand,23,Matthieu Jalibert,1998-11-06,23.04
20/11/2021,New Zealand,13,Gael Fickou,1994-03-26,27.66
20/11/2021,New Zealand,18,Demba Bamba,1998-03-17,23.68
20/11/2021,New Zealand,7,Anthony Jelonch,1996-07-28,25.31
20/11/2021,New Zealand,3,Uini Atonio,1990-03-26,31.66
20/11/2021,New Zealand,4,Cameron Woki,1998-11-07,23.04
20/11/2021,New Zealand,8,Gregory Alldritt,1997-03-23,24.66
20/11/2021,New Zealand,1,Cyril Baille,1993-09-15,28.18
20/11/2021,New Zealand,16,Gaetan Barlot,1997-04-13,24.61
20/11/2021,New Zealand,19,Romain Taofifenua,1990-09-14,31.18
20/11/2021,New Zealand,21,Dylan Cretin,1997-05-04,24.55
20/11/2021,New Zealand,20,Thibaud Flament,1997-04-29,24.56
20/11/2021,New Zealand,22,Maxime Lucu,1993-01-12,28.85
20/11/2021,New Zealand,5,Paul Willemse,1992-11-13,29.02
20/11/2021,New Zealand,12,Jonathan Danty,1992-10-07,29.12
06/02/2022,Italy,14,Damian Penaud,1996-09-25,25.37
06/02/2022,Italy,16,Peato Mauvaka,1997-01-10,25.07
06/02/2022,Italy,22,Yoram Moefana,2000-07-18,21.56
06/02/2022,Italy,20,Francois Cros,1994-03-25,27.87
06/02/2022,Italy,11,Gabin Villiere,1995-12-13,26.15
06/02/2022,Italy,2,Julien Marchand,1995-05-10,26.75
06/02/2022,Italy,17,Jean-Baptiste Gros,1999-05-29,22.69
06/02/2022,Italy,10,Romain Ntamack,1999-05-01,22.77
06/02/2022,Italy,15,Melvyn Jaminet,1999-06-30,22.61
06/02/2022,Italy,9,Antoine Dupont,1996-11-15,25.23
06/02/2022,Italy,13,Gael Fickou,1994-03-26,27.87
06/02/2022,Italy,18,Demba Bamba,1998-03-17,23.89
06/02/2022,Italy,6,Anthony Jelonch,1996-07-28,25.53
06/02/2022,Italy,3,Uini Atonio,1990-03-26,31.87
06/02/2022,Italy,4,Cameron Woki,1998-11-07,23.25
06/02/2022,Italy,8,Gregory Alldritt,1997-03-23,24.88
06/02/2022,Italy,23,Thomas Ramos,1995-07-23,26.54
06/02/2022,Italy,1,Cyril Baille,1993-09-15,28.39
06/02/2022,Italy,19,Romain Taofifenua,1990-09-14,31.4
06/02/2022,Italy,7,Dylan Cretin,1997-05-04,24.76
06/02/2022,Italy,21,Maxime Lucu,1993-01-12,29.07
06/02/2022,Italy,5,Paul Willemse,1992-11-13,29.23
06/02/2022,Italy,12,Jonathan Danty,1992-10-07,29.33
12/02/2022,Ireland,14,Damian Penaud,1996-09-25,25.38
12/02/2022,Ireland,16,Peato Mauvaka,1997-01-10,25.09
12/02/2022,Ireland,12,Yoram Moefana,2000-07-18,21.57
12/02/2022,Ireland,6,Francois Cros,1994-03-25,27.89
12/02/2022,Ireland,11,Gabin Villiere,1995-12-13,26.17
12/02/2022,Ireland,2,Julien Marchand,1995-05-10,26.76
12/02/2022,Ireland,17,Jean-Baptiste Gros,1999-05-29,22.71
12/02/2022,Ireland,10,Romain Ntamack,1999-05-01,22.79
12/02/2022,Ireland,15,Melvyn Jaminet,1999-06-30,22.62
12/02/2022,Ireland,9,Antoine Dupont,1996-11-15,25.24
12/02/2022,Ireland,13,Gael Fickou,1994-03-26,27.89
12/02/2022,Ireland,18,Demba Bamba,1998-03-17,23.91
12/02/2022,Ireland,7,Anthony Jelonch,1996-07-28,25.54
12/02/2022,Ireland,3,Uini Atonio,1990-03-26,31.89
12/02/2022,Ireland,4,Cameron Woki,1998-11-07,23.27
12/02/2022,Ireland,8,Gregory Alldritt,1997-03-23,24.89
12/02/2022,Ireland,23,Thomas Ramos,1995-07-23,26.56
12/02/2022,Ireland,1,Cyril Baille,1993-09-15,28.41
12/02/2022,Ireland,19,Romain Taofifenua,1990-09-14,31.41
12/02/2022,Ireland,21,Dylan Cretin,1997-05-04,24.78
12/02/2022,Ireland,20,Thibaud Flament,1997-04-29,24.79
12/02/2022,Ireland,22,Maxime Lucu,1993-01-12,29.08
12/02/2022,Ireland,5,Paul Willemse,1992-11-13,29.25
26/02/2022,Scotland,14,Damian Penaud,1996-09-25,25.42
26/02/2022,Scotland,16,Peato Mauvaka,1997-01-10,25.13
26/02/2022,Scotland,11,Yoram Moefana,2000-07-18,21.61
26/02/2022,Scotland,6,Francois Cros,1994-03-25,27.93
26/02/2022,Scotland,2,Julien Marchand,1995-05-10,26.8
26/02/2022,Scotland,17,Jean-Baptiste Gros,1999-05-29,22.75
26/02/2022,Scotland,10,Romain Ntamack,1999-05-01,22.83
26/02/2022,Scotland,15,Melvyn Jaminet,1999-06-30,22.66
26/02/2022,Scotland,9,Antoine Dupont,1996-11-15,25.28
26/02/2022,Scotland,13,Gael Fickou,1994-03-26,27.92
26/02/2022,Scotland,18,Demba Bamba,1998-03-17,23.95
26/02/2022,Scotland,7,Anthony Jelonch,1996-07-28,25.58
26/02/2022,Scotland,3,Uini Atonio,1990-03-26,31.92
26/02/2022,Scotland,4,Cameron Woki,1998-11-07,23.31
26/02/2022,Scotland,8,Gregory Alldritt,1997-03-23,24.93
26/02/2022,Scotland,23,Thomas Ramos,1995-07-23,26.6
26/02/2022,Scotland,1,Cyril Baille,1993-09-15,28.45
26/02/2022,Scotland,19,Romain Taofifenua,1990-09-14,31.45
26/02/2022,Scotland,21,Dylan Cretin,1997-05-04,24.82
26/02/2022,Scotland,20,Thibaud Flament,1997-04-29,24.83
26/02/2022,Scotland,22,Maxime Lucu,1993-01-12,29.12
26/02/2022,Scotland,5,Paul Willemse,1992-11-13,29.29
26/02/2022,Scotland,12,Jonathan Danty,1992-10-07,29.39
11/03/2022,Wales,16,Peato Mauvaka,1997-01-10,25.16
11/03/2022,Wales,14,Yoram Moefana,2000-07-18,21.65
11/03/2022,Wales,6,Francois Cros,1994-03-25,27.96
11/03/2022,Wales,11,Gabin Villiere,1995-12-13,26.24
11/03/2022,Wales,2,Julien Marchand,1995-05-10,26.84
11/03/2022,Wales,17,Jean-Baptiste Gros,1999-05-29,22.78
11/03/2022,Wales,10,Romain Ntamack,1999-05-01,22.86
11/03/2022,Wales,15,Melvyn Jaminet,1999-06-30,22.7
11/03/2022,Wales,9,Antoine Dupont,1996-11-15,25.32
11/03/2022,Wales,19,Matthis Lebel,1999-03-25,22.96
11/03/2022,Wales,13,Gael Fickou,1994-03-26,27.96
11/03/2022,Wales,7,Anthony Jelonch,1996-07-28,25.62
11/03/2022,Wales,3,Uini Atonio,1990-03-26,31.96
11/03/2022,Wales,4,Cameron Woki,1998-11-07,23.34
11/03/2022,Wales,8,Gregory Alldritt,1997-03-23,24.97
11/03/2022,Wales,23,Thomas Ramos,1995-07-23,26.63
11/03/2022,Wales,1,Cyril Baille,1993-09-15,28.49
11/03/2022,Wales,21,Dylan Cretin,1997-05-04,24.85
11/03/2022,Wales,18,Mohamed Haouas,1994-03-09,28.01
11/03/2022,Wales,20,Thibaud Flament,1997-04-29,24.87
11/03/2022,Wales,22,Maxime Lucu,1993-01-12,29.16
11/03/2022,Wales,5,Paul Willemse,1992-11-13,29.32
11/03/2022,Wales,12,Jonathan Danty,1992-10-07,29.42
19/03/2022,England,14,Damian Penaud,1996-09-25,25.48
19/03/2022,England,16,Peato Mauvaka,1997-01-10,25.19
19/03/2022,England,6,Francois Cros,1994-03-25,27.98
19/03/2022,England,11,Gabin Villiere,1995-12-13,26.26
19/03/2022,England,2,Julien Marchand,1995-05-10,26.86
19/03/2022,England,17,Jean-Baptiste Gros,1999-05-29,22.81
19/03/2022,England,10,Romain Ntamack,1999-05-01,22.88
19/03/2022,England,15,Melvyn Jaminet,1999-06-30,22.72
19/03/2022,England,9,Antoine Dupont,1996-11-15,25.34
19/03/2022,England,13,Gael Fickou,1994-03-26,27.98
19/03/2022,England,7,Anthony Jelonch,1996-07-28,25.64
19/03/2022,England,3,Uini Atonio,1990-03-26,31.98
19/03/2022,England,4,Cameron Woki,1998-11-07,23.36
19/03/2022,England,8,Gregory Alldritt,1997-03-23,24.99
19/03/2022,England,23,Thomas Ramos,1995-07-23,26.66
19/03/2022,England,1,Cyril Baille,1993-09-15,28.51
19/03/2022,England,19,Romain Taofifenua,1990-09-14,31.51
19/03/2022,England,21,Dylan Cretin,1997-05-04,24.87
19/03/2022,England,18,Mohamed Haouas,1994-03-09,28.03
19/03/2022,England,20,Thibaud Flament,1997-04-29,24.89
19/03/2022,England,22,Maxime Lucu,1993-01-12,29.18
19/03/2022,England,5,Paul Willemse,1992-11-13,29.34
19/03/2022,England,12,Jonathan Danty,1992-10-07,29.45
02/07/2022,Japan,14,Damian Penaud,1996-09-25,25.77
02/07/2022,Japan,2,Peato Mauvaka,1997-01-10,25.47
02/07/2022,Japan,23,Antoine Hastoy,1997-06-04,25.08
02/07/2022,Japan,12,Yoram Moefana,2000-07-18,21.96
02/07/2022,Japan,1,Jean-Baptiste Gros,1999-05-29,23.09
02/07/2022,Japan,15,Melvyn Jaminet,1999-06-30,23.01
02/07/2022,Japan,21,Sekou Macalou,1995-04-20,27.2
02/07/2022,Japan,10,Matthieu Jalibert,1998-11-06,23.65
02/07/2022,Japan,22,Baptiste Couilloud,1997-07-22,24.95
02/07/2022,Japan,11,Matthis Lebel,1999-03-25,23.27
02/07/2022,Japan,3,Demba Bamba,1998-03-17,24.29
02/07/2022,Japan,20,Selevasio Tolofua,1997-05-31,25.09
02/07/2022,Japan,18,Sipili Falatea,1997-06-06,25.07
02/07/2022,Japan,8,Yoan Tanga,1996-11-29,25.59
02/07/2022,Japan,16,Pierre Bourgarit,1997-09-12,24.8
02/07/2022,Japan,7,Dylan Cretin,1997-05-04,25.16
02/07/2022,Japan,5,Thomas Jolmes,1995-10-08,26.73
02/07/2022,Japan,13,Virimi Vakatawa,1992-05-01,30.17
02/07/2022,Japan,6,Charles Ollivon,1993-05-11,29.14
02/07/2022,Japan,19,Thomas Lavault,1999-05-03,23.17
02/07/2022,Japan,17,Dany Priso,1994-01-02,28.5
02/07/2022,Japan,4,Thibaud Flament,1997-04-29,25.18
02/07/2022,Japan,9,Maxime Lucu,1993-01-12,29.47
09/07/2022,Japan,14,Damian Penaud,1996-09-25,25.79
09/07/2022,Japan,2,Peato Mauvaka,1997-01-10,25.49
09/07/2022,Japan,23,Antoine Hastoy,1997-06-04,25.1
09/07/2022,Japan,12,Yoram Moefana,2000-07-18,21.97
09/07/2022,Japan,1,Jean-Baptiste Gros,1999-05-29,23.11
09/07/2022,Japan,20,Ibrahim Diallo,1998-01-23,24.46
09/07/2022,Japan,21,Sekou Macalou,1995-04-20,27.22
09/07/2022,Japan,10,Matthieu Jalibert,1998-11-06,23.67
09/07/2022,Japan,22,Baptiste Couilloud,1997-07-22,24.96
09/07/2022,Japan,11,Matthis Lebel,1999-03-25,23.29
09/07/2022,Japan,3,Demba Bamba,1998-03-17,24.31
09/07/2022,Japan,18,Sipili Falatea,1997-06-06,25.09
09/07/2022,Japan,8,Yoan Tanga,1996-11-29,25.61
09/07/2022,Japan,16,Pierre Bourgarit,1997-09-12,24.82
09/07/2022,Japan,6,Dylan Cretin,1997-05-04,25.18
09/07/2022,Japan,5,Thomas Jolmes,1995-10-08,26.75
09/07/2022,Japan,13,Virimi Vakatawa,1992-05-01,30.19
09/07/2022,Japan,7,Charles Ollivon,1993-05-11,29.16
09/07/2022,Japan,19,Thomas Lavault,1999-05-03,23.18
09/07/2022,Japan,17,Dany Priso,1994-01-02,28.52
09/07/2022,Japan,4,Thibaud Flament,1997-04-29,25.19
09/07/2022,Japan,9,Maxime Lucu,1993-01-12,29.49
09/07/2022,Japan,15,Max Spring,2001-03-15,21.32
05/11/2022,Australia,14,Damian Penaud,1996-09-25,26.11
05/11/2022,Australia,16,Peato Mauvaka,1997-01-10,25.82
05/11/2022,Australia,11,Yoram Moefana,2000-07-18,22.3
05/11/2022,Australia,2,Julien Marchand,1995-05-10,27.49
05/11/2022,Australia,10,Romain Ntamack,1999-05-01,23.52
05/11/2022,Australia,9,Antoine Dupont,1996-11-15,25.97
05/11/2022,Australia,21,Sekou Macalou,1995-04-20,27.55
05/11/2022,Australia,23,Matthieu Jalibert,1998-11-06,24.0
05/11/2022,Australia,20,Matthis Lebel,1999-03-25,23.62
05/11/2022,Australia,13,Gael Fickou,1994-03-26,28.61
05/11/2022,Australia,18,Sipili Falatea,1997-06-06,25.42
05/11/2022,Australia,6,Anthony Jelonch,1996-07-28,26.27
05/11/2022,Australia,3,Uini Atonio,1990-03-26,32.61
05/11/2022,Australia,4,Cameron Woki,1998-11-07,24.0
05/11/2022,Australia,8,Gregory Alldritt,1997-03-23,25.62
05/11/2022,Australia,15,Thomas Ramos,1995-07-23,27.29
05/11/2022,Australia,1,Cyril Baille,1993-09-15,29.14
05/11/2022,Australia,19,Romain Taofifenua,1990-09-14,32.14
05/11/2022,Australia,7,Charles Ollivon,1993-05-11,29.49
05/11/2022,Australia,17,Dany Priso,1994-01-02,28.84
05/11/2022,Australia,5,Thibaud Flament,1997-04-29,25.52
05/11/2022,Australia,22,Maxime Lucu,1993-01-12,29.81
05/11/2022,Australia,12,Jonathan Danty,1992-10-07,30.08
12/11/2022,South Africa,14,Damian Penaud,1996-09-25,26.13
12/11/2022,South Africa,16,Peato Mauvaka,1997-01-10,25.84
12/11/2022,South Africa,11,Yoram Moefana,2000-07-18,22.32
12/11/2022,South Africa,2,Julien Marchand,1995-05-10,27.51
12/11/2022,South Africa,10,Romain Ntamack,1999-05-01,23.54
12/11/2022,South Africa,9,Antoine Dupont,1996-11-15,25.99
12/11/2022,South Africa,21,Sekou Macalou,1995-04-20,27.57
12/11/2022,South Africa,23,Matthieu Jalibert,1998-11-06,24.02
12/11/2022,South Africa,13,Gael Fickou,1994-03-26,28.63
12/11/2022,South Africa,18,Sipili Falatea,1997-06-06,25.44
12/11/2022,South Africa,6,Anthony Jelonch,1996-07-28,26.29
12/11/2022,South Africa,20,Bastien Chalureau,1992-02-13,30.75
12/11/2022,South Africa,3,Uini Atonio,1990-03-26,32.63
12/11/2022,South Africa,4,Cameron Woki,1998-11-07,24.01
12/11/2022,South Africa,8,Gregory Alldritt,1997-03-23,25.64
12/11/2022,South Africa,15,Thomas Ramos,1995-07-23,27.31
12/11/2022,South Africa,1,Cyril Baille,1993-09-15,29.16
12/11/2022,South Africa,19,Romain Taofifenua,1990-09-14,32.16
12/11/2022,South Africa,17,Reda Wardi,1995-08-02,27.28
12/11/2022,South Africa,7,Charles Ollivon,1993-05-11,29.51
12/11/2022,South Africa,5,Thibaud Flament,1997-04-29,25.54
12/11/2022,South Africa,22,Maxime Lucu,1993-01-12,29.83
12/11/2022,South Africa,12,Jonathan Danty,1992-10-07,30.1
20/11/2022,Japan,14,Damian Penaud,1996-09-25,26.15
20/11/2022,Japan,16,Peato Mauvaka,1997-01-10,25.86
20/11/2022,Japan,11,Yoram Moefana,2000-07-18,22.34
20/11/2022,Japan,2,Julien Marchand,1995-05-10,27.53
20/11/2022,Japan,10,Romain Ntamack,1999-05-01,23.56
20/11/2022,Japan,21,Sekou Macalou,1995-04-20,27.59
20/11/2022,Japan,23,Matthieu Jalibert,1998-11-06,24.04
20/11/2022,Japan,22,Baptiste Couilloud,1997-07-22,25.33
20/11/2022,Japan,13,Gael Fickou,1994-03-26,28.65
20/11/2022,Japan,18,Sipili Falatea,1997-06-06,25.46
20/11/2022,Japan,6,Anthony Jelonch,1996-07-28,26.31
20/11/2022,Japan,20,Bastien Chalureau,1992-02-13,30.77
20/11/2022,Japan,3,Uini Atonio,1990-03-26,32.66
20/11/2022,Japan,19,Florian Verhaeghe,1997-04-27,25.57
20/11/2022,Japan,4,Cameron Woki,1998-11-07,24.04
20/11/2022,Japan,8,Gregory Alldritt,1997-03-23,25.66
20/11/2022,Japan,15,Thomas Ramos,1995-07-23,27.33
20/11/2022,Japan,5,Romain Taofifenua,1990-09-14,32.18
20/11/2022,Japan,1,Reda Wardi,1995-08-02,27.3
20/11/2022,Japan,7,Charles Ollivon,1993-05-11,29.53
20/11/2022,Japan,17,Dany Priso,1994-01-02,28.88
20/11/2022,Japan,9,Maxime Lucu,1993-01-12,29.85
20/11/2022,Japan,12,Jonathan Danty,1992-10-07,30.12
05/02/2023,Italy,14,Damian Penaud,1996-09-25,26.36
05/02/2023,Italy,12,Yoram Moefana,2000-07-18,22.55
05/02/2023,Italy,2,Julien Marchand,1995-05-10,27.74
05/02/2023,Italy,10,Romain Ntamack,1999-05-01,23.77
05/02/2023,Italy,9,Antoine Dupont,1996-11-15,26.22
05/02/2023,Italy,21,Sekou Macalou,1995-04-20,27.8
05/02/2023,Italy,23,Matthieu Jalibert,1998-11-06,24.25
05/02/2023,Italy,13,Gael Fickou,1994-03-26,28.87
05/02/2023,Italy,18,Sipili Falatea,1997-06-06,25.67
05/02/2023,Italy,6,Anthony Jelonch,1996-07-28,26.52
05/02/2023,Italy,3,Uini Atonio,1990-03-26,32.87
05/02/2023,Italy,8,Gregory Alldritt,1997-03-23,25.87
05/02/2023,Italy,22,Nolann Le Garrec,2002-05-14,20.73
05/02/2023,Italy,15,Thomas Ramos,1995-07-23,27.54
05/02/2023,Italy,1,Cyril Baille,1993-09-15,29.39
05/02/2023,Italy,11,Ethan Dumortier,2000-12-29,22.1
05/02/2023,Italy,16,Gaetan Barlot,1997-04-13,25.82
05/02/2023,Italy,19,Romain Taofifenua,1990-09-14,32.39
05/02/2023,Italy,17,Reda Wardi,1995-08-02,27.51
05/02/2023,Italy,7,Charles Ollivon,1993-05-11,29.74
05/02/2023,Italy,20,Thomas Lavault,1999-05-03,23.76
05/02/2023,Italy,4,Thibaud Flament,1997-04-29,25.77
05/02/2023,Italy,5,Paul Willemse,1992-11-13,30.23
11/02/2023,Ireland,14,Damian Penaud,1996-09-25,26.38
11/02/2023,Ireland,12,Yoram Moefana,2000-07-18,22.57
11/02/2023,Ireland,20,Francois Cros,1994-03-25,28.88
11/02/2023,Ireland,2,Julien Marchand,1995-05-10,27.76
11/02/2023,Ireland,10,Romain Ntamack,1999-05-01,23.78
11/02/2023,Ireland,9,Antoine Dupont,1996-11-15,26.24
11/02/2023,Ireland,21,Sekou Macalou,1995-04-20,27.81
11/02/2023,Ireland,23,Matthieu Jalibert,1998-11-06,24.27
11/02/2023,Ireland,22,Baptiste Couilloud,1997-07-22,25.56
11/02/2023,Ireland,13,Gael Fickou,1994-03-26,28.88
11/02/2023,Ireland,18,Sipili Falatea,1997-06-06,25.68
11/02/2023,Ireland,6,Anthony Jelonch,1996-07-28,26.54
11/02/2023,Ireland,3,Uini Atonio,1990-03-26,32.88
11/02/2023,Ireland,8,Gregory Alldritt,1997-03-23,25.89
11/02/2023,Ireland,15,Thomas Ramos,1995-07-23,27.56
11/02/2023,Ireland,1,Cyril Baille,1993-09-15,29.41
11/02/2023,Ireland,11,Ethan Dumortier,2000-12-29,22.12
11/02/2023,Ireland,16,Gaetan Barlot,1997-04-13,25.83
11/02/2023,Ireland,19,Romain Taofifenua,1990-09-14,32.41
11/02/2023,Ireland,17,Reda Wardi,1995-08-02,27.53
11/02/2023,Ireland,7,Charles Ollivon,1993-05-11,29.76
11/02/2023,Ireland,4,Thibaud Flament,1997-04-29,25.79
11/02/2023,Ireland,5,Paul Willemse,1992-11-13,30.25
26/02/2023,Scotland,14,Damian Penaud,1996-09-25,26.42
26/02/2023,Scotland,12,Yoram Moefana,2000-07-18,22.61
26/02/2023,Scotland,20,Francois Cros,1994-03-25,28.93
26/02/2023,Scotland,2,Julien Marchand,1995-05-10,27.8
26/02/2023,Scotland,10,Romain Ntamack,1999-05-01,23.83
26/02/2023,Scotland,9,Antoine Dupont,1996-11-15,26.28
26/02/2023,Scotland,21,Sekou Macalou,1995-04-20,27.86
26/02/2023,Scotland,23,Matthieu Jalibert,1998-11-06,24.31
26/02/2023,Scotland,22,Baptiste Couilloud,1997-07-22,25.6
26/02/2023,Scotland,13,Gael Fickou,1994-03-26,28.92
26/02/2023,Scotland,18,Sipili Falatea,1997-06-06,25.73
26/02/2023,Scotland,6,Anthony Jelonch,1996-07-28,26.58
26/02/2023,Scotland,8,Gregory Alldritt,1997-03-23,25.93
26/02/2023,Scotland,15,Thomas Ramos,1995-07-23,27.6
26/02/2023,Scotland,1,Cyril Baille,1993-09-15,29.45
26/02/2023,Scotland,11,Ethan Dumortier,2000-12-29,22.16
26/02/2023,Scotland,16,Gaetan Barlot,1997-04-13,25.87
26/02/2023,Scotland,19,Romain Taofifenua,1990-09-14,32.45
26/02/2023,Scotland,17,Reda Wardi,1995-08-02,27.57
26/02/2023,Scotland,3,Mohamed Haouas,1994-03-09,28.97
26/02/2023,Scotland,7,Charles Ollivon,1993-05-11,29.8
26/02/2023,Scotland,4,Thibaud Flament,1997-04-29,25.83
26/02/2023,Scotland,5,Paul Willemse,1992-11-13,30.29
11/03/2023,England,14,Damian Penaud,1996-09-25,26.46
11/03/2023,England,16,Peato Mauvaka,1997-01-10,26.16
11/03/2023,England,22,Yoram Moefana,2000-07-18,22.65
11/03/2023,England,6,Francois Cros,1994-03-25,28.96
11/03/2023,England,2,Julien Marchand,1995-05-10,27.84
11/03/2023,England,10,Romain Ntamack,1999-05-01,23.86
11/03/2023,England,23,Melvyn Jaminet,1999-06-30,23.7
11/03/2023,England,9,Antoine Dupont,1996-11-15,26.32
11/03/2023,England,20,Sekou Macalou,1995-04-20,27.89
11/03/2023,England,13,Gael Fickou,1994-03-26,28.96
11/03/2023,England,3,Dorian Aldegheri,1993-08-04,29.6
11/03/2023,England,18,Sipili Falatea,1997-06-06,25.76
11/03/2023,England,8,Gregory Alldritt,1997-03-23,25.97
11/03/2023,England,15,Thomas Ramos,1995-07-23,27.63
11/03/2023,England,1,Cyril Baille,1993-09-15,29.48
11/03/2023,England,11,Ethan Dumortier,2000-12-29,22.2
11/03/2023,England,19,Romain Taofifenua,1990-09-14,32.49
11/03/2023,England,17,Reda Wardi,1995-08-02,27.61
11/03/2023,England,7,Charles Ollivon,1993-05-11,29.83
11/03/2023,England,4,Thibaud Flament,1997-04-29,25.87
11/03/2023,England,21,Maxime Lucu,1993-01-12,30.16
11/03/2023,England,5,Paul Willemse,1992-11-13,30.32
11/03/2023,England,12,Jonathan Danty,1992-10-07,30.42
18/03/2023,Wales,14,Damian Penaud,1996-09-25,26.48
18/03/2023,Wales,16,Peato Mauvaka,1997-01-10,26.18
18/03/2023,Wales,22,Yoram Moefana,2000-07-18,22.66
18/03/2023,Wales,6,Francois Cros,1994-03-25,28.98
18/03/2023,Wales,2,Julien Marchand,1995-05-10,27.86
18/03/2023,Wales,10,Romain Ntamack,1999-05-01,23.88
18/03/2023,Wales,23,Melvyn Jaminet,1999-06-30,23.72
18/03/2023,Wales,9,Antoine Dupont,1996-11-15,26.34
18/03/2023,Wales,20,Sekou Macalou,1995-04-20,27.91
18/03/2023,Wales,13,Gael Fickou,1994-03-26,28.98
18/03/2023,Wales,18,Sipili Falatea,1997-06-06,25.78
18/03/2023,Wales,19,Bastien Chalureau,1992-02-13,31.09
18/03/2023,Wales,3,Uini Atonio,1990-03-26,32.98
18/03/2023,Wales,8,Gregory Alldritt,1997-03-23,25.99
18/03/2023,Wales,15,Thomas Ramos,1995-07-23,27.65
18/03/2023,Wales,1,Cyril Baille,1993-09-15,29.5
18/03/2023,Wales,11,Ethan Dumortier,2000-12-29,22.22
18/03/2023,Wales,5,Romain Taofifenua,1990-09-14,32.51
18/03/2023,Wales,17,Reda Wardi,1995-08-02,27.63
18/03/2023,Wales,7,Charles Ollivon,1993-05-11,29.85
18/03/2023,Wales,4,Thibaud Flament,1997-04-29,25.88
18/03/2023,Wales,21,Maxime Lucu,1993-01-12,30.18
18/03/2023,Wales,12,Jonathan Danty,1992-10-07,30.44
05/08/2023,Scotland,16,Peato Mauvaka,1997-01-10,26.57
05/08/2023,Scotland,22,Antoine Hastoy,1997-06-04,26.17
05/08/2023,Scotland,12,Yoram Moefana,2000-07-18,23.05
05/08/2023,Scotland,14,Louis Bielle-Biarrey,2003-06-19,20.13
05/08/2023,Scotland,13,Emilien Gailleton,2003-07-13,20.06
05/08/2023,Scotland,1,Jean-Baptiste Gros,1999-05-29,24.19
05/08/2023,Scotland,7,Sekou Macalou,1995-04-20,28.29
05/08/2023,Scotland,10,Matthieu Jalibert,1998-11-06,24.75
05/08/2023,Scotland,9,Baptiste Couilloud,1997-07-22,26.04
05/08/2023,Scotland,3,Demba Bamba,1998-03-17,25.39
05/08/2023,Scotland,6,Paul Boudehent,1999-11-21,23.7
05/08/2023,Scotland,23,Arthur Vincent,1999-09-30,23.85
05/08/2023,Scotland,21,Baptiste Serin,1994-06-20,29.13
05/08/2023,Scotland,15,Brice Dulin,1990-04-13,33.31
05/08/2023,Scotland,18,Sipili Falatea,1997-06-06,26.16
05/08/2023,Scotland,8,Yoan Tanga,1996-11-29,26.68
05/08/2023,Scotland,5,Bastien Chalureau,1992-02-13,31.47
05/08/2023,Scotland,2,Pierre Bourgarit,1997-09-12,25.9
05/08/2023,Scotland,4,Cameron Woki,1998-11-07,24.74
05/08/2023,Scotland,11,Ethan Dumortier,2000-12-29,22.6
05/08/2023,Scotland,20,Dylan Cretin,1997-05-04,26.25
05/08/2023,Scotland,17,Reda Wardi,1995-08-02,28.01
05/08/2023,Scotland,19,Paul Willemse,1992-11-13,30.72
12/08/2023,Scotland,14,Damian Penaud,1996-09-25,26.88
12/08/2023,Scotland,23,Louis Bielle-Biarrey,2003-06-19,20.15
12/08/2023,Scotland,11,Gabin Villiere,1995-12-13,27.66
12/08/2023,Scotland,2,Julien Marchand,1995-05-10,28.26
12/08/2023,Scotland,17,Jean-Baptiste Gros,1999-05-29,24.21
12/08/2023,Scotland,10,Romain Ntamack,1999-05-01,24.28
12/08/2023,Scotland,9,Antoine Dupont,1996-11-15,26.74
12/08/2023,Scotland,21,Sekou Macalou,1995-04-20,28.31
12/08/2023,Scotland,13,Gael Fickou,1994-03-26,29.38
12/08/2023,Scotland,6,Paul Boudehent,1999-11-21,23.72
12/08/2023,Scotland,3,Dorian Aldegheri,1993-08-04,30.02
12/08/2023,Scotland,20,Bastien Chalureau,1992-02-13,31.49
12/08/2023,Scotland,16,Pierre Bourgarit,1997-09-12,25.91
12/08/2023,Scotland,18,Uini Atonio,1990-03-26,33.38
12/08/2023,Scotland,19,Florian Verhaeghe,1997-04-27,26.29
12/08/2023,Scotland,4,Cameron Woki,1998-11-07,24.76
12/08/2023,Scotland,8,Gregory Alldritt,1997-03-23,26.39
12/08/2023,Scotland,15,Thomas Ramos,1995-07-23,28.06
12/08/2023,Scotland,1,Cyril Baille,1993-09-15,29.91
12/08/2023,Scotland,7,Charles Ollivon,1993-05-11,30.25
12/08/2023,Scotland,5,Thibaud Flament,1997-04-29,26.29
12/08/2023,Scotland,22,Maxime Lucu,1993-01-12,30.58
12/08/2023,Scotland,12,Jonathan Danty,1992-10-07,30.85
19/08/2023,Fiji,2,Peato Mauvaka,1997-01-10,26.6
19/08/2023,Fiji,10,Antoine Hastoy,1997-06-04,26.21
19/08/2023,Fiji,11,Yoram Moefana,2000-07-18,23.09
19/08/2023,Fiji,14,Louis Bielle-Biarrey,2003-06-19,20.17
19/08/2023,Fiji,6,Francois Cros,1994-03-25,29.4
19/08/2023,Fiji,17,Jean-Baptiste Gros,1999-05-29,24.23
19/08/2023,Fiji,15,Melvyn Jaminet,1999-06-30,24.14
19/08/2023,Fiji,21,Sekou Macalou,1995-04-20,28.33
19/08/2023,Fiji,23,Matthieu Jalibert,1998-11-06,24.78
19/08/2023,Fiji,13,Arthur Vincent,1999-09-30,23.89
19/08/2023,Fiji,22,Baptiste Serin,1994-06-20,29.16
19/08/2023,Fiji,19,Bastien Chalureau,1992-02-13,31.51
19/08/2023,Fiji,16,Pierre Bourgarit,1997-09-12,25.93
19/08/2023,Fiji,3,Uini Atonio,1990-03-26,33.4
19/08/2023,Fiji,4,Florian Verhaeghe,1997-04-27,26.31
19/08/2023,Fiji,8,Gregory Alldritt,1997-03-23,26.41
19/08/2023,Fiji,18,Thomas Laclayat,1997-10-02,25.88
19/08/2023,Fiji,7,Dylan Cretin,1997-05-04,26.29
19/08/2023,Fiji,1,Reda Wardi,1995-08-02,28.05
19/08/2023,Fiji,20,Thibaud Flament,1997-04-29,26.31
19/08/2023,Fiji,9,Maxime Lucu,1993-01-12,30.6
19/08/2023,Fiji,5,Paul Willemse,1992-11-13,30.76
19/08/2023,Fiji,12,Jonathan Danty,1992-10-07,30.86
27/08/2023,Australia,14,Damian Penaud,1996-09-25,26.92
27/08/2023,Australia,16,Peato Mauvaka,1997-01-10,26.63
27/08/2023,Australia,6,Francois Cros,1994-03-25,29.42
27/08/2023,Australia,17,Sebastien Taofifenua,1992-03-21,31.43
27/08/2023,Australia,11,Gabin Villiere,1995-12-13,27.7
27/08/2023,Australia,2,Julien Marchand,1995-05-10,28.3
27/08/2023,Australia,1,Jean-Baptiste Gros,1999-05-29,24.25
27/08/2023,Australia,23,Melvyn Jaminet,1999-06-30,24.16
27/08/2023,Australia,9,Antoine Dupont,1996-11-15,26.78
27/08/2023,Australia,10,Matthieu Jalibert,1998-11-06,24.81
27/08/2023,Australia,22,Baptiste Couilloud,1997-07-22,26.1
27/08/2023,Australia,13,Gael Fickou,1994-03-26,29.42
27/08/2023,Australia,21,Paul Boudehent,1999-11-21,23.77
27/08/2023,Australia,18,Dorian Aldegheri,1993-08-04,30.06
27/08/2023,Australia,3,Uini Atonio,1990-03-26,33.42
27/08/2023,Australia,20,Cameron Woki,1998-11-07,24.8
27/08/2023,Australia,8,Gregory Alldritt,1997-03-23,26.43
27/08/2023,Australia,15,Thomas Ramos,1995-07-23,28.1
27/08/2023,Australia,19,Romain Taofifenua,1990-09-14,32.95
27/08/2023,Australia,7,Charles Ollivon,1993-05-11,30.29
27/08/2023,Australia,4,Thibaud Flament,1997-04-29,26.33
27/08/2023,Australia,5,Paul Willemse,1992-11-13,30.79
27/08/2023,Australia,12,Jonathan Danty,1992-10-07,30.89
08/09/2023,New Zealand,14,Damian Penaud,1996-09-25,26.95
08/09/2023,New Zealand,16,Peato Mauvaka,1997-01-10,26.66
08/09/2023,New Zealand,12,Yoram Moefana,2000-07-18,23.14
08/09/2023,New Zealand,6,Francois Cros,1994-03-25,29.46
08/09/2023,New Zealand,11,Gabin Villiere,1995-12-13,27.74
08/09/2023,New Zealand,2,Julien Marchand,1995-05-10,28.33
08/09/2023,New Zealand,17,Jean-Baptiste Gros,1999-05-29,24.28
08/09/2023,New Zealand,23,Melvyn Jaminet,1999-06-30,24.19
08/09/2023,New Zealand,9,Antoine Dupont,1996-11-15,26.81
08/09/2023,New Zealand,10,Matthieu Jalibert,1998-11-06,24.84
08/09/2023,New Zealand,13,Gael Fickou,1994-03-26,29.45
08/09/2023,New Zealand,20,Paul Boudehent,1999-11-21,23.8
08/09/2023,New Zealand,22,Arthur Vincent,1999-09-30,23.94
08/09/2023,New Zealand,18,Dorian Aldegheri,1993-08-04,30.1
08/09/2023,New Zealand,3,Uini Atonio,1990-03-26,33.45
08/09/2023,New Zealand,4,Cameron Woki,1998-11-07,24.84
08/09/2023,New Zealand,8,Gregory Alldritt,1997-03-23,26.46
08/09/2023,New Zealand,15,Thomas Ramos,1995-07-23,28.13
08/09/2023,New Zealand,19,Romain Taofifenua,1990-09-14,32.98
08/09/2023,New Zealand,1,Reda Wardi,1995-08-02,28.1
08/09/2023,New Zealand,7,Charles Ollivon,1993-05-11,30.33
08/09/2023,New Zealand,5,Thibaud Flament,1997-04-29,26.36
08/09/2023,New Zealand,21,Maxime Lucu,1993-01-12,30.65
14/09/2023,Uruguay,16,Peato Mauvaka,1997-01-10,26.68
14/09/2023,Uruguay,10,Antoine Hastoy,1997-06-04,26.28
14/09/2023,Uruguay,12,Yoram Moefana,2000-07-18,23.16
14/09/2023,Uruguay,14,Louis Bielle-Biarrey,2003-06-19,20.24
14/09/2023,Uruguay,21,Francois Cros,1994-03-25,29.47
14/09/2023,Uruguay,11,Gabin Villiere,1995-12-13,27.75
14/09/2023,Uruguay,1,Jean-Baptiste Gros,1999-05-29,24.3
14/09/2023,Uruguay,15,Melvyn Jaminet,1999-06-30,24.21
14/09/2023,Uruguay,7,Sekou Macalou,1995-04-20,28.4
14/09/2023,Uruguay,22,Baptiste Couilloud,1997-07-22,26.15
14/09/2023,Uruguay,6,Paul Boudehent,1999-11-21,23.81
14/09/2023,Uruguay,13,Arthur Vincent,1999-09-30,23.96
14/09/2023,Uruguay,3,Dorian Aldegheri,1993-08-04,30.11
14/09/2023,Uruguay,18,Sipili Falatea,1997-06-06,26.27
14/09/2023,Uruguay,8,Anthony Jelonch,1996-07-28,27.13
14/09/2023,Uruguay,19,Bastien Chalureau,1992-02-13,31.58
14/09/2023,Uruguay,2,Pierre Bourgarit,1997-09-12,26.0
14/09/2023,Uruguay,4,Cameron Woki,1998-11-07,24.85
14/09/2023,Uruguay,23,Thomas Ramos,1995-07-23,28.15
14/09/2023,Uruguay,5,Romain Taofifenua,1990-09-14,33.0
14/09/2023,Uruguay,17,Reda Wardi,1995-08-02,28.12
14/09/2023,Uruguay,20,Thibaud Flament,1997-04-29,26.38
14/09/2023,Uruguay,9,Maxime Lucu,1993-01-12,30.67
21/09/2023,Namibia,14,Damian Penaud,1996-09-25,26.99
21/09/2023,Namibia,2,Peato Mauvaka,1997-01-10,26.69
21/09/2023,Namibia,22,Yoram Moefana,2000-07-18,23.18
21/09/2023,Namibia,11,Louis Bielle-Biarrey,2003-06-19,20.26
21/09/2023,Namibia,6,Francois Cros,1994-03-25,29.49
21/09/2023,Namibia,23,Melvyn Jaminet,1999-06-30,24.23
21/09/2023,Namibia,9,Antoine Dupont,1996-11-15,26.85
21/09/2023,Namibia,10,Matthieu Jalibert,1998-11-06,24.87
21/09/2023,Namibia,21,Baptiste Couilloud,1997-07-22,26.17
21/09/2023,Namibia,13,Gael Fickou,1994-03-26,29.49
21/09/2023,Namibia,20,Paul Boudehent,1999-11-21,23.83
21/09/2023,Namibia,18,Dorian Aldegheri,1993-08-04,30.13
21/09/2023,Namibia,8,Anthony Jelonch,1996-07-28,27.15
21/09/2023,Namibia,16,Pierre Bourgarit,1997-09-12,26.02
21/09/2023,Namibia,3,Uini Atonio,1990-03-26,33.49
21/09/2023,Namibia,4,Cameron Woki,1998-11-07,24.87
21/09/2023,Namibia,15,Thomas Ramos,1995-07-23,28.16
21/09/2023,Namibia,1,Cyril Baille,1993-09-15,30.02
21/09/2023,Namibia,19,Romain Taofifenua,1990-09-14,33.02
21/09/2023,Namibia,17,Reda Wardi,1995-08-02,28.14
21/09/2023,Namibia,7,Charles Ollivon,1993-05-11,30.36
21/09/2023,Namibia,5,Thibaud Flament,1997-04-29,26.4
21/09/2023,Namibia,12,Jonathan Danty,1992-10-07,30.95
06/10/2023,Italy,14,Damian Penaud,1996-09-25,27.03
06/10/2023,Italy,2,Peato Mauvaka,1997-01-10,26.74
06/10/2023,Italy,22,Yoram Moefana,2000-07-18,23.22
06/10/2023,Italy,11,Louis Bielle-Biarrey,2003-06-19,20.3
06/10/2023,Italy,20,Francois Cros,1994-03-25,29.53
06/10/2023,Italy,23,Melvyn Jaminet,1999-06-30,24.27
06/10/2023,Italy,10,Matthieu Jalibert,1998-11-06,24.91
06/10/2023,Italy,21,Baptiste Couilloud,1997-07-22,26.21
06/10/2023,Italy,13,Gael Fickou,1994-03-26,29.53
06/10/2023,Italy,18,Dorian Aldegheri,1993-08-04,30.17
06/10/2023,Italy,6,Anthony Jelonch,1996-07-28,27.19
06/10/2023,Italy,16,Pierre Bourgarit,1997-09-12,26.06
06/10/2023,Italy,3,Uini Atonio,1990-03-26,33.53
06/10/2023,Italy,4,Cameron Woki,1998-11-07,24.91
06/10/2023,Italy,8,Gregory Alldritt,1997-03-23,26.54
06/10/2023,Italy,15,Thomas Ramos,1995-07-23,28.21
06/10/2023,Italy,1,Cyril Baille,1993-09-15,30.06
06/10/2023,Italy,19,Romain Taofifenua,1990-09-14,33.06
06/10/2023,Italy,17,Reda Wardi,1995-08-02,28.18
06/10/2023,Italy,7,Charles Ollivon,1993-05-11,30.4
06/10/2023,Italy,5,Thibaud Flament,1997-04-29,26.44
06/10/2023,Italy,9,Maxime Lucu,1993-01-12,30.73
06/10/2023,Italy,12,Jonathan Danty,1992-10-07,31.0
15/10/2023,South Africa,14,Damian Penaud,1996-09-25,27.05
15/10/2023,South Africa,2,Peato Mauvaka,1997-01-10,26.76
15/10/2023,South Africa,23,Yoram Moefana,2000-07-18,23.24
15/10/2023,South Africa,11,Louis Bielle-Biarrey,2003-06-19,20.32
15/10/2023,South Africa,20,Francois Cros,1994-03-25,29.56
15/10/2023,South Africa,9,Antoine Dupont,1996-11-15,26.91
15/10/2023,South Africa,21,Sekou Macalou,1995-04-20,28.49
15/10/2023,South Africa,10,Matthieu Jalibert,1998-11-06,24.94
15/10/2023,South Africa,13,Gael Fickou,1994-03-26,29.56
15/10/2023,South Africa,18,Dorian Aldegheri,1993-08-04,30.2
15/10/2023,South Africa,6,Anthony Jelonch,1996-07-28,27.21
15/10/2023,South Africa,16,Pierre Bourgarit,1997-09-12,26.09
15/10/2023,South Africa,3,Uini Atonio,1990-03-26,33.56
15/10/2023,South Africa,4,Cameron Woki,1998-11-07,24.94
15/10/2023,South Africa,8,Gregory Alldritt,1997-03-23,26.56
15/10/2023,South Africa,15,Thomas Ramos,1995-07-23,28.23
15/10/2023,South Africa,1,Cyril Baille,1993-09-15,30.08
15/10/2023,South Africa,19,Romain Taofifenua,1990-09-14,33.08
15/10/2023,South Africa,17,Reda Wardi,1995-08-02,28.2
15/10/2023,South Africa,7,Charles Ollivon,1993-05-11,30.43
15/10/2023,South Africa,5,Thibaud Flament,1997-04-29,26.46
15/10/2023,South Africa,22,Maxime Lucu,1993-01-12,30.75
15/10/2023,South Africa,12,Jonathan Danty,1992-10-07,31.02
02/02/2024,Ireland,14,Damian Penaud,1996-09-25,27.35
02/02/2024,Ireland,2,Peato Mauvaka,1997-01-10,27.06
02/02/2024,Ireland,11,Yoram Moefana,2000-07-18,23.54
02/02/2024,Ireland,23,Louis Bielle-Biarrey,2003-06-19,20.62
02/02/2024,Ireland,6,Francois Cros,1994-03-25,29.86
02/02/2024,Ireland,16,Julien Marchand,1995-05-10,28.73
02/02/2024,Ireland,19,Posolo Tuilagi,2004-07-28,19.52
02/02/2024,Ireland,10,Matthieu Jalibert,1998-11-06,25.24
02/02/2024,Ireland,13,Gael Fickou,1994-03-26,29.86
02/02/2024,Ireland,21,Paul Boudehent,1999-11-21,24.2
02/02/2024,Ireland,18,Dorian Aldegheri,1993-08-04,30.5
02/02/2024,Ireland,4,Paul Gabrillagues,1993-06-03,30.67
02/02/2024,Ireland,3,Uini Atonio,1990-03-26,33.86
02/02/2024,Ireland,20,Cameron Woki,1998-11-07,25.24
02/02/2024,Ireland,8,Gregory Alldritt,1997-03-23,26.86
02/02/2024,Ireland,22,Nolann Le Garrec,2002-05-14,21.72
02/02/2024,Ireland,15,Thomas Ramos,1995-07-23,28.53
02/02/2024,Ireland,1,Cyril Baille,1993-09-15,30.38
02/02/2024,Ireland,17,Reda Wardi,1995-08-02,28.5
02/02/2024,Ireland,7,Charles Ollivon,1993-05-11,30.73
02/02/2024,Ireland,9,Maxime Lucu,1993-01-12,31.06
02/02/2024,Ireland,5,Paul Willemse,1992-11-13,31.22
02/02/2024,Ireland,12,Jonathan Danty,1992-10-07,31.32
10/02/2024,Scotland,14,Damian Penaud,1996-09-25,27.38
10/02/2024,Scotland,2,Peato Mauvaka,1997-01-10,27.08
10/02/2024,Scotland,23,Yoram Moefana,2000-07-18,23.57
10/02/2024,Scotland,11,Louis Bielle-Biarrey,2003-06-19,20.65
10/02/2024,Scotland,6,Francois Cros,1994-03-25,29.88
10/02/2024,Scotland,17,Sebastien Taofifenua,1992-03-21,31.89
10/02/2024,Scotland,16,Julien Marchand,1995-05-10,28.76
10/02/2024,Scotland,19,Posolo Tuilagi,2004-07-28,19.54
10/02/2024,Scotland,10,Matthieu Jalibert,1998-11-06,25.26
10/02/2024,Scotland,13,Gael Fickou,1994-03-26,29.88
10/02/2024,Scotland,20,Alexandre Roumat,1997-06-27,26.62
10/02/2024,Scotland,21,Paul Boudehent,1999-11-21,24.22
10/02/2024,Scotland,18,Dorian Aldegheri,1993-08-04,30.52
10/02/2024,Scotland,5,Paul Gabrillagues,1993-06-03,30.69
10/02/2024,Scotland,3,Uini Atonio,1990-03-26,33.88
10/02/2024,Scotland,4,Cameron Woki,1998-11-07,25.26
10/02/2024,Scotland,8,Gregory Alldritt,1997-03-23,26.89
10/02/2024,Scotland,22,Nolann Le Garrec,2002-05-14,21.74
10/02/2024,Scotland,15,Thomas Ramos,1995-07-23,28.55
10/02/2024,Scotland,1,Cyril Baille,1993-09-15,30.4
10/02/2024,Scotland,7,Charles Ollivon,1993-05-11,30.75
10/02/2024,Scotland,9,Maxime Lucu,1993-01-12,31.08
10/02/2024,Scotland,12,Jonathan Danty,1992-10-07,31.34
25/02/2024,Italy,14,Damian Penaud,1996-09-25,27.42
25/02/2024,Italy,2,Peato Mauvaka,1997-01-10,27.12
25/02/2024,Italy,23,Yoram Moefana,2000-07-18,23.61
25/02/2024,Italy,8,Francois Cros,1994-03-25,29.92
25/02/2024,Italy,17,Sebastien Taofifenua,1992-03-21,31.93
25/02/2024,Italy,16,Julien Marchand,1995-05-10,28.8
25/02/2024,Italy,10,Matthieu Jalibert,1998-11-06,25.3
25/02/2024,Italy,21,Esteban Abadie,1997-12-01,26.23
25/02/2024,Italy,11,Matthis Lebel,1999-03-25,24.92
25/02/2024,Italy,13,Gael Fickou,1994-03-26,29.92
25/02/2024,Italy,6,Paul Boudehent,1999-11-21,24.26
25/02/2024,Italy,18,Dorian Aldegheri,1993-08-04,30.56
25/02/2024,Italy,20,Alexandre Roumat,1997-06-27,26.66
25/02/2024,Italy,5,Posolo Tuilagi,2004-07-28,19.58
25/02/2024,Italy,3,Uini Atonio,1990-03-26,33.92
25/02/2024,Italy,4,Cameron Woki,1998-11-07,25.3
25/02/2024,Italy,22,Nolann Le Garrec,2002-05-14,21.79
25/02/2024,Italy,15,Thomas Ramos,1995-07-23,28.59
25/02/2024,Italy,1,Cyril Baille,1993-09-15,30.45
25/02/2024,Italy,19,Romain Taofifenua,1990-09-14,33.45
25/02/2024,Italy,7,Charles Ollivon,1993-05-11,30.79
25/02/2024,Italy,9,Maxime Lucu,1993-01-12,31.12
25/02/2024,Italy,12,Jonathan Danty,1992-10-07,31.38
10/03/2024,Wales,15,Leo Barre,2002-08-20,21.56
10/03/2024,Wales,14,Damian Penaud,1996-09-25,27.46
10/03/2024,Wales,16,Peato Mauvaka,1997-01-10,27.16
10/03/2024,Wales,23,Yoram Moefana,2000-07-18,23.64
10/03/2024,Wales,11,Louis Bielle-Biarrey,2003-06-19,20.73
10/03/2024,Wales,18,Georges-Henri Colombe,1998-04-09,25.92
10/03/2024,Wales,6,Francois Cros,1994-03-25,29.96
10/03/2024,Wales,12,Nicolas Depoortere,2003-01-13,21.16
10/03/2024,Wales,5,Emmanuel Meafou,1998-07-12,25.66
10/03/2024,Wales,17,Sebastien Taofifenua,1992-03-21,31.97
10/03/2024,Wales,2,Julien Marchand,1995-05-10,28.84
10/03/2024,Wales,13,Gael Fickou,1994-03-26,29.96
10/03/2024,Wales,21,Paul Boudehent,1999-11-21,24.3
10/03/2024,Wales,20,Alexandre Roumat,1997-06-27,26.7
10/03/2024,Wales,3,Uini Atonio,1990-03-26,33.96
10/03/2024,Wales,8,Gregory Alldritt,1997-03-23,26.97
10/03/2024,Wales,9,Nolann Le Garrec,2002-05-14,21.82
10/03/2024,Wales,10,Thomas Ramos,1995-07-23,28.63
10/03/2024,Wales,1,Cyril Baille,1993-09-15,30.48
10/03/2024,Wales,19,Romain Taofifenua,1990-09-14,33.49
10/03/2024,Wales,7,Charles Ollivon,1993-05-11,30.83
10/03/2024,Wales,4,Thibaud Flament,1997-04-29,26.86
10/03/2024,Wales,22,Maxime Lucu,1993-01-12,31.16
16/03/2024,England,20,Alexandre Roumat,1997-06-27,26.72
16/03/2024,England,3,Uini Atonio,1990-03-26,33.97
16/03/2024,England,8,Gregory Alldritt,1997-03-23,26.98
16/03/2024,England,9,Nolann Le Garrec,2002-05-14,21.84
16/03/2024,England,10,Thomas Ramos,1995-07-23,28.65
16/03/2024,England,1,Cyril Baille,1993-09-15,30.5
16/03/2024,England,19,Romain Taofifenua,1990-09-14,33.5
16/03/2024,England,7,Charles Ollivon,1993-05-11,30.85
16/03/2024,England,4,Thibaud Flament,1997-04-29,26.88
16/03/2024,England,22,Maxime Lucu,1993-01-12,31.17
16/03/2024,England,15,Leo Barre,2002-08-20,21.57
16/03/2024,England,14,Damian Penaud,1996-09-25,27.47
16/03/2024,England,16,Peato Mauvaka,1997-01-10,27.18
16/03/2024,England,23,Yoram Moefana,2000-07-18,23.66
16/03/2024,England,11,Louis Bielle-Biarrey,2003-06-19,20.74
16/03/2024,England,18,Georges-Henri Colombe,1998-04-09,25.94
16/03/2024,England,6,Francois Cros,1994-03-25,29.98
16/03/2024,England,12,Nicolas Depoortere,2003-01-13,21.17
16/03/2024,England,5,Emmanuel Meafou,1998-07-12,25.68
16/03/2024,England,17,Sebastien Taofifenua,1992-03-21,31.99
16/03/2024,England,2,Julien Marchand,1995-05-10,28.85
16/03/2024,England,13,Gael Fickou,1994-03-26,29.97
16/03/2024,England,21,Paul Boudehent,1999-11-21,24.32
06/07/2024,Argentina,15,Leo Barre,2002-08-20,21.88
06/07/2024,Argentina,10,Antoine Hastoy,1997-06-04,27.09
06/07/2024,Argentina,8,Jordan Joseph,2000-07-31,23.93
06/07/2024,Argentina,3,Georges-Henri Colombe,1998-04-09,26.24
06/07/2024,Argentina,16,Teddy Baubigny,1998-09-02,25.84
06/07/2024,Argentina,17,Sebastien Taofifenua,1992-03-21,32.29
06/07/2024,Argentina,7,Oscar Jegou,2003-05-31,21.1
06/07/2024,Argentina,13,Emilien Gailleton,2003-07-13,20.98
06/07/2024,Argentina,1,Jean-Baptiste Gros,1999-05-29,25.11
06/07/2024,Argentina,21,Ibrahim Diallo,1998-01-23,26.45
06/07/2024,Argentina,23,Melvyn Jaminet,1999-06-30,25.02
06/07/2024,Argentina,22,Baptiste Couilloud,1997-07-22,26.96
06/07/2024,Argentina,4,Hugo Auradou,2003-07-20,20.96
06/07/2024,Argentina,12,Antoine Frisch,1996-06-01,28.1
06/07/2024,Argentina,18,Demba Bamba,1998-03-17,26.31
06/07/2024,Argentina,9,Baptiste Serin,1994-06-20,30.05
06/07/2024,Argentina,19,Posolo Tuilagi,2004-07-28,19.94
06/07/2024,Argentina,6,Lenni Nouchi,2003-11-24,20.62
06/07/2024,Argentina,5,Baptiste Pesenti-Compagnoni,1997-07-03,27.01
06/07/2024,Argentina,11,Lester Etien,1995-06-21,29.04
06/07/2024,Argentina,14,Theo Attissogbe,2004-11-19,19.63
06/07/2024,Argentina,2,Gaetan Barlot,1997-04-13,27.23
06/07/2024,Argentina,20,Mickael Guillard,2000-12-10,23.57
10/07/2024,Uruguay,4,Pierre-Henri Azagoh,1998-07-25,25.96
10/07/2024,Uruguay,23,Nathanael Hulleu,2000-05-16,24.15
10/07/2024,Uruguay,2,Teddy Baubigny,1998-09-02,25.85
10/07/2024,Uruguay,17,Sebastien Taofifenua,1992-03-21,32.3
10/07/2024,Uruguay,5,Florent Vanverberghe,2000-07-22,23.97
10/07/2024,Uruguay,6,Ibrahim Diallo,1998-01-23,26.46
10/07/2024,Uruguay,9,Baptiste Couilloud,1997-07-22,26.97
10/07/2024,Uruguay,14,Jules Favre,1999-03-22,25.3
10/07/2024,Uruguay,10,Leo Berdeu,1998-06-13,26.08
10/07/2024,Uruguay,18,Demba Bamba,1998-03-17,26.32
10/07/2024,Uruguay,22,Joris Segonds,2007-04-06,17.26
10/07/2024,Uruguay,8,Killian Tixeront,2002-01-22,22.46
10/07/2024,Uruguay,13,Arthur Vincent,1999-09-30,24.78
10/07/2024,Uruguay,1,Giorgi Beria,1999-11-11,24.66
10/07/2024,Uruguay,19,Posolo Tuilagi,2004-07-28,19.95
10/07/2024,Uruguay,7,Romain Briatte,1993-02-18,31.39
10/07/2024,Uruguay,16,Janick Tarrit,1998-10-29,25.7
10/07/2024,Uruguay,3,Thomas Laclayat,1997-10-02,26.77
10/07/2024,Uruguay,12,Leon Darricarrere,2004-06-04,20.1
10/07/2024,Uruguay,11,Joris Jurand,1995-11-11,28.66
10/07/2024,Uruguay,15,Lucas Dubois,1998-06-09,26.09
10/07/2024,Uruguay,21,Baptiste Jauneau,2003-11-17,20.65
10/07/2024,Uruguay,20,Yann Peysson,2000-07-06,24.01
13/07/2024,Argentina,7,Judicael Cancoriet,1996-04-25,28.22
13/07/2024,Argentina,15,Leo Barre,2002-08-20,21.9
13/07/2024,Argentina,10,Antoine Hastoy,1997-06-04,27.11
13/07/2024,Argentina,8,Jordan Joseph,2000-07-31,23.95
13/07/2024,Argentina,3,Georges-Henri Colombe,1998-04-09,26.26
13/07/2024,Argentina,16,Teddy Baubigny,1998-09-02,25.86
13/07/2024,Argentina,17,Sebastien Taofifenua,1992-03-21,32.31
13/07/2024,Argentina,13,Emilien Gailleton,2003-07-13,21.0
13/07/2024,Argentina,1,Jean-Baptiste Gros,1999-05-29,25.13
13/07/2024,Argentina,23,Leo Berdeu,1998-06-13,26.08
13/07/2024,Argentina,12,Antoine Frisch,1996-06-01,28.12
13/07/2024,Argentina,18,Demba Bamba,1998-03-17,26.32
13/07/2024,Argentina,21,Killian Tixeront,2002-01-22,22.47
13/07/2024,Argentina,9,Baptiste Serin,1994-06-20,30.06
13/07/2024,Argentina,19,Posolo Tuilagi,2004-07-28,19.96
13/07/2024,Argentina,20,Romain Briatte,1993-02-18,31.4
13/07/2024,Argentina,6,Lenni Nouchi,2003-11-24,20.64
13/07/2024,Argentina,5,Baptiste Pesenti-Compagnoni,1997-07-03,27.03
13/07/2024,Argentina,11,Lester Etien,1995-06-21,29.06
13/07/2024,Argentina,14,Theo Attissogbe,2004-11-19,19.65
13/07/2024,Argentina,2,Gaetan Barlot,1997-04-13,27.25
13/07/2024,Argentina,22,Baptiste Jauneau,2003-11-17,20.65
13/07/2024,Argentina,4,Mickael Guillard,2000-12-10,23.59
09/11/2024,Japan,15,Leo Barre,2002-08-20,22.22
09/11/2024,Japan,2,Peato Mauvaka,1997-01-10,27.83
09/11/2024,Japan,12,Yoram Moefana,2000-07-18,24.31
09/11/2024,Japan,11,Louis Bielle-Biarrey,2003-06-19,21.39
09/11/2024,Japan,18,Georges-Henri Colombe,1998-04-09,26.59
09/11/2024,Japan,6,Francois Cros,1994-03-25,30.63
09/11/2024,Japan,5,Emmanuel Meafou,1998-07-12,26.33
09/11/2024,Japan,13,Emilien Gailleton,2003-07-13,21.33
09/11/2024,Japan,16,Julien Marchand,1995-05-10,29.5
09/11/2024,Japan,1,Jean-Baptiste Gros,1999-05-29,25.45
09/11/2024,Japan,9,Antoine Dupont,1996-11-15,27.98
09/11/2024,Japan,22,Matthieu Jalibert,1998-11-06,26.01
09/11/2024,Japan,23,Gael Fickou,1994-03-26,30.63
09/11/2024,Japan,3,Tevita Tatafu,2002-10-13,22.08
09/11/2024,Japan,20,Paul Boudehent,1999-11-21,24.97
09/11/2024,Japan,7,Alexandre Roumat,1997-06-27,27.37
09/11/2024,Japan,8,Gregory Alldritt,1997-03-23,27.63
09/11/2024,Japan,10,Thomas Ramos,1995-07-23,29.3
09/11/2024,Japan,14,Theo Attissogbe,2004-11-19,19.97
09/11/2024,Japan,17,Reda Wardi,1995-08-02,29.27
09/11/2024,Japan,4,Thibaud Flament,1997-04-29,27.53
09/11/2024,Japan,21,Maxime Lucu,1993-01-12,31.83
09/11/2024,Japan,19,Mickael Guillard,2000-12-10,23.92
16/11/2024,New Zealand,2,Peato Mauvaka,1997-01-10,27.85
16/11/2024,New Zealand,12,Yoram Moefana,2000-07-18,24.33
16/11/2024,New Zealand,11,Louis Bielle-Biarrey,2003-06-19,21.41
16/11/2024,New Zealand,18,Georges-Henri Colombe,1998-04-09,26.61
16/11/2024,New Zealand,5,Emmanuel Meafou,1998-07-12,26.35
16/11/2024,New Zealand,14,Gabin Villiere,1995-12-13,28.93
16/11/2024,New Zealand,15,Romain Buros,1997-07-31,27.3
16/11/2024,New Zealand,23,Emilien Gailleton,2003-07-13,21.35
16/11/2024,New Zealand,16,Julien Marchand,1995-05-10,29.52
16/11/2024,New Zealand,1,Jean-Baptiste Gros,1999-05-29,25.47
16/11/2024,New Zealand,9,Antoine Dupont,1996-11-15,28.0
16/11/2024,New Zealand,13,Gael Fickou,1994-03-26,30.65
16/11/2024,New Zealand,3,Tevita Tatafu,2002-10-13,22.09
16/11/2024,New Zealand,6,Paul Boudehent,1999-11-21,24.99
16/11/2024,New Zealand,7,Alexandre Roumat,1997-06-27,27.39
16/11/2024,New Zealand,8,Gregory Alldritt,1997-03-23,27.65
16/11/2024,New Zealand,22,Nolann Le Garrec,2002-05-14,22.51
16/11/2024,New Zealand,10,Thomas Ramos,1995-07-23,29.32
16/11/2024,New Zealand,20,Romain Taofifenua,1990-09-14,34.17
16/11/2024,New Zealand,17,Reda Wardi,1995-08-02,29.29
16/11/2024,New Zealand,21,Charles Ollivon,1993-05-11,31.52
16/11/2024,New Zealand,4,Thibaud Flament,1997-04-29,27.55
16/11/2024,New Zealand,19,Mickael Guillard,2000-12-10,23.93
22/11/2024,Argentina,15,Leo Barre,2002-08-20,22.26
22/11/2024,Argentina,2,Peato Mauvaka,1997-01-10,27.87
22/11/2024,Argentina,12,Yoram Moefana,2000-07-18,24.35
22/11/2024,Argentina,11,Louis Bielle-Biarrey,2003-06-19,21.43
22/11/2024,Argentina,18,Georges-Henri Colombe,1998-04-09,26.62
22/11/2024,Argentina,6,Francois Cros,1994-03-25,30.66
22/11/2024,Argentina,5,Emmanuel Meafou,1998-07-12,26.37
22/11/2024,Argentina,14,Gabin Villiere,1995-12-13,28.95
22/11/2024,Argentina,23,Emilien Gailleton,2003-07-13,21.36
22/11/2024,Argentina,16,Julien Marchand,1995-05-10,29.54
22/11/2024,Argentina,1,Jean-Baptiste Gros,1999-05-29,25.49
22/11/2024,Argentina,9,Antoine Dupont,1996-11-15,28.02
22/11/2024,Argentina,13,Gael Fickou,1994-03-26,30.66
22/11/2024,Argentina,7,Paul Boudehent,1999-11-21,25.01
22/11/2024,Argentina,21,Marko Gazzotti,2004-09-24,20.16
22/11/2024,Argentina,19,Alexandre Roumat,1997-06-27,27.41
22/11/2024,Argentina,3,Uini Atonio,1990-03-26,34.66
22/11/2024,Argentina,22,Nolann Le Garrec,2002-05-14,22.53
22/11/2024,Argentina,10,Thomas Ramos,1995-07-23,29.34
22/11/2024,Argentina,17,Reda Wardi,1995-08-02,29.31
22/11/2024,Argentina,8,Charles Ollivon,1993-05-11,31.54
22/11/2024,Argentina,4,Thibaud Flament,1997-04-29,27.57
22/11/2024,Argentina,20,Mickael Guillard,2000-12-10,23.95
31/01/2025,Wales,2,Peato Mauvaka,1997-01-10,28.06
31/01/2025,Wales,12,Yoram Moefana,2000-07-18,24.54
31/01/2025,Wales,11,Louis Bielle-Biarrey,2003-06-19,21.62
31/01/2025,Wales,18,Georges-Henri Colombe,1998-04-09,26.82
31/01/2025,Wales,6,Francois Cros,1994-03-25,30.86
31/01/2025,Wales,5,Emmanuel Meafou,1998-07-12,26.56
31/01/2025,Wales,21,Oscar Jegou,2003-05-31,21.67
31/01/2025,Wales,23,Emilien Gailleton,2003-07-13,21.56
31/01/2025,Wales,16,Julien Marchand,1995-05-10,29.73
31/01/2025,Wales,1,Jean-Baptiste Gros,1999-05-29,25.68
31/01/2025,Wales,10,Romain Ntamack,1999-05-01,25.76
31/01/2025,Wales,9,Antoine Dupont,1996-11-15,28.21
31/01/2025,Wales,19,Hugo Auradou,2003-07-20,21.54
31/01/2025,Wales,7,Paul Boudehent,1999-11-21,25.2
31/01/2025,Wales,13,Pierre-Louis Barassi,1998-04-22,26.78
31/01/2025,Wales,4,Alexandre Roumat,1997-06-27,27.6
31/01/2025,Wales,3,Uini Atonio,1990-03-26,34.85
31/01/2025,Wales,8,Gregory Alldritt,1997-03-23,27.86
31/01/2025,Wales,22,Nolann Le Garrec,2002-05-14,22.72
31/01/2025,Wales,15,Thomas Ramos,1995-07-23,29.53
31/01/2025,Wales,17,Cyril Baille,1993-09-15,31.38
31/01/2025,Wales,14,Theo Attissogbe,2004-11-19,20.2
31/01/2025,Wales,20,Mickael Guillard,2000-12-10,24.14
08/02/2025,England,14,Damian Penaud,1996-09-25,28.37
08/02/2025,England,2,Peato Mauvaka,1997-01-10,28.08
08/02/2025,England,12,Yoram Moefana,2000-07-18,24.56
08/02/2025,England,11,Louis Bielle-Biarrey,2003-06-19,21.64
08/02/2025,England,18,Georges-Henri Colombe,1998-04-09,26.84
08/02/2025,England,6,Francois Cros,1994-03-25,30.88
08/02/2025,England,5,Emmanuel Meafou,1998-07-12,26.58
08/02/2025,England,21,Oscar Jegou,2003-05-31,21.7
08/02/2025,England,23,Emilien Gailleton,2003-07-13,21.58
08/02/2025,England,16,Julien Marchand,1995-05-10,29.75
08/02/2025,England,1,Jean-Baptiste Gros,1999-05-29,25.7
08/02/2025,England,9,Antoine Dupont,1996-11-15,28.23
08/02/2025,England,10,Matthieu Jalibert,1998-11-06,26.26
08/02/2025,England,19,Hugo Auradou,2003-07-20,21.56
08/02/2025,England,7,Paul Boudehent,1999-11-21,25.22
08/02/2025,England,13,Pierre-Louis Barassi,1998-04-22,26.8
08/02/2025,England,4,Alexandre Roumat,1997-06-27,27.62
08/02/2025,England,3,Uini Atonio,1990-03-26,34.88
08/02/2025,England,8,Gregory Alldritt,1997-03-23,27.88
08/02/2025,England,22,Nolann Le Garrec,2002-05-14,22.74
08/02/2025,England,15,Thomas Ramos,1995-07-23,29.55
08/02/2025,England,17,Cyril Baille,1993-09-15,31.4
08/02/2025,England,20,Mickael Guillard,2000-12-10,24.16
23/02/2025,Italy,15,Leo Barre,2002-08-20,22.51
23/02/2025,Italy,2,Peato Mauvaka,1997-01-10,28.12
23/02/2025,Italy,12,Yoram Moefana,2000-07-18,24.6
23/02/2025,Italy,11,Louis Bielle-Biarrey,2003-06-19,21.68
23/02/2025,Italy,6,Francois Cros,1994-03-25,30.92
23/02/2025,Italy,21,Oscar Jegou,2003-05-31,21.74
23/02/2025,Italy,16,Julien Marchand,1995-05-10,29.79
23/02/2025,Italy,1,Jean-Baptiste Gros,1999-05-29,25.74
23/02/2025,Italy,9,Antoine Dupont,1996-11-15,28.27
23/02/2025,Italy,7,Paul Boudehent,1999-11-21,25.26
23/02/2025,Italy,13,Pierre-Louis Barassi,1998-04-22,26.84
23/02/2025,Italy,18,Dorian Aldegheri,1993-08-04,31.56
23/02/2025,Italy,20,Alexandre Roumat,1997-06-27,27.66
23/02/2025,Italy,22,Anthony Jelonch,1996-07-28,28.58
23/02/2025,Italy,3,Uini Atonio,1990-03-26,34.92
23/02/2025,Italy,8,Gregory Alldritt,1997-03-23,27.92
23/02/2025,Italy,10,Thomas Ramos,1995-07-23,29.59
23/02/2025,Italy,17,Cyril Baille,1993-09-15,31.44
23/02/2025,Italy,14,Theo Attissogbe,2004-11-19,20.26
23/02/2025,Italy,19,Romain Taofifenua,1990-09-14,34.45
23/02/2025,Italy,4,Thibaud Flament,1997-04-29,27.82
23/02/2025,Italy,23,Maxime Lucu,1993-01-12,32.12
23/02/2025,Italy,5,Mickael Guillard,2000-12-10,24.21
08/03/2025,Ireland,14,Damian Penaud,1996-09-25,28.45
08/03/2025,Ireland,2,Peato Mauvaka,1997-01-10,28.16
08/03/2025,Ireland,12,Yoram Moefana,2000-07-18,24.64
08/03/2025,Ireland,11,Louis Bielle-Biarrey,2003-06-19,21.72
08/03/2025,Ireland,6,Francois Cros,1994-03-25,30.95
08/03/2025,Ireland,19,Emmanuel Meafou,1998-07-12,26.66
08/03/2025,Ireland,21,Oscar Jegou,2003-05-31,21.77
08/03/2025,Ireland,16,Julien Marchand,1995-05-10,29.83
08/03/2025,Ireland,1,Jean-Baptiste Gros,1999-05-29,25.78
08/03/2025,Ireland,10,Romain Ntamack,1999-05-01,25.85
08/03/2025,Ireland,9,Antoine Dupont,1996-11-15,28.31
08/03/2025,Ireland,20,Hugo Auradou,2003-07-20,21.63
08/03/2025,Ireland,7,Paul Boudehent,1999-11-21,25.3
08/03/2025,Ireland,13,Pierre-Louis Barassi,1998-04-22,26.88
08/03/2025,Ireland,18,Dorian Aldegheri,1993-08-04,31.59
08/03/2025,Ireland,22,Anthony Jelonch,1996-07-28,28.61
08/03/2025,Ireland,3,Uini Atonio,1990-03-26,34.95
08/03/2025,Ireland,8,Gregory Alldritt,1997-03-23,27.96
08/03/2025,Ireland,15,Thomas Ramos,1995-07-23,29.63
08/03/2025,Ireland,17,Cyril Baille,1993-09-15,31.48
08/03/2025,Ireland,4,Thibaud Flament,1997-04-29,27.86
08/03/2025,Ireland,23,Maxime Lucu,1993-01-12,32.15
08/03/2025,Ireland,5,Mickael Guillard,2000-12-10,24.24
15/03/2025,Scotland,14,Damian Penaud,1996-09-25,28.47
15/03/2025,Scotland,2,Peato Mauvaka,1997-01-10,28.18
15/03/2025,Scotland,12,Yoram Moefana,2000-07-18,24.66
15/03/2025,Scotland,11,Louis Bielle-Biarrey,2003-06-19,21.74
15/03/2025,Scotland,6,Francois Cros,1994-03-25,30.97
15/03/2025,Scotland,20,Emmanuel Meafou,1998-07-12,26.68
15/03/2025,Scotland,21,Oscar Jegou,2003-05-31,21.79
15/03/2025,Scotland,16,Julien Marchand,1995-05-10,29.85
15/03/2025,Scotland,1,Jean-Baptiste Gros,1999-05-29,25.8
15/03/2025,Scotland,10,Romain Ntamack,1999-05-01,25.87
15/03/2025,Scotland,13,Gael Fickou,1994-03-26,30.97
15/03/2025,Scotland,19,Hugo Auradou,2003-07-20,21.65
15/03/2025,Scotland,7,Paul Boudehent,1999-11-21,25.31
15/03/2025,Scotland,18,Dorian Aldegheri,1993-08-04,31.61
15/03/2025,Scotland,22,Anthony Jelonch,1996-07-28,28.63
15/03/2025,Scotland,3,Uini Atonio,1990-03-26,34.97
15/03/2025,Scotland,8,Gregory Alldritt,1997-03-23,27.98
15/03/2025,Scotland,23,Nolann Le Garrec,2002-05-14,22.84
15/03/2025,Scotland,15,Thomas Ramos,1995-07-23,29.65
15/03/2025,Scotland,17,Cyril Baille,1993-09-15,31.5
15/03/2025,Scotland,4,Thibaud Flament,1997-04-29,27.88
15/03/2025,Scotland,9,Maxime Lucu,1993-01-12,32.17
15/03/2025,Scotland,5,Mickael Guillard,2000-12-10,24.26
05/07/2025,New Zealand,23,Antoine Hastoy,1997-06-04,28.09
05/07/2025,New Zealand,11,Gabin Villiere,1995-12-13,29.56
05/07/2025,New Zealand,13,Emilien Gailleton,2003-07-13,21.98
05/07/2025,New Zealand,12,Gael Fickou,1994-03-26,31.28
05/07/2025,New Zealand,4,Hugo Auradou,2003-07-20,21.96
05/07/2025,New Zealand,21,Jacobus Van Tonder,1998-03-03,27.34
05/07/2025,New Zealand,10,Joris Segonds,2007-04-06,18.25
05/07/2025,New Zealand,7,Killian Tixeront,2002-01-22,23.45
05/07/2025,New Zealand,1,Giorgi Beria,1999-11-11,25.65
05/07/2025,New Zealand,3,Rabah Slimani,1989-10-18,35.71
05/07/2025,New Zealand,14,Tom Spring,2002-09-26,22.77
05/07/2025,New Zealand,16,Pierre Bourgarit,1997-09-12,27.81
05/07/2025,New Zealand,20,Cameron Woki,1998-11-07,26.66
05/07/2025,New Zealand,6,Alexandre Fischer,1998-01-19,27.46
05/07/2025,New Zealand,9,Nolann Le Garrec,2002-05-14,23.14
05/07/2025,New Zealand,5,Tyler Duguid,2000-10-17,24.72
05/07/2025,New Zealand,15,Theo Attissogbe,2004-11-19,20.62
05/07/2025,New Zealand,2,Gaetan Barlot,1997-04-13,28.23
05/07/2025,New Zealand,19,Romain Taofifenua,1990-09-14,34.81
05/07/2025,New Zealand,17,Paul Mallez,2001-01-24,24.44
05/07/2025,New Zealand,22,Baptiste Jauneau,2003-11-17,21.63
05/07/2025,New Zealand,18,Regis Montagne,2000-09-30,24.76
05/07/2025,New Zealand,8,Mickael Guillard,2000-12-10,24.57
12/07/2025,New Zealand,15,Leo Barre,2002-08-20,22.89
12/07/2025,New Zealand,23,Antoine Hastoy,1997-06-04,28.1
12/07/2025,New Zealand,3,Georges-Henri Colombe,1998-04-09,27.26
12/07/2025,New Zealand,13,Nicolas Depoortere,2003-01-13,22.49
12/07/2025,New Zealand,21,Bastien Vergnes,1997-06-13,28.08
12/07/2025,New Zealand,22,Thibault Daubagna,1994-05-20,31.15
12/07/2025,New Zealand,11,Emilien Gailleton,2003-07-13,22.0
12/07/2025,New Zealand,8,Esteban Abadie,1997-12-01,27.61
12/07/2025,New Zealand,7,Jacobus Van Tonder,1998-03-03,27.36
12/07/2025,New Zealand,10,Joris Segonds,2007-04-06,18.27
12/07/2025,New Zealand,12,Pierre-Louis Barassi,1998-04-22,27.22
12/07/2025,New Zealand,1,Baptiste Erdocio,2000-03-13,25.33
12/07/2025,New Zealand,6,Pierre Bochaton,2001-04-17,24.24
12/07/2025,New Zealand,16,Pierre Bourgarit,1997-09-12,27.83
12/07/2025,New Zealand,20,Cameron Woki,1998-11-07,26.68
12/07/2025,New Zealand,9,Nolann Le Garrec,2002-05-14,23.16
12/07/2025,New Zealand,14,Theo Attissogbe,2004-11-19,20.64
12/07/2025,New Zealand,2,Gaetan Barlot,1997-04-13,28.25
12/07/2025,New Zealand,19,Romain Taofifenua,1990-09-14,34.83
12/07/2025,New Zealand,17,Paul Mallez,2001-01-24,24.46
12/07/2025,New Zealand,4,Joshua Brennan,2001-11-28,23.62
12/07/2025,New Zealand,5,Matthias Halagahu,2001-08-15,23.91
12/07/2025,New Zealand,18,Regis Montagne,2000-09-30,24.78
19/07/2025,New Zealand,15,Leo Barre,2002-08-20,22.91
19/07/2025,New Zealand,10,Antoine Hastoy,1997-06-04,28.12
19/07/2025,New Zealand,13,Nicolas Depoortere,2003-01-13,22.51
19/07/2025,New Zealand,11,Gabin Villiere,1995-12-13,29.6
19/07/2025,New Zealand,22,Thibault Daubagna,1994-05-20,31.17
19/07/2025,New Zealand,23,Emilien Gailleton,2003-07-13,22.02
19/07/2025,New Zealand,12,Gael Fickou,1994-03-26,31.32
19/07/2025,New Zealand,4,Hugo Auradou,2003-07-20,22.0
19/07/2025,New Zealand,18,Demba Bamba,1998-03-17,27.34
19/07/2025,New Zealand,20,Killian Tixeront,2002-01-22,23.49
19/07/2025,New Zealand,1,Baptiste Erdocio,2000-03-13,25.35
19/07/2025,New Zealand,21,Pierre Bochaton,2001-04-17,24.26
19/07/2025,New Zealand,3,Rabah Slimani,1989-10-18,35.75
19/07/2025,New Zealand,2,Pierre Bourgarit,1997-09-12,27.85
19/07/2025,New Zealand,6,Alexandre Fischer,1998-01-19,27.5
19/07/2025,New Zealand,9,Nolann Le Garrec,2002-05-14,23.18
19/07/2025,New Zealand,14,Theo Attissogbe,2004-11-19,20.66
19/07/2025,New Zealand,16,Gaetan Barlot,1997-04-13,28.27
19/07/2025,New Zealand,19,Romain Taofifenua,1990-09-14,34.85
19/07/2025,New Zealand,17,Paul Mallez,2001-01-24,24.48
19/07/2025,New Zealand,7,Joshua Brennan,2001-11-28,23.64
19/07/2025,New Zealand,5,Matthias Halagahu,2001-08-15,23.93
19/07/2025,New Zealand,8,Mickael Guillard,2000-12-10,24.61
08/11/2025,South Africa,14,Damian Penaud,1996-09-25,29.12
08/11/2025,South Africa,16,Guillaume Cramont,2000-12-29,24.86
08/11/2025,South Africa,11,Louis Bielle-Biarrey,2003-06-19,22.39
08/11/2025,South Africa,23,Nicolas Depoortere,2003-01-13,22.82
08/11/2025,South Africa,5,Emmanuel Meafou,1998-07-12,27.33
08/11/2025,South Africa,21,Oscar Jegou,2003-05-31,22.44
08/11/2025,South Africa,2,Julien Marchand,1995-05-10,30.5
08/11/2025,South Africa,17,Jean-Baptiste Gros,1999-05-29,26.45
08/11/2025,South Africa,10,Romain Ntamack,1999-05-01,26.52
08/11/2025,South Africa,12,Gael Fickou,1994-03-26,31.62
08/11/2025,South Africa,20,Hugo Auradou,2003-07-20,22.31
08/11/2025,South Africa,7,Paul Boudehent,1999-11-21,25.97
08/11/2025,South Africa,13,Pierre-Louis Barassi,1998-04-22,27.55
08/11/2025,South Africa,18,Dorian Aldegheri,1993-08-04,32.26
08/11/2025,South Africa,1,Baptiste Erdocio,2000-03-13,25.66
08/11/2025,South Africa,6,Anthony Jelonch,1996-07-28,29.28
08/11/2025,South Africa,9,Nolann Le Garrec,2002-05-14,23.49
08/11/2025,South Africa,15,Thomas Ramos,1995-07-23,30.3
08/11/2025,South Africa,19,Romain Taofifenua,1990-09-14,35.15
08/11/2025,South Africa,4,Thibaud Flament,1997-04-29,28.53
08/11/2025,South Africa,22,Maxime Lucu,1993-01-12,32.82
08/11/2025,South Africa,3,Regis Montagne,2000-09-30,25.11
08/11/2025,South Africa,8,Mickael Guillard,2000-12-10,24.91
15/11/2025,Fiji,6,Anthony Jelonch,1996-07-28,29.3
15/11/2025,Fiji,8,Gregory Alldritt,1997-03-23,28.65
15/11/2025,Fiji,15,Thomas Ramos,1995-07-23,30.32
15/11/2025,Fiji,18,Thomas Laclayat,1997-10-02,28.12
15/11/2025,Fiji,5,Romain Taofifenua,1990-09-14,35.17
15/11/2025,Fiji,4,Charles Ollivon,1993-05-11,32.52
15/11/2025,Fiji,9,Maxime Lucu,1993-01-12,32.84
15/11/2025,Fiji,19,Jimi Maximin,1999-04-03,26.62
15/11/2025,Fiji,22,Baptiste Jauneau,2003-11-17,22.0
15/11/2025,Fiji,3,Regis Montagne,2000-09-30,25.13
15/11/2025,Fiji,14,Damian Penaud,1996-09-25,29.14
15/11/2025,Fiji,11,Louis Bielle-Biarrey,2003-06-19,22.41
15/11/2025,Fiji,12,Nicolas Depoortere,2003-01-13,22.84
15/11/2025,Fiji,7,Oscar Jegou,2003-05-31,22.46
15/11/2025,Fiji,23,Emilien Gailleton,2003-07-13,22.34
15/11/2025,Fiji,2,Julien Marchand,1995-05-10,30.52
15/11/2025,Fiji,1,Jean-Baptiste Gros,1999-05-29,26.47
15/11/2025,Fiji,10,Romain Ntamack,1999-05-01,26.54
15/11/2025,Fiji,20,Hugo Auradou,2003-07-20,22.32
15/11/2025,Fiji,17,Rodrigue Neti,1995-04-26,30.56
15/11/2025,Fiji,21,Paul Boudehent,1999-11-21,25.99
15/11/2025,Fiji,13,Pierre-Louis Barassi,1998-04-22,27.57
15/11/2025,Fiji,16,Maxime Lamothe,1998-10-03,27.12
22/11/2025,Australia,14,Damian Penaud,1996-09-25,29.16
22/11/2025,Australia,11,Louis Bielle-Biarrey,2003-06-19,22.43
22/11/2025,Australia,13,Nicolas Depoortere,2003-01-13,22.86
22/11/2025,Australia,5,Emmanuel Meafou,1998-07-12,27.37
22/11/2025,Australia,21,Oscar Jegou,2003-05-31,22.48
22/11/2025,Australia,2,Julien Marchand,1995-05-10,30.54
22/11/2025,Australia,1,Jean-Baptiste Gros,1999-05-29,26.49
22/11/2025,Australia,10,Romain Ntamack,1999-05-01,26.56
22/11/2025,Australia,23,Kalvin Gourgues,2005-03-27,20.66
22/11/2025,Australia,12,Gael Fickou,1994-03-26,31.66
22/11/2025,Australia,20,Hugo Auradou,2003-07-20,22.34
22/11/2025,Australia,17,Rodrigue Neti,1995-04-26,30.58
22/11/2025,Australia,16,Maxime Lamothe,1998-10-03,27.14
22/11/2025,Australia,6,Anthony Jelonch,1996-07-28,29.32
22/11/2025,Australia,8,Gregory Alldritt,1997-03-23,28.67
22/11/2025,Australia,15,Thomas Ramos,1995-07-23,30.34
22/11/2025,Australia,18,Thomas Laclayat,1997-10-02,28.14
22/11/2025,Australia,19,Romain Taofifenua,1990-09-14,35.19
22/11/2025,Australia,7,Charles Ollivon,1993-05-11,32.53
22/11/2025,Australia,4,Thibaud Flament,1997-04-29,28.57
22/11/2025,Australia,9,Maxime Lucu,1993-01-12,32.86
22/11/2025,Australia,22,Baptiste Jauneau,2003-11-17,22.02
22/11/2025,Australia,3,Regis Montagne,2000-09-30,25.14
15/02/2026,Wales,11,Louis Bielle-Biarrey,2003-06-19,22.66
15/02/2026,Wales,6,Francois Cros,1994-03-25,31.9
15/02/2026,Wales,20,Emmanuel Meafou,1998-07-12,27.6
15/02/2026,Wales,7,Oscar Jegou,2003-05-31,22.71
15/02/2026,Wales,13,Emilien Gailleton,2003-07-13,22.6
15/02/2026,Wales,2,Julien Marchand,1995-05-10,30.77
15/02/2026,Wales,1,Jean-Baptiste Gros,1999-05-29,26.72
15/02/2026,Wales,9,Antoine Dupont,1996-11-15,29.25
15/02/2026,Wales,10,Matthieu Jalibert,1998-11-06,27.28
15/02/2026,Wales,23,Noah Nene,2004-10-14,21.34
15/02/2026,Wales,17,Rodrigue Neti,1995-04-26,30.81
15/02/2026,Wales,3,Dorian Aldegheri,1993-08-04,32.53
15/02/2026,Wales,22,Baptiste Serin,1994-06-20,31.66
15/02/2026,Wales,16,Maxime Lamothe,1998-10-03,27.37
15/02/2026,Wales,8,Anthony Jelonch,1996-07-28,29.55
15/02/2026,Wales,21,Lenni Nouchi,2003-11-24,22.23
15/02/2026,Wales,12,Fabien Brau-Boirie,2005-12-19,20.16
15/02/2026,Wales,15,Thomas Ramos,1995-07-23,30.57
15/02/2026,Wales,14,Theo Attissogbe,2004-11-19,21.24
15/02/2026,Wales,4,Charles Ollivon,1993-05-11,32.77
15/02/2026,Wales,19,Thibaud Flament,1997-04-29,28.8
15/02/2026,Wales,18,Regis Montagne,2000-09-30,25.38
15/02/2026,Wales,5,Mickael Guillard,2000-12-10,25.18
22/02/2026,Italy,16,Peato Mauvaka,1997-01-10,29.12
22/02/2026,Italy,11,Louis Bielle-Biarrey,2003-06-19,22.68
22/02/2026,Italy,18,Georges-Henri Colombe,1998-04-09,27.87
22/02/2026,Italy,6,Francois Cros,1994-03-25,31.92
22/02/2026,Italy,14,Gael Drean,2000-10-22,25.34
22/02/2026,Italy,5,Emmanuel Meafou,1998-07-12,27.62
22/02/2026,Italy,7,Oscar Jegou,2003-05-31,22.73
22/02/2026,Italy,13,Emilien Gailleton,2003-07-13,22.62
22/02/2026,Italy,2,Julien Marchand,1995-05-10,30.79
22/02/2026,Italy,1,Jean-Baptiste Gros,1999-05-29,26.74
22/02/2026,Italy,9,Antoine Dupont,1996-11-15,29.27
22/02/2026,Italy,17,Rodrigue Neti,1995-04-26,30.83
22/02/2026,Italy,23,Pierre-Louis Barassi,1998-04-22,27.84
22/02/2026,Italy,3,Dorian Aldegheri,1993-08-04,32.55
22/02/2026,Italy,22,Baptiste Serin,1994-06-20,31.68
22/02/2026,Italy,8,Anthony Jelonch,1996-07-28,29.57
22/02/2026,Italy,21,Lenni Nouchi,2003-11-24,22.25
22/02/2026,Italy,12,Fabien Brau-Boirie,2005-12-19,20.18
22/02/2026,Italy,15,Thomas Ramos,1995-07-23,30.59
22/02/2026,Italy,14,Theo Attissogbe,2004-11-19,21.26
22/02/2026,Italy,19,Charles Ollivon,1993-05-11,32.79
22/02/2026,Italy,4,Thibaud Flament,1997-04-29,28.82
22/02/2026,Italy,20,Mickael Guillard,2000-12-10,25.2
07/03/2026,Scotland,16,Peato Mauvaka,1997-01-10,29.15
07/03/2026,Scotland,12,Yoram Moefana,2000-07-18,25.64
07/03/2026,Scotland,11,Louis Bielle-Biarrey,2003-06-19,22.72
07/03/2026,Scotland,6,Francois Cros,1994-03-25,31.95
07/03/2026,Scotland,13,Nicolas Depoortere,2003-01-13,23.15
07/03/2026,Scotland,20,Emmanuel Meafou,1998-07-12,27.65
07/03/2026,Scotland,7,Oscar Jegou,2003-05-31,22.77
07/03/2026,Scotland,2,Julien Marchand,1995-05-10,30.83
07/03/2026,Scotland,1,Jean-Baptiste Gros,1999-05-29,26.77
07/03/2026,Scotland,9,Antoine Dupont,1996-11-15,29.31
07/03/2026,Scotland,10,Matthieu Jalibert,1998-11-06,27.33
07/03/2026,Scotland,17,Rodrigue Neti,1995-04-26,30.86
07/03/2026,Scotland,18,Demba Bamba,1998-03-17,27.97
07/03/2026,Scotland,23,Pierre-Louis Barassi,1998-04-22,27.87
07/03/2026,Scotland,3,Dorian Aldegheri,1993-08-04,32.59
07/03/2026,Scotland,22,Baptiste Serin,1994-06-20,31.71
07/03/2026,Scotland,8,Anthony Jelonch,1996-07-28,29.61
07/03/2026,Scotland,21,Lenni Nouchi,2003-11-24,22.28
07/03/2026,Scotland,15,Thomas Ramos,1995-07-23,30.62
07/03/2026,Scotland,14,Theo Attissogbe,2004-11-19,21.3
07/03/2026,Scotland,4,Charles Ollivon,1993-05-11,32.82
07/03/2026,Scotland,19,Thibaud Flament,1997-04-29,28.85
07/03/2026,Scotland,5,Mickael Guillard,2000-12-10,25.24
14/03/2026,England,16,Peato Mauvaka,1997-01-10,29.17
14/03/2026,England,12,Yoram Moefana,2000-07-18,25.65
14/03/2026,England,11,Louis Bielle-Biarrey,2003-06-19,22.74
14/03/2026,England,6,Francois Cros,1994-03-25,31.97
14/03/2026,England,5,Emmanuel Meafou,1998-07-12,27.67
14/03/2026,England,23,Emilien Gailleton,2003-07-13,22.67
14/03/2026,England,2,Julien Marchand,1995-05-10,30.85
14/03/2026,England,1,Jean-Baptiste Gros,1999-05-29,26.79
14/03/2026,England,9,Antoine Dupont,1996-11-15,29.33
14/03/2026,England,10,Matthieu Jalibert,1998-11-06,27.35
14/03/2026,England,19,Hugo Auradou,2003-07-20,22.65
14/03/2026,England,17,Rodrigue Neti,1995-04-26,30.88
14/03/2026,England,7,Temo Matiu,2001-07-20,24.65
14/03/2026,England,18,Demba Bamba,1998-03-17,27.99
14/03/2026,England,13,Pierre-Louis Barassi,1998-04-22,27.89
14/03/2026,England,3,Dorian Aldegheri,1993-08-04,32.61
14/03/2026,England,22,Baptiste Serin,1994-06-20,31.73
14/03/2026,England,15,Thomas Ramos,1995-07-23,30.64
14/03/2026,England,14,Theo Attissogbe,2004-11-19,21.31
14/03/2026,England,21,Joshua Brennan,2001-11-28,24.29
14/03/2026,England,8,Charles Ollivon,1993-05-11,32.84
14/03/2026,England,4,Thibaud Flament,1997-04-29,28.87
14/03/2026,England,20,Mickael Guillard,2000-12-10,25.26
04/07/2026,New Zealand,16,Barnabe Massa,2004-05-13,22.14
04/07/2026,New Zealand,14,Damian Penaud,1996-09-25,29.77
04/07/2026,New Zealand,22,Antoine Hastoy,1997-06-04,29.08
04/07/2026,New Zealand,12,Yoram Moefana,2000-07-18,25.96
04/07/2026,New Zealand,23,Nicolas Depoortere,2003-01-13,23.47
04/07/2026,New Zealand,7,Oscar Jegou,2003-05-31,23.09
04/07/2026,New Zealand,5,Tom Staniforth,1994-08-13,31.89
04/07/2026,New Zealand,10,Matthieu Jalibert,1998-11-06,27.66
04/07/2026,New Zealand,4,Hugo Auradou,2003-07-20,22.96
04/07/2026,New Zealand,3,Demba Bamba,1998-03-17,28.3
04/07/2026,New Zealand,8,Marko Gazzotti,2004-09-24,21.77
04/07/2026,New Zealand,20,Killian Tixeront,2002-01-22,24.45
04/07/2026,New Zealand,2,Maxime Lamothe,1998-10-03,27.75
04/07/2026,New Zealand,6,Pierre Bochaton,2001-04-17,25.21
04/07/2026,New Zealand,13,Fabien Brau-Boirie,2005-12-19,20.54
04/07/2026,New Zealand,21,Nolann Le Garrec,2002-05-14,24.14
04/07/2026,New Zealand,11,Theo Attissogbe,2004-11-19,21.62
04/07/2026,New Zealand,1,Jefferson Poirot,1992-11-01,33.67
04/07/2026,New Zealand,17,Reda Wardi,1995-08-02,30.92
04/07/2026,New Zealand,9,Maxime Lucu,1993-01-12,33.47
04/07/2026,New Zealand,15,Max Spring,2001-03-15,25.3
04/07/2026,New Zealand,18,Regis Montagne,2000-09-30,25.76
04/07/2026,New Zealand,19,Mickael Guillard,2000-12-10,25.56
11/07/2026,Australia,2,Peato Mauvaka,1997-01-10,29.5
11/07/2026,Australia,12,Yoram Moefana,2000-07-18,25.98
11/07/2026,Australia,5,Emmanuel Meafou,1998-07-12,28.0
11/07/2026,Australia,7,Oscar Jegou,2003-05-31,23.11
11/07/2026,Australia,20,Tom Staniforth,1994-08-13,31.91
11/07/2026,Australia,10,Romain Ntamack,1999-05-01,27.2
11/07/2026,Australia,11,Aaron Grandidier Nkanang,2000-05-18,26.15
11/07/2026,Australia,15,Matthieu Jalibert,1998-11-06,27.68
11/07/2026,Australia,23,Kalvin Gourgues,2005-03-27,21.29
11/07/2026,Australia,19,Hugo Auradou,2003-07-20,22.98
11/07/2026,Australia,1,Moses Alo Emile,2000-01-15,26.49
11/07/2026,Australia,18,Tevita Tatafu,2002-10-13,23.74
11/07/2026,Australia,3,Demba Bamba,1998-03-17,28.32
11/07/2026,Australia,8,Marko Gazzotti,2004-09-24,21.79
11/07/2026,Australia,21,Killian Tixeront,2002-01-22,24.47
11/07/2026,Australia,16,Maxime Lamothe,1998-10-03,27.77
11/07/2026,Australia,6,Lenni Nouchi,2003-11-24,22.63
11/07/2026,Australia,13,Fabien Brau-Boirie,2005-12-19,20.56
11/07/2026,Australia,4,Florian Verhaeghe,1997-04-27,29.21
11/07/2026,Australia,22,Nolann Le Garrec,2002-05-14,24.16
11/07/2026,Australia,14,Theo Attissogbe,2004-11-19,21.64
11/07/2026,Australia,17,Jefferson Poirot,1992-11-01,33.69
11/07/2026,Australia,9,Maxime Lucu,1993-01-12,33.49
18/07/2026,Japan,16,Peato Mauvaka,1997-01-10,29.52
18/07/2026,Japan,12,Yoram Moefana,2000-07-18,26.0
18/07/2026,Japan,5,Emmanuel Meafou,1998-07-12,28.02
18/07/2026,Japan,20,Tom Staniforth,1994-08-13,31.93
18/07/2026,Japan,10,Romain Ntamack,1999-05-01,27.21
18/07/2026,Japan,11,Aaron Grandidier Nkanang,2000-05-18,26.17
18/07/2026,Japan,15,Matthieu Jalibert,1998-11-06,27.7
18/07/2026,Japan,23,Kalvin Gourgues,2005-03-27,21.31
18/07/2026,Japan,19,Hugo Auradou,2003-07-20,23.0
18/07/2026,Japan,7,Marko Gazzotti,2004-09-24,21.81
18/07/2026,Japan,21,Killian Tixeront,2002-01-22,24.49
18/07/2026,Japan,8,Alexandre Roumat,1997-06-27,29.06
18/07/2026,Japan,18,Sipili Falatea,1997-06-06,29.11
18/07/2026,Japan,2,Maxime Lamothe,1998-10-03,27.79
18/07/2026,Japan,22,Paul Graou,1997-07-25,28.98
18/07/2026,Japan,6,Lenni Nouchi,2003-11-24,22.65
18/07/2026,Japan,13,Fabien Brau-Boirie,2005-12-19,20.58
18/07/2026,Japan,4,Florian Verhaeghe,1997-04-27,29.22
18/07/2026,Japan,14,Theo Attissogbe,2004-11-19,21.66
18/07/2026,Japan,1,Jefferson Poirot,1992-11-01,33.71
18/07/2026,Japan,17,Reda Wardi,1995-08-02,30.96
18/07/2026,Japan,9,Maxime Lucu,1993-01-12,33.51
18/07/2026,Japan,3,Regis Montagne,2000-09-30,25.8
