date,opposition,shirt,player,started,minutes
07/02/2015,Scotland,15,Scott Spedding,y,80
07/02/2015,Scotland,1,Alexandre Menini,y,40
07/02/2015,Scotland,11,Teddy Thomas,y,80
07/02/2015,Scotland,16,Benjamin Kayser,n,32
07/02/2015,Scotland,6,Thierry Dusautoir,y,80
07/02/2015,Scotland,4,Pascal Pape,y,61
07/02/2015,Scotland,7,Bernard Le Roux,y,80
07/02/2015,Scotland,20,Loann Goujon,n,0
07/02/2015,Scotland,8,Damien Chouly,y,80
07/02/2015,Scotland,21,Morgan Parra,n,25
07/02/2015,Scotland,12,Wesley Fofana,y,80
07/02/2015,Scotland,23,Remi Lamerat,n,8
07/02/2015,Scotland,10,Camille Lopez,y,80
07/02/2015,Scotland,2,Guilhem Guirado,y,48
07/02/2015,Scotland,3,Rabah Slimani,y,55
07/02/2015,Scotland,5,Yoann Maestri,y,80
07/02/2015,Scotland,13,Mathieu Bastareaud,y,72
07/02/2015,Scotland,17,Uini Atonio,n,25
07/02/2015,Scotland,14,Yoann Huget,y,80
07/02/2015,Scotland,18,Eddy Ben Arous,n,40
07/02/2015,Scotland,19,Romain Taofifenua,n,19
07/02/2015,Scotland,22,Remi Tales,n,0
07/02/2015,Scotland,9,Rory Kockott,y,55
14/02/2015,Ireland,15,Scott Spedding,y,53
14/02/2015,Ireland,11,Teddy Thomas,y,33
14/02/2015,Ireland,16,Benjamin Kayser,n,30
14/02/2015,Ireland,6,Thierry Dusautoir,y,80
14/02/2015,Ireland,4,Pascal Pape,y,64
14/02/2015,Ireland,7,Bernard Le Roux,y,80
14/02/2015,Ireland,20,Loann Goujon,n,8
14/02/2015,Ireland,8,Damien Chouly,y,72
14/02/2015,Ireland,21,Morgan Parra,n,14
14/02/2015,Ireland,12,Wesley Fofana,y,73
14/02/2015,Ireland,23,Remi Lamerat,n,54
14/02/2015,Ireland,10,Camille Lopez,y,80
14/02/2015,Ireland,2,Guilhem Guirado,y,50
14/02/2015,Ireland,3,Rabah Slimani,y,50
14/02/2015,Ireland,5,Yoann Maestri,y,80
14/02/2015,Ireland,13,Mathieu Bastareaud,y,72
14/02/2015,Ireland,18,Vincent Debaty,n,30
14/02/2015,Ireland,17,Uini Atonio,n,30
14/02/2015,Ireland,14,Yoann Huget,y,80
14/02/2015,Ireland,1,Eddy Ben Arous,y,50
14/02/2015,Ireland,19,Romain Taofifenua,n,16
14/02/2015,Ireland,22,Remi Tales,n,35
14/02/2015,Ireland,9,Rory Kockott,y,66
28/02/2015,Wales,21,Sebastien Tillous-Borde,n,27
28/02/2015,Wales,16,Benjamin Kayser,n,27
28/02/2015,Wales,6,Thierry Dusautoir,y,80
28/02/2015,Wales,7,Bernard Le Roux,y,80
28/02/2015,Wales,20,Loann Goujon,n,6
28/02/2015,Wales,8,Damien Chouly,y,74
28/02/2015,Wales,9,Morgan Parra,y,53
28/02/2015,Wales,12,Wesley Fofana,y,69
28/02/2015,Wales,13,Remi Lamerat,y,17
28/02/2015,Wales,15,Brice Dulin,y,80
28/02/2015,Wales,10,Camille Lopez,y,80
28/02/2015,Wales,2,Guilhem Guirado,y,53
28/02/2015,Wales,3,Rabah Slimani,y,53
28/02/2015,Wales,5,Yoann Maestri,y,80
28/02/2015,Wales,23,Mathieu Bastareaud,n,63
28/02/2015,Wales,18,Vincent Debaty,n,27
28/02/2015,Wales,17,Uini Atonio,n,27
28/02/2015,Wales,14,Yoann Huget,y,80
28/02/2015,Wales,11,Sofiane Guitoune,y,80
28/02/2015,Wales,1,Eddy Ben Arous,y,53
28/02/2015,Wales,19,Jocelino Suta,n,19
28/02/2015,Wales,4,Romain Taofifenua,y,61
28/02/2015,Wales,22,Remi Tales,n,11
15/03/2015,Italy,9,Sebastien Tillous-Borde,y,64
15/03/2015,Italy,4,Alexandre Flanquart,y,80
15/03/2015,Italy,3,Nicolas Mas,y,51
15/03/2015,Italy,15,Scott Spedding,y,80
15/03/2015,Italy,22,Jules Plisson,n,40
15/03/2015,Italy,16,Benjamin Kayser,n,26
15/03/2015,Italy,6,Thierry Dusautoir,y,80
15/03/2015,Italy,13,Gael Fickou,y,70
15/03/2015,Italy,7,Bernard Le Roux,y,80
15/03/2015,Italy,8,Loann Goujon,y,73
15/03/2015,Italy,20,Damien Chouly,n,7
15/03/2015,Italy,12,Maxime Mermoz,y,80
15/03/2015,Italy,10,Camille Lopez,y,40
15/03/2015,Italy,2,Guilhem Guirado,y,54
15/03/2015,Italy,17,Rabah Slimani,n,29
15/03/2015,Italy,5,Yoann Maestri,y,65
15/03/2015,Italy,23,Mathieu Bastareaud,n,10
15/03/2015,Italy,18,Vincent Debaty,n,22
15/03/2015,Italy,14,Yoann Huget,y,80
15/03/2015,Italy,1,Eddy Ben Arous,y,58
15/03/2015,Italy,19,Romain Taofifenua,n,15
15/03/2015,Italy,21,Rory Kockott,n,16
15/03/2015,Italy,11,Noa Nakaitaci,y,80
21/03/2015,England,9,Sebastien Tillous-Borde,y,49
21/03/2015,England,4,Alexandre Flanquart,y,80
21/03/2015,England,3,Nicolas Mas,y,48
21/03/2015,England,15,Scott Spedding,y,80
21/03/2015,England,10,Jules Plisson,y,72
21/03/2015,England,16,Benjamin Kayser,n,32
21/03/2015,England,6,Thierry Dusautoir,y,80
21/03/2015,England,13,Gael Fickou,y,80
21/03/2015,England,7,Bernard Le Roux,y,80
21/03/2015,England,8,Loann Goujon,y,63
21/03/2015,England,20,Damien Chouly,n,17
21/03/2015,England,12,Maxime Mermoz,y,72
21/03/2015,England,2,Guilhem Guirado,y,48
21/03/2015,England,17,Rabah Slimani,n,31
21/03/2015,England,5,Yoann Maestri,y,68
21/03/2015,England,23,Mathieu Bastareaud,n,8
21/03/2015,England,1,Vincent Debaty,y,62
21/03/2015,England,18,Uini Atonio,n,19
21/03/2015,England,14,Yoann Huget,y,80
21/03/2015,England,19,Romain Taofifenua,n,12
21/03/2015,England,22,Remi Tales,n,8
21/03/2015,England,21,Rory Kockott,n,31
21/03/2015,England,11,Noa Nakaitaci,y,80
15/08/2015,England,4,Alexandre Flanquart,y,80
15/08/2015,England,3,Nicolas Mas,y,51
15/08/2015,England,15,Scott Spedding,y,80
15/08/2015,England,12,Alexandre Dumoulin,y,66
15/08/2015,England,19,Sebastien Vahaamahina,n,14
15/08/2015,England,23,Gael Fickou,n,24
15/08/2015,England,20,Loann Goujon,n,24
15/08/2015,England,6,Yannick Nyanga,y,56
15/08/2015,England,9,Morgan Parra,y,60
15/08/2015,England,13,Remi Lamerat,y,80
15/08/2015,England,11,Brice Dulin,y,70
15/08/2015,England,16,Guilhem Guirado,n,27
15/08/2015,England,8,Louis Picamoles,y,80
15/08/2015,England,5,Yoann Maestri,y,66
15/08/2015,England,17,Xavier Chiocci,n,27
15/08/2015,England,1,Vincent Debaty,y,53
15/08/2015,England,18,Uini Atonio,n,29
15/08/2015,England,14,Sofiane Guitoune,y,80
15/08/2015,England,22,Remi Tales,n,20
15/08/2015,England,2,Dimitri Szarzewski,y,53
15/08/2015,England,21,Rory Kockott,n,20
15/08/2015,England,10,Francois Trinh-Duc,y,60
15/08/2015,England,7,Fulgence Ouedraogo,y,80
22/08/2015,England,9,Sebastien Tillous-Borde,y,71
22/08/2015,England,19,Alexandre Flanquart,n,12
22/08/2015,England,15,Scott Spedding,y,80
22/08/2015,England,16,Benjamin Kayser,n,23
22/08/2015,England,4,Pascal Pape,y,68
22/08/2015,England,23,Gael Fickou,n,12
22/08/2015,England,7,Bernard Le Roux,y,80
22/08/2015,England,6,Damien Chouly,y,80
22/08/2015,England,20,Yannick Nyanga,n,23
22/08/2015,England,10,Frederic Michalak,y,70
22/08/2015,England,12,Wesley Fofana,y,80
22/08/2015,England,2,Guilhem Guirado,y,57
22/08/2015,England,3,Rabah Slimani,y,64
22/08/2015,England,8,Louis Picamoles,y,57
22/08/2015,England,5,Yoann Maestri,y,80
22/08/2015,England,13,Mathieu Bastareaud,y,68
22/08/2015,England,17,Vincent Debaty,n,23
22/08/2015,England,18,Uini Atonio,n,16
22/08/2015,England,14,Yoann Huget,y,80
22/08/2015,England,1,Eddy Ben Arous,y,57
22/08/2015,England,22,Remi Tales,n,10
22/08/2015,England,21,Rory Kockott,n,9
22/08/2015,England,11,Noa Nakaitaci,y,80
05/09/2015,Scotland,9,Sebastien Tillous-Borde,y,59
05/09/2015,Scotland,5,Alexandre Flanquart,y,80
05/09/2015,Scotland,18,Nicolas Mas,n,29
05/09/2015,Scotland,15,Scott Spedding,y,80
05/09/2015,Scotland,23,Alexandre Dumoulin,n,45
05/09/2015,Scotland,6,Thierry Dusautoir,y,80
05/09/2015,Scotland,4,Pascal Pape,y,52
05/09/2015,Scotland,19,Bernard Le Roux,n,28
05/09/2015,Scotland,7,Damien Chouly,y,80
05/09/2015,Scotland,20,Yannick Nyanga,n,14
05/09/2015,Scotland,21,Morgan Parra,n,21
05/09/2015,Scotland,10,Frederic Michalak,y,72
05/09/2015,Scotland,12,Wesley Fofana,y,35
05/09/2015,Scotland,2,Guilhem Guirado,y,56
05/09/2015,Scotland,3,Rabah Slimani,y,51
05/09/2015,Scotland,8,Louis Picamoles,y,66
05/09/2015,Scotland,13,Mathieu Bastareaud,y,80
05/09/2015,Scotland,17,Vincent Debaty,n,24
05/09/2015,Scotland,14,Yoann Huget,y,80
05/09/2015,Scotland,1,Eddy Ben Arous,y,56
05/09/2015,Scotland,22,Remi Tales,n,8
05/09/2015,Scotland,16,Dimitri Szarzewski,n,24
05/09/2015,Scotland,11,Noa Nakaitaci,y,80
19/09/2015,Italy,9,Sebastien Tillous-Borde,y,56
19/09/2015,Italy,20,Alexandre Flanquart,n,12
19/09/2015,Italy,18,Nicolas Mas,n,17
19/09/2015,Italy,15,Scott Spedding,y,80
19/09/2015,Italy,12,Alexandre Dumoulin,y,80
19/09/2015,Italy,16,Benjamin Kayser,n,11
19/09/2015,Italy,6,Thierry Dusautoir,y,80
19/09/2015,Italy,4,Pascal Pape,y,80
19/09/2015,Italy,23,Gael Fickou,n,26
19/09/2015,Italy,19,Bernard Le Roux,n,15
19/09/2015,Italy,7,Damien Chouly,y,80
19/09/2015,Italy,21,Morgan Parra,n,24
19/09/2015,Italy,10,Frederic Michalak,y,76
19/09/2015,Italy,2,Guilhem Guirado,y,69
19/09/2015,Italy,3,Rabah Slimani,y,63
19/09/2015,Italy,8,Louis Picamoles,y,65
19/09/2015,Italy,5,Yoann Maestri,y,68
19/09/2015,Italy,13,Mathieu Bastareaud,y,80
19/09/2015,Italy,17,Vincent Debaty,n,19
19/09/2015,Italy,14,Yoann Huget,y,54
19/09/2015,Italy,1,Eddy Ben Arous,y,61
19/09/2015,Italy,22,Remi Tales,n,4
19/09/2015,Italy,11,Noa Nakaitaci,y,80
23/09/2015,Romania,5,Alexandre Flanquart,y,80
23/09/2015,Romania,18,Nicolas Mas,n,31
23/09/2015,Romania,16,Benjamin Kayser,n,40
23/09/2015,Romania,13,Gael Fickou,y,80
23/09/2015,Romania,4,Bernard Le Roux,y,80
23/09/2015,Romania,20,Damien Chouly,n,31
23/09/2015,Romania,6,Yannick Nyanga,y,80
23/09/2015,Romania,9,Morgan Parra,y,67
23/09/2015,Romania,22,Frederic Michalak,n,0
23/09/2015,Romania,12,Wesley Fofana,y,80
23/09/2015,Romania,15,Brice Dulin,y,80
23/09/2015,Romania,8,Louis Picamoles,y,49
23/09/2015,Romania,19,Yoann Maestri,n,0
23/09/2015,Romania,23,Mathieu Bastareaud,n,0
23/09/2015,Romania,1,Vincent Debaty,y,68
23/09/2015,Romania,3,Uini Atonio,y,49
23/09/2015,Romania,14,Sofiane Guitoune,y,80
23/09/2015,Romania,17,Eddy Ben Arous,n,12
23/09/2015,Romania,10,Remi Tales,y,80
23/09/2015,Romania,2,Dimitri Szarzewski,y,40
23/09/2015,Romania,21,Rory Kockott,n,13
23/09/2015,Romania,11,Noa Nakaitaci,y,80
23/09/2015,Romania,7,Fulgence Ouedraogo,y,80
01/10/2015,Canada,14,Remy Grosso,y,80
01/10/2015,Canada,9,Sebastien Tillous-Borde,y,59
01/10/2015,Canada,18,Nicolas Mas,n,18
01/10/2015,Canada,15,Scott Spedding,y,80
01/10/2015,Canada,23,Alexandre Dumoulin,n,10
01/10/2015,Canada,16,Benjamin Kayser,n,21
01/10/2015,Canada,6,Thierry Dusautoir,y,80
01/10/2015,Canada,4,Pascal Pape,y,80
01/10/2015,Canada,7,Bernard Le Roux,y,68
01/10/2015,Canada,8,Damien Chouly,y,73
01/10/2015,Canada,19,Yannick Nyanga,n,12
01/10/2015,Canada,21,Morgan Parra,n,21
01/10/2015,Canada,10,Frederic Michalak,y,68
01/10/2015,Canada,12,Wesley Fofana,y,80
01/10/2015,Canada,11,Brice Dulin,y,80
01/10/2015,Canada,2,Guilhem Guirado,y,59
01/10/2015,Canada,3,Rabah Slimani,y,62
01/10/2015,Canada,5,Yoann Maestri,y,80
01/10/2015,Canada,13,Mathieu Bastareaud,y,70
01/10/2015,Canada,17,Vincent Debaty,n,21
01/10/2015,Canada,1,Eddy Ben Arous,y,59
01/10/2015,Canada,22,Remi Tales,n,12
01/10/2015,Canada,20,Fulgence Ouedraogo,n,7
11/10/2015,Ireland,9,Sebastien Tillous-Borde,y,55
11/10/2015,Ireland,19,Alexandre Flanquart,n,7
11/10/2015,Ireland,18,Nicolas Mas,n,17
11/10/2015,Ireland,15,Scott Spedding,y,80
11/10/2015,Ireland,23,Alexandre Dumoulin,n,18
11/10/2015,Ireland,16,Benjamin Kayser,n,22
11/10/2015,Ireland,6,Thierry Dusautoir,y,80
11/10/2015,Ireland,4,Pascal Pape,y,73
11/10/2015,Ireland,20,Bernard Le Roux,n,25
11/10/2015,Ireland,7,Damien Chouly,y,55
11/10/2015,Ireland,21,Morgan Parra,n,25
11/10/2015,Ireland,10,Frederic Michalak,y,55
11/10/2015,Ireland,12,Wesley Fofana,y,80
11/10/2015,Ireland,11,Brice Dulin,y,80
11/10/2015,Ireland,2,Guilhem Guirado,y,58
11/10/2015,Ireland,3,Rabah Slimani,y,63
11/10/2015,Ireland,8,Louis Picamoles,y,80
11/10/2015,Ireland,5,Yoann Maestri,y,80
11/10/2015,Ireland,13,Mathieu Bastareaud,y,62
11/10/2015,Ireland,17,Vincent Debaty,n,20
11/10/2015,Ireland,1,Eddy Ben Arous,y,60
11/10/2015,Ireland,22,Remi Tales,n,25
11/10/2015,Ireland,14,Noa Nakaitaci,y,80
17/10/2015,New Zealand,18,Nicolas Mas,n,20
17/10/2015,New Zealand,15,Scott Spedding,y,80
17/10/2015,New Zealand,13,Alexandre Dumoulin,y,61
17/10/2015,New Zealand,6,Thierry Dusautoir,y,80
17/10/2015,New Zealand,4,Pascal Pape,y,47
17/10/2015,New Zealand,7,Bernard Le Roux,y,80
17/10/2015,New Zealand,19,Damien Chouly,n,8
17/10/2015,New Zealand,20,Yannick Nyanga,n,33
17/10/2015,New Zealand,9,Morgan Parra,y,68
17/10/2015,New Zealand,10,Frederic Michalak,y,11
17/10/2015,New Zealand,12,Wesley Fofana,y,80
17/10/2015,New Zealand,11,Brice Dulin,y,80
17/10/2015,New Zealand,2,Guilhem Guirado,y,56
17/10/2015,New Zealand,3,Rabah Slimani,y,60
17/10/2015,New Zealand,8,Louis Picamoles,y,72
17/10/2015,New Zealand,5,Yoann Maestri,y,80
17/10/2015,New Zealand,23,Mathieu Bastareaud,n,19
17/10/2015,New Zealand,17,Vincent Debaty,n,19
17/10/2015,New Zealand,1,Eddy Ben Arous,y,61
17/10/2015,New Zealand,22,Remi Tales,n,69
17/10/2015,New Zealand,16,Dimitri Szarzewski,n,24
17/10/2015,New Zealand,21,Rory Kockott,n,12
17/10/2015,New Zealand,14,Noa Nakaitaci,y,80
06/02/2016,Italy,16,Camille Chat,n,0
06/02/2016,Italy,19,Alexandre Flanquart,n,8
06/02/2016,Italy,22,Jean Marc Doussain,n,0
06/02/2016,Italy,10,Jules Plisson,y,80
06/02/2016,Italy,13,Gael Fickou,y,56
06/02/2016,Italy,14,Hugo Bonneval,y,80
06/02/2016,Italy,7,Damien Chouly,y,80
06/02/2016,Italy,23,Maxime Mermoz,n,24
06/02/2016,Italy,2,Guilhem Guirado,y,80
06/02/2016,Italy,3,Rabah Slimani,y,51
06/02/2016,Italy,8,Louis Picamoles,y,16
06/02/2016,Italy,5,Yoann Maestri,y,80
06/02/2016,Italy,9,Sebastien Bezy,y,68
06/02/2016,Italy,17,Uini Atonio,n,29
06/02/2016,Italy,6,Wenceslas Lauret,y,80
06/02/2016,Italy,20,Yacouba Camara,n,64
06/02/2016,Italy,1,Eddy Ben Arous,y,51
06/02/2016,Italy,21,Maxime Machenaud,n,12
06/02/2016,Italy,18,Jefferson Poirot,n,29
06/02/2016,Italy,4,Paul Jedrasiak,y,72
06/02/2016,Italy,11,Virimi Vakatawa,y,80
06/02/2016,Italy,15,Maxime Medard,y,80
06/02/2016,Italy,12,Jonathan Danty,y,80
13/02/2016,Ireland,16,Camille Chat,n,16
13/02/2016,Ireland,4,Alexandre Flanquart,y,80
13/02/2016,Ireland,22,Jean Marc Doussain,n,4
13/02/2016,Ireland,14,Teddy Thomas,y,44
13/02/2016,Ireland,10,Jules Plisson,y,80
13/02/2016,Ireland,23,Hugo Bonneval,n,36
13/02/2016,Ireland,20,Loann Goujon,n,13
13/02/2016,Ireland,8,Damien Chouly,y,80
13/02/2016,Ireland,13,Maxime Mermoz,y,80
13/02/2016,Ireland,2,Guilhem Guirado,y,64
13/02/2016,Ireland,17,Rabah Slimani,n,36
13/02/2016,Ireland,5,Yoann Maestri,y,58
13/02/2016,Ireland,9,Sebastien Bezy,y,56
13/02/2016,Ireland,3,Uini Atonio,y,44
13/02/2016,Ireland,6,Wenceslas Lauret,y,80
13/02/2016,Ireland,7,Yacouba Camara,y,67
13/02/2016,Ireland,18,Eddy Ben Arous,n,30
13/02/2016,Ireland,21,Maxime Machenaud,n,24
13/02/2016,Ireland,1,Jefferson Poirot,y,50
13/02/2016,Ireland,19,Paul Jedrasiak,n,22
13/02/2016,Ireland,11,Virimi Vakatawa,y,80
13/02/2016,Ireland,15,Maxime Medard,y,80
13/02/2016,Ireland,12,Jonathan Danty,y,76
26/02/2016,Wales,16,Camille Chat,n,18
26/02/2016,Wales,7,Antoine Burban,y,47
26/02/2016,Wales,5,Alexandre Flanquart,y,80
26/02/2016,Wales,11,Djibril Camara,y,80
26/02/2016,Wales,10,Jules Plisson,y,63
26/02/2016,Wales,23,Gael Fickou,n,14
26/02/2016,Wales,20,Loann Goujon,n,33
26/02/2016,Wales,8,Damien Chouly,y,62
26/02/2016,Wales,13,Maxime Mermoz,y,66
26/02/2016,Wales,2,Guilhem Guirado,y,80
26/02/2016,Wales,3,Rabah Slimani,y,62
26/02/2016,Wales,19,Yoann Maestri,n,36
26/02/2016,Wales,21,Sebastien Bezy,n,10
26/02/2016,Wales,17,Uini Atonio,n,18
26/02/2016,Wales,6,Wenceslas Lauret,y,80
26/02/2016,Wales,18,Vincent Pelo,n,18
26/02/2016,Wales,9,Maxime Machenaud,y,80
26/02/2016,Wales,1,Jefferson Poirot,y,62
26/02/2016,Wales,4,Paul Jedrasiak,y,44
26/02/2016,Wales,14,Virimi Vakatawa,y,80
26/02/2016,Wales,22,Francois Trinh-Duc,n,17
26/02/2016,Wales,15,Maxime Medard,y,70
26/02/2016,Wales,12,Jonathan Danty,y,80
13/03/2016,Scotland,16,Camille Chat,n,11
13/03/2016,Scotland,4,Alexandre Flanquart,y,51
13/03/2016,Scotland,15,Scott Spedding,y,80
13/03/2016,Scotland,22,Jules Plisson,n,8
13/03/2016,Scotland,19,Sebastien Vahaamahina,n,29
13/03/2016,Scotland,13,Gael Fickou,y,80
13/03/2016,Scotland,20,Loann Goujon,n,16
13/03/2016,Scotland,8,Damien Chouly,y,80
13/03/2016,Scotland,12,Maxime Mermoz,y,72
13/03/2016,Scotland,14,Wesley Fofana,y,80
13/03/2016,Scotland,2,Guilhem Guirado,y,69
13/03/2016,Scotland,3,Rabah Slimani,y,62
13/03/2016,Scotland,5,Yoann Maestri,y,80
13/03/2016,Scotland,21,Sebastien Bezy,n,5
13/03/2016,Scotland,18,Uini Atonio,n,18
13/03/2016,Scotland,7,Wenceslas Lauret,y,80
13/03/2016,Scotland,6,Yacouba Camara,y,64
13/03/2016,Scotland,17,Vincent Pelo,n,3
13/03/2016,Scotland,9,Maxime Machenaud,y,75
13/03/2016,Scotland,1,Jefferson Poirot,y,77
13/03/2016,Scotland,11,Virimi Vakatawa,y,80
13/03/2016,Scotland,10,Francois Trinh-Duc,y,72
13/03/2016,Scotland,23,Maxime Medard,n,8
19/03/2016,England,16,Camille Chat,n,12
19/03/2016,England,4,Alexandre Flanquart,y,58
19/03/2016,England,15,Scott Spedding,y,80
19/03/2016,England,22,Jules Plisson,n,67
19/03/2016,England,13,Gael Fickou,y,80
19/03/2016,England,7,Bernard Le Roux,y,80
19/03/2016,England,8,Loann Goujon,y,70
19/03/2016,England,6,Damien Chouly,y,80
19/03/2016,England,12,Maxime Mermoz,y,70
19/03/2016,England,14,Wesley Fofana,y,80
19/03/2016,England,2,Guilhem Guirado,y,68
19/03/2016,England,3,Rabah Slimani,y,58
19/03/2016,England,5,Yoann Maestri,y,80
19/03/2016,England,18,Xavier Chiocci,n,22
19/03/2016,England,21,Sebastien Bezy,n,4
19/03/2016,England,17,Uini Atonio,n,22
19/03/2016,England,20,Wenceslas Lauret,n,10
19/03/2016,England,9,Maxime Machenaud,y,76
19/03/2016,England,1,Jefferson Poirot,y,58
19/03/2016,England,19,Paul Jedrasiak,n,22
19/03/2016,England,11,Virimi Vakatawa,y,80
19/03/2016,England,10,Francois Trinh-Duc,y,13
19/03/2016,England,23,Maxime Medard,n,10
19/06/2016,Argentina,11,Djibril Camara,y,80
19/06/2016,Argentina,19,Fabrice Metz,n,4
19/06/2016,Argentina,16,Clement Maynadier,n,12
19/06/2016,Argentina,4,Julien Le Devedec,y,80
19/06/2016,Argentina,10,Jules Plisson,y,76
19/06/2016,Argentina,18,Lucas Pointud,n,17
19/06/2016,Argentina,23,Gael Fickou,n,17
19/06/2016,Argentina,15,Hugo Bonneval,y,80
19/06/2016,Argentina,6,Loann Goujon,y,80
19/06/2016,Argentina,9,Baptiste Serin,y,72
19/06/2016,Argentina,14,Frederic Michalak,y,80
19/06/2016,Argentina,3,Rabah Slimani,y,51
19/06/2016,Argentina,20,Louis Picamoles,n,42
19/06/2016,Argentina,2,Remi Bonfils,y,68
19/06/2016,Argentina,5,William Demotte,y,76
19/06/2016,Argentina,7,Kevin Gourdon,y,67
19/06/2016,Argentina,8,Raphael Lakafia,y,38
19/06/2016,Argentina,21,Sebastien Bezy,n,8
19/06/2016,Argentina,17,Uini Atonio,n,29
19/06/2016,Argentina,13,Julien Rey,y,80
19/06/2016,Argentina,1,Jefferson Poirot,y,76
19/06/2016,Argentina,22,Francois Trinh-Duc,n,4
19/06/2016,Argentina,12,Jonathan Danty,y,63
25/06/2016,Argentina,11,Djibril Camara,y,36
25/06/2016,Argentina,16,Clement Maynadier,n,14
25/06/2016,Argentina,4,Julien Le Devedec,y,70
25/06/2016,Argentina,22,Jules Plisson,n,7
25/06/2016,Argentina,17,Lucas Pointud,n,50
25/06/2016,Argentina,13,Gael Fickou,y,80
25/06/2016,Argentina,14,Hugo Bonneval,y,80
25/06/2016,Argentina,6,Loann Goujon,y,80
25/06/2016,Argentina,9,Baptiste Serin,y,64
25/06/2016,Argentina,12,Remi Lamerat,y,80
25/06/2016,Argentina,18,Rabah Slimani,n,13
25/06/2016,Argentina,8,Louis Picamoles,y,80
25/06/2016,Argentina,5,Yoann Maestri,y,80
25/06/2016,Argentina,2,Remi Bonfils,y,66
25/06/2016,Argentina,7,Kevin Gourdon,y,70
25/06/2016,Argentina,21,Sebastien Bezy,n,16
25/06/2016,Argentina,3,Uini Atonio,y,67
25/06/2016,Argentina,23,Julien Rey,n,44
25/06/2016,Argentina,1,Jefferson Poirot,y,30
25/06/2016,Argentina,19,Paul Jedrasiak,n,10
25/06/2016,Argentina,20,Kelian Galletier,n,10
25/06/2016,Argentina,10,Francois Trinh-Duc,y,73
25/06/2016,Argentina,15,Maxime Medard,y,80
12/11/2016,Samoa,7,Kevin Gourdon,y,70
12/11/2016,Samoa,3,Uini Atonio,y,52
12/11/2016,Samoa,14,Yoann Huget,y,80
12/11/2016,Samoa,17,Cyril Baille,n,44
12/11/2016,Samoa,9,Maxime Machenaud,y,67
12/11/2016,Samoa,1,Jefferson Poirot,y,36
12/11/2016,Samoa,11,Virimi Vakatawa,y,80
12/11/2016,Samoa,20,Charles Ollivon,n,69
12/11/2016,Samoa,10,Francois Trinh-Duc,y,48
12/11/2016,Samoa,16,Camille Chat,n,4
12/11/2016,Samoa,15,Scott Spedding,y,80
12/11/2016,Samoa,22,Jean Marc Doussain,n,32
12/11/2016,Samoa,4,Julien Le Devedec,y,61
12/11/2016,Samoa,19,Sebastien Vahaamahina,n,29
12/11/2016,Samoa,23,Gael Fickou,n,32
12/11/2016,Samoa,6,Loann Goujon,y,11
12/11/2016,Samoa,21,Baptiste Serin,n,13
12/11/2016,Samoa,12,Wesley Fofana,y,80
12/11/2016,Samoa,13,Remi Lamerat,y,48
12/11/2016,Samoa,2,Guilhem Guirado,y,76
12/11/2016,Samoa,18,Rabah Slimani,n,28
12/11/2016,Samoa,8,Louis Picamoles,y,80
12/11/2016,Samoa,5,Yoann Maestri,y,80
19/11/2016,Australia,16,Camille Chat,n,16
19/11/2016,Australia,15,Scott Spedding,y,73
19/11/2016,Australia,10,Jean Marc Doussain,y,50
19/11/2016,Australia,19,Julien Le Devedec,n,16
19/11/2016,Australia,4,Sebastien Vahaamahina,y,64
19/11/2016,Australia,23,Gael Fickou,n,12
19/11/2016,Australia,20,Damien Chouly,n,9
19/11/2016,Australia,21,Baptiste Serin,n,6
19/11/2016,Australia,12,Wesley Fofana,y,80
19/11/2016,Australia,13,Remi Lamerat,y,68
19/11/2016,Australia,22,Camille Lopez,n,37
19/11/2016,Australia,2,Guilhem Guirado,y,64
19/11/2016,Australia,18,Rabah Slimani,n,16
19/11/2016,Australia,8,Louis Picamoles,y,71
19/11/2016,Australia,5,Yoann Maestri,y,80
19/11/2016,Australia,17,Xavier Chiocci,n,16
19/11/2016,Australia,7,Kevin Gourdon,y,80
19/11/2016,Australia,3,Uini Atonio,y,64
19/11/2016,Australia,1,Cyril Baille,y,64
19/11/2016,Australia,9,Maxime Machenaud,y,74
19/11/2016,Australia,11,Virimi Vakatawa,y,80
19/11/2016,Australia,6,Charles Ollivon,y,80
19/11/2016,Australia,14,Noa Nakaitaci,y,80
26/11/2016,New Zealand,16,Camille Chat,n,11
26/11/2016,New Zealand,22,Jean Marc Doussain,n,0
26/11/2016,New Zealand,19,Julien Le Devedec,n,66
26/11/2016,New Zealand,4,Sebastien Vahaamahina,y,80
26/11/2016,New Zealand,23,Gael Fickou,n,19
26/11/2016,New Zealand,20,Damien Chouly,n,14
26/11/2016,New Zealand,21,Baptiste Serin,n,33
26/11/2016,New Zealand,12,Wesley Fofana,y,80
26/11/2016,New Zealand,13,Remi Lamerat,y,61
26/11/2016,New Zealand,15,Brice Dulin,y,80
26/11/2016,New Zealand,10,Camille Lopez,y,80
26/11/2016,New Zealand,2,Guilhem Guirado,y,69
26/11/2016,New Zealand,18,Rabah Slimani,n,19
26/11/2016,New Zealand,8,Louis Picamoles,y,66
26/11/2016,New Zealand,5,Yoann Maestri,y,14
26/11/2016,New Zealand,1,Xavier Chiocci,y,61
26/11/2016,New Zealand,7,Kevin Gourdon,y,80
26/11/2016,New Zealand,3,Uini Atonio,y,61
26/11/2016,New Zealand,17,Cyril Baille,n,19
26/11/2016,New Zealand,9,Maxime Machenaud,y,47
26/11/2016,New Zealand,11,Virimi Vakatawa,y,80
26/11/2016,New Zealand,6,Charles Ollivon,y,80
26/11/2016,New Zealand,14,Noa Nakaitaci,y,80
04/02/2017,England,15,Scott Spedding,y,80
04/02/2017,England,22,Jean Marc Doussain,n,8
04/02/2017,England,16,Clement Maynadier,n,8
04/02/2017,England,4,Sebastien Vahaamahina,y,72
04/02/2017,England,12,Gael Fickou,y,80
04/02/2017,England,20,Loann Goujon,n,14
04/02/2017,England,6,Damien Chouly,y,66
04/02/2017,England,9,Baptiste Serin,y,57
04/02/2017,England,13,Remi Lamerat,y,72
04/02/2017,England,10,Camille Lopez,y,72
04/02/2017,England,2,Guilhem Guirado,y,72
04/02/2017,England,17,Rabah Slimani,n,34
04/02/2017,England,8,Louis Picamoles,y,80
04/02/2017,England,5,Yoann Maestri,y,80
04/02/2017,England,18,Xavier Chiocci,n,34
04/02/2017,England,7,Kevin Gourdon,y,80
04/02/2017,England,3,Uini Atonio,y,46
04/02/2017,England,23,Yoann Huget,n,8
04/02/2017,England,19,Arthur Iturria,n,8
04/02/2017,England,1,Cyril Baille,y,46
04/02/2017,England,21,Maxime Machenaud,n,23
04/02/2017,England,11,Virimi Vakatawa,y,80
04/02/2017,England,14,Noa Nakaitaci,y,80
12/02/2017,Scotland,15,Scott Spedding,y,80
12/02/2017,Scotland,22,Jean Marc Doussain,n,0
12/02/2017,Scotland,19,Julien Le Devedec,n,21
12/02/2017,Scotland,4,Sebastien Vahaamahina,y,80
12/02/2017,Scotland,16,Christopher Tolofua,n,8
12/02/2017,Scotland,12,Gael Fickou,y,80
12/02/2017,Scotland,6,Loann Goujon,y,60
12/02/2017,Scotland,20,Damien Chouly,n,20
12/02/2017,Scotland,9,Baptiste Serin,y,56
12/02/2017,Scotland,13,Remi Lamerat,y,80
12/02/2017,Scotland,10,Camille Lopez,y,80
12/02/2017,Scotland,2,Guilhem Guirado,y,72
12/02/2017,Scotland,17,Rabah Slimani,n,35
12/02/2017,Scotland,8,Louis Picamoles,y,80
12/02/2017,Scotland,5,Yoann Maestri,y,59
12/02/2017,Scotland,18,Xavier Chiocci,n,20
12/02/2017,Scotland,7,Kevin Gourdon,y,80
12/02/2017,Scotland,3,Uini Atonio,y,45
12/02/2017,Scotland,23,Yoann Huget,n,27
12/02/2017,Scotland,1,Cyril Baille,y,60
12/02/2017,Scotland,21,Maxime Machenaud,n,24
12/02/2017,Scotland,11,Virimi Vakatawa,y,53
12/02/2017,Scotland,14,Noa Nakaitaci,y,80
25/02/2017,Ireland,15,Scott Spedding,y,74
25/02/2017,Ireland,23,Djibril Camara,n,6
25/02/2017,Ireland,19,Julien Le Devedec,n,29
25/02/2017,Ireland,4,Sebastien Vahaamahina,y,51
25/02/2017,Ireland,16,Christopher Tolofua,n,18
25/02/2017,Ireland,12,Gael Fickou,y,80
25/02/2017,Ireland,6,Bernard Le Roux,y,60
25/02/2017,Ireland,9,Baptiste Serin,y,62
25/02/2017,Ireland,13,Remi Lamerat,y,60
25/02/2017,Ireland,10,Camille Lopez,y,80
25/02/2017,Ireland,2,Guilhem Guirado,y,62
25/02/2017,Ireland,3,Rabah Slimani,y,51
25/02/2017,Ireland,8,Louis Picamoles,y,80
25/02/2017,Ireland,5,Yoann Maestri,y,80
25/02/2017,Ireland,7,Kevin Gourdon,y,80
25/02/2017,Ireland,17,Uini Atonio,n,29
25/02/2017,Ireland,14,Yoann Huget,y,80
25/02/2017,Ireland,1,Cyril Baille,y,51
25/02/2017,Ireland,18,Eddy Ben Arous,n,29
25/02/2017,Ireland,21,Maxime Machenaud,n,18
25/02/2017,Ireland,20,Charles Ollivon,n,20
25/02/2017,Ireland,11,Noa Nakaitaci,y,80
25/02/2017,Ireland,22,Henry Chavancy,n,20
11/03/2017,Italy,4,Julien Le Devedec,y,59
11/03/2017,Italy,21,Antoine Dupont,n,6
11/03/2017,Italy,16,Christopher Tolofua,n,25
11/03/2017,Italy,12,Gael Fickou,y,80
11/03/2017,Italy,20,Bernard Le Roux,n,7
11/03/2017,Italy,9,Baptiste Serin,y,74
11/03/2017,Italy,13,Remi Lamerat,y,70
11/03/2017,Italy,15,Brice Dulin,y,80
11/03/2017,Italy,10,Camille Lopez,y,80
11/03/2017,Italy,2,Guilhem Guirado,y,55
11/03/2017,Italy,3,Rabah Slimani,y,54
11/03/2017,Italy,8,Louis Picamoles,y,73
11/03/2017,Italy,5,Yoann Maestri,y,80
11/03/2017,Italy,6,Fabien Sanconnie,y,80
11/03/2017,Italy,7,Kevin Gourdon,y,80
11/03/2017,Italy,17,Uini Atonio,n,26
11/03/2017,Italy,23,Yoann Huget,n,16
11/03/2017,Italy,1,Cyril Baille,y,54
11/03/2017,Italy,18,Eddy Ben Arous,n,26
11/03/2017,Italy,19,Paul Jedrasiak,n,21
11/03/2017,Italy,11,Virimi Vakatawa,y,64
11/03/2017,Italy,22,Francois Trinh-Duc,n,10
11/03/2017,Italy,14,Noa Nakaitaci,y,80
18/03/2017,Wales,16,Camille Chat,n,8
18/03/2017,Wales,19,Julien Le Devedec,n,3
18/03/2017,Wales,4,Sebastien Vahaamahina,y,77
18/03/2017,Wales,21,Antoine Dupont,n,14
18/03/2017,Wales,12,Gael Fickou,y,80
18/03/2017,Wales,20,Damien Chouly,n,25
18/03/2017,Wales,9,Baptiste Serin,y,66
18/03/2017,Wales,13,Remi Lamerat,y,65
18/03/2017,Wales,15,Brice Dulin,y,80
18/03/2017,Wales,10,Camille Lopez,y,73
18/03/2017,Wales,2,Guilhem Guirado,y,72
18/03/2017,Wales,3,Rabah Slimani,y,55
18/03/2017,Wales,8,Louis Picamoles,y,80
18/03/2017,Wales,5,Yoann Maestri,y,80
18/03/2017,Wales,6,Fabien Sanconnie,y,55
18/03/2017,Wales,7,Kevin Gourdon,y,80
18/03/2017,Wales,17,Uini Atonio,n,25
18/03/2017,Wales,23,Yoann Huget,n,26
18/03/2017,Wales,1,Cyril Baille,y,55
18/03/2017,Wales,18,Eddy Ben Arous,n,25
18/03/2017,Wales,11,Virimi Vakatawa,y,54
18/03/2017,Wales,22,Francois Trinh-Duc,n,22
18/03/2017,Wales,14,Noa Nakaitaci,y,80
10/06/2017,South Africa,16,Camille Chat,n,28
10/06/2017,South Africa,22,Jean Marc Doussain,n,9
10/06/2017,South Africa,2,Clement Maynadier,y,52
10/06/2017,South Africa,4,Julien Le Devedec,y,80
10/06/2017,South Africa,10,Jules Plisson,y,71
10/06/2017,South Africa,23,Vincent Rattez,n,9
10/06/2017,South Africa,12,Gael Fickou,y,80
10/06/2017,South Africa,19,Bernard Le Roux,n,16
10/06/2017,South Africa,7,Loann Goujon,y,52
10/06/2017,South Africa,21,Baptiste Serin,n,33
10/06/2017,South Africa,15,Brice Dulin,y,71
10/06/2017,South Africa,8,Louis Picamoles,y,64
10/06/2017,South Africa,5,Yoann Maestri,y,80
10/06/2017,South Africa,20,Kevin Gourdon,n,28
10/06/2017,South Africa,3,Uini Atonio,y,50
10/06/2017,South Africa,14,Yoann Huget,y,80
10/06/2017,South Africa,6,Yacouba Camara,y,80
10/06/2017,South Africa,18,Mohamed Boughanmi,n,30
10/06/2017,South Africa,17,Eddy Ben Arous,n,20
10/06/2017,South Africa,9,Maxime Machenaud,y,47
10/06/2017,South Africa,1,Jefferson Poirot,y,60
10/06/2017,South Africa,11,Virimi Vakatawa,y,80
10/06/2017,South Africa,13,Henry Chavancy,y,80
17/06/2017,South Africa,13,Damian Penaud,y,80
17/06/2017,South Africa,15,Scott Spedding,y,80
17/06/2017,South Africa,22,Jean Marc Doussain,n,6
17/06/2017,South Africa,16,Clement Maynadier,n,6
17/06/2017,South Africa,19,Julien Le Devedec,n,7
17/06/2017,South Africa,21,Antoine Dupont,n,24
17/06/2017,South Africa,12,Gael Fickou,y,80
17/06/2017,South Africa,20,Bernard Le Roux,n,58
17/06/2017,South Africa,9,Baptiste Serin,y,56
17/06/2017,South Africa,2,Guilhem Guirado,y,74
17/06/2017,South Africa,3,Rabah Slimani,y,58
17/06/2017,South Africa,8,Louis Picamoles,y,22
17/06/2017,South Africa,4,Yoann Maestri,y,73
17/06/2017,South Africa,7,Kevin Gourdon,y,80
17/06/2017,South Africa,18,Uini Atonio,n,22
17/06/2017,South Africa,14,Yoann Huget,y,13
17/06/2017,South Africa,6,Yacouba Camara,y,80
17/06/2017,South Africa,17,Eddy Ben Arous,n,22
17/06/2017,South Africa,5,Romain Taofifenua,y,80
17/06/2017,South Africa,23,Nans Ducuing,n,67
17/06/2017,South Africa,1,Jefferson Poirot,y,58
17/06/2017,South Africa,11,Virimi Vakatawa,y,80
17/06/2017,South Africa,10,Francois Trinh-Duc,y,74
24/06/2017,South Africa,13,Damian Penaud,y,64
24/06/2017,South Africa,16,Clement Maynadier,n,10
24/06/2017,South Africa,10,Jules Plisson,y,80
24/06/2017,South Africa,23,Vincent Rattez,n,3
24/06/2017,South Africa,12,Gael Fickou,y,80
24/06/2017,South Africa,20,Loann Goujon,n,40
24/06/2017,South Africa,9,Baptiste Serin,y,71
24/06/2017,South Africa,15,Brice Dulin,y,80
24/06/2017,South Africa,2,Guilhem Guirado,y,80
24/06/2017,South Africa,3,Rabah Slimani,y,68
24/06/2017,South Africa,8,Louis Picamoles,y,70
24/06/2017,South Africa,4,Yoann Maestri,y,80
24/06/2017,South Africa,17,Xavier Chiocci,n,12
24/06/2017,South Africa,7,Kevin Gourdon,y,80
24/06/2017,South Africa,18,Uini Atonio,n,12
24/06/2017,South Africa,6,Yacouba Camara,y,40
24/06/2017,South Africa,5,Romain Taofifenua,y,64
24/06/2017,South Africa,21,Maxime Machenaud,n,9
24/06/2017,South Africa,14,Nans Ducuing,y,80
24/06/2017,South Africa,1,Jefferson Poirot,y,68
24/06/2017,South Africa,19,Paul Jedrasiak,n,16
24/06/2017,South Africa,11,Virimi Vakatawa,y,77
24/06/2017,South Africa,22,Francois Trinh-Duc,n,16
11/11/2017,New Zealand,6,Judicael Cancoriet,y,80
11/11/2017,New Zealand,23,Damian Penaud,n,17
11/11/2017,New Zealand,13,Geoffrey Doumayrou,y,63
11/11/2017,New Zealand,11,Teddy Thomas,y,80
11/11/2017,New Zealand,16,Clement Maynadier,n,10
11/11/2017,New Zealand,4,Sebastien Vahaamahina,y,80
11/11/2017,New Zealand,9,Antoine Dupont,y,73
11/11/2017,New Zealand,21,Baptiste Serin,n,7
11/11/2017,New Zealand,5,Paul Gabrillagues,y,62
11/11/2017,New Zealand,2,Guilhem Guirado,y,70
11/11/2017,New Zealand,20,Anthony Jelonch,n,13
11/11/2017,New Zealand,10,Anthony Belleau,y,80
11/11/2017,New Zealand,3,Rabah Slimani,y,62
11/11/2017,New Zealand,8,Louis Picamoles,y,67
11/11/2017,New Zealand,7,Kevin Gourdon,y,80
11/11/2017,New Zealand,12,Mathieu Bastareaud,y,80
11/11/2017,New Zealand,18,Daniel Kotze,n,18
11/11/2017,New Zealand,14,Yoann Huget,y,80
11/11/2017,New Zealand,15,Nans Ducuing,y,75
11/11/2017,New Zealand,1,Jefferson Poirot,y,62
11/11/2017,New Zealand,19,Paul Jedrasiak,n,18
11/11/2017,New Zealand,22,Francois Trinh-Duc,n,5
11/11/2017,New Zealand,17,Raphael Chaume,n,18
18/11/2017,South Africa,6,Judicael Cancoriet,y,80
18/11/2017,South Africa,23,Damian Penaud,n,12
18/11/2017,South Africa,17,Sebastien Taofifenua,n,21
18/11/2017,South Africa,12,Geoffrey Doumayrou,y,77
18/11/2017,South Africa,14,Teddy Thomas,y,80
18/11/2017,South Africa,16,Clement Maynadier,n,11
18/11/2017,South Africa,4,Sebastien Vahaamahina,y,80
18/11/2017,South Africa,9,Antoine Dupont,y,55
18/11/2017,South Africa,21,Baptiste Serin,n,25
18/11/2017,South Africa,5,Paul Gabrillagues,y,5
18/11/2017,South Africa,2,Guilhem Guirado,y,69
18/11/2017,South Africa,20,Anthony Jelonch,n,27
18/11/2017,South Africa,10,Anthony Belleau,y,80
18/11/2017,South Africa,3,Rabah Slimani,y,69
18/11/2017,South Africa,8,Louis Picamoles,y,80
18/11/2017,South Africa,7,Kevin Gourdon,y,53
18/11/2017,South Africa,13,Mathieu Bastareaud,y,68
18/11/2017,South Africa,18,Daniel Kotze,n,11
18/11/2017,South Africa,11,Yoann Huget,y,80
18/11/2017,South Africa,15,Nans Ducuing,y,80
18/11/2017,South Africa,1,Jefferson Poirot,y,59
18/11/2017,South Africa,19,Paul Jedrasiak,n,75
18/11/2017,South Africa,22,Francois Trinh-Duc,n,3
25/11/2017,Japan,6,Judicael Cancoriet,y,80
25/11/2017,Japan,13,Damian Penaud,y,46
25/11/2017,Japan,16,Camille Chat,n,25
25/11/2017,Japan,15,Scott Spedding,y,49
25/11/2017,Japan,17,Sebastien Taofifenua,n,30
25/11/2017,Japan,14,Teddy Thomas,y,80
25/11/2017,Japan,5,Sebastien Vahaamahina,y,80
25/11/2017,Japan,21,Antoine Dupont,n,14
25/11/2017,Japan,7,Sekou Macalou,y,80
25/11/2017,Japan,23,Hugo Bonneval,n,31
25/11/2017,Japan,9,Baptiste Serin,y,66
25/11/2017,Japan,2,Guilhem Guirado,y,55
25/11/2017,Japan,3,Rabah Slimani,y,75
25/11/2017,Japan,8,Louis Picamoles,y,75
25/11/2017,Japan,20,Fabien Sanconnie,n,5
25/11/2017,Japan,22,Mathieu Bastareaud,n,34
25/11/2017,Japan,18,Daniel Kotze,n,5
25/11/2017,Japan,11,Gabriel Lacroix,y,80
25/11/2017,Japan,4,Romain Taofifenua,y,40
25/11/2017,Japan,1,Jefferson Poirot,y,50
25/11/2017,Japan,19,Paul Jedrasiak,n,40
25/11/2017,Japan,10,Francois Trinh-Duc,y,80
25/11/2017,Japan,12,Henry Chavancy,y,80
03/02/2018,Ireland,20,Marco Tauleigne,n,14
03/02/2018,Ireland,23,Benjamin Fall,n,0
03/02/2018,Ireland,18,Cedate Gomes Sa,n,25
03/02/2018,Ireland,14,Teddy Thomas,y,80
03/02/2018,Ireland,5,Sebastien Vahaamahina,y,80
03/02/2018,Ireland,21,Antoine Dupont,n,14
03/02/2018,Ireland,16,Adrien Pelissie,n,6
03/02/2018,Ireland,10,Matthieu Jalibert,y,80
03/02/2018,Ireland,19,Paul Gabrillagues,n,20
03/02/2018,Ireland,13,Remi Lamerat,y,80
03/02/2018,Ireland,15,Geoffrey Palis,y,80
03/02/2018,Ireland,2,Guilhem Guirado,y,74
03/02/2018,Ireland,22,Anthony Belleau,n,0
03/02/2018,Ireland,3,Rabah Slimani,y,55
03/02/2018,Ireland,8,Kevin Gourdon,y,80
03/02/2018,Ireland,4,Arthur Iturria,y,60
03/02/2018,Ireland,6,Wenceslas Lauret,y,66
03/02/2018,Ireland,7,Yacouba Camara,y,80
03/02/2018,Ireland,9,Maxime Machenaud,y,66
03/02/2018,Ireland,1,Jefferson Poirot,y,55
03/02/2018,Ireland,11,Virimi Vakatawa,y,80
03/02/2018,Ireland,17,Dany Priso,n,25
03/02/2018,Ireland,12,Henry Chavancy,y,80
11/02/2018,Scotland,8,Marco Tauleigne,y,58
11/02/2018,Scotland,23,Benjamin Fall,n,8
11/02/2018,Scotland,12,Geoffrey Doumayrou,y,80
11/02/2018,Scotland,18,Cedate Gomes Sa,n,22
11/02/2018,Scotland,14,Teddy Thomas,y,80
11/02/2018,Scotland,5,Sebastien Vahaamahina,y,72
11/02/2018,Scotland,16,Adrien Pelissie,n,5
11/02/2018,Scotland,21,Baptiste Serin,n,40
11/02/2018,Scotland,19,Paul Gabrillagues,n,8
11/02/2018,Scotland,13,Remi Lamerat,y,80
11/02/2018,Scotland,15,Geoffrey Palis,y,80
11/02/2018,Scotland,2,Guilhem Guirado,y,75
11/02/2018,Scotland,22,Anthony Belleau,n,8
11/02/2018,Scotland,3,Rabah Slimani,y,58
11/02/2018,Scotland,20,Louis Picamoles,n,22
11/02/2018,Scotland,10,Lionel Beauxis,y,72
11/02/2018,Scotland,4,Arthur Iturria,y,80
11/02/2018,Scotland,6,Wenceslas Lauret,y,80
11/02/2018,Scotland,7,Yacouba Camara,y,80
11/02/2018,Scotland,17,Eddy Ben Arous,n,22
11/02/2018,Scotland,9,Maxime Machenaud,y,40
11/02/2018,Scotland,1,Jefferson Poirot,y,58
11/02/2018,Scotland,11,Virimi Vakatawa,y,72
23/02/2018,Italy,11,Remy Grosso,y,80
23/02/2018,Italy,8,Marco Tauleigne,y,80
23/02/2018,Italy,14,Benjamin Fall,y,80
23/02/2018,Italy,12,Geoffrey Doumayrou,y,65
23/02/2018,Italy,18,Cedate Gomes Sa,n,9
23/02/2018,Italy,5,Sebastien Vahaamahina,y,65
23/02/2018,Italy,16,Adrien Pelissie,n,9
23/02/2018,Italy,21,Baptiste Couilloud,n,9
23/02/2018,Italy,23,Gael Fickou,n,15
23/02/2018,Italy,15,Hugo Bonneval,y,80
23/02/2018,Italy,4,Paul Gabrillagues,y,80
23/02/2018,Italy,2,Guilhem Guirado,y,71
23/02/2018,Italy,3,Rabah Slimani,y,71
23/02/2018,Italy,13,Mathieu Bastareaud,y,80
23/02/2018,Italy,10,Lionel Beauxis,y,71
23/02/2018,Italy,6,Wenceslas Lauret,y,80
23/02/2018,Italy,7,Yacouba Camara,y,57
23/02/2018,Italy,19,Romain Taofifenua,n,15
23/02/2018,Italy,9,Maxime Machenaud,y,71
23/02/2018,Italy,1,Jefferson Poirot,y,61
23/02/2018,Italy,20,Kelian Galletier,n,23
23/02/2018,Italy,17,Dany Priso,n,19
23/02/2018,Italy,22,Francois Trinh-Duc,n,9
10/03/2018,England,11,Remy Grosso,y,80
10/03/2018,England,8,Marco Tauleigne,y,80
10/03/2018,England,14,Benjamin Fall,y,80
10/03/2018,England,12,Geoffrey Doumayrou,y,80
10/03/2018,England,18,Cedate Gomes Sa,n,21
10/03/2018,England,5,Sebastien Vahaamahina,y,66
10/03/2018,England,16,Adrien Pelissie,n,14
10/03/2018,England,21,Baptiste Couilloud,n,8
10/03/2018,England,23,Gael Fickou,n,50
10/03/2018,England,15,Hugo Bonneval,y,30
10/03/2018,England,19,Bernard Le Roux,n,14
10/03/2018,England,4,Paul Gabrillagues,y,80
10/03/2018,England,2,Guilhem Guirado,y,66
10/03/2018,England,3,Rabah Slimani,y,59
10/03/2018,England,13,Mathieu Bastareaud,y,80
10/03/2018,England,22,Lionel Beauxis,n,9
10/03/2018,England,6,Wenceslas Lauret,y,66
10/03/2018,England,7,Yacouba Camara,y,80
10/03/2018,England,9,Maxime Machenaud,y,72
10/03/2018,England,1,Jefferson Poirot,y,66
10/03/2018,England,20,Kelian Galletier,n,14
10/03/2018,England,17,Dany Priso,n,14
10/03/2018,England,10,Francois Trinh-Duc,y,71
17/03/2018,Wales,11,Remy Grosso,y,80
17/03/2018,Wales,16,Camille Chat,n,29
17/03/2018,Wales,8,Marco Tauleigne,y,80
17/03/2018,Wales,15,Benjamin Fall,y,80
17/03/2018,Wales,12,Geoffrey Doumayrou,y,80
17/03/2018,Wales,3,Cedate Gomes Sa,y,51
17/03/2018,Wales,4,Sebastien Vahaamahina,y,80
17/03/2018,Wales,2,Adrien Pelissie,y,51
17/03/2018,Wales,21,Baptiste Couilloud,n,19
17/03/2018,Wales,14,Gael Fickou,y,80
17/03/2018,Wales,19,Bernard Le Roux,n,9
17/03/2018,Wales,20,Mathieu Babillot,n,54
17/03/2018,Wales,5,Paul Gabrillagues,y,73
17/03/2018,Wales,23,Geoffrey Palis,n,0
17/03/2018,Wales,18,Rabah Slimani,n,29
17/03/2018,Wales,13,Mathieu Bastareaud,y,80
17/03/2018,Wales,22,Lionel Beauxis,n,9
17/03/2018,Wales,7,Wenceslas Lauret,y,78
17/03/2018,Wales,6,Yacouba Camara,y,26
17/03/2018,Wales,9,Maxime Machenaud,y,61
17/03/2018,Wales,1,Jefferson Poirot,y,60
17/03/2018,Wales,17,Dany Priso,n,20
17/03/2018,Wales,10,Francois Trinh-Duc,y,71
09/06/2018,New Zealand,6,Judicael Cancoriet,y,61
09/06/2018,New Zealand,11,Remy Grosso,y,59
09/06/2018,New Zealand,2,Camille Chat,y,60
09/06/2018,New Zealand,12,Geoffrey Doumayrou,y,80
09/06/2018,New Zealand,14,Teddy Thomas,y,80
09/06/2018,New Zealand,22,Jules Plisson,n,19
09/06/2018,New Zealand,16,Adrien Pelissie,n,20
09/06/2018,New Zealand,23,Gael Fickou,n,21
09/06/2018,New Zealand,19,Bernard Le Roux,n,11
09/06/2018,New Zealand,21,Baptiste Serin,n,19
09/06/2018,New Zealand,9,Morgan Parra,y,61
09/06/2018,New Zealand,4,Paul Gabrillagues,y,69
09/06/2018,New Zealand,10,Anthony Belleau,y,61
09/06/2018,New Zealand,18,Rabah Slimani,n,36
09/06/2018,New Zealand,5,Yoann Maestri,y,80
09/06/2018,New Zealand,7,Fabien Sanconnie,y,80
09/06/2018,New Zealand,8,Kevin Gourdon,y,80
09/06/2018,New Zealand,13,Mathieu Bastareaud,y,80
09/06/2018,New Zealand,3,Uini Atonio,y,44
09/06/2018,New Zealand,17,Cyril Baille,n,25
09/06/2018,New Zealand,20,Alexandre Lapandry,n,19
09/06/2018,New Zealand,1,Dany Priso,y,55
09/06/2018,New Zealand,15,Maxime Medard,y,80
16/06/2018,New Zealand,2,Camille Chat,y,58
16/06/2018,New Zealand,15,Benjamin Fall,y,80
16/06/2018,New Zealand,12,Geoffrey Doumayrou,y,62
16/06/2018,New Zealand,18,Cedate Gomes Sa,n,32
16/06/2018,New Zealand,14,Teddy Thomas,y,80
16/06/2018,New Zealand,22,Jules Plisson,n,8
16/06/2018,New Zealand,11,Gael Fickou,y,80
16/06/2018,New Zealand,4,Bernard Le Roux,y,80
16/06/2018,New Zealand,6,Mathieu Babillot,y,80
16/06/2018,New Zealand,21,Baptiste Serin,n,24
16/06/2018,New Zealand,9,Morgan Parra,y,56
16/06/2018,New Zealand,19,Paul Gabrillagues,n,22
16/06/2018,New Zealand,10,Anthony Belleau,y,72
16/06/2018,New Zealand,5,Yoann Maestri,y,58
16/06/2018,New Zealand,8,Kevin Gourdon,y,80
16/06/2018,New Zealand,13,Mathieu Bastareaud,y,80
16/06/2018,New Zealand,16,Pierre Bourgarit,n,22
16/06/2018,New Zealand,3,Uini Atonio,y,48
16/06/2018,New Zealand,17,Cyril Baille,n,32
16/06/2018,New Zealand,20,Alexandre Lapandry,n,16
16/06/2018,New Zealand,7,Kelian Galletier,y,64
16/06/2018,New Zealand,1,Dany Priso,y,48
16/06/2018,New Zealand,23,Maxime Medard,n,18
23/06/2018,New Zealand,2,Camille Chat,y,60
23/06/2018,New Zealand,15,Benjamin Fall,y,68
23/06/2018,New Zealand,18,Cedate Gomes Sa,n,29
23/06/2018,New Zealand,14,Teddy Thomas,y,64
23/06/2018,New Zealand,22,Jules Plisson,n,5
23/06/2018,New Zealand,16,Adrien Pelissie,n,20
23/06/2018,New Zealand,11,Gael Fickou,y,80
23/06/2018,New Zealand,4,Bernard Le Roux,y,64
23/06/2018,New Zealand,6,Mathieu Babillot,y,80
23/06/2018,New Zealand,21,Baptiste Serin,n,72
23/06/2018,New Zealand,9,Morgan Parra,y,8
23/06/2018,New Zealand,12,Wesley Fofana,y,80
23/06/2018,New Zealand,13,Remi Lamerat,y,75
23/06/2018,New Zealand,10,Anthony Belleau,y,80
23/06/2018,New Zealand,5,Yoann Maestri,y,80
23/06/2018,New Zealand,8,Kevin Gourdon,y,51
23/06/2018,New Zealand,3,Uini Atonio,y,51
23/06/2018,New Zealand,17,Cyril Baille,n,29
23/06/2018,New Zealand,19,Felix Lambey,n,16
23/06/2018,New Zealand,20,Alexandre Lapandry,n,29
23/06/2018,New Zealand,7,Kelian Galletier,y,80
23/06/2018,New Zealand,1,Dany Priso,y,51
23/06/2018,New Zealand,23,Maxime Medard,n,28
10/11/2018,South Africa,11,Damian Penaud,y,80
10/11/2018,South Africa,16,Camille Chat,n,15
10/11/2018,South Africa,12,Geoffrey Doumayrou,y,49
10/11/2018,South Africa,3,Cedate Gomes Sa,y,60
10/11/2018,South Africa,14,Teddy Thomas,y,80
10/11/2018,South Africa,4,Sebastien Vahaamahina,y,77
10/11/2018,South Africa,21,Antoine Dupont,n,13
10/11/2018,South Africa,23,Gael Fickou,n,31
10/11/2018,South Africa,20,Mathieu Babillot,n,19
10/11/2018,South Africa,9,Baptiste Serin,y,67
10/11/2018,South Africa,19,Paul Gabrillagues,n,3
10/11/2018,South Africa,10,Camille Lopez,y,71
10/11/2018,South Africa,2,Guilhem Guirado,y,65
10/11/2018,South Africa,22,Anthony Belleau,n,13
10/11/2018,South Africa,18,Rabah Slimani,n,20
10/11/2018,South Africa,8,Louis Picamoles,y,61
10/11/2018,South Africa,5,Yoann Maestri,y,80
10/11/2018,South Africa,13,Mathieu Bastareaud,y,80
10/11/2018,South Africa,7,Arthur Iturria,y,80
10/11/2018,South Africa,6,Wenceslas Lauret,y,80
10/11/2018,South Africa,1,Jefferson Poirot,y,60
10/11/2018,South Africa,17,Dany Priso,n,20
10/11/2018,South Africa,15,Maxime Medard,y,76
17/11/2018,Argentina,16,Camille Chat,n,6
17/11/2018,Argentina,23,Benjamin Fall,n,77
17/11/2018,Argentina,3,Cedate Gomes Sa,y,46
17/11/2018,Argentina,14,Teddy Thomas,y,80
17/11/2018,Argentina,4,Sebastien Vahaamahina,y,80
17/11/2018,Argentina,21,Antoine Dupont,n,6
17/11/2018,Argentina,12,Gael Fickou,y,80
17/11/2018,Argentina,20,Mathieu Babillot,n,12
17/11/2018,Argentina,9,Baptiste Serin,y,74
17/11/2018,Argentina,19,Paul Gabrillagues,n,6
17/11/2018,Argentina,10,Camille Lopez,y,74
17/11/2018,Argentina,2,Guilhem Guirado,y,74
17/11/2018,Argentina,22,Anthony Belleau,n,6
17/11/2018,Argentina,18,Rabah Slimani,n,34
17/11/2018,Argentina,8,Louis Picamoles,y,68
17/11/2018,Argentina,5,Yoann Maestri,y,74
17/11/2018,Argentina,13,Mathieu Bastareaud,y,80
17/11/2018,Argentina,11,Yoann Huget,y,80
17/11/2018,Argentina,7,Arthur Iturria,y,80
17/11/2018,Argentina,6,Wenceslas Lauret,y,80
17/11/2018,Argentina,1,Jefferson Poirot,y,61
17/11/2018,Argentina,17,Dany Priso,n,19
17/11/2018,Argentina,15,Maxime Medard,y,3
24/11/2018,Fiji,15,Benjamin Fall,y,80
24/11/2018,Fiji,23,Geoffrey Doumayrou,n,10
24/11/2018,Fiji,14,Teddy Thomas,y,80
24/11/2018,Fiji,16,Julien Marchand,n,12
24/11/2018,Fiji,4,Sebastien Vahaamahina,y,51
24/11/2018,Fiji,21,Antoine Dupont,n,29
24/11/2018,Fiji,12,Gael Fickou,y,70
24/11/2018,Fiji,18,Demba Bamba,n,29
24/11/2018,Fiji,9,Baptiste Serin,y,51
24/11/2018,Fiji,10,Camille Lopez,y,76
24/11/2018,Fiji,2,Guilhem Guirado,y,68
24/11/2018,Fiji,22,Anthony Belleau,n,4
24/11/2018,Fiji,3,Rabah Slimani,y,51
24/11/2018,Fiji,8,Louis Picamoles,y,68
24/11/2018,Fiji,5,Yoann Maestri,y,80
24/11/2018,Fiji,13,Mathieu Bastareaud,y,80
24/11/2018,Fiji,11,Yoann Huget,y,80
24/11/2018,Fiji,7,Arthur Iturria,y,71
24/11/2018,Fiji,6,Wenceslas Lauret,y,80
24/11/2018,Fiji,19,Felix Lambey,n,29
24/11/2018,Fiji,1,Jefferson Poirot,y,58
24/11/2018,Fiji,20,Kelian Galletier,n,21
24/11/2018,Fiji,17,Dany Priso,n,22
01/02/2019,Wales,14,Damian Penaud,y,63
01/02/2019,Wales,23,Geoffrey Doumayrou,n,13
01/02/2019,Wales,16,Julien Marchand,n,22
01/02/2019,Wales,4,Sebastien Vahaamahina,y,80
01/02/2019,Wales,13,Romain Ntamack,y,80
01/02/2019,Wales,22,Gael Fickou,n,17
01/02/2019,Wales,18,Demba Bamba,n,32
01/02/2019,Wales,21,Baptiste Serin,n,22
01/02/2019,Wales,9,Morgan Parra,y,58
01/02/2019,Wales,12,Wesley Fofana,y,67
01/02/2019,Wales,10,Camille Lopez,y,80
01/02/2019,Wales,2,Guilhem Guirado,y,58
01/02/2019,Wales,8,Louis Picamoles,y,71
01/02/2019,Wales,3,Uini Atonio,y,48
01/02/2019,Wales,11,Yoann Huget,y,80
01/02/2019,Wales,20,Gregory Alldritt,n,9
01/02/2019,Wales,7,Arthur Iturria,y,80
01/02/2019,Wales,6,Wenceslas Lauret,y,80
01/02/2019,Wales,19,Felix Lambey,n,22
01/02/2019,Wales,1,Jefferson Poirot,y,61
01/02/2019,Wales,17,Dany Priso,n,19
01/02/2019,Wales,5,Paul Willemse,y,58
01/02/2019,Wales,15,Maxime Medard,y,80
10/02/2019,England,14,Damian Penaud,y,70
10/02/2019,England,13,Geoffrey Doumayrou,y,80
10/02/2019,England,5,Sebastien Vahaamahina,y,57
10/02/2019,England,22,Romain Ntamack,n,33
10/02/2019,England,21,Antoine Dupont,n,33
10/02/2019,England,11,Gael Fickou,y,80
10/02/2019,England,3,Demba Bamba,y,57
10/02/2019,England,18,Dorian Aldegheri,n,23
10/02/2019,England,9,Morgan Parra,y,47
10/02/2019,England,10,Camille Lopez,y,57
10/02/2019,England,2,Guilhem Guirado,y,76
10/02/2019,England,8,Louis Picamoles,y,80
10/02/2019,England,12,Mathieu Bastareaud,y,80
10/02/2019,England,16,Pierre Bourgarit,n,4
10/02/2019,England,15,Yoann Huget,y,40
10/02/2019,England,20,Gregory Alldritt,n,10
10/02/2019,England,7,Arthur Iturria,y,80
10/02/2019,England,23,Thomas Ramos,n,40
10/02/2019,England,6,Yacouba Camara,y,80
10/02/2019,England,4,Felix Lambey,y,70
10/02/2019,England,1,Jefferson Poirot,y,75
10/02/2019,England,17,Dany Priso,n,5
10/02/2019,England,19,Paul Willemse,n,23
23/02/2019,Scotland,14,Damian Penaud,y,80
23/02/2019,Scotland,16,Camille Chat,n,10
23/02/2019,Scotland,17,Etienne Falgoux,n,10
23/02/2019,Scotland,4,Sebastien Vahaamahina,y,80
23/02/2019,Scotland,10,Romain Ntamack,y,76
23/02/2019,Scotland,9,Antoine Dupont,y,69
23/02/2019,Scotland,12,Gael Fickou,y,80
23/02/2019,Scotland,3,Demba Bamba,y,69
23/02/2019,Scotland,18,Dorian Aldegheri,n,11
23/02/2019,Scotland,21,Baptiste Serin,n,11
23/02/2019,Scotland,2,Guilhem Guirado,y,70
23/02/2019,Scotland,22,Anthony Belleau,n,4
23/02/2019,Scotland,8,Louis Picamoles,y,69
23/02/2019,Scotland,13,Mathieu Bastareaud,y,80
23/02/2019,Scotland,11,Yoann Huget,y,80
23/02/2019,Scotland,20,Gregory Alldritt,n,11
23/02/2019,Scotland,7,Arthur Iturria,y,80
23/02/2019,Scotland,15,Thomas Ramos,y,70
23/02/2019,Scotland,6,Wenceslas Lauret,y,80
23/02/2019,Scotland,5,Felix Lambey,y,68
23/02/2019,Scotland,1,Jefferson Poirot,y,70
23/02/2019,Scotland,19,Paul Willemse,n,12
23/02/2019,Scotland,23,Maxime Medard,n,10
10/03/2019,Ireland,14,Damian Penaud,y,80
10/03/2019,Ireland,16,Camille Chat,n,8
10/03/2019,Ireland,17,Etienne Falgoux,n,63
10/03/2019,Ireland,4,Sebastien Vahaamahina,y,80
10/03/2019,Ireland,10,Romain Ntamack,y,76
10/03/2019,Ireland,9,Antoine Dupont,y,72
10/03/2019,Ireland,12,Gael Fickou,y,80
10/03/2019,Ireland,3,Demba Bamba,y,55
10/03/2019,Ireland,18,Dorian Aldegheri,n,25
10/03/2019,Ireland,21,Baptiste Serin,n,8
10/03/2019,Ireland,2,Guilhem Guirado,y,72
10/03/2019,Ireland,22,Anthony Belleau,n,4
10/03/2019,Ireland,8,Louis Picamoles,y,80
10/03/2019,Ireland,13,Mathieu Bastareaud,y,80
10/03/2019,Ireland,11,Yoann Huget,y,80
10/03/2019,Ireland,20,Gregory Alldritt,n,69
10/03/2019,Ireland,7,Arthur Iturria,y,80
10/03/2019,Ireland,15,Thomas Ramos,y,63
10/03/2019,Ireland,6,Wenceslas Lauret,y,11
10/03/2019,Ireland,5,Felix Lambey,y,63
10/03/2019,Ireland,1,Jefferson Poirot,y,17
10/03/2019,Ireland,19,Paul Willemse,n,17
10/03/2019,Ireland,23,Maxime Medard,n,17
16/03/2019,Italy,14,Damian Penaud,y,80
16/03/2019,Italy,16,Camille Chat,n,62
16/03/2019,Italy,1,Etienne Falgoux,y,65
16/03/2019,Italy,12,Geoffrey Doumayrou,y,80
16/03/2019,Italy,10,Romain Ntamack,y,80
16/03/2019,Italy,9,Antoine Dupont,y,57
16/03/2019,Italy,3,Demba Bamba,y,80
16/03/2019,Italy,18,Dorian Aldegheri,n,5
16/03/2019,Italy,21,Baptiste Serin,n,23
16/03/2019,Italy,19,Paul Gabrillagues,n,20
16/03/2019,Italy,22,Camille Lopez,n,0
16/03/2019,Italy,2,Guilhem Guirado,y,18
16/03/2019,Italy,8,Louis Picamoles,y,80
16/03/2019,Italy,13,Mathieu Bastareaud,y,80
16/03/2019,Italy,11,Yoann Huget,y,68
16/03/2019,Italy,6,Gregory Alldritt,y,58
16/03/2019,Italy,20,Arthur Iturria,n,22
16/03/2019,Italy,23,Thomas Ramos,n,12
16/03/2019,Italy,7,Yacouba Camara,y,75
16/03/2019,Italy,4,Felix Lambey,y,80
16/03/2019,Italy,17,Dany Priso,n,15
16/03/2019,Italy,5,Paul Willemse,y,60
16/03/2019,Italy,15,Maxime Medard,y,80
17/08/2019,Scotland,14,Damian Penaud,y,65
17/08/2019,Scotland,16,Peato Mauvaka,n,24
17/08/2019,Scotland,2,Camille Chat,y,56
17/08/2019,Scotland,6,Francois Cros,y,80
17/08/2019,Scotland,5,Sebastien Vahaamahina,y,80
17/08/2019,Scotland,22,Romain Ntamack,n,13
17/08/2019,Scotland,9,Antoine Dupont,y,65
17/08/2019,Scotland,13,Gael Fickou,y,80
17/08/2019,Scotland,21,Baptiste Serin,n,15
17/08/2019,Scotland,4,Paul Gabrillagues,y,71
17/08/2019,Scotland,12,Wesley Fofana,y,67
17/08/2019,Scotland,10,Camille Lopez,y,80
17/08/2019,Scotland,3,Rabah Slimani,y,56
17/08/2019,Scotland,20,Louis Picamoles,n,22
17/08/2019,Scotland,18,Emerick Setiano,n,24
17/08/2019,Scotland,8,Gregory Alldritt,y,58
17/08/2019,Scotland,23,Thomas Ramos,n,15
17/08/2019,Scotland,11,Alivereti Raka,y,80
17/08/2019,Scotland,19,Felix Lambey,n,9
17/08/2019,Scotland,1,Jefferson Poirot,y,56
17/08/2019,Scotland,7,Charles Ollivon,y,80
17/08/2019,Scotland,17,Dany Priso,n,24
17/08/2019,Scotland,15,Maxime Medard,y,80
24/08/2019,Scotland,14,Damian Penaud,y,80
24/08/2019,Scotland,16,Camille Chat,n,29
24/08/2019,Scotland,5,Sebastien Vahaamahina,y,52
24/08/2019,Scotland,22,Romain Ntamack,n,42
24/08/2019,Scotland,9,Antoine Dupont,y,63
24/08/2019,Scotland,12,Gael Fickou,y,80
24/08/2019,Scotland,21,Baptiste Serin,n,17
24/08/2019,Scotland,10,Camille Lopez,y,38
24/08/2019,Scotland,2,Guilhem Guirado,y,51
24/08/2019,Scotland,3,Rabah Slimani,y,63
24/08/2019,Scotland,18,Emerick Setiano,n,17
24/08/2019,Scotland,8,Gregory Alldritt,y,75
24/08/2019,Scotland,6,Arthur Iturria,y,80
24/08/2019,Scotland,15,Thomas Ramos,y,65
24/08/2019,Scotland,17,Cyril Baille,n,29
24/08/2019,Scotland,11,Alivereti Raka,y,80
24/08/2019,Scotland,20,Yacouba Camara,n,5
24/08/2019,Scotland,4,Felix Lambey,y,80
24/08/2019,Scotland,13,Sofiane Guitoune,y,80
24/08/2019,Scotland,19,Romain Taofifenua,n,28
24/08/2019,Scotland,1,Jefferson Poirot,y,51
24/08/2019,Scotland,7,Charles Ollivon,y,80
24/08/2019,Scotland,23,Maxime Medard,n,15
30/08/2019,Italy,2,Camille Chat,y,52
30/08/2019,Italy,20,Francois Cros,n,18
30/08/2019,Italy,10,Romain Ntamack,y,80
30/08/2019,Italy,9,Antoine Dupont,y,57
30/08/2019,Italy,11,Gael Fickou,y,80
30/08/2019,Italy,21,Baptiste Serin,n,23
30/08/2019,Italy,12,Wesley Fofana,y,69
30/08/2019,Italy,16,Guilhem Guirado,n,28
30/08/2019,Italy,3,Rabah Slimani,y,52
30/08/2019,Italy,8,Louis Picamoles,y,80
30/08/2019,Italy,18,Emerick Setiano,n,28
30/08/2019,Italy,14,Yoann Huget,y,80
30/08/2019,Italy,4,Arthur Iturria,y,55
30/08/2019,Italy,23,Thomas Ramos,n,11
30/08/2019,Italy,17,Cyril Baille,n,28
30/08/2019,Italy,6,Wenceslas Lauret,y,62
30/08/2019,Italy,7,Yacouba Camara,y,80
30/08/2019,Italy,19,Felix Lambey,n,25
30/08/2019,Italy,13,Sofiane Guitoune,y,57
30/08/2019,Italy,5,Romain Taofifenua,y,80
30/08/2019,Italy,1,Jefferson Poirot,y,52
30/08/2019,Italy,22,Virimi Vakatawa,n,23
30/08/2019,Italy,15,Maxime Medard,y,80
21/09/2019,Argentina,14,Damian Penaud,y,80
21/09/2019,Argentina,16,Camille Chat,n,0
21/09/2019,Argentina,5,Sebastien Vahaamahina,y,80
21/09/2019,Argentina,10,Romain Ntamack,y,80
21/09/2019,Argentina,9,Antoine Dupont,y,80
21/09/2019,Argentina,12,Gael Fickou,y,80
21/09/2019,Argentina,19,Bernard Le Roux,n,0
21/09/2019,Argentina,18,Demba Bamba,n,0
21/09/2019,Argentina,22,Camille Lopez,n,0
21/09/2019,Argentina,2,Guilhem Guirado,y,80
21/09/2019,Argentina,3,Rabah Slimani,y,80
21/09/2019,Argentina,20,Louis Picamoles,n,0
21/09/2019,Argentina,11,Yoann Huget,y,80
21/09/2019,Argentina,8,Gregory Alldritt,y,80
21/09/2019,Argentina,4,Arthur Iturria,y,80
21/09/2019,Argentina,23,Thomas Ramos,n,0
21/09/2019,Argentina,17,Cyril Baille,n,0
21/09/2019,Argentina,6,Wenceslas Lauret,y,80
21/09/2019,Argentina,21,Maxime Machenaud,n,0
21/09/2019,Argentina,1,Jefferson Poirot,y,80
21/09/2019,Argentina,13,Virimi Vakatawa,y,80
21/09/2019,Argentina,7,Charles Ollivon,y,80
21/09/2019,Argentina,15,Maxime Medard,y,80
02/10/2019,USA,2,Camille Chat,y,80
02/10/2019,USA,19,Sebastien Vahaamahina,n,23
02/10/2019,USA,22,Romain Ntamack,n,0
02/10/2019,USA,12,Gael Fickou,y,80
02/10/2019,USA,4,Bernard Le Roux,y,80
02/10/2019,USA,21,Baptiste Serin,n,0
02/10/2019,USA,5,Paul Gabrillagues,y,57
02/10/2019,USA,10,Camille Lopez,y,80
02/10/2019,USA,16,Guilhem Guirado,n,0
02/10/2019,USA,18,Rabah Slimani,n,0
02/10/2019,USA,8,Louis Picamoles,y,80
02/10/2019,USA,3,Emerick Setiano,y,80
02/10/2019,USA,11,Yoann Huget,y,80
02/10/2019,USA,20,Gregory Alldritt,n,0
02/10/2019,USA,6,Arthur Iturria,y,80
02/10/2019,USA,15,Thomas Ramos,y,80
02/10/2019,USA,1,Cyril Baille,y,80
02/10/2019,USA,14,Alivereti Raka,y,80
02/10/2019,USA,7,Yacouba Camara,y,80
02/10/2019,USA,13,Sofiane Guitoune,y,80
02/10/2019,USA,9,Maxime Machenaud,y,80
02/10/2019,USA,17,Jefferson Poirot,n,0
02/10/2019,USA,23,Maxime Medard,n,0
06/10/2019,Tonga,8,Gregory Alldritt,y,80
06/10/2019,Tonga,17,Cyril Baille,n,0
06/10/2019,Tonga,11,Alivereti Raka,y,80
06/10/2019,Tonga,6,Wenceslas Lauret,y,80
06/10/2019,Tonga,20,Yacouba Camara,n,0
06/10/2019,Tonga,12,Sofiane Guitoune,y,80
06/10/2019,Tonga,1,Jefferson Poirot,y,80
06/10/2019,Tonga,13,Virimi Vakatawa,y,80
06/10/2019,Tonga,7,Charles Ollivon,y,80
06/10/2019,Tonga,15,Maxime Medard,y,80
06/10/2019,Tonga,14,Damian Penaud,y,80
06/10/2019,Tonga,2,Camille Chat,y,80
06/10/2019,Tonga,5,Sebastien Vahaamahina,y,80
06/10/2019,Tonga,10,Romain Ntamack,y,80
06/10/2019,Tonga,21,Antoine Dupont,n,0
06/10/2019,Tonga,19,Bernard Le Roux,n,0
06/10/2019,Tonga,23,Pierre-Louis Barassi,n,0
06/10/2019,Tonga,9,Baptiste Serin,y,80
06/10/2019,Tonga,4,Paul Gabrillagues,y,80
06/10/2019,Tonga,22,Camille Lopez,n,0
06/10/2019,Tonga,16,Guilhem Guirado,n,0
06/10/2019,Tonga,3,Rabah Slimani,y,80
06/10/2019,Tonga,18,Emerick Setiano,n,0
20/10/2019,Wales,14,Damian Penaud,y,80
20/10/2019,Wales,16,Camille Chat,n,0
20/10/2019,Wales,5,Sebastien Vahaamahina,y,80
20/10/2019,Wales,10,Romain Ntamack,y,80
20/10/2019,Wales,9,Antoine Dupont,y,80
20/10/2019,Wales,23,Vincent Rattez,n,0
20/10/2019,Wales,12,Gael Fickou,y,80
20/10/2019,Wales,4,Bernard Le Roux,y,80
20/10/2019,Wales,21,Baptiste Serin,n,0
20/10/2019,Wales,19,Paul Gabrillagues,n,0
20/10/2019,Wales,22,Camille Lopez,n,0
20/10/2019,Wales,2,Guilhem Guirado,y,80
20/10/2019,Wales,3,Rabah Slimani,y,80
20/10/2019,Wales,20,Louis Picamoles,n,0
20/10/2019,Wales,18,Emerick Setiano,n,0
20/10/2019,Wales,11,Yoann Huget,y,80
20/10/2019,Wales,8,Gregory Alldritt,y,80
20/10/2019,Wales,17,Cyril Baille,n,0
20/10/2019,Wales,6,Wenceslas Lauret,y,80
20/10/2019,Wales,1,Jefferson Poirot,y,80
20/10/2019,Wales,13,Virimi Vakatawa,y,80
20/10/2019,Wales,7,Charles Ollivon,y,80
20/10/2019,Wales,15,Maxime Medard,y,80
02/02/2020,England,19,Boris Palu,n,23
02/02/2020,England,16,Peato Mauvaka,n,12
02/02/2020,England,6,Francois Cros,y,56
02/02/2020,England,14,Teddy Thomas,y,80
02/02/2020,England,2,Julien Marchand,y,68
02/02/2020,England,10,Romain Ntamack,y,76
02/02/2020,England,9,Antoine Dupont,y,80
02/02/2020,England,22,Matthieu Jalibert,n,4
02/02/2020,England,11,Vincent Rattez,y,80
02/02/2020,England,12,Gael Fickou,y,80
02/02/2020,England,4,Bernard Le Roux,y,80
02/02/2020,England,18,Demba Bamba,n,31
02/02/2020,England,23,Arthur Vincent,n,0
02/02/2020,England,21,Baptiste Serin,n,0
02/02/2020,England,15,Anthony Bouthier,y,80
02/02/2020,England,20,Cameron Woki,n,24
02/02/2020,England,8,Gregory Alldritt,y,80
02/02/2020,England,1,Cyril Baille,y,49
02/02/2020,England,17,Jefferson Poirot,n,31
02/02/2020,England,13,Virimi Vakatawa,y,80
02/02/2020,England,3,Mohamed Haouas,y,49
02/02/2020,England,7,Charles Ollivon,y,80
02/02/2020,England,5,Paul Willemse,y,57
09/02/2020,Italy,20,Boris Palu,n,9
09/02/2020,Italy,16,Peato Mauvaka,n,18
09/02/2020,Italy,6,Francois Cros,y,61
09/02/2020,Italy,14,Teddy Thomas,y,80
09/02/2020,Italy,2,Julien Marchand,y,62
09/02/2020,Italy,10,Romain Ntamack,y,71
09/02/2020,Italy,9,Antoine Dupont,y,72
09/02/2020,Italy,23,Matthieu Jalibert,n,9
09/02/2020,Italy,11,Vincent Rattez,y,80
09/02/2020,Italy,12,Gael Fickou,y,80
09/02/2020,Italy,4,Bernard Le Roux,y,71
09/02/2020,Italy,18,Demba Bamba,n,19
09/02/2020,Italy,13,Arthur Vincent,y,80
09/02/2020,Italy,22,Baptiste Serin,n,8
09/02/2020,Italy,15,Anthony Bouthier,y,80
09/02/2020,Italy,21,Cameron Woki,n,19
09/02/2020,Italy,8,Gregory Alldritt,y,80
09/02/2020,Italy,1,Cyril Baille,y,61
09/02/2020,Italy,19,Romain Taofifenua,n,37
09/02/2020,Italy,17,Jefferson Poirot,n,19
09/02/2020,Italy,3,Mohamed Haouas,y,61
09/02/2020,Italy,7,Charles Ollivon,y,80
09/02/2020,Italy,5,Paul Willemse,y,43
22/02/2020,Wales,16,Camille Chat,n,23
22/02/2020,Wales,6,Francois Cros,y,69
22/02/2020,Wales,14,Teddy Thomas,y,66
22/02/2020,Wales,2,Julien Marchand,y,57
22/02/2020,Wales,17,Jean-Baptiste Gros,n,40
22/02/2020,Wales,10,Romain Ntamack,y,75
22/02/2020,Wales,9,Antoine Dupont,y,75
22/02/2020,Wales,22,Matthieu Jalibert,n,14
22/02/2020,Wales,11,Gael Fickou,y,80
22/02/2020,Wales,4,Bernard Le Roux,y,69
22/02/2020,Wales,18,Demba Bamba,n,11
22/02/2020,Wales,12,Arthur Vincent,y,80
22/02/2020,Wales,21,Baptiste Serin,n,5
22/02/2020,Wales,15,Anthony Bouthier,y,80
22/02/2020,Wales,8,Gregory Alldritt,y,80
22/02/2020,Wales,23,Thomas Ramos,n,5
22/02/2020,Wales,1,Cyril Baille,y,40
22/02/2020,Wales,19,Romain Taofifenua,n,11
22/02/2020,Wales,20,Dylan Cretin,n,1
22/02/2020,Wales,13,Virimi Vakatawa,y,80
22/02/2020,Wales,3,Mohamed Haouas,y,79
22/02/2020,Wales,7,Charles Ollivon,y,80
22/02/2020,Wales,5,Paul Willemse,y,80
08/03/2020,Scotland,14,Damian Penaud,y,65
08/03/2020,Scotland,16,Peato Mauvaka,n,15
08/03/2020,Scotland,6,Francois Cros,y,48
08/03/2020,Scotland,2,Julien Marchand,y,65
08/03/2020,Scotland,17,Jean-Baptiste Gros,n,30
08/03/2020,Scotland,10,Romain Ntamack,y,8
08/03/2020,Scotland,9,Antoine Dupont,y,78
08/03/2020,Scotland,22,Matthieu Jalibert,n,72
08/03/2020,Scotland,11,Gael Fickou,y,80
08/03/2020,Scotland,4,Bernard Le Roux,y,80
08/03/2020,Scotland,18,Demba Bamba,n,32
08/03/2020,Scotland,12,Arthur Vincent,y,80
08/03/2020,Scotland,21,Baptiste Serin,n,2
08/03/2020,Scotland,15,Anthony Bouthier,y,71
08/03/2020,Scotland,8,Gregory Alldritt,y,80
08/03/2020,Scotland,23,Thomas Ramos,n,9
08/03/2020,Scotland,19,Romain Taofifenua,n,32
08/03/2020,Scotland,20,Dylan Cretin,n,15
08/03/2020,Scotland,1,Jefferson Poirot,y,50
08/03/2020,Scotland,13,Virimi Vakatawa,y,80
08/03/2020,Scotland,3,Mohamed Haouas,y,80
08/03/2020,Scotland,7,Charles Ollivon,y,80
08/03/2020,Scotland,5,Paul Willemse,y,48
24/10/2020,Wales,15,Anthony Bouthier,y,40
24/10/2020,Wales,8,Gregory Alldritt,y,75
24/10/2020,Wales,23,Thomas Ramos,n,40
24/10/2020,Wales,1,Cyril Baille,y,57
24/10/2020,Wales,19,Romain Taofifenua,n,23
24/10/2020,Wales,20,Dylan Cretin,n,5
24/10/2020,Wales,13,Virimi Vakatawa,y,71
24/10/2020,Wales,3,Mohamed Haouas,y,57
24/10/2020,Wales,7,Charles Ollivon,y,80
24/10/2020,Wales,5,Paul Willemse,y,57
24/10/2020,Wales,16,Camille Chat,n,23
24/10/2020,Wales,6,Francois Cros,y,80
24/10/2020,Wales,14,Teddy Thomas,y,80
24/10/2020,Wales,2,Julien Marchand,y,57
24/10/2020,Wales,17,Jean-Baptiste Gros,n,23
24/10/2020,Wales,10,Romain Ntamack,y,80
24/10/2020,Wales,9,Antoine Dupont,y,70
24/10/2020,Wales,11,Vincent Rattez,y,80
24/10/2020,Wales,12,Gael Fickou,y,80
24/10/2020,Wales,4,Bernard Le Roux,y,80
24/10/2020,Wales,18,Demba Bamba,n,23
24/10/2020,Wales,22,Arthur Vincent,n,9
24/10/2020,Wales,21,Baptiste Serin,n,10
31/10/2020,Ireland,16,Camille Chat,n,24
31/10/2020,Ireland,6,Francois Cros,y,33
31/10/2020,Ireland,2,Julien Marchand,y,56
31/10/2020,Ireland,17,Jean-Baptiste Gros,n,23
31/10/2020,Ireland,10,Romain Ntamack,y,80
31/10/2020,Ireland,9,Antoine Dupont,y,77
31/10/2020,Ireland,14,Vincent Rattez,y,80
31/10/2020,Ireland,11,Gael Fickou,y,80
31/10/2020,Ireland,4,Bernard Le Roux,y,80
31/10/2020,Ireland,18,Demba Bamba,n,24
31/10/2020,Ireland,12,Arthur Vincent,y,80
31/10/2020,Ireland,21,Baptiste Serin,n,3
31/10/2020,Ireland,15,Anthony Bouthier,y,73
31/10/2020,Ireland,8,Gregory Alldritt,y,80
31/10/2020,Ireland,23,Thomas Ramos,n,7
31/10/2020,Ireland,1,Cyril Baille,y,57
31/10/2020,Ireland,19,Romain Taofifenua,n,7
31/10/2020,Ireland,20,Dylan Cretin,n,47
31/10/2020,Ireland,13,Virimi Vakatawa,y,73
31/10/2020,Ireland,3,Mohamed Haouas,y,56
31/10/2020,Ireland,7,Charles Ollivon,y,80
31/10/2020,Ireland,22,Arthur Retiere,n,7
31/10/2020,Ireland,5,Paul Willemse,y,73
22/11/2020,Scotland,2,Camille Chat,y,54
22/11/2020,Scotland,14,Teddy Thomas,y,80
22/11/2020,Scotland,16,Julien Marchand,n,26
22/11/2020,Scotland,1,Jean-Baptiste Gros,y,54
22/11/2020,Scotland,9,Antoine Dupont,y,80
22/11/2020,Scotland,10,Matthieu Jalibert,y,80
22/11/2020,Scotland,11,Vincent Rattez,y,70
22/11/2020,Scotland,21,Baptiste Couilloud,n,0
22/11/2020,Scotland,12,Gael Fickou,y,80
22/11/2020,Scotland,4,Bernard Le Roux,y,80
22/11/2020,Scotland,3,Demba Bamba,y,56
22/11/2020,Scotland,23,Arthur Vincent,n,10
22/11/2020,Scotland,20,Cameron Woki,n,0
22/11/2020,Scotland,8,Gregory Alldritt,y,80
22/11/2020,Scotland,15,Thomas Ramos,y,80
22/11/2020,Scotland,22,Louis Carbonel,n,0
22/11/2020,Scotland,17,Cyril Baille,n,26
22/11/2020,Scotland,5,Romain Taofifenua,y,63
22/11/2020,Scotland,6,Dylan Cretin,y,80
22/11/2020,Scotland,13,Virimi Vakatawa,y,80
22/11/2020,Scotland,18,Mohamed Haouas,n,24
22/11/2020,Scotland,7,Charles Ollivon,y,80
22/11/2020,Scotland,19,Paul Willemse,n,17
28/11/2020,Italy,4,Killian Geraci,y,59
28/11/2020,Italy,2,Peato Mauvaka,y,52
28/11/2020,Italy,23,Yoram Moefana,n,11
28/11/2020,Italy,16,Teddy Baubigny,n,28
28/11/2020,Italy,11,Gabin Villiere,y,80
28/11/2020,Italy,14,Teddy Thomas,y,80
28/11/2020,Italy,7,Sekou Macalou,y,80
28/11/2020,Italy,10,Matthieu Jalibert,y,70
28/11/2020,Italy,21,Baptiste Couilloud,n,10
28/11/2020,Italy,1,Rodrigue Neti,y,52
28/11/2020,Italy,19,Cyril Cazeaux,n,21
28/11/2020,Italy,17,Hassane Kolingar,n,28
28/11/2020,Italy,3,Dorian Aldegheri,y,52
28/11/2020,Italy,9,Baptiste Serin,y,70
28/11/2020,Italy,15,Brice Dulin,y,80
28/11/2020,Italy,8,Anthony Jelonch,y,80
28/11/2020,Italy,18,Uini Atonio,n,28
28/11/2020,Italy,5,Baptiste Pesenti-Compagnoni,y,75
28/11/2020,Italy,6,Cameron Woki,y,80
28/11/2020,Italy,22,Louis Carbonel,n,10
28/11/2020,Italy,13,Jean Pascal Barraque,y,69
28/11/2020,Italy,12,Jonathan Danty,y,80
28/11/2020,Italy,20,Swan Rebbadj,n,5
06/12/2020,England,4,Killian Geraci,y,80
06/12/2020,England,16,Peato Mauvaka,n,27
06/12/2020,England,13,Yoram Moefana,y,80
06/12/2020,England,11,Gabin Villiere,y,80
06/12/2020,England,20,Sekou Macalou,n,24
06/12/2020,England,10,Matthieu Jalibert,y,62
06/12/2020,England,9,Baptiste Couilloud,y,80
06/12/2020,England,17,Rodrigue Neti,n,28
06/12/2020,England,23,Pierre-Louis Barassi,n,32
06/12/2020,England,1,Hassane Kolingar,y,52
06/12/2020,England,3,Dorian Aldegheri,y,40
06/12/2020,England,15,Brice Dulin,y,80
06/12/2020,England,8,Selevasio Tolofua,y,80
06/12/2020,England,7,Anthony Jelonch,y,80
06/12/2020,England,2,Pierre Bourgarit,y,53
06/12/2020,England,21,Sebastien Bezy,n,0
06/12/2020,England,18,Uini Atonio,n,40
06/12/2020,England,5,Baptiste Pesenti-Compagnoni,y,56
06/12/2020,England,6,Cameron Woki,y,56
06/12/2020,England,22,Louis Carbonel,n,18
06/12/2020,England,14,Alivereti Raka,y,80
06/12/2020,England,19,Guillaume Ducat,n,24
06/12/2020,England,12,Jonathan Danty,y,48
06/02/2021,Italy,23,Damian Penaud,n,20
06/02/2021,Italy,11,Gabin Villiere,y,80
06/02/2021,Italy,14,Teddy Thomas,y,80
06/02/2021,Italy,2,Julien Marchand,y,45
06/02/2021,Italy,17,Jean-Baptiste Gros,n,28
06/02/2021,Italy,9,Antoine Dupont,y,59
06/02/2021,Italy,10,Matthieu Jalibert,y,60
06/02/2021,Italy,12,Gael Fickou,y,60
06/02/2021,Italy,4,Bernard Le Roux,y,80
06/02/2021,Italy,13,Arthur Vincent,y,80
06/02/2021,Italy,18,Dorian Aldegheri,n,28
06/02/2021,Italy,21,Baptiste Serin,n,21
06/02/2021,Italy,15,Brice Dulin,y,80
06/02/2021,Italy,20,Anthony Jelonch,n,22
06/02/2021,Italy,16,Pierre Bourgarit,n,35
06/02/2021,Italy,8,Gregory Alldritt,y,58
06/02/2021,Italy,22,Louis Carbonel,n,20
06/02/2021,Italy,1,Cyril Baille,y,52
06/02/2021,Italy,19,Romain Taofifenua,n,22
06/02/2021,Italy,6,Dylan Cretin,y,80
06/02/2021,Italy,3,Mohamed Haouas,y,52
06/02/2021,Italy,7,Charles Ollivon,y,80
06/02/2021,Italy,5,Paul Willemse,y,58
14/02/2021,Ireland,14,Damian Penaud,y,67
14/02/2021,Ireland,11,Gabin Villiere,y,80
14/02/2021,Ireland,23,Teddy Thomas,n,13
14/02/2021,Ireland,2,Julien Marchand,y,75
14/02/2021,Ireland,9,Antoine Dupont,y,80
14/02/2021,Ireland,10,Matthieu Jalibert,y,80
14/02/2021,Ireland,12,Gael Fickou,y,80
14/02/2021,Ireland,4,Bernard Le Roux,y,80
14/02/2021,Ireland,13,Arthur Vincent,y,80
14/02/2021,Ireland,17,Hassane Kolingar,n,5
14/02/2021,Ireland,21,Baptiste Serin,n,0
14/02/2021,Ireland,15,Brice Dulin,y,80
14/02/2021,Ireland,6,Anthony Jelonch,y,67
14/02/2021,Ireland,22,Anthony Bouthier,n,0
14/02/2021,Ireland,16,Pierre Bourgarit,n,5
14/02/2021,Ireland,18,Uini Atonio,n,22
14/02/2021,Ireland,8,Gregory Alldritt,y,80
14/02/2021,Ireland,1,Cyril Baille,y,75
14/02/2021,Ireland,19,Romain Taofifenua,n,10
14/02/2021,Ireland,20,Dylan Cretin,n,13
14/02/2021,Ireland,3,Mohamed Haouas,y,58
14/02/2021,Ireland,7,Charles Ollivon,y,80
14/02/2021,Ireland,5,Paul Willemse,y,70
13/03/2021,England,11,Damian Penaud,y,80
13/03/2021,England,16,Camille Chat,n,6
13/03/2021,England,14,Teddy Thomas,y,80
13/03/2021,England,2,Julien Marchand,y,74
13/03/2021,England,17,Jean-Baptiste Gros,n,12
13/03/2021,England,23,Romain Ntamack,n,0
13/03/2021,England,9,Antoine Dupont,y,80
13/03/2021,England,10,Matthieu Jalibert,y,80
13/03/2021,England,12,Gael Fickou,y,80
13/03/2021,England,19,Cyril Cazeaux,n,21
13/03/2021,England,18,Dorian Aldegheri,n,20
13/03/2021,England,22,Baptiste Serin,n,0
13/03/2021,England,15,Brice Dulin,y,80
13/03/2021,England,21,Anthony Jelonch,n,0
13/03/2021,England,20,Cameron Woki,n,6
13/03/2021,England,8,Gregory Alldritt,y,80
13/03/2021,England,1,Cyril Baille,y,68
13/03/2021,England,4,Romain Taofifenua,y,59
13/03/2021,England,6,Dylan Cretin,y,74
13/03/2021,England,13,Virimi Vakatawa,y,80
13/03/2021,England,3,Mohamed Haouas,y,60
13/03/2021,England,7,Charles Ollivon,y,80
13/03/2021,England,5,Paul Willemse,y,80
20/03/2021,Wales,11,Damian Penaud,y,80
20/03/2021,Wales,16,Camille Chat,n,11
20/03/2021,Wales,14,Teddy Thomas,y,57
20/03/2021,Wales,2,Julien Marchand,y,69
20/03/2021,Wales,17,Jean-Baptiste Gros,n,21
20/03/2021,Wales,22,Romain Ntamack,n,51
20/03/2021,Wales,9,Antoine Dupont,y,74
20/03/2021,Wales,10,Matthieu Jalibert,y,29
20/03/2021,Wales,12,Gael Fickou,y,80
20/03/2021,Wales,23,Arthur Vincent,n,23
20/03/2021,Wales,21,Baptiste Serin,n,6
20/03/2021,Wales,15,Brice Dulin,y,80
20/03/2021,Wales,20,Anthony Jelonch,n,29
20/03/2021,Wales,18,Uini Atonio,n,20
20/03/2021,Wales,8,Gregory Alldritt,y,71
20/03/2021,Wales,1,Cyril Baille,y,59
20/03/2021,Wales,4,Romain Taofifenua,y,21
20/03/2021,Wales,6,Dylan Cretin,y,51
20/03/2021,Wales,13,Virimi Vakatawa,y,80
20/03/2021,Wales,3,Mohamed Haouas,y,80
20/03/2021,Wales,7,Charles Ollivon,y,80
20/03/2021,Wales,5,Paul Willemse,y,80
20/03/2021,Wales,19,Swan Rebbadj,n,59
26/03/2021,Scotland,14,Damian Penaud,y,80
26/03/2021,Scotland,16,Camille Chat,n,24
26/03/2021,Scotland,23,Teddy Thomas,n,20
26/03/2021,Scotland,2,Julien Marchand,y,56
26/03/2021,Scotland,17,Jean-Baptiste Gros,n,24
26/03/2021,Scotland,10,Romain Ntamack,y,80
26/03/2021,Scotland,9,Antoine Dupont,y,71
26/03/2021,Scotland,11,Gael Fickou,y,80
26/03/2021,Scotland,4,Bernard Le Roux,y,50
26/03/2021,Scotland,12,Arthur Vincent,y,80
26/03/2021,Scotland,21,Baptiste Serin,n,9
26/03/2021,Scotland,15,Brice Dulin,y,80
26/03/2021,Scotland,6,Anthony Jelonch,y,63
26/03/2021,Scotland,22,Anthony Bouthier,n,0
26/03/2021,Scotland,18,Uini Atonio,n,19
26/03/2021,Scotland,8,Gregory Alldritt,y,80
26/03/2021,Scotland,1,Cyril Baille,y,56
26/03/2021,Scotland,19,Romain Taofifenua,n,30
26/03/2021,Scotland,20,Dylan Cretin,n,17
26/03/2021,Scotland,13,Virimi Vakatawa,y,60
26/03/2021,Scotland,3,Mohamed Haouas,y,61
26/03/2021,Scotland,7,Charles Ollivon,y,80
26/03/2021,Scotland,5,Swan Rebbadj,y,80
07/07/2021,Australia,4,Killian Geraci,y,58
07/07/2021,Australia,14,Damian Penaud,y,80
07/07/2021,Australia,11,Gabin Villiere,y,80
07/07/2021,Australia,1,Jean-Baptiste Gros,y,65
07/07/2021,Australia,15,Melvyn Jaminet,y,80
07/07/2021,Australia,8,Sekou Macalou,y,54
07/07/2021,Australia,22,Teddy Iribaren,n,10
07/07/2021,Australia,9,Baptiste Couilloud,y,70
07/07/2021,Australia,20,Cyril Cazeaux,n,22
07/07/2021,Australia,3,Demba Bamba,y,52
07/07/2021,Australia,13,Arthur Vincent,y,80
07/07/2021,Australia,16,Anthony Etrillard,n,15
07/07/2021,Australia,18,Sipili Falatea,n,28
07/07/2021,Australia,7,Anthony Jelonch,y,80
07/07/2021,Australia,23,Anthony Bouthier,n,0
07/07/2021,Australia,19,Baptiste Pesenti-Compagnoni,n,27
07/07/2021,Australia,21,Cameron Woki,n,26
07/07/2021,Australia,10,Louis Carbonel,y,80
07/07/2021,Australia,17,Quentin Walcker,n,15
07/07/2021,Australia,2,Gaetan Barlot,y,65
07/07/2021,Australia,5,Romain Taofifenua,y,53
07/07/2021,Australia,6,Dylan Cretin,y,80
07/07/2021,Australia,12,Jonathan Danty,y,80
13/07/2021,Australia,19,Killian Geraci,n,5
13/07/2021,Australia,14,Damian Penaud,y,80
13/07/2021,Australia,4,Pierre-Henri Azagoh,y,67
13/07/2021,Australia,11,Gabin Villiere,y,80
13/07/2021,Australia,1,Jean-Baptiste Gros,y,67
13/07/2021,Australia,6,Ibrahim Diallo,y,67
13/07/2021,Australia,15,Melvyn Jaminet,y,80
13/07/2021,Australia,3,Wilfrid Hounkpatin,y,51
13/07/2021,Australia,21,Sekou Macalou,n,13
13/07/2021,Australia,22,Teddy Iribaren,n,2
13/07/2021,Australia,9,Baptiste Couilloud,y,78
13/07/2021,Australia,5,Cyril Cazeaux,y,51
13/07/2021,Australia,18,Demba Bamba,n,29
13/07/2021,Australia,13,Arthur Vincent,y,80
13/07/2021,Australia,16,Anthony Etrillard,n,13
13/07/2021,Australia,17,Enzo Forletta,n,13
13/07/2021,Australia,8,Anthony Jelonch,y,80
13/07/2021,Australia,23,Anthony Bouthier,n,8
13/07/2021,Australia,7,Cameron Woki,y,80
13/07/2021,Australia,10,Louis Carbonel,y,80
13/07/2021,Australia,2,Gaetan Barlot,y,67
13/07/2021,Australia,20,Romain Taofifenua,n,29
13/07/2021,Australia,12,Jonathan Danty,y,80
17/07/2021,Australia,14,Damian Penaud,y,61
17/07/2021,Australia,10,Antoine Hastoy,y,67
17/07/2021,Australia,11,Teddy Thomas,y,80
17/07/2021,Australia,15,Melvyn Jaminet,y,80
17/07/2021,Australia,21,Teddy Iribaren,n,0
17/07/2021,Australia,9,Baptiste Couilloud,y,80
17/07/2021,Australia,4,Cyril Cazeaux,y,80
17/07/2021,Australia,18,Demba Bamba,n,33
17/07/2021,Australia,20,Alexandre Becognee,n,29
17/07/2021,Australia,13,Pierre-Louis Barassi,y,80
17/07/2021,Australia,12,Arthur Vincent,y,80
17/07/2021,Australia,23,Julien Heriteau,n,19
17/07/2021,Australia,16,Anthony Etrillard,n,22
17/07/2021,Australia,1,Enzo Forletta,y,63
17/07/2021,Australia,3,Sipili Falatea,y,47
17/07/2021,Australia,8,Anthony Jelonch,y,68
17/07/2021,Australia,22,Anthony Bouthier,n,13
17/07/2021,Australia,19,Baptiste Pesenti-Compagnoni,n,14
17/07/2021,Australia,7,Cameron Woki,y,80
17/07/2021,Australia,17,Quentin Walcker,n,17
17/07/2021,Australia,2,Gaetan Barlot,y,58
17/07/2021,Australia,5,Romain Taofifenua,y,66
17/07/2021,Australia,6,Dylan Cretin,y,63
06/11/2021,Argentina,14,Damian Penaud,y,80
06/11/2021,Argentina,16,Peato Mauvaka,n,28
06/11/2021,Argentina,6,Francois Cros,y,46
06/11/2021,Argentina,11,Gabin Villiere,y,80
06/11/2021,Argentina,2,Julien Marchand,y,63
06/11/2021,Argentina,17,Jean-Baptiste Gros,n,17
06/11/2021,Argentina,12,Romain Ntamack,y,54
06/11/2021,Argentina,15,Melvyn Jaminet,y,80
06/11/2021,Argentina,9,Antoine Dupont,y,80
06/11/2021,Argentina,20,Sekou Macalou,n,12
06/11/2021,Argentina,10,Matthieu Jalibert,y,80
06/11/2021,Argentina,13,Gael Fickou,y,80
06/11/2021,Argentina,18,Demba Bamba,n,28
06/11/2021,Argentina,8,Anthony Jelonch,y,80
06/11/2021,Argentina,7,Cameron Woki,y,80
06/11/2021,Argentina,21,Gregory Alldritt,n,23
06/11/2021,Argentina,1,Cyril Baille,y,63
06/11/2021,Argentina,19,Romain Taofifenua,n,28
06/11/2021,Argentina,3,Mohamed Haouas,y,52
06/11/2021,Argentina,4,Thibaud Flament,y,68
06/11/2021,Argentina,22,Maxime Lucu,n,0
06/11/2021,Argentina,5,Paul Willemse,y,52
06/11/2021,Argentina,23,Jonathan Danty,n,26
14/11/2021,Georgia,14,Damian Penaud,y,80
14/11/2021,Georgia,16,Peato Mauvaka,n,40
14/11/2021,Georgia,21,Francois Cros,n,18
14/11/2021,Georgia,2,Julien Marchand,y,40
14/11/2021,Georgia,17,Jean-Baptiste Gros,n,34
14/11/2021,Georgia,12,Romain Ntamack,y,80
14/11/2021,Georgia,15,Melvyn Jaminet,y,53
14/11/2021,Georgia,9,Antoine Dupont,y,59
14/11/2021,Georgia,7,Sekou Macalou,y,80
14/11/2021,Georgia,10,Matthieu Jalibert,y,80
14/11/2021,Georgia,11,Matthis Lebel,y,80
14/11/2021,Georgia,13,Gael Fickou,y,80
14/11/2021,Georgia,18,Demba Bamba,n,34
14/11/2021,Georgia,6,Anthony Jelonch,y,62
14/11/2021,Georgia,3,Uini Atonio,y,46
14/11/2021,Georgia,4,Cameron Woki,y,49
14/11/2021,Georgia,8,Gregory Alldritt,y,80
14/11/2021,Georgia,1,Cyril Baille,y,46
14/11/2021,Georgia,5,Romain Taofifenua,y,49
14/11/2021,Georgia,19,Thibaud Flament,n,31
14/11/2021,Georgia,22,Maxime Lucu,n,21
14/11/2021,Georgia,20,Paul Willemse,n,31
14/11/2021,Georgia,23,Jonathan Danty,n,27
20/11/2021,New Zealand,14,Damian Penaud,y,80
20/11/2021,New Zealand,2,Peato Mauvaka,y,58
20/11/2021,New Zealand,6,Francois Cros,y,61
20/11/2021,New Zealand,11,Gabin Villiere,y,80
20/11/2021,New Zealand,17,Jean-Baptiste Gros,n,31
20/11/2021,New Zealand,10,Romain Ntamack,y,67
20/11/2021,New Zealand,15,Melvyn Jaminet,y,80
20/11/2021,New Zealand,9,Antoine Dupont,y,76
20/11/2021,New Zealand,23,Matthieu Jalibert,n,13
20/11/2021,New Zealand,13,Gael Fickou,y,80
20/11/2021,New Zealand,18,Demba Bamba,n,32
20/11/2021,New Zealand,7,Anthony Jelonch,y,80
20/11/2021,New Zealand,3,Uini Atonio,y,48
20/11/2021,New Zealand,4,Cameron Woki,y,73
20/11/2021,New Zealand,8,Gregory Alldritt,y,80
20/11/2021,New Zealand,1,Cyril Baille,y,49
20/11/2021,New Zealand,16,Gaetan Barlot,n,22
20/11/2021,New Zealand,19,Romain Taofifenua,n,31
20/11/2021,New Zealand,21,Dylan Cretin,n,7
20/11/2021,New Zealand,20,Thibaud Flament,n,19
20/11/2021,New Zealand,22,Maxime Lucu,n,4
20/11/2021,New Zealand,5,Paul Willemse,y,49
20/11/2021,New Zealand,12,Jonathan Danty,y,80
06/02/2022,Italy,14,Damian Penaud,y,80
06/02/2022,Italy,16,Peato Mauvaka,n,22
06/02/2022,Italy,22,Yoram Moefana,n,22
06/02/2022,Italy,20,Francois Cros,n,9
06/02/2022,Italy,11,Gabin Villiere,y,80
06/02/2022,Italy,2,Julien Marchand,y,58
06/02/2022,Italy,17,Jean-Baptiste Gros,n,30
06/02/2022,Italy,10,Romain Ntamack,y,80
06/02/2022,Italy,15,Melvyn Jaminet,y,76
06/02/2022,Italy,9,Antoine Dupont,y,70
06/02/2022,Italy,13,Gael Fickou,y,80
06/02/2022,Italy,18,Demba Bamba,n,29
06/02/2022,Italy,6,Anthony Jelonch,y,80
06/02/2022,Italy,3,Uini Atonio,y,51
06/02/2022,Italy,4,Cameron Woki,y,80
06/02/2022,Italy,8,Gregory Alldritt,y,71
06/02/2022,Italy,23,Thomas Ramos,n,4
06/02/2022,Italy,1,Cyril Baille,y,50
06/02/2022,Italy,19,Romain Taofifenua,n,24
06/02/2022,Italy,7,Dylan Cretin,y,80
06/02/2022,Italy,21,Maxime Lucu,n,10
06/02/2022,Italy,5,Paul Willemse,y,56
06/02/2022,Italy,12,Jonathan Danty,y,58
12/02/2022,Ireland,14,Damian Penaud,y,80
12/02/2022,Ireland,16,Peato Mauvaka,n,23
12/02/2022,Ireland,12,Yoram Moefana,y,80
12/02/2022,Ireland,6,Francois Cros,y,73
12/02/2022,Ireland,11,Gabin Villiere,y,80
12/02/2022,Ireland,2,Julien Marchand,y,57
12/02/2022,Ireland,17,Jean-Baptiste Gros,n,23
12/02/2022,Ireland,10,Romain Ntamack,y,80
12/02/2022,Ireland,15,Melvyn Jaminet,y,80
12/02/2022,Ireland,9,Antoine Dupont,y,70
12/02/2022,Ireland,13,Gael Fickou,y,80
12/02/2022,Ireland,18,Demba Bamba,n,23
12/02/2022,Ireland,7,Anthony Jelonch,y,80
12/02/2022,Ireland,3,Uini Atonio,y,57
12/02/2022,Ireland,4,Cameron Woki,y,57
12/02/2022,Ireland,8,Gregory Alldritt,y,80
12/02/2022,Ireland,23,Thomas Ramos,n,0
12/02/2022,Ireland,1,Cyril Baille,y,57
12/02/2022,Ireland,19,Romain Taofifenua,n,22
12/02/2022,Ireland,21,Dylan Cretin,n,7
12/02/2022,Ireland,20,Thibaud Flament,n,23
12/02/2022,Ireland,22,Maxime Lucu,n,10
12/02/2022,Ireland,5,Paul Willemse,y,58
26/02/2022,Scotland,14,Damian Penaud,y,80
26/02/2022,Scotland,16,Peato Mauvaka,n,26
26/02/2022,Scotland,11,Yoram Moefana,y,80
26/02/2022,Scotland,6,Francois Cros,y,80
26/02/2022,Scotland,2,Julien Marchand,y,54
26/02/2022,Scotland,17,Jean-Baptiste Gros,n,22
26/02/2022,Scotland,10,Romain Ntamack,y,80
26/02/2022,Scotland,15,Melvyn Jaminet,y,72
26/02/2022,Scotland,9,Antoine Dupont,y,74
26/02/2022,Scotland,13,Gael Fickou,y,80
26/02/2022,Scotland,18,Demba Bamba,n,33
26/02/2022,Scotland,7,Anthony Jelonch,y,54
26/02/2022,Scotland,3,Uini Atonio,y,47
26/02/2022,Scotland,4,Cameron Woki,y,67
26/02/2022,Scotland,8,Gregory Alldritt,y,80
26/02/2022,Scotland,23,Thomas Ramos,n,8
26/02/2022,Scotland,1,Cyril Baille,y,58
26/02/2022,Scotland,19,Romain Taofifenua,n,26
26/02/2022,Scotland,21,Dylan Cretin,n,13
26/02/2022,Scotland,20,Thibaud Flament,n,26
26/02/2022,Scotland,22,Maxime Lucu,n,6
26/02/2022,Scotland,5,Paul Willemse,y,54
26/02/2022,Scotland,12,Jonathan Danty,y,80
11/03/2022,Wales,16,Peato Mauvaka,n,27
11/03/2022,Wales,14,Yoram Moefana,y,80
11/03/2022,Wales,6,Francois Cros,y,80
11/03/2022,Wales,11,Gabin Villiere,y,80
11/03/2022,Wales,2,Julien Marchand,y,53
11/03/2022,Wales,17,Jean-Baptiste Gros,n,27
11/03/2022,Wales,10,Romain Ntamack,y,80
11/03/2022,Wales,15,Melvyn Jaminet,y,80
11/03/2022,Wales,9,Antoine Dupont,y,72
11/03/2022,Wales,19,Matthis Lebel,n,0
11/03/2022,Wales,13,Gael Fickou,y,80
11/03/2022,Wales,7,Anthony Jelonch,y,80
11/03/2022,Wales,3,Uini Atonio,y,40
11/03/2022,Wales,4,Cameron Woki,y,65
11/03/2022,Wales,8,Gregory Alldritt,y,65
11/03/2022,Wales,23,Thomas Ramos,n,0
11/03/2022,Wales,1,Cyril Baille,y,53
11/03/2022,Wales,21,Dylan Cretin,n,15
11/03/2022,Wales,18,Mohamed Haouas,n,40
11/03/2022,Wales,20,Thibaud Flament,n,15
11/03/2022,Wales,22,Maxime Lucu,n,8
11/03/2022,Wales,5,Paul Willemse,y,80
11/03/2022,Wales,12,Jonathan Danty,y,80
19/03/2022,England,14,Damian Penaud,y,80
19/03/2022,England,16,Peato Mauvaka,n,30
19/03/2022,England,6,Francois Cros,y,71
19/03/2022,England,11,Gabin Villiere,y,80
19/03/2022,England,2,Julien Marchand,y,50
19/03/2022,England,17,Jean-Baptiste Gros,n,29
19/03/2022,England,10,Romain Ntamack,y,80
19/03/2022,England,15,Melvyn Jaminet,y,77
19/03/2022,England,9,Antoine Dupont,y,77
19/03/2022,England,13,Gael Fickou,y,80
19/03/2022,England,7,Anthony Jelonch,y,80
19/03/2022,England,3,Uini Atonio,y,55
19/03/2022,England,4,Cameron Woki,y,71
19/03/2022,England,8,Gregory Alldritt,y,80
19/03/2022,England,23,Thomas Ramos,n,3
19/03/2022,England,1,Cyril Baille,y,51
19/03/2022,England,19,Romain Taofifenua,n,30
19/03/2022,England,21,Dylan Cretin,n,9
19/03/2022,England,18,Mohamed Haouas,n,25
19/03/2022,England,20,Thibaud Flament,n,9
19/03/2022,England,22,Maxime Lucu,n,3
19/03/2022,England,5,Paul Willemse,y,50
19/03/2022,England,12,Jonathan Danty,y,80
02/07/2022,Japan,14,Damian Penaud,y,80
02/07/2022,Japan,2,Peato Mauvaka,y,60
02/07/2022,Japan,23,Antoine Hastoy,n,11
02/07/2022,Japan,12,Yoram Moefana,y,80
02/07/2022,Japan,1,Jean-Baptiste Gros,y,46
02/07/2022,Japan,15,Melvyn Jaminet,y,80
02/07/2022,Japan,21,Sekou Macalou,n,19
02/07/2022,Japan,10,Matthieu Jalibert,y,69
02/07/2022,Japan,22,Baptiste Couilloud,n,11
02/07/2022,Japan,11,Matthis Lebel,y,80
02/07/2022,Japan,3,Demba Bamba,y,46
02/07/2022,Japan,20,Selevasio Tolofua,n,16
02/07/2022,Japan,18,Sipili Falatea,n,34
02/07/2022,Japan,8,Yoan Tanga,y,64
02/07/2022,Japan,16,Pierre Bourgarit,n,20
02/07/2022,Japan,7,Dylan Cretin,y,80
02/07/2022,Japan,5,Thomas Jolmes,y,44
02/07/2022,Japan,13,Virimi Vakatawa,y,61
02/07/2022,Japan,6,Charles Ollivon,y,80
02/07/2022,Japan,19,Thomas Lavault,n,36
02/07/2022,Japan,17,Dany Priso,n,34
02/07/2022,Japan,4,Thibaud Flament,y,80
02/07/2022,Japan,9,Maxime Lucu,y,69
09/07/2022,Japan,14,Damian Penaud,y,64
09/07/2022,Japan,2,Peato Mauvaka,y,43
09/07/2022,Japan,23,Antoine Hastoy,n,0
09/07/2022,Japan,12,Yoram Moefana,y,80
09/07/2022,Japan,1,Jean-Baptiste Gros,y,45
09/07/2022,Japan,20,Ibrahim Diallo,n,37
09/07/2022,Japan,21,Sekou Macalou,n,16
09/07/2022,Japan,10,Matthieu Jalibert,y,80
09/07/2022,Japan,22,Baptiste Couilloud,n,30
09/07/2022,Japan,11,Matthis Lebel,y,80
09/07/2022,Japan,3,Demba Bamba,y,45
09/07/2022,Japan,18,Sipili Falatea,n,35
09/07/2022,Japan,8,Yoan Tanga,y,80
09/07/2022,Japan,16,Pierre Bourgarit,n,37
09/07/2022,Japan,6,Dylan Cretin,y,43
09/07/2022,Japan,5,Thomas Jolmes,y,43
09/07/2022,Japan,13,Virimi Vakatawa,y,80
09/07/2022,Japan,7,Charles Ollivon,y,80
09/07/2022,Japan,19,Thomas Lavault,n,37
09/07/2022,Japan,17,Dany Priso,n,35
09/07/2022,Japan,4,Thibaud Flament,y,80
09/07/2022,Japan,9,Maxime Lucu,y,50
09/07/2022,Japan,15,Max Spring,y,80
05/11/2022,Australia,14,Damian Penaud,y,80
05/11/2022,Australia,16,Peato Mauvaka,n,26
05/11/2022,Australia,11,Yoram Moefana,y,80
05/11/2022,Australia,2,Julien Marchand,y,54
05/11/2022,Australia,10,Romain Ntamack,y,58
05/11/2022,Australia,9,Antoine Dupont,y,80
05/11/2022,Australia,21,Sekou Macalou,n,0
05/11/2022,Australia,23,Matthieu Jalibert,n,22
05/11/2022,Australia,20,Matthis Lebel,n,13
05/11/2022,Australia,13,Gael Fickou,y,67
05/11/2022,Australia,18,Sipili Falatea,n,26
05/11/2022,Australia,6,Anthony Jelonch,y,80
05/11/2022,Australia,3,Uini Atonio,y,54
05/11/2022,Australia,4,Cameron Woki,y,51
05/11/2022,Australia,8,Gregory Alldritt,y,80
05/11/2022,Australia,15,Thomas Ramos,y,80
05/11/2022,Australia,1,Cyril Baille,y,54
05/11/2022,Australia,19,Romain Taofifenua,n,29
05/11/2022,Australia,7,Charles Ollivon,y,80
05/11/2022,Australia,17,Dany Priso,n,26
05/11/2022,Australia,5,Thibaud Flament,y,80
05/11/2022,Australia,22,Maxime Lucu,n,0
05/11/2022,Australia,12,Jonathan Danty,y,80
12/11/2022,South Africa,14,Damian Penaud,y,80
12/11/2022,South Africa,16,Peato Mauvaka,n,19
12/11/2022,South Africa,11,Yoram Moefana,y,80
12/11/2022,South Africa,2,Julien Marchand,y,61
12/11/2022,South Africa,10,Romain Ntamack,y,70
12/11/2022,South Africa,9,Antoine Dupont,y,80
12/11/2022,South Africa,21,Sekou Macalou,n,68
12/11/2022,South Africa,23,Matthieu Jalibert,n,10
12/11/2022,South Africa,13,Gael Fickou,y,80
12/11/2022,South Africa,18,Sipili Falatea,n,30
12/11/2022,South Africa,6,Anthony Jelonch,y,80
12/11/2022,South Africa,20,Bastien Chalureau,n,3
12/11/2022,South Africa,3,Uini Atonio,y,50
12/11/2022,South Africa,4,Cameron Woki,y,77
12/11/2022,South Africa,8,Gregory Alldritt,y,53
12/11/2022,South Africa,15,Thomas Ramos,y,80
12/11/2022,South Africa,1,Cyril Baille,y,33
12/11/2022,South Africa,19,Romain Taofifenua,n,48
12/11/2022,South Africa,17,Reda Wardi,n,47
12/11/2022,South Africa,7,Charles Ollivon,y,80
12/11/2022,South Africa,5,Thibaud Flament,y,32
12/11/2022,South Africa,22,Maxime Lucu,n,27
12/11/2022,South Africa,12,Jonathan Danty,y,12
20/11/2022,Japan,14,Damian Penaud,y,80
20/11/2022,Japan,16,Peato Mauvaka,n,21
20/11/2022,Japan,11,Yoram Moefana,y,80
20/11/2022,Japan,2,Julien Marchand,y,59
20/11/2022,Japan,10,Romain Ntamack,y,57
20/11/2022,Japan,21,Sekou Macalou,n,65
20/11/2022,Japan,23,Matthieu Jalibert,n,23
20/11/2022,Japan,22,Baptiste Couilloud,n,10
20/11/2022,Japan,13,Gael Fickou,y,15
20/11/2022,Japan,18,Sipili Falatea,n,34
20/11/2022,Japan,6,Anthony Jelonch,y,80
20/11/2022,Japan,20,Bastien Chalureau,n,21
20/11/2022,Japan,3,Uini Atonio,y,46
20/11/2022,Japan,19,Florian Verhaeghe,n,5
20/11/2022,Japan,4,Cameron Woki,y,75
20/11/2022,Japan,8,Gregory Alldritt,y,80
20/11/2022,Japan,15,Thomas Ramos,y,80
20/11/2022,Japan,5,Romain Taofifenua,y,59
20/11/2022,Japan,1,Reda Wardi,y,62
20/11/2022,Japan,7,Charles Ollivon,y,80
20/11/2022,Japan,17,Dany Priso,n,18
20/11/2022,Japan,9,Maxime Lucu,y,70
20/11/2022,Japan,12,Jonathan Danty,y,80
05/02/2023,Italy,14,Damian Penaud,y,80
05/02/2023,Italy,12,Yoram Moefana,y,80
05/02/2023,Italy,2,Julien Marchand,y,63
05/02/2023,Italy,10,Romain Ntamack,y,65
05/02/2023,Italy,9,Antoine Dupont,y,80
05/02/2023,Italy,21,Sekou Macalou,n,18
05/02/2023,Italy,23,Matthieu Jalibert,n,15
05/02/2023,Italy,13,Gael Fickou,y,80
05/02/2023,Italy,18,Sipili Falatea,n,28
05/02/2023,Italy,6,Anthony Jelonch,y,80
05/02/2023,Italy,3,Uini Atonio,y,52
05/02/2023,Italy,8,Gregory Alldritt,y,62
05/02/2023,Italy,22,Nolann Le Garrec,n,0
05/02/2023,Italy,15,Thomas Ramos,y,80
05/02/2023,Italy,1,Cyril Baille,y,52
05/02/2023,Italy,11,Ethan Dumortier,y,80
05/02/2023,Italy,16,Gaetan Barlot,n,17
05/02/2023,Italy,19,Romain Taofifenua,n,26
05/02/2023,Italy,17,Reda Wardi,n,28
05/02/2023,Italy,7,Charles Ollivon,y,80
05/02/2023,Italy,20,Thomas Lavault,n,0
05/02/2023,Italy,4,Thibaud Flament,y,80
05/02/2023,Italy,5,Paul Willemse,y,54
11/02/2023,Ireland,14,Damian Penaud,y,80
11/02/2023,Ireland,12,Yoram Moefana,y,80
11/02/2023,Ireland,20,Francois Cros,n,11
11/02/2023,Ireland,2,Julien Marchand,y,74
11/02/2023,Ireland,10,Romain Ntamack,y,80
11/02/2023,Ireland,9,Antoine Dupont,y,80
11/02/2023,Ireland,21,Sekou Macalou,n,28
11/02/2023,Ireland,23,Matthieu Jalibert,n,18
11/02/2023,Ireland,22,Baptiste Couilloud,n,0
11/02/2023,Ireland,13,Gael Fickou,y,80
11/02/2023,Ireland,18,Sipili Falatea,n,23
11/02/2023,Ireland,6,Anthony Jelonch,y,80
11/02/2023,Ireland,3,Uini Atonio,y,57
11/02/2023,Ireland,8,Gregory Alldritt,y,52
11/02/2023,Ireland,15,Thomas Ramos,y,62
11/02/2023,Ireland,1,Cyril Baille,y,58
11/02/2023,Ireland,11,Ethan Dumortier,y,80
11/02/2023,Ireland,16,Gaetan Barlot,n,6
11/02/2023,Ireland,19,Romain Taofifenua,n,34
11/02/2023,Ireland,17,Reda Wardi,n,22
11/02/2023,Ireland,7,Charles Ollivon,y,69
11/02/2023,Ireland,4,Thibaud Flament,y,80
11/02/2023,Ireland,5,Paul Willemse,y,46
26/02/2023,Scotland,14,Damian Penaud,y,80
26/02/2023,Scotland,12,Yoram Moefana,y,80
26/02/2023,Scotland,20,Francois Cros,n,11
26/02/2023,Scotland,2,Julien Marchand,y,70
26/02/2023,Scotland,10,Romain Ntamack,y,69
26/02/2023,Scotland,9,Antoine Dupont,y,80
26/02/2023,Scotland,21,Sekou Macalou,n,0
26/02/2023,Scotland,23,Matthieu Jalibert,n,11
26/02/2023,Scotland,22,Baptiste Couilloud,n,0
26/02/2023,Scotland,13,Gael Fickou,y,80
26/02/2023,Scotland,18,Sipili Falatea,n,67
26/02/2023,Scotland,6,Anthony Jelonch,y,69
26/02/2023,Scotland,8,Gregory Alldritt,y,13
26/02/2023,Scotland,15,Thomas Ramos,y,80
26/02/2023,Scotland,1,Cyril Baille,y,63
26/02/2023,Scotland,11,Ethan Dumortier,y,80
26/02/2023,Scotland,16,Gaetan Barlot,n,10
26/02/2023,Scotland,19,Romain Taofifenua,n,27
26/02/2023,Scotland,17,Reda Wardi,n,17
26/02/2023,Scotland,3,Mohamed Haouas,y,80
26/02/2023,Scotland,7,Charles Ollivon,y,80
26/02/2023,Scotland,4,Thibaud Flament,y,80
26/02/2023,Scotland,5,Paul Willemse,y,53
11/03/2023,England,14,Damian Penaud,y,80
11/03/2023,England,16,Peato Mauvaka,n,18
11/03/2023,England,22,Yoram Moefana,n,15
11/03/2023,England,6,Francois Cros,y,80
11/03/2023,England,2,Julien Marchand,y,62
11/03/2023,England,10,Romain Ntamack,y,73
11/03/2023,England,23,Melvyn Jaminet,n,7
11/03/2023,England,9,Antoine Dupont,y,69
11/03/2023,England,20,Sekou Macalou,n,17
11/03/2023,England,13,Gael Fickou,y,80
11/03/2023,England,3,Dorian Aldegheri,y,50
11/03/2023,England,18,Sipili Falatea,n,30
11/03/2023,England,8,Gregory Alldritt,y,80
11/03/2023,England,15,Thomas Ramos,y,80
11/03/2023,England,1,Cyril Baille,y,62
11/03/2023,England,11,Ethan Dumortier,y,80
11/03/2023,England,19,Romain Taofifenua,n,30
11/03/2023,England,17,Reda Wardi,n,18
11/03/2023,England,7,Charles Ollivon,y,63
11/03/2023,England,4,Thibaud Flament,y,80
11/03/2023,England,21,Maxime Lucu,n,11
11/03/2023,England,5,Paul Willemse,y,50
11/03/2023,England,12,Jonathan Danty,y,65
18/03/2023,Wales,14,Damian Penaud,y,80
18/03/2023,Wales,16,Peato Mauvaka,n,29
18/03/2023,Wales,22,Yoram Moefana,n,5
18/03/2023,Wales,6,Francois Cros,y,80
18/03/2023,Wales,2,Julien Marchand,y,51
18/03/2023,Wales,10,Romain Ntamack,y,80
18/03/2023,Wales,23,Melvyn Jaminet,n,0
18/03/2023,Wales,9,Antoine Dupont,y,75
18/03/2023,Wales,20,Sekou Macalou,n,5
18/03/2023,Wales,13,Gael Fickou,y,80
18/03/2023,Wales,18,Sipili Falatea,n,32
18/03/2023,Wales,19,Bastien Chalureau,n,19
18/03/2023,Wales,3,Uini Atonio,y,48
18/03/2023,Wales,8,Gregory Alldritt,y,80
18/03/2023,Wales,15,Thomas Ramos,y,80
18/03/2023,Wales,1,Cyril Baille,y,51
18/03/2023,Wales,11,Ethan Dumortier,y,75
18/03/2023,Wales,5,Romain Taofifenua,y,61
18/03/2023,Wales,17,Reda Wardi,n,29
18/03/2023,Wales,7,Charles Ollivon,y,75
18/03/2023,Wales,4,Thibaud Flament,y,80
18/03/2023,Wales,21,Maxime Lucu,n,5
18/03/2023,Wales,12,Jonathan Danty,y,80
05/08/2023,Scotland,16,Peato Mauvaka,n,18
05/08/2023,Scotland,22,Antoine Hastoy,n,12
05/08/2023,Scotland,12,Yoram Moefana,y,80
05/08/2023,Scotland,14,Louis Bielle-Biarrey,y,80
05/08/2023,Scotland,13,Emilien Gailleton,y,80
05/08/2023,Scotland,1,Jean-Baptiste Gros,y,62
05/08/2023,Scotland,7,Sekou Macalou,y,62
05/08/2023,Scotland,10,Matthieu Jalibert,y,68
05/08/2023,Scotland,9,Baptiste Couilloud,y,77
05/08/2023,Scotland,3,Demba Bamba,y,47
05/08/2023,Scotland,6,Paul Boudehent,y,80
05/08/2023,Scotland,23,Arthur Vincent,n,3
05/08/2023,Scotland,21,Baptiste Serin,n,3
05/08/2023,Scotland,15,Brice Dulin,y,80
05/08/2023,Scotland,18,Sipili Falatea,n,33
05/08/2023,Scotland,8,Yoan Tanga,y,80
05/08/2023,Scotland,5,Bastien Chalureau,y,62
05/08/2023,Scotland,2,Pierre Bourgarit,y,62
05/08/2023,Scotland,4,Cameron Woki,y,80
05/08/2023,Scotland,11,Ethan Dumortier,y,77
05/08/2023,Scotland,20,Dylan Cretin,n,18
05/08/2023,Scotland,17,Reda Wardi,n,18
05/08/2023,Scotland,19,Paul Willemse,n,18
12/08/2023,Scotland,14,Damian Penaud,y,80
12/08/2023,Scotland,23,Louis Bielle-Biarrey,n,25
12/08/2023,Scotland,11,Gabin Villiere,y,80
12/08/2023,Scotland,2,Julien Marchand,y,49
12/08/2023,Scotland,17,Jean-Baptiste Gros,n,32
12/08/2023,Scotland,10,Romain Ntamack,y,55
12/08/2023,Scotland,9,Antoine Dupont,y,69
12/08/2023,Scotland,21,Sekou Macalou,n,17
12/08/2023,Scotland,13,Gael Fickou,y,80
12/08/2023,Scotland,6,Paul Boudehent,y,80
12/08/2023,Scotland,3,Dorian Aldegheri,y,49
12/08/2023,Scotland,20,Bastien Chalureau,n,17
12/08/2023,Scotland,16,Pierre Bourgarit,n,31
12/08/2023,Scotland,18,Uini Atonio,n,31
12/08/2023,Scotland,19,Florian Verhaeghe,n,14
12/08/2023,Scotland,4,Cameron Woki,y,80
12/08/2023,Scotland,8,Gregory Alldritt,y,66
12/08/2023,Scotland,15,Thomas Ramos,y,80
12/08/2023,Scotland,1,Cyril Baille,y,48
12/08/2023,Scotland,7,Charles Ollivon,y,80
12/08/2023,Scotland,5,Thibaud Flament,y,63
12/08/2023,Scotland,22,Maxime Lucu,n,11
12/08/2023,Scotland,12,Jonathan Danty,y,63
19/08/2023,Fiji,2,Peato Mauvaka,y,80
19/08/2023,Fiji,10,Antoine Hastoy,y,62
19/08/2023,Fiji,11,Yoram Moefana,y,80
19/08/2023,Fiji,14,Louis Bielle-Biarrey,y,80
19/08/2023,Fiji,6,Francois Cros,y,80
19/08/2023,Fiji,17,Jean-Baptiste Gros,n,0
19/08/2023,Fiji,15,Melvyn Jaminet,y,80
19/08/2023,Fiji,21,Sekou Macalou,n,0
19/08/2023,Fiji,23,Matthieu Jalibert,n,18
19/08/2023,Fiji,13,Arthur Vincent,y,80
19/08/2023,Fiji,22,Baptiste Serin,n,18
19/08/2023,Fiji,19,Bastien Chalureau,n,18
19/08/2023,Fiji,16,Pierre Bourgarit,n,25
19/08/2023,Fiji,3,Uini Atonio,y,80
19/08/2023,Fiji,4,Florian Verhaeghe,y,62
19/08/2023,Fiji,8,Gregory Alldritt,y,55
19/08/2023,Fiji,18,Thomas Laclayat,n,0
19/08/2023,Fiji,7,Dylan Cretin,y,80
19/08/2023,Fiji,1,Reda Wardi,y,80
19/08/2023,Fiji,20,Thibaud Flament,n,18
19/08/2023,Fiji,9,Maxime Lucu,y,62
19/08/2023,Fiji,5,Paul Willemse,y,62
19/08/2023,Fiji,12,Jonathan Danty,y,80
27/08/2023,Australia,14,Damian Penaud,y,80
27/08/2023,Australia,16,Peato Mauvaka,n,33
27/08/2023,Australia,6,Francois Cros,y,80
27/08/2023,Australia,17,Sebastien Taofifenua,n,33
27/08/2023,Australia,11,Gabin Villiere,y,80
27/08/2023,Australia,2,Julien Marchand,y,47
27/08/2023,Australia,1,Jean-Baptiste Gros,y,47
27/08/2023,Australia,23,Melvyn Jaminet,n,12
27/08/2023,Australia,9,Antoine Dupont,y,59
27/08/2023,Australia,10,Matthieu Jalibert,y,80
27/08/2023,Australia,22,Baptiste Couilloud,n,21
27/08/2023,Australia,13,Gael Fickou,y,80
27/08/2023,Australia,21,Paul Boudehent,n,15
27/08/2023,Australia,18,Dorian Aldegheri,n,33
27/08/2023,Australia,3,Uini Atonio,y,47
27/08/2023,Australia,20,Cameron Woki,n,33
27/08/2023,Australia,8,Gregory Alldritt,y,65
27/08/2023,Australia,15,Thomas Ramos,y,68
27/08/2023,Australia,19,Romain Taofifenua,n,33
27/08/2023,Australia,7,Charles Ollivon,y,80
27/08/2023,Australia,4,Thibaud Flament,y,47
27/08/2023,Australia,5,Paul Willemse,y,47
27/08/2023,Australia,12,Jonathan Danty,y,80
08/09/2023,New Zealand,14,Damian Penaud,y,80
08/09/2023,New Zealand,16,Peato Mauvaka,n,68
08/09/2023,New Zealand,12,Yoram Moefana,y,57
08/09/2023,New Zealand,6,Francois Cros,y,62
08/09/2023,New Zealand,11,Gabin Villiere,y,80
08/09/2023,New Zealand,2,Julien Marchand,y,12
08/09/2023,New Zealand,17,Jean-Baptiste Gros,n,27
08/09/2023,New Zealand,23,Melvyn Jaminet,n,5
08/09/2023,New Zealand,9,Antoine Dupont,y,75
08/09/2023,New Zealand,10,Matthieu Jalibert,y,80
08/09/2023,New Zealand,13,Gael Fickou,y,80
08/09/2023,New Zealand,20,Paul Boudehent,n,18
08/09/2023,New Zealand,22,Arthur Vincent,n,23
08/09/2023,New Zealand,18,Dorian Aldegheri,n,27
08/09/2023,New Zealand,3,Uini Atonio,y,53
08/09/2023,New Zealand,4,Cameron Woki,y,48
08/09/2023,New Zealand,8,Gregory Alldritt,y,80
08/09/2023,New Zealand,15,Thomas Ramos,y,75
08/09/2023,New Zealand,19,Romain Taofifenua,n,32
08/09/2023,New Zealand,1,Reda Wardi,y,53
08/09/2023,New Zealand,7,Charles Ollivon,y,80
08/09/2023,New Zealand,5,Thibaud Flament,y,80
08/09/2023,New Zealand,21,Maxime Lucu,n,5
14/09/2023,Uruguay,16,Peato Mauvaka,n,31
14/09/2023,Uruguay,10,Antoine Hastoy,y,80
14/09/2023,Uruguay,12,Yoram Moefana,y,80
14/09/2023,Uruguay,14,Louis Bielle-Biarrey,y,80
14/09/2023,Uruguay,21,Francois Cros,n,30
14/09/2023,Uruguay,11,Gabin Villiere,y,80
14/09/2023,Uruguay,1,Jean-Baptiste Gros,y,49
14/09/2023,Uruguay,15,Melvyn Jaminet,y,80
14/09/2023,Uruguay,7,Sekou Macalou,y,80
14/09/2023,Uruguay,22,Baptiste Couilloud,n,17
14/09/2023,Uruguay,6,Paul Boudehent,y,80
14/09/2023,Uruguay,13,Arthur Vincent,y,80
14/09/2023,Uruguay,3,Dorian Aldegheri,y,49
14/09/2023,Uruguay,18,Sipili Falatea,n,31
14/09/2023,Uruguay,8,Anthony Jelonch,y,50
14/09/2023,Uruguay,19,Bastien Chalureau,n,31
14/09/2023,Uruguay,2,Pierre Bourgarit,y,49
14/09/2023,Uruguay,4,Cameron Woki,y,57
14/09/2023,Uruguay,23,Thomas Ramos,n,0
14/09/2023,Uruguay,5,Romain Taofifenua,y,49
14/09/2023,Uruguay,17,Reda Wardi,n,31
14/09/2023,Uruguay,20,Thibaud Flament,n,23
14/09/2023,Uruguay,9,Maxime Lucu,y,63
21/09/2023,Namibia,14,Damian Penaud,y,80
21/09/2023,Namibia,2,Peato Mauvaka,y,53
21/09/2023,Namibia,22,Yoram Moefana,n,15
21/09/2023,Namibia,11,Louis Bielle-Biarrey,y,80
21/09/2023,Namibia,6,Francois Cros,y,80
21/09/2023,Namibia,23,Melvyn Jaminet,n,27
21/09/2023,Namibia,9,Antoine Dupont,y,80
21/09/2023,Namibia,10,Matthieu Jalibert,y,53
21/09/2023,Namibia,21,Baptiste Couilloud,n,0
21/09/2023,Namibia,13,Gael Fickou,y,80
21/09/2023,Namibia,20,Paul Boudehent,n,3
21/09/2023,Namibia,18,Dorian Aldegheri,n,40
21/09/2023,Namibia,8,Anthony Jelonch,y,54
21/09/2023,Namibia,16,Pierre Bourgarit,n,27
21/09/2023,Namibia,3,Uini Atonio,y,40
21/09/2023,Namibia,4,Cameron Woki,y,40
21/09/2023,Namibia,15,Thomas Ramos,y,80
21/09/2023,Namibia,1,Cyril Baille,y,40
21/09/2023,Namibia,19,Romain Taofifenua,n,40
21/09/2023,Namibia,17,Reda Wardi,n,40
21/09/2023,Namibia,7,Charles Ollivon,y,80
21/09/2023,Namibia,5,Thibaud Flament,y,80
21/09/2023,Namibia,12,Jonathan Danty,y,80
06/10/2023,Italy,14,Damian Penaud,y,80
06/10/2023,Italy,2,Peato Mauvaka,y,54
06/10/2023,Italy,22,Yoram Moefana,n,19
06/10/2023,Italy,11,Louis Bielle-Biarrey,y,80
06/10/2023,Italy,20,Francois Cros,n,26
06/10/2023,Italy,23,Melvyn Jaminet,n,19
06/10/2023,Italy,10,Matthieu Jalibert,y,80
06/10/2023,Italy,21,Baptiste Couilloud,n,26
06/10/2023,Italy,13,Gael Fickou,y,61
06/10/2023,Italy,18,Dorian Aldegheri,n,36
06/10/2023,Italy,6,Anthony Jelonch,y,80
06/10/2023,Italy,16,Pierre Bourgarit,n,26
06/10/2023,Italy,3,Uini Atonio,y,44
06/10/2023,Italy,4,Cameron Woki,y,80
06/10/2023,Italy,8,Gregory Alldritt,y,80
06/10/2023,Italy,15,Thomas Ramos,y,61
06/10/2023,Italy,1,Cyril Baille,y,54
06/10/2023,Italy,19,Romain Taofifenua,n,36
06/10/2023,Italy,17,Reda Wardi,n,26
06/10/2023,Italy,7,Charles Ollivon,y,54
06/10/2023,Italy,5,Thibaud Flament,y,44
06/10/2023,Italy,9,Maxime Lucu,y,54
06/10/2023,Italy,12,Jonathan Danty,y,80
15/10/2023,South Africa,14,Damian Penaud,y,80
15/10/2023,South Africa,2,Peato Mauvaka,y,64
15/10/2023,South Africa,23,Yoram Moefana,n,8
15/10/2023,South Africa,11,Louis Bielle-Biarrey,y,80
15/10/2023,South Africa,20,Francois Cros,n,29
15/10/2023,South Africa,9,Antoine Dupont,y,80
15/10/2023,South Africa,21,Sekou Macalou,n,12
15/10/2023,South Africa,10,Matthieu Jalibert,y,72
15/10/2023,South Africa,13,Gael Fickou,y,80
15/10/2023,South Africa,18,Dorian Aldegheri,n,22
15/10/2023,South Africa,6,Anthony Jelonch,y,51
15/10/2023,South Africa,16,Pierre Bourgarit,n,16
15/10/2023,South Africa,3,Uini Atonio,y,58
15/10/2023,South Africa,4,Cameron Woki,y,80
15/10/2023,South Africa,8,Gregory Alldritt,y,68
15/10/2023,South Africa,15,Thomas Ramos,y,80
15/10/2023,South Africa,1,Cyril Baille,y,49
15/10/2023,South Africa,19,Romain Taofifenua,n,31
15/10/2023,South Africa,17,Reda Wardi,n,31
15/10/2023,South Africa,7,Charles Ollivon,y,80
15/10/2023,South Africa,5,Thibaud Flament,y,49
15/10/2023,South Africa,22,Maxime Lucu,n,0
15/10/2023,South Africa,12,Jonathan Danty,y,80
02/02/2024,Ireland,14,Damian Penaud,y,80
02/02/2024,Ireland,2,Peato Mauvaka,y,53
02/02/2024,Ireland,11,Yoram Moefana,y,80
02/02/2024,Ireland,23,Louis Bielle-Biarrey,n,17
02/02/2024,Ireland,6,Francois Cros,y,63
02/02/2024,Ireland,16,Julien Marchand,n,27
02/02/2024,Ireland,19,Posolo Tuilagi,n,27
02/02/2024,Ireland,10,Matthieu Jalibert,y,80
02/02/2024,Ireland,13,Gael Fickou,y,80
02/02/2024,Ireland,21,Paul Boudehent,n,17
02/02/2024,Ireland,18,Dorian Aldegheri,n,27
02/02/2024,Ireland,4,Paul Gabrillagues,y,53
02/02/2024,Ireland,3,Uini Atonio,y,53
02/02/2024,Ireland,20,Cameron Woki,n,17
02/02/2024,Ireland,8,Gregory Alldritt,y,80
02/02/2024,Ireland,22,Nolann Le Garrec,n,17
02/02/2024,Ireland,15,Thomas Ramos,y,80
02/02/2024,Ireland,1,Cyril Baille,y,62
02/02/2024,Ireland,17,Reda Wardi,n,18
02/02/2024,Ireland,7,Charles Ollivon,y,63
02/02/2024,Ireland,9,Maxime Lucu,y,63
02/02/2024,Ireland,5,Paul Willemse,y,80
02/02/2024,Ireland,12,Jonathan Danty,y,63
10/02/2024,Scotland,14,Damian Penaud,y,80
10/02/2024,Scotland,2,Peato Mauvaka,y,48
10/02/2024,Scotland,23,Yoram Moefana,n,18
10/02/2024,Scotland,11,Louis Bielle-Biarrey,y,80
10/02/2024,Scotland,6,Francois Cros,y,80
10/02/2024,Scotland,17,Sebastien Taofifenua,n,22
10/02/2024,Scotland,16,Julien Marchand,n,32
10/02/2024,Scotland,19,Posolo Tuilagi,n,32
10/02/2024,Scotland,10,Matthieu Jalibert,y,80
10/02/2024,Scotland,13,Gael Fickou,y,80
10/02/2024,Scotland,20,Alexandre Roumat,n,32
10/02/2024,Scotland,21,Paul Boudehent,n,30
10/02/2024,Scotland,18,Dorian Aldegheri,n,22
10/02/2024,Scotland,5,Paul Gabrillagues,y,48
10/02/2024,Scotland,3,Uini Atonio,y,58
10/02/2024,Scotland,4,Cameron Woki,y,48
10/02/2024,Scotland,8,Gregory Alldritt,y,50
10/02/2024,Scotland,22,Nolann Le Garrec,n,0
10/02/2024,Scotland,15,Thomas Ramos,y,80
10/02/2024,Scotland,1,Cyril Baille,y,58
10/02/2024,Scotland,7,Charles Ollivon,y,80
10/02/2024,Scotland,9,Maxime Lucu,y,80
10/02/2024,Scotland,12,Jonathan Danty,y,62
25/02/2024,Italy,14,Damian Penaud,y,80
25/02/2024,Italy,2,Peato Mauvaka,y,49
25/02/2024,Italy,23,Yoram Moefana,n,44
25/02/2024,Italy,8,Francois Cros,y,80
25/02/2024,Italy,17,Sebastien Taofifenua,n,32
25/02/2024,Italy,16,Julien Marchand,n,31
25/02/2024,Italy,10,Matthieu Jalibert,y,36
25/02/2024,Italy,21,Esteban Abadie,n,14
25/02/2024,Italy,11,Matthis Lebel,y,80
25/02/2024,Italy,13,Gael Fickou,y,80
25/02/2024,Italy,6,Paul Boudehent,y,80
25/02/2024,Italy,18,Dorian Aldegheri,n,31
25/02/2024,Italy,20,Alexandre Roumat,n,31
25/02/2024,Italy,5,Posolo Tuilagi,y,48
25/02/2024,Italy,3,Uini Atonio,y,49
25/02/2024,Italy,4,Cameron Woki,y,49
25/02/2024,Italy,22,Nolann Le Garrec,n,31
25/02/2024,Italy,15,Thomas Ramos,y,80
25/02/2024,Italy,1,Cyril Baille,y,48
25/02/2024,Italy,19,Romain Taofifenua,n,32
25/02/2024,Italy,7,Charles Ollivon,y,66
25/02/2024,Italy,9,Maxime Lucu,y,49
25/02/2024,Italy,12,Jonathan Danty,y,80
10/03/2024,Wales,15,Leo Barre,y,80
10/03/2024,Wales,14,Damian Penaud,y,80
10/03/2024,Wales,16,Peato Mauvaka,n,0
10/03/2024,Wales,23,Yoram Moefana,n,0
10/03/2024,Wales,11,Louis Bielle-Biarrey,y,80
10/03/2024,Wales,18,Georges-Henri Colombe,n,0
10/03/2024,Wales,6,Francois Cros,y,80
10/03/2024,Wales,12,Nicolas Depoortere,y,80
10/03/2024,Wales,5,Emmanuel Meafou,y,80
10/03/2024,Wales,17,Sebastien Taofifenua,n,0
10/03/2024,Wales,2,Julien Marchand,y,80
10/03/2024,Wales,13,Gael Fickou,y,80
10/03/2024,Wales,21,Paul Boudehent,n,0
10/03/2024,Wales,20,Alexandre Roumat,n,0
10/03/2024,Wales,3,Uini Atonio,y,80
10/03/2024,Wales,8,Gregory Alldritt,y,80
10/03/2024,Wales,9,Nolann Le Garrec,y,80
10/03/2024,Wales,10,Thomas Ramos,y,80
10/03/2024,Wales,1,Cyril Baille,y,80
10/03/2024,Wales,19,Romain Taofifenua,n,0
10/03/2024,Wales,7,Charles Ollivon,y,80
10/03/2024,Wales,4,Thibaud Flament,y,80
10/03/2024,Wales,22,Maxime Lucu,n,0
16/03/2024,England,20,Alexandre Roumat,n,0
16/03/2024,England,3,Uini Atonio,y,61
16/03/2024,England,8,Gregory Alldritt,y,80
16/03/2024,England,9,Nolann Le Garrec,y,80
16/03/2024,England,10,Thomas Ramos,y,80
16/03/2024,England,1,Cyril Baille,y,80
16/03/2024,England,19,Romain Taofifenua,n,0
16/03/2024,England,7,Charles Ollivon,y,80
16/03/2024,England,4,Thibaud Flament,y,80
16/03/2024,England,22,Maxime Lucu,n,0
16/03/2024,England,15,Leo Barre,y,80
16/03/2024,England,14,Damian Penaud,y,80
16/03/2024,England,16,Peato Mauvaka,n,0
16/03/2024,England,23,Yoram Moefana,n,0
16/03/2024,England,11,Louis Bielle-Biarrey,y,80
16/03/2024,England,18,Georges-Henri Colombe,n,0
16/03/2024,England,6,Francois Cros,y,80
16/03/2024,England,12,Nicolas Depoortere,y,80
16/03/2024,England,5,Emmanuel Meafou,y,80
16/03/2024,England,17,Sebastien Taofifenua,n,0
16/03/2024,England,2,Julien Marchand,y,80
16/03/2024,England,13,Gael Fickou,y,80
16/03/2024,England,21,Paul Boudehent,n,0
06/07/2024,Argentina,15,Leo Barre,y,72
06/07/2024,Argentina,10,Antoine Hastoy,y,80
06/07/2024,Argentina,8,Jordan Joseph,y,69
06/07/2024,Argentina,3,Georges-Henri Colombe,y,51
06/07/2024,Argentina,16,Teddy Baubigny,n,14
06/07/2024,Argentina,17,Sebastien Taofifenua,n,22
06/07/2024,Argentina,7,Oscar Jegou,y,80
06/07/2024,Argentina,13,Emilien Gailleton,y,80
06/07/2024,Argentina,1,Jean-Baptiste Gros,y,58
06/07/2024,Argentina,21,Ibrahim Diallo,n,11
06/07/2024,Argentina,23,Melvyn Jaminet,n,8
06/07/2024,Argentina,22,Baptiste Couilloud,n,10
06/07/2024,Argentina,4,Hugo Auradou,y,51
06/07/2024,Argentina,12,Antoine Frisch,y,80
06/07/2024,Argentina,18,Demba Bamba,n,29
06/07/2024,Argentina,9,Baptiste Serin,y,70
06/07/2024,Argentina,19,Posolo Tuilagi,n,29
06/07/2024,Argentina,6,Lenni Nouchi,y,80
06/07/2024,Argentina,5,Baptiste Pesenti-Compagnoni,y,51
06/07/2024,Argentina,11,Lester Etien,y,80
06/07/2024,Argentina,14,Theo Attissogbe,y,80
06/07/2024,Argentina,2,Gaetan Barlot,y,66
06/07/2024,Argentina,20,Mickael Guillard,n,29
10/07/2024,Uruguay,4,Pierre-Henri Azagoh,y,59
10/07/2024,Uruguay,23,Nathanael Hulleu,n,16
10/07/2024,Uruguay,2,Teddy Baubigny,y,50
10/07/2024,Uruguay,17,Sebastien Taofifenua,n,21
10/07/2024,Uruguay,5,Florent Vanverberghe,y,80
10/07/2024,Uruguay,6,Ibrahim Diallo,y,80
10/07/2024,Uruguay,9,Baptiste Couilloud,y,50
10/07/2024,Uruguay,14,Jules Favre,y,80
10/07/2024,Uruguay,10,Leo Berdeu,y,55
10/07/2024,Uruguay,18,Demba Bamba,n,42
10/07/2024,Uruguay,22,Joris Segonds,n,25
10/07/2024,Uruguay,8,Killian Tixeront,y,50
10/07/2024,Uruguay,13,Arthur Vincent,y,80
10/07/2024,Uruguay,1,Giorgi Beria,y,80
10/07/2024,Uruguay,19,Posolo Tuilagi,n,21
10/07/2024,Uruguay,7,Romain Briatte,y,80
10/07/2024,Uruguay,16,Janick Tarrit,n,30
10/07/2024,Uruguay,3,Thomas Laclayat,y,17
10/07/2024,Uruguay,12,Leon Darricarrere,y,80
10/07/2024,Uruguay,11,Joris Jurand,y,80
10/07/2024,Uruguay,15,Lucas Dubois,y,64
10/07/2024,Uruguay,21,Baptiste Jauneau,n,30
10/07/2024,Uruguay,20,Yann Peysson,n,30
13/07/2024,Argentina,7,Judicael Cancoriet,y,80
13/07/2024,Argentina,15,Leo Barre,y,80
13/07/2024,Argentina,10,Antoine Hastoy,y,80
13/07/2024,Argentina,8,Jordan Joseph,y,80
13/07/2024,Argentina,3,Georges-Henri Colombe,y,42
13/07/2024,Argentina,16,Teddy Baubigny,n,12
13/07/2024,Argentina,17,Sebastien Taofifenua,n,24
13/07/2024,Argentina,13,Emilien Gailleton,y,80
13/07/2024,Argentina,1,Jean-Baptiste Gros,y,56
13/07/2024,Argentina,23,Leo Berdeu,n,0
13/07/2024,Argentina,12,Antoine Frisch,y,80
13/07/2024,Argentina,18,Demba Bamba,n,38
13/07/2024,Argentina,21,Killian Tixeront,n,12
13/07/2024,Argentina,9,Baptiste Serin,y,68
13/07/2024,Argentina,19,Posolo Tuilagi,n,0
13/07/2024,Argentina,20,Romain Briatte,n,0
13/07/2024,Argentina,6,Lenni Nouchi,y,80
13/07/2024,Argentina,5,Baptiste Pesenti-Compagnoni,y,80
13/07/2024,Argentina,11,Lester Etien,y,80
13/07/2024,Argentina,14,Theo Attissogbe,y,80
13/07/2024,Argentina,2,Gaetan Barlot,y,68
13/07/2024,Argentina,22,Baptiste Jauneau,n,12
13/07/2024,Argentina,4,Mickael Guillard,y,68
09/11/2024,Japan,15,Leo Barre,y,51
09/11/2024,Japan,2,Peato Mauvaka,y,80
09/11/2024,Japan,12,Yoram Moefana,y,80
09/11/2024,Japan,11,Louis Bielle-Biarrey,y,80
09/11/2024,Japan,18,Georges-Henri Colombe,n,29
09/11/2024,Japan,6,Francois Cros,y,40
09/11/2024,Japan,5,Emmanuel Meafou,y,80
09/11/2024,Japan,13,Emilien Gailleton,y,55
09/11/2024,Japan,16,Julien Marchand,n,29
09/11/2024,Japan,1,Jean-Baptiste Gros,y,52
09/11/2024,Japan,9,Antoine Dupont,y,65
09/11/2024,Japan,22,Matthieu Jalibert,n,29
09/11/2024,Japan,23,Gael Fickou,n,25
09/11/2024,Japan,3,Tevita Tatafu,y,51
09/11/2024,Japan,20,Paul Boudehent,n,47
09/11/2024,Japan,7,Alexandre Roumat,y,80
09/11/2024,Japan,8,Gregory Alldritt,y,80
09/11/2024,Japan,10,Thomas Ramos,y,80
09/11/2024,Japan,14,Theo Attissogbe,y,80
09/11/2024,Japan,17,Reda Wardi,n,28
09/11/2024,Japan,4,Thibaud Flament,y,33
09/11/2024,Japan,21,Maxime Lucu,n,15
09/11/2024,Japan,19,Mickael Guillard,n,40
16/11/2024,New Zealand,2,Peato Mauvaka,y,48
16/11/2024,New Zealand,12,Yoram Moefana,y,59
16/11/2024,New Zealand,11,Louis Bielle-Biarrey,y,80
16/11/2024,New Zealand,18,Georges-Henri Colombe,n,70
16/11/2024,New Zealand,5,Emmanuel Meafou,y,48
16/11/2024,New Zealand,14,Gabin Villiere,y,80
16/11/2024,New Zealand,15,Romain Buros,y,68
16/11/2024,New Zealand,23,Emilien Gailleton,n,21
16/11/2024,New Zealand,16,Julien Marchand,n,32
16/11/2024,New Zealand,1,Jean-Baptiste Gros,y,48
16/11/2024,New Zealand,9,Antoine Dupont,y,80
16/11/2024,New Zealand,13,Gael Fickou,y,80
16/11/2024,New Zealand,3,Tevita Tatafu,y,10
16/11/2024,New Zealand,6,Paul Boudehent,y,70
16/11/2024,New Zealand,7,Alexandre Roumat,y,80
16/11/2024,New Zealand,8,Gregory Alldritt,y,48
16/11/2024,New Zealand,22,Nolann Le Garrec,n,12
16/11/2024,New Zealand,10,Thomas Ramos,y,80
16/11/2024,New Zealand,20,Romain Taofifenua,n,7
16/11/2024,New Zealand,17,Reda Wardi,n,32
16/11/2024,New Zealand,21,Charles Ollivon,n,0
16/11/2024,New Zealand,4,Thibaud Flament,y,80
16/11/2024,New Zealand,19,Mickael Guillard,n,32
22/11/2024,Argentina,15,Leo Barre,y,62
22/11/2024,Argentina,2,Peato Mauvaka,y,51
22/11/2024,Argentina,12,Yoram Moefana,y,80
22/11/2024,Argentina,11,Louis Bielle-Biarrey,y,80
22/11/2024,Argentina,18,Georges-Henri Colombe,n,29
22/11/2024,Argentina,6,Francois Cros,y,80
22/11/2024,Argentina,5,Emmanuel Meafou,y,51
22/11/2024,Argentina,14,Gabin Villiere,y,80
22/11/2024,Argentina,23,Emilien Gailleton,n,8
22/11/2024,Argentina,16,Julien Marchand,n,29
22/11/2024,Argentina,1,Jean-Baptiste Gros,y,4
22/11/2024,Argentina,9,Antoine Dupont,y,80
22/11/2024,Argentina,13,Gael Fickou,y,72
22/11/2024,Argentina,7,Paul Boudehent,y,40
22/11/2024,Argentina,21,Marko Gazzotti,n,40
22/11/2024,Argentina,19,Alexandre Roumat,n,19
22/11/2024,Argentina,3,Uini Atonio,y,51
22/11/2024,Argentina,22,Nolann Le Garrec,n,18
22/11/2024,Argentina,10,Thomas Ramos,y,80
22/11/2024,Argentina,17,Reda Wardi,n,76
22/11/2024,Argentina,8,Charles Ollivon,y,80
22/11/2024,Argentina,4,Thibaud Flament,y,61
22/11/2024,Argentina,20,Mickael Guillard,n,29
31/01/2025,Wales,2,Peato Mauvaka,y,49
31/01/2025,Wales,12,Yoram Moefana,y,80
31/01/2025,Wales,11,Louis Bielle-Biarrey,y,80
31/01/2025,Wales,18,Georges-Henri Colombe,n,31
31/01/2025,Wales,6,Francois Cros,y,60
31/01/2025,Wales,5,Emmanuel Meafou,y,49
31/01/2025,Wales,21,Oscar Jegou,n,20
31/01/2025,Wales,23,Emilien Gailleton,n,13
31/01/2025,Wales,16,Julien Marchand,n,31
31/01/2025,Wales,1,Jean-Baptiste Gros,y,49
31/01/2025,Wales,10,Romain Ntamack,y,80
31/01/2025,Wales,9,Antoine Dupont,y,49
31/01/2025,Wales,19,Hugo Auradou,n,31
31/01/2025,Wales,7,Paul Boudehent,y,80
31/01/2025,Wales,13,Pierre-Louis Barassi,y,80
31/01/2025,Wales,4,Alexandre Roumat,y,49
31/01/2025,Wales,3,Uini Atonio,y,49
31/01/2025,Wales,8,Gregory Alldritt,y,80
31/01/2025,Wales,22,Nolann Le Garrec,n,31
31/01/2025,Wales,15,Thomas Ramos,y,67
31/01/2025,Wales,17,Cyril Baille,n,31
31/01/2025,Wales,14,Theo Attissogbe,y,80
31/01/2025,Wales,20,Mickael Guillard,n,31
08/02/2025,England,14,Damian Penaud,y,80
08/02/2025,England,2,Peato Mauvaka,y,56
08/02/2025,England,12,Yoram Moefana,y,80
08/02/2025,England,11,Louis Bielle-Biarrey,y,80
08/02/2025,England,18,Georges-Henri Colombe,n,24
08/02/2025,England,6,Francois Cros,y,80
08/02/2025,England,5,Emmanuel Meafou,y,66
08/02/2025,England,21,Oscar Jegou,n,30
08/02/2025,England,23,Emilien Gailleton,n,0
08/02/2025,England,16,Julien Marchand,n,24
08/02/2025,England,1,Jean-Baptiste Gros,y,56
08/02/2025,England,9,Antoine Dupont,y,80
08/02/2025,England,10,Matthieu Jalibert,y,66
08/02/2025,England,19,Hugo Auradou,n,30
08/02/2025,England,7,Paul Boudehent,y,50
08/02/2025,England,13,Pierre-Louis Barassi,y,80
08/02/2025,England,4,Alexandre Roumat,y,50
08/02/2025,England,3,Uini Atonio,y,56
08/02/2025,England,8,Gregory Alldritt,y,80
08/02/2025,England,22,Nolann Le Garrec,n,14
08/02/2025,England,15,Thomas Ramos,y,80
08/02/2025,England,17,Cyril Baille,n,24
08/02/2025,England,20,Mickael Guillard,n,14
23/02/2025,Italy,15,Leo Barre,y,80
23/02/2025,Italy,2,Peato Mauvaka,y,48
23/02/2025,Italy,12,Yoram Moefana,y,80
23/02/2025,Italy,11,Louis Bielle-Biarrey,y,80
23/02/2025,Italy,6,Francois Cros,y,80
23/02/2025,Italy,21,Oscar Jegou,n,32
23/02/2025,Italy,16,Julien Marchand,n,32
23/02/2025,Italy,1,Jean-Baptiste Gros,y,48
23/02/2025,Italy,9,Antoine Dupont,y,80
23/02/2025,Italy,7,Paul Boudehent,y,48
23/02/2025,Italy,13,Pierre-Louis Barassi,y,80
23/02/2025,Italy,18,Dorian Aldegheri,n,32
23/02/2025,Italy,20,Alexandre Roumat,n,14
23/02/2025,Italy,22,Anthony Jelonch,n,32
23/02/2025,Italy,3,Uini Atonio,y,48
23/02/2025,Italy,8,Gregory Alldritt,y,48
23/02/2025,Italy,10,Thomas Ramos,y,68
23/02/2025,Italy,17,Cyril Baille,n,32
23/02/2025,Italy,14,Theo Attissogbe,y,80
23/02/2025,Italy,19,Romain Taofifenua,n,32
23/02/2025,Italy,4,Thibaud Flament,y,66
23/02/2025,Italy,23,Maxime Lucu,n,12
23/02/2025,Italy,5,Mickael Guillard,y,48
08/03/2025,Ireland,14,Damian Penaud,y,80
08/03/2025,Ireland,2,Peato Mauvaka,y,49
08/03/2025,Ireland,12,Yoram Moefana,y,80
08/03/2025,Ireland,11,Louis Bielle-Biarrey,y,80
08/03/2025,Ireland,6,Francois Cros,y,80
08/03/2025,Ireland,19,Emmanuel Meafou,n,31
08/03/2025,Ireland,21,Oscar Jegou,n,0
08/03/2025,Ireland,16,Julien Marchand,n,31
08/03/2025,Ireland,1,Jean-Baptiste Gros,y,49
08/03/2025,Ireland,10,Romain Ntamack,y,80
08/03/2025,Ireland,9,Antoine Dupont,y,28
08/03/2025,Ireland,20,Hugo Auradou,n,5
08/03/2025,Ireland,7,Paul Boudehent,y,80
08/03/2025,Ireland,13,Pierre-Louis Barassi,y,47
08/03/2025,Ireland,18,Dorian Aldegheri,n,31
08/03/2025,Ireland,22,Anthony Jelonch,n,31
08/03/2025,Ireland,3,Uini Atonio,y,49
08/03/2025,Ireland,8,Gregory Alldritt,y,49
08/03/2025,Ireland,15,Thomas Ramos,y,80
08/03/2025,Ireland,17,Cyril Baille,n,31
08/03/2025,Ireland,4,Thibaud Flament,y,75
08/03/2025,Ireland,23,Maxime Lucu,n,52
08/03/2025,Ireland,5,Mickael Guillard,y,49
15/03/2025,Scotland,14,Damian Penaud,y,23
15/03/2025,Scotland,2,Peato Mauvaka,y,46
15/03/2025,Scotland,12,Yoram Moefana,y,80
15/03/2025,Scotland,11,Louis Bielle-Biarrey,y,80
15/03/2025,Scotland,6,Francois Cros,y,80
15/03/2025,Scotland,20,Emmanuel Meafou,n,34
15/03/2025,Scotland,21,Oscar Jegou,n,34
15/03/2025,Scotland,16,Julien Marchand,n,34
15/03/2025,Scotland,1,Jean-Baptiste Gros,y,46
15/03/2025,Scotland,10,Romain Ntamack,y,80
15/03/2025,Scotland,13,Gael Fickou,y,80
15/03/2025,Scotland,19,Hugo Auradou,n,6
15/03/2025,Scotland,7,Paul Boudehent,y,46
15/03/2025,Scotland,18,Dorian Aldegheri,n,36
15/03/2025,Scotland,22,Anthony Jelonch,n,34
15/03/2025,Scotland,3,Uini Atonio,y,44
15/03/2025,Scotland,8,Gregory Alldritt,y,46
15/03/2025,Scotland,23,Nolann Le Garrec,n,5
15/03/2025,Scotland,15,Thomas Ramos,y,80
15/03/2025,Scotland,17,Cyril Baille,n,34
15/03/2025,Scotland,4,Thibaud Flament,y,74
15/03/2025,Scotland,9,Maxime Lucu,y,75
15/03/2025,Scotland,5,Mickael Guillard,y,46
05/07/2025,New Zealand,23,Antoine Hastoy,n,17
05/07/2025,New Zealand,11,Gabin Villiere,y,80
05/07/2025,New Zealand,13,Emilien Gailleton,y,80
05/07/2025,New Zealand,12,Gael Fickou,y,80
05/07/2025,New Zealand,4,Hugo Auradou,y,48
05/07/2025,New Zealand,21,Jacobus Van Tonder,n,32
05/07/2025,New Zealand,10,Joris Segonds,y,63
05/07/2025,New Zealand,7,Killian Tixeront,y,48
05/07/2025,New Zealand,1,Giorgi Beria,y,48
05/07/2025,New Zealand,3,Rabah Slimani,y,48
05/07/2025,New Zealand,14,Tom Spring,y,71
05/07/2025,New Zealand,16,Pierre Bourgarit,n,25
05/07/2025,New Zealand,20,Cameron Woki,n,32
05/07/2025,New Zealand,6,Alexandre Fischer,y,80
05/07/2025,New Zealand,9,Nolann Le Garrec,y,58
05/07/2025,New Zealand,5,Tyler Duguid,y,48
05/07/2025,New Zealand,15,Theo Attissogbe,y,80
05/07/2025,New Zealand,2,Gaetan Barlot,y,55
05/07/2025,New Zealand,19,Romain Taofifenua,n,32
05/07/2025,New Zealand,17,Paul Mallez,n,32
05/07/2025,New Zealand,22,Baptiste Jauneau,n,22
05/07/2025,New Zealand,18,Regis Montagne,n,32
05/07/2025,New Zealand,8,Mickael Guillard,y,80
12/07/2025,New Zealand,15,Leo Barre,y,80
12/07/2025,New Zealand,23,Antoine Hastoy,n,36
12/07/2025,New Zealand,3,Georges-Henri Colombe,y,40
12/07/2025,New Zealand,13,Nicolas Depoortere,y,80
12/07/2025,New Zealand,21,Bastien Vergnes,n,36
12/07/2025,New Zealand,22,Thibault Daubagna,n,9
12/07/2025,New Zealand,11,Emilien Gailleton,y,80
12/07/2025,New Zealand,8,Esteban Abadie,y,44
12/07/2025,New Zealand,7,Jacobus Van Tonder,y,44
12/07/2025,New Zealand,10,Joris Segonds,y,44
12/07/2025,New Zealand,12,Pierre-Louis Barassi,y,80
12/07/2025,New Zealand,1,Baptiste Erdocio,y,44
12/07/2025,New Zealand,6,Pierre Bochaton,y,80
12/07/2025,New Zealand,16,Pierre Bourgarit,n,27
12/07/2025,New Zealand,20,Cameron Woki,n,36
12/07/2025,New Zealand,9,Nolann Le Garrec,y,71
12/07/2025,New Zealand,14,Theo Attissogbe,y,80
12/07/2025,New Zealand,2,Gaetan Barlot,y,53
12/07/2025,New Zealand,19,Romain Taofifenua,n,36
12/07/2025,New Zealand,17,Paul Mallez,n,36
12/07/2025,New Zealand,4,Joshua Brennan,y,80
12/07/2025,New Zealand,5,Matthias Halagahu,y,44
12/07/2025,New Zealand,18,Regis Montagne,n,40
19/07/2025,New Zealand,15,Leo Barre,y,60
19/07/2025,New Zealand,10,Antoine Hastoy,y,80
19/07/2025,New Zealand,13,Nicolas Depoortere,y,80
19/07/2025,New Zealand,11,Gabin Villiere,y,80
19/07/2025,New Zealand,22,Thibault Daubagna,n,9
19/07/2025,New Zealand,23,Emilien Gailleton,n,20
19/07/2025,New Zealand,12,Gael Fickou,y,80
19/07/2025,New Zealand,4,Hugo Auradou,y,60
19/07/2025,New Zealand,18,Demba Bamba,n,36
19/07/2025,New Zealand,20,Killian Tixeront,n,20
19/07/2025,New Zealand,1,Baptiste Erdocio,y,44
19/07/2025,New Zealand,21,Pierre Bochaton,n,40
19/07/2025,New Zealand,3,Rabah Slimani,y,44
19/07/2025,New Zealand,2,Pierre Bourgarit,y,44
19/07/2025,New Zealand,6,Alexandre Fischer,y,40
19/07/2025,New Zealand,9,Nolann Le Garrec,y,71
19/07/2025,New Zealand,14,Theo Attissogbe,y,80
19/07/2025,New Zealand,16,Gaetan Barlot,n,36
19/07/2025,New Zealand,19,Romain Taofifenua,n,36
19/07/2025,New Zealand,17,Paul Mallez,n,36
19/07/2025,New Zealand,7,Joshua Brennan,y,80
19/07/2025,New Zealand,5,Matthias Halagahu,y,44
19/07/2025,New Zealand,8,Mickael Guillard,y,80
08/11/2025,South Africa,14,Damian Penaud,y,80
08/11/2025,South Africa,16,Guillaume Cramont,n,33
08/11/2025,South Africa,11,Louis Bielle-Biarrey,y,80
08/11/2025,South Africa,23,Nicolas Depoortere,n,21
08/11/2025,South Africa,5,Emmanuel Meafou,y,47
08/11/2025,South Africa,21,Oscar Jegou,n,33
08/11/2025,South Africa,2,Julien Marchand,y,47
08/11/2025,South Africa,17,Jean-Baptiste Gros,n,33
08/11/2025,South Africa,10,Romain Ntamack,y,80
08/11/2025,South Africa,12,Gael Fickou,y,59
08/11/2025,South Africa,20,Hugo Auradou,n,8
08/11/2025,South Africa,7,Paul Boudehent,y,72
08/11/2025,South Africa,13,Pierre-Louis Barassi,y,80
08/11/2025,South Africa,18,Dorian Aldegheri,n,33
08/11/2025,South Africa,1,Baptiste Erdocio,y,47
08/11/2025,South Africa,6,Anthony Jelonch,y,80
08/11/2025,South Africa,9,Nolann Le Garrec,y,59
08/11/2025,South Africa,15,Thomas Ramos,y,80
08/11/2025,South Africa,19,Romain Taofifenua,n,33
08/11/2025,South Africa,4,Thibaud Flament,y,80
08/11/2025,South Africa,22,Maxime Lucu,n,21
08/11/2025,South Africa,3,Regis Montagne,y,47
08/11/2025,South Africa,8,Mickael Guillard,y,47
15/11/2025,Fiji,6,Anthony Jelonch,y,80
15/11/2025,Fiji,8,Gregory Alldritt,y,80
15/11/2025,Fiji,15,Thomas Ramos,y,80
15/11/2025,Fiji,18,Thomas Laclayat,n,17
15/11/2025,Fiji,5,Romain Taofifenua,y,63
15/11/2025,Fiji,4,Charles Ollivon,y,80
15/11/2025,Fiji,9,Maxime Lucu,y,76
15/11/2025,Fiji,19,Jimi Maximin,n,17
15/11/2025,Fiji,22,Baptiste Jauneau,n,4
15/11/2025,Fiji,3,Regis Montagne,y,63
15/11/2025,Fiji,14,Damian Penaud,y,80
15/11/2025,Fiji,11,Louis Bielle-Biarrey,y,80
15/11/2025,Fiji,12,Nicolas Depoortere,y,80
15/11/2025,Fiji,7,Oscar Jegou,y,80
15/11/2025,Fiji,23,Emilien Gailleton,n,16
15/11/2025,Fiji,2,Julien Marchand,y,49
15/11/2025,Fiji,1,Jean-Baptiste Gros,y,49
15/11/2025,Fiji,10,Romain Ntamack,y,80
15/11/2025,Fiji,20,Hugo Auradou,n,29
15/11/2025,Fiji,17,Rodrigue Neti,n,31
15/11/2025,Fiji,21,Paul Boudehent,n,22
15/11/2025,Fiji,13,Pierre-Louis Barassi,y,13
15/11/2025,Fiji,16,Maxime Lamothe,n,31
22/11/2025,Australia,14,Damian Penaud,y,80
22/11/2025,Australia,11,Louis Bielle-Biarrey,y,80
22/11/2025,Australia,13,Nicolas Depoortere,y,80
22/11/2025,Australia,5,Emmanuel Meafou,y,65
22/11/2025,Australia,21,Oscar Jegou,n,0
22/11/2025,Australia,2,Julien Marchand,y,65
22/11/2025,Australia,1,Jean-Baptiste Gros,y,65
22/11/2025,Australia,10,Romain Ntamack,y,80
22/11/2025,Australia,23,Kalvin Gourgues,n,15
22/11/2025,Australia,12,Gael Fickou,y,65
22/11/2025,Australia,20,Hugo Auradou,n,15
22/11/2025,Australia,17,Rodrigue Neti,n,15
22/11/2025,Australia,16,Maxime Lamothe,n,15
22/11/2025,Australia,6,Anthony Jelonch,y,80
22/11/2025,Australia,8,Gregory Alldritt,y,65
22/11/2025,Australia,15,Thomas Ramos,y,80
22/11/2025,Australia,18,Thomas Laclayat,n,15
22/11/2025,Australia,19,Romain Taofifenua,n,15
22/11/2025,Australia,7,Charles Ollivon,y,15
22/11/2025,Australia,4,Thibaud Flament,y,80
22/11/2025,Australia,9,Maxime Lucu,y,73
22/11/2025,Australia,22,Baptiste Jauneau,n,7
22/11/2025,Australia,3,Regis Montagne,y,65
15/02/2026,Wales,11,Louis Bielle-Biarrey,y,80
15/02/2026,Wales,6,Francois Cros,y,52
15/02/2026,Wales,20,Emmanuel Meafou,n,12
15/02/2026,Wales,7,Oscar Jegou,y,80
15/02/2026,Wales,13,Emilien Gailleton,y,67
15/02/2026,Wales,2,Julien Marchand,y,50
15/02/2026,Wales,1,Jean-Baptiste Gros,y,50
15/02/2026,Wales,9,Antoine Dupont,y,59
15/02/2026,Wales,10,Matthieu Jalibert,y,80
15/02/2026,Wales,23,Noah Nene,n,13
15/02/2026,Wales,17,Rodrigue Neti,n,30
15/02/2026,Wales,3,Dorian Aldegheri,y,50
15/02/2026,Wales,22,Baptiste Serin,n,21
15/02/2026,Wales,16,Maxime Lamothe,n,30
15/02/2026,Wales,8,Anthony Jelonch,y,52
15/02/2026,Wales,21,Lenni Nouchi,n,28
15/02/2026,Wales,12,Fabien Brau-Boirie,y,80
15/02/2026,Wales,15,Thomas Ramos,y,80
15/02/2026,Wales,14,Theo Attissogbe,y,80
15/02/2026,Wales,4,Charles Ollivon,y,80
15/02/2026,Wales,19,Thibaud Flament,n,28
15/02/2026,Wales,18,Regis Montagne,n,30
15/02/2026,Wales,5,Mickael Guillard,y,68
22/02/2026,Italy,16,Peato Mauvaka,n,22
22/02/2026,Italy,11,Louis Bielle-Biarrey,y,80
22/02/2026,Italy,18,Georges-Henri Colombe,n,26
22/02/2026,Italy,6,Francois Cros,y,55
22/02/2026,Italy,14,Gael Drean,y,80
22/02/2026,Italy,5,Emmanuel Meafou,y,80
22/02/2026,Italy,7,Oscar Jegou,y,55
22/02/2026,Italy,13,Emilien Gailleton,y,73
22/02/2026,Italy,2,Julien Marchand,y,58
22/02/2026,Italy,1,Jean-Baptiste Gros,y,38
22/02/2026,Italy,9,Antoine Dupont,y,76
22/02/2026,Italy,17,Rodrigue Neti,n,42
22/02/2026,Italy,23,Pierre-Louis Barassi,n,22
22/02/2026,Italy,3,Dorian Aldegheri,y,54
22/02/2026,Italy,22,Baptiste Serin,n,4
22/02/2026,Italy,8,Anthony Jelonch,y,74
22/02/2026,Italy,21,Lenni Nouchi,n,25
22/02/2026,Italy,12,Fabien Brau-Boirie,y,66
22/02/2026,Italy,15,Thomas Ramos,y,80
22/02/2026,Italy,14,Theo Attissogbe,y,80
22/02/2026,Italy,19,Charles Ollivon,n,25
22/02/2026,Italy,4,Thibaud Flament,y,80
22/02/2026,Italy,20,Mickael Guillard,n,6
07/03/2026,Scotland,16,Peato Mauvaka,n,36
07/03/2026,Scotland,12,Yoram Moefana,y,80
07/03/2026,Scotland,11,Louis Bielle-Biarrey,y,80
07/03/2026,Scotland,6,Francois Cros,y,80
07/03/2026,Scotland,13,Nicolas Depoortere,y,44
07/03/2026,Scotland,20,Emmanuel Meafou,n,36
07/03/2026,Scotland,7,Oscar Jegou,y,80
07/03/2026,Scotland,2,Julien Marchand,y,44
07/03/2026,Scotland,1,Jean-Baptiste Gros,y,52
07/03/2026,Scotland,9,Antoine Dupont,y,69
07/03/2026,Scotland,10,Matthieu Jalibert,y,80
07/03/2026,Scotland,17,Rodrigue Neti,n,28
07/03/2026,Scotland,18,Demba Bamba,n,28
07/03/2026,Scotland,23,Pierre-Louis Barassi,n,36
07/03/2026,Scotland,3,Dorian Aldegheri,y,52
07/03/2026,Scotland,22,Baptiste Serin,n,11
07/03/2026,Scotland,8,Anthony Jelonch,y,42
07/03/2026,Scotland,21,Lenni Nouchi,n,38
07/03/2026,Scotland,15,Thomas Ramos,y,80
07/03/2026,Scotland,14,Theo Attissogbe,y,80
07/03/2026,Scotland,4,Charles Ollivon,y,44
07/03/2026,Scotland,19,Thibaud Flament,n,36
07/03/2026,Scotland,5,Mickael Guillard,y,44
14/03/2026,England,16,Peato Mauvaka,n,34
14/03/2026,England,12,Yoram Moefana,y,80
14/03/2026,England,11,Louis Bielle-Biarrey,y,80
14/03/2026,England,6,Francois Cros,y,80
14/03/2026,England,5,Emmanuel Meafou,y,65
14/03/2026,England,23,Emilien Gailleton,n,0
14/03/2026,England,2,Julien Marchand,y,46
14/03/2026,England,1,Jean-Baptiste Gros,y,65
14/03/2026,England,9,Antoine Dupont,y,80
14/03/2026,England,10,Matthieu Jalibert,y,80
14/03/2026,England,19,Hugo Auradou,n,2
14/03/2026,England,17,Rodrigue Neti,n,15
14/03/2026,England,7,Temo Matiu,y,40
14/03/2026,England,18,Demba Bamba,n,34
14/03/2026,England,13,Pierre-Louis Barassi,y,80
14/03/2026,England,3,Dorian Aldegheri,y,46
14/03/2026,England,22,Baptiste Serin,n,0
14/03/2026,England,15,Thomas Ramos,y,80
14/03/2026,England,14,Theo Attissogbe,y,80
14/03/2026,England,21,Joshua Brennan,n,15
14/03/2026,England,8,Charles Ollivon,y,78
14/03/2026,England,4,Thibaud Flament,y,80
14/03/2026,England,20,Mickael Guillard,n,40
04/07/2026,New Zealand,16,Barnabe Massa,n,17
04/07/2026,New Zealand,14,Damian Penaud,y,40
04/07/2026,New Zealand,22,Antoine Hastoy,n,57
04/07/2026,New Zealand,12,Yoram Moefana,y,80
04/07/2026,New Zealand,23,Nicolas Depoortere,n,11
04/07/2026,New Zealand,7,Oscar Jegou,y,80
04/07/2026,New Zealand,5,Tom Staniforth,y,55
04/07/2026,New Zealand,10,Matthieu Jalibert,y,80
04/07/2026,New Zealand,4,Hugo Auradou,y,80
04/07/2026,New Zealand,3,Demba Bamba,y,48
04/07/2026,New Zealand,8,Marko Gazzotti,y,80
04/07/2026,New Zealand,20,Killian Tixeront,n,25
04/07/2026,New Zealand,2,Maxime Lamothe,y,63
04/07/2026,New Zealand,6,Pierre Bochaton,y,34
04/07/2026,New Zealand,13,Fabien Brau-Boirie,y,69
04/07/2026,New Zealand,21,Nolann Le Garrec,n,5
04/07/2026,New Zealand,11,Theo Attissogbe,y,80
04/07/2026,New Zealand,1,Jefferson Poirot,y,55
04/07/2026,New Zealand,17,Reda Wardi,n,25
04/07/2026,New Zealand,9,Maxime Lucu,y,75
04/07/2026,New Zealand,15,Max Spring,y,63
04/07/2026,New Zealand,18,Regis Montagne,n,32
04/07/2026,New Zealand,19,Mickael Guillard,n,46
11/07/2026,Australia,2,Peato Mauvaka,y,46
11/07/2026,Australia,12,Yoram Moefana,y,70
11/07/2026,Australia,5,Emmanuel Meafou,y,52
11/07/2026,Australia,7,Oscar Jegou,y,46
11/07/2026,Australia,20,Tom Staniforth,n,28
11/07/2026,Australia,10,Romain Ntamack,y,80
11/07/2026,Australia,11,Aaron Grandidier Nkanang,y,80
11/07/2026,Australia,15,Matthieu Jalibert,y,80
11/07/2026,Australia,23,Kalvin Gourgues,n,10
11/07/2026,Australia,19,Hugo Auradou,n,9
11/07/2026,Australia,1,Moses Alo Emile,y,46
11/07/2026,Australia,18,Tevita Tatafu,n,34
11/07/2026,Australia,3,Demba Bamba,y,46
11/07/2026,Australia,8,Marko Gazzotti,y,80
11/07/2026,Australia,21,Killian Tixeront,n,34
11/07/2026,Australia,16,Maxime Lamothe,n,34
11/07/2026,Australia,6,Lenni Nouchi,y,80
11/07/2026,Australia,13,Fabien Brau-Boirie,y,80
11/07/2026,Australia,4,Florian Verhaeghe,y,71
11/07/2026,Australia,22,Nolann Le Garrec,n,17
11/07/2026,Australia,14,Theo Attissogbe,y,80
11/07/2026,Australia,17,Jefferson Poirot,n,34
11/07/2026,Australia,9,Maxime Lucu,y,63
18/07/2026,Japan,16,Peato Mauvaka,n,25
18/07/2026,Japan,12,Yoram Moefana,y,55
18/07/2026,Japan,5,Emmanuel Meafou,y,55
18/07/2026,Japan,20,Tom Staniforth,n,25
18/07/2026,Japan,10,Romain Ntamack,y,80
18/07/2026,Japan,11,Aaron Grandidier Nkanang,y,80
18/07/2026,Japan,15,Matthieu Jalibert,y,80
18/07/2026,Japan,23,Kalvin Gourgues,n,25
18/07/2026,Japan,19,Hugo Auradou,n,51
18/07/2026,Japan,7,Marko Gazzotti,y,80
18/07/2026,Japan,21,Killian Tixeront,n,29
18/07/2026,Japan,8,Alexandre Roumat,y,80
18/07/2026,Japan,18,Sipili Falatea,n,25
18/07/2026,Japan,2,Maxime Lamothe,y,55
18/07/2026,Japan,22,Paul Graou,n,12
18/07/2026,Japan,6,Lenni Nouchi,y,51
18/07/2026,Japan,13,Fabien Brau-Boirie,y,80
18/07/2026,Japan,4,Florian Verhaeghe,y,29
18/07/2026,Japan,14,Theo Attissogbe,y,80
18/07/2026,Japan,1,Jefferson Poirot,y,55
18/07/2026,Japan,17,Reda Wardi,n,25
18/07/2026,Japan,9,Maxime Lucu,y,68
18/07/2026,Japan,3,Regis Montagne,y,55
