date,opposition,shirt,player,dob,age_on_matchday
08/07/2015,Samoa,22,Colin Slade,1987-10-10,27.74
08/07/2015,Samoa,13,Ryan Crotty,1988-09-23,26.79
08/07/2015,Samoa,12,Sonny Bill Williams,1985-08-03,29.93
08/07/2015,Samoa,1,Tony Woodcock,1981-01-27,34.44
08/07/2015,Samoa,3,Owen Franks,1987-12-23,27.54
08/07/2015,Samoa,14,George Moala,1990-11-05,24.67
08/07/2015,Samoa,9,Andy Ellis,1984-02-21,31.38
08/07/2015,Samoa,23,Charlie Ngatai,1990-08-17,24.89
08/07/2015,Samoa,5,Samuel Whitelock,1988-10-12,26.74
08/07/2015,Samoa,19,Brodie Retallick,1991-05-31,24.1
08/07/2015,Samoa,4,Luke Romano,1986-02-16,29.39
08/07/2015,Samoa,2,Keven Mealamu,1979-03-20,36.3
08/07/2015,Samoa,15,Israel Dagg,1988-06-06,27.09
08/07/2015,Samoa,6,Jerome Kaino,1983-04-06,32.26
08/07/2015,Samoa,7,Richie McCaw,1980-12-31,34.52
08/07/2015,Samoa,18,Nepo Laulala,1991-11-06,23.67
08/07/2015,Samoa,21,Brad Weber,1991-01-17,24.47
08/07/2015,Samoa,8,Kieran Read,1985-10-26,29.7
08/07/2015,Samoa,10,Daniel Carter,1982-03-05,33.34
08/07/2015,Samoa,16,Hikawera Elliot,1986-01-22,29.46
08/07/2015,Samoa,11,Salesi Piutau,1991-10-31,23.69
08/07/2015,Samoa,20,Matt Todd,1988-03-24,27.29
08/07/2015,Samoa,17,Wyatt Crockett,1983-01-24,32.45
17/07/2015,Argentina,22,Colin Slade,1987-10-10,27.77
17/07/2015,Argentina,23,Ryan Crotty,1988-09-23,26.81
17/07/2015,Argentina,12,Sonny Bill Williams,1985-08-03,29.95
17/07/2015,Argentina,16,Codie Taylor,1991-03-31,24.3
17/07/2015,Argentina,1,Tony Woodcock,1981-01-27,34.47
17/07/2015,Argentina,3,Owen Franks,1987-12-23,27.57
17/07/2015,Argentina,21,Andy Ellis,1984-02-21,31.4
17/07/2015,Argentina,20,Liam Messam,1984-03-25,31.31
17/07/2015,Argentina,5,Brodie Retallick,1991-05-31,24.13
17/07/2015,Argentina,4,Luke Romano,1986-02-16,29.41
17/07/2015,Argentina,2,Keven Mealamu,1979-03-20,36.33
17/07/2015,Argentina,15,Israel Dagg,1988-06-06,27.11
17/07/2015,Argentina,14,Waisake Naholo,1991-05-08,24.19
17/07/2015,Argentina,6,Jerome Kaino,1983-04-06,32.28
17/07/2015,Argentina,7,Richie McCaw,1980-12-31,34.54
17/07/2015,Argentina,18,Nepo Laulala,1991-11-06,23.69
17/07/2015,Argentina,9,TJ Perenara,1992-01-23,23.48
17/07/2015,Argentina,8,Kieran Read,1985-10-26,29.72
17/07/2015,Argentina,19,Jeremy Thrush,1985-04-19,30.24
17/07/2015,Argentina,10,Daniel Carter,1982-03-05,33.37
17/07/2015,Argentina,13,Ma'a Nonu,1982-05-21,33.16
17/07/2015,Argentina,11,Salesi Piutau,1991-10-31,23.71
17/07/2015,Argentina,17,Wyatt Crockett,1983-01-24,32.48
25/07/2015,South Africa,16,Codie Taylor,1991-03-31,24.32
25/07/2015,South Africa,1,Tony Woodcock,1981-01-27,34.49
25/07/2015,South Africa,3,Owen Franks,1987-12-23,27.59
25/07/2015,South Africa,6,Liam Messam,1984-03-25,31.33
25/07/2015,South Africa,19,Samuel Whitelock,1988-10-12,26.78
25/07/2015,South Africa,4,Brodie Retallick,1991-05-31,24.15
25/07/2015,South Africa,14,Ben Smith,1986-06-01,29.15
25/07/2015,South Africa,15,Israel Dagg,1988-06-06,27.13
25/07/2015,South Africa,23,Malakai Fekitoa,1992-05-10,23.21
25/07/2015,South Africa,2,Dane Coles,1986-12-10,28.62
25/07/2015,South Africa,5,James Broadhurst,1987-12-01,27.65
25/07/2015,South Africa,7,Richie McCaw,1980-12-31,34.56
25/07/2015,South Africa,9,Aaron Smith,1988-11-21,26.67
25/07/2015,South Africa,18,Ben Franks,1984-03-27,31.33
25/07/2015,South Africa,20,Victor Vito,1987-03-27,28.33
25/07/2015,South Africa,21,TJ Perenara,1992-01-23,23.5
25/07/2015,South Africa,10,Lima Sopoaga,1991-02-03,24.47
25/07/2015,South Africa,8,Kieran Read,1985-10-26,29.74
25/07/2015,South Africa,13,Conrad Smith,1981-10-12,33.78
25/07/2015,South Africa,22,Beauden Barrett,1991-05-27,24.16
25/07/2015,South Africa,12,Ma'a Nonu,1982-05-21,33.18
25/07/2015,South Africa,11,Salesi Piutau,1991-10-31,23.73
25/07/2015,South Africa,17,Wyatt Crockett,1983-01-24,32.5
08/08/2015,Australia,12,Sonny Bill Williams,1985-08-03,30.01
08/08/2015,Australia,16,Codie Taylor,1991-03-31,24.36
08/08/2015,Australia,1,Tony Woodcock,1981-01-27,34.53
08/08/2015,Australia,3,Owen Franks,1987-12-23,27.63
08/08/2015,Australia,19,Samuel Whitelock,1988-10-12,26.82
08/08/2015,Australia,5,Brodie Retallick,1991-05-31,24.19
08/08/2015,Australia,15,Ben Smith,1986-06-01,29.19
08/08/2015,Australia,4,Luke Romano,1986-02-16,29.47
08/08/2015,Australia,11,Julian Savea,1990-08-07,25.0
08/08/2015,Australia,23,Malakai Fekitoa,1992-05-10,23.24
08/08/2015,Australia,6,Jerome Kaino,1983-04-06,32.34
08/08/2015,Australia,2,Dane Coles,1986-12-10,28.66
08/08/2015,Australia,7,Richie McCaw,1980-12-31,34.6
08/08/2015,Australia,9,Aaron Smith,1988-11-21,26.71
08/08/2015,Australia,17,Ben Franks,1984-03-27,31.37
08/08/2015,Australia,18,Nepo Laulala,1991-11-06,23.75
08/08/2015,Australia,21,TJ Perenara,1992-01-23,23.54
08/08/2015,Australia,8,Kieran Read,1985-10-26,29.78
08/08/2015,Australia,20,Sam Cane,1992-01-13,23.57
08/08/2015,Australia,13,Conrad Smith,1981-10-12,33.82
08/08/2015,Australia,22,Beauden Barrett,1991-05-27,24.2
08/08/2015,Australia,10,Daniel Carter,1982-03-05,33.43
08/08/2015,Australia,14,Nehe Milner-Skudder,1990-12-15,24.65
15/08/2015,Australia,22,Colin Slade,1987-10-10,27.85
15/08/2015,Australia,1,Tony Woodcock,1981-01-27,34.55
15/08/2015,Australia,3,Owen Franks,1987-12-23,27.64
15/08/2015,Australia,5,Samuel Whitelock,1988-10-12,26.84
15/08/2015,Australia,4,Brodie Retallick,1991-05-31,24.21
15/08/2015,Australia,15,Ben Smith,1986-06-01,29.21
15/08/2015,Australia,16,Keven Mealamu,1979-03-20,36.41
15/08/2015,Australia,11,Julian Savea,1990-08-07,25.02
15/08/2015,Australia,23,Malakai Fekitoa,1992-05-10,23.26
15/08/2015,Australia,19,Jerome Kaino,1983-04-06,32.36
15/08/2015,Australia,2,Dane Coles,1986-12-10,28.68
15/08/2015,Australia,7,Richie McCaw,1980-12-31,34.62
15/08/2015,Australia,9,Aaron Smith,1988-11-21,26.73
15/08/2015,Australia,6,Victor Vito,1987-03-27,28.39
15/08/2015,Australia,18,Nepo Laulala,1991-11-06,23.77
15/08/2015,Australia,21,TJ Perenara,1992-01-23,23.56
15/08/2015,Australia,8,Kieran Read,1985-10-26,29.8
15/08/2015,Australia,20,Sam Cane,1992-01-13,23.59
15/08/2015,Australia,13,Conrad Smith,1981-10-12,33.84
15/08/2015,Australia,10,Daniel Carter,1982-03-05,33.45
15/08/2015,Australia,12,Ma'a Nonu,1982-05-21,33.24
15/08/2015,Australia,17,Wyatt Crockett,1983-01-24,32.56
15/08/2015,Australia,14,Nehe Milner-Skudder,1990-12-15,24.67
20/09/2015,Argentina,23,Sonny Bill Williams,1985-08-03,30.13
20/09/2015,Argentina,1,Tony Woodcock,1981-01-27,34.65
20/09/2015,Argentina,3,Owen Franks,1987-12-23,27.74
20/09/2015,Argentina,5,Samuel Whitelock,1988-10-12,26.94
20/09/2015,Argentina,4,Brodie Retallick,1991-05-31,24.31
20/09/2015,Argentina,15,Ben Smith,1986-06-01,29.3
20/09/2015,Argentina,16,Keven Mealamu,1979-03-20,36.5
20/09/2015,Argentina,11,Julian Savea,1990-08-07,25.12
20/09/2015,Argentina,6,Jerome Kaino,1983-04-06,32.46
20/09/2015,Argentina,2,Dane Coles,1986-12-10,28.78
20/09/2015,Argentina,18,Charlie Faumuina,1986-12-24,28.74
20/09/2015,Argentina,7,Richie McCaw,1980-12-31,34.72
20/09/2015,Argentina,9,Aaron Smith,1988-11-21,26.83
20/09/2015,Argentina,19,Victor Vito,1987-03-27,28.49
20/09/2015,Argentina,21,TJ Perenara,1992-01-23,23.66
20/09/2015,Argentina,8,Kieran Read,1985-10-26,29.9
20/09/2015,Argentina,20,Sam Cane,1992-01-13,23.69
20/09/2015,Argentina,13,Conrad Smith,1981-10-12,33.94
20/09/2015,Argentina,22,Beauden Barrett,1991-05-27,24.32
20/09/2015,Argentina,10,Daniel Carter,1982-03-05,33.54
20/09/2015,Argentina,12,Ma'a Nonu,1982-05-21,33.33
20/09/2015,Argentina,17,Wyatt Crockett,1983-01-24,32.66
20/09/2015,Argentina,14,Nehe Milner-Skudder,1990-12-15,24.76
24/09/2015,Namibia,15,Colin Slade,1987-10-10,27.96
24/09/2015,Namibia,12,Sonny Bill Williams,1985-08-03,30.14
24/09/2015,Namibia,2,Codie Taylor,1991-03-31,24.49
24/09/2015,Namibia,18,Tony Woodcock,1981-01-27,34.66
24/09/2015,Namibia,21,Tawera Kerr-Barlow,1990-08-15,25.11
24/09/2015,Namibia,5,Samuel Whitelock,1988-10-12,26.95
24/09/2015,Namibia,23,Ben Smith,1986-06-01,29.31
24/09/2015,Namibia,4,Luke Romano,1986-02-16,29.6
24/09/2015,Namibia,16,Keven Mealamu,1979-03-20,36.52
24/09/2015,Namibia,11,Julian Savea,1990-08-07,25.13
24/09/2015,Namibia,13,Malakai Fekitoa,1992-05-10,23.37
24/09/2015,Namibia,6,Jerome Kaino,1983-04-06,32.47
24/09/2015,Namibia,3,Charlie Faumuina,1986-12-24,28.75
24/09/2015,Namibia,20,Richie McCaw,1980-12-31,34.73
24/09/2015,Namibia,1,Ben Franks,1984-03-27,31.49
24/09/2015,Namibia,8,Victor Vito,1987-03-27,28.5
24/09/2015,Namibia,9,TJ Perenara,1992-01-23,23.67
24/09/2015,Namibia,19,Kieran Read,1985-10-26,29.91
24/09/2015,Namibia,7,Sam Cane,1992-01-13,23.7
24/09/2015,Namibia,10,Beauden Barrett,1991-05-27,24.33
24/09/2015,Namibia,22,Ma'a Nonu,1982-05-21,33.34
24/09/2015,Namibia,17,Wyatt Crockett,1983-01-24,32.67
24/09/2015,Namibia,14,Nehe Milner-Skudder,1990-12-15,24.78
02/10/2015,Georgia,12,Sonny Bill Williams,1985-08-03,30.16
02/10/2015,Georgia,17,Tony Woodcock,1981-01-27,34.68
02/10/2015,Georgia,18,Owen Franks,1987-12-23,27.78
02/10/2015,Georgia,21,Tawera Kerr-Barlow,1990-08-15,25.13
02/10/2015,Georgia,5,Samuel Whitelock,1988-10-12,26.97
02/10/2015,Georgia,4,Brodie Retallick,1991-05-31,24.34
02/10/2015,Georgia,15,Ben Smith,1986-06-01,29.34
02/10/2015,Georgia,16,Keven Mealamu,1979-03-20,36.54
02/10/2015,Georgia,11,Julian Savea,1990-08-07,25.15
02/10/2015,Georgia,23,Malakai Fekitoa,1992-05-10,23.4
02/10/2015,Georgia,14,Waisake Naholo,1991-05-08,24.4
02/10/2015,Georgia,6,Jerome Kaino,1983-04-06,32.49
02/10/2015,Georgia,2,Dane Coles,1986-12-10,28.81
02/10/2015,Georgia,3,Charlie Faumuina,1986-12-24,28.77
02/10/2015,Georgia,7,Richie McCaw,1980-12-31,34.75
02/10/2015,Georgia,9,Aaron Smith,1988-11-21,26.86
02/10/2015,Georgia,19,Victor Vito,1987-03-27,28.52
02/10/2015,Georgia,22,TJ Perenara,1992-01-23,23.69
02/10/2015,Georgia,8,Kieran Read,1985-10-26,29.93
02/10/2015,Georgia,20,Sam Cane,1992-01-13,23.72
02/10/2015,Georgia,13,Conrad Smith,1981-10-12,33.97
02/10/2015,Georgia,10,Daniel Carter,1982-03-05,33.58
02/10/2015,Georgia,1,Wyatt Crockett,1983-01-24,32.69
09/10/2015,Tonga,23,Sonny Bill Williams,1985-08-03,30.18
09/10/2015,Tonga,1,Tony Woodcock,1981-01-27,34.7
09/10/2015,Tonga,3,Owen Franks,1987-12-23,27.8
09/10/2015,Tonga,20,Liam Messam,1984-03-25,31.54
09/10/2015,Tonga,21,Tawera Kerr-Barlow,1990-08-15,25.15
09/10/2015,Tonga,5,Samuel Whitelock,1988-10-12,26.99
09/10/2015,Tonga,19,Brodie Retallick,1991-05-31,24.36
09/10/2015,Tonga,15,Ben Smith,1986-06-01,29.36
09/10/2015,Tonga,4,Luke Romano,1986-02-16,29.64
09/10/2015,Tonga,16,Keven Mealamu,1979-03-20,36.56
09/10/2015,Tonga,11,Waisake Naholo,1991-05-08,24.42
09/10/2015,Tonga,6,Jerome Kaino,1983-04-06,32.51
09/10/2015,Tonga,2,Dane Coles,1986-12-10,28.83
09/10/2015,Tonga,9,Aaron Smith,1988-11-21,26.88
09/10/2015,Tonga,18,Ben Franks,1984-03-27,31.54
09/10/2015,Tonga,8,Kieran Read,1985-10-26,29.95
09/10/2015,Tonga,7,Sam Cane,1992-01-13,23.74
09/10/2015,Tonga,13,Conrad Smith,1981-10-12,33.99
09/10/2015,Tonga,22,Beauden Barrett,1991-05-27,24.37
09/10/2015,Tonga,10,Daniel Carter,1982-03-05,33.6
09/10/2015,Tonga,12,Ma'a Nonu,1982-05-21,33.39
09/10/2015,Tonga,17,Wyatt Crockett,1983-01-24,32.71
09/10/2015,Tonga,14,Nehe Milner-Skudder,1990-12-15,24.82
17/10/2015,France,23,Sonny Bill Williams,1985-08-03,30.2
17/10/2015,France,3,Owen Franks,1987-12-23,27.82
17/10/2015,France,21,Tawera Kerr-Barlow,1990-08-15,25.17
17/10/2015,France,5,Samuel Whitelock,1988-10-12,27.01
17/10/2015,France,4,Brodie Retallick,1991-05-31,24.38
17/10/2015,France,15,Ben Smith,1986-06-01,29.38
17/10/2015,France,16,Keven Mealamu,1979-03-20,36.58
17/10/2015,France,11,Julian Savea,1990-08-07,25.19
17/10/2015,France,17,Joe Moody,1988-09-17,27.08
17/10/2015,France,6,Jerome Kaino,1983-04-06,32.53
17/10/2015,France,2,Dane Coles,1986-12-10,28.85
17/10/2015,France,18,Charlie Faumuina,1986-12-24,28.81
17/10/2015,France,7,Richie McCaw,1980-12-31,34.79
17/10/2015,France,9,Aaron Smith,1988-11-21,26.9
17/10/2015,France,19,Victor Vito,1987-03-27,28.56
17/10/2015,France,8,Kieran Read,1985-10-26,29.97
17/10/2015,France,20,Sam Cane,1992-01-13,23.76
17/10/2015,France,13,Conrad Smith,1981-10-12,34.01
17/10/2015,France,22,Beauden Barrett,1991-05-27,24.39
17/10/2015,France,10,Daniel Carter,1982-03-05,33.62
17/10/2015,France,12,Ma'a Nonu,1982-05-21,33.41
17/10/2015,France,1,Wyatt Crockett,1983-01-24,32.73
17/10/2015,France,14,Nehe Milner-Skudder,1990-12-15,24.84
24/10/2015,South Africa,23,Sonny Bill Williams,1985-08-03,30.22
24/10/2015,South Africa,3,Owen Franks,1987-12-23,27.84
24/10/2015,South Africa,21,Tawera Kerr-Barlow,1990-08-15,25.19
24/10/2015,South Africa,5,Samuel Whitelock,1988-10-12,27.03
24/10/2015,South Africa,4,Brodie Retallick,1991-05-31,24.4
24/10/2015,South Africa,15,Ben Smith,1986-06-01,29.4
24/10/2015,South Africa,16,Keven Mealamu,1979-03-20,36.6
24/10/2015,South Africa,11,Julian Savea,1990-08-07,25.21
24/10/2015,South Africa,1,Joe Moody,1988-09-17,27.1
24/10/2015,South Africa,6,Jerome Kaino,1983-04-06,32.55
24/10/2015,South Africa,2,Dane Coles,1986-12-10,28.87
24/10/2015,South Africa,18,Charlie Faumuina,1986-12-24,28.83
24/10/2015,South Africa,7,Richie McCaw,1980-12-31,34.81
24/10/2015,South Africa,9,Aaron Smith,1988-11-21,26.92
24/10/2015,South Africa,17,Ben Franks,1984-03-27,31.58
24/10/2015,South Africa,19,Victor Vito,1987-03-27,28.58
24/10/2015,South Africa,8,Kieran Read,1985-10-26,29.99
24/10/2015,South Africa,20,Sam Cane,1992-01-13,23.78
24/10/2015,South Africa,13,Conrad Smith,1981-10-12,34.03
24/10/2015,South Africa,22,Beauden Barrett,1991-05-27,24.41
24/10/2015,South Africa,10,Daniel Carter,1982-03-05,33.64
24/10/2015,South Africa,12,Ma'a Nonu,1982-05-21,33.43
24/10/2015,South Africa,14,Nehe Milner-Skudder,1990-12-15,24.86
31/10/2015,Australia,23,Sonny Bill Williams,1985-08-03,30.24
31/10/2015,Australia,3,Owen Franks,1987-12-23,27.86
31/10/2015,Australia,21,Tawera Kerr-Barlow,1990-08-15,25.21
31/10/2015,Australia,5,Samuel Whitelock,1988-10-12,27.05
31/10/2015,Australia,4,Brodie Retallick,1991-05-31,24.42
31/10/2015,Australia,15,Ben Smith,1986-06-01,29.42
31/10/2015,Australia,16,Keven Mealamu,1979-03-20,36.62
31/10/2015,Australia,11,Julian Savea,1990-08-07,25.23
31/10/2015,Australia,1,Joe Moody,1988-09-17,27.12
31/10/2015,Australia,6,Jerome Kaino,1983-04-06,32.57
31/10/2015,Australia,2,Dane Coles,1986-12-10,28.89
31/10/2015,Australia,18,Charlie Faumuina,1986-12-24,28.85
31/10/2015,Australia,7,Richie McCaw,1980-12-31,34.83
31/10/2015,Australia,9,Aaron Smith,1988-11-21,26.94
31/10/2015,Australia,17,Ben Franks,1984-03-27,31.6
31/10/2015,Australia,19,Victor Vito,1987-03-27,28.6
31/10/2015,Australia,8,Kieran Read,1985-10-26,30.01
31/10/2015,Australia,20,Sam Cane,1992-01-13,23.8
31/10/2015,Australia,13,Conrad Smith,1981-10-12,34.05
31/10/2015,Australia,22,Beauden Barrett,1991-05-27,24.43
31/10/2015,Australia,10,Daniel Carter,1982-03-05,33.66
31/10/2015,Australia,12,Ma'a Nonu,1982-05-21,33.45
31/10/2015,Australia,14,Nehe Milner-Skudder,1990-12-15,24.88
11/06/2016,Wales,12,Ryan Crotty,1988-09-23,27.72
11/06/2016,Wales,10,Aaron Cruden,1989-01-08,27.42
11/06/2016,Wales,20,Ardie Savea,1993-10-14,22.66
11/06/2016,Wales,3,Owen Franks,1987-12-23,28.47
11/06/2016,Wales,5,Brodie Retallick,1991-05-31,25.03
11/06/2016,Wales,15,Ben Smith,1986-06-01,30.03
11/06/2016,Wales,4,Luke Romano,1986-02-16,30.32
11/06/2016,Wales,11,Julian Savea,1990-08-07,25.85
11/06/2016,Wales,1,Joe Moody,1988-09-17,27.73
11/06/2016,Wales,13,Malakai Fekitoa,1992-05-10,24.09
11/06/2016,Wales,14,Waisake Naholo,1991-05-08,25.1
11/06/2016,Wales,6,Jerome Kaino,1983-04-06,33.18
11/06/2016,Wales,2,Dane Coles,1986-12-10,29.5
11/06/2016,Wales,18,Charlie Faumuina,1986-12-24,29.47
11/06/2016,Wales,9,Aaron Smith,1988-11-21,27.55
11/06/2016,Wales,23,Seta Tamanivalu,1992-01-23,24.38
11/06/2016,Wales,16,Nathan Harris,1992-03-08,24.26
11/06/2016,Wales,21,TJ Perenara,1992-01-23,24.38
11/06/2016,Wales,8,Kieran Read,1985-10-26,30.63
11/06/2016,Wales,7,Sam Cane,1992-01-13,24.41
11/06/2016,Wales,22,Beauden Barrett,1991-05-27,25.04
11/06/2016,Wales,19,Patrick Tuipulotu,1993-01-23,23.38
11/06/2016,Wales,17,Wyatt Crockett,1983-01-24,33.38
18/06/2016,Wales,12,Ryan Crotty,1988-09-23,27.73
18/06/2016,Wales,10,Aaron Cruden,1989-01-08,27.44
18/06/2016,Wales,20,Ardie Savea,1993-10-14,22.68
18/06/2016,Wales,3,Owen Franks,1987-12-23,28.49
18/06/2016,Wales,5,Samuel Whitelock,1988-10-12,27.68
18/06/2016,Wales,4,Brodie Retallick,1991-05-31,25.05
18/06/2016,Wales,14,Ben Smith,1986-06-01,30.05
18/06/2016,Wales,15,Israel Dagg,1988-06-06,28.03
18/06/2016,Wales,1,Joe Moody,1988-09-17,27.75
18/06/2016,Wales,13,Malakai Fekitoa,1992-05-10,24.11
18/06/2016,Wales,11,Waisake Naholo,1991-05-08,25.11
18/06/2016,Wales,6,Jerome Kaino,1983-04-06,33.2
18/06/2016,Wales,2,Dane Coles,1986-12-10,29.52
18/06/2016,Wales,18,Charlie Faumuina,1986-12-24,29.48
18/06/2016,Wales,9,Aaron Smith,1988-11-21,27.57
18/06/2016,Wales,23,Seta Tamanivalu,1992-01-23,24.4
18/06/2016,Wales,16,Nathan Harris,1992-03-08,24.28
18/06/2016,Wales,21,TJ Perenara,1992-01-23,24.4
18/06/2016,Wales,8,Kieran Read,1985-10-26,30.65
18/06/2016,Wales,7,Sam Cane,1992-01-13,24.43
18/06/2016,Wales,22,Beauden Barrett,1991-05-27,25.06
18/06/2016,Wales,19,Patrick Tuipulotu,1993-01-23,23.4
18/06/2016,Wales,17,Wyatt Crockett,1983-01-24,33.4
25/06/2016,Wales,12,Ryan Crotty,1988-09-23,27.75
25/06/2016,Wales,16,Codie Taylor,1991-03-31,25.24
25/06/2016,Wales,13,George Moala,1990-11-05,25.64
25/06/2016,Wales,21,Tawera Kerr-Barlow,1990-08-15,25.86
25/06/2016,Wales,5,Samuel Whitelock,1988-10-12,27.7
25/06/2016,Wales,4,Brodie Retallick,1991-05-31,25.07
25/06/2016,Wales,14,Ben Smith,1986-06-01,30.07
25/06/2016,Wales,19,Luke Romano,1986-02-16,30.36
25/06/2016,Wales,15,Israel Dagg,1988-06-06,28.05
25/06/2016,Wales,11,Julian Savea,1990-08-07,25.88
25/06/2016,Wales,1,Joe Moody,1988-09-17,27.77
25/06/2016,Wales,23,Waisake Naholo,1991-05-08,25.13
25/06/2016,Wales,2,Dane Coles,1986-12-10,29.54
25/06/2016,Wales,3,Charlie Faumuina,1986-12-24,29.5
25/06/2016,Wales,9,Aaron Smith,1988-11-21,27.59
25/06/2016,Wales,18,Ofa Tuungafasi,1992-04-19,24.18
25/06/2016,Wales,22,Lima Sopoaga,1991-02-03,25.39
25/06/2016,Wales,20,Liam Squire,1991-03-20,25.27
25/06/2016,Wales,8,Kieran Read,1985-10-26,30.66
25/06/2016,Wales,7,Sam Cane,1992-01-13,24.45
25/06/2016,Wales,10,Beauden Barrett,1991-05-27,25.08
25/06/2016,Wales,6,Elliot Dixon,1989-09-04,26.81
25/06/2016,Wales,17,Wyatt Crockett,1983-01-24,33.42
20/08/2016,Australia,12,Ryan Crotty,1988-09-23,27.91
20/08/2016,Australia,2,Codie Taylor,1991-03-31,25.39
20/08/2016,Australia,22,Aaron Cruden,1989-01-08,27.61
20/08/2016,Australia,20,Ardie Savea,1993-10-14,22.85
20/08/2016,Australia,3,Owen Franks,1987-12-23,28.66
20/08/2016,Australia,5,Samuel Whitelock,1988-10-12,27.86
20/08/2016,Australia,4,Brodie Retallick,1991-05-31,25.22
20/08/2016,Australia,14,Ben Smith,1986-06-01,30.22
20/08/2016,Australia,15,Israel Dagg,1988-06-06,28.21
20/08/2016,Australia,23,Julian Savea,1990-08-07,26.04
20/08/2016,Australia,13,Malakai Fekitoa,1992-05-10,24.28
20/08/2016,Australia,11,Waisake Naholo,1991-05-08,25.29
20/08/2016,Australia,6,Jerome Kaino,1983-04-06,33.38
20/08/2016,Australia,16,Dane Coles,1986-12-10,29.7
20/08/2016,Australia,18,Charlie Faumuina,1986-12-24,29.66
20/08/2016,Australia,9,Aaron Smith,1988-11-21,27.75
20/08/2016,Australia,17,Kane Hames,1988-08-28,27.98
20/08/2016,Australia,21,TJ Perenara,1992-01-23,24.58
20/08/2016,Australia,19,Liam Squire,1991-03-20,25.42
20/08/2016,Australia,8,Kieran Read,1985-10-26,30.82
20/08/2016,Australia,7,Sam Cane,1992-01-13,24.6
20/08/2016,Australia,10,Beauden Barrett,1991-05-27,25.24
20/08/2016,Australia,1,Wyatt Crockett,1983-01-24,33.57
27/08/2016,Australia,22,Aaron Cruden,1989-01-08,27.63
27/08/2016,Australia,20,Ardie Savea,1993-10-14,22.87
27/08/2016,Australia,3,Owen Franks,1987-12-23,28.68
27/08/2016,Australia,5,Samuel Whitelock,1988-10-12,27.87
27/08/2016,Australia,4,Brodie Retallick,1991-05-31,25.24
27/08/2016,Australia,15,Ben Smith,1986-06-01,30.24
27/08/2016,Australia,14,Israel Dagg,1988-06-06,28.23
27/08/2016,Australia,11,Julian Savea,1990-08-07,26.06
27/08/2016,Australia,1,Joe Moody,1988-09-17,27.94
27/08/2016,Australia,13,Malakai Fekitoa,1992-05-10,24.3
27/08/2016,Australia,6,Jerome Kaino,1983-04-06,33.39
27/08/2016,Australia,2,Dane Coles,1986-12-10,29.71
27/08/2016,Australia,18,Charlie Faumuina,1986-12-24,29.68
27/08/2016,Australia,9,Aaron Smith,1988-11-21,27.77
27/08/2016,Australia,23,Seta Tamanivalu,1992-01-23,24.59
27/08/2016,Australia,16,James Parsons,1986-11-27,29.75
27/08/2016,Australia,21,TJ Perenara,1992-01-23,24.59
27/08/2016,Australia,19,Liam Squire,1991-03-20,25.44
27/08/2016,Australia,8,Kieran Read,1985-10-26,30.84
27/08/2016,Australia,7,Sam Cane,1992-01-13,24.62
27/08/2016,Australia,10,Beauden Barrett,1991-05-27,25.25
27/08/2016,Australia,17,Wyatt Crockett,1983-01-24,33.59
27/08/2016,Australia,12,Anton Lienert-Brown,1995-04-15,21.37
10/09/2016,Argentina,12,Ryan Crotty,1988-09-23,27.96
10/09/2016,Argentina,16,Codie Taylor,1991-03-31,25.45
10/09/2016,Argentina,22,Aaron Cruden,1989-01-08,27.67
10/09/2016,Argentina,20,Ardie Savea,1993-10-14,22.91
10/09/2016,Argentina,3,Owen Franks,1987-12-23,28.72
10/09/2016,Argentina,5,Samuel Whitelock,1988-10-12,27.91
10/09/2016,Argentina,4,Brodie Retallick,1991-05-31,25.28
10/09/2016,Argentina,15,Ben Smith,1986-06-01,30.28
10/09/2016,Argentina,19,Luke Romano,1986-02-16,30.57
10/09/2016,Argentina,14,Israel Dagg,1988-06-06,28.26
10/09/2016,Argentina,11,Julian Savea,1990-08-07,26.09
10/09/2016,Argentina,1,Joe Moody,1988-09-17,27.98
10/09/2016,Argentina,13,Malakai Fekitoa,1992-05-10,24.34
10/09/2016,Argentina,6,Jerome Kaino,1983-04-06,33.43
10/09/2016,Argentina,2,Dane Coles,1986-12-10,29.75
10/09/2016,Argentina,18,Charlie Faumuina,1986-12-24,29.71
10/09/2016,Argentina,9,Aaron Smith,1988-11-21,27.8
10/09/2016,Argentina,21,TJ Perenara,1992-01-23,24.63
10/09/2016,Argentina,8,Kieran Read,1985-10-26,30.88
10/09/2016,Argentina,7,Sam Cane,1992-01-13,24.66
10/09/2016,Argentina,10,Beauden Barrett,1991-05-27,25.29
10/09/2016,Argentina,17,Wyatt Crockett,1983-01-24,33.63
10/09/2016,Argentina,23,Anton Lienert-Brown,1995-04-15,21.41
17/09/2016,South Africa,12,Ryan Crotty,1988-09-23,27.98
17/09/2016,South Africa,16,Codie Taylor,1991-03-31,25.47
17/09/2016,South Africa,7,Ardie Savea,1993-10-14,22.93
17/09/2016,South Africa,3,Owen Franks,1987-12-23,28.74
17/09/2016,South Africa,5,Samuel Whitelock,1988-10-12,27.93
17/09/2016,South Africa,4,Brodie Retallick,1991-05-31,25.3
17/09/2016,South Africa,15,Ben Smith,1986-06-01,30.3
17/09/2016,South Africa,19,Luke Romano,1986-02-16,30.59
17/09/2016,South Africa,14,Israel Dagg,1988-06-06,28.28
17/09/2016,South Africa,11,Julian Savea,1990-08-07,26.11
17/09/2016,South Africa,1,Joe Moody,1988-09-17,28.0
17/09/2016,South Africa,13,Malakai Fekitoa,1992-05-10,24.36
17/09/2016,South Africa,6,Jerome Kaino,1983-04-06,33.45
17/09/2016,South Africa,2,Dane Coles,1986-12-10,29.77
17/09/2016,South Africa,18,Charlie Faumuina,1986-12-24,29.73
17/09/2016,South Africa,9,Aaron Smith,1988-11-21,27.82
17/09/2016,South Africa,21,TJ Perenara,1992-01-23,24.65
17/09/2016,South Africa,22,Lima Sopoaga,1991-02-03,25.62
17/09/2016,South Africa,8,Kieran Read,1985-10-26,30.89
17/09/2016,South Africa,10,Beauden Barrett,1991-05-27,25.31
17/09/2016,South Africa,20,Matt Todd,1988-03-24,28.49
17/09/2016,South Africa,17,Wyatt Crockett,1983-01-24,33.65
17/09/2016,South Africa,23,Anton Lienert-Brown,1995-04-15,21.43
01/10/2016,Argentina,12,Ryan Crotty,1988-09-23,28.02
01/10/2016,Argentina,16,Codie Taylor,1991-03-31,25.51
01/10/2016,Argentina,7,Ardie Savea,1993-10-14,22.97
01/10/2016,Argentina,3,Owen Franks,1987-12-23,28.78
01/10/2016,Argentina,21,Tawera Kerr-Barlow,1990-08-15,26.13
01/10/2016,Argentina,19,Samuel Whitelock,1988-10-12,27.97
01/10/2016,Argentina,5,Brodie Retallick,1991-05-31,25.34
01/10/2016,Argentina,15,Ben Smith,1986-06-01,30.34
01/10/2016,Argentina,14,Israel Dagg,1988-06-06,28.32
01/10/2016,Argentina,11,Julian Savea,1990-08-07,26.15
01/10/2016,Argentina,1,Joe Moody,1988-09-17,28.04
01/10/2016,Argentina,2,Dane Coles,1986-12-10,29.81
01/10/2016,Argentina,23,Damian McKenzie,1995-04-20,21.45
01/10/2016,Argentina,18,Ofa Tuungafasi,1992-04-19,24.45
01/10/2016,Argentina,9,TJ Perenara,1992-01-23,24.69
01/10/2016,Argentina,22,Lima Sopoaga,1991-02-03,25.66
01/10/2016,Argentina,6,Liam Squire,1991-03-20,25.54
01/10/2016,Argentina,8,Kieran Read,1985-10-26,30.93
01/10/2016,Argentina,10,Beauden Barrett,1991-05-27,25.35
01/10/2016,Argentina,20,Elliot Dixon,1989-09-04,27.08
01/10/2016,Argentina,4,Patrick Tuipulotu,1993-01-23,23.69
01/10/2016,Argentina,17,Wyatt Crockett,1983-01-24,33.69
01/10/2016,Argentina,13,Anton Lienert-Brown,1995-04-15,21.47
08/10/2016,South Africa,12,Ryan Crotty,1988-09-23,28.04
08/10/2016,South Africa,16,Codie Taylor,1991-03-31,25.53
08/10/2016,South Africa,20,Ardie Savea,1993-10-14,22.98
08/10/2016,South Africa,3,Owen Franks,1987-12-23,28.79
08/10/2016,South Africa,23,George Moala,1990-11-05,25.93
08/10/2016,South Africa,21,Tawera Kerr-Barlow,1990-08-15,26.15
08/10/2016,South Africa,5,Samuel Whitelock,1988-10-12,27.99
08/10/2016,South Africa,4,Brodie Retallick,1991-05-31,25.36
08/10/2016,South Africa,15,Ben Smith,1986-06-01,30.36
08/10/2016,South Africa,14,Israel Dagg,1988-06-06,28.34
08/10/2016,South Africa,1,Joe Moody,1988-09-17,28.06
08/10/2016,South Africa,11,Waisake Naholo,1991-05-08,25.42
08/10/2016,South Africa,6,Jerome Kaino,1983-04-06,33.51
08/10/2016,South Africa,2,Dane Coles,1986-12-10,29.83
08/10/2016,South Africa,18,Charlie Faumuina,1986-12-24,29.79
08/10/2016,South Africa,9,TJ Perenara,1992-01-23,24.71
08/10/2016,South Africa,22,Lima Sopoaga,1991-02-03,25.68
08/10/2016,South Africa,19,Liam Squire,1991-03-20,25.56
08/10/2016,South Africa,8,Kieran Read,1985-10-26,30.95
08/10/2016,South Africa,10,Beauden Barrett,1991-05-27,25.37
08/10/2016,South Africa,7,Matt Todd,1988-03-24,28.54
08/10/2016,South Africa,17,Wyatt Crockett,1983-01-24,33.71
08/10/2016,South Africa,13,Anton Lienert-Brown,1995-04-15,21.48
22/10/2016,Australia,2,Dane Coles,1986-12-10,29.87
22/10/2016,Australia,18,Charlie Faumuina,1986-12-24,29.83
22/10/2016,Australia,9,TJ Perenara,1992-01-23,24.75
22/10/2016,Australia,19,Liam Squire,1991-03-20,25.59
22/10/2016,Australia,8,Kieran Read,1985-10-26,30.99
22/10/2016,Australia,10,Beauden Barrett,1991-05-27,25.41
22/10/2016,Australia,7,Matt Todd,1988-03-24,28.58
22/10/2016,Australia,17,Wyatt Crockett,1983-01-24,33.74
22/10/2016,Australia,13,Anton Lienert-Brown,1995-04-15,21.52
22/10/2016,Australia,12,Ryan Crotty,1988-09-23,28.08
22/10/2016,Australia,16,Codie Taylor,1991-03-31,25.56
22/10/2016,Australia,22,Aaron Cruden,1989-01-08,27.79
22/10/2016,Australia,20,Ardie Savea,1993-10-14,23.02
22/10/2016,Australia,3,Owen Franks,1987-12-23,28.83
22/10/2016,Australia,21,Tawera Kerr-Barlow,1990-08-15,26.19
22/10/2016,Australia,5,Samuel Whitelock,1988-10-12,28.03
22/10/2016,Australia,4,Brodie Retallick,1991-05-31,25.4
22/10/2016,Australia,15,Ben Smith,1986-06-01,30.39
22/10/2016,Australia,14,Israel Dagg,1988-06-06,28.38
22/10/2016,Australia,11,Julian Savea,1990-08-07,26.21
22/10/2016,Australia,1,Joe Moody,1988-09-17,28.1
22/10/2016,Australia,23,Malakai Fekitoa,1992-05-10,24.45
22/10/2016,Australia,6,Jerome Kaino,1983-04-06,33.55
05/11/2016,Ireland,12,Ryan Crotty,1988-09-23,28.12
05/11/2016,Ireland,16,Codie Taylor,1991-03-31,25.6
05/11/2016,Ireland,22,Aaron Cruden,1989-01-08,27.83
05/11/2016,Ireland,20,Ardie Savea,1993-10-14,23.06
05/11/2016,Ireland,3,Owen Franks,1987-12-23,28.87
05/11/2016,Ireland,13,George Moala,1990-11-05,26.0
05/11/2016,Ireland,15,Ben Smith,1986-06-01,30.43
05/11/2016,Ireland,11,Julian Savea,1990-08-07,26.25
05/11/2016,Ireland,1,Joe Moody,1988-09-17,28.13
05/11/2016,Ireland,23,Malakai Fekitoa,1992-05-10,24.49
05/11/2016,Ireland,14,Waisake Naholo,1991-05-08,25.5
05/11/2016,Ireland,5,Jerome Kaino,1983-04-06,33.59
05/11/2016,Ireland,2,Dane Coles,1986-12-10,29.91
05/11/2016,Ireland,18,Charlie Faumuina,1986-12-24,29.87
05/11/2016,Ireland,9,Aaron Smith,1988-11-21,27.96
05/11/2016,Ireland,17,Ofa Tuungafasi,1992-04-19,24.55
05/11/2016,Ireland,21,TJ Perenara,1992-01-23,24.79
05/11/2016,Ireland,6,Liam Squire,1991-03-20,25.63
05/11/2016,Ireland,8,Kieran Read,1985-10-26,31.03
05/11/2016,Ireland,7,Sam Cane,1992-01-13,24.81
05/11/2016,Ireland,19,Scott Barrett,1993-11-20,22.96
05/11/2016,Ireland,10,Beauden Barrett,1991-05-27,25.45
05/11/2016,Ireland,4,Patrick Tuipulotu,1993-01-23,23.78
12/11/2016,Italy,2,Codie Taylor,1991-03-31,25.62
12/11/2016,Italy,10,Aaron Cruden,1989-01-08,27.84
12/11/2016,Italy,9,Tawera Kerr-Barlow,1990-08-15,26.25
12/11/2016,Italy,19,Brodie Retallick,1991-05-31,25.45
12/11/2016,Italy,14,Israel Dagg,1988-06-06,28.44
12/11/2016,Italy,23,Rieko Ioane,1997-03-18,19.66
12/11/2016,Italy,17,Joe Moody,1988-09-17,28.15
12/11/2016,Italy,16,Liam Coltman,1990-01-25,26.8
12/11/2016,Italy,13,Malakai Fekitoa,1992-05-10,24.51
12/11/2016,Italy,11,Waisake Naholo,1991-05-08,25.52
12/11/2016,Italy,3,Charlie Faumuina,1986-12-24,29.89
12/11/2016,Italy,15,Damian McKenzie,1995-04-20,21.57
12/11/2016,Italy,21,Aaron Smith,1988-11-21,27.98
12/11/2016,Italy,18,Ofa Tuungafasi,1992-04-19,24.57
12/11/2016,Italy,22,Lima Sopoaga,1991-02-03,25.77
12/11/2016,Italy,7,Sam Cane,1992-01-13,24.83
12/11/2016,Italy,5,Scott Barrett,1993-11-20,22.98
12/11/2016,Italy,6,Elliot Dixon,1989-09-04,27.19
12/11/2016,Italy,8,Steven Luatua,1991-04-29,25.54
12/11/2016,Italy,4,Patrick Tuipulotu,1993-01-23,23.8
12/11/2016,Italy,20,Matt Todd,1988-03-24,28.64
12/11/2016,Italy,1,Wyatt Crockett,1983-01-24,33.8
12/11/2016,Italy,12,Anton Lienert-Brown,1995-04-15,21.58
19/11/2016,Ireland,16,Codie Taylor,1991-03-31,25.64
19/11/2016,Ireland,22,Aaron Cruden,1989-01-08,27.86
19/11/2016,Ireland,20,Ardie Savea,1993-10-14,23.1
19/11/2016,Ireland,3,Owen Franks,1987-12-23,28.91
19/11/2016,Ireland,5,Samuel Whitelock,1988-10-12,28.1
19/11/2016,Ireland,4,Brodie Retallick,1991-05-31,25.47
19/11/2016,Ireland,15,Ben Smith,1986-06-01,30.47
19/11/2016,Ireland,14,Israel Dagg,1988-06-06,28.46
19/11/2016,Ireland,11,Julian Savea,1990-08-07,26.29
19/11/2016,Ireland,1,Joe Moody,1988-09-17,28.17
19/11/2016,Ireland,13,Malakai Fekitoa,1992-05-10,24.53
19/11/2016,Ireland,23,Waisake Naholo,1991-05-08,25.54
19/11/2016,Ireland,2,Dane Coles,1986-12-10,29.94
19/11/2016,Ireland,18,Charlie Faumuina,1986-12-24,29.91
19/11/2016,Ireland,9,Aaron Smith,1988-11-21,28.0
19/11/2016,Ireland,21,TJ Perenara,1992-01-23,24.82
19/11/2016,Ireland,6,Liam Squire,1991-03-20,25.67
19/11/2016,Ireland,8,Kieran Read,1985-10-26,31.07
19/11/2016,Ireland,7,Sam Cane,1992-01-13,24.85
19/11/2016,Ireland,19,Scott Barrett,1993-11-20,23.0
19/11/2016,Ireland,10,Beauden Barrett,1991-05-27,25.48
19/11/2016,Ireland,17,Wyatt Crockett,1983-01-24,33.82
19/11/2016,Ireland,12,Anton Lienert-Brown,1995-04-15,21.6
26/11/2016,France,12,Ryan Crotty,1988-09-23,28.18
26/11/2016,France,16,Codie Taylor,1991-03-31,25.66
26/11/2016,France,22,Aaron Cruden,1989-01-08,27.88
26/11/2016,France,20,Ardie Savea,1993-10-14,23.12
26/11/2016,France,3,Owen Franks,1987-12-23,28.93
26/11/2016,France,5,Samuel Whitelock,1988-10-12,28.12
26/11/2016,France,4,Brodie Retallick,1991-05-31,25.49
26/11/2016,France,15,Israel Dagg,1988-06-06,28.47
26/11/2016,France,11,Julian Savea,1990-08-07,26.31
26/11/2016,France,23,Rieko Ioane,1997-03-18,19.69
26/11/2016,France,1,Joe Moody,1988-09-17,28.19
26/11/2016,France,14,Waisake Naholo,1991-05-08,25.56
26/11/2016,France,6,Jerome Kaino,1983-04-06,33.64
26/11/2016,France,2,Dane Coles,1986-12-10,29.96
26/11/2016,France,18,Charlie Faumuina,1986-12-24,29.93
26/11/2016,France,21,Aaron Smith,1988-11-21,28.01
26/11/2016,France,9,TJ Perenara,1992-01-23,24.84
26/11/2016,France,8,Kieran Read,1985-10-26,31.09
26/11/2016,France,19,Scott Barrett,1993-11-20,23.02
26/11/2016,France,10,Beauden Barrett,1991-05-27,25.5
26/11/2016,France,7,Matt Todd,1988-03-24,28.68
26/11/2016,France,17,Wyatt Crockett,1983-01-24,33.84
26/11/2016,France,13,Anton Lienert-Brown,1995-04-15,21.62
16/06/2017,Samoa,12,Sonny Bill Williams,1985-08-03,31.87
16/06/2017,Samoa,2,Codie Taylor,1991-03-31,26.21
16/06/2017,Samoa,8,Ardie Savea,1993-10-14,23.67
16/06/2017,Samoa,3,Owen Franks,1987-12-23,29.48
16/06/2017,Samoa,5,Samuel Whitelock,1988-10-12,28.68
16/06/2017,Samoa,4,Brodie Retallick,1991-05-31,26.05
16/06/2017,Samoa,15,Ben Smith,1986-06-01,31.04
16/06/2017,Samoa,14,Israel Dagg,1988-06-06,29.03
16/06/2017,Samoa,11,Julian Savea,1990-08-07,26.86
16/06/2017,Samoa,1,Joe Moody,1988-09-17,28.75
16/06/2017,Samoa,6,Jerome Kaino,1983-04-06,34.2
16/06/2017,Samoa,18,Charlie Faumuina,1986-12-24,30.48
16/06/2017,Samoa,9,Aaron Smith,1988-11-21,28.57
16/06/2017,Samoa,23,Jordie Barrett,1997-02-17,20.33
16/06/2017,Samoa,16,Nathan Harris,1992-03-08,25.27
16/06/2017,Samoa,21,TJ Perenara,1992-01-23,25.4
16/06/2017,Samoa,22,Lima Sopoaga,1991-02-03,26.37
16/06/2017,Samoa,7,Sam Cane,1992-01-13,25.42
16/06/2017,Samoa,19,Scott Barrett,1993-11-20,23.57
16/06/2017,Samoa,10,Beauden Barrett,1991-05-27,26.06
16/06/2017,Samoa,20,Vaea Fifita,1992-06-17,25.0
16/06/2017,Samoa,17,Wyatt Crockett,1983-01-24,34.39
16/06/2017,Samoa,13,Anton Lienert-Brown,1995-04-15,22.17
24/06/2017,British & Irish Lions,9,Aaron Smith,1988-11-21,28.59
24/06/2017,British & Irish Lions,16,Nathan Harris,1992-03-08,25.3
24/06/2017,British & Irish Lions,21,TJ Perenara,1992-01-23,25.42
24/06/2017,British & Irish Lions,8,Kieran Read,1985-10-26,31.66
24/06/2017,British & Irish Lions,7,Sam Cane,1992-01-13,25.45
24/06/2017,British & Irish Lions,19,Scott Barrett,1993-11-20,23.59
24/06/2017,British & Irish Lions,10,Beauden Barrett,1991-05-27,26.08
24/06/2017,British & Irish Lions,17,Wyatt Crockett,1983-01-24,34.42
24/06/2017,British & Irish Lions,23,Anton Lienert-Brown,1995-04-15,22.19
24/06/2017,British & Irish Lions,13,Ryan Crotty,1988-09-23,28.75
24/06/2017,British & Irish Lions,12,Sonny Bill Williams,1985-08-03,31.89
24/06/2017,British & Irish Lions,2,Codie Taylor,1991-03-31,26.23
24/06/2017,British & Irish Lions,22,Aaron Cruden,1989-01-08,28.46
24/06/2017,British & Irish Lions,20,Ardie Savea,1993-10-14,23.69
24/06/2017,British & Irish Lions,3,Owen Franks,1987-12-23,29.5
24/06/2017,British & Irish Lions,5,Samuel Whitelock,1988-10-12,28.7
24/06/2017,British & Irish Lions,4,Brodie Retallick,1991-05-31,26.07
24/06/2017,British & Irish Lions,15,Ben Smith,1986-06-01,31.06
24/06/2017,British & Irish Lions,14,Israel Dagg,1988-06-06,29.05
24/06/2017,British & Irish Lions,11,Rieko Ioane,1997-03-18,20.27
24/06/2017,British & Irish Lions,1,Joe Moody,1988-09-17,28.77
24/06/2017,British & Irish Lions,6,Jerome Kaino,1983-04-06,34.22
24/06/2017,British & Irish Lions,18,Charlie Faumuina,1986-12-24,30.5
01/07/2017,British & Irish Lions,12,Sonny Bill Williams,1985-08-03,31.91
01/07/2017,British & Irish Lions,2,Codie Taylor,1991-03-31,26.25
01/07/2017,British & Irish Lions,22,Aaron Cruden,1989-01-08,28.48
01/07/2017,British & Irish Lions,20,Ardie Savea,1993-10-14,23.71
01/07/2017,British & Irish Lions,3,Owen Franks,1987-12-23,29.52
01/07/2017,British & Irish Lions,5,Samuel Whitelock,1988-10-12,28.72
01/07/2017,British & Irish Lions,4,Brodie Retallick,1991-05-31,26.09
01/07/2017,British & Irish Lions,15,Israel Dagg,1988-06-06,29.07
01/07/2017,British & Irish Lions,11,Rieko Ioane,1997-03-18,20.29
01/07/2017,British & Irish Lions,1,Joe Moody,1988-09-17,28.79
01/07/2017,British & Irish Lions,14,Waisake Naholo,1991-05-08,26.15
01/07/2017,British & Irish Lions,6,Jerome Kaino,1983-04-06,34.24
01/07/2017,British & Irish Lions,18,Charlie Faumuina,1986-12-24,30.52
01/07/2017,British & Irish Lions,9,Aaron Smith,1988-11-21,28.61
01/07/2017,British & Irish Lions,16,Nathan Harris,1992-03-08,25.31
01/07/2017,British & Irish Lions,21,TJ Perenara,1992-01-23,25.44
01/07/2017,British & Irish Lions,23,Ngani Laumape,1993-04-22,24.19
01/07/2017,British & Irish Lions,8,Kieran Read,1985-10-26,31.68
01/07/2017,British & Irish Lions,7,Sam Cane,1992-01-13,25.47
01/07/2017,British & Irish Lions,19,Scott Barrett,1993-11-20,23.61
01/07/2017,British & Irish Lions,10,Beauden Barrett,1991-05-27,26.1
01/07/2017,British & Irish Lions,17,Wyatt Crockett,1983-01-24,34.43
01/07/2017,British & Irish Lions,13,Anton Lienert-Brown,1995-04-15,22.21
08/07/2017,British & Irish Lions,2,Codie Taylor,1991-03-31,26.27
08/07/2017,British & Irish Lions,22,Aaron Cruden,1989-01-08,28.5
08/07/2017,British & Irish Lions,20,Ardie Savea,1993-10-14,23.73
08/07/2017,British & Irish Lions,3,Owen Franks,1987-12-23,29.54
08/07/2017,British & Irish Lions,5,Samuel Whitelock,1988-10-12,28.74
08/07/2017,British & Irish Lions,4,Brodie Retallick,1991-05-31,26.11
08/07/2017,British & Irish Lions,14,Israel Dagg,1988-06-06,29.09
08/07/2017,British & Irish Lions,11,Julian Savea,1990-08-07,26.92
08/07/2017,British & Irish Lions,1,Joe Moody,1988-09-17,28.81
08/07/2017,British & Irish Lions,23,Malakai Fekitoa,1992-05-10,25.16
08/07/2017,British & Irish Lions,6,Jerome Kaino,1983-04-06,34.26
08/07/2017,British & Irish Lions,18,Charlie Faumuina,1986-12-24,30.54
08/07/2017,British & Irish Lions,9,Aaron Smith,1988-11-21,28.63
08/07/2017,British & Irish Lions,15,Jordie Barrett,1997-02-17,20.39
08/07/2017,British & Irish Lions,16,Nathan Harris,1992-03-08,25.33
08/07/2017,British & Irish Lions,21,TJ Perenara,1992-01-23,25.46
08/07/2017,British & Irish Lions,12,Ngani Laumape,1993-04-22,24.21
08/07/2017,British & Irish Lions,8,Kieran Read,1985-10-26,31.7
08/07/2017,British & Irish Lions,7,Sam Cane,1992-01-13,25.48
08/07/2017,British & Irish Lions,19,Scott Barrett,1993-11-20,23.63
08/07/2017,British & Irish Lions,10,Beauden Barrett,1991-05-27,26.12
08/07/2017,British & Irish Lions,17,Wyatt Crockett,1983-01-24,34.45
08/07/2017,British & Irish Lions,13,Anton Lienert-Brown,1995-04-15,22.23
19/08/2017,Australia,13,Ryan Crotty,1988-09-23,28.9
19/08/2017,Australia,12,Sonny Bill Williams,1985-08-03,32.04
19/08/2017,Australia,2,Codie Taylor,1991-03-31,26.39
19/08/2017,Australia,20,Ardie Savea,1993-10-14,23.85
19/08/2017,Australia,3,Owen Franks,1987-12-23,29.66
19/08/2017,Australia,5,Samuel Whitelock,1988-10-12,28.85
19/08/2017,Australia,4,Brodie Retallick,1991-05-31,26.22
19/08/2017,Australia,14,Ben Smith,1986-06-01,31.22
19/08/2017,Australia,19,Luke Romano,1986-02-16,31.51
19/08/2017,Australia,11,Rieko Ioane,1997-03-18,20.42
19/08/2017,Australia,1,Joe Moody,1988-09-17,28.92
19/08/2017,Australia,15,Damian McKenzie,1995-04-20,22.33
19/08/2017,Australia,9,Aaron Smith,1988-11-21,28.74
19/08/2017,Australia,16,Nathan Harris,1992-03-08,25.45
19/08/2017,Australia,18,Ofa Tuungafasi,1992-04-19,25.33
19/08/2017,Australia,21,TJ Perenara,1992-01-23,25.57
19/08/2017,Australia,22,Lima Sopoaga,1991-02-03,26.54
19/08/2017,Australia,6,Liam Squire,1991-03-20,26.42
19/08/2017,Australia,8,Kieran Read,1985-10-26,31.81
19/08/2017,Australia,7,Sam Cane,1992-01-13,25.6
19/08/2017,Australia,10,Beauden Barrett,1991-05-27,26.23
19/08/2017,Australia,17,Wyatt Crockett,1983-01-24,34.57
19/08/2017,Australia,23,Anton Lienert-Brown,1995-04-15,22.35
26/08/2017,Australia,13,Ryan Crotty,1988-09-23,28.92
26/08/2017,Australia,12,Sonny Bill Williams,1985-08-03,32.06
26/08/2017,Australia,16,Codie Taylor,1991-03-31,26.41
26/08/2017,Australia,20,Ardie Savea,1993-10-14,23.87
26/08/2017,Australia,5,Samuel Whitelock,1988-10-12,28.87
26/08/2017,Australia,4,Brodie Retallick,1991-05-31,26.24
26/08/2017,Australia,14,Ben Smith,1986-06-01,31.24
26/08/2017,Australia,11,Rieko Ioane,1997-03-18,20.44
26/08/2017,Australia,1,Joe Moody,1988-09-17,28.94
26/08/2017,Australia,2,Dane Coles,1986-12-10,30.71
26/08/2017,Australia,15,Damian McKenzie,1995-04-20,22.35
26/08/2017,Australia,9,Aaron Smith,1988-11-21,28.76
26/08/2017,Australia,17,Kane Hames,1988-08-28,28.99
26/08/2017,Australia,3,Nepo Laulala,1991-11-06,25.8
26/08/2017,Australia,18,Ofa Tuungafasi,1992-04-19,25.35
26/08/2017,Australia,21,TJ Perenara,1992-01-23,25.59
26/08/2017,Australia,22,Lima Sopoaga,1991-02-03,26.56
26/08/2017,Australia,6,Liam Squire,1991-03-20,26.44
26/08/2017,Australia,8,Kieran Read,1985-10-26,31.83
26/08/2017,Australia,7,Sam Cane,1992-01-13,25.62
26/08/2017,Australia,19,Scott Barrett,1993-11-20,23.77
26/08/2017,Australia,10,Beauden Barrett,1991-05-27,26.25
26/08/2017,Australia,23,Anton Lienert-Brown,1995-04-15,22.37
09/09/2017,Argentina,12,Sonny Bill Williams,1985-08-03,32.1
09/09/2017,Argentina,16,Codie Taylor,1991-03-31,26.45
09/09/2017,Argentina,7,Ardie Savea,1993-10-14,23.9
09/09/2017,Argentina,21,Tawera Kerr-Barlow,1990-08-15,27.07
09/09/2017,Argentina,5,Brodie Retallick,1991-05-31,26.28
09/09/2017,Argentina,4,Luke Romano,1986-02-16,31.56
09/09/2017,Argentina,14,Israel Dagg,1988-06-06,29.26
09/09/2017,Argentina,1,Joe Moody,1988-09-17,28.98
09/09/2017,Argentina,2,Dane Coles,1986-12-10,30.75
09/09/2017,Argentina,15,Damian McKenzie,1995-04-20,22.39
09/09/2017,Argentina,3,Nepo Laulala,1991-11-06,25.84
09/09/2017,Argentina,18,Ofa Tuungafasi,1992-04-19,25.39
09/09/2017,Argentina,9,TJ Perenara,1992-01-23,25.63
09/09/2017,Argentina,22,Lima Sopoaga,1991-02-03,26.6
09/09/2017,Argentina,23,Ngani Laumape,1993-04-22,24.38
09/09/2017,Argentina,8,Kieran Read,1985-10-26,31.87
09/09/2017,Argentina,20,Sam Cane,1992-01-13,25.66
09/09/2017,Argentina,19,Scott Barrett,1993-11-20,23.8
09/09/2017,Argentina,10,Beauden Barrett,1991-05-27,26.29
09/09/2017,Argentina,6,Vaea Fifita,1992-06-17,25.23
09/09/2017,Argentina,17,Wyatt Crockett,1983-01-24,34.63
09/09/2017,Argentina,11,Nehe Milner-Skudder,1990-12-15,26.74
09/09/2017,Argentina,13,Anton Lienert-Brown,1995-04-15,22.4
16/09/2017,South Africa,13,Ryan Crotty,1988-09-23,28.98
16/09/2017,South Africa,12,Sonny Bill Williams,1985-08-03,32.12
16/09/2017,South Africa,16,Codie Taylor,1991-03-31,26.46
16/09/2017,South Africa,20,Ardie Savea,1993-10-14,23.92
16/09/2017,South Africa,5,Samuel Whitelock,1988-10-12,28.93
16/09/2017,South Africa,4,Brodie Retallick,1991-05-31,26.3
16/09/2017,South Africa,11,Rieko Ioane,1997-03-18,20.5
16/09/2017,South Africa,2,Dane Coles,1986-12-10,30.77
16/09/2017,South Africa,15,Damian McKenzie,1995-04-20,22.41
16/09/2017,South Africa,9,Aaron Smith,1988-11-21,28.82
16/09/2017,South Africa,1,Kane Hames,1988-08-28,29.05
16/09/2017,South Africa,3,Nepo Laulala,1991-11-06,25.86
16/09/2017,South Africa,18,Ofa Tuungafasi,1992-04-19,25.41
16/09/2017,South Africa,21,TJ Perenara,1992-01-23,25.65
16/09/2017,South Africa,22,Lima Sopoaga,1991-02-03,26.62
16/09/2017,South Africa,6,Liam Squire,1991-03-20,26.49
16/09/2017,South Africa,8,Kieran Read,1985-10-26,31.89
16/09/2017,South Africa,7,Sam Cane,1992-01-13,25.68
16/09/2017,South Africa,19,Scott Barrett,1993-11-20,23.82
16/09/2017,South Africa,10,Beauden Barrett,1991-05-27,26.31
16/09/2017,South Africa,17,Wyatt Crockett,1983-01-24,34.65
16/09/2017,South Africa,14,Nehe Milner-Skudder,1990-12-15,26.75
16/09/2017,South Africa,23,Anton Lienert-Brown,1995-04-15,22.42
30/09/2017,Argentina,12,Sonny Bill Williams,1985-08-03,32.16
30/09/2017,Argentina,16,Codie Taylor,1991-03-31,26.5
30/09/2017,Argentina,20,Ardie Savea,1993-10-14,23.96
30/09/2017,Argentina,4,Luke Romano,1986-02-16,31.62
30/09/2017,Argentina,11,Rieko Ioane,1997-03-18,20.54
30/09/2017,Argentina,14,Waisake Naholo,1991-05-08,26.4
30/09/2017,Argentina,2,Dane Coles,1986-12-10,30.81
30/09/2017,Argentina,15,Damian McKenzie,1995-04-20,22.45
30/09/2017,Argentina,23,David Havili,1994-12-23,22.77
30/09/2017,Argentina,9,Aaron Smith,1988-11-21,28.86
30/09/2017,Argentina,1,Kane Hames,1988-08-28,29.09
30/09/2017,Argentina,3,Nepo Laulala,1991-11-06,25.9
30/09/2017,Argentina,18,Ofa Tuungafasi,1992-04-19,25.45
30/09/2017,Argentina,21,TJ Perenara,1992-01-23,25.69
30/09/2017,Argentina,22,Ngani Laumape,1993-04-22,24.44
30/09/2017,Argentina,8,Kieran Read,1985-10-26,31.93
30/09/2017,Argentina,5,Scott Barrett,1993-11-20,23.86
30/09/2017,Argentina,10,Beauden Barrett,1991-05-27,26.35
30/09/2017,Argentina,19,Patrick Tuipulotu,1993-01-23,24.68
30/09/2017,Argentina,6,Vaea Fifita,1992-06-17,25.29
30/09/2017,Argentina,7,Matt Todd,1988-03-24,29.52
30/09/2017,Argentina,17,Wyatt Crockett,1983-01-24,34.68
30/09/2017,Argentina,13,Anton Lienert-Brown,1995-04-15,22.46
07/10/2017,South Africa,13,Ryan Crotty,1988-09-23,29.04
07/10/2017,South Africa,12,Sonny Bill Williams,1985-08-03,32.18
07/10/2017,South Africa,16,Codie Taylor,1991-03-31,26.52
07/10/2017,South Africa,21,Tawera Kerr-Barlow,1990-08-15,27.15
07/10/2017,South Africa,4,Samuel Whitelock,1988-10-12,28.99
07/10/2017,South Africa,11,Rieko Ioane,1997-03-18,20.56
07/10/2017,South Africa,2,Dane Coles,1986-12-10,30.83
07/10/2017,South Africa,15,Damian McKenzie,1995-04-20,22.47
07/10/2017,South Africa,23,David Havili,1994-12-23,22.79
07/10/2017,South Africa,9,Aaron Smith,1988-11-21,28.88
07/10/2017,South Africa,1,Kane Hames,1988-08-28,29.11
07/10/2017,South Africa,3,Nepo Laulala,1991-11-06,25.92
07/10/2017,South Africa,18,Ofa Tuungafasi,1992-04-19,25.47
07/10/2017,South Africa,22,Lima Sopoaga,1991-02-03,26.68
07/10/2017,South Africa,6,Liam Squire,1991-03-20,26.55
07/10/2017,South Africa,8,Kieran Read,1985-10-26,31.95
07/10/2017,South Africa,7,Sam Cane,1992-01-13,25.73
07/10/2017,South Africa,5,Scott Barrett,1993-11-20,23.88
07/10/2017,South Africa,10,Beauden Barrett,1991-05-27,26.37
07/10/2017,South Africa,19,Patrick Tuipulotu,1993-01-23,24.7
07/10/2017,South Africa,20,Matt Todd,1988-03-24,29.54
07/10/2017,South Africa,17,Wyatt Crockett,1983-01-24,34.7
07/10/2017,South Africa,14,Nehe Milner-Skudder,1990-12-15,26.81
21/10/2017,Australia,13,Ryan Crotty,1988-09-23,29.08
21/10/2017,Australia,12,Sonny Bill Williams,1985-08-03,32.22
21/10/2017,Australia,16,Codie Taylor,1991-03-31,26.56
21/10/2017,Australia,20,Ardie Savea,1993-10-14,24.02
21/10/2017,Australia,4,Samuel Whitelock,1988-10-12,29.02
21/10/2017,Australia,11,Rieko Ioane,1997-03-18,20.59
21/10/2017,Australia,14,Waisake Naholo,1991-05-08,26.46
21/10/2017,Australia,2,Dane Coles,1986-12-10,30.86
21/10/2017,Australia,15,Damian McKenzie,1995-04-20,22.51
21/10/2017,Australia,23,David Havili,1994-12-23,22.83
21/10/2017,Australia,9,Aaron Smith,1988-11-21,28.92
21/10/2017,Australia,1,Kane Hames,1988-08-28,29.15
21/10/2017,Australia,3,Nepo Laulala,1991-11-06,25.96
21/10/2017,Australia,18,Ofa Tuungafasi,1992-04-19,25.51
21/10/2017,Australia,21,TJ Perenara,1992-01-23,25.74
21/10/2017,Australia,10,Lima Sopoaga,1991-02-03,26.71
21/10/2017,Australia,6,Liam Squire,1991-03-20,26.59
21/10/2017,Australia,8,Kieran Read,1985-10-26,31.99
21/10/2017,Australia,7,Sam Cane,1992-01-13,25.77
21/10/2017,Australia,5,Scott Barrett,1993-11-20,23.92
21/10/2017,Australia,19,Patrick Tuipulotu,1993-01-23,24.74
21/10/2017,Australia,17,Wyatt Crockett,1983-01-24,34.74
21/10/2017,Australia,22,Anton Lienert-Brown,1995-04-15,22.52
04/11/2017,Barbarians,7,Ardie Savea,1993-10-14,24.06
04/11/2017,Barbarians,17,Tim Perry,1988-08-01,29.26
04/11/2017,Barbarians,21,Tawera Kerr-Barlow,1990-08-15,27.22
04/11/2017,Barbarians,4,Luke Romano,1986-02-16,31.72
04/11/2017,Barbarians,18,Jeffery Toomaga-Allen,1990-11-19,26.96
04/11/2017,Barbarians,16,Asafo Aumua,1997-05-05,20.5
04/11/2017,Barbarians,14,Waisake Naholo,1991-05-08,26.49
04/11/2017,Barbarians,8,Jerome Kaino,1983-04-06,34.58
04/11/2017,Barbarians,15,David Havili,1994-12-23,22.87
04/11/2017,Barbarians,11,Seta Tamanivalu,1992-01-23,25.78
04/11/2017,Barbarians,1,Kane Hames,1988-08-28,29.19
04/11/2017,Barbarians,2,Nathan Harris,1992-03-08,25.66
04/11/2017,Barbarians,3,Ofa Tuungafasi,1992-04-19,25.54
04/11/2017,Barbarians,9,TJ Perenara,1992-01-23,25.78
04/11/2017,Barbarians,22,Lima Sopoaga,1991-02-03,26.75
04/11/2017,Barbarians,12,Ngani Laumape,1993-04-22,24.54
04/11/2017,Barbarians,20,Sam Cane,1992-01-13,25.81
04/11/2017,Barbarians,5,Scott Barrett,1993-11-20,23.96
04/11/2017,Barbarians,10,Beauden Barrett,1991-05-27,26.44
04/11/2017,Barbarians,19,Patrick Tuipulotu,1993-01-23,24.78
04/11/2017,Barbarians,6,Vaea Fifita,1992-06-17,25.38
04/11/2017,Barbarians,23,Matt Duffie,1990-08-16,27.22
04/11/2017,Barbarians,13,Anton Lienert-Brown,1995-04-15,22.56
11/11/2017,France,13,Ryan Crotty,1988-09-23,29.13
11/11/2017,France,12,Sonny Bill Williams,1985-08-03,32.27
11/11/2017,France,16,Codie Taylor,1991-03-31,26.62
11/11/2017,France,5,Samuel Whitelock,1988-10-12,29.08
11/11/2017,France,4,Luke Romano,1986-02-16,31.74
11/11/2017,France,11,Rieko Ioane,1997-03-18,20.65
11/11/2017,France,14,Waisake Naholo,1991-05-08,26.51
11/11/2017,France,2,Dane Coles,1986-12-10,30.92
11/11/2017,France,15,Damian McKenzie,1995-04-20,22.56
11/11/2017,France,9,Aaron Smith,1988-11-21,28.97
11/11/2017,France,1,Kane Hames,1988-08-28,29.21
11/11/2017,France,3,Nepo Laulala,1991-11-06,26.02
11/11/2017,France,18,Ofa Tuungafasi,1992-04-19,25.56
11/11/2017,France,21,TJ Perenara,1992-01-23,25.8
11/11/2017,France,22,Lima Sopoaga,1991-02-03,26.77
11/11/2017,France,8,Kieran Read,1985-10-26,32.04
11/11/2017,France,7,Sam Cane,1992-01-13,25.83
11/11/2017,France,19,Scott Barrett,1993-11-20,23.98
11/11/2017,France,10,Beauden Barrett,1991-05-27,26.46
11/11/2017,France,6,Vaea Fifita,1992-06-17,25.4
11/11/2017,France,20,Matt Todd,1988-03-24,29.64
11/11/2017,France,17,Wyatt Crockett,1983-01-24,34.8
11/11/2017,France,23,Anton Lienert-Brown,1995-04-15,22.58
14/11/2017,France XV,22,Mitchell Drummond,1994-02-15,23.75
14/11/2017,France XV,7,Ardie Savea,1993-10-14,24.09
14/11/2017,France XV,1,Tim Perry,1988-08-01,29.29
14/11/2017,France XV,5,Dominic Bird,1991-04-09,26.6
14/11/2017,France XV,9,Tawera Kerr-Barlow,1990-08-15,27.25
14/11/2017,France XV,8,Luke Whitelock,1991-01-29,26.79
14/11/2017,France XV,3,Jeffery Toomaga-Allen,1990-11-19,26.99
14/11/2017,France XV,16,Asafo Aumua,1997-05-05,20.53
14/11/2017,France XV,15,David Havili,1994-12-23,22.89
14/11/2017,France XV,11,Seta Tamanivalu,1992-01-23,25.81
14/11/2017,France XV,2,Nathan Harris,1992-03-08,25.69
14/11/2017,France XV,18,Ofa Tuungafasi,1992-04-19,25.57
14/11/2017,France XV,17,Atunaisa Moli,1995-06-12,22.43
14/11/2017,France XV,20,Akira Ioane,1995-06-16,22.42
14/11/2017,France XV,10,Lima Sopoaga,1991-02-03,26.78
14/11/2017,France XV,12,Ngani Laumape,1993-04-22,24.56
14/11/2017,France XV,6,Liam Squire,1991-03-20,26.66
14/11/2017,France XV,23,Richie Mo'unga,1994-05-25,23.47
14/11/2017,France XV,19,Scott Barrett,1993-11-20,23.98
14/11/2017,France XV,21,Dillon Hunt,1995-02-23,22.72
14/11/2017,France XV,4,Patrick Tuipulotu,1993-01-23,24.81
14/11/2017,France XV,14,Matt Duffie,1990-08-16,27.25
14/11/2017,France XV,13,Jack Goodhue,1995-06-13,22.42
18/11/2017,Scotland,13,Ryan Crotty,1988-09-23,29.15
18/11/2017,Scotland,12,Sonny Bill Williams,1985-08-03,32.29
18/11/2017,Scotland,2,Codie Taylor,1991-03-31,26.64
18/11/2017,Scotland,5,Samuel Whitelock,1988-10-12,29.1
18/11/2017,Scotland,4,Luke Romano,1986-02-16,31.75
18/11/2017,Scotland,11,Rieko Ioane,1997-03-18,20.67
18/11/2017,Scotland,14,Waisake Naholo,1991-05-08,26.53
18/11/2017,Scotland,15,Damian McKenzie,1995-04-20,22.58
18/11/2017,Scotland,9,Aaron Smith,1988-11-21,28.99
18/11/2017,Scotland,1,Kane Hames,1988-08-28,29.22
18/11/2017,Scotland,3,Nepo Laulala,1991-11-06,26.03
18/11/2017,Scotland,16,Nathan Harris,1992-03-08,25.7
18/11/2017,Scotland,18,Ofa Tuungafasi,1992-04-19,25.58
18/11/2017,Scotland,21,TJ Perenara,1992-01-23,25.82
18/11/2017,Scotland,22,Lima Sopoaga,1991-02-03,26.79
18/11/2017,Scotland,19,Liam Squire,1991-03-20,26.67
18/11/2017,Scotland,8,Kieran Read,1985-10-26,32.06
18/11/2017,Scotland,7,Sam Cane,1992-01-13,25.85
18/11/2017,Scotland,10,Beauden Barrett,1991-05-27,26.48
18/11/2017,Scotland,6,Vaea Fifita,1992-06-17,25.42
18/11/2017,Scotland,20,Matt Todd,1988-03-24,29.65
18/11/2017,Scotland,17,Wyatt Crockett,1983-01-24,34.82
18/11/2017,Scotland,23,Anton Lienert-Brown,1995-04-15,22.6
25/11/2017,Wales,13,Ryan Crotty,1988-09-23,29.17
25/11/2017,Wales,12,Sonny Bill Williams,1985-08-03,32.31
25/11/2017,Wales,2,Codie Taylor,1991-03-31,26.66
25/11/2017,Wales,8,Luke Whitelock,1991-01-29,26.82
25/11/2017,Wales,5,Samuel Whitelock,1988-10-12,29.12
25/11/2017,Wales,11,Rieko Ioane,1997-03-18,20.69
25/11/2017,Wales,14,Waisake Naholo,1991-05-08,26.55
25/11/2017,Wales,15,Damian McKenzie,1995-04-20,22.6
25/11/2017,Wales,9,Aaron Smith,1988-11-21,29.01
25/11/2017,Wales,1,Kane Hames,1988-08-28,29.24
25/11/2017,Wales,3,Nepo Laulala,1991-11-06,26.05
25/11/2017,Wales,16,Nathan Harris,1992-03-08,25.72
25/11/2017,Wales,18,Ofa Tuungafasi,1992-04-19,25.6
25/11/2017,Wales,21,TJ Perenara,1992-01-23,25.84
25/11/2017,Wales,22,Lima Sopoaga,1991-02-03,26.81
25/11/2017,Wales,6,Liam Squire,1991-03-20,26.69
25/11/2017,Wales,7,Sam Cane,1992-01-13,25.87
25/11/2017,Wales,19,Scott Barrett,1993-11-20,24.01
25/11/2017,Wales,10,Beauden Barrett,1991-05-27,26.5
25/11/2017,Wales,4,Patrick Tuipulotu,1993-01-23,24.84
25/11/2017,Wales,20,Matt Todd,1988-03-24,29.67
25/11/2017,Wales,17,Wyatt Crockett,1983-01-24,34.84
25/11/2017,Wales,23,Anton Lienert-Brown,1995-04-15,22.62
09/06/2018,France,12,Ryan Crotty,1988-09-23,29.71
09/06/2018,France,2,Codie Taylor,1991-03-31,27.19
09/06/2018,France,20,Ardie Savea,1993-10-14,24.65
09/06/2018,France,3,Owen Franks,1987-12-23,30.46
09/06/2018,France,8,Luke Whitelock,1991-01-29,27.36
09/06/2018,France,4,Samuel Whitelock,1988-10-12,29.66
09/06/2018,France,17,Karl Tu'inukuafe,1993-02-21,25.3
09/06/2018,France,14,Ben Smith,1986-06-01,32.02
09/06/2018,France,11,Rieko Ioane,1997-03-18,21.23
09/06/2018,France,1,Joe Moody,1988-09-17,29.73
09/06/2018,France,22,Damian McKenzie,1995-04-20,23.14
09/06/2018,France,9,Aaron Smith,1988-11-21,29.55
09/06/2018,France,15,Jordie Barrett,1997-02-17,21.31
09/06/2018,France,16,Nathan Harris,1992-03-08,26.25
09/06/2018,France,18,Ofa Tuungafasi,1992-04-19,26.14
09/06/2018,France,21,TJ Perenara,1992-01-23,26.38
09/06/2018,France,23,Ngani Laumape,1993-04-22,25.13
09/06/2018,France,6,Liam Squire,1991-03-20,27.22
09/06/2018,France,7,Sam Cane,1992-01-13,26.4
09/06/2018,France,5,Scott Barrett,1993-11-20,24.55
09/06/2018,France,10,Beauden Barrett,1991-05-27,27.04
09/06/2018,France,19,Vaea Fifita,1992-06-17,25.98
09/06/2018,France,13,Anton Lienert-Brown,1995-04-15,23.15
16/06/2018,France,12,Ryan Crotty,1988-09-23,29.73
16/06/2018,France,2,Codie Taylor,1991-03-31,27.21
16/06/2018,France,20,Ardie Savea,1993-10-14,24.67
16/06/2018,France,3,Owen Franks,1987-12-23,30.48
16/06/2018,France,8,Luke Whitelock,1991-01-29,27.38
16/06/2018,France,4,Samuel Whitelock,1988-10-12,29.68
16/06/2018,France,17,Karl Tu'inukuafe,1993-02-21,25.31
16/06/2018,France,14,Ben Smith,1986-06-01,32.04
16/06/2018,France,11,Rieko Ioane,1997-03-18,21.25
16/06/2018,France,1,Joe Moody,1988-09-17,29.74
16/06/2018,France,22,Damian McKenzie,1995-04-20,23.16
16/06/2018,France,9,Aaron Smith,1988-11-21,29.57
16/06/2018,France,15,Jordie Barrett,1997-02-17,21.33
16/06/2018,France,16,Nathan Harris,1992-03-08,26.27
16/06/2018,France,18,Ofa Tuungafasi,1992-04-19,26.16
16/06/2018,France,21,TJ Perenara,1992-01-23,26.4
16/06/2018,France,23,Ngani Laumape,1993-04-22,25.15
16/06/2018,France,6,Liam Squire,1991-03-20,27.24
16/06/2018,France,7,Sam Cane,1992-01-13,26.42
16/06/2018,France,5,Scott Barrett,1993-11-20,24.57
16/06/2018,France,10,Beauden Barrett,1991-05-27,27.06
16/06/2018,France,19,Vaea Fifita,1992-06-17,26.0
16/06/2018,France,13,Anton Lienert-Brown,1995-04-15,23.17
23/06/2018,France,12,Sonny Bill Williams,1985-08-03,32.89
23/06/2018,France,2,Codie Taylor,1991-03-31,27.23
23/06/2018,France,7,Ardie Savea,1993-10-14,24.69
23/06/2018,France,3,Owen Franks,1987-12-23,30.5
23/06/2018,France,8,Luke Whitelock,1991-01-29,27.4
23/06/2018,France,4,Samuel Whitelock,1988-10-12,29.7
23/06/2018,France,17,Karl Tu'inukuafe,1993-02-21,25.33
23/06/2018,France,15,Ben Smith,1986-06-01,32.06
23/06/2018,France,11,Rieko Ioane,1997-03-18,21.27
23/06/2018,France,19,Jackson Hemopo,1993-11-14,24.61
23/06/2018,France,1,Joe Moody,1988-09-17,29.76
23/06/2018,France,16,Liam Coltman,1990-01-25,28.41
23/06/2018,France,14,Waisake Naholo,1991-05-08,27.13
23/06/2018,France,10,Damian McKenzie,1995-04-20,23.18
23/06/2018,France,9,Aaron Smith,1988-11-21,29.59
23/06/2018,France,23,Jordie Barrett,1997-02-17,21.34
23/06/2018,France,18,Ofa Tuungafasi,1992-04-19,26.18
23/06/2018,France,21,TJ Perenara,1992-01-23,26.42
23/06/2018,France,6,Shannon Frizell,1994-02-11,24.36
23/06/2018,France,22,Richie Mo'unga,1994-05-25,24.08
23/06/2018,France,5,Scott Barrett,1993-11-20,24.59
23/06/2018,France,20,Matt Todd,1988-03-24,30.25
23/06/2018,France,13,Jack Goodhue,1995-06-13,23.03
18/08/2018,Australia,12,Ryan Crotty,1988-09-23,29.9
18/08/2018,Australia,2,Codie Taylor,1991-03-31,27.38
18/08/2018,Australia,20,Ardie Savea,1993-10-14,24.84
18/08/2018,Australia,3,Owen Franks,1987-12-23,30.65
18/08/2018,Australia,17,Tim Perry,1988-08-01,30.05
18/08/2018,Australia,5,Samuel Whitelock,1988-10-12,29.85
18/08/2018,Australia,18,Karl Tu'inukuafe,1993-02-21,25.49
18/08/2018,Australia,4,Brodie Retallick,1991-05-31,27.22
18/08/2018,Australia,15,Ben Smith,1986-06-01,32.21
18/08/2018,Australia,11,Rieko Ioane,1997-03-18,21.42
18/08/2018,Australia,1,Joe Moody,1988-09-17,29.92
18/08/2018,Australia,14,Waisake Naholo,1991-05-08,27.28
18/08/2018,Australia,22,Damian McKenzie,1995-04-20,23.33
18/08/2018,Australia,9,Aaron Smith,1988-11-21,29.74
18/08/2018,Australia,16,Nathan Harris,1992-03-08,26.45
18/08/2018,Australia,21,TJ Perenara,1992-01-23,26.57
18/08/2018,Australia,6,Liam Squire,1991-03-20,27.41
18/08/2018,Australia,8,Kieran Read,1985-10-26,32.81
18/08/2018,Australia,7,Sam Cane,1992-01-13,26.6
18/08/2018,Australia,19,Scott Barrett,1993-11-20,24.74
18/08/2018,Australia,10,Beauden Barrett,1991-05-27,27.23
18/08/2018,Australia,13,Jack Goodhue,1995-06-13,23.18
18/08/2018,Australia,23,Anton Lienert-Brown,1995-04-15,23.34
25/08/2018,Australia,2,Codie Taylor,1991-03-31,27.4
25/08/2018,Australia,20,Ardie Savea,1993-10-14,24.86
25/08/2018,Australia,3,Owen Franks,1987-12-23,30.67
25/08/2018,Australia,5,Samuel Whitelock,1988-10-12,29.87
25/08/2018,Australia,17,Karl Tu'inukuafe,1993-02-21,25.51
25/08/2018,Australia,4,Brodie Retallick,1991-05-31,27.24
25/08/2018,Australia,14,Ben Smith,1986-06-01,32.23
25/08/2018,Australia,1,Joe Moody,1988-09-17,29.94
25/08/2018,Australia,11,Waisake Naholo,1991-05-08,27.3
25/08/2018,Australia,22,Damian McKenzie,1995-04-20,23.35
25/08/2018,Australia,9,Aaron Smith,1988-11-21,29.76
25/08/2018,Australia,15,Jordie Barrett,1997-02-17,21.52
25/08/2018,Australia,16,Nathan Harris,1992-03-08,26.46
25/08/2018,Australia,18,Ofa Tuungafasi,1992-04-19,26.35
25/08/2018,Australia,21,TJ Perenara,1992-01-23,26.59
25/08/2018,Australia,12,Ngani Laumape,1993-04-22,25.34
25/08/2018,Australia,6,Liam Squire,1991-03-20,27.43
25/08/2018,Australia,8,Kieran Read,1985-10-26,32.83
25/08/2018,Australia,7,Sam Cane,1992-01-13,26.62
25/08/2018,Australia,19,Scott Barrett,1993-11-20,24.76
25/08/2018,Australia,10,Beauden Barrett,1991-05-27,27.25
25/08/2018,Australia,13,Jack Goodhue,1995-06-13,23.2
25/08/2018,Australia,23,Anton Lienert-Brown,1995-04-15,23.36
08/09/2018,Argentina,21,Te Toiroa Tahuriorangi,1995-03-31,23.44
08/09/2018,Argentina,2,Codie Taylor,1991-03-31,27.44
08/09/2018,Argentina,7,Ardie Savea,1993-10-14,24.9
08/09/2018,Argentina,3,Owen Franks,1987-12-23,30.71
08/09/2018,Argentina,17,Tim Perry,1988-08-01,30.1
08/09/2018,Argentina,20,Luke Whitelock,1991-01-29,27.61
08/09/2018,Argentina,19,Samuel Whitelock,1988-10-12,29.91
08/09/2018,Argentina,1,Karl Tu'inukuafe,1993-02-21,25.54
08/09/2018,Argentina,4,Brodie Retallick,1991-05-31,27.28
08/09/2018,Argentina,15,Ben Smith,1986-06-01,32.27
08/09/2018,Argentina,11,Waisake Naholo,1991-05-08,27.34
08/09/2018,Argentina,22,Damian McKenzie,1995-04-20,23.39
08/09/2018,Argentina,16,Nathan Harris,1992-03-08,26.5
08/09/2018,Argentina,18,Ofa Tuungafasi,1992-04-19,26.39
08/09/2018,Argentina,9,TJ Perenara,1992-01-23,26.63
08/09/2018,Argentina,6,Shannon Frizell,1994-02-11,24.57
08/09/2018,Argentina,12,Ngani Laumape,1993-04-22,25.38
08/09/2018,Argentina,8,Kieran Read,1985-10-26,32.87
08/09/2018,Argentina,10,Richie Mo'unga,1994-05-25,24.29
08/09/2018,Argentina,5,Scott Barrett,1993-11-20,24.8
08/09/2018,Argentina,13,Jack Goodhue,1995-06-13,23.24
08/09/2018,Argentina,14,Nehe Milner-Skudder,1990-12-15,27.73
08/09/2018,Argentina,23,Anton Lienert-Brown,1995-04-15,23.4
15/09/2018,South Africa,12,Ryan Crotty,1988-09-23,29.98
15/09/2018,South Africa,2,Codie Taylor,1991-03-31,27.46
15/09/2018,South Africa,20,Ardie Savea,1993-10-14,24.92
15/09/2018,South Africa,3,Owen Franks,1987-12-23,30.73
15/09/2018,South Africa,17,Tim Perry,1988-08-01,30.12
15/09/2018,South Africa,4,Samuel Whitelock,1988-10-12,29.93
15/09/2018,South Africa,1,Karl Tu'inukuafe,1993-02-21,25.56
15/09/2018,South Africa,14,Ben Smith,1986-06-01,32.29
15/09/2018,South Africa,11,Rieko Ioane,1997-03-18,21.5
15/09/2018,South Africa,16,Liam Coltman,1990-01-25,28.64
15/09/2018,South Africa,23,Damian McKenzie,1995-04-20,23.41
15/09/2018,South Africa,9,Aaron Smith,1988-11-21,29.82
15/09/2018,South Africa,15,Jordie Barrett,1997-02-17,21.57
15/09/2018,South Africa,18,Ofa Tuungafasi,1992-04-19,26.41
15/09/2018,South Africa,21,TJ Perenara,1992-01-23,26.65
15/09/2018,South Africa,6,Liam Squire,1991-03-20,27.49
15/09/2018,South Africa,8,Kieran Read,1985-10-26,32.89
15/09/2018,South Africa,7,Sam Cane,1992-01-13,26.67
15/09/2018,South Africa,5,Scott Barrett,1993-11-20,24.82
15/09/2018,South Africa,10,Beauden Barrett,1991-05-27,27.31
15/09/2018,South Africa,19,Patrick Tuipulotu,1993-01-23,25.64
15/09/2018,South Africa,22,Jack Goodhue,1995-06-13,23.26
15/09/2018,South Africa,13,Anton Lienert-Brown,1995-04-15,23.42
29/09/2018,Argentina,13,Ryan Crotty,1988-09-23,30.02
29/09/2018,Argentina,12,Sonny Bill Williams,1985-08-03,33.16
29/09/2018,Argentina,2,Codie Taylor,1991-03-31,27.5
29/09/2018,Argentina,8,Ardie Savea,1993-10-14,24.96
29/09/2018,Argentina,18,Angus Ta'avao,1990-03-22,28.52
29/09/2018,Argentina,17,Tim Perry,1988-08-01,30.16
29/09/2018,Argentina,4,Samuel Whitelock,1988-10-12,29.96
29/09/2018,Argentina,1,Karl Tu'inukuafe,1993-02-21,25.6
29/09/2018,Argentina,15,Ben Smith,1986-06-01,32.33
29/09/2018,Argentina,11,Rieko Ioane,1997-03-18,21.53
29/09/2018,Argentina,20,Jackson Hemopo,1993-11-14,24.87
29/09/2018,Argentina,14,Waisake Naholo,1991-05-08,27.4
29/09/2018,Argentina,21,Aaron Smith,1988-11-21,29.85
29/09/2018,Argentina,16,Nathan Harris,1992-03-08,26.56
29/09/2018,Argentina,3,Ofa Tuungafasi,1992-04-19,26.45
29/09/2018,Argentina,9,TJ Perenara,1992-01-23,26.68
29/09/2018,Argentina,6,Shannon Frizell,1994-02-11,24.63
29/09/2018,Argentina,22,Richie Mo'unga,1994-05-25,24.35
29/09/2018,Argentina,7,Sam Cane,1992-01-13,26.71
29/09/2018,Argentina,5,Scott Barrett,1993-11-20,24.86
29/09/2018,Argentina,10,Beauden Barrett,1991-05-27,27.34
29/09/2018,Argentina,19,Patrick Tuipulotu,1993-01-23,25.68
29/09/2018,Argentina,23,Anton Lienert-Brown,1995-04-15,23.46
06/10/2018,South Africa,13,Ryan Crotty,1988-09-23,30.03
06/10/2018,South Africa,12,Sonny Bill Williams,1985-08-03,33.18
06/10/2018,South Africa,2,Codie Taylor,1991-03-31,27.52
06/10/2018,South Africa,20,Ardie Savea,1993-10-14,24.98
06/10/2018,South Africa,3,Owen Franks,1987-12-23,30.79
06/10/2018,South Africa,17,Tim Perry,1988-08-01,30.18
06/10/2018,South Africa,4,Samuel Whitelock,1988-10-12,29.98
06/10/2018,South Africa,1,Karl Tu'inukuafe,1993-02-21,25.62
06/10/2018,South Africa,15,Ben Smith,1986-06-01,32.35
06/10/2018,South Africa,11,Rieko Ioane,1997-03-18,21.55
06/10/2018,South Africa,14,Waisake Naholo,1991-05-08,27.41
06/10/2018,South Africa,9,Aaron Smith,1988-11-21,29.87
06/10/2018,South Africa,16,Nathan Harris,1992-03-08,26.58
06/10/2018,South Africa,18,Ofa Tuungafasi,1992-04-19,26.46
06/10/2018,South Africa,21,TJ Perenara,1992-01-23,26.7
06/10/2018,South Africa,6,Shannon Frizell,1994-02-11,24.65
06/10/2018,South Africa,8,Kieran Read,1985-10-26,32.95
06/10/2018,South Africa,22,Richie Mo'unga,1994-05-25,24.37
06/10/2018,South Africa,7,Sam Cane,1992-01-13,26.73
06/10/2018,South Africa,5,Scott Barrett,1993-11-20,24.88
06/10/2018,South Africa,10,Beauden Barrett,1991-05-27,27.36
06/10/2018,South Africa,19,Patrick Tuipulotu,1993-01-23,25.7
06/10/2018,South Africa,23,Anton Lienert-Brown,1995-04-15,23.48
27/10/2018,Australia,13,Ryan Crotty,1988-09-23,30.09
27/10/2018,Australia,12,Sonny Bill Williams,1985-08-03,33.23
27/10/2018,Australia,2,Codie Taylor,1991-03-31,27.58
27/10/2018,Australia,7,Ardie Savea,1993-10-14,25.04
27/10/2018,Australia,3,Owen Franks,1987-12-23,30.85
27/10/2018,Australia,4,Samuel Whitelock,1988-10-12,30.04
27/10/2018,Australia,17,Karl Tu'inukuafe,1993-02-21,25.68
27/10/2018,Australia,19,Brodie Retallick,1991-05-31,27.41
27/10/2018,Australia,14,Ben Smith,1986-06-01,32.41
27/10/2018,Australia,11,Rieko Ioane,1997-03-18,21.61
27/10/2018,Australia,1,Joe Moody,1988-09-17,30.11
27/10/2018,Australia,15,Damian McKenzie,1995-04-20,23.52
27/10/2018,Australia,21,Aaron Smith,1988-11-21,29.93
27/10/2018,Australia,18,Nepo Laulala,1991-11-06,26.97
27/10/2018,Australia,16,Nathan Harris,1992-03-08,26.64
27/10/2018,Australia,9,TJ Perenara,1992-01-23,26.76
27/10/2018,Australia,6,Liam Squire,1991-03-20,27.61
27/10/2018,Australia,8,Kieran Read,1985-10-26,33.0
27/10/2018,Australia,22,Richie Mo'unga,1994-05-25,24.42
27/10/2018,Australia,5,Scott Barrett,1993-11-20,24.93
27/10/2018,Australia,10,Beauden Barrett,1991-05-27,27.42
27/10/2018,Australia,20,Matt Todd,1988-03-24,30.59
27/10/2018,Australia,23,Anton Lienert-Brown,1995-04-15,23.54
03/11/2018,Japan,9,Te Toiroa Tahuriorangi,1995-03-31,23.6
03/11/2018,Japan,18,Tyrel Lomax,1996-03-16,22.63
03/11/2018,Japan,21,Mitchell Drummond,1994-02-15,24.72
03/11/2018,Japan,20,Gareth Evans,1991-08-05,27.25
03/11/2018,Japan,3,Angus Ta'avao,1990-03-22,28.62
03/11/2018,Japan,17,Tim Perry,1988-08-01,30.26
03/11/2018,Japan,23,George Bridge,1995-04-01,23.59
03/11/2018,Japan,8,Luke Whitelock,1991-01-29,27.76
03/11/2018,Japan,7,Dalton Papali'i,1997-10-11,21.06
03/11/2018,Japan,5,Jackson Hemopo,1993-11-14,24.97
03/11/2018,Japan,16,Liam Coltman,1990-01-25,28.77
03/11/2018,Japan,11,Waisake Naholo,1991-05-08,27.49
03/11/2018,Japan,2,Dane Coles,1986-12-10,31.9
03/11/2018,Japan,13,Matt Proctor,1992-10-26,26.02
03/11/2018,Japan,15,Jordie Barrett,1997-02-17,21.71
03/11/2018,Japan,22,Brett Cameron,1996-10-04,22.08
03/11/2018,Japan,1,Ofa Tuungafasi,1992-04-19,26.54
03/11/2018,Japan,12,Ngani Laumape,1993-04-22,25.53
03/11/2018,Japan,10,Richie Mo'unga,1994-05-25,24.44
03/11/2018,Japan,19,Dillon Hunt,1995-02-23,23.69
03/11/2018,Japan,4,Patrick Tuipulotu,1993-01-23,25.78
03/11/2018,Japan,6,Vaea Fifita,1992-06-17,26.38
03/11/2018,Japan,14,Nehe Milner-Skudder,1990-12-15,27.89
10/11/2018,England,23,Ryan Crotty,1988-09-23,30.13
10/11/2018,England,12,Sonny Bill Williams,1985-08-03,33.27
10/11/2018,England,2,Codie Taylor,1991-03-31,27.61
10/11/2018,England,7,Ardie Savea,1993-10-14,25.07
10/11/2018,England,3,Owen Franks,1987-12-23,30.88
10/11/2018,England,4,Samuel Whitelock,1988-10-12,30.08
10/11/2018,England,1,Karl Tu'inukuafe,1993-02-21,25.72
10/11/2018,England,5,Brodie Retallick,1991-05-31,27.45
10/11/2018,England,14,Ben Smith,1986-06-01,32.44
10/11/2018,England,11,Rieko Ioane,1997-03-18,21.65
10/11/2018,England,16,Dane Coles,1986-12-10,31.92
10/11/2018,England,15,Damian McKenzie,1995-04-20,23.56
10/11/2018,England,9,Aaron Smith,1988-11-21,29.97
10/11/2018,England,18,Nepo Laulala,1991-11-06,27.01
10/11/2018,England,17,Ofa Tuungafasi,1992-04-19,26.56
10/11/2018,England,21,TJ Perenara,1992-01-23,26.8
10/11/2018,England,6,Liam Squire,1991-03-20,27.64
10/11/2018,England,8,Kieran Read,1985-10-26,33.04
10/11/2018,England,22,Richie Mo'unga,1994-05-25,24.46
10/11/2018,England,19,Scott Barrett,1993-11-20,24.97
10/11/2018,England,10,Beauden Barrett,1991-05-27,27.46
10/11/2018,England,20,Matt Todd,1988-03-24,30.63
10/11/2018,England,13,Jack Goodhue,1995-06-13,23.41
17/11/2018,Ireland,12,Ryan Crotty,1988-09-23,30.15
17/11/2018,Ireland,2,Codie Taylor,1991-03-31,27.63
17/11/2018,Ireland,7,Ardie Savea,1993-10-14,25.09
17/11/2018,Ireland,3,Owen Franks,1987-12-23,30.9
17/11/2018,Ireland,5,Samuel Whitelock,1988-10-12,30.1
17/11/2018,Ireland,1,Karl Tu'inukuafe,1993-02-21,25.74
17/11/2018,Ireland,4,Brodie Retallick,1991-05-31,27.47
17/11/2018,Ireland,14,Ben Smith,1986-06-01,32.46
17/11/2018,Ireland,11,Rieko Ioane,1997-03-18,21.67
17/11/2018,Ireland,16,Dane Coles,1986-12-10,31.94
17/11/2018,Ireland,15,Damian McKenzie,1995-04-20,23.58
17/11/2018,Ireland,9,Aaron Smith,1988-11-21,29.99
17/11/2018,Ireland,18,Nepo Laulala,1991-11-06,27.03
17/11/2018,Ireland,17,Ofa Tuungafasi,1992-04-19,26.58
17/11/2018,Ireland,21,TJ Perenara,1992-01-23,26.82
17/11/2018,Ireland,6,Liam Squire,1991-03-20,27.66
17/11/2018,Ireland,8,Kieran Read,1985-10-26,33.06
17/11/2018,Ireland,22,Richie Mo'unga,1994-05-25,24.48
17/11/2018,Ireland,19,Scott Barrett,1993-11-20,24.99
17/11/2018,Ireland,10,Beauden Barrett,1991-05-27,27.48
17/11/2018,Ireland,20,Matt Todd,1988-03-24,30.65
17/11/2018,Ireland,13,Jack Goodhue,1995-06-13,23.43
17/11/2018,Ireland,23,Anton Lienert-Brown,1995-04-15,23.59
24/11/2018,Italy,21,Te Toiroa Tahuriorangi,1995-03-31,23.65
24/11/2018,Italy,7,Ardie Savea,1993-10-14,25.11
24/11/2018,Italy,18,Angus Ta'avao,1990-03-22,28.68
24/11/2018,Italy,17,Karl Tu'inukuafe,1993-02-21,25.76
24/11/2018,Italy,19,Brodie Retallick,1991-05-31,27.49
24/11/2018,Italy,20,Dalton Papali'i,1997-10-11,21.12
24/11/2018,Italy,23,Rieko Ioane,1997-03-18,21.69
24/11/2018,Italy,11,Waisake Naholo,1991-05-08,27.55
24/11/2018,Italy,2,Dane Coles,1986-12-10,31.96
24/11/2018,Italy,15,Damian McKenzie,1995-04-20,23.6
24/11/2018,Italy,14,Jordie Barrett,1997-02-17,21.77
24/11/2018,Italy,3,Nepo Laulala,1991-11-06,27.05
24/11/2018,Italy,16,Nathan Harris,1992-03-08,26.71
24/11/2018,Italy,1,Ofa Tuungafasi,1992-04-19,26.6
24/11/2018,Italy,9,TJ Perenara,1992-01-23,26.84
24/11/2018,Italy,12,Ngani Laumape,1993-04-22,25.59
24/11/2018,Italy,8,Kieran Read,1985-10-26,33.08
24/11/2018,Italy,22,Richie Mo'unga,1994-05-25,24.5
24/11/2018,Italy,5,Scott Barrett,1993-11-20,25.01
24/11/2018,Italy,10,Beauden Barrett,1991-05-27,27.5
24/11/2018,Italy,4,Patrick Tuipulotu,1993-01-23,25.83
24/11/2018,Italy,6,Vaea Fifita,1992-06-17,26.44
24/11/2018,Italy,13,Anton Lienert-Brown,1995-04-15,23.61
20/07/2019,Argentina,8,Ardie Savea,1993-10-14,25.76
20/07/2019,Argentina,22,Josh Ioane,1995-07-11,24.03
20/07/2019,Argentina,3,Angus Ta'avao,1990-03-22,29.33
20/07/2019,Argentina,4,Brodie Retallick,1991-05-31,28.14
20/07/2019,Argentina,15,Ben Smith,1986-06-01,33.13
20/07/2019,Argentina,19,Jackson Hemopo,1993-11-14,25.68
20/07/2019,Argentina,16,Liam Coltman,1990-01-25,29.48
20/07/2019,Argentina,2,Dane Coles,1986-12-10,32.61
20/07/2019,Argentina,23,Braydon Ennor,1997-07-16,22.01
20/07/2019,Argentina,9,Aaron Smith,1988-11-21,30.66
20/07/2019,Argentina,11,Jordie Barrett,1997-02-17,22.42
20/07/2019,Argentina,18,Nepo Laulala,1991-11-06,27.7
20/07/2019,Argentina,20,Luke Jacobson,1997-04-20,22.25
20/07/2019,Argentina,21,Brad Weber,1991-01-17,28.5
20/07/2019,Argentina,1,Ofa Tuungafasi,1992-04-19,27.25
20/07/2019,Argentina,17,Atunaisa Moli,1995-06-12,24.1
20/07/2019,Argentina,12,Ngani Laumape,1993-04-22,26.24
20/07/2019,Argentina,7,Sam Cane,1992-01-13,27.52
20/07/2019,Argentina,10,Beauden Barrett,1991-05-27,28.15
20/07/2019,Argentina,5,Patrick Tuipulotu,1993-01-23,26.49
20/07/2019,Argentina,14,Sevu Reece,1997-02-13,22.43
20/07/2019,Argentina,6,Vaea Fifita,1992-06-17,27.09
20/07/2019,Argentina,13,Anton Lienert-Brown,1995-04-15,24.26
27/07/2019,South Africa,12,Sonny Bill Williams,1985-08-03,33.98
27/07/2019,South Africa,2,Codie Taylor,1991-03-31,28.32
27/07/2019,South Africa,3,Owen Franks,1987-12-23,31.59
27/07/2019,South Africa,18,Angus Ta'avao,1990-03-22,29.35
27/07/2019,South Africa,23,George Bridge,1995-04-01,24.32
27/07/2019,South Africa,5,Samuel Whitelock,1988-10-12,30.79
27/07/2019,South Africa,4,Brodie Retallick,1991-05-31,28.16
27/07/2019,South Africa,20,Dalton Papali'i,1997-10-11,21.79
27/07/2019,South Africa,14,Ben Smith,1986-06-01,33.15
27/07/2019,South Africa,11,Rieko Ioane,1997-03-18,22.36
27/07/2019,South Africa,1,Joe Moody,1988-09-17,30.86
27/07/2019,South Africa,16,Dane Coles,1986-12-10,32.63
27/07/2019,South Africa,21,Aaron Smith,1988-11-21,30.68
27/07/2019,South Africa,17,Ofa Tuungafasi,1992-04-19,27.27
27/07/2019,South Africa,9,TJ Perenara,1992-01-23,27.51
27/07/2019,South Africa,6,Shannon Frizell,1994-02-11,25.45
27/07/2019,South Africa,8,Kieran Read,1985-10-26,33.75
27/07/2019,South Africa,10,Richie Mo'unga,1994-05-25,25.17
27/07/2019,South Africa,15,Beauden Barrett,1991-05-27,28.17
27/07/2019,South Africa,19,Vaea Fifita,1992-06-17,27.11
27/07/2019,South Africa,7,Matt Todd,1988-03-24,31.34
27/07/2019,South Africa,13,Jack Goodhue,1995-06-13,24.12
27/07/2019,South Africa,22,Anton Lienert-Brown,1995-04-15,24.28
10/08/2019,Australia,16,Codie Taylor,1991-03-31,28.36
10/08/2019,Australia,6,Ardie Savea,1993-10-14,25.82
10/08/2019,Australia,3,Owen Franks,1987-12-23,31.63
10/08/2019,Australia,18,Angus Ta'avao,1990-03-22,29.39
10/08/2019,Australia,23,George Bridge,1995-04-01,24.36
10/08/2019,Australia,5,Samuel Whitelock,1988-10-12,30.83
10/08/2019,Australia,14,Ben Smith,1986-06-01,33.19
10/08/2019,Australia,11,Rieko Ioane,1997-03-18,22.4
10/08/2019,Australia,1,Joe Moody,1988-09-17,30.89
10/08/2019,Australia,2,Dane Coles,1986-12-10,32.67
10/08/2019,Australia,9,Aaron Smith,1988-11-21,30.72
10/08/2019,Australia,21,TJ Perenara,1992-01-23,27.55
10/08/2019,Australia,17,Atunaisa Moli,1995-06-12,24.16
10/08/2019,Australia,22,Ngani Laumape,1993-04-22,26.3
10/08/2019,Australia,8,Kieran Read,1985-10-26,33.79
10/08/2019,Australia,10,Richie Mo'unga,1994-05-25,25.21
10/08/2019,Australia,7,Sam Cane,1992-01-13,27.57
10/08/2019,Australia,4,Scott Barrett,1993-11-20,25.72
10/08/2019,Australia,15,Beauden Barrett,1991-05-27,28.21
10/08/2019,Australia,19,Patrick Tuipulotu,1993-01-23,26.54
10/08/2019,Australia,20,Matt Todd,1988-03-24,31.38
10/08/2019,Australia,13,Jack Goodhue,1995-06-13,24.16
10/08/2019,Australia,12,Anton Lienert-Brown,1995-04-15,24.32
17/08/2019,Australia,12,Sonny Bill Williams,1985-08-03,34.04
17/08/2019,Australia,16,Codie Taylor,1991-03-31,28.38
17/08/2019,Australia,6,Ardie Savea,1993-10-14,25.84
17/08/2019,Australia,18,Angus Ta'avao,1990-03-22,29.41
17/08/2019,Australia,11,George Bridge,1995-04-01,24.38
17/08/2019,Australia,5,Samuel Whitelock,1988-10-12,30.85
17/08/2019,Australia,19,Jackson Hemopo,1993-11-14,25.76
17/08/2019,Australia,1,Joe Moody,1988-09-17,30.91
17/08/2019,Australia,2,Dane Coles,1986-12-10,32.69
17/08/2019,Australia,9,Aaron Smith,1988-11-21,30.74
17/08/2019,Australia,23,Jordie Barrett,1997-02-17,22.49
17/08/2019,Australia,3,Nepo Laulala,1991-11-06,27.78
17/08/2019,Australia,17,Ofa Tuungafasi,1992-04-19,27.33
17/08/2019,Australia,21,TJ Perenara,1992-01-23,27.57
17/08/2019,Australia,22,Ngani Laumape,1993-04-22,26.32
17/08/2019,Australia,8,Kieran Read,1985-10-26,33.81
17/08/2019,Australia,10,Richie Mo'unga,1994-05-25,25.23
17/08/2019,Australia,7,Sam Cane,1992-01-13,27.59
17/08/2019,Australia,15,Beauden Barrett,1991-05-27,28.23
17/08/2019,Australia,4,Patrick Tuipulotu,1993-01-23,26.56
17/08/2019,Australia,14,Sevu Reece,1997-02-13,22.51
17/08/2019,Australia,20,Matt Todd,1988-03-24,31.4
17/08/2019,Australia,13,Anton Lienert-Brown,1995-04-15,24.34
07/09/2019,Tonga,12,Ryan Crotty,1988-09-23,30.95
07/09/2019,Tonga,2,Codie Taylor,1991-03-31,28.44
07/09/2019,Tonga,6,Ardie Savea,1993-10-14,25.9
07/09/2019,Tonga,22,Josh Ioane,1995-07-11,24.16
07/09/2019,Tonga,18,Angus Ta'avao,1990-03-22,29.46
07/09/2019,Tonga,11,George Bridge,1995-04-01,24.44
07/09/2019,Tonga,5,Samuel Whitelock,1988-10-12,30.9
07/09/2019,Tonga,15,Ben Smith,1986-06-01,33.27
07/09/2019,Tonga,1,Joe Moody,1988-09-17,30.97
07/09/2019,Tonga,16,Liam Coltman,1990-01-25,29.62
07/09/2019,Tonga,21,Aaron Smith,1988-11-21,30.79
07/09/2019,Tonga,23,Jordie Barrett,1997-02-17,22.55
07/09/2019,Tonga,3,Nepo Laulala,1991-11-06,27.84
07/09/2019,Tonga,20,Luke Jacobson,1997-04-20,22.38
07/09/2019,Tonga,17,Ofa Tuungafasi,1992-04-19,27.38
07/09/2019,Tonga,9,TJ Perenara,1992-01-23,27.62
07/09/2019,Tonga,8,Kieran Read,1985-10-26,33.87
07/09/2019,Tonga,19,Scott Barrett,1993-11-20,25.8
07/09/2019,Tonga,10,Beauden Barrett,1991-05-27,28.28
07/09/2019,Tonga,4,Patrick Tuipulotu,1993-01-23,26.62
07/09/2019,Tonga,14,Sevu Reece,1997-02-13,22.56
07/09/2019,Tonga,7,Matt Todd,1988-03-24,31.46
07/09/2019,Tonga,13,Anton Lienert-Brown,1995-04-15,24.4
21/09/2019,South Africa,12,Ryan Crotty,1988-09-23,30.99
21/09/2019,South Africa,22,Sonny Bill Williams,1985-08-03,34.13
21/09/2019,South Africa,16,Codie Taylor,1991-03-31,28.48
21/09/2019,South Africa,6,Ardie Savea,1993-10-14,25.94
21/09/2019,South Africa,18,Angus Ta'avao,1990-03-22,29.5
21/09/2019,South Africa,11,George Bridge,1995-04-01,24.47
21/09/2019,South Africa,4,Samuel Whitelock,1988-10-12,30.94
21/09/2019,South Africa,23,Ben Smith,1986-06-01,33.31
21/09/2019,South Africa,1,Joe Moody,1988-09-17,31.01
21/09/2019,South Africa,2,Dane Coles,1986-12-10,32.78
21/09/2019,South Africa,9,Aaron Smith,1988-11-21,30.83
21/09/2019,South Africa,3,Nepo Laulala,1991-11-06,27.87
21/09/2019,South Africa,17,Ofa Tuungafasi,1992-04-19,27.42
21/09/2019,South Africa,21,TJ Perenara,1992-01-23,27.66
21/09/2019,South Africa,20,Shannon Frizell,1994-02-11,25.61
21/09/2019,South Africa,8,Kieran Read,1985-10-26,33.9
21/09/2019,South Africa,10,Richie Mo'unga,1994-05-25,25.33
21/09/2019,South Africa,7,Sam Cane,1992-01-13,27.69
21/09/2019,South Africa,5,Scott Barrett,1993-11-20,25.83
21/09/2019,South Africa,15,Beauden Barrett,1991-05-27,28.32
21/09/2019,South Africa,19,Patrick Tuipulotu,1993-01-23,26.66
21/09/2019,South Africa,14,Sevu Reece,1997-02-13,22.6
21/09/2019,South Africa,13,Anton Lienert-Brown,1995-04-15,24.44
02/10/2019,Canada,22,Ryan Crotty,1988-09-23,31.02
02/10/2019,Canada,12,Sonny Bill Williams,1985-08-03,34.16
02/10/2019,Canada,16,Codie Taylor,1991-03-31,28.51
02/10/2019,Canada,20,Ardie Savea,1993-10-14,25.97
02/10/2019,Canada,3,Angus Ta'avao,1990-03-22,29.53
02/10/2019,Canada,19,Samuel Whitelock,1988-10-12,30.97
02/10/2019,Canada,23,Ben Smith,1986-06-01,33.34
02/10/2019,Canada,11,Rieko Ioane,1997-03-18,22.54
02/10/2019,Canada,2,Liam Coltman,1990-01-25,29.68
02/10/2019,Canada,14,Jordie Barrett,1997-02-17,22.62
02/10/2019,Canada,18,Nepo Laulala,1991-11-06,27.9
02/10/2019,Canada,21,Brad Weber,1991-01-17,28.71
02/10/2019,Canada,17,Ofa Tuungafasi,1992-04-19,27.45
02/10/2019,Canada,9,TJ Perenara,1992-01-23,27.69
02/10/2019,Canada,6,Shannon Frizell,1994-02-11,25.64
02/10/2019,Canada,1,Atunaisa Moli,1995-06-12,24.31
02/10/2019,Canada,8,Kieran Read,1985-10-26,33.93
02/10/2019,Canada,10,Richie Mo'unga,1994-05-25,25.36
02/10/2019,Canada,4,Scott Barrett,1993-11-20,25.87
02/10/2019,Canada,15,Beauden Barrett,1991-05-27,28.35
02/10/2019,Canada,5,Patrick Tuipulotu,1993-01-23,26.69
02/10/2019,Canada,7,Matt Todd,1988-03-24,31.52
02/10/2019,Canada,13,Jack Goodhue,1995-06-13,24.3
06/10/2019,Namibia,21,Brad Weber,1991-01-17,28.72
06/10/2019,Namibia,17,Ofa Tuungafasi,1992-04-19,27.46
06/10/2019,Namibia,22,TJ Perenara,1992-01-23,27.7
06/10/2019,Namibia,6,Shannon Frizell,1994-02-11,25.65
06/10/2019,Namibia,7,Sam Cane,1992-01-13,27.73
06/10/2019,Namibia,19,Patrick Tuipulotu,1993-01-23,26.7
06/10/2019,Namibia,14,Sevu Reece,1997-02-13,22.64
06/10/2019,Namibia,20,Matt Todd,1988-03-24,31.54
06/10/2019,Namibia,13,Jack Goodhue,1995-06-13,24.32
06/10/2019,Namibia,12,Anton Lienert-Brown,1995-04-15,24.48
06/10/2019,Namibia,2,Codie Taylor,1991-03-31,28.52
06/10/2019,Namibia,8,Ardie Savea,1993-10-14,25.98
06/10/2019,Namibia,18,Angus Ta'avao,1990-03-22,29.54
06/10/2019,Namibia,11,George Bridge,1995-04-01,24.52
06/10/2019,Namibia,5,Samuel Whitelock,1988-10-12,30.98
06/10/2019,Namibia,4,Brodie Retallick,1991-05-31,28.35
06/10/2019,Namibia,15,Ben Smith,1986-06-01,33.35
06/10/2019,Namibia,23,Rieko Ioane,1997-03-18,22.55
06/10/2019,Namibia,1,Joe Moody,1988-09-17,31.05
06/10/2019,Namibia,16,Dane Coles,1986-12-10,32.82
06/10/2019,Namibia,9,Aaron Smith,1988-11-21,30.87
06/10/2019,Namibia,10,Jordie Barrett,1997-02-17,22.63
06/10/2019,Namibia,3,Nepo Laulala,1991-11-06,27.92
19/10/2019,Ireland,22,Sonny Bill Williams,1985-08-03,34.21
19/10/2019,Ireland,2,Codie Taylor,1991-03-31,28.55
19/10/2019,Ireland,6,Ardie Savea,1993-10-14,26.01
19/10/2019,Ireland,18,Angus Ta'avao,1990-03-22,29.58
19/10/2019,Ireland,11,George Bridge,1995-04-01,24.55
19/10/2019,Ireland,5,Samuel Whitelock,1988-10-12,31.02
19/10/2019,Ireland,4,Brodie Retallick,1991-05-31,28.39
19/10/2019,Ireland,1,Joe Moody,1988-09-17,31.09
19/10/2019,Ireland,16,Dane Coles,1986-12-10,32.86
19/10/2019,Ireland,9,Aaron Smith,1988-11-21,30.91
19/10/2019,Ireland,23,Jordie Barrett,1997-02-17,22.67
19/10/2019,Ireland,3,Nepo Laulala,1991-11-06,27.95
19/10/2019,Ireland,17,Ofa Tuungafasi,1992-04-19,27.5
19/10/2019,Ireland,21,TJ Perenara,1992-01-23,27.74
19/10/2019,Ireland,8,Kieran Read,1985-10-26,33.98
19/10/2019,Ireland,10,Richie Mo'unga,1994-05-25,25.4
19/10/2019,Ireland,7,Sam Cane,1992-01-13,27.77
19/10/2019,Ireland,19,Scott Barrett,1993-11-20,25.91
19/10/2019,Ireland,15,Beauden Barrett,1991-05-27,28.4
19/10/2019,Ireland,14,Sevu Reece,1997-02-13,22.68
19/10/2019,Ireland,20,Matt Todd,1988-03-24,31.57
19/10/2019,Ireland,13,Jack Goodhue,1995-06-13,24.35
19/10/2019,Ireland,12,Anton Lienert-Brown,1995-04-15,24.51
26/10/2019,England,22,Sonny Bill Williams,1985-08-03,34.23
26/10/2019,England,2,Codie Taylor,1991-03-31,28.57
26/10/2019,England,7,Ardie Savea,1993-10-14,26.03
26/10/2019,England,18,Angus Ta'avao,1990-03-22,29.6
26/10/2019,England,11,George Bridge,1995-04-01,24.57
26/10/2019,England,5,Samuel Whitelock,1988-10-12,31.04
26/10/2019,England,4,Brodie Retallick,1991-05-31,28.41
26/10/2019,England,1,Joe Moody,1988-09-17,31.11
26/10/2019,England,16,Dane Coles,1986-12-10,32.88
26/10/2019,England,9,Aaron Smith,1988-11-21,30.93
26/10/2019,England,23,Jordie Barrett,1997-02-17,22.69
26/10/2019,England,3,Nepo Laulala,1991-11-06,27.97
26/10/2019,England,17,Ofa Tuungafasi,1992-04-19,27.52
26/10/2019,England,21,TJ Perenara,1992-01-23,27.76
26/10/2019,England,8,Kieran Read,1985-10-26,34.0
26/10/2019,England,10,Richie Mo'unga,1994-05-25,25.42
26/10/2019,England,20,Sam Cane,1992-01-13,27.78
26/10/2019,England,6,Scott Barrett,1993-11-20,25.93
26/10/2019,England,15,Beauden Barrett,1991-05-27,28.42
26/10/2019,England,19,Patrick Tuipulotu,1993-01-23,26.75
26/10/2019,England,14,Sevu Reece,1997-02-13,22.7
26/10/2019,England,13,Jack Goodhue,1995-06-13,24.37
26/10/2019,England,12,Anton Lienert-Brown,1995-04-15,24.53
01/11/2019,Wales,13,Ryan Crotty,1988-09-23,31.11
01/11/2019,Wales,12,Sonny Bill Williams,1985-08-03,34.25
01/11/2019,Wales,18,Angus Ta'avao,1990-03-22,29.61
01/11/2019,Wales,4,Brodie Retallick,1991-05-31,28.42
01/11/2019,Wales,14,Ben Smith,1986-06-01,33.42
01/11/2019,Wales,11,Rieko Ioane,1997-03-18,22.62
01/11/2019,Wales,1,Joe Moody,1988-09-17,31.12
01/11/2019,Wales,16,Liam Coltman,1990-01-25,29.77
01/11/2019,Wales,2,Dane Coles,1986-12-10,32.89
01/11/2019,Wales,9,Aaron Smith,1988-11-21,30.94
01/11/2019,Wales,23,Jordie Barrett,1997-02-17,22.7
01/11/2019,Wales,3,Nepo Laulala,1991-11-06,27.99
01/11/2019,Wales,21,Brad Weber,1991-01-17,28.79
01/11/2019,Wales,6,Shannon Frizell,1994-02-11,25.72
01/11/2019,Wales,17,Atunaisa Moli,1995-06-12,24.39
01/11/2019,Wales,8,Kieran Read,1985-10-26,34.02
01/11/2019,Wales,10,Richie Mo'unga,1994-05-25,25.44
01/11/2019,Wales,7,Sam Cane,1992-01-13,27.8
01/11/2019,Wales,5,Scott Barrett,1993-11-20,25.95
01/11/2019,Wales,15,Beauden Barrett,1991-05-27,28.43
01/11/2019,Wales,19,Patrick Tuipulotu,1993-01-23,26.77
01/11/2019,Wales,20,Matt Todd,1988-03-24,31.61
01/11/2019,Wales,22,Anton Lienert-Brown,1995-04-15,24.55
11/10/2020,Australia,18,Tyrel Lomax,1996-03-16,24.57
11/10/2020,Australia,2,Codie Taylor,1991-03-31,29.53
11/10/2020,Australia,8,Ardie Savea,1993-10-14,26.99
11/10/2020,Australia,11,George Bridge,1995-04-01,25.53
11/10/2020,Australia,5,Samuel Whitelock,1988-10-12,32.0
11/10/2020,Australia,17,Karl Tu'inukuafe,1993-02-21,27.64
11/10/2020,Australia,23,Caleb Clarke,1999-03-29,21.54
11/10/2020,Australia,13,Rieko Ioane,1997-03-18,23.57
11/10/2020,Australia,1,Joe Moody,1988-09-17,32.07
11/10/2020,Australia,20,Hoskins Sotutu,1998-07-12,22.25
11/10/2020,Australia,16,Dane Coles,1986-12-10,33.84
11/10/2020,Australia,15,Damian McKenzie,1995-04-20,25.48
11/10/2020,Australia,9,Aaron Smith,1988-11-21,31.89
11/10/2020,Australia,14,Jordie Barrett,1997-02-17,23.65
11/10/2020,Australia,3,Ofa Tuungafasi,1992-04-19,28.48
11/10/2020,Australia,21,TJ Perenara,1992-01-23,28.72
11/10/2020,Australia,6,Shannon Frizell,1994-02-11,26.66
11/10/2020,Australia,10,Richie Mo'unga,1994-05-25,26.38
11/10/2020,Australia,7,Sam Cane,1992-01-13,28.75
11/10/2020,Australia,4,Patrick Tuipulotu,1993-01-23,27.72
11/10/2020,Australia,19,Tupou Vaa'i,2000-01-27,20.71
11/10/2020,Australia,12,Jack Goodhue,1995-06-13,25.33
11/10/2020,Australia,22,Anton Lienert-Brown,1995-04-15,25.49
18/10/2020,Australia,16,Codie Taylor,1991-03-31,29.55
18/10/2020,Australia,8,Ardie Savea,1993-10-14,27.01
18/10/2020,Australia,11,Caleb Clarke,1999-03-29,21.56
18/10/2020,Australia,1,Joe Moody,1988-09-17,32.09
18/10/2020,Australia,20,Hoskins Sotutu,1998-07-12,22.27
18/10/2020,Australia,2,Dane Coles,1986-12-10,33.86
18/10/2020,Australia,23,Damian McKenzie,1995-04-20,25.5
18/10/2020,Australia,9,Aaron Smith,1988-11-21,31.91
18/10/2020,Australia,14,Jordie Barrett,1997-02-17,23.67
18/10/2020,Australia,17,Alex Hodgman,1993-07-16,27.26
18/10/2020,Australia,18,Nepo Laulala,1991-11-06,28.95
18/10/2020,Australia,3,Ofa Tuungafasi,1992-04-19,28.5
18/10/2020,Australia,21,TJ Perenara,1992-01-23,28.74
18/10/2020,Australia,6,Shannon Frizell,1994-02-11,26.68
18/10/2020,Australia,22,Peter Umaga-Jensen,1997-12-31,22.8
18/10/2020,Australia,10,Richie Mo'unga,1994-05-25,26.4
18/10/2020,Australia,7,Sam Cane,1992-01-13,28.76
18/10/2020,Australia,19,Scott Barrett,1993-11-20,26.91
18/10/2020,Australia,15,Beauden Barrett,1991-05-27,29.4
18/10/2020,Australia,4,Patrick Tuipulotu,1993-01-23,27.73
18/10/2020,Australia,5,Tupou Vaa'i,2000-01-27,20.73
18/10/2020,Australia,12,Jack Goodhue,1995-06-13,25.35
18/10/2020,Australia,13,Anton Lienert-Brown,1995-04-15,25.51
31/10/2020,Australia,18,Tyrel Lomax,1996-03-16,24.63
31/10/2020,Australia,16,Codie Taylor,1991-03-31,29.59
31/10/2020,Australia,5,Samuel Whitelock,1988-10-12,32.05
31/10/2020,Australia,1,Karl Tu'inukuafe,1993-02-21,27.69
31/10/2020,Australia,11,Caleb Clarke,1999-03-29,21.59
31/10/2020,Australia,20,Dalton Papali'i,1997-10-11,23.06
31/10/2020,Australia,23,Rieko Ioane,1997-03-18,23.62
31/10/2020,Australia,8,Hoskins Sotutu,1998-07-12,22.31
31/10/2020,Australia,2,Dane Coles,1986-12-10,33.89
31/10/2020,Australia,9,Aaron Smith,1988-11-21,31.94
31/10/2020,Australia,14,Jordie Barrett,1997-02-17,23.7
31/10/2020,Australia,17,Alex Hodgman,1993-07-16,27.29
31/10/2020,Australia,3,Ofa Tuungafasi,1992-04-19,28.53
31/10/2020,Australia,21,TJ Perenara,1992-01-23,28.77
31/10/2020,Australia,6,Shannon Frizell,1994-02-11,26.72
31/10/2020,Australia,22,Ngani Laumape,1993-04-22,27.53
31/10/2020,Australia,10,Richie Mo'unga,1994-05-25,26.44
31/10/2020,Australia,7,Sam Cane,1992-01-13,28.8
31/10/2020,Australia,19,Scott Barrett,1993-11-20,26.95
31/10/2020,Australia,15,Beauden Barrett,1991-05-27,29.43
31/10/2020,Australia,4,Patrick Tuipulotu,1993-01-23,27.77
31/10/2020,Australia,12,Jack Goodhue,1995-06-13,25.39
31/10/2020,Australia,13,Anton Lienert-Brown,1995-04-15,25.55
07/11/2020,Australia,18,Tyrel Lomax,1996-03-16,24.65
07/11/2020,Australia,2,Codie Taylor,1991-03-31,29.61
07/11/2020,Australia,8,Ardie Savea,1993-10-14,27.07
07/11/2020,Australia,23,Will Jordan,1998-02-24,22.7
07/11/2020,Australia,5,Samuel Whitelock,1988-10-12,32.07
07/11/2020,Australia,1,Karl Tu'inukuafe,1993-02-21,27.71
07/11/2020,Australia,11,Rieko Ioane,1997-03-18,23.64
07/11/2020,Australia,16,Asafo Aumua,1997-05-05,23.51
07/11/2020,Australia,22,Damian McKenzie,1995-04-20,25.55
07/11/2020,Australia,15,Jordie Barrett,1997-02-17,23.72
07/11/2020,Australia,17,Alex Hodgman,1993-07-16,27.31
07/11/2020,Australia,21,Brad Weber,1991-01-17,29.81
07/11/2020,Australia,3,Ofa Tuungafasi,1992-04-19,28.55
07/11/2020,Australia,9,TJ Perenara,1992-01-23,28.79
07/11/2020,Australia,20,Cullen Grace,1999-12-20,20.88
07/11/2020,Australia,6,Akira Ioane,1995-06-16,25.4
07/11/2020,Australia,12,Ngani Laumape,1993-04-22,27.55
07/11/2020,Australia,7,Sam Cane,1992-01-13,28.82
07/11/2020,Australia,4,Scott Barrett,1993-11-20,26.97
07/11/2020,Australia,10,Beauden Barrett,1991-05-27,29.45
07/11/2020,Australia,14,Sevu Reece,1997-02-13,23.73
07/11/2020,Australia,19,Tupou Vaa'i,2000-01-27,20.78
07/11/2020,Australia,13,Anton Lienert-Brown,1995-04-15,25.57
14/11/2020,Argentina,3,Tyrel Lomax,1996-03-16,24.67
14/11/2020,Argentina,16,Codie Taylor,1991-03-31,29.63
14/11/2020,Argentina,8,Ardie Savea,1993-10-14,27.09
14/11/2020,Argentina,5,Samuel Whitelock,1988-10-12,32.09
14/11/2020,Argentina,11,Caleb Clarke,1999-03-29,21.63
14/11/2020,Argentina,22,Rieko Ioane,1997-03-18,23.66
14/11/2020,Argentina,1,Joe Moody,1988-09-17,32.16
14/11/2020,Argentina,20,Hoskins Sotutu,1998-07-12,22.34
14/11/2020,Argentina,2,Dane Coles,1986-12-10,33.93
14/11/2020,Argentina,23,Damian McKenzie,1995-04-20,25.57
14/11/2020,Argentina,9,Aaron Smith,1988-11-21,31.98
14/11/2020,Argentina,14,Jordie Barrett,1997-02-17,23.74
14/11/2020,Argentina,17,Alex Hodgman,1993-07-16,27.33
14/11/2020,Argentina,18,Nepo Laulala,1991-11-06,29.02
14/11/2020,Argentina,21,Brad Weber,1991-01-17,29.83
14/11/2020,Argentina,6,Shannon Frizell,1994-02-11,26.76
14/11/2020,Argentina,10,Richie Mo'unga,1994-05-25,26.48
14/11/2020,Argentina,7,Sam Cane,1992-01-13,28.84
14/11/2020,Argentina,15,Beauden Barrett,1991-05-27,29.47
14/11/2020,Argentina,4,Patrick Tuipulotu,1993-01-23,27.81
14/11/2020,Argentina,19,Tupou Vaa'i,2000-01-27,20.8
14/11/2020,Argentina,12,Jack Goodhue,1995-06-13,25.42
14/11/2020,Argentina,13,Anton Lienert-Brown,1995-04-15,25.59
28/11/2020,Argentina,18,Tyrel Lomax,1996-03-16,24.7
28/11/2020,Argentina,16,Codie Taylor,1991-03-31,29.67
28/11/2020,Argentina,8,Ardie Savea,1993-10-14,27.12
28/11/2020,Argentina,23,Will Jordan,1998-02-24,22.76
28/11/2020,Argentina,5,Samuel Whitelock,1988-10-12,32.13
28/11/2020,Argentina,17,Karl Tu'inukuafe,1993-02-21,27.77
28/11/2020,Argentina,11,Caleb Clarke,1999-03-29,21.67
28/11/2020,Argentina,22,Rieko Ioane,1997-03-18,23.7
28/11/2020,Argentina,1,Joe Moody,1988-09-17,32.2
28/11/2020,Argentina,20,Hoskins Sotutu,1998-07-12,22.38
28/11/2020,Argentina,2,Dane Coles,1986-12-10,33.97
28/11/2020,Argentina,9,Aaron Smith,1988-11-21,32.02
28/11/2020,Argentina,14,Jordie Barrett,1997-02-17,23.78
28/11/2020,Argentina,3,Nepo Laulala,1991-11-06,29.06
28/11/2020,Argentina,21,TJ Perenara,1992-01-23,28.85
28/11/2020,Argentina,6,Akira Ioane,1995-06-16,25.45
28/11/2020,Argentina,10,Richie Mo'unga,1994-05-25,26.51
28/11/2020,Argentina,7,Sam Cane,1992-01-13,28.88
28/11/2020,Argentina,4,Scott Barrett,1993-11-20,27.02
28/11/2020,Argentina,15,Beauden Barrett,1991-05-27,29.51
28/11/2020,Argentina,19,Patrick Tuipulotu,1993-01-23,27.85
28/11/2020,Argentina,12,Jack Goodhue,1995-06-13,25.46
28/11/2020,Argentina,13,Anton Lienert-Brown,1995-04-15,25.62
03/07/2021,Tonga,18,Tyrel Lomax,1996-03-16,25.3
03/07/2021,Tonga,12,Quinn Tupaea,1999-05-10,22.15
03/07/2021,Tonga,3,Angus Ta'avao,1990-03-22,31.28
03/07/2021,Tonga,20,Ethan Blackadder,1995-03-22,26.28
03/07/2021,Tonga,11,George Bridge,1995-04-01,26.26
03/07/2021,Tonga,14,Will Jordan,1998-02-24,23.35
03/07/2021,Tonga,5,Samuel Whitelock,1988-10-12,32.72
03/07/2021,Tonga,1,Karl Tu'inukuafe,1993-02-21,28.36
03/07/2021,Tonga,7,Dalton Papali'i,1997-10-11,23.73
03/07/2021,Tonga,13,Rieko Ioane,1997-03-18,24.29
03/07/2021,Tonga,16,Asafo Aumua,1997-05-05,24.16
03/07/2021,Tonga,2,Dane Coles,1986-12-10,34.56
03/07/2021,Tonga,21,Finlay Christie,1995-09-19,25.79
03/07/2021,Tonga,15,Damian McKenzie,1995-04-20,26.2
03/07/2021,Tonga,17,George Bower,1992-05-28,29.1
03/07/2021,Tonga,23,Jordie Barrett,1997-02-17,24.37
03/07/2021,Tonga,8,Luke Jacobson,1997-04-20,24.2
03/07/2021,Tonga,9,Brad Weber,1991-01-17,30.46
03/07/2021,Tonga,6,Akira Ioane,1995-06-16,26.05
03/07/2021,Tonga,10,Richie Mo'unga,1994-05-25,27.11
03/07/2021,Tonga,4,Scott Barrett,1993-11-20,27.62
03/07/2021,Tonga,22,Beauden Barrett,1991-05-27,30.1
03/07/2021,Tonga,19,Patrick Tuipulotu,1993-01-23,28.44
10/07/2021,Fiji,18,Tyrel Lomax,1996-03-16,25.32
10/07/2021,Fiji,2,Codie Taylor,1991-03-31,30.28
10/07/2021,Fiji,7,Ethan Blackadder,1995-03-22,26.3
10/07/2021,Fiji,11,George Bridge,1995-04-01,26.28
10/07/2021,Fiji,23,Will Jordan,1998-02-24,23.37
10/07/2021,Fiji,19,Samuel Whitelock,1988-10-12,32.74
10/07/2021,Fiji,5,Brodie Retallick,1991-05-31,30.11
10/07/2021,Fiji,13,Rieko Ioane,1997-03-18,24.31
10/07/2021,Fiji,8,Hoskins Sotutu,1998-07-12,23.0
10/07/2021,Fiji,16,Dane Coles,1986-12-10,34.58
10/07/2021,Fiji,21,Finlay Christie,1995-09-19,25.81
10/07/2021,Fiji,22,Damian McKenzie,1995-04-20,26.22
10/07/2021,Fiji,1,George Bower,1992-05-28,29.12
10/07/2021,Fiji,12,David Havili,1994-12-23,26.55
10/07/2021,Fiji,9,Aaron Smith,1988-11-21,32.63
10/07/2021,Fiji,15,Jordie Barrett,1997-02-17,24.39
10/07/2021,Fiji,3,Nepo Laulala,1991-11-06,29.68
10/07/2021,Fiji,20,Luke Jacobson,1997-04-20,24.22
10/07/2021,Fiji,17,Ethan de Groot,1998-07-22,22.97
10/07/2021,Fiji,6,Shannon Frizell,1994-02-11,27.41
10/07/2021,Fiji,10,Beauden Barrett,1991-05-27,30.12
10/07/2021,Fiji,4,Patrick Tuipulotu,1993-01-23,28.46
10/07/2021,Fiji,14,Sevu Reece,1997-02-13,24.4
17/07/2021,Fiji,2,Codie Taylor,1991-03-31,30.3
17/07/2021,Fiji,7,Ardie Savea,1993-10-14,27.76
17/07/2021,Fiji,18,Angus Ta'avao,1990-03-22,31.32
17/07/2021,Fiji,14,Will Jordan,1998-02-24,23.39
17/07/2021,Fiji,5,Samuel Whitelock,1988-10-12,32.76
17/07/2021,Fiji,19,Brodie Retallick,1991-05-31,30.13
17/07/2021,Fiji,23,Rieko Ioane,1997-03-18,24.33
17/07/2021,Fiji,16,Samisoni Taukei'aho,1997-08-08,23.94
17/07/2021,Fiji,15,Damian McKenzie,1995-04-20,26.24
17/07/2021,Fiji,1,George Bower,1992-05-28,29.14
17/07/2021,Fiji,12,David Havili,1994-12-23,26.57
17/07/2021,Fiji,9,Aaron Smith,1988-11-21,32.65
17/07/2021,Fiji,3,Nepo Laulala,1991-11-06,29.7
17/07/2021,Fiji,8,Luke Jacobson,1997-04-20,24.24
17/07/2021,Fiji,21,Brad Weber,1991-01-17,30.5
17/07/2021,Fiji,17,Ethan de Groot,1998-07-22,22.99
17/07/2021,Fiji,20,Shannon Frizell,1994-02-11,27.43
17/07/2021,Fiji,6,Akira Ioane,1995-06-16,26.09
17/07/2021,Fiji,10,Richie Mo'unga,1994-05-25,27.15
17/07/2021,Fiji,4,Scott Barrett,1993-11-20,27.66
17/07/2021,Fiji,22,Beauden Barrett,1991-05-27,30.14
17/07/2021,Fiji,11,Sevu Reece,1997-02-13,24.42
17/07/2021,Fiji,13,Anton Lienert-Brown,1995-04-15,26.26
07/08/2021,Australia,2,Codie Taylor,1991-03-31,30.36
07/08/2021,Australia,8,Ardie Savea,1993-10-14,27.81
07/08/2021,Australia,18,Angus Ta'avao,1990-03-22,31.38
07/08/2021,Australia,5,Samuel Whitelock,1988-10-12,32.82
07/08/2021,Australia,17,Karl Tu'inukuafe,1993-02-21,28.46
07/08/2021,Australia,4,Brodie Retallick,1991-05-31,30.19
07/08/2021,Australia,7,Dalton Papali'i,1997-10-11,23.82
07/08/2021,Australia,11,Rieko Ioane,1997-03-18,24.39
07/08/2021,Australia,26,Samisoni Taukei'aho,1997-08-08,24.0
07/08/2021,Australia,15,Damian McKenzie,1995-04-20,26.3
07/08/2021,Australia,1,George Bower,1992-05-28,29.19
07/08/2021,Australia,12,David Havili,1994-12-23,26.62
07/08/2021,Australia,9,Aaron Smith,1988-11-21,32.71
07/08/2021,Australia,23,Jordie Barrett,1997-02-17,24.47
07/08/2021,Australia,3,Nepo Laulala,1991-11-06,29.75
07/08/2021,Australia,20,Luke Jacobson,1997-04-20,24.3
07/08/2021,Australia,21,Brad Weber,1991-01-17,30.56
07/08/2021,Australia,6,Akira Ioane,1995-06-16,26.14
07/08/2021,Australia,10,Richie Mo'unga,1994-05-25,27.2
07/08/2021,Australia,22,Beauden Barrett,1991-05-27,30.2
07/08/2021,Australia,19,Patrick Tuipulotu,1993-01-23,28.54
07/08/2021,Australia,14,Sevu Reece,1997-02-13,24.48
07/08/2021,Australia,13,Anton Lienert-Brown,1995-04-15,26.31
14/08/2021,Australia,2,Codie Taylor,1991-03-31,30.37
14/08/2021,Australia,8,Ardie Savea,1993-10-14,27.83
14/08/2021,Australia,18,Angus Ta'avao,1990-03-22,31.4
14/08/2021,Australia,14,Will Jordan,1998-02-24,23.47
14/08/2021,Australia,5,Samuel Whitelock,1988-10-12,32.84
14/08/2021,Australia,17,Karl Tu'inukuafe,1993-02-21,28.48
14/08/2021,Australia,4,Brodie Retallick,1991-05-31,30.21
14/08/2021,Australia,7,Dalton Papali'i,1997-10-11,23.84
14/08/2021,Australia,13,Rieko Ioane,1997-03-18,24.41
14/08/2021,Australia,16,Samisoni Taukei'aho,1997-08-08,24.02
14/08/2021,Australia,15,Damian McKenzie,1995-04-20,26.32
14/08/2021,Australia,1,George Bower,1992-05-28,29.21
14/08/2021,Australia,12,David Havili,1994-12-23,26.64
14/08/2021,Australia,9,Aaron Smith,1988-11-21,32.73
14/08/2021,Australia,23,Jordie Barrett,1997-02-17,24.49
14/08/2021,Australia,3,Nepo Laulala,1991-11-06,29.77
14/08/2021,Australia,20,Luke Jacobson,1997-04-20,24.32
14/08/2021,Australia,21,TJ Perenara,1992-01-23,29.56
14/08/2021,Australia,6,Akira Ioane,1995-06-16,26.16
14/08/2021,Australia,10,Richie Mo'unga,1994-05-25,27.22
14/08/2021,Australia,19,Scott Barrett,1993-11-20,27.73
14/08/2021,Australia,22,Beauden Barrett,1991-05-27,30.22
14/08/2021,Australia,11,Sevu Reece,1997-02-13,24.5
05/09/2021,Australia,2,Codie Taylor,1991-03-31,30.43
05/09/2021,Australia,8,Ardie Savea,1993-10-14,27.89
05/09/2021,Australia,18,Angus Ta'avao,1990-03-22,31.46
05/09/2021,Australia,20,Ethan Blackadder,1995-03-22,26.46
05/09/2021,Australia,23,George Bridge,1995-04-01,26.43
05/09/2021,Australia,14,Will Jordan,1998-02-24,23.53
05/09/2021,Australia,17,Karl Tu'inukuafe,1993-02-21,28.54
05/09/2021,Australia,4,Brodie Retallick,1991-05-31,30.27
05/09/2021,Australia,7,Dalton Papali'i,1997-10-11,23.9
05/09/2021,Australia,11,Rieko Ioane,1997-03-18,24.47
05/09/2021,Australia,16,Samisoni Taukei'aho,1997-08-08,24.08
05/09/2021,Australia,22,Damian McKenzie,1995-04-20,26.38
05/09/2021,Australia,1,George Bower,1992-05-28,29.27
05/09/2021,Australia,12,David Havili,1994-12-23,26.7
05/09/2021,Australia,15,Jordie Barrett,1997-02-17,24.55
05/09/2021,Australia,3,Nepo Laulala,1991-11-06,29.83
05/09/2021,Australia,9,Brad Weber,1991-01-17,30.63
05/09/2021,Australia,21,TJ Perenara,1992-01-23,29.62
05/09/2021,Australia,6,Akira Ioane,1995-06-16,26.22
05/09/2021,Australia,5,Scott Barrett,1993-11-20,27.79
05/09/2021,Australia,10,Beauden Barrett,1991-05-27,30.28
05/09/2021,Australia,19,Tupou Vaa'i,2000-01-27,21.61
05/09/2021,Australia,13,Anton Lienert-Brown,1995-04-15,26.39
12/09/2021,Argentina,18,Tyrel Lomax,1996-03-16,25.49
12/09/2021,Argentina,23,Quinn Tupaea,1999-05-10,22.34
12/09/2021,Argentina,20,Ethan Blackadder,1995-03-22,26.48
12/09/2021,Argentina,11,George Bridge,1995-04-01,26.45
12/09/2021,Argentina,1,Karl Tu'inukuafe,1993-02-21,28.56
12/09/2021,Argentina,4,Brodie Retallick,1991-05-31,30.29
12/09/2021,Argentina,7,Dalton Papali'i,1997-10-11,23.92
12/09/2021,Argentina,13,Rieko Ioane,1997-03-18,24.49
12/09/2021,Argentina,16,Samisoni Taukei'aho,1997-08-08,24.1
12/09/2021,Argentina,17,Joe Moody,1988-09-17,32.99
12/09/2021,Argentina,2,Asafo Aumua,1997-05-05,24.36
12/09/2021,Argentina,22,Damian McKenzie,1995-04-20,26.4
12/09/2021,Argentina,12,David Havili,1994-12-23,26.72
12/09/2021,Argentina,15,Jordie Barrett,1997-02-17,24.57
12/09/2021,Argentina,3,Nepo Laulala,1991-11-06,29.85
12/09/2021,Argentina,8,Luke Jacobson,1997-04-20,24.4
12/09/2021,Argentina,21,Brad Weber,1991-01-17,30.65
12/09/2021,Argentina,9,TJ Perenara,1992-01-23,29.64
12/09/2021,Argentina,6,Akira Ioane,1995-06-16,26.24
12/09/2021,Argentina,5,Scott Barrett,1993-11-20,27.81
12/09/2021,Argentina,10,Beauden Barrett,1991-05-27,30.3
12/09/2021,Argentina,14,Sevu Reece,1997-02-13,24.58
12/09/2021,Argentina,19,Tupou Vaa'i,2000-01-27,21.63
18/09/2021,Argentina,3,Tyrel Lomax,1996-03-16,25.51
18/09/2021,Argentina,16,Codie Taylor,1991-03-31,30.47
18/09/2021,Argentina,12,Quinn Tupaea,1999-05-10,22.36
18/09/2021,Argentina,7,Ardie Savea,1993-10-14,27.93
18/09/2021,Argentina,6,Ethan Blackadder,1995-03-22,26.49
18/09/2021,Argentina,11,George Bridge,1995-04-01,26.47
18/09/2021,Argentina,14,Will Jordan,1998-02-24,23.57
18/09/2021,Argentina,13,Rieko Ioane,1997-03-18,24.5
18/09/2021,Argentina,2,Samisoni Taukei'aho,1997-08-08,24.11
18/09/2021,Argentina,1,Joe Moody,1988-09-17,33.0
18/09/2021,Argentina,8,Hoskins Sotutu,1998-07-12,23.19
18/09/2021,Argentina,21,Finlay Christie,1995-09-19,26.0
18/09/2021,Argentina,10,Damian McKenzie,1995-04-20,26.42
18/09/2021,Argentina,23,Braydon Ennor,1997-07-16,24.18
18/09/2021,Argentina,17,George Bower,1992-05-28,29.31
18/09/2021,Argentina,15,Jordie Barrett,1997-02-17,24.58
18/09/2021,Argentina,20,Luke Jacobson,1997-04-20,24.41
18/09/2021,Argentina,18,Ofa Tuungafasi,1992-04-19,29.42
18/09/2021,Argentina,9,TJ Perenara,1992-01-23,29.65
18/09/2021,Argentina,19,Scott Barrett,1993-11-20,27.83
18/09/2021,Argentina,22,Beauden Barrett,1991-05-27,30.31
18/09/2021,Argentina,4,Patrick Tuipulotu,1993-01-23,28.65
18/09/2021,Argentina,5,Tupou Vaa'i,2000-01-27,21.64
25/09/2021,South Africa,2,Codie Taylor,1991-03-31,30.49
25/09/2021,South Africa,23,Quinn Tupaea,1999-05-10,22.38
25/09/2021,South Africa,8,Ardie Savea,1993-10-14,27.95
25/09/2021,South Africa,7,Ethan Blackadder,1995-03-22,26.51
25/09/2021,South Africa,11,George Bridge,1995-04-01,26.49
25/09/2021,South Africa,14,Will Jordan,1998-02-24,23.58
25/09/2021,South Africa,17,Karl Tu'inukuafe,1993-02-21,28.59
25/09/2021,South Africa,4,Brodie Retallick,1991-05-31,30.32
25/09/2021,South Africa,13,Rieko Ioane,1997-03-18,24.52
25/09/2021,South Africa,16,Samisoni Taukei'aho,1997-08-08,24.13
25/09/2021,South Africa,1,Joe Moody,1988-09-17,33.02
25/09/2021,South Africa,20,Hoskins Sotutu,1998-07-12,23.21
25/09/2021,South Africa,22,Damian McKenzie,1995-04-20,26.43
25/09/2021,South Africa,12,David Havili,1994-12-23,26.76
25/09/2021,South Africa,15,Jordie Barrett,1997-02-17,24.6
25/09/2021,South Africa,3,Nepo Laulala,1991-11-06,29.89
25/09/2021,South Africa,21,Brad Weber,1991-01-17,30.69
25/09/2021,South Africa,18,Ofa Tuungafasi,1992-04-19,29.44
25/09/2021,South Africa,9,TJ Perenara,1992-01-23,29.67
25/09/2021,South Africa,6,Akira Ioane,1995-06-16,26.28
25/09/2021,South Africa,5,Scott Barrett,1993-11-20,27.85
25/09/2021,South Africa,10,Beauden Barrett,1991-05-27,30.33
25/09/2021,South Africa,19,Patrick Tuipulotu,1993-01-23,28.67
02/10/2021,South Africa,2,Codie Taylor,1991-03-31,30.51
02/10/2021,South Africa,7,Ardie Savea,1993-10-14,27.97
02/10/2021,South Africa,20,Ethan Blackadder,1995-03-22,26.53
02/10/2021,South Africa,4,Brodie Retallick,1991-05-31,30.34
02/10/2021,South Africa,11,Rieko Ioane,1997-03-18,24.54
02/10/2021,South Africa,1,Joe Moody,1988-09-17,33.04
02/10/2021,South Africa,16,Asafo Aumua,1997-05-05,24.41
02/10/2021,South Africa,23,Damian McKenzie,1995-04-20,26.45
02/10/2021,South Africa,17,George Bower,1992-05-28,29.35
02/10/2021,South Africa,12,David Havili,1994-12-23,26.78
02/10/2021,South Africa,15,Jordie Barrett,1997-02-17,24.62
02/10/2021,South Africa,3,Nepo Laulala,1991-11-06,29.91
02/10/2021,South Africa,8,Luke Jacobson,1997-04-20,24.45
02/10/2021,South Africa,9,Brad Weber,1991-01-17,30.71
02/10/2021,South Africa,18,Ofa Tuungafasi,1992-04-19,29.45
02/10/2021,South Africa,21,TJ Perenara,1992-01-23,29.69
02/10/2021,South Africa,6,Akira Ioane,1995-06-16,26.3
02/10/2021,South Africa,22,Richie Mo'unga,1994-05-25,27.36
02/10/2021,South Africa,5,Scott Barrett,1993-11-20,27.87
02/10/2021,South Africa,10,Beauden Barrett,1991-05-27,30.35
02/10/2021,South Africa,19,Patrick Tuipulotu,1993-01-23,28.69
02/10/2021,South Africa,14,Sevu Reece,1997-02-13,24.63
02/10/2021,South Africa,13,Anton Lienert-Brown,1995-04-15,26.47
23/10/2021,USA,18,Tyrel Lomax,1996-03-16,25.6
23/10/2021,USA,12,Quinn Tupaea,1999-05-10,22.46
23/10/2021,USA,3,Angus Ta'avao,1990-03-22,31.59
23/10/2021,USA,11,George Bridge,1995-04-01,26.56
23/10/2021,USA,14,Will Jordan,1998-02-24,23.66
23/10/2021,USA,4,Samuel Whitelock,1988-10-12,33.03
23/10/2021,USA,7,Dalton Papali'i,1997-10-11,24.03
23/10/2021,USA,2,Asafo Aumua,1997-05-05,24.47
23/10/2021,USA,8,Hoskins Sotutu,1998-07-12,23.28
23/10/2021,USA,16,Dane Coles,1986-12-10,34.87
23/10/2021,USA,9,Finlay Christie,1995-09-19,26.09
23/10/2021,USA,15,Damian McKenzie,1995-04-20,26.51
23/10/2021,USA,13,Braydon Ennor,1997-07-16,24.27
23/10/2021,USA,17,George Bower,1992-05-28,29.41
23/10/2021,USA,6,Luke Jacobson,1997-04-20,24.51
23/10/2021,USA,1,Ethan de Groot,1998-07-22,23.26
23/10/2021,USA,21,TJ Perenara,1992-01-23,29.75
23/10/2021,USA,10,Richie Mo'unga,1994-05-25,27.41
23/10/2021,USA,20,Sam Cane,1992-01-13,29.78
23/10/2021,USA,22,Beauden Barrett,1991-05-27,30.41
23/10/2021,USA,5,Tupou Vaa'i,2000-01-27,21.74
23/10/2021,USA,23,Anton Lienert-Brown,1995-04-15,26.52
23/10/2021,USA,19,Josh Lord,2001-01-17,20.76
30/10/2021,Wales,18,Tyrel Lomax,1996-03-16,25.62
30/10/2021,Wales,2,Codie Taylor,1991-03-31,30.59
30/10/2021,Wales,8,Ardie Savea,1993-10-14,28.04
30/10/2021,Wales,6,Ethan Blackadder,1995-03-22,26.61
30/10/2021,Wales,14,Will Jordan,1998-02-24,23.68
30/10/2021,Wales,5,Samuel Whitelock,1988-10-12,33.05
30/10/2021,Wales,17,Karl Tu'inukuafe,1993-02-21,28.69
30/10/2021,Wales,4,Brodie Retallick,1991-05-31,30.42
30/10/2021,Wales,7,Dalton Papali'i,1997-10-11,24.05
30/10/2021,Wales,11,Rieko Ioane,1997-03-18,24.62
30/10/2021,Wales,16,Samisoni Taukei'aho,1997-08-08,24.23
30/10/2021,Wales,1,Joe Moody,1988-09-17,33.12
30/10/2021,Wales,12,David Havili,1994-12-23,26.85
30/10/2021,Wales,15,Jordie Barrett,1997-02-17,24.7
30/10/2021,Wales,3,Nepo Laulala,1991-11-06,29.98
30/10/2021,Wales,21,Brad Weber,1991-01-17,30.79
30/10/2021,Wales,9,TJ Perenara,1992-01-23,29.77
30/10/2021,Wales,20,Akira Ioane,1995-06-16,26.37
30/10/2021,Wales,22,Richie Mo'unga,1994-05-25,27.43
30/10/2021,Wales,10,Beauden Barrett,1991-05-27,30.43
30/10/2021,Wales,23,Sevu Reece,1997-02-13,24.71
30/10/2021,Wales,19,Tupou Vaa'i,2000-01-27,21.76
30/10/2021,Wales,13,Anton Lienert-Brown,1995-04-15,26.54
06/11/2021,Italy,3,Tyrel Lomax,1996-03-16,25.64
06/11/2021,Italy,12,Quinn Tupaea,1999-05-10,22.49
06/11/2021,Italy,11,George Bridge,1995-04-01,26.6
06/11/2021,Italy,19,Samuel Whitelock,1988-10-12,33.07
06/11/2021,Italy,16,Asafo Aumua,1997-05-05,24.51
06/11/2021,Italy,8,Hoskins Sotutu,1998-07-12,23.32
06/11/2021,Italy,2,Dane Coles,1986-12-10,34.91
06/11/2021,Italy,21,Finlay Christie,1995-09-19,26.13
06/11/2021,Italy,15,Damian McKenzie,1995-04-20,26.55
06/11/2021,Italy,13,Braydon Ennor,1997-07-16,24.31
06/11/2021,Italy,1,George Bower,1992-05-28,29.44
06/11/2021,Italy,22,David Havili,1994-12-23,26.87
06/11/2021,Italy,23,Jordie Barrett,1997-02-17,24.72
06/11/2021,Italy,6,Luke Jacobson,1997-04-20,24.55
06/11/2021,Italy,9,Brad Weber,1991-01-17,30.8
06/11/2021,Italy,18,Ofa Tuungafasi,1992-04-19,29.55
06/11/2021,Italy,17,Ethan de Groot,1998-07-22,23.29
06/11/2021,Italy,20,Shannon Frizell,1994-02-11,27.73
06/11/2021,Italy,10,Richie Mo'unga,1994-05-25,27.45
06/11/2021,Italy,7,Sam Cane,1992-01-13,29.82
06/11/2021,Italy,14,Sevu Reece,1997-02-13,24.73
06/11/2021,Italy,4,Tupou Vaa'i,2000-01-27,21.78
06/11/2021,Italy,5,Josh Lord,2001-01-17,20.8
13/11/2021,Ireland,18,Tyrel Lomax,1996-03-16,25.66
13/11/2021,Ireland,2,Codie Taylor,1991-03-31,30.62
13/11/2021,Ireland,8,Ardie Savea,1993-10-14,28.08
13/11/2021,Ireland,6,Ethan Blackadder,1995-03-22,26.65
13/11/2021,Ireland,14,Will Jordan,1998-02-24,23.72
13/11/2021,Ireland,5,Samuel Whitelock,1988-10-12,33.09
13/11/2021,Ireland,17,Karl Tu'inukuafe,1993-02-21,28.73
13/11/2021,Ireland,4,Brodie Retallick,1991-05-31,30.46
13/11/2021,Ireland,7,Dalton Papali'i,1997-10-11,24.09
13/11/2021,Ireland,13,Rieko Ioane,1997-03-18,24.66
13/11/2021,Ireland,1,Joe Moody,1988-09-17,33.16
13/11/2021,Ireland,16,Dane Coles,1986-12-10,34.93
13/11/2021,Ireland,21,Finlay Christie,1995-09-19,26.15
13/11/2021,Ireland,23,David Havili,1994-12-23,26.89
13/11/2021,Ireland,15,Jordie Barrett,1997-02-17,24.74
13/11/2021,Ireland,3,Nepo Laulala,1991-11-06,30.02
13/11/2021,Ireland,9,TJ Perenara,1992-01-23,29.81
13/11/2021,Ireland,20,Akira Ioane,1995-06-16,26.41
13/11/2021,Ireland,22,Richie Mo'unga,1994-05-25,27.47
13/11/2021,Ireland,10,Beauden Barrett,1991-05-27,30.47
13/11/2021,Ireland,11,Sevu Reece,1997-02-13,24.75
13/11/2021,Ireland,19,Tupou Vaa'i,2000-01-27,21.8
13/11/2021,Ireland,12,Anton Lienert-Brown,1995-04-15,26.58
20/11/2021,France,12,Quinn Tupaea,1999-05-10,22.53
20/11/2021,France,8,Ardie Savea,1993-10-14,28.1
20/11/2021,France,11,George Bridge,1995-04-01,26.64
20/11/2021,France,14,Will Jordan,1998-02-24,23.74
20/11/2021,France,5,Samuel Whitelock,1988-10-12,33.11
20/11/2021,France,4,Brodie Retallick,1991-05-31,30.48
20/11/2021,France,13,Rieko Ioane,1997-03-18,24.68
20/11/2021,France,16,Samisoni Taukei'aho,1997-08-08,24.29
20/11/2021,France,1,Joe Moody,1988-09-17,33.18
20/11/2021,France,2,Dane Coles,1986-12-10,34.95
20/11/2021,France,22,Damian McKenzie,1995-04-20,26.59
20/11/2021,France,17,George Bower,1992-05-28,29.48
20/11/2021,France,23,David Havili,1994-12-23,26.91
20/11/2021,France,9,Aaron Smith,1988-11-21,33.0
20/11/2021,France,15,Jordie Barrett,1997-02-17,24.76
20/11/2021,France,3,Nepo Laulala,1991-11-06,30.04
20/11/2021,France,21,Brad Weber,1991-01-17,30.84
20/11/2021,France,18,Ofa Tuungafasi,1992-04-19,29.59
20/11/2021,France,20,Shannon Frizell,1994-02-11,27.77
20/11/2021,France,6,Akira Ioane,1995-06-16,26.43
20/11/2021,France,10,Richie Mo'unga,1994-05-25,27.49
20/11/2021,France,7,Sam Cane,1992-01-13,29.85
20/11/2021,France,19,Tupou Vaa'i,2000-01-27,21.82
02/07/2022,Ireland,2,Codie Taylor,1991-03-31,31.26
02/07/2022,Ireland,12,Quinn Tupaea,1999-05-10,23.15
02/07/2022,Ireland,8,Ardie Savea,1993-10-14,28.72
02/07/2022,Ireland,18,Angus Ta'avao,1990-03-22,32.28
02/07/2022,Ireland,5,Samuel Whitelock,1988-10-12,33.72
02/07/2022,Ireland,17,Karl Tu'inukuafe,1993-02-21,29.36
02/07/2022,Ireland,4,Brodie Retallick,1991-05-31,31.09
02/07/2022,Ireland,20,Dalton Papali'i,1997-10-11,24.72
02/07/2022,Ireland,13,Rieko Ioane,1997-03-18,25.29
02/07/2022,Ireland,16,Samisoni Taukei'aho,1997-08-08,24.9
02/07/2022,Ireland,21,Finlay Christie,1995-09-19,26.78
02/07/2022,Ireland,11,Leicester Fainga'anuku,1999-10-11,22.72
02/07/2022,Ireland,23,Braydon Ennor,1997-07-16,24.96
02/07/2022,Ireland,1,George Bower,1992-05-28,30.1
02/07/2022,Ireland,9,Aaron Smith,1988-11-21,33.61
02/07/2022,Ireland,15,Jordie Barrett,1997-02-17,25.37
02/07/2022,Ireland,3,Ofa Tuungafasi,1992-04-19,30.2
02/07/2022,Ireland,19,Pita Gus Sowakula,1994-10-26,27.68
02/07/2022,Ireland,22,Richie Mo'unga,1994-05-25,28.1
02/07/2022,Ireland,7,Sam Cane,1992-01-13,30.47
02/07/2022,Ireland,6,Scott Barrett,1993-11-20,28.61
02/07/2022,Ireland,10,Beauden Barrett,1991-05-27,31.1
02/07/2022,Ireland,14,Sevu Reece,1997-02-13,25.38
09/07/2022,Ireland,2,Codie Taylor,1991-03-31,31.28
09/07/2022,Ireland,12,Quinn Tupaea,1999-05-10,23.17
09/07/2022,Ireland,8,Ardie Savea,1993-10-14,28.73
09/07/2022,Ireland,18,Angus Ta'avao,1990-03-22,32.3
09/07/2022,Ireland,23,Will Jordan,1998-02-24,24.37
09/07/2022,Ireland,4,Brodie Retallick,1991-05-31,31.11
09/07/2022,Ireland,6,Dalton Papali'i,1997-10-11,24.74
09/07/2022,Ireland,13,Rieko Ioane,1997-03-18,25.31
09/07/2022,Ireland,16,Samisoni Taukei'aho,1997-08-08,24.92
09/07/2022,Ireland,17,Aidan Ross,1995-10-25,26.71
09/07/2022,Ireland,11,Leicester Fainga'anuku,1999-10-11,22.74
09/07/2022,Ireland,1,George Bower,1992-05-28,30.11
09/07/2022,Ireland,9,Aaron Smith,1988-11-21,33.63
09/07/2022,Ireland,15,Jordie Barrett,1997-02-17,25.39
09/07/2022,Ireland,3,Ofa Tuungafasi,1992-04-19,30.22
09/07/2022,Ireland,20,Pita Gus Sowakula,1994-10-26,27.7
09/07/2022,Ireland,22,Richie Mo'unga,1994-05-25,28.12
09/07/2022,Ireland,7,Sam Cane,1992-01-13,30.49
09/07/2022,Ireland,5,Scott Barrett,1993-11-20,28.63
09/07/2022,Ireland,10,Beauden Barrett,1991-05-27,31.12
09/07/2022,Ireland,19,Patrick Tuipulotu,1993-01-23,29.46
09/07/2022,Ireland,14,Sevu Reece,1997-02-13,25.4
09/07/2022,Ireland,21,Folau Fakatava,1999-12-16,22.56
16/07/2022,Ireland,2,Codie Taylor,1991-03-31,31.29
16/07/2022,Ireland,8,Ardie Savea,1993-10-14,28.75
16/07/2022,Ireland,14,Will Jordan,1998-02-24,24.39
16/07/2022,Ireland,5,Samuel Whitelock,1988-10-12,33.76
16/07/2022,Ireland,17,Karl Tu'inukuafe,1993-02-21,29.4
16/07/2022,Ireland,4,Brodie Retallick,1991-05-31,31.13
16/07/2022,Ireland,20,Dalton Papali'i,1997-10-11,24.76
16/07/2022,Ireland,13,Rieko Ioane,1997-03-18,25.33
16/07/2022,Ireland,16,Dane Coles,1986-12-10,35.6
16/07/2022,Ireland,1,George Bower,1992-05-28,30.13
16/07/2022,Ireland,12,David Havili,1994-12-23,27.56
16/07/2022,Ireland,9,Aaron Smith,1988-11-21,33.65
16/07/2022,Ireland,15,Jordie Barrett,1997-02-17,25.41
16/07/2022,Ireland,3,Nepo Laulala,1991-11-06,30.69
16/07/2022,Ireland,18,Ofa Tuungafasi,1992-04-19,30.24
16/07/2022,Ireland,6,Akira Ioane,1995-06-16,27.08
16/07/2022,Ireland,22,Richie Mo'unga,1994-05-25,28.14
16/07/2022,Ireland,7,Sam Cane,1992-01-13,30.51
16/07/2022,Ireland,10,Beauden Barrett,1991-05-27,31.14
16/07/2022,Ireland,23,Roger Tuivasa-Sheck,1993-06-05,29.11
16/07/2022,Ireland,11,Sevu Reece,1997-02-13,25.42
16/07/2022,Ireland,19,Tupou Vaa'i,2000-01-27,22.47
16/07/2022,Ireland,21,Folau Fakatava,1999-12-16,22.58
06/08/2022,South Africa,18,Tyrel Lomax,1996-03-16,26.39
06/08/2022,South Africa,23,Quinn Tupaea,1999-05-10,23.24
06/08/2022,South Africa,8,Ardie Savea,1993-10-14,28.81
06/08/2022,South Africa,3,Angus Ta'avao,1990-03-22,32.38
06/08/2022,South Africa,14,Will Jordan,1998-02-24,24.45
06/08/2022,South Africa,4,Samuel Whitelock,1988-10-12,33.82
06/08/2022,South Africa,11,Caleb Clarke,1999-03-29,23.36
06/08/2022,South Africa,13,Rieko Ioane,1997-03-18,25.39
06/08/2022,South Africa,2,Samisoni Taukei'aho,1997-08-08,24.99
06/08/2022,South Africa,16,Dane Coles,1986-12-10,35.66
06/08/2022,South Africa,21,Finlay Christie,1995-09-19,26.88
06/08/2022,South Africa,1,George Bower,1992-05-28,30.19
06/08/2022,South Africa,12,David Havili,1994-12-23,27.62
06/08/2022,South Africa,9,Aaron Smith,1988-11-21,33.71
06/08/2022,South Africa,15,Jordie Barrett,1997-02-17,25.47
06/08/2022,South Africa,17,Ethan de Groot,1998-07-22,24.04
06/08/2022,South Africa,20,Shannon Frizell,1994-02-11,28.48
06/08/2022,South Africa,6,Akira Ioane,1995-06-16,27.14
06/08/2022,South Africa,22,Richie Mo'unga,1994-05-25,28.2
06/08/2022,South Africa,7,Sam Cane,1992-01-13,30.56
06/08/2022,South Africa,5,Scott Barrett,1993-11-20,28.71
06/08/2022,South Africa,10,Beauden Barrett,1991-05-27,31.2
06/08/2022,South Africa,19,Tupou Vaa'i,2000-01-27,22.52
13/08/2022,South Africa,3,Tyrel Lomax,1996-03-16,26.41
13/08/2022,South Africa,16,Codie Taylor,1991-03-31,31.37
13/08/2022,South Africa,23,Quinn Tupaea,1999-05-10,23.26
13/08/2022,South Africa,8,Ardie Savea,1993-10-14,28.83
13/08/2022,South Africa,14,Will Jordan,1998-02-24,24.47
13/08/2022,South Africa,4,Samuel Whitelock,1988-10-12,33.84
13/08/2022,South Africa,11,Caleb Clarke,1999-03-29,23.38
13/08/2022,South Africa,13,Rieko Ioane,1997-03-18,25.41
13/08/2022,South Africa,2,Samisoni Taukei'aho,1997-08-08,25.01
13/08/2022,South Africa,21,Finlay Christie,1995-09-19,26.9
13/08/2022,South Africa,17,George Bower,1992-05-28,30.21
13/08/2022,South Africa,12,David Havili,1994-12-23,27.64
13/08/2022,South Africa,9,Aaron Smith,1988-11-21,33.73
13/08/2022,South Africa,15,Jordie Barrett,1997-02-17,25.48
13/08/2022,South Africa,1,Ethan de Groot,1998-07-22,24.06
13/08/2022,South Africa,6,Shannon Frizell,1994-02-11,28.5
13/08/2022,South Africa,20,Akira Ioane,1995-06-16,27.16
13/08/2022,South Africa,10,Richie Mo'unga,1994-05-25,28.22
13/08/2022,South Africa,18,Fletcher Newell,2000-03-01,22.45
13/08/2022,South Africa,7,Sam Cane,1992-01-13,30.58
13/08/2022,South Africa,5,Scott Barrett,1993-11-20,28.73
13/08/2022,South Africa,22,Beauden Barrett,1991-05-27,31.21
13/08/2022,South Africa,19,Tupou Vaa'i,2000-01-27,22.54
27/08/2022,Argentina,3,Tyrel Lomax,1996-03-16,26.45
27/08/2022,Argentina,16,Codie Taylor,1991-03-31,31.41
27/08/2022,Argentina,23,Quinn Tupaea,1999-05-10,23.3
27/08/2022,Argentina,8,Ardie Savea,1993-10-14,28.87
27/08/2022,Argentina,22,Stephen Perofeta,1997-03-12,25.46
27/08/2022,Argentina,14,Will Jordan,1998-02-24,24.5
27/08/2022,Argentina,4,Samuel Whitelock,1988-10-12,33.87
27/08/2022,Argentina,11,Caleb Clarke,1999-03-29,23.41
27/08/2022,Argentina,13,Rieko Ioane,1997-03-18,25.44
27/08/2022,Argentina,2,Samisoni Taukei'aho,1997-08-08,25.05
27/08/2022,Argentina,21,Finlay Christie,1995-09-19,26.94
27/08/2022,Argentina,17,George Bower,1992-05-28,30.25
27/08/2022,Argentina,12,David Havili,1994-12-23,27.68
27/08/2022,Argentina,9,Aaron Smith,1988-11-21,33.76
27/08/2022,Argentina,15,Jordie Barrett,1997-02-17,25.52
27/08/2022,Argentina,1,Ethan de Groot,1998-07-22,24.1
27/08/2022,Argentina,6,Shannon Frizell,1994-02-11,28.54
27/08/2022,Argentina,20,Akira Ioane,1995-06-16,27.2
27/08/2022,Argentina,10,Richie Mo'unga,1994-05-25,28.26
27/08/2022,Argentina,18,Fletcher Newell,2000-03-01,22.49
27/08/2022,Argentina,7,Sam Cane,1992-01-13,30.62
27/08/2022,Argentina,5,Scott Barrett,1993-11-20,28.77
27/08/2022,Argentina,19,Tupou Vaa'i,2000-01-27,22.58
03/09/2022,Argentina,3,Tyrel Lomax,1996-03-16,26.47
03/09/2022,Argentina,23,Quinn Tupaea,1999-05-10,23.32
03/09/2022,Argentina,8,Ardie Savea,1993-10-14,28.89
03/09/2022,Argentina,14,Will Jordan,1998-02-24,24.52
03/09/2022,Argentina,4,Samuel Whitelock,1988-10-12,33.89
03/09/2022,Argentina,11,Caleb Clarke,1999-03-29,23.43
03/09/2022,Argentina,19,Brodie Retallick,1991-05-31,31.26
03/09/2022,Argentina,20,Dalton Papali'i,1997-10-11,24.9
03/09/2022,Argentina,13,Rieko Ioane,1997-03-18,25.46
03/09/2022,Argentina,2,Samisoni Taukei'aho,1997-08-08,25.07
03/09/2022,Argentina,16,Dane Coles,1986-12-10,35.73
03/09/2022,Argentina,21,Finlay Christie,1995-09-19,26.96
03/09/2022,Argentina,17,George Bower,1992-05-28,30.27
03/09/2022,Argentina,12,David Havili,1994-12-23,27.7
03/09/2022,Argentina,9,Aaron Smith,1988-11-21,33.78
03/09/2022,Argentina,15,Jordie Barrett,1997-02-17,25.54
03/09/2022,Argentina,1,Ethan de Groot,1998-07-22,24.12
03/09/2022,Argentina,6,Shannon Frizell,1994-02-11,28.56
03/09/2022,Argentina,10,Richie Mo'unga,1994-05-25,28.28
03/09/2022,Argentina,18,Fletcher Newell,2000-03-01,22.51
03/09/2022,Argentina,7,Sam Cane,1992-01-13,30.64
03/09/2022,Argentina,5,Scott Barrett,1993-11-20,28.79
03/09/2022,Argentina,22,Beauden Barrett,1991-05-27,31.27
15/09/2022,Australia,3,Tyrel Lomax,1996-03-16,26.5
15/09/2022,Australia,23,Quinn Tupaea,1999-05-10,23.35
15/09/2022,Australia,14,Will Jordan,1998-02-24,24.56
15/09/2022,Australia,5,Samuel Whitelock,1988-10-12,33.93
15/09/2022,Australia,11,Caleb Clarke,1999-03-29,23.47
15/09/2022,Australia,4,Brodie Retallick,1991-05-31,31.29
15/09/2022,Australia,20,Dalton Papali'i,1997-10-11,24.93
15/09/2022,Australia,13,Rieko Ioane,1997-03-18,25.5
15/09/2022,Australia,2,Samisoni Taukei'aho,1997-08-08,25.1
15/09/2022,Australia,8,Hoskins Sotutu,1998-07-12,24.18
15/09/2022,Australia,16,Dane Coles,1986-12-10,35.77
15/09/2022,Australia,21,Finlay Christie,1995-09-19,26.99
15/09/2022,Australia,17,George Bower,1992-05-28,30.3
15/09/2022,Australia,12,David Havili,1994-12-23,27.73
15/09/2022,Australia,9,Aaron Smith,1988-11-21,33.82
15/09/2022,Australia,15,Jordie Barrett,1997-02-17,25.57
15/09/2022,Australia,1,Ethan de Groot,1998-07-22,24.15
15/09/2022,Australia,19,Akira Ioane,1995-06-16,27.25
15/09/2022,Australia,10,Richie Mo'unga,1994-05-25,28.31
15/09/2022,Australia,18,Fletcher Newell,2000-03-01,22.54
15/09/2022,Australia,7,Sam Cane,1992-01-13,30.67
15/09/2022,Australia,6,Scott Barrett,1993-11-20,28.82
15/09/2022,Australia,22,Beauden Barrett,1991-05-27,31.31
24/09/2022,Australia,3,Tyrel Lomax,1996-03-16,26.52
24/09/2022,Australia,2,Codie Taylor,1991-03-31,31.49
24/09/2022,Australia,8,Ardie Savea,1993-10-14,28.95
24/09/2022,Australia,14,Will Jordan,1998-02-24,24.58
24/09/2022,Australia,5,Samuel Whitelock,1988-10-12,33.95
24/09/2022,Australia,11,Caleb Clarke,1999-03-29,23.49
24/09/2022,Australia,4,Brodie Retallick,1991-05-31,31.32
24/09/2022,Australia,7,Dalton Papali'i,1997-10-11,24.95
24/09/2022,Australia,13,Rieko Ioane,1997-03-18,25.52
24/09/2022,Australia,16,Samisoni Taukei'aho,1997-08-08,25.13
24/09/2022,Australia,20,Hoskins Sotutu,1998-07-12,24.2
24/09/2022,Australia,21,Finlay Christie,1995-09-19,27.01
24/09/2022,Australia,9,Aaron Smith,1988-11-21,33.84
24/09/2022,Australia,12,Jordie Barrett,1997-02-17,25.6
24/09/2022,Australia,18,Nepo Laulala,1991-11-06,30.88
24/09/2022,Australia,17,Ofa Tuungafasi,1992-04-19,30.43
24/09/2022,Australia,1,Ethan de Groot,1998-07-22,24.18
24/09/2022,Australia,6,Akira Ioane,1995-06-16,27.28
24/09/2022,Australia,10,Richie Mo'unga,1994-05-25,28.33
24/09/2022,Australia,15,Beauden Barrett,1991-05-27,31.33
24/09/2022,Australia,22,Roger Tuivasa-Sheck,1993-06-05,29.3
24/09/2022,Australia,23,Sevu Reece,1997-02-13,25.61
24/09/2022,Australia,19,Tupou Vaa'i,2000-01-27,22.66
29/10/2022,Japan,18,Tyrel Lomax,1996-03-16,26.62
29/10/2022,Japan,16,Codie Taylor,1991-03-31,31.58
29/10/2022,Japan,15,Stephen Perofeta,1997-03-12,25.63
29/10/2022,Japan,11,Caleb Clarke,1999-03-29,23.59
29/10/2022,Japan,4,Brodie Retallick,1991-05-31,31.41
29/10/2022,Japan,20,Dalton Papali'i,1997-10-11,25.05
29/10/2022,Japan,2,Samisoni Taukei'aho,1997-08-08,25.22
29/10/2022,Japan,8,Hoskins Sotutu,1998-07-12,24.3
29/10/2022,Japan,9,Finlay Christie,1995-09-19,27.11
29/10/2022,Japan,13,Braydon Ennor,1997-07-16,25.29
29/10/2022,Japan,1,George Bower,1992-05-28,30.42
29/10/2022,Japan,22,David Havili,1994-12-23,27.85
29/10/2022,Japan,21,Aaron Smith,1988-11-21,33.94
29/10/2022,Japan,3,Nepo Laulala,1991-11-06,30.98
29/10/2022,Japan,17,Ofa Tuungafasi,1992-04-19,30.53
29/10/2022,Japan,6,Shannon Frizell,1994-02-11,28.71
29/10/2022,Japan,10,Richie Mo'unga,1994-05-25,28.43
29/10/2022,Japan,7,Sam Cane,1992-01-13,30.79
29/10/2022,Japan,12,Roger Tuivasa-Sheck,1993-06-05,29.4
29/10/2022,Japan,19,Patrick Tuipulotu,1993-01-23,29.76
29/10/2022,Japan,14,Sevu Reece,1997-02-13,25.71
29/10/2022,Japan,5,Tupou Vaa'i,2000-01-27,22.75
29/10/2022,Japan,23,Anton Lienert-Brown,1995-04-15,27.54
05/11/2022,Wales,3,Tyrel Lomax,1996-03-16,26.64
05/11/2022,Wales,2,Codie Taylor,1991-03-31,31.6
05/11/2022,Wales,8,Ardie Savea,1993-10-14,29.06
05/11/2022,Wales,4,Samuel Whitelock,1988-10-12,34.07
05/11/2022,Wales,11,Caleb Clarke,1999-03-29,23.61
05/11/2022,Wales,7,Dalton Papali'i,1997-10-11,25.07
05/11/2022,Wales,13,Rieko Ioane,1997-03-18,25.64
05/11/2022,Wales,16,Samisoni Taukei'aho,1997-08-08,25.24
05/11/2022,Wales,22,David Havili,1994-12-23,27.87
05/11/2022,Wales,9,Aaron Smith,1988-11-21,33.96
05/11/2022,Wales,12,Jordie Barrett,1997-02-17,25.71
05/11/2022,Wales,21,Brad Weber,1991-01-17,31.8
05/11/2022,Wales,17,Ofa Tuungafasi,1992-04-19,30.55
05/11/2022,Wales,1,Ethan de Groot,1998-07-22,24.29
05/11/2022,Wales,6,Shannon Frizell,1994-02-11,28.73
05/11/2022,Wales,20,Akira Ioane,1995-06-16,27.39
05/11/2022,Wales,10,Richie Mo'unga,1994-05-25,28.45
05/11/2022,Wales,18,Fletcher Newell,2000-03-01,22.68
05/11/2022,Wales,5,Scott Barrett,1993-11-20,28.96
05/11/2022,Wales,15,Beauden Barrett,1991-05-27,31.44
05/11/2022,Wales,14,Sevu Reece,1997-02-13,25.73
05/11/2022,Wales,19,Tupou Vaa'i,2000-01-27,22.77
05/11/2022,Wales,23,Anton Lienert-Brown,1995-04-15,27.56
13/11/2022,Scotland,16,Codie Taylor,1991-03-31,31.62
13/11/2022,Scotland,8,Ardie Savea,1993-10-14,29.08
13/11/2022,Scotland,22,Stephen Perofeta,1997-03-12,25.67
13/11/2022,Scotland,4,Samuel Whitelock,1988-10-12,34.09
13/11/2022,Scotland,11,Caleb Clarke,1999-03-29,23.63
13/11/2022,Scotland,7,Dalton Papali'i,1997-10-11,25.09
13/11/2022,Scotland,23,Rieko Ioane,1997-03-18,25.66
13/11/2022,Scotland,2,Samisoni Taukei'aho,1997-08-08,25.27
13/11/2022,Scotland,9,Finlay Christie,1995-09-19,27.15
13/11/2022,Scotland,17,George Bower,1992-05-28,30.46
13/11/2022,Scotland,12,David Havili,1994-12-23,27.89
13/11/2022,Scotland,15,Jordie Barrett,1997-02-17,25.74
13/11/2022,Scotland,3,Nepo Laulala,1991-11-06,31.02
13/11/2022,Scotland,1,Ethan de Groot,1998-07-22,24.31
13/11/2022,Scotland,21,TJ Perenara,1992-01-23,30.81
13/11/2022,Scotland,20,Shannon Frizell,1994-02-11,28.75
13/11/2022,Scotland,6,Akira Ioane,1995-06-16,27.41
13/11/2022,Scotland,18,Fletcher Newell,2000-03-01,22.7
13/11/2022,Scotland,5,Scott Barrett,1993-11-20,28.98
13/11/2022,Scotland,10,Beauden Barrett,1991-05-27,31.47
13/11/2022,Scotland,14,Mark Tele'a,1996-12-06,25.94
13/11/2022,Scotland,19,Tupou Vaa'i,2000-01-27,22.8
13/11/2022,Scotland,13,Anton Lienert-Brown,1995-04-15,27.58
19/11/2022,England,3,Tyrel Lomax,1996-03-16,26.68
19/11/2022,England,2,Codie Taylor,1991-03-31,31.64
19/11/2022,England,8,Ardie Savea,1993-10-14,29.1
19/11/2022,England,5,Samuel Whitelock,1988-10-12,34.1
19/11/2022,England,11,Caleb Clarke,1999-03-29,23.64
19/11/2022,England,4,Brodie Retallick,1991-05-31,31.47
19/11/2022,England,7,Dalton Papali'i,1997-10-11,25.11
19/11/2022,England,13,Rieko Ioane,1997-03-18,25.67
19/11/2022,England,16,Samisoni Taukei'aho,1997-08-08,25.28
19/11/2022,England,20,Hoskins Sotutu,1998-07-12,24.36
19/11/2022,England,17,George Bower,1992-05-28,30.48
19/11/2022,England,22,David Havili,1994-12-23,27.91
19/11/2022,England,9,Aaron Smith,1988-11-21,33.99
19/11/2022,England,12,Jordie Barrett,1997-02-17,25.75
19/11/2022,England,18,Nepo Laulala,1991-11-06,31.04
19/11/2022,England,1,Ethan de Groot,1998-07-22,24.33
19/11/2022,England,21,TJ Perenara,1992-01-23,30.82
19/11/2022,England,19,Shannon Frizell,1994-02-11,28.77
19/11/2022,England,10,Richie Mo'unga,1994-05-25,28.49
19/11/2022,England,6,Scott Barrett,1993-11-20,29.0
19/11/2022,England,15,Beauden Barrett,1991-05-27,31.48
19/11/2022,England,14,Mark Tele'a,1996-12-06,25.95
19/11/2022,England,23,Anton Lienert-Brown,1995-04-15,27.6
08/07/2023,Argentina,3,Tyrel Lomax,1996-03-16,27.31
08/07/2023,Argentina,16,Codie Taylor,1991-03-31,32.27
08/07/2023,Argentina,8,Ardie Savea,1993-10-14,29.73
08/07/2023,Argentina,11,Caleb Clarke,1999-03-29,24.28
08/07/2023,Argentina,20,Dalton Papali'i,1997-10-11,25.74
08/07/2023,Argentina,13,Rieko Ioane,1997-03-18,26.31
08/07/2023,Argentina,14,Emoni Narawa,1999-07-03,24.01
08/07/2023,Argentina,2,Dane Coles,1986-12-10,36.58
08/07/2023,Argentina,21,Finlay Christie,1995-09-19,27.8
08/07/2023,Argentina,10,Damian McKenzie,1995-04-20,28.22
08/07/2023,Argentina,23,Braydon Ennor,1997-07-16,25.98
08/07/2023,Argentina,9,Aaron Smith,1988-11-21,34.63
08/07/2023,Argentina,12,Jordie Barrett,1997-02-17,26.39
08/07/2023,Argentina,18,Nepo Laulala,1991-11-06,31.67
08/07/2023,Argentina,17,Ofa Tuungafasi,1992-04-19,31.22
08/07/2023,Argentina,1,Ethan de Groot,1998-07-22,24.96
08/07/2023,Argentina,6,Shannon Frizell,1994-02-11,29.4
08/07/2023,Argentina,22,Richie Mo'unga,1994-05-25,29.12
08/07/2023,Argentina,7,Sam Cane,1992-01-13,31.48
08/07/2023,Argentina,4,Scott Barrett,1993-11-20,29.63
08/07/2023,Argentina,15,Beauden Barrett,1991-05-27,32.12
08/07/2023,Argentina,19,Tupou Vaa'i,2000-01-27,23.44
08/07/2023,Argentina,5,Josh Lord,2001-01-17,22.47
15/07/2023,South Africa,3,Tyrel Lomax,1996-03-16,27.33
15/07/2023,South Africa,2,Codie Taylor,1991-03-31,32.29
15/07/2023,South Africa,8,Ardie Savea,1993-10-14,29.75
15/07/2023,South Africa,14,Will Jordan,1998-02-24,25.39
15/07/2023,South Africa,23,Caleb Clarke,1999-03-29,24.3
15/07/2023,South Africa,4,Brodie Retallick,1991-05-31,32.12
15/07/2023,South Africa,20,Dalton Papali'i,1997-10-11,25.76
15/07/2023,South Africa,13,Rieko Ioane,1997-03-18,26.32
15/07/2023,South Africa,16,Samisoni Taukei'aho,1997-08-08,25.93
15/07/2023,South Africa,21,Finlay Christie,1995-09-19,27.82
15/07/2023,South Africa,22,Braydon Ennor,1997-07-16,26.0
15/07/2023,South Africa,9,Aaron Smith,1988-11-21,34.65
15/07/2023,South Africa,12,Jordie Barrett,1997-02-17,26.4
15/07/2023,South Africa,18,Nepo Laulala,1991-11-06,31.69
15/07/2023,South Africa,1,Ethan de Groot,1998-07-22,24.98
15/07/2023,South Africa,6,Shannon Frizell,1994-02-11,29.42
15/07/2023,South Africa,10,Richie Mo'unga,1994-05-25,29.14
15/07/2023,South Africa,7,Sam Cane,1992-01-13,31.5
15/07/2023,South Africa,5,Scott Barrett,1993-11-20,29.65
15/07/2023,South Africa,15,Beauden Barrett,1991-05-27,32.13
15/07/2023,South Africa,17,Tamaiti Williams,2000-08-10,22.93
15/07/2023,South Africa,11,Mark Tele'a,1996-12-06,26.6
15/07/2023,South Africa,19,Tupou Vaa'i,2000-01-27,23.46
29/07/2023,Australia,3,Tyrel Lomax,1996-03-16,27.37
29/07/2023,Australia,2,Codie Taylor,1991-03-31,32.33
29/07/2023,Australia,8,Ardie Savea,1993-10-14,29.79
29/07/2023,Australia,14,Will Jordan,1998-02-24,25.42
29/07/2023,Australia,19,Samuel Whitelock,1988-10-12,34.79
29/07/2023,Australia,23,Caleb Clarke,1999-03-29,24.33
29/07/2023,Australia,4,Brodie Retallick,1991-05-31,32.16
29/07/2023,Australia,7,Dalton Papali'i,1997-10-11,25.8
29/07/2023,Australia,13,Rieko Ioane,1997-03-18,26.36
29/07/2023,Australia,16,Samisoni Taukei'aho,1997-08-08,25.97
29/07/2023,Australia,9,Aaron Smith,1988-11-21,34.68
29/07/2023,Australia,21,Cam Roigard,2000-11-16,22.7
29/07/2023,Australia,12,Jordie Barrett,1997-02-17,26.44
29/07/2023,Australia,18,Nepo Laulala,1991-11-06,31.73
29/07/2023,Australia,20,Luke Jacobson,1997-04-20,26.27
29/07/2023,Australia,17,Ofa Tuungafasi,1992-04-19,31.28
29/07/2023,Australia,1,Ethan de Groot,1998-07-22,25.02
29/07/2023,Australia,6,Shannon Frizell,1994-02-11,29.46
29/07/2023,Australia,10,Richie Mo'unga,1994-05-25,29.18
29/07/2023,Australia,5,Scott Barrett,1993-11-20,29.69
29/07/2023,Australia,15,Beauden Barrett,1991-05-27,32.17
29/07/2023,Australia,11,Mark Tele'a,1996-12-06,26.64
29/07/2023,Australia,22,Anton Lienert-Brown,1995-04-15,28.29
05/08/2023,Australia,2,Samisoni Taukei'aho,1997-08-08,25.99
05/08/2023,Australia,16,Dane Coles,1986-12-10,36.65
05/08/2023,Australia,9,Finlay Christie,1995-09-19,27.88
05/08/2023,Australia,11,Leicester Fainga'anuku,1999-10-11,23.82
05/08/2023,Australia,10,Damian McKenzie,1995-04-20,28.29
05/08/2023,Australia,13,Braydon Ennor,1997-07-16,26.05
05/08/2023,Australia,21,Aaron Smith,1988-11-21,34.7
05/08/2023,Australia,3,Nepo Laulala,1991-11-06,31.75
05/08/2023,Australia,20,Luke Jacobson,1997-04-20,26.29
05/08/2023,Australia,17,Ofa Tuungafasi,1992-04-19,31.29
05/08/2023,Australia,22,Richie Mo'unga,1994-05-25,29.2
05/08/2023,Australia,18,Fletcher Newell,2000-03-01,23.43
05/08/2023,Australia,7,Sam Cane,1992-01-13,31.56
05/08/2023,Australia,1,Tamaiti Williams,2000-08-10,22.98
05/08/2023,Australia,19,Tupou Vaa'i,2000-01-27,23.52
05/08/2023,Australia,12,Anton Lienert-Brown,1995-04-15,28.31
05/08/2023,Australia,23,Dallas Mcleod,1999-04-30,24.27
05/08/2023,Australia,14,Shaun Stevenson,1996-11-14,26.72
05/08/2023,Australia,6,Samipeni Finau,1999-05-10,24.24
05/08/2023,Australia,8,Ardie Savea,1993-10-14,29.81
05/08/2023,Australia,15,Will Jordan,1998-02-24,25.44
05/08/2023,Australia,5,Samuel Whitelock,1988-10-12,34.81
05/08/2023,Australia,4,Brodie Retallick,1991-05-31,32.18
25/08/2023,South Africa,3,Tyrel Lomax,1996-03-16,27.44
25/08/2023,South Africa,8,Ardie Savea,1993-10-14,29.86
25/08/2023,South Africa,14,Will Jordan,1998-02-24,25.5
25/08/2023,South Africa,4,Samuel Whitelock,1988-10-12,34.87
25/08/2023,South Africa,21,Dalton Papali'i,1997-10-11,25.87
25/08/2023,South Africa,13,Rieko Ioane,1997-03-18,26.44
25/08/2023,South Africa,16,Samisoni Taukei'aho,1997-08-08,26.05
25/08/2023,South Africa,2,Dane Coles,1986-12-10,36.71
25/08/2023,South Africa,9,Aaron Smith,1988-11-21,34.76
25/08/2023,South Africa,22,Cam Roigard,2000-11-16,22.77
25/08/2023,South Africa,12,Jordie Barrett,1997-02-17,26.52
25/08/2023,South Africa,6,Luke Jacobson,1997-04-20,26.35
25/08/2023,South Africa,1,Ethan de Groot,1998-07-22,25.09
25/08/2023,South Africa,10,Richie Mo'unga,1994-05-25,29.25
25/08/2023,South Africa,18,Fletcher Newell,2000-03-01,23.48
25/08/2023,South Africa,7,Sam Cane,1992-01-13,31.61
25/08/2023,South Africa,5,Scott Barrett,1993-11-20,29.76
25/08/2023,South Africa,15,Beauden Barrett,1991-05-27,32.25
25/08/2023,South Africa,17,Tamaiti Williams,2000-08-10,23.04
25/08/2023,South Africa,11,Mark Tele'a,1996-12-06,26.72
25/08/2023,South Africa,20,Tupou Vaa'i,2000-01-27,23.58
25/08/2023,South Africa,23,Anton Lienert-Brown,1995-04-15,28.36
25/08/2023,South Africa,19,Josh Lord,2001-01-17,22.6
08/09/2023,France,2,Codie Taylor,1991-03-31,32.44
08/09/2023,France,8,Ardie Savea,1993-10-14,29.9
08/09/2023,France,14,Will Jordan,1998-02-24,25.54
08/09/2023,France,4,Samuel Whitelock,1988-10-12,34.91
08/09/2023,France,19,Brodie Retallick,1991-05-31,32.27
08/09/2023,France,7,Dalton Papali'i,1997-10-11,25.91
08/09/2023,France,13,Rieko Ioane,1997-03-18,26.48
08/09/2023,France,16,Samisoni Taukei'aho,1997-08-08,26.08
08/09/2023,France,21,Finlay Christie,1995-09-19,27.97
08/09/2023,France,23,Leicester Fainga'anuku,1999-10-11,23.91
08/09/2023,France,22,David Havili,1994-12-23,28.71
08/09/2023,France,9,Aaron Smith,1988-11-21,34.8
08/09/2023,France,3,Nepo Laulala,1991-11-06,31.84
08/09/2023,France,20,Luke Jacobson,1997-04-20,26.39
08/09/2023,France,17,Ofa Tuungafasi,1992-04-19,31.39
08/09/2023,France,1,Ethan de Groot,1998-07-22,25.13
08/09/2023,France,10,Richie Mo'unga,1994-05-25,29.29
08/09/2023,France,18,Fletcher Newell,2000-03-01,23.52
08/09/2023,France,5,Scott Barrett,1993-11-20,29.8
08/09/2023,France,15,Beauden Barrett,1991-05-27,32.29
08/09/2023,France,11,Mark Tele'a,1996-12-06,26.75
08/09/2023,France,6,Tupou Vaa'i,2000-01-27,23.61
08/09/2023,France,12,Anton Lienert-Brown,1995-04-15,28.4
15/09/2023,Namibia,8,Ardie Savea,1993-10-14,29.92
15/09/2023,Namibia,5,Samuel Whitelock,1988-10-12,34.92
15/09/2023,Namibia,14,Caleb Clarke,1999-03-29,24.47
15/09/2023,Namibia,4,Brodie Retallick,1991-05-31,32.29
15/09/2023,Namibia,7,Dalton Papali'i,1997-10-11,25.93
15/09/2023,Namibia,23,Rieko Ioane,1997-03-18,26.49
15/09/2023,Namibia,2,Samisoni Taukei'aho,1997-08-08,26.1
15/09/2023,Namibia,16,Dane Coles,1986-12-10,36.76
15/09/2023,Namibia,11,Leicester Fainga'anuku,1999-10-11,23.93
15/09/2023,Namibia,10,Damian McKenzie,1995-04-20,28.41
15/09/2023,Namibia,12,David Havili,1994-12-23,28.73
15/09/2023,Namibia,21,Aaron Smith,1988-11-21,34.82
15/09/2023,Namibia,9,Cam Roigard,2000-11-16,22.83
15/09/2023,Namibia,3,Nepo Laulala,1991-11-06,31.86
15/09/2023,Namibia,6,Luke Jacobson,1997-04-20,26.4
15/09/2023,Namibia,1,Ofa Tuungafasi,1992-04-19,31.41
15/09/2023,Namibia,17,Ethan de Groot,1998-07-22,25.15
15/09/2023,Namibia,22,Richie Mo'unga,1994-05-25,29.31
15/09/2023,Namibia,18,Fletcher Newell,2000-03-01,23.54
15/09/2023,Namibia,19,Scott Barrett,1993-11-20,29.82
15/09/2023,Namibia,15,Beauden Barrett,1991-05-27,32.3
15/09/2023,Namibia,20,Tupou Vaa'i,2000-01-27,23.63
15/09/2023,Namibia,13,Anton Lienert-Brown,1995-04-15,28.42
29/09/2023,Italy,18,Tyrel Lomax,1996-03-16,27.54
29/09/2023,Italy,2,Codie Taylor,1991-03-31,32.5
29/09/2023,Italy,8,Ardie Savea,1993-10-14,29.96
29/09/2023,Italy,14,Will Jordan,1998-02-24,25.59
29/09/2023,Italy,19,Samuel Whitelock,1988-10-12,34.96
29/09/2023,Italy,4,Brodie Retallick,1991-05-31,32.33
29/09/2023,Italy,7,Dalton Papali'i,1997-10-11,25.97
29/09/2023,Italy,13,Rieko Ioane,1997-03-18,26.53
29/09/2023,Italy,16,Dane Coles,1986-12-10,36.8
29/09/2023,Italy,22,Damian McKenzie,1995-04-20,28.44
29/09/2023,Italy,9,Aaron Smith,1988-11-21,34.85
29/09/2023,Italy,21,Cam Roigard,2000-11-16,22.87
29/09/2023,Italy,12,Jordie Barrett,1997-02-17,26.61
29/09/2023,Italy,3,Nepo Laulala,1991-11-06,31.9
29/09/2023,Italy,1,Ofa Tuungafasi,1992-04-19,31.44
29/09/2023,Italy,6,Shannon Frizell,1994-02-11,29.63
29/09/2023,Italy,10,Richie Mo'unga,1994-05-25,29.35
29/09/2023,Italy,20,Sam Cane,1992-01-13,31.71
29/09/2023,Italy,5,Scott Barrett,1993-11-20,29.86
29/09/2023,Italy,15,Beauden Barrett,1991-05-27,32.34
29/09/2023,Italy,17,Tamaiti Williams,2000-08-10,23.14
29/09/2023,Italy,11,Mark Tele'a,1996-12-06,26.81
29/09/2023,Italy,23,Anton Lienert-Brown,1995-04-15,28.46
05/10/2023,Uruguay,3,Tyrel Lomax,1996-03-16,27.55
05/10/2023,Uruguay,2,Codie Taylor,1991-03-31,32.52
05/10/2023,Uruguay,20,Ethan Blackadder,1995-03-22,28.54
05/10/2023,Uruguay,14,Will Jordan,1998-02-24,25.61
05/10/2023,Uruguay,4,Samuel Whitelock,1988-10-12,34.98
05/10/2023,Uruguay,23,Caleb Clarke,1999-03-29,24.52
05/10/2023,Uruguay,16,Samisoni Taukei'aho,1997-08-08,26.16
05/10/2023,Uruguay,21,Finlay Christie,1995-09-19,28.04
05/10/2023,Uruguay,11,Leicester Fainga'anuku,1999-10-11,23.98
05/10/2023,Uruguay,15,Damian McKenzie,1995-04-20,28.46
05/10/2023,Uruguay,9,Cam Roigard,2000-11-16,22.88
05/10/2023,Uruguay,12,Jordie Barrett,1997-02-17,26.63
05/10/2023,Uruguay,8,Luke Jacobson,1997-04-20,26.46
05/10/2023,Uruguay,1,Ofa Tuungafasi,1992-04-19,31.46
05/10/2023,Uruguay,6,Shannon Frizell,1994-02-11,29.65
05/10/2023,Uruguay,10,Richie Mo'unga,1994-05-25,29.36
05/10/2023,Uruguay,18,Fletcher Newell,2000-03-01,23.6
05/10/2023,Uruguay,7,Sam Cane,1992-01-13,31.73
05/10/2023,Uruguay,19,Scott Barrett,1993-11-20,29.87
05/10/2023,Uruguay,22,Beauden Barrett,1991-05-27,32.36
05/10/2023,Uruguay,17,Tamaiti Williams,2000-08-10,23.15
05/10/2023,Uruguay,5,Tupou Vaa'i,2000-01-27,23.69
05/10/2023,Uruguay,13,Anton Lienert-Brown,1995-04-15,28.47
14/10/2023,Ireland,3,Tyrel Lomax,1996-03-16,27.58
14/10/2023,Ireland,2,Codie Taylor,1991-03-31,32.54
14/10/2023,Ireland,8,Ardie Savea,1993-10-14,30.0
14/10/2023,Ireland,14,Will Jordan,1998-02-24,25.64
14/10/2023,Ireland,19,Samuel Whitelock,1988-10-12,35.0
14/10/2023,Ireland,4,Brodie Retallick,1991-05-31,32.37
14/10/2023,Ireland,20,Dalton Papali'i,1997-10-11,26.01
14/10/2023,Ireland,13,Rieko Ioane,1997-03-18,26.57
14/10/2023,Ireland,16,Dane Coles,1986-12-10,36.84
14/10/2023,Ireland,21,Finlay Christie,1995-09-19,28.07
14/10/2023,Ireland,11,Leicester Fainga'anuku,1999-10-11,24.01
14/10/2023,Ireland,22,Damian McKenzie,1995-04-20,28.49
14/10/2023,Ireland,9,Aaron Smith,1988-11-21,34.89
14/10/2023,Ireland,12,Jordie Barrett,1997-02-17,26.65
14/10/2023,Ireland,1,Ethan de Groot,1998-07-22,25.23
14/10/2023,Ireland,6,Shannon Frizell,1994-02-11,29.67
14/10/2023,Ireland,10,Richie Mo'unga,1994-05-25,29.39
14/10/2023,Ireland,18,Fletcher Newell,2000-03-01,23.62
14/10/2023,Ireland,7,Sam Cane,1992-01-13,31.75
14/10/2023,Ireland,5,Scott Barrett,1993-11-20,29.9
14/10/2023,Ireland,15,Beauden Barrett,1991-05-27,32.38
14/10/2023,Ireland,17,Tamaiti Williams,2000-08-10,23.18
14/10/2023,Ireland,23,Anton Lienert-Brown,1995-04-15,28.5
20/10/2023,Argentina,3,Tyrel Lomax,1996-03-16,27.6
20/10/2023,Argentina,2,Codie Taylor,1991-03-31,32.56
20/10/2023,Argentina,8,Ardie Savea,1993-10-14,30.02
20/10/2023,Argentina,14,Will Jordan,1998-02-24,25.65
20/10/2023,Argentina,4,Samuel Whitelock,1988-10-12,35.02
20/10/2023,Argentina,19,Brodie Retallick,1991-05-31,32.39
20/10/2023,Argentina,20,Dalton Papali'i,1997-10-11,26.02
20/10/2023,Argentina,13,Rieko Ioane,1997-03-18,26.59
20/10/2023,Argentina,16,Samisoni Taukei'aho,1997-08-08,26.2
20/10/2023,Argentina,21,Finlay Christie,1995-09-19,28.09
20/10/2023,Argentina,22,Damian McKenzie,1995-04-20,28.5
20/10/2023,Argentina,9,Aaron Smith,1988-11-21,34.91
20/10/2023,Argentina,12,Jordie Barrett,1997-02-17,26.67
20/10/2023,Argentina,1,Ethan de Groot,1998-07-22,25.25
20/10/2023,Argentina,6,Shannon Frizell,1994-02-11,29.69
20/10/2023,Argentina,10,Richie Mo'unga,1994-05-25,29.41
20/10/2023,Argentina,18,Fletcher Newell,2000-03-01,23.64
20/10/2023,Argentina,7,Sam Cane,1992-01-13,31.77
20/10/2023,Argentina,5,Scott Barrett,1993-11-20,29.91
20/10/2023,Argentina,15,Beauden Barrett,1991-05-27,32.4
20/10/2023,Argentina,17,Tamaiti Williams,2000-08-10,23.19
20/10/2023,Argentina,11,Mark Tele'a,1996-12-06,26.87
20/10/2023,Argentina,23,Anton Lienert-Brown,1995-04-15,28.52
28/10/2023,South Africa,3,Tyrel Lomax,1996-03-16,27.62
28/10/2023,South Africa,2,Codie Taylor,1991-03-31,32.58
28/10/2023,South Africa,8,Ardie Savea,1993-10-14,30.04
28/10/2023,South Africa,14,Will Jordan,1998-02-24,25.67
28/10/2023,South Africa,19,Samuel Whitelock,1988-10-12,35.04
28/10/2023,South Africa,4,Brodie Retallick,1991-05-31,32.41
28/10/2023,South Africa,20,Dalton Papali'i,1997-10-11,26.05
28/10/2023,South Africa,13,Rieko Ioane,1997-03-18,26.61
28/10/2023,South Africa,16,Samisoni Taukei'aho,1997-08-08,26.22
28/10/2023,South Africa,21,Finlay Christie,1995-09-19,28.11
28/10/2023,South Africa,22,Damian McKenzie,1995-04-20,28.52
28/10/2023,South Africa,9,Aaron Smith,1988-11-21,34.93
28/10/2023,South Africa,12,Jordie Barrett,1997-02-17,26.69
28/10/2023,South Africa,18,Nepo Laulala,1991-11-06,31.98
28/10/2023,South Africa,1,Ethan de Groot,1998-07-22,25.27
28/10/2023,South Africa,6,Shannon Frizell,1994-02-11,29.71
28/10/2023,South Africa,10,Richie Mo'unga,1994-05-25,29.43
28/10/2023,South Africa,7,Sam Cane,1992-01-13,31.79
28/10/2023,South Africa,5,Scott Barrett,1993-11-20,29.94
28/10/2023,South Africa,15,Beauden Barrett,1991-05-27,32.42
28/10/2023,South Africa,17,Tamaiti Williams,2000-08-10,23.21
28/10/2023,South Africa,11,Mark Tele'a,1996-12-06,26.89
28/10/2023,South Africa,23,Anton Lienert-Brown,1995-04-15,28.54
06/07/2024,England,3,Tyrel Lomax,1996-03-16,28.31
06/07/2024,England,6,Samipeni Finau,1999-05-10,25.16
06/07/2024,England,2,Codie Taylor,1991-03-31,33.27
06/07/2024,England,8,Ardie Savea,1993-10-14,30.73
06/07/2024,England,15,Stephen Perofeta,1997-03-12,27.32
06/07/2024,England,7,Dalton Papali'i,1997-10-11,26.74
06/07/2024,England,13,Rieko Ioane,1997-03-18,27.3
06/07/2024,England,16,Asafo Aumua,1997-05-05,27.17
06/07/2024,England,21,Finlay Christie,1995-09-19,28.8
06/07/2024,England,10,Damian McKenzie,1995-04-20,29.21
06/07/2024,England,12,Jordie Barrett,1997-02-17,27.38
06/07/2024,England,20,Luke Jacobson,1997-04-20,27.21
06/07/2024,England,17,Ofa Tuungafasi,1992-04-19,32.21
06/07/2024,England,1,Ethan de Groot,1998-07-22,25.96
06/07/2024,England,9,TJ Perenara,1992-01-23,32.45
06/07/2024,England,18,Fletcher Newell,2000-03-01,24.35
06/07/2024,England,4,Scott Barrett,1993-11-20,30.63
06/07/2024,England,23,Beauden Barrett,1991-05-27,33.11
06/07/2024,England,5,Patrick Tuipulotu,1993-01-23,31.45
06/07/2024,England,11,Mark Tele'a,1996-12-06,27.58
06/07/2024,England,14,Sevu Reece,1997-02-13,27.39
06/07/2024,England,19,Tupou Vaa'i,2000-01-27,24.44
06/07/2024,England,22,Anton Lienert-Brown,1995-04-15,29.23
13/07/2024,England,3,Tyrel Lomax,1996-03-16,28.33
13/07/2024,England,6,Samipeni Finau,1999-05-10,25.18
13/07/2024,England,2,Codie Taylor,1991-03-31,33.29
13/07/2024,England,8,Ardie Savea,1993-10-14,30.75
13/07/2024,England,15,Stephen Perofeta,1997-03-12,27.34
13/07/2024,England,7,Dalton Papali'i,1997-10-11,26.75
13/07/2024,England,13,Rieko Ioane,1997-03-18,27.32
13/07/2024,England,16,Asafo Aumua,1997-05-05,27.19
13/07/2024,England,9,Finlay Christie,1995-09-19,28.82
13/07/2024,England,10,Damian McKenzie,1995-04-20,29.23
13/07/2024,England,12,Jordie Barrett,1997-02-17,27.4
13/07/2024,England,20,Luke Jacobson,1997-04-20,27.23
13/07/2024,England,17,Ofa Tuungafasi,1992-04-19,32.23
13/07/2024,England,1,Ethan de Groot,1998-07-22,25.98
13/07/2024,England,18,Fletcher Newell,2000-03-01,24.37
13/07/2024,England,4,Scott Barrett,1993-11-20,30.65
13/07/2024,England,23,Beauden Barrett,1991-05-27,33.13
13/07/2024,England,5,Patrick Tuipulotu,1993-01-23,31.47
13/07/2024,England,11,Mark Tele'a,1996-12-06,27.6
13/07/2024,England,14,Sevu Reece,1997-02-13,27.41
13/07/2024,England,19,Tupou Vaa'i,2000-01-27,24.46
13/07/2024,England,21,Cortez Ratima,2001-03-22,23.31
13/07/2024,England,22,Anton Lienert-Brown,1995-04-15,29.25
19/07/2024,Fiji,18,Pasilio Tosi,1998-07-18,26.0
19/07/2024,Fiji,8,Ardie Savea,1993-10-14,30.76
19/07/2024,Fiji,7,Ethan Blackadder,1995-03-22,29.33
19/07/2024,Fiji,11,Caleb Clarke,1999-03-29,25.31
19/07/2024,Fiji,23,Emoni Narawa,1999-07-03,25.05
19/07/2024,Fiji,19,Sam Darry,2000-07-11,24.02
19/07/2024,Fiji,2,Asafo Aumua,1997-05-05,27.21
19/07/2024,Fiji,16,George Bell,2002-01-29,22.47
19/07/2024,Fiji,10,Damian McKenzie,1995-04-20,29.25
19/07/2024,Fiji,22,Jordie Barrett,1997-02-17,27.42
19/07/2024,Fiji,20,Wallace Sititi,2002-09-07,21.86
19/07/2024,Fiji,6,Luke Jacobson,1997-04-20,27.25
19/07/2024,Fiji,13,Billy Proctor,1999-05-14,25.18
19/07/2024,Fiji,17,Ethan de Groot,1998-07-22,25.99
19/07/2024,Fiji,3,Fletcher Newell,2000-03-01,24.38
19/07/2024,Fiji,4,Scott Barrett,1993-11-20,30.66
19/07/2024,Fiji,21,Noah Hotham,2003-05-23,21.16
19/07/2024,Fiji,15,Beauden Barrett,1991-05-27,33.15
19/07/2024,Fiji,1,Tamaiti Williams,2000-08-10,23.94
19/07/2024,Fiji,14,Sevu Reece,1997-02-13,27.43
19/07/2024,Fiji,5,Tupou Vaa'i,2000-01-27,24.48
19/07/2024,Fiji,9,Cortez Ratima,2001-03-22,23.33
19/07/2024,Fiji,12,Anton Lienert-Brown,1995-04-15,29.26
10/08/2024,Argentina,3,Tyrel Lomax,1996-03-16,28.4
10/08/2024,Argentina,2,Codie Taylor,1991-03-31,33.36
10/08/2024,Argentina,8,Ardie Savea,1993-10-14,30.82
10/08/2024,Argentina,6,Ethan Blackadder,1995-03-22,29.39
10/08/2024,Argentina,23,Will Jordan,1998-02-24,26.46
10/08/2024,Argentina,7,Dalton Papali'i,1997-10-11,26.83
10/08/2024,Argentina,22,Rieko Ioane,1997-03-18,27.4
10/08/2024,Argentina,5,Sam Darry,2000-07-11,24.08
10/08/2024,Argentina,16,Asafo Aumua,1997-05-05,27.27
10/08/2024,Argentina,10,Damian McKenzie,1995-04-20,29.31
10/08/2024,Argentina,12,Jordie Barrett,1997-02-17,27.48
10/08/2024,Argentina,20,Wallace Sititi,2002-09-07,21.93
10/08/2024,Argentina,17,Ofa Tuungafasi,1992-04-19,32.31
10/08/2024,Argentina,1,Ethan de Groot,1998-07-22,26.05
10/08/2024,Argentina,9,TJ Perenara,1992-01-23,32.55
10/08/2024,Argentina,18,Fletcher Newell,2000-03-01,24.44
10/08/2024,Argentina,15,Beauden Barrett,1991-05-27,33.21
10/08/2024,Argentina,11,Mark Tele'a,1996-12-06,27.68
10/08/2024,Argentina,14,Sevu Reece,1997-02-13,27.49
10/08/2024,Argentina,4,Tupou Vaa'i,2000-01-27,24.54
10/08/2024,Argentina,21,Cortez Ratima,2001-03-22,23.39
10/08/2024,Argentina,13,Anton Lienert-Brown,1995-04-15,29.32
10/08/2024,Argentina,19,Josh Lord,2001-01-17,23.56
17/08/2024,Argentina,3,Tyrel Lomax,1996-03-16,28.42
17/08/2024,Argentina,2,Codie Taylor,1991-03-31,33.38
17/08/2024,Argentina,8,Ardie Savea,1993-10-14,30.84
17/08/2024,Argentina,6,Ethan Blackadder,1995-03-22,29.41
17/08/2024,Argentina,14,Will Jordan,1998-02-24,26.48
17/08/2024,Argentina,11,Caleb Clarke,1999-03-29,25.39
17/08/2024,Argentina,7,Dalton Papali'i,1997-10-11,26.85
17/08/2024,Argentina,13,Rieko Ioane,1997-03-18,27.42
17/08/2024,Argentina,5,Sam Darry,2000-07-11,24.1
17/08/2024,Argentina,16,Asafo Aumua,1997-05-05,27.29
17/08/2024,Argentina,10,Damian McKenzie,1995-04-20,29.33
17/08/2024,Argentina,12,Jordie Barrett,1997-02-17,27.5
17/08/2024,Argentina,17,Ofa Tuungafasi,1992-04-19,32.33
17/08/2024,Argentina,9,TJ Perenara,1992-01-23,32.57
17/08/2024,Argentina,18,Fletcher Newell,2000-03-01,24.46
17/08/2024,Argentina,20,Sam Cane,1992-01-13,32.59
17/08/2024,Argentina,15,Beauden Barrett,1991-05-27,33.23
17/08/2024,Argentina,1,Tamaiti Williams,2000-08-10,24.02
17/08/2024,Argentina,23,Mark Tele'a,1996-12-06,27.7
17/08/2024,Argentina,4,Tupou Vaa'i,2000-01-27,24.56
17/08/2024,Argentina,21,Cortez Ratima,2001-03-22,23.41
17/08/2024,Argentina,22,Anton Lienert-Brown,1995-04-15,29.34
17/08/2024,Argentina,19,Josh Lord,2001-01-17,23.58
31/08/2024,South Africa,3,Tyrel Lomax,1996-03-16,28.46
31/08/2024,South Africa,20,Samipeni Finau,1999-05-10,25.31
31/08/2024,South Africa,2,Codie Taylor,1991-03-31,33.42
31/08/2024,South Africa,8,Ardie Savea,1993-10-14,30.88
31/08/2024,South Africa,6,Ethan Blackadder,1995-03-22,29.45
31/08/2024,South Africa,14,Will Jordan,1998-02-24,26.52
31/08/2024,South Africa,11,Caleb Clarke,1999-03-29,25.43
31/08/2024,South Africa,13,Rieko Ioane,1997-03-18,27.46
31/08/2024,South Africa,19,Sam Darry,2000-07-11,24.14
31/08/2024,South Africa,16,Asafo Aumua,1997-05-05,27.32
31/08/2024,South Africa,10,Damian McKenzie,1995-04-20,29.37
31/08/2024,South Africa,12,Jordie Barrett,1997-02-17,27.54
31/08/2024,South Africa,17,Ofa Tuungafasi,1992-04-19,32.37
31/08/2024,South Africa,9,TJ Perenara,1992-01-23,32.61
31/08/2024,South Africa,18,Fletcher Newell,2000-03-01,24.5
31/08/2024,South Africa,7,Sam Cane,1992-01-13,32.63
31/08/2024,South Africa,4,Scott Barrett,1993-11-20,30.78
31/08/2024,South Africa,15,Beauden Barrett,1991-05-27,33.27
31/08/2024,South Africa,1,Tamaiti Williams,2000-08-10,24.06
31/08/2024,South Africa,23,Mark Tele'a,1996-12-06,27.73
31/08/2024,South Africa,5,Tupou Vaa'i,2000-01-27,24.59
31/08/2024,South Africa,21,Cortez Ratima,2001-03-22,23.44
31/08/2024,South Africa,22,Anton Lienert-Brown,1995-04-15,29.38
07/09/2024,South Africa,3,Tyrel Lomax,1996-03-16,28.48
07/09/2024,South Africa,2,Codie Taylor,1991-03-31,33.44
07/09/2024,South Africa,8,Ardie Savea,1993-10-14,30.9
07/09/2024,South Africa,15,Will Jordan,1998-02-24,26.54
07/09/2024,South Africa,13,Rieko Ioane,1997-03-18,27.47
07/09/2024,South Africa,19,Sam Darry,2000-07-11,24.16
07/09/2024,South Africa,16,Asafo Aumua,1997-05-05,27.34
07/09/2024,South Africa,10,Damian McKenzie,1995-04-20,29.39
07/09/2024,South Africa,12,Jordie Barrett,1997-02-17,27.55
07/09/2024,South Africa,6,Wallace Sititi,2002-09-07,22.0
07/09/2024,South Africa,20,Luke Jacobson,1997-04-20,27.38
07/09/2024,South Africa,17,Ofa Tuungafasi,1992-04-19,32.39
07/09/2024,South Africa,21,TJ Perenara,1992-01-23,32.62
07/09/2024,South Africa,18,Fletcher Newell,2000-03-01,24.52
07/09/2024,South Africa,7,Sam Cane,1992-01-13,32.65
07/09/2024,South Africa,4,Scott Barrett,1993-11-20,30.8
07/09/2024,South Africa,23,Beauden Barrett,1991-05-27,33.28
07/09/2024,South Africa,1,Tamaiti Williams,2000-08-10,24.08
07/09/2024,South Africa,11,Mark Tele'a,1996-12-06,27.75
07/09/2024,South Africa,14,Sevu Reece,1997-02-13,27.57
07/09/2024,South Africa,5,Tupou Vaa'i,2000-01-27,24.61
07/09/2024,South Africa,9,Cortez Ratima,2001-03-22,23.46
07/09/2024,South Africa,22,Anton Lienert-Brown,1995-04-15,29.4
21/09/2024,Australia,3,Tyrel Lomax,1996-03-16,28.52
21/09/2024,Australia,2,Codie Taylor,1991-03-31,33.48
21/09/2024,Australia,18,Pasilio Tosi,1998-07-18,26.18
21/09/2024,Australia,8,Ardie Savea,1993-10-14,30.94
21/09/2024,Australia,15,Will Jordan,1998-02-24,26.57
21/09/2024,Australia,11,Caleb Clarke,1999-03-29,25.48
21/09/2024,Australia,13,Rieko Ioane,1997-03-18,27.51
21/09/2024,Australia,19,Sam Darry,2000-07-11,24.2
21/09/2024,Australia,16,Asafo Aumua,1997-05-05,27.38
21/09/2024,Australia,10,Damian McKenzie,1995-04-20,29.42
21/09/2024,Australia,12,Jordie Barrett,1997-02-17,27.59
21/09/2024,Australia,6,Wallace Sititi,2002-09-07,22.04
21/09/2024,Australia,20,Luke Jacobson,1997-04-20,27.42
21/09/2024,Australia,23,Harry Plummer,1998-06-19,26.26
21/09/2024,Australia,1,Ethan de Groot,1998-07-22,26.17
21/09/2024,Australia,21,TJ Perenara,1992-01-23,32.66
21/09/2024,Australia,7,Sam Cane,1992-01-13,32.69
21/09/2024,Australia,4,Scott Barrett,1993-11-20,30.84
21/09/2024,Australia,17,Tamaiti Williams,2000-08-10,24.12
21/09/2024,Australia,14,Sevu Reece,1997-02-13,27.6
21/09/2024,Australia,5,Tupou Vaa'i,2000-01-27,24.65
21/09/2024,Australia,9,Cortez Ratima,2001-03-22,23.5
21/09/2024,Australia,22,Anton Lienert-Brown,1995-04-15,29.44
28/09/2024,Australia,3,Tyrel Lomax,1996-03-16,28.54
28/09/2024,Australia,2,Codie Taylor,1991-03-31,33.5
28/09/2024,Australia,18,Pasilio Tosi,1998-07-18,26.2
28/09/2024,Australia,8,Ardie Savea,1993-10-14,30.96
28/09/2024,Australia,15,Will Jordan,1998-02-24,26.59
28/09/2024,Australia,11,Caleb Clarke,1999-03-29,25.5
28/09/2024,Australia,13,Rieko Ioane,1997-03-18,27.53
28/09/2024,Australia,16,Asafo Aumua,1997-05-05,27.4
28/09/2024,Australia,22,Damian McKenzie,1995-04-20,29.44
28/09/2024,Australia,23,David Havili,1994-12-23,29.77
28/09/2024,Australia,6,Wallace Sititi,2002-09-07,22.06
28/09/2024,Australia,20,Luke Jacobson,1997-04-20,27.44
28/09/2024,Australia,1,Ethan de Groot,1998-07-22,26.19
28/09/2024,Australia,9,TJ Perenara,1992-01-23,32.68
28/09/2024,Australia,7,Sam Cane,1992-01-13,32.71
28/09/2024,Australia,4,Scott Barrett,1993-11-20,30.86
28/09/2024,Australia,10,Beauden Barrett,1991-05-27,33.34
28/09/2024,Australia,17,Tamaiti Williams,2000-08-10,24.13
28/09/2024,Australia,19,Patrick Tuipulotu,1993-01-23,31.68
28/09/2024,Australia,14,Sevu Reece,1997-02-13,27.62
28/09/2024,Australia,5,Tupou Vaa'i,2000-01-27,24.67
28/09/2024,Australia,21,Cortez Ratima,2001-03-22,23.52
28/09/2024,Australia,12,Anton Lienert-Brown,1995-04-15,29.46
26/10/2024,Japan,6,Samipeni Finau,1999-05-10,25.47
26/10/2024,Japan,3,Pasilio Tosi,1998-07-18,26.28
26/10/2024,Japan,20,Peter Lakai,2003-03-04,21.65
26/10/2024,Japan,15,Stephen Perofeta,1997-03-12,27.63
26/10/2024,Japan,23,Ruben Love,2001-04-28,23.5
26/10/2024,Japan,4,Sam Darry,2000-07-11,24.29
26/10/2024,Japan,2,Asafo Aumua,1997-05-05,27.48
26/10/2024,Japan,16,George Bell,2002-01-29,22.74
26/10/2024,Japan,10,Damian McKenzie,1995-04-20,29.52
26/10/2024,Japan,22,David Havili,1994-12-23,29.84
26/10/2024,Japan,9,Cam Roigard,2000-11-16,23.94
26/10/2024,Japan,8,Wallace Sititi,2002-09-07,22.14
26/10/2024,Japan,17,Ofa Tuungafasi,1992-04-19,32.52
26/10/2024,Japan,13,Billy Proctor,1999-05-14,25.45
26/10/2024,Japan,21,TJ Perenara,1992-01-23,32.76
26/10/2024,Japan,18,Fletcher Newell,2000-03-01,24.65
26/10/2024,Japan,7,Sam Cane,1992-01-13,32.79
26/10/2024,Japan,1,Tamaiti Williams,2000-08-10,24.21
26/10/2024,Japan,5,Patrick Tuipulotu,1993-01-23,31.76
26/10/2024,Japan,11,Mark Tele'a,1996-12-06,27.89
26/10/2024,Japan,14,Sevu Reece,1997-02-13,27.7
26/10/2024,Japan,12,Anton Lienert-Brown,1995-04-15,29.53
26/10/2024,Japan,19,Josh Lord,2001-01-17,23.77
02/11/2024,England,3,Tyrel Lomax,1996-03-16,28.63
02/11/2024,England,20,Samipeni Finau,1999-05-10,25.48
02/11/2024,England,2,Codie Taylor,1991-03-31,33.59
02/11/2024,England,18,Pasilio Tosi,1998-07-18,26.29
02/11/2024,England,8,Ardie Savea,1993-10-14,31.05
02/11/2024,England,15,Will Jordan,1998-02-24,26.69
02/11/2024,England,11,Caleb Clarke,1999-03-29,25.6
02/11/2024,England,13,Rieko Ioane,1997-03-18,27.63
02/11/2024,England,16,Asafo Aumua,1997-05-05,27.5
02/11/2024,England,23,Damian McKenzie,1995-04-20,29.54
02/11/2024,England,21,Cam Roigard,2000-11-16,23.96
02/11/2024,England,12,Jordie Barrett,1997-02-17,27.71
02/11/2024,England,6,Wallace Sititi,2002-09-07,22.16
02/11/2024,England,17,Ofa Tuungafasi,1992-04-19,32.54
02/11/2024,England,7,Sam Cane,1992-01-13,32.81
02/11/2024,England,4,Scott Barrett,1993-11-20,30.95
02/11/2024,England,10,Beauden Barrett,1991-05-27,33.44
02/11/2024,England,1,Tamaiti Williams,2000-08-10,24.23
02/11/2024,England,19,Patrick Tuipulotu,1993-01-23,31.78
02/11/2024,England,14,Mark Tele'a,1996-12-06,27.91
02/11/2024,England,5,Tupou Vaa'i,2000-01-27,24.77
02/11/2024,England,9,Cortez Ratima,2001-03-22,23.62
02/11/2024,England,22,Anton Lienert-Brown,1995-04-15,29.55
08/11/2024,Ireland,3,Tyrel Lomax,1996-03-16,28.65
08/11/2024,Ireland,20,Samipeni Finau,1999-05-10,25.5
08/11/2024,Ireland,18,Pasilio Tosi,1998-07-18,26.31
08/11/2024,Ireland,8,Ardie Savea,1993-10-14,31.07
08/11/2024,Ireland,23,Stephen Perofeta,1997-03-12,27.66
08/11/2024,Ireland,15,Will Jordan,1998-02-24,26.71
08/11/2024,Ireland,11,Caleb Clarke,1999-03-29,25.62
08/11/2024,Ireland,13,Rieko Ioane,1997-03-18,27.64
08/11/2024,Ireland,2,Asafo Aumua,1997-05-05,27.51
08/11/2024,Ireland,16,George Bell,2002-01-29,22.78
08/11/2024,Ireland,10,Damian McKenzie,1995-04-20,29.56
08/11/2024,Ireland,21,Cam Roigard,2000-11-16,23.98
08/11/2024,Ireland,12,Jordie Barrett,1997-02-17,27.72
08/11/2024,Ireland,6,Wallace Sititi,2002-09-07,22.17
08/11/2024,Ireland,17,Ofa Tuungafasi,1992-04-19,32.56
08/11/2024,Ireland,7,Sam Cane,1992-01-13,32.82
08/11/2024,Ireland,4,Scott Barrett,1993-11-20,30.97
08/11/2024,Ireland,1,Tamaiti Williams,2000-08-10,24.25
08/11/2024,Ireland,19,Patrick Tuipulotu,1993-01-23,31.79
08/11/2024,Ireland,14,Mark Tele'a,1996-12-06,27.92
08/11/2024,Ireland,5,Tupou Vaa'i,2000-01-27,24.78
08/11/2024,Ireland,9,Cortez Ratima,2001-03-22,23.63
08/11/2024,Ireland,22,Anton Lienert-Brown,1995-04-15,29.57
16/11/2024,France,3,Tyrel Lomax,1996-03-16,28.67
16/11/2024,France,6,Samipeni Finau,1999-05-10,25.52
16/11/2024,France,2,Codie Taylor,1991-03-31,33.63
16/11/2024,France,18,Pasilio Tosi,1998-07-18,26.33
16/11/2024,France,7,Ardie Savea,1993-10-14,31.09
16/11/2024,France,20,Peter Lakai,2003-03-04,21.71
16/11/2024,France,15,Will Jordan,1998-02-24,26.73
16/11/2024,France,11,Caleb Clarke,1999-03-29,25.64
16/11/2024,France,13,Rieko Ioane,1997-03-18,27.67
16/11/2024,France,16,Asafo Aumua,1997-05-05,27.54
16/11/2024,France,23,Damian McKenzie,1995-04-20,29.58
16/11/2024,France,9,Cam Roigard,2000-11-16,24.0
16/11/2024,France,12,Jordie Barrett,1997-02-17,27.75
16/11/2024,France,8,Wallace Sititi,2002-09-07,22.19
16/11/2024,France,17,Ofa Tuungafasi,1992-04-19,32.58
16/11/2024,France,4,Scott Barrett,1993-11-20,30.99
16/11/2024,France,10,Beauden Barrett,1991-05-27,33.48
16/11/2024,France,1,Tamaiti Williams,2000-08-10,24.27
16/11/2024,France,19,Patrick Tuipulotu,1993-01-23,31.81
16/11/2024,France,14,Sevu Reece,1997-02-13,27.76
16/11/2024,France,5,Tupou Vaa'i,2000-01-27,24.81
16/11/2024,France,21,Cortez Ratima,2001-03-22,23.66
16/11/2024,France,22,Anton Lienert-Brown,1995-04-15,29.59
23/11/2024,Italy,3,Tyrel Lomax,1996-03-16,28.69
23/11/2024,Italy,2,Codie Taylor,1991-03-31,33.65
23/11/2024,Italy,8,Ardie Savea,1993-10-14,31.11
23/11/2024,Italy,20,Peter Lakai,2003-03-04,21.73
23/11/2024,Italy,15,Will Jordan,1998-02-24,26.75
23/11/2024,Italy,11,Caleb Clarke,1999-03-29,25.66
23/11/2024,Italy,13,Rieko Ioane,1997-03-18,27.69
23/11/2024,Italy,16,Asafo Aumua,1997-05-05,27.55
23/11/2024,Italy,23,Damian McKenzie,1995-04-20,29.6
23/11/2024,Italy,22,David Havili,1994-12-23,29.92
23/11/2024,Italy,9,Cam Roigard,2000-11-16,24.02
23/11/2024,Italy,6,Wallace Sititi,2002-09-07,22.21
23/11/2024,Italy,17,Ofa Tuungafasi,1992-04-19,32.6
23/11/2024,Italy,1,Ethan de Groot,1998-07-22,26.34
23/11/2024,Italy,21,TJ Perenara,1992-01-23,32.84
23/11/2024,Italy,18,Fletcher Newell,2000-03-01,24.73
23/11/2024,Italy,7,Sam Cane,1992-01-13,32.86
23/11/2024,Italy,4,Scott Barrett,1993-11-20,31.01
23/11/2024,Italy,10,Beauden Barrett,1991-05-27,33.5
23/11/2024,Italy,5,Patrick Tuipulotu,1993-01-23,31.83
23/11/2024,Italy,14,Mark Tele'a,1996-12-06,27.96
23/11/2024,Italy,19,Tupou Vaa'i,2000-01-27,24.82
23/11/2024,Italy,12,Anton Lienert-Brown,1995-04-15,29.61
05/07/2025,France,5,Fabian Holland,2002-10-09,22.74
05/07/2025,France,19,Samipeni Finau,1999-05-10,26.16
05/07/2025,France,2,Codie Taylor,1991-03-31,34.26
05/07/2025,France,18,Pasilio Tosi,1998-07-18,26.97
05/07/2025,France,22,Quinn Tupaea,1999-05-10,26.16
05/07/2025,France,7,Ardie Savea,1993-10-14,31.72
05/07/2025,France,8,Christian Lio-Willie,1998-08-26,26.86
05/07/2025,France,15,Will Jordan,1998-02-24,27.36
05/07/2025,France,11,Rieko Ioane,1997-03-18,28.3
05/07/2025,France,16,Samisoni Taukei'aho,1997-08-08,27.91
05/07/2025,France,23,Damian McKenzie,1995-04-20,30.21
05/07/2025,France,20,Du'Plessis Kirifi,1997-03-03,28.34
05/07/2025,France,9,Cam Roigard,2000-11-16,24.63
05/07/2025,France,12,Jordie Barrett,1997-02-17,28.38
05/07/2025,France,13,Billy Proctor,1999-05-14,26.14
05/07/2025,France,1,Ethan de Groot,1998-07-22,26.95
05/07/2025,France,3,Fletcher Newell,2000-03-01,25.34
05/07/2025,France,4,Scott Barrett,1993-11-20,31.62
05/07/2025,France,10,Beauden Barrett,1991-05-27,34.11
05/07/2025,France,14,Sevu Reece,1997-02-13,28.39
05/07/2025,France,6,Tupou Vaa'i,2000-01-27,25.44
05/07/2025,France,21,Cortez Ratima,2001-03-22,24.29
05/07/2025,France,17,Oliver Norris,1999-12-11,25.57
12/07/2025,France,5,Fabian Holland,2002-10-09,22.76
12/07/2025,France,19,Samipeni Finau,1999-05-10,26.17
12/07/2025,France,2,Codie Taylor,1991-03-31,34.28
12/07/2025,France,18,Pasilio Tosi,1998-07-18,26.98
12/07/2025,France,7,Ardie Savea,1993-10-14,31.74
12/07/2025,France,8,Christian Lio-Willie,1998-08-26,26.88
12/07/2025,France,15,Will Jordan,1998-02-24,27.38
12/07/2025,France,11,Rieko Ioane,1997-03-18,28.32
12/07/2025,France,16,Samisoni Taukei'aho,1997-08-08,27.93
12/07/2025,France,14,Emoni Narawa,1999-07-03,26.03
12/07/2025,France,23,Damian McKenzie,1995-04-20,30.23
12/07/2025,France,22,Timoci Tavatavanawai,1998-02-14,27.41
12/07/2025,France,20,Du'Plessis Kirifi,1997-03-03,28.36
12/07/2025,France,9,Cam Roigard,2000-11-16,24.65
12/07/2025,France,12,Jordie Barrett,1997-02-17,28.4
12/07/2025,France,13,Billy Proctor,1999-05-14,26.16
12/07/2025,France,1,Ethan de Groot,1998-07-22,26.97
12/07/2025,France,3,Fletcher Newell,2000-03-01,25.36
12/07/2025,France,10,Beauden Barrett,1991-05-27,34.13
12/07/2025,France,4,Patrick Tuipulotu,1993-01-23,32.47
12/07/2025,France,6,Tupou Vaa'i,2000-01-27,25.46
12/07/2025,France,21,Cortez Ratima,2001-03-22,24.31
12/07/2025,France,17,Oliver Norris,1999-12-11,25.59
19/07/2025,France,5,Fabian Holland,2002-10-09,22.78
19/07/2025,France,3,Tyrel Lomax,1996-03-16,29.34
19/07/2025,France,6,Samipeni Finau,1999-05-10,26.19
19/07/2025,France,12,Quinn Tupaea,1999-05-10,26.19
19/07/2025,France,8,Ardie Savea,1993-10-14,31.76
19/07/2025,France,15,Ruben Love,2001-04-28,24.23
19/07/2025,France,20,Christian Lio-Willie,1998-08-26,26.9
19/07/2025,France,14,Will Jordan,1998-02-24,27.4
19/07/2025,France,19,Dalton Papali'i,1997-10-11,27.77
19/07/2025,France,2,Samisoni Taukei'aho,1997-08-08,27.95
19/07/2025,France,10,Damian McKenzie,1995-04-20,30.25
19/07/2025,France,22,Timoci Tavatavanawai,1998-02-14,27.43
19/07/2025,France,17,George Bower,1992-05-28,33.14
19/07/2025,France,7,Du'Plessis Kirifi,1997-03-03,28.38
19/07/2025,France,23,Jordie Barrett,1997-02-17,28.42
19/07/2025,France,1,Ethan de Groot,1998-07-22,26.99
19/07/2025,France,18,Fletcher Newell,2000-03-01,25.38
19/07/2025,France,21,Noah Hotham,2003-05-23,22.16
19/07/2025,France,4,Patrick Tuipulotu,1993-01-23,32.49
19/07/2025,France,11,Sevu Reece,1997-02-13,28.43
19/07/2025,France,16,Brodie McAlister,1997-06-17,28.09
19/07/2025,France,9,Cortez Ratima,2001-03-22,24.33
19/07/2025,France,13,Anton Lienert-Brown,1995-04-15,30.26
16/08/2025,Argentina,5,Fabian Holland,2002-10-09,22.85
16/08/2025,Argentina,20,Samipeni Finau,1999-05-10,26.27
16/08/2025,Argentina,2,Codie Taylor,1991-03-31,34.38
16/08/2025,Argentina,18,Pasilio Tosi,1998-07-18,27.08
16/08/2025,Argentina,8,Ardie Savea,1993-10-14,31.84
16/08/2025,Argentina,15,Will Jordan,1998-02-24,27.47
16/08/2025,Argentina,11,Rieko Ioane,1997-03-18,28.41
16/08/2025,Argentina,16,Samisoni Taukei'aho,1997-08-08,28.02
16/08/2025,Argentina,21,Finlay Christie,1995-09-19,29.91
16/08/2025,Argentina,23,Damian McKenzie,1995-04-20,30.33
16/08/2025,Argentina,7,Du'Plessis Kirifi,1997-03-03,28.46
16/08/2025,Argentina,12,Jordie Barrett,1997-02-17,28.49
16/08/2025,Argentina,13,Billy Proctor,1999-05-14,26.26
16/08/2025,Argentina,1,Ethan de Groot,1998-07-22,27.07
16/08/2025,Argentina,3,Fletcher Newell,2000-03-01,25.46
16/08/2025,Argentina,4,Scott Barrett,1993-11-20,31.74
16/08/2025,Argentina,10,Beauden Barrett,1991-05-27,34.22
16/08/2025,Argentina,19,Patrick Tuipulotu,1993-01-23,32.56
16/08/2025,Argentina,14,Sevu Reece,1997-02-13,28.5
16/08/2025,Argentina,6,Tupou Vaa'i,2000-01-27,25.55
16/08/2025,Argentina,9,Cortez Ratima,2001-03-22,24.4
16/08/2025,Argentina,17,Oliver Norris,1999-12-11,25.68
16/08/2025,Argentina,22,Anton Lienert-Brown,1995-04-15,30.34
23/08/2025,Argentina,5,Fabian Holland,2002-10-09,22.87
23/08/2025,Argentina,2,Codie Taylor,1991-03-31,34.4
23/08/2025,Argentina,18,Pasilio Tosi,1998-07-18,27.1
23/08/2025,Argentina,22,Quinn Tupaea,1999-05-10,26.29
23/08/2025,Argentina,7,Ardie Savea,1993-10-14,31.86
23/08/2025,Argentina,15,Will Jordan,1998-02-24,27.49
23/08/2025,Argentina,11,Rieko Ioane,1997-03-18,28.43
23/08/2025,Argentina,16,Samisoni Taukei'aho,1997-08-08,28.04
23/08/2025,Argentina,21,Finlay Christie,1995-09-19,29.93
23/08/2025,Argentina,23,Damian McKenzie,1995-04-20,30.34
23/08/2025,Argentina,12,Jordie Barrett,1997-02-17,28.51
23/08/2025,Argentina,8,Simon Parker,2000-05-06,25.3
23/08/2025,Argentina,20,Wallace Sititi,2002-09-07,22.96
23/08/2025,Argentina,13,Billy Proctor,1999-05-14,26.28
23/08/2025,Argentina,1,Ethan de Groot,1998-07-22,27.09
23/08/2025,Argentina,3,Fletcher Newell,2000-03-01,25.48
23/08/2025,Argentina,4,Scott Barrett,1993-11-20,31.76
23/08/2025,Argentina,10,Beauden Barrett,1991-05-27,34.24
23/08/2025,Argentina,17,Tamaiti Williams,2000-08-10,25.04
23/08/2025,Argentina,14,Sevu Reece,1997-02-13,28.52
23/08/2025,Argentina,6,Tupou Vaa'i,2000-01-27,25.57
23/08/2025,Argentina,9,Cortez Ratima,2001-03-22,24.42
23/08/2025,Argentina,19,Josh Lord,2001-01-17,24.6
06/09/2025,South Africa,19,Fabian Holland,2002-10-09,22.91
06/09/2025,South Africa,18,Tyrel Lomax,1996-03-16,29.48
06/09/2025,South Africa,2,Codie Taylor,1991-03-31,34.44
06/09/2025,South Africa,22,Quinn Tupaea,1999-05-10,26.33
06/09/2025,South Africa,7,Ardie Savea,1993-10-14,31.9
06/09/2025,South Africa,15,Will Jordan,1998-02-24,27.53
06/09/2025,South Africa,11,Rieko Ioane,1997-03-18,28.47
06/09/2025,South Africa,16,Samisoni Taukei'aho,1997-08-08,28.08
06/09/2025,South Africa,14,Emoni Narawa,1999-07-03,26.18
06/09/2025,South Africa,9,Finlay Christie,1995-09-19,29.97
06/09/2025,South Africa,23,Damian McKenzie,1995-04-20,30.38
06/09/2025,South Africa,20,Du'Plessis Kirifi,1997-03-03,28.51
06/09/2025,South Africa,12,Jordie Barrett,1997-02-17,28.55
06/09/2025,South Africa,6,Simon Parker,2000-05-06,25.34
06/09/2025,South Africa,8,Wallace Sititi,2002-09-07,23.0
06/09/2025,South Africa,13,Billy Proctor,1999-05-14,26.32
06/09/2025,South Africa,1,Ethan de Groot,1998-07-22,27.13
06/09/2025,South Africa,3,Fletcher Newell,2000-03-01,25.52
06/09/2025,South Africa,4,Scott Barrett,1993-11-20,31.8
06/09/2025,South Africa,21,Kyle Preston,1999-09-13,25.98
06/09/2025,South Africa,10,Beauden Barrett,1991-05-27,34.28
06/09/2025,South Africa,17,Tamaiti Williams,2000-08-10,25.07
06/09/2025,South Africa,5,Tupou Vaa'i,2000-01-27,25.61
13/09/2025,South Africa,19,Fabian Holland,2002-10-09,22.93
13/09/2025,South Africa,3,Tyrel Lomax,1996-03-16,29.5
13/09/2025,South Africa,11,Leroy Carter,1999-02-24,26.55
13/09/2025,South Africa,22,Quinn Tupaea,1999-05-10,26.35
13/09/2025,South Africa,7,Ardie Savea,1993-10-14,31.92
13/09/2025,South Africa,23,Ruben Love,2001-04-28,24.38
13/09/2025,South Africa,14,Will Jordan,1998-02-24,27.55
13/09/2025,South Africa,2,Samisoni Taukei'aho,1997-08-08,28.1
13/09/2025,South Africa,21,Finlay Christie,1995-09-19,29.99
13/09/2025,South Africa,15,Damian McKenzie,1995-04-20,30.4
13/09/2025,South Africa,20,Du'Plessis Kirifi,1997-03-03,28.53
13/09/2025,South Africa,12,Jordie Barrett,1997-02-17,28.57
13/09/2025,South Africa,6,Simon Parker,2000-05-06,25.36
13/09/2025,South Africa,8,Wallace Sititi,2002-09-07,23.02
13/09/2025,South Africa,13,Billy Proctor,1999-05-14,26.34
13/09/2025,South Africa,1,Ethan de Groot,1998-07-22,27.15
13/09/2025,South Africa,18,Fletcher Newell,2000-03-01,25.54
13/09/2025,South Africa,4,Scott Barrett,1993-11-20,31.81
13/09/2025,South Africa,9,Noah Hotham,2003-05-23,22.31
13/09/2025,South Africa,10,Beauden Barrett,1991-05-27,34.3
13/09/2025,South Africa,17,Tamaiti Williams,2000-08-10,25.09
13/09/2025,South Africa,5,Tupou Vaa'i,2000-01-27,25.63
13/09/2025,South Africa,16,Brodie McAlister,1997-06-17,28.24
27/09/2025,Australia,4,Fabian Holland,2002-10-09,22.97
27/09/2025,Australia,3,Tyrel Lomax,1996-03-16,29.53
27/09/2025,Australia,14,Leroy Carter,1999-02-24,26.59
27/09/2025,Australia,2,Codie Taylor,1991-03-31,34.49
27/09/2025,Australia,22,Quinn Tupaea,1999-05-10,26.39
27/09/2025,Australia,7,Ardie Savea,1993-10-14,31.95
27/09/2025,Australia,20,Peter Lakai,2003-03-04,22.57
27/09/2025,Australia,15,Will Jordan,1998-02-24,27.59
27/09/2025,Australia,11,Caleb Clarke,1999-03-29,26.5
27/09/2025,Australia,16,Samisoni Taukei'aho,1997-08-08,28.14
27/09/2025,Australia,23,Damian McKenzie,1995-04-20,30.44
27/09/2025,Australia,9,Cam Roigard,2000-11-16,24.86
27/09/2025,Australia,12,Jordie Barrett,1997-02-17,28.61
27/09/2025,Australia,6,Simon Parker,2000-05-06,25.39
27/09/2025,Australia,8,Wallace Sititi,2002-09-07,23.06
27/09/2025,Australia,13,Billy Proctor,1999-05-14,26.37
27/09/2025,Australia,1,Ethan de Groot,1998-07-22,27.18
27/09/2025,Australia,18,Fletcher Newell,2000-03-01,25.57
27/09/2025,Australia,10,Beauden Barrett,1991-05-27,34.34
27/09/2025,Australia,17,Tamaiti Williams,2000-08-10,25.13
27/09/2025,Australia,19,Patrick Tuipulotu,1993-01-23,32.68
27/09/2025,Australia,5,Tupou Vaa'i,2000-01-27,25.67
27/09/2025,Australia,21,Cortez Ratima,2001-03-22,24.52
04/10/2025,Australia,5,Fabian Holland,2002-10-09,22.99
04/10/2025,Australia,14,Leroy Carter,1999-02-24,26.61
04/10/2025,Australia,2,Codie Taylor,1991-03-31,34.51
04/10/2025,Australia,18,Pasilio Tosi,1998-07-18,27.21
04/10/2025,Australia,13,Quinn Tupaea,1999-05-10,26.4
04/10/2025,Australia,7,Ardie Savea,1993-10-14,31.97
04/10/2025,Australia,8,Peter Lakai,2003-03-04,22.59
04/10/2025,Australia,23,Ruben Love,2001-04-28,24.44
04/10/2025,Australia,15,Will Jordan,1998-02-24,27.61
04/10/2025,Australia,22,Rieko Ioane,1997-03-18,28.55
04/10/2025,Australia,16,Samisoni Taukei'aho,1997-08-08,28.16
04/10/2025,Australia,11,Leicester Fainga'anuku,1999-10-11,25.98
04/10/2025,Australia,10,Damian McKenzie,1995-04-20,30.46
04/10/2025,Australia,17,George Bower,1992-05-28,33.35
04/10/2025,Australia,9,Cam Roigard,2000-11-16,24.88
04/10/2025,Australia,12,Jordie Barrett,1997-02-17,28.63
04/10/2025,Australia,6,Simon Parker,2000-05-06,25.41
04/10/2025,Australia,20,Wallace Sititi,2002-09-07,23.08
04/10/2025,Australia,3,Fletcher Newell,2000-03-01,25.59
04/10/2025,Australia,4,Scott Barrett,1993-11-20,31.87
04/10/2025,Australia,1,Tamaiti Williams,2000-08-10,25.15
04/10/2025,Australia,19,Patrick Tuipulotu,1993-01-23,32.7
04/10/2025,Australia,21,Cortez Ratima,2001-03-22,24.54
01/11/2025,Ireland,5,Fabian Holland,2002-10-09,23.06
01/11/2025,Ireland,14,Leroy Carter,1999-02-24,26.69
01/11/2025,Ireland,2,Codie Taylor,1991-03-31,34.59
01/11/2025,Ireland,18,Pasilio Tosi,1998-07-18,27.29
01/11/2025,Ireland,13,Quinn Tupaea,1999-05-10,26.48
01/11/2025,Ireland,7,Ardie Savea,1993-10-14,32.05
01/11/2025,Ireland,8,Peter Lakai,2003-03-04,22.66
01/11/2025,Ireland,15,Will Jordan,1998-02-24,27.69
01/11/2025,Ireland,11,Caleb Clarke,1999-03-29,26.6
01/11/2025,Ireland,16,Samisoni Taukei'aho,1997-08-08,28.23
01/11/2025,Ireland,22,Leicester Fainga'anuku,1999-10-11,26.06
01/11/2025,Ireland,23,Damian McKenzie,1995-04-20,30.54
01/11/2025,Ireland,9,Cam Roigard,2000-11-16,24.96
01/11/2025,Ireland,12,Jordie Barrett,1997-02-17,28.7
01/11/2025,Ireland,6,Simon Parker,2000-05-06,25.49
01/11/2025,Ireland,20,Wallace Sititi,2002-09-07,23.15
01/11/2025,Ireland,1,Ethan de Groot,1998-07-22,27.28
01/11/2025,Ireland,3,Fletcher Newell,2000-03-01,25.67
01/11/2025,Ireland,4,Scott Barrett,1993-11-20,31.95
01/11/2025,Ireland,10,Beauden Barrett,1991-05-27,34.43
01/11/2025,Ireland,17,Tamaiti Williams,2000-08-10,25.23
01/11/2025,Ireland,21,Cortez Ratima,2001-03-22,24.61
01/11/2025,Ireland,19,Josh Lord,2001-01-17,24.79
08/11/2025,Scotland,5,Fabian Holland,2002-10-09,23.08
08/11/2025,Scotland,14,Leroy Carter,1999-02-24,26.71
08/11/2025,Scotland,2,Codie Taylor,1991-03-31,34.61
08/11/2025,Scotland,18,Pasilio Tosi,1998-07-18,27.31
08/11/2025,Scotland,12,Quinn Tupaea,1999-05-10,26.5
08/11/2025,Scotland,7,Ardie Savea,1993-10-14,32.07
08/11/2025,Scotland,8,Peter Lakai,2003-03-04,22.68
08/11/2025,Scotland,15,Will Jordan,1998-02-24,27.7
08/11/2025,Scotland,11,Caleb Clarke,1999-03-29,26.62
08/11/2025,Scotland,16,Samisoni Taukei'aho,1997-08-08,28.25
08/11/2025,Scotland,19,Sam Darry,2000-07-11,25.33
08/11/2025,Scotland,13,Leicester Fainga'anuku,1999-10-11,26.08
08/11/2025,Scotland,23,Damian McKenzie,1995-04-20,30.56
08/11/2025,Scotland,20,Du'Plessis Kirifi,1997-03-03,28.69
08/11/2025,Scotland,9,Cam Roigard,2000-11-16,24.98
08/11/2025,Scotland,6,Wallace Sititi,2002-09-07,23.17
08/11/2025,Scotland,22,Billy Proctor,1999-05-14,26.49
08/11/2025,Scotland,1,Ethan de Groot,1998-07-22,27.3
08/11/2025,Scotland,3,Fletcher Newell,2000-03-01,25.69
08/11/2025,Scotland,10,Beauden Barrett,1991-05-27,34.45
08/11/2025,Scotland,17,Tamaiti Williams,2000-08-10,25.25
08/11/2025,Scotland,21,Cortez Ratima,2001-03-22,24.63
08/11/2025,Scotland,4,Josh Lord,2001-01-17,24.81
15/11/2025,England,14,Leroy Carter,1999-02-24,26.72
15/11/2025,England,2,Codie Taylor,1991-03-31,34.63
15/11/2025,England,18,Pasilio Tosi,1998-07-18,27.33
15/11/2025,England,12,Quinn Tupaea,1999-05-10,26.52
15/11/2025,England,7,Ardie Savea,1993-10-14,32.09
15/11/2025,England,8,Peter Lakai,2003-03-04,22.7
15/11/2025,England,15,Will Jordan,1998-02-24,27.72
15/11/2025,England,16,Samisoni Taukei'aho,1997-08-08,28.27
15/11/2025,England,19,Sam Darry,2000-07-11,25.35
15/11/2025,England,11,Leicester Fainga'anuku,1999-10-11,26.1
15/11/2025,England,23,Damian McKenzie,1995-04-20,30.57
15/11/2025,England,9,Cam Roigard,2000-11-16,25.0
15/11/2025,England,6,Simon Parker,2000-05-06,25.53
15/11/2025,England,20,Wallace Sititi,2002-09-07,23.19
15/11/2025,England,13,Billy Proctor,1999-05-14,26.51
15/11/2025,England,1,Ethan de Groot,1998-07-22,27.32
15/11/2025,England,3,Fletcher Newell,2000-03-01,25.71
15/11/2025,England,4,Scott Barrett,1993-11-20,31.99
15/11/2025,England,10,Beauden Barrett,1991-05-27,34.47
15/11/2025,England,17,Tamaiti Williams,2000-08-10,25.27
15/11/2025,England,21,Cortez Ratima,2001-03-22,24.65
15/11/2025,England,22,Anton Lienert-Brown,1995-04-15,30.59
15/11/2025,England,19,Josh Lord,2001-01-17,24.83
22/11/2025,Wales,5,Fabian Holland,2002-10-09,23.12
22/11/2025,Wales,3,Pasilio Tosi,1998-07-18,27.35
22/11/2025,Wales,15,Ruben Love,2001-04-28,24.57
22/11/2025,Wales,20,Christian Lio-Willie,1998-08-26,27.24
22/11/2025,Wales,14,Will Jordan,1998-02-24,27.74
22/11/2025,Wales,11,Caleb Clarke,1999-03-29,26.65
22/11/2025,Wales,13,Rieko Ioane,1997-03-18,28.68
22/11/2025,Wales,2,Samisoni Taukei'aho,1997-08-08,28.29
22/11/2025,Wales,16,George Bell,2002-01-29,23.81
22/11/2025,Wales,21,Finlay Christie,1995-09-19,30.18
22/11/2025,Wales,22,Leicester Fainga'anuku,1999-10-11,26.12
22/11/2025,Wales,10,Damian McKenzie,1995-04-20,30.59
22/11/2025,Wales,18,George Bower,1992-05-28,33.49
22/11/2025,Wales,7,Du'Plessis Kirifi,1997-03-03,28.72
22/11/2025,Wales,6,Simon Parker,2000-05-06,25.55
22/11/2025,Wales,8,Wallace Sititi,2002-09-07,23.21
22/11/2025,Wales,17,Fletcher Newell,2000-03-01,25.73
22/11/2025,Wales,4,Scott Barrett,1993-11-20,32.01
22/11/2025,Wales,1,Tamaiti Williams,2000-08-10,25.28
22/11/2025,Wales,23,Sevu Reece,1997-02-13,28.77
22/11/2025,Wales,9,Cortez Ratima,2001-03-22,24.67
22/11/2025,Wales,12,Anton Lienert-Brown,1995-04-15,30.61
22/11/2025,Wales,19,Josh Lord,2001-01-17,24.85
04/07/2026,France,18,Tyrel Lomax,1996-03-16,30.3
04/07/2026,France,2,Codie Taylor,1991-03-31,35.26
04/07/2026,France,17,Xavier Numia,1998-11-29,27.6
04/07/2026,France,13,Quinn Tupaea,1999-05-10,27.15
04/07/2026,France,8,Ardie Savea,1993-10-14,32.72
04/07/2026,France,6,Peter Lakai,2003-03-04,23.34
04/07/2026,France,10,Ruben Love,2001-04-28,25.18
04/07/2026,France,14,Will Jordan,1998-02-24,28.36
04/07/2026,France,11,Caleb Clarke,1999-03-29,27.27
04/07/2026,France,19,Jamie Hannah,2002-10-31,23.67
04/07/2026,France,5,Sam Darry,2000-07-11,25.98
04/07/2026,France,16,Asafo Aumua,1997-05-05,29.16
04/07/2026,France,23,Fehi Fineanganofo,2002-08-31,23.84
04/07/2026,France,15,Damian McKenzie,1995-04-20,31.21
04/07/2026,France,9,Cam Roigard,2000-11-16,25.63
04/07/2026,France,12,Jordie Barrett,1997-02-17,29.38
04/07/2026,France,20,Wallace Sititi,2002-09-07,23.82
04/07/2026,France,7,Luke Jacobson,1997-04-20,29.21
04/07/2026,France,22,Billy Proctor,1999-05-14,27.14
04/07/2026,France,1,Ethan de Groot,1998-07-22,27.95
04/07/2026,France,3,Fletcher Newell,2000-03-01,26.34
04/07/2026,France,21,Cortez Ratima,2001-03-22,25.28
04/07/2026,France,4,Josh Lord,2001-01-17,25.46
11/07/2026,Italy,3,Tyrel Lomax,1996-03-16,30.32
11/07/2026,Italy,11,Leroy Carter,1999-02-24,27.38
11/07/2026,Italy,2,Codie Taylor,1991-03-31,35.28
11/07/2026,Italy,18,Pasilio Tosi,1998-07-18,27.98
11/07/2026,Italy,8,Ardie Savea,1993-10-14,32.74
11/07/2026,Italy,10,Ruben Love,2001-04-28,25.2
11/07/2026,Italy,14,Will Jordan,1998-02-24,28.38
11/07/2026,Italy,16,Samisoni Taukei'aho,1997-08-08,28.92
11/07/2026,Italy,4,Sam Darry,2000-07-11,26.0
11/07/2026,Italy,15,Damian McKenzie,1995-04-20,31.23
11/07/2026,Italy,17,George Bower,1992-05-28,34.12
11/07/2026,Italy,9,Cam Roigard,2000-11-16,25.65
11/07/2026,Italy,12,Jordie Barrett,1997-02-17,29.39
11/07/2026,Italy,6,Wallace Sititi,2002-09-07,23.84
11/07/2026,Italy,7,Luke Jacobson,1997-04-20,29.22
11/07/2026,Italy,23,Josh Moorby,1998-07-11,28.0
11/07/2026,Italy,13,Billy Proctor,1999-05-14,27.16
11/07/2026,Italy,1,Ethan de Groot,1998-07-22,27.97
11/07/2026,Italy,20,Anton Segner,2001-09-24,24.79
11/07/2026,Italy,5,Tupou Vaa'i,2000-01-27,26.45
11/07/2026,Italy,21,Cortez Ratima,2001-03-22,25.3
11/07/2026,Italy,22,Anton Lienert-Brown,1995-04-15,31.24
11/07/2026,Italy,19,Josh Lord,2001-01-17,25.48
18/07/2026,Ireland,3,Tyrel Lomax,1996-03-16,30.34
18/07/2026,Ireland,2,Codie Taylor,1991-03-31,35.3
18/07/2026,Ireland,17,Xavier Numia,1998-11-29,27.63
18/07/2026,Ireland,13,Quinn Tupaea,1999-05-10,27.19
18/07/2026,Ireland,8,Ardie Savea,1993-10-14,32.76
18/07/2026,Ireland,20,Peter Lakai,2003-03-04,23.37
18/07/2026,Ireland,10,Ruben Love,2001-04-28,25.22
18/07/2026,Ireland,14,Will Jordan,1998-02-24,28.39
18/07/2026,Ireland,23,Caleb Clarke,1999-03-29,27.31
18/07/2026,Ireland,16,Asafo Aumua,1997-05-05,29.2
18/07/2026,Ireland,15,Damian McKenzie,1995-04-20,31.24
18/07/2026,Ireland,9,Cam Roigard,2000-11-16,25.67
18/07/2026,Ireland,12,Jordie Barrett,1997-02-17,29.41
18/07/2026,Ireland,7,Luke Jacobson,1997-04-20,29.24
18/07/2026,Ireland,11,Josh Moorby,1998-07-11,28.02
18/07/2026,Ireland,1,Ethan de Groot,1998-07-22,27.99
18/07/2026,Ireland,18,Fletcher Newell,2000-03-01,26.38
18/07/2026,Ireland,19,Anton Segner,2001-09-24,24.81
18/07/2026,Ireland,5,Patrick Tuipulotu,1993-01-23,33.48
18/07/2026,Ireland,6,Tupou Vaa'i,2000-01-27,26.47
18/07/2026,Ireland,21,Cortez Ratima,2001-03-22,25.32
18/07/2026,Ireland,22,Anton Lienert-Brown,1995-04-15,31.26
18/07/2026,Ireland,4,Josh Lord,2001-01-17,25.5
07/08/2026,Stormers,4,Fabian Holland,2002-10-09,23.83
07/08/2026,Stormers,14,Leroy Carter,1999-02-24,27.45
07/08/2026,Stormers,3,Pasilio Tosi,1998-07-18,28.06
07/08/2026,Stormers,8,Peter Lakai,2003-03-04,23.43
07/08/2026,Stormers,18,Siale Lauaki,2003-05-30,23.19
07/08/2026,Stormers,20,Ethan Blackadder,1995-03-22,31.38
07/08/2026,Stormers,23,Caleb Clarke,1999-03-29,27.36
07/08/2026,Stormers,11,Rieko Ioane,1997-03-18,29.39
07/08/2026,Stormers,2,Samisoni Taukei'aho,1997-08-08,29.0
07/08/2026,Stormers,19,Sam Darry,2000-07-11,26.07
07/08/2026,Stormers,16,Asafo Aumua,1997-05-05,29.26
07/08/2026,Stormers,1,George Bower,1992-05-28,34.19
07/08/2026,Stormers,6,Simon Parker,2000-05-06,26.25
07/08/2026,Stormers,15,Josh Moorby,1998-07-11,28.07
07/08/2026,Stormers,13,Billy Proctor,1999-05-14,27.23
07/08/2026,Stormers,21,Kyle Preston,1999-09-13,26.9
07/08/2026,Stormers,10,Beauden Barrett,1991-05-27,35.2
07/08/2026,Stormers,7,Anton Segner,2001-09-24,24.87
07/08/2026,Stormers,5,Patrick Tuipulotu,1993-01-23,33.54
07/08/2026,Stormers,9,Cortez Ratima,2001-03-22,25.38
07/08/2026,Stormers,22,Josh Jacomb,2001-06-23,25.12
07/08/2026,Stormers,17,Oliver Norris,1999-12-11,26.66
07/08/2026,Stormers,12,Anton Lienert-Brown,1995-04-15,31.31
11/08/2026,Sharks,18,Pasilio Tosi,1998-07-18,28.07
11/08/2026,Sharks,13,Quinn Tupaea,1999-05-10,27.26
11/08/2026,Sharks,10,Ruben Love,2001-04-28,25.29
11/08/2026,Sharks,19,Ethan Blackadder,1995-03-22,31.39
11/08/2026,Sharks,11,Caleb Clarke,1999-03-29,27.37
11/08/2026,Sharks,23,Emoni Narawa,1999-07-03,27.11
11/08/2026,Sharks,5,Sam Darry,2000-07-11,26.08
11/08/2026,Sharks,2,Asafo Aumua,1997-05-05,29.27
11/08/2026,Sharks,14,Fehi Fineanganofo,2002-08-31,23.95
11/08/2026,Sharks,15,Damian McKenzie,1995-04-20,31.31
11/08/2026,Sharks,22,Timoci Tavatavanawai,1998-02-14,28.49
11/08/2026,Sharks,20,Semisi Ta’eiloa,2003-11-25,22.71
11/08/2026,Sharks,12,Jordie Barrett,1997-02-17,29.48
11/08/2026,Sharks,16,Bradley Slater,1998-09-23,27.88
11/08/2026,Sharks,8,Wallace Sititi,2002-09-07,23.93
11/08/2026,Sharks,7,Luke Jacobson,1997-04-20,29.31
11/08/2026,Sharks,1,Ethan de Groot,1998-07-22,28.06
11/08/2026,Sharks,3,Fletcher Newell,2000-03-01,26.45
11/08/2026,Sharks,9,Kyle Preston,1999-09-13,26.91
11/08/2026,Sharks,6,Tupou Vaa'i,2000-01-27,26.54
11/08/2026,Sharks,21,Cortez Ratima,2001-03-22,25.39
11/08/2026,Sharks,17,Oliver Norris,1999-12-11,26.67
11/08/2026,Sharks,4,Josh Lord,2001-01-17,25.56
15/08/2026,Bulls,4,Fabian Holland,2002-10-09,23.85
15/08/2026,Bulls,3,Tyrel Lomax,1996-03-16,30.42
15/08/2026,Bulls,14,Leroy Carter,1999-02-24,27.47
15/08/2026,Bulls,2,Codie Taylor,1991-03-31,35.38
15/08/2026,Bulls,1,Xavier Numia,1998-11-29,27.71
15/08/2026,Bulls,8,Peter Lakai,2003-03-04,23.45
15/08/2026,Bulls,18,Siale Lauaki,2003-05-30,23.21
15/08/2026,Bulls,13,Rieko Ioane,1997-03-18,29.41
15/08/2026,Bulls,16,Samisoni Taukei'aho,1997-08-08,29.02
15/08/2026,Bulls,23,Emoni Narawa,1999-07-03,27.12
15/08/2026,Bulls,22,Timoci Tavatavanawai,1998-02-14,28.5
15/08/2026,Bulls,17,George Bower,1992-05-28,34.22
15/08/2026,Bulls,6,Simon Parker,2000-05-06,26.28
15/08/2026,Bulls,20,Wallace Sititi,2002-09-07,23.94
15/08/2026,Bulls,11,Josh Moorby,1998-07-11,28.1
15/08/2026,Bulls,21,Kyle Preston,1999-09-13,26.92
15/08/2026,Bulls,15,Beauden Barrett,1991-05-27,35.22
15/08/2026,Bulls,7,Anton Segner,2001-09-24,24.89
15/08/2026,Bulls,5,Patrick Tuipulotu,1993-01-23,33.56
15/08/2026,Bulls,9,Cortez Ratima,2001-03-22,25.4
15/08/2026,Bulls,10,Josh Jacomb,2001-06-23,25.14
15/08/2026,Bulls,12,Anton Lienert-Brown,1995-04-15,31.34
15/08/2026,Bulls,19,Josh Lord,2001-01-17,25.57
22/08/2026,South Africa,5,Fabian Holland,2002-10-09,23.87
22/08/2026,South Africa,3,Tyrel Lomax,1996-03-16,30.43
22/08/2026,South Africa,23,Leroy Carter,1999-02-24,27.49
22/08/2026,South Africa,2,Codie Taylor,1991-03-31,35.4
22/08/2026,South Africa,13,Quinn Tupaea,1999-05-10,27.29
22/08/2026,South Africa,8,Ardie Savea,1993-10-14,32.85
22/08/2026,South Africa,19,Peter Lakai,2003-03-04,23.47
22/08/2026,South Africa,10,Ruben Love,2001-04-28,25.32
22/08/2026,South Africa,14,Will Jordan,1998-02-24,28.49
22/08/2026,South Africa,16,Asafo Aumua,1997-05-05,29.3
22/08/2026,South Africa,15,Damian McKenzie,1995-04-20,31.34
22/08/2026,South Africa,17,George Bower,1992-05-28,34.23
22/08/2026,South Africa,9,Cam Roigard,2000-11-16,25.76
22/08/2026,South Africa,12,Jordie Barrett,1997-02-17,29.51
22/08/2026,South Africa,20,Simon Parker,2000-05-06,26.29
22/08/2026,South Africa,7,Luke Jacobson,1997-04-20,29.34
22/08/2026,South Africa,11,Josh Moorby,1998-07-11,28.12
22/08/2026,South Africa,1,Ethan de Groot,1998-07-22,28.09
22/08/2026,South Africa,18,Fletcher Newell,2000-03-01,26.48
22/08/2026,South Africa,21,Kyle Preston,1999-09-13,26.94
22/08/2026,South Africa,6,Tupou Vaa'i,2000-01-27,26.57
22/08/2026,South Africa,22,Anton Lienert-Brown,1995-04-15,31.35
22/08/2026,South Africa,4,Josh Lord,2001-01-17,25.59
25/08/2026,Lions,17,Xavier Numia,1998-11-29,27.74
25/08/2026,Lions,3,Pasilio Tosi,1998-07-18,28.1
25/08/2026,Lions,20,Peter Lakai,2003-03-04,23.48
25/08/2026,Lions,1,Siale Lauaki,2003-05-30,23.24
25/08/2026,Lions,7,Ethan Blackadder,1995-03-22,31.43
25/08/2026,Lions,19,Jamie Hannah,2002-10-31,23.82
25/08/2026,Lions,13,Rieko Ioane,1997-03-18,29.44
25/08/2026,Lions,2,Samisoni Taukei'aho,1997-08-08,29.05
25/08/2026,Lions,11,Emoni Narawa,1999-07-03,27.15
25/08/2026,Lions,4,Sam Darry,2000-07-11,26.12
25/08/2026,Lions,14,Fehi Fineanganofo,2002-08-31,23.98
25/08/2026,Lions,12,Timoci Tavatavanawai,1998-02-14,28.53
25/08/2026,Lions,8,Semisi Ta’eiloa,2003-11-25,22.75
25/08/2026,Lions,16,Bradley Slater,1998-09-23,27.92
25/08/2026,Lions,6,Wallace Sititi,2002-09-07,23.96
25/08/2026,Lions,10,Richie Mo'unga,1994-05-25,32.25
25/08/2026,Lions,9,Noah Hotham,2003-05-23,23.26
25/08/2026,Lions,21,Kyle Preston,1999-09-13,26.95
25/08/2026,Lions,15,Beauden Barrett,1991-05-27,35.25
25/08/2026,Lions,5,Patrick Tuipulotu,1993-01-23,33.59
25/08/2026,Lions,18,Saula Ma'u,2000-04-29,26.32
25/08/2026,Lions,22,Josh Jacomb,2001-06-23,25.17
25/08/2026,Lions,23,Anton Lienert-Brown,1995-04-15,31.36
29/08/2026,South Africa,4,Fabian Holland,2002-10-09,23.89
29/08/2026,South Africa,3,Tyrel Lomax,1996-03-16,30.45
29/08/2026,South Africa,11,Leroy Carter,1999-02-24,27.51
29/08/2026,South Africa,2,Codie Taylor,1991-03-31,35.41
29/08/2026,South Africa,17,Xavier Numia,1998-11-29,27.75
29/08/2026,South Africa,13,Quinn Tupaea,1999-05-10,27.31
29/08/2026,South Africa,8,Ardie Savea,1993-10-14,32.87
29/08/2026,South Africa,20,Peter Lakai,2003-03-04,23.49
29/08/2026,South Africa,10,Ruben Love,2001-04-28,25.34
29/08/2026,South Africa,14,Will Jordan,1998-02-24,28.51
29/08/2026,South Africa,16,Asafo Aumua,1997-05-05,29.32
29/08/2026,South Africa,15,Damian McKenzie,1995-04-20,31.36
29/08/2026,South Africa,1,George Bower,1992-05-28,34.25
29/08/2026,South Africa,9,Cam Roigard,2000-11-16,25.78
29/08/2026,South Africa,12,Jordie Barrett,1997-02-17,29.53
29/08/2026,South Africa,6,Simon Parker,2000-05-06,26.31
29/08/2026,South Africa,7,Luke Jacobson,1997-04-20,29.36
29/08/2026,South Africa,23,Josh Moorby,1998-07-11,28.13
29/08/2026,South Africa,18,Fletcher Newell,2000-03-01,26.49
29/08/2026,South Africa,21,Kyle Preston,1999-09-13,26.96
29/08/2026,South Africa,19,Patrick Tuipulotu,1993-01-23,33.6
29/08/2026,South Africa,5,Tupou Vaa'i,2000-01-27,26.59
29/08/2026,South Africa,22,Anton Lienert-Brown,1995-04-15,31.37
