date,opposition,shirt,player,started,minutes
08/07/2015,Samoa,22,Colin Slade,n,23
08/07/2015,Samoa,13,Ryan Crotty,y,80
08/07/2015,Samoa,12,Sonny Bill Williams,y,80
08/07/2015,Samoa,1,Tony Woodcock,y,48
08/07/2015,Samoa,3,Owen Franks,y,57
08/07/2015,Samoa,14,George Moala,y,72
08/07/2015,Samoa,9,Andy Ellis,y,65
08/07/2015,Samoa,23,Charlie Ngatai,n,12
08/07/2015,Samoa,5,Samuel Whitelock,y,60
08/07/2015,Samoa,19,Brodie Retallick,n,33
08/07/2015,Samoa,4,Luke Romano,y,67
08/07/2015,Samoa,2,Keven Mealamu,y,65
08/07/2015,Samoa,15,Israel Dagg,y,53
08/07/2015,Samoa,6,Jerome Kaino,y,60
08/07/2015,Samoa,7,Richie McCaw,y,80
08/07/2015,Samoa,18,Nepo Laulala,n,23
08/07/2015,Samoa,21,Brad Weber,n,15
08/07/2015,Samoa,8,Kieran Read,y,80
08/07/2015,Samoa,10,Daniel Carter,y,80
08/07/2015,Samoa,16,Hikawera Elliot,n,15
08/07/2015,Samoa,11,Salesi Piutau,y,80
08/07/2015,Samoa,20,Matt Todd,n,20
08/07/2015,Samoa,17,Wyatt Crockett,n,32
17/07/2015,Argentina,22,Colin Slade,n,28
17/07/2015,Argentina,23,Ryan Crotty,n,7
17/07/2015,Argentina,12,Sonny Bill Williams,y,80
17/07/2015,Argentina,16,Codie Taylor,n,20
17/07/2015,Argentina,1,Tony Woodcock,y,60
17/07/2015,Argentina,3,Owen Franks,y,55
17/07/2015,Argentina,21,Andy Ellis,n,9
17/07/2015,Argentina,20,Liam Messam,n,9
17/07/2015,Argentina,5,Brodie Retallick,y,80
17/07/2015,Argentina,4,Luke Romano,y,60
17/07/2015,Argentina,2,Keven Mealamu,y,60
17/07/2015,Argentina,15,Israel Dagg,y,80
17/07/2015,Argentina,14,Waisake Naholo,y,52
17/07/2015,Argentina,6,Jerome Kaino,y,71
17/07/2015,Argentina,7,Richie McCaw,y,80
17/07/2015,Argentina,18,Nepo Laulala,n,25
17/07/2015,Argentina,9,TJ Perenara,y,71
17/07/2015,Argentina,8,Kieran Read,y,80
17/07/2015,Argentina,19,Jeremy Thrush,n,20
17/07/2015,Argentina,10,Daniel Carter,y,80
17/07/2015,Argentina,13,Ma'a Nonu,y,73
17/07/2015,Argentina,11,Salesi Piutau,y,80
17/07/2015,Argentina,17,Wyatt Crockett,n,20
25/07/2015,South Africa,16,Codie Taylor,n,17
25/07/2015,South Africa,1,Tony Woodcock,y,50
25/07/2015,South Africa,3,Owen Franks,y,57
25/07/2015,South Africa,6,Liam Messam,y,57
25/07/2015,South Africa,19,Samuel Whitelock,n,40
25/07/2015,South Africa,4,Brodie Retallick,y,80
25/07/2015,South Africa,14,Ben Smith,y,80
25/07/2015,South Africa,15,Israel Dagg,y,52
25/07/2015,South Africa,23,Malakai Fekitoa,n,33
25/07/2015,South Africa,2,Dane Coles,y,63
25/07/2015,South Africa,5,James Broadhurst,y,40
25/07/2015,South Africa,7,Richie McCaw,y,80
25/07/2015,South Africa,9,Aaron Smith,y,65
25/07/2015,South Africa,18,Ben Franks,n,23
25/07/2015,South Africa,20,Victor Vito,n,23
25/07/2015,South Africa,21,TJ Perenara,n,15
25/07/2015,South Africa,10,Lima Sopoaga,y,80
25/07/2015,South Africa,8,Kieran Read,y,80
25/07/2015,South Africa,13,Conrad Smith,y,80
25/07/2015,South Africa,22,Beauden Barrett,n,28
25/07/2015,South Africa,12,Ma'a Nonu,y,47
25/07/2015,South Africa,11,Salesi Piutau,y,80
25/07/2015,South Africa,17,Wyatt Crockett,n,30
08/08/2015,Australia,12,Sonny Bill Williams,y,55
08/08/2015,Australia,16,Codie Taylor,n,11
08/08/2015,Australia,1,Tony Woodcock,y,74
08/08/2015,Australia,3,Owen Franks,y,45
08/08/2015,Australia,19,Samuel Whitelock,n,25
08/08/2015,Australia,5,Brodie Retallick,y,80
08/08/2015,Australia,15,Ben Smith,y,62
08/08/2015,Australia,4,Luke Romano,y,55
08/08/2015,Australia,11,Julian Savea,y,80
08/08/2015,Australia,23,Malakai Fekitoa,n,25
08/08/2015,Australia,6,Jerome Kaino,y,74
08/08/2015,Australia,2,Dane Coles,y,69
08/08/2015,Australia,7,Richie McCaw,y,80
08/08/2015,Australia,9,Aaron Smith,y,78
08/08/2015,Australia,17,Ben Franks,n,6
08/08/2015,Australia,18,Nepo Laulala,n,35
08/08/2015,Australia,21,TJ Perenara,n,2
08/08/2015,Australia,8,Kieran Read,y,80
08/08/2015,Australia,20,Sam Cane,n,6
08/08/2015,Australia,13,Conrad Smith,y,80
08/08/2015,Australia,22,Beauden Barrett,n,18
08/08/2015,Australia,10,Daniel Carter,y,80
08/08/2015,Australia,14,Nehe Milner-Skudder,y,80
15/08/2015,Australia,22,Colin Slade,n,28
15/08/2015,Australia,1,Tony Woodcock,y,52
15/08/2015,Australia,3,Owen Franks,y,63
15/08/2015,Australia,5,Samuel Whitelock,y,80
15/08/2015,Australia,4,Brodie Retallick,y,80
15/08/2015,Australia,15,Ben Smith,y,80
15/08/2015,Australia,16,Keven Mealamu,n,13
15/08/2015,Australia,11,Julian Savea,y,80
15/08/2015,Australia,23,Malakai Fekitoa,n,12
15/08/2015,Australia,19,Jerome Kaino,n,12
15/08/2015,Australia,2,Dane Coles,y,67
15/08/2015,Australia,7,Richie McCaw,y,68
15/08/2015,Australia,9,Aaron Smith,y,67
15/08/2015,Australia,6,Victor Vito,y,64
15/08/2015,Australia,18,Nepo Laulala,n,17
15/08/2015,Australia,21,TJ Perenara,n,13
15/08/2015,Australia,8,Kieran Read,y,80
15/08/2015,Australia,20,Sam Cane,n,16
15/08/2015,Australia,13,Conrad Smith,y,68
15/08/2015,Australia,10,Daniel Carter,y,80
15/08/2015,Australia,12,Ma'a Nonu,y,80
15/08/2015,Australia,17,Wyatt Crockett,n,28
15/08/2015,Australia,14,Nehe Milner-Skudder,y,52
20/09/2015,Argentina,23,Sonny Bill Williams,n,35
20/09/2015,Argentina,1,Tony Woodcock,y,45
20/09/2015,Argentina,3,Owen Franks,y,50
20/09/2015,Argentina,5,Samuel Whitelock,y,80
20/09/2015,Argentina,4,Brodie Retallick,y,71
20/09/2015,Argentina,15,Ben Smith,y,80
20/09/2015,Argentina,16,Keven Mealamu,n,12
20/09/2015,Argentina,11,Julian Savea,y,80
20/09/2015,Argentina,6,Jerome Kaino,y,64
20/09/2015,Argentina,2,Dane Coles,y,68
20/09/2015,Argentina,18,Charlie Faumuina,n,30
20/09/2015,Argentina,7,Richie McCaw,y,80
20/09/2015,Argentina,9,Aaron Smith,y,68
20/09/2015,Argentina,19,Victor Vito,n,9
20/09/2015,Argentina,21,TJ Perenara,n,12
20/09/2015,Argentina,8,Kieran Read,y,80
20/09/2015,Argentina,20,Sam Cane,n,16
20/09/2015,Argentina,13,Conrad Smith,y,80
20/09/2015,Argentina,22,Beauden Barrett,n,30
20/09/2015,Argentina,10,Daniel Carter,y,80
20/09/2015,Argentina,12,Ma'a Nonu,y,45
20/09/2015,Argentina,17,Wyatt Crockett,n,35
20/09/2015,Argentina,14,Nehe Milner-Skudder,y,50
24/09/2015,Namibia,15,Colin Slade,y,52
24/09/2015,Namibia,12,Sonny Bill Williams,y,62
24/09/2015,Namibia,2,Codie Taylor,y,80
24/09/2015,Namibia,18,Tony Woodcock,n,0
24/09/2015,Namibia,21,Tawera Kerr-Barlow,n,32
24/09/2015,Namibia,5,Samuel Whitelock,y,52
24/09/2015,Namibia,23,Ben Smith,n,28
24/09/2015,Namibia,4,Luke Romano,y,80
24/09/2015,Namibia,16,Keven Mealamu,n,0
24/09/2015,Namibia,11,Julian Savea,y,80
24/09/2015,Namibia,13,Malakai Fekitoa,y,80
24/09/2015,Namibia,6,Jerome Kaino,y,62
24/09/2015,Namibia,3,Charlie Faumuina,y,63
24/09/2015,Namibia,20,Richie McCaw,n,18
24/09/2015,Namibia,1,Ben Franks,y,80
24/09/2015,Namibia,8,Victor Vito,y,80
24/09/2015,Namibia,9,TJ Perenara,y,48
24/09/2015,Namibia,19,Kieran Read,n,28
24/09/2015,Namibia,7,Sam Cane,y,80
24/09/2015,Namibia,10,Beauden Barrett,y,80
24/09/2015,Namibia,22,Ma'a Nonu,n,18
24/09/2015,Namibia,17,Wyatt Crockett,n,17
24/09/2015,Namibia,14,Nehe Milner-Skudder,y,80
02/10/2015,Georgia,12,Sonny Bill Williams,y,73
02/10/2015,Georgia,17,Tony Woodcock,n,20
02/10/2015,Georgia,18,Owen Franks,n,20
02/10/2015,Georgia,21,Tawera Kerr-Barlow,n,10
02/10/2015,Georgia,5,Samuel Whitelock,y,80
02/10/2015,Georgia,4,Brodie Retallick,y,80
02/10/2015,Georgia,15,Ben Smith,y,80
02/10/2015,Georgia,16,Keven Mealamu,n,9
02/10/2015,Georgia,11,Julian Savea,y,80
02/10/2015,Georgia,23,Malakai Fekitoa,n,28
02/10/2015,Georgia,14,Waisake Naholo,y,52
02/10/2015,Georgia,6,Jerome Kaino,y,80
02/10/2015,Georgia,2,Dane Coles,y,71
02/10/2015,Georgia,3,Charlie Faumuina,y,60
02/10/2015,Georgia,7,Richie McCaw,y,61
02/10/2015,Georgia,9,Aaron Smith,y,70
02/10/2015,Georgia,19,Victor Vito,n,24
02/10/2015,Georgia,22,TJ Perenara,n,0
02/10/2015,Georgia,8,Kieran Read,y,80
02/10/2015,Georgia,20,Sam Cane,n,19
02/10/2015,Georgia,13,Conrad Smith,y,63
02/10/2015,Georgia,10,Daniel Carter,y,80
02/10/2015,Georgia,1,Wyatt Crockett,y,60
09/10/2015,Tonga,23,Sonny Bill Williams,n,18
09/10/2015,Tonga,1,Tony Woodcock,y,42
09/10/2015,Tonga,3,Owen Franks,y,62
09/10/2015,Tonga,20,Liam Messam,n,14
09/10/2015,Tonga,21,Tawera Kerr-Barlow,n,8
09/10/2015,Tonga,5,Samuel Whitelock,y,66
09/10/2015,Tonga,19,Brodie Retallick,n,31
09/10/2015,Tonga,15,Ben Smith,y,80
09/10/2015,Tonga,4,Luke Romano,y,49
09/10/2015,Tonga,16,Keven Mealamu,n,14
09/10/2015,Tonga,11,Waisake Naholo,y,57
09/10/2015,Tonga,6,Jerome Kaino,y,80
09/10/2015,Tonga,2,Dane Coles,y,66
09/10/2015,Tonga,9,Aaron Smith,y,72
09/10/2015,Tonga,18,Ben Franks,n,18
09/10/2015,Tonga,8,Kieran Read,y,80
09/10/2015,Tonga,7,Sam Cane,y,80
09/10/2015,Tonga,13,Conrad Smith,y,62
09/10/2015,Tonga,22,Beauden Barrett,n,23
09/10/2015,Tonga,10,Daniel Carter,y,80
09/10/2015,Tonga,12,Ma'a Nonu,y,80
09/10/2015,Tonga,17,Wyatt Crockett,n,38
09/10/2015,Tonga,14,Nehe Milner-Skudder,y,80
17/10/2015,France,23,Sonny Bill Williams,n,28
17/10/2015,France,3,Owen Franks,y,51
17/10/2015,France,21,Tawera Kerr-Barlow,n,15
17/10/2015,France,5,Samuel Whitelock,y,80
17/10/2015,France,4,Brodie Retallick,y,80
17/10/2015,France,15,Ben Smith,y,80
17/10/2015,France,16,Keven Mealamu,n,20
17/10/2015,France,11,Julian Savea,y,80
17/10/2015,France,17,Joe Moody,n,52
17/10/2015,France,6,Jerome Kaino,y,65
17/10/2015,France,2,Dane Coles,y,60
17/10/2015,France,18,Charlie Faumuina,n,29
17/10/2015,France,7,Richie McCaw,y,68
17/10/2015,France,9,Aaron Smith,y,65
17/10/2015,France,19,Victor Vito,n,15
17/10/2015,France,8,Kieran Read,y,80
17/10/2015,France,20,Sam Cane,n,12
17/10/2015,France,13,Conrad Smith,y,52
17/10/2015,France,22,Beauden Barrett,n,40
17/10/2015,France,10,Daniel Carter,y,80
17/10/2015,France,12,Ma'a Nonu,y,80
17/10/2015,France,1,Wyatt Crockett,y,28
17/10/2015,France,14,Nehe Milner-Skudder,y,40
24/10/2015,South Africa,23,Sonny Bill Williams,n,28
24/10/2015,South Africa,3,Owen Franks,y,52
24/10/2015,South Africa,21,Tawera Kerr-Barlow,n,0
24/10/2015,South Africa,5,Samuel Whitelock,y,80
24/10/2015,South Africa,4,Brodie Retallick,y,80
24/10/2015,South Africa,15,Ben Smith,y,80
24/10/2015,South Africa,16,Keven Mealamu,n,13
24/10/2015,South Africa,11,Julian Savea,y,80
24/10/2015,South Africa,1,Joe Moody,y,69
24/10/2015,South Africa,6,Jerome Kaino,y,67
24/10/2015,South Africa,2,Dane Coles,y,67
24/10/2015,South Africa,18,Charlie Faumuina,n,28
24/10/2015,South Africa,7,Richie McCaw,y,80
24/10/2015,South Africa,9,Aaron Smith,y,80
24/10/2015,South Africa,17,Ben Franks,n,11
24/10/2015,South Africa,19,Victor Vito,n,0
24/10/2015,South Africa,8,Kieran Read,y,80
24/10/2015,South Africa,20,Sam Cane,n,13
24/10/2015,South Africa,13,Conrad Smith,y,80
24/10/2015,South Africa,22,Beauden Barrett,n,31
24/10/2015,South Africa,10,Daniel Carter,y,80
24/10/2015,South Africa,12,Ma'a Nonu,y,52
24/10/2015,South Africa,14,Nehe Milner-Skudder,y,49
31/10/2015,Australia,23,Sonny Bill Williams,n,40
31/10/2015,Australia,3,Owen Franks,y,54
31/10/2015,Australia,21,Tawera Kerr-Barlow,n,9
31/10/2015,Australia,5,Samuel Whitelock,y,80
31/10/2015,Australia,4,Brodie Retallick,y,80
31/10/2015,Australia,15,Ben Smith,y,80
31/10/2015,Australia,16,Keven Mealamu,n,15
31/10/2015,Australia,11,Julian Savea,y,80
31/10/2015,Australia,1,Joe Moody,y,58
31/10/2015,Australia,6,Jerome Kaino,y,71
31/10/2015,Australia,2,Dane Coles,y,65
31/10/2015,Australia,18,Charlie Faumuina,n,26
31/10/2015,Australia,7,Richie McCaw,y,80
31/10/2015,Australia,9,Aaron Smith,y,71
31/10/2015,Australia,17,Ben Franks,n,22
31/10/2015,Australia,19,Victor Vito,n,9
31/10/2015,Australia,8,Kieran Read,y,80
31/10/2015,Australia,20,Sam Cane,n,0
31/10/2015,Australia,13,Conrad Smith,y,40
31/10/2015,Australia,22,Beauden Barrett,n,16
31/10/2015,Australia,10,Daniel Carter,y,80
31/10/2015,Australia,12,Ma'a Nonu,y,80
31/10/2015,Australia,14,Nehe Milner-Skudder,y,64
11/06/2016,Wales,12,Ryan Crotty,y,80
11/06/2016,Wales,10,Aaron Cruden,y,80
11/06/2016,Wales,20,Ardie Savea,n,19
11/06/2016,Wales,3,Owen Franks,y,45
11/06/2016,Wales,5,Brodie Retallick,y,80
11/06/2016,Wales,15,Ben Smith,y,80
11/06/2016,Wales,4,Luke Romano,y,53
11/06/2016,Wales,11,Julian Savea,y,43
11/06/2016,Wales,1,Joe Moody,y,48
11/06/2016,Wales,13,Malakai Fekitoa,y,74
11/06/2016,Wales,14,Waisake Naholo,y,80
11/06/2016,Wales,6,Jerome Kaino,y,80
11/06/2016,Wales,2,Dane Coles,y,72
11/06/2016,Wales,18,Charlie Faumuina,n,35
11/06/2016,Wales,9,Aaron Smith,y,69
11/06/2016,Wales,23,Seta Tamanivalu,n,6
11/06/2016,Wales,16,Nathan Harris,n,8
11/06/2016,Wales,21,TJ Perenara,n,11
11/06/2016,Wales,8,Kieran Read,y,80
11/06/2016,Wales,7,Sam Cane,y,61
11/06/2016,Wales,22,Beauden Barrett,n,37
11/06/2016,Wales,19,Patrick Tuipulotu,n,27
11/06/2016,Wales,17,Wyatt Crockett,n,32
18/06/2016,Wales,12,Ryan Crotty,y,80
18/06/2016,Wales,10,Aaron Cruden,y,33
18/06/2016,Wales,20,Ardie Savea,n,23
18/06/2016,Wales,3,Owen Franks,y,46
18/06/2016,Wales,5,Samuel Whitelock,y,80
18/06/2016,Wales,4,Brodie Retallick,y,68
18/06/2016,Wales,14,Ben Smith,y,65
18/06/2016,Wales,15,Israel Dagg,y,80
18/06/2016,Wales,1,Joe Moody,y,54
18/06/2016,Wales,13,Malakai Fekitoa,y,67
18/06/2016,Wales,11,Waisake Naholo,y,80
18/06/2016,Wales,6,Jerome Kaino,y,80
18/06/2016,Wales,2,Dane Coles,y,76
18/06/2016,Wales,18,Charlie Faumuina,n,34
18/06/2016,Wales,9,Aaron Smith,y,80
18/06/2016,Wales,23,Seta Tamanivalu,n,13
18/06/2016,Wales,16,Nathan Harris,n,4
18/06/2016,Wales,21,TJ Perenara,n,15
18/06/2016,Wales,8,Kieran Read,y,80
18/06/2016,Wales,7,Sam Cane,y,57
18/06/2016,Wales,22,Beauden Barrett,n,47
18/06/2016,Wales,19,Patrick Tuipulotu,n,12
18/06/2016,Wales,17,Wyatt Crockett,n,26
25/06/2016,Wales,12,Ryan Crotty,y,55
25/06/2016,Wales,16,Codie Taylor,n,8
25/06/2016,Wales,13,George Moala,y,49
25/06/2016,Wales,21,Tawera Kerr-Barlow,n,8
25/06/2016,Wales,5,Samuel Whitelock,y,80
25/06/2016,Wales,4,Brodie Retallick,y,65
25/06/2016,Wales,14,Ben Smith,y,80
25/06/2016,Wales,19,Luke Romano,n,15
25/06/2016,Wales,15,Israel Dagg,y,80
25/06/2016,Wales,11,Julian Savea,y,80
25/06/2016,Wales,1,Joe Moody,y,53
25/06/2016,Wales,23,Waisake Naholo,n,31
25/06/2016,Wales,2,Dane Coles,y,72
25/06/2016,Wales,3,Charlie Faumuina,y,53
25/06/2016,Wales,9,Aaron Smith,y,72
25/06/2016,Wales,18,Ofa Tuungafasi,n,27
25/06/2016,Wales,22,Lima Sopoaga,n,25
25/06/2016,Wales,20,Liam Squire,n,25
25/06/2016,Wales,8,Kieran Read,y,80
25/06/2016,Wales,7,Sam Cane,y,80
25/06/2016,Wales,10,Beauden Barrett,y,80
25/06/2016,Wales,6,Elliot Dixon,y,55
25/06/2016,Wales,17,Wyatt Crockett,n,27
20/08/2016,Australia,12,Ryan Crotty,y,40
20/08/2016,Australia,2,Codie Taylor,y,3
20/08/2016,Australia,22,Aaron Cruden,n,40
20/08/2016,Australia,20,Ardie Savea,n,16
20/08/2016,Australia,3,Owen Franks,y,46
20/08/2016,Australia,5,Samuel Whitelock,y,80
20/08/2016,Australia,4,Brodie Retallick,y,80
20/08/2016,Australia,14,Ben Smith,y,80
20/08/2016,Australia,15,Israel Dagg,y,80
20/08/2016,Australia,23,Julian Savea,n,40
20/08/2016,Australia,13,Malakai Fekitoa,y,80
20/08/2016,Australia,11,Waisake Naholo,y,40
20/08/2016,Australia,6,Jerome Kaino,y,56
20/08/2016,Australia,16,Dane Coles,n,77
20/08/2016,Australia,18,Charlie Faumuina,n,34
20/08/2016,Australia,9,Aaron Smith,y,68
20/08/2016,Australia,17,Kane Hames,n,22
20/08/2016,Australia,21,TJ Perenara,n,12
20/08/2016,Australia,19,Liam Squire,n,24
20/08/2016,Australia,8,Kieran Read,y,80
20/08/2016,Australia,7,Sam Cane,y,64
20/08/2016,Australia,10,Beauden Barrett,y,80
20/08/2016,Australia,1,Wyatt Crockett,y,58
27/08/2016,Australia,22,Aaron Cruden,n,14
27/08/2016,Australia,20,Ardie Savea,n,7
27/08/2016,Australia,3,Owen Franks,y,52
27/08/2016,Australia,5,Samuel Whitelock,y,80
27/08/2016,Australia,4,Brodie Retallick,y,70
27/08/2016,Australia,15,Ben Smith,y,80
27/08/2016,Australia,14,Israel Dagg,y,80
27/08/2016,Australia,11,Julian Savea,y,66
27/08/2016,Australia,1,Joe Moody,y,52
27/08/2016,Australia,13,Malakai Fekitoa,y,80
27/08/2016,Australia,6,Jerome Kaino,y,80
27/08/2016,Australia,2,Dane Coles,y,70
27/08/2016,Australia,18,Charlie Faumuina,n,28
27/08/2016,Australia,9,Aaron Smith,y,66
27/08/2016,Australia,23,Seta Tamanivalu,n,4
27/08/2016,Australia,16,James Parsons,n,10
27/08/2016,Australia,21,TJ Perenara,n,14
27/08/2016,Australia,19,Liam Squire,n,10
27/08/2016,Australia,8,Kieran Read,y,80
27/08/2016,Australia,7,Sam Cane,y,73
27/08/2016,Australia,10,Beauden Barrett,y,80
27/08/2016,Australia,17,Wyatt Crockett,n,28
27/08/2016,Australia,12,Anton Lienert-Brown,y,76
10/09/2016,Argentina,12,Ryan Crotty,y,69
10/09/2016,Argentina,16,Codie Taylor,n,28
10/09/2016,Argentina,22,Aaron Cruden,n,15
10/09/2016,Argentina,20,Ardie Savea,n,34
10/09/2016,Argentina,3,Owen Franks,y,49
10/09/2016,Argentina,5,Samuel Whitelock,y,80
10/09/2016,Argentina,4,Brodie Retallick,y,65
10/09/2016,Argentina,15,Ben Smith,y,80
10/09/2016,Argentina,19,Luke Romano,n,15
10/09/2016,Argentina,14,Israel Dagg,y,80
10/09/2016,Argentina,11,Julian Savea,y,80
10/09/2016,Argentina,1,Joe Moody,y,52
10/09/2016,Argentina,13,Malakai Fekitoa,y,80
10/09/2016,Argentina,6,Jerome Kaino,y,80
10/09/2016,Argentina,2,Dane Coles,y,52
10/09/2016,Argentina,18,Charlie Faumuina,n,31
10/09/2016,Argentina,9,Aaron Smith,y,49
10/09/2016,Argentina,21,TJ Perenara,n,31
10/09/2016,Argentina,8,Kieran Read,y,80
10/09/2016,Argentina,7,Sam Cane,y,46
10/09/2016,Argentina,10,Beauden Barrett,y,65
10/09/2016,Argentina,17,Wyatt Crockett,n,28
10/09/2016,Argentina,23,Anton Lienert-Brown,n,11
17/09/2016,South Africa,12,Ryan Crotty,y,66
17/09/2016,South Africa,16,Codie Taylor,n,14
17/09/2016,South Africa,7,Ardie Savea,y,60
17/09/2016,South Africa,3,Owen Franks,y,54
17/09/2016,South Africa,5,Samuel Whitelock,y,80
17/09/2016,South Africa,4,Brodie Retallick,y,80
17/09/2016,South Africa,15,Ben Smith,y,80
17/09/2016,South Africa,19,Luke Romano,n,20
17/09/2016,South Africa,14,Israel Dagg,y,68
17/09/2016,South Africa,11,Julian Savea,y,80
17/09/2016,South Africa,1,Joe Moody,y,46
17/09/2016,South Africa,13,Malakai Fekitoa,y,80
17/09/2016,South Africa,6,Jerome Kaino,y,52
17/09/2016,South Africa,2,Dane Coles,y,66
17/09/2016,South Africa,18,Charlie Faumuina,n,26
17/09/2016,South Africa,9,Aaron Smith,y,63
17/09/2016,South Africa,21,TJ Perenara,n,17
17/09/2016,South Africa,22,Lima Sopoaga,n,12
17/09/2016,South Africa,8,Kieran Read,y,80
17/09/2016,South Africa,10,Beauden Barrett,y,80
17/09/2016,South Africa,20,Matt Todd,n,28
17/09/2016,South Africa,17,Wyatt Crockett,n,34
17/09/2016,South Africa,23,Anton Lienert-Brown,n,14
01/10/2016,Argentina,12,Ryan Crotty,y,49
01/10/2016,Argentina,16,Codie Taylor,n,10
01/10/2016,Argentina,7,Ardie Savea,y,80
01/10/2016,Argentina,3,Owen Franks,y,64
01/10/2016,Argentina,21,Tawera Kerr-Barlow,n,11
01/10/2016,Argentina,19,Samuel Whitelock,n,32
01/10/2016,Argentina,5,Brodie Retallick,y,48
01/10/2016,Argentina,15,Ben Smith,y,80
01/10/2016,Argentina,14,Israel Dagg,y,80
01/10/2016,Argentina,11,Julian Savea,y,80
01/10/2016,Argentina,1,Joe Moody,y,64
01/10/2016,Argentina,2,Dane Coles,y,70
01/10/2016,Argentina,23,Damian McKenzie,n,31
01/10/2016,Argentina,18,Ofa Tuungafasi,n,16
01/10/2016,Argentina,9,TJ Perenara,y,69
01/10/2016,Argentina,22,Lima Sopoaga,n,4
01/10/2016,Argentina,6,Liam Squire,y,68
01/10/2016,Argentina,8,Kieran Read,y,76
01/10/2016,Argentina,10,Beauden Barrett,y,76
01/10/2016,Argentina,20,Elliot Dixon,n,4
01/10/2016,Argentina,4,Patrick Tuipulotu,y,80
01/10/2016,Argentina,17,Wyatt Crockett,n,28
01/10/2016,Argentina,13,Anton Lienert-Brown,y,80
08/10/2016,South Africa,12,Ryan Crotty,y,66
08/10/2016,South Africa,16,Codie Taylor,n,12
08/10/2016,South Africa,20,Ardie Savea,n,23
08/10/2016,South Africa,3,Owen Franks,y,67
08/10/2016,South Africa,23,George Moala,n,14
08/10/2016,South Africa,21,Tawera Kerr-Barlow,n,13
08/10/2016,South Africa,5,Samuel Whitelock,y,80
08/10/2016,South Africa,4,Brodie Retallick,y,80
08/10/2016,South Africa,15,Ben Smith,y,80
08/10/2016,South Africa,14,Israel Dagg,y,80
08/10/2016,South Africa,1,Joe Moody,y,51
08/10/2016,South Africa,11,Waisake Naholo,y,63
08/10/2016,South Africa,6,Jerome Kaino,y,63
08/10/2016,South Africa,2,Dane Coles,y,68
08/10/2016,South Africa,18,Charlie Faumuina,n,13
08/10/2016,South Africa,9,TJ Perenara,y,67
08/10/2016,South Africa,22,Lima Sopoaga,n,17
08/10/2016,South Africa,19,Liam Squire,n,17
08/10/2016,South Africa,8,Kieran Read,y,80
08/10/2016,South Africa,10,Beauden Barrett,y,80
08/10/2016,South Africa,7,Matt Todd,y,57
08/10/2016,South Africa,17,Wyatt Crockett,n,29
08/10/2016,South Africa,13,Anton Lienert-Brown,y,80
22/10/2016,Australia,2,Dane Coles,y,74
22/10/2016,Australia,18,Charlie Faumuina,n,28
22/10/2016,Australia,9,TJ Perenara,y,62
22/10/2016,Australia,19,Liam Squire,n,28
22/10/2016,Australia,8,Kieran Read,y,80
22/10/2016,Australia,10,Beauden Barrett,y,45
22/10/2016,Australia,7,Matt Todd,y,65
22/10/2016,Australia,17,Wyatt Crockett,n,28
22/10/2016,Australia,13,Anton Lienert-Brown,y,62
22/10/2016,Australia,12,Ryan Crotty,y,80
22/10/2016,Australia,16,Codie Taylor,n,6
22/10/2016,Australia,22,Aaron Cruden,n,35
22/10/2016,Australia,20,Ardie Savea,n,15
22/10/2016,Australia,3,Owen Franks,y,52
22/10/2016,Australia,21,Tawera Kerr-Barlow,n,18
22/10/2016,Australia,5,Samuel Whitelock,y,80
22/10/2016,Australia,4,Brodie Retallick,y,80
22/10/2016,Australia,15,Ben Smith,y,80
22/10/2016,Australia,14,Israel Dagg,y,80
22/10/2016,Australia,11,Julian Savea,y,80
22/10/2016,Australia,1,Joe Moody,y,52
22/10/2016,Australia,23,Malakai Fekitoa,n,18
22/10/2016,Australia,6,Jerome Kaino,y,52
05/11/2016,Ireland,12,Ryan Crotty,y,26
05/11/2016,Ireland,16,Codie Taylor,n,10
05/11/2016,Ireland,22,Aaron Cruden,n,24
05/11/2016,Ireland,20,Ardie Savea,n,21
05/11/2016,Ireland,3,Owen Franks,y,80
05/11/2016,Ireland,13,George Moala,y,70
05/11/2016,Ireland,15,Ben Smith,y,80
05/11/2016,Ireland,11,Julian Savea,y,80
05/11/2016,Ireland,1,Joe Moody,y,59
05/11/2016,Ireland,23,Malakai Fekitoa,n,54
05/11/2016,Ireland,14,Waisake Naholo,y,56
05/11/2016,Ireland,5,Jerome Kaino,y,45
05/11/2016,Ireland,2,Dane Coles,y,80
05/11/2016,Ireland,18,Charlie Faumuina,n,0
05/11/2016,Ireland,9,Aaron Smith,y,45
05/11/2016,Ireland,17,Ofa Tuungafasi,n,21
05/11/2016,Ireland,21,TJ Perenara,n,35
05/11/2016,Ireland,6,Liam Squire,y,80
05/11/2016,Ireland,8,Kieran Read,y,80
05/11/2016,Ireland,7,Sam Cane,y,80
05/11/2016,Ireland,19,Scott Barrett,n,35
05/11/2016,Ireland,10,Beauden Barrett,y,80
05/11/2016,Ireland,4,Patrick Tuipulotu,y,59
12/11/2016,Italy,2,Codie Taylor,y,66
12/11/2016,Italy,10,Aaron Cruden,y,59
12/11/2016,Italy,9,Tawera Kerr-Barlow,y,50
12/11/2016,Italy,19,Brodie Retallick,n,25
12/11/2016,Italy,14,Israel Dagg,y,50
12/11/2016,Italy,23,Rieko Ioane,n,30
12/11/2016,Italy,17,Joe Moody,n,10
12/11/2016,Italy,16,Liam Coltman,n,14
12/11/2016,Italy,13,Malakai Fekitoa,y,80
12/11/2016,Italy,11,Waisake Naholo,y,80
12/11/2016,Italy,3,Charlie Faumuina,y,56
12/11/2016,Italy,15,Damian McKenzie,y,80
12/11/2016,Italy,21,Aaron Smith,n,30
12/11/2016,Italy,18,Ofa Tuungafasi,n,24
12/11/2016,Italy,22,Lima Sopoaga,n,21
12/11/2016,Italy,7,Sam Cane,y,80
12/11/2016,Italy,5,Scott Barrett,y,55
12/11/2016,Italy,6,Elliot Dixon,y,80
12/11/2016,Italy,8,Steven Luatua,y,80
12/11/2016,Italy,4,Patrick Tuipulotu,y,59
12/11/2016,Italy,20,Matt Todd,n,21
12/11/2016,Italy,1,Wyatt Crockett,y,70
12/11/2016,Italy,12,Anton Lienert-Brown,y,80
19/11/2016,Ireland,16,Codie Taylor,n,12
19/11/2016,Ireland,22,Aaron Cruden,n,22
19/11/2016,Ireland,20,Ardie Savea,n,64
19/11/2016,Ireland,3,Owen Franks,y,52
19/11/2016,Ireland,5,Samuel Whitelock,y,80
19/11/2016,Ireland,4,Brodie Retallick,y,80
19/11/2016,Ireland,15,Ben Smith,y,73
19/11/2016,Ireland,14,Israel Dagg,y,80
19/11/2016,Ireland,11,Julian Savea,y,80
19/11/2016,Ireland,1,Joe Moody,y,49
19/11/2016,Ireland,13,Malakai Fekitoa,y,80
19/11/2016,Ireland,23,Waisake Naholo,n,7
19/11/2016,Ireland,2,Dane Coles,y,68
19/11/2016,Ireland,18,Charlie Faumuina,n,28
19/11/2016,Ireland,9,Aaron Smith,y,58
19/11/2016,Ireland,21,TJ Perenara,n,22
19/11/2016,Ireland,6,Liam Squire,y,68
19/11/2016,Ireland,8,Kieran Read,y,80
19/11/2016,Ireland,7,Sam Cane,y,16
19/11/2016,Ireland,19,Scott Barrett,n,12
19/11/2016,Ireland,10,Beauden Barrett,y,58
19/11/2016,Ireland,17,Wyatt Crockett,n,31
19/11/2016,Ireland,12,Anton Lienert-Brown,y,80
26/11/2016,France,12,Ryan Crotty,y,43
26/11/2016,France,16,Codie Taylor,n,15
26/11/2016,France,22,Aaron Cruden,n,22
26/11/2016,France,20,Ardie Savea,n,23
26/11/2016,France,3,Owen Franks,y,48
26/11/2016,France,5,Samuel Whitelock,y,80
26/11/2016,France,4,Brodie Retallick,y,43
26/11/2016,France,15,Israel Dagg,y,58
26/11/2016,France,11,Julian Savea,y,80
26/11/2016,France,23,Rieko Ioane,n,37
26/11/2016,France,1,Joe Moody,y,44
26/11/2016,France,14,Waisake Naholo,y,80
26/11/2016,France,6,Jerome Kaino,y,80
26/11/2016,France,2,Dane Coles,y,65
26/11/2016,France,18,Charlie Faumuina,n,32
26/11/2016,France,21,Aaron Smith,n,21
26/11/2016,France,9,TJ Perenara,y,59
26/11/2016,France,8,Kieran Read,y,80
26/11/2016,France,19,Scott Barrett,n,37
26/11/2016,France,10,Beauden Barrett,y,80
26/11/2016,France,7,Matt Todd,y,57
26/11/2016,France,17,Wyatt Crockett,n,36
26/11/2016,France,13,Anton Lienert-Brown,y,80
16/06/2017,Samoa,12,Sonny Bill Williams,y,80
16/06/2017,Samoa,2,Codie Taylor,y,63
16/06/2017,Samoa,8,Ardie Savea,y,80
16/06/2017,Samoa,3,Owen Franks,y,50
16/06/2017,Samoa,5,Samuel Whitelock,y,50
16/06/2017,Samoa,4,Brodie Retallick,y,80
16/06/2017,Samoa,15,Ben Smith,y,63
16/06/2017,Samoa,14,Israel Dagg,y,80
16/06/2017,Samoa,11,Julian Savea,y,80
16/06/2017,Samoa,1,Joe Moody,y,50
16/06/2017,Samoa,6,Jerome Kaino,y,57
16/06/2017,Samoa,18,Charlie Faumuina,n,30
16/06/2017,Samoa,9,Aaron Smith,y,57
16/06/2017,Samoa,23,Jordie Barrett,n,17
16/06/2017,Samoa,16,Nathan Harris,n,17
16/06/2017,Samoa,21,TJ Perenara,n,23
16/06/2017,Samoa,22,Lima Sopoaga,n,20
16/06/2017,Samoa,7,Sam Cane,y,80
16/06/2017,Samoa,19,Scott Barrett,n,30
16/06/2017,Samoa,10,Beauden Barrett,y,60
16/06/2017,Samoa,20,Vaea Fifita,n,23
16/06/2017,Samoa,17,Wyatt Crockett,n,30
16/06/2017,Samoa,13,Anton Lienert-Brown,y,80
24/06/2017,British & Irish Lions,9,Aaron Smith,y,57
24/06/2017,British & Irish Lions,16,Nathan Harris,n,13
24/06/2017,British & Irish Lions,21,TJ Perenara,n,23
24/06/2017,British & Irish Lions,8,Kieran Read,y,77
24/06/2017,British & Irish Lions,7,Sam Cane,y,80
24/06/2017,British & Irish Lions,19,Scott Barrett,n,3
24/06/2017,British & Irish Lions,10,Beauden Barrett,y,80
24/06/2017,British & Irish Lions,17,Wyatt Crockett,n,26
24/06/2017,British & Irish Lions,23,Anton Lienert-Brown,n,46
24/06/2017,British & Irish Lions,13,Ryan Crotty,y,34
24/06/2017,British & Irish Lions,12,Sonny Bill Williams,y,80
24/06/2017,British & Irish Lions,2,Codie Taylor,y,67
24/06/2017,British & Irish Lions,22,Aaron Cruden,n,0
24/06/2017,British & Irish Lions,20,Ardie Savea,n,33
24/06/2017,British & Irish Lions,3,Owen Franks,y,54
24/06/2017,British & Irish Lions,5,Samuel Whitelock,y,80
24/06/2017,British & Irish Lions,4,Brodie Retallick,y,80
24/06/2017,British & Irish Lions,15,Ben Smith,y,80
24/06/2017,British & Irish Lions,14,Israel Dagg,y,80
24/06/2017,British & Irish Lions,11,Rieko Ioane,y,80
24/06/2017,British & Irish Lions,1,Joe Moody,y,54
24/06/2017,British & Irish Lions,6,Jerome Kaino,y,47
24/06/2017,British & Irish Lions,18,Charlie Faumuina,n,26
01/07/2017,British & Irish Lions,12,Sonny Bill Williams,y,80
01/07/2017,British & Irish Lions,2,Codie Taylor,y,80
01/07/2017,British & Irish Lions,22,Aaron Cruden,n,20
01/07/2017,British & Irish Lions,20,Ardie Savea,n,16
01/07/2017,British & Irish Lions,3,Owen Franks,y,53
01/07/2017,British & Irish Lions,5,Samuel Whitelock,y,73
01/07/2017,British & Irish Lions,4,Brodie Retallick,y,80
01/07/2017,British & Irish Lions,15,Israel Dagg,y,80
01/07/2017,British & Irish Lions,11,Rieko Ioane,y,80
01/07/2017,British & Irish Lions,1,Joe Moody,y,53
01/07/2017,British & Irish Lions,14,Waisake Naholo,y,60
01/07/2017,British & Irish Lions,6,Jerome Kaino,y,26
01/07/2017,British & Irish Lions,18,Charlie Faumuina,n,27
01/07/2017,British & Irish Lions,9,Aaron Smith,y,66
01/07/2017,British & Irish Lions,16,Nathan Harris,n,0
01/07/2017,British & Irish Lions,21,TJ Perenara,n,14
01/07/2017,British & Irish Lions,23,Ngani Laumape,n,54
01/07/2017,British & Irish Lions,8,Kieran Read,y,80
01/07/2017,British & Irish Lions,7,Sam Cane,y,64
01/07/2017,British & Irish Lions,19,Scott Barrett,n,7
01/07/2017,British & Irish Lions,10,Beauden Barrett,y,80
01/07/2017,British & Irish Lions,17,Wyatt Crockett,n,27
01/07/2017,British & Irish Lions,13,Anton Lienert-Brown,y,80
08/07/2017,British & Irish Lions,2,Codie Taylor,y,73
08/07/2017,British & Irish Lions,22,Aaron Cruden,n,7
08/07/2017,British & Irish Lions,20,Ardie Savea,n,20
08/07/2017,British & Irish Lions,3,Owen Franks,y,58
08/07/2017,British & Irish Lions,5,Samuel Whitelock,y,78
08/07/2017,British & Irish Lions,4,Brodie Retallick,y,80
08/07/2017,British & Irish Lions,14,Israel Dagg,y,80
08/07/2017,British & Irish Lions,11,Julian Savea,y,73
08/07/2017,British & Irish Lions,1,Joe Moody,y,58
08/07/2017,British & Irish Lions,23,Malakai Fekitoa,n,13
08/07/2017,British & Irish Lions,6,Jerome Kaino,y,80
08/07/2017,British & Irish Lions,18,Charlie Faumuina,n,22
08/07/2017,British & Irish Lions,9,Aaron Smith,y,74
08/07/2017,British & Irish Lions,15,Jordie Barrett,y,80
08/07/2017,British & Irish Lions,16,Nathan Harris,n,7
08/07/2017,British & Irish Lions,21,TJ Perenara,n,6
08/07/2017,British & Irish Lions,12,Ngani Laumape,y,67
08/07/2017,British & Irish Lions,8,Kieran Read,y,80
08/07/2017,British & Irish Lions,7,Sam Cane,y,60
08/07/2017,British & Irish Lions,19,Scott Barrett,n,2
08/07/2017,British & Irish Lions,10,Beauden Barrett,y,80
08/07/2017,British & Irish Lions,17,Wyatt Crockett,n,22
08/07/2017,British & Irish Lions,13,Anton Lienert-Brown,y,80
19/08/2017,Australia,13,Ryan Crotty,y,50
19/08/2017,Australia,12,Sonny Bill Williams,y,80
19/08/2017,Australia,2,Codie Taylor,y,67
19/08/2017,Australia,20,Ardie Savea,n,17
19/08/2017,Australia,3,Owen Franks,y,44
19/08/2017,Australia,5,Samuel Whitelock,y,61
19/08/2017,Australia,4,Brodie Retallick,y,80
19/08/2017,Australia,14,Ben Smith,y,80
19/08/2017,Australia,19,Luke Romano,n,19
19/08/2017,Australia,11,Rieko Ioane,y,80
19/08/2017,Australia,1,Joe Moody,y,66
19/08/2017,Australia,15,Damian McKenzie,y,67
19/08/2017,Australia,9,Aaron Smith,y,53
19/08/2017,Australia,16,Nathan Harris,n,13
19/08/2017,Australia,18,Ofa Tuungafasi,n,36
19/08/2017,Australia,21,TJ Perenara,n,27
19/08/2017,Australia,22,Lima Sopoaga,n,13
19/08/2017,Australia,6,Liam Squire,y,63
19/08/2017,Australia,8,Kieran Read,y,80
19/08/2017,Australia,7,Sam Cane,y,80
19/08/2017,Australia,10,Beauden Barrett,y,80
19/08/2017,Australia,17,Wyatt Crockett,n,14
19/08/2017,Australia,23,Anton Lienert-Brown,n,30
26/08/2017,Australia,13,Ryan Crotty,y,56
26/08/2017,Australia,12,Sonny Bill Williams,y,69
26/08/2017,Australia,16,Codie Taylor,n,12
26/08/2017,Australia,20,Ardie Savea,n,68
26/08/2017,Australia,5,Samuel Whitelock,y,80
26/08/2017,Australia,4,Brodie Retallick,y,80
26/08/2017,Australia,14,Ben Smith,y,80
26/08/2017,Australia,11,Rieko Ioane,y,80
26/08/2017,Australia,1,Joe Moody,y,68
26/08/2017,Australia,2,Dane Coles,y,68
26/08/2017,Australia,15,Damian McKenzie,y,80
26/08/2017,Australia,9,Aaron Smith,y,68
26/08/2017,Australia,17,Kane Hames,n,12
26/08/2017,Australia,3,Nepo Laulala,y,63
26/08/2017,Australia,18,Ofa Tuungafasi,n,17
26/08/2017,Australia,21,TJ Perenara,n,12
26/08/2017,Australia,22,Lima Sopoaga,n,17
26/08/2017,Australia,6,Liam Squire,y,77
26/08/2017,Australia,8,Kieran Read,y,80
26/08/2017,Australia,7,Sam Cane,y,12
26/08/2017,Australia,19,Scott Barrett,n,3
26/08/2017,Australia,10,Beauden Barrett,y,69
26/08/2017,Australia,23,Anton Lienert-Brown,n,29
09/09/2017,Argentina,12,Sonny Bill Williams,y,76
09/09/2017,Argentina,16,Codie Taylor,n,12
09/09/2017,Argentina,7,Ardie Savea,y,44
09/09/2017,Argentina,21,Tawera Kerr-Barlow,n,15
09/09/2017,Argentina,5,Brodie Retallick,y,80
09/09/2017,Argentina,4,Luke Romano,y,53
09/09/2017,Argentina,14,Israel Dagg,y,50
09/09/2017,Argentina,1,Joe Moody,y,65
09/09/2017,Argentina,2,Dane Coles,y,68
09/09/2017,Argentina,15,Damian McKenzie,y,80
09/09/2017,Argentina,3,Nepo Laulala,y,68
09/09/2017,Argentina,18,Ofa Tuungafasi,n,12
09/09/2017,Argentina,9,TJ Perenara,y,65
09/09/2017,Argentina,22,Lima Sopoaga,n,30
09/09/2017,Argentina,23,Ngani Laumape,n,4
09/09/2017,Argentina,8,Kieran Read,y,80
09/09/2017,Argentina,20,Sam Cane,n,36
09/09/2017,Argentina,19,Scott Barrett,n,27
09/09/2017,Argentina,10,Beauden Barrett,y,80
09/09/2017,Argentina,6,Vaea Fifita,y,80
09/09/2017,Argentina,17,Wyatt Crockett,n,15
09/09/2017,Argentina,11,Nehe Milner-Skudder,y,80
09/09/2017,Argentina,13,Anton Lienert-Brown,y,80
16/09/2017,South Africa,13,Ryan Crotty,y,80
16/09/2017,South Africa,12,Sonny Bill Williams,y,54
16/09/2017,South Africa,16,Codie Taylor,n,23
16/09/2017,South Africa,20,Ardie Savea,n,23
16/09/2017,South Africa,5,Samuel Whitelock,y,80
16/09/2017,South Africa,4,Brodie Retallick,y,80
16/09/2017,South Africa,11,Rieko Ioane,y,80
16/09/2017,South Africa,2,Dane Coles,y,57
16/09/2017,South Africa,15,Damian McKenzie,y,80
16/09/2017,South Africa,9,Aaron Smith,y,57
16/09/2017,South Africa,1,Kane Hames,y,43
16/09/2017,South Africa,3,Nepo Laulala,y,51
16/09/2017,South Africa,18,Ofa Tuungafasi,n,29
16/09/2017,South Africa,21,TJ Perenara,n,23
16/09/2017,South Africa,22,Lima Sopoaga,n,26
16/09/2017,South Africa,6,Liam Squire,y,27
16/09/2017,South Africa,8,Kieran Read,y,80
16/09/2017,South Africa,7,Sam Cane,y,57
16/09/2017,South Africa,19,Scott Barrett,n,53
16/09/2017,South Africa,10,Beauden Barrett,y,80
16/09/2017,South Africa,17,Wyatt Crockett,n,37
16/09/2017,South Africa,14,Nehe Milner-Skudder,y,55
16/09/2017,South Africa,23,Anton Lienert-Brown,n,25
30/09/2017,Argentina,12,Sonny Bill Williams,y,62
30/09/2017,Argentina,16,Codie Taylor,n,25
30/09/2017,Argentina,20,Ardie Savea,n,14
30/09/2017,Argentina,4,Luke Romano,y,80
30/09/2017,Argentina,11,Rieko Ioane,y,70
30/09/2017,Argentina,14,Waisake Naholo,y,80
30/09/2017,Argentina,2,Dane Coles,y,55
30/09/2017,Argentina,15,Damian McKenzie,y,80
30/09/2017,Argentina,23,David Havili,n,10
30/09/2017,Argentina,9,Aaron Smith,y,51
30/09/2017,Argentina,1,Kane Hames,y,47
30/09/2017,Argentina,3,Nepo Laulala,y,51
30/09/2017,Argentina,18,Ofa Tuungafasi,n,29
30/09/2017,Argentina,21,TJ Perenara,n,29
30/09/2017,Argentina,22,Ngani Laumape,n,18
30/09/2017,Argentina,8,Kieran Read,y,80
30/09/2017,Argentina,5,Scott Barrett,y,80
30/09/2017,Argentina,10,Beauden Barrett,y,80
30/09/2017,Argentina,19,Patrick Tuipulotu,n,14
30/09/2017,Argentina,6,Vaea Fifita,y,66
30/09/2017,Argentina,7,Matt Todd,y,66
30/09/2017,Argentina,17,Wyatt Crockett,n,33
30/09/2017,Argentina,13,Anton Lienert-Brown,y,80
07/10/2017,South Africa,13,Ryan Crotty,y,80
07/10/2017,South Africa,12,Sonny Bill Williams,y,80
07/10/2017,South Africa,16,Codie Taylor,n,33
07/10/2017,South Africa,21,Tawera Kerr-Barlow,n,20
07/10/2017,South Africa,4,Samuel Whitelock,y,80
07/10/2017,South Africa,11,Rieko Ioane,y,80
07/10/2017,South Africa,2,Dane Coles,y,47
07/10/2017,South Africa,15,Damian McKenzie,y,80
07/10/2017,South Africa,23,David Havili,n,32
07/10/2017,South Africa,9,Aaron Smith,y,60
07/10/2017,South Africa,1,Kane Hames,y,47
07/10/2017,South Africa,3,Nepo Laulala,y,47
07/10/2017,South Africa,18,Ofa Tuungafasi,n,33
07/10/2017,South Africa,22,Lima Sopoaga,n,47
07/10/2017,South Africa,6,Liam Squire,y,80
07/10/2017,South Africa,8,Kieran Read,y,80
07/10/2017,South Africa,7,Sam Cane,y,47
07/10/2017,South Africa,5,Scott Barrett,y,66
07/10/2017,South Africa,10,Beauden Barrett,y,33
07/10/2017,South Africa,19,Patrick Tuipulotu,n,14
07/10/2017,South Africa,20,Matt Todd,n,33
07/10/2017,South Africa,17,Wyatt Crockett,n,33
07/10/2017,South Africa,14,Nehe Milner-Skudder,y,48
21/10/2017,Australia,13,Ryan Crotty,y,70
21/10/2017,Australia,12,Sonny Bill Williams,y,80
21/10/2017,Australia,16,Codie Taylor,n,19
21/10/2017,Australia,20,Ardie Savea,n,5
21/10/2017,Australia,4,Samuel Whitelock,y,80
21/10/2017,Australia,11,Rieko Ioane,y,71
21/10/2017,Australia,14,Waisake Naholo,y,80
21/10/2017,Australia,2,Dane Coles,y,61
21/10/2017,Australia,15,Damian McKenzie,y,80
21/10/2017,Australia,23,David Havili,n,28
21/10/2017,Australia,9,Aaron Smith,y,65
21/10/2017,Australia,1,Kane Hames,y,37
21/10/2017,Australia,3,Nepo Laulala,y,51
21/10/2017,Australia,18,Ofa Tuungafasi,n,29
21/10/2017,Australia,21,TJ Perenara,n,15
21/10/2017,Australia,10,Lima Sopoaga,y,61
21/10/2017,Australia,6,Liam Squire,y,75
21/10/2017,Australia,8,Kieran Read,y,80
21/10/2017,Australia,7,Sam Cane,y,80
21/10/2017,Australia,5,Scott Barrett,y,61
21/10/2017,Australia,19,Patrick Tuipulotu,n,19
21/10/2017,Australia,17,Wyatt Crockett,n,43
21/10/2017,Australia,22,Anton Lienert-Brown,n,10
11/11/2017,France,13,Ryan Crotty,y,65
11/11/2017,France,12,Sonny Bill Williams,y,80
11/11/2017,France,16,Codie Taylor,n,56
11/11/2017,France,5,Samuel Whitelock,y,80
11/11/2017,France,4,Luke Romano,y,57
11/11/2017,France,11,Rieko Ioane,y,80
11/11/2017,France,14,Waisake Naholo,y,80
11/11/2017,France,2,Dane Coles,y,24
11/11/2017,France,15,Damian McKenzie,y,66
11/11/2017,France,9,Aaron Smith,y,69
11/11/2017,France,1,Kane Hames,y,48
11/11/2017,France,3,Nepo Laulala,y,61
11/11/2017,France,18,Ofa Tuungafasi,n,19
11/11/2017,France,21,TJ Perenara,n,11
11/11/2017,France,22,Lima Sopoaga,n,14
11/11/2017,France,8,Kieran Read,y,48
11/11/2017,France,7,Sam Cane,y,80
11/11/2017,France,19,Scott Barrett,n,23
11/11/2017,France,10,Beauden Barrett,y,80
11/11/2017,France,6,Vaea Fifita,y,80
11/11/2017,France,20,Matt Todd,n,32
11/11/2017,France,17,Wyatt Crockett,n,32
11/11/2017,France,23,Anton Lienert-Brown,n,15
18/11/2017,Scotland,13,Ryan Crotty,y,75
18/11/2017,Scotland,12,Sonny Bill Williams,y,69
18/11/2017,Scotland,2,Codie Taylor,y,75
18/11/2017,Scotland,5,Samuel Whitelock,y,80
18/11/2017,Scotland,4,Luke Romano,y,47
18/11/2017,Scotland,11,Rieko Ioane,y,80
18/11/2017,Scotland,14,Waisake Naholo,y,75
18/11/2017,Scotland,15,Damian McKenzie,y,80
18/11/2017,Scotland,9,Aaron Smith,y,64
18/11/2017,Scotland,1,Kane Hames,y,61
18/11/2017,Scotland,3,Nepo Laulala,y,59
18/11/2017,Scotland,16,Nathan Harris,n,5
18/11/2017,Scotland,18,Ofa Tuungafasi,n,21
18/11/2017,Scotland,21,TJ Perenara,n,16
18/11/2017,Scotland,22,Lima Sopoaga,n,5
18/11/2017,Scotland,19,Liam Squire,n,33
18/11/2017,Scotland,8,Kieran Read,y,80
18/11/2017,Scotland,7,Sam Cane,y,75
18/11/2017,Scotland,10,Beauden Barrett,y,80
18/11/2017,Scotland,6,Vaea Fifita,y,72
18/11/2017,Scotland,20,Matt Todd,n,5
18/11/2017,Scotland,17,Wyatt Crockett,n,28
18/11/2017,Scotland,23,Anton Lienert-Brown,n,15
25/11/2017,Wales,13,Ryan Crotty,y,19
25/11/2017,Wales,12,Sonny Bill Williams,y,80
25/11/2017,Wales,2,Codie Taylor,y,72
25/11/2017,Wales,8,Luke Whitelock,y,46
25/11/2017,Wales,5,Samuel Whitelock,y,80
25/11/2017,Wales,11,Rieko Ioane,y,80
25/11/2017,Wales,14,Waisake Naholo,y,71
25/11/2017,Wales,15,Damian McKenzie,y,80
25/11/2017,Wales,9,Aaron Smith,y,64
25/11/2017,Wales,1,Kane Hames,y,60
25/11/2017,Wales,3,Nepo Laulala,y,40
25/11/2017,Wales,16,Nathan Harris,n,8
25/11/2017,Wales,18,Ofa Tuungafasi,n,40
25/11/2017,Wales,21,TJ Perenara,n,16
25/11/2017,Wales,22,Lima Sopoaga,n,9
25/11/2017,Wales,6,Liam Squire,y,80
25/11/2017,Wales,7,Sam Cane,y,80
25/11/2017,Wales,19,Scott Barrett,n,34
25/11/2017,Wales,10,Beauden Barrett,y,80
25/11/2017,Wales,4,Patrick Tuipulotu,y,46
25/11/2017,Wales,20,Matt Todd,n,34
25/11/2017,Wales,17,Wyatt Crockett,n,20
25/11/2017,Wales,23,Anton Lienert-Brown,n,61
09/06/2018,France,12,Ryan Crotty,y,61
09/06/2018,France,2,Codie Taylor,y,64
09/06/2018,France,20,Ardie Savea,n,15
09/06/2018,France,3,Owen Franks,y,59
09/06/2018,France,8,Luke Whitelock,y,73
09/06/2018,France,4,Samuel Whitelock,y,80
09/06/2018,France,17,Karl Tu'inukuafe,n,34
09/06/2018,France,14,Ben Smith,y,80
09/06/2018,France,11,Rieko Ioane,y,80
09/06/2018,France,1,Joe Moody,y,46
09/06/2018,France,22,Damian McKenzie,n,19
09/06/2018,France,9,Aaron Smith,y,66
09/06/2018,France,15,Jordie Barrett,y,61
09/06/2018,France,16,Nathan Harris,n,16
09/06/2018,France,18,Ofa Tuungafasi,n,21
09/06/2018,France,21,TJ Perenara,n,14
09/06/2018,France,23,Ngani Laumape,n,19
09/06/2018,France,6,Liam Squire,y,80
09/06/2018,France,7,Sam Cane,y,65
09/06/2018,France,5,Scott Barrett,y,80
09/06/2018,France,10,Beauden Barrett,y,80
09/06/2018,France,19,Vaea Fifita,n,7
09/06/2018,France,13,Anton Lienert-Brown,y,80
16/06/2018,France,12,Ryan Crotty,y,72
16/06/2018,France,2,Codie Taylor,y,51
16/06/2018,France,20,Ardie Savea,n,37
16/06/2018,France,3,Owen Franks,y,33
16/06/2018,France,8,Luke Whitelock,y,80
16/06/2018,France,4,Samuel Whitelock,y,80
16/06/2018,France,17,Karl Tu'inukuafe,n,34
16/06/2018,France,14,Ben Smith,y,80
16/06/2018,France,11,Rieko Ioane,y,80
16/06/2018,France,1,Joe Moody,y,46
16/06/2018,France,22,Damian McKenzie,n,68
16/06/2018,France,9,Aaron Smith,y,56
16/06/2018,France,15,Jordie Barrett,y,80
16/06/2018,France,16,Nathan Harris,n,29
16/06/2018,France,18,Ofa Tuungafasi,n,47
16/06/2018,France,21,TJ Perenara,n,24
16/06/2018,France,23,Ngani Laumape,n,20
16/06/2018,France,6,Liam Squire,y,40
16/06/2018,France,7,Sam Cane,y,43
16/06/2018,France,5,Scott Barrett,y,80
16/06/2018,France,10,Beauden Barrett,y,12
16/06/2018,France,19,Vaea Fifita,n,40
16/06/2018,France,13,Anton Lienert-Brown,y,68
23/06/2018,France,12,Sonny Bill Williams,y,57
23/06/2018,France,2,Codie Taylor,y,72
23/06/2018,France,7,Ardie Savea,y,17
23/06/2018,France,3,Owen Franks,y,46
23/06/2018,France,8,Luke Whitelock,y,80
23/06/2018,France,4,Samuel Whitelock,y,70
23/06/2018,France,17,Karl Tu'inukuafe,n,16
23/06/2018,France,15,Ben Smith,y,80
23/06/2018,France,11,Rieko Ioane,y,80
23/06/2018,France,19,Jackson Hemopo,n,19
23/06/2018,France,1,Joe Moody,y,64
23/06/2018,France,16,Liam Coltman,n,8
23/06/2018,France,14,Waisake Naholo,y,80
23/06/2018,France,10,Damian McKenzie,y,70
23/06/2018,France,9,Aaron Smith,y,64
23/06/2018,France,23,Jordie Barrett,n,23
23/06/2018,France,18,Ofa Tuungafasi,n,34
23/06/2018,France,21,TJ Perenara,n,16
23/06/2018,France,6,Shannon Frizell,y,71
23/06/2018,France,22,Richie Mo'unga,n,10
23/06/2018,France,5,Scott Barrett,y,80
23/06/2018,France,20,Matt Todd,n,63
23/06/2018,France,13,Jack Goodhue,y,80
18/08/2018,Australia,12,Ryan Crotty,y,13
18/08/2018,Australia,2,Codie Taylor,y,68
18/08/2018,Australia,20,Ardie Savea,n,10
18/08/2018,Australia,3,Owen Franks,y,59
18/08/2018,Australia,17,Tim Perry,n,26
18/08/2018,Australia,5,Samuel Whitelock,y,80
18/08/2018,Australia,18,Karl Tu'inukuafe,n,21
18/08/2018,Australia,4,Brodie Retallick,y,80
18/08/2018,Australia,15,Ben Smith,y,80
18/08/2018,Australia,11,Rieko Ioane,y,47
18/08/2018,Australia,1,Joe Moody,y,54
18/08/2018,Australia,14,Waisake Naholo,y,80
18/08/2018,Australia,22,Damian McKenzie,n,33
18/08/2018,Australia,9,Aaron Smith,y,68
18/08/2018,Australia,16,Nathan Harris,n,12
18/08/2018,Australia,21,TJ Perenara,n,12
18/08/2018,Australia,6,Liam Squire,y,59
18/08/2018,Australia,8,Kieran Read,y,80
18/08/2018,Australia,7,Sam Cane,y,70
18/08/2018,Australia,19,Scott Barrett,n,21
18/08/2018,Australia,10,Beauden Barrett,y,80
18/08/2018,Australia,13,Jack Goodhue,y,80
18/08/2018,Australia,23,Anton Lienert-Brown,n,67
25/08/2018,Australia,2,Codie Taylor,y,56
25/08/2018,Australia,20,Ardie Savea,n,27
25/08/2018,Australia,3,Owen Franks,y,52
25/08/2018,Australia,5,Samuel Whitelock,y,80
25/08/2018,Australia,17,Karl Tu'inukuafe,n,24
25/08/2018,Australia,4,Brodie Retallick,y,80
25/08/2018,Australia,14,Ben Smith,y,80
25/08/2018,Australia,1,Joe Moody,y,56
25/08/2018,Australia,11,Waisake Naholo,y,80
25/08/2018,Australia,22,Damian McKenzie,n,13
25/08/2018,Australia,9,Aaron Smith,y,63
25/08/2018,Australia,15,Jordie Barrett,y,67
25/08/2018,Australia,16,Nathan Harris,n,24
25/08/2018,Australia,18,Ofa Tuungafasi,n,28
25/08/2018,Australia,21,TJ Perenara,n,17
25/08/2018,Australia,12,Ngani Laumape,y,80
25/08/2018,Australia,6,Liam Squire,y,56
25/08/2018,Australia,8,Kieran Read,y,80
25/08/2018,Australia,7,Sam Cane,y,53
25/08/2018,Australia,19,Scott Barrett,n,24
25/08/2018,Australia,10,Beauden Barrett,y,80
25/08/2018,Australia,13,Jack Goodhue,y,63
25/08/2018,Australia,23,Anton Lienert-Brown,n,17
08/09/2018,Argentina,21,Te Toiroa Tahuriorangi,n,8
08/09/2018,Argentina,2,Codie Taylor,y,63
08/09/2018,Argentina,7,Ardie Savea,y,80
08/09/2018,Argentina,3,Owen Franks,y,47
08/09/2018,Argentina,17,Tim Perry,n,21
08/09/2018,Argentina,20,Luke Whitelock,n,21
08/09/2018,Argentina,19,Samuel Whitelock,n,70
08/09/2018,Argentina,1,Karl Tu'inukuafe,y,59
08/09/2018,Argentina,4,Brodie Retallick,y,10
08/09/2018,Argentina,15,Ben Smith,y,70
08/09/2018,Argentina,11,Waisake Naholo,y,59
08/09/2018,Argentina,22,Damian McKenzie,n,31
08/09/2018,Argentina,16,Nathan Harris,n,17
08/09/2018,Argentina,18,Ofa Tuungafasi,n,33
08/09/2018,Argentina,9,TJ Perenara,y,72
08/09/2018,Argentina,6,Shannon Frizell,y,80
08/09/2018,Argentina,12,Ngani Laumape,y,10
08/09/2018,Argentina,8,Kieran Read,y,59
08/09/2018,Argentina,10,Richie Mo'unga,y,80
08/09/2018,Argentina,5,Scott Barrett,y,80
08/09/2018,Argentina,13,Jack Goodhue,y,80
08/09/2018,Argentina,14,Nehe Milner-Skudder,y,80
08/09/2018,Argentina,23,Anton Lienert-Brown,n,70
15/09/2018,South Africa,12,Ryan Crotty,y,80
15/09/2018,South Africa,2,Codie Taylor,y,76
15/09/2018,South Africa,20,Ardie Savea,n,12
15/09/2018,South Africa,3,Owen Franks,y,48
15/09/2018,South Africa,17,Tim Perry,n,21
15/09/2018,South Africa,4,Samuel Whitelock,y,80
15/09/2018,South Africa,1,Karl Tu'inukuafe,y,59
15/09/2018,South Africa,14,Ben Smith,y,80
15/09/2018,South Africa,11,Rieko Ioane,y,80
15/09/2018,South Africa,16,Liam Coltman,n,4
15/09/2018,South Africa,23,Damian McKenzie,n,22
15/09/2018,South Africa,9,Aaron Smith,y,49
15/09/2018,South Africa,15,Jordie Barrett,y,58
15/09/2018,South Africa,18,Ofa Tuungafasi,n,32
15/09/2018,South Africa,21,TJ Perenara,n,31
15/09/2018,South Africa,6,Liam Squire,y,59
15/09/2018,South Africa,8,Kieran Read,y,80
15/09/2018,South Africa,7,Sam Cane,y,68
15/09/2018,South Africa,5,Scott Barrett,y,80
15/09/2018,South Africa,10,Beauden Barrett,y,80
15/09/2018,South Africa,19,Patrick Tuipulotu,n,21
15/09/2018,South Africa,22,Jack Goodhue,n,22
15/09/2018,South Africa,13,Anton Lienert-Brown,y,58
29/09/2018,Argentina,13,Ryan Crotty,y,80
29/09/2018,Argentina,12,Sonny Bill Williams,y,57
29/09/2018,Argentina,2,Codie Taylor,y,59
29/09/2018,Argentina,8,Ardie Savea,y,80
29/09/2018,Argentina,18,Angus Ta'avao,n,28
29/09/2018,Argentina,17,Tim Perry,n,23
29/09/2018,Argentina,4,Samuel Whitelock,y,52
29/09/2018,Argentina,1,Karl Tu'inukuafe,y,57
29/09/2018,Argentina,15,Ben Smith,y,60
29/09/2018,Argentina,11,Rieko Ioane,y,80
29/09/2018,Argentina,20,Jackson Hemopo,n,13
29/09/2018,Argentina,14,Waisake Naholo,y,80
29/09/2018,Argentina,21,Aaron Smith,n,13
29/09/2018,Argentina,16,Nathan Harris,n,21
29/09/2018,Argentina,3,Ofa Tuungafasi,y,52
29/09/2018,Argentina,9,TJ Perenara,y,67
29/09/2018,Argentina,6,Shannon Frizell,y,67
29/09/2018,Argentina,22,Richie Mo'unga,n,20
29/09/2018,Argentina,7,Sam Cane,y,80
29/09/2018,Argentina,5,Scott Barrett,y,80
29/09/2018,Argentina,10,Beauden Barrett,y,80
29/09/2018,Argentina,19,Patrick Tuipulotu,n,28
29/09/2018,Argentina,23,Anton Lienert-Brown,n,23
06/10/2018,South Africa,13,Ryan Crotty,y,80
06/10/2018,South Africa,12,Sonny Bill Williams,y,60
06/10/2018,South Africa,2,Codie Taylor,y,70
06/10/2018,South Africa,20,Ardie Savea,n,44
06/10/2018,South Africa,3,Owen Franks,y,46
06/10/2018,South Africa,17,Tim Perry,n,26
06/10/2018,South Africa,4,Samuel Whitelock,y,80
06/10/2018,South Africa,1,Karl Tu'inukuafe,y,54
06/10/2018,South Africa,15,Ben Smith,y,80
06/10/2018,South Africa,11,Rieko Ioane,y,80
06/10/2018,South Africa,14,Waisake Naholo,y,51
06/10/2018,South Africa,9,Aaron Smith,y,70
06/10/2018,South Africa,16,Nathan Harris,n,10
06/10/2018,South Africa,18,Ofa Tuungafasi,n,34
06/10/2018,South Africa,21,TJ Perenara,n,10
06/10/2018,South Africa,6,Shannon Frizell,y,46
06/10/2018,South Africa,8,Kieran Read,y,80
06/10/2018,South Africa,22,Richie Mo'unga,n,29
06/10/2018,South Africa,7,Sam Cane,y,36
06/10/2018,South Africa,5,Scott Barrett,y,80
06/10/2018,South Africa,10,Beauden Barrett,y,80
06/10/2018,South Africa,19,Patrick Tuipulotu,n,34
06/10/2018,South Africa,23,Anton Lienert-Brown,n,20
27/10/2018,Australia,13,Ryan Crotty,y,61
27/10/2018,Australia,12,Sonny Bill Williams,y,80
27/10/2018,Australia,2,Codie Taylor,y,72
27/10/2018,Australia,7,Ardie Savea,y,68
27/10/2018,Australia,3,Owen Franks,y,54
27/10/2018,Australia,4,Samuel Whitelock,y,53
27/10/2018,Australia,17,Karl Tu'inukuafe,n,26
27/10/2018,Australia,19,Brodie Retallick,n,27
27/10/2018,Australia,14,Ben Smith,y,80
27/10/2018,Australia,11,Rieko Ioane,y,80
27/10/2018,Australia,1,Joe Moody,y,54
27/10/2018,Australia,15,Damian McKenzie,y,68
27/10/2018,Australia,21,Aaron Smith,n,19
27/10/2018,Australia,18,Nepo Laulala,n,26
27/10/2018,Australia,16,Nathan Harris,n,8
27/10/2018,Australia,9,TJ Perenara,y,61
27/10/2018,Australia,6,Liam Squire,y,80
27/10/2018,Australia,8,Kieran Read,y,80
27/10/2018,Australia,22,Richie Mo'unga,n,12
27/10/2018,Australia,5,Scott Barrett,y,80
27/10/2018,Australia,10,Beauden Barrett,y,80
27/10/2018,Australia,20,Matt Todd,n,12
27/10/2018,Australia,23,Anton Lienert-Brown,n,19
03/11/2018,Japan,9,Te Toiroa Tahuriorangi,y,59
03/11/2018,Japan,18,Tyrel Lomax,n,21
03/11/2018,Japan,21,Mitchell Drummond,n,21
03/11/2018,Japan,20,Gareth Evans,n,26
03/11/2018,Japan,3,Angus Ta'avao,y,59
03/11/2018,Japan,17,Tim Perry,n,26
03/11/2018,Japan,23,George Bridge,n,40
03/11/2018,Japan,8,Luke Whitelock,y,80
03/11/2018,Japan,7,Dalton Papali'i,y,59
03/11/2018,Japan,5,Jackson Hemopo,y,80
03/11/2018,Japan,16,Liam Coltman,n,26
03/11/2018,Japan,11,Waisake Naholo,y,71
03/11/2018,Japan,2,Dane Coles,y,54
03/11/2018,Japan,13,Matt Proctor,y,80
03/11/2018,Japan,15,Jordie Barrett,y,80
03/11/2018,Japan,22,Brett Cameron,n,9
03/11/2018,Japan,1,Ofa Tuungafasi,y,54
03/11/2018,Japan,12,Ngani Laumape,y,80
03/11/2018,Japan,10,Richie Mo'unga,y,80
03/11/2018,Japan,19,Dillon Hunt,n,21
03/11/2018,Japan,4,Patrick Tuipulotu,y,54
03/11/2018,Japan,6,Vaea Fifita,y,80
03/11/2018,Japan,14,Nehe Milner-Skudder,y,40
10/11/2018,England,23,Ryan Crotty,n,49
10/11/2018,England,12,Sonny Bill Williams,y,31
10/11/2018,England,2,Codie Taylor,y,44
10/11/2018,England,7,Ardie Savea,y,68
10/11/2018,England,3,Owen Franks,y,44
10/11/2018,England,4,Samuel Whitelock,y,80
10/11/2018,England,1,Karl Tu'inukuafe,y,57
10/11/2018,England,5,Brodie Retallick,y,80
10/11/2018,England,14,Ben Smith,y,80
10/11/2018,England,11,Rieko Ioane,y,80
10/11/2018,England,16,Dane Coles,n,36
10/11/2018,England,15,Damian McKenzie,y,63
10/11/2018,England,9,Aaron Smith,y,63
10/11/2018,England,18,Nepo Laulala,n,36
10/11/2018,England,17,Ofa Tuungafasi,n,23
10/11/2018,England,21,TJ Perenara,n,17
10/11/2018,England,6,Liam Squire,y,52
10/11/2018,England,8,Kieran Read,y,80
10/11/2018,England,22,Richie Mo'unga,n,17
10/11/2018,England,19,Scott Barrett,n,28
10/11/2018,England,10,Beauden Barrett,y,80
10/11/2018,England,20,Matt Todd,n,12
10/11/2018,England,13,Jack Goodhue,y,80
17/11/2018,Ireland,12,Ryan Crotty,y,62
17/11/2018,Ireland,2,Codie Taylor,y,47
17/11/2018,Ireland,7,Ardie Savea,y,74
17/11/2018,Ireland,3,Owen Franks,y,47
17/11/2018,Ireland,5,Samuel Whitelock,y,80
17/11/2018,Ireland,1,Karl Tu'inukuafe,y,47
17/11/2018,Ireland,4,Brodie Retallick,y,80
17/11/2018,Ireland,14,Ben Smith,y,80
17/11/2018,Ireland,11,Rieko Ioane,y,80
17/11/2018,Ireland,16,Dane Coles,n,33
17/11/2018,Ireland,15,Damian McKenzie,y,56
17/11/2018,Ireland,9,Aaron Smith,y,58
17/11/2018,Ireland,18,Nepo Laulala,n,33
17/11/2018,Ireland,17,Ofa Tuungafasi,n,33
17/11/2018,Ireland,21,TJ Perenara,n,22
17/11/2018,Ireland,6,Liam Squire,y,32
17/11/2018,Ireland,8,Kieran Read,y,80
17/11/2018,Ireland,22,Richie Mo'unga,n,24
17/11/2018,Ireland,19,Scott Barrett,n,48
17/11/2018,Ireland,10,Beauden Barrett,y,80
17/11/2018,Ireland,20,Matt Todd,n,6
17/11/2018,Ireland,13,Jack Goodhue,y,80
17/11/2018,Ireland,23,Anton Lienert-Brown,n,18
24/11/2018,Italy,21,Te Toiroa Tahuriorangi,n,29
24/11/2018,Italy,7,Ardie Savea,y,48
24/11/2018,Italy,18,Angus Ta'avao,n,26
24/11/2018,Italy,17,Karl Tu'inukuafe,n,20
24/11/2018,Italy,19,Brodie Retallick,n,20
24/11/2018,Italy,20,Dalton Papali'i,n,32
24/11/2018,Italy,23,Rieko Ioane,n,25
24/11/2018,Italy,11,Waisake Naholo,y,55
24/11/2018,Italy,2,Dane Coles,y,60
24/11/2018,Italy,15,Damian McKenzie,y,80
24/11/2018,Italy,14,Jordie Barrett,y,80
24/11/2018,Italy,3,Nepo Laulala,y,54
24/11/2018,Italy,16,Nathan Harris,n,20
24/11/2018,Italy,1,Ofa Tuungafasi,y,60
24/11/2018,Italy,9,TJ Perenara,y,51
24/11/2018,Italy,12,Ngani Laumape,y,80
24/11/2018,Italy,8,Kieran Read,y,80
24/11/2018,Italy,22,Richie Mo'unga,n,29
24/11/2018,Italy,5,Scott Barrett,y,60
24/11/2018,Italy,10,Beauden Barrett,y,51
24/11/2018,Italy,4,Patrick Tuipulotu,y,80
24/11/2018,Italy,6,Vaea Fifita,y,80
24/11/2018,Italy,13,Anton Lienert-Brown,y,80
20/07/2019,Argentina,8,Ardie Savea,y,80
20/07/2019,Argentina,22,Josh Ioane,n,0
20/07/2019,Argentina,3,Angus Ta'avao,y,60
20/07/2019,Argentina,4,Brodie Retallick,y,80
20/07/2019,Argentina,15,Ben Smith,y,80
20/07/2019,Argentina,19,Jackson Hemopo,n,22
20/07/2019,Argentina,16,Liam Coltman,n,15
20/07/2019,Argentina,2,Dane Coles,y,65
20/07/2019,Argentina,23,Braydon Ennor,n,12
20/07/2019,Argentina,9,Aaron Smith,y,68
20/07/2019,Argentina,11,Jordie Barrett,y,68
20/07/2019,Argentina,18,Nepo Laulala,n,20
20/07/2019,Argentina,20,Luke Jacobson,n,23
20/07/2019,Argentina,21,Brad Weber,n,12
20/07/2019,Argentina,1,Ofa Tuungafasi,y,60
20/07/2019,Argentina,17,Atunaisa Moli,n,20
20/07/2019,Argentina,12,Ngani Laumape,y,80
20/07/2019,Argentina,7,Sam Cane,y,80
20/07/2019,Argentina,10,Beauden Barrett,y,80
20/07/2019,Argentina,5,Patrick Tuipulotu,y,58
20/07/2019,Argentina,14,Sevu Reece,y,80
20/07/2019,Argentina,6,Vaea Fifita,y,57
20/07/2019,Argentina,13,Anton Lienert-Brown,y,80
27/07/2019,South Africa,12,Sonny Bill Williams,y,58
27/07/2019,South Africa,2,Codie Taylor,y,61
27/07/2019,South Africa,3,Owen Franks,y,44
27/07/2019,South Africa,18,Angus Ta'avao,n,36
27/07/2019,South Africa,23,George Bridge,n,19
27/07/2019,South Africa,5,Samuel Whitelock,y,80
27/07/2019,South Africa,4,Brodie Retallick,y,60
27/07/2019,South Africa,20,Dalton Papali'i,n,4
27/07/2019,South Africa,14,Ben Smith,y,80
27/07/2019,South Africa,11,Rieko Ioane,y,61
27/07/2019,South Africa,1,Joe Moody,y,44
27/07/2019,South Africa,16,Dane Coles,n,19
27/07/2019,South Africa,21,Aaron Smith,n,22
27/07/2019,South Africa,17,Ofa Tuungafasi,n,36
27/07/2019,South Africa,9,TJ Perenara,y,58
27/07/2019,South Africa,6,Shannon Frizell,y,76
27/07/2019,South Africa,8,Kieran Read,y,80
27/07/2019,South Africa,10,Richie Mo'unga,y,80
27/07/2019,South Africa,15,Beauden Barrett,y,80
27/07/2019,South Africa,19,Vaea Fifita,n,20
27/07/2019,South Africa,7,Matt Todd,y,80
27/07/2019,South Africa,13,Jack Goodhue,y,80
27/07/2019,South Africa,22,Anton Lienert-Brown,n,22
10/08/2019,Australia,16,Codie Taylor,n,24
10/08/2019,Australia,6,Ardie Savea,y,80
10/08/2019,Australia,3,Owen Franks,y,51
10/08/2019,Australia,18,Angus Ta'avao,n,29
10/08/2019,Australia,23,George Bridge,n,16
10/08/2019,Australia,5,Samuel Whitelock,y,71
10/08/2019,Australia,14,Ben Smith,y,64
10/08/2019,Australia,11,Rieko Ioane,y,80
10/08/2019,Australia,1,Joe Moody,y,51
10/08/2019,Australia,2,Dane Coles,y,56
10/08/2019,Australia,9,Aaron Smith,y,62
10/08/2019,Australia,21,TJ Perenara,n,18
10/08/2019,Australia,17,Atunaisa Moli,n,29
10/08/2019,Australia,22,Ngani Laumape,n,61
10/08/2019,Australia,8,Kieran Read,y,80
10/08/2019,Australia,10,Richie Mo'unga,y,80
10/08/2019,Australia,7,Sam Cane,y,51
10/08/2019,Australia,4,Scott Barrett,y,80
10/08/2019,Australia,15,Beauden Barrett,y,80
10/08/2019,Australia,19,Patrick Tuipulotu,n,29
10/08/2019,Australia,20,Matt Todd,n,9
10/08/2019,Australia,13,Jack Goodhue,y,19
10/08/2019,Australia,12,Anton Lienert-Brown,y,80
17/08/2019,Australia,12,Sonny Bill Williams,y,65
17/08/2019,Australia,16,Codie Taylor,n,28
17/08/2019,Australia,6,Ardie Savea,y,80
17/08/2019,Australia,18,Angus Ta'avao,n,15
17/08/2019,Australia,11,George Bridge,y,80
17/08/2019,Australia,5,Samuel Whitelock,y,80
17/08/2019,Australia,19,Jackson Hemopo,n,11
17/08/2019,Australia,1,Joe Moody,y,52
17/08/2019,Australia,2,Dane Coles,y,56
17/08/2019,Australia,9,Aaron Smith,y,52
17/08/2019,Australia,23,Jordie Barrett,n,21
17/08/2019,Australia,3,Nepo Laulala,y,65
17/08/2019,Australia,17,Ofa Tuungafasi,n,28
17/08/2019,Australia,21,TJ Perenara,n,28
17/08/2019,Australia,22,Ngani Laumape,n,15
17/08/2019,Australia,8,Kieran Read,y,80
17/08/2019,Australia,10,Richie Mo'unga,y,59
17/08/2019,Australia,7,Sam Cane,y,66
17/08/2019,Australia,15,Beauden Barrett,y,80
17/08/2019,Australia,4,Patrick Tuipulotu,y,66
17/08/2019,Australia,14,Sevu Reece,y,80
17/08/2019,Australia,20,Matt Todd,n,14
17/08/2019,Australia,13,Anton Lienert-Brown,y,80
07/09/2019,Tonga,12,Ryan Crotty,y,80
07/09/2019,Tonga,2,Codie Taylor,y,54
07/09/2019,Tonga,6,Ardie Savea,y,80
07/09/2019,Tonga,22,Josh Ioane,n,40
07/09/2019,Tonga,18,Angus Ta'avao,n,26
07/09/2019,Tonga,11,George Bridge,y,80
07/09/2019,Tonga,5,Samuel Whitelock,y,49
07/09/2019,Tonga,15,Ben Smith,y,54
07/09/2019,Tonga,1,Joe Moody,y,54
07/09/2019,Tonga,16,Liam Coltman,n,26
07/09/2019,Tonga,21,Aaron Smith,n,20
07/09/2019,Tonga,23,Jordie Barrett,n,26
07/09/2019,Tonga,3,Nepo Laulala,y,54
07/09/2019,Tonga,20,Luke Jacobson,n,26
07/09/2019,Tonga,17,Ofa Tuungafasi,n,26
07/09/2019,Tonga,9,TJ Perenara,y,60
07/09/2019,Tonga,8,Kieran Read,y,80
07/09/2019,Tonga,19,Scott Barrett,n,31
07/09/2019,Tonga,10,Beauden Barrett,y,40
07/09/2019,Tonga,4,Patrick Tuipulotu,y,80
07/09/2019,Tonga,14,Sevu Reece,y,80
07/09/2019,Tonga,7,Matt Todd,y,54
07/09/2019,Tonga,13,Anton Lienert-Brown,y,80
21/09/2019,South Africa,12,Ryan Crotty,y,80
21/09/2019,South Africa,22,Sonny Bill Williams,n,0
21/09/2019,South Africa,16,Codie Taylor,n,40
21/09/2019,South Africa,6,Ardie Savea,y,80
21/09/2019,South Africa,18,Angus Ta'avao,n,0
21/09/2019,South Africa,11,George Bridge,y,80
21/09/2019,South Africa,4,Samuel Whitelock,y,80
21/09/2019,South Africa,23,Ben Smith,n,0
21/09/2019,South Africa,1,Joe Moody,y,80
21/09/2019,South Africa,2,Dane Coles,y,80
21/09/2019,South Africa,9,Aaron Smith,y,80
21/09/2019,South Africa,3,Nepo Laulala,y,80
21/09/2019,South Africa,17,Ofa Tuungafasi,n,0
21/09/2019,South Africa,21,TJ Perenara,n,0
21/09/2019,South Africa,20,Shannon Frizell,n,0
21/09/2019,South Africa,8,Kieran Read,y,80
21/09/2019,South Africa,10,Richie Mo'unga,y,80
21/09/2019,South Africa,7,Sam Cane,y,80
21/09/2019,South Africa,5,Scott Barrett,y,80
21/09/2019,South Africa,15,Beauden Barrett,y,80
21/09/2019,South Africa,19,Patrick Tuipulotu,n,0
21/09/2019,South Africa,14,Sevu Reece,y,80
21/09/2019,South Africa,13,Anton Lienert-Brown,y,80
02/10/2019,Canada,22,Ryan Crotty,n,0
02/10/2019,Canada,12,Sonny Bill Williams,y,80
02/10/2019,Canada,16,Codie Taylor,n,0
02/10/2019,Canada,20,Ardie Savea,n,0
02/10/2019,Canada,3,Angus Ta'avao,y,80
02/10/2019,Canada,19,Samuel Whitelock,n,0
02/10/2019,Canada,23,Ben Smith,n,0
02/10/2019,Canada,11,Rieko Ioane,y,80
02/10/2019,Canada,2,Liam Coltman,y,80
02/10/2019,Canada,14,Jordie Barrett,y,80
02/10/2019,Canada,18,Nepo Laulala,n,0
02/10/2019,Canada,21,Brad Weber,n,0
02/10/2019,Canada,17,Ofa Tuungafasi,n,0
02/10/2019,Canada,9,TJ Perenara,y,80
02/10/2019,Canada,6,Shannon Frizell,y,80
02/10/2019,Canada,1,Atunaisa Moli,y,80
02/10/2019,Canada,8,Kieran Read,y,80
02/10/2019,Canada,10,Richie Mo'unga,y,80
02/10/2019,Canada,4,Scott Barrett,y,80
02/10/2019,Canada,15,Beauden Barrett,y,80
02/10/2019,Canada,5,Patrick Tuipulotu,y,80
02/10/2019,Canada,7,Matt Todd,y,80
02/10/2019,Canada,13,Jack Goodhue,y,80
06/10/2019,Namibia,21,Brad Weber,n,0
06/10/2019,Namibia,17,Ofa Tuungafasi,n,0
06/10/2019,Namibia,22,TJ Perenara,n,0
06/10/2019,Namibia,6,Shannon Frizell,y,80
06/10/2019,Namibia,7,Sam Cane,y,80
06/10/2019,Namibia,19,Patrick Tuipulotu,n,0
06/10/2019,Namibia,14,Sevu Reece,y,80
06/10/2019,Namibia,20,Matt Todd,n,0
06/10/2019,Namibia,13,Jack Goodhue,y,80
06/10/2019,Namibia,12,Anton Lienert-Brown,y,80
06/10/2019,Namibia,2,Codie Taylor,y,80
06/10/2019,Namibia,8,Ardie Savea,y,80
06/10/2019,Namibia,18,Angus Ta'avao,n,0
06/10/2019,Namibia,11,George Bridge,y,80
06/10/2019,Namibia,5,Samuel Whitelock,y,80
06/10/2019,Namibia,4,Brodie Retallick,y,80
06/10/2019,Namibia,15,Ben Smith,y,80
06/10/2019,Namibia,23,Rieko Ioane,n,0
06/10/2019,Namibia,1,Joe Moody,y,80
06/10/2019,Namibia,16,Dane Coles,n,0
06/10/2019,Namibia,9,Aaron Smith,y,80
06/10/2019,Namibia,10,Jordie Barrett,y,80
06/10/2019,Namibia,3,Nepo Laulala,y,80
19/10/2019,Ireland,22,Sonny Bill Williams,n,0
19/10/2019,Ireland,2,Codie Taylor,y,80
19/10/2019,Ireland,6,Ardie Savea,y,80
19/10/2019,Ireland,18,Angus Ta'avao,n,0
19/10/2019,Ireland,11,George Bridge,y,80
19/10/2019,Ireland,5,Samuel Whitelock,y,80
19/10/2019,Ireland,4,Brodie Retallick,y,80
19/10/2019,Ireland,1,Joe Moody,y,80
19/10/2019,Ireland,16,Dane Coles,n,0
19/10/2019,Ireland,9,Aaron Smith,y,80
19/10/2019,Ireland,23,Jordie Barrett,n,0
19/10/2019,Ireland,3,Nepo Laulala,y,80
19/10/2019,Ireland,17,Ofa Tuungafasi,n,0
19/10/2019,Ireland,21,TJ Perenara,n,0
19/10/2019,Ireland,8,Kieran Read,y,80
19/10/2019,Ireland,10,Richie Mo'unga,y,80
19/10/2019,Ireland,7,Sam Cane,y,80
19/10/2019,Ireland,19,Scott Barrett,n,0
19/10/2019,Ireland,15,Beauden Barrett,y,80
19/10/2019,Ireland,14,Sevu Reece,y,80
19/10/2019,Ireland,20,Matt Todd,n,0
19/10/2019,Ireland,13,Jack Goodhue,y,80
19/10/2019,Ireland,12,Anton Lienert-Brown,y,80
26/10/2019,England,22,Sonny Bill Williams,n,0
26/10/2019,England,2,Codie Taylor,y,80
26/10/2019,England,7,Ardie Savea,y,80
26/10/2019,England,18,Angus Ta'avao,n,0
26/10/2019,England,11,George Bridge,y,80
26/10/2019,England,5,Samuel Whitelock,y,80
26/10/2019,England,4,Brodie Retallick,y,80
26/10/2019,England,1,Joe Moody,y,80
26/10/2019,England,16,Dane Coles,n,0
26/10/2019,England,9,Aaron Smith,y,80
26/10/2019,England,23,Jordie Barrett,n,0
26/10/2019,England,3,Nepo Laulala,y,80
26/10/2019,England,17,Ofa Tuungafasi,n,0
26/10/2019,England,21,TJ Perenara,n,0
26/10/2019,England,8,Kieran Read,y,80
26/10/2019,England,10,Richie Mo'unga,y,80
26/10/2019,England,20,Sam Cane,n,0
26/10/2019,England,6,Scott Barrett,y,80
26/10/2019,England,15,Beauden Barrett,y,80
26/10/2019,England,19,Patrick Tuipulotu,n,0
26/10/2019,England,14,Sevu Reece,y,80
26/10/2019,England,13,Jack Goodhue,y,80
26/10/2019,England,12,Anton Lienert-Brown,y,80
01/11/2019,Wales,13,Ryan Crotty,y,80
01/11/2019,Wales,12,Sonny Bill Williams,y,80
01/11/2019,Wales,18,Angus Ta'avao,n,0
01/11/2019,Wales,4,Brodie Retallick,y,80
01/11/2019,Wales,14,Ben Smith,y,80
01/11/2019,Wales,11,Rieko Ioane,y,80
01/11/2019,Wales,1,Joe Moody,y,80
01/11/2019,Wales,16,Liam Coltman,n,55
01/11/2019,Wales,2,Dane Coles,y,25
01/11/2019,Wales,9,Aaron Smith,y,80
01/11/2019,Wales,23,Jordie Barrett,n,0
01/11/2019,Wales,3,Nepo Laulala,y,80
01/11/2019,Wales,21,Brad Weber,n,0
01/11/2019,Wales,6,Shannon Frizell,y,80
01/11/2019,Wales,17,Atunaisa Moli,n,0
01/11/2019,Wales,8,Kieran Read,y,80
01/11/2019,Wales,10,Richie Mo'unga,y,80
01/11/2019,Wales,7,Sam Cane,y,80
01/11/2019,Wales,5,Scott Barrett,y,80
01/11/2019,Wales,15,Beauden Barrett,y,80
01/11/2019,Wales,19,Patrick Tuipulotu,n,0
01/11/2019,Wales,20,Matt Todd,n,0
01/11/2019,Wales,22,Anton Lienert-Brown,n,0
11/10/2020,Australia,18,Tyrel Lomax,n,16
11/10/2020,Australia,2,Codie Taylor,y,58
11/10/2020,Australia,8,Ardie Savea,y,80
11/10/2020,Australia,11,George Bridge,y,80
11/10/2020,Australia,5,Samuel Whitelock,y,80
11/10/2020,Australia,17,Karl Tu'inukuafe,n,22
11/10/2020,Australia,23,Caleb Clarke,n,11
11/10/2020,Australia,13,Rieko Ioane,y,56
11/10/2020,Australia,1,Joe Moody,y,58
11/10/2020,Australia,20,Hoskins Sotutu,n,16
11/10/2020,Australia,16,Dane Coles,n,22
11/10/2020,Australia,15,Damian McKenzie,y,69
11/10/2020,Australia,9,Aaron Smith,y,75
11/10/2020,Australia,14,Jordie Barrett,y,80
11/10/2020,Australia,3,Ofa Tuungafasi,y,64
11/10/2020,Australia,21,TJ Perenara,n,5
11/10/2020,Australia,6,Shannon Frizell,y,64
11/10/2020,Australia,10,Richie Mo'unga,y,80
11/10/2020,Australia,7,Sam Cane,y,80
11/10/2020,Australia,4,Patrick Tuipulotu,y,75
11/10/2020,Australia,19,Tupou Vaa'i,n,5
11/10/2020,Australia,12,Jack Goodhue,y,80
11/10/2020,Australia,22,Anton Lienert-Brown,n,24
18/10/2020,Australia,16,Codie Taylor,n,30
18/10/2020,Australia,8,Ardie Savea,y,80
18/10/2020,Australia,11,Caleb Clarke,y,67
18/10/2020,Australia,1,Joe Moody,y,31
18/10/2020,Australia,20,Hoskins Sotutu,n,15
18/10/2020,Australia,2,Dane Coles,y,50
18/10/2020,Australia,23,Damian McKenzie,n,13
18/10/2020,Australia,9,Aaron Smith,y,55
18/10/2020,Australia,14,Jordie Barrett,y,80
18/10/2020,Australia,17,Alex Hodgman,n,49
18/10/2020,Australia,18,Nepo Laulala,n,30
18/10/2020,Australia,3,Ofa Tuungafasi,y,50
18/10/2020,Australia,21,TJ Perenara,n,25
18/10/2020,Australia,6,Shannon Frizell,y,65
18/10/2020,Australia,22,Peter Umaga-Jensen,n,14
18/10/2020,Australia,10,Richie Mo'unga,y,80
18/10/2020,Australia,7,Sam Cane,y,80
18/10/2020,Australia,19,Scott Barrett,n,28
18/10/2020,Australia,15,Beauden Barrett,y,80
18/10/2020,Australia,4,Patrick Tuipulotu,y,80
18/10/2020,Australia,5,Tupou Vaa'i,y,52
18/10/2020,Australia,12,Jack Goodhue,y,73
18/10/2020,Australia,13,Anton Lienert-Brown,y,74
31/10/2020,Australia,18,Tyrel Lomax,n,22
31/10/2020,Australia,16,Codie Taylor,n,35
31/10/2020,Australia,5,Samuel Whitelock,y,80
31/10/2020,Australia,1,Karl Tu'inukuafe,y,45
31/10/2020,Australia,11,Caleb Clarke,y,80
31/10/2020,Australia,20,Dalton Papali'i,n,12
31/10/2020,Australia,23,Rieko Ioane,n,14
31/10/2020,Australia,8,Hoskins Sotutu,y,80
31/10/2020,Australia,2,Dane Coles,y,45
31/10/2020,Australia,9,Aaron Smith,y,55
31/10/2020,Australia,14,Jordie Barrett,y,80
31/10/2020,Australia,17,Alex Hodgman,n,35
31/10/2020,Australia,3,Ofa Tuungafasi,y,58
31/10/2020,Australia,21,TJ Perenara,n,25
31/10/2020,Australia,6,Shannon Frizell,y,80
31/10/2020,Australia,22,Ngani Laumape,n,17
31/10/2020,Australia,10,Richie Mo'unga,y,80
31/10/2020,Australia,7,Sam Cane,y,68
31/10/2020,Australia,19,Scott Barrett,n,25
31/10/2020,Australia,15,Beauden Barrett,y,66
31/10/2020,Australia,4,Patrick Tuipulotu,y,55
31/10/2020,Australia,12,Jack Goodhue,y,63
31/10/2020,Australia,13,Anton Lienert-Brown,y,80
07/11/2020,Australia,18,Tyrel Lomax,n,51
07/11/2020,Australia,2,Codie Taylor,y,71
07/11/2020,Australia,8,Ardie Savea,y,80
07/11/2020,Australia,23,Will Jordan,n,5
07/11/2020,Australia,5,Samuel Whitelock,y,80
07/11/2020,Australia,1,Karl Tu'inukuafe,y,56
07/11/2020,Australia,11,Rieko Ioane,y,80
07/11/2020,Australia,16,Asafo Aumua,n,9
07/11/2020,Australia,22,Damian McKenzie,n,10
07/11/2020,Australia,15,Jordie Barrett,y,80
07/11/2020,Australia,17,Alex Hodgman,n,24
07/11/2020,Australia,21,Brad Weber,n,3
07/11/2020,Australia,3,Ofa Tuungafasi,y,80
07/11/2020,Australia,9,TJ Perenara,y,77
07/11/2020,Australia,20,Cullen Grace,n,2
07/11/2020,Australia,6,Akira Ioane,y,29
07/11/2020,Australia,12,Ngani Laumape,y,65
07/11/2020,Australia,7,Sam Cane,y,78
07/11/2020,Australia,4,Scott Barrett,y,78
07/11/2020,Australia,10,Beauden Barrett,y,80
07/11/2020,Australia,14,Sevu Reece,y,80
07/11/2020,Australia,19,Tupou Vaa'i,n,2
07/11/2020,Australia,13,Anton Lienert-Brown,y,80
14/11/2020,Argentina,3,Tyrel Lomax,y,57
14/11/2020,Argentina,16,Codie Taylor,n,31
14/11/2020,Argentina,8,Ardie Savea,y,80
14/11/2020,Argentina,5,Samuel Whitelock,y,80
14/11/2020,Argentina,11,Caleb Clarke,y,80
14/11/2020,Argentina,22,Rieko Ioane,n,39
14/11/2020,Argentina,1,Joe Moody,y,73
14/11/2020,Argentina,20,Hoskins Sotutu,n,30
14/11/2020,Argentina,2,Dane Coles,y,49
14/11/2020,Argentina,23,Damian McKenzie,n,16
14/11/2020,Argentina,9,Aaron Smith,y,63
14/11/2020,Argentina,14,Jordie Barrett,y,50
14/11/2020,Argentina,17,Alex Hodgman,n,7
14/11/2020,Argentina,18,Nepo Laulala,n,23
14/11/2020,Argentina,21,Brad Weber,n,17
14/11/2020,Argentina,6,Shannon Frizell,y,50
14/11/2020,Argentina,10,Richie Mo'unga,y,80
14/11/2020,Argentina,7,Sam Cane,y,80
14/11/2020,Argentina,15,Beauden Barrett,y,80
14/11/2020,Argentina,4,Patrick Tuipulotu,y,70
14/11/2020,Argentina,19,Tupou Vaa'i,n,10
14/11/2020,Argentina,12,Jack Goodhue,y,64
14/11/2020,Argentina,13,Anton Lienert-Brown,y,71
28/11/2020,Argentina,18,Tyrel Lomax,n,23
28/11/2020,Argentina,16,Codie Taylor,n,21
28/11/2020,Argentina,8,Ardie Savea,y,80
28/11/2020,Argentina,23,Will Jordan,n,15
28/11/2020,Argentina,5,Samuel Whitelock,y,64
28/11/2020,Argentina,17,Karl Tu'inukuafe,n,23
28/11/2020,Argentina,11,Caleb Clarke,y,65
28/11/2020,Argentina,22,Rieko Ioane,n,27
28/11/2020,Argentina,1,Joe Moody,y,57
28/11/2020,Argentina,20,Hoskins Sotutu,n,13
28/11/2020,Argentina,2,Dane Coles,y,59
28/11/2020,Argentina,9,Aaron Smith,y,60
28/11/2020,Argentina,14,Jordie Barrett,y,80
28/11/2020,Argentina,3,Nepo Laulala,y,57
28/11/2020,Argentina,21,TJ Perenara,n,20
28/11/2020,Argentina,6,Akira Ioane,y,67
28/11/2020,Argentina,10,Richie Mo'unga,y,80
28/11/2020,Argentina,7,Sam Cane,y,80
28/11/2020,Argentina,4,Scott Barrett,y,80
28/11/2020,Argentina,15,Beauden Barrett,y,80
28/11/2020,Argentina,19,Patrick Tuipulotu,n,16
28/11/2020,Argentina,12,Jack Goodhue,y,80
28/11/2020,Argentina,13,Anton Lienert-Brown,y,53
03/07/2021,Tonga,18,Tyrel Lomax,n,31
03/07/2021,Tonga,12,Quinn Tupaea,y,63
03/07/2021,Tonga,3,Angus Ta'avao,y,49
03/07/2021,Tonga,20,Ethan Blackadder,n,28
03/07/2021,Tonga,11,George Bridge,y,80
03/07/2021,Tonga,14,Will Jordan,y,80
03/07/2021,Tonga,5,Samuel Whitelock,y,80
03/07/2021,Tonga,1,Karl Tu'inukuafe,y,49
03/07/2021,Tonga,7,Dalton Papali'i,y,52
03/07/2021,Tonga,13,Rieko Ioane,y,80
03/07/2021,Tonga,16,Asafo Aumua,n,31
03/07/2021,Tonga,2,Dane Coles,y,49
03/07/2021,Tonga,21,Finlay Christie,n,25
03/07/2021,Tonga,15,Damian McKenzie,y,80
03/07/2021,Tonga,17,George Bower,n,31
03/07/2021,Tonga,23,Jordie Barrett,n,17
03/07/2021,Tonga,8,Luke Jacobson,y,80
03/07/2021,Tonga,9,Brad Weber,y,55
03/07/2021,Tonga,6,Akira Ioane,y,80
03/07/2021,Tonga,10,Richie Mo'unga,y,54
03/07/2021,Tonga,4,Scott Barrett,y,63
03/07/2021,Tonga,22,Beauden Barrett,n,26
03/07/2021,Tonga,19,Patrick Tuipulotu,n,17
10/07/2021,Fiji,18,Tyrel Lomax,n,30
10/07/2021,Fiji,2,Codie Taylor,y,50
10/07/2021,Fiji,7,Ethan Blackadder,y,80
10/07/2021,Fiji,11,George Bridge,y,66
10/07/2021,Fiji,23,Will Jordan,n,14
10/07/2021,Fiji,19,Samuel Whitelock,n,23
10/07/2021,Fiji,5,Brodie Retallick,y,80
10/07/2021,Fiji,13,Rieko Ioane,y,80
10/07/2021,Fiji,8,Hoskins Sotutu,y,66
10/07/2021,Fiji,16,Dane Coles,n,30
10/07/2021,Fiji,21,Finlay Christie,n,12
10/07/2021,Fiji,22,Damian McKenzie,n,22
10/07/2021,Fiji,1,George Bower,y,50
10/07/2021,Fiji,12,David Havili,y,80
10/07/2021,Fiji,9,Aaron Smith,y,68
10/07/2021,Fiji,15,Jordie Barrett,y,68
10/07/2021,Fiji,3,Nepo Laulala,y,50
10/07/2021,Fiji,20,Luke Jacobson,n,14
10/07/2021,Fiji,17,Ethan de Groot,n,30
10/07/2021,Fiji,6,Shannon Frizell,y,80
10/07/2021,Fiji,10,Beauden Barrett,y,70
10/07/2021,Fiji,4,Patrick Tuipulotu,y,57
10/07/2021,Fiji,14,Sevu Reece,y,80
17/07/2021,Fiji,2,Codie Taylor,y,56
17/07/2021,Fiji,7,Ardie Savea,y,80
17/07/2021,Fiji,18,Angus Ta'avao,n,28
17/07/2021,Fiji,14,Will Jordan,y,43
17/07/2021,Fiji,5,Samuel Whitelock,y,80
17/07/2021,Fiji,19,Brodie Retallick,n,24
17/07/2021,Fiji,23,Rieko Ioane,n,37
17/07/2021,Fiji,16,Samisoni Taukei'aho,n,24
17/07/2021,Fiji,15,Damian McKenzie,y,80
17/07/2021,Fiji,1,George Bower,y,52
17/07/2021,Fiji,12,David Havili,y,80
17/07/2021,Fiji,9,Aaron Smith,y,65
17/07/2021,Fiji,3,Nepo Laulala,y,52
17/07/2021,Fiji,8,Luke Jacobson,y,67
17/07/2021,Fiji,21,Brad Weber,n,15
17/07/2021,Fiji,17,Ethan de Groot,n,28
17/07/2021,Fiji,20,Shannon Frizell,n,13
17/07/2021,Fiji,6,Akira Ioane,y,80
17/07/2021,Fiji,10,Richie Mo'unga,y,58
17/07/2021,Fiji,4,Scott Barrett,y,56
17/07/2021,Fiji,22,Beauden Barrett,n,22
17/07/2021,Fiji,11,Sevu Reece,y,80
17/07/2021,Fiji,13,Anton Lienert-Brown,y,80
07/08/2021,Australia,2,Codie Taylor,y,63
07/08/2021,Australia,8,Ardie Savea,y,80
07/08/2021,Australia,18,Angus Ta'avao,n,19
07/08/2021,Australia,5,Samuel Whitelock,y,80
07/08/2021,Australia,17,Karl Tu'inukuafe,n,26
07/08/2021,Australia,4,Brodie Retallick,y,66
07/08/2021,Australia,7,Dalton Papali'i,y,80
07/08/2021,Australia,11,Rieko Ioane,y,80
07/08/2021,Australia,26,Samisoni Taukei'aho,n,17
07/08/2021,Australia,15,Damian McKenzie,y,80
07/08/2021,Australia,1,George Bower,y,54
07/08/2021,Australia,12,David Havili,y,80
07/08/2021,Australia,9,Aaron Smith,y,72
07/08/2021,Australia,23,Jordie Barrett,n,17
07/08/2021,Australia,3,Nepo Laulala,y,61
07/08/2021,Australia,20,Luke Jacobson,n,12
07/08/2021,Australia,21,Brad Weber,n,8
07/08/2021,Australia,6,Akira Ioane,y,68
07/08/2021,Australia,10,Richie Mo'unga,y,65
07/08/2021,Australia,22,Beauden Barrett,n,15
07/08/2021,Australia,19,Patrick Tuipulotu,n,14
07/08/2021,Australia,14,Sevu Reece,y,63
07/08/2021,Australia,13,Anton Lienert-Brown,y,80
14/08/2021,Australia,2,Codie Taylor,y,62
14/08/2021,Australia,8,Ardie Savea,y,71
14/08/2021,Australia,18,Angus Ta'avao,n,18
14/08/2021,Australia,14,Will Jordan,y,80
14/08/2021,Australia,5,Samuel Whitelock,y,80
14/08/2021,Australia,17,Karl Tu'inukuafe,n,27
14/08/2021,Australia,4,Brodie Retallick,y,62
14/08/2021,Australia,7,Dalton Papali'i,y,80
14/08/2021,Australia,13,Rieko Ioane,y,80
14/08/2021,Australia,16,Samisoni Taukei'aho,n,18
14/08/2021,Australia,15,Damian McKenzie,y,57
14/08/2021,Australia,1,George Bower,y,53
14/08/2021,Australia,12,David Havili,y,80
14/08/2021,Australia,9,Aaron Smith,y,66
14/08/2021,Australia,23,Jordie Barrett,n,23
14/08/2021,Australia,3,Nepo Laulala,y,62
14/08/2021,Australia,20,Luke Jacobson,n,9
14/08/2021,Australia,21,TJ Perenara,n,14
14/08/2021,Australia,6,Akira Ioane,y,80
14/08/2021,Australia,10,Richie Mo'unga,y,64
14/08/2021,Australia,19,Scott Barrett,n,18
14/08/2021,Australia,22,Beauden Barrett,n,16
14/08/2021,Australia,11,Sevu Reece,y,80
05/09/2021,Australia,2,Codie Taylor,y,36
05/09/2021,Australia,8,Ardie Savea,y,37
05/09/2021,Australia,18,Angus Ta'avao,n,23
05/09/2021,Australia,20,Ethan Blackadder,n,43
05/09/2021,Australia,23,George Bridge,n,9
05/09/2021,Australia,14,Will Jordan,y,71
05/09/2021,Australia,17,Karl Tu'inukuafe,n,23
05/09/2021,Australia,4,Brodie Retallick,y,80
05/09/2021,Australia,7,Dalton Papali'i,y,65
05/09/2021,Australia,11,Rieko Ioane,y,80
05/09/2021,Australia,16,Samisoni Taukei'aho,n,44
05/09/2021,Australia,22,Damian McKenzie,n,31
05/09/2021,Australia,1,George Bower,y,57
05/09/2021,Australia,12,David Havili,y,80
05/09/2021,Australia,15,Jordie Barrett,y,49
05/09/2021,Australia,3,Nepo Laulala,y,57
05/09/2021,Australia,9,Brad Weber,y,55
05/09/2021,Australia,21,TJ Perenara,n,25
05/09/2021,Australia,6,Akira Ioane,y,80
05/09/2021,Australia,5,Scott Barrett,y,80
05/09/2021,Australia,10,Beauden Barrett,y,80
05/09/2021,Australia,19,Tupou Vaa'i,n,15
05/09/2021,Australia,13,Anton Lienert-Brown,y,80
12/09/2021,Argentina,18,Tyrel Lomax,n,22
12/09/2021,Argentina,23,Quinn Tupaea,n,24
12/09/2021,Argentina,20,Ethan Blackadder,n,14
12/09/2021,Argentina,11,George Bridge,y,80
12/09/2021,Argentina,1,Karl Tu'inukuafe,y,58
12/09/2021,Argentina,4,Brodie Retallick,y,80
12/09/2021,Argentina,7,Dalton Papali'i,y,80
12/09/2021,Argentina,13,Rieko Ioane,y,80
12/09/2021,Argentina,16,Samisoni Taukei'aho,n,35
12/09/2021,Argentina,17,Joe Moody,n,30
12/09/2021,Argentina,2,Asafo Aumua,y,45
12/09/2021,Argentina,22,Damian McKenzie,n,29
12/09/2021,Argentina,12,David Havili,y,56
12/09/2021,Argentina,15,Jordie Barrett,y,80
12/09/2021,Argentina,3,Nepo Laulala,y,50
12/09/2021,Argentina,8,Luke Jacobson,y,80
12/09/2021,Argentina,21,Brad Weber,n,18
12/09/2021,Argentina,9,TJ Perenara,y,62
12/09/2021,Argentina,6,Akira Ioane,y,66
12/09/2021,Argentina,5,Scott Barrett,y,59
12/09/2021,Argentina,10,Beauden Barrett,y,51
12/09/2021,Argentina,14,Sevu Reece,y,80
12/09/2021,Argentina,19,Tupou Vaa'i,n,21
18/09/2021,Argentina,3,Tyrel Lomax,y,53
18/09/2021,Argentina,16,Codie Taylor,n,32
18/09/2021,Argentina,12,Quinn Tupaea,y,80
18/09/2021,Argentina,7,Ardie Savea,y,80
18/09/2021,Argentina,6,Ethan Blackadder,y,80
18/09/2021,Argentina,11,George Bridge,y,80
18/09/2021,Argentina,14,Will Jordan,y,80
18/09/2021,Argentina,13,Rieko Ioane,y,54
18/09/2021,Argentina,2,Samisoni Taukei'aho,y,48
18/09/2021,Argentina,1,Joe Moody,y,50
18/09/2021,Argentina,8,Hoskins Sotutu,y,65
18/09/2021,Argentina,21,Finlay Christie,n,32
18/09/2021,Argentina,10,Damian McKenzie,y,65
18/09/2021,Argentina,23,Braydon Ennor,n,26
18/09/2021,Argentina,17,George Bower,n,30
18/09/2021,Argentina,15,Jordie Barrett,y,80
18/09/2021,Argentina,20,Luke Jacobson,n,15
18/09/2021,Argentina,18,Ofa Tuungafasi,n,27
18/09/2021,Argentina,9,TJ Perenara,y,48
18/09/2021,Argentina,19,Scott Barrett,n,11
18/09/2021,Argentina,22,Beauden Barrett,n,15
18/09/2021,Argentina,4,Patrick Tuipulotu,y,69
18/09/2021,Argentina,5,Tupou Vaa'i,y,80
25/09/2021,South Africa,2,Codie Taylor,y,64
25/09/2021,South Africa,23,Quinn Tupaea,n,8
25/09/2021,South Africa,8,Ardie Savea,y,80
25/09/2021,South Africa,7,Ethan Blackadder,y,80
25/09/2021,South Africa,11,George Bridge,y,72
25/09/2021,South Africa,14,Will Jordan,y,58
25/09/2021,South Africa,17,Karl Tu'inukuafe,n,22
25/09/2021,South Africa,4,Brodie Retallick,y,80
25/09/2021,South Africa,13,Rieko Ioane,y,80
25/09/2021,South Africa,16,Samisoni Taukei'aho,n,16
25/09/2021,South Africa,1,Joe Moody,y,58
25/09/2021,South Africa,20,Hoskins Sotutu,n,9
25/09/2021,South Africa,22,Damian McKenzie,n,22
25/09/2021,South Africa,12,David Havili,y,80
25/09/2021,South Africa,15,Jordie Barrett,y,80
25/09/2021,South Africa,3,Nepo Laulala,y,58
25/09/2021,South Africa,21,Brad Weber,n,15
25/09/2021,South Africa,18,Ofa Tuungafasi,n,22
25/09/2021,South Africa,9,TJ Perenara,y,65
25/09/2021,South Africa,6,Akira Ioane,y,71
25/09/2021,South Africa,5,Scott Barrett,y,67
25/09/2021,South Africa,10,Beauden Barrett,y,80
25/09/2021,South Africa,19,Patrick Tuipulotu,n,13
02/10/2021,South Africa,2,Codie Taylor,y,59
02/10/2021,South Africa,7,Ardie Savea,y,80
02/10/2021,South Africa,20,Ethan Blackadder,n,30
02/10/2021,South Africa,4,Brodie Retallick,y,80
02/10/2021,South Africa,11,Rieko Ioane,y,80
02/10/2021,South Africa,1,Joe Moody,y,58
02/10/2021,South Africa,16,Asafo Aumua,n,21
02/10/2021,South Africa,23,Damian McKenzie,n,14
02/10/2021,South Africa,17,George Bower,n,22
02/10/2021,South Africa,12,David Havili,y,66
02/10/2021,South Africa,15,Jordie Barrett,y,80
02/10/2021,South Africa,3,Nepo Laulala,y,59
02/10/2021,South Africa,8,Luke Jacobson,y,50
02/10/2021,South Africa,9,Brad Weber,y,58
02/10/2021,South Africa,18,Ofa Tuungafasi,n,21
02/10/2021,South Africa,21,TJ Perenara,n,22
02/10/2021,South Africa,6,Akira Ioane,y,80
02/10/2021,South Africa,22,Richie Mo'unga,n,14
02/10/2021,South Africa,5,Scott Barrett,y,40
02/10/2021,South Africa,10,Beauden Barrett,y,66
02/10/2021,South Africa,19,Patrick Tuipulotu,n,40
02/10/2021,South Africa,14,Sevu Reece,y,80
02/10/2021,South Africa,13,Anton Lienert-Brown,y,80
23/10/2021,USA,18,Tyrel Lomax,n,30
23/10/2021,USA,12,Quinn Tupaea,y,80
23/10/2021,USA,3,Angus Ta'avao,y,50
23/10/2021,USA,11,George Bridge,y,54
23/10/2021,USA,14,Will Jordan,y,80
23/10/2021,USA,4,Samuel Whitelock,y,59
23/10/2021,USA,7,Dalton Papali'i,y,50
23/10/2021,USA,2,Asafo Aumua,y,50
23/10/2021,USA,8,Hoskins Sotutu,y,80
23/10/2021,USA,16,Dane Coles,n,30
23/10/2021,USA,9,Finlay Christie,y,54
23/10/2021,USA,15,Damian McKenzie,y,80
23/10/2021,USA,13,Braydon Ennor,y,80
23/10/2021,USA,17,George Bower,n,30
23/10/2021,USA,6,Luke Jacobson,y,80
23/10/2021,USA,1,Ethan de Groot,y,50
23/10/2021,USA,21,TJ Perenara,n,26
23/10/2021,USA,10,Richie Mo'unga,y,56
23/10/2021,USA,20,Sam Cane,n,30
23/10/2021,USA,22,Beauden Barrett,n,24
23/10/2021,USA,5,Tupou Vaa'i,y,80
23/10/2021,USA,23,Anton Lienert-Brown,n,26
23/10/2021,USA,19,Josh Lord,n,21
30/10/2021,Wales,18,Tyrel Lomax,n,24
30/10/2021,Wales,2,Codie Taylor,y,63
30/10/2021,Wales,8,Ardie Savea,y,80
30/10/2021,Wales,6,Ethan Blackadder,y,74
30/10/2021,Wales,14,Will Jordan,y,72
30/10/2021,Wales,5,Samuel Whitelock,y,80
30/10/2021,Wales,17,Karl Tu'inukuafe,n,18
30/10/2021,Wales,4,Brodie Retallick,y,60
30/10/2021,Wales,7,Dalton Papali'i,y,66
30/10/2021,Wales,11,Rieko Ioane,y,80
30/10/2021,Wales,16,Samisoni Taukei'aho,n,17
30/10/2021,Wales,1,Joe Moody,y,62
30/10/2021,Wales,12,David Havili,y,62
30/10/2021,Wales,15,Jordie Barrett,y,80
30/10/2021,Wales,3,Nepo Laulala,y,62
30/10/2021,Wales,21,Brad Weber,n,16
30/10/2021,Wales,9,TJ Perenara,y,64
30/10/2021,Wales,20,Akira Ioane,n,14
30/10/2021,Wales,22,Richie Mo'unga,n,8
30/10/2021,Wales,10,Beauden Barrett,y,80
30/10/2021,Wales,23,Sevu Reece,n,18
30/10/2021,Wales,19,Tupou Vaa'i,n,20
30/10/2021,Wales,13,Anton Lienert-Brown,y,80
06/11/2021,Italy,3,Tyrel Lomax,y,52
06/11/2021,Italy,12,Quinn Tupaea,y,80
06/11/2021,Italy,11,George Bridge,y,80
06/11/2021,Italy,19,Samuel Whitelock,n,19
06/11/2021,Italy,16,Asafo Aumua,n,28
06/11/2021,Italy,8,Hoskins Sotutu,y,80
06/11/2021,Italy,2,Dane Coles,y,52
06/11/2021,Italy,21,Finlay Christie,n,72
06/11/2021,Italy,15,Damian McKenzie,y,80
06/11/2021,Italy,13,Braydon Ennor,y,58
06/11/2021,Italy,1,George Bower,y,52
06/11/2021,Italy,22,David Havili,n,22
06/11/2021,Italy,23,Jordie Barrett,n,13
06/11/2021,Italy,6,Luke Jacobson,y,52
06/11/2021,Italy,9,Brad Weber,y,8
06/11/2021,Italy,18,Ofa Tuungafasi,n,28
06/11/2021,Italy,17,Ethan de Groot,n,28
06/11/2021,Italy,20,Shannon Frizell,n,28
06/11/2021,Italy,10,Richie Mo'unga,y,80
06/11/2021,Italy,7,Sam Cane,y,80
06/11/2021,Italy,14,Sevu Reece,y,67
06/11/2021,Italy,4,Tupou Vaa'i,y,80
06/11/2021,Italy,5,Josh Lord,y,61
13/11/2021,Ireland,18,Tyrel Lomax,n,27
13/11/2021,Ireland,2,Codie Taylor,y,53
13/11/2021,Ireland,8,Ardie Savea,y,80
13/11/2021,Ireland,6,Ethan Blackadder,y,59
13/11/2021,Ireland,14,Will Jordan,y,80
13/11/2021,Ireland,5,Samuel Whitelock,y,80
13/11/2021,Ireland,17,Karl Tu'inukuafe,n,27
13/11/2021,Ireland,4,Brodie Retallick,y,80
13/11/2021,Ireland,7,Dalton Papali'i,y,80
13/11/2021,Ireland,13,Rieko Ioane,y,80
13/11/2021,Ireland,1,Joe Moody,y,53
13/11/2021,Ireland,16,Dane Coles,n,32
13/11/2021,Ireland,21,Finlay Christie,n,0
13/11/2021,Ireland,23,David Havili,n,41
13/11/2021,Ireland,15,Jordie Barrett,y,80
13/11/2021,Ireland,3,Nepo Laulala,y,53
13/11/2021,Ireland,9,TJ Perenara,y,80
13/11/2021,Ireland,20,Akira Ioane,n,15
13/11/2021,Ireland,22,Richie Mo'unga,n,58
13/11/2021,Ireland,10,Beauden Barrett,y,22
13/11/2021,Ireland,11,Sevu Reece,y,80
13/11/2021,Ireland,19,Tupou Vaa'i,n,0
13/11/2021,Ireland,12,Anton Lienert-Brown,y,39
20/11/2021,France,12,Quinn Tupaea,y,80
20/11/2021,France,8,Ardie Savea,y,71
20/11/2021,France,11,George Bridge,y,80
20/11/2021,France,14,Will Jordan,y,72
20/11/2021,France,5,Samuel Whitelock,y,65
20/11/2021,France,4,Brodie Retallick,y,80
20/11/2021,France,13,Rieko Ioane,y,80
20/11/2021,France,16,Samisoni Taukei'aho,n,32
20/11/2021,France,1,Joe Moody,y,48
20/11/2021,France,2,Dane Coles,y,48
20/11/2021,France,22,Damian McKenzie,n,8
20/11/2021,France,17,George Bower,n,32
20/11/2021,France,23,David Havili,n,8
20/11/2021,France,9,Aaron Smith,y,71
20/11/2021,France,15,Jordie Barrett,y,80
20/11/2021,France,3,Nepo Laulala,y,48
20/11/2021,France,21,Brad Weber,n,9
20/11/2021,France,18,Ofa Tuungafasi,n,32
20/11/2021,France,20,Shannon Frizell,n,9
20/11/2021,France,6,Akira Ioane,y,80
20/11/2021,France,10,Richie Mo'unga,y,72
20/11/2021,France,7,Sam Cane,y,80
20/11/2021,France,19,Tupou Vaa'i,n,15
02/07/2022,Ireland,2,Codie Taylor,y,55
02/07/2022,Ireland,12,Quinn Tupaea,y,60
02/07/2022,Ireland,8,Ardie Savea,y,80
02/07/2022,Ireland,18,Angus Ta'avao,n,25
02/07/2022,Ireland,5,Samuel Whitelock,y,80
02/07/2022,Ireland,17,Karl Tu'inukuafe,n,20
02/07/2022,Ireland,4,Brodie Retallick,y,63
02/07/2022,Ireland,20,Dalton Papali'i,n,14
02/07/2022,Ireland,13,Rieko Ioane,y,67
02/07/2022,Ireland,16,Samisoni Taukei'aho,n,25
02/07/2022,Ireland,21,Finlay Christie,n,21
02/07/2022,Ireland,11,Leicester Fainga'anuku,y,80
02/07/2022,Ireland,23,Braydon Ennor,n,13
02/07/2022,Ireland,1,George Bower,y,60
02/07/2022,Ireland,9,Aaron Smith,y,59
02/07/2022,Ireland,15,Jordie Barrett,y,80
02/07/2022,Ireland,3,Ofa Tuungafasi,y,55
02/07/2022,Ireland,19,Pita Gus Sowakula,n,17
02/07/2022,Ireland,22,Richie Mo'unga,n,20
02/07/2022,Ireland,7,Sam Cane,y,66
02/07/2022,Ireland,6,Scott Barrett,y,80
02/07/2022,Ireland,10,Beauden Barrett,y,80
02/07/2022,Ireland,14,Sevu Reece,y,80
09/07/2022,Ireland,2,Codie Taylor,y,56
09/07/2022,Ireland,12,Quinn Tupaea,y,80
09/07/2022,Ireland,8,Ardie Savea,y,80
09/07/2022,Ireland,18,Angus Ta'avao,n,0
09/07/2022,Ireland,23,Will Jordan,n,30
09/07/2022,Ireland,4,Brodie Retallick,y,80
09/07/2022,Ireland,6,Dalton Papali'i,y,69
09/07/2022,Ireland,13,Rieko Ioane,y,80
09/07/2022,Ireland,16,Samisoni Taukei'aho,n,24
09/07/2022,Ireland,17,Aidan Ross,n,17
09/07/2022,Ireland,11,Leicester Fainga'anuku,y,50
09/07/2022,Ireland,1,George Bower,y,63
09/07/2022,Ireland,9,Aaron Smith,y,62
09/07/2022,Ireland,15,Jordie Barrett,y,80
09/07/2022,Ireland,3,Ofa Tuungafasi,y,80
09/07/2022,Ireland,20,Pita Gus Sowakula,n,11
09/07/2022,Ireland,22,Richie Mo'unga,n,23
09/07/2022,Ireland,7,Sam Cane,y,80
09/07/2022,Ireland,5,Scott Barrett,y,73
09/07/2022,Ireland,10,Beauden Barrett,y,57
09/07/2022,Ireland,19,Patrick Tuipulotu,n,7
09/07/2022,Ireland,14,Sevu Reece,y,80
09/07/2022,Ireland,21,Folau Fakatava,n,18
16/07/2022,Ireland,2,Codie Taylor,y,63
16/07/2022,Ireland,8,Ardie Savea,y,80
16/07/2022,Ireland,14,Will Jordan,y,80
16/07/2022,Ireland,5,Samuel Whitelock,y,80
16/07/2022,Ireland,17,Karl Tu'inukuafe,n,8
16/07/2022,Ireland,4,Brodie Retallick,y,46
16/07/2022,Ireland,20,Dalton Papali'i,n,16
16/07/2022,Ireland,13,Rieko Ioane,y,70
16/07/2022,Ireland,16,Dane Coles,n,17
16/07/2022,Ireland,1,George Bower,y,72
16/07/2022,Ireland,12,David Havili,y,80
16/07/2022,Ireland,9,Aaron Smith,y,62
16/07/2022,Ireland,15,Jordie Barrett,y,80
16/07/2022,Ireland,3,Nepo Laulala,y,41
16/07/2022,Ireland,18,Ofa Tuungafasi,n,39
16/07/2022,Ireland,6,Akira Ioane,y,80
16/07/2022,Ireland,22,Richie Mo'unga,n,18
16/07/2022,Ireland,7,Sam Cane,y,64
16/07/2022,Ireland,10,Beauden Barrett,y,80
16/07/2022,Ireland,23,Roger Tuivasa-Sheck,n,10
16/07/2022,Ireland,11,Sevu Reece,y,62
16/07/2022,Ireland,19,Tupou Vaa'i,n,34
16/07/2022,Ireland,21,Folau Fakatava,n,18
06/08/2022,South Africa,18,Tyrel Lomax,n,32
06/08/2022,South Africa,23,Quinn Tupaea,n,17
06/08/2022,South Africa,8,Ardie Savea,y,80
06/08/2022,South Africa,3,Angus Ta'avao,y,48
06/08/2022,South Africa,14,Will Jordan,y,80
06/08/2022,South Africa,4,Samuel Whitelock,y,80
06/08/2022,South Africa,11,Caleb Clarke,y,80
06/08/2022,South Africa,13,Rieko Ioane,y,80
06/08/2022,South Africa,2,Samisoni Taukei'aho,y,55
06/08/2022,South Africa,16,Dane Coles,n,25
06/08/2022,South Africa,21,Finlay Christie,n,6
06/08/2022,South Africa,1,George Bower,y,62
06/08/2022,South Africa,12,David Havili,y,80
06/08/2022,South Africa,9,Aaron Smith,y,74
06/08/2022,South Africa,15,Jordie Barrett,y,52
06/08/2022,South Africa,17,Ethan de Groot,n,18
06/08/2022,South Africa,20,Shannon Frizell,n,25
06/08/2022,South Africa,6,Akira Ioane,y,55
06/08/2022,South Africa,22,Richie Mo'unga,n,28
06/08/2022,South Africa,7,Sam Cane,y,80
06/08/2022,South Africa,5,Scott Barrett,y,73
06/08/2022,South Africa,10,Beauden Barrett,y,63
06/08/2022,South Africa,19,Tupou Vaa'i,n,7
13/08/2022,South Africa,3,Tyrel Lomax,y,54
13/08/2022,South Africa,16,Codie Taylor,n,23
13/08/2022,South Africa,23,Quinn Tupaea,n,11
13/08/2022,South Africa,8,Ardie Savea,y,80
13/08/2022,South Africa,14,Will Jordan,y,80
13/08/2022,South Africa,4,Samuel Whitelock,y,80
13/08/2022,South Africa,11,Caleb Clarke,y,62
13/08/2022,South Africa,13,Rieko Ioane,y,78
13/08/2022,South Africa,2,Samisoni Taukei'aho,y,57
13/08/2022,South Africa,21,Finlay Christie,n,11
13/08/2022,South Africa,17,George Bower,n,26
13/08/2022,South Africa,12,David Havili,y,80
13/08/2022,South Africa,9,Aaron Smith,y,69
13/08/2022,South Africa,15,Jordie Barrett,y,80
13/08/2022,South Africa,1,Ethan de Groot,y,54
13/08/2022,South Africa,6,Shannon Frizell,y,60
13/08/2022,South Africa,20,Akira Ioane,n,20
13/08/2022,South Africa,10,Richie Mo'unga,y,80
13/08/2022,South Africa,18,Fletcher Newell,n,26
13/08/2022,South Africa,7,Sam Cane,y,69
13/08/2022,South Africa,5,Scott Barrett,y,80
13/08/2022,South Africa,22,Beauden Barrett,n,18
13/08/2022,South Africa,19,Tupou Vaa'i,n,2
27/08/2022,Argentina,3,Tyrel Lomax,y,45
27/08/2022,Argentina,16,Codie Taylor,n,35
27/08/2022,Argentina,23,Quinn Tupaea,n,11
27/08/2022,Argentina,8,Ardie Savea,y,80
27/08/2022,Argentina,22,Stephen Perofeta,n,0
27/08/2022,Argentina,14,Will Jordan,y,80
27/08/2022,Argentina,4,Samuel Whitelock,y,80
27/08/2022,Argentina,11,Caleb Clarke,y,80
27/08/2022,Argentina,13,Rieko Ioane,y,70
27/08/2022,Argentina,2,Samisoni Taukei'aho,y,46
27/08/2022,Argentina,21,Finlay Christie,n,18
27/08/2022,Argentina,17,George Bower,n,36
27/08/2022,Argentina,12,David Havili,y,80
27/08/2022,Argentina,9,Aaron Smith,y,63
27/08/2022,Argentina,15,Jordie Barrett,y,81
27/08/2022,Argentina,1,Ethan de Groot,y,45
27/08/2022,Argentina,6,Shannon Frizell,y,80
27/08/2022,Argentina,20,Akira Ioane,n,14
27/08/2022,Argentina,10,Richie Mo'unga,y,80
27/08/2022,Argentina,18,Fletcher Newell,n,36
27/08/2022,Argentina,7,Sam Cane,y,67
27/08/2022,Argentina,5,Scott Barrett,y,80
27/08/2022,Argentina,19,Tupou Vaa'i,n,0
03/09/2022,Argentina,3,Tyrel Lomax,y,53
03/09/2022,Argentina,23,Quinn Tupaea,n,11
03/09/2022,Argentina,8,Ardie Savea,y,80
03/09/2022,Argentina,14,Will Jordan,y,80
03/09/2022,Argentina,4,Samuel Whitelock,y,80
03/09/2022,Argentina,11,Caleb Clarke,y,80
03/09/2022,Argentina,19,Brodie Retallick,n,21
03/09/2022,Argentina,20,Dalton Papali'i,n,16
03/09/2022,Argentina,13,Rieko Ioane,y,80
03/09/2022,Argentina,2,Samisoni Taukei'aho,y,62
03/09/2022,Argentina,16,Dane Coles,n,18
03/09/2022,Argentina,21,Finlay Christie,n,27
03/09/2022,Argentina,17,George Bower,n,27
03/09/2022,Argentina,12,David Havili,y,69
03/09/2022,Argentina,9,Aaron Smith,y,53
03/09/2022,Argentina,15,Jordie Barrett,y,80
03/09/2022,Argentina,1,Ethan de Groot,y,53
03/09/2022,Argentina,6,Shannon Frizell,y,59
03/09/2022,Argentina,10,Richie Mo'unga,y,63
03/09/2022,Argentina,18,Fletcher Newell,n,27
03/09/2022,Argentina,7,Sam Cane,y,64
03/09/2022,Argentina,5,Scott Barrett,y,80
03/09/2022,Argentina,22,Beauden Barrett,n,17
15/09/2022,Australia,3,Tyrel Lomax,y,58
15/09/2022,Australia,23,Quinn Tupaea,n,22
15/09/2022,Australia,14,Will Jordan,y,80
15/09/2022,Australia,5,Samuel Whitelock,y,80
15/09/2022,Australia,11,Caleb Clarke,y,80
15/09/2022,Australia,4,Brodie Retallick,y,80
15/09/2022,Australia,20,Dalton Papali'i,n,57
15/09/2022,Australia,13,Rieko Ioane,y,80
15/09/2022,Australia,2,Samisoni Taukei'aho,y,62
15/09/2022,Australia,8,Hoskins Sotutu,y,69
15/09/2022,Australia,16,Dane Coles,n,18
15/09/2022,Australia,21,Finlay Christie,n,5
15/09/2022,Australia,17,George Bower,n,29
15/09/2022,Australia,12,David Havili,y,14
15/09/2022,Australia,9,Aaron Smith,y,75
15/09/2022,Australia,15,Jordie Barrett,y,80
15/09/2022,Australia,1,Ethan de Groot,y,51
15/09/2022,Australia,19,Akira Ioane,n,11
15/09/2022,Australia,10,Richie Mo'unga,y,80
15/09/2022,Australia,18,Fletcher Newell,n,22
15/09/2022,Australia,7,Sam Cane,y,23
15/09/2022,Australia,6,Scott Barrett,y,80
15/09/2022,Australia,22,Beauden Barrett,n,44
24/09/2022,Australia,3,Tyrel Lomax,y,63
24/09/2022,Australia,2,Codie Taylor,y,63
24/09/2022,Australia,8,Ardie Savea,y,80
24/09/2022,Australia,14,Will Jordan,y,68
24/09/2022,Australia,5,Samuel Whitelock,y,80
24/09/2022,Australia,11,Caleb Clarke,y,80
24/09/2022,Australia,4,Brodie Retallick,y,68
24/09/2022,Australia,7,Dalton Papali'i,y,80
24/09/2022,Australia,13,Rieko Ioane,y,80
24/09/2022,Australia,16,Samisoni Taukei'aho,n,17
24/09/2022,Australia,20,Hoskins Sotutu,n,8
24/09/2022,Australia,21,Finlay Christie,n,16
24/09/2022,Australia,9,Aaron Smith,y,64
24/09/2022,Australia,12,Jordie Barrett,y,80
24/09/2022,Australia,18,Nepo Laulala,n,17
24/09/2022,Australia,17,Ofa Tuungafasi,n,17
24/09/2022,Australia,1,Ethan de Groot,y,63
24/09/2022,Australia,6,Akira Ioane,y,72
24/09/2022,Australia,10,Richie Mo'unga,y,80
24/09/2022,Australia,15,Beauden Barrett,y,70
24/09/2022,Australia,22,Roger Tuivasa-Sheck,n,10
24/09/2022,Australia,23,Sevu Reece,n,12
24/09/2022,Australia,19,Tupou Vaa'i,n,12
29/10/2022,Japan,18,Tyrel Lomax,n,25
29/10/2022,Japan,16,Codie Taylor,n,25
29/10/2022,Japan,15,Stephen Perofeta,y,80
29/10/2022,Japan,11,Caleb Clarke,y,80
29/10/2022,Japan,4,Brodie Retallick,y,80
29/10/2022,Japan,20,Dalton Papali'i,n,13
29/10/2022,Japan,2,Samisoni Taukei'aho,y,55
29/10/2022,Japan,8,Hoskins Sotutu,y,67
29/10/2022,Japan,9,Finlay Christie,y,62
29/10/2022,Japan,13,Braydon Ennor,y,62
29/10/2022,Japan,1,George Bower,y,55
29/10/2022,Japan,22,David Havili,n,10
29/10/2022,Japan,21,Aaron Smith,n,18
29/10/2022,Japan,3,Nepo Laulala,y,55
29/10/2022,Japan,17,Ofa Tuungafasi,n,25
29/10/2022,Japan,6,Shannon Frizell,y,63
29/10/2022,Japan,10,Richie Mo'unga,y,80
29/10/2022,Japan,7,Sam Cane,y,80
29/10/2022,Japan,12,Roger Tuivasa-Sheck,y,70
29/10/2022,Japan,19,Patrick Tuipulotu,n,17
29/10/2022,Japan,14,Sevu Reece,y,80
29/10/2022,Japan,5,Tupou Vaa'i,y,80
29/10/2022,Japan,23,Anton Lienert-Brown,n,18
05/11/2022,Wales,3,Tyrel Lomax,y,58
05/11/2022,Wales,2,Codie Taylor,y,58
05/11/2022,Wales,8,Ardie Savea,y,80
05/11/2022,Wales,4,Samuel Whitelock,y,80
05/11/2022,Wales,11,Caleb Clarke,y,80
05/11/2022,Wales,7,Dalton Papali'i,y,80
05/11/2022,Wales,13,Rieko Ioane,y,80
05/11/2022,Wales,16,Samisoni Taukei'aho,n,22
05/11/2022,Wales,22,David Havili,n,9
05/11/2022,Wales,9,Aaron Smith,y,67
05/11/2022,Wales,12,Jordie Barrett,y,80
05/11/2022,Wales,21,Brad Weber,n,13
05/11/2022,Wales,17,Ofa Tuungafasi,n,22
05/11/2022,Wales,1,Ethan de Groot,y,58
05/11/2022,Wales,6,Shannon Frizell,y,62
05/11/2022,Wales,20,Akira Ioane,n,18
05/11/2022,Wales,10,Richie Mo'unga,y,71
05/11/2022,Wales,18,Fletcher Newell,n,22
05/11/2022,Wales,5,Scott Barrett,y,70
05/11/2022,Wales,15,Beauden Barrett,y,80
05/11/2022,Wales,14,Sevu Reece,y,58
05/11/2022,Wales,19,Tupou Vaa'i,n,10
05/11/2022,Wales,23,Anton Lienert-Brown,n,22
13/11/2022,Scotland,16,Codie Taylor,n,23
13/11/2022,Scotland,8,Ardie Savea,y,80
13/11/2022,Scotland,22,Stephen Perofeta,n,1
13/11/2022,Scotland,4,Samuel Whitelock,y,80
13/11/2022,Scotland,11,Caleb Clarke,y,80
13/11/2022,Scotland,7,Dalton Papali'i,y,80
13/11/2022,Scotland,23,Rieko Ioane,n,26
13/11/2022,Scotland,2,Samisoni Taukei'aho,y,57
13/11/2022,Scotland,9,Finlay Christie,y,57
13/11/2022,Scotland,17,George Bower,n,29
13/11/2022,Scotland,12,David Havili,y,54
13/11/2022,Scotland,15,Jordie Barrett,y,80
13/11/2022,Scotland,3,Nepo Laulala,y,51
13/11/2022,Scotland,1,Ethan de Groot,y,51
13/11/2022,Scotland,21,TJ Perenara,n,23
13/11/2022,Scotland,20,Shannon Frizell,n,19
13/11/2022,Scotland,6,Akira Ioane,y,61
13/11/2022,Scotland,18,Fletcher Newell,n,29
13/11/2022,Scotland,5,Scott Barrett,y,71
13/11/2022,Scotland,10,Beauden Barrett,y,79
13/11/2022,Scotland,14,Mark Tele'a,y,80
13/11/2022,Scotland,19,Tupou Vaa'i,n,9
13/11/2022,Scotland,13,Anton Lienert-Brown,y,80
19/11/2022,England,3,Tyrel Lomax,y,58
19/11/2022,England,2,Codie Taylor,y,58
19/11/2022,England,8,Ardie Savea,y,80
19/11/2022,England,5,Samuel Whitelock,y,80
19/11/2022,England,11,Caleb Clarke,y,73
19/11/2022,England,4,Brodie Retallick,y,80
19/11/2022,England,7,Dalton Papali'i,y,73
19/11/2022,England,13,Rieko Ioane,y,80
19/11/2022,England,16,Samisoni Taukei'aho,n,23
19/11/2022,England,20,Hoskins Sotutu,n,8
19/11/2022,England,17,George Bower,n,20
19/11/2022,England,22,David Havili,n,0
19/11/2022,England,9,Aaron Smith,y,63
19/11/2022,England,12,Jordie Barrett,y,80
19/11/2022,England,18,Nepo Laulala,n,23
19/11/2022,England,1,Ethan de Groot,y,61
19/11/2022,England,21,TJ Perenara,n,18
19/11/2022,England,19,Shannon Frizell,n,13
19/11/2022,England,10,Richie Mo'unga,y,80
19/11/2022,England,6,Scott Barrett,y,68
19/11/2022,England,15,Beauden Barrett,y,80
19/11/2022,England,14,Mark Tele'a,y,80
19/11/2022,England,23,Anton Lienert-Brown,n,8
08/07/2023,Argentina,3,Tyrel Lomax,y,63
08/07/2023,Argentina,16,Codie Taylor,n,34
08/07/2023,Argentina,8,Ardie Savea,y,80
08/07/2023,Argentina,11,Caleb Clarke,y,80
08/07/2023,Argentina,20,Dalton Papali'i,n,14
08/07/2023,Argentina,13,Rieko Ioane,y,70
08/07/2023,Argentina,14,Emoni Narawa,y,80
08/07/2023,Argentina,2,Dane Coles,y,46
08/07/2023,Argentina,21,Finlay Christie,n,16
08/07/2023,Argentina,10,Damian McKenzie,y,80
08/07/2023,Argentina,23,Braydon Ennor,n,10
08/07/2023,Argentina,9,Aaron Smith,y,64
08/07/2023,Argentina,12,Jordie Barrett,y,80
08/07/2023,Argentina,18,Nepo Laulala,n,17
08/07/2023,Argentina,17,Ofa Tuungafasi,n,25
08/07/2023,Argentina,1,Ethan de Groot,y,55
08/07/2023,Argentina,6,Shannon Frizell,y,66
08/07/2023,Argentina,22,Richie Mo'unga,n,17
08/07/2023,Argentina,7,Sam Cane,y,80
08/07/2023,Argentina,4,Scott Barrett,y,80
08/07/2023,Argentina,15,Beauden Barrett,y,63
08/07/2023,Argentina,19,Tupou Vaa'i,n,25
08/07/2023,Argentina,5,Josh Lord,y,55
15/07/2023,South Africa,3,Tyrel Lomax,y,59
15/07/2023,South Africa,2,Codie Taylor,y,59
15/07/2023,South Africa,8,Ardie Savea,y,80
15/07/2023,South Africa,14,Will Jordan,y,80
15/07/2023,South Africa,23,Caleb Clarke,n,8
15/07/2023,South Africa,4,Brodie Retallick,y,80
15/07/2023,South Africa,20,Dalton Papali'i,n,80
15/07/2023,South Africa,13,Rieko Ioane,y,70
15/07/2023,South Africa,16,Samisoni Taukei'aho,n,21
15/07/2023,South Africa,21,Finlay Christie,n,12
15/07/2023,South Africa,22,Braydon Ennor,n,10
15/07/2023,South Africa,9,Aaron Smith,y,68
15/07/2023,South Africa,12,Jordie Barrett,y,80
15/07/2023,South Africa,18,Nepo Laulala,n,21
15/07/2023,South Africa,1,Ethan de Groot,y,68
15/07/2023,South Africa,6,Shannon Frizell,y,76
15/07/2023,South Africa,10,Richie Mo'unga,y,80
15/07/2023,South Africa,7,Sam Cane,y,0
15/07/2023,South Africa,5,Scott Barrett,y,80
15/07/2023,South Africa,15,Beauden Barrett,y,80
15/07/2023,South Africa,17,Tamaiti Williams,n,12
15/07/2023,South Africa,11,Mark Tele'a,y,72
15/07/2023,South Africa,19,Tupou Vaa'i,n,4
29/07/2023,Australia,3,Tyrel Lomax,y,61
29/07/2023,Australia,2,Codie Taylor,y,53
29/07/2023,Australia,8,Ardie Savea,y,80
29/07/2023,Australia,14,Will Jordan,y,80
29/07/2023,Australia,19,Samuel Whitelock,n,26
29/07/2023,Australia,23,Caleb Clarke,n,16
29/07/2023,Australia,4,Brodie Retallick,y,54
29/07/2023,Australia,7,Dalton Papali'i,y,80
29/07/2023,Australia,13,Rieko Ioane,y,80
29/07/2023,Australia,16,Samisoni Taukei'aho,n,27
29/07/2023,Australia,9,Aaron Smith,y,54
29/07/2023,Australia,21,Cam Roigard,n,26
29/07/2023,Australia,12,Jordie Barrett,y,62
29/07/2023,Australia,18,Nepo Laulala,n,19
29/07/2023,Australia,20,Luke Jacobson,n,15
29/07/2023,Australia,17,Ofa Tuungafasi,n,26
29/07/2023,Australia,1,Ethan de Groot,y,54
29/07/2023,Australia,6,Shannon Frizell,y,65
29/07/2023,Australia,10,Richie Mo'unga,y,80
29/07/2023,Australia,5,Scott Barrett,y,80
29/07/2023,Australia,15,Beauden Barrett,y,64
29/07/2023,Australia,11,Mark Tele'a,y,80
29/07/2023,Australia,22,Anton Lienert-Brown,n,18
05/08/2023,Australia,2,Samisoni Taukei'aho,y,53
05/08/2023,Australia,16,Dane Coles,n,27
05/08/2023,Australia,9,Finlay Christie,y,53
05/08/2023,Australia,11,Leicester Fainga'anuku,y,80
05/08/2023,Australia,10,Damian McKenzie,y,49
05/08/2023,Australia,13,Braydon Ennor,y,40
05/08/2023,Australia,21,Aaron Smith,n,27
05/08/2023,Australia,3,Nepo Laulala,y,49
05/08/2023,Australia,20,Luke Jacobson,n,9
05/08/2023,Australia,17,Ofa Tuungafasi,n,31
05/08/2023,Australia,22,Richie Mo'unga,n,31
05/08/2023,Australia,18,Fletcher Newell,n,31
05/08/2023,Australia,7,Sam Cane,y,71
05/08/2023,Australia,1,Tamaiti Williams,y,49
05/08/2023,Australia,19,Tupou Vaa'i,n,54
05/08/2023,Australia,12,Anton Lienert-Brown,y,80
05/08/2023,Australia,23,Dallas Mcleod,n,40
05/08/2023,Australia,14,Shaun Stevenson,y,80
05/08/2023,Australia,6,Samipeni Finau,y,80
05/08/2023,Australia,8,Ardie Savea,y,80
05/08/2023,Australia,15,Will Jordan,y,80
05/08/2023,Australia,5,Samuel Whitelock,y,80
05/08/2023,Australia,4,Brodie Retallick,y,26
25/08/2023,South Africa,3,Tyrel Lomax,y,66
25/08/2023,South Africa,8,Ardie Savea,y,80
25/08/2023,South Africa,14,Will Jordan,y,64
25/08/2023,South Africa,4,Samuel Whitelock,y,51
25/08/2023,South Africa,21,Dalton Papali'i,n,17
25/08/2023,South Africa,13,Rieko Ioane,y,80
25/08/2023,South Africa,16,Samisoni Taukei'aho,n,40
25/08/2023,South Africa,2,Dane Coles,y,40
25/08/2023,South Africa,9,Aaron Smith,y,61
25/08/2023,South Africa,22,Cam Roigard,n,19
25/08/2023,South Africa,12,Jordie Barrett,y,80
25/08/2023,South Africa,6,Luke Jacobson,y,39
25/08/2023,South Africa,1,Ethan de Groot,y,50
25/08/2023,South Africa,10,Richie Mo'unga,y,80
25/08/2023,South Africa,18,Fletcher Newell,n,14
25/08/2023,South Africa,7,Sam Cane,y,63
25/08/2023,South Africa,5,Scott Barrett,y,80
25/08/2023,South Africa,15,Beauden Barrett,y,80
25/08/2023,South Africa,17,Tamaiti Williams,n,30
25/08/2023,South Africa,11,Mark Tele'a,y,80
25/08/2023,South Africa,20,Tupou Vaa'i,n,41
25/08/2023,South Africa,23,Anton Lienert-Brown,n,16
25/08/2023,South Africa,19,Josh Lord,n,29
08/09/2023,France,2,Codie Taylor,y,56
08/09/2023,France,8,Ardie Savea,y,80
08/09/2023,France,14,Will Jordan,y,80
08/09/2023,France,4,Samuel Whitelock,y,68
08/09/2023,France,19,Brodie Retallick,n,12
08/09/2023,France,7,Dalton Papali'i,y,80
08/09/2023,France,13,Rieko Ioane,y,80
08/09/2023,France,16,Samisoni Taukei'aho,n,24
08/09/2023,France,21,Finlay Christie,n,18
08/09/2023,France,23,Leicester Fainga'anuku,n,9
08/09/2023,France,22,David Havili,n,18
08/09/2023,France,9,Aaron Smith,y,62
08/09/2023,France,3,Nepo Laulala,y,53
08/09/2023,France,20,Luke Jacobson,n,23
08/09/2023,France,17,Ofa Tuungafasi,n,27
08/09/2023,France,1,Ethan de Groot,y,53
08/09/2023,France,10,Richie Mo'unga,y,80
08/09/2023,France,18,Fletcher Newell,n,27
08/09/2023,France,5,Scott Barrett,y,80
08/09/2023,France,15,Beauden Barrett,y,80
08/09/2023,France,11,Mark Tele'a,y,71
08/09/2023,France,6,Tupou Vaa'i,y,57
08/09/2023,France,12,Anton Lienert-Brown,y,62
15/09/2023,Namibia,8,Ardie Savea,y,63
15/09/2023,Namibia,5,Samuel Whitelock,y,80
15/09/2023,Namibia,14,Caleb Clarke,y,80
15/09/2023,Namibia,4,Brodie Retallick,y,57
15/09/2023,Namibia,7,Dalton Papali'i,y,80
15/09/2023,Namibia,23,Rieko Ioane,n,11
15/09/2023,Namibia,2,Samisoni Taukei'aho,y,52
15/09/2023,Namibia,16,Dane Coles,n,28
15/09/2023,Namibia,11,Leicester Fainga'anuku,y,80
15/09/2023,Namibia,10,Damian McKenzie,y,80
15/09/2023,Namibia,12,David Havili,y,80
15/09/2023,Namibia,21,Aaron Smith,n,14
15/09/2023,Namibia,9,Cam Roigard,y,66
15/09/2023,Namibia,3,Nepo Laulala,y,48
15/09/2023,Namibia,6,Luke Jacobson,y,73
15/09/2023,Namibia,1,Ofa Tuungafasi,y,48
15/09/2023,Namibia,17,Ethan de Groot,n,32
15/09/2023,Namibia,22,Richie Mo'unga,n,20
15/09/2023,Namibia,18,Fletcher Newell,n,32
15/09/2023,Namibia,19,Scott Barrett,n,23
15/09/2023,Namibia,15,Beauden Barrett,y,60
15/09/2023,Namibia,20,Tupou Vaa'i,n,17
15/09/2023,Namibia,13,Anton Lienert-Brown,y,69
29/09/2023,Italy,18,Tyrel Lomax,n,31
29/09/2023,Italy,2,Codie Taylor,y,57
29/09/2023,Italy,8,Ardie Savea,y,80
29/09/2023,Italy,14,Will Jordan,y,80
29/09/2023,Italy,19,Samuel Whitelock,n,31
29/09/2023,Italy,4,Brodie Retallick,y,76
29/09/2023,Italy,7,Dalton Papali'i,y,57
29/09/2023,Italy,13,Rieko Ioane,y,80
29/09/2023,Italy,16,Dane Coles,n,23
29/09/2023,Italy,22,Damian McKenzie,n,17
29/09/2023,Italy,9,Aaron Smith,y,49
29/09/2023,Italy,21,Cam Roigard,n,31
29/09/2023,Italy,12,Jordie Barrett,y,63
29/09/2023,Italy,3,Nepo Laulala,y,49
29/09/2023,Italy,1,Ofa Tuungafasi,y,49
29/09/2023,Italy,6,Shannon Frizell,y,49
29/09/2023,Italy,10,Richie Mo'unga,y,63
29/09/2023,Italy,20,Sam Cane,n,23
29/09/2023,Italy,5,Scott Barrett,y,80
29/09/2023,Italy,15,Beauden Barrett,y,80
29/09/2023,Italy,17,Tamaiti Williams,n,31
29/09/2023,Italy,11,Mark Tele'a,y,80
29/09/2023,Italy,23,Anton Lienert-Brown,n,17
05/10/2023,Uruguay,3,Tyrel Lomax,y,9
05/10/2023,Uruguay,2,Codie Taylor,y,46
05/10/2023,Uruguay,20,Ethan Blackadder,n,27
05/10/2023,Uruguay,14,Will Jordan,y,80
05/10/2023,Uruguay,4,Samuel Whitelock,y,62
05/10/2023,Uruguay,23,Caleb Clarke,n,27
05/10/2023,Uruguay,16,Samisoni Taukei'aho,n,34
05/10/2023,Uruguay,21,Finlay Christie,n,27
05/10/2023,Uruguay,11,Leicester Fainga'anuku,y,80
05/10/2023,Uruguay,15,Damian McKenzie,y,80
05/10/2023,Uruguay,9,Cam Roigard,y,53
05/10/2023,Uruguay,12,Jordie Barrett,y,53
05/10/2023,Uruguay,8,Luke Jacobson,y,80
05/10/2023,Uruguay,1,Ofa Tuungafasi,y,52
05/10/2023,Uruguay,6,Shannon Frizell,y,53
05/10/2023,Uruguay,10,Richie Mo'unga,y,62
05/10/2023,Uruguay,18,Fletcher Newell,n,65
05/10/2023,Uruguay,7,Sam Cane,y,80
05/10/2023,Uruguay,19,Scott Barrett,n,18
05/10/2023,Uruguay,22,Beauden Barrett,n,18
05/10/2023,Uruguay,17,Tamaiti Williams,n,35
05/10/2023,Uruguay,5,Tupou Vaa'i,y,80
05/10/2023,Uruguay,13,Anton Lienert-Brown,y,80
14/10/2023,Ireland,3,Tyrel Lomax,y,63
14/10/2023,Ireland,2,Codie Taylor,y,74
14/10/2023,Ireland,8,Ardie Savea,y,80
14/10/2023,Ireland,14,Will Jordan,y,80
14/10/2023,Ireland,19,Samuel Whitelock,n,21
14/10/2023,Ireland,4,Brodie Retallick,y,65
14/10/2023,Ireland,20,Dalton Papali'i,n,6
14/10/2023,Ireland,13,Rieko Ioane,y,80
14/10/2023,Ireland,16,Dane Coles,n,6
14/10/2023,Ireland,21,Finlay Christie,n,0
14/10/2023,Ireland,11,Leicester Fainga'anuku,y,63
14/10/2023,Ireland,22,Damian McKenzie,n,0
14/10/2023,Ireland,9,Aaron Smith,y,80
14/10/2023,Ireland,12,Jordie Barrett,y,80
14/10/2023,Ireland,1,Ethan de Groot,y,63
14/10/2023,Ireland,6,Shannon Frizell,y,59
14/10/2023,Ireland,10,Richie Mo'unga,y,80
14/10/2023,Ireland,18,Fletcher Newell,n,17
14/10/2023,Ireland,7,Sam Cane,y,74
14/10/2023,Ireland,5,Scott Barrett,y,80
14/10/2023,Ireland,15,Beauden Barrett,y,80
14/10/2023,Ireland,17,Tamaiti Williams,n,17
14/10/2023,Ireland,23,Anton Lienert-Brown,n,17
20/10/2023,Argentina,3,Tyrel Lomax,y,55
20/10/2023,Argentina,2,Codie Taylor,y,50
20/10/2023,Argentina,8,Ardie Savea,y,80
20/10/2023,Argentina,14,Will Jordan,y,80
20/10/2023,Argentina,4,Samuel Whitelock,y,60
20/10/2023,Argentina,19,Brodie Retallick,n,20
20/10/2023,Argentina,20,Dalton Papali'i,n,15
20/10/2023,Argentina,13,Rieko Ioane,y,60
20/10/2023,Argentina,16,Samisoni Taukei'aho,n,30
20/10/2023,Argentina,21,Finlay Christie,n,24
20/10/2023,Argentina,22,Damian McKenzie,n,24
20/10/2023,Argentina,9,Aaron Smith,y,56
20/10/2023,Argentina,12,Jordie Barrett,y,80
20/10/2023,Argentina,1,Ethan de Groot,y,55
20/10/2023,Argentina,6,Shannon Frizell,y,80
20/10/2023,Argentina,10,Richie Mo'unga,y,80
20/10/2023,Argentina,18,Fletcher Newell,n,25
20/10/2023,Argentina,7,Sam Cane,y,65
20/10/2023,Argentina,5,Scott Barrett,y,80
20/10/2023,Argentina,15,Beauden Barrett,y,56
20/10/2023,Argentina,17,Tamaiti Williams,n,25
20/10/2023,Argentina,11,Mark Tele'a,y,80
20/10/2023,Argentina,23,Anton Lienert-Brown,n,20
28/10/2023,South Africa,3,Tyrel Lomax,y,65
28/10/2023,South Africa,2,Codie Taylor,y,65
28/10/2023,South Africa,8,Ardie Savea,y,80
28/10/2023,South Africa,14,Will Jordan,y,70
28/10/2023,South Africa,19,Samuel Whitelock,n,26
28/10/2023,South Africa,4,Brodie Retallick,y,70
28/10/2023,South Africa,20,Dalton Papali'i,n,10
28/10/2023,South Africa,13,Rieko Ioane,y,80
28/10/2023,South Africa,16,Samisoni Taukei'aho,n,15
28/10/2023,South Africa,21,Finlay Christie,n,14
28/10/2023,South Africa,22,Damian McKenzie,n,5
28/10/2023,South Africa,9,Aaron Smith,y,66
28/10/2023,South Africa,12,Jordie Barrett,y,80
28/10/2023,South Africa,18,Nepo Laulala,n,15
28/10/2023,South Africa,1,Ethan de Groot,y,65
28/10/2023,South Africa,6,Shannon Frizell,y,54
28/10/2023,South Africa,10,Richie Mo'unga,y,75
28/10/2023,South Africa,7,Sam Cane,y,80
28/10/2023,South Africa,5,Scott Barrett,y,80
28/10/2023,South Africa,15,Beauden Barrett,y,80
28/10/2023,South Africa,17,Tamaiti Williams,n,15
28/10/2023,South Africa,11,Mark Tele'a,y,80
28/10/2023,South Africa,23,Anton Lienert-Brown,n,10
06/07/2024,England,3,Tyrel Lomax,y,52
06/07/2024,England,6,Samipeni Finau,y,57
06/07/2024,England,2,Codie Taylor,y,63
06/07/2024,England,8,Ardie Savea,y,80
06/07/2024,England,15,Stephen Perofeta,y,52
06/07/2024,England,7,Dalton Papali'i,y,80
06/07/2024,England,13,Rieko Ioane,y,68
06/07/2024,England,16,Asafo Aumua,n,17
06/07/2024,England,21,Finlay Christie,n,40
06/07/2024,England,10,Damian McKenzie,y,80
06/07/2024,England,12,Jordie Barrett,y,80
06/07/2024,England,20,Luke Jacobson,n,19
06/07/2024,England,17,Ofa Tuungafasi,n,31
06/07/2024,England,1,Ethan de Groot,y,49
06/07/2024,England,9,TJ Perenara,y,40
06/07/2024,England,18,Fletcher Newell,n,28
06/07/2024,England,4,Scott Barrett,y,80
06/07/2024,England,23,Beauden Barrett,n,28
06/07/2024,England,5,Patrick Tuipulotu,y,61
06/07/2024,England,11,Mark Tele'a,y,80
06/07/2024,England,14,Sevu Reece,y,80
06/07/2024,England,19,Tupou Vaa'i,n,23
06/07/2024,England,22,Anton Lienert-Brown,n,12
13/07/2024,England,3,Tyrel Lomax,y,55
13/07/2024,England,6,Samipeni Finau,y,50
13/07/2024,England,2,Codie Taylor,y,64
13/07/2024,England,8,Ardie Savea,y,80
13/07/2024,England,15,Stephen Perofeta,y,50
13/07/2024,England,7,Dalton Papali'i,y,80
13/07/2024,England,13,Rieko Ioane,y,59
13/07/2024,England,16,Asafo Aumua,n,16
13/07/2024,England,9,Finlay Christie,y,80
13/07/2024,England,10,Damian McKenzie,y,80
13/07/2024,England,12,Jordie Barrett,y,80
13/07/2024,England,20,Luke Jacobson,n,30
13/07/2024,England,17,Ofa Tuungafasi,n,30
13/07/2024,England,1,Ethan de Groot,y,50
13/07/2024,England,18,Fletcher Newell,n,25
13/07/2024,England,4,Scott Barrett,y,80
13/07/2024,England,23,Beauden Barrett,n,30
13/07/2024,England,5,Patrick Tuipulotu,y,55
13/07/2024,England,11,Mark Tele'a,y,80
13/07/2024,England,14,Sevu Reece,y,80
13/07/2024,England,19,Tupou Vaa'i,n,25
13/07/2024,England,21,Cortez Ratima,n,0
13/07/2024,England,22,Anton Lienert-Brown,n,21
19/07/2024,Fiji,18,Pasilio Tosi,n,25
19/07/2024,Fiji,8,Ardie Savea,y,55
19/07/2024,Fiji,7,Ethan Blackadder,y,80
19/07/2024,Fiji,11,Caleb Clarke,y,80
19/07/2024,Fiji,23,Emoni Narawa,n,21
19/07/2024,Fiji,19,Sam Darry,n,21
19/07/2024,Fiji,2,Asafo Aumua,y,55
19/07/2024,Fiji,16,George Bell,n,25
19/07/2024,Fiji,10,Damian McKenzie,y,80
19/07/2024,Fiji,22,Jordie Barrett,n,8
19/07/2024,Fiji,20,Wallace Sititi,n,25
19/07/2024,Fiji,6,Luke Jacobson,y,80
19/07/2024,Fiji,13,Billy Proctor,y,80
19/07/2024,Fiji,17,Ethan de Groot,n,30
19/07/2024,Fiji,3,Fletcher Newell,y,55
19/07/2024,Fiji,4,Scott Barrett,y,80
19/07/2024,Fiji,21,Noah Hotham,n,45
19/07/2024,Fiji,15,Beauden Barrett,y,72
19/07/2024,Fiji,1,Tamaiti Williams,y,50
19/07/2024,Fiji,14,Sevu Reece,y,59
19/07/2024,Fiji,5,Tupou Vaa'i,y,59
19/07/2024,Fiji,9,Cortez Ratima,y,35
19/07/2024,Fiji,12,Anton Lienert-Brown,y,80
10/08/2024,Argentina,3,Tyrel Lomax,y,58
10/08/2024,Argentina,2,Codie Taylor,y,70
10/08/2024,Argentina,8,Ardie Savea,y,80
10/08/2024,Argentina,6,Ethan Blackadder,y,80
10/08/2024,Argentina,23,Will Jordan,n,30
10/08/2024,Argentina,7,Dalton Papali'i,y,65
10/08/2024,Argentina,22,Rieko Ioane,n,15
10/08/2024,Argentina,5,Sam Darry,y,70
10/08/2024,Argentina,16,Asafo Aumua,n,10
10/08/2024,Argentina,10,Damian McKenzie,y,80
10/08/2024,Argentina,12,Jordie Barrett,y,80
10/08/2024,Argentina,20,Wallace Sititi,n,15
10/08/2024,Argentina,17,Ofa Tuungafasi,n,22
10/08/2024,Argentina,1,Ethan de Groot,y,58
10/08/2024,Argentina,9,TJ Perenara,y,56
10/08/2024,Argentina,18,Fletcher Newell,n,22
10/08/2024,Argentina,15,Beauden Barrett,y,80
10/08/2024,Argentina,11,Mark Tele'a,y,80
10/08/2024,Argentina,14,Sevu Reece,y,50
10/08/2024,Argentina,4,Tupou Vaa'i,y,80
10/08/2024,Argentina,21,Cortez Ratima,n,24
10/08/2024,Argentina,13,Anton Lienert-Brown,y,65
10/08/2024,Argentina,19,Josh Lord,n,10
17/08/2024,Argentina,3,Tyrel Lomax,y,51
17/08/2024,Argentina,2,Codie Taylor,y,51
17/08/2024,Argentina,8,Ardie Savea,y,80
17/08/2024,Argentina,6,Ethan Blackadder,y,80
17/08/2024,Argentina,14,Will Jordan,y,80
17/08/2024,Argentina,11,Caleb Clarke,y,60
17/08/2024,Argentina,7,Dalton Papali'i,y,51
17/08/2024,Argentina,13,Rieko Ioane,y,80
17/08/2024,Argentina,5,Sam Darry,y,54
17/08/2024,Argentina,16,Asafo Aumua,n,29
17/08/2024,Argentina,10,Damian McKenzie,y,51
17/08/2024,Argentina,12,Jordie Barrett,y,80
17/08/2024,Argentina,17,Ofa Tuungafasi,n,27
17/08/2024,Argentina,9,TJ Perenara,y,51
17/08/2024,Argentina,18,Fletcher Newell,n,29
17/08/2024,Argentina,20,Sam Cane,n,29
17/08/2024,Argentina,15,Beauden Barrett,y,80
17/08/2024,Argentina,1,Tamaiti Williams,y,53
17/08/2024,Argentina,23,Mark Tele'a,n,29
17/08/2024,Argentina,4,Tupou Vaa'i,y,80
17/08/2024,Argentina,21,Cortez Ratima,n,29
17/08/2024,Argentina,22,Anton Lienert-Brown,n,20
17/08/2024,Argentina,19,Josh Lord,n,26
31/08/2024,South Africa,3,Tyrel Lomax,y,58
31/08/2024,South Africa,20,Samipeni Finau,n,10
31/08/2024,South Africa,2,Codie Taylor,y,65
31/08/2024,South Africa,8,Ardie Savea,y,80
31/08/2024,South Africa,6,Ethan Blackadder,y,70
31/08/2024,South Africa,14,Will Jordan,y,65
31/08/2024,South Africa,11,Caleb Clarke,y,63
31/08/2024,South Africa,13,Rieko Ioane,y,80
31/08/2024,South Africa,19,Sam Darry,n,5
31/08/2024,South Africa,16,Asafo Aumua,n,15
31/08/2024,South Africa,10,Damian McKenzie,y,80
31/08/2024,South Africa,12,Jordie Barrett,y,80
31/08/2024,South Africa,17,Ofa Tuungafasi,n,25
31/08/2024,South Africa,9,TJ Perenara,y,65
31/08/2024,South Africa,18,Fletcher Newell,n,22
31/08/2024,South Africa,7,Sam Cane,y,80
31/08/2024,South Africa,4,Scott Barrett,y,80
31/08/2024,South Africa,15,Beauden Barrett,y,80
31/08/2024,South Africa,1,Tamaiti Williams,y,55
31/08/2024,South Africa,23,Mark Tele'a,n,15
31/08/2024,South Africa,5,Tupou Vaa'i,y,75
31/08/2024,South Africa,21,Cortez Ratima,n,15
31/08/2024,South Africa,22,Anton Lienert-Brown,n,17
07/09/2024,South Africa,3,Tyrel Lomax,y,80
07/09/2024,South Africa,2,Codie Taylor,y,27
07/09/2024,South Africa,8,Ardie Savea,y,80
07/09/2024,South Africa,15,Will Jordan,y,60
07/09/2024,South Africa,13,Rieko Ioane,y,80
07/09/2024,South Africa,19,Sam Darry,n,0
07/09/2024,South Africa,16,Asafo Aumua,n,53
07/09/2024,South Africa,10,Damian McKenzie,y,80
07/09/2024,South Africa,12,Jordie Barrett,y,80
07/09/2024,South Africa,6,Wallace Sititi,y,60
07/09/2024,South Africa,20,Luke Jacobson,n,20
07/09/2024,South Africa,17,Ofa Tuungafasi,n,12
07/09/2024,South Africa,21,TJ Perenara,n,30
07/09/2024,South Africa,18,Fletcher Newell,n,0
07/09/2024,South Africa,7,Sam Cane,y,80
07/09/2024,South Africa,4,Scott Barrett,y,80
07/09/2024,South Africa,23,Beauden Barrett,n,20
07/09/2024,South Africa,1,Tamaiti Williams,y,68
07/09/2024,South Africa,11,Mark Tele'a,y,50
07/09/2024,South Africa,14,Sevu Reece,y,80
07/09/2024,South Africa,5,Tupou Vaa'i,y,80
07/09/2024,South Africa,9,Cortez Ratima,y,50
07/09/2024,South Africa,22,Anton Lienert-Brown,n,30
21/09/2024,Australia,3,Tyrel Lomax,y,70
21/09/2024,Australia,2,Codie Taylor,y,61
21/09/2024,Australia,18,Pasilio Tosi,n,10
21/09/2024,Australia,8,Ardie Savea,y,80
21/09/2024,Australia,15,Will Jordan,y,80
21/09/2024,Australia,11,Caleb Clarke,y,80
21/09/2024,Australia,13,Rieko Ioane,y,80
21/09/2024,Australia,19,Sam Darry,n,15
21/09/2024,Australia,16,Asafo Aumua,n,19
21/09/2024,Australia,10,Damian McKenzie,y,80
21/09/2024,Australia,12,Jordie Barrett,y,40
21/09/2024,Australia,6,Wallace Sititi,y,80
21/09/2024,Australia,20,Luke Jacobson,n,16
21/09/2024,Australia,23,Harry Plummer,n,4
21/09/2024,Australia,1,Ethan de Groot,y,40
21/09/2024,Australia,21,TJ Perenara,n,23
21/09/2024,Australia,7,Sam Cane,y,64
21/09/2024,Australia,4,Scott Barrett,y,80
21/09/2024,Australia,17,Tamaiti Williams,n,40
21/09/2024,Australia,14,Sevu Reece,y,76
21/09/2024,Australia,5,Tupou Vaa'i,y,65
21/09/2024,Australia,9,Cortez Ratima,y,57
21/09/2024,Australia,22,Anton Lienert-Brown,n,40
28/09/2024,Australia,3,Tyrel Lomax,y,80
28/09/2024,Australia,2,Codie Taylor,y,65
28/09/2024,Australia,18,Pasilio Tosi,n,0
28/09/2024,Australia,8,Ardie Savea,y,80
28/09/2024,Australia,15,Will Jordan,y,80
28/09/2024,Australia,11,Caleb Clarke,y,80
28/09/2024,Australia,13,Rieko Ioane,y,80
28/09/2024,Australia,16,Asafo Aumua,n,15
28/09/2024,Australia,22,Damian McKenzie,n,0
28/09/2024,Australia,23,David Havili,n,0
28/09/2024,Australia,6,Wallace Sititi,y,80
28/09/2024,Australia,20,Luke Jacobson,n,0
28/09/2024,Australia,1,Ethan de Groot,y,80
28/09/2024,Australia,9,TJ Perenara,y,80
28/09/2024,Australia,7,Sam Cane,y,80
28/09/2024,Australia,4,Scott Barrett,y,80
28/09/2024,Australia,10,Beauden Barrett,y,80
28/09/2024,Australia,17,Tamaiti Williams,n,0
28/09/2024,Australia,19,Patrick Tuipulotu,n,0
28/09/2024,Australia,14,Sevu Reece,y,80
28/09/2024,Australia,5,Tupou Vaa'i,y,80
28/09/2024,Australia,21,Cortez Ratima,n,0
28/09/2024,Australia,12,Anton Lienert-Brown,y,80
26/10/2024,Japan,6,Samipeni Finau,y,80
26/10/2024,Japan,3,Pasilio Tosi,y,51
26/10/2024,Japan,20,Peter Lakai,n,29
26/10/2024,Japan,15,Stephen Perofeta,y,80
26/10/2024,Japan,23,Ruben Love,n,26
26/10/2024,Japan,4,Sam Darry,y,51
26/10/2024,Japan,2,Asafo Aumua,y,51
26/10/2024,Japan,16,George Bell,n,29
26/10/2024,Japan,10,Damian McKenzie,y,80
26/10/2024,Japan,22,David Havili,n,26
26/10/2024,Japan,9,Cam Roigard,y,51
26/10/2024,Japan,8,Wallace Sititi,y,80
26/10/2024,Japan,17,Ofa Tuungafasi,n,29
26/10/2024,Japan,13,Billy Proctor,y,80
26/10/2024,Japan,21,TJ Perenara,n,29
26/10/2024,Japan,18,Fletcher Newell,n,29
26/10/2024,Japan,7,Sam Cane,y,51
26/10/2024,Japan,1,Tamaiti Williams,y,51
26/10/2024,Japan,5,Patrick Tuipulotu,y,80
26/10/2024,Japan,11,Mark Tele'a,y,80
26/10/2024,Japan,14,Sevu Reece,y,54
26/10/2024,Japan,12,Anton Lienert-Brown,y,54
26/10/2024,Japan,19,Josh Lord,n,29
02/11/2024,England,3,Tyrel Lomax,y,63
02/11/2024,England,20,Samipeni Finau,n,4
02/11/2024,England,2,Codie Taylor,y,5
02/11/2024,England,18,Pasilio Tosi,n,17
02/11/2024,England,8,Ardie Savea,y,80
02/11/2024,England,15,Will Jordan,y,80
02/11/2024,England,11,Caleb Clarke,y,80
02/11/2024,England,13,Rieko Ioane,y,17
02/11/2024,England,16,Asafo Aumua,n,0
02/11/2024,England,23,Damian McKenzie,n,20
02/11/2024,England,21,Cam Roigard,n,20
02/11/2024,England,12,Jordie Barrett,y,65
02/11/2024,England,6,Wallace Sititi,y,80
02/11/2024,England,17,Ofa Tuungafasi,n,17
02/11/2024,England,7,Sam Cane,y,76
02/11/2024,England,4,Scott Barrett,y,80
02/11/2024,England,10,Beauden Barrett,y,67
02/11/2024,England,1,Tamaiti Williams,y,63
02/11/2024,England,19,Patrick Tuipulotu,n,39
02/11/2024,England,14,Mark Tele'a,y,73
02/11/2024,England,5,Tupou Vaa'i,y,41
02/11/2024,England,9,Cortez Ratima,y,60
02/11/2024,England,22,Anton Lienert-Brown,n,15
08/11/2024,Ireland,3,Tyrel Lomax,y,60
08/11/2024,Ireland,20,Samipeni Finau,n,0
08/11/2024,Ireland,18,Pasilio Tosi,n,20
08/11/2024,Ireland,8,Ardie Savea,y,80
08/11/2024,Ireland,23,Stephen Perofeta,n,0
08/11/2024,Ireland,15,Will Jordan,y,80
08/11/2024,Ireland,11,Caleb Clarke,y,70
08/11/2024,Ireland,13,Rieko Ioane,y,80
08/11/2024,Ireland,2,Asafo Aumua,y,79
08/11/2024,Ireland,16,George Bell,n,1
08/11/2024,Ireland,10,Damian McKenzie,y,80
08/11/2024,Ireland,21,Cam Roigard,n,29
08/11/2024,Ireland,12,Jordie Barrett,y,80
08/11/2024,Ireland,6,Wallace Sititi,y,80
08/11/2024,Ireland,17,Ofa Tuungafasi,n,20
08/11/2024,Ireland,7,Sam Cane,y,72
08/11/2024,Ireland,4,Scott Barrett,y,80
08/11/2024,Ireland,1,Tamaiti Williams,y,60
08/11/2024,Ireland,19,Patrick Tuipulotu,n,23
08/11/2024,Ireland,14,Mark Tele'a,y,80
08/11/2024,Ireland,5,Tupou Vaa'i,y,57
08/11/2024,Ireland,9,Cortez Ratima,y,51
08/11/2024,Ireland,22,Anton Lienert-Brown,n,10
16/11/2024,France,3,Tyrel Lomax,y,62
16/11/2024,France,6,Samipeni Finau,y,2
16/11/2024,France,2,Codie Taylor,y,62
16/11/2024,France,18,Pasilio Tosi,n,18
16/11/2024,France,7,Ardie Savea,y,80
16/11/2024,France,20,Peter Lakai,n,0
16/11/2024,France,15,Will Jordan,y,80
16/11/2024,France,11,Caleb Clarke,y,80
16/11/2024,France,13,Rieko Ioane,y,80
16/11/2024,France,16,Asafo Aumua,n,18
16/11/2024,France,23,Damian McKenzie,n,27
16/11/2024,France,9,Cam Roigard,y,53
16/11/2024,France,12,Jordie Barrett,y,36
16/11/2024,France,8,Wallace Sititi,y,80
16/11/2024,France,17,Ofa Tuungafasi,n,18
16/11/2024,France,4,Scott Barrett,y,80
16/11/2024,France,10,Beauden Barrett,y,80
16/11/2024,France,1,Tamaiti Williams,y,62
16/11/2024,France,19,Patrick Tuipulotu,n,25
16/11/2024,France,14,Sevu Reece,y,53
16/11/2024,France,5,Tupou Vaa'i,y,55
16/11/2024,France,21,Cortez Ratima,n,27
16/11/2024,France,22,Anton Lienert-Brown,n,0
23/11/2024,Italy,3,Tyrel Lomax,y,54
23/11/2024,Italy,2,Codie Taylor,y,50
23/11/2024,Italy,8,Ardie Savea,y,80
23/11/2024,Italy,20,Peter Lakai,n,13
23/11/2024,Italy,15,Will Jordan,y,80
23/11/2024,Italy,11,Caleb Clarke,y,62
23/11/2024,Italy,13,Rieko Ioane,y,80
23/11/2024,Italy,16,Asafo Aumua,n,30
23/11/2024,Italy,23,Damian McKenzie,n,18
23/11/2024,Italy,22,David Havili,n,18
23/11/2024,Italy,9,Cam Roigard,y,57
23/11/2024,Italy,6,Wallace Sititi,y,80
23/11/2024,Italy,17,Ofa Tuungafasi,n,30
23/11/2024,Italy,1,Ethan de Groot,y,50
23/11/2024,Italy,21,TJ Perenara,n,23
23/11/2024,Italy,18,Fletcher Newell,n,26
23/11/2024,Italy,7,Sam Cane,y,67
23/11/2024,Italy,4,Scott Barrett,y,80
23/11/2024,Italy,10,Beauden Barrett,y,80
23/11/2024,Italy,5,Patrick Tuipulotu,y,51
23/11/2024,Italy,14,Mark Tele'a,y,80
23/11/2024,Italy,19,Tupou Vaa'i,n,29
23/11/2024,Italy,12,Anton Lienert-Brown,y,62
05/07/2025,France,5,Fabian Holland,y,80
05/07/2025,France,19,Samipeni Finau,n,22
05/07/2025,France,2,Codie Taylor,y,58
05/07/2025,France,18,Pasilio Tosi,n,25
05/07/2025,France,22,Quinn Tupaea,n,14
05/07/2025,France,7,Ardie Savea,y,80
05/07/2025,France,8,Christian Lio-Willie,y,50
05/07/2025,France,15,Will Jordan,y,80
05/07/2025,France,11,Rieko Ioane,y,80
05/07/2025,France,16,Samisoni Taukei'aho,n,22
05/07/2025,France,23,Damian McKenzie,n,0
05/07/2025,France,20,Du'Plessis Kirifi,n,30
05/07/2025,France,9,Cam Roigard,y,59
05/07/2025,France,12,Jordie Barrett,y,80
05/07/2025,France,13,Billy Proctor,y,66
05/07/2025,France,1,Ethan de Groot,y,55
05/07/2025,France,3,Fletcher Newell,y,55
05/07/2025,France,4,Scott Barrett,y,58
05/07/2025,France,10,Beauden Barrett,y,80
05/07/2025,France,14,Sevu Reece,y,1
05/07/2025,France,6,Tupou Vaa'i,y,80
05/07/2025,France,21,Cortez Ratima,n,21
05/07/2025,France,17,Oliver Norris,n,25
12/07/2025,France,5,Fabian Holland,y,80
12/07/2025,France,19,Samipeni Finau,n,20
12/07/2025,France,2,Codie Taylor,y,55
12/07/2025,France,18,Pasilio Tosi,n,32
12/07/2025,France,7,Ardie Savea,y,80
12/07/2025,France,8,Christian Lio-Willie,y,55
12/07/2025,France,15,Will Jordan,y,80
12/07/2025,France,11,Rieko Ioane,y,80
12/07/2025,France,16,Samisoni Taukei'aho,n,25
12/07/2025,France,14,Emoni Narawa,y,80
12/07/2025,France,23,Damian McKenzie,n,17
12/07/2025,France,22,Timoci Tavatavanawai,n,15
12/07/2025,France,20,Du'Plessis Kirifi,n,25
12/07/2025,France,9,Cam Roigard,y,63
12/07/2025,France,12,Jordie Barrett,y,53
12/07/2025,France,13,Billy Proctor,y,80
12/07/2025,France,1,Ethan de Groot,y,48
12/07/2025,France,3,Fletcher Newell,y,48
12/07/2025,France,10,Beauden Barrett,y,63
12/07/2025,France,4,Patrick Tuipulotu,y,60
12/07/2025,France,6,Tupou Vaa'i,y,63
12/07/2025,France,21,Cortez Ratima,n,17
12/07/2025,France,17,Oliver Norris,n,32
19/07/2025,France,5,Fabian Holland,y,80
19/07/2025,France,3,Tyrel Lomax,y,49
19/07/2025,France,6,Samipeni Finau,y,65
19/07/2025,France,12,Quinn Tupaea,y,55
19/07/2025,France,8,Ardie Savea,y,80
19/07/2025,France,15,Ruben Love,y,80
19/07/2025,France,20,Christian Lio-Willie,n,0
19/07/2025,France,14,Will Jordan,y,80
19/07/2025,France,19,Dalton Papali'i,n,15
19/07/2025,France,2,Samisoni Taukei'aho,y,49
19/07/2025,France,10,Damian McKenzie,y,80
19/07/2025,France,22,Timoci Tavatavanawai,n,11
19/07/2025,France,17,George Bower,n,36
19/07/2025,France,7,Du'Plessis Kirifi,y,80
19/07/2025,France,23,Jordie Barrett,n,25
19/07/2025,France,1,Ethan de Groot,y,44
19/07/2025,France,18,Fletcher Newell,n,31
19/07/2025,France,21,Noah Hotham,n,15
19/07/2025,France,4,Patrick Tuipulotu,y,80
19/07/2025,France,11,Sevu Reece,y,80
19/07/2025,France,16,Brodie McAlister,n,31
19/07/2025,France,9,Cortez Ratima,y,65
19/07/2025,France,13,Anton Lienert-Brown,y,69
16/08/2025,Argentina,5,Fabian Holland,y,71
16/08/2025,Argentina,20,Samipeni Finau,n,9
16/08/2025,Argentina,2,Codie Taylor,y,50
16/08/2025,Argentina,18,Pasilio Tosi,n,30
16/08/2025,Argentina,8,Ardie Savea,y,80
16/08/2025,Argentina,15,Will Jordan,y,80
16/08/2025,Argentina,11,Rieko Ioane,y,80
16/08/2025,Argentina,16,Samisoni Taukei'aho,n,30
16/08/2025,Argentina,21,Finlay Christie,n,30
16/08/2025,Argentina,23,Damian McKenzie,n,25
16/08/2025,Argentina,7,Du'Plessis Kirifi,y,80
16/08/2025,Argentina,12,Jordie Barrett,y,80
16/08/2025,Argentina,13,Billy Proctor,y,70
16/08/2025,Argentina,1,Ethan de Groot,y,50
16/08/2025,Argentina,3,Fletcher Newell,y,50
16/08/2025,Argentina,4,Scott Barrett,y,55
16/08/2025,Argentina,10,Beauden Barrett,y,80
16/08/2025,Argentina,19,Patrick Tuipulotu,n,25
16/08/2025,Argentina,14,Sevu Reece,y,55
16/08/2025,Argentina,6,Tupou Vaa'i,y,80
16/08/2025,Argentina,9,Cortez Ratima,y,50
16/08/2025,Argentina,17,Oliver Norris,n,30
16/08/2025,Argentina,22,Anton Lienert-Brown,n,10
23/08/2025,Argentina,5,Fabian Holland,y,69
23/08/2025,Argentina,2,Codie Taylor,y,52
23/08/2025,Argentina,18,Pasilio Tosi,n,24
23/08/2025,Argentina,22,Quinn Tupaea,n,20
23/08/2025,Argentina,7,Ardie Savea,y,80
23/08/2025,Argentina,15,Will Jordan,y,80
23/08/2025,Argentina,11,Rieko Ioane,y,80
23/08/2025,Argentina,16,Samisoni Taukei'aho,n,28
23/08/2025,Argentina,21,Finlay Christie,n,62
23/08/2025,Argentina,23,Damian McKenzie,n,24
23/08/2025,Argentina,12,Jordie Barrett,y,80
23/08/2025,Argentina,8,Simon Parker,y,52
23/08/2025,Argentina,20,Wallace Sititi,n,28
23/08/2025,Argentina,13,Billy Proctor,y,60
23/08/2025,Argentina,1,Ethan de Groot,y,41
23/08/2025,Argentina,3,Fletcher Newell,y,56
23/08/2025,Argentina,4,Scott Barrett,y,80
23/08/2025,Argentina,10,Beauden Barrett,y,56
23/08/2025,Argentina,17,Tamaiti Williams,n,39
23/08/2025,Argentina,14,Sevu Reece,y,80
23/08/2025,Argentina,6,Tupou Vaa'i,y,80
23/08/2025,Argentina,9,Cortez Ratima,y,18
23/08/2025,Argentina,19,Josh Lord,n,11
06/09/2025,South Africa,19,Fabian Holland,n,12
06/09/2025,South Africa,18,Tyrel Lomax,n,34
06/09/2025,South Africa,2,Codie Taylor,y,32
06/09/2025,South Africa,22,Quinn Tupaea,n,0
06/09/2025,South Africa,7,Ardie Savea,y,80
06/09/2025,South Africa,15,Will Jordan,y,80
06/09/2025,South Africa,11,Rieko Ioane,y,80
06/09/2025,South Africa,16,Samisoni Taukei'aho,n,0
06/09/2025,South Africa,14,Emoni Narawa,y,6
06/09/2025,South Africa,9,Finlay Christie,y,68
06/09/2025,South Africa,23,Damian McKenzie,n,74
06/09/2025,South Africa,20,Du'Plessis Kirifi,n,8
06/09/2025,South Africa,12,Jordie Barrett,y,68
06/09/2025,South Africa,6,Simon Parker,y,68
06/09/2025,South Africa,8,Wallace Sititi,y,60
06/09/2025,South Africa,13,Billy Proctor,y,72
06/09/2025,South Africa,1,Ethan de Groot,y,40
06/09/2025,South Africa,3,Fletcher Newell,y,46
06/09/2025,South Africa,4,Scott Barrett,y,80
06/09/2025,South Africa,21,Kyle Preston,n,12
06/09/2025,South Africa,10,Beauden Barrett,y,80
06/09/2025,South Africa,17,Tamaiti Williams,n,40
06/09/2025,South Africa,5,Tupou Vaa'i,y,80
13/09/2025,South Africa,19,Fabian Holland,n,18
13/09/2025,South Africa,3,Tyrel Lomax,y,44
13/09/2025,South Africa,11,Leroy Carter,y,66
13/09/2025,South Africa,22,Quinn Tupaea,n,20
13/09/2025,South Africa,7,Ardie Savea,y,80
13/09/2025,South Africa,23,Ruben Love,n,14
13/09/2025,South Africa,14,Will Jordan,y,80
13/09/2025,South Africa,2,Samisoni Taukei'aho,y,54
13/09/2025,South Africa,21,Finlay Christie,n,71
13/09/2025,South Africa,15,Damian McKenzie,y,80
13/09/2025,South Africa,20,Du'Plessis Kirifi,n,14
13/09/2025,South Africa,12,Jordie Barrett,y,80
13/09/2025,South Africa,6,Simon Parker,y,62
13/09/2025,South Africa,8,Wallace Sititi,y,66
13/09/2025,South Africa,13,Billy Proctor,y,60
13/09/2025,South Africa,1,Ethan de Groot,y,44
13/09/2025,South Africa,18,Fletcher Newell,n,36
13/09/2025,South Africa,4,Scott Barrett,y,80
13/09/2025,South Africa,9,Noah Hotham,y,9
13/09/2025,South Africa,10,Beauden Barrett,y,80
13/09/2025,South Africa,17,Tamaiti Williams,n,36
13/09/2025,South Africa,5,Tupou Vaa'i,y,74
13/09/2025,South Africa,16,Brodie McAlister,n,26
27/09/2025,Australia,4,Fabian Holland,y,80
27/09/2025,Australia,3,Tyrel Lomax,y,51
27/09/2025,Australia,14,Leroy Carter,y,80
27/09/2025,Australia,2,Codie Taylor,y,65
27/09/2025,Australia,22,Quinn Tupaea,n,34
27/09/2025,Australia,7,Ardie Savea,y,80
27/09/2025,Australia,20,Peter Lakai,n,19
27/09/2025,Australia,15,Will Jordan,y,80
27/09/2025,Australia,11,Caleb Clarke,y,46
27/09/2025,Australia,16,Samisoni Taukei'aho,n,15
27/09/2025,Australia,23,Damian McKenzie,n,54
27/09/2025,Australia,9,Cam Roigard,y,77
27/09/2025,Australia,12,Jordie Barrett,y,80
27/09/2025,Australia,6,Simon Parker,y,80
27/09/2025,Australia,8,Wallace Sititi,y,61
27/09/2025,Australia,13,Billy Proctor,y,80
27/09/2025,Australia,1,Ethan de Groot,y,31
27/09/2025,Australia,18,Fletcher Newell,n,29
27/09/2025,Australia,10,Beauden Barrett,y,26
27/09/2025,Australia,17,Tamaiti Williams,n,0
27/09/2025,Australia,19,Patrick Tuipulotu,n,29
27/09/2025,Australia,5,Tupou Vaa'i,y,51
27/09/2025,Australia,21,Cortez Ratima,n,3
04/10/2025,Australia,5,Fabian Holland,y,50
04/10/2025,Australia,14,Leroy Carter,y,80
04/10/2025,Australia,2,Codie Taylor,y,60
04/10/2025,Australia,18,Pasilio Tosi,n,15
04/10/2025,Australia,13,Quinn Tupaea,y,55
04/10/2025,Australia,7,Ardie Savea,y,80
04/10/2025,Australia,8,Peter Lakai,y,62
04/10/2025,Australia,23,Ruben Love,n,8
04/10/2025,Australia,15,Will Jordan,y,80
04/10/2025,Australia,22,Rieko Ioane,n,25
04/10/2025,Australia,16,Samisoni Taukei'aho,n,20
04/10/2025,Australia,11,Leicester Fainga'anuku,y,72
04/10/2025,Australia,10,Damian McKenzie,y,80
04/10/2025,Australia,17,George Bower,n,15
04/10/2025,Australia,9,Cam Roigard,y,72
04/10/2025,Australia,12,Jordie Barrett,y,80
04/10/2025,Australia,6,Simon Parker,y,80
04/10/2025,Australia,20,Wallace Sititi,n,18
04/10/2025,Australia,3,Fletcher Newell,y,65
04/10/2025,Australia,4,Scott Barrett,y,80
04/10/2025,Australia,1,Tamaiti Williams,y,65
04/10/2025,Australia,19,Patrick Tuipulotu,n,30
04/10/2025,Australia,21,Cortez Ratima,n,8
01/11/2025,Ireland,5,Fabian Holland,y,80
01/11/2025,Ireland,14,Leroy Carter,y,64
01/11/2025,Ireland,2,Codie Taylor,y,62
01/11/2025,Ireland,18,Pasilio Tosi,n,18
01/11/2025,Ireland,13,Quinn Tupaea,y,80
01/11/2025,Ireland,7,Ardie Savea,y,80
01/11/2025,Ireland,8,Peter Lakai,y,80
01/11/2025,Ireland,15,Will Jordan,y,80
01/11/2025,Ireland,11,Caleb Clarke,y,80
01/11/2025,Ireland,16,Samisoni Taukei'aho,n,18
01/11/2025,Ireland,22,Leicester Fainga'anuku,n,65
01/11/2025,Ireland,23,Damian McKenzie,n,16
01/11/2025,Ireland,9,Cam Roigard,y,77
01/11/2025,Ireland,12,Jordie Barrett,y,15
01/11/2025,Ireland,6,Simon Parker,y,49
01/11/2025,Ireland,20,Wallace Sititi,n,21
01/11/2025,Ireland,1,Ethan de Groot,y,48
01/11/2025,Ireland,3,Fletcher Newell,y,62
01/11/2025,Ireland,4,Scott Barrett,y,3
01/11/2025,Ireland,10,Beauden Barrett,y,80
01/11/2025,Ireland,17,Tamaiti Williams,n,32
01/11/2025,Ireland,21,Cortez Ratima,n,3
01/11/2025,Ireland,19,Josh Lord,n,0
08/11/2025,Scotland,5,Fabian Holland,y,80
08/11/2025,Scotland,14,Leroy Carter,y,65
08/11/2025,Scotland,2,Codie Taylor,y,57
08/11/2025,Scotland,18,Pasilio Tosi,n,26
08/11/2025,Scotland,12,Quinn Tupaea,y,80
08/11/2025,Scotland,7,Ardie Savea,y,80
08/11/2025,Scotland,8,Peter Lakai,y,80
08/11/2025,Scotland,15,Will Jordan,y,80
08/11/2025,Scotland,11,Caleb Clarke,y,45
08/11/2025,Scotland,16,Samisoni Taukei'aho,n,23
08/11/2025,Scotland,19,Sam Darry,n,20
08/11/2025,Scotland,13,Leicester Fainga'anuku,y,80
08/11/2025,Scotland,23,Damian McKenzie,n,35
08/11/2025,Scotland,20,Du'Plessis Kirifi,n,8
08/11/2025,Scotland,9,Cam Roigard,y,80
08/11/2025,Scotland,6,Wallace Sititi,y,72
08/11/2025,Scotland,22,Billy Proctor,n,15
08/11/2025,Scotland,1,Ethan de Groot,y,27
08/11/2025,Scotland,3,Fletcher Newell,y,54
08/11/2025,Scotland,10,Beauden Barrett,y,80
08/11/2025,Scotland,17,Tamaiti Williams,n,28
08/11/2025,Scotland,21,Cortez Ratima,n,0
08/11/2025,Scotland,4,Josh Lord,y,60
15/11/2025,England,14,Leroy Carter,y,80
15/11/2025,England,2,Codie Taylor,y,66
15/11/2025,England,18,Pasilio Tosi,n,24
15/11/2025,England,12,Quinn Tupaea,y,56
15/11/2025,England,7,Ardie Savea,y,80
15/11/2025,England,8,Peter Lakai,y,80
15/11/2025,England,15,Will Jordan,y,80
15/11/2025,England,16,Samisoni Taukei'aho,n,14
15/11/2025,England,19,Sam Darry,n,14
15/11/2025,England,11,Leicester Fainga'anuku,y,80
15/11/2025,England,23,Damian McKenzie,n,26
15/11/2025,England,9,Cam Roigard,y,44
15/11/2025,England,6,Simon Parker,y,48
15/11/2025,England,20,Wallace Sititi,n,26
15/11/2025,England,13,Billy Proctor,y,80
15/11/2025,England,1,Ethan de Groot,y,40
15/11/2025,England,3,Fletcher Newell,y,56
15/11/2025,England,4,Scott Barrett,y,80
15/11/2025,England,10,Beauden Barrett,y,54
15/11/2025,England,17,Tamaiti Williams,n,40
15/11/2025,England,21,Cortez Ratima,n,36
15/11/2025,England,22,Anton Lienert-Brown,n,24
15/11/2025,England,19,Josh Lord,n,0
22/11/2025,Wales,5,Fabian Holland,y,63
22/11/2025,Wales,3,Pasilio Tosi,y,55
22/11/2025,Wales,15,Ruben Love,y,54
22/11/2025,Wales,20,Christian Lio-Willie,n,12
22/11/2025,Wales,14,Will Jordan,y,80
22/11/2025,Wales,11,Caleb Clarke,y,80
22/11/2025,Wales,13,Rieko Ioane,y,80
22/11/2025,Wales,2,Samisoni Taukei'aho,y,64
22/11/2025,Wales,16,George Bell,n,16
22/11/2025,Wales,21,Finlay Christie,n,25
22/11/2025,Wales,22,Leicester Fainga'anuku,n,12
22/11/2025,Wales,10,Damian McKenzie,y,80
22/11/2025,Wales,18,George Bower,n,25
22/11/2025,Wales,7,Du'Plessis Kirifi,y,68
22/11/2025,Wales,6,Simon Parker,y,80
22/11/2025,Wales,8,Wallace Sititi,y,80
22/11/2025,Wales,17,Fletcher Newell,n,25
22/11/2025,Wales,4,Scott Barrett,y,80
22/11/2025,Wales,1,Tamaiti Williams,y,55
22/11/2025,Wales,23,Sevu Reece,n,26
22/11/2025,Wales,9,Cortez Ratima,y,55
22/11/2025,Wales,12,Anton Lienert-Brown,y,68
22/11/2025,Wales,19,Josh Lord,n,17
04/07/2026,France,18,Tyrel Lomax,n,27
04/07/2026,France,2,Codie Taylor,y,60
04/07/2026,France,17,Xavier Numia,n,27
04/07/2026,France,13,Quinn Tupaea,y,60
04/07/2026,France,8,Ardie Savea,y,80
04/07/2026,France,6,Peter Lakai,y,53
04/07/2026,France,10,Ruben Love,y,80
04/07/2026,France,14,Will Jordan,y,80
04/07/2026,France,11,Caleb Clarke,y,69
04/07/2026,France,19,Jamie Hannah,n,11
04/07/2026,France,5,Sam Darry,y,80
04/07/2026,France,16,Asafo Aumua,n,20
04/07/2026,France,23,Fehi Fineanganofo,n,11
04/07/2026,France,15,Damian McKenzie,y,80
04/07/2026,France,9,Cam Roigard,y,75
04/07/2026,France,12,Jordie Barrett,y,80
04/07/2026,France,20,Wallace Sititi,n,27
04/07/2026,France,7,Luke Jacobson,y,80
04/07/2026,France,22,Billy Proctor,n,20
04/07/2026,France,1,Ethan de Groot,y,53
04/07/2026,France,3,Fletcher Newell,y,53
04/07/2026,France,21,Cortez Ratima,n,5
04/07/2026,France,4,Josh Lord,y,69
11/07/2026,Italy,3,Tyrel Lomax,y,49
11/07/2026,Italy,11,Leroy Carter,y,31
11/07/2026,Italy,2,Codie Taylor,y,49
11/07/2026,Italy,18,Pasilio Tosi,n,31
11/07/2026,Italy,8,Ardie Savea,y,65
11/07/2026,Italy,10,Ruben Love,y,80
11/07/2026,Italy,14,Will Jordan,y,80
11/07/2026,Italy,16,Samisoni Taukei'aho,n,31
11/07/2026,Italy,4,Sam Darry,y,80
11/07/2026,Italy,15,Damian McKenzie,y,80
11/07/2026,Italy,17,George Bower,n,31
11/07/2026,Italy,9,Cam Roigard,y,58
11/07/2026,Italy,12,Jordie Barrett,y,58
11/07/2026,Italy,6,Wallace Sititi,y,80
11/07/2026,Italy,7,Luke Jacobson,y,40
11/07/2026,Italy,23,Josh Moorby,n,49
11/07/2026,Italy,13,Billy Proctor,y,80
11/07/2026,Italy,1,Ethan de Groot,y,49
11/07/2026,Italy,20,Anton Segner,n,40
11/07/2026,Italy,5,Tupou Vaa'i,y,80
11/07/2026,Italy,21,Cortez Ratima,n,22
11/07/2026,Italy,22,Anton Lienert-Brown,n,22
11/07/2026,Italy,19,Josh Lord,n,15
18/07/2026,Ireland,3,Tyrel Lomax,y,47
18/07/2026,Ireland,2,Codie Taylor,y,31
18/07/2026,Ireland,17,Xavier Numia,n,30
18/07/2026,Ireland,13,Quinn Tupaea,y,67
18/07/2026,Ireland,8,Ardie Savea,y,80
18/07/2026,Ireland,20,Peter Lakai,n,7
18/07/2026,Ireland,10,Ruben Love,y,56
18/07/2026,Ireland,14,Will Jordan,y,80
18/07/2026,Ireland,23,Caleb Clarke,n,24
18/07/2026,Ireland,16,Asafo Aumua,n,49
18/07/2026,Ireland,15,Damian McKenzie,y,80
18/07/2026,Ireland,9,Cam Roigard,y,73
18/07/2026,Ireland,12,Jordie Barrett,y,80
18/07/2026,Ireland,7,Luke Jacobson,y,73
18/07/2026,Ireland,11,Josh Moorby,y,80
18/07/2026,Ireland,1,Ethan de Groot,y,50
18/07/2026,Ireland,18,Fletcher Newell,n,33
18/07/2026,Ireland,19,Anton Segner,n,23
18/07/2026,Ireland,5,Patrick Tuipulotu,y,57
18/07/2026,Ireland,6,Tupou Vaa'i,y,80
18/07/2026,Ireland,21,Cortez Ratima,n,7
18/07/2026,Ireland,22,Anton Lienert-Brown,n,13
18/07/2026,Ireland,4,Josh Lord,y,80
22/08/2026,South Africa,5,Fabian Holland,y,80
22/08/2026,South Africa,3,Tyrel Lomax,y,51
22/08/2026,South Africa,23,Leroy Carter,n,16
22/08/2026,South Africa,2,Codie Taylor,y,55
22/08/2026,South Africa,13,Quinn Tupaea,y,75
22/08/2026,South Africa,8,Ardie Savea,y,80
22/08/2026,South Africa,19,Peter Lakai,n,5
22/08/2026,South Africa,10,Ruben Love,y,80
22/08/2026,South Africa,14,Will Jordan,y,80
22/08/2026,South Africa,16,Asafo Aumua,n,25
22/08/2026,South Africa,15,Damian McKenzie,y,80
22/08/2026,South Africa,17,George Bower,n,43
22/08/2026,South Africa,9,Cam Roigard,y,75
22/08/2026,South Africa,12,Jordie Barrett,y,80
22/08/2026,South Africa,20,Simon Parker,n,43
22/08/2026,South Africa,7,Luke Jacobson,y,75
22/08/2026,South Africa,11,Josh Moorby,y,64
22/08/2026,South Africa,1,Ethan de Groot,y,37
22/08/2026,South Africa,18,Fletcher Newell,n,29
22/08/2026,South Africa,21,Kyle Preston,n,5
22/08/2026,South Africa,6,Tupou Vaa'i,y,80
22/08/2026,South Africa,22,Anton Lienert-Brown,n,5
22/08/2026,South Africa,4,Josh Lord,y,37
29/08/2026,South Africa,4,Fabian Holland,y,80
29/08/2026,South Africa,3,Tyrel Lomax,y,48
29/08/2026,South Africa,11,Leroy Carter,y,80
29/08/2026,South Africa,2,Codie Taylor,y,48
29/08/2026,South Africa,17,Xavier Numia,n,26
29/08/2026,South Africa,13,Quinn Tupaea,y,67
29/08/2026,South Africa,8,Ardie Savea,y,80
29/08/2026,South Africa,20,Peter Lakai,n,29
29/08/2026,South Africa,10,Ruben Love,y,80
29/08/2026,South Africa,14,Will Jordan,y,80
29/08/2026,South Africa,16,Asafo Aumua,n,32
29/08/2026,South Africa,15,Damian McKenzie,y,80
29/08/2026,South Africa,1,George Bower,y,54
29/08/2026,South Africa,9,Cam Roigard,y,72
29/08/2026,South Africa,12,Jordie Barrett,y,80
29/08/2026,South Africa,6,Simon Parker,y,51
29/08/2026,South Africa,7,Luke Jacobson,y,63
29/08/2026,South Africa,23,Josh Moorby,n,0
29/08/2026,South Africa,18,Fletcher Newell,n,32
29/08/2026,South Africa,21,Kyle Preston,n,8
29/08/2026,South Africa,19,Patrick Tuipulotu,n,17
29/08/2026,South Africa,5,Tupou Vaa'i,y,80
29/08/2026,South Africa,22,Anton Lienert-Brown,n,13
