date,opposition,shirt,player,dob,age_on_matchday
07/02/2015,France,7,Blair Cowan,1986-04-21,28.8
07/02/2015,France,11,Tim Visser,1987-05-29,27.7
07/02/2015,France,22,Pete Horne,1989-10-05,25.34
07/02/2015,France,13,Mark Bennett,1993-02-03,22.01
07/02/2015,France,17,Gordon Reid,1987-03-04,27.93
07/02/2015,France,1,Alasdair Dickinson,1983-09-11,31.41
07/02/2015,France,16,Fraser Brown,1989-06-20,25.64
07/02/2015,France,2,Ross Ford,1984-04-23,30.79
07/02/2015,France,14,Tommy Seymour,1988-07-01,26.6
07/02/2015,France,9,Greig Laidlaw,1985-10-12,29.32
07/02/2015,France,12,Alex Dunbar,1990-04-23,24.79
07/02/2015,France,18,Geoff Cross,1982-12-11,32.16
07/02/2015,France,10,Finn Russell,1992-09-23,22.37
07/02/2015,France,4,Richie Gray,1989-08-24,25.46
07/02/2015,France,6,Rob Harley,1990-05-26,24.7
07/02/2015,France,8,Johnnie Beattie,1985-11-21,29.21
07/02/2015,France,23,Dougie Fife,1990-08-08,24.5
07/02/2015,France,20,Alasdair Strokosch,1983-02-21,31.96
07/02/2015,France,21,Sam Hidalgo-Clyne,1993-08-04,21.51
07/02/2015,France,3,Euan Murray,1980-08-07,34.5
07/02/2015,France,15,Stuart Hogg,1992-06-24,22.62
07/02/2015,France,5,Jonny Gray,1994-03-14,20.9
07/02/2015,France,19,Jim Hamilton,1982-11-17,32.23
15/02/2015,Wales,7,Blair Cowan,1986-04-21,28.82
15/02/2015,Wales,11,Tim Visser,1987-05-29,27.72
15/02/2015,Wales,13,Mark Bennett,1993-02-03,22.03
15/02/2015,Wales,17,Gordon Reid,1987-03-04,27.95
15/02/2015,Wales,1,Alasdair Dickinson,1983-09-11,31.43
15/02/2015,Wales,16,Fraser Brown,1989-06-20,25.66
15/02/2015,Wales,2,Ross Ford,1984-04-23,30.82
15/02/2015,Wales,9,Greig Laidlaw,1985-10-12,29.34
15/02/2015,Wales,12,Alex Dunbar,1990-04-23,24.82
15/02/2015,Wales,3,Geoff Cross,1982-12-11,32.18
15/02/2015,Wales,10,Finn Russell,1992-09-23,22.4
15/02/2015,Wales,4,Richie Gray,1989-08-24,25.48
15/02/2015,Wales,6,Rob Harley,1990-05-26,24.73
15/02/2015,Wales,8,Johnnie Beattie,1985-11-21,29.24
15/02/2015,Wales,20,Alasdair Strokosch,1983-02-21,31.98
15/02/2015,Wales,14,Sean Lamont,1981-01-15,34.08
15/02/2015,Wales,21,Sam Hidalgo-Clyne,1993-08-04,21.53
15/02/2015,Wales,15,Stuart Hogg,1992-06-24,22.65
15/02/2015,Wales,22,Greig Tonks,1989-05-20,25.74
15/02/2015,Wales,18,Jon Welsh,1986-10-13,28.34
15/02/2015,Wales,23,Matt Scott,1990-09-30,24.38
15/02/2015,Wales,5,Jonny Gray,1994-03-14,20.93
15/02/2015,Wales,19,Jim Hamilton,1982-11-17,32.25
28/02/2015,Italy,7,Blair Cowan,1986-04-21,28.86
28/02/2015,Italy,10,Pete Horne,1989-10-05,25.4
28/02/2015,Italy,13,Mark Bennett,1993-02-03,22.07
28/02/2015,Italy,1,Alasdair Dickinson,1983-09-11,31.47
28/02/2015,Italy,16,Fraser Brown,1989-06-20,25.69
28/02/2015,Italy,17,Ryan Grant,1985-10-08,29.39
28/02/2015,Italy,20,Hamish Watson,1991-10-15,23.37
28/02/2015,Italy,2,Ross Ford,1984-04-23,30.85
28/02/2015,Italy,14,Tommy Seymour,1988-07-01,26.66
28/02/2015,Italy,9,Greig Laidlaw,1985-10-12,29.38
28/02/2015,Italy,12,Alex Dunbar,1990-04-23,24.85
28/02/2015,Italy,18,Geoff Cross,1982-12-11,32.22
28/02/2015,Italy,6,Rob Harley,1990-05-26,24.76
28/02/2015,Italy,8,Johnnie Beattie,1985-11-21,29.27
28/02/2015,Italy,11,Sean Lamont,1981-01-15,34.12
28/02/2015,Italy,21,Sam Hidalgo-Clyne,1993-08-04,21.57
28/02/2015,Italy,3,Euan Murray,1980-08-07,34.56
28/02/2015,Italy,4,Tim Swinson,1987-02-17,28.03
28/02/2015,Italy,19,Ben Toolis,1992-03-31,22.91
28/02/2015,Italy,15,Stuart Hogg,1992-06-24,22.68
28/02/2015,Italy,22,Greig Tonks,1989-05-20,25.78
28/02/2015,Italy,23,Matt Scott,1990-09-30,24.41
28/02/2015,Italy,5,Jonny Gray,1994-03-14,20.96
14/03/2015,England,7,Blair Cowan,1986-04-21,28.9
14/03/2015,England,21,Adam Ashe,1993-07-24,21.64
14/03/2015,England,13,Mark Bennett,1993-02-03,22.11
14/03/2015,England,1,Alasdair Dickinson,1983-09-11,31.51
14/03/2015,England,16,Fraser Brown,1989-06-20,25.73
14/03/2015,England,17,Ryan Grant,1985-10-08,29.43
14/03/2015,England,2,Ross Ford,1984-04-23,30.89
14/03/2015,England,11,Tommy Seymour,1988-07-01,26.7
14/03/2015,England,9,Greig Laidlaw,1985-10-12,29.42
14/03/2015,England,18,Geoff Cross,1982-12-11,32.26
14/03/2015,England,10,Finn Russell,1992-09-23,22.47
14/03/2015,England,6,Rob Harley,1990-05-26,24.8
14/03/2015,England,20,Johnnie Beattie,1985-11-21,29.31
14/03/2015,England,14,Dougie Fife,1990-08-08,24.6
14/03/2015,England,22,Sam Hidalgo-Clyne,1993-08-04,21.61
14/03/2015,England,3,Euan Murray,1980-08-07,34.6
14/03/2015,England,19,Tim Swinson,1987-02-17,28.07
14/03/2015,England,8,David Denton,1990-02-05,25.1
14/03/2015,England,15,Stuart Hogg,1992-06-24,22.72
14/03/2015,England,23,Greig Tonks,1989-05-20,25.82
14/03/2015,England,12,Matt Scott,1990-09-30,24.45
14/03/2015,England,5,Jonny Gray,1994-03-14,21.0
14/03/2015,England,4,Jim Hamilton,1982-11-17,32.32
21/03/2015,Ireland,7,Blair Cowan,1986-04-21,28.92
21/03/2015,Ireland,23,Tim Visser,1987-05-29,27.81
21/03/2015,Ireland,6,Adam Ashe,1993-07-24,21.66
21/03/2015,Ireland,13,Mark Bennett,1993-02-03,22.13
21/03/2015,Ireland,17,Alasdair Dickinson,1983-09-11,31.52
21/03/2015,Ireland,16,Fraser Brown,1989-06-20,25.75
21/03/2015,Ireland,1,Ryan Grant,1985-10-08,29.45
21/03/2015,Ireland,2,Ross Ford,1984-04-23,30.91
21/03/2015,Ireland,11,Tommy Seymour,1988-07-01,26.72
21/03/2015,Ireland,9,Greig Laidlaw,1985-10-12,29.44
21/03/2015,Ireland,18,Geoff Cross,1982-12-11,32.27
21/03/2015,Ireland,10,Finn Russell,1992-09-23,22.49
21/03/2015,Ireland,20,Rob Harley,1990-05-26,24.82
21/03/2015,Ireland,14,Dougie Fife,1990-08-08,24.62
21/03/2015,Ireland,21,Sam Hidalgo-Clyne,1993-08-04,21.63
21/03/2015,Ireland,3,Euan Murray,1980-08-07,34.62
21/03/2015,Ireland,19,Tim Swinson,1987-02-17,28.09
21/03/2015,Ireland,8,David Denton,1990-02-05,25.12
21/03/2015,Ireland,15,Stuart Hogg,1992-06-24,22.74
21/03/2015,Ireland,22,Greig Tonks,1989-05-20,25.83
21/03/2015,Ireland,12,Matt Scott,1990-09-30,24.47
21/03/2015,Ireland,5,Jonny Gray,1994-03-14,21.02
21/03/2015,Ireland,4,Jim Hamilton,1982-11-17,32.34
15/08/2015,Ireland,6,Blair Cowan,1986-04-21,29.32
15/08/2015,Ireland,11,Tim Visser,1987-05-29,28.21
15/08/2015,Ireland,13,Richie Vernon,1987-07-07,28.11
15/08/2015,Ireland,20,John Barclay,1986-09-24,28.89
15/08/2015,Ireland,12,Pete Horne,1989-10-05,25.86
15/08/2015,Ireland,17,Gordon Reid,1987-03-04,28.45
15/08/2015,Ireland,2,Fraser Brown,1989-06-20,26.15
15/08/2015,Ireland,5,Grant Gilchrist,1990-08-09,25.02
15/08/2015,Ireland,1,Ryan Grant,1985-10-08,29.85
15/08/2015,Ireland,16,Ross Ford,1984-04-23,31.31
15/08/2015,Ireland,18,Mike Cusack,1984-11-07,30.77
15/08/2015,Ireland,19,Rob Harley,1990-05-26,25.22
15/08/2015,Ireland,14,Sean Lamont,1981-01-15,34.58
15/08/2015,Ireland,21,Sam Hidalgo-Clyne,1993-08-04,22.03
15/08/2015,Ireland,9,Henry Pyrgos,1989-07-09,26.1
15/08/2015,Ireland,8,David Denton,1990-02-05,25.52
15/08/2015,Ireland,15,Ruaridh Jackson,1988-02-12,27.51
15/08/2015,Ireland,10,Greig Tonks,1989-05-20,26.24
15/08/2015,Ireland,3,Jon Welsh,1986-10-13,28.84
15/08/2015,Ireland,23,Matt Scott,1990-09-30,24.87
15/08/2015,Ireland,22,Duncan Weir,1991-05-10,24.27
15/08/2015,Ireland,7,Hugh Blake,1992-09-10,22.93
15/08/2015,Ireland,4,Jim Hamilton,1982-11-17,32.74
22/08/2015,Italy,19,Kevin Bryce,1988-09-07,26.95
22/08/2015,Italy,13,Richie Vernon,1987-07-07,28.13
22/08/2015,Italy,8,Adam Ashe,1993-07-24,22.08
22/08/2015,Italy,7,John Hardie,1988-07-27,27.07
22/08/2015,Italy,23,Damien Hoyland,1994-01-11,21.61
22/08/2015,Italy,22,Pete Horne,1989-10-05,25.88
22/08/2015,Italy,1,Gordon Reid,1987-03-04,28.47
22/08/2015,Italy,17,Alasdair Dickinson,1983-09-11,31.95
22/08/2015,Italy,11,Rory Hughes,1993-03-04,22.47
22/08/2015,Italy,2,Stuart McInally,1990-08-09,25.04
22/08/2015,Italy,20,Hamish Watson,1991-10-15,23.85
22/08/2015,Italy,16,Ross Ford,1984-04-23,31.33
22/08/2015,Italy,3,Mike Cusack,1984-11-07,30.79
22/08/2015,Italy,4,Richie Gray,1989-08-24,25.99
22/08/2015,Italy,6,Alasdair Strokosch,1983-02-21,32.5
22/08/2015,Italy,14,Sean Lamont,1981-01-15,34.6
22/08/2015,Italy,9,Sam Hidalgo-Clyne,1993-08-04,22.05
22/08/2015,Italy,21,Henry Pyrgos,1989-07-09,26.12
22/08/2015,Italy,15,Greig Tonks,1989-05-20,26.26
22/08/2015,Italy,12,Matt Scott,1990-09-30,24.89
22/08/2015,Italy,18,WP Nel,1986-04-30,29.31
22/08/2015,Italy,10,Duncan Weir,1991-05-10,24.29
22/08/2015,Italy,5,Jim Hamilton,1982-11-17,32.76
29/08/2015,Italy,20,Blair Cowan,1986-04-21,29.36
29/08/2015,Italy,11,Tim Visser,1987-05-29,28.25
29/08/2015,Italy,7,John Barclay,1986-09-24,28.93
29/08/2015,Italy,12,Pete Horne,1989-10-05,25.9
29/08/2015,Italy,13,Mark Bennett,1993-02-03,22.57
29/08/2015,Italy,17,Gordon Reid,1987-03-04,28.49
29/08/2015,Italy,1,Alasdair Dickinson,1983-09-11,31.97
29/08/2015,Italy,5,Grant Gilchrist,1990-08-09,25.05
29/08/2015,Italy,16,Stuart McInally,1990-08-09,25.05
29/08/2015,Italy,2,Ross Ford,1984-04-23,31.35
29/08/2015,Italy,9,Greig Laidlaw,1985-10-12,29.88
29/08/2015,Italy,10,Finn Russell,1992-09-23,22.93
29/08/2015,Italy,19,Rob Harley,1990-05-26,25.26
29/08/2015,Italy,14,Sean Lamont,1981-01-15,34.62
29/08/2015,Italy,21,Henry Pyrgos,1989-07-09,26.14
29/08/2015,Italy,6,Ryan Wilson,1989-05-18,26.28
29/08/2015,Italy,8,David Denton,1990-02-05,25.56
29/08/2015,Italy,22,Ruaridh Jackson,1988-02-12,27.54
29/08/2015,Italy,15,Stuart Hogg,1992-06-24,23.18
29/08/2015,Italy,18,Jon Welsh,1986-10-13,28.88
29/08/2015,Italy,23,Matt Scott,1990-09-30,24.91
29/08/2015,Italy,3,WP Nel,1986-04-30,29.33
29/08/2015,Italy,4,Jonny Gray,1994-03-14,21.46
05/09/2015,France,11,Tim Visser,1987-05-29,28.27
05/09/2015,France,7,John Hardie,1988-07-27,27.11
05/09/2015,France,13,Mark Bennett,1993-02-03,22.58
05/09/2015,France,17,Gordon Reid,1987-03-04,28.51
05/09/2015,France,1,Alasdair Dickinson,1983-09-11,31.98
05/09/2015,France,16,Fraser Brown,1989-06-20,26.21
05/09/2015,France,15,Sean Maitland,1988-09-14,26.97
05/09/2015,France,2,Ross Ford,1984-04-23,31.37
05/09/2015,France,14,Tommy Seymour,1988-07-01,27.18
05/09/2015,France,9,Greig Laidlaw,1985-10-12,29.9
05/09/2015,France,10,Finn Russell,1992-09-23,22.95
05/09/2015,France,4,Richie Gray,1989-08-24,26.03
05/09/2015,France,20,Alasdair Strokosch,1983-02-21,32.54
05/09/2015,France,23,Sean Lamont,1981-01-15,34.64
05/09/2015,France,21,Sam Hidalgo-Clyne,1993-08-04,22.09
05/09/2015,France,19,Tim Swinson,1987-02-17,28.55
05/09/2015,France,6,Ryan Wilson,1989-05-18,26.3
05/09/2015,France,8,David Denton,1990-02-05,25.58
05/09/2015,France,18,Jon Welsh,1986-10-13,28.9
05/09/2015,France,12,Matt Scott,1990-09-30,24.93
05/09/2015,France,3,WP Nel,1986-04-30,29.35
05/09/2015,France,22,Duncan Weir,1991-05-10,24.32
05/09/2015,France,5,Jonny Gray,1994-03-14,21.48
23/09/2015,Japan,7,John Hardie,1988-07-27,27.16
23/09/2015,Japan,22,Pete Horne,1989-10-05,25.97
23/09/2015,Japan,13,Mark Bennett,1993-02-03,22.63
23/09/2015,Japan,1,Alasdair Dickinson,1983-09-11,32.03
23/09/2015,Japan,16,Fraser Brown,1989-06-20,26.26
23/09/2015,Japan,4,Grant Gilchrist,1990-08-09,25.12
23/09/2015,Japan,23,Sean Maitland,1988-09-14,27.02
23/09/2015,Japan,17,Ryan Grant,1985-10-08,29.96
23/09/2015,Japan,2,Ross Ford,1984-04-23,31.42
23/09/2015,Japan,14,Tommy Seymour,1988-07-01,27.23
23/09/2015,Japan,9,Greig Laidlaw,1985-10-12,29.95
23/09/2015,Japan,10,Finn Russell,1992-09-23,23.0
23/09/2015,Japan,19,Richie Gray,1989-08-24,26.08
23/09/2015,Japan,20,Josh Strauss,1986-10-23,28.92
23/09/2015,Japan,11,Sean Lamont,1981-01-15,34.69
23/09/2015,Japan,21,Henry Pyrgos,1989-07-09,26.21
23/09/2015,Japan,6,Ryan Wilson,1989-05-18,26.35
23/09/2015,Japan,8,David Denton,1990-02-05,25.63
23/09/2015,Japan,15,Stuart Hogg,1992-06-24,23.25
23/09/2015,Japan,18,Jon Welsh,1986-10-13,28.95
23/09/2015,Japan,12,Matt Scott,1990-09-30,24.98
23/09/2015,Japan,3,WP Nel,1986-04-30,29.4
23/09/2015,Japan,5,Jonny Gray,1994-03-14,21.53
27/09/2015,USA,16,Kevin Bryce,1988-09-07,27.05
27/09/2015,USA,11,Tim Visser,1987-05-29,28.33
27/09/2015,USA,12,Pete Horne,1989-10-05,25.98
27/09/2015,USA,13,Mark Bennett,1993-02-03,22.65
27/09/2015,USA,17,Alasdair Dickinson,1983-09-11,32.04
27/09/2015,USA,20,Fraser Brown,1989-06-20,26.27
27/09/2015,USA,5,Grant Gilchrist,1990-08-09,25.13
27/09/2015,USA,14,Sean Maitland,1988-09-14,27.03
27/09/2015,USA,1,Ryan Grant,1985-10-08,29.97
27/09/2015,USA,2,Ross Ford,1984-04-23,31.43
27/09/2015,USA,21,Greig Laidlaw,1985-10-12,29.96
27/09/2015,USA,10,Finn Russell,1992-09-23,23.01
27/09/2015,USA,4,Richie Gray,1989-08-24,26.09
27/09/2015,USA,8,Josh Strauss,1986-10-23,28.93
27/09/2015,USA,6,Alasdair Strokosch,1983-02-21,32.6
27/09/2015,USA,19,Tim Swinson,1987-02-17,28.61
27/09/2015,USA,9,Henry Pyrgos,1989-07-09,26.22
27/09/2015,USA,7,Ryan Wilson,1989-05-18,26.36
27/09/2015,USA,15,Stuart Hogg,1992-06-24,23.26
27/09/2015,USA,3,Jon Welsh,1986-10-13,28.96
27/09/2015,USA,23,Matt Scott,1990-09-30,24.99
27/09/2015,USA,18,WP Nel,1986-04-30,29.41
27/09/2015,USA,22,Duncan Weir,1991-05-10,24.38
03/10/2015,South Africa,7,Blair Cowan,1986-04-21,29.45
03/10/2015,South Africa,11,Tim Visser,1987-05-29,28.35
03/10/2015,South Africa,13,Richie Vernon,1987-07-07,28.24
03/10/2015,South Africa,22,Pete Horne,1989-10-05,25.99
03/10/2015,South Africa,1,Gordon Reid,1987-03-04,28.58
03/10/2015,South Africa,17,Alasdair Dickinson,1983-09-11,32.06
03/10/2015,South Africa,2,Fraser Brown,1989-06-20,26.29
03/10/2015,South Africa,16,Ross Ford,1984-04-23,31.44
03/10/2015,South Africa,14,Tommy Seymour,1988-07-01,27.26
03/10/2015,South Africa,9,Greig Laidlaw,1985-10-12,29.97
03/10/2015,South Africa,4,Richie Gray,1989-08-24,26.11
03/10/2015,South Africa,6,Josh Strauss,1986-10-23,28.95
03/10/2015,South Africa,23,Sean Lamont,1981-01-15,34.71
03/10/2015,South Africa,21,Sam Hidalgo-Clyne,1993-08-04,22.16
03/10/2015,South Africa,19,Tim Swinson,1987-02-17,28.62
03/10/2015,South Africa,20,Ryan Wilson,1989-05-18,26.38
03/10/2015,South Africa,8,David Denton,1990-02-05,25.66
03/10/2015,South Africa,15,Stuart Hogg,1992-06-24,23.27
03/10/2015,South Africa,18,Jon Welsh,1986-10-13,28.97
03/10/2015,South Africa,12,Matt Scott,1990-09-30,25.01
03/10/2015,South Africa,3,WP Nel,1986-04-30,29.43
03/10/2015,South Africa,10,Duncan Weir,1991-05-10,24.4
03/10/2015,South Africa,5,Jonny Gray,1994-03-14,21.56
10/10/2015,Samoa,7,John Hardie,1988-07-27,27.2
10/10/2015,Samoa,22,Pete Horne,1989-10-05,26.01
10/10/2015,Samoa,13,Mark Bennett,1993-02-03,22.68
10/10/2015,Samoa,17,Gordon Reid,1987-03-04,28.6
10/10/2015,Samoa,1,Alasdair Dickinson,1983-09-11,32.08
10/10/2015,Samoa,16,Fraser Brown,1989-06-20,26.31
10/10/2015,Samoa,14,Sean Maitland,1988-09-14,27.07
10/10/2015,Samoa,2,Ross Ford,1984-04-23,31.46
10/10/2015,Samoa,11,Tommy Seymour,1988-07-01,27.28
10/10/2015,Samoa,9,Greig Laidlaw,1985-10-12,29.99
10/10/2015,Samoa,10,Finn Russell,1992-09-23,23.04
10/10/2015,Samoa,4,Richie Gray,1989-08-24,26.13
10/10/2015,Samoa,20,Josh Strauss,1986-10-23,28.96
10/10/2015,Samoa,23,Sean Lamont,1981-01-15,34.73
10/10/2015,Samoa,19,Tim Swinson,1987-02-17,28.64
10/10/2015,Samoa,21,Henry Pyrgos,1989-07-09,26.25
10/10/2015,Samoa,6,Ryan Wilson,1989-05-18,26.4
10/10/2015,Samoa,8,David Denton,1990-02-05,25.68
10/10/2015,Samoa,15,Stuart Hogg,1992-06-24,23.29
10/10/2015,Samoa,18,Jon Welsh,1986-10-13,28.99
10/10/2015,Samoa,12,Matt Scott,1990-09-30,25.03
10/10/2015,Samoa,3,WP Nel,1986-04-30,29.45
10/10/2015,Samoa,5,Jonny Gray,1994-03-14,21.57
18/10/2015,Australia,6,Blair Cowan,1986-04-21,29.49
18/10/2015,Australia,22,Richie Vernon,1987-07-07,28.28
18/10/2015,Australia,7,John Hardie,1988-07-27,27.23
18/10/2015,Australia,12,Pete Horne,1989-10-05,26.03
18/10/2015,Australia,13,Mark Bennett,1993-02-03,22.7
18/10/2015,Australia,17,Gordon Reid,1987-03-04,28.62
18/10/2015,Australia,1,Alasdair Dickinson,1983-09-11,32.1
18/10/2015,Australia,16,Fraser Brown,1989-06-20,26.33
18/10/2015,Australia,14,Sean Maitland,1988-09-14,27.09
18/10/2015,Australia,2,Ross Ford,1984-04-23,31.49
18/10/2015,Australia,11,Tommy Seymour,1988-07-01,27.3
18/10/2015,Australia,9,Greig Laidlaw,1985-10-12,30.02
18/10/2015,Australia,10,Finn Russell,1992-09-23,23.07
18/10/2015,Australia,4,Richie Gray,1989-08-24,26.15
18/10/2015,Australia,20,Josh Strauss,1986-10-23,28.99
18/10/2015,Australia,23,Sean Lamont,1981-01-15,34.75
18/10/2015,Australia,19,Tim Swinson,1987-02-17,28.67
18/10/2015,Australia,21,Henry Pyrgos,1989-07-09,26.28
18/10/2015,Australia,8,David Denton,1990-02-05,25.7
18/10/2015,Australia,15,Stuart Hogg,1992-06-24,23.32
18/10/2015,Australia,18,Jon Welsh,1986-10-13,29.01
18/10/2015,Australia,3,WP Nel,1986-04-30,29.47
18/10/2015,Australia,5,Jonny Gray,1994-03-14,21.6
06/02/2016,England,20,Blair Cowan,1986-04-21,29.8
06/02/2016,England,23,Duncan Taylor,1989-09-05,26.42
06/02/2016,England,6,John Barclay,1986-09-24,29.37
06/02/2016,England,7,John Hardie,1988-07-27,27.53
06/02/2016,England,13,Mark Bennett,1993-02-03,23.01
06/02/2016,England,17,Gordon Reid,1987-03-04,28.93
06/02/2016,England,1,Alasdair Dickinson,1983-09-11,32.41
06/02/2016,England,14,Sean Maitland,1988-09-14,27.4
06/02/2016,England,16,Stuart McInally,1990-08-09,25.5
06/02/2016,England,2,Ross Ford,1984-04-23,31.79
06/02/2016,England,11,Tommy Seymour,1988-07-01,27.6
06/02/2016,England,9,Greig Laidlaw,1985-10-12,30.32
06/02/2016,England,10,Finn Russell,1992-09-23,23.37
06/02/2016,England,4,Richie Gray,1989-08-24,26.45
06/02/2016,England,18,Zander Fagerson,1996-01-19,20.05
06/02/2016,England,21,Sam Hidalgo-Clyne,1993-08-04,22.51
06/02/2016,England,19,Tim Swinson,1987-02-17,28.97
06/02/2016,England,8,David Denton,1990-02-05,26.0
06/02/2016,England,15,Stuart Hogg,1992-06-24,23.62
06/02/2016,England,12,Matt Scott,1990-09-30,25.35
06/02/2016,England,3,WP Nel,1986-04-30,29.77
06/02/2016,England,22,Duncan Weir,1991-05-10,24.75
06/02/2016,England,5,Jonny Gray,1994-03-14,21.9
13/02/2016,Wales,20,Blair Cowan,1986-04-21,29.82
13/02/2016,Wales,12,Duncan Taylor,1989-09-05,26.44
13/02/2016,Wales,6,John Barclay,1986-09-24,29.39
13/02/2016,Wales,7,John Hardie,1988-07-27,27.55
13/02/2016,Wales,13,Mark Bennett,1993-02-03,23.03
13/02/2016,Wales,17,Gordon Reid,1987-03-04,28.95
13/02/2016,Wales,1,Alasdair Dickinson,1983-09-11,32.43
13/02/2016,Wales,16,Stuart McInally,1990-08-09,25.51
13/02/2016,Wales,2,Ross Ford,1984-04-23,31.81
13/02/2016,Wales,11,Tommy Seymour,1988-07-01,27.62
13/02/2016,Wales,9,Greig Laidlaw,1985-10-12,30.34
13/02/2016,Wales,10,Finn Russell,1992-09-23,23.39
13/02/2016,Wales,4,Richie Gray,1989-08-24,26.47
13/02/2016,Wales,18,Zander Fagerson,1996-01-19,20.07
13/02/2016,Wales,14,Sean Lamont,1981-01-15,35.08
13/02/2016,Wales,21,Sam Hidalgo-Clyne,1993-08-04,22.53
13/02/2016,Wales,19,Tim Swinson,1987-02-17,28.99
13/02/2016,Wales,8,David Denton,1990-02-05,26.02
13/02/2016,Wales,23,Ruaridh Jackson,1988-02-12,28.0
13/02/2016,Wales,15,Stuart Hogg,1992-06-24,23.64
13/02/2016,Wales,3,WP Nel,1986-04-30,29.79
13/02/2016,Wales,22,Duncan Weir,1991-05-10,24.76
13/02/2016,Wales,5,Jonny Gray,1994-03-14,21.92
27/02/2016,Italy,12,Duncan Taylor,1989-09-05,26.48
27/02/2016,Italy,11,Tim Visser,1987-05-29,28.75
27/02/2016,Italy,6,John Barclay,1986-09-24,29.43
27/02/2016,Italy,7,John Hardie,1988-07-27,27.59
27/02/2016,Italy,22,Pete Horne,1989-10-05,26.4
27/02/2016,Italy,13,Mark Bennett,1993-02-03,23.06
27/02/2016,Italy,17,Rory Sutherland,1992-08-24,23.51
27/02/2016,Italy,1,Alasdair Dickinson,1983-09-11,32.46
27/02/2016,Italy,18,Moray Low,1984-11-28,31.25
27/02/2016,Italy,16,Stuart McInally,1990-08-09,25.55
27/02/2016,Italy,2,Ross Ford,1984-04-23,31.85
27/02/2016,Italy,14,Tommy Seymour,1988-07-01,27.66
27/02/2016,Italy,9,Greig Laidlaw,1985-10-12,30.38
27/02/2016,Italy,10,Finn Russell,1992-09-23,23.43
27/02/2016,Italy,4,Richie Gray,1989-08-24,26.51
27/02/2016,Italy,20,Josh Strauss,1986-10-23,29.35
27/02/2016,Italy,23,Sean Lamont,1981-01-15,35.12
27/02/2016,Italy,21,Sam Hidalgo-Clyne,1993-08-04,22.57
27/02/2016,Italy,19,Tim Swinson,1987-02-17,29.03
27/02/2016,Italy,8,Ryan Wilson,1989-05-18,26.78
27/02/2016,Italy,15,Stuart Hogg,1992-06-24,23.68
27/02/2016,Italy,3,WP Nel,1986-04-30,29.83
27/02/2016,Italy,5,Jonny Gray,1994-03-14,21.96
13/03/2016,France,5,Richie Gray,1989-08-24,26.55
13/03/2016,France,8,Josh Strauss,1986-10-23,29.39
13/03/2016,France,23,Sean Lamont,1981-01-15,35.16
13/03/2016,France,21,Sam Hidalgo-Clyne,1993-08-04,22.61
13/03/2016,France,19,Tim Swinson,1987-02-17,29.07
13/03/2016,France,20,Ryan Wilson,1989-05-18,26.82
13/03/2016,France,15,Stuart Hogg,1992-06-24,23.72
13/03/2016,France,3,WP Nel,1986-04-30,29.87
13/03/2016,France,4,Jonny Gray,1994-03-14,22.0
13/03/2016,France,13,Duncan Taylor,1989-09-05,26.52
13/03/2016,France,11,Tim Visser,1987-05-29,28.79
13/03/2016,France,6,John Barclay,1986-09-24,29.47
13/03/2016,France,7,John Hardie,1988-07-27,27.63
13/03/2016,France,22,Pete Horne,1989-10-05,26.44
13/03/2016,France,17,Rory Sutherland,1992-08-24,23.55
13/03/2016,France,1,Alasdair Dickinson,1983-09-11,32.5
13/03/2016,France,18,Moray Low,1984-11-28,31.29
13/03/2016,France,16,Stuart McInally,1990-08-09,25.59
13/03/2016,France,2,Ross Ford,1984-04-23,31.89
13/03/2016,France,14,Tommy Seymour,1988-07-01,27.7
13/03/2016,France,9,Greig Laidlaw,1985-10-12,30.42
13/03/2016,France,12,Alex Dunbar,1990-04-23,25.89
13/03/2016,France,10,Finn Russell,1992-09-23,23.47
19/03/2016,Ireland,13,Duncan Taylor,1989-09-05,26.54
19/03/2016,Ireland,11,Tim Visser,1987-05-29,28.81
19/03/2016,Ireland,6,John Barclay,1986-09-24,29.48
19/03/2016,Ireland,7,John Hardie,1988-07-27,27.64
19/03/2016,Ireland,22,Pete Horne,1989-10-05,26.45
19/03/2016,Ireland,17,Rory Sutherland,1992-08-24,23.57
19/03/2016,Ireland,1,Alasdair Dickinson,1983-09-11,32.52
19/03/2016,Ireland,18,Moray Low,1984-11-28,31.31
19/03/2016,Ireland,16,Stuart McInally,1990-08-09,25.61
19/03/2016,Ireland,2,Ross Ford,1984-04-23,31.9
19/03/2016,Ireland,14,Tommy Seymour,1988-07-01,27.72
19/03/2016,Ireland,9,Greig Laidlaw,1985-10-12,30.43
19/03/2016,Ireland,12,Alex Dunbar,1990-04-23,25.91
19/03/2016,Ireland,4,Richie Gray,1989-08-24,26.57
19/03/2016,Ireland,19,Rob Harley,1990-05-26,25.82
19/03/2016,Ireland,20,Josh Strauss,1986-10-23,29.41
19/03/2016,Ireland,23,Sean Lamont,1981-01-15,35.17
19/03/2016,Ireland,5,Tim Swinson,1987-02-17,29.08
19/03/2016,Ireland,21,Henry Pyrgos,1989-07-09,26.69
19/03/2016,Ireland,8,Ryan Wilson,1989-05-18,26.84
19/03/2016,Ireland,15,Stuart Hogg,1992-06-24,23.73
19/03/2016,Ireland,3,WP Nel,1986-04-30,29.89
19/03/2016,Ireland,10,Duncan Weir,1991-05-10,24.86
18/06/2016,Japan,13,Duncan Taylor,1989-09-05,26.78
18/06/2016,Japan,6,John Barclay,1986-09-24,29.73
18/06/2016,Japan,7,John Hardie,1988-07-27,27.89
18/06/2016,Japan,11,Damien Hoyland,1994-01-11,22.43
18/06/2016,Japan,22,Pete Horne,1989-10-05,26.7
18/06/2016,Japan,17,Rory Sutherland,1992-08-24,23.82
18/06/2016,Japan,1,Alasdair Dickinson,1983-09-11,32.77
18/06/2016,Japan,18,Moray Low,1984-11-28,31.55
18/06/2016,Japan,16,Fraser Brown,1989-06-20,27.0
18/06/2016,Japan,23,Sean Maitland,1988-09-14,27.76
18/06/2016,Japan,2,Stuart McInally,1990-08-09,25.86
18/06/2016,Japan,14,Tommy Seymour,1988-07-01,27.96
18/06/2016,Japan,9,Greig Laidlaw,1985-10-12,30.68
18/06/2016,Japan,4,Richie Gray,1989-08-24,26.82
18/06/2016,Japan,19,Tim Swinson,1987-02-17,29.33
18/06/2016,Japan,21,Henry Pyrgos,1989-07-09,26.94
18/06/2016,Japan,8,Ryan Wilson,1989-05-18,27.09
18/06/2016,Japan,20,David Denton,1990-02-05,26.37
18/06/2016,Japan,10,Ruaridh Jackson,1988-02-12,28.35
18/06/2016,Japan,15,Stuart Hogg,1992-06-24,23.98
18/06/2016,Japan,12,Matt Scott,1990-09-30,25.72
18/06/2016,Japan,3,WP Nel,1986-04-30,30.14
18/06/2016,Japan,5,Jonny Gray,1994-03-14,22.26
25/06/2016,Japan,7,John Barclay,1986-09-24,29.75
25/06/2016,Japan,20,John Hardie,1988-07-27,27.91
25/06/2016,Japan,12,Pete Horne,1989-10-05,26.72
25/06/2016,Japan,1,Rory Sutherland,1992-08-24,23.84
25/06/2016,Japan,17,Gordon Reid,1987-03-04,29.31
25/06/2016,Japan,3,Moray Low,1984-11-28,31.57
25/06/2016,Japan,16,Fraser Brown,1989-06-20,27.01
25/06/2016,Japan,11,Sean Maitland,1988-09-14,27.78
25/06/2016,Japan,2,Stuart McInally,1990-08-09,25.88
25/06/2016,Japan,14,Tommy Seymour,1988-07-01,27.98
25/06/2016,Japan,22,Huw Jones,1993-12-17,22.52
25/06/2016,Japan,21,Greig Laidlaw,1985-10-12,30.7
25/06/2016,Japan,4,Richie Gray,1989-08-24,26.84
25/06/2016,Japan,6,Josh Strauss,1986-10-23,29.67
25/06/2016,Japan,23,Sean Lamont,1981-01-15,35.44
25/06/2016,Japan,19,Tim Swinson,1987-02-17,29.35
25/06/2016,Japan,9,Henry Pyrgos,1989-07-09,26.96
25/06/2016,Japan,8,Ryan Wilson,1989-05-18,27.11
25/06/2016,Japan,10,Ruaridh Jackson,1988-02-12,28.37
25/06/2016,Japan,15,Stuart Hogg,1992-06-24,24.0
25/06/2016,Japan,13,Matt Scott,1990-09-30,25.74
25/06/2016,Japan,18,WP Nel,1986-04-30,30.16
25/06/2016,Japan,5,Jonny Gray,1994-03-14,22.28
12/11/2016,Australia,11,Tim Visser,1987-05-29,29.46
12/11/2016,Australia,6,John Barclay,1986-09-24,30.14
12/11/2016,Australia,20,John Hardie,1988-07-27,28.3
12/11/2016,Australia,22,Pete Horne,1989-10-05,27.11
12/11/2016,Australia,17,Gordon Reid,1987-03-04,29.7
12/11/2016,Australia,18,Moray Low,1984-11-28,31.96
12/11/2016,Australia,16,Fraser Brown,1989-06-20,27.4
12/11/2016,Australia,23,Rory Hughes,1993-03-04,23.69
12/11/2016,Australia,19,Grant Gilchrist,1990-08-09,26.26
12/11/2016,Australia,14,Sean Maitland,1988-09-14,28.16
12/11/2016,Australia,7,Hamish Watson,1991-10-15,25.08
12/11/2016,Australia,2,Ross Ford,1984-04-23,32.56
12/11/2016,Australia,13,Huw Jones,1993-12-17,22.91
12/11/2016,Australia,9,Greig Laidlaw,1985-10-12,31.09
12/11/2016,Australia,12,Alex Dunbar,1990-04-23,26.56
12/11/2016,Australia,10,Finn Russell,1992-09-23,24.14
12/11/2016,Australia,4,Richie Gray,1989-08-24,27.22
12/11/2016,Australia,3,Zander Fagerson,1996-01-19,20.82
12/11/2016,Australia,21,Ali Price,1993-05-12,23.5
12/11/2016,Australia,8,Ryan Wilson,1989-05-18,27.49
12/11/2016,Australia,15,Stuart Hogg,1992-06-24,24.39
12/11/2016,Australia,1,Allan Dell,1992-03-16,24.66
12/11/2016,Australia,5,Jonny Gray,1994-03-14,22.67
19/11/2016,Argentina,6,Magnus Bradbury,1995-08-23,21.24
19/11/2016,Argentina,10,Finn Russell,1992-09-23,24.16
19/11/2016,Argentina,3,Zander Fagerson,1996-01-19,20.84
19/11/2016,Argentina,21,Ali Price,1993-05-12,23.52
19/11/2016,Argentina,19,Tim Swinson,1987-02-17,29.76
19/11/2016,Argentina,20,Ryan Wilson,1989-05-18,27.51
19/11/2016,Argentina,17,Alex Allan,1992-02-28,24.73
19/11/2016,Argentina,15,Stuart Hogg,1992-06-24,24.41
19/11/2016,Argentina,1,Allan Dell,1992-03-16,24.68
19/11/2016,Argentina,5,Jonny Gray,1994-03-14,22.69
19/11/2016,Argentina,23,Tim Visser,1987-05-29,29.48
19/11/2016,Argentina,8,John Barclay,1986-09-24,30.16
19/11/2016,Argentina,22,Pete Horne,1989-10-05,27.12
19/11/2016,Argentina,18,Moray Low,1984-11-28,31.98
19/11/2016,Argentina,2,Fraser Brown,1989-06-20,27.42
19/11/2016,Argentina,4,Grant Gilchrist,1990-08-09,26.28
19/11/2016,Argentina,14,Sean Maitland,1988-09-14,28.18
19/11/2016,Argentina,7,Hamish Watson,1991-10-15,25.1
19/11/2016,Argentina,16,Ross Ford,1984-04-23,32.58
19/11/2016,Argentina,11,Tommy Seymour,1988-07-01,28.39
19/11/2016,Argentina,13,Huw Jones,1993-12-17,22.92
19/11/2016,Argentina,9,Greig Laidlaw,1985-10-12,31.11
19/11/2016,Argentina,12,Alex Dunbar,1990-04-23,26.58
26/11/2016,Georgia,20,John Barclay,1986-09-24,30.17
26/11/2016,Georgia,22,Pete Horne,1989-10-05,27.14
26/11/2016,Georgia,13,Mark Bennett,1993-02-03,23.81
26/11/2016,Georgia,18,Moray Low,1984-11-28,32.0
26/11/2016,Georgia,16,Fraser Brown,1989-06-20,27.44
26/11/2016,Georgia,23,Rory Hughes,1993-03-04,23.73
26/11/2016,Georgia,19,Grant Gilchrist,1990-08-09,26.3
26/11/2016,Georgia,14,Sean Maitland,1988-09-14,28.2
26/11/2016,Georgia,7,Hamish Watson,1991-10-15,25.12
26/11/2016,Georgia,2,Ross Ford,1984-04-23,32.59
26/11/2016,Georgia,11,Tommy Seymour,1988-07-01,28.41
26/11/2016,Georgia,9,Greig Laidlaw,1985-10-12,31.12
26/11/2016,Georgia,12,Alex Dunbar,1990-04-23,26.6
26/11/2016,Georgia,10,Finn Russell,1992-09-23,24.18
26/11/2016,Georgia,4,Richie Gray,1989-08-24,27.26
26/11/2016,Georgia,3,Zander Fagerson,1996-01-19,20.85
26/11/2016,Georgia,6,Rob Harley,1990-05-26,26.51
26/11/2016,Georgia,21,Ali Price,1993-05-12,23.54
26/11/2016,Georgia,8,Ryan Wilson,1989-05-18,27.53
26/11/2016,Georgia,17,Alex Allan,1992-02-28,24.75
26/11/2016,Georgia,15,Stuart Hogg,1992-06-24,24.42
26/11/2016,Georgia,1,Allan Dell,1992-03-16,24.7
26/11/2016,Georgia,5,Jonny Gray,1994-03-14,22.71
04/02/2017,Ireland,18,Simon Berghan,1990-12-07,26.16
04/02/2017,Ireland,20,John Barclay,1986-09-24,30.37
04/02/2017,Ireland,23,Mark Bennett,1993-02-03,24.0
04/02/2017,Ireland,17,Gordon Reid,1987-03-04,29.93
04/02/2017,Ireland,2,Fraser Brown,1989-06-20,27.63
04/02/2017,Ireland,14,Sean Maitland,1988-09-14,28.39
04/02/2017,Ireland,7,Hamish Watson,1991-10-15,25.31
04/02/2017,Ireland,16,Ross Ford,1984-04-23,32.79
04/02/2017,Ireland,11,Tommy Seymour,1988-07-01,28.6
04/02/2017,Ireland,13,Huw Jones,1993-12-17,23.14
04/02/2017,Ireland,9,Greig Laidlaw,1985-10-12,31.32
04/02/2017,Ireland,12,Alex Dunbar,1990-04-23,26.79
04/02/2017,Ireland,10,Finn Russell,1992-09-23,24.37
04/02/2017,Ireland,4,Richie Gray,1989-08-24,27.45
04/02/2017,Ireland,3,Zander Fagerson,1996-01-19,21.05
04/02/2017,Ireland,8,Josh Strauss,1986-10-23,30.29
04/02/2017,Ireland,21,Ali Price,1993-05-12,23.73
04/02/2017,Ireland,19,Tim Swinson,1987-02-17,29.97
04/02/2017,Ireland,6,Ryan Wilson,1989-05-18,27.72
04/02/2017,Ireland,15,Stuart Hogg,1992-06-24,24.62
04/02/2017,Ireland,22,Duncan Weir,1991-05-10,25.74
04/02/2017,Ireland,1,Allan Dell,1992-03-16,24.89
04/02/2017,Ireland,5,Jonny Gray,1994-03-14,22.9
12/02/2017,France,18,Simon Berghan,1990-12-07,26.19
12/02/2017,France,6,John Barclay,1986-09-24,30.39
12/02/2017,France,20,John Hardie,1988-07-27,28.55
12/02/2017,France,23,Mark Bennett,1993-02-03,24.03
12/02/2017,France,17,Gordon Reid,1987-03-04,29.95
12/02/2017,France,2,Fraser Brown,1989-06-20,27.65
12/02/2017,France,14,Sean Maitland,1988-09-14,28.41
12/02/2017,France,7,Hamish Watson,1991-10-15,25.33
12/02/2017,France,16,Ross Ford,1984-04-23,32.81
12/02/2017,France,11,Tommy Seymour,1988-07-01,28.62
12/02/2017,France,13,Huw Jones,1993-12-17,23.16
12/02/2017,France,9,Greig Laidlaw,1985-10-12,31.34
12/02/2017,France,12,Alex Dunbar,1990-04-23,26.81
12/02/2017,France,10,Finn Russell,1992-09-23,24.39
12/02/2017,France,4,Richie Gray,1989-08-24,27.47
12/02/2017,France,3,Zander Fagerson,1996-01-19,21.07
12/02/2017,France,8,Josh Strauss,1986-10-23,30.31
12/02/2017,France,21,Ali Price,1993-05-12,23.76
12/02/2017,France,19,Tim Swinson,1987-02-17,29.99
12/02/2017,France,15,Stuart Hogg,1992-06-24,24.64
12/02/2017,France,22,Duncan Weir,1991-05-10,25.76
12/02/2017,France,1,Allan Dell,1992-03-16,24.91
12/02/2017,France,5,Jonny Gray,1994-03-14,22.92
25/02/2017,Wales,18,Simon Berghan,1990-12-07,26.22
25/02/2017,Wales,11,Tim Visser,1987-05-29,29.75
25/02/2017,Wales,6,John Barclay,1986-09-24,30.42
25/02/2017,Wales,7,John Hardie,1988-07-27,28.58
25/02/2017,Wales,23,Mark Bennett,1993-02-03,24.06
25/02/2017,Wales,1,Gordon Reid,1987-03-04,29.98
25/02/2017,Wales,2,Fraser Brown,1989-06-20,27.69
25/02/2017,Wales,20,Hamish Watson,1991-10-15,25.37
25/02/2017,Wales,16,Ross Ford,1984-04-23,32.84
25/02/2017,Wales,14,Tommy Seymour,1988-07-01,28.65
25/02/2017,Wales,13,Huw Jones,1993-12-17,23.19
25/02/2017,Wales,12,Alex Dunbar,1990-04-23,26.85
25/02/2017,Wales,10,Finn Russell,1992-09-23,24.42
25/02/2017,Wales,4,Richie Gray,1989-08-24,27.51
25/02/2017,Wales,3,Zander Fagerson,1996-01-19,21.1
25/02/2017,Wales,9,Ali Price,1993-05-12,23.79
25/02/2017,Wales,19,Tim Swinson,1987-02-17,30.02
25/02/2017,Wales,21,Henry Pyrgos,1989-07-09,27.63
25/02/2017,Wales,8,Ryan Wilson,1989-05-18,27.78
25/02/2017,Wales,15,Stuart Hogg,1992-06-24,24.67
25/02/2017,Wales,22,Duncan Weir,1991-05-10,25.8
25/02/2017,Wales,17,Allan Dell,1992-03-16,24.95
25/02/2017,Wales,5,Jonny Gray,1994-03-14,22.95
11/03/2017,England,18,Simon Berghan,1990-12-07,26.26
11/03/2017,England,20,Cornell Du Preez,1991-03-23,25.97
11/03/2017,England,11,Tim Visser,1987-05-29,29.79
11/03/2017,England,6,John Barclay,1986-09-24,30.46
11/03/2017,England,23,Mark Bennett,1993-02-03,24.1
11/03/2017,England,1,Gordon Reid,1987-03-04,30.02
11/03/2017,England,2,Fraser Brown,1989-06-20,27.72
11/03/2017,England,7,Hamish Watson,1991-10-15,25.41
11/03/2017,England,16,Ross Ford,1984-04-23,32.88
11/03/2017,England,14,Tommy Seymour,1988-07-01,28.69
11/03/2017,England,13,Huw Jones,1993-12-17,23.23
11/03/2017,England,12,Alex Dunbar,1990-04-23,26.88
11/03/2017,England,10,Finn Russell,1992-09-23,24.46
11/03/2017,England,4,Richie Gray,1989-08-24,27.55
11/03/2017,England,3,Zander Fagerson,1996-01-19,21.14
11/03/2017,England,9,Ali Price,1993-05-12,23.83
11/03/2017,England,19,Tim Swinson,1987-02-17,30.06
11/03/2017,England,21,Henry Pyrgos,1989-07-09,27.67
11/03/2017,England,8,Ryan Wilson,1989-05-18,27.81
11/03/2017,England,15,Stuart Hogg,1992-06-24,24.71
11/03/2017,England,22,Duncan Weir,1991-05-10,25.84
11/03/2017,England,17,Allan Dell,1992-03-16,24.99
11/03/2017,England,5,Jonny Gray,1994-03-14,22.99
18/03/2017,Italy,18,Simon Berghan,1990-12-07,26.28
18/03/2017,Italy,20,Cornell Du Preez,1991-03-23,25.99
18/03/2017,Italy,11,Tim Visser,1987-05-29,29.8
18/03/2017,Italy,6,John Barclay,1986-09-24,30.48
18/03/2017,Italy,1,Gordon Reid,1987-03-04,30.04
18/03/2017,Italy,16,Fraser Brown,1989-06-20,27.74
18/03/2017,Italy,4,Grant Gilchrist,1990-08-09,26.61
18/03/2017,Italy,7,Hamish Watson,1991-10-15,25.42
18/03/2017,Italy,2,Ross Ford,1984-04-23,32.9
18/03/2017,Italy,14,Tommy Seymour,1988-07-01,28.71
18/03/2017,Italy,13,Huw Jones,1993-12-17,23.25
18/03/2017,Italy,12,Alex Dunbar,1990-04-23,26.9
18/03/2017,Italy,10,Finn Russell,1992-09-23,24.48
18/03/2017,Italy,3,Zander Fagerson,1996-01-19,21.16
18/03/2017,Italy,9,Ali Price,1993-05-12,23.85
18/03/2017,Italy,19,Tim Swinson,1987-02-17,30.08
18/03/2017,Italy,21,Henry Pyrgos,1989-07-09,27.69
18/03/2017,Italy,8,Ryan Wilson,1989-05-18,27.83
18/03/2017,Italy,15,Stuart Hogg,1992-06-24,24.73
18/03/2017,Italy,23,Matt Scott,1990-09-30,26.46
18/03/2017,Italy,22,Duncan Weir,1991-05-10,25.86
18/03/2017,Italy,17,Allan Dell,1992-03-16,25.01
18/03/2017,Italy,5,Jonny Gray,1994-03-14,23.01
10/06/2017,Italy,15,Duncan Taylor,1989-09-05,27.76
10/06/2017,Italy,11,Tim Visser,1987-05-29,30.03
10/06/2017,Italy,6,John Barclay,1986-09-24,30.71
10/06/2017,Italy,14,Damien Hoyland,1994-01-11,23.41
10/06/2017,Italy,23,Pete Horne,1989-10-05,27.68
10/06/2017,Italy,17,Gordon Reid,1987-03-04,30.27
10/06/2017,Italy,16,Fraser Brown,1989-06-20,27.97
10/06/2017,Italy,21,Rory Hughes,1993-03-04,24.27
10/06/2017,Italy,2,Ross Ford,1984-04-23,33.13
10/06/2017,Italy,12,Alex Dunbar,1990-04-23,27.13
10/06/2017,Italy,20,Magnus Bradbury,1995-08-23,21.8
10/06/2017,Italy,10,Finn Russell,1992-09-23,24.71
10/06/2017,Italy,18,Zander Fagerson,1996-01-19,21.39
10/06/2017,Italy,19,Rob Harley,1990-05-26,27.04
10/06/2017,Italy,8,Josh Strauss,1986-10-23,30.63
10/06/2017,Italy,9,Ali Price,1993-05-12,24.08
10/06/2017,Italy,4,Tim Swinson,1987-02-17,30.31
10/06/2017,Italy,22,Henry Pyrgos,1989-07-09,27.92
10/06/2017,Italy,7,Ryan Wilson,1989-05-18,28.06
10/06/2017,Italy,5,Ben Toolis,1992-03-31,25.19
10/06/2017,Italy,13,Matt Scott,1990-09-30,26.69
10/06/2017,Italy,3,WP Nel,1986-04-30,31.11
10/06/2017,Italy,1,Allan Dell,1992-03-16,25.24
17/06/2017,Australia,12,Duncan Taylor,1989-09-05,27.78
17/06/2017,Australia,6,John Barclay,1986-09-24,30.73
17/06/2017,Australia,1,Gordon Reid,1987-03-04,30.29
17/06/2017,Australia,2,Fraser Brown,1989-06-20,27.99
17/06/2017,Australia,11,Rory Hughes,1993-03-04,24.29
17/06/2017,Australia,7,Hamish Watson,1991-10-15,25.67
17/06/2017,Australia,16,Ross Ford,1984-04-23,33.15
17/06/2017,Australia,13,Alex Dunbar,1990-04-23,27.15
17/06/2017,Australia,10,Finn Russell,1992-09-23,24.73
17/06/2017,Australia,3,Zander Fagerson,1996-01-19,21.41
17/06/2017,Australia,20,Josh Strauss,1986-10-23,30.65
17/06/2017,Australia,9,Ali Price,1993-05-12,24.1
17/06/2017,Australia,19,Tim Swinson,1987-02-17,30.33
17/06/2017,Australia,21,Henry Pyrgos,1989-07-09,27.94
17/06/2017,Australia,8,Ryan Wilson,1989-05-18,28.08
17/06/2017,Australia,4,Ben Toolis,1992-03-31,25.21
17/06/2017,Australia,22,Ruaridh Jackson,1988-02-12,29.34
17/06/2017,Australia,15,Greig Tonks,1989-05-20,28.08
17/06/2017,Australia,23,Matt Scott,1990-09-30,26.71
17/06/2017,Australia,18,WP Nel,1986-04-30,31.13
17/06/2017,Australia,17,Allan Dell,1992-03-16,25.25
17/06/2017,Australia,14,Lee Jones,1988-06-28,28.97
17/06/2017,Australia,5,Jonny Gray,1994-03-14,23.26
24/06/2017,Fiji,12,Duncan Taylor,1989-09-05,27.8
24/06/2017,Fiji,11,Tim Visser,1987-05-29,30.07
24/06/2017,Fiji,6,John Barclay,1986-09-24,30.75
24/06/2017,Fiji,7,John Hardie,1988-07-27,28.91
24/06/2017,Fiji,14,Damien Hoyland,1994-01-11,23.45
24/06/2017,Fiji,10,Pete Horne,1989-10-05,27.72
24/06/2017,Fiji,17,Gordon Reid,1987-03-04,30.31
24/06/2017,Fiji,13,Nick Grigg,1992-09-18,24.76
24/06/2017,Fiji,16,Fraser Brown,1989-06-20,28.01
24/06/2017,Fiji,20,Hamish Watson,1991-10-15,25.69
24/06/2017,Fiji,2,Ross Ford,1984-04-23,33.17
24/06/2017,Fiji,18,Zander Fagerson,1996-01-19,21.43
24/06/2017,Fiji,8,Josh Strauss,1986-10-23,30.67
24/06/2017,Fiji,22,Ali Price,1993-05-12,24.12
24/06/2017,Fiji,4,Tim Swinson,1987-02-17,30.35
24/06/2017,Fiji,9,Henry Pyrgos,1989-07-09,27.96
24/06/2017,Fiji,21,Ryan Wilson,1989-05-18,28.1
24/06/2017,Fiji,19,Ben Toolis,1992-03-31,25.23
24/06/2017,Fiji,15,Ruaridh Jackson,1988-02-12,29.36
24/06/2017,Fiji,1,Alex Allan,1992-02-28,25.32
24/06/2017,Fiji,23,Greig Tonks,1989-05-20,28.1
24/06/2017,Fiji,3,WP Nel,1986-04-30,31.15
24/06/2017,Fiji,5,Jonny Gray,1994-03-14,23.28
11/11/2017,Samoa,20,Cornell Du Preez,1991-03-23,26.64
11/11/2017,Samoa,6,John Barclay,1986-09-24,31.13
11/11/2017,Samoa,22,Pete Horne,1989-10-05,28.1
11/11/2017,Samoa,16,George Turner,1992-10-08,25.09
11/11/2017,Samoa,2,Stuart McInally,1990-08-09,27.26
11/11/2017,Samoa,7,Hamish Watson,1991-10-15,26.08
11/11/2017,Samoa,14,Tommy Seymour,1988-07-01,29.36
11/11/2017,Samoa,13,Huw Jones,1993-12-17,23.9
11/11/2017,Samoa,12,Alex Dunbar,1990-04-23,27.55
11/11/2017,Samoa,1,Darryl Marfo,1990-11-01,27.03
11/11/2017,Samoa,10,Finn Russell,1992-09-23,25.13
11/11/2017,Samoa,18,Zander Fagerson,1996-01-19,21.81
11/11/2017,Samoa,9,Ali Price,1993-05-12,24.5
11/11/2017,Samoa,19,Tim Swinson,1987-02-17,30.73
11/11/2017,Samoa,21,Henry Pyrgos,1989-07-09,28.34
11/11/2017,Samoa,8,Ryan Wilson,1989-05-18,28.49
11/11/2017,Samoa,4,Ben Toolis,1992-03-31,25.62
11/11/2017,Samoa,15,Stuart Hogg,1992-06-24,25.38
11/11/2017,Samoa,3,WP Nel,1986-04-30,31.54
11/11/2017,Samoa,11,Lee Jones,1988-06-28,29.37
11/11/2017,Samoa,5,Jonny Gray,1994-03-14,23.66
11/11/2017,Samoa,23,Chris Harris,1990-12-28,26.87
11/11/2017,Samoa,17,Jamie Bhatti,1993-09-08,24.18
18/11/2017,New Zealand,18,Simon Berghan,1990-12-07,26.95
18/11/2017,New Zealand,8,Cornell Du Preez,1991-03-23,26.66
18/11/2017,New Zealand,6,John Barclay,1986-09-24,31.15
18/11/2017,New Zealand,22,Pete Horne,1989-10-05,28.12
18/11/2017,New Zealand,16,George Turner,1992-10-08,25.11
18/11/2017,New Zealand,19,Grant Gilchrist,1990-08-09,27.28
18/11/2017,New Zealand,2,Stuart McInally,1990-08-09,27.28
18/11/2017,New Zealand,7,Hamish Watson,1991-10-15,26.09
18/11/2017,New Zealand,20,Luke Hamilton,1992-01-07,25.87
18/11/2017,New Zealand,14,Tommy Seymour,1988-07-01,29.38
18/11/2017,New Zealand,13,Huw Jones,1993-12-17,23.92
18/11/2017,New Zealand,12,Alex Dunbar,1990-04-23,27.57
18/11/2017,New Zealand,1,Darryl Marfo,1990-11-01,27.05
18/11/2017,New Zealand,10,Finn Russell,1992-09-23,25.15
18/11/2017,New Zealand,3,Zander Fagerson,1996-01-19,21.83
18/11/2017,New Zealand,9,Ali Price,1993-05-12,24.52
18/11/2017,New Zealand,21,Henry Pyrgos,1989-07-09,28.36
18/11/2017,New Zealand,4,Ben Toolis,1992-03-31,25.64
18/11/2017,New Zealand,15,Stuart Hogg,1992-06-24,25.4
18/11/2017,New Zealand,23,Byron McGuigan,1989-08-20,28.25
18/11/2017,New Zealand,11,Lee Jones,1988-06-28,29.39
18/11/2017,New Zealand,5,Jonny Gray,1994-03-14,23.68
18/11/2017,New Zealand,17,Jamie Bhatti,1993-09-08,24.19
25/11/2017,Australia,3,Simon Berghan,1990-12-07,26.97
25/11/2017,Australia,20,Cornell Du Preez,1991-03-23,26.68
25/11/2017,Australia,22,Phil Burleigh,1986-10-22,31.09
25/11/2017,Australia,6,John Barclay,1986-09-24,31.17
25/11/2017,Australia,12,Pete Horne,1989-10-05,28.14
25/11/2017,Australia,16,Fraser Brown,1989-06-20,28.43
25/11/2017,Australia,4,Grant Gilchrist,1990-08-09,27.3
25/11/2017,Australia,15,Sean Maitland,1988-09-14,29.2
25/11/2017,Australia,2,Stuart McInally,1990-08-09,27.3
25/11/2017,Australia,7,Hamish Watson,1991-10-15,26.11
25/11/2017,Australia,14,Tommy Seymour,1988-07-01,29.4
25/11/2017,Australia,13,Huw Jones,1993-12-17,23.94
25/11/2017,Australia,1,Darryl Marfo,1990-11-01,27.07
25/11/2017,Australia,10,Finn Russell,1992-09-23,25.17
25/11/2017,Australia,18,Zander Fagerson,1996-01-19,21.85
25/11/2017,Australia,9,Ali Price,1993-05-12,24.54
25/11/2017,Australia,21,Henry Pyrgos,1989-07-09,28.38
25/11/2017,Australia,8,Ryan Wilson,1989-05-18,28.52
25/11/2017,Australia,19,Ben Toolis,1992-03-31,25.65
25/11/2017,Australia,23,Ruaridh Jackson,1988-02-12,29.79
25/11/2017,Australia,11,Byron McGuigan,1989-08-20,28.27
25/11/2017,Australia,5,Jonny Gray,1994-03-14,23.7
25/11/2017,Australia,17,Jamie Bhatti,1993-09-08,24.21
03/02/2018,Wales,8,Cornell Du Preez,1991-03-23,26.87
03/02/2018,Wales,6,John Barclay,1986-09-24,31.36
03/02/2018,Wales,22,Pete Horne,1989-10-05,28.33
03/02/2018,Wales,1,Gordon Reid,1987-03-04,30.92
03/02/2018,Wales,19,Grant Gilchrist,1990-08-09,27.49
03/02/2018,Wales,23,Sean Maitland,1988-09-14,29.39
03/02/2018,Wales,2,Stuart McInally,1990-08-09,27.49
03/02/2018,Wales,7,Hamish Watson,1991-10-15,26.31
03/02/2018,Wales,14,Tommy Seymour,1988-07-01,29.59
03/02/2018,Wales,12,Huw Jones,1993-12-17,24.13
03/02/2018,Wales,21,Greig Laidlaw,1985-10-12,32.31
03/02/2018,Wales,10,Finn Russell,1992-09-23,25.36
03/02/2018,Wales,16,Scott Lawson,1981-09-28,36.35
03/02/2018,Wales,9,Ali Price,1993-05-12,24.73
03/02/2018,Wales,20,Ryan Wilson,1989-05-18,28.72
03/02/2018,Wales,4,Ben Toolis,1992-03-31,25.85
03/02/2018,Wales,15,Stuart Hogg,1992-06-24,25.61
03/02/2018,Wales,11,Byron McGuigan,1989-08-20,28.46
03/02/2018,Wales,3,Jon Welsh,1986-10-13,31.31
03/02/2018,Wales,18,Murray McCallum,1996-03-16,21.89
03/02/2018,Wales,5,Jonny Gray,1994-03-14,23.89
03/02/2018,Wales,13,Chris Harris,1990-12-28,27.1
03/02/2018,Wales,17,Jamie Bhatti,1993-09-08,24.41
11/02/2018,France,16,Scott Lawson,1981-09-28,36.37
11/02/2018,France,21,Ali Price,1993-05-12,24.75
11/02/2018,France,8,Ryan Wilson,1989-05-18,28.74
11/02/2018,France,19,Ben Toolis,1992-03-31,25.87
11/02/2018,France,20,David Denton,1990-02-05,28.02
11/02/2018,France,15,Stuart Hogg,1992-06-24,25.64
11/02/2018,France,18,Jon Welsh,1986-10-13,31.33
11/02/2018,France,5,Jonny Gray,1994-03-14,23.92
11/02/2018,France,22,Chris Harris,1990-12-28,27.12
11/02/2018,France,17,Jamie Bhatti,1993-09-08,24.43
11/02/2018,France,3,Simon Berghan,1990-12-07,27.18
11/02/2018,France,6,John Barclay,1986-09-24,31.38
11/02/2018,France,12,Pete Horne,1989-10-05,28.35
11/02/2018,France,1,Gordon Reid,1987-03-04,30.94
11/02/2018,France,4,Grant Gilchrist,1990-08-09,27.51
11/02/2018,France,11,Sean Maitland,1988-09-14,29.41
11/02/2018,France,2,Stuart McInally,1990-08-09,27.51
11/02/2018,France,7,Hamish Watson,1991-10-15,26.33
11/02/2018,France,14,Tommy Seymour,1988-07-01,29.62
11/02/2018,France,13,Huw Jones,1993-12-17,24.15
11/02/2018,France,9,Greig Laidlaw,1985-10-12,32.33
11/02/2018,France,10,Finn Russell,1992-09-23,25.39
11/02/2018,France,23,Blair Kinghorn,1997-01-18,21.07
24/02/2018,England,3,Simon Berghan,1990-12-07,27.22
24/02/2018,England,6,John Barclay,1986-09-24,31.42
24/02/2018,England,12,Pete Horne,1989-10-05,28.39
24/02/2018,England,1,Gordon Reid,1987-03-04,30.98
24/02/2018,England,22,Nick Grigg,1992-09-18,25.44
24/02/2018,England,4,Grant Gilchrist,1990-08-09,27.55
24/02/2018,England,11,Sean Maitland,1988-09-14,29.45
24/02/2018,England,2,Stuart McInally,1990-08-09,27.55
24/02/2018,England,7,Hamish Watson,1991-10-15,26.36
24/02/2018,England,14,Tommy Seymour,1988-07-01,29.65
24/02/2018,England,13,Huw Jones,1993-12-17,24.19
24/02/2018,England,9,Greig Laidlaw,1985-10-12,32.37
24/02/2018,England,10,Finn Russell,1992-09-23,25.42
24/02/2018,England,23,Blair Kinghorn,1997-01-18,21.1
24/02/2018,England,16,Scott Lawson,1981-09-28,36.41
24/02/2018,England,21,Ali Price,1993-05-12,24.79
24/02/2018,England,19,Tim Swinson,1987-02-17,31.02
24/02/2018,England,8,Ryan Wilson,1989-05-18,28.77
24/02/2018,England,20,David Denton,1990-02-05,28.05
24/02/2018,England,15,Stuart Hogg,1992-06-24,25.67
24/02/2018,England,18,WP Nel,1986-04-30,31.82
24/02/2018,England,5,Jonny Gray,1994-03-14,23.95
24/02/2018,England,17,Jamie Bhatti,1993-09-08,24.46
10/03/2018,Ireland,3,Simon Berghan,1990-12-07,27.26
10/03/2018,Ireland,6,John Barclay,1986-09-24,31.46
10/03/2018,Ireland,12,Pete Horne,1989-10-05,28.43
10/03/2018,Ireland,1,Gordon Reid,1987-03-04,31.02
10/03/2018,Ireland,22,Nick Grigg,1992-09-18,25.47
10/03/2018,Ireland,16,Fraser Brown,1989-06-20,28.72
10/03/2018,Ireland,4,Grant Gilchrist,1990-08-09,27.58
10/03/2018,Ireland,11,Sean Maitland,1988-09-14,29.48
10/03/2018,Ireland,2,Stuart McInally,1990-08-09,27.58
10/03/2018,Ireland,7,Hamish Watson,1991-10-15,26.4
10/03/2018,Ireland,13,Huw Jones,1993-12-17,24.23
10/03/2018,Ireland,9,Greig Laidlaw,1985-10-12,32.41
10/03/2018,Ireland,10,Finn Russell,1992-09-23,25.46
10/03/2018,Ireland,14,Blair Kinghorn,1997-01-18,21.14
10/03/2018,Ireland,21,Ali Price,1993-05-12,24.83
10/03/2018,Ireland,19,Tim Swinson,1987-02-17,31.06
10/03/2018,Ireland,8,Ryan Wilson,1989-05-18,28.81
10/03/2018,Ireland,20,David Denton,1990-02-05,28.09
10/03/2018,Ireland,15,Stuart Hogg,1992-06-24,25.71
10/03/2018,Ireland,18,WP Nel,1986-04-30,31.86
10/03/2018,Ireland,23,Lee Jones,1988-06-28,29.7
10/03/2018,Ireland,5,Jonny Gray,1994-03-14,23.99
10/03/2018,Ireland,17,Jamie Bhatti,1993-09-08,24.5
17/03/2018,Italy,6,John Barclay,1986-09-24,31.48
17/03/2018,Italy,22,Pete Horne,1989-10-05,28.45
17/03/2018,Italy,1,Gordon Reid,1987-03-04,31.04
17/03/2018,Italy,12,Nick Grigg,1992-09-18,25.49
17/03/2018,Italy,2,Fraser Brown,1989-06-20,28.74
17/03/2018,Italy,11,Sean Maitland,1988-09-14,29.5
17/03/2018,Italy,16,Stuart McInally,1990-08-09,27.6
17/03/2018,Italy,7,Hamish Watson,1991-10-15,26.42
17/03/2018,Italy,14,Tommy Seymour,1988-07-01,29.71
17/03/2018,Italy,13,Huw Jones,1993-12-17,24.25
17/03/2018,Italy,9,Greig Laidlaw,1985-10-12,32.43
17/03/2018,Italy,10,Finn Russell,1992-09-23,25.48
17/03/2018,Italy,23,Blair Kinghorn,1997-01-18,21.16
17/03/2018,Italy,19,Richie Gray,1989-08-24,28.56
17/03/2018,Italy,18,Zander Fagerson,1996-01-19,22.16
17/03/2018,Italy,21,Ali Price,1993-05-12,24.85
17/03/2018,Italy,4,Tim Swinson,1987-02-17,31.08
17/03/2018,Italy,8,Ryan Wilson,1989-05-18,28.83
17/03/2018,Italy,20,David Denton,1990-02-05,28.11
17/03/2018,Italy,15,Stuart Hogg,1992-06-24,25.73
17/03/2018,Italy,3,WP Nel,1986-04-30,31.88
17/03/2018,Italy,5,Jonny Gray,1994-03-14,24.01
17/03/2018,Italy,17,Jamie Bhatti,1993-09-08,24.52
09/06/2018,Canada,3,Simon Berghan,1990-12-07,27.51
09/06/2018,Canada,7,Jamie Ritchie,1996-08-16,21.81
09/06/2018,Canada,16,George Turner,1992-10-08,25.67
09/06/2018,Canada,23,Mark Bennett,1993-02-03,25.34
09/06/2018,Canada,19,Lewis Carmichael,1995-05-02,23.11
09/06/2018,Canada,2,Fraser Brown,1989-06-20,28.97
09/06/2018,Canada,5,Grant Gilchrist,1990-08-09,27.83
09/06/2018,Canada,20,Luke Hamilton,1992-01-07,26.42
09/06/2018,Canada,6,Magnus Bradbury,1995-08-23,22.8
09/06/2018,Canada,15,Blair Kinghorn,1997-01-18,21.39
09/06/2018,Canada,12,James Lang,1995-04-04,23.18
09/06/2018,Canada,21,Ali Price,1993-05-12,25.08
09/06/2018,Canada,9,Sam Hidalgo-Clyne,1993-08-04,24.85
09/06/2018,Canada,22,Adam Hastings,1996-10-05,21.68
09/06/2018,Canada,4,Ben Toolis,1992-03-31,26.19
09/06/2018,Canada,8,David Denton,1990-02-05,28.34
09/06/2018,Canada,10,Ruaridh Jackson,1988-02-12,30.32
09/06/2018,Canada,11,Byron McGuigan,1989-08-20,28.8
09/06/2018,Canada,18,Murray McCallum,1996-03-16,22.23
09/06/2018,Canada,1,Allan Dell,1992-03-16,26.23
09/06/2018,Canada,14,Lee Jones,1988-06-28,29.95
09/06/2018,Canada,13,Chris Harris,1990-12-28,27.45
09/06/2018,Canada,17,Jamie Bhatti,1993-09-08,24.75
16/06/2018,USA,12,Pete Horne,1989-10-05,28.7
16/06/2018,USA,2,George Turner,1992-10-08,25.69
16/06/2018,USA,22,Mark Bennett,1993-02-03,25.36
16/06/2018,USA,4,Lewis Carmichael,1995-05-02,23.12
16/06/2018,USA,13,Nick Grigg,1992-09-18,25.74
16/06/2018,USA,16,Fraser Brown,1989-06-20,28.99
16/06/2018,USA,19,Grant Gilchrist,1990-08-09,27.85
16/06/2018,USA,7,Luke Hamilton,1992-01-07,26.44
16/06/2018,USA,14,Blair Kinghorn,1997-01-18,21.41
16/06/2018,USA,8,Matt Fagerson,1998-07-16,19.92
16/06/2018,USA,3,Zander Fagerson,1996-01-19,22.41
16/06/2018,USA,23,Dougie Fife,1990-08-08,27.86
16/06/2018,USA,9,George Horne,1995-05-12,23.1
16/06/2018,USA,21,Sam Hidalgo-Clyne,1993-08-04,24.87
16/06/2018,USA,10,Adam Hastings,1996-10-05,21.7
16/06/2018,USA,6,Tim Swinson,1987-02-17,31.33
16/06/2018,USA,5,Ben Toolis,1992-03-31,26.21
16/06/2018,USA,20,David Denton,1990-02-05,28.36
16/06/2018,USA,15,Stuart Hogg,1992-06-24,25.98
16/06/2018,USA,11,Byron McGuigan,1989-08-20,28.82
16/06/2018,USA,18,Murray McCallum,1996-03-16,22.25
16/06/2018,USA,17,Allan Dell,1992-03-16,26.25
16/06/2018,USA,1,Jamie Bhatti,1993-09-08,24.77
23/06/2018,Argentina,3,Simon Berghan,1990-12-07,27.54
23/06/2018,Argentina,20,Jamie Ritchie,1996-08-16,21.85
23/06/2018,Argentina,12,Pete Horne,1989-10-05,28.72
23/06/2018,Argentina,16,George Turner,1992-10-08,25.71
23/06/2018,Argentina,13,Nick Grigg,1992-09-18,25.76
23/06/2018,Argentina,7,Fraser Brown,1989-06-20,29.01
23/06/2018,Argentina,5,Grant Gilchrist,1990-08-09,27.87
23/06/2018,Argentina,2,Stuart McInally,1990-08-09,27.87
23/06/2018,Argentina,6,Magnus Bradbury,1995-08-23,22.83
23/06/2018,Argentina,11,Blair Kinghorn,1997-01-18,21.43
23/06/2018,Argentina,22,James Lang,1995-04-04,23.22
23/06/2018,Argentina,18,Zander Fagerson,1996-01-19,22.43
23/06/2018,Argentina,14,Dougie Fife,1990-08-08,27.87
23/06/2018,Argentina,9,George Horne,1995-05-12,23.12
23/06/2018,Argentina,21,Sam Hidalgo-Clyne,1993-08-04,24.88
23/06/2018,Argentina,10,Adam Hastings,1996-10-05,21.71
23/06/2018,Argentina,4,Tim Swinson,1987-02-17,31.35
23/06/2018,Argentina,19,Ben Toolis,1992-03-31,26.23
23/06/2018,Argentina,8,David Denton,1990-02-05,28.38
23/06/2018,Argentina,15,Stuart Hogg,1992-06-24,26.0
23/06/2018,Argentina,1,Allan Dell,1992-03-16,26.27
23/06/2018,Argentina,23,Chris Harris,1990-12-28,27.49
23/06/2018,Argentina,17,Jamie Bhatti,1993-09-08,24.79
03/11/2018,Wales,18,Simon Berghan,1990-12-07,27.91
03/11/2018,Wales,6,Jamie Ritchie,1996-08-16,22.22
03/11/2018,Wales,22,Pete Horne,1989-10-05,29.08
03/11/2018,Wales,16,Fraser Brown,1989-06-20,29.37
03/11/2018,Wales,19,Grant Gilchrist,1990-08-09,28.24
03/11/2018,Wales,2,Stuart McInally,1990-08-09,28.24
03/11/2018,Wales,7,Hamish Watson,1991-10-15,27.05
03/11/2018,Wales,14,Tommy Seymour,1988-07-01,30.34
03/11/2018,Wales,13,Huw Jones,1993-12-17,24.88
03/11/2018,Wales,12,Alex Dunbar,1990-04-23,28.53
03/11/2018,Wales,15,Blair Kinghorn,1997-01-18,21.79
03/11/2018,Wales,20,Matt Fagerson,1998-07-16,20.3
03/11/2018,Wales,21,George Horne,1995-05-12,23.48
03/11/2018,Wales,9,Ali Price,1993-05-12,25.48
03/11/2018,Wales,10,Adam Hastings,1996-10-05,22.08
03/11/2018,Wales,8,Ryan Wilson,1989-05-18,29.46
03/11/2018,Wales,4,Ben Toolis,1992-03-31,26.59
03/11/2018,Wales,17,Alex Allan,1992-02-28,26.68
03/11/2018,Wales,23,Darcy Graham,1997-06-21,21.37
03/11/2018,Wales,3,WP Nel,1986-04-30,32.51
03/11/2018,Wales,1,Allan Dell,1992-03-16,26.63
03/11/2018,Wales,11,Lee Jones,1988-06-28,30.35
03/11/2018,Wales,5,Jonny Gray,1994-03-14,24.64
10/11/2018,Fiji,18,Simon Berghan,1990-12-07,27.93
10/11/2018,Fiji,7,Jamie Ritchie,1996-08-16,22.23
10/11/2018,Fiji,4,Sam Skinner,1995-01-31,23.78
10/11/2018,Fiji,12,Pete Horne,1989-10-05,29.1
10/11/2018,Fiji,2,Fraser Brown,1989-06-20,29.39
10/11/2018,Fiji,5,Grant Gilchrist,1990-08-09,28.26
10/11/2018,Fiji,11,Sean Maitland,1988-09-14,30.16
10/11/2018,Fiji,16,Stuart McInally,1990-08-09,28.26
10/11/2018,Fiji,14,Tommy Seymour,1988-07-01,30.36
10/11/2018,Fiji,9,Greig Laidlaw,1985-10-12,33.08
10/11/2018,Fiji,13,Alex Dunbar,1990-04-23,28.55
10/11/2018,Fiji,10,Finn Russell,1992-09-23,26.13
10/11/2018,Fiji,8,Matt Fagerson,1998-07-16,20.32
10/11/2018,Fiji,20,Josh Strauss,1986-10-23,32.05
10/11/2018,Fiji,21,George Horne,1995-05-12,23.5
10/11/2018,Fiji,22,Adam Hastings,1996-10-05,22.1
10/11/2018,Fiji,6,Ryan Wilson,1989-05-18,29.48
10/11/2018,Fiji,17,Alex Allan,1992-02-28,26.7
10/11/2018,Fiji,15,Stuart Hogg,1992-06-24,26.38
10/11/2018,Fiji,3,WP Nel,1986-04-30,32.53
10/11/2018,Fiji,1,Allan Dell,1992-03-16,26.65
10/11/2018,Fiji,19,Jonny Gray,1994-03-14,24.66
10/11/2018,Fiji,23,Chris Harris,1990-12-28,27.87
17/11/2018,South Africa,18,Simon Berghan,1990-12-07,27.95
17/11/2018,South Africa,20,Jamie Ritchie,1996-08-16,22.25
17/11/2018,South Africa,6,Sam Skinner,1995-01-31,23.8
17/11/2018,South Africa,12,Pete Horne,1989-10-05,29.12
17/11/2018,South Africa,1,Gordon Reid,1987-03-04,31.71
17/11/2018,South Africa,16,Fraser Brown,1989-06-20,29.41
17/11/2018,South Africa,11,Sean Maitland,1988-09-14,30.17
17/11/2018,South Africa,2,Stuart McInally,1990-08-09,28.27
17/11/2018,South Africa,7,Hamish Watson,1991-10-15,27.09
17/11/2018,South Africa,14,Tommy Seymour,1988-07-01,30.38
17/11/2018,South Africa,13,Huw Jones,1993-12-17,24.92
17/11/2018,South Africa,9,Greig Laidlaw,1985-10-12,33.1
17/11/2018,South Africa,10,Finn Russell,1992-09-23,26.15
17/11/2018,South Africa,19,Josh Strauss,1986-10-23,32.07
17/11/2018,South Africa,21,Ali Price,1993-05-12,25.52
17/11/2018,South Africa,22,Adam Hastings,1996-10-05,22.12
17/11/2018,South Africa,8,Ryan Wilson,1989-05-18,29.5
17/11/2018,South Africa,4,Ben Toolis,1992-03-31,26.63
17/11/2018,South Africa,15,Stuart Hogg,1992-06-24,26.4
17/11/2018,South Africa,3,WP Nel,1986-04-30,32.55
17/11/2018,South Africa,17,Allan Dell,1992-03-16,26.67
17/11/2018,South Africa,5,Jonny Gray,1994-03-14,24.68
17/11/2018,South Africa,23,Chris Harris,1990-12-28,27.89
24/11/2018,Argentina,8,Josh Strauss,1986-10-23,32.09
24/11/2018,Argentina,21,George Horne,1995-05-12,23.54
24/11/2018,Argentina,10,Adam Hastings,1996-10-05,22.14
24/11/2018,Argentina,20,Ryan Wilson,1989-05-18,29.52
24/11/2018,Argentina,17,Alex Allan,1992-02-28,26.74
24/11/2018,Argentina,15,Stuart Hogg,1992-06-24,26.42
24/11/2018,Argentina,23,Byron McGuigan,1989-08-20,29.26
24/11/2018,Argentina,18,WP Nel,1986-04-30,32.57
24/11/2018,Argentina,1,Allan Dell,1992-03-16,26.69
24/11/2018,Argentina,5,Jonny Gray,1994-03-14,24.7
24/11/2018,Argentina,3,Simon Berghan,1990-12-07,27.96
24/11/2018,Argentina,6,Jamie Ritchie,1996-08-16,22.27
24/11/2018,Argentina,19,Sam Skinner,1995-01-31,23.81
24/11/2018,Argentina,2,Fraser Brown,1989-06-20,29.43
24/11/2018,Argentina,4,Grant Gilchrist,1990-08-09,28.29
24/11/2018,Argentina,14,Sean Maitland,1988-09-14,30.19
24/11/2018,Argentina,16,Stuart McInally,1990-08-09,28.29
24/11/2018,Argentina,7,Hamish Watson,1991-10-15,27.11
24/11/2018,Argentina,13,Huw Jones,1993-12-17,24.94
24/11/2018,Argentina,9,Greig Laidlaw,1985-10-12,33.12
24/11/2018,Argentina,22,Alex Dunbar,1990-04-23,28.59
24/11/2018,Argentina,12,Finn Russell,1992-09-23,26.17
24/11/2018,Argentina,11,Blair Kinghorn,1997-01-18,21.85
02/02/2019,Italy,18,Simon Berghan,1990-12-07,28.16
02/02/2019,Italy,7,Jamie Ritchie,1996-08-16,22.46
02/02/2019,Italy,6,Sam Skinner,1995-01-31,24.01
02/02/2019,Italy,5,Grant Gilchrist,1990-08-09,28.49
02/02/2019,Italy,2,Stuart McInally,1990-08-09,28.49
02/02/2019,Italy,14,Tommy Seymour,1988-07-01,30.59
02/02/2019,Italy,13,Huw Jones,1993-12-17,25.13
02/02/2019,Italy,9,Greig Laidlaw,1985-10-12,33.31
02/02/2019,Italy,10,Finn Russell,1992-09-23,26.36
02/02/2019,Italy,11,Blair Kinghorn,1997-01-18,22.04
02/02/2019,Italy,12,Sam Johnson,1993-06-19,25.62
02/02/2019,Italy,20,Josh Strauss,1986-10-23,32.28
02/02/2019,Italy,19,Gary Graham,1992-08-29,26.43
02/02/2019,Italy,21,Ali Price,1993-05-12,25.73
02/02/2019,Italy,22,Adam Hastings,1996-10-05,22.33
02/02/2019,Italy,8,Ryan Wilson,1989-05-18,29.71
02/02/2019,Italy,4,Ben Toolis,1992-03-31,26.84
02/02/2019,Italy,15,Stuart Hogg,1992-06-24,26.61
02/02/2019,Italy,3,WP Nel,1986-04-30,32.76
02/02/2019,Italy,16,Jake Kerr,1996-04-13,22.81
02/02/2019,Italy,1,Allan Dell,1992-03-16,26.88
02/02/2019,Italy,23,Chris Harris,1990-12-28,28.1
02/02/2019,Italy,17,Jamie Bhatti,1993-09-08,25.4
09/02/2019,Ireland,3,Simon Berghan,1990-12-07,28.18
09/02/2019,Ireland,7,Jamie Ritchie,1996-08-16,22.48
09/02/2019,Ireland,22,Pete Horne,1989-10-05,29.35
09/02/2019,Ireland,18,D'arcy Rae,1994-12-21,24.14
09/02/2019,Ireland,16,Fraser Brown,1989-06-20,29.64
09/02/2019,Ireland,4,Grant Gilchrist,1990-08-09,28.5
09/02/2019,Ireland,11,Sean Maitland,1988-09-14,30.4
09/02/2019,Ireland,2,Stuart McInally,1990-08-09,28.5
09/02/2019,Ireland,14,Tommy Seymour,1988-07-01,30.61
09/02/2019,Ireland,13,Huw Jones,1993-12-17,25.15
09/02/2019,Ireland,9,Greig Laidlaw,1985-10-12,33.33
09/02/2019,Ireland,10,Finn Russell,1992-09-23,26.38
09/02/2019,Ireland,23,Blair Kinghorn,1997-01-18,22.06
09/02/2019,Ireland,12,Sam Johnson,1993-06-19,25.64
09/02/2019,Ireland,20,Rob Harley,1990-05-26,28.71
09/02/2019,Ireland,8,Josh Strauss,1986-10-23,32.3
09/02/2019,Ireland,21,Ali Price,1993-05-12,25.75
09/02/2019,Ireland,6,Ryan Wilson,1989-05-18,29.73
09/02/2019,Ireland,19,Ben Toolis,1992-03-31,26.86
09/02/2019,Ireland,15,Stuart Hogg,1992-06-24,26.63
09/02/2019,Ireland,1,Allan Dell,1992-03-16,26.9
09/02/2019,Ireland,5,Jonny Gray,1994-03-14,24.91
09/02/2019,Ireland,17,Jamie Bhatti,1993-09-08,25.42
23/02/2019,France,3,Simon Berghan,1990-12-07,28.21
23/02/2019,France,7,Jamie Ritchie,1996-08-16,22.52
23/02/2019,France,10,Pete Horne,1989-10-05,29.39
23/02/2019,France,13,Nick Grigg,1992-09-18,26.43
23/02/2019,France,16,Fraser Brown,1989-06-20,29.68
23/02/2019,France,4,Grant Gilchrist,1990-08-09,28.54
23/02/2019,France,11,Sean Maitland,1988-09-14,30.44
23/02/2019,France,2,Stuart McInally,1990-08-09,28.54
23/02/2019,France,14,Tommy Seymour,1988-07-01,30.65
23/02/2019,France,9,Greig Laidlaw,1985-10-12,33.37
23/02/2019,France,6,Magnus Bradbury,1995-08-23,23.5
23/02/2019,France,15,Blair Kinghorn,1997-01-18,22.1
23/02/2019,France,12,Sam Johnson,1993-06-19,25.68
23/02/2019,France,18,Zander Fagerson,1996-01-19,23.1
23/02/2019,France,8,Josh Strauss,1986-10-23,32.34
23/02/2019,France,20,Gary Graham,1992-08-29,26.49
23/02/2019,France,21,Ali Price,1993-05-12,25.79
23/02/2019,France,22,Adam Hastings,1996-10-05,22.39
23/02/2019,France,19,Ben Toolis,1992-03-31,26.9
23/02/2019,France,17,Alex Allan,1992-02-28,26.99
23/02/2019,France,23,Darcy Graham,1997-06-21,21.68
23/02/2019,France,1,Allan Dell,1992-03-16,26.94
23/02/2019,France,5,Jonny Gray,1994-03-14,24.95
09/03/2019,Wales,18,Simon Berghan,1990-12-07,28.25
09/03/2019,Wales,7,Jamie Ritchie,1996-08-16,22.56
09/03/2019,Wales,12,Pete Horne,1989-10-05,29.42
09/03/2019,Wales,17,Gordon Reid,1987-03-04,32.01
09/03/2019,Wales,13,Nick Grigg,1992-09-18,26.47
09/03/2019,Wales,16,Fraser Brown,1989-06-20,29.72
09/03/2019,Wales,4,Grant Gilchrist,1990-08-09,28.58
09/03/2019,Wales,2,Stuart McInally,1990-08-09,28.58
09/03/2019,Wales,20,Hamish Watson,1991-10-15,27.4
09/03/2019,Wales,14,Tommy Seymour,1988-07-01,30.69
09/03/2019,Wales,21,Greig Laidlaw,1985-10-12,33.41
09/03/2019,Wales,6,Magnus Bradbury,1995-08-23,23.54
09/03/2019,Wales,10,Finn Russell,1992-09-23,26.46
09/03/2019,Wales,15,Blair Kinghorn,1997-01-18,22.14
09/03/2019,Wales,8,Josh Strauss,1986-10-23,32.38
09/03/2019,Wales,9,Ali Price,1993-05-12,25.82
09/03/2019,Wales,22,Adam Hastings,1996-10-05,22.42
09/03/2019,Wales,19,Ben Toolis,1992-03-31,26.94
09/03/2019,Wales,23,Byron McGuigan,1989-08-20,29.55
09/03/2019,Wales,11,Darcy Graham,1997-06-21,21.71
09/03/2019,Wales,3,WP Nel,1986-04-30,32.86
09/03/2019,Wales,1,Allan Dell,1992-03-16,26.98
09/03/2019,Wales,5,Jonny Gray,1994-03-14,24.99
16/03/2019,England,18,Simon Berghan,1990-12-07,28.27
16/03/2019,England,6,Sam Skinner,1995-01-31,24.12
16/03/2019,England,17,Gordon Reid,1987-03-04,32.03
16/03/2019,England,13,Nick Grigg,1992-09-18,26.49
16/03/2019,England,16,Fraser Brown,1989-06-20,29.74
16/03/2019,England,5,Grant Gilchrist,1990-08-09,28.6
16/03/2019,England,15,Sean Maitland,1988-09-14,30.5
16/03/2019,England,2,Stuart McInally,1990-08-09,28.6
16/03/2019,England,7,Hamish Watson,1991-10-15,27.42
16/03/2019,England,21,Greig Laidlaw,1985-10-12,33.42
16/03/2019,England,8,Magnus Bradbury,1995-08-23,23.56
16/03/2019,England,10,Finn Russell,1992-09-23,26.48
16/03/2019,England,12,Sam Johnson,1993-06-19,25.74
16/03/2019,England,20,Josh Strauss,1986-10-23,32.39
16/03/2019,England,9,Ali Price,1993-05-12,25.84
16/03/2019,England,22,Adam Hastings,1996-10-05,22.44
16/03/2019,England,4,Ben Toolis,1992-03-31,26.96
16/03/2019,England,11,Byron McGuigan,1989-08-20,29.57
16/03/2019,England,14,Darcy Graham,1997-06-21,21.73
16/03/2019,England,3,WP Nel,1986-04-30,32.88
16/03/2019,England,1,Allan Dell,1992-03-16,27.0
16/03/2019,England,19,Jonny Gray,1994-03-14,25.01
16/03/2019,England,23,Chris Harris,1990-12-28,28.21
17/08/2019,France,3,Simon Berghan,1990-12-07,28.69
17/08/2019,France,12,Duncan Taylor,1989-09-05,29.95
17/08/2019,France,6,John Barclay,1986-09-24,32.9
17/08/2019,France,7,Jamie Ritchie,1996-08-16,23.0
17/08/2019,France,16,George Turner,1992-10-08,26.86
17/08/2019,France,22,Rory Hutchinson,1996-01-29,23.55
17/08/2019,France,17,Gordon Reid,1987-03-04,32.46
17/08/2019,France,5,Grant Gilchrist,1990-08-09,29.02
17/08/2019,France,2,Stuart McInally,1990-08-09,29.02
17/08/2019,France,19,Scott Cummings,1996-12-03,22.7
17/08/2019,France,13,Huw Jones,1993-12-17,25.67
17/08/2019,France,23,Blair Kinghorn,1997-01-18,22.58
17/08/2019,France,20,Matt Fagerson,1998-07-16,21.09
17/08/2019,France,18,Zander Fagerson,1996-01-19,23.58
17/08/2019,France,8,Josh Strauss,1986-10-23,32.82
17/08/2019,France,21,George Horne,1995-05-12,24.27
17/08/2019,France,9,Ali Price,1993-05-12,26.26
17/08/2019,France,10,Adam Hastings,1996-10-05,22.86
17/08/2019,France,4,Ben Toolis,1992-03-31,27.38
17/08/2019,France,15,Stuart Hogg,1992-06-24,27.15
17/08/2019,France,11,Byron McGuigan,1989-08-20,29.99
17/08/2019,France,14,Darcy Graham,1997-06-21,22.16
17/08/2019,France,1,Jamie Bhatti,1993-09-08,25.94
24/08/2019,France,18,Simon Berghan,1990-12-07,28.71
24/08/2019,France,20,John Barclay,1986-09-24,32.92
24/08/2019,France,5,Sam Skinner,1995-01-31,24.56
24/08/2019,France,12,Pete Horne,1989-10-05,29.88
24/08/2019,France,2,George Turner,1992-10-08,26.88
24/08/2019,France,22,Rory Hutchinson,1996-01-29,23.57
24/08/2019,France,1,Gordon Reid,1987-03-04,32.47
24/08/2019,France,19,Grant Gilchrist,1990-08-09,29.04
24/08/2019,France,11,Sean Maitland,1988-09-14,30.94
24/08/2019,France,7,Hamish Watson,1991-10-15,27.86
24/08/2019,France,4,Scott Cummings,1996-12-03,22.72
24/08/2019,France,14,Tommy Seymour,1988-07-01,31.15
24/08/2019,France,9,Greig Laidlaw,1985-10-12,33.87
24/08/2019,France,10,Finn Russell,1992-09-23,26.92
24/08/2019,France,23,Blair Kinghorn,1997-01-18,22.6
24/08/2019,France,21,George Horne,1995-05-12,24.29
24/08/2019,France,6,Ryan Wilson,1989-05-18,30.27
24/08/2019,France,15,Stuart Hogg,1992-06-24,27.17
24/08/2019,France,3,WP Nel,1986-04-30,33.32
24/08/2019,France,17,Allan Dell,1992-03-16,27.44
24/08/2019,France,16,Grant Stewart,1995-02-28,24.49
24/08/2019,France,8,Blade Thomson,1990-12-04,28.72
24/08/2019,France,13,Chris Harris,1990-12-28,28.65
31/08/2019,Georgia,6,John Barclay,1986-09-24,32.93
31/08/2019,Georgia,13,Rory Hutchinson,1996-01-29,23.59
31/08/2019,Georgia,5,Grant Gilchrist,1990-08-09,29.06
31/08/2019,Georgia,11,Sean Maitland,1988-09-14,30.96
31/08/2019,Georgia,2,Stuart McInally,1990-08-09,29.06
31/08/2019,Georgia,7,Hamish Watson,1991-10-15,27.88
31/08/2019,Georgia,19,Scott Cummings,1996-12-03,22.74
31/08/2019,Georgia,23,Huw Jones,1993-12-17,25.7
31/08/2019,Georgia,9,Greig Laidlaw,1985-10-12,33.88
31/08/2019,Georgia,10,Finn Russell,1992-09-23,26.94
31/08/2019,Georgia,15,Blair Kinghorn,1997-01-18,22.62
31/08/2019,Georgia,8,Matt Fagerson,1998-07-16,21.13
31/08/2019,Georgia,12,Sam Johnson,1993-06-19,26.2
31/08/2019,Georgia,18,Zander Fagerson,1996-01-19,23.61
31/08/2019,Georgia,20,Josh Strauss,1986-10-23,32.85
31/08/2019,Georgia,21,Ali Price,1993-05-12,26.3
31/08/2019,Georgia,22,Adam Hastings,1996-10-05,22.9
31/08/2019,Georgia,4,Ben Toolis,1992-03-31,27.42
31/08/2019,Georgia,14,Darcy Graham,1997-06-21,22.19
31/08/2019,Georgia,3,WP Nel,1986-04-30,33.34
31/08/2019,Georgia,1,Allan Dell,1992-03-16,27.46
31/08/2019,Georgia,16,Grant Stewart,1995-02-28,24.5
31/08/2019,Georgia,17,Jamie Bhatti,1993-09-08,25.98
06/09/2019,Georgia,18,Simon Berghan,1990-12-07,28.75
06/09/2019,Georgia,13,Duncan Taylor,1989-09-05,30.0
06/09/2019,Georgia,7,Jamie Ritchie,1996-08-16,23.06
06/09/2019,Georgia,22,Pete Horne,1989-10-05,29.92
06/09/2019,Georgia,2,George Turner,1992-10-08,26.91
06/09/2019,Georgia,1,Gordon Reid,1987-03-04,32.51
06/09/2019,Georgia,4,Scott Cummings,1996-12-03,22.76
06/09/2019,Georgia,14,Tommy Seymour,1988-07-01,31.18
06/09/2019,Georgia,20,Magnus Bradbury,1995-08-23,24.04
06/09/2019,Georgia,15,Blair Kinghorn,1997-01-18,22.63
06/09/2019,Georgia,12,Sam Johnson,1993-06-19,26.22
06/09/2019,Georgia,3,Zander Fagerson,1996-01-19,23.63
06/09/2019,Georgia,21,George Horne,1995-05-12,24.32
06/09/2019,Georgia,9,Ali Price,1993-05-12,26.32
06/09/2019,Georgia,10,Adam Hastings,1996-10-05,22.92
06/09/2019,Georgia,6,Ryan Wilson,1989-05-18,30.3
06/09/2019,Georgia,19,Ben Toolis,1992-03-31,27.43
06/09/2019,Georgia,11,Darcy Graham,1997-06-21,22.21
06/09/2019,Georgia,17,Allan Dell,1992-03-16,27.47
06/09/2019,Georgia,16,Grant Stewart,1995-02-28,24.52
06/09/2019,Georgia,5,Jonny Gray,1994-03-14,25.48
06/09/2019,Georgia,8,Blade Thomson,1990-12-04,28.76
06/09/2019,Georgia,23,Chris Harris,1990-12-28,28.69
22/09/2019,Ireland,18,Simon Berghan,1990-12-07,28.79
22/09/2019,Ireland,13,Duncan Taylor,1989-09-05,30.05
22/09/2019,Ireland,6,John Barclay,1986-09-24,32.99
22/09/2019,Ireland,17,Gordon Reid,1987-03-04,32.55
22/09/2019,Ireland,16,Fraser Brown,1989-06-20,30.26
22/09/2019,Ireland,4,Grant Gilchrist,1990-08-09,29.12
22/09/2019,Ireland,11,Sean Maitland,1988-09-14,31.02
22/09/2019,Ireland,2,Stuart McInally,1990-08-09,29.12
22/09/2019,Ireland,7,Hamish Watson,1991-10-15,27.94
22/09/2019,Ireland,19,Scott Cummings,1996-12-03,22.8
22/09/2019,Ireland,14,Tommy Seymour,1988-07-01,31.23
22/09/2019,Ireland,9,Greig Laidlaw,1985-10-12,33.94
22/09/2019,Ireland,10,Finn Russell,1992-09-23,27.0
22/09/2019,Ireland,12,Sam Johnson,1993-06-19,26.26
22/09/2019,Ireland,21,Ali Price,1993-05-12,26.36
22/09/2019,Ireland,8,Ryan Wilson,1989-05-18,30.35
22/09/2019,Ireland,15,Stuart Hogg,1992-06-24,27.24
22/09/2019,Ireland,23,Darcy Graham,1997-06-21,22.25
22/09/2019,Ireland,3,WP Nel,1986-04-30,33.4
22/09/2019,Ireland,1,Allan Dell,1992-03-16,27.52
22/09/2019,Ireland,5,Jonny Gray,1994-03-14,25.53
22/09/2019,Ireland,20,Blade Thomson,1990-12-04,28.8
22/09/2019,Ireland,22,Chris Harris,1990-12-28,28.73
30/09/2019,Samoa,23,Duncan Taylor,1989-09-05,30.07
30/09/2019,Samoa,7,Jamie Ritchie,1996-08-16,23.12
30/09/2019,Samoa,17,Gordon Reid,1987-03-04,32.58
30/09/2019,Samoa,16,Fraser Brown,1989-06-20,30.28
30/09/2019,Samoa,4,Grant Gilchrist,1990-08-09,29.14
30/09/2019,Samoa,11,Sean Maitland,1988-09-14,31.04
30/09/2019,Samoa,2,Stuart McInally,1990-08-09,29.14
30/09/2019,Samoa,19,Scott Cummings,1996-12-03,22.82
30/09/2019,Samoa,9,Greig Laidlaw,1985-10-12,33.97
30/09/2019,Samoa,6,Magnus Bradbury,1995-08-23,24.1
30/09/2019,Samoa,10,Finn Russell,1992-09-23,27.02
30/09/2019,Samoa,12,Sam Johnson,1993-06-19,26.28
30/09/2019,Samoa,18,Zander Fagerson,1996-01-19,23.7
30/09/2019,Samoa,21,George Horne,1995-05-12,24.39
30/09/2019,Samoa,22,Adam Hastings,1996-10-05,22.98
30/09/2019,Samoa,20,Ryan Wilson,1989-05-18,30.37
30/09/2019,Samoa,15,Stuart Hogg,1992-06-24,27.27
30/09/2019,Samoa,14,Darcy Graham,1997-06-21,22.28
30/09/2019,Samoa,3,WP Nel,1986-04-30,33.42
30/09/2019,Samoa,1,Allan Dell,1992-03-16,27.54
30/09/2019,Samoa,5,Jonny Gray,1994-03-14,25.55
30/09/2019,Samoa,8,Blade Thomson,1990-12-04,28.82
30/09/2019,Samoa,13,Chris Harris,1990-12-28,28.76
09/10/2019,Russia,17,Simon Berghan,1990-12-07,28.84
09/10/2019,Russia,13,Duncan Taylor,1989-09-05,30.09
09/10/2019,Russia,6,John Barclay,1986-09-24,33.04
09/10/2019,Russia,21,Jamie Ritchie,1996-08-16,23.15
09/10/2019,Russia,12,Pete Horne,1989-10-05,30.01
09/10/2019,Russia,2,George Turner,1992-10-08,27.0
09/10/2019,Russia,1,Gordon Reid,1987-03-04,32.6
09/10/2019,Russia,7,Fraser Brown,1989-06-20,30.3
09/10/2019,Russia,19,Grant Gilchrist,1990-08-09,29.17
09/10/2019,Russia,16,Stuart McInally,1990-08-09,29.17
09/10/2019,Russia,4,Scott Cummings,1996-12-03,22.85
09/10/2019,Russia,14,Tommy Seymour,1988-07-01,31.27
09/10/2019,Russia,20,Magnus Bradbury,1995-08-23,24.13
09/10/2019,Russia,15,Blair Kinghorn,1997-01-18,22.72
09/10/2019,Russia,3,Zander Fagerson,1996-01-19,23.72
09/10/2019,Russia,9,George Horne,1995-05-12,24.41
09/10/2019,Russia,10,Adam Hastings,1996-10-05,23.01
09/10/2019,Russia,22,Henry Pyrgos,1989-07-09,30.25
09/10/2019,Russia,8,Ryan Wilson,1989-05-18,30.39
09/10/2019,Russia,5,Ben Toolis,1992-03-31,27.52
09/10/2019,Russia,11,Darcy Graham,1997-06-21,22.3
09/10/2019,Russia,18,WP Nel,1986-04-30,33.44
09/10/2019,Russia,23,Chris Harris,1990-12-28,28.78
13/10/2019,Japan,7,Jamie Ritchie,1996-08-16,23.16
13/10/2019,Japan,22,Pete Horne,1989-10-05,30.02
13/10/2019,Japan,17,Gordon Reid,1987-03-04,32.61
13/10/2019,Japan,2,Fraser Brown,1989-06-20,30.31
13/10/2019,Japan,4,Grant Gilchrist,1990-08-09,29.18
13/10/2019,Japan,16,Stuart McInally,1990-08-09,29.18
13/10/2019,Japan,19,Scott Cummings,1996-12-03,22.86
13/10/2019,Japan,14,Tommy Seymour,1988-07-01,31.28
13/10/2019,Japan,9,Greig Laidlaw,1985-10-12,34.0
13/10/2019,Japan,6,Magnus Bradbury,1995-08-23,24.14
13/10/2019,Japan,10,Finn Russell,1992-09-23,27.05
13/10/2019,Japan,23,Blair Kinghorn,1997-01-18,22.73
13/10/2019,Japan,12,Sam Johnson,1993-06-19,26.32
13/10/2019,Japan,18,Zander Fagerson,1996-01-19,23.73
13/10/2019,Japan,21,George Horne,1995-05-12,24.42
13/10/2019,Japan,20,Ryan Wilson,1989-05-18,30.4
13/10/2019,Japan,15,Stuart Hogg,1992-06-24,27.3
13/10/2019,Japan,11,Darcy Graham,1997-06-21,22.31
13/10/2019,Japan,3,WP Nel,1986-04-30,33.45
13/10/2019,Japan,1,Allan Dell,1992-03-16,27.58
13/10/2019,Japan,5,Jonny Gray,1994-03-14,25.58
13/10/2019,Japan,8,Blade Thomson,1990-12-04,28.86
13/10/2019,Japan,13,Chris Harris,1990-12-28,28.79
01/02/2020,Ireland,20,Cornell Du Preez,1991-03-23,28.86
01/02/2020,Ireland,6,Jamie Ritchie,1996-08-16,23.46
01/02/2020,Ireland,8,Nick Haining,1990-09-01,29.42
01/02/2020,Ireland,22,Rory Hutchinson,1996-01-29,24.01
01/02/2020,Ireland,1,Rory Sutherland,1992-08-24,27.44
01/02/2020,Ireland,2,Fraser Brown,1989-06-20,30.62
01/02/2020,Ireland,14,Sean Maitland,1988-09-14,31.38
01/02/2020,Ireland,16,Stuart McInally,1990-08-09,29.48
01/02/2020,Ireland,7,Hamish Watson,1991-10-15,28.3
01/02/2020,Ireland,4,Scott Cummings,1996-12-03,23.16
01/02/2020,Ireland,13,Huw Jones,1993-12-17,26.13
01/02/2020,Ireland,11,Blair Kinghorn,1997-01-18,23.04
01/02/2020,Ireland,12,Sam Johnson,1993-06-19,26.62
01/02/2020,Ireland,3,Zander Fagerson,1996-01-19,24.04
01/02/2020,Ireland,21,George Horne,1995-05-12,24.73
01/02/2020,Ireland,9,Ali Price,1993-05-12,26.72
01/02/2020,Ireland,10,Adam Hastings,1996-10-05,23.32
01/02/2020,Ireland,19,Ben Toolis,1992-03-31,27.84
01/02/2020,Ireland,15,Stuart Hogg,1992-06-24,27.61
01/02/2020,Ireland,18,WP Nel,1986-04-30,33.76
01/02/2020,Ireland,17,Allan Dell,1992-03-16,27.88
01/02/2020,Ireland,5,Jonny Gray,1994-03-14,25.89
01/02/2020,Ireland,23,Chris Harris,1990-12-28,29.1
08/02/2020,England,18,Simon Berghan,1990-12-07,29.17
08/02/2020,England,6,Jamie Ritchie,1996-08-16,23.48
08/02/2020,England,20,Nick Haining,1990-09-01,29.44
08/02/2020,England,22,Rory Hutchinson,1996-01-29,24.03
08/02/2020,England,1,Rory Sutherland,1992-08-24,27.46
08/02/2020,England,2,Fraser Brown,1989-06-20,30.64
08/02/2020,England,14,Sean Maitland,1988-09-14,31.4
08/02/2020,England,16,Stuart McInally,1990-08-09,29.5
08/02/2020,England,7,Hamish Watson,1991-10-15,28.32
08/02/2020,England,4,Scott Cummings,1996-12-03,23.18
08/02/2020,England,13,Huw Jones,1993-12-17,26.14
08/02/2020,England,8,Magnus Bradbury,1995-08-23,24.46
08/02/2020,England,11,Blair Kinghorn,1997-01-18,23.06
08/02/2020,England,12,Sam Johnson,1993-06-19,26.64
08/02/2020,England,3,Zander Fagerson,1996-01-19,24.06
08/02/2020,England,21,George Horne,1995-05-12,24.75
08/02/2020,England,9,Ali Price,1993-05-12,26.74
08/02/2020,England,10,Adam Hastings,1996-10-05,23.34
08/02/2020,England,19,Ben Toolis,1992-03-31,27.86
08/02/2020,England,15,Stuart Hogg,1992-06-24,27.63
08/02/2020,England,17,Allan Dell,1992-03-16,27.9
08/02/2020,England,5,Jonny Gray,1994-03-14,25.91
08/02/2020,England,23,Chris Harris,1990-12-28,29.11
22/02/2020,Italy,6,Jamie Ritchie,1996-08-16,23.52
22/02/2020,Italy,22,Rory Hutchinson,1996-01-29,24.07
22/02/2020,Italy,1,Rory Sutherland,1992-08-24,27.5
22/02/2020,Italy,16,Fraser Brown,1989-06-20,30.68
22/02/2020,Italy,19,Grant Gilchrist,1990-08-09,29.54
22/02/2020,Italy,14,Sean Maitland,1988-09-14,31.44
22/02/2020,Italy,2,Stuart McInally,1990-08-09,29.54
22/02/2020,Italy,7,Hamish Watson,1991-10-15,28.36
22/02/2020,Italy,5,Scott Cummings,1996-12-03,23.22
22/02/2020,Italy,8,Magnus Bradbury,1995-08-23,24.5
22/02/2020,Italy,11,Blair Kinghorn,1997-01-18,23.09
22/02/2020,Italy,20,Matt Fagerson,1998-07-16,21.6
22/02/2020,Italy,12,Sam Johnson,1993-06-19,26.68
22/02/2020,Italy,3,Zander Fagerson,1996-01-19,24.09
22/02/2020,Italy,21,George Horne,1995-05-12,24.78
22/02/2020,Italy,9,Ali Price,1993-05-12,26.78
22/02/2020,Italy,10,Adam Hastings,1996-10-05,23.38
22/02/2020,Italy,4,Ben Toolis,1992-03-31,27.9
22/02/2020,Italy,15,Stuart Hogg,1992-06-24,27.66
22/02/2020,Italy,23,Byron McGuigan,1989-08-20,30.51
22/02/2020,Italy,18,WP Nel,1986-04-30,33.82
22/02/2020,Italy,17,Allan Dell,1992-03-16,27.94
22/02/2020,Italy,13,Chris Harris,1990-12-28,29.15
08/03/2020,France,6,Jamie Ritchie,1996-08-16,23.56
08/03/2020,France,8,Nick Haining,1990-09-01,29.52
08/03/2020,France,19,Sam Skinner,1995-01-31,25.1
08/03/2020,France,1,Rory Sutherland,1992-08-24,27.54
08/03/2020,France,2,Fraser Brown,1989-06-20,30.72
08/03/2020,France,23,Kyle Steyn,1994-01-29,26.11
08/03/2020,France,5,Grant Gilchrist,1990-08-09,29.58
08/03/2020,France,14,Sean Maitland,1988-09-14,31.48
08/03/2020,France,16,Stuart McInally,1990-08-09,29.58
08/03/2020,France,7,Hamish Watson,1991-10-15,28.4
08/03/2020,France,4,Scott Cummings,1996-12-03,23.26
08/03/2020,France,20,Magnus Bradbury,1995-08-23,24.54
08/03/2020,France,11,Blair Kinghorn,1997-01-18,23.14
08/03/2020,France,12,Sam Johnson,1993-06-19,26.72
08/03/2020,France,3,Zander Fagerson,1996-01-19,24.13
08/03/2020,France,21,George Horne,1995-05-12,24.82
08/03/2020,France,9,Ali Price,1993-05-12,26.82
08/03/2020,France,10,Adam Hastings,1996-10-05,23.42
08/03/2020,France,15,Stuart Hogg,1992-06-24,27.7
08/03/2020,France,18,WP Nel,1986-04-30,33.86
08/03/2020,France,22,Duncan Weir,1991-05-10,28.83
08/03/2020,France,17,Allan Dell,1992-03-16,27.98
08/03/2020,France,13,Chris Harris,1990-12-28,29.19
23/10/2020,Georgia,18,Simon Berghan,1990-12-07,29.88
23/10/2020,Georgia,21,Cornell Du Preez,1991-03-23,29.59
23/10/2020,Georgia,6,Jamie Ritchie,1996-08-16,24.19
23/10/2020,Georgia,20,Nick Haining,1990-09-01,30.14
23/10/2020,Georgia,1,Rory Sutherland,1992-08-24,28.16
23/10/2020,Georgia,2,Fraser Brown,1989-06-20,31.34
23/10/2020,Georgia,16,Stuart McInally,1990-08-09,30.21
23/10/2020,Georgia,7,Hamish Watson,1991-10-15,29.02
23/10/2020,Georgia,5,Scott Cummings,1996-12-03,23.89
23/10/2020,Georgia,17,Oli Kebble,1992-06-18,28.35
23/10/2020,Georgia,23,Finn Russell,1992-09-23,28.08
23/10/2020,Georgia,15,Blair Kinghorn,1997-01-18,23.76
23/10/2020,Georgia,12,James Lang,1995-04-04,25.56
23/10/2020,Georgia,8,Matt Fagerson,1998-07-16,22.27
23/10/2020,Georgia,3,Zander Fagerson,1996-01-19,24.76
23/10/2020,Georgia,19,Rob Harley,1990-05-26,30.41
23/10/2020,Georgia,22,George Horne,1995-05-12,25.45
23/10/2020,Georgia,9,Ali Price,1993-05-12,27.45
23/10/2020,Georgia,10,Adam Hastings,1996-10-05,24.05
23/10/2020,Georgia,4,Ben Toolis,1992-03-31,28.56
23/10/2020,Georgia,14,Darcy Graham,1997-06-21,23.34
23/10/2020,Georgia,11,Duhan van der Merwe,1995-06-04,25.39
23/10/2020,Georgia,13,Chris Harris,1990-12-28,29.82
31/10/2020,Wales,18,Simon Berghan,1990-12-07,29.9
31/10/2020,Wales,20,Cornell Du Preez,1991-03-23,29.61
31/10/2020,Wales,6,Jamie Ritchie,1996-08-16,24.21
31/10/2020,Wales,1,Rory Sutherland,1992-08-24,28.19
31/10/2020,Wales,21,Scott Steele,1993-07-24,27.27
31/10/2020,Wales,2,Fraser Brown,1989-06-20,31.37
31/10/2020,Wales,16,Stuart McInally,1990-08-09,30.23
31/10/2020,Wales,7,Hamish Watson,1991-10-15,29.05
31/10/2020,Wales,4,Scott Cummings,1996-12-03,23.91
31/10/2020,Wales,17,Oli Kebble,1992-06-18,28.37
31/10/2020,Wales,10,Finn Russell,1992-09-23,28.1
31/10/2020,Wales,11,Blair Kinghorn,1997-01-18,23.78
31/10/2020,Wales,12,James Lang,1995-04-04,25.58
31/10/2020,Wales,3,Zander Fagerson,1996-01-19,24.78
31/10/2020,Wales,9,Ali Price,1993-05-12,27.47
31/10/2020,Wales,22,Adam Hastings,1996-10-05,24.07
31/10/2020,Wales,19,Ben Toolis,1992-03-31,28.59
31/10/2020,Wales,15,Stuart Hogg,1992-06-24,28.35
31/10/2020,Wales,14,Darcy Graham,1997-06-21,23.36
31/10/2020,Wales,5,Jonny Gray,1994-03-14,26.63
31/10/2020,Wales,23,Duhan van der Merwe,1995-06-04,25.41
31/10/2020,Wales,8,Blade Thomson,1990-12-04,29.91
31/10/2020,Wales,13,Chris Harris,1990-12-28,29.84
14/11/2020,Italy,6,Jamie Ritchie,1996-08-16,24.25
14/11/2020,Italy,20,Nick Haining,1990-09-01,30.2
14/11/2020,Italy,19,Sam Skinner,1995-01-31,25.79
14/11/2020,Italy,16,George Turner,1992-10-08,28.1
14/11/2020,Italy,1,Rory Sutherland,1992-08-24,28.23
14/11/2020,Italy,2,Stuart McInally,1990-08-09,30.27
14/11/2020,Italy,7,Hamish Watson,1991-10-15,29.08
14/11/2020,Italy,4,Scott Cummings,1996-12-03,23.95
14/11/2020,Italy,17,Oli Kebble,1992-06-18,28.41
14/11/2020,Italy,23,Blair Kinghorn,1997-01-18,23.82
14/11/2020,Italy,22,James Lang,1995-04-04,25.62
14/11/2020,Italy,12,Sam Johnson,1993-06-19,27.41
14/11/2020,Italy,3,Zander Fagerson,1996-01-19,24.82
14/11/2020,Italy,9,Ali Price,1993-05-12,27.51
14/11/2020,Italy,21,Sam Hidalgo-Clyne,1993-08-04,27.28
14/11/2020,Italy,15,Stuart Hogg,1992-06-24,28.39
14/11/2020,Italy,14,Darcy Graham,1997-06-21,23.4
14/11/2020,Italy,18,WP Nel,1986-04-30,34.54
14/11/2020,Italy,10,Duncan Weir,1991-05-10,29.52
14/11/2020,Italy,5,Jonny Gray,1994-03-14,26.67
14/11/2020,Italy,11,Duhan van der Merwe,1995-06-04,25.45
14/11/2020,Italy,8,Blade Thomson,1990-12-04,29.95
14/11/2020,Italy,13,Chris Harris,1990-12-28,29.88
22/11/2020,France,3,Simon Berghan,1990-12-07,29.96
22/11/2020,France,22,Duncan Taylor,1989-09-05,31.21
22/11/2020,France,6,Jamie Ritchie,1996-08-16,24.27
22/11/2020,France,19,Sam Skinner,1995-01-31,25.81
22/11/2020,France,16,George Turner,1992-10-08,28.12
22/11/2020,France,2,Fraser Brown,1989-06-20,31.43
22/11/2020,France,23,Sean Maitland,1988-09-14,32.19
22/11/2020,France,7,Hamish Watson,1991-10-15,29.11
22/11/2020,France,4,Scott Cummings,1996-12-03,23.97
22/11/2020,France,1,Oli Kebble,1992-06-18,28.43
22/11/2020,France,14,Blair Kinghorn,1997-01-18,23.84
22/11/2020,France,8,Matt Fagerson,1998-07-16,22.36
22/11/2020,France,12,Sam Johnson,1993-06-19,27.43
22/11/2020,France,18,Zander Fagerson,1996-01-19,24.84
22/11/2020,France,9,Ali Price,1993-05-12,27.53
22/11/2020,France,21,Sam Hidalgo-Clyne,1993-08-04,27.3
22/11/2020,France,15,Stuart Hogg,1992-06-24,28.41
22/11/2020,France,10,Duncan Weir,1991-05-10,29.54
22/11/2020,France,5,Jonny Gray,1994-03-14,26.69
22/11/2020,France,11,Duhan van der Merwe,1995-06-04,25.47
22/11/2020,France,20,Blade Thomson,1990-12-04,29.97
22/11/2020,France,13,Chris Harris,1990-12-28,29.9
22/11/2020,France,17,Jamie Bhatti,1993-09-08,27.21
05/12/2020,Ireland,20,Blair Cowan,1986-04-21,34.63
05/12/2020,Ireland,12,Duncan Taylor,1989-09-05,31.25
05/12/2020,Ireland,7,Jamie Ritchie,1996-08-16,24.3
05/12/2020,Ireland,19,Sam Skinner,1995-01-31,25.85
05/12/2020,Ireland,16,George Turner,1992-10-08,28.16
05/12/2020,Ireland,1,Rory Sutherland,1992-08-24,28.28
05/12/2020,Ireland,2,Fraser Brown,1989-06-20,31.46
05/12/2020,Ireland,23,Sean Maitland,1988-09-14,32.23
05/12/2020,Ireland,4,Scott Cummings,1996-12-03,24.01
05/12/2020,Ireland,22,Huw Jones,1993-12-17,26.97
05/12/2020,Ireland,17,Oli Kebble,1992-06-18,28.47
05/12/2020,Ireland,8,Matt Fagerson,1998-07-16,22.39
05/12/2020,Ireland,3,Zander Fagerson,1996-01-19,24.88
05/12/2020,Ireland,9,Ali Price,1993-05-12,27.57
05/12/2020,Ireland,21,Sam Hidalgo-Clyne,1993-08-04,27.34
05/12/2020,Ireland,15,Stuart Hogg,1992-06-24,28.45
05/12/2020,Ireland,14,Darcy Graham,1997-06-21,23.46
05/12/2020,Ireland,18,WP Nel,1986-04-30,34.6
05/12/2020,Ireland,5,Jonny Gray,1994-03-14,26.73
05/12/2020,Ireland,11,Duhan van der Merwe,1995-06-04,25.51
05/12/2020,Ireland,6,Blade Thomson,1990-12-04,30.0
05/12/2020,Ireland,13,Chris Harris,1990-12-28,29.94
05/12/2020,Ireland,10,Jaco van der Walt,1994-02-01,26.84
06/02/2021,England,16,Dave Cherry,1991-01-03,30.1
06/02/2021,England,6,Jamie Ritchie,1996-08-16,24.48
06/02/2021,England,2,George Turner,1992-10-08,28.33
06/02/2021,England,1,Rory Sutherland,1992-08-24,28.46
06/02/2021,England,21,Scott Steele,1993-07-24,27.54
06/02/2021,England,12,Cam Redpath,1999-12-23,21.13
06/02/2021,England,14,Sean Maitland,1988-09-14,32.4
06/02/2021,England,7,Hamish Watson,1991-10-15,29.31
06/02/2021,England,4,Scott Cummings,1996-12-03,24.18
06/02/2021,England,23,Huw Jones,1993-12-17,27.14
06/02/2021,England,17,Oli Kebble,1992-06-18,28.64
06/02/2021,England,10,Finn Russell,1992-09-23,28.37
06/02/2021,England,8,Matt Fagerson,1998-07-16,22.56
06/02/2021,England,19,Richie Gray,1989-08-24,31.46
06/02/2021,England,3,Zander Fagerson,1996-01-19,25.05
06/02/2021,England,20,Gary Graham,1992-08-29,28.44
06/02/2021,England,9,Ali Price,1993-05-12,27.74
06/02/2021,England,15,Stuart Hogg,1992-06-24,28.62
06/02/2021,England,18,WP Nel,1986-04-30,34.77
06/02/2021,England,5,Jonny Gray,1994-03-14,26.9
06/02/2021,England,11,Duhan van der Merwe,1995-06-04,25.68
06/02/2021,England,13,Chris Harris,1990-12-28,30.11
06/02/2021,England,22,Jaco van der Walt,1994-02-01,27.01
13/02/2021,Wales,16,Dave Cherry,1991-01-03,30.11
13/02/2021,Wales,2,George Turner,1992-10-08,28.35
13/02/2021,Wales,1,Rory Sutherland,1992-08-24,28.47
13/02/2021,Wales,21,Scott Steele,1993-07-24,27.56
13/02/2021,Wales,7,Hamish Watson,1991-10-15,29.33
13/02/2021,Wales,4,Scott Cummings,1996-12-03,24.2
13/02/2021,Wales,23,Huw Jones,1993-12-17,27.16
13/02/2021,Wales,17,Oli Kebble,1992-06-18,28.66
13/02/2021,Wales,10,Finn Russell,1992-09-23,28.39
13/02/2021,Wales,12,James Lang,1995-04-04,25.87
13/02/2021,Wales,8,Matt Fagerson,1998-07-16,22.58
13/02/2021,Wales,19,Richie Gray,1989-08-24,31.47
13/02/2021,Wales,3,Zander Fagerson,1996-01-19,25.07
13/02/2021,Wales,20,Gary Graham,1992-08-29,28.46
13/02/2021,Wales,9,Ali Price,1993-05-12,27.76
13/02/2021,Wales,15,Stuart Hogg,1992-06-24,28.64
13/02/2021,Wales,14,Darcy Graham,1997-06-21,23.65
13/02/2021,Wales,18,WP Nel,1986-04-30,34.79
13/02/2021,Wales,5,Jonny Gray,1994-03-14,26.92
13/02/2021,Wales,11,Duhan van der Merwe,1995-06-04,25.7
13/02/2021,Wales,6,Blade Thomson,1990-12-04,30.2
13/02/2021,Wales,13,Chris Harris,1990-12-28,30.13
13/02/2021,Wales,22,Jaco van der Walt,1994-02-01,27.03
14/03/2021,Ireland,18,Simon Berghan,1990-12-07,30.27
14/03/2021,Ireland,16,Dave Cherry,1991-01-03,30.19
14/03/2021,Ireland,6,Jamie Ritchie,1996-08-16,24.58
14/03/2021,Ireland,20,Nick Haining,1990-09-01,30.53
14/03/2021,Ireland,2,George Turner,1992-10-08,28.43
14/03/2021,Ireland,1,Rory Sutherland,1992-08-24,28.55
14/03/2021,Ireland,21,Scott Steele,1993-07-24,27.64
14/03/2021,Ireland,19,Grant Gilchrist,1990-08-09,30.6
14/03/2021,Ireland,14,Sean Maitland,1988-09-14,32.5
14/03/2021,Ireland,7,Hamish Watson,1991-10-15,29.41
14/03/2021,Ireland,4,Scott Cummings,1996-12-03,24.28
14/03/2021,Ireland,22,Huw Jones,1993-12-17,27.24
14/03/2021,Ireland,10,Finn Russell,1992-09-23,28.47
14/03/2021,Ireland,8,Matt Fagerson,1998-07-16,22.66
14/03/2021,Ireland,12,Sam Johnson,1993-06-19,27.73
14/03/2021,Ireland,9,Ali Price,1993-05-12,27.84
14/03/2021,Ireland,15,Stuart Hogg,1992-06-24,28.72
14/03/2021,Ireland,23,Darcy Graham,1997-06-21,23.73
14/03/2021,Ireland,3,WP Nel,1986-04-30,34.87
14/03/2021,Ireland,5,Jonny Gray,1994-03-14,27.0
14/03/2021,Ireland,11,Duhan van der Merwe,1995-06-04,25.78
14/03/2021,Ireland,13,Chris Harris,1990-12-28,30.21
14/03/2021,Ireland,17,Jamie Bhatti,1993-09-08,27.51
20/03/2021,Italy,8,Matt Fagerson,1998-07-16,22.68
20/03/2021,Italy,12,Sam Johnson,1993-06-19,27.75
20/03/2021,Italy,3,Zander Fagerson,1996-01-19,25.17
20/03/2021,Italy,21,Ali Price,1993-05-12,27.86
20/03/2021,Italy,10,Stuart Hogg,1992-06-24,28.74
20/03/2021,Italy,14,Darcy Graham,1997-06-21,23.75
20/03/2021,Italy,11,Duhan van der Merwe,1995-06-04,25.79
20/03/2021,Italy,23,Chris Harris,1990-12-28,30.23
20/03/2021,Italy,22,Jaco van der Walt,1994-02-01,27.13
20/03/2021,Italy,17,Jamie Bhatti,1993-09-08,27.53
20/03/2021,Italy,18,Simon Berghan,1990-12-07,30.28
20/03/2021,Italy,2,Dave Cherry,1991-01-03,30.21
20/03/2021,Italy,6,Jamie Ritchie,1996-08-16,24.59
20/03/2021,Italy,20,Nick Haining,1990-09-01,30.55
20/03/2021,Italy,4,Sam Skinner,1995-01-31,26.13
20/03/2021,Italy,16,George Turner,1992-10-08,28.45
20/03/2021,Italy,19,Alex Craig,1997-04-26,23.9
20/03/2021,Italy,1,Rory Sutherland,1992-08-24,28.57
20/03/2021,Italy,9,Scott Steele,1993-07-24,27.66
20/03/2021,Italy,5,Grant Gilchrist,1990-08-09,30.61
20/03/2021,Italy,15,Sean Maitland,1988-09-14,32.51
20/03/2021,Italy,7,Hamish Watson,1991-10-15,29.43
20/03/2021,Italy,13,Huw Jones,1993-12-17,27.26
26/03/2021,France,18,Simon Berghan,1990-12-07,30.3
26/03/2021,France,16,Dave Cherry,1991-01-03,30.23
26/03/2021,France,6,Jamie Ritchie,1996-08-16,24.61
26/03/2021,France,8,Nick Haining,1990-09-01,30.57
26/03/2021,France,4,Sam Skinner,1995-01-31,26.15
26/03/2021,France,2,George Turner,1992-10-08,28.46
26/03/2021,France,19,Alex Craig,1997-04-26,23.92
26/03/2021,France,1,Rory Sutherland,1992-08-24,28.59
26/03/2021,France,21,Scott Steele,1993-07-24,27.67
26/03/2021,France,5,Grant Gilchrist,1990-08-09,30.63
26/03/2021,France,7,Hamish Watson,1991-10-15,29.45
26/03/2021,France,23,Huw Jones,1993-12-17,27.27
26/03/2021,France,17,Oli Kebble,1992-06-18,28.77
26/03/2021,France,10,Finn Russell,1992-09-23,28.5
26/03/2021,France,12,Sam Johnson,1993-06-19,27.77
26/03/2021,France,3,Zander Fagerson,1996-01-19,25.18
26/03/2021,France,9,Ali Price,1993-05-12,27.87
26/03/2021,France,22,Adam Hastings,1996-10-05,24.47
26/03/2021,France,20,Ryan Wilson,1989-05-18,31.86
26/03/2021,France,15,Stuart Hogg,1992-06-24,28.75
26/03/2021,France,14,Darcy Graham,1997-06-21,23.76
26/03/2021,France,11,Duhan van der Merwe,1995-06-04,25.81
26/03/2021,France,13,Chris Harris,1990-12-28,30.24
30/10/2021,Tonga,6,Jamie Ritchie,1996-08-16,25.21
30/10/2021,Tonga,21,Nick Haining,1990-09-01,31.16
30/10/2021,Tonga,2,George Turner,1992-10-08,29.06
30/10/2021,Tonga,22,Jamie Dobie,2001-06-07,20.4
30/10/2021,Tonga,14,Kyle Steyn,1994-01-29,27.75
30/10/2021,Tonga,19,Marshall Sykes,1999-12-29,21.84
30/10/2021,Tonga,16,Stuart McInally,1990-08-09,31.23
30/10/2021,Tonga,7,Hamish Watson,1991-10-15,30.04
30/10/2021,Tonga,4,Jamie Hodgson,1998-03-19,23.62
30/10/2021,Tonga,23,Ross Thompson,1999-04-10,22.56
30/10/2021,Tonga,1,Pierre Schoeman,1994-05-07,27.48
30/10/2021,Tonga,18,Oli Kebble,1992-06-18,29.37
30/10/2021,Tonga,10,Blair Kinghorn,1997-01-18,24.78
30/10/2021,Tonga,8,Matt Fagerson,1998-07-16,23.29
30/10/2021,Tonga,12,Sam Johnson,1993-06-19,28.36
30/10/2021,Tonga,3,Zander Fagerson,1996-01-19,25.78
30/10/2021,Tonga,5,Rob Harley,1990-05-26,31.43
30/10/2021,Tonga,11,Rufus McLean,2000-03-02,21.66
30/10/2021,Tonga,9,Ali Price,1993-05-12,28.47
30/10/2021,Tonga,20,Luke Crosbie,1997-04-22,24.52
30/10/2021,Tonga,13,Sione Tuipulotu,1997-02-12,24.71
30/10/2021,Tonga,15,Darcy Graham,1997-06-21,24.36
30/10/2021,Tonga,17,Jamie Bhatti,1993-09-08,28.14
07/11/2021,Australia,20,Josh Bayliss,1997-09-18,24.14
07/11/2021,Australia,6,Jamie Ritchie,1996-08-16,25.23
07/11/2021,Australia,4,Sam Skinner,1995-01-31,26.77
07/11/2021,Australia,2,George Turner,1992-10-08,29.08
07/11/2021,Australia,23,Kyle Steyn,1994-01-29,27.77
07/11/2021,Australia,5,Grant Gilchrist,1990-08-09,31.25
07/11/2021,Australia,16,Ewan Ashman,2000-04-03,21.6
07/11/2021,Australia,7,Hamish Watson,1991-10-15,30.06
07/11/2021,Australia,19,Jamie Hodgson,1998-03-19,23.64
07/11/2021,Australia,1,Pierre Schoeman,1994-05-07,27.51
07/11/2021,Australia,18,Oli Kebble,1992-06-18,29.39
07/11/2021,Australia,10,Finn Russell,1992-09-23,29.12
07/11/2021,Australia,8,Matt Fagerson,1998-07-16,23.31
07/11/2021,Australia,12,Sam Johnson,1993-06-19,28.39
07/11/2021,Australia,3,Zander Fagerson,1996-01-19,25.8
07/11/2021,Australia,21,George Horne,1995-05-12,26.49
07/11/2021,Australia,9,Ali Price,1993-05-12,28.49
07/11/2021,Australia,22,Adam Hastings,1996-10-05,25.09
07/11/2021,Australia,15,Stuart Hogg,1992-06-24,29.37
07/11/2021,Australia,14,Darcy Graham,1997-06-21,24.38
07/11/2021,Australia,11,Duhan van der Merwe,1995-06-04,26.43
07/11/2021,Australia,13,Chris Harris,1990-12-28,30.86
07/11/2021,Australia,17,Jamie Bhatti,1993-09-08,28.16
13/11/2021,South Africa,7,Jamie Ritchie,1996-08-16,25.24
13/11/2021,South Africa,6,Nick Haining,1990-09-01,31.2
13/11/2021,South Africa,4,Sam Skinner,1995-01-31,26.78
13/11/2021,South Africa,5,Grant Gilchrist,1990-08-09,31.26
13/11/2021,South Africa,16,Ewan Ashman,2000-04-03,21.61
13/11/2021,South Africa,2,Stuart McInally,1990-08-09,31.26
13/11/2021,South Africa,20,Hamish Watson,1991-10-15,30.08
13/11/2021,South Africa,19,Jamie Hodgson,1998-03-19,23.66
13/11/2021,South Africa,1,Pierre Schoeman,1994-05-07,27.52
13/11/2021,South Africa,18,Oli Kebble,1992-06-18,29.41
13/11/2021,South Africa,10,Finn Russell,1992-09-23,29.14
13/11/2021,South Africa,23,Blair Kinghorn,1997-01-18,24.82
13/11/2021,South Africa,8,Matt Fagerson,1998-07-16,23.33
13/11/2021,South Africa,3,Zander Fagerson,1996-01-19,25.82
13/11/2021,South Africa,14,Rufus McLean,2000-03-02,21.7
13/11/2021,South Africa,21,George Horne,1995-05-12,26.51
13/11/2021,South Africa,9,Ali Price,1993-05-12,28.51
13/11/2021,South Africa,22,Adam Hastings,1996-10-05,25.11
13/11/2021,South Africa,15,Stuart Hogg,1992-06-24,29.39
13/11/2021,South Africa,12,Matt Scott,1990-09-30,31.12
13/11/2021,South Africa,11,Duhan van der Merwe,1995-06-04,26.45
13/11/2021,South Africa,13,Chris Harris,1990-12-28,30.88
13/11/2021,South Africa,17,Jamie Bhatti,1993-09-08,28.18
20/11/2021,Japan,18,Javan Sebastian,1994-09-02,27.22
20/11/2021,Japan,8,Josh Bayliss,1997-09-18,24.17
20/11/2021,Japan,6,Jamie Ritchie,1996-08-16,25.26
20/11/2021,Japan,19,Sam Skinner,1995-01-31,26.8
20/11/2021,Japan,2,George Turner,1992-10-08,29.12
20/11/2021,Japan,5,Grant Gilchrist,1990-08-09,31.28
20/11/2021,Japan,16,Stuart McInally,1990-08-09,31.28
20/11/2021,Japan,7,Hamish Watson,1991-10-15,30.1
20/11/2021,Japan,4,Scott Cummings,1996-12-03,24.96
20/11/2021,Japan,17,Pierre Schoeman,1994-05-07,27.54
20/11/2021,Japan,10,Finn Russell,1992-09-23,29.16
20/11/2021,Japan,23,Blair Kinghorn,1997-01-18,24.84
20/11/2021,Japan,21,Matt Fagerson,1998-07-16,23.35
20/11/2021,Japan,12,Sam Johnson,1993-06-19,28.42
20/11/2021,Japan,3,Zander Fagerson,1996-01-19,25.84
20/11/2021,Japan,22,George Horne,1995-05-12,26.53
20/11/2021,Japan,9,Ali Price,1993-05-12,28.53
20/11/2021,Japan,20,Dylan Richardson,1999-01-15,22.85
20/11/2021,Japan,15,Stuart Hogg,1992-06-24,29.41
20/11/2021,Japan,14,Darcy Graham,1997-06-21,24.42
20/11/2021,Japan,11,Duhan van der Merwe,1995-06-04,26.46
20/11/2021,Japan,13,Chris Harris,1990-12-28,30.9
20/11/2021,Japan,1,Jamie Bhatti,1993-09-08,28.2
05/02/2022,England,21,Ben White,1998-05-27,23.7
05/02/2022,England,6,Jamie Ritchie,1996-08-16,25.47
05/02/2022,England,19,Sam Skinner,1995-01-31,27.01
05/02/2022,England,2,George Turner,1992-10-08,29.33
05/02/2022,England,1,Rory Sutherland,1992-08-24,29.45
05/02/2022,England,5,Grant Gilchrist,1990-08-09,31.49
05/02/2022,England,16,Stuart McInally,1990-08-09,31.49
05/02/2022,England,7,Hamish Watson,1991-10-15,30.31
05/02/2022,England,17,Pierre Schoeman,1994-05-07,27.75
05/02/2022,England,20,Magnus Bradbury,1995-08-23,26.46
05/02/2022,England,10,Finn Russell,1992-09-23,29.37
05/02/2022,England,22,Blair Kinghorn,1997-01-18,25.05
05/02/2022,England,8,Matt Fagerson,1998-07-16,23.56
05/02/2022,England,12,Sam Johnson,1993-06-19,28.63
05/02/2022,England,3,Zander Fagerson,1996-01-19,26.05
05/02/2022,England,9,Ali Price,1993-05-12,28.74
05/02/2022,England,23,Sione Tuipulotu,1997-02-12,24.98
05/02/2022,England,15,Stuart Hogg,1992-06-24,29.62
05/02/2022,England,14,Darcy Graham,1997-06-21,24.63
05/02/2022,England,18,WP Nel,1986-04-30,35.77
05/02/2022,England,4,Jonny Gray,1994-03-14,27.9
05/02/2022,England,11,Duhan van der Merwe,1995-06-04,26.68
05/02/2022,England,13,Chris Harris,1990-12-28,31.11
12/02/2022,Wales,21,Ben White,1998-05-27,23.72
12/02/2022,Wales,6,Sam Skinner,1995-01-31,27.03
12/02/2022,Wales,16,George Turner,1992-10-08,29.35
12/02/2022,Wales,17,Rory Sutherland,1992-08-24,29.47
12/02/2022,Wales,5,Grant Gilchrist,1990-08-09,31.51
12/02/2022,Wales,23,Cam Redpath,1999-12-23,22.14
12/02/2022,Wales,2,Stuart McInally,1990-08-09,31.51
12/02/2022,Wales,7,Hamish Watson,1991-10-15,30.33
12/02/2022,Wales,1,Pierre Schoeman,1994-05-07,27.77
12/02/2022,Wales,20,Rory Darge,2000-02-23,21.97
12/02/2022,Wales,19,Magnus Bradbury,1995-08-23,26.48
12/02/2022,Wales,10,Finn Russell,1992-09-23,29.39
12/02/2022,Wales,22,Blair Kinghorn,1997-01-18,25.07
12/02/2022,Wales,8,Matt Fagerson,1998-07-16,23.58
12/02/2022,Wales,18,Zander Fagerson,1996-01-19,26.07
12/02/2022,Wales,9,Ali Price,1993-05-12,28.76
12/02/2022,Wales,12,Sione Tuipulotu,1997-02-12,25.0
12/02/2022,Wales,15,Stuart Hogg,1992-06-24,29.64
12/02/2022,Wales,14,Darcy Graham,1997-06-21,24.65
12/02/2022,Wales,3,WP Nel,1986-04-30,35.79
12/02/2022,Wales,4,Jonny Gray,1994-03-14,27.92
12/02/2022,Wales,11,Duhan van der Merwe,1995-06-04,26.69
12/02/2022,Wales,13,Chris Harris,1990-12-28,31.13
26/02/2022,France,21,Ben White,1998-05-27,23.75
26/02/2022,France,7,Nick Haining,1990-09-01,31.49
26/02/2022,France,4,Sam Skinner,1995-01-31,27.07
26/02/2022,France,16,George Turner,1992-10-08,29.39
26/02/2022,France,23,Mark Bennett,1993-02-03,29.06
26/02/2022,France,5,Grant Gilchrist,1990-08-09,31.55
26/02/2022,France,2,Stuart McInally,1990-08-09,31.55
26/02/2022,France,19,Jamie Hodgson,1998-03-19,23.94
26/02/2022,France,1,Pierre Schoeman,1994-05-07,27.81
26/02/2022,France,6,Rory Darge,2000-02-23,22.01
26/02/2022,France,8,Magnus Bradbury,1995-08-23,26.51
26/02/2022,France,17,Oli Kebble,1992-06-18,29.69
26/02/2022,France,10,Finn Russell,1992-09-23,29.43
26/02/2022,France,22,Blair Kinghorn,1997-01-18,25.11
26/02/2022,France,3,Zander Fagerson,1996-01-19,26.11
26/02/2022,France,9,Ali Price,1993-05-12,28.79
26/02/2022,France,12,Sione Tuipulotu,1997-02-12,25.04
26/02/2022,France,15,Stuart Hogg,1992-06-24,29.68
26/02/2022,France,14,Darcy Graham,1997-06-21,24.68
26/02/2022,France,18,WP Nel,1986-04-30,35.83
26/02/2022,France,11,Duhan van der Merwe,1995-06-04,26.73
26/02/2022,France,13,Chris Harris,1990-12-28,31.17
26/02/2022,France,20,Andy Onyeama Christie,1999-03-22,22.94
12/03/2022,Italy,21,Ben Vellacott,1995-03-28,26.96
12/03/2022,Italy,4,Sam Skinner,1995-01-31,27.11
12/03/2022,Italy,2,George Turner,1992-10-08,29.42
12/03/2022,Italy,11,Kyle Steyn,1994-01-29,28.12
12/03/2022,Italy,5,Grant Gilchrist,1990-08-09,31.59
12/03/2022,Italy,16,Stuart McInally,1990-08-09,31.59
12/03/2022,Italy,7,Hamish Watson,1991-10-15,30.41
12/03/2022,Italy,19,Jamie Hodgson,1998-03-19,23.98
12/03/2022,Italy,1,Pierre Schoeman,1994-05-07,27.85
12/03/2022,Italy,6,Rory Darge,2000-02-23,22.05
12/03/2022,Italy,20,Magnus Bradbury,1995-08-23,26.55
12/03/2022,Italy,10,Finn Russell,1992-09-23,29.47
12/03/2022,Italy,8,Matt Fagerson,1998-07-16,23.66
12/03/2022,Italy,12,Sam Johnson,1993-06-19,28.73
12/03/2022,Italy,3,Zander Fagerson,1996-01-19,26.14
12/03/2022,Italy,9,Ali Price,1993-05-12,28.83
12/03/2022,Italy,22,Adam Hastings,1996-10-05,25.43
12/03/2022,Italy,23,Sione Tuipulotu,1997-02-12,25.08
12/03/2022,Italy,15,Stuart Hogg,1992-06-24,29.71
12/03/2022,Italy,14,Darcy Graham,1997-06-21,24.72
12/03/2022,Italy,18,WP Nel,1986-04-30,35.87
12/03/2022,Italy,17,Allan Dell,1992-03-16,29.99
12/03/2022,Italy,13,Chris Harris,1990-12-28,31.2
19/03/2022,Ireland,21,Ben White,1998-05-27,23.81
19/03/2022,Ireland,20,Josh Bayliss,1997-09-18,24.5
19/03/2022,Ireland,19,Sam Skinner,1995-01-31,27.13
19/03/2022,Ireland,2,George Turner,1992-10-08,29.44
19/03/2022,Ireland,23,Mark Bennett,1993-02-03,29.12
19/03/2022,Ireland,16,Fraser Brown,1989-06-20,32.75
19/03/2022,Ireland,11,Kyle Steyn,1994-01-29,28.13
19/03/2022,Ireland,5,Grant Gilchrist,1990-08-09,31.61
19/03/2022,Ireland,7,Hamish Watson,1991-10-15,30.43
19/03/2022,Ireland,1,Pierre Schoeman,1994-05-07,27.87
19/03/2022,Ireland,6,Rory Darge,2000-02-23,22.07
19/03/2022,Ireland,22,Finn Russell,1992-09-23,29.48
19/03/2022,Ireland,10,Blair Kinghorn,1997-01-18,25.16
19/03/2022,Ireland,8,Matt Fagerson,1998-07-16,23.67
19/03/2022,Ireland,12,Sam Johnson,1993-06-19,28.75
19/03/2022,Ireland,3,Zander Fagerson,1996-01-19,26.16
19/03/2022,Ireland,9,Ali Price,1993-05-12,28.85
19/03/2022,Ireland,15,Stuart Hogg,1992-06-24,29.73
19/03/2022,Ireland,14,Darcy Graham,1997-06-21,24.74
19/03/2022,Ireland,18,WP Nel,1986-04-30,35.89
19/03/2022,Ireland,17,Allan Dell,1992-03-16,30.01
19/03/2022,Ireland,4,Jonny Gray,1994-03-14,28.01
19/03/2022,Ireland,13,Chris Harris,1990-12-28,31.22
02/07/2022,Argentina,21,Ben White,1998-05-27,24.1
02/07/2022,Argentina,18,Javan Sebastian,1994-09-02,27.83
02/07/2022,Argentina,19,Sam Skinner,1995-01-31,27.42
02/07/2022,Argentina,2,George Turner,1992-10-08,29.73
02/07/2022,Argentina,13,Mark Bennett,1993-02-03,29.41
02/07/2022,Argentina,15,Rory Hutchinson,1996-01-29,26.42
02/07/2022,Argentina,17,Rory Sutherland,1992-08-24,29.85
02/07/2022,Argentina,4,Grant Gilchrist,1990-08-09,31.9
02/07/2022,Argentina,16,Ewan Ashman,2000-04-03,22.25
02/07/2022,Argentina,22,Ross Thompson,1999-04-10,23.23
02/07/2022,Argentina,1,Pierre Schoeman,1994-05-07,28.15
02/07/2022,Argentina,20,Rory Darge,2000-02-23,22.36
02/07/2022,Argentina,6,Magnus Bradbury,1995-08-23,26.86
02/07/2022,Argentina,10,Blair Kinghorn,1997-01-18,25.45
02/07/2022,Argentina,8,Matt Fagerson,1998-07-16,23.96
02/07/2022,Argentina,12,Sam Johnson,1993-06-19,29.04
02/07/2022,Argentina,3,Zander Fagerson,1996-01-19,26.45
02/07/2022,Argentina,9,Ali Price,1993-05-12,29.14
02/07/2022,Argentina,7,Luke Crosbie,1997-04-22,25.19
02/07/2022,Argentina,23,Sione Tuipulotu,1997-02-12,25.38
02/07/2022,Argentina,14,Darcy Graham,1997-06-21,25.03
02/07/2022,Argentina,5,Jonny Gray,1994-03-14,28.3
02/07/2022,Argentina,11,Duhan van der Merwe,1995-06-04,27.08
09/07/2022,Argentina,9,Ben White,1998-05-27,24.12
09/07/2022,Argentina,18,Javan Sebastian,1994-09-02,27.85
09/07/2022,Argentina,2,Dave Cherry,1991-01-03,31.51
09/07/2022,Argentina,4,Sam Skinner,1995-01-31,27.44
09/07/2022,Argentina,16,George Turner,1992-10-08,29.75
09/07/2022,Argentina,13,Mark Bennett,1993-02-03,29.43
09/07/2022,Argentina,15,Rory Hutchinson,1996-01-29,26.44
09/07/2022,Argentina,5,Grant Gilchrist,1990-08-09,31.92
09/07/2022,Argentina,7,Hamish Watson,1991-10-15,30.73
09/07/2022,Argentina,19,Scott Cummings,1996-12-03,25.6
09/07/2022,Argentina,22,Ross Thompson,1999-04-10,23.25
09/07/2022,Argentina,1,Pierre Schoeman,1994-05-07,28.17
09/07/2022,Argentina,6,Rory Darge,2000-02-23,22.37
09/07/2022,Argentina,10,Blair Kinghorn,1997-01-18,25.47
09/07/2022,Argentina,8,Matt Fagerson,1998-07-16,23.98
09/07/2022,Argentina,12,Sam Johnson,1993-06-19,29.05
09/07/2022,Argentina,3,Zander Fagerson,1996-01-19,26.47
09/07/2022,Argentina,21,Ali Price,1993-05-12,29.16
09/07/2022,Argentina,14,Darcy Graham,1997-06-21,25.05
09/07/2022,Argentina,23,Kyle Rowe,1998-02-08,24.41
09/07/2022,Argentina,11,Duhan van der Merwe,1995-06-04,27.1
09/07/2022,Argentina,20,Andy Onyeama Christie,1999-03-22,23.3
09/07/2022,Argentina,17,Jamie Bhatti,1993-09-08,28.83
16/07/2022,Argentina,18,Javan Sebastian,1994-09-02,27.87
16/07/2022,Argentina,16,Dave Cherry,1991-01-03,31.53
16/07/2022,Argentina,13,Mark Bennett,1993-02-03,29.45
16/07/2022,Argentina,1,Rory Sutherland,1992-08-24,29.89
16/07/2022,Argentina,2,Ewan Ashman,2000-04-03,22.28
16/07/2022,Argentina,19,Glen Young,1994-11-04,27.7
16/07/2022,Argentina,7,Hamish Watson,1991-10-15,30.75
16/07/2022,Argentina,4,Scott Cummings,1996-12-03,25.62
16/07/2022,Argentina,22,Ross Thompson,1999-04-10,23.27
16/07/2022,Argentina,17,Pierre Schoeman,1994-05-07,28.19
16/07/2022,Argentina,6,Rory Darge,2000-02-23,22.39
16/07/2022,Argentina,10,Blair Kinghorn,1997-01-18,25.49
16/07/2022,Argentina,8,Matt Fagerson,1998-07-16,24.0
16/07/2022,Argentina,23,Sam Johnson,1993-06-19,29.07
16/07/2022,Argentina,3,Zander Fagerson,1996-01-19,26.49
16/07/2022,Argentina,14,Rufus McLean,2000-03-02,22.37
16/07/2022,Argentina,21,George Horne,1995-05-12,27.18
16/07/2022,Argentina,9,Ali Price,1993-05-12,29.18
16/07/2022,Argentina,12,Sione Tuipulotu,1997-02-12,25.42
16/07/2022,Argentina,15,Ollie Smith,2000-08-07,21.94
16/07/2022,Argentina,5,Jonny Gray,1994-03-14,28.34
16/07/2022,Argentina,11,Duhan van der Merwe,1995-06-04,27.12
16/07/2022,Argentina,20,Andy Onyeama Christie,1999-03-22,23.32
29/10/2022,Australia,2,Dave Cherry,1991-01-03,31.82
29/10/2022,Australia,6,Jamie Ritchie,1996-08-16,26.2
29/10/2022,Australia,4,Sam Skinner,1995-01-31,27.74
29/10/2022,Australia,23,Damien Hoyland,1994-01-11,28.8
29/10/2022,Australia,16,George Turner,1992-10-08,30.06
29/10/2022,Australia,13,Mark Bennett,1993-02-03,29.73
29/10/2022,Australia,5,Grant Gilchrist,1990-08-09,32.22
29/10/2022,Australia,19,Glen Young,1994-11-04,27.98
29/10/2022,Australia,7,Hamish Watson,1991-10-15,31.04
29/10/2022,Australia,22,Ross Thompson,1999-04-10,23.55
29/10/2022,Australia,1,Pierre Schoeman,1994-05-07,28.48
29/10/2022,Australia,10,Blair Kinghorn,1997-01-18,25.78
29/10/2022,Australia,8,Matt Fagerson,1998-07-16,24.29
29/10/2022,Australia,3,Zander Fagerson,1996-01-19,26.78
29/10/2022,Australia,20,Jack Dempsey,1994-04-12,28.55
29/10/2022,Australia,21,George Horne,1995-05-12,27.47
29/10/2022,Australia,9,Ali Price,1993-05-12,29.47
29/10/2022,Australia,12,Sione Tuipulotu,1997-02-12,25.71
29/10/2022,Australia,14,Darcy Graham,1997-06-21,25.36
29/10/2022,Australia,15,Ollie Smith,2000-08-07,22.23
29/10/2022,Australia,18,WP Nel,1986-04-30,36.5
29/10/2022,Australia,11,Duhan van der Merwe,1995-06-04,27.4
29/10/2022,Australia,17,Jamie Bhatti,1993-09-08,29.14
05/11/2022,Fiji,21,Ben White,1998-05-27,24.44
05/11/2022,Fiji,6,Jamie Ritchie,1996-08-16,26.22
05/11/2022,Fiji,2,George Turner,1992-10-08,30.08
05/11/2022,Fiji,17,Rory Sutherland,1992-08-24,30.2
05/11/2022,Fiji,5,Grant Gilchrist,1990-08-09,32.24
05/11/2022,Fiji,12,Cam Redpath,1999-12-23,22.87
05/11/2022,Fiji,16,Ewan Ashman,2000-04-03,22.59
05/11/2022,Fiji,7,Hamish Watson,1991-10-15,31.06
05/11/2022,Fiji,1,Pierre Schoeman,1994-05-07,28.5
05/11/2022,Fiji,22,Blair Kinghorn,1997-01-18,25.8
05/11/2022,Fiji,8,Matt Fagerson,1998-07-16,24.31
05/11/2022,Fiji,4,Richie Gray,1989-08-24,33.2
05/11/2022,Fiji,3,Zander Fagerson,1996-01-19,26.8
05/11/2022,Fiji,20,Jack Dempsey,1994-04-12,28.57
05/11/2022,Fiji,9,Ali Price,1993-05-12,29.48
05/11/2022,Fiji,10,Adam Hastings,1996-10-05,26.08
05/11/2022,Fiji,18,Murphy Walker,1999-10-25,23.03
05/11/2022,Fiji,23,Sione Tuipulotu,1997-02-12,25.73
05/11/2022,Fiji,15,Stuart Hogg,1992-06-24,30.37
05/11/2022,Fiji,14,Darcy Graham,1997-06-21,25.37
05/11/2022,Fiji,19,Jonny Gray,1994-03-14,28.65
05/11/2022,Fiji,11,Duhan van der Merwe,1995-06-04,27.42
05/11/2022,Fiji,13,Chris Harris,1990-12-28,31.86
13/11/2022,New Zealand,21,Ben White,1998-05-27,24.47
13/11/2022,New Zealand,6,Jamie Ritchie,1996-08-16,26.24
13/11/2022,New Zealand,23,Mark Bennett,1993-02-03,29.77
13/11/2022,New Zealand,17,Rory Sutherland,1992-08-24,30.22
13/11/2022,New Zealand,2,Fraser Brown,1989-06-20,33.4
13/11/2022,New Zealand,5,Grant Gilchrist,1990-08-09,32.26
13/11/2022,New Zealand,16,Ewan Ashman,2000-04-03,22.61
13/11/2022,New Zealand,7,Hamish Watson,1991-10-15,31.08
13/11/2022,New Zealand,1,Pierre Schoeman,1994-05-07,28.52
13/11/2022,New Zealand,10,Finn Russell,1992-09-23,30.14
13/11/2022,New Zealand,22,Blair Kinghorn,1997-01-18,25.82
13/11/2022,New Zealand,8,Matt Fagerson,1998-07-16,24.33
13/11/2022,New Zealand,4,Richie Gray,1989-08-24,33.22
13/11/2022,New Zealand,3,Zander Fagerson,1996-01-19,26.82
13/11/2022,New Zealand,20,Jack Dempsey,1994-04-12,28.59
13/11/2022,New Zealand,9,Ali Price,1993-05-12,29.51
13/11/2022,New Zealand,12,Sione Tuipulotu,1997-02-12,25.75
13/11/2022,New Zealand,15,Stuart Hogg,1992-06-24,30.39
13/11/2022,New Zealand,14,Darcy Graham,1997-06-21,25.4
13/11/2022,New Zealand,18,WP Nel,1986-04-30,36.54
13/11/2022,New Zealand,19,Jonny Gray,1994-03-14,28.67
13/11/2022,New Zealand,11,Duhan van der Merwe,1995-06-04,27.44
13/11/2022,New Zealand,13,Chris Harris,1990-12-28,31.88
19/11/2022,Argentina,21,Ben White,1998-05-27,24.48
19/11/2022,Argentina,7,Jamie Ritchie,1996-08-16,26.26
19/11/2022,Argentina,16,George Turner,1992-10-08,30.11
19/11/2022,Argentina,2,Fraser Brown,1989-06-20,33.42
19/11/2022,Argentina,5,Grant Gilchrist,1990-08-09,32.28
19/11/2022,Argentina,23,Cam Redpath,1999-12-23,22.91
19/11/2022,Argentina,19,Glen Young,1994-11-04,28.04
19/11/2022,Argentina,1,Pierre Schoeman,1994-05-07,28.54
19/11/2022,Argentina,10,Finn Russell,1992-09-23,30.16
19/11/2022,Argentina,22,Blair Kinghorn,1997-01-18,25.83
19/11/2022,Argentina,6,Matt Fagerson,1998-07-16,24.35
19/11/2022,Argentina,3,Zander Fagerson,1996-01-19,26.83
19/11/2022,Argentina,8,Jack Dempsey,1994-04-12,28.61
19/11/2022,Argentina,9,Ali Price,1993-05-12,29.52
19/11/2022,Argentina,18,Murphy Walker,1999-10-25,23.07
19/11/2022,Argentina,12,Sione Tuipulotu,1997-02-12,25.77
19/11/2022,Argentina,15,Stuart Hogg,1992-06-24,30.4
19/11/2022,Argentina,14,Darcy Graham,1997-06-21,25.41
19/11/2022,Argentina,4,Jonny Gray,1994-03-14,28.69
19/11/2022,Argentina,11,Duhan van der Merwe,1995-06-04,27.46
19/11/2022,Argentina,13,Chris Harris,1990-12-28,31.89
19/11/2022,Argentina,20,Andy Onyeama Christie,1999-03-22,23.66
19/11/2022,Argentina,17,Jamie Bhatti,1993-09-08,29.2
04/02/2023,England,18,Simon Berghan,1990-12-07,32.16
04/02/2023,England,9,Ben White,1998-05-27,24.69
04/02/2023,England,6,Jamie Ritchie,1996-08-16,26.47
04/02/2023,England,2,George Turner,1992-10-08,30.33
04/02/2023,England,16,Fraser Brown,1989-06-20,33.63
04/02/2023,England,14,Kyle Steyn,1994-01-29,29.02
04/02/2023,England,5,Grant Gilchrist,1990-08-09,32.49
04/02/2023,England,13,Huw Jones,1993-12-17,29.13
04/02/2023,England,1,Pierre Schoeman,1994-05-07,28.75
04/02/2023,England,10,Finn Russell,1992-09-23,30.37
04/02/2023,England,22,Blair Kinghorn,1997-01-18,26.05
04/02/2023,England,8,Matt Fagerson,1998-07-16,24.56
04/02/2023,England,4,Richie Gray,1989-08-24,33.45
04/02/2023,England,20,Jack Dempsey,1994-04-12,28.82
04/02/2023,England,21,George Horne,1995-05-12,27.73
04/02/2023,England,7,Luke Crosbie,1997-04-22,25.79
04/02/2023,England,12,Sione Tuipulotu,1997-02-12,25.98
04/02/2023,England,15,Stuart Hogg,1992-06-24,30.62
04/02/2023,England,3,WP Nel,1986-04-30,36.77
04/02/2023,England,19,Jonny Gray,1994-03-14,28.9
04/02/2023,England,11,Duhan van der Merwe,1995-06-04,27.67
04/02/2023,England,23,Chris Harris,1990-12-28,32.1
04/02/2023,England,17,Jamie Bhatti,1993-09-08,29.41
11/02/2023,Wales,9,Ben White,1998-05-27,24.71
11/02/2023,Wales,6,Jamie Ritchie,1996-08-16,26.49
11/02/2023,Wales,2,George Turner,1992-10-08,30.34
11/02/2023,Wales,16,Fraser Brown,1989-06-20,33.65
11/02/2023,Wales,14,Kyle Steyn,1994-01-29,29.04
11/02/2023,Wales,5,Grant Gilchrist,1990-08-09,32.51
11/02/2023,Wales,13,Huw Jones,1993-12-17,29.15
11/02/2023,Wales,1,Pierre Schoeman,1994-05-07,28.77
11/02/2023,Wales,10,Finn Russell,1992-09-23,30.39
11/02/2023,Wales,22,Blair Kinghorn,1997-01-18,26.06
11/02/2023,Wales,8,Matt Fagerson,1998-07-16,24.58
11/02/2023,Wales,4,Richie Gray,1989-08-24,33.47
11/02/2023,Wales,3,Zander Fagerson,1996-01-19,27.06
11/02/2023,Wales,20,Jack Dempsey,1994-04-12,28.84
11/02/2023,Wales,21,George Horne,1995-05-12,27.75
11/02/2023,Wales,7,Luke Crosbie,1997-04-22,25.81
11/02/2023,Wales,12,Sione Tuipulotu,1997-02-12,26.0
11/02/2023,Wales,15,Stuart Hogg,1992-06-24,30.63
11/02/2023,Wales,18,WP Nel,1986-04-30,36.79
11/02/2023,Wales,19,Jonny Gray,1994-03-14,28.92
11/02/2023,Wales,11,Duhan van der Merwe,1995-06-04,27.69
11/02/2023,Wales,23,Chris Harris,1990-12-28,32.12
11/02/2023,Wales,17,Jamie Bhatti,1993-09-08,29.43
26/02/2023,France,9,Ben White,1998-05-27,24.75
26/02/2023,France,6,Jamie Ritchie,1996-08-16,26.53
26/02/2023,France,20,Sam Skinner,1995-01-31,28.07
26/02/2023,France,2,George Turner,1992-10-08,30.39
26/02/2023,France,16,Fraser Brown,1989-06-20,33.69
26/02/2023,France,14,Kyle Steyn,1994-01-29,29.08
26/02/2023,France,5,Grant Gilchrist,1990-08-09,32.55
26/02/2023,France,7,Hamish Watson,1991-10-15,31.37
26/02/2023,France,13,Huw Jones,1993-12-17,29.19
26/02/2023,France,1,Pierre Schoeman,1994-05-07,28.81
26/02/2023,France,10,Finn Russell,1992-09-23,30.43
26/02/2023,France,23,Blair Kinghorn,1997-01-18,26.11
26/02/2023,France,8,Matt Fagerson,1998-07-16,24.62
26/02/2023,France,4,Richie Gray,1989-08-24,33.51
26/02/2023,France,3,Zander Fagerson,1996-01-19,27.11
26/02/2023,France,21,Jack Dempsey,1994-04-12,28.88
26/02/2023,France,22,Ali Price,1993-05-12,29.79
26/02/2023,France,12,Sione Tuipulotu,1997-02-12,26.04
26/02/2023,France,15,Stuart Hogg,1992-06-24,30.68
26/02/2023,France,18,WP Nel,1986-04-30,36.83
26/02/2023,France,19,Jonny Gray,1994-03-14,28.96
26/02/2023,France,11,Duhan van der Merwe,1995-06-04,27.73
26/02/2023,France,17,Jamie Bhatti,1993-09-08,29.47
12/03/2023,Ireland,18,Simon Berghan,1990-12-07,32.26
12/03/2023,Ireland,9,Ben White,1998-05-27,24.79
12/03/2023,Ireland,7,Jamie Ritchie,1996-08-16,26.57
12/03/2023,Ireland,2,George Turner,1992-10-08,30.42
12/03/2023,Ireland,16,Fraser Brown,1989-06-20,33.73
12/03/2023,Ireland,14,Kyle Steyn,1994-01-29,29.11
12/03/2023,Ireland,20,Hamish Watson,1991-10-15,31.41
12/03/2023,Ireland,19,Scott Cummings,1996-12-03,26.27
12/03/2023,Ireland,13,Huw Jones,1993-12-17,29.23
12/03/2023,Ireland,1,Pierre Schoeman,1994-05-07,28.85
12/03/2023,Ireland,10,Finn Russell,1992-09-23,30.46
12/03/2023,Ireland,22,Blair Kinghorn,1997-01-18,26.14
12/03/2023,Ireland,6,Matt Fagerson,1998-07-16,24.65
12/03/2023,Ireland,4,Richie Gray,1989-08-24,33.55
12/03/2023,Ireland,3,Zander Fagerson,1996-01-19,27.14
12/03/2023,Ireland,8,Jack Dempsey,1994-04-12,28.92
12/03/2023,Ireland,21,Ali Price,1993-05-12,29.83
12/03/2023,Ireland,12,Sione Tuipulotu,1997-02-12,26.08
12/03/2023,Ireland,15,Stuart Hogg,1992-06-24,30.71
12/03/2023,Ireland,5,Jonny Gray,1994-03-14,28.99
12/03/2023,Ireland,11,Duhan van der Merwe,1995-06-04,27.77
12/03/2023,Ireland,23,Chris Harris,1990-12-28,32.2
12/03/2023,Ireland,17,Jamie Bhatti,1993-09-08,29.51
18/03/2023,Italy,9,Ben White,1998-05-27,24.81
18/03/2023,Italy,22,Ben Healy,1999-06-29,23.72
18/03/2023,Italy,6,Jamie Ritchie,1996-08-16,26.59
18/03/2023,Italy,4,Sam Skinner,1995-01-31,28.13
18/03/2023,Italy,2,George Turner,1992-10-08,30.44
18/03/2023,Italy,17,Rory Sutherland,1992-08-24,30.56
18/03/2023,Italy,14,Kyle Steyn,1994-01-29,29.13
18/03/2023,Italy,23,Cam Redpath,1999-12-23,23.23
18/03/2023,Italy,16,Ewan Ashman,2000-04-03,22.95
18/03/2023,Italy,7,Hamish Watson,1991-10-15,31.42
18/03/2023,Italy,19,Scott Cummings,1996-12-03,26.29
18/03/2023,Italy,13,Huw Jones,1993-12-17,29.25
18/03/2023,Italy,1,Pierre Schoeman,1994-05-07,28.86
18/03/2023,Italy,10,Blair Kinghorn,1997-01-18,26.16
18/03/2023,Italy,20,Matt Fagerson,1998-07-16,24.67
18/03/2023,Italy,3,Zander Fagerson,1996-01-19,27.16
18/03/2023,Italy,8,Jack Dempsey,1994-04-12,28.93
18/03/2023,Italy,21,Ali Price,1993-05-12,29.85
18/03/2023,Italy,12,Sione Tuipulotu,1997-02-12,26.09
18/03/2023,Italy,15,Ollie Smith,2000-08-07,22.61
18/03/2023,Italy,18,WP Nel,1986-04-30,36.88
18/03/2023,Italy,5,Jonny Gray,1994-03-14,29.01
18/03/2023,Italy,11,Duhan van der Merwe,1995-06-04,27.79
29/07/2023,Italy,18,Javan Sebastian,1994-09-02,28.9
29/07/2023,Italy,10,Ben Healy,1999-06-29,24.08
29/07/2023,Italy,20,Josh Bayliss,1997-09-18,25.86
29/07/2023,Italy,4,Sam Skinner,1995-01-31,28.49
29/07/2023,Italy,2,George Turner,1992-10-08,30.8
29/07/2023,Italy,21,Jamie Dobie,2001-06-07,22.14
29/07/2023,Italy,1,Rory Sutherland,1992-08-24,30.93
29/07/2023,Italy,11,Kyle Steyn,1994-01-29,29.5
29/07/2023,Italy,23,Cam Redpath,1999-12-23,23.6
29/07/2023,Italy,16,Stuart McInally,1990-08-09,32.97
29/07/2023,Italy,5,Scott Cummings,1996-12-03,26.65
29/07/2023,Italy,7,Rory Darge,2000-02-23,23.43
29/07/2023,Italy,22,Blair Kinghorn,1997-01-18,26.52
29/07/2023,Italy,8,Matt Fagerson,1998-07-16,25.04
29/07/2023,Italy,19,Cameron Henderson,2000-01-13,23.54
29/07/2023,Italy,9,Ali Price,1993-05-12,30.21
29/07/2023,Italy,6,Luke Crosbie,1997-04-22,26.27
29/07/2023,Italy,12,Stafford McDowall,1998-02-24,25.42
29/07/2023,Italy,3,Murphy Walker,1999-10-25,23.76
29/07/2023,Italy,14,Darcy Graham,1997-06-21,26.1
29/07/2023,Italy,15,Ollie Smith,2000-08-07,22.97
29/07/2023,Italy,13,Chris Harris,1990-12-28,32.58
29/07/2023,Italy,17,Jamie Bhatti,1993-09-08,29.89
05/08/2023,France,9,Ben White,1998-05-27,25.19
05/08/2023,France,16,Dave Cherry,1991-01-03,32.59
05/08/2023,France,5,Grant Gilchrist,1990-08-09,32.99
05/08/2023,France,22,Cam Redpath,1999-12-23,23.62
05/08/2023,France,2,Ewan Ashman,2000-04-03,23.34
05/08/2023,France,7,Hamish Watson,1991-10-15,31.81
05/08/2023,France,19,Scott Cummings,1996-12-03,26.67
05/08/2023,France,13,Huw Jones,1993-12-17,29.63
05/08/2023,France,1,Pierre Schoeman,1994-05-07,29.25
05/08/2023,France,20,Rory Darge,2000-02-23,23.45
05/08/2023,France,10,Finn Russell,1992-09-23,30.86
05/08/2023,France,15,Blair Kinghorn,1997-01-18,26.54
05/08/2023,France,6,Matt Fagerson,1998-07-16,25.05
05/08/2023,France,4,Richie Gray,1989-08-24,33.95
05/08/2023,France,3,Zander Fagerson,1996-01-19,27.54
05/08/2023,France,8,Jack Dempsey,1994-04-12,29.31
05/08/2023,France,21,George Horne,1995-05-12,28.23
05/08/2023,France,12,Sione Tuipulotu,1997-02-12,26.48
05/08/2023,France,14,Darcy Graham,1997-06-21,26.12
05/08/2023,France,23,Ollie Smith,2000-08-07,22.99
05/08/2023,France,18,WP Nel,1986-04-30,37.27
05/08/2023,France,11,Duhan van der Merwe,1995-06-04,28.17
05/08/2023,France,17,Jamie Bhatti,1993-09-08,29.91
12/08/2023,France,18,Javan Sebastian,1994-09-02,28.94
12/08/2023,France,21,Josh Bayliss,1997-09-18,25.9
12/08/2023,France,6,Jamie Ritchie,1996-08-16,26.99
12/08/2023,France,20,Sam Skinner,1995-01-31,28.53
12/08/2023,France,2,George Turner,1992-10-08,30.84
12/08/2023,France,17,Rory Sutherland,1992-08-24,30.97
12/08/2023,France,14,Kyle Steyn,1994-01-29,29.53
12/08/2023,France,5,Grant Gilchrist,1990-08-09,33.01
12/08/2023,France,16,Stuart McInally,1990-08-09,33.01
12/08/2023,France,19,Scott Cummings,1996-12-03,26.69
12/08/2023,France,13,Huw Jones,1993-12-17,29.65
12/08/2023,France,1,Pierre Schoeman,1994-05-07,29.27
12/08/2023,France,7,Rory Darge,2000-02-23,23.47
12/08/2023,France,10,Finn Russell,1992-09-23,30.88
12/08/2023,France,15,Blair Kinghorn,1997-01-18,26.56
12/08/2023,France,4,Richie Gray,1989-08-24,33.97
12/08/2023,France,8,Jack Dempsey,1994-04-12,29.33
12/08/2023,France,22,George Horne,1995-05-12,28.25
12/08/2023,France,9,Ali Price,1993-05-12,30.25
12/08/2023,France,12,Sione Tuipulotu,1997-02-12,26.49
12/08/2023,France,23,Ollie Smith,2000-08-07,23.01
12/08/2023,France,3,WP Nel,1986-04-30,37.28
12/08/2023,France,11,Duhan van der Merwe,1995-06-04,28.19
26/08/2023,Georgia,9,Ben White,1998-05-27,25.25
26/08/2023,Georgia,18,Javan Sebastian,1994-09-02,28.98
26/08/2023,Georgia,22,Ben Healy,1999-06-29,24.16
26/08/2023,Georgia,2,Dave Cherry,1991-01-03,32.64
26/08/2023,Georgia,6,Jamie Ritchie,1996-08-16,27.03
26/08/2023,Georgia,4,Sam Skinner,1995-01-31,28.57
26/08/2023,Georgia,17,Rory Sutherland,1992-08-24,31.0
26/08/2023,Georgia,14,Kyle Steyn,1994-01-29,29.57
26/08/2023,Georgia,5,Grant Gilchrist,1990-08-09,33.05
26/08/2023,Georgia,16,Ewan Ashman,2000-04-03,23.4
26/08/2023,Georgia,19,Scott Cummings,1996-12-03,26.73
26/08/2023,Georgia,13,Huw Jones,1993-12-17,29.69
26/08/2023,Georgia,7,Rory Darge,2000-02-23,23.5
26/08/2023,Georgia,10,Finn Russell,1992-09-23,30.92
26/08/2023,Georgia,20,Matt Fagerson,1998-07-16,25.11
26/08/2023,Georgia,8,Jack Dempsey,1994-04-12,29.37
26/08/2023,Georgia,21,George Horne,1995-05-12,28.29
26/08/2023,Georgia,12,Sione Tuipulotu,1997-02-12,26.53
26/08/2023,Georgia,15,Ollie Smith,2000-08-07,23.05
26/08/2023,Georgia,3,WP Nel,1986-04-30,37.32
26/08/2023,Georgia,11,Duhan van der Merwe,1995-06-04,28.23
26/08/2023,Georgia,23,Chris Harris,1990-12-28,32.66
26/08/2023,Georgia,1,Jamie Bhatti,1993-09-08,29.96
10/09/2023,South Africa,9,Ben White,1998-05-27,25.29
10/09/2023,South Africa,16,Dave Cherry,1991-01-03,32.69
10/09/2023,South Africa,6,Jamie Ritchie,1996-08-16,27.07
10/09/2023,South Africa,2,George Turner,1992-10-08,30.92
10/09/2023,South Africa,5,Grant Gilchrist,1990-08-09,33.09
10/09/2023,South Africa,22,Cam Redpath,1999-12-23,23.72
10/09/2023,South Africa,19,Scott Cummings,1996-12-03,26.77
10/09/2023,South Africa,13,Huw Jones,1993-12-17,29.73
10/09/2023,South Africa,1,Pierre Schoeman,1994-05-07,29.34
10/09/2023,South Africa,7,Rory Darge,2000-02-23,23.55
10/09/2023,South Africa,10,Finn Russell,1992-09-23,30.96
10/09/2023,South Africa,15,Blair Kinghorn,1997-01-18,26.64
10/09/2023,South Africa,20,Matt Fagerson,1998-07-16,25.15
10/09/2023,South Africa,4,Richie Gray,1989-08-24,34.05
10/09/2023,South Africa,3,Zander Fagerson,1996-01-19,27.64
10/09/2023,South Africa,8,Jack Dempsey,1994-04-12,29.41
10/09/2023,South Africa,21,Ali Price,1993-05-12,30.33
10/09/2023,South Africa,12,Sione Tuipulotu,1997-02-12,26.57
10/09/2023,South Africa,14,Darcy Graham,1997-06-21,26.22
10/09/2023,South Africa,23,Ollie Smith,2000-08-07,23.09
10/09/2023,South Africa,18,WP Nel,1986-04-30,37.36
10/09/2023,South Africa,11,Duhan van der Merwe,1995-06-04,28.27
10/09/2023,South Africa,17,Jamie Bhatti,1993-09-08,30.0
24/09/2023,Tonga,9,Ben White,1998-05-27,25.33
24/09/2023,Tonga,6,Jamie Ritchie,1996-08-16,27.11
24/09/2023,Tonga,19,Sam Skinner,1995-01-31,28.65
24/09/2023,Tonga,2,George Turner,1992-10-08,30.96
24/09/2023,Tonga,1,Rory Sutherland,1992-08-24,31.08
24/09/2023,Tonga,14,Kyle Steyn,1994-01-29,29.65
24/09/2023,Tonga,16,Ewan Ashman,2000-04-03,23.47
24/09/2023,Tonga,5,Scott Cummings,1996-12-03,26.81
24/09/2023,Tonga,22,Huw Jones,1993-12-17,29.77
24/09/2023,Tonga,17,Pierre Schoeman,1994-05-07,29.38
24/09/2023,Tonga,7,Rory Darge,2000-02-23,23.58
24/09/2023,Tonga,10,Finn Russell,1992-09-23,31.0
24/09/2023,Tonga,15,Blair Kinghorn,1997-01-18,26.68
24/09/2023,Tonga,20,Matt Fagerson,1998-07-16,25.19
24/09/2023,Tonga,4,Richie Gray,1989-08-24,34.08
24/09/2023,Tonga,3,Zander Fagerson,1996-01-19,27.68
24/09/2023,Tonga,8,Jack Dempsey,1994-04-12,29.45
24/09/2023,Tonga,21,George Horne,1995-05-12,28.37
24/09/2023,Tonga,12,Sione Tuipulotu,1997-02-12,26.61
24/09/2023,Tonga,23,Darcy Graham,1997-06-21,26.26
24/09/2023,Tonga,18,WP Nel,1986-04-30,37.4
24/09/2023,Tonga,11,Duhan van der Merwe,1995-06-04,28.31
24/09/2023,Tonga,13,Chris Harris,1990-12-28,32.74
30/09/2023,Romania,3,Javan Sebastian,1994-09-02,29.08
30/09/2023,Romania,10,Ben Healy,1999-06-29,24.26
30/09/2023,Romania,4,Sam Skinner,1995-01-31,28.66
30/09/2023,Romania,17,Rory Sutherland,1992-08-24,31.1
30/09/2023,Romania,11,Kyle Steyn,1994-01-29,29.67
30/09/2023,Romania,5,Grant Gilchrist,1990-08-09,33.14
30/09/2023,Romania,12,Cam Redpath,1999-12-23,23.77
30/09/2023,Romania,2,Ewan Ashman,2000-04-03,23.49
30/09/2023,Romania,7,Hamish Watson,1991-10-15,31.96
30/09/2023,Romania,19,Scott Cummings,1996-12-03,26.82
30/09/2023,Romania,23,Huw Jones,1993-12-17,29.79
30/09/2023,Romania,20,Rory Darge,2000-02-23,23.6
30/09/2023,Romania,16,Johnny Matthews,1993-07-05,30.24
30/09/2023,Romania,22,Blair Kinghorn,1997-01-18,26.7
30/09/2023,Romania,8,Matt Fagerson,1998-07-16,25.21
30/09/2023,Romania,21,George Horne,1995-05-12,28.39
30/09/2023,Romania,9,Ali Price,1993-05-12,30.39
30/09/2023,Romania,6,Luke Crosbie,1997-04-22,26.44
30/09/2023,Romania,14,Darcy Graham,1997-06-21,26.28
30/09/2023,Romania,15,Ollie Smith,2000-08-07,23.15
30/09/2023,Romania,18,WP Nel,1986-04-30,37.42
30/09/2023,Romania,13,Chris Harris,1990-12-28,32.76
30/09/2023,Romania,1,Jamie Bhatti,1993-09-08,30.06
07/10/2023,Ireland,6,Jamie Ritchie,1996-08-16,27.14
07/10/2023,Ireland,2,George Turner,1992-10-08,31.0
07/10/2023,Ireland,17,Rory Sutherland,1992-08-24,31.12
07/10/2023,Ireland,5,Grant Gilchrist,1990-08-09,33.16
07/10/2023,Ireland,16,Ewan Ashman,2000-04-03,23.51
07/10/2023,Ireland,19,Scott Cummings,1996-12-03,26.84
07/10/2023,Ireland,13,Huw Jones,1993-12-17,29.8
07/10/2023,Ireland,1,Pierre Schoeman,1994-05-07,29.42
07/10/2023,Ireland,7,Rory Darge,2000-02-23,23.62
07/10/2023,Ireland,10,Finn Russell,1992-09-23,31.04
07/10/2023,Ireland,15,Blair Kinghorn,1997-01-18,26.72
07/10/2023,Ireland,20,Matt Fagerson,1998-07-16,25.23
07/10/2023,Ireland,4,Richie Gray,1989-08-24,34.12
07/10/2023,Ireland,3,Zander Fagerson,1996-01-19,27.72
07/10/2023,Ireland,8,Jack Dempsey,1994-04-12,29.49
07/10/2023,Ireland,22,George Horne,1995-05-12,28.41
07/10/2023,Ireland,9,Ali Price,1993-05-12,30.4
07/10/2023,Ireland,21,Luke Crosbie,1997-04-22,26.46
07/10/2023,Ireland,12,Sione Tuipulotu,1997-02-12,26.65
07/10/2023,Ireland,14,Darcy Graham,1997-06-21,26.29
07/10/2023,Ireland,23,Ollie Smith,2000-08-07,23.17
07/10/2023,Ireland,18,WP Nel,1986-04-30,37.44
07/10/2023,Ireland,11,Duhan van der Merwe,1995-06-04,28.34
03/02/2024,Wales,9,Ben White,1998-05-27,25.69
03/02/2024,Wales,22,Ben Healy,1999-06-29,24.6
03/02/2024,Wales,18,Elliot Millar Mills,1992-07-08,31.57
03/02/2024,Wales,7,Jamie Ritchie,1996-08-16,27.47
03/02/2024,Wales,19,Sam Skinner,1995-01-31,29.01
03/02/2024,Wales,2,George Turner,1992-10-08,31.32
03/02/2024,Wales,14,Kyle Steyn,1994-01-29,30.01
03/02/2024,Wales,23,Cam Redpath,1999-12-23,24.12
03/02/2024,Wales,16,Ewan Ashman,2000-04-03,23.84
03/02/2024,Wales,5,Scott Cummings,1996-12-03,27.17
03/02/2024,Wales,13,Huw Jones,1993-12-17,30.13
03/02/2024,Wales,1,Pierre Schoeman,1994-05-07,29.74
03/02/2024,Wales,10,Finn Russell,1992-09-23,31.36
03/02/2024,Wales,8,Matt Fagerson,1998-07-16,25.55
03/02/2024,Wales,4,Richie Gray,1989-08-24,34.45
03/02/2024,Wales,3,Zander Fagerson,1996-01-19,28.04
03/02/2024,Wales,20,Jack Dempsey,1994-04-12,29.81
03/02/2024,Wales,21,George Horne,1995-05-12,28.73
03/02/2024,Wales,6,Luke Crosbie,1997-04-22,26.78
03/02/2024,Wales,15,Kyle Rowe,1998-02-08,25.99
03/02/2024,Wales,12,Sione Tuipulotu,1997-02-12,26.97
03/02/2024,Wales,11,Duhan van der Merwe,1995-06-04,28.67
03/02/2024,Wales,17,Alec Hepburn,1993-03-30,30.85
10/02/2024,France,9,Ben White,1998-05-27,25.71
10/02/2024,France,22,Ben Healy,1999-06-29,24.62
10/02/2024,France,18,Elliot Millar Mills,1992-07-08,31.59
10/02/2024,France,19,Sam Skinner,1995-01-31,29.03
10/02/2024,France,2,George Turner,1992-10-08,31.34
10/02/2024,France,4,Grant Gilchrist,1990-08-09,33.51
10/02/2024,France,23,Cam Redpath,1999-12-23,24.13
10/02/2024,France,16,Ewan Ashman,2000-04-03,23.86
10/02/2024,France,5,Scott Cummings,1996-12-03,27.19
10/02/2024,France,13,Huw Jones,1993-12-17,30.15
10/02/2024,France,1,Pierre Schoeman,1994-05-07,29.76
10/02/2024,France,7,Rory Darge,2000-02-23,23.96
10/02/2024,France,14,Harry Paterson,2001-06-28,22.62
10/02/2024,France,10,Finn Russell,1992-09-23,31.38
10/02/2024,France,6,Matt Fagerson,1998-07-16,25.57
10/02/2024,France,3,Zander Fagerson,1996-01-19,28.06
10/02/2024,France,8,Jack Dempsey,1994-04-12,29.83
10/02/2024,France,21,George Horne,1995-05-12,28.75
10/02/2024,France,12,Sione Tuipulotu,1997-02-12,26.99
10/02/2024,France,15,Kyle Rowe,1998-02-08,26.0
10/02/2024,France,11,Duhan van der Merwe,1995-06-04,28.69
10/02/2024,France,17,Alec Hepburn,1993-03-30,30.87
10/02/2024,France,20,Andy Onyeama Christie,1999-03-22,24.89
24/02/2024,England,9,Ben White,1998-05-27,25.75
24/02/2024,England,22,Ben Healy,1999-06-29,24.66
24/02/2024,England,18,Elliot Millar Mills,1992-07-08,31.63
24/02/2024,England,6,Jamie Ritchie,1996-08-16,27.52
24/02/2024,England,19,Sam Skinner,1995-01-31,29.07
24/02/2024,England,2,George Turner,1992-10-08,31.38
24/02/2024,England,14,Kyle Steyn,1994-01-29,30.07
24/02/2024,England,4,Grant Gilchrist,1990-08-09,33.54
24/02/2024,England,23,Cam Redpath,1999-12-23,24.17
24/02/2024,England,16,Ewan Ashman,2000-04-03,23.89
24/02/2024,England,5,Scott Cummings,1996-12-03,27.23
24/02/2024,England,13,Huw Jones,1993-12-17,30.19
24/02/2024,England,1,Pierre Schoeman,1994-05-07,29.8
24/02/2024,England,7,Rory Darge,2000-02-23,24.0
24/02/2024,England,10,Finn Russell,1992-09-23,31.42
24/02/2024,England,15,Blair Kinghorn,1997-01-18,27.1
24/02/2024,England,3,Zander Fagerson,1996-01-19,28.1
24/02/2024,England,8,Jack Dempsey,1994-04-12,29.87
24/02/2024,England,21,George Horne,1995-05-12,28.79
24/02/2024,England,12,Sione Tuipulotu,1997-02-12,27.03
24/02/2024,England,11,Duhan van der Merwe,1995-06-04,28.73
24/02/2024,England,17,Alec Hepburn,1993-03-30,30.91
24/02/2024,England,20,Andy Onyeama Christie,1999-03-22,24.93
09/03/2024,Italy,18,Elliot Millar Mills,1992-07-08,31.67
09/03/2024,Italy,20,Jamie Ritchie,1996-08-16,27.56
09/03/2024,Italy,19,Sam Skinner,1995-01-31,29.1
09/03/2024,Italy,2,George Turner,1992-10-08,31.42
09/03/2024,Italy,14,Kyle Steyn,1994-01-29,30.11
09/03/2024,Italy,4,Grant Gilchrist,1990-08-09,33.58
09/03/2024,Italy,12,Cam Redpath,1999-12-23,24.21
09/03/2024,Italy,16,Ewan Ashman,2000-04-03,23.93
09/03/2024,Italy,5,Scott Cummings,1996-12-03,27.26
09/03/2024,Italy,13,Huw Jones,1993-12-17,30.23
09/03/2024,Italy,1,Pierre Schoeman,1994-05-07,29.84
09/03/2024,Italy,7,Rory Darge,2000-02-23,24.04
09/03/2024,Italy,10,Finn Russell,1992-09-23,31.46
09/03/2024,Italy,15,Blair Kinghorn,1997-01-18,27.14
09/03/2024,Italy,21,Matt Fagerson,1998-07-16,25.65
09/03/2024,Italy,3,Zander Fagerson,1996-01-19,28.14
09/03/2024,Italy,8,Jack Dempsey,1994-04-12,29.91
09/03/2024,Italy,9,George Horne,1995-05-12,28.83
09/03/2024,Italy,22,Ali Price,1993-05-12,30.83
09/03/2024,Italy,23,Kyle Rowe,1998-02-08,26.08
09/03/2024,Italy,11,Duhan van der Merwe,1995-06-04,28.76
09/03/2024,Italy,17,Alec Hepburn,1993-03-30,30.94
09/03/2024,Italy,6,Andy Onyeama Christie,1999-03-22,24.97
16/03/2024,Ireland,9,Ben White,1998-05-27,25.8
16/03/2024,Ireland,18,Javan Sebastian,1994-09-02,29.54
16/03/2024,Ireland,19,Sam Skinner,1995-01-31,29.12
16/03/2024,Ireland,2,George Turner,1992-10-08,31.44
16/03/2024,Ireland,17,Rory Sutherland,1992-08-24,31.56
16/03/2024,Ireland,14,Kyle Steyn,1994-01-29,30.13
16/03/2024,Ireland,4,Grant Gilchrist,1990-08-09,33.6
16/03/2024,Ireland,22,Cam Redpath,1999-12-23,24.23
16/03/2024,Ireland,16,Ewan Ashman,2000-04-03,23.95
16/03/2024,Ireland,5,Scott Cummings,1996-12-03,27.28
16/03/2024,Ireland,13,Huw Jones,1993-12-17,30.25
16/03/2024,Ireland,1,Pierre Schoeman,1994-05-07,29.86
16/03/2024,Ireland,7,Rory Darge,2000-02-23,24.06
16/03/2024,Ireland,10,Finn Russell,1992-09-23,31.48
16/03/2024,Ireland,15,Blair Kinghorn,1997-01-18,27.16
16/03/2024,Ireland,20,Matt Fagerson,1998-07-16,25.67
16/03/2024,Ireland,3,Zander Fagerson,1996-01-19,28.16
16/03/2024,Ireland,8,Jack Dempsey,1994-04-12,29.93
16/03/2024,Ireland,21,George Horne,1995-05-12,28.85
16/03/2024,Ireland,12,Stafford McDowall,1998-02-24,26.06
16/03/2024,Ireland,23,Kyle Rowe,1998-02-08,26.1
16/03/2024,Ireland,11,Duhan van der Merwe,1995-06-04,28.78
16/03/2024,Ireland,6,Andy Onyeama Christie,1999-03-22,24.99
06/07/2024,Canada,21,Ben Healy,1999-06-29,25.02
06/07/2024,Canada,9,Gus Warr,1999-09-24,24.78
06/07/2024,Canada,16,Robbie Smith,1998-09-26,25.78
06/07/2024,Canada,3,Elliot Millar Mills,1992-07-08,32.0
06/07/2024,Canada,13,Matthew Currie,2001-02-22,23.37
06/07/2024,Canada,8,Josh Bayliss,1997-09-18,26.8
06/07/2024,Canada,14,Jamie Dobie,2001-06-07,23.08
06/07/2024,Canada,1,Rory Sutherland,1992-08-24,31.87
06/07/2024,Canada,22,Kyle Steyn,1994-01-29,30.43
06/07/2024,Canada,5,Glen Young,1994-11-04,29.67
06/07/2024,Canada,17,Nathan McBeth,1998-06-08,26.08
06/07/2024,Canada,23,Ross McCann,1997-10-30,26.68
06/07/2024,Canada,10,Ross Thompson,1999-04-10,25.24
06/07/2024,Canada,15,Harry Paterson,2001-06-28,23.02
06/07/2024,Canada,4,Max Williamson,2002-08-05,21.92
06/07/2024,Canada,20,Matt Fagerson,1998-07-16,25.97
06/07/2024,Canada,7,Luke Crosbie,1997-04-22,27.21
06/07/2024,Canada,12,Stafford McDowall,1998-02-24,26.36
06/07/2024,Canada,2,Dylan Richardson,1999-01-15,25.47
06/07/2024,Canada,19,Ewan Johnson,1999-06-27,25.03
06/07/2024,Canada,18,Will Hurd,1999-06-29,25.02
06/07/2024,Canada,6,Gregor Brown,2001-07-01,23.01
06/07/2024,Canada,11,Arron Reed,1999-07-10,24.99
12/07/2024,USA,16,Robbie Smith,1998-09-26,25.79
12/07/2024,USA,18,Elliot Millar Mills,1992-07-08,32.01
12/07/2024,USA,23,Matthew Currie,2001-02-22,23.38
12/07/2024,USA,6,Jamie Ritchie,1996-08-16,27.9
12/07/2024,USA,4,Alex Craig,1997-04-26,27.21
12/07/2024,USA,21,Jamie Dobie,2001-06-07,23.1
12/07/2024,USA,17,Rory Sutherland,1992-08-24,31.88
12/07/2024,USA,14,Kyle Steyn,1994-01-29,30.45
12/07/2024,USA,2,Ewan Ashman,2000-04-03,24.27
12/07/2024,USA,5,Scott Cummings,1996-12-03,27.61
12/07/2024,USA,22,Ross Thompson,1999-04-10,25.26
12/07/2024,USA,13,Huw Jones,1993-12-17,30.57
12/07/2024,USA,1,Pierre Schoeman,1994-05-07,30.18
12/07/2024,USA,7,Rory Darge,2000-02-23,24.38
12/07/2024,USA,19,Max Williamson,2002-08-05,21.94
12/07/2024,USA,8,Matt Fagerson,1998-07-16,25.99
12/07/2024,USA,9,George Horne,1995-05-12,29.17
12/07/2024,USA,20,Luke Crosbie,1997-04-22,27.22
12/07/2024,USA,10,Adam Hastings,1996-10-05,27.77
12/07/2024,USA,3,Murphy Walker,1999-10-25,24.72
12/07/2024,USA,12,Sione Tuipulotu,1997-02-12,27.41
12/07/2024,USA,15,Kyle Rowe,1998-02-08,26.42
12/07/2024,USA,11,Duhan van der Merwe,1995-06-04,29.11
20/07/2024,Chile,18,Javan Sebastian,1994-09-02,29.88
20/07/2024,Chile,10,Ben Healy,1999-06-29,25.06
20/07/2024,Chile,9,Gus Warr,1999-09-24,24.82
20/07/2024,Chile,23,Matthew Currie,2001-02-22,23.41
20/07/2024,Chile,8,Josh Bayliss,1997-09-18,26.84
20/07/2024,Chile,7,Jamie Ritchie,1996-08-16,27.93
20/07/2024,Chile,4,Alex Craig,1997-04-26,27.23
20/07/2024,Chile,14,Jamie Dobie,2001-06-07,23.12
20/07/2024,Chile,16,Patrick Harrison,2002-06-20,22.08
20/07/2024,Chile,13,Kyle Steyn,1994-01-29,30.47
20/07/2024,Chile,1,Nathan McBeth,1998-06-08,26.12
20/07/2024,Chile,17,Pierre Schoeman,1994-05-07,30.2
20/07/2024,Chile,20,Rory Darge,2000-02-23,24.41
20/07/2024,Chile,19,Max Williamson,2002-08-05,21.96
20/07/2024,Chile,22,Stafford McDowall,1998-02-24,26.4
20/07/2024,Chile,21,Adam Hastings,1996-10-05,27.79
20/07/2024,Chile,2,Dylan Richardson,1999-01-15,25.51
20/07/2024,Chile,12,Sione Tuipulotu,1997-02-12,27.43
20/07/2024,Chile,5,Ewan Johnson,1999-06-27,25.07
20/07/2024,Chile,3,Will Hurd,1999-06-29,25.06
20/07/2024,Chile,6,Gregor Brown,2001-07-01,23.05
20/07/2024,Chile,15,Kyle Rowe,1998-02-08,26.45
20/07/2024,Chile,11,Arron Reed,1999-07-10,25.03
27/07/2024,Uruguay,3,Javan Sebastian,1994-09-02,29.9
27/07/2024,Uruguay,10,Ben Healy,1999-06-29,25.08
27/07/2024,Uruguay,20,Jamie Ritchie,1996-08-16,27.95
27/07/2024,Uruguay,21,Jamie Dobie,2001-06-07,23.14
27/07/2024,Uruguay,1,Rory Sutherland,1992-08-24,31.92
27/07/2024,Uruguay,16,Patrick Harrison,2002-06-20,22.1
27/07/2024,Uruguay,23,Kyle Steyn,1994-01-29,30.49
27/07/2024,Uruguay,2,Ewan Ashman,2000-04-03,24.32
27/07/2024,Uruguay,13,Huw Jones,1993-12-17,30.61
27/07/2024,Uruguay,17,Pierre Schoeman,1994-05-07,30.22
27/07/2024,Uruguay,7,Rory Darge,2000-02-23,24.42
27/07/2024,Uruguay,15,Harry Paterson,2001-06-28,23.08
27/07/2024,Uruguay,4,Max Williamson,2002-08-05,21.98
27/07/2024,Uruguay,8,Matt Fagerson,1998-07-16,26.03
27/07/2024,Uruguay,9,George Horne,1995-05-12,29.21
27/07/2024,Uruguay,6,Luke Crosbie,1997-04-22,27.26
27/07/2024,Uruguay,12,Stafford McDowall,1998-02-24,26.42
27/07/2024,Uruguay,22,Adam Hastings,1996-10-05,27.81
27/07/2024,Uruguay,18,Murphy Walker,1999-10-25,24.76
27/07/2024,Uruguay,19,Ewan Johnson,1999-06-27,25.08
27/07/2024,Uruguay,5,Gregor Brown,2001-07-01,23.07
27/07/2024,Uruguay,14,Kyle Rowe,1998-02-08,26.46
27/07/2024,Uruguay,11,Duhan van der Merwe,1995-06-04,29.15
02/11/2024,Fiji,22,Tom Jordan,1998-09-18,26.13
02/11/2024,Fiji,18,D'arcy Rae,1994-12-21,29.87
02/11/2024,Fiji,21,Jamie Dobie,2001-06-07,23.41
02/11/2024,Fiji,17,Rory Sutherland,1992-08-24,32.19
02/11/2024,Fiji,4,Grant Gilchrist,1990-08-09,34.23
02/11/2024,Fiji,2,Ewan Ashman,2000-04-03,24.58
02/11/2024,Fiji,5,Scott Cummings,1996-12-03,27.92
02/11/2024,Fiji,13,Huw Jones,1993-12-17,30.88
02/11/2024,Fiji,1,Pierre Schoeman,1994-05-07,30.49
02/11/2024,Fiji,7,Rory Darge,2000-02-23,24.69
02/11/2024,Fiji,19,Max Williamson,2002-08-05,22.25
02/11/2024,Fiji,6,Matt Fagerson,1998-07-16,26.3
02/11/2024,Fiji,3,Zander Fagerson,1996-01-19,28.79
02/11/2024,Fiji,8,Jack Dempsey,1994-04-12,30.56
02/11/2024,Fiji,9,Ali Price,1993-05-12,31.48
02/11/2024,Fiji,23,Stafford McDowall,1998-02-24,26.69
02/11/2024,Fiji,10,Adam Hastings,1996-10-05,28.08
02/11/2024,Fiji,16,Dylan Richardson,1999-01-15,25.8
02/11/2024,Fiji,12,Sione Tuipulotu,1997-02-12,27.72
02/11/2024,Fiji,14,Darcy Graham,1997-06-21,27.37
02/11/2024,Fiji,20,Gregor Brown,2001-07-01,23.34
02/11/2024,Fiji,15,Kyle Rowe,1998-02-08,26.73
02/11/2024,Fiji,11,Duhan van der Merwe,1995-06-04,29.42
10/11/2024,South Africa,19,Max Williamson,2002-08-05,22.27
10/11/2024,South Africa,10,Finn Russell,1992-09-23,32.13
10/11/2024,South Africa,14,Blair Kinghorn,1997-01-18,27.81
10/11/2024,South Africa,6,Matt Fagerson,1998-07-16,26.32
10/11/2024,South Africa,3,Zander Fagerson,1996-01-19,28.81
10/11/2024,South Africa,8,Jack Dempsey,1994-04-12,30.58
10/11/2024,South Africa,23,Stafford McDowall,1998-02-24,26.71
10/11/2024,South Africa,16,Dylan Richardson,1999-01-15,25.82
10/11/2024,South Africa,12,Sione Tuipulotu,1997-02-12,27.74
10/11/2024,South Africa,11,Duhan van der Merwe,1995-06-04,29.44
10/11/2024,South Africa,9,Ben White,1998-05-27,26.46
10/11/2024,South Africa,18,Elliot Millar Mills,1992-07-08,32.34
10/11/2024,South Africa,20,Josh Bayliss,1997-09-18,27.15
10/11/2024,South Africa,21,Jamie Ritchie,1996-08-16,28.24
10/11/2024,South Africa,15,Tom Jordan,1998-09-18,26.15
10/11/2024,South Africa,22,Jamie Dobie,2001-06-07,23.43
10/11/2024,South Africa,17,Rory Sutherland,1992-08-24,32.21
10/11/2024,South Africa,4,Grant Gilchrist,1990-08-09,34.26
10/11/2024,South Africa,2,Ewan Ashman,2000-04-03,24.61
10/11/2024,South Africa,5,Scott Cummings,1996-12-03,27.94
10/11/2024,South Africa,13,Huw Jones,1993-12-17,30.9
10/11/2024,South Africa,1,Pierre Schoeman,1994-05-07,30.51
10/11/2024,South Africa,7,Rory Darge,2000-02-23,24.72
16/11/2024,Portugal,18,Elliot Millar Mills,1992-07-08,32.36
16/11/2024,Portugal,22,Matthew Currie,2001-02-22,23.73
16/11/2024,Portugal,8,Josh Bayliss,1997-09-18,27.16
16/11/2024,Portugal,15,Tom Jordan,1998-09-18,26.16
16/11/2024,Portugal,4,Alex Craig,1997-04-26,27.56
16/11/2024,Portugal,13,Rory Hutchinson,1996-01-29,28.8
16/11/2024,Portugal,21,Jamie Dobie,2001-06-07,23.44
16/11/2024,Portugal,17,Rory Sutherland,1992-08-24,32.23
16/11/2024,Portugal,2,Patrick Harrison,2002-06-20,22.41
16/11/2024,Portugal,5,Alex Samuel,2002-12-27,21.89
16/11/2024,Portugal,7,Ben Muncaster,2001-10-14,23.09
16/11/2024,Portugal,20,Freddy Douglas,2005-05-14,19.51
16/11/2024,Portugal,16,Johnny Matthews,1993-07-05,31.37
16/11/2024,Portugal,9,George Horne,1995-05-12,29.52
16/11/2024,Portugal,6,Luke Crosbie,1997-04-22,27.57
16/11/2024,Portugal,12,Stafford McDowall,1998-02-24,26.73
16/11/2024,Portugal,10,Adam Hastings,1996-10-05,28.12
16/11/2024,Portugal,19,Ewan Johnson,1999-06-27,25.39
16/11/2024,Portugal,14,Darcy Graham,1997-06-21,27.41
16/11/2024,Portugal,3,Will Hurd,1999-06-29,25.39
16/11/2024,Portugal,23,Kyle Rowe,1998-02-08,26.77
16/11/2024,Portugal,11,Arron Reed,1999-07-10,25.36
16/11/2024,Portugal,1,Jamie Bhatti,1993-09-08,31.19
24/11/2024,Australia,9,Ben White,1998-05-27,26.5
24/11/2024,Australia,20,Josh Bayliss,1997-09-18,27.18
24/11/2024,Australia,6,Jamie Ritchie,1996-08-16,28.27
24/11/2024,Australia,22,Tom Jordan,1998-09-18,26.19
24/11/2024,Australia,19,Alex Craig,1997-04-26,27.58
24/11/2024,Australia,17,Rory Sutherland,1992-08-24,32.25
24/11/2024,Australia,4,Grant Gilchrist,1990-08-09,34.3
24/11/2024,Australia,2,Ewan Ashman,2000-04-03,24.64
24/11/2024,Australia,5,Scott Cummings,1996-12-03,27.98
24/11/2024,Australia,13,Huw Jones,1993-12-17,30.94
24/11/2024,Australia,1,Pierre Schoeman,1994-05-07,30.55
24/11/2024,Australia,7,Rory Darge,2000-02-23,24.75
24/11/2024,Australia,10,Finn Russell,1992-09-23,32.17
24/11/2024,Australia,15,Blair Kinghorn,1997-01-18,27.85
24/11/2024,Australia,8,Matt Fagerson,1998-07-16,26.36
24/11/2024,Australia,3,Zander Fagerson,1996-01-19,28.85
24/11/2024,Australia,21,George Horne,1995-05-12,29.54
24/11/2024,Australia,16,Dylan Richardson,1999-01-15,25.86
24/11/2024,Australia,12,Sione Tuipulotu,1997-02-12,27.78
24/11/2024,Australia,14,Darcy Graham,1997-06-21,27.43
24/11/2024,Australia,18,Will Hurd,1999-06-29,25.41
24/11/2024,Australia,23,Kyle Rowe,1998-02-08,26.79
24/11/2024,Australia,11,Duhan van der Merwe,1995-06-04,29.48
01/02/2025,Italy,9,Ben White,1998-05-27,26.69
01/02/2025,Italy,2,Dave Cherry,1991-01-03,34.08
01/02/2025,Italy,6,Jamie Ritchie,1996-08-16,28.46
01/02/2025,Italy,22,Tom Jordan,1998-09-18,26.37
01/02/2025,Italy,17,Rory Sutherland,1992-08-24,32.44
01/02/2025,Italy,5,Grant Gilchrist,1990-08-09,34.48
01/02/2025,Italy,16,Ewan Ashman,2000-04-03,24.83
01/02/2025,Italy,13,Huw Jones,1993-12-17,31.13
01/02/2025,Italy,1,Pierre Schoeman,1994-05-07,30.74
01/02/2025,Italy,7,Rory Darge,2000-02-23,24.94
01/02/2025,Italy,10,Finn Russell,1992-09-23,32.36
01/02/2025,Italy,15,Blair Kinghorn,1997-01-18,28.04
01/02/2025,Italy,8,Matt Fagerson,1998-07-16,26.55
01/02/2025,Italy,3,Zander Fagerson,1996-01-19,29.04
01/02/2025,Italy,20,Jack Dempsey,1994-04-12,30.81
01/02/2025,Italy,21,George Horne,1995-05-12,29.73
01/02/2025,Italy,12,Stafford McDowall,1998-02-24,26.94
01/02/2025,Italy,14,Darcy Graham,1997-06-21,27.62
01/02/2025,Italy,18,Will Hurd,1999-06-29,25.6
01/02/2025,Italy,19,Gregor Brown,2001-07-01,23.59
01/02/2025,Italy,23,Kyle Rowe,1998-02-08,26.98
01/02/2025,Italy,4,Jonny Gray,1994-03-14,30.89
01/02/2025,Italy,11,Duhan van der Merwe,1995-06-04,29.67
09/02/2025,Ireland,9,Ben White,1998-05-27,26.71
09/02/2025,Ireland,2,Dave Cherry,1991-01-03,34.1
09/02/2025,Ireland,21,Jamie Ritchie,1996-08-16,28.49
09/02/2025,Ireland,19,Sam Skinner,1995-01-31,30.03
09/02/2025,Ireland,12,Tom Jordan,1998-09-18,26.4
09/02/2025,Ireland,22,Jamie Dobie,2001-06-07,23.68
09/02/2025,Ireland,1,Rory Sutherland,1992-08-24,32.46
09/02/2025,Ireland,5,Grant Gilchrist,1990-08-09,34.51
09/02/2025,Ireland,16,Ewan Ashman,2000-04-03,24.85
09/02/2025,Ireland,13,Huw Jones,1993-12-17,31.15
09/02/2025,Ireland,17,Pierre Schoeman,1994-05-07,30.76
09/02/2025,Ireland,7,Rory Darge,2000-02-23,24.96
09/02/2025,Ireland,10,Finn Russell,1992-09-23,32.38
09/02/2025,Ireland,15,Blair Kinghorn,1997-01-18,28.06
09/02/2025,Ireland,6,Matt Fagerson,1998-07-16,26.57
09/02/2025,Ireland,3,Zander Fagerson,1996-01-19,29.06
09/02/2025,Ireland,8,Jack Dempsey,1994-04-12,30.83
09/02/2025,Ireland,23,Stafford McDowall,1998-02-24,26.96
09/02/2025,Ireland,14,Darcy Graham,1997-06-21,27.64
09/02/2025,Ireland,18,Will Hurd,1999-06-29,25.62
09/02/2025,Ireland,20,Gregor Brown,2001-07-01,23.61
09/02/2025,Ireland,4,Jonny Gray,1994-03-14,30.91
09/02/2025,Ireland,11,Duhan van der Merwe,1995-06-04,29.69
22/02/2025,England,9,Ben White,1998-05-27,26.74
22/02/2025,England,2,Dave Cherry,1991-01-03,34.14
22/02/2025,England,6,Jamie Ritchie,1996-08-16,28.52
22/02/2025,England,19,Sam Skinner,1995-01-31,30.06
22/02/2025,England,12,Tom Jordan,1998-09-18,26.43
22/02/2025,England,22,Jamie Dobie,2001-06-07,23.71
22/02/2025,England,5,Grant Gilchrist,1990-08-09,34.54
22/02/2025,England,16,Ewan Ashman,2000-04-03,24.89
22/02/2025,England,13,Huw Jones,1993-12-17,31.18
22/02/2025,England,1,Pierre Schoeman,1994-05-07,30.8
22/02/2025,England,7,Rory Darge,2000-02-23,25.0
22/02/2025,England,10,Finn Russell,1992-09-23,32.42
22/02/2025,England,15,Blair Kinghorn,1997-01-18,28.1
22/02/2025,England,21,Matt Fagerson,1998-07-16,26.61
22/02/2025,England,3,Zander Fagerson,1996-01-19,29.1
22/02/2025,England,8,Jack Dempsey,1994-04-12,30.87
22/02/2025,England,23,Stafford McDowall,1998-02-24,27.0
22/02/2025,England,18,Will Hurd,1999-06-29,25.65
22/02/2025,England,20,Gregor Brown,2001-07-01,23.65
22/02/2025,England,14,Kyle Rowe,1998-02-08,27.04
22/02/2025,England,4,Jonny Gray,1994-03-14,30.95
22/02/2025,England,11,Duhan van der Merwe,1995-06-04,29.72
22/02/2025,England,17,Jamie Bhatti,1993-09-08,31.46
08/03/2025,Wales,3,Zander Fagerson,1996-01-19,29.13
08/03/2025,Wales,8,Jack Dempsey,1994-04-12,30.91
08/03/2025,Wales,21,George Horne,1995-05-12,29.82
08/03/2025,Wales,22,Stafford McDowall,1998-02-24,27.03
08/03/2025,Wales,14,Darcy Graham,1997-06-21,27.71
08/03/2025,Wales,18,Will Hurd,1999-06-29,25.69
08/03/2025,Wales,19,Gregor Brown,2001-07-01,23.69
08/03/2025,Wales,23,Kyle Rowe,1998-02-08,27.08
08/03/2025,Wales,4,Jonny Gray,1994-03-14,30.98
08/03/2025,Wales,11,Duhan van der Merwe,1995-06-04,29.76
08/03/2025,Wales,9,Ben White,1998-05-27,26.78
08/03/2025,Wales,2,Dave Cherry,1991-01-03,34.18
08/03/2025,Wales,6,Jamie Ritchie,1996-08-16,28.56
08/03/2025,Wales,12,Tom Jordan,1998-09-18,26.47
08/03/2025,Wales,17,Rory Sutherland,1992-08-24,32.54
08/03/2025,Wales,5,Grant Gilchrist,1990-08-09,34.58
08/03/2025,Wales,16,Ewan Ashman,2000-04-03,24.93
08/03/2025,Wales,13,Huw Jones,1993-12-17,31.22
08/03/2025,Wales,1,Pierre Schoeman,1994-05-07,30.84
08/03/2025,Wales,7,Rory Darge,2000-02-23,25.04
08/03/2025,Wales,10,Finn Russell,1992-09-23,32.46
08/03/2025,Wales,15,Blair Kinghorn,1997-01-18,28.13
08/03/2025,Wales,20,Matt Fagerson,1998-07-16,26.65
15/03/2025,France,9,Ben White,1998-05-27,26.8
15/03/2025,France,2,Dave Cherry,1991-01-03,34.2
15/03/2025,France,6,Jamie Ritchie,1996-08-16,28.58
15/03/2025,France,12,Tom Jordan,1998-09-18,26.49
15/03/2025,France,22,Jamie Dobie,2001-06-07,23.77
15/03/2025,France,17,Rory Sutherland,1992-08-24,32.56
15/03/2025,France,5,Grant Gilchrist,1990-08-09,34.6
15/03/2025,France,20,Marshall Sykes,1999-12-29,25.21
15/03/2025,France,21,Ben Muncaster,2001-10-14,23.42
15/03/2025,France,16,Ewan Ashman,2000-04-03,24.95
15/03/2025,France,13,Huw Jones,1993-12-17,31.24
15/03/2025,France,1,Pierre Schoeman,1994-05-07,30.86
15/03/2025,France,7,Rory Darge,2000-02-23,25.06
15/03/2025,France,10,Finn Russell,1992-09-23,32.47
15/03/2025,France,15,Blair Kinghorn,1997-01-18,28.15
15/03/2025,France,8,Matt Fagerson,1998-07-16,26.66
15/03/2025,France,3,Zander Fagerson,1996-01-19,29.15
15/03/2025,France,23,Stafford McDowall,1998-02-24,27.05
15/03/2025,France,19,Ewan Johnson,1999-06-27,25.72
15/03/2025,France,14,Darcy Graham,1997-06-21,27.73
15/03/2025,France,18,Will Hurd,1999-06-29,25.71
15/03/2025,France,4,Gregor Brown,2001-07-01,23.7
15/03/2025,France,11,Duhan van der Merwe,1995-06-04,29.78
05/07/2025,Maori All Blacks,6,Josh Bayliss,1997-09-18,27.8
05/07/2025,Maori All Blacks,16,George Turner,1992-10-08,32.74
05/07/2025,Maori All Blacks,13,Rory Hutchinson,1996-01-29,29.43
05/07/2025,Maori All Blacks,23,Jamie Dobie,2001-06-07,24.08
05/07/2025,Maori All Blacks,21,Alexander Masibaka,2001-08-09,23.9
05/07/2025,Maori All Blacks,2,Patrick Harrison,2002-06-20,23.04
05/07/2025,Maori All Blacks,3,Finlay Richardson,1998-09-16,26.8
05/07/2025,Maori All Blacks,4,Marshall Sykes,1999-12-29,25.52
05/07/2025,Maori All Blacks,8,Ben Muncaster,2001-10-14,23.72
05/07/2025,Maori All Blacks,1,Nathan McBeth,1998-06-08,27.08
05/07/2025,Maori All Blacks,14,Harry Paterson,2001-06-28,24.02
05/07/2025,Maori All Blacks,19,Max Williamson,2002-08-05,22.92
05/07/2025,Maori All Blacks,5,Cameron Henderson,2000-01-13,25.48
05/07/2025,Maori All Blacks,9,George Horne,1995-05-12,30.15
05/07/2025,Maori All Blacks,12,Stafford McDowall,1998-02-24,27.36
05/07/2025,Maori All Blacks,10,Adam Hastings,1996-10-05,28.75
05/07/2025,Maori All Blacks,22,Fergus Burke,1999-09-03,25.84
05/07/2025,Maori All Blacks,15,Ollie Smith,2000-08-07,24.91
05/07/2025,Maori All Blacks,18,Will Hurd,1999-06-29,26.02
05/07/2025,Maori All Blacks,20,Gregor Brown,2001-07-01,24.01
05/07/2025,Maori All Blacks,11,Arron Reed,1999-07-10,25.99
05/07/2025,Maori All Blacks,17,Alec Hepburn,1993-03-30,32.27
05/07/2025,Maori All Blacks,7,Andy Onyeama Christie,1999-03-22,26.29
12/07/2025,Fiji,3,Elliot Millar Mills,1992-07-08,33.01
12/07/2025,Fiji,20,Josh Bayliss,1997-09-18,27.81
12/07/2025,Fiji,6,Jamie Ritchie,1996-08-16,28.9
12/07/2025,Fiji,16,George Turner,1992-10-08,32.76
12/07/2025,Fiji,12,Tom Jordan,1998-09-18,26.82
12/07/2025,Fiji,9,Jamie Dobie,2001-06-07,24.1
12/07/2025,Fiji,1,Rory Sutherland,1992-08-24,32.88
12/07/2025,Fiji,11,Kyle Steyn,1994-01-29,31.45
12/07/2025,Fiji,5,Grant Gilchrist,1990-08-09,34.92
12/07/2025,Fiji,4,Marshall Sykes,1999-12-29,25.54
12/07/2025,Fiji,13,Cam Redpath,1999-12-23,25.55
12/07/2025,Fiji,2,Ewan Ashman,2000-04-03,25.27
12/07/2025,Fiji,7,Rory Darge,2000-02-23,25.38
12/07/2025,Fiji,19,Max Williamson,2002-08-05,22.94
12/07/2025,Fiji,8,Matt Fagerson,1998-07-16,26.99
12/07/2025,Fiji,21,George Horne,1995-05-12,30.17
12/07/2025,Fiji,22,Adam Hastings,1996-10-05,28.77
12/07/2025,Fiji,10,Fergus Burke,1999-09-03,25.86
12/07/2025,Fiji,14,Darcy Graham,1997-06-21,28.06
12/07/2025,Fiji,23,Ollie Smith,2000-08-07,24.93
12/07/2025,Fiji,18,Will Hurd,1999-06-29,26.04
12/07/2025,Fiji,15,Kyle Rowe,1998-02-08,27.42
12/07/2025,Fiji,17,Alec Hepburn,1993-03-30,32.29
18/07/2025,Samoa,3,Elliot Millar Mills,1992-07-08,33.03
18/07/2025,Samoa,16,George Turner,1992-10-08,32.78
18/07/2025,Samoa,13,Rory Hutchinson,1996-01-29,29.47
18/07/2025,Samoa,9,Jamie Dobie,2001-06-07,24.11
18/07/2025,Samoa,1,Rory Sutherland,1992-08-24,32.9
18/07/2025,Samoa,14,Kyle Steyn,1994-01-29,31.47
18/07/2025,Samoa,18,Finlay Richardson,1998-09-16,26.84
18/07/2025,Samoa,5,Grant Gilchrist,1990-08-09,34.94
18/07/2025,Samoa,20,Marshall Sykes,1999-12-29,25.55
18/07/2025,Samoa,21,Ben Muncaster,2001-10-14,23.76
18/07/2025,Samoa,2,Ewan Ashman,2000-04-03,25.29
18/07/2025,Samoa,17,Nathan McBeth,1998-06-08,27.11
18/07/2025,Samoa,7,Rory Darge,2000-02-23,25.4
18/07/2025,Samoa,8,Matt Fagerson,1998-07-16,27.01
18/07/2025,Samoa,19,Cameron Henderson,2000-01-13,25.51
18/07/2025,Samoa,22,George Horne,1995-05-12,30.19
18/07/2025,Samoa,12,Stafford McDowall,1998-02-24,27.4
18/07/2025,Samoa,23,Adam Hastings,1996-10-05,28.78
18/07/2025,Samoa,10,Fergus Burke,1999-09-03,25.87
18/07/2025,Samoa,4,Gregor Brown,2001-07-01,24.05
18/07/2025,Samoa,15,Kyle Rowe,1998-02-08,27.44
18/07/2025,Samoa,11,Arron Reed,1999-07-10,26.02
18/07/2025,Samoa,6,Andy Onyeama Christie,1999-03-22,26.32
01/11/2025,USA,3,D'arcy Rae,1994-12-21,30.86
01/11/2025,USA,9,Jamie Dobie,2001-06-07,24.4
01/11/2025,USA,1,Rory Sutherland,1992-08-24,33.19
01/11/2025,USA,2,Patrick Harrison,2002-06-20,23.37
01/11/2025,USA,19,Alex Samuel,2002-12-27,22.85
01/11/2025,USA,5,Marshall Sykes,1999-12-29,25.84
01/11/2025,USA,17,Nathan McBeth,1998-06-08,27.4
01/11/2025,USA,4,Scott Cummings,1996-12-03,28.91
01/11/2025,USA,23,Ross Thompson,1999-04-10,26.56
01/11/2025,USA,21,Magnus Bradbury,1995-08-23,30.19
01/11/2025,USA,6,Liam McConnell,2004-06-24,21.36
01/11/2025,USA,20,Max Williamson,2002-08-05,23.24
01/11/2025,USA,8,Jack Dempsey,1994-04-12,31.56
01/11/2025,USA,22,George Horne,1995-05-12,30.48
01/11/2025,USA,12,Stafford McDowall,1998-02-24,27.69
01/11/2025,USA,10,Adam Hastings,1996-10-05,29.07
01/11/2025,USA,18,Murphy Walker,1999-10-25,26.02
01/11/2025,USA,7,Dylan Richardson,1999-01-15,26.8
01/11/2025,USA,14,Darcy Graham,1997-06-21,28.36
01/11/2025,USA,13,Ollie Smith,2000-08-07,25.24
01/11/2025,USA,15,Kyle Rowe,1998-02-08,27.73
01/11/2025,USA,16,Harri Morris,2001-03-10,24.65
01/11/2025,USA,11,Duhan van der Merwe,1995-06-04,30.41
08/11/2025,New Zealand,9,Ben White,1998-05-27,27.45
08/11/2025,New Zealand,18,Elliot Millar Mills,1992-07-08,33.34
08/11/2025,New Zealand,21,Josh Bayliss,1997-09-18,28.14
08/11/2025,New Zealand,16,George Turner,1992-10-08,33.08
08/11/2025,New Zealand,23,Tom Jordan,1998-09-18,27.14
08/11/2025,New Zealand,3,D'arcy Rae,1994-12-21,30.88
08/11/2025,New Zealand,13,Rory Hutchinson,1996-01-29,29.78
08/11/2025,New Zealand,22,Jamie Dobie,2001-06-07,24.42
08/11/2025,New Zealand,17,Rory Sutherland,1992-08-24,33.21
08/11/2025,New Zealand,11,Kyle Steyn,1994-01-29,31.78
08/11/2025,New Zealand,5,Grant Gilchrist,1990-08-09,35.25
08/11/2025,New Zealand,19,Marshall Sykes,1999-12-29,25.86
08/11/2025,New Zealand,2,Ewan Ashman,2000-04-03,25.6
08/11/2025,New Zealand,4,Scott Cummings,1996-12-03,28.93
08/11/2025,New Zealand,1,Pierre Schoeman,1994-05-07,31.51
08/11/2025,New Zealand,20,Rory Darge,2000-02-23,25.71
08/11/2025,New Zealand,10,Finn Russell,1992-09-23,33.13
08/11/2025,New Zealand,15,Blair Kinghorn,1997-01-18,28.81
08/11/2025,New Zealand,7,Matt Fagerson,1998-07-16,27.32
08/11/2025,New Zealand,8,Jack Dempsey,1994-04-12,31.58
08/11/2025,New Zealand,12,Sione Tuipulotu,1997-02-12,28.74
08/11/2025,New Zealand,14,Darcy Graham,1997-06-21,28.38
08/11/2025,New Zealand,6,Gregor Brown,2001-07-01,24.36
16/11/2025,Argentina,18,Elliot Millar Mills,1992-07-08,33.36
16/11/2025,Argentina,19,Josh Bayliss,1997-09-18,28.16
16/11/2025,Argentina,16,George Turner,1992-10-08,33.11
16/11/2025,Argentina,22,Tom Jordan,1998-09-18,27.16
16/11/2025,Argentina,3,D'arcy Rae,1994-12-21,30.91
16/11/2025,Argentina,13,Rory Hutchinson,1996-01-29,29.8
16/11/2025,Argentina,21,Jamie Dobie,2001-06-07,24.44
16/11/2025,Argentina,11,Kyle Steyn,1994-01-29,31.8
16/11/2025,Argentina,5,Grant Gilchrist,1990-08-09,35.27
16/11/2025,Argentina,2,Ewan Ashman,2000-04-03,25.62
16/11/2025,Argentina,17,Nathan McBeth,1998-06-08,27.44
16/11/2025,Argentina,4,Scott Cummings,1996-12-03,28.95
16/11/2025,Argentina,1,Pierre Schoeman,1994-05-07,31.53
16/11/2025,Argentina,7,Rory Darge,2000-02-23,25.73
16/11/2025,Argentina,10,Finn Russell,1992-09-23,33.15
16/11/2025,Argentina,15,Blair Kinghorn,1997-01-18,28.83
16/11/2025,Argentina,20,Matt Fagerson,1998-07-16,27.34
16/11/2025,Argentina,8,Jack Dempsey,1994-04-12,31.6
16/11/2025,Argentina,21,George Horne,1995-05-12,30.52
16/11/2025,Argentina,12,Sione Tuipulotu,1997-02-12,28.76
16/11/2025,Argentina,14,Darcy Graham,1997-06-21,28.41
16/11/2025,Argentina,6,Gregor Brown,2001-07-01,24.38
16/11/2025,Argentina,23,Duhan van der Merwe,1995-06-04,30.45
23/11/2025,Tonga,9,Ben White,1998-05-27,27.49
23/11/2025,Tonga,20,Josh Bayliss,1997-09-18,28.18
23/11/2025,Tonga,7,Jamie Ritchie,1996-08-16,29.27
23/11/2025,Tonga,2,George Turner,1992-10-08,33.13
23/11/2025,Tonga,15,Tom Jordan,1998-09-18,27.18
23/11/2025,Tonga,1,Rory Sutherland,1992-08-24,33.25
23/11/2025,Tonga,4,Alex Samuel,2002-12-27,22.91
23/11/2025,Tonga,23,Kyle Steyn,1994-01-29,31.82
23/11/2025,Tonga,19,Marshall Sykes,1999-12-29,25.9
23/11/2025,Tonga,16,Ewan Ashman,2000-04-03,25.64
23/11/2025,Tonga,17,Nathan McBeth,1998-06-08,27.46
23/11/2025,Tonga,8,Magnus Bradbury,1995-08-23,30.25
23/11/2025,Tonga,5,Max Williamson,2002-08-05,23.3
23/11/2025,Tonga,3,Zander Fagerson,1996-01-19,29.85
23/11/2025,Tonga,21,George Horne,1995-05-12,30.54
23/11/2025,Tonga,22,Stafford McDowall,1998-02-24,27.75
23/11/2025,Tonga,10,Fergus Burke,1999-09-03,26.22
23/11/2025,Tonga,12,Sione Tuipulotu,1997-02-12,28.78
23/11/2025,Tonga,13,Ollie Smith,2000-08-07,25.3
23/11/2025,Tonga,18,Will Hurd,1999-06-29,26.4
23/11/2025,Tonga,14,Kyle Rowe,1998-02-08,27.79
23/11/2025,Tonga,11,Duhan van der Merwe,1995-06-04,30.47
23/11/2025,Tonga,6,Andy Onyeama Christie,1999-03-22,26.68
07/02/2026,Italy,9,Ben White,1998-05-27,27.7
07/02/2026,Italy,18,Elliot Millar Mills,1992-07-08,33.59
07/02/2026,Italy,16,George Turner,1992-10-08,33.33
07/02/2026,Italy,15,Tom Jordan,1998-09-18,27.39
07/02/2026,Italy,11,Jamie Dobie,2001-06-07,24.67
07/02/2026,Italy,14,Kyle Steyn,1994-01-29,32.03
07/02/2026,Italy,5,Grant Gilchrist,1990-08-09,35.5
07/02/2026,Italy,2,Ewan Ashman,2000-04-03,25.85
07/02/2026,Italy,17,Nathan McBeth,1998-06-08,27.67
07/02/2026,Italy,4,Scott Cummings,1996-12-03,29.18
07/02/2026,Italy,13,Huw Jones,1993-12-17,32.14
07/02/2026,Italy,1,Pierre Schoeman,1994-05-07,31.76
07/02/2026,Italy,7,Rory Darge,2000-02-23,25.96
07/02/2026,Italy,19,Max Williamson,2002-08-05,23.51
07/02/2026,Italy,10,Finn Russell,1992-09-23,33.38
07/02/2026,Italy,6,Matt Fagerson,1998-07-16,27.57
07/02/2026,Italy,3,Zander Fagerson,1996-01-19,30.05
07/02/2026,Italy,8,Jack Dempsey,1994-04-12,31.83
07/02/2026,Italy,21,George Horne,1995-05-12,30.74
07/02/2026,Italy,22,Adam Hastings,1996-10-05,29.34
07/02/2026,Italy,12,Sione Tuipulotu,1997-02-12,28.99
07/02/2026,Italy,23,Darcy Graham,1997-06-21,28.63
07/02/2026,Italy,20,Gregor Brown,2001-07-01,24.61
14/02/2026,England,9,Ben White,1998-05-27,27.72
14/02/2026,England,18,Elliot Millar Mills,1992-07-08,33.61
14/02/2026,England,16,Dave Cherry,1991-01-03,35.12
14/02/2026,England,6,Jamie Ritchie,1996-08-16,29.5
14/02/2026,England,2,George Turner,1992-10-08,33.35
14/02/2026,England,15,Tom Jordan,1998-09-18,27.41
14/02/2026,England,11,Jamie Dobie,2001-06-07,24.69
14/02/2026,England,14,Kyle Steyn,1994-01-29,32.04
14/02/2026,England,1,Nathan McBeth,1998-06-08,27.69
14/02/2026,England,5,Scott Cummings,1996-12-03,29.2
14/02/2026,England,13,Huw Jones,1993-12-17,32.16
14/02/2026,England,17,Pierre Schoeman,1994-05-07,31.78
14/02/2026,England,7,Rory Darge,2000-02-23,25.98
14/02/2026,England,19,Max Williamson,2002-08-05,23.53
14/02/2026,England,10,Finn Russell,1992-09-23,33.39
14/02/2026,England,20,Matt Fagerson,1998-07-16,27.58
14/02/2026,England,3,Zander Fagerson,1996-01-19,30.07
14/02/2026,England,8,Jack Dempsey,1994-04-12,31.84
14/02/2026,England,21,George Horne,1995-05-12,30.76
14/02/2026,England,22,Adam Hastings,1996-10-05,29.36
14/02/2026,England,12,Sione Tuipulotu,1997-02-12,29.01
14/02/2026,England,23,Darcy Graham,1997-06-21,28.65
14/02/2026,England,4,Gregor Brown,2001-07-01,24.62
21/02/2026,Wales,9,Ben White,1998-05-27,27.74
21/02/2026,Wales,18,Elliot Millar Mills,1992-07-08,33.62
21/02/2026,Wales,2,Dave Cherry,1991-01-03,35.14
21/02/2026,Wales,20,Josh Bayliss,1997-09-18,28.43
21/02/2026,Wales,16,George Turner,1992-10-08,33.37
21/02/2026,Wales,22,Tom Jordan,1998-09-18,27.43
21/02/2026,Wales,14,Kyle Steyn,1994-01-29,32.06
21/02/2026,Wales,19,Grant Gilchrist,1990-08-09,35.54
21/02/2026,Wales,1,Nathan McBeth,1998-06-08,27.71
21/02/2026,Wales,5,Scott Cummings,1996-12-03,29.22
21/02/2026,Wales,13,Huw Jones,1993-12-17,32.18
21/02/2026,Wales,17,Pierre Schoeman,1994-05-07,31.8
21/02/2026,Wales,7,Rory Darge,2000-02-23,26.0
21/02/2026,Wales,4,Max Williamson,2002-08-05,23.55
21/02/2026,Wales,10,Finn Russell,1992-09-23,33.41
21/02/2026,Wales,15,Blair Kinghorn,1997-01-18,29.09
21/02/2026,Wales,8,Matt Fagerson,1998-07-16,27.6
21/02/2026,Wales,3,Zander Fagerson,1996-01-19,30.09
21/02/2026,Wales,21,George Horne,1995-05-12,30.78
21/02/2026,Wales,12,Sione Tuipulotu,1997-02-12,29.02
21/02/2026,Wales,23,Darcy Graham,1997-06-21,28.67
21/02/2026,Wales,6,Gregor Brown,2001-07-01,24.64
21/02/2026,Wales,11,Duhan van der Merwe,1995-06-04,30.72
07/03/2026,France,9,Ben White,1998-05-27,27.78
07/03/2026,France,21,Josh Bayliss,1997-09-18,28.47
07/03/2026,France,2,George Turner,1992-10-08,33.41
07/03/2026,France,23,Tom Jordan,1998-09-18,27.47
07/03/2026,France,3,D'arcy Rae,1994-12-21,31.21
07/03/2026,France,17,Rory Sutherland,1992-08-24,33.53
07/03/2026,France,11,Kyle Steyn,1994-01-29,32.1
07/03/2026,France,19,Grant Gilchrist,1990-08-09,35.58
07/03/2026,France,16,Ewan Ashman,2000-04-03,25.93
07/03/2026,France,20,Freddy Douglas,2005-05-14,20.81
07/03/2026,France,5,Scott Cummings,1996-12-03,29.26
07/03/2026,France,13,Huw Jones,1993-12-17,32.22
07/03/2026,France,1,Pierre Schoeman,1994-05-07,31.83
07/03/2026,France,7,Rory Darge,2000-02-23,26.03
07/03/2026,France,10,Finn Russell,1992-09-23,33.45
07/03/2026,France,15,Blair Kinghorn,1997-01-18,29.13
07/03/2026,France,6,Matt Fagerson,1998-07-16,27.64
07/03/2026,France,18,Zander Fagerson,1996-01-19,30.13
07/03/2026,France,8,Jack Dempsey,1994-04-12,31.9
07/03/2026,France,22,George Horne,1995-05-12,30.82
07/03/2026,France,12,Sione Tuipulotu,1997-02-12,29.06
07/03/2026,France,14,Darcy Graham,1997-06-21,28.71
07/03/2026,France,4,Gregor Brown,2001-07-01,24.68
14/03/2026,Ireland,9,Ben White,1998-05-27,27.8
14/03/2026,Ireland,2,George Turner,1992-10-08,33.43
14/03/2026,Ireland,23,Tom Jordan,1998-09-18,27.49
14/03/2026,Ireland,19,Alex Craig,1997-04-26,28.88
14/03/2026,Ireland,18,D'arcy Rae,1994-12-21,31.23
14/03/2026,Ireland,17,Rory Sutherland,1992-08-24,33.55
14/03/2026,Ireland,11,Kyle Steyn,1994-01-29,32.12
14/03/2026,Ireland,5,Grant Gilchrist,1990-08-09,35.6
14/03/2026,Ireland,16,Ewan Ashman,2000-04-03,25.94
14/03/2026,Ireland,13,Huw Jones,1993-12-17,32.24
14/03/2026,Ireland,1,Pierre Schoeman,1994-05-07,31.85
14/03/2026,Ireland,7,Rory Darge,2000-02-23,26.05
14/03/2026,Ireland,20,Magnus Bradbury,1995-08-23,30.56
14/03/2026,Ireland,4,Max Williamson,2002-08-05,23.61
14/03/2026,Ireland,10,Finn Russell,1992-09-23,33.47
14/03/2026,Ireland,15,Blair Kinghorn,1997-01-18,29.15
14/03/2026,Ireland,6,Matt Fagerson,1998-07-16,27.66
14/03/2026,Ireland,3,Zander Fagerson,1996-01-19,30.15
14/03/2026,Ireland,8,Jack Dempsey,1994-04-12,31.92
14/03/2026,Ireland,21,George Horne,1995-05-12,30.84
14/03/2026,Ireland,12,Sione Tuipulotu,1997-02-12,29.08
14/03/2026,Ireland,14,Darcy Graham,1997-06-21,28.73
14/03/2026,Ireland,22,Kyle Rowe,1998-02-08,28.09
04/07/2026,Argentina,9,Ben White,1998-05-27,28.1
04/07/2026,Argentina,16,Gregor Hiddleston,2002-02-26,24.35
04/07/2026,Argentina,3,Elliot Millar Mills,1992-07-08,33.99
04/07/2026,Argentina,10,Tom Jordan,1998-09-18,27.79
04/07/2026,Argentina,13,Rory Hutchinson,1996-01-29,30.43
04/07/2026,Argentina,11,Jamie Dobie,2001-06-07,25.07
04/07/2026,Argentina,17,Rory Sutherland,1992-08-24,33.86
04/07/2026,Argentina,19,Alex Samuel,2002-12-27,23.52
04/07/2026,Argentina,14,Kyle Steyn,1994-01-29,32.43
04/07/2026,Argentina,2,Ewan Ashman,2000-04-03,26.25
04/07/2026,Argentina,5,Scott Cummings,1996-12-03,29.58
04/07/2026,Argentina,1,Pierre Schoeman,1994-05-07,32.16
04/07/2026,Argentina,7,Rory Darge,2000-02-23,26.36
04/07/2026,Argentina,6,Matt Fagerson,1998-07-16,27.97
04/07/2026,Argentina,18,Zander Fagerson,1996-01-19,30.46
04/07/2026,Argentina,8,Jack Dempsey,1994-04-12,32.23
04/07/2026,Argentina,21,George Horne,1995-05-12,31.15
04/07/2026,Argentina,22,Fergus Burke,1999-09-03,26.83
04/07/2026,Argentina,12,Sione Tuipulotu,1997-02-12,29.39
04/07/2026,Argentina,23,Darcy Graham,1997-06-21,29.04
04/07/2026,Argentina,20,Gregor Brown,2001-07-01,25.01
04/07/2026,Argentina,15,Kyle Rowe,1998-02-08,28.4
04/07/2026,Argentina,4,Jonny Gray,1994-03-14,32.31
11/07/2026,South Africa,9,Ben White,1998-05-27,28.12
11/07/2026,South Africa,16,Gregor Hiddleston,2002-02-26,24.37
11/07/2026,South Africa,20,Josh Bayliss,1997-09-18,28.81
11/07/2026,South Africa,22,Tom Jordan,1998-09-18,27.81
11/07/2026,South Africa,13,Rory Hutchinson,1996-01-29,30.45
11/07/2026,South Africa,11,Jamie Dobie,2001-06-07,25.09
11/07/2026,South Africa,17,Rory Sutherland,1992-08-24,33.88
11/07/2026,South Africa,14,Kyle Steyn,1994-01-29,32.45
11/07/2026,South Africa,2,Ewan Ashman,2000-04-03,26.27
11/07/2026,South Africa,5,Scott Cummings,1996-12-03,29.6
11/07/2026,South Africa,1,Pierre Schoeman,1994-05-07,32.18
11/07/2026,South Africa,7,Rory Darge,2000-02-23,26.38
11/07/2026,South Africa,21,Magnus Bradbury,1995-08-23,30.88
11/07/2026,South Africa,19,Max Williamson,2002-08-05,23.93
11/07/2026,South Africa,10,Finn Russell,1992-09-23,33.8
11/07/2026,South Africa,6,Matt Fagerson,1998-07-16,27.99
11/07/2026,South Africa,3,Zander Fagerson,1996-01-19,30.48
11/07/2026,South Africa,8,Jack Dempsey,1994-04-12,32.25
11/07/2026,South Africa,23,Stafford McDowall,1998-02-24,28.38
11/07/2026,South Africa,12,Sione Tuipulotu,1997-02-12,29.41
11/07/2026,South Africa,18,Will Hurd,1999-06-29,27.03
11/07/2026,South Africa,4,Gregor Brown,2001-07-01,25.03
11/07/2026,South Africa,15,Kyle Rowe,1998-02-08,28.42
18/07/2026,Fiji,2,Gregor Hiddleston,2002-02-26,24.39
18/07/2026,Fiji,6,Josh Bayliss,1997-09-18,28.83
18/07/2026,Fiji,16,Seb Stephen,2005-08-29,20.88
18/07/2026,Fiji,15,Tom Jordan,1998-09-18,27.83
18/07/2026,Fiji,3,D'arcy Rae,1994-12-21,31.57
18/07/2026,Fiji,22,Jamie Dobie,2001-06-07,25.11
18/07/2026,Fiji,1,Rory Sutherland,1992-08-24,33.9
18/07/2026,Fiji,7,Freddy Douglas,2005-05-14,21.18
18/07/2026,Fiji,19,Scott Cummings,1996-12-03,29.62
18/07/2026,Fiji,17,Pierre Schoeman,1994-05-07,32.2
18/07/2026,Fiji,21,Magnus Bradbury,1995-08-23,30.9
18/07/2026,Fiji,20,Liam McConnell,2004-06-24,22.06
18/07/2026,Fiji,5,Max Williamson,2002-08-05,23.95
18/07/2026,Fiji,18,Zander Fagerson,1996-01-19,30.49
18/07/2026,Fiji,9,George Horne,1995-05-12,31.18
18/07/2026,Fiji,12,Stafford McDowall,1998-02-24,28.39
18/07/2026,Fiji,10,Fergus Burke,1999-09-03,26.87
18/07/2026,Fiji,23,Sione Tuipulotu,1997-02-12,29.43
18/07/2026,Fiji,14,Darcy Graham,1997-06-21,29.07
18/07/2026,Fiji,13,Ollie Smith,2000-08-07,25.94
18/07/2026,Fiji,8,Gregor Brown,2001-07-01,25.05
18/07/2026,Fiji,4,Jonny Gray,1994-03-14,32.35
18/07/2026,Fiji,11,Duhan van der Merwe,1995-06-04,31.12
