date,opposition,shirt,player,dob,age_on_matchday
18/07/2015,Australia,3,Jannie Du Plessis,1982-11-16,32.67
18/07/2015,Australia,11,Bryan Habana,1983-06-12,32.1
18/07/2015,Australia,16,Adriaan Strauss,1985-11-18,29.66
18/07/2015,Australia,20,Teboho Mohoje,1990-08-03,24.96
18/07/2015,Australia,17,Heinke van der Merwe,1985-05-03,30.21
18/07/2015,Australia,10,Handre Pollard,1994-03-11,21.35
18/07/2015,Australia,18,Frans Malherbe,1991-03-14,24.35
18/07/2015,Australia,13,Jesse Kriel,1994-02-15,21.42
18/07/2015,Australia,2,Bismarck Du Plessis,1984-05-22,31.15
18/07/2015,Australia,22,Pat Lambie,1990-10-17,24.75
18/07/2015,Australia,12,Damian de Allende,1991-11-25,23.64
18/07/2015,Australia,1,Tendai Mtawarira,1985-08-01,29.96
18/07/2015,Australia,4,Eben Etzebeth,1991-10-29,23.72
18/07/2015,Australia,9,Ruan Pienaar,1984-03-10,31.35
18/07/2015,Australia,5,Victor Matfield,1977-05-11,38.19
18/07/2015,Australia,7,Marcell Coetzee,1991-05-08,24.19
18/07/2015,Australia,21,Cobus Reinach,1990-02-07,25.44
18/07/2015,Australia,14,JP Pietersen,1986-07-12,29.02
18/07/2015,Australia,15,Willie Le Roux,1989-08-18,25.91
18/07/2015,Australia,19,Lodewyk De Jager,1992-12-17,22.58
18/07/2015,Australia,23,Lwazi Mvovo,1986-06-03,29.12
18/07/2015,Australia,8,Schalk Burger,1983-04-13,32.26
18/07/2015,Australia,6,Francois Louw,1985-06-15,30.09
25/07/2015,New Zealand,3,Jannie Du Plessis,1982-11-16,32.69
25/07/2015,New Zealand,11,Bryan Habana,1983-06-12,32.12
25/07/2015,New Zealand,16,Adriaan Strauss,1985-11-18,29.68
25/07/2015,New Zealand,10,Handre Pollard,1994-03-11,21.37
25/07/2015,New Zealand,13,Jesse Kriel,1994-02-15,21.44
25/07/2015,New Zealand,2,Bismarck Du Plessis,1984-05-22,31.17
25/07/2015,New Zealand,22,Pat Lambie,1990-10-17,24.77
25/07/2015,New Zealand,14,Cornal Hendricks,1988-04-18,27.27
25/07/2015,New Zealand,12,Damian de Allende,1991-11-25,23.66
25/07/2015,New Zealand,1,Tendai Mtawarira,1985-08-01,29.98
25/07/2015,New Zealand,6,Heinrich Brussow,1986-07-21,29.01
25/07/2015,New Zealand,23,Lionel Mapoe,1988-07-13,27.03
25/07/2015,New Zealand,4,Eben Etzebeth,1991-10-29,23.74
25/07/2015,New Zealand,9,Ruan Pienaar,1984-03-10,31.37
25/07/2015,New Zealand,19,Flip Van Der Merwe,1985-06-03,30.14
25/07/2015,New Zealand,20,Warren Whiteley,1987-09-18,27.85
25/07/2015,New Zealand,17,Trevor Nyakane,1989-05-04,26.22
25/07/2015,New Zealand,21,Cobus Reinach,1990-02-07,25.46
25/07/2015,New Zealand,18,Vincent Koch,1990-03-13,25.37
25/07/2015,New Zealand,15,Willie Le Roux,1989-08-18,25.93
25/07/2015,New Zealand,5,Lodewyk De Jager,1992-12-17,22.6
25/07/2015,New Zealand,8,Schalk Burger,1983-04-13,32.28
25/07/2015,New Zealand,7,Francois Louw,1985-06-15,30.11
08/08/2015,Argentina,17,Trevor Nyakane,1989-05-04,26.26
08/08/2015,Argentina,18,Marcel Van Der Merwe,1990-10-24,24.79
08/08/2015,Argentina,13,Jean De Villiers,1981-02-24,34.45
08/08/2015,Argentina,21,Cobus Reinach,1990-02-07,25.5
08/08/2015,Argentina,19,Pieter-Steph Du Toit,1992-08-20,22.97
08/08/2015,Argentina,3,Vincent Koch,1990-03-13,25.41
08/08/2015,Argentina,15,Willie Le Roux,1989-08-18,25.97
08/08/2015,Argentina,5,Lodewyk De Jager,1992-12-17,22.64
08/08/2015,Argentina,23,Lwazi Mvovo,1986-06-03,29.18
08/08/2015,Argentina,8,Schalk Burger,1983-04-13,32.32
08/08/2015,Argentina,11,Bryan Habana,1983-06-12,32.16
08/08/2015,Argentina,16,Adriaan Strauss,1985-11-18,29.72
08/08/2015,Argentina,10,Handre Pollard,1994-03-11,21.41
08/08/2015,Argentina,14,Jesse Kriel,1994-02-15,21.48
08/08/2015,Argentina,2,Bismarck Du Plessis,1984-05-22,31.21
08/08/2015,Argentina,22,Pat Lambie,1990-10-17,24.81
08/08/2015,Argentina,12,Damian de Allende,1991-11-25,23.7
08/08/2015,Argentina,1,Tendai Mtawarira,1985-08-01,30.02
08/08/2015,Argentina,6,Heinrich Brussow,1986-07-21,29.05
08/08/2015,Argentina,20,Siya Kolisi,1991-06-16,24.15
08/08/2015,Argentina,4,Eben Etzebeth,1991-10-29,23.78
08/08/2015,Argentina,9,Ruan Pienaar,1984-03-10,31.41
08/08/2015,Argentina,7,Marcell Coetzee,1991-05-08,24.25
15/08/2015,Argentina,11,Bryan Habana,1983-06-12,32.18
15/08/2015,Argentina,2,Adriaan Strauss,1985-11-18,29.74
15/08/2015,Argentina,16,Schalk Brits,1981-05-16,34.25
15/08/2015,Argentina,22,Handre Pollard,1994-03-11,21.43
15/08/2015,Argentina,18,Frans Malherbe,1991-03-14,24.42
15/08/2015,Argentina,23,Jan Serfontein,1993-04-15,22.33
15/08/2015,Argentina,13,Jesse Kriel,1994-02-15,21.5
15/08/2015,Argentina,10,Pat Lambie,1990-10-17,24.83
15/08/2015,Argentina,12,Damian de Allende,1991-11-25,23.72
15/08/2015,Argentina,17,Tendai Mtawarira,1985-08-01,30.04
15/08/2015,Argentina,6,Heinrich Brussow,1986-07-21,29.07
15/08/2015,Argentina,4,Eben Etzebeth,1991-10-29,23.8
15/08/2015,Argentina,9,Ruan Pienaar,1984-03-10,31.43
15/08/2015,Argentina,19,Flip Van Der Merwe,1985-06-03,30.2
15/08/2015,Argentina,5,Victor Matfield,1977-05-11,38.26
15/08/2015,Argentina,1,Trevor Nyakane,1989-05-04,26.28
15/08/2015,Argentina,3,Marcel Van Der Merwe,1990-10-24,24.81
15/08/2015,Argentina,21,Cobus Reinach,1990-02-07,25.52
15/08/2015,Argentina,20,Pieter-Steph Du Toit,1992-08-20,22.98
15/08/2015,Argentina,7,Willem Alberts,1984-05-11,31.26
15/08/2015,Argentina,15,Zane Kirchner,1984-06-16,31.16
15/08/2015,Argentina,14,Lwazi Mvovo,1986-06-03,29.2
15/08/2015,Argentina,8,Schalk Burger,1983-04-13,32.34
19/09/2015,Japan,3,Jannie Du Plessis,1982-11-16,32.84
19/09/2015,Japan,14,Bryan Habana,1983-06-12,32.27
19/09/2015,Japan,16,Adriaan Strauss,1985-11-18,29.83
19/09/2015,Japan,21,Fourie Du Preez,1982-03-24,33.49
19/09/2015,Japan,22,Handre Pollard,1994-03-11,21.53
19/09/2015,Japan,13,Jesse Kriel,1994-02-15,21.59
19/09/2015,Japan,2,Bismarck Du Plessis,1984-05-22,31.33
19/09/2015,Japan,10,Pat Lambie,1990-10-17,24.92
19/09/2015,Japan,1,Tendai Mtawarira,1985-08-01,30.13
19/09/2015,Japan,20,Siya Kolisi,1991-06-16,24.26
19/09/2015,Japan,19,Eben Etzebeth,1991-10-29,23.89
19/09/2015,Japan,9,Ruan Pienaar,1984-03-10,31.53
19/09/2015,Japan,18,Coenie Oosthuizen,1989-03-22,26.49
19/09/2015,Japan,5,Victor Matfield,1977-05-11,38.36
19/09/2015,Japan,17,Trevor Nyakane,1989-05-04,26.38
19/09/2015,Japan,12,Jean De Villiers,1981-02-24,34.57
19/09/2015,Japan,23,JP Pietersen,1986-07-12,29.19
19/09/2015,Japan,7,Pieter-Steph Du Toit,1992-08-20,23.08
19/09/2015,Japan,15,Zane Kirchner,1984-06-16,31.26
19/09/2015,Japan,4,Lodewyk De Jager,1992-12-17,22.75
19/09/2015,Japan,11,Lwazi Mvovo,1986-06-03,29.3
19/09/2015,Japan,8,Schalk Burger,1983-04-13,32.44
19/09/2015,Japan,6,Francois Louw,1985-06-15,30.26
26/09/2015,Samoa,3,Jannie Du Plessis,1982-11-16,32.86
26/09/2015,Samoa,11,Bryan Habana,1983-06-12,32.29
26/09/2015,Samoa,2,Adriaan Strauss,1985-11-18,29.85
26/09/2015,Samoa,16,Schalk Brits,1981-05-16,34.36
26/09/2015,Samoa,9,Fourie Du Preez,1982-03-24,33.51
26/09/2015,Samoa,10,Handre Pollard,1994-03-11,21.54
26/09/2015,Samoa,18,Frans Malherbe,1991-03-14,24.54
26/09/2015,Samoa,23,Jesse Kriel,1994-02-15,21.61
26/09/2015,Samoa,22,Pat Lambie,1990-10-17,24.94
26/09/2015,Samoa,12,Damian de Allende,1991-11-25,23.84
26/09/2015,Samoa,1,Tendai Mtawarira,1985-08-01,30.15
26/09/2015,Samoa,20,Siya Kolisi,1991-06-16,24.28
26/09/2015,Samoa,4,Eben Etzebeth,1991-10-29,23.91
26/09/2015,Samoa,21,Ruan Pienaar,1984-03-10,31.55
26/09/2015,Samoa,5,Victor Matfield,1977-05-11,38.38
26/09/2015,Samoa,17,Trevor Nyakane,1989-05-04,26.4
26/09/2015,Samoa,8,Duane Vermeulen,1986-07-03,29.23
26/09/2015,Samoa,13,Jean De Villiers,1981-02-24,34.59
26/09/2015,Samoa,14,JP Pietersen,1986-07-12,29.21
26/09/2015,Samoa,15,Willie Le Roux,1989-08-18,26.11
26/09/2015,Samoa,19,Lodewyk De Jager,1992-12-17,22.77
26/09/2015,Samoa,7,Schalk Burger,1983-04-13,32.46
26/09/2015,Samoa,6,Francois Louw,1985-06-15,30.28
03/10/2015,Scotland,3,Jannie Du Plessis,1982-11-16,32.88
03/10/2015,Scotland,11,Bryan Habana,1983-06-12,32.31
03/10/2015,Scotland,16,Adriaan Strauss,1985-11-18,29.87
03/10/2015,Scotland,9,Fourie Du Preez,1982-03-24,33.53
03/10/2015,Scotland,10,Handre Pollard,1994-03-11,21.56
03/10/2015,Scotland,18,Frans Malherbe,1991-03-14,24.56
03/10/2015,Scotland,23,Jan Serfontein,1993-04-15,22.47
03/10/2015,Scotland,13,Jesse Kriel,1994-02-15,21.63
03/10/2015,Scotland,2,Bismarck Du Plessis,1984-05-22,31.37
03/10/2015,Scotland,22,Pat Lambie,1990-10-17,24.96
03/10/2015,Scotland,12,Damian de Allende,1991-11-25,23.86
03/10/2015,Scotland,1,Tendai Mtawarira,1985-08-01,30.17
03/10/2015,Scotland,4,Eben Etzebeth,1991-10-29,23.93
03/10/2015,Scotland,21,Ruan Pienaar,1984-03-10,31.57
03/10/2015,Scotland,17,Trevor Nyakane,1989-05-04,26.42
03/10/2015,Scotland,8,Duane Vermeulen,1986-07-03,29.25
03/10/2015,Scotland,14,JP Pietersen,1986-07-12,29.23
03/10/2015,Scotland,19,Pieter-Steph Du Toit,1992-08-20,23.12
03/10/2015,Scotland,20,Willem Alberts,1984-05-11,31.4
03/10/2015,Scotland,15,Willie Le Roux,1989-08-18,26.13
03/10/2015,Scotland,5,Lodewyk De Jager,1992-12-17,22.79
03/10/2015,Scotland,7,Schalk Burger,1983-04-13,32.47
03/10/2015,Scotland,6,Francois Louw,1985-06-15,30.3
07/10/2015,USA,22,Morne Steyn,1984-07-11,31.24
07/10/2015,USA,21,Rudy Paige,1989-08-02,26.18
07/10/2015,USA,14,Bryan Habana,1983-06-12,32.32
07/10/2015,USA,16,Schalk Brits,1981-05-16,34.39
07/10/2015,USA,9,Fourie Du Preez,1982-03-24,33.54
07/10/2015,USA,10,Handre Pollard,1994-03-11,21.57
07/10/2015,USA,3,Frans Malherbe,1991-03-14,24.57
07/10/2015,USA,23,Jan Serfontein,1993-04-15,22.48
07/10/2015,USA,13,Jesse Kriel,1994-02-15,21.64
07/10/2015,USA,2,Bismarck Du Plessis,1984-05-22,31.38
07/10/2015,USA,12,Damian de Allende,1991-11-25,23.87
07/10/2015,USA,1,Tendai Mtawarira,1985-08-01,30.18
07/10/2015,USA,4,Eben Etzebeth,1991-10-29,23.94
07/10/2015,USA,18,Coenie Oosthuizen,1989-03-22,26.54
07/10/2015,USA,17,Trevor Nyakane,1989-05-04,26.43
07/10/2015,USA,8,Duane Vermeulen,1986-07-03,29.26
07/10/2015,USA,19,Pieter-Steph Du Toit,1992-08-20,23.13
07/10/2015,USA,20,Willem Alberts,1984-05-11,31.41
07/10/2015,USA,15,Willie Le Roux,1989-08-18,26.14
07/10/2015,USA,5,Lodewyk De Jager,1992-12-17,22.8
07/10/2015,USA,11,Lwazi Mvovo,1986-06-03,29.34
07/10/2015,USA,7,Schalk Burger,1983-04-13,32.49
07/10/2015,USA,6,Francois Louw,1985-06-15,30.31
17/10/2015,Wales,18,Jannie Du Plessis,1982-11-16,32.92
17/10/2015,Wales,11,Bryan Habana,1983-06-12,32.35
17/10/2015,Wales,16,Adriaan Strauss,1985-11-18,29.91
17/10/2015,Wales,9,Fourie Du Preez,1982-03-24,33.57
17/10/2015,Wales,10,Handre Pollard,1994-03-11,21.6
17/10/2015,Wales,3,Frans Malherbe,1991-03-14,24.59
17/10/2015,Wales,23,Jan Serfontein,1993-04-15,22.51
17/10/2015,Wales,13,Jesse Kriel,1994-02-15,21.67
17/10/2015,Wales,2,Bismarck Du Plessis,1984-05-22,31.4
17/10/2015,Wales,22,Pat Lambie,1990-10-17,25.0
17/10/2015,Wales,12,Damian de Allende,1991-11-25,23.89
17/10/2015,Wales,1,Tendai Mtawarira,1985-08-01,30.21
17/10/2015,Wales,4,Eben Etzebeth,1991-10-29,23.97
17/10/2015,Wales,21,Ruan Pienaar,1984-03-10,31.6
17/10/2015,Wales,17,Trevor Nyakane,1989-05-04,26.45
17/10/2015,Wales,8,Duane Vermeulen,1986-07-03,29.29
17/10/2015,Wales,14,JP Pietersen,1986-07-12,29.27
17/10/2015,Wales,19,Pieter-Steph Du Toit,1992-08-20,23.16
17/10/2015,Wales,20,Willem Alberts,1984-05-11,31.43
17/10/2015,Wales,15,Willie Le Roux,1989-08-18,26.16
17/10/2015,Wales,5,Lodewyk De Jager,1992-12-17,22.83
17/10/2015,Wales,7,Schalk Burger,1983-04-13,32.51
17/10/2015,Wales,6,Francois Louw,1985-06-15,30.34
24/10/2015,New Zealand,18,Jannie Du Plessis,1982-11-16,32.94
24/10/2015,New Zealand,11,Bryan Habana,1983-06-12,32.37
24/10/2015,New Zealand,16,Adriaan Strauss,1985-11-18,29.93
24/10/2015,New Zealand,9,Fourie Du Preez,1982-03-24,33.59
24/10/2015,New Zealand,10,Handre Pollard,1994-03-11,21.62
24/10/2015,New Zealand,3,Frans Malherbe,1991-03-14,24.61
24/10/2015,New Zealand,23,Jan Serfontein,1993-04-15,22.52
24/10/2015,New Zealand,13,Jesse Kriel,1994-02-15,21.69
24/10/2015,New Zealand,2,Bismarck Du Plessis,1984-05-22,31.42
24/10/2015,New Zealand,22,Pat Lambie,1990-10-17,25.02
24/10/2015,New Zealand,12,Damian de Allende,1991-11-25,23.91
24/10/2015,New Zealand,1,Tendai Mtawarira,1985-08-01,30.23
24/10/2015,New Zealand,4,Eben Etzebeth,1991-10-29,23.99
24/10/2015,New Zealand,21,Ruan Pienaar,1984-03-10,31.62
24/10/2015,New Zealand,19,Victor Matfield,1977-05-11,38.45
24/10/2015,New Zealand,17,Trevor Nyakane,1989-05-04,26.47
24/10/2015,New Zealand,8,Duane Vermeulen,1986-07-03,29.31
24/10/2015,New Zealand,14,JP Pietersen,1986-07-12,29.28
24/10/2015,New Zealand,20,Willem Alberts,1984-05-11,31.45
24/10/2015,New Zealand,15,Willie Le Roux,1989-08-18,26.18
24/10/2015,New Zealand,5,Lodewyk De Jager,1992-12-17,22.85
24/10/2015,New Zealand,7,Schalk Burger,1983-04-13,32.53
24/10/2015,New Zealand,6,Francois Louw,1985-06-15,30.36
30/10/2015,Argentina,18,Jannie Du Plessis,1982-11-16,32.95
30/10/2015,Argentina,21,Rudy Paige,1989-08-02,26.24
30/10/2015,Argentina,11,Bryan Habana,1983-06-12,32.38
30/10/2015,Argentina,16,Adriaan Strauss,1985-11-18,29.95
30/10/2015,Argentina,10,Handre Pollard,1994-03-11,21.64
30/10/2015,Argentina,3,Frans Malherbe,1991-03-14,24.63
30/10/2015,Argentina,23,Jan Serfontein,1993-04-15,22.54
30/10/2015,Argentina,13,Jesse Kriel,1994-02-15,21.7
30/10/2015,Argentina,2,Bismarck Du Plessis,1984-05-22,31.44
30/10/2015,Argentina,22,Pat Lambie,1990-10-17,25.04
30/10/2015,Argentina,12,Damian de Allende,1991-11-25,23.93
30/10/2015,Argentina,1,Tendai Mtawarira,1985-08-01,30.25
30/10/2015,Argentina,4,Eben Etzebeth,1991-10-29,24.0
30/10/2015,Argentina,9,Ruan Pienaar,1984-03-10,31.64
30/10/2015,Argentina,5,Victor Matfield,1977-05-11,38.47
30/10/2015,Argentina,17,Trevor Nyakane,1989-05-04,26.49
30/10/2015,Argentina,8,Duane Vermeulen,1986-07-03,29.33
30/10/2015,Argentina,14,JP Pietersen,1986-07-12,29.3
30/10/2015,Argentina,20,Willem Alberts,1984-05-11,31.47
30/10/2015,Argentina,15,Willie Le Roux,1989-08-18,26.2
30/10/2015,Argentina,19,Lodewyk De Jager,1992-12-17,22.87
30/10/2015,Argentina,7,Schalk Burger,1983-04-13,32.55
30/10/2015,Argentina,6,Francois Louw,1985-06-15,30.37
11/06/2016,Ireland,22,Elton Jantjies,1990-08-01,25.86
11/06/2016,Ireland,21,Rudy Paige,1989-08-02,26.86
11/06/2016,Ireland,2,Adriaan Strauss,1985-11-18,30.56
11/06/2016,Ireland,3,Frans Malherbe,1991-03-14,25.25
11/06/2016,Ireland,23,Jesse Kriel,1994-02-15,22.32
11/06/2016,Ireland,10,Pat Lambie,1990-10-17,25.65
11/06/2016,Ireland,12,Damian de Allende,1991-11-25,24.55
11/06/2016,Ireland,1,Tendai Mtawarira,1985-08-01,30.86
11/06/2016,Ireland,7,Siya Kolisi,1991-06-16,24.99
11/06/2016,Ireland,16,Mbongeni Mbonambi,1991-01-07,25.43
11/06/2016,Ireland,9,Faf de Klerk,1991-10-19,24.65
11/06/2016,Ireland,13,Lionel Mapoe,1988-07-13,27.91
11/06/2016,Ireland,4,Eben Etzebeth,1991-10-29,24.62
11/06/2016,Ireland,20,Warren Whiteley,1987-09-18,28.73
11/06/2016,Ireland,17,Trevor Nyakane,1989-05-04,27.11
11/06/2016,Ireland,8,Duane Vermeulen,1986-07-03,29.94
11/06/2016,Ireland,14,JP Pietersen,1986-07-12,29.92
11/06/2016,Ireland,19,Pieter-Steph Du Toit,1992-08-20,23.81
11/06/2016,Ireland,15,Willie Le Roux,1989-08-18,26.82
11/06/2016,Ireland,5,Lodewyk De Jager,1992-12-17,23.48
11/06/2016,Ireland,18,Julian Redelinghuys,1989-09-11,26.75
11/06/2016,Ireland,11,Lwazi Mvovo,1986-06-03,30.02
11/06/2016,Ireland,6,Francois Louw,1985-06-15,30.99
18/06/2016,Ireland,10,Elton Jantjies,1990-08-01,25.88
18/06/2016,Ireland,22,Morne Steyn,1984-07-11,31.94
18/06/2016,Ireland,21,Rudy Paige,1989-08-02,26.88
18/06/2016,Ireland,2,Adriaan Strauss,1985-11-18,30.58
18/06/2016,Ireland,3,Frans Malherbe,1991-03-14,25.27
18/06/2016,Ireland,12,Damian de Allende,1991-11-25,24.56
18/06/2016,Ireland,1,Tendai Mtawarira,1985-08-01,30.88
18/06/2016,Ireland,7,Siya Kolisi,1991-06-16,25.01
18/06/2016,Ireland,16,Mbongeni Mbonambi,1991-01-07,25.45
18/06/2016,Ireland,9,Faf de Klerk,1991-10-19,24.67
18/06/2016,Ireland,13,Lionel Mapoe,1988-07-13,27.93
18/06/2016,Ireland,4,Eben Etzebeth,1991-10-29,24.64
18/06/2016,Ireland,19,Franco Mostert,1990-11-27,25.56
18/06/2016,Ireland,20,Warren Whiteley,1987-09-18,28.75
18/06/2016,Ireland,17,Trevor Nyakane,1989-05-04,27.12
18/06/2016,Ireland,8,Duane Vermeulen,1986-07-03,29.96
18/06/2016,Ireland,14,JP Pietersen,1986-07-12,29.94
18/06/2016,Ireland,5,Pieter-Steph Du Toit,1992-08-20,23.83
18/06/2016,Ireland,23,Ruan Combrinck,1990-05-10,26.11
18/06/2016,Ireland,15,Willie Le Roux,1989-08-18,26.83
18/06/2016,Ireland,18,Julian Redelinghuys,1989-09-11,26.77
18/06/2016,Ireland,11,Lwazi Mvovo,1986-06-03,30.04
18/06/2016,Ireland,6,Francois Louw,1985-06-15,31.01
25/06/2016,Ireland,10,Elton Jantjies,1990-08-01,25.9
25/06/2016,Ireland,22,Morne Steyn,1984-07-11,31.96
25/06/2016,Ireland,21,Rudy Paige,1989-08-02,26.9
25/06/2016,Ireland,2,Adriaan Strauss,1985-11-18,30.6
25/06/2016,Ireland,3,Frans Malherbe,1991-03-14,25.28
25/06/2016,Ireland,12,Damian de Allende,1991-11-25,24.58
25/06/2016,Ireland,1,Tendai Mtawarira,1985-08-01,30.9
25/06/2016,Ireland,7,Siya Kolisi,1991-06-16,25.03
25/06/2016,Ireland,16,Mbongeni Mbonambi,1991-01-07,25.47
25/06/2016,Ireland,9,Faf de Klerk,1991-10-19,24.68
25/06/2016,Ireland,13,Lionel Mapoe,1988-07-13,27.95
25/06/2016,Ireland,4,Eben Etzebeth,1991-10-29,24.66
25/06/2016,Ireland,19,Franco Mostert,1990-11-27,25.58
25/06/2016,Ireland,8,Warren Whiteley,1987-09-18,28.77
25/06/2016,Ireland,11,JP Pietersen,1986-07-12,29.96
25/06/2016,Ireland,5,Pieter-Steph Du Toit,1992-08-20,23.85
25/06/2016,Ireland,20,Jaco Kriel,1989-08-21,26.85
25/06/2016,Ireland,14,Ruan Combrinck,1990-05-10,26.13
25/06/2016,Ireland,15,Willie Le Roux,1989-08-18,26.85
25/06/2016,Ireland,18,Julian Redelinghuys,1989-09-11,26.79
25/06/2016,Ireland,17,Steven Kitshoff,1992-02-10,24.37
25/06/2016,Ireland,23,Lwazi Mvovo,1986-06-03,30.06
25/06/2016,Ireland,6,Francois Louw,1985-06-15,31.03
20/08/2016,Argentina,10,Elton Jantjies,1990-08-01,26.05
20/08/2016,Argentina,21,Rudy Paige,1989-08-02,27.05
20/08/2016,Argentina,11,Bryan Habana,1983-06-12,33.19
20/08/2016,Argentina,2,Adriaan Strauss,1985-11-18,30.75
20/08/2016,Argentina,7,Teboho Mohoje,1990-08-03,26.05
20/08/2016,Argentina,23,Jesse Kriel,1994-02-15,22.51
20/08/2016,Argentina,15,Johan Goosen,1992-07-27,24.07
20/08/2016,Argentina,12,Damian de Allende,1991-11-25,24.74
20/08/2016,Argentina,1,Tendai Mtawarira,1985-08-01,31.05
20/08/2016,Argentina,16,Mbongeni Mbonambi,1991-01-07,25.62
20/08/2016,Argentina,9,Faf de Klerk,1991-10-19,24.84
20/08/2016,Argentina,13,Lionel Mapoe,1988-07-13,28.1
20/08/2016,Argentina,4,Eben Etzebeth,1991-10-29,24.81
20/08/2016,Argentina,8,Warren Whiteley,1987-09-18,28.92
20/08/2016,Argentina,19,Pieter-Steph Du Toit,1992-08-20,24.0
20/08/2016,Argentina,20,Jaco Kriel,1989-08-21,27.0
20/08/2016,Argentina,18,Vincent Koch,1990-03-13,26.44
20/08/2016,Argentina,14,Ruan Combrinck,1990-05-10,26.28
20/08/2016,Argentina,22,Juan de Jongh,1988-04-15,28.35
20/08/2016,Argentina,5,Lodewyk De Jager,1992-12-17,23.67
20/08/2016,Argentina,3,Julian Redelinghuys,1989-09-11,26.94
20/08/2016,Argentina,17,Steven Kitshoff,1992-02-10,24.53
20/08/2016,Argentina,6,Francois Louw,1985-06-15,31.18
27/08/2016,Argentina,10,Elton Jantjies,1990-08-01,26.07
27/08/2016,Argentina,22,Morne Steyn,1984-07-11,32.13
27/08/2016,Argentina,21,Rudy Paige,1989-08-02,27.07
27/08/2016,Argentina,11,Bryan Habana,1983-06-12,33.21
27/08/2016,Argentina,2,Adriaan Strauss,1985-11-18,30.77
27/08/2016,Argentina,7,Teboho Mohoje,1990-08-03,26.07
27/08/2016,Argentina,23,Jesse Kriel,1994-02-15,22.53
27/08/2016,Argentina,15,Johan Goosen,1992-07-27,24.09
27/08/2016,Argentina,12,Damian de Allende,1991-11-25,24.76
27/08/2016,Argentina,1,Tendai Mtawarira,1985-08-01,31.07
27/08/2016,Argentina,16,Mbongeni Mbonambi,1991-01-07,25.64
27/08/2016,Argentina,9,Faf de Klerk,1991-10-19,24.86
27/08/2016,Argentina,13,Lionel Mapoe,1988-07-13,28.12
27/08/2016,Argentina,4,Eben Etzebeth,1991-10-29,24.83
27/08/2016,Argentina,8,Warren Whiteley,1987-09-18,28.94
27/08/2016,Argentina,18,Lourens Adriaanse,1988-02-05,28.56
27/08/2016,Argentina,19,Pieter-Steph Du Toit,1992-08-20,24.02
27/08/2016,Argentina,20,Jaco Kriel,1989-08-21,27.02
27/08/2016,Argentina,3,Vincent Koch,1990-03-13,26.46
27/08/2016,Argentina,14,Ruan Combrinck,1990-05-10,26.3
27/08/2016,Argentina,5,Lodewyk De Jager,1992-12-17,23.69
27/08/2016,Argentina,17,Steven Kitshoff,1992-02-10,24.55
27/08/2016,Argentina,6,Francois Louw,1985-06-15,31.2
10/09/2016,Australia,10,Elton Jantjies,1990-08-01,26.11
10/09/2016,Australia,22,Morne Steyn,1984-07-11,32.17
10/09/2016,Australia,14,Bryan Habana,1983-06-12,33.25
10/09/2016,Australia,2,Adriaan Strauss,1985-11-18,30.81
10/09/2016,Australia,7,Teboho Mohoje,1990-08-03,26.11
10/09/2016,Australia,11,Francois Hougaard,1988-04-06,28.43
10/09/2016,Australia,13,Jesse Kriel,1994-02-15,22.57
10/09/2016,Australia,15,Johan Goosen,1992-07-27,24.12
10/09/2016,Australia,1,Tendai Mtawarira,1985-08-01,31.11
10/09/2016,Australia,16,Mbongeni Mbonambi,1991-01-07,25.68
10/09/2016,Australia,9,Faf de Klerk,1991-10-19,24.9
10/09/2016,Australia,23,Lionel Mapoe,1988-07-13,28.16
10/09/2016,Australia,4,Eben Etzebeth,1991-10-29,24.87
10/09/2016,Australia,19,Franco Mostert,1990-11-27,25.79
10/09/2016,Australia,8,Warren Whiteley,1987-09-18,28.98
10/09/2016,Australia,18,Trevor Nyakane,1989-05-04,27.35
10/09/2016,Australia,3,Lourens Adriaanse,1988-02-05,28.6
10/09/2016,Australia,20,Pieter-Steph Du Toit,1992-08-20,24.06
10/09/2016,Australia,21,Jaco Kriel,1989-08-21,27.06
10/09/2016,Australia,12,Juan de Jongh,1988-04-15,28.41
10/09/2016,Australia,5,Lodewyk De Jager,1992-12-17,23.73
10/09/2016,Australia,17,Steven Kitshoff,1992-02-10,24.58
10/09/2016,Australia,6,Francois Louw,1985-06-15,31.24
17/09/2016,New Zealand,10,Elton Jantjies,1990-08-01,26.13
17/09/2016,New Zealand,22,Morne Steyn,1984-07-11,32.19
17/09/2016,New Zealand,14,Bryan Habana,1983-06-12,33.27
17/09/2016,New Zealand,2,Adriaan Strauss,1985-11-18,30.83
17/09/2016,New Zealand,7,Teboho Mohoje,1990-08-03,26.13
17/09/2016,New Zealand,11,Francois Hougaard,1988-04-06,28.45
17/09/2016,New Zealand,13,Jesse Kriel,1994-02-15,22.59
17/09/2016,New Zealand,15,Johan Goosen,1992-07-27,24.14
17/09/2016,New Zealand,23,Damian de Allende,1991-11-25,24.81
17/09/2016,New Zealand,1,Tendai Mtawarira,1985-08-01,31.13
17/09/2016,New Zealand,9,Faf de Klerk,1991-10-19,24.91
17/09/2016,New Zealand,4,Eben Etzebeth,1991-10-29,24.89
17/09/2016,New Zealand,19,Franco Mostert,1990-11-27,25.81
17/09/2016,New Zealand,8,Warren Whiteley,1987-09-18,29.0
17/09/2016,New Zealand,16,Malcolm Marx,1994-07-13,22.18
17/09/2016,New Zealand,18,Lourens Adriaanse,1988-02-05,28.62
17/09/2016,New Zealand,5,Pieter-Steph Du Toit,1992-08-20,24.08
17/09/2016,New Zealand,21,Jaco Kriel,1989-08-21,27.08
17/09/2016,New Zealand,3,Vincent Koch,1990-03-13,26.52
17/09/2016,New Zealand,20,Willem Alberts,1984-05-11,32.35
17/09/2016,New Zealand,12,Juan de Jongh,1988-04-15,28.42
17/09/2016,New Zealand,17,Steven Kitshoff,1992-02-10,24.6
17/09/2016,New Zealand,6,Francois Louw,1985-06-15,31.26
01/10/2016,Australia,10,Morne Steyn,1984-07-11,32.23
01/10/2016,Australia,9,Rudy Paige,1989-08-02,27.17
01/10/2016,Australia,14,Bryan Habana,1983-06-12,33.31
01/10/2016,Australia,2,Adriaan Strauss,1985-11-18,30.87
01/10/2016,Australia,7,Teboho Mohoje,1990-08-03,26.16
01/10/2016,Australia,11,Francois Hougaard,1988-04-06,28.49
01/10/2016,Australia,13,Jesse Kriel,1994-02-15,22.63
01/10/2016,Australia,15,Pat Lambie,1990-10-17,25.96
01/10/2016,Australia,1,Tendai Mtawarira,1985-08-01,31.17
01/10/2016,Australia,16,Mbongeni Mbonambi,1991-01-07,25.73
01/10/2016,Australia,22,Lionel Mapoe,1988-07-13,28.22
01/10/2016,Australia,4,Eben Etzebeth,1991-10-29,24.93
01/10/2016,Australia,8,Warren Whiteley,1987-09-18,29.04
01/10/2016,Australia,5,Pieter-Steph Du Toit,1992-08-20,24.12
01/10/2016,Australia,21,Jaco Kriel,1989-08-21,27.11
01/10/2016,Australia,3,Vincent Koch,1990-03-13,26.55
01/10/2016,Australia,20,Willem Alberts,1984-05-11,32.39
01/10/2016,Australia,23,Willie Le Roux,1989-08-18,27.12
01/10/2016,Australia,12,Juan de Jongh,1988-04-15,28.46
01/10/2016,Australia,19,Lodewyk De Jager,1992-12-17,23.79
01/10/2016,Australia,18,Julian Redelinghuys,1989-09-11,27.06
01/10/2016,Australia,17,Steven Kitshoff,1992-02-10,24.64
01/10/2016,Australia,6,Francois Louw,1985-06-15,31.3
08/10/2016,New Zealand,10,Morne Steyn,1984-07-11,32.24
08/10/2016,New Zealand,11,Bryan Habana,1983-06-12,33.33
08/10/2016,New Zealand,2,Adriaan Strauss,1985-11-18,30.89
08/10/2016,New Zealand,7,Teboho Mohoje,1990-08-03,26.18
08/10/2016,New Zealand,14,Francois Hougaard,1988-04-06,28.51
08/10/2016,New Zealand,15,Pat Lambie,1990-10-17,25.98
08/10/2016,New Zealand,12,Damian de Allende,1991-11-25,24.87
08/10/2016,New Zealand,1,Tendai Mtawarira,1985-08-01,31.19
08/10/2016,New Zealand,16,Mbongeni Mbonambi,1991-01-07,25.75
08/10/2016,New Zealand,9,Faf de Klerk,1991-10-19,24.97
08/10/2016,New Zealand,22,Lionel Mapoe,1988-07-13,28.24
08/10/2016,New Zealand,4,Eben Etzebeth,1991-10-29,24.95
08/10/2016,New Zealand,8,Warren Whiteley,1987-09-18,29.06
08/10/2016,New Zealand,5,Pieter-Steph Du Toit,1992-08-20,24.13
08/10/2016,New Zealand,21,Jaco Kriel,1989-08-21,27.13
08/10/2016,New Zealand,3,Vincent Koch,1990-03-13,26.57
08/10/2016,New Zealand,20,Willem Alberts,1984-05-11,32.41
08/10/2016,New Zealand,23,Willie Le Roux,1989-08-18,27.14
08/10/2016,New Zealand,13,Juan de Jongh,1988-04-15,28.48
08/10/2016,New Zealand,19,Lodewyk De Jager,1992-12-17,23.81
08/10/2016,New Zealand,18,Julian Redelinghuys,1989-09-11,27.08
08/10/2016,New Zealand,17,Steven Kitshoff,1992-02-10,24.66
08/10/2016,New Zealand,6,Francois Louw,1985-06-15,31.32
05/11/2016,Barbarians,9,Rudy Paige,1989-08-02,27.26
05/11/2016,Barbarians,11,Jamba Ulengo,1990-01-07,26.83
05/11/2016,Barbarians,12,Rohan Janse van Rensburg,1994-09-11,22.15
05/11/2016,Barbarians,7,Teboho Mohoje,1990-08-03,26.26
05/11/2016,Barbarians,17,Lizo Gqoboka,1990-03-24,26.62
05/11/2016,Barbarians,4,RG Snyman,1995-01-29,21.77
05/11/2016,Barbarians,21,Piet van Zyl,1989-09-14,27.14
05/11/2016,Barbarians,14,Sergeal Petersen,1994-08-01,22.26
05/11/2016,Barbarians,8,Nizaam Carr,1991-04-04,25.59
05/11/2016,Barbarians,22,Tian Schoeman,1991-09-23,25.12
05/11/2016,Barbarians,15,Jesse Kriel,1994-02-15,22.72
05/11/2016,Barbarians,10,Pat Lambie,1990-10-17,26.05
05/11/2016,Barbarians,1,Tendai Mtawarira,1985-08-01,31.26
05/11/2016,Barbarians,6,Roelof Smit,1993-01-11,23.82
05/11/2016,Barbarians,16,Mbongeni Mbonambi,1991-01-07,25.83
05/11/2016,Barbarians,13,Francois Venter,1991-04-19,25.55
05/11/2016,Barbarians,19,Eben Etzebeth,1991-10-29,25.02
05/11/2016,Barbarians,18,Trevor Nyakane,1989-05-04,27.51
05/11/2016,Barbarians,2,Malcolm Marx,1994-07-13,22.32
05/11/2016,Barbarians,3,Lourens Adriaanse,1988-02-05,28.75
05/11/2016,Barbarians,5,Pieter-Steph Du Toit,1992-08-20,24.21
05/11/2016,Barbarians,23,Ruan Combrinck,1990-05-10,26.49
05/11/2016,Barbarians,20,Jean-Luc Du Preez,1995-08-05,21.25
12/11/2016,England,9,Rudy Paige,1989-08-02,27.28
12/11/2016,England,2,Adriaan Strauss,1985-11-18,30.98
12/11/2016,England,20,Nizaam Carr,1991-04-04,25.61
12/11/2016,England,10,Pat Lambie,1990-10-17,26.07
12/11/2016,England,22,Johan Goosen,1992-07-27,24.3
12/11/2016,England,12,Damian de Allende,1991-11-25,24.97
12/11/2016,England,1,Tendai Mtawarira,1985-08-01,31.28
12/11/2016,England,16,Mbongeni Mbonambi,1991-01-07,25.85
12/11/2016,England,21,Faf de Klerk,1991-10-19,25.07
12/11/2016,England,23,Lionel Mapoe,1988-07-13,28.33
12/11/2016,England,13,Francois Venter,1991-04-19,25.57
12/11/2016,England,4,Eben Etzebeth,1991-10-29,25.04
12/11/2016,England,19,Franco Mostert,1990-11-27,25.96
12/11/2016,England,8,Warren Whiteley,1987-09-18,29.15
12/11/2016,England,11,JP Pietersen,1986-07-12,30.34
12/11/2016,England,18,Lourens Adriaanse,1988-02-05,28.77
12/11/2016,England,7,Pieter-Steph Du Toit,1992-08-20,24.23
12/11/2016,England,3,Vincent Koch,1990-03-13,26.67
12/11/2016,England,14,Ruan Combrinck,1990-05-10,26.51
12/11/2016,England,6,Willem Alberts,1984-05-11,32.51
12/11/2016,England,15,Willie Le Roux,1989-08-18,27.24
12/11/2016,England,5,Lodewyk De Jager,1992-12-17,23.9
12/11/2016,England,17,Steven Kitshoff,1992-02-10,24.76
19/11/2016,Italy,22,Elton Jantjies,1990-08-01,26.3
19/11/2016,Italy,9,Rudy Paige,1989-08-02,27.3
19/11/2016,Italy,11,Bryan Habana,1983-06-12,33.44
19/11/2016,Italy,2,Adriaan Strauss,1985-11-18,31.0
19/11/2016,Italy,20,Teboho Mohoje,1990-08-03,26.3
19/11/2016,Italy,6,Nizaam Carr,1991-04-04,25.63
19/11/2016,Italy,10,Pat Lambie,1990-10-17,26.09
19/11/2016,Italy,23,Johan Goosen,1992-07-27,24.32
19/11/2016,Italy,12,Damian de Allende,1991-11-25,24.99
19/11/2016,Italy,1,Tendai Mtawarira,1985-08-01,31.3
19/11/2016,Italy,16,Mbongeni Mbonambi,1991-01-07,25.87
19/11/2016,Italy,21,Faf de Klerk,1991-10-19,25.09
19/11/2016,Italy,13,Francois Venter,1991-04-19,25.59
19/11/2016,Italy,19,Franco Mostert,1990-11-27,25.98
19/11/2016,Italy,8,Warren Whiteley,1987-09-18,29.17
19/11/2016,Italy,18,Trevor Nyakane,1989-05-04,27.55
19/11/2016,Italy,4,Pieter-Steph Du Toit,1992-08-20,24.25
19/11/2016,Italy,3,Vincent Koch,1990-03-13,26.69
19/11/2016,Italy,14,Ruan Combrinck,1990-05-10,26.53
19/11/2016,Italy,7,Willem Alberts,1984-05-11,32.53
19/11/2016,Italy,15,Willie Le Roux,1989-08-18,27.26
19/11/2016,Italy,5,Lodewyk De Jager,1992-12-17,23.92
19/11/2016,Italy,17,Steven Kitshoff,1992-02-10,24.78
26/11/2016,Wales,10,Elton Jantjies,1990-08-01,26.32
26/11/2016,Wales,11,Jamba Ulengo,1990-01-07,26.89
26/11/2016,Wales,12,Rohan Janse van Rensburg,1994-09-11,22.21
26/11/2016,Wales,2,Adriaan Strauss,1985-11-18,31.02
26/11/2016,Wales,21,Piet van Zyl,1989-09-14,27.2
26/11/2016,Wales,6,Nizaam Carr,1991-04-04,25.65
26/11/2016,Wales,7,Uzair Cassiem,1990-03-17,26.7
26/11/2016,Wales,22,Pat Lambie,1990-10-17,26.11
26/11/2016,Wales,15,Johan Goosen,1992-07-27,24.33
26/11/2016,Wales,1,Tendai Mtawarira,1985-08-01,31.32
26/11/2016,Wales,9,Faf de Klerk,1991-10-19,25.11
26/11/2016,Wales,23,Lionel Mapoe,1988-07-13,28.37
26/11/2016,Wales,13,Francois Venter,1991-04-19,25.61
26/11/2016,Wales,19,Franco Mostert,1990-11-27,26.0
26/11/2016,Wales,8,Warren Whiteley,1987-09-18,29.19
26/11/2016,Wales,18,Trevor Nyakane,1989-05-04,27.57
26/11/2016,Wales,16,Malcolm Marx,1994-07-13,22.37
26/11/2016,Wales,3,Lourens Adriaanse,1988-02-05,28.81
26/11/2016,Wales,4,Pieter-Steph Du Toit,1992-08-20,24.27
26/11/2016,Wales,14,Ruan Combrinck,1990-05-10,26.55
26/11/2016,Wales,5,Lodewyk De Jager,1992-12-17,23.94
26/11/2016,Wales,17,Steven Kitshoff,1992-02-10,24.79
26/11/2016,Wales,20,Jean-Luc Du Preez,1995-08-05,21.31
10/06/2017,France,23,Dillyn Leyds,1992-09-12,24.74
10/06/2017,France,10,Elton Jantjies,1990-08-01,26.86
10/06/2017,France,7,Teboho Mohoje,1990-08-03,26.85
10/06/2017,France,21,Francois Hougaard,1988-04-06,29.18
10/06/2017,France,14,Raymond Rhule,1992-11-06,24.59
10/06/2017,France,3,Frans Malherbe,1991-03-14,26.24
10/06/2017,France,12,Jan Serfontein,1993-04-15,24.15
10/06/2017,France,13,Jesse Kriel,1994-02-15,23.32
10/06/2017,France,1,Tendai Mtawarira,1985-08-01,31.86
10/06/2017,France,15,Andries Coetzee,1990-03-01,27.28
10/06/2017,France,22,Frans Steyn,1987-05-14,30.08
10/06/2017,France,6,Siya Kolisi,1991-06-16,25.99
10/06/2017,France,16,Mbongeni Mbonambi,1991-01-07,26.42
10/06/2017,France,4,Eben Etzebeth,1991-10-29,25.62
10/06/2017,France,18,Coenie Oosthuizen,1989-03-22,28.22
10/06/2017,France,5,Franco Mostert,1990-11-27,26.54
10/06/2017,France,8,Warren Whiteley,1987-09-18,29.73
10/06/2017,France,2,Malcolm Marx,1994-07-13,22.91
10/06/2017,France,9,Ross Cronje,1989-07-26,27.87
10/06/2017,France,19,Pieter-Steph Du Toit,1992-08-20,24.81
10/06/2017,France,17,Steven Kitshoff,1992-02-10,25.33
10/06/2017,France,11,Courtnall Skosan,1991-07-24,25.88
10/06/2017,France,20,Jean-Luc Du Preez,1995-08-05,21.85
17/06/2017,France,23,Dillyn Leyds,1992-09-12,24.76
17/06/2017,France,10,Elton Jantjies,1990-08-01,26.88
17/06/2017,France,7,Teboho Mohoje,1990-08-03,26.87
17/06/2017,France,21,Francois Hougaard,1988-04-06,29.2
17/06/2017,France,14,Raymond Rhule,1992-11-06,24.61
17/06/2017,France,3,Frans Malherbe,1991-03-14,26.26
17/06/2017,France,12,Jan Serfontein,1993-04-15,24.17
17/06/2017,France,1,Tendai Mtawarira,1985-08-01,31.88
17/06/2017,France,15,Andries Coetzee,1990-03-01,27.3
17/06/2017,France,22,Frans Steyn,1987-05-14,30.1
17/06/2017,France,6,Siya Kolisi,1991-06-16,26.0
17/06/2017,France,16,Mbongeni Mbonambi,1991-01-07,26.44
17/06/2017,France,13,Lionel Mapoe,1988-07-13,28.93
17/06/2017,France,4,Eben Etzebeth,1991-10-29,25.64
17/06/2017,France,18,Coenie Oosthuizen,1989-03-22,28.24
17/06/2017,France,5,Franco Mostert,1990-11-27,26.55
17/06/2017,France,8,Warren Whiteley,1987-09-18,29.75
17/06/2017,France,2,Malcolm Marx,1994-07-13,22.93
17/06/2017,France,9,Ross Cronje,1989-07-26,27.89
17/06/2017,France,19,Pieter-Steph Du Toit,1992-08-20,24.82
17/06/2017,France,17,Steven Kitshoff,1992-02-10,25.35
17/06/2017,France,11,Courtnall Skosan,1991-07-24,25.9
17/06/2017,France,20,Jean-Luc Du Preez,1995-08-05,21.87
24/06/2017,France,23,Dillyn Leyds,1992-09-12,24.78
24/06/2017,France,10,Elton Jantjies,1990-08-01,26.9
24/06/2017,France,21,Rudy Paige,1989-08-02,27.89
24/06/2017,France,9,Francois Hougaard,1988-04-06,29.22
24/06/2017,France,14,Raymond Rhule,1992-11-06,24.63
24/06/2017,France,12,Jan Serfontein,1993-04-15,24.19
24/06/2017,France,13,Jesse Kriel,1994-02-15,23.35
24/06/2017,France,1,Tendai Mtawarira,1985-08-01,31.9
24/06/2017,France,15,Andries Coetzee,1990-03-01,27.32
24/06/2017,France,22,Frans Steyn,1987-05-14,30.11
24/06/2017,France,6,Siya Kolisi,1991-06-16,26.02
24/06/2017,France,16,Mbongeni Mbonambi,1991-01-07,26.46
24/06/2017,France,4,Eben Etzebeth,1991-10-29,25.65
24/06/2017,France,18,Coenie Oosthuizen,1989-03-22,28.26
24/06/2017,France,5,Franco Mostert,1990-11-27,26.57
24/06/2017,France,2,Malcolm Marx,1994-07-13,22.95
24/06/2017,France,19,Pieter-Steph Du Toit,1992-08-20,24.84
24/06/2017,France,7,Jaco Kriel,1989-08-21,27.84
24/06/2017,France,20,Lodewyk De Jager,1992-12-17,24.52
24/06/2017,France,3,Ruan Dreyer,1990-09-16,26.77
24/06/2017,France,17,Steven Kitshoff,1992-02-10,25.37
24/06/2017,France,11,Courtnall Skosan,1991-07-24,25.92
24/06/2017,France,8,Jean-Luc Du Preez,1995-08-05,21.89
19/08/2017,Argentina,10,Elton Jantjies,1990-08-01,27.05
19/08/2017,Argentina,21,Francois Hougaard,1988-04-06,29.37
19/08/2017,Argentina,22,Curwin Bosch,1997-06-25,20.15
19/08/2017,Argentina,8,Uzair Cassiem,1990-03-17,27.43
19/08/2017,Argentina,14,Raymond Rhule,1992-11-06,24.78
19/08/2017,Argentina,12,Jan Serfontein,1993-04-15,24.35
19/08/2017,Argentina,13,Jesse Kriel,1994-02-15,23.51
19/08/2017,Argentina,23,Damian de Allende,1991-11-25,25.73
19/08/2017,Argentina,1,Tendai Mtawarira,1985-08-01,32.05
19/08/2017,Argentina,15,Andries Coetzee,1990-03-01,27.47
19/08/2017,Argentina,6,Siya Kolisi,1991-06-16,26.18
19/08/2017,Argentina,16,Mbongeni Mbonambi,1991-01-07,26.62
19/08/2017,Argentina,4,Eben Etzebeth,1991-10-29,25.81
19/08/2017,Argentina,3,Coenie Oosthuizen,1989-03-22,28.41
19/08/2017,Argentina,5,Franco Mostert,1990-11-27,26.73
19/08/2017,Argentina,18,Trevor Nyakane,1989-05-04,28.29
19/08/2017,Argentina,2,Malcolm Marx,1994-07-13,23.1
19/08/2017,Argentina,9,Ross Cronje,1989-07-26,28.07
19/08/2017,Argentina,19,Pieter-Steph Du Toit,1992-08-20,25.0
19/08/2017,Argentina,7,Jaco Kriel,1989-08-21,28.0
19/08/2017,Argentina,17,Steven Kitshoff,1992-02-10,25.52
19/08/2017,Argentina,11,Courtnall Skosan,1991-07-24,26.07
19/08/2017,Argentina,20,Jean-Luc Du Preez,1995-08-05,22.04
26/08/2017,Argentina,10,Elton Jantjies,1990-08-01,27.07
26/08/2017,Argentina,21,Rudy Paige,1989-08-02,28.07
26/08/2017,Argentina,9,Francois Hougaard,1988-04-06,29.39
26/08/2017,Argentina,22,Curwin Bosch,1997-06-25,20.17
26/08/2017,Argentina,8,Uzair Cassiem,1990-03-17,27.44
26/08/2017,Argentina,14,Raymond Rhule,1992-11-06,24.8
26/08/2017,Argentina,12,Jan Serfontein,1993-04-15,24.36
26/08/2017,Argentina,13,Jesse Kriel,1994-02-15,23.53
26/08/2017,Argentina,23,Damian de Allende,1991-11-25,25.75
26/08/2017,Argentina,1,Tendai Mtawarira,1985-08-01,32.07
26/08/2017,Argentina,15,Andries Coetzee,1990-03-01,27.49
26/08/2017,Argentina,6,Siya Kolisi,1991-06-16,26.2
26/08/2017,Argentina,16,Mbongeni Mbonambi,1991-01-07,26.63
26/08/2017,Argentina,4,Eben Etzebeth,1991-10-29,25.83
26/08/2017,Argentina,3,Coenie Oosthuizen,1989-03-22,28.43
26/08/2017,Argentina,5,Franco Mostert,1990-11-27,26.75
26/08/2017,Argentina,18,Trevor Nyakane,1989-05-04,28.31
26/08/2017,Argentina,2,Malcolm Marx,1994-07-13,23.12
26/08/2017,Argentina,19,Pieter-Steph Du Toit,1992-08-20,25.02
26/08/2017,Argentina,7,Jaco Kriel,1989-08-21,28.01
26/08/2017,Argentina,17,Steven Kitshoff,1992-02-10,25.54
26/08/2017,Argentina,11,Courtnall Skosan,1991-07-24,26.09
26/08/2017,Argentina,20,Jean-Luc Du Preez,1995-08-05,22.06
09/09/2017,Australia,10,Elton Jantjies,1990-08-01,27.11
09/09/2017,Australia,21,Francois Hougaard,1988-04-06,29.43
09/09/2017,Australia,8,Uzair Cassiem,1990-03-17,27.48
09/09/2017,Australia,14,Raymond Rhule,1992-11-06,24.84
09/09/2017,Australia,22,Handre Pollard,1994-03-11,23.5
09/09/2017,Australia,12,Jan Serfontein,1993-04-15,24.4
09/09/2017,Australia,13,Jesse Kriel,1994-02-15,23.57
09/09/2017,Australia,23,Damian de Allende,1991-11-25,25.79
09/09/2017,Australia,1,Tendai Mtawarira,1985-08-01,32.11
09/09/2017,Australia,15,Andries Coetzee,1990-03-01,27.53
09/09/2017,Australia,6,Siya Kolisi,1991-06-16,26.23
09/09/2017,Australia,16,Mbongeni Mbonambi,1991-01-07,26.67
09/09/2017,Australia,4,Eben Etzebeth,1991-10-29,25.87
09/09/2017,Australia,3,Coenie Oosthuizen,1989-03-22,28.47
09/09/2017,Australia,18,Trevor Nyakane,1989-05-04,28.35
09/09/2017,Australia,2,Malcolm Marx,1994-07-13,23.16
09/09/2017,Australia,9,Ross Cronje,1989-07-26,28.12
09/09/2017,Australia,5,Pieter-Steph Du Toit,1992-08-20,25.05
09/09/2017,Australia,7,Jaco Kriel,1989-08-21,28.05
09/09/2017,Australia,19,Lodewyk De Jager,1992-12-17,24.73
09/09/2017,Australia,17,Steven Kitshoff,1992-02-10,25.58
09/09/2017,Australia,11,Courtnall Skosan,1991-07-24,26.13
09/09/2017,Australia,20,Jean-Luc Du Preez,1995-08-05,22.1
16/09/2017,New Zealand,10,Elton Jantjies,1990-08-01,27.13
16/09/2017,New Zealand,21,Rudy Paige,1989-08-02,28.12
16/09/2017,New Zealand,9,Francois Hougaard,1988-04-06,29.45
16/09/2017,New Zealand,8,Uzair Cassiem,1990-03-17,27.5
16/09/2017,New Zealand,14,Raymond Rhule,1992-11-06,24.86
16/09/2017,New Zealand,22,Handre Pollard,1994-03-11,23.52
16/09/2017,New Zealand,12,Jan Serfontein,1993-04-15,24.42
16/09/2017,New Zealand,13,Jesse Kriel,1994-02-15,23.58
16/09/2017,New Zealand,23,Damian de Allende,1991-11-25,25.81
16/09/2017,New Zealand,1,Tendai Mtawarira,1985-08-01,32.13
16/09/2017,New Zealand,15,Andries Coetzee,1990-03-01,27.55
16/09/2017,New Zealand,6,Siya Kolisi,1991-06-16,26.25
16/09/2017,New Zealand,16,Mbongeni Mbonambi,1991-01-07,26.69
16/09/2017,New Zealand,4,Eben Etzebeth,1991-10-29,25.88
16/09/2017,New Zealand,5,Franco Mostert,1990-11-27,26.8
16/09/2017,New Zealand,18,Trevor Nyakane,1989-05-04,28.37
16/09/2017,New Zealand,2,Malcolm Marx,1994-07-13,23.18
16/09/2017,New Zealand,20,Pieter-Steph Du Toit,1992-08-20,25.07
16/09/2017,New Zealand,19,Lodewyk De Jager,1992-12-17,24.75
16/09/2017,New Zealand,3,Ruan Dreyer,1990-09-16,27.0
16/09/2017,New Zealand,17,Steven Kitshoff,1992-02-10,25.6
16/09/2017,New Zealand,11,Courtnall Skosan,1991-07-24,26.15
16/09/2017,New Zealand,7,Jean-Luc Du Preez,1995-08-05,22.12
30/09/2017,Australia,14,Dillyn Leyds,1992-09-12,25.05
30/09/2017,Australia,10,Elton Jantjies,1990-08-01,27.17
30/09/2017,Australia,21,Rudy Paige,1989-08-02,28.16
30/09/2017,Australia,8,Uzair Cassiem,1990-03-17,27.54
30/09/2017,Australia,22,Handre Pollard,1994-03-11,23.56
30/09/2017,Australia,12,Jan Serfontein,1993-04-15,24.46
30/09/2017,Australia,13,Jesse Kriel,1994-02-15,23.62
30/09/2017,Australia,23,Damian de Allende,1991-11-25,25.85
30/09/2017,Australia,1,Tendai Mtawarira,1985-08-01,32.16
30/09/2017,Australia,15,Andries Coetzee,1990-03-01,27.58
30/09/2017,Australia,6,Siya Kolisi,1991-06-16,26.29
30/09/2017,Australia,4,Eben Etzebeth,1991-10-29,25.92
30/09/2017,Australia,5,Franco Mostert,1990-11-27,26.84
30/09/2017,Australia,18,Trevor Nyakane,1989-05-04,28.41
30/09/2017,Australia,2,Malcolm Marx,1994-07-13,23.22
30/09/2017,Australia,9,Ross Cronje,1989-07-26,28.18
30/09/2017,Australia,19,Pieter-Steph Du Toit,1992-08-20,25.11
30/09/2017,Australia,3,Ruan Dreyer,1990-09-16,27.04
30/09/2017,Australia,17,Steven Kitshoff,1992-02-10,25.64
30/09/2017,Australia,11,Courtnall Skosan,1991-07-24,26.19
30/09/2017,Australia,7,Francois Louw,1985-06-15,32.29
30/09/2017,Australia,16,Chiliboy Ralepelle,1986-09-11,31.05
30/09/2017,Australia,20,Jean-Luc Du Preez,1995-08-05,22.16
07/10/2017,New Zealand,14,Dillyn Leyds,1992-09-12,25.07
07/10/2017,New Zealand,10,Elton Jantjies,1990-08-01,27.18
07/10/2017,New Zealand,21,Rudy Paige,1989-08-02,28.18
07/10/2017,New Zealand,22,Handre Pollard,1994-03-11,23.58
07/10/2017,New Zealand,12,Jan Serfontein,1993-04-15,24.48
07/10/2017,New Zealand,13,Jesse Kriel,1994-02-15,23.64
07/10/2017,New Zealand,23,Damian de Allende,1991-11-25,25.87
07/10/2017,New Zealand,15,Andries Coetzee,1990-03-01,27.6
07/10/2017,New Zealand,6,Siya Kolisi,1991-06-16,26.31
07/10/2017,New Zealand,4,Eben Etzebeth,1991-10-29,25.94
07/10/2017,New Zealand,19,Franco Mostert,1990-11-27,26.86
07/10/2017,New Zealand,17,Trevor Nyakane,1989-05-04,28.43
07/10/2017,New Zealand,2,Malcolm Marx,1994-07-13,23.24
07/10/2017,New Zealand,9,Ross Cronje,1989-07-26,28.2
07/10/2017,New Zealand,18,Wilco Louw,1994-07-20,23.22
07/10/2017,New Zealand,7,Pieter-Steph Du Toit,1992-08-20,25.13
07/10/2017,New Zealand,5,Lodewyk De Jager,1992-12-17,24.81
07/10/2017,New Zealand,3,Ruan Dreyer,1990-09-16,27.06
07/10/2017,New Zealand,1,Steven Kitshoff,1992-02-10,25.66
07/10/2017,New Zealand,11,Courtnall Skosan,1991-07-24,26.21
07/10/2017,New Zealand,8,Francois Louw,1985-06-15,32.31
07/10/2017,New Zealand,16,Chiliboy Ralepelle,1986-09-11,31.07
07/10/2017,New Zealand,20,Jean-Luc Du Preez,1995-08-05,22.17
11/11/2017,Ireland,14,Dillyn Leyds,1992-09-12,25.16
11/11/2017,Ireland,10,Elton Jantjies,1990-08-01,27.28
11/11/2017,Ireland,21,Rudy Paige,1989-08-02,28.28
11/11/2017,Ireland,20,Uzair Cassiem,1990-03-17,27.66
11/11/2017,Ireland,22,Handre Pollard,1994-03-11,23.67
11/11/2017,Ireland,13,Jesse Kriel,1994-02-15,23.74
11/11/2017,Ireland,12,Damian de Allende,1991-11-25,25.96
11/11/2017,Ireland,1,Tendai Mtawarira,1985-08-01,32.28
11/11/2017,Ireland,15,Andries Coetzee,1990-03-01,27.7
11/11/2017,Ireland,6,Siya Kolisi,1991-06-16,26.41
11/11/2017,Ireland,16,Mbongeni Mbonambi,1991-01-07,26.85
11/11/2017,Ireland,23,Francois Venter,1991-04-19,26.57
11/11/2017,Ireland,4,Eben Etzebeth,1991-10-29,26.04
11/11/2017,Ireland,3,Coenie Oosthuizen,1989-03-22,28.64
11/11/2017,Ireland,19,Franco Mostert,1990-11-27,26.96
11/11/2017,Ireland,2,Malcolm Marx,1994-07-13,23.33
11/11/2017,Ireland,9,Ross Cronje,1989-07-26,28.3
11/11/2017,Ireland,18,Wilco Louw,1994-07-20,23.31
11/11/2017,Ireland,7,Pieter-Steph Du Toit,1992-08-20,25.23
11/11/2017,Ireland,5,Lodewyk De Jager,1992-12-17,24.9
11/11/2017,Ireland,17,Steven Kitshoff,1992-02-10,25.75
11/11/2017,Ireland,11,Courtnall Skosan,1991-07-24,26.3
11/11/2017,Ireland,8,Francois Louw,1985-06-15,32.41
18/11/2017,France,14,Dillyn Leyds,1992-09-12,25.18
18/11/2017,France,22,Elton Jantjies,1990-08-01,27.3
18/11/2017,France,21,Rudy Paige,1989-08-02,28.3
18/11/2017,France,10,Handre Pollard,1994-03-11,23.69
18/11/2017,France,13,Jesse Kriel,1994-02-15,23.76
18/11/2017,France,23,Damian de Allende,1991-11-25,25.98
18/11/2017,France,1,Tendai Mtawarira,1985-08-01,32.3
18/11/2017,France,15,Andries Coetzee,1990-03-01,27.72
18/11/2017,France,7,Siya Kolisi,1991-06-16,26.43
18/11/2017,France,16,Mbongeni Mbonambi,1991-01-07,26.86
18/11/2017,France,12,Francois Venter,1991-04-19,26.59
18/11/2017,France,20,Dan Du Preez,1995-08-05,22.29
18/11/2017,France,4,Eben Etzebeth,1991-10-29,26.06
18/11/2017,France,19,Franco Mostert,1990-11-27,26.98
18/11/2017,France,18,Trevor Nyakane,1989-05-04,28.54
18/11/2017,France,8,Duane Vermeulen,1986-07-03,31.38
18/11/2017,France,2,Malcolm Marx,1994-07-13,23.35
18/11/2017,France,9,Ross Cronje,1989-07-26,28.32
18/11/2017,France,3,Wilco Louw,1994-07-20,23.33
18/11/2017,France,5,Lodewyk De Jager,1992-12-17,24.92
18/11/2017,France,17,Steven Kitshoff,1992-02-10,25.77
18/11/2017,France,11,Courtnall Skosan,1991-07-24,26.32
18/11/2017,France,6,Francois Louw,1985-06-15,32.43
25/11/2017,Italy,14,Dillyn Leyds,1992-09-12,25.2
25/11/2017,Italy,22,Elton Jantjies,1990-08-01,27.32
25/11/2017,Italy,21,Rudy Paige,1989-08-02,28.32
25/11/2017,Italy,10,Handre Pollard,1994-03-11,23.71
25/11/2017,Italy,13,Jesse Kriel,1994-02-15,23.78
25/11/2017,Italy,1,Tendai Mtawarira,1985-08-01,32.32
25/11/2017,Italy,15,Andries Coetzee,1990-03-01,27.74
25/11/2017,Italy,2,Mbongeni Mbonambi,1991-01-07,26.88
25/11/2017,Italy,12,Francois Venter,1991-04-19,26.6
25/11/2017,Italy,20,Dan Du Preez,1995-08-05,22.31
25/11/2017,Italy,4,Eben Etzebeth,1991-10-29,26.08
25/11/2017,Italy,19,Franco Mostert,1990-11-27,27.0
25/11/2017,Italy,18,Trevor Nyakane,1989-05-04,28.56
25/11/2017,Italy,8,Duane Vermeulen,1986-07-03,31.4
25/11/2017,Italy,9,Ross Cronje,1989-07-26,28.33
25/11/2017,Italy,3,Wilco Louw,1994-07-20,23.35
25/11/2017,Italy,23,Warrick Gelant,1995-05-20,22.52
25/11/2017,Italy,7,Pieter-Steph Du Toit,1992-08-20,25.27
25/11/2017,Italy,5,Lodewyk De Jager,1992-12-17,24.94
25/11/2017,Italy,17,Steven Kitshoff,1992-02-10,25.79
25/11/2017,Italy,11,Courtnall Skosan,1991-07-24,26.34
25/11/2017,Italy,6,Francois Louw,1985-06-15,32.45
25/11/2017,Italy,16,Chiliboy Ralepelle,1986-09-11,31.21
02/12/2017,Wales,14,Dillyn Leyds,1992-09-12,25.22
02/12/2017,Wales,22,Elton Jantjies,1990-08-01,27.34
02/12/2017,Wales,19,Teboho Mohoje,1990-08-03,27.33
02/12/2017,Wales,20,Uzair Cassiem,1990-03-17,27.71
02/12/2017,Wales,21,Louis Schreuder,1990-04-25,27.61
02/12/2017,Wales,10,Handre Pollard,1994-03-11,23.73
02/12/2017,Wales,13,Jesse Kriel,1994-02-15,23.8
02/12/2017,Wales,15,Andries Coetzee,1990-03-01,27.76
02/12/2017,Wales,6,Siya Kolisi,1991-06-16,26.46
02/12/2017,Wales,16,Mbongeni Mbonambi,1991-01-07,26.9
02/12/2017,Wales,12,Francois Venter,1991-04-19,26.62
02/12/2017,Wales,8,Dan Du Preez,1995-08-05,22.33
02/12/2017,Wales,4,Eben Etzebeth,1991-10-29,26.09
02/12/2017,Wales,17,Trevor Nyakane,1989-05-04,28.58
02/12/2017,Wales,2,Malcolm Marx,1994-07-13,23.39
02/12/2017,Wales,9,Ross Cronje,1989-07-26,28.35
02/12/2017,Wales,3,Wilco Louw,1994-07-20,23.37
02/12/2017,Wales,11,Warrick Gelant,1995-05-20,22.54
02/12/2017,Wales,7,Pieter-Steph Du Toit,1992-08-20,25.28
02/12/2017,Wales,5,Lodewyk De Jager,1992-12-17,24.96
02/12/2017,Wales,18,Ruan Dreyer,1990-09-16,27.21
02/12/2017,Wales,1,Steven Kitshoff,1992-02-10,25.81
02/12/2017,Wales,23,Lukhanyo Am,1993-11-28,24.01
02/06/2018,Wales,14,Travis Ismaiel,1992-06-02,26.0
02/06/2018,Wales,5,Pieter-Steph Du Toit,1992-08-20,25.78
02/06/2018,Wales,20,Sikhumbuzo Notshe,1993-05-28,25.01
02/06/2018,Wales,4,Jason Jenkins,1995-12-02,22.5
02/06/2018,Wales,19,Marvin Orie,1993-02-15,25.29
02/06/2018,Wales,18,Thomas Du Toit,1995-05-05,23.08
02/06/2018,Wales,17,Steven Kitshoff,1992-02-10,26.31
02/06/2018,Wales,2,Chiliboy Ralepelle,1986-09-11,31.72
02/06/2018,Wales,22,Rob Du Preez,1993-07-30,24.84
02/06/2018,Wales,10,Elton Jantjies,1990-08-01,27.84
02/06/2018,Wales,7,Teboho Mohoje,1990-08-03,27.83
02/06/2018,Wales,15,Curwin Bosch,1997-06-25,20.94
02/06/2018,Wales,12,Andre Esterhuizen,1994-03-30,24.18
02/06/2018,Wales,13,Jesse Kriel,1994-02-15,24.29
02/06/2018,Wales,1,Ox Nche,1995-07-23,22.86
02/06/2018,Wales,21,Embrose Papier,1997-04-25,21.1
02/06/2018,Wales,11,Makazole Mapimpi,1990-07-26,27.85
02/06/2018,Wales,16,Akker van der Merwe,1991-06-17,26.96
02/06/2018,Wales,6,Kwagga Smith,1993-06-11,24.98
02/06/2018,Wales,8,Dan Du Preez,1995-08-05,22.83
02/06/2018,Wales,9,Ivan Van Zyl,1995-06-30,22.92
02/06/2018,Wales,3,Wilco Louw,1994-07-20,23.87
02/06/2018,Wales,23,Warrick Gelant,1995-05-20,23.04
09/06/2018,England,22,Elton Jantjies,1990-08-01,27.86
09/06/2018,England,11,Aphiwe Dyantyi,1994-08-26,23.79
09/06/2018,England,4,RG Snyman,1995-01-29,23.36
09/06/2018,England,10,Handre Pollard,1994-03-11,24.25
09/06/2018,England,12,Damian de Allende,1991-11-25,26.54
09/06/2018,England,1,Tendai Mtawarira,1985-08-01,32.85
09/06/2018,England,16,Akker van der Merwe,1991-06-17,26.98
09/06/2018,England,6,Siya Kolisi,1991-06-16,26.98
09/06/2018,England,2,Mbongeni Mbonambi,1991-01-07,27.42
09/06/2018,England,9,Faf de Klerk,1991-10-19,26.64
09/06/2018,England,14,S'Busiso Nkosi,1996-01-21,22.38
09/06/2018,England,5,Franco Mostert,1990-11-27,27.53
09/06/2018,England,21,Ivan Van Zyl,1995-06-30,22.94
09/06/2018,England,8,Duane Vermeulen,1986-07-03,31.93
09/06/2018,England,3,Wilco Louw,1994-07-20,23.89
09/06/2018,England,23,Warrick Gelant,1995-05-20,23.06
09/06/2018,England,19,Pieter-Steph Du Toit,1992-08-20,25.8
09/06/2018,England,20,Sikhumbuzo Notshe,1993-05-28,25.03
09/06/2018,England,15,Willie Le Roux,1989-08-18,28.81
09/06/2018,England,18,Thomas Du Toit,1995-05-05,23.1
09/06/2018,England,17,Steven Kitshoff,1992-02-10,26.33
09/06/2018,England,13,Lukhanyo Am,1993-11-28,24.53
09/06/2018,England,7,Jean-Luc Du Preez,1995-08-05,22.85
16/06/2018,England,11,Aphiwe Dyantyi,1994-08-26,23.81
16/06/2018,England,4,RG Snyman,1995-01-29,23.38
16/06/2018,England,10,Handre Pollard,1994-03-11,24.27
16/06/2018,England,3,Frans Malherbe,1991-03-14,27.26
16/06/2018,England,22,Jesse Kriel,1994-02-15,24.33
16/06/2018,England,12,Damian de Allende,1991-11-25,26.56
16/06/2018,England,1,Tendai Mtawarira,1985-08-01,32.87
16/06/2018,England,16,Akker van der Merwe,1991-06-17,27.0
16/06/2018,England,6,Siya Kolisi,1991-06-16,27.0
16/06/2018,England,2,Mbongeni Mbonambi,1991-01-07,27.44
16/06/2018,England,9,Faf de Klerk,1991-10-19,26.66
16/06/2018,England,14,S'Busiso Nkosi,1996-01-21,22.4
16/06/2018,England,5,Franco Mostert,1990-11-27,27.55
16/06/2018,England,21,Ivan Van Zyl,1995-06-30,22.96
16/06/2018,England,8,Duane Vermeulen,1986-07-03,31.95
16/06/2018,England,23,Warrick Gelant,1995-05-20,23.08
16/06/2018,England,7,Pieter-Steph Du Toit,1992-08-20,25.82
16/06/2018,England,20,Sikhumbuzo Notshe,1993-05-28,25.05
16/06/2018,England,15,Willie Le Roux,1989-08-18,28.83
16/06/2018,England,18,Thomas Du Toit,1995-05-05,23.12
16/06/2018,England,17,Steven Kitshoff,1992-02-10,26.35
16/06/2018,England,13,Lukhanyo Am,1993-11-28,24.55
16/06/2018,England,19,Jean-Luc Du Preez,1995-08-05,22.86
23/06/2018,England,10,Elton Jantjies,1990-08-01,27.89
23/06/2018,England,11,Aphiwe Dyantyi,1994-08-26,23.83
23/06/2018,England,4,RG Snyman,1995-01-29,23.4
23/06/2018,England,16,Schalk Brits,1981-05-16,37.1
23/06/2018,England,12,Andre Esterhuizen,1994-03-30,24.23
23/06/2018,England,22,Handre Pollard,1994-03-11,24.29
23/06/2018,England,3,Frans Malherbe,1991-03-14,27.28
23/06/2018,England,13,Jesse Kriel,1994-02-15,24.35
23/06/2018,England,1,Tendai Mtawarira,1985-08-01,32.89
23/06/2018,England,21,Embrose Papier,1997-04-25,21.16
23/06/2018,England,6,Siya Kolisi,1991-06-16,27.02
23/06/2018,England,9,Faf de Klerk,1991-10-19,26.68
23/06/2018,England,14,S'Busiso Nkosi,1996-01-21,22.42
23/06/2018,England,5,Franco Mostert,1990-11-27,27.57
23/06/2018,England,8,Duane Vermeulen,1986-07-03,31.97
23/06/2018,England,15,Warrick Gelant,1995-05-20,23.09
23/06/2018,England,7,Pieter-Steph Du Toit,1992-08-20,25.84
23/06/2018,England,20,Sikhumbuzo Notshe,1993-05-28,25.07
23/06/2018,England,23,Willie Le Roux,1989-08-18,28.85
23/06/2018,England,18,Thomas Du Toit,1995-05-05,23.14
23/06/2018,England,17,Steven Kitshoff,1992-02-10,26.37
23/06/2018,England,2,Chiliboy Ralepelle,1986-09-11,31.78
23/06/2018,England,19,Jean-Luc Du Preez,1995-08-05,22.88
18/08/2018,Argentina,11,Aphiwe Dyantyi,1994-08-26,23.98
18/08/2018,Argentina,12,Andre Esterhuizen,1994-03-30,24.39
18/08/2018,Argentina,23,Damian Willemse,1998-05-07,20.28
18/08/2018,Argentina,10,Handre Pollard,1994-03-11,24.44
18/08/2018,Argentina,3,Frans Malherbe,1991-03-14,27.43
18/08/2018,Argentina,1,Tendai Mtawarira,1985-08-01,33.05
18/08/2018,Argentina,21,Embrose Papier,1997-04-25,21.31
18/08/2018,Argentina,14,Makazole Mapimpi,1990-07-26,28.06
18/08/2018,Argentina,7,Siya Kolisi,1991-06-16,27.17
18/08/2018,Argentina,16,Mbongeni Mbonambi,1991-01-07,27.61
18/08/2018,Argentina,9,Faf de Klerk,1991-10-19,26.83
18/08/2018,Argentina,22,Lionel Mapoe,1988-07-13,30.1
18/08/2018,Argentina,4,Eben Etzebeth,1991-10-29,26.8
18/08/2018,Argentina,8,Warren Whiteley,1987-09-18,30.92
18/08/2018,Argentina,20,Marco van Staden,1995-08-25,22.98
18/08/2018,Argentina,2,Malcolm Marx,1994-07-13,24.1
18/08/2018,Argentina,5,Pieter-Steph Du Toit,1992-08-20,25.99
18/08/2018,Argentina,15,Willie Le Roux,1989-08-18,29.0
18/08/2018,Argentina,19,Marvin Orie,1993-02-15,25.5
18/08/2018,Argentina,18,Thomas Du Toit,1995-05-05,23.29
18/08/2018,Argentina,17,Steven Kitshoff,1992-02-10,26.52
18/08/2018,Argentina,6,Francois Louw,1985-06-15,33.18
18/08/2018,Argentina,13,Lukhanyo Am,1993-11-28,24.72
25/08/2018,Argentina,11,Aphiwe Dyantyi,1994-08-26,24.0
25/08/2018,Argentina,19,RG Snyman,1995-01-29,23.57
25/08/2018,Argentina,12,Andre Esterhuizen,1994-03-30,24.41
25/08/2018,Argentina,23,Damian Willemse,1998-05-07,20.3
25/08/2018,Argentina,10,Handre Pollard,1994-03-11,24.46
25/08/2018,Argentina,3,Frans Malherbe,1991-03-14,27.45
25/08/2018,Argentina,1,Tendai Mtawarira,1985-08-01,33.07
25/08/2018,Argentina,21,Embrose Papier,1997-04-25,21.33
25/08/2018,Argentina,14,Makazole Mapimpi,1990-07-26,28.08
25/08/2018,Argentina,7,Siya Kolisi,1991-06-16,27.19
25/08/2018,Argentina,16,Mbongeni Mbonambi,1991-01-07,27.63
25/08/2018,Argentina,9,Faf de Klerk,1991-10-19,26.85
25/08/2018,Argentina,22,Lionel Mapoe,1988-07-13,30.12
25/08/2018,Argentina,4,Eben Etzebeth,1991-10-29,26.82
25/08/2018,Argentina,5,Franco Mostert,1990-11-27,27.74
25/08/2018,Argentina,8,Warren Whiteley,1987-09-18,30.94
25/08/2018,Argentina,2,Malcolm Marx,1994-07-13,24.12
25/08/2018,Argentina,18,Wilco Louw,1994-07-20,24.1
25/08/2018,Argentina,20,Pieter-Steph Du Toit,1992-08-20,26.01
25/08/2018,Argentina,15,Willie Le Roux,1989-08-18,29.02
25/08/2018,Argentina,17,Steven Kitshoff,1992-02-10,26.54
25/08/2018,Argentina,6,Francois Louw,1985-06-15,33.19
25/08/2018,Argentina,13,Lukhanyo Am,1993-11-28,24.74
08/09/2018,Australia,10,Elton Jantjies,1990-08-01,28.1
08/09/2018,Australia,11,Aphiwe Dyantyi,1994-08-26,24.04
08/09/2018,Australia,19,RG Snyman,1995-01-29,23.61
08/09/2018,Australia,22,Handre Pollard,1994-03-11,24.5
08/09/2018,Australia,3,Frans Malherbe,1991-03-14,27.49
08/09/2018,Australia,13,Jesse Kriel,1994-02-15,24.56
08/09/2018,Australia,12,Damian de Allende,1991-11-25,26.79
08/09/2018,Australia,17,Tendai Mtawarira,1985-08-01,33.1
08/09/2018,Australia,23,Cheslin Kolbe,1993-10-28,24.86
08/09/2018,Australia,21,Embrose Papier,1997-04-25,21.37
08/09/2018,Australia,14,Makazole Mapimpi,1990-07-26,28.12
08/09/2018,Australia,6,Siya Kolisi,1991-06-16,27.23
08/09/2018,Australia,2,Mbongeni Mbonambi,1991-01-07,27.67
08/09/2018,Australia,9,Faf de Klerk,1991-10-19,26.89
08/09/2018,Australia,4,Eben Etzebeth,1991-10-29,26.86
08/09/2018,Australia,5,Franco Mostert,1990-11-27,27.78
08/09/2018,Australia,8,Warren Whiteley,1987-09-18,30.97
08/09/2018,Australia,16,Malcolm Marx,1994-07-13,24.16
08/09/2018,Australia,18,Wilco Louw,1994-07-20,24.14
08/09/2018,Australia,7,Pieter-Steph Du Toit,1992-08-20,26.05
08/09/2018,Australia,15,Willie Le Roux,1989-08-18,29.06
08/09/2018,Australia,1,Steven Kitshoff,1992-02-10,26.58
08/09/2018,Australia,20,Francois Louw,1985-06-15,33.23
15/09/2018,New Zealand,22,Elton Jantjies,1990-08-01,28.12
15/09/2018,New Zealand,11,Aphiwe Dyantyi,1994-08-26,24.06
15/09/2018,New Zealand,19,RG Snyman,1995-01-29,23.63
15/09/2018,New Zealand,10,Handre Pollard,1994-03-11,24.52
15/09/2018,New Zealand,3,Frans Malherbe,1991-03-14,27.51
15/09/2018,New Zealand,14,Jesse Kriel,1994-02-15,24.58
15/09/2018,New Zealand,12,Damian de Allende,1991-11-25,26.81
15/09/2018,New Zealand,17,Tendai Mtawarira,1985-08-01,33.12
15/09/2018,New Zealand,23,Cheslin Kolbe,1993-10-28,24.88
15/09/2018,New Zealand,6,Siya Kolisi,1991-06-16,27.25
15/09/2018,New Zealand,16,Mbongeni Mbonambi,1991-01-07,27.69
15/09/2018,New Zealand,9,Faf de Klerk,1991-10-19,26.91
15/09/2018,New Zealand,4,Eben Etzebeth,1991-10-29,26.88
15/09/2018,New Zealand,5,Franco Mostert,1990-11-27,27.8
15/09/2018,New Zealand,8,Warren Whiteley,1987-09-18,30.99
15/09/2018,New Zealand,2,Malcolm Marx,1994-07-13,24.18
15/09/2018,New Zealand,21,Ross Cronje,1989-07-26,29.14
15/09/2018,New Zealand,18,Wilco Louw,1994-07-20,24.16
15/09/2018,New Zealand,7,Pieter-Steph Du Toit,1992-08-20,26.07
15/09/2018,New Zealand,15,Willie Le Roux,1989-08-18,29.08
15/09/2018,New Zealand,1,Steven Kitshoff,1992-02-10,26.6
15/09/2018,New Zealand,20,Francois Louw,1985-06-15,33.25
15/09/2018,New Zealand,13,Lukhanyo Am,1993-11-28,24.8
29/09/2018,Australia,22,Elton Jantjies,1990-08-01,28.16
29/09/2018,Australia,11,Aphiwe Dyantyi,1994-08-26,24.09
29/09/2018,Australia,19,RG Snyman,1995-01-29,23.67
29/09/2018,Australia,12,Andre Esterhuizen,1994-03-30,24.5
29/09/2018,Australia,23,Damian Willemse,1998-05-07,20.4
29/09/2018,Australia,10,Handre Pollard,1994-03-11,24.55
29/09/2018,Australia,3,Frans Malherbe,1991-03-14,27.55
29/09/2018,Australia,13,Jesse Kriel,1994-02-15,24.62
29/09/2018,Australia,1,Tendai Mtawarira,1985-08-01,33.16
29/09/2018,Australia,14,Cheslin Kolbe,1993-10-28,24.92
29/09/2018,Australia,21,Embrose Papier,1997-04-25,21.43
29/09/2018,Australia,6,Siya Kolisi,1991-06-16,27.29
29/09/2018,Australia,16,Mbongeni Mbonambi,1991-01-07,27.73
29/09/2018,Australia,9,Faf de Klerk,1991-10-19,26.95
29/09/2018,Australia,4,Eben Etzebeth,1991-10-29,26.92
29/09/2018,Australia,5,Franco Mostert,1990-11-27,27.84
29/09/2018,Australia,20,Marco van Staden,1995-08-25,23.1
29/09/2018,Australia,2,Malcolm Marx,1994-07-13,24.21
29/09/2018,Australia,18,Wilco Louw,1994-07-20,24.19
29/09/2018,Australia,7,Pieter-Steph Du Toit,1992-08-20,26.11
29/09/2018,Australia,8,Sikhumbuzo Notshe,1993-05-28,25.34
29/09/2018,Australia,15,Willie Le Roux,1989-08-18,29.11
29/09/2018,Australia,17,Steven Kitshoff,1992-02-10,26.63
06/10/2018,New Zealand,22,Elton Jantjies,1990-08-01,28.18
06/10/2018,New Zealand,11,Aphiwe Dyantyi,1994-08-26,24.11
06/10/2018,New Zealand,19,RG Snyman,1995-01-29,23.69
06/10/2018,New Zealand,23,Damian Willemse,1998-05-07,20.42
06/10/2018,New Zealand,10,Handre Pollard,1994-03-11,24.57
06/10/2018,New Zealand,3,Frans Malherbe,1991-03-14,27.57
06/10/2018,New Zealand,13,Jesse Kriel,1994-02-15,24.64
06/10/2018,New Zealand,12,Damian de Allende,1991-11-25,26.86
06/10/2018,New Zealand,17,Tendai Mtawarira,1985-08-01,33.18
06/10/2018,New Zealand,14,Cheslin Kolbe,1993-10-28,24.94
06/10/2018,New Zealand,21,Embrose Papier,1997-04-25,21.45
06/10/2018,New Zealand,6,Siya Kolisi,1991-06-16,27.31
06/10/2018,New Zealand,16,Mbongeni Mbonambi,1991-01-07,27.75
06/10/2018,New Zealand,9,Faf de Klerk,1991-10-19,26.97
06/10/2018,New Zealand,4,Eben Etzebeth,1991-10-29,26.94
06/10/2018,New Zealand,5,Franco Mostert,1990-11-27,27.86
06/10/2018,New Zealand,2,Malcolm Marx,1994-07-13,24.23
06/10/2018,New Zealand,7,Pieter-Steph Du Toit,1992-08-20,26.13
06/10/2018,New Zealand,20,Sikhumbuzo Notshe,1993-05-28,25.36
06/10/2018,New Zealand,18,Vincent Koch,1990-03-13,28.57
06/10/2018,New Zealand,15,Willie Le Roux,1989-08-18,29.13
06/10/2018,New Zealand,1,Steven Kitshoff,1992-02-10,26.65
06/10/2018,New Zealand,8,Francois Louw,1985-06-15,33.31
03/11/2018,England,22,Elton Jantjies,1990-08-01,28.26
03/11/2018,England,11,Aphiwe Dyantyi,1994-08-26,24.19
03/11/2018,England,19,RG Snyman,1995-01-29,23.76
03/11/2018,England,23,Andre Esterhuizen,1994-03-30,24.6
03/11/2018,England,15,Damian Willemse,1998-05-07,20.49
03/11/2018,England,10,Handre Pollard,1994-03-11,24.65
03/11/2018,England,3,Frans Malherbe,1991-03-14,27.64
03/11/2018,England,13,Jesse Kriel,1994-02-15,24.72
03/11/2018,England,12,Damian de Allende,1991-11-25,26.94
03/11/2018,England,21,Embrose Papier,1997-04-25,21.53
03/11/2018,England,6,Siya Kolisi,1991-06-16,27.38
03/11/2018,England,16,Mbongeni Mbonambi,1991-01-07,27.82
03/11/2018,England,14,S'Busiso Nkosi,1996-01-21,22.78
03/11/2018,England,4,Eben Etzebeth,1991-10-29,27.01
03/11/2018,England,8,Warren Whiteley,1987-09-18,31.13
03/11/2018,England,9,Ivan Van Zyl,1995-06-30,23.35
03/11/2018,England,7,Duane Vermeulen,1986-07-03,32.34
03/11/2018,England,2,Malcolm Marx,1994-07-13,24.31
03/11/2018,England,18,Wilco Louw,1994-07-20,24.29
03/11/2018,England,5,Pieter-Steph Du Toit,1992-08-20,26.2
03/11/2018,England,20,Lodewyk De Jager,1992-12-17,25.88
03/11/2018,England,17,Thomas Du Toit,1995-05-05,23.5
03/11/2018,England,1,Steven Kitshoff,1992-02-10,26.73
10/11/2018,France,22,Elton Jantjies,1990-08-01,28.28
10/11/2018,France,11,Aphiwe Dyantyi,1994-08-26,24.21
10/11/2018,France,19,RG Snyman,1995-01-29,23.78
10/11/2018,France,10,Handre Pollard,1994-03-11,24.67
10/11/2018,France,3,Frans Malherbe,1991-03-14,27.66
10/11/2018,France,13,Jesse Kriel,1994-02-15,24.73
10/11/2018,France,12,Damian de Allende,1991-11-25,26.96
10/11/2018,France,23,Cheslin Kolbe,1993-10-28,25.04
10/11/2018,France,21,Embrose Papier,1997-04-25,21.54
10/11/2018,France,6,Siya Kolisi,1991-06-16,27.4
10/11/2018,France,16,Mbongeni Mbonambi,1991-01-07,27.84
10/11/2018,France,9,Faf de Klerk,1991-10-19,27.06
10/11/2018,France,14,S'Busiso Nkosi,1996-01-21,22.8
10/11/2018,France,5,Franco Mostert,1990-11-27,27.95
10/11/2018,France,8,Warren Whiteley,1987-09-18,31.15
10/11/2018,France,7,Duane Vermeulen,1986-07-03,32.36
10/11/2018,France,2,Malcolm Marx,1994-07-13,24.33
10/11/2018,France,4,Pieter-Steph Du Toit,1992-08-20,26.22
10/11/2018,France,18,Vincent Koch,1990-03-13,28.66
10/11/2018,France,15,Willie Le Roux,1989-08-18,29.23
10/11/2018,France,17,Thomas Du Toit,1995-05-05,23.52
10/11/2018,France,1,Steven Kitshoff,1992-02-10,26.75
10/11/2018,France,20,Francois Louw,1985-06-15,33.41
17/11/2018,Scotland,22,Elton Jantjies,1990-08-01,28.3
17/11/2018,Scotland,11,Aphiwe Dyantyi,1994-08-26,24.23
17/11/2018,Scotland,4,RG Snyman,1995-01-29,23.8
17/11/2018,Scotland,10,Handre Pollard,1994-03-11,24.69
17/11/2018,Scotland,3,Frans Malherbe,1991-03-14,27.68
17/11/2018,Scotland,13,Jesse Kriel,1994-02-15,24.75
17/11/2018,Scotland,12,Damian de Allende,1991-11-25,26.98
17/11/2018,Scotland,23,Cheslin Kolbe,1993-10-28,25.05
17/11/2018,Scotland,9,Embrose Papier,1997-04-25,21.56
17/11/2018,Scotland,6,Siya Kolisi,1991-06-16,27.42
17/11/2018,Scotland,16,Mbongeni Mbonambi,1991-01-07,27.86
17/11/2018,Scotland,14,S'Busiso Nkosi,1996-01-21,22.82
17/11/2018,Scotland,5,Franco Mostert,1990-11-27,27.97
17/11/2018,Scotland,21,Ivan Van Zyl,1995-06-30,23.38
17/11/2018,Scotland,8,Duane Vermeulen,1986-07-03,32.38
17/11/2018,Scotland,2,Malcolm Marx,1994-07-13,24.35
17/11/2018,Scotland,7,Pieter-Steph Du Toit,1992-08-20,26.24
17/11/2018,Scotland,18,Vincent Koch,1990-03-13,28.68
17/11/2018,Scotland,15,Willie Le Roux,1989-08-18,29.25
17/11/2018,Scotland,19,Lodewyk De Jager,1992-12-17,25.92
17/11/2018,Scotland,17,Thomas Du Toit,1995-05-05,23.54
17/11/2018,Scotland,1,Steven Kitshoff,1992-02-10,26.77
17/11/2018,Scotland,20,Francois Louw,1985-06-15,33.42
24/11/2018,Wales,22,Elton Jantjies,1990-08-01,28.32
24/11/2018,Wales,11,Aphiwe Dyantyi,1994-08-26,24.25
24/11/2018,Wales,4,RG Snyman,1995-01-29,23.82
24/11/2018,Wales,26,Damian Willemse,1998-05-07,20.55
24/11/2018,Wales,10,Handre Pollard,1994-03-11,24.71
24/11/2018,Wales,3,Frans Malherbe,1991-03-14,27.7
24/11/2018,Wales,13,Jesse Kriel,1994-02-15,24.77
24/11/2018,Wales,12,Damian de Allende,1991-11-25,27.0
24/11/2018,Wales,23,Cheslin Kolbe,1993-10-28,25.07
24/11/2018,Wales,9,Embrose Papier,1997-04-25,21.58
24/11/2018,Wales,6,Siya Kolisi,1991-06-16,27.44
24/11/2018,Wales,16,Mbongeni Mbonambi,1991-01-07,27.88
24/11/2018,Wales,19,Eben Etzebeth,1991-10-29,27.07
24/11/2018,Wales,5,Franco Mostert,1990-11-27,27.99
24/11/2018,Wales,21,Ivan Van Zyl,1995-06-30,23.4
24/11/2018,Wales,8,Duane Vermeulen,1986-07-03,32.39
24/11/2018,Wales,2,Malcolm Marx,1994-07-13,24.37
24/11/2018,Wales,7,Pieter-Steph Du Toit,1992-08-20,26.26
24/11/2018,Wales,18,Vincent Koch,1990-03-13,28.7
24/11/2018,Wales,15,Willie Le Roux,1989-08-18,29.27
24/11/2018,Wales,17,Thomas Du Toit,1995-05-05,23.56
24/11/2018,Wales,1,Steven Kitshoff,1992-02-10,26.79
24/11/2018,Wales,20,Francois Louw,1985-06-15,33.44
20/07/2019,Australia,23,Dillyn Leyds,1992-09-12,26.85
20/07/2019,Australia,10,Elton Jantjies,1990-08-01,28.97
20/07/2019,Australia,6,Rynhardt Elstadt,1989-12-20,29.58
20/07/2019,Australia,17,Lizo Gqoboka,1990-03-24,29.32
20/07/2019,Australia,16,Schalk Brits,1981-05-16,38.18
20/07/2019,Australia,12,Andre Esterhuizen,1994-03-30,25.31
20/07/2019,Australia,13,Jesse Kriel,1994-02-15,25.42
20/07/2019,Australia,9,Herschel Jantjies,1996-04-22,23.24
20/07/2019,Australia,1,Tendai Mtawarira,1985-08-01,33.97
20/07/2019,Australia,22,Frans Steyn,1987-05-14,32.18
20/07/2019,Australia,11,Makazole Mapimpi,1990-07-26,28.98
20/07/2019,Australia,2,Mbongeni Mbonambi,1991-01-07,28.53
20/07/2019,Australia,14,S'Busiso Nkosi,1996-01-21,23.49
20/07/2019,Australia,4,Eben Etzebeth,1991-10-29,27.72
20/07/2019,Australia,20,Marcell Coetzee,1991-05-08,28.2
20/07/2019,Australia,3,Trevor Nyakane,1989-05-04,30.21
20/07/2019,Australia,21,Cobus Reinach,1990-02-07,29.45
20/07/2019,Australia,15,Warrick Gelant,1995-05-20,24.17
20/07/2019,Australia,7,Pieter-Steph Du Toit,1992-08-20,26.91
20/07/2019,Australia,18,Vincent Koch,1990-03-13,29.35
20/07/2019,Australia,19,Marvin Orie,1993-02-15,26.42
20/07/2019,Australia,5,Lodewyk De Jager,1992-12-17,26.59
20/07/2019,Australia,8,Francois Louw,1985-06-15,34.1
27/07/2019,New Zealand,19,RG Snyman,1995-01-29,24.49
27/07/2019,New Zealand,10,Handre Pollard,1994-03-11,25.38
27/07/2019,New Zealand,3,Frans Malherbe,1991-03-14,28.37
27/07/2019,New Zealand,23,Jesse Kriel,1994-02-15,25.44
27/07/2019,New Zealand,21,Herschel Jantjies,1996-04-22,23.26
27/07/2019,New Zealand,12,Damian de Allende,1991-11-25,27.67
27/07/2019,New Zealand,17,Tendai Mtawarira,1985-08-01,33.99
27/07/2019,New Zealand,22,Frans Steyn,1987-05-14,32.2
27/07/2019,New Zealand,14,Cheslin Kolbe,1993-10-28,25.74
27/07/2019,New Zealand,11,Makazole Mapimpi,1990-07-26,29.0
27/07/2019,New Zealand,6,Kwagga Smith,1993-06-11,26.13
27/07/2019,New Zealand,16,Mbongeni Mbonambi,1991-01-07,28.55
27/07/2019,New Zealand,9,Faf de Klerk,1991-10-19,27.77
27/07/2019,New Zealand,4,Eben Etzebeth,1991-10-29,27.74
27/07/2019,New Zealand,5,Franco Mostert,1990-11-27,28.66
27/07/2019,New Zealand,18,Trevor Nyakane,1989-05-04,30.23
27/07/2019,New Zealand,8,Duane Vermeulen,1986-07-03,33.07
27/07/2019,New Zealand,2,Malcolm Marx,1994-07-13,25.04
27/07/2019,New Zealand,7,Pieter-Steph Du Toit,1992-08-20,26.93
27/07/2019,New Zealand,15,Willie Le Roux,1989-08-18,29.94
27/07/2019,New Zealand,1,Steven Kitshoff,1992-02-10,27.46
27/07/2019,New Zealand,20,Francois Louw,1985-06-15,34.11
27/07/2019,New Zealand,13,Lukhanyo Am,1993-11-28,25.66
10/08/2019,Argentina,19,RG Snyman,1995-01-29,24.53
10/08/2019,Argentina,10,Handre Pollard,1994-03-11,25.42
10/08/2019,Argentina,18,Frans Malherbe,1991-03-14,28.41
10/08/2019,Argentina,23,Jesse Kriel,1994-02-15,25.48
10/08/2019,Argentina,21,Herschel Jantjies,1996-04-22,23.3
10/08/2019,Argentina,12,Damian de Allende,1991-11-25,27.71
10/08/2019,Argentina,1,Tendai Mtawarira,1985-08-01,34.02
10/08/2019,Argentina,22,Frans Steyn,1987-05-14,32.24
10/08/2019,Argentina,14,Cheslin Kolbe,1993-10-28,25.78
10/08/2019,Argentina,11,Makazole Mapimpi,1990-07-26,29.04
10/08/2019,Argentina,6,Kwagga Smith,1993-06-11,26.16
10/08/2019,Argentina,2,Mbongeni Mbonambi,1991-01-07,28.59
10/08/2019,Argentina,9,Faf de Klerk,1991-10-19,27.81
10/08/2019,Argentina,4,Eben Etzebeth,1991-10-29,27.78
10/08/2019,Argentina,5,Franco Mostert,1990-11-27,28.7
10/08/2019,Argentina,3,Trevor Nyakane,1989-05-04,30.27
10/08/2019,Argentina,8,Duane Vermeulen,1986-07-03,33.1
10/08/2019,Argentina,16,Malcolm Marx,1994-07-13,25.08
10/08/2019,Argentina,7,Pieter-Steph Du Toit,1992-08-20,26.97
10/08/2019,Argentina,15,Willie Le Roux,1989-08-18,29.98
10/08/2019,Argentina,17,Steven Kitshoff,1992-02-10,27.5
10/08/2019,Argentina,20,Francois Louw,1985-06-15,34.15
10/08/2019,Argentina,13,Lukhanyo Am,1993-11-28,25.7
17/08/2019,Argentina,11,Dillyn Leyds,1992-09-12,26.93
17/08/2019,Argentina,10,Elton Jantjies,1990-08-01,29.04
17/08/2019,Argentina,7,Rynhardt Elstadt,1989-12-20,29.66
17/08/2019,Argentina,17,Lizo Gqoboka,1990-03-24,29.4
17/08/2019,Argentina,4,RG Snyman,1995-01-29,24.55
17/08/2019,Argentina,2,Schalk Brits,1981-05-16,38.25
17/08/2019,Argentina,12,Andre Esterhuizen,1994-03-30,25.38
17/08/2019,Argentina,13,Jesse Kriel,1994-02-15,25.5
17/08/2019,Argentina,23,Frans Steyn,1987-05-14,32.26
17/08/2019,Argentina,20,Kwagga Smith,1993-06-11,26.18
17/08/2019,Argentina,6,Siya Kolisi,1991-06-16,28.17
17/08/2019,Argentina,16,Scarra Ntubeni,1991-02-18,28.49
17/08/2019,Argentina,22,Faf de Klerk,1991-10-19,27.83
17/08/2019,Argentina,14,S'Busiso Nkosi,1996-01-21,23.57
17/08/2019,Argentina,8,Marcell Coetzee,1991-05-08,28.28
17/08/2019,Argentina,21,Marco van Staden,1995-08-25,23.98
17/08/2019,Argentina,9,Cobus Reinach,1990-02-07,29.52
17/08/2019,Argentina,18,Wilco Louw,1994-07-20,25.08
17/08/2019,Argentina,15,Warrick Gelant,1995-05-20,24.24
17/08/2019,Argentina,3,Vincent Koch,1990-03-13,29.43
17/08/2019,Argentina,19,Marvin Orie,1993-02-15,26.5
17/08/2019,Argentina,5,Lodewyk De Jager,1992-12-17,26.66
17/08/2019,Argentina,1,Thomas Du Toit,1995-05-05,24.29
06/09/2019,Japan,19,RG Snyman,1995-01-29,24.6
06/09/2019,Japan,10,Handre Pollard,1994-03-11,25.49
06/09/2019,Japan,3,Frans Malherbe,1991-03-14,28.48
06/09/2019,Japan,23,Jesse Kriel,1994-02-15,25.56
06/09/2019,Japan,21,Herschel Jantjies,1996-04-22,23.37
06/09/2019,Japan,12,Damian de Allende,1991-11-25,27.78
06/09/2019,Japan,17,Tendai Mtawarira,1985-08-01,34.1
06/09/2019,Japan,22,Frans Steyn,1987-05-14,32.32
06/09/2019,Japan,14,Cheslin Kolbe,1993-10-28,25.86
06/09/2019,Japan,11,Makazole Mapimpi,1990-07-26,29.11
06/09/2019,Japan,6,Siya Kolisi,1991-06-16,28.23
06/09/2019,Japan,16,Mbongeni Mbonambi,1991-01-07,28.66
06/09/2019,Japan,9,Faf de Klerk,1991-10-19,27.88
06/09/2019,Japan,4,Eben Etzebeth,1991-10-29,27.86
06/09/2019,Japan,5,Franco Mostert,1990-11-27,28.78
06/09/2019,Japan,18,Trevor Nyakane,1989-05-04,30.34
06/09/2019,Japan,8,Duane Vermeulen,1986-07-03,33.18
06/09/2019,Japan,2,Malcolm Marx,1994-07-13,25.15
06/09/2019,Japan,7,Pieter-Steph Du Toit,1992-08-20,27.05
06/09/2019,Japan,15,Willie Le Roux,1989-08-18,30.05
06/09/2019,Japan,1,Steven Kitshoff,1992-02-10,27.57
06/09/2019,Japan,20,Francois Louw,1985-06-15,34.23
06/09/2019,Japan,13,Lukhanyo Am,1993-11-28,25.77
21/09/2019,New Zealand,19,RG Snyman,1995-01-29,24.64
21/09/2019,New Zealand,10,Handre Pollard,1994-03-11,25.53
21/09/2019,New Zealand,3,Frans Malherbe,1991-03-14,28.52
21/09/2019,New Zealand,23,Jesse Kriel,1994-02-15,25.6
21/09/2019,New Zealand,21,Herschel Jantjies,1996-04-22,23.41
21/09/2019,New Zealand,12,Damian de Allende,1991-11-25,27.82
21/09/2019,New Zealand,17,Tendai Mtawarira,1985-08-01,34.14
21/09/2019,New Zealand,22,Frans Steyn,1987-05-14,32.36
21/09/2019,New Zealand,14,Cheslin Kolbe,1993-10-28,25.9
21/09/2019,New Zealand,11,Makazole Mapimpi,1990-07-26,29.16
21/09/2019,New Zealand,6,Siya Kolisi,1991-06-16,28.27
21/09/2019,New Zealand,16,Mbongeni Mbonambi,1991-01-07,28.7
21/09/2019,New Zealand,9,Faf de Klerk,1991-10-19,27.92
21/09/2019,New Zealand,4,Eben Etzebeth,1991-10-29,27.9
21/09/2019,New Zealand,5,Franco Mostert,1990-11-27,28.82
21/09/2019,New Zealand,18,Trevor Nyakane,1989-05-04,30.38
21/09/2019,New Zealand,8,Duane Vermeulen,1986-07-03,33.22
21/09/2019,New Zealand,2,Malcolm Marx,1994-07-13,25.19
21/09/2019,New Zealand,7,Pieter-Steph Du Toit,1992-08-20,27.09
21/09/2019,New Zealand,15,Willie Le Roux,1989-08-18,30.09
21/09/2019,New Zealand,1,Steven Kitshoff,1992-02-10,27.61
21/09/2019,New Zealand,20,Francois Louw,1985-06-15,34.27
21/09/2019,New Zealand,13,Lukhanyo Am,1993-11-28,25.81
28/09/2019,Namibia,10,Elton Jantjies,1990-08-01,29.16
28/09/2019,Namibia,4,RG Snyman,1995-01-29,24.66
28/09/2019,Namibia,8,Schalk Brits,1981-05-16,38.37
28/09/2019,Namibia,9,Herschel Jantjies,1996-04-22,23.43
28/09/2019,Namibia,22,Damian de Allende,1991-11-25,27.84
28/09/2019,Namibia,1,Tendai Mtawarira,1985-08-01,34.16
28/09/2019,Namibia,12,Frans Steyn,1987-05-14,32.38
28/09/2019,Namibia,23,Cheslin Kolbe,1993-10-28,25.92
28/09/2019,Namibia,11,Makazole Mapimpi,1990-07-26,29.18
28/09/2019,Namibia,7,Kwagga Smith,1993-06-11,26.3
28/09/2019,Namibia,19,Siya Kolisi,1991-06-16,28.29
28/09/2019,Namibia,2,Mbongeni Mbonambi,1991-01-07,28.72
28/09/2019,Namibia,14,S'Busiso Nkosi,1996-01-21,23.69
28/09/2019,Namibia,18,Eben Etzebeth,1991-10-29,27.92
28/09/2019,Namibia,20,Franco Mostert,1990-11-27,28.84
28/09/2019,Namibia,21,Cobus Reinach,1990-02-07,29.64
28/09/2019,Namibia,15,Warrick Gelant,1995-05-20,24.36
28/09/2019,Namibia,3,Vincent Koch,1990-03-13,29.54
28/09/2019,Namibia,5,Lodewyk De Jager,1992-12-17,26.78
28/09/2019,Namibia,17,Thomas Du Toit,1995-05-05,24.4
28/09/2019,Namibia,16,Steven Kitshoff,1992-02-10,27.63
28/09/2019,Namibia,6,Francois Louw,1985-06-15,34.29
28/09/2019,Namibia,13,Lukhanyo Am,1993-11-28,25.83
04/10/2019,Italy,19,RG Snyman,1995-01-29,24.68
04/10/2019,Italy,10,Handre Pollard,1994-03-11,25.57
04/10/2019,Italy,3,Frans Malherbe,1991-03-14,28.56
04/10/2019,Italy,22,Herschel Jantjies,1996-04-22,23.45
04/10/2019,Italy,12,Damian de Allende,1991-11-25,27.86
04/10/2019,Italy,1,Tendai Mtawarira,1985-08-01,34.17
04/10/2019,Italy,23,Frans Steyn,1987-05-14,32.39
04/10/2019,Italy,14,Cheslin Kolbe,1993-10-28,25.93
04/10/2019,Italy,11,Makazole Mapimpi,1990-07-26,29.19
04/10/2019,Italy,6,Siya Kolisi,1991-06-16,28.3
04/10/2019,Italy,2,Mbongeni Mbonambi,1991-01-07,28.74
04/10/2019,Italy,9,Faf de Klerk,1991-10-19,27.96
04/10/2019,Italy,4,Eben Etzebeth,1991-10-29,27.93
04/10/2019,Italy,20,Franco Mostert,1990-11-27,28.85
04/10/2019,Italy,8,Duane Vermeulen,1986-07-03,33.25
04/10/2019,Italy,16,Malcolm Marx,1994-07-13,25.23
04/10/2019,Italy,7,Pieter-Steph Du Toit,1992-08-20,27.12
04/10/2019,Italy,18,Vincent Koch,1990-03-13,29.56
04/10/2019,Italy,15,Willie Le Roux,1989-08-18,30.13
04/10/2019,Italy,5,Lodewyk De Jager,1992-12-17,26.8
04/10/2019,Italy,17,Steven Kitshoff,1992-02-10,27.65
04/10/2019,Italy,21,Francois Louw,1985-06-15,34.3
04/10/2019,Italy,13,Lukhanyo Am,1993-11-28,25.85
08/10/2019,Canada,10,Elton Jantjies,1990-08-01,29.19
08/10/2019,Canada,4,RG Snyman,1995-01-29,24.69
08/10/2019,Canada,2,Schalk Brits,1981-05-16,38.4
08/10/2019,Canada,15,Damian Willemse,1998-05-07,21.42
08/10/2019,Canada,22,Handre Pollard,1994-03-11,25.58
08/10/2019,Canada,18,Frans Malherbe,1991-03-14,28.57
08/10/2019,Canada,21,Herschel Jantjies,1996-04-22,23.46
08/10/2019,Canada,13,Damian de Allende,1991-11-25,27.87
08/10/2019,Canada,12,Frans Steyn,1987-05-14,32.4
08/10/2019,Canada,7,Kwagga Smith,1993-06-11,26.32
08/10/2019,Canada,6,Siya Kolisi,1991-06-16,28.31
08/10/2019,Canada,11,S'Busiso Nkosi,1996-01-21,23.71
08/10/2019,Canada,19,Eben Etzebeth,1991-10-29,27.94
08/10/2019,Canada,5,Franco Mostert,1990-11-27,28.86
08/10/2019,Canada,9,Cobus Reinach,1990-02-07,29.67
08/10/2019,Canada,16,Malcolm Marx,1994-07-13,25.24
08/10/2019,Canada,14,Warrick Gelant,1995-05-20,24.39
08/10/2019,Canada,20,Pieter-Steph Du Toit,1992-08-20,27.13
08/10/2019,Canada,3,Vincent Koch,1990-03-13,29.57
08/10/2019,Canada,23,Willie Le Roux,1989-08-18,30.14
08/10/2019,Canada,1,Thomas Du Toit,1995-05-05,24.43
08/10/2019,Canada,17,Steven Kitshoff,1992-02-10,27.66
08/10/2019,Canada,8,Francois Louw,1985-06-15,34.31
20/10/2019,Japan,19,RG Snyman,1995-01-29,24.72
20/10/2019,Japan,10,Handre Pollard,1994-03-11,25.61
20/10/2019,Japan,3,Frans Malherbe,1991-03-14,28.6
20/10/2019,Japan,22,Herschel Jantjies,1996-04-22,23.49
20/10/2019,Japan,12,Damian de Allende,1991-11-25,27.9
20/10/2019,Japan,1,Tendai Mtawarira,1985-08-01,34.22
20/10/2019,Japan,23,Frans Steyn,1987-05-14,32.44
20/10/2019,Japan,14,Cheslin Kolbe,1993-10-28,25.98
20/10/2019,Japan,11,Makazole Mapimpi,1990-07-26,29.24
20/10/2019,Japan,6,Siya Kolisi,1991-06-16,28.35
20/10/2019,Japan,2,Mbongeni Mbonambi,1991-01-07,28.78
20/10/2019,Japan,9,Faf de Klerk,1991-10-19,28.0
20/10/2019,Japan,4,Eben Etzebeth,1991-10-29,27.98
20/10/2019,Japan,20,Franco Mostert,1990-11-27,28.9
20/10/2019,Japan,8,Duane Vermeulen,1986-07-03,33.3
20/10/2019,Japan,16,Malcolm Marx,1994-07-13,25.27
20/10/2019,Japan,7,Pieter-Steph Du Toit,1992-08-20,27.17
20/10/2019,Japan,18,Vincent Koch,1990-03-13,29.6
20/10/2019,Japan,15,Willie Le Roux,1989-08-18,30.17
20/10/2019,Japan,5,Lodewyk De Jager,1992-12-17,26.84
20/10/2019,Japan,17,Steven Kitshoff,1992-02-10,27.69
20/10/2019,Japan,21,Francois Louw,1985-06-15,34.35
20/10/2019,Japan,13,Lukhanyo Am,1993-11-28,25.89
27/10/2019,Wales,19,RG Snyman,1995-01-29,24.74
27/10/2019,Wales,10,Handre Pollard,1994-03-11,25.63
27/10/2019,Wales,3,Frans Malherbe,1991-03-14,28.62
27/10/2019,Wales,22,Herschel Jantjies,1996-04-22,23.51
27/10/2019,Wales,12,Damian de Allende,1991-11-25,27.92
27/10/2019,Wales,1,Tendai Mtawarira,1985-08-01,34.24
27/10/2019,Wales,23,Frans Steyn,1987-05-14,32.46
27/10/2019,Wales,11,Makazole Mapimpi,1990-07-26,29.25
27/10/2019,Wales,6,Siya Kolisi,1991-06-16,28.36
27/10/2019,Wales,2,Mbongeni Mbonambi,1991-01-07,28.8
27/10/2019,Wales,9,Faf de Klerk,1991-10-19,28.02
27/10/2019,Wales,14,S'Busiso Nkosi,1996-01-21,23.77
27/10/2019,Wales,4,Eben Etzebeth,1991-10-29,28.0
27/10/2019,Wales,20,Franco Mostert,1990-11-27,28.92
27/10/2019,Wales,8,Duane Vermeulen,1986-07-03,33.32
27/10/2019,Wales,16,Malcolm Marx,1994-07-13,25.29
27/10/2019,Wales,7,Pieter-Steph Du Toit,1992-08-20,27.18
27/10/2019,Wales,18,Vincent Koch,1990-03-13,29.62
27/10/2019,Wales,15,Willie Le Roux,1989-08-18,30.19
27/10/2019,Wales,5,Lodewyk De Jager,1992-12-17,26.86
27/10/2019,Wales,17,Steven Kitshoff,1992-02-10,27.71
27/10/2019,Wales,21,Francois Louw,1985-06-15,34.37
27/10/2019,Wales,13,Lukhanyo Am,1993-11-28,25.91
02/11/2019,England,19,RG Snyman,1995-01-29,24.76
02/11/2019,England,10,Handre Pollard,1994-03-11,25.65
02/11/2019,England,3,Frans Malherbe,1991-03-14,28.64
02/11/2019,England,22,Herschel Jantjies,1996-04-22,23.53
02/11/2019,England,12,Damian de Allende,1991-11-25,27.94
02/11/2019,England,1,Tendai Mtawarira,1985-08-01,34.25
02/11/2019,England,23,Frans Steyn,1987-05-14,32.47
02/11/2019,England,14,Cheslin Kolbe,1993-10-28,26.01
02/11/2019,England,11,Makazole Mapimpi,1990-07-26,29.27
02/11/2019,England,6,Siya Kolisi,1991-06-16,28.38
02/11/2019,England,2,Mbongeni Mbonambi,1991-01-07,28.82
02/11/2019,England,9,Faf de Klerk,1991-10-19,28.04
02/11/2019,England,4,Eben Etzebeth,1991-10-29,28.01
02/11/2019,England,20,Franco Mostert,1990-11-27,28.93
02/11/2019,England,8,Duane Vermeulen,1986-07-03,33.33
02/11/2019,England,16,Malcolm Marx,1994-07-13,25.31
02/11/2019,England,7,Pieter-Steph Du Toit,1992-08-20,27.2
02/11/2019,England,18,Vincent Koch,1990-03-13,29.64
02/11/2019,England,15,Willie Le Roux,1989-08-18,30.21
02/11/2019,England,5,Lodewyk De Jager,1992-12-17,26.88
02/11/2019,England,17,Steven Kitshoff,1992-02-10,27.73
02/11/2019,England,21,Francois Louw,1985-06-15,34.38
02/11/2019,England,13,Lukhanyo Am,1993-11-28,25.93
02/07/2021,Georgia,22,Elton Jantjies,1990-08-01,30.92
02/07/2021,Georgia,23,Damian Willemse,1998-05-07,23.15
02/07/2021,Georgia,10,Handre Pollard,1994-03-11,27.31
02/07/2021,Georgia,18,Frans Malherbe,1991-03-14,30.3
02/07/2021,Georgia,13,Jesse Kriel,1994-02-15,27.38
02/07/2021,Georgia,20,Jasper Wiese,1995-10-21,25.7
02/07/2021,Georgia,21,Herschel Jantjies,1996-04-22,25.19
02/07/2021,Georgia,1,Ox Nche,1995-07-23,25.94
02/07/2021,Georgia,12,Frans Steyn,1987-05-14,34.14
02/07/2021,Georgia,11,Aphelele Fassi,1998-01-23,23.44
02/07/2021,Georgia,8,Kwagga Smith,1993-06-11,28.06
02/07/2021,Georgia,6,Siya Kolisi,1991-06-16,30.05
02/07/2021,Georgia,2,Mbongeni Mbonambi,1991-01-07,30.48
02/07/2021,Georgia,14,Rosko Specman,1989-04-28,32.18
02/07/2021,Georgia,4,Eben Etzebeth,1991-10-29,29.68
02/07/2021,Georgia,5,Franco Mostert,1990-11-27,30.6
02/07/2021,Georgia,3,Trevor Nyakane,1989-05-04,32.16
02/07/2021,Georgia,9,Cobus Reinach,1990-02-07,31.4
02/07/2021,Georgia,16,Malcolm Marx,1994-07-13,26.97
02/07/2021,Georgia,7,Pieter-Steph Du Toit,1992-08-20,28.87
02/07/2021,Georgia,15,Willie Le Roux,1989-08-18,31.87
02/07/2021,Georgia,19,Marvin Orie,1993-02-15,28.38
02/07/2021,Georgia,17,Steven Kitshoff,1992-02-10,29.39
24/07/2021,British & Irish Lions,22,Elton Jantjies,1990-08-01,30.98
24/07/2021,British & Irish Lions,20,Rynhardt Elstadt,1989-12-20,31.59
24/07/2021,British & Irish Lions,23,Damian Willemse,1998-05-07,23.21
24/07/2021,British & Irish Lions,10,Handre Pollard,1994-03-11,27.37
24/07/2021,British & Irish Lions,18,Frans Malherbe,1991-03-14,30.36
24/07/2021,British & Irish Lions,21,Herschel Jantjies,1996-04-22,25.25
24/07/2021,British & Irish Lions,1,Ox Nche,1995-07-23,26.0
24/07/2021,British & Irish Lions,12,Damian de Allende,1991-11-25,29.66
24/07/2021,British & Irish Lions,14,Cheslin Kolbe,1993-10-28,27.74
24/07/2021,British & Irish Lions,11,Makazole Mapimpi,1990-07-26,31.0
24/07/2021,British & Irish Lions,8,Kwagga Smith,1993-06-11,28.12
24/07/2021,British & Irish Lions,6,Siya Kolisi,1991-06-16,30.11
24/07/2021,British & Irish Lions,2,Mbongeni Mbonambi,1991-01-07,30.54
24/07/2021,British & Irish Lions,9,Faf de Klerk,1991-10-19,29.76
24/07/2021,British & Irish Lions,4,Eben Etzebeth,1991-10-29,29.74
24/07/2021,British & Irish Lions,5,Franco Mostert,1990-11-27,30.66
24/07/2021,British & Irish Lions,3,Trevor Nyakane,1989-05-04,32.22
24/07/2021,British & Irish Lions,16,Malcolm Marx,1994-07-13,27.03
24/07/2021,British & Irish Lions,7,Pieter-Steph Du Toit,1992-08-20,28.93
24/07/2021,British & Irish Lions,15,Willie Le Roux,1989-08-18,31.93
24/07/2021,British & Irish Lions,19,Lodewyk De Jager,1992-12-17,28.6
24/07/2021,British & Irish Lions,17,Steven Kitshoff,1992-02-10,29.45
24/07/2021,British & Irish Lions,13,Lukhanyo Am,1993-11-28,27.65
31/07/2021,British & Irish Lions,23,Damian Willemse,1998-05-07,23.23
31/07/2021,British & Irish Lions,10,Handre Pollard,1994-03-11,27.39
31/07/2021,British & Irish Lions,3,Frans Malherbe,1991-03-14,30.38
31/07/2021,British & Irish Lions,8,Jasper Wiese,1995-10-21,25.78
31/07/2021,British & Irish Lions,22,Herschel Jantjies,1996-04-22,25.27
31/07/2021,British & Irish Lions,12,Damian de Allende,1991-11-25,29.68
31/07/2021,British & Irish Lions,14,Cheslin Kolbe,1993-10-28,27.76
31/07/2021,British & Irish Lions,11,Makazole Mapimpi,1990-07-26,31.02
31/07/2021,British & Irish Lions,21,Kwagga Smith,1993-06-11,28.14
31/07/2021,British & Irish Lions,6,Siya Kolisi,1991-06-16,30.13
31/07/2021,British & Irish Lions,2,Mbongeni Mbonambi,1991-01-07,30.56
31/07/2021,British & Irish Lions,9,Faf de Klerk,1991-10-19,29.78
31/07/2021,British & Irish Lions,4,Eben Etzebeth,1991-10-29,29.76
31/07/2021,British & Irish Lions,5,Franco Mostert,1990-11-27,30.68
31/07/2021,British & Irish Lions,17,Trevor Nyakane,1989-05-04,32.24
31/07/2021,British & Irish Lions,20,Marco van Staden,1995-08-25,25.93
31/07/2021,British & Irish Lions,16,Malcolm Marx,1994-07-13,27.05
31/07/2021,British & Irish Lions,7,Pieter-Steph Du Toit,1992-08-20,28.95
31/07/2021,British & Irish Lions,18,Vincent Koch,1990-03-13,31.38
31/07/2021,British & Irish Lions,15,Willie Le Roux,1989-08-18,31.95
31/07/2021,British & Irish Lions,19,Lodewyk De Jager,1992-12-17,28.62
31/07/2021,British & Irish Lions,1,Steven Kitshoff,1992-02-10,29.47
31/07/2021,British & Irish Lions,13,Lukhanyo Am,1993-11-28,27.67
07/08/2021,British & Irish Lions,22,Morne Steyn,1984-07-11,37.07
07/08/2021,British & Irish Lions,23,Damian Willemse,1998-05-07,23.25
07/08/2021,British & Irish Lions,10,Handre Pollard,1994-03-11,27.41
07/08/2021,British & Irish Lions,3,Frans Malherbe,1991-03-14,30.4
07/08/2021,British & Irish Lions,8,Jasper Wiese,1995-10-21,25.8
07/08/2021,British & Irish Lions,21,Herschel Jantjies,1996-04-22,25.29
07/08/2021,British & Irish Lions,12,Damian de Allende,1991-11-25,29.7
07/08/2021,British & Irish Lions,14,Cheslin Kolbe,1993-10-28,27.78
07/08/2021,British & Irish Lions,11,Makazole Mapimpi,1990-07-26,31.03
07/08/2021,British & Irish Lions,20,Kwagga Smith,1993-06-11,28.16
07/08/2021,British & Irish Lions,6,Siya Kolisi,1991-06-16,30.14
07/08/2021,British & Irish Lions,2,Mbongeni Mbonambi,1991-01-07,30.58
07/08/2021,British & Irish Lions,4,Eben Etzebeth,1991-10-29,29.77
07/08/2021,British & Irish Lions,7,Franco Mostert,1990-11-27,30.69
07/08/2021,British & Irish Lions,17,Trevor Nyakane,1989-05-04,32.26
07/08/2021,British & Irish Lions,19,Marco van Staden,1995-08-25,25.95
07/08/2021,British & Irish Lions,9,Cobus Reinach,1990-02-07,31.5
07/08/2021,British & Irish Lions,16,Malcolm Marx,1994-07-13,27.07
07/08/2021,British & Irish Lions,18,Vincent Koch,1990-03-13,31.4
07/08/2021,British & Irish Lions,15,Willie Le Roux,1989-08-18,31.97
07/08/2021,British & Irish Lions,5,Lodewyk De Jager,1992-12-17,28.64
07/08/2021,British & Irish Lions,1,Steven Kitshoff,1992-02-10,29.49
07/08/2021,British & Irish Lions,13,Lukhanyo Am,1993-11-28,27.69
14/08/2021,Argentina,10,Elton Jantjies,1990-08-01,31.04
14/08/2021,Argentina,23,Morne Steyn,1984-07-11,37.09
14/08/2021,Argentina,15,Damian Willemse,1998-05-07,23.27
14/08/2021,Argentina,13,Jesse Kriel,1994-02-15,27.49
14/08/2021,Argentina,8,Jasper Wiese,1995-10-21,25.82
14/08/2021,Argentina,1,Ox Nche,1995-07-23,26.06
14/08/2021,Argentina,12,Frans Steyn,1987-05-14,34.25
14/08/2021,Argentina,11,Aphelele Fassi,1998-01-23,23.56
14/08/2021,Argentina,7,Kwagga Smith,1993-06-11,28.18
14/08/2021,Argentina,2,Joseph Dweba,1995-10-25,25.8
14/08/2021,Argentina,6,Siya Kolisi,1991-06-16,30.16
14/08/2021,Argentina,14,S'Busiso Nkosi,1996-01-21,25.56
14/08/2021,Argentina,21,Dan Du Preez,1995-08-05,26.03
14/08/2021,Argentina,4,Eben Etzebeth,1991-10-29,29.79
14/08/2021,Argentina,17,Trevor Nyakane,1989-05-04,32.28
14/08/2021,Argentina,20,Marco van Staden,1995-08-25,25.97
14/08/2021,Argentina,25,Jaden Hendrikse,2000-03-23,21.39
14/08/2021,Argentina,9,Cobus Reinach,1990-02-07,31.52
14/08/2021,Argentina,16,Malcolm Marx,1994-07-13,27.09
14/08/2021,Argentina,3,Wilco Louw,1994-07-20,27.07
14/08/2021,Argentina,18,Vincent Koch,1990-03-13,31.42
14/08/2021,Argentina,19,Marvin Orie,1993-02-15,28.49
14/08/2021,Argentina,5,Lodewyk De Jager,1992-12-17,28.66
21/08/2021,Argentina,23,Damian Willemse,1998-05-07,23.29
21/08/2021,Argentina,10,Handre Pollard,1994-03-11,27.45
21/08/2021,Argentina,18,Frans Malherbe,1991-03-14,30.44
21/08/2021,Argentina,8,Jasper Wiese,1995-10-21,25.83
21/08/2021,Argentina,12,Damian de Allende,1991-11-25,29.74
21/08/2021,Argentina,14,Cheslin Kolbe,1993-10-28,27.81
21/08/2021,Argentina,11,Makazole Mapimpi,1990-07-26,31.07
21/08/2021,Argentina,20,Kwagga Smith,1993-06-11,28.19
21/08/2021,Argentina,6,Siya Kolisi,1991-06-16,30.18
21/08/2021,Argentina,16,Mbongeni Mbonambi,1991-01-07,30.62
21/08/2021,Argentina,21,Dan Du Preez,1995-08-05,26.05
21/08/2021,Argentina,7,Franco Mostert,1990-11-27,30.73
21/08/2021,Argentina,1,Trevor Nyakane,1989-05-04,32.3
21/08/2021,Argentina,22,Jaden Hendrikse,2000-03-23,21.41
21/08/2021,Argentina,9,Cobus Reinach,1990-02-07,31.54
21/08/2021,Argentina,2,Malcolm Marx,1994-07-13,27.11
21/08/2021,Argentina,15,Willie Le Roux,1989-08-18,32.01
21/08/2021,Argentina,4,Marvin Orie,1993-02-15,28.51
21/08/2021,Argentina,5,Lodewyk De Jager,1992-12-17,28.68
21/08/2021,Argentina,3,Thomas Du Toit,1995-05-05,26.3
21/08/2021,Argentina,17,Steven Kitshoff,1992-02-10,29.53
21/08/2021,Argentina,13,Lukhanyo Am,1993-11-28,27.73
21/08/2021,Argentina,19,Nico Janse van Rensburg,1994-05-06,27.29
12/09/2021,Australia,23,Damian Willemse,1998-05-07,23.35
12/09/2021,Australia,10,Handre Pollard,1994-03-11,27.51
12/09/2021,Australia,3,Frans Malherbe,1991-03-14,30.5
12/09/2021,Australia,21,Jasper Wiese,1995-10-21,25.9
12/09/2021,Australia,22,Herschel Jantjies,1996-04-22,25.39
12/09/2021,Australia,17,Ox Nche,1995-07-23,26.14
12/09/2021,Australia,12,Damian de Allende,1991-11-25,29.8
12/09/2021,Australia,11,Makazole Mapimpi,1990-07-26,31.13
12/09/2021,Australia,20,Kwagga Smith,1993-06-11,28.26
12/09/2021,Australia,6,Siya Kolisi,1991-06-16,30.24
12/09/2021,Australia,2,Mbongeni Mbonambi,1991-01-07,30.68
12/09/2021,Australia,9,Faf de Klerk,1991-10-19,29.9
12/09/2021,Australia,14,S'Busiso Nkosi,1996-01-21,25.64
12/09/2021,Australia,4,Eben Etzebeth,1991-10-29,29.87
12/09/2021,Australia,7,Franco Mostert,1990-11-27,30.79
12/09/2021,Australia,19,Marco van Staden,1995-08-25,26.05
12/09/2021,Australia,8,Duane Vermeulen,1986-07-03,35.2
12/09/2021,Australia,16,Malcolm Marx,1994-07-13,27.17
12/09/2021,Australia,18,Vincent Koch,1990-03-13,31.5
12/09/2021,Australia,15,Willie Le Roux,1989-08-18,32.07
12/09/2021,Australia,5,Lodewyk De Jager,1992-12-17,28.74
12/09/2021,Australia,1,Steven Kitshoff,1992-02-10,29.59
12/09/2021,Australia,13,Lukhanyo Am,1993-11-28,27.79
18/09/2021,Australia,23,Damian Willemse,1998-05-07,23.37
18/09/2021,Australia,10,Handre Pollard,1994-03-11,27.52
18/09/2021,Australia,3,Frans Malherbe,1991-03-14,30.52
18/09/2021,Australia,21,Jasper Wiese,1995-10-21,25.91
18/09/2021,Australia,22,Herschel Jantjies,1996-04-22,25.41
18/09/2021,Australia,12,Damian de Allende,1991-11-25,29.82
18/09/2021,Australia,11,Makazole Mapimpi,1990-07-26,31.15
18/09/2021,Australia,20,Kwagga Smith,1993-06-11,28.27
18/09/2021,Australia,6,Siya Kolisi,1991-06-16,30.26
18/09/2021,Australia,2,Mbongeni Mbonambi,1991-01-07,30.7
18/09/2021,Australia,9,Faf de Klerk,1991-10-19,29.92
18/09/2021,Australia,14,S'Busiso Nkosi,1996-01-21,25.66
18/09/2021,Australia,4,Eben Etzebeth,1991-10-29,29.89
18/09/2021,Australia,7,Franco Mostert,1990-11-27,30.81
18/09/2021,Australia,1,Trevor Nyakane,1989-05-04,32.38
18/09/2021,Australia,19,Marco van Staden,1995-08-25,26.07
18/09/2021,Australia,8,Duane Vermeulen,1986-07-03,35.21
18/09/2021,Australia,16,Malcolm Marx,1994-07-13,27.18
18/09/2021,Australia,18,Vincent Koch,1990-03-13,31.52
18/09/2021,Australia,15,Willie Le Roux,1989-08-18,32.09
18/09/2021,Australia,5,Marvin Orie,1993-02-15,28.59
18/09/2021,Australia,17,Steven Kitshoff,1992-02-10,29.6
18/09/2021,Australia,13,Lukhanyo Am,1993-11-28,27.81
25/09/2021,New Zealand,22,Elton Jantjies,1990-08-01,31.15
25/09/2021,New Zealand,10,Handre Pollard,1994-03-11,27.54
25/09/2021,New Zealand,3,Frans Malherbe,1991-03-14,30.54
25/09/2021,New Zealand,21,Herschel Jantjies,1996-04-22,25.43
25/09/2021,New Zealand,12,Damian de Allende,1991-11-25,29.83
25/09/2021,New Zealand,23,Frans Steyn,1987-05-14,34.37
25/09/2021,New Zealand,11,Makazole Mapimpi,1990-07-26,31.17
25/09/2021,New Zealand,7,Kwagga Smith,1993-06-11,28.29
25/09/2021,New Zealand,6,Siya Kolisi,1991-06-16,30.28
25/09/2021,New Zealand,2,Mbongeni Mbonambi,1991-01-07,30.72
25/09/2021,New Zealand,9,Faf de Klerk,1991-10-19,29.94
25/09/2021,New Zealand,14,S'Busiso Nkosi,1996-01-21,25.68
25/09/2021,New Zealand,4,Eben Etzebeth,1991-10-29,29.91
25/09/2021,New Zealand,19,Franco Mostert,1990-11-27,30.83
25/09/2021,New Zealand,1,Trevor Nyakane,1989-05-04,32.39
25/09/2021,New Zealand,20,Marco van Staden,1995-08-25,26.09
25/09/2021,New Zealand,8,Duane Vermeulen,1986-07-03,35.23
25/09/2021,New Zealand,16,Malcolm Marx,1994-07-13,27.2
25/09/2021,New Zealand,18,Vincent Koch,1990-03-13,31.54
25/09/2021,New Zealand,15,Willie Le Roux,1989-08-18,32.1
25/09/2021,New Zealand,5,Lodewyk De Jager,1992-12-17,28.77
25/09/2021,New Zealand,17,Steven Kitshoff,1992-02-10,29.62
25/09/2021,New Zealand,13,Lukhanyo Am,1993-11-28,27.83
02/10/2021,New Zealand,22,Elton Jantjies,1990-08-01,31.17
02/10/2021,New Zealand,10,Handre Pollard,1994-03-11,27.56
02/10/2021,New Zealand,20,Jasper Wiese,1995-10-21,25.95
02/10/2021,New Zealand,21,Herschel Jantjies,1996-04-22,25.45
02/10/2021,New Zealand,1,Ox Nche,1995-07-23,26.2
02/10/2021,New Zealand,12,Damian de Allende,1991-11-25,29.85
02/10/2021,New Zealand,23,Frans Steyn,1987-05-14,34.39
02/10/2021,New Zealand,11,Makazole Mapimpi,1990-07-26,31.19
02/10/2021,New Zealand,7,Kwagga Smith,1993-06-11,28.31
02/10/2021,New Zealand,6,Siya Kolisi,1991-06-16,30.3
02/10/2021,New Zealand,2,Mbongeni Mbonambi,1991-01-07,30.74
02/10/2021,New Zealand,9,Faf de Klerk,1991-10-19,29.96
02/10/2021,New Zealand,14,S'Busiso Nkosi,1996-01-21,25.7
02/10/2021,New Zealand,4,Eben Etzebeth,1991-10-29,29.93
02/10/2021,New Zealand,19,Franco Mostert,1990-11-27,30.85
02/10/2021,New Zealand,3,Trevor Nyakane,1989-05-04,32.41
02/10/2021,New Zealand,8,Duane Vermeulen,1986-07-03,35.25
02/10/2021,New Zealand,16,Malcolm Marx,1994-07-13,27.22
02/10/2021,New Zealand,18,Vincent Koch,1990-03-13,31.56
02/10/2021,New Zealand,15,Willie Le Roux,1989-08-18,32.12
02/10/2021,New Zealand,5,Lodewyk De Jager,1992-12-17,28.79
02/10/2021,New Zealand,17,Steven Kitshoff,1992-02-10,29.64
02/10/2021,New Zealand,13,Lukhanyo Am,1993-11-28,27.84
06/11/2021,Wales,22,Elton Jantjies,1990-08-01,31.27
06/11/2021,Wales,15,Damian Willemse,1998-05-07,23.5
06/11/2021,Wales,10,Handre Pollard,1994-03-11,27.66
06/11/2021,Wales,14,Jesse Kriel,1994-02-15,27.72
06/11/2021,Wales,20,Jasper Wiese,1995-10-21,26.05
06/11/2021,Wales,9,Herschel Jantjies,1996-04-22,25.54
06/11/2021,Wales,1,Ox Nche,1995-07-23,26.29
06/11/2021,Wales,12,Damian de Allende,1991-11-25,29.95
06/11/2021,Wales,23,Frans Steyn,1987-05-14,34.48
06/11/2021,Wales,11,Makazole Mapimpi,1990-07-26,31.28
06/11/2021,Wales,7,Kwagga Smith,1993-06-11,28.41
06/11/2021,Wales,6,Siya Kolisi,1991-06-16,30.39
06/11/2021,Wales,2,Mbongeni Mbonambi,1991-01-07,30.83
06/11/2021,Wales,4,Eben Etzebeth,1991-10-29,30.02
06/11/2021,Wales,19,Franco Mostert,1990-11-27,30.94
06/11/2021,Wales,3,Trevor Nyakane,1989-05-04,32.51
06/11/2021,Wales,8,Duane Vermeulen,1986-07-03,35.35
06/11/2021,Wales,21,Cobus Reinach,1990-02-07,31.75
06/11/2021,Wales,16,Malcolm Marx,1994-07-13,27.32
06/11/2021,Wales,18,Vincent Koch,1990-03-13,31.65
06/11/2021,Wales,5,Lodewyk De Jager,1992-12-17,28.89
06/11/2021,Wales,17,Steven Kitshoff,1992-02-10,29.74
06/11/2021,Wales,13,Lukhanyo Am,1993-11-28,27.94
13/11/2021,Scotland,10,Elton Jantjies,1990-08-01,31.29
13/11/2021,Scotland,22,Handre Pollard,1994-03-11,27.68
13/11/2021,Scotland,14,Jesse Kriel,1994-02-15,27.74
13/11/2021,Scotland,20,Jasper Wiese,1995-10-21,26.06
13/11/2021,Scotland,9,Herschel Jantjies,1996-04-22,25.56
13/11/2021,Scotland,1,Ox Nche,1995-07-23,26.31
13/11/2021,Scotland,12,Damian de Allende,1991-11-25,29.97
13/11/2021,Scotland,23,Frans Steyn,1987-05-14,34.5
13/11/2021,Scotland,11,Makazole Mapimpi,1990-07-26,31.3
13/11/2021,Scotland,7,Kwagga Smith,1993-06-11,28.42
13/11/2021,Scotland,6,Siya Kolisi,1991-06-16,30.41
13/11/2021,Scotland,2,Mbongeni Mbonambi,1991-01-07,30.85
13/11/2021,Scotland,4,Eben Etzebeth,1991-10-29,30.04
13/11/2021,Scotland,5,Franco Mostert,1990-11-27,30.96
13/11/2021,Scotland,3,Trevor Nyakane,1989-05-04,32.53
13/11/2021,Scotland,8,Duane Vermeulen,1986-07-03,35.37
13/11/2021,Scotland,21,Cobus Reinach,1990-02-07,31.77
13/11/2021,Scotland,16,Malcolm Marx,1994-07-13,27.34
13/11/2021,Scotland,18,Vincent Koch,1990-03-13,31.67
13/11/2021,Scotland,15,Willie Le Roux,1989-08-18,32.24
13/11/2021,Scotland,19,Lodewyk De Jager,1992-12-17,28.91
13/11/2021,Scotland,17,Steven Kitshoff,1992-02-10,29.76
13/11/2021,Scotland,13,Lukhanyo Am,1993-11-28,27.96
20/11/2021,England,22,Elton Jantjies,1990-08-01,31.31
20/11/2021,England,10,Handre Pollard,1994-03-11,27.7
20/11/2021,England,14,Jesse Kriel,1994-02-15,27.76
20/11/2021,England,20,Jasper Wiese,1995-10-21,26.08
20/11/2021,England,21,Herschel Jantjies,1996-04-22,25.58
20/11/2021,England,1,Ox Nche,1995-07-23,26.33
20/11/2021,England,12,Damian de Allende,1991-11-25,29.99
20/11/2021,England,23,Frans Steyn,1987-05-14,34.52
20/11/2021,England,11,Makazole Mapimpi,1990-07-26,31.32
20/11/2021,England,7,Kwagga Smith,1993-06-11,28.44
20/11/2021,England,6,Siya Kolisi,1991-06-16,30.43
20/11/2021,England,2,Mbongeni Mbonambi,1991-01-07,30.87
20/11/2021,England,4,Eben Etzebeth,1991-10-29,30.06
20/11/2021,England,19,Franco Mostert,1990-11-27,30.98
20/11/2021,England,3,Trevor Nyakane,1989-05-04,32.55
20/11/2021,England,8,Duane Vermeulen,1986-07-03,35.38
20/11/2021,England,9,Cobus Reinach,1990-02-07,31.78
20/11/2021,England,16,Malcolm Marx,1994-07-13,27.36
20/11/2021,England,18,Vincent Koch,1990-03-13,31.69
20/11/2021,England,15,Willie Le Roux,1989-08-18,32.26
20/11/2021,England,5,Lodewyk De Jager,1992-12-17,28.93
20/11/2021,England,17,Steven Kitshoff,1992-02-10,29.78
20/11/2021,England,13,Lukhanyo Am,1993-11-28,27.98
02/07/2022,Wales,10,Elton Jantjies,1990-08-01,31.92
02/07/2022,Wales,15,Damian Willemse,1998-05-07,24.15
02/07/2022,Wales,3,Frans Malherbe,1991-03-14,31.3
02/07/2022,Wales,8,Jasper Wiese,1995-10-21,26.7
02/07/2022,Wales,22,Herschel Jantjies,1996-04-22,26.19
02/07/2022,Wales,1,Ox Nche,1995-07-23,26.94
02/07/2022,Wales,12,Damian de Allende,1991-11-25,30.6
02/07/2022,Wales,14,Cheslin Kolbe,1993-10-28,28.68
02/07/2022,Wales,19,Salmaan Moerat,1998-03-06,24.32
02/07/2022,Wales,11,Makazole Mapimpi,1990-07-26,31.93
02/07/2022,Wales,21,Kwagga Smith,1993-06-11,29.06
02/07/2022,Wales,6,Siya Kolisi,1991-06-16,31.05
02/07/2022,Wales,2,Mbongeni Mbonambi,1991-01-07,31.48
02/07/2022,Wales,9,Faf de Klerk,1991-10-19,30.7
02/07/2022,Wales,20,Elrigh Louw,1999-09-20,22.78
02/07/2022,Wales,4,Eben Etzebeth,1991-10-29,30.68
02/07/2022,Wales,7,Franco Mostert,1990-11-27,31.6
02/07/2022,Wales,16,Malcolm Marx,1994-07-13,27.97
02/07/2022,Wales,18,Vincent Koch,1990-03-13,32.3
02/07/2022,Wales,23,Willie Le Roux,1989-08-18,32.87
02/07/2022,Wales,5,Lodewyk De Jager,1992-12-17,29.54
02/07/2022,Wales,17,Steven Kitshoff,1992-02-10,30.39
02/07/2022,Wales,13,Lukhanyo Am,1993-11-28,28.59
09/07/2022,Wales,20,Rynhardt Elstadt,1989-12-20,32.55
09/07/2022,Wales,12,Andre Esterhuizen,1994-03-30,28.28
09/07/2022,Wales,23,Damian Willemse,1998-05-07,24.17
09/07/2022,Wales,10,Handre Pollard,1994-03-11,28.33
09/07/2022,Wales,13,Jesse Kriel,1994-02-15,28.39
09/07/2022,Wales,21,Deon Fourie,1986-09-25,35.79
09/07/2022,Wales,11,Aphelele Fassi,1998-01-23,24.46
09/07/2022,Wales,2,Joseph Dweba,1995-10-25,26.71
09/07/2022,Wales,4,Eben Etzebeth,1991-10-29,30.69
09/07/2022,Wales,17,Ntuthuko Mchunu,1999-04-05,23.26
09/07/2022,Wales,14,Kurt-Lee Arendse,1996-06-17,26.06
09/07/2022,Wales,6,Marcell Coetzee,1991-05-08,31.17
09/07/2022,Wales,3,Trevor Nyakane,1989-05-04,33.18
09/07/2022,Wales,9,Jaden Hendrikse,2000-03-23,22.29
09/07/2022,Wales,8,Evan Roos,2000-01-20,22.47
09/07/2022,Wales,16,Malcolm Marx,1994-07-13,27.99
09/07/2022,Wales,22,Grant Williams,1996-07-22,25.96
09/07/2022,Wales,15,Warrick Gelant,1995-05-20,27.14
09/07/2022,Wales,7,Pieter-Steph Du Toit,1992-08-20,29.88
09/07/2022,Wales,18,Vincent Koch,1990-03-13,32.32
09/07/2022,Wales,19,Ruan Nortje,1998-07-25,23.96
09/07/2022,Wales,5,Marvin Orie,1993-02-15,29.39
09/07/2022,Wales,1,Thomas Du Toit,1995-05-05,27.18
16/07/2022,Wales,15,Damian Willemse,1998-05-07,24.19
16/07/2022,Wales,10,Handre Pollard,1994-03-11,28.35
16/07/2022,Wales,3,Frans Malherbe,1991-03-14,31.34
16/07/2022,Wales,8,Jasper Wiese,1995-10-21,26.74
16/07/2022,Wales,12,Damian de Allende,1991-11-25,30.64
16/07/2022,Wales,14,Cheslin Kolbe,1993-10-28,28.72
16/07/2022,Wales,11,Makazole Mapimpi,1990-07-26,31.97
16/07/2022,Wales,20,Kwagga Smith,1993-06-11,29.1
16/07/2022,Wales,6,Siya Kolisi,1991-06-16,31.08
16/07/2022,Wales,2,Mbongeni Mbonambi,1991-01-07,31.52
16/07/2022,Wales,22,Faf de Klerk,1991-10-19,30.74
16/07/2022,Wales,21,Elrigh Louw,1999-09-20,22.82
16/07/2022,Wales,4,Eben Etzebeth,1991-10-29,30.71
16/07/2022,Wales,19,Franco Mostert,1990-11-27,31.63
16/07/2022,Wales,1,Trevor Nyakane,1989-05-04,33.2
16/07/2022,Wales,9,Jaden Hendrikse,2000-03-23,22.31
16/07/2022,Wales,16,Malcolm Marx,1994-07-13,28.01
16/07/2022,Wales,7,Pieter-Steph Du Toit,1992-08-20,29.9
16/07/2022,Wales,18,Vincent Koch,1990-03-13,32.34
16/07/2022,Wales,23,Willie Le Roux,1989-08-18,32.91
16/07/2022,Wales,5,Lodewyk De Jager,1992-12-17,29.58
16/07/2022,Wales,17,Steven Kitshoff,1992-02-10,30.43
16/07/2022,Wales,13,Lukhanyo Am,1993-11-28,28.63
06/08/2022,New Zealand,15,Damian Willemse,1998-05-07,24.25
06/08/2022,New Zealand,10,Handre Pollard,1994-03-11,28.41
06/08/2022,New Zealand,3,Frans Malherbe,1991-03-14,31.4
06/08/2022,New Zealand,8,Jasper Wiese,1995-10-21,26.79
06/08/2022,New Zealand,12,Damian de Allende,1991-11-25,30.7
06/08/2022,New Zealand,19,Salmaan Moerat,1998-03-06,24.42
06/08/2022,New Zealand,11,Makazole Mapimpi,1990-07-26,32.03
06/08/2022,New Zealand,21,Kwagga Smith,1993-06-11,29.15
06/08/2022,New Zealand,6,Siya Kolisi,1991-06-16,31.14
06/08/2022,New Zealand,16,Mbongeni Mbonambi,1991-01-07,31.58
06/08/2022,New Zealand,9,Faf de Klerk,1991-10-19,30.8
06/08/2022,New Zealand,4,Eben Etzebeth,1991-10-29,30.77
06/08/2022,New Zealand,14,Kurt-Lee Arendse,1996-06-17,26.14
06/08/2022,New Zealand,20,Franco Mostert,1990-11-27,31.69
06/08/2022,New Zealand,1,Trevor Nyakane,1989-05-04,33.26
06/08/2022,New Zealand,22,Jaden Hendrikse,2000-03-23,22.37
06/08/2022,New Zealand,2,Malcolm Marx,1994-07-13,28.07
06/08/2022,New Zealand,7,Pieter-Steph Du Toit,1992-08-20,29.96
06/08/2022,New Zealand,18,Vincent Koch,1990-03-13,32.4
06/08/2022,New Zealand,23,Willie Le Roux,1989-08-18,32.97
06/08/2022,New Zealand,5,Lodewyk De Jager,1992-12-17,29.64
06/08/2022,New Zealand,17,Steven Kitshoff,1992-02-10,30.49
06/08/2022,New Zealand,13,Lukhanyo Am,1993-11-28,28.69
13/08/2022,New Zealand,15,Damian Willemse,1998-05-07,24.27
13/08/2022,New Zealand,10,Handre Pollard,1994-03-11,28.42
13/08/2022,New Zealand,3,Frans Malherbe,1991-03-14,31.42
13/08/2022,New Zealand,14,Jesse Kriel,1994-02-15,28.49
13/08/2022,New Zealand,20,Jasper Wiese,1995-10-21,26.81
13/08/2022,New Zealand,22,Herschel Jantjies,1996-04-22,26.31
13/08/2022,New Zealand,1,Ox Nche,1995-07-23,27.06
13/08/2022,New Zealand,12,Damian de Allende,1991-11-25,30.72
13/08/2022,New Zealand,11,Makazole Mapimpi,1990-07-26,32.05
13/08/2022,New Zealand,21,Kwagga Smith,1993-06-11,29.17
13/08/2022,New Zealand,2,Joseph Dweba,1995-10-25,26.8
13/08/2022,New Zealand,6,Siya Kolisi,1991-06-16,31.16
13/08/2022,New Zealand,4,Eben Etzebeth,1991-10-29,30.79
13/08/2022,New Zealand,19,Franco Mostert,1990-11-27,31.71
13/08/2022,New Zealand,9,Jaden Hendrikse,2000-03-23,22.39
13/08/2022,New Zealand,8,Duane Vermeulen,1986-07-03,36.11
13/08/2022,New Zealand,16,Malcolm Marx,1994-07-13,28.09
13/08/2022,New Zealand,7,Pieter-Steph Du Toit,1992-08-20,29.98
13/08/2022,New Zealand,18,Vincent Koch,1990-03-13,32.42
13/08/2022,New Zealand,23,Willie Le Roux,1989-08-18,32.99
13/08/2022,New Zealand,5,Lodewyk De Jager,1992-12-17,29.65
13/08/2022,New Zealand,17,Steven Kitshoff,1992-02-10,30.51
13/08/2022,New Zealand,13,Lukhanyo Am,1993-11-28,28.71
27/08/2022,Australia,22,Elton Jantjies,1990-08-01,32.07
27/08/2022,Australia,15,Damian Willemse,1998-05-07,24.31
27/08/2022,Australia,10,Handre Pollard,1994-03-11,28.46
27/08/2022,Australia,3,Frans Malherbe,1991-03-14,31.46
27/08/2022,Australia,1,Ox Nche,1995-07-23,27.1
27/08/2022,Australia,12,Damian de Allende,1991-11-25,30.75
27/08/2022,Australia,23,Frans Steyn,1987-05-14,35.29
27/08/2022,Australia,11,Makazole Mapimpi,1990-07-26,32.09
27/08/2022,Australia,20,Kwagga Smith,1993-06-11,29.21
27/08/2022,Australia,2,Joseph Dweba,1995-10-25,26.84
27/08/2022,Australia,6,Siya Kolisi,1991-06-16,31.2
27/08/2022,Australia,9,Faf de Klerk,1991-10-19,30.86
27/08/2022,Australia,4,Eben Etzebeth,1991-10-29,30.83
27/08/2022,Australia,19,Franco Mostert,1990-11-27,31.75
27/08/2022,Australia,21,Jaden Hendrikse,2000-03-23,22.43
27/08/2022,Australia,8,Duane Vermeulen,1986-07-03,36.15
27/08/2022,Australia,16,Malcolm Marx,1994-07-13,28.12
27/08/2022,Australia,14,Warrick Gelant,1995-05-20,27.27
27/08/2022,Australia,7,Pieter-Steph Du Toit,1992-08-20,30.02
27/08/2022,Australia,18,Vincent Koch,1990-03-13,32.46
27/08/2022,Australia,5,Lodewyk De Jager,1992-12-17,29.69
27/08/2022,Australia,17,Steven Kitshoff,1992-02-10,30.54
27/08/2022,Australia,13,Lukhanyo Am,1993-11-28,28.75
03/09/2022,Australia,10,Damian Willemse,1998-05-07,24.33
03/09/2022,Australia,14,Canan Moodie,2002-11-05,19.83
03/09/2022,Australia,3,Frans Malherbe,1991-03-14,31.47
03/09/2022,Australia,13,Jesse Kriel,1994-02-15,28.55
03/09/2022,Australia,8,Jasper Wiese,1995-10-21,26.87
03/09/2022,Australia,16,Deon Fourie,1986-09-25,35.94
03/09/2022,Australia,17,Ox Nche,1995-07-23,27.12
03/09/2022,Australia,12,Damian de Allende,1991-11-25,30.77
03/09/2022,Australia,22,Frans Steyn,1987-05-14,35.31
03/09/2022,Australia,11,Makazole Mapimpi,1990-07-26,32.11
03/09/2022,Australia,19,Kwagga Smith,1993-06-11,29.23
03/09/2022,Australia,6,Siya Kolisi,1991-06-16,31.22
03/09/2022,Australia,4,Eben Etzebeth,1991-10-29,30.85
03/09/2022,Australia,7,Franco Mostert,1990-11-27,31.77
03/09/2022,Australia,18,Trevor Nyakane,1989-05-04,33.33
03/09/2022,Australia,9,Jaden Hendrikse,2000-03-23,22.45
03/09/2022,Australia,20,Duane Vermeulen,1986-07-03,36.17
03/09/2022,Australia,21,Cobus Reinach,1990-02-07,32.57
03/09/2022,Australia,2,Malcolm Marx,1994-07-13,28.14
03/09/2022,Australia,23,Warrick Gelant,1995-05-20,27.29
03/09/2022,Australia,15,Willie Le Roux,1989-08-18,33.04
03/09/2022,Australia,5,Lodewyk De Jager,1992-12-17,29.71
03/09/2022,Australia,1,Steven Kitshoff,1992-02-10,30.56
17/09/2022,Argentina,22,Andre Esterhuizen,1994-03-30,28.47
17/09/2022,Argentina,10,Damian Willemse,1998-05-07,24.36
17/09/2022,Argentina,14,Canan Moodie,2002-11-05,19.87
17/09/2022,Argentina,3,Frans Malherbe,1991-03-14,31.51
17/09/2022,Argentina,13,Jesse Kriel,1994-02-15,28.59
17/09/2022,Argentina,8,Jasper Wiese,1995-10-21,26.91
17/09/2022,Argentina,16,Deon Fourie,1986-09-25,35.98
17/09/2022,Argentina,17,Ox Nche,1995-07-23,27.15
17/09/2022,Argentina,12,Damian de Allende,1991-11-25,30.81
17/09/2022,Argentina,23,Frans Steyn,1987-05-14,35.35
17/09/2022,Argentina,11,Makazole Mapimpi,1990-07-26,32.15
17/09/2022,Argentina,20,Kwagga Smith,1993-06-11,29.27
17/09/2022,Argentina,6,Siya Kolisi,1991-06-16,31.26
17/09/2022,Argentina,21,Faf de Klerk,1991-10-19,30.91
17/09/2022,Argentina,19,Elrigh Louw,1999-09-20,22.99
17/09/2022,Argentina,4,Eben Etzebeth,1991-10-29,30.89
17/09/2022,Argentina,7,Franco Mostert,1990-11-27,31.81
17/09/2022,Argentina,18,Trevor Nyakane,1989-05-04,33.37
17/09/2022,Argentina,9,Jaden Hendrikse,2000-03-23,22.49
17/09/2022,Argentina,2,Malcolm Marx,1994-07-13,28.18
17/09/2022,Argentina,15,Willie Le Roux,1989-08-18,33.08
17/09/2022,Argentina,5,Lodewyk De Jager,1992-12-17,29.75
17/09/2022,Argentina,1,Steven Kitshoff,1992-02-10,30.6
24/09/2022,Argentina,14,Canan Moodie,2002-11-05,19.89
24/09/2022,Argentina,3,Frans Malherbe,1991-03-14,31.53
24/09/2022,Argentina,13,Jesse Kriel,1994-02-15,28.61
24/09/2022,Argentina,8,Jasper Wiese,1995-10-21,26.93
24/09/2022,Argentina,17,Ox Nche,1995-07-23,27.17
24/09/2022,Argentina,12,Damian de Allende,1991-11-25,30.83
24/09/2022,Argentina,10,Frans Steyn,1987-05-14,35.37
24/09/2022,Argentina,11,Makazole Mapimpi,1990-07-26,32.16
24/09/2022,Argentina,21,Kwagga Smith,1993-06-11,29.29
24/09/2022,Argentina,6,Siya Kolisi,1991-06-16,31.28
24/09/2022,Argentina,16,Mbongeni Mbonambi,1991-01-07,31.71
24/09/2022,Argentina,22,Faf de Klerk,1991-10-19,30.93
24/09/2022,Argentina,4,Eben Etzebeth,1991-10-29,30.91
24/09/2022,Argentina,23,Kurt-Lee Arendse,1996-06-17,26.27
24/09/2022,Argentina,19,Franco Mostert,1990-11-27,31.83
24/09/2022,Argentina,9,Jaden Hendrikse,2000-03-23,22.51
24/09/2022,Argentina,20,Duane Vermeulen,1986-07-03,36.23
24/09/2022,Argentina,2,Malcolm Marx,1994-07-13,28.2
24/09/2022,Argentina,7,Pieter-Steph Du Toit,1992-08-20,30.1
24/09/2022,Argentina,18,Vincent Koch,1990-03-13,32.53
24/09/2022,Argentina,15,Willie Le Roux,1989-08-18,33.1
24/09/2022,Argentina,5,Lodewyk De Jager,1992-12-17,29.77
24/09/2022,Argentina,1,Steven Kitshoff,1992-02-10,30.62
05/11/2022,Ireland,10,Damian Willemse,1998-05-07,24.5
05/11/2022,Ireland,3,Frans Malherbe,1991-03-14,31.65
05/11/2022,Ireland,13,Jesse Kriel,1994-02-15,28.72
05/11/2022,Ireland,8,Jasper Wiese,1995-10-21,27.04
05/11/2022,Ireland,20,Deon Fourie,1986-09-25,36.11
05/11/2022,Ireland,17,Ox Nche,1995-07-23,27.29
05/11/2022,Ireland,12,Damian de Allende,1991-11-25,30.95
05/11/2022,Ireland,15,Cheslin Kolbe,1993-10-28,29.02
05/11/2022,Ireland,11,Makazole Mapimpi,1990-07-26,32.28
05/11/2022,Ireland,21,Kwagga Smith,1993-06-11,29.4
05/11/2022,Ireland,6,Siya Kolisi,1991-06-16,31.39
05/11/2022,Ireland,16,Mbongeni Mbonambi,1991-01-07,31.83
05/11/2022,Ireland,22,Faf de Klerk,1991-10-19,31.05
05/11/2022,Ireland,4,Eben Etzebeth,1991-10-29,31.02
05/11/2022,Ireland,14,Kurt-Lee Arendse,1996-06-17,26.39
05/11/2022,Ireland,19,Franco Mostert,1990-11-27,31.94
05/11/2022,Ireland,9,Jaden Hendrikse,2000-03-23,22.62
05/11/2022,Ireland,2,Malcolm Marx,1994-07-13,28.32
05/11/2022,Ireland,7,Pieter-Steph Du Toit,1992-08-20,30.21
05/11/2022,Ireland,18,Vincent Koch,1990-03-13,32.65
05/11/2022,Ireland,23,Willie Le Roux,1989-08-18,33.22
05/11/2022,Ireland,5,Lodewyk De Jager,1992-12-17,29.88
05/11/2022,Ireland,1,Steven Kitshoff,1992-02-10,30.74
12/11/2022,France,10,Damian Willemse,1998-05-07,24.52
12/11/2022,France,3,Frans Malherbe,1991-03-14,31.67
12/11/2022,France,13,Jesse Kriel,1994-02-15,28.74
12/11/2022,France,20,Deon Fourie,1986-09-25,36.13
12/11/2022,France,1,Ox Nche,1995-07-23,27.31
12/11/2022,France,12,Damian de Allende,1991-11-25,30.97
12/11/2022,France,14,Cheslin Kolbe,1993-10-28,29.04
12/11/2022,France,23,Makazole Mapimpi,1990-07-26,32.3
12/11/2022,France,8,Kwagga Smith,1993-06-11,29.42
12/11/2022,France,6,Siya Kolisi,1991-06-16,31.41
12/11/2022,France,2,Mbongeni Mbonambi,1991-01-07,31.85
12/11/2022,France,9,Faf de Klerk,1991-10-19,31.07
12/11/2022,France,4,Eben Etzebeth,1991-10-29,31.04
12/11/2022,France,11,Kurt-Lee Arendse,1996-06-17,26.4
12/11/2022,France,5,Franco Mostert,1990-11-27,31.96
12/11/2022,France,21,Cobus Reinach,1990-02-07,32.76
12/11/2022,France,16,Malcolm Marx,1994-07-13,28.33
12/11/2022,France,7,Pieter-Steph Du Toit,1992-08-20,30.23
12/11/2022,France,18,Vincent Koch,1990-03-13,32.67
12/11/2022,France,15,Willie Le Roux,1989-08-18,33.24
12/11/2022,France,19,Marvin Orie,1993-02-15,29.74
12/11/2022,France,17,Steven Kitshoff,1992-02-10,30.75
12/11/2022,France,22,Manie Libbok,1997-07-15,25.33
19/11/2022,Italy,12,Andre Esterhuizen,1994-03-30,28.64
19/11/2022,Italy,10,Damian Willemse,1998-05-07,24.54
19/11/2022,Italy,3,Frans Malherbe,1991-03-14,31.69
19/11/2022,Italy,8,Jasper Wiese,1995-10-21,27.08
19/11/2022,Italy,1,Ox Nche,1995-07-23,27.33
19/11/2022,Italy,13,Damian de Allende,1991-11-25,30.98
19/11/2022,Italy,14,Cheslin Kolbe,1993-10-28,29.06
19/11/2022,Italy,4,Salmaan Moerat,1998-03-06,24.71
19/11/2022,Italy,20,Kwagga Smith,1993-06-11,29.44
19/11/2022,Italy,6,Siya Kolisi,1991-06-16,31.43
19/11/2022,Italy,2,Mbongeni Mbonambi,1991-01-07,31.87
19/11/2022,Italy,9,Faf de Klerk,1991-10-19,31.09
19/11/2022,Italy,19,Eben Etzebeth,1991-10-29,31.06
19/11/2022,Italy,11,Kurt-Lee Arendse,1996-06-17,26.42
19/11/2022,Italy,7,Franco Mostert,1990-11-27,31.98
19/11/2022,Italy,21,Evan Roos,2000-01-20,22.83
19/11/2022,Italy,22,Cobus Reinach,1990-02-07,32.78
19/11/2022,Italy,16,Malcolm Marx,1994-07-13,28.35
19/11/2022,Italy,18,Vincent Koch,1990-03-13,32.69
19/11/2022,Italy,15,Willie Le Roux,1989-08-18,33.25
19/11/2022,Italy,5,Marvin Orie,1993-02-15,29.76
19/11/2022,Italy,17,Steven Kitshoff,1992-02-10,30.77
19/11/2022,Italy,23,Manie Libbok,1997-07-15,25.35
26/11/2022,England,10,Damian Willemse,1998-05-07,24.56
26/11/2022,England,23,Canan Moodie,2002-11-05,20.06
26/11/2022,England,3,Frans Malherbe,1991-03-14,31.7
26/11/2022,England,13,Jesse Kriel,1994-02-15,28.78
26/11/2022,England,1,Ox Nche,1995-07-23,27.35
26/11/2022,England,12,Damian de Allende,1991-11-25,31.0
26/11/2022,England,11,Makazole Mapimpi,1990-07-26,32.34
26/11/2022,England,20,Kwagga Smith,1993-06-11,29.46
26/11/2022,England,6,Siya Kolisi,1991-06-16,31.45
26/11/2022,England,2,Mbongeni Mbonambi,1991-01-07,31.89
26/11/2022,England,9,Faf de Klerk,1991-10-19,31.11
26/11/2022,England,4,Eben Etzebeth,1991-10-29,31.08
26/11/2022,England,14,Kurt-Lee Arendse,1996-06-17,26.44
26/11/2022,England,7,Franco Mostert,1990-11-27,32.0
26/11/2022,England,19,Marco van Staden,1995-08-25,27.26
26/11/2022,England,21,Jaden Hendrikse,2000-03-23,22.68
26/11/2022,England,8,Evan Roos,2000-01-20,22.85
26/11/2022,England,16,Malcolm Marx,1994-07-13,28.37
26/11/2022,England,15,Willie Le Roux,1989-08-18,33.27
26/11/2022,England,5,Marvin Orie,1993-02-15,29.78
26/11/2022,England,18,Thomas Du Toit,1995-05-05,27.56
26/11/2022,England,17,Steven Kitshoff,1992-02-10,30.79
26/11/2022,England,22,Manie Libbok,1997-07-15,25.37
08/07/2023,Australia,19,RG Snyman,1995-01-29,28.44
08/07/2023,Australia,4,Jean Kleyn,1993-08-26,29.87
08/07/2023,Australia,12,Andre Esterhuizen,1994-03-30,29.27
08/07/2023,Australia,23,Damian Willemse,1998-05-07,25.17
08/07/2023,Australia,14,Canan Moodie,2002-11-05,20.67
08/07/2023,Australia,3,Frans Malherbe,1991-03-14,32.32
08/07/2023,Australia,21,Deon Fourie,1986-09-25,36.78
08/07/2023,Australia,16,Joseph Dweba,1995-10-25,27.7
08/07/2023,Australia,2,Mbongeni Mbonambi,1991-01-07,32.5
08/07/2023,Australia,11,Kurt-Lee Arendse,1996-06-17,27.06
08/07/2023,Australia,6,Marco van Staden,1995-08-25,27.87
08/07/2023,Australia,20,Evan Roos,2000-01-20,23.46
08/07/2023,Australia,8,Duane Vermeulen,1986-07-03,37.01
08/07/2023,Australia,9,Cobus Reinach,1990-02-07,33.41
08/07/2023,Australia,22,Grant Williams,1996-07-22,26.96
08/07/2023,Australia,7,Pieter-Steph Du Toit,1992-08-20,30.88
08/07/2023,Australia,18,Vincent Koch,1990-03-13,33.32
08/07/2023,Australia,15,Willie Le Roux,1989-08-18,33.89
08/07/2023,Australia,5,Marvin Orie,1993-02-15,30.39
08/07/2023,Australia,17,Thomas Du Toit,1995-05-05,28.18
08/07/2023,Australia,1,Steven Kitshoff,1992-02-10,31.41
08/07/2023,Australia,10,Manie Libbok,1997-07-15,25.98
08/07/2023,Australia,13,Lukhanyo Am,1993-11-28,29.61
15/07/2023,New Zealand,19,RG Snyman,1995-01-29,28.46
15/07/2023,New Zealand,10,Damian Willemse,1998-05-07,25.19
15/07/2023,New Zealand,3,Frans Malherbe,1991-03-14,32.34
15/07/2023,New Zealand,8,Jasper Wiese,1995-10-21,27.73
15/07/2023,New Zealand,12,Damian de Allende,1991-11-25,31.64
15/07/2023,New Zealand,14,Cheslin Kolbe,1993-10-28,29.71
15/07/2023,New Zealand,11,Makazole Mapimpi,1990-07-26,32.97
15/07/2023,New Zealand,6,Kwagga Smith,1993-06-11,30.09
15/07/2023,New Zealand,2,Mbongeni Mbonambi,1991-01-07,32.52
15/07/2023,New Zealand,9,Faf de Klerk,1991-10-19,31.74
15/07/2023,New Zealand,4,Eben Etzebeth,1991-10-29,31.71
15/07/2023,New Zealand,7,Franco Mostert,1990-11-27,32.63
15/07/2023,New Zealand,21,Duane Vermeulen,1986-07-03,37.03
15/07/2023,New Zealand,16,Malcolm Marx,1994-07-13,29.01
15/07/2023,New Zealand,22,Grant Williams,1996-07-22,26.98
15/07/2023,New Zealand,20,Pieter-Steph Du Toit,1992-08-20,30.9
15/07/2023,New Zealand,18,Vincent Koch,1990-03-13,33.34
15/07/2023,New Zealand,15,Willie Le Roux,1989-08-18,33.91
15/07/2023,New Zealand,5,Lodewyk De Jager,1992-12-17,30.57
15/07/2023,New Zealand,17,Thomas Du Toit,1995-05-05,28.19
15/07/2023,New Zealand,1,Steven Kitshoff,1992-02-10,31.43
15/07/2023,New Zealand,23,Manie Libbok,1997-07-15,26.0
15/07/2023,New Zealand,13,Lukhanyo Am,1993-11-28,29.63
29/07/2023,Argentina,20,RG Snyman,1995-01-29,28.5
29/07/2023,Argentina,23,Damian Willemse,1998-05-07,25.23
29/07/2023,Argentina,3,Frans Malherbe,1991-03-14,32.38
29/07/2023,Argentina,13,Jesse Kriel,1994-02-15,29.45
29/07/2023,Argentina,12,Damian de Allende,1991-11-25,31.67
29/07/2023,Argentina,14,Cheslin Kolbe,1993-10-28,29.75
29/07/2023,Argentina,19,Kwagga Smith,1993-06-11,30.13
29/07/2023,Argentina,16,Mbongeni Mbonambi,1991-01-07,32.56
29/07/2023,Argentina,21,Faf de Klerk,1991-10-19,31.78
29/07/2023,Argentina,4,Eben Etzebeth,1991-10-29,31.75
29/07/2023,Argentina,11,Kurt-Lee Arendse,1996-06-17,27.11
29/07/2023,Argentina,17,Trevor Nyakane,1989-05-04,34.23
29/07/2023,Argentina,6,Marco van Staden,1995-08-25,27.93
29/07/2023,Argentina,8,Duane Vermeulen,1986-07-03,37.07
29/07/2023,Argentina,2,Malcolm Marx,1994-07-13,29.04
29/07/2023,Argentina,9,Grant Williams,1996-07-22,27.02
29/07/2023,Argentina,7,Pieter-Steph Du Toit,1992-08-20,30.94
29/07/2023,Argentina,18,Vincent Koch,1990-03-13,33.38
29/07/2023,Argentina,15,Willie Le Roux,1989-08-18,33.94
29/07/2023,Argentina,5,Marvin Orie,1993-02-15,30.45
29/07/2023,Argentina,1,Steven Kitshoff,1992-02-10,31.46
29/07/2023,Argentina,10,Manie Libbok,1997-07-15,26.04
29/07/2023,Argentina,22,Lukhanyo Am,1993-11-28,29.67
05/08/2023,Argentina,4,Jean Kleyn,1993-08-26,29.94
05/08/2023,Argentina,12,Andre Esterhuizen,1994-03-30,29.35
05/08/2023,Argentina,15,Damian Willemse,1998-05-07,25.25
05/08/2023,Argentina,14,Canan Moodie,2002-11-05,20.75
05/08/2023,Argentina,22,Jesse Kriel,1994-02-15,29.47
05/08/2023,Argentina,8,Jasper Wiese,1995-10-21,27.79
05/08/2023,Argentina,21,Herschel Jantjies,1996-04-22,27.29
05/08/2023,Argentina,6,Deon Fourie,1986-09-25,36.86
05/08/2023,Argentina,11,Makazole Mapimpi,1990-07-26,33.03
05/08/2023,Argentina,16,Joseph Dweba,1995-10-25,27.78
05/08/2023,Argentina,2,Mbongeni Mbonambi,1991-01-07,32.58
05/08/2023,Argentina,23,Kurt-Lee Arendse,1996-06-17,27.13
05/08/2023,Argentina,7,Franco Mostert,1990-11-27,32.69
05/08/2023,Argentina,1,Trevor Nyakane,1989-05-04,34.25
05/08/2023,Argentina,20,Evan Roos,2000-01-20,23.54
05/08/2023,Argentina,9,Cobus Reinach,1990-02-07,33.49
05/08/2023,Argentina,17,Gerhard Steenekamp,1997-04-09,26.32
05/08/2023,Argentina,18,Vincent Koch,1990-03-13,33.4
05/08/2023,Argentina,5,Marvin Orie,1993-02-15,30.47
05/08/2023,Argentina,3,Thomas Du Toit,1995-05-05,28.25
05/08/2023,Argentina,10,Manie Libbok,1997-07-15,26.06
05/08/2023,Argentina,13,Lukhanyo Am,1993-11-28,29.68
05/08/2023,Argentina,19,Jean-Luc Du Preez,1995-08-05,28.0
19/08/2023,Wales,5,RG Snyman,1995-01-29,28.55
19/08/2023,Wales,4,Jean Kleyn,1993-08-26,29.98
19/08/2023,Wales,23,Damian Willemse,1998-05-07,25.28
19/08/2023,Wales,14,Canan Moodie,2002-11-05,20.79
19/08/2023,Wales,3,Frans Malherbe,1991-03-14,32.43
19/08/2023,Wales,13,Jesse Kriel,1994-02-15,29.51
19/08/2023,Wales,8,Jasper Wiese,1995-10-21,27.83
19/08/2023,Wales,17,Ox Nche,1995-07-23,28.07
19/08/2023,Wales,12,Damian de Allende,1991-11-25,31.73
19/08/2023,Wales,11,Cheslin Kolbe,1993-10-28,29.81
19/08/2023,Wales,6,Siya Kolisi,1991-06-16,32.18
19/08/2023,Wales,16,Mbongeni Mbonambi,1991-01-07,32.61
19/08/2023,Wales,19,Franco Mostert,1990-11-27,32.73
19/08/2023,Wales,20,Marco van Staden,1995-08-25,27.98
19/08/2023,Wales,9,Jaden Hendrikse,2000-03-23,23.41
19/08/2023,Wales,21,Duane Vermeulen,1986-07-03,37.13
19/08/2023,Wales,2,Malcolm Marx,1994-07-13,29.1
19/08/2023,Wales,22,Grant Williams,1996-07-22,27.08
19/08/2023,Wales,7,Pieter-Steph Du Toit,1992-08-20,31.0
19/08/2023,Wales,18,Vincent Koch,1990-03-13,33.44
19/08/2023,Wales,15,Willie Le Roux,1989-08-18,34.0
19/08/2023,Wales,1,Steven Kitshoff,1992-02-10,31.52
19/08/2023,Wales,10,Manie Libbok,1997-07-15,26.09
25/08/2023,New Zealand,20,RG Snyman,1995-01-29,28.57
25/08/2023,New Zealand,19,Jean Kleyn,1993-08-26,30.0
25/08/2023,New Zealand,12,Andre Esterhuizen,1994-03-30,29.41
25/08/2023,New Zealand,15,Damian Willemse,1998-05-07,25.3
25/08/2023,New Zealand,13,Canan Moodie,2002-11-05,20.8
25/08/2023,New Zealand,3,Frans Malherbe,1991-03-14,32.45
25/08/2023,New Zealand,17,Ox Nche,1995-07-23,28.09
25/08/2023,New Zealand,11,Makazole Mapimpi,1990-07-26,33.08
25/08/2023,New Zealand,24,Kwagga Smith,1993-06-11,30.2
25/08/2023,New Zealand,6,Siya Kolisi,1991-06-16,32.19
25/08/2023,New Zealand,16,Mbongeni Mbonambi,1991-01-07,32.63
25/08/2023,New Zealand,9,Faf de Klerk,1991-10-19,31.85
25/08/2023,New Zealand,4,Eben Etzebeth,1991-10-29,31.82
25/08/2023,New Zealand,14,Kurt-Lee Arendse,1996-06-17,27.19
25/08/2023,New Zealand,5,Franco Mostert,1990-11-27,32.74
25/08/2023,New Zealand,18,Trevor Nyakane,1989-05-04,34.31
25/08/2023,New Zealand,21,Marco van Staden,1995-08-25,28.0
25/08/2023,New Zealand,8,Duane Vermeulen,1986-07-03,37.15
25/08/2023,New Zealand,22,Cobus Reinach,1990-02-07,33.54
25/08/2023,New Zealand,2,Malcolm Marx,1994-07-13,29.12
25/08/2023,New Zealand,7,Pieter-Steph Du Toit,1992-08-20,31.01
25/08/2023,New Zealand,1,Steven Kitshoff,1992-02-10,31.54
25/08/2023,New Zealand,10,Manie Libbok,1997-07-15,26.11
10/09/2023,Scotland,19,RG Snyman,1995-01-29,28.61
10/09/2023,Scotland,15,Damian Willemse,1998-05-07,25.34
10/09/2023,Scotland,3,Frans Malherbe,1991-03-14,32.49
10/09/2023,Scotland,13,Jesse Kriel,1994-02-15,29.57
10/09/2023,Scotland,8,Jasper Wiese,1995-10-21,27.89
10/09/2023,Scotland,17,Ox Nche,1995-07-23,28.13
10/09/2023,Scotland,12,Damian de Allende,1991-11-25,31.79
10/09/2023,Scotland,11,Cheslin Kolbe,1993-10-28,29.87
10/09/2023,Scotland,6,Siya Kolisi,1991-06-16,32.24
10/09/2023,Scotland,16,Mbongeni Mbonambi,1991-01-07,32.67
10/09/2023,Scotland,9,Faf de Klerk,1991-10-19,31.89
10/09/2023,Scotland,4,Eben Etzebeth,1991-10-29,31.87
10/09/2023,Scotland,14,Kurt-Lee Arendse,1996-06-17,27.23
10/09/2023,Scotland,5,Franco Mostert,1990-11-27,32.79
10/09/2023,Scotland,18,Trevor Nyakane,1989-05-04,34.35
10/09/2023,Scotland,20,Marco van Staden,1995-08-25,28.04
10/09/2023,Scotland,21,Duane Vermeulen,1986-07-03,37.19
10/09/2023,Scotland,2,Malcolm Marx,1994-07-13,29.16
10/09/2023,Scotland,22,Grant Williams,1996-07-22,27.14
10/09/2023,Scotland,7,Pieter-Steph Du Toit,1992-08-20,31.06
10/09/2023,Scotland,23,Willie Le Roux,1989-08-18,34.06
10/09/2023,Scotland,1,Steven Kitshoff,1992-02-10,31.58
10/09/2023,Scotland,10,Manie Libbok,1997-07-15,26.16
17/09/2023,Romania,19,RG Snyman,1995-01-29,28.63
17/09/2023,Romania,4,Jean Kleyn,1993-08-26,30.06
17/09/2023,Romania,12,Andre Esterhuizen,1994-03-30,29.47
17/09/2023,Romania,10,Damian Willemse,1998-05-07,25.36
17/09/2023,Romania,13,Canan Moodie,2002-11-05,20.87
17/09/2023,Romania,28,Frans Malherbe,1991-03-14,32.51
17/09/2023,Romania,23,Jesse Kriel,1994-02-15,29.59
17/09/2023,Romania,20,Jasper Wiese,1995-10-21,27.91
17/09/2023,Romania,16,Deon Fourie,1986-09-25,36.98
17/09/2023,Romania,1,Ox Nche,1995-07-23,28.15
17/09/2023,Romania,11,Makazole Mapimpi,1990-07-26,33.15
17/09/2023,Romania,7,Kwagga Smith,1993-06-11,30.27
17/09/2023,Romania,2,Mbongeni Mbonambi,1991-01-07,32.69
17/09/2023,Romania,22,Faf de Klerk,1991-10-19,31.91
17/09/2023,Romania,18,Trevor Nyakane,1989-05-04,34.37
17/09/2023,Romania,6,Marco van Staden,1995-08-25,28.06
17/09/2023,Romania,21,Jaden Hendrikse,2000-03-23,23.49
17/09/2023,Romania,8,Duane Vermeulen,1986-07-03,37.21
17/09/2023,Romania,9,Cobus Reinach,1990-02-07,33.61
17/09/2023,Romania,14,Grant Williams,1996-07-22,27.15
17/09/2023,Romania,15,Willie Le Roux,1989-08-18,34.08
17/09/2023,Romania,5,Marvin Orie,1993-02-15,30.59
17/09/2023,Romania,17,Steven Kitshoff,1992-02-10,31.6
23/09/2023,Ireland,20,RG Snyman,1995-01-29,28.65
23/09/2023,Ireland,19,Jean Kleyn,1993-08-26,30.08
23/09/2023,Ireland,15,Damian Willemse,1998-05-07,25.38
23/09/2023,Ireland,3,Frans Malherbe,1991-03-14,32.53
23/09/2023,Ireland,13,Jesse Kriel,1994-02-15,29.6
23/09/2023,Ireland,8,Jasper Wiese,1995-10-21,27.92
23/09/2023,Ireland,16,Deon Fourie,1986-09-25,36.99
23/09/2023,Ireland,17,Ox Nche,1995-07-23,28.17
23/09/2023,Ireland,12,Damian de Allende,1991-11-25,31.83
23/09/2023,Ireland,11,Cheslin Kolbe,1993-10-28,29.9
23/09/2023,Ireland,22,Kwagga Smith,1993-06-11,30.28
23/09/2023,Ireland,6,Siya Kolisi,1991-06-16,32.27
23/09/2023,Ireland,2,Mbongeni Mbonambi,1991-01-07,32.71
23/09/2023,Ireland,9,Faf de Klerk,1991-10-19,31.93
23/09/2023,Ireland,4,Eben Etzebeth,1991-10-29,31.9
23/09/2023,Ireland,14,Kurt-Lee Arendse,1996-06-17,27.27
23/09/2023,Ireland,5,Franco Mostert,1990-11-27,32.82
23/09/2023,Ireland,18,Trevor Nyakane,1989-05-04,34.39
23/09/2023,Ireland,21,Marco van Staden,1995-08-25,28.08
23/09/2023,Ireland,23,Cobus Reinach,1990-02-07,33.62
23/09/2023,Ireland,7,Pieter-Steph Du Toit,1992-08-20,31.09
23/09/2023,Ireland,1,Steven Kitshoff,1992-02-10,31.62
23/09/2023,Ireland,10,Manie Libbok,1997-07-15,26.19
01/10/2023,Tonga,12,Andre Esterhuizen,1994-03-30,29.51
01/10/2023,Tonga,13,Canan Moodie,2002-11-05,20.9
01/10/2023,Tonga,10,Handre Pollard,1994-03-11,29.56
01/10/2023,Tonga,23,Jesse Kriel,1994-02-15,29.62
01/10/2023,Tonga,8,Jasper Wiese,1995-10-21,27.95
01/10/2023,Tonga,2,Deon Fourie,1986-09-25,37.02
01/10/2023,Tonga,1,Ox Nche,1995-07-23,28.19
01/10/2023,Tonga,11,Makazole Mapimpi,1990-07-26,33.18
01/10/2023,Tonga,20,Kwagga Smith,1993-06-11,30.31
01/10/2023,Tonga,6,Siya Kolisi,1991-06-16,32.29
01/10/2023,Tonga,4,Eben Etzebeth,1991-10-29,31.92
01/10/2023,Tonga,19,Franco Mostert,1990-11-27,32.84
01/10/2023,Tonga,18,Trevor Nyakane,1989-05-04,34.41
01/10/2023,Tonga,16,Marco van Staden,1995-08-25,28.1
01/10/2023,Tonga,21,Jaden Hendrikse,2000-03-23,23.52
01/10/2023,Tonga,7,Duane Vermeulen,1986-07-03,37.25
01/10/2023,Tonga,9,Cobus Reinach,1990-02-07,33.65
01/10/2023,Tonga,14,Grant Williams,1996-07-22,27.19
01/10/2023,Tonga,3,Vincent Koch,1990-03-13,33.55
01/10/2023,Tonga,15,Willie Le Roux,1989-08-18,34.12
01/10/2023,Tonga,5,Marvin Orie,1993-02-15,30.62
01/10/2023,Tonga,17,Steven Kitshoff,1992-02-10,31.64
01/10/2023,Tonga,22,Manie Libbok,1997-07-15,26.21
15/10/2023,France,19,RG Snyman,1995-01-29,28.71
15/10/2023,France,15,Damian Willemse,1998-05-07,25.44
15/10/2023,France,22,Handre Pollard,1994-03-11,29.6
15/10/2023,France,3,Frans Malherbe,1991-03-14,32.59
15/10/2023,France,13,Jesse Kriel,1994-02-15,29.66
15/10/2023,France,16,Deon Fourie,1986-09-25,37.05
15/10/2023,France,17,Ox Nche,1995-07-23,28.23
15/10/2023,France,12,Damian de Allende,1991-11-25,31.89
15/10/2023,France,11,Cheslin Kolbe,1993-10-28,29.96
15/10/2023,France,20,Kwagga Smith,1993-06-11,30.34
15/10/2023,France,6,Siya Kolisi,1991-06-16,32.33
15/10/2023,France,2,Mbongeni Mbonambi,1991-01-07,32.77
15/10/2023,France,21,Faf de Klerk,1991-10-19,31.99
15/10/2023,France,4,Eben Etzebeth,1991-10-29,31.96
15/10/2023,France,14,Kurt-Lee Arendse,1996-06-17,27.33
15/10/2023,France,5,Franco Mostert,1990-11-27,32.88
15/10/2023,France,8,Duane Vermeulen,1986-07-03,37.28
15/10/2023,France,9,Cobus Reinach,1990-02-07,33.68
15/10/2023,France,7,Pieter-Steph Du Toit,1992-08-20,31.15
15/10/2023,France,18,Vincent Koch,1990-03-13,33.59
15/10/2023,France,23,Willie Le Roux,1989-08-18,34.16
15/10/2023,France,1,Steven Kitshoff,1992-02-10,31.68
15/10/2023,France,10,Manie Libbok,1997-07-15,26.25
21/10/2023,England,19,RG Snyman,1995-01-29,28.73
21/10/2023,England,15,Damian Willemse,1998-05-07,25.46
21/10/2023,England,22,Handre Pollard,1994-03-11,29.61
21/10/2023,England,3,Frans Malherbe,1991-03-14,32.61
21/10/2023,England,13,Jesse Kriel,1994-02-15,29.68
21/10/2023,England,16,Deon Fourie,1986-09-25,37.07
21/10/2023,England,17,Ox Nche,1995-07-23,28.25
21/10/2023,England,12,Damian de Allende,1991-11-25,31.9
21/10/2023,England,11,Cheslin Kolbe,1993-10-28,29.98
21/10/2023,England,20,Kwagga Smith,1993-06-11,30.36
21/10/2023,England,6,Siya Kolisi,1991-06-16,32.35
21/10/2023,England,2,Mbongeni Mbonambi,1991-01-07,32.79
21/10/2023,England,21,Faf de Klerk,1991-10-19,32.01
21/10/2023,England,4,Eben Etzebeth,1991-10-29,31.98
21/10/2023,England,14,Kurt-Lee Arendse,1996-06-17,27.34
21/10/2023,England,5,Franco Mostert,1990-11-27,32.9
21/10/2023,England,8,Duane Vermeulen,1986-07-03,37.3
21/10/2023,England,9,Cobus Reinach,1990-02-07,33.7
21/10/2023,England,7,Pieter-Steph Du Toit,1992-08-20,31.17
21/10/2023,England,18,Vincent Koch,1990-03-13,33.61
21/10/2023,England,23,Willie Le Roux,1989-08-18,34.17
21/10/2023,England,1,Steven Kitshoff,1992-02-10,31.69
21/10/2023,England,10,Manie Libbok,1997-07-15,26.27
28/10/2023,New Zealand,20,RG Snyman,1995-01-29,28.75
28/10/2023,New Zealand,19,Jean Kleyn,1993-08-26,30.17
28/10/2023,New Zealand,15,Damian Willemse,1998-05-07,25.48
28/10/2023,New Zealand,10,Handre Pollard,1994-03-11,29.63
28/10/2023,New Zealand,3,Frans Malherbe,1991-03-14,32.62
28/10/2023,New Zealand,13,Jesse Kriel,1994-02-15,29.7
28/10/2023,New Zealand,22,Jasper Wiese,1995-10-21,28.02
28/10/2023,New Zealand,16,Deon Fourie,1986-09-25,37.09
28/10/2023,New Zealand,17,Ox Nche,1995-07-23,28.27
28/10/2023,New Zealand,12,Damian de Allende,1991-11-25,31.92
28/10/2023,New Zealand,11,Cheslin Kolbe,1993-10-28,30.0
28/10/2023,New Zealand,21,Kwagga Smith,1993-06-11,30.38
28/10/2023,New Zealand,6,Siya Kolisi,1991-06-16,32.37
28/10/2023,New Zealand,2,Mbongeni Mbonambi,1991-01-07,32.81
28/10/2023,New Zealand,9,Faf de Klerk,1991-10-19,32.03
28/10/2023,New Zealand,4,Eben Etzebeth,1991-10-29,32.0
28/10/2023,New Zealand,14,Kurt-Lee Arendse,1996-06-17,27.36
28/10/2023,New Zealand,5,Franco Mostert,1990-11-27,32.92
28/10/2023,New Zealand,18,Trevor Nyakane,1989-05-04,34.48
28/10/2023,New Zealand,8,Duane Vermeulen,1986-07-03,37.32
28/10/2023,New Zealand,7,Pieter-Steph Du Toit,1992-08-20,31.19
28/10/2023,New Zealand,23,Willie Le Roux,1989-08-18,34.19
28/10/2023,New Zealand,1,Steven Kitshoff,1992-02-10,31.71
22/06/2024,Wales,22,Sacha Feinberg-Mngomezulu,2002-02-22,22.33
22/06/2024,Wales,4,Eben Etzebeth,1991-10-29,32.65
22/06/2024,Wales,17,Ntuthuko Mchunu,1999-04-05,25.22
22/06/2024,Wales,5,Franco Mostert,1990-11-27,33.57
22/06/2024,Wales,8,Evan Roos,2000-01-20,24.42
22/06/2024,Wales,14,Edwill Van Der Merwe,1996-04-12,28.19
22/06/2024,Wales,2,Malcolm Marx,1994-07-13,29.94
22/06/2024,Wales,21,Grant Williams,1996-07-22,27.92
22/06/2024,Wales,7,Pieter-Steph Du Toit,1992-08-20,31.84
22/06/2024,Wales,3,Vincent Koch,1990-03-13,34.28
22/06/2024,Wales,10,Jordan Hendrikse,2001-06-28,22.98
22/06/2024,Wales,12,Andre Esterhuizen,1994-03-30,30.23
22/06/2024,Wales,18,Frans Malherbe,1991-03-14,33.28
22/06/2024,Wales,13,Jesse Kriel,1994-02-15,30.35
22/06/2024,Wales,1,Ox Nche,1995-07-23,28.92
22/06/2024,Wales,23,Damian de Allende,1991-11-25,32.58
22/06/2024,Wales,20,Ben-Jason Dixon,1998-04-29,26.15
22/06/2024,Wales,15,Aphelele Fassi,1998-01-23,26.41
22/06/2024,Wales,19,Salmaan Moerat,1998-03-06,26.3
22/06/2024,Wales,11,Makazole Mapimpi,1990-07-26,33.91
22/06/2024,Wales,6,Kwagga Smith,1993-06-11,31.03
22/06/2024,Wales,16,Mbongeni Mbonambi,1991-01-07,33.46
22/06/2024,Wales,9,Faf de Klerk,1991-10-19,32.68
06/07/2024,Ireland,20,RG Snyman,1995-01-29,29.44
06/07/2024,Ireland,10,Handre Pollard,1994-03-11,30.32
06/07/2024,Ireland,3,Frans Malherbe,1991-03-14,33.31
06/07/2024,Ireland,13,Jesse Kriel,1994-02-15,30.39
06/07/2024,Ireland,1,Ox Nche,1995-07-23,28.96
06/07/2024,Ireland,12,Damian de Allende,1991-11-25,32.61
06/07/2024,Ireland,14,Cheslin Kolbe,1993-10-28,30.69
06/07/2024,Ireland,19,Salmaan Moerat,1998-03-06,26.34
06/07/2024,Ireland,8,Kwagga Smith,1993-06-11,31.07
06/07/2024,Ireland,6,Siya Kolisi,1991-06-16,33.06
06/07/2024,Ireland,2,Mbongeni Mbonambi,1991-01-07,33.5
06/07/2024,Ireland,9,Faf de Klerk,1991-10-19,32.72
06/07/2024,Ireland,23,Sacha Feinberg-Mngomezulu,2002-02-22,22.37
06/07/2024,Ireland,4,Eben Etzebeth,1991-10-29,32.69
06/07/2024,Ireland,11,Kurt-Lee Arendse,1996-06-17,28.05
06/07/2024,Ireland,5,Franco Mostert,1990-11-27,33.61
06/07/2024,Ireland,21,Marco van Staden,1995-08-25,28.87
06/07/2024,Ireland,16,Malcolm Marx,1994-07-13,29.98
06/07/2024,Ireland,22,Grant Williams,1996-07-22,27.96
06/07/2024,Ireland,17,Gerhard Steenekamp,1997-04-09,27.24
06/07/2024,Ireland,7,Pieter-Steph Du Toit,1992-08-20,31.88
06/07/2024,Ireland,18,Vincent Koch,1990-03-13,34.32
06/07/2024,Ireland,15,Willie Le Roux,1989-08-18,34.88
13/07/2024,Ireland,20,RG Snyman,1995-01-29,29.45
13/07/2024,Ireland,10,Handre Pollard,1994-03-11,30.34
13/07/2024,Ireland,3,Frans Malherbe,1991-03-14,33.33
13/07/2024,Ireland,13,Jesse Kriel,1994-02-15,30.41
13/07/2024,Ireland,1,Ox Nche,1995-07-23,28.98
13/07/2024,Ireland,12,Damian de Allende,1991-11-25,32.63
13/07/2024,Ireland,14,Cheslin Kolbe,1993-10-28,30.71
13/07/2024,Ireland,19,Salmaan Moerat,1998-03-06,26.36
13/07/2024,Ireland,8,Kwagga Smith,1993-06-11,31.09
13/07/2024,Ireland,6,Siya Kolisi,1991-06-16,33.08
13/07/2024,Ireland,2,Mbongeni Mbonambi,1991-01-07,33.51
13/07/2024,Ireland,9,Faf de Klerk,1991-10-19,32.73
13/07/2024,Ireland,23,Sacha Feinberg-Mngomezulu,2002-02-22,22.39
13/07/2024,Ireland,4,Eben Etzebeth,1991-10-29,32.71
13/07/2024,Ireland,11,Kurt-Lee Arendse,1996-06-17,28.07
13/07/2024,Ireland,5,Franco Mostert,1990-11-27,33.63
13/07/2024,Ireland,21,Marco van Staden,1995-08-25,28.88
13/07/2024,Ireland,16,Malcolm Marx,1994-07-13,30.0
13/07/2024,Ireland,22,Grant Williams,1996-07-22,27.98
13/07/2024,Ireland,17,Gerhard Steenekamp,1997-04-09,27.26
13/07/2024,Ireland,7,Pieter-Steph Du Toit,1992-08-20,31.9
13/07/2024,Ireland,18,Vincent Koch,1990-03-13,34.34
13/07/2024,Ireland,15,Willie Le Roux,1989-08-18,34.9
20/07/2024,Portugal,5,RG Snyman,1995-01-29,29.47
20/07/2024,Portugal,12,Andre Esterhuizen,1994-03-30,30.31
20/07/2024,Portugal,1,Jan-Hendrik Wessels,2001-05-08,23.2
20/07/2024,Portugal,7,Ben-Jason Dixon,1998-04-29,26.23
20/07/2024,Portugal,21,Morne van den Berg,1997-10-24,26.74
20/07/2024,Portugal,15,Aphelele Fassi,1998-01-23,26.49
20/07/2024,Portugal,4,Salmaan Moerat,1998-03-06,26.37
20/07/2024,Portugal,11,Makazole Mapimpi,1990-07-26,33.99
20/07/2024,Portugal,20,Elrigh Louw,1999-09-20,24.83
20/07/2024,Portugal,16,Andre-Hugo Venter,2001-09-10,22.86
20/07/2024,Portugal,22,Sacha Feinberg-Mngomezulu,2002-02-22,22.41
20/07/2024,Portugal,23,Quan Horn,2001-06-27,23.06
20/07/2024,Portugal,6,Phendulani Buthelezi,1999-05-30,25.14
20/07/2024,Portugal,17,Ntuthuko Mchunu,1999-04-05,25.29
20/07/2024,Portugal,14,Kurt-Lee Arendse,1996-06-17,28.09
20/07/2024,Portugal,18,Trevor Nyakane,1989-05-04,35.21
20/07/2024,Portugal,8,Evan Roos,2000-01-20,24.5
20/07/2024,Portugal,9,Cobus Reinach,1990-02-07,34.45
20/07/2024,Portugal,2,Johan Grobbelaar,1997-12-30,26.55
20/07/2024,Portugal,19,Ruan Venter,2002-11-29,21.64
20/07/2024,Portugal,3,Thomas Du Toit,1995-05-05,29.21
20/07/2024,Portugal,10,Manie Libbok,1997-07-15,27.01
20/07/2024,Portugal,13,Lukhanyo Am,1993-11-28,30.64
10/08/2024,Australia,23,Handre Pollard,1994-03-11,30.42
10/08/2024,Australia,3,Frans Malherbe,1991-03-14,33.41
10/08/2024,Australia,13,Jesse Kriel,1994-02-15,30.48
10/08/2024,Australia,1,Ox Nche,1995-07-23,29.05
10/08/2024,Australia,12,Damian de Allende,1991-11-25,32.71
10/08/2024,Australia,7,Ben-Jason Dixon,1998-04-29,26.28
10/08/2024,Australia,14,Cheslin Kolbe,1993-10-28,30.79
10/08/2024,Australia,19,Salmaan Moerat,1998-03-06,26.43
10/08/2024,Australia,21,Kwagga Smith,1993-06-11,31.17
10/08/2024,Australia,6,Siya Kolisi,1991-06-16,33.15
10/08/2024,Australia,2,Mbongeni Mbonambi,1991-01-07,33.59
10/08/2024,Australia,8,Elrigh Louw,1999-09-20,24.89
10/08/2024,Australia,10,Sacha Feinberg-Mngomezulu,2002-02-22,22.46
10/08/2024,Australia,4,Eben Etzebeth,1991-10-29,32.78
10/08/2024,Australia,11,Kurt-Lee Arendse,1996-06-17,28.15
10/08/2024,Australia,20,Marco van Staden,1995-08-25,28.96
10/08/2024,Australia,9,Cobus Reinach,1990-02-07,34.51
10/08/2024,Australia,16,Malcolm Marx,1994-07-13,30.08
10/08/2024,Australia,22,Grant Williams,1996-07-22,28.05
10/08/2024,Australia,17,Gerhard Steenekamp,1997-04-09,27.34
10/08/2024,Australia,5,Pieter-Steph Du Toit,1992-08-20,31.97
10/08/2024,Australia,18,Vincent Koch,1990-03-13,34.41
10/08/2024,Australia,15,Willie Le Roux,1989-08-18,34.98
17/08/2024,Australia,23,Handre Pollard,1994-03-11,30.44
17/08/2024,Australia,13,Jesse Kriel,1994-02-15,30.5
17/08/2024,Australia,17,Ox Nche,1995-07-23,29.07
17/08/2024,Australia,1,Jan-Hendrik Wessels,2001-05-08,23.28
17/08/2024,Australia,9,Morne van den Berg,1997-10-24,26.82
17/08/2024,Australia,14,Cheslin Kolbe,1993-10-28,30.8
17/08/2024,Australia,15,Aphelele Fassi,1998-01-23,26.57
17/08/2024,Australia,4,Salmaan Moerat,1998-03-06,26.45
17/08/2024,Australia,11,Makazole Mapimpi,1990-07-26,34.06
17/08/2024,Australia,20,Kwagga Smith,1993-06-11,31.18
17/08/2024,Australia,8,Elrigh Louw,1999-09-20,24.91
17/08/2024,Australia,10,Sacha Feinberg-Mngomezulu,2002-02-22,22.48
17/08/2024,Australia,19,Eben Etzebeth,1991-10-29,32.8
17/08/2024,Australia,6,Marco van Staden,1995-08-25,28.98
17/08/2024,Australia,16,Malcolm Marx,1994-07-13,30.1
17/08/2024,Australia,21,Grant Williams,1996-07-22,28.07
17/08/2024,Australia,2,Johan Grobbelaar,1997-12-30,26.63
17/08/2024,Australia,7,Pieter-Steph Du Toit,1992-08-20,31.99
17/08/2024,Australia,18,Vincent Koch,1990-03-13,34.43
17/08/2024,Australia,5,Ruan Nortje,1998-07-25,26.06
17/08/2024,Australia,3,Thomas Du Toit,1995-05-05,29.29
17/08/2024,Australia,22,Manie Libbok,1997-07-15,27.09
17/08/2024,Australia,12,Lukhanyo Am,1993-11-28,30.72
31/08/2024,New Zealand,23,Handre Pollard,1994-03-11,30.48
31/08/2024,New Zealand,3,Frans Malherbe,1991-03-14,33.47
31/08/2024,New Zealand,13,Jesse Kriel,1994-02-15,30.54
31/08/2024,New Zealand,8,Jasper Wiese,1995-10-21,28.86
31/08/2024,New Zealand,1,Ox Nche,1995-07-23,29.11
31/08/2024,New Zealand,12,Damian de Allende,1991-11-25,32.77
31/08/2024,New Zealand,7,Ben-Jason Dixon,1998-04-29,26.34
31/08/2024,New Zealand,14,Cheslin Kolbe,1993-10-28,30.84
31/08/2024,New Zealand,15,Aphelele Fassi,1998-01-23,26.6
31/08/2024,New Zealand,21,Kwagga Smith,1993-06-11,31.22
31/08/2024,New Zealand,6,Siya Kolisi,1991-06-16,33.21
31/08/2024,New Zealand,2,Mbongeni Mbonambi,1991-01-07,33.65
31/08/2024,New Zealand,20,Elrigh Louw,1999-09-20,24.95
31/08/2024,New Zealand,10,Sacha Feinberg-Mngomezulu,2002-02-22,22.52
31/08/2024,New Zealand,19,Eben Etzebeth,1991-10-29,32.84
31/08/2024,New Zealand,11,Kurt-Lee Arendse,1996-06-17,28.21
31/08/2024,New Zealand,9,Cobus Reinach,1990-02-07,34.56
31/08/2024,New Zealand,16,Malcolm Marx,1994-07-13,30.14
31/08/2024,New Zealand,22,Grant Williams,1996-07-22,28.11
31/08/2024,New Zealand,17,Gerhard Steenekamp,1997-04-09,27.4
31/08/2024,New Zealand,4,Pieter-Steph Du Toit,1992-08-20,32.03
31/08/2024,New Zealand,18,Vincent Koch,1990-03-13,34.47
31/08/2024,New Zealand,5,Ruan Nortje,1998-07-25,26.1
07/09/2024,New Zealand,14,Canan Moodie,2002-11-05,21.84
07/09/2024,New Zealand,10,Handre Pollard,1994-03-11,30.49
07/09/2024,New Zealand,3,Frans Malherbe,1991-03-14,33.49
07/09/2024,New Zealand,13,Jesse Kriel,1994-02-15,30.56
07/09/2024,New Zealand,8,Jasper Wiese,1995-10-21,28.88
07/09/2024,New Zealand,1,Ox Nche,1995-07-23,29.13
07/09/2024,New Zealand,12,Damian de Allende,1991-11-25,32.79
07/09/2024,New Zealand,11,Cheslin Kolbe,1993-10-28,30.86
07/09/2024,New Zealand,19,Kwagga Smith,1993-06-11,31.24
07/09/2024,New Zealand,6,Siya Kolisi,1991-06-16,33.23
07/09/2024,New Zealand,2,Mbongeni Mbonambi,1991-01-07,33.67
07/09/2024,New Zealand,20,Elrigh Louw,1999-09-20,24.97
07/09/2024,New Zealand,22,Sacha Feinberg-Mngomezulu,2002-02-22,22.54
07/09/2024,New Zealand,4,Eben Etzebeth,1991-10-29,32.86
07/09/2024,New Zealand,21,Jaden Hendrikse,2000-03-23,24.46
07/09/2024,New Zealand,16,Malcolm Marx,1994-07-13,30.16
07/09/2024,New Zealand,9,Grant Williams,1996-07-22,28.13
07/09/2024,New Zealand,17,Gerhard Steenekamp,1997-04-09,27.41
07/09/2024,New Zealand,7,Pieter-Steph Du Toit,1992-08-20,32.05
07/09/2024,New Zealand,18,Vincent Koch,1990-03-13,34.49
07/09/2024,New Zealand,5,Ruan Nortje,1998-07-25,26.12
07/09/2024,New Zealand,15,Willie Le Roux,1989-08-18,35.06
07/09/2024,New Zealand,23,Lukhanyo Am,1993-11-28,30.78
21/09/2024,Argentina,10,Handre Pollard,1994-03-11,30.53
21/09/2024,Argentina,13,Jesse Kriel,1994-02-15,30.6
21/09/2024,Argentina,8,Jasper Wiese,1995-10-21,28.92
21/09/2024,Argentina,1,Ox Nche,1995-07-23,29.17
21/09/2024,Argentina,16,Jan-Hendrik Wessels,2001-05-08,23.37
21/09/2024,Argentina,7,Ben-Jason Dixon,1998-04-29,26.4
21/09/2024,Argentina,15,Aphelele Fassi,1998-01-23,26.66
21/09/2024,Argentina,4,Salmaan Moerat,1998-03-06,26.55
21/09/2024,Argentina,11,Makazole Mapimpi,1990-07-26,34.16
21/09/2024,Argentina,21,Kwagga Smith,1993-06-11,31.28
21/09/2024,Argentina,20,Elrigh Louw,1999-09-20,25.01
21/09/2024,Argentina,19,Eben Etzebeth,1991-10-29,32.9
21/09/2024,Argentina,14,Kurt-Lee Arendse,1996-06-17,28.26
21/09/2024,Argentina,6,Marco van Staden,1995-08-25,29.08
21/09/2024,Argentina,22,Jaden Hendrikse,2000-03-23,24.5
21/09/2024,Argentina,9,Cobus Reinach,1990-02-07,34.62
21/09/2024,Argentina,2,Malcolm Marx,1994-07-13,30.19
21/09/2024,Argentina,17,Gerhard Steenekamp,1997-04-09,27.45
21/09/2024,Argentina,18,Vincent Koch,1990-03-13,34.53
21/09/2024,Argentina,5,Ruan Nortje,1998-07-25,26.16
21/09/2024,Argentina,3,Thomas Du Toit,1995-05-05,29.38
21/09/2024,Argentina,23,Manie Libbok,1997-07-15,27.19
21/09/2024,Argentina,12,Lukhanyo Am,1993-11-28,30.82
28/09/2024,Argentina,22,Handre Pollard,1994-03-11,30.55
28/09/2024,Argentina,3,Frans Malherbe,1991-03-14,33.54
28/09/2024,Argentina,13,Jesse Kriel,1994-02-15,30.62
28/09/2024,Argentina,8,Jasper Wiese,1995-10-21,28.94
28/09/2024,Argentina,1,Ox Nche,1995-07-23,29.19
28/09/2024,Argentina,12,Damian de Allende,1991-11-25,32.84
28/09/2024,Argentina,14,Cheslin Kolbe,1993-10-28,30.92
28/09/2024,Argentina,15,Aphelele Fassi,1998-01-23,26.68
28/09/2024,Argentina,20,Kwagga Smith,1993-06-11,31.3
28/09/2024,Argentina,6,Siya Kolisi,1991-06-16,33.29
28/09/2024,Argentina,2,Mbongeni Mbonambi,1991-01-07,33.73
28/09/2024,Argentina,19,Elrigh Louw,1999-09-20,25.02
28/09/2024,Argentina,4,Eben Etzebeth,1991-10-29,32.92
28/09/2024,Argentina,11,Kurt-Lee Arendse,1996-06-17,28.28
28/09/2024,Argentina,9,Jaden Hendrikse,2000-03-23,24.52
28/09/2024,Argentina,21,Cobus Reinach,1990-02-07,34.64
28/09/2024,Argentina,16,Malcolm Marx,1994-07-13,30.21
28/09/2024,Argentina,17,Gerhard Steenekamp,1997-04-09,27.47
28/09/2024,Argentina,7,Pieter-Steph Du Toit,1992-08-20,32.11
28/09/2024,Argentina,18,Vincent Koch,1990-03-13,34.55
28/09/2024,Argentina,5,Ruan Nortje,1998-07-25,26.18
28/09/2024,Argentina,10,Manie Libbok,1997-07-15,27.21
28/09/2024,Argentina,23,Lukhanyo Am,1993-11-28,30.83
10/11/2024,Scotland,19,RG Snyman,1995-01-29,29.78
10/11/2024,Scotland,12,Andre Esterhuizen,1994-03-30,30.62
10/11/2024,Scotland,14,Canan Moodie,2002-11-05,22.02
10/11/2024,Scotland,10,Handre Pollard,1994-03-11,30.67
10/11/2024,Scotland,22,Jasper Wiese,1995-10-21,29.06
10/11/2024,Scotland,1,Ox Nche,1995-07-23,29.3
10/11/2024,Scotland,11,Makazole Mapimpi,1990-07-26,34.3
10/11/2024,Scotland,8,Kwagga Smith,1993-06-11,31.42
10/11/2024,Scotland,20,Siya Kolisi,1991-06-16,33.41
10/11/2024,Scotland,2,Mbongeni Mbonambi,1991-01-07,33.84
10/11/2024,Scotland,7,Elrigh Louw,1999-09-20,25.14
10/11/2024,Scotland,4,Eben Etzebeth,1991-10-29,33.04
10/11/2024,Scotland,5,Franco Mostert,1990-11-27,33.96
10/11/2024,Scotland,6,Marco van Staden,1995-08-25,29.21
10/11/2024,Scotland,9,Jaden Hendrikse,2000-03-23,24.64
10/11/2024,Scotland,16,Malcolm Marx,1994-07-13,30.33
10/11/2024,Scotland,23,Grant Williams,1996-07-22,28.3
10/11/2024,Scotland,17,Gerhard Steenekamp,1997-04-09,27.59
10/11/2024,Scotland,21,Pieter-Steph Du Toit,1992-08-20,32.23
10/11/2024,Scotland,18,Vincent Koch,1990-03-13,34.66
10/11/2024,Scotland,15,Willie Le Roux,1989-08-18,35.23
10/11/2024,Scotland,3,Thomas Du Toit,1995-05-05,29.52
10/11/2024,Scotland,13,Lukhanyo Am,1993-11-28,30.95
16/11/2024,England,5,RG Snyman,1995-01-29,29.8
16/11/2024,England,22,Handre Pollard,1994-03-11,30.69
16/11/2024,England,13,Jesse Kriel,1994-02-15,30.75
16/11/2024,England,8,Jasper Wiese,1995-10-21,29.07
16/11/2024,England,1,Ox Nche,1995-07-23,29.32
16/11/2024,England,12,Damian de Allende,1991-11-25,32.98
16/11/2024,England,14,Cheslin Kolbe,1993-10-28,31.05
16/11/2024,England,15,Aphelele Fassi,1998-01-23,26.82
16/11/2024,England,20,Kwagga Smith,1993-06-11,31.43
16/11/2024,England,6,Siya Kolisi,1991-06-16,33.42
16/11/2024,England,2,Mbongeni Mbonambi,1991-01-07,33.86
16/11/2024,England,19,Elrigh Louw,1999-09-20,25.16
16/11/2024,England,4,Eben Etzebeth,1991-10-29,33.05
16/11/2024,England,11,Kurt-Lee Arendse,1996-06-17,28.42
16/11/2024,England,21,Cobus Reinach,1990-02-07,34.77
16/11/2024,England,16,Malcolm Marx,1994-07-13,30.35
16/11/2024,England,9,Grant Williams,1996-07-22,28.32
16/11/2024,England,3,Wilco Louw,1994-07-20,30.33
16/11/2024,England,17,Gerhard Steenekamp,1997-04-09,27.61
16/11/2024,England,7,Pieter-Steph Du Toit,1992-08-20,32.24
16/11/2024,England,18,Vincent Koch,1990-03-13,34.68
16/11/2024,England,10,Manie Libbok,1997-07-15,27.34
16/11/2024,England,23,Lukhanyo Am,1993-11-28,30.97
23/11/2024,Wales,10,Jordan Hendrikse,2001-06-28,23.41
23/11/2024,Wales,20,RG Snyman,1995-01-29,29.82
23/11/2024,Wales,23,Handre Pollard,1994-03-11,30.71
23/11/2024,Wales,13,Jesse Kriel,1994-02-15,30.77
23/11/2024,Wales,8,Jasper Wiese,1995-10-21,29.09
23/11/2024,Wales,12,Damian de Allende,1991-11-25,33.0
23/11/2024,Wales,14,Cheslin Kolbe,1993-10-28,31.07
23/11/2024,Wales,15,Aphelele Fassi,1998-01-23,26.83
23/11/2024,Wales,6,Siya Kolisi,1991-06-16,33.44
23/11/2024,Wales,21,Cameron Hanekom,2002-05-10,22.54
23/11/2024,Wales,7,Elrigh Louw,1999-09-20,25.18
23/11/2024,Wales,4,Eben Etzebeth,1991-10-29,33.07
23/11/2024,Wales,11,Kurt-Lee Arendse,1996-06-17,28.44
23/11/2024,Wales,5,Franco Mostert,1990-11-27,33.99
23/11/2024,Wales,19,Marco van Staden,1995-08-25,29.25
23/11/2024,Wales,9,Jaden Hendrikse,2000-03-23,24.67
23/11/2024,Wales,22,Cobus Reinach,1990-02-07,34.79
23/11/2024,Wales,16,Malcolm Marx,1994-07-13,30.37
23/11/2024,Wales,2,Johan Grobbelaar,1997-12-30,26.9
23/11/2024,Wales,3,Wilco Louw,1994-07-20,30.35
23/11/2024,Wales,17,Gerhard Steenekamp,1997-04-09,27.63
23/11/2024,Wales,18,Vincent Koch,1990-03-13,34.7
23/11/2024,Wales,1,Thomas Du Toit,1995-05-05,29.56
28/06/2025,Barbarians,7,Vincent Tshituka,1998-09-10,26.8
28/06/2025,Barbarians,4,Jean Kleyn,1993-08-26,31.84
28/06/2025,Barbarians,23,Andre Esterhuizen,1994-03-30,31.25
28/06/2025,Barbarians,16,Marnus van der Merwe,1997-02-17,28.36
28/06/2025,Barbarians,13,Jesse Kriel,1994-02-15,31.37
28/06/2025,Barbarians,1,Ox Nche,1995-07-23,29.93
28/06/2025,Barbarians,17,Jan-Hendrik Wessels,2001-05-08,24.14
28/06/2025,Barbarians,12,Damian de Allende,1991-11-25,33.59
28/06/2025,Barbarians,9,Morne van den Berg,1997-10-24,27.68
28/06/2025,Barbarians,18,Neethling Fouche,1993-01-10,32.46
28/06/2025,Barbarians,14,Cheslin Kolbe,1993-10-28,31.67
28/06/2025,Barbarians,15,Aphelele Fassi,1998-01-23,27.43
28/06/2025,Barbarians,20,Kwagga Smith,1993-06-11,32.05
28/06/2025,Barbarians,10,Sacha Feinberg-Mngomezulu,2002-02-22,23.35
28/06/2025,Barbarians,11,Kurt-Lee Arendse,1996-06-17,29.03
28/06/2025,Barbarians,19,Franco Mostert,1990-11-27,34.59
28/06/2025,Barbarians,6,Marco van Staden,1995-08-25,29.84
28/06/2025,Barbarians,3,Asenathi Ntlabakanye,1999-04-15,26.2
28/06/2025,Barbarians,21,Cobus Reinach,1990-02-07,35.39
28/06/2025,Barbarians,2,Malcolm Marx,1994-07-13,30.96
28/06/2025,Barbarians,5,Lodewyk De Jager,1992-12-17,32.53
28/06/2025,Barbarians,22,Manie Libbok,1997-07-15,27.95
28/06/2025,Barbarians,8,Jean-Luc Du Preez,1995-08-05,29.9
05/07/2025,Italy,7,Vincent Tshituka,1998-09-10,26.82
05/07/2025,Italy,19,RG Snyman,1995-01-29,30.43
05/07/2025,Italy,15,Damian Willemse,1998-05-07,27.16
05/07/2025,Italy,10,Handre Pollard,1994-03-11,31.32
05/07/2025,Italy,13,Jesse Kriel,1994-02-15,31.38
05/07/2025,Italy,8,Jasper Wiese,1995-10-21,29.71
05/07/2025,Italy,1,Ox Nche,1995-07-23,29.95
05/07/2025,Italy,17,Jan-Hendrik Wessels,2001-05-08,24.16
05/07/2025,Italy,12,Damian de Allende,1991-11-25,33.61
05/07/2025,Italy,9,Morne van den Berg,1997-10-24,27.7
05/07/2025,Italy,14,Cheslin Kolbe,1993-10-28,31.69
05/07/2025,Italy,21,Kwagga Smith,1993-06-11,32.07
05/07/2025,Italy,16,Mbongeni Mbonambi,1991-01-07,34.49
05/07/2025,Italy,22,Faf de Klerk,1991-10-19,33.71
05/07/2025,Italy,4,Eben Etzebeth,1991-10-29,33.68
05/07/2025,Italy,11,Kurt-Lee Arendse,1996-06-17,29.05
05/07/2025,Italy,20,Franco Mostert,1990-11-27,34.6
05/07/2025,Italy,6,Marco van Staden,1995-08-25,29.86
05/07/2025,Italy,2,Malcolm Marx,1994-07-13,30.98
05/07/2025,Italy,3,Wilco Louw,1994-07-20,30.96
05/07/2025,Italy,18,Vincent Koch,1990-03-13,35.31
05/07/2025,Italy,23,Willie Le Roux,1989-08-18,35.88
05/07/2025,Italy,5,Lodewyk De Jager,1992-12-17,32.55
12/07/2025,Italy,23,Ethan Hooker,2003-01-20,22.48
12/07/2025,Italy,12,Andre Esterhuizen,1994-03-30,31.29
12/07/2025,Italy,13,Canan Moodie,2002-11-05,22.68
12/07/2025,Italy,8,Jasper Wiese,1995-10-21,29.73
12/07/2025,Italy,19,Cobus Wiese,1997-06-02,28.11
12/07/2025,Italy,17,Ox Nche,1995-07-23,29.97
12/07/2025,Italy,16,Jan-Hendrik Wessels,2001-05-08,24.18
12/07/2025,Italy,4,Salmaan Moerat,1998-03-06,27.35
12/07/2025,Italy,11,Makazole Mapimpi,1990-07-26,34.96
12/07/2025,Italy,22,Sacha Feinberg-Mngomezulu,2002-02-22,23.38
12/07/2025,Italy,6,Marco van Staden,1995-08-25,29.88
12/07/2025,Italy,20,Evan Roos,2000-01-20,25.48
12/07/2025,Italy,18,Asenathi Ntlabakanye,1999-04-15,26.24
12/07/2025,Italy,21,Cobus Reinach,1990-02-07,35.43
12/07/2025,Italy,14,Edwill Van Der Merwe,1996-04-12,29.25
12/07/2025,Italy,2,Malcolm Marx,1994-07-13,31.0
12/07/2025,Italy,9,Grant Williams,1996-07-22,28.97
12/07/2025,Italy,3,Wilco Louw,1994-07-20,30.98
12/07/2025,Italy,7,Pieter-Steph Du Toit,1992-08-20,32.89
12/07/2025,Italy,5,Ruan Nortje,1998-07-25,26.97
12/07/2025,Italy,15,Willie Le Roux,1989-08-18,35.9
12/07/2025,Italy,1,Thomas Du Toit,1995-05-05,30.19
12/07/2025,Italy,10,Manie Libbok,1997-07-15,27.99
19/07/2025,Georgia,1,Boan Venter,1997-04-12,28.27
19/07/2025,Georgia,19,RG Snyman,1995-01-29,30.47
19/07/2025,Georgia,2,Marnus van der Merwe,1997-02-17,28.42
19/07/2025,Georgia,23,Damian Willemse,1998-05-07,27.2
19/07/2025,Georgia,13,Canan Moodie,2002-11-05,22.7
19/07/2025,Georgia,22,Handre Pollard,1994-03-11,31.36
19/07/2025,Georgia,8,Cobus Wiese,1997-06-02,28.13
19/07/2025,Georgia,12,Damian de Allende,1991-11-25,33.65
19/07/2025,Georgia,3,Neethling Fouche,1993-01-10,32.52
19/07/2025,Georgia,15,Aphelele Fassi,1998-01-23,27.49
19/07/2025,Georgia,20,Kwagga Smith,1993-06-11,32.1
19/07/2025,Georgia,6,Siya Kolisi,1991-06-16,34.09
19/07/2025,Georgia,16,Mbongeni Mbonambi,1991-01-07,34.53
19/07/2025,Georgia,21,Faf de Klerk,1991-10-19,33.75
19/07/2025,Georgia,10,Sacha Feinberg-Mngomezulu,2002-02-22,23.4
19/07/2025,Georgia,4,Eben Etzebeth,1991-10-29,33.72
19/07/2025,Georgia,11,Kurt-Lee Arendse,1996-06-17,29.09
19/07/2025,Georgia,14,Edwill Van Der Merwe,1996-04-12,29.27
19/07/2025,Georgia,9,Grant Williams,1996-07-22,28.99
19/07/2025,Georgia,7,Pieter-Steph Du Toit,1992-08-20,32.91
19/07/2025,Georgia,18,Vincent Koch,1990-03-13,35.35
19/07/2025,Georgia,5,Ruan Nortje,1998-07-25,26.98
19/07/2025,Georgia,17,Thomas Du Toit,1995-05-05,30.21
16/08/2025,Australia,17,Boan Venter,1997-04-12,28.35
16/08/2025,Australia,12,Andre Esterhuizen,1994-03-30,31.38
16/08/2025,Australia,23,Damian Willemse,1998-05-07,27.28
16/08/2025,Australia,22,Canan Moodie,2002-11-05,22.78
16/08/2025,Australia,13,Jesse Kriel,1994-02-15,31.5
16/08/2025,Australia,1,Ox Nche,1995-07-23,30.07
16/08/2025,Australia,15,Aphelele Fassi,1998-01-23,27.56
16/08/2025,Australia,20,Kwagga Smith,1993-06-11,32.18
16/08/2025,Australia,8,Siya Kolisi,1991-06-16,34.17
16/08/2025,Australia,16,Mbongeni Mbonambi,1991-01-07,34.61
16/08/2025,Australia,4,Eben Etzebeth,1991-10-29,33.8
16/08/2025,Australia,11,Kurt-Lee Arendse,1996-06-17,29.16
16/08/2025,Australia,19,Franco Mostert,1990-11-27,34.72
16/08/2025,Australia,6,Marco van Staden,1995-08-25,29.98
16/08/2025,Australia,18,Asenathi Ntlabakanye,1999-04-15,26.34
16/08/2025,Australia,21,Cobus Reinach,1990-02-07,35.52
16/08/2025,Australia,14,Edwill Van Der Merwe,1996-04-12,29.34
16/08/2025,Australia,2,Malcolm Marx,1994-07-13,31.09
16/08/2025,Australia,9,Grant Williams,1996-07-22,29.07
16/08/2025,Australia,3,Wilco Louw,1994-07-20,31.08
16/08/2025,Australia,7,Pieter-Steph Du Toit,1992-08-20,32.99
16/08/2025,Australia,5,Lodewyk De Jager,1992-12-17,32.66
16/08/2025,Australia,10,Manie Libbok,1997-07-15,28.09
23/08/2025,Australia,17,Boan Venter,1997-04-12,28.36
23/08/2025,Australia,4,RG Snyman,1995-01-29,30.57
23/08/2025,Australia,21,Andre Esterhuizen,1994-03-30,31.4
23/08/2025,Australia,16,Marnus van der Merwe,1997-02-17,28.51
23/08/2025,Australia,14,Canan Moodie,2002-11-05,22.8
23/08/2025,Australia,10,Handre Pollard,1994-03-11,31.45
23/08/2025,Australia,13,Jesse Kriel,1994-02-15,31.52
23/08/2025,Australia,1,Ox Nche,1995-07-23,30.09
23/08/2025,Australia,12,Damian de Allende,1991-11-25,33.74
23/08/2025,Australia,11,Cheslin Kolbe,1993-10-28,31.82
23/08/2025,Australia,15,Aphelele Fassi,1998-01-23,27.58
23/08/2025,Australia,8,Kwagga Smith,1993-06-11,32.2
23/08/2025,Australia,23,Sacha Feinberg-Mngomezulu,2002-02-22,23.5
23/08/2025,Australia,19,Eben Etzebeth,1991-10-29,33.82
23/08/2025,Australia,7,Franco Mostert,1990-11-27,34.74
23/08/2025,Australia,6,Marco van Staden,1995-08-25,30.0
23/08/2025,Australia,22,Cobus Reinach,1990-02-07,35.54
23/08/2025,Australia,2,Malcolm Marx,1994-07-13,31.11
23/08/2025,Australia,9,Grant Williams,1996-07-22,29.09
23/08/2025,Australia,18,Wilco Louw,1994-07-20,31.09
23/08/2025,Australia,5,Ruan Nortje,1998-07-25,27.08
23/08/2025,Australia,20,Lodewyk De Jager,1992-12-17,32.68
23/08/2025,Australia,3,Thomas Du Toit,1995-05-05,30.3
06/09/2025,New Zealand,23,Ethan Hooker,2003-01-20,22.63
06/09/2025,New Zealand,17,Boan Venter,1997-04-12,28.4
06/09/2025,New Zealand,11,Canan Moodie,2002-11-05,22.84
06/09/2025,New Zealand,10,Handre Pollard,1994-03-11,31.49
06/09/2025,New Zealand,13,Jesse Kriel,1994-02-15,31.56
06/09/2025,New Zealand,1,Ox Nche,1995-07-23,30.13
06/09/2025,New Zealand,16,Jan-Hendrik Wessels,2001-05-08,24.33
06/09/2025,New Zealand,12,Damian de Allende,1991-11-25,33.78
06/09/2025,New Zealand,14,Cheslin Kolbe,1993-10-28,31.86
06/09/2025,New Zealand,20,Kwagga Smith,1993-06-11,32.24
06/09/2025,New Zealand,8,Siya Kolisi,1991-06-16,34.23
06/09/2025,New Zealand,22,Sacha Feinberg-Mngomezulu,2002-02-22,23.54
06/09/2025,New Zealand,4,Eben Etzebeth,1991-10-29,33.86
06/09/2025,New Zealand,6,Marco van Staden,1995-08-25,30.03
06/09/2025,New Zealand,21,Cobus Reinach,1990-02-07,35.58
06/09/2025,New Zealand,2,Malcolm Marx,1994-07-13,31.15
06/09/2025,New Zealand,9,Grant Williams,1996-07-22,29.13
06/09/2025,New Zealand,18,Wilco Louw,1994-07-20,31.13
06/09/2025,New Zealand,7,Pieter-Steph Du Toit,1992-08-20,33.05
06/09/2025,New Zealand,5,Ruan Nortje,1998-07-25,27.12
06/09/2025,New Zealand,15,Willie Le Roux,1989-08-18,36.05
06/09/2025,New Zealand,19,Lodewyk De Jager,1992-12-17,32.72
06/09/2025,New Zealand,3,Thomas Du Toit,1995-05-05,30.34
13/09/2025,New Zealand,11,Ethan Hooker,2003-01-20,22.65
13/09/2025,New Zealand,19,RG Snyman,1995-01-29,30.62
13/09/2025,New Zealand,23,Andre Esterhuizen,1994-03-30,31.46
13/09/2025,New Zealand,16,Marnus van der Merwe,1997-02-17,28.57
13/09/2025,New Zealand,12,Damian Willemse,1998-05-07,27.35
13/09/2025,New Zealand,13,Canan Moodie,2002-11-05,22.86
13/09/2025,New Zealand,8,Jasper Wiese,1995-10-21,29.9
13/09/2025,New Zealand,1,Ox Nche,1995-07-23,30.14
13/09/2025,New Zealand,17,Jan-Hendrik Wessels,2001-05-08,24.35
13/09/2025,New Zealand,14,Cheslin Kolbe,1993-10-28,31.88
13/09/2025,New Zealand,15,Aphelele Fassi,1998-01-23,27.64
13/09/2025,New Zealand,20,Kwagga Smith,1993-06-11,32.26
13/09/2025,New Zealand,6,Siya Kolisi,1991-06-16,34.25
13/09/2025,New Zealand,10,Sacha Feinberg-Mngomezulu,2002-02-22,23.56
13/09/2025,New Zealand,9,Cobus Reinach,1990-02-07,35.6
13/09/2025,New Zealand,2,Malcolm Marx,1994-07-13,31.17
13/09/2025,New Zealand,21,Grant Williams,1996-07-22,29.15
13/09/2025,New Zealand,18,Wilco Louw,1994-07-20,31.15
13/09/2025,New Zealand,7,Pieter-Steph Du Toit,1992-08-20,33.07
13/09/2025,New Zealand,5,Ruan Nortje,1998-07-25,27.14
13/09/2025,New Zealand,4,Lodewyk De Jager,1992-12-17,32.74
13/09/2025,New Zealand,3,Thomas Du Toit,1995-05-05,30.36
13/09/2025,New Zealand,22,Manie Libbok,1997-07-15,28.16
27/09/2025,Argentina,11,Ethan Hooker,2003-01-20,22.69
27/09/2025,Argentina,1,Boan Venter,1997-04-12,28.46
27/09/2025,Argentina,19,RG Snyman,1995-01-29,30.66
27/09/2025,Argentina,23,Andre Esterhuizen,1994-03-30,31.5
27/09/2025,Argentina,15,Damian Willemse,1998-05-07,27.39
27/09/2025,Argentina,13,Canan Moodie,2002-11-05,22.89
27/09/2025,Argentina,8,Jasper Wiese,1995-10-21,29.94
27/09/2025,Argentina,17,Jan-Hendrik Wessels,2001-05-08,24.39
27/09/2025,Argentina,12,Damian de Allende,1991-11-25,33.84
27/09/2025,Argentina,21,Morne van den Berg,1997-10-24,27.93
27/09/2025,Argentina,14,Cheslin Kolbe,1993-10-28,31.92
27/09/2025,Argentina,20,Kwagga Smith,1993-06-11,32.3
27/09/2025,Argentina,6,Siya Kolisi,1991-06-16,34.28
27/09/2025,Argentina,10,Sacha Feinberg-Mngomezulu,2002-02-22,23.6
27/09/2025,Argentina,4,Eben Etzebeth,1991-10-29,33.91
27/09/2025,Argentina,16,Marco van Staden,1995-08-25,30.09
27/09/2025,Argentina,9,Cobus Reinach,1990-02-07,35.64
27/09/2025,Argentina,2,Malcolm Marx,1994-07-13,31.21
27/09/2025,Argentina,18,Wilco Louw,1994-07-20,31.19
27/09/2025,Argentina,7,Pieter-Steph Du Toit,1992-08-20,33.1
27/09/2025,Argentina,5,Ruan Nortje,1998-07-25,27.18
27/09/2025,Argentina,3,Thomas Du Toit,1995-05-05,30.4
27/09/2025,Argentina,22,Manie Libbok,1997-07-15,28.2
04/10/2025,Argentina,11,Ethan Hooker,2003-01-20,22.71
04/10/2025,Argentina,19,RG Snyman,1995-01-29,30.68
04/10/2025,Argentina,15,Damian Willemse,1998-05-07,27.41
04/10/2025,Argentina,13,Canan Moodie,2002-11-05,22.91
04/10/2025,Argentina,23,Jesse Kriel,1994-02-15,31.63
04/10/2025,Argentina,8,Jasper Wiese,1995-10-21,29.96
04/10/2025,Argentina,1,Ox Nche,1995-07-23,30.2
04/10/2025,Argentina,17,Jan-Hendrik Wessels,2001-05-08,24.41
04/10/2025,Argentina,12,Damian de Allende,1991-11-25,33.86
04/10/2025,Argentina,14,Cheslin Kolbe,1993-10-28,31.93
04/10/2025,Argentina,20,Kwagga Smith,1993-06-11,32.32
04/10/2025,Argentina,6,Siya Kolisi,1991-06-16,34.3
04/10/2025,Argentina,16,Mbongeni Mbonambi,1991-01-07,34.74
04/10/2025,Argentina,10,Sacha Feinberg-Mngomezulu,2002-02-22,23.61
04/10/2025,Argentina,4,Eben Etzebeth,1991-10-29,33.93
04/10/2025,Argentina,9,Cobus Reinach,1990-02-07,35.66
04/10/2025,Argentina,2,Malcolm Marx,1994-07-13,31.23
04/10/2025,Argentina,21,Grant Williams,1996-07-22,29.2
04/10/2025,Argentina,18,Wilco Louw,1994-07-20,31.21
04/10/2025,Argentina,7,Pieter-Steph Du Toit,1992-08-20,33.12
04/10/2025,Argentina,5,Ruan Nortje,1998-07-25,27.2
04/10/2025,Argentina,3,Thomas Du Toit,1995-05-05,30.42
04/10/2025,Argentina,22,Manie Libbok,1997-07-15,28.22
01/11/2025,Japan,14,Ethan Hooker,2003-01-20,22.78
01/11/2025,Japan,4,RG Snyman,1995-01-29,30.76
01/11/2025,Japan,20,Andre Esterhuizen,1994-03-30,31.59
01/11/2025,Japan,13,Jesse Kriel,1994-02-15,31.71
01/11/2025,Japan,8,Jasper Wiese,1995-10-21,30.03
01/11/2025,Japan,1,Ox Nche,1995-07-23,30.28
01/11/2025,Japan,12,Damian de Allende,1991-11-25,33.94
01/11/2025,Japan,15,Cheslin Kolbe,1993-10-28,32.01
01/11/2025,Japan,21,Kwagga Smith,1993-06-11,32.39
01/11/2025,Japan,6,Siya Kolisi,1991-06-16,34.38
01/11/2025,Japan,10,Sacha Feinberg-Mngomezulu,2002-02-22,23.69
01/11/2025,Japan,11,Kurt-Lee Arendse,1996-06-17,29.38
01/11/2025,Japan,7,Franco Mostert,1990-11-27,34.93
01/11/2025,Japan,3,Zach Porthen,2004-03-31,21.59
01/11/2025,Japan,9,Cobus Reinach,1990-02-07,35.73
01/11/2025,Japan,2,Malcolm Marx,1994-07-13,31.31
01/11/2025,Japan,22,Grant Williams,1996-07-22,29.28
01/11/2025,Japan,16,Johan Grobbelaar,1997-12-30,27.84
01/11/2025,Japan,18,Wilco Louw,1994-07-20,31.29
01/11/2025,Japan,17,Gerhard Steenekamp,1997-04-09,28.56
01/11/2025,Japan,19,Ruan Nortje,1998-07-25,27.27
01/11/2025,Japan,5,Lodewyk De Jager,1992-12-17,32.87
01/11/2025,Japan,23,Manie Libbok,1997-07-15,28.3
08/11/2025,France,1,Boan Venter,1997-04-12,28.58
08/11/2025,France,19,RG Snyman,1995-01-29,30.78
08/11/2025,France,21,Andre Esterhuizen,1994-03-30,31.61
08/11/2025,France,15,Damian Willemse,1998-05-07,27.51
08/11/2025,France,13,Jesse Kriel,1994-02-15,31.73
08/11/2025,France,8,Jasper Wiese,1995-10-21,30.05
08/11/2025,France,12,Damian de Allende,1991-11-25,33.96
08/11/2025,France,14,Cheslin Kolbe,1993-10-28,32.03
08/11/2025,France,6,Siya Kolisi,1991-06-16,34.4
08/11/2025,France,10,Sacha Feinberg-Mngomezulu,2002-02-22,23.71
08/11/2025,France,4,Eben Etzebeth,1991-10-29,34.03
08/11/2025,France,11,Kurt-Lee Arendse,1996-06-17,29.39
08/11/2025,France,9,Cobus Reinach,1990-02-07,35.75
08/11/2025,France,2,Malcolm Marx,1994-07-13,31.32
08/11/2025,France,22,Grant Williams,1996-07-22,29.3
08/11/2025,France,16,Johan Grobbelaar,1997-12-30,27.86
08/11/2025,France,18,Wilco Louw,1994-07-20,31.31
08/11/2025,France,17,Gerhard Steenekamp,1997-04-09,28.58
08/11/2025,France,7,Pieter-Steph Du Toit,1992-08-20,33.22
08/11/2025,France,20,Ruan Nortje,1998-07-25,27.29
08/11/2025,France,5,Lodewyk De Jager,1992-12-17,32.89
08/11/2025,France,3,Thomas Du Toit,1995-05-05,30.51
08/11/2025,France,23,Manie Libbok,1997-07-15,28.32
15/11/2025,Italy,12,Ethan Hooker,2003-01-20,22.82
15/11/2025,Italy,1,Boan Venter,1997-04-12,28.59
15/11/2025,Italy,18,RG Snyman,1995-01-29,30.8
15/11/2025,Italy,4,Jean Kleyn,1993-08-26,32.22
15/11/2025,Italy,20,Andre Esterhuizen,1994-03-30,31.63
15/11/2025,Italy,15,Damian Willemse,1998-05-07,27.53
15/11/2025,Italy,13,Canan Moodie,2002-11-05,23.03
15/11/2025,Italy,10,Handre Pollard,1994-03-11,31.68
15/11/2025,Italy,7,Ben-Jason Dixon,1998-04-29,27.55
15/11/2025,Italy,9,Morne van den Berg,1997-10-24,28.06
15/11/2025,Italy,21,Kwagga Smith,1993-06-11,32.43
15/11/2025,Italy,6,Siya Kolisi,1991-06-16,34.42
15/11/2025,Italy,11,Kurt-Lee Arendse,1996-06-17,29.41
15/11/2025,Italy,5,Franco Mostert,1990-11-27,34.97
15/11/2025,Italy,8,Marco van Staden,1995-08-25,30.23
15/11/2025,Italy,3,Zach Porthen,2004-03-31,21.63
15/11/2025,Italy,14,Edwill Van Der Merwe,1996-04-12,29.59
15/11/2025,Italy,22,Grant Williams,1996-07-22,29.32
15/11/2025,Italy,2,Johan Grobbelaar,1997-12-30,27.88
15/11/2025,Italy,17,Wilco Louw,1994-07-20,31.32
15/11/2025,Italy,16,Gerhard Steenekamp,1997-04-09,28.6
15/11/2025,Italy,19,Ruan Nortje,1998-07-25,27.31
15/11/2025,Italy,23,Manie Libbok,1997-07-15,28.34
22/11/2025,Ireland,1,Boan Venter,1997-04-12,28.61
22/11/2025,Ireland,19,RG Snyman,1995-01-29,30.82
22/11/2025,Ireland,20,Andre Esterhuizen,1994-03-30,31.65
22/11/2025,Ireland,15,Damian Willemse,1998-05-07,27.55
22/11/2025,Ireland,14,Canan Moodie,2002-11-05,23.05
22/11/2025,Ireland,13,Jesse Kriel,1994-02-15,31.77
22/11/2025,Ireland,8,Jasper Wiese,1995-10-21,30.09
22/11/2025,Ireland,12,Damian de Allende,1991-11-25,33.99
22/11/2025,Ireland,11,Cheslin Kolbe,1993-10-28,32.07
22/11/2025,Ireland,21,Kwagga Smith,1993-06-11,32.45
22/11/2025,Ireland,6,Siya Kolisi,1991-06-16,34.44
22/11/2025,Ireland,10,Sacha Feinberg-Mngomezulu,2002-02-22,23.75
22/11/2025,Ireland,4,Eben Etzebeth,1991-10-29,34.07
22/11/2025,Ireland,9,Cobus Reinach,1990-02-07,35.79
22/11/2025,Ireland,2,Malcolm Marx,1994-07-13,31.36
22/11/2025,Ireland,22,Grant Williams,1996-07-22,29.34
22/11/2025,Ireland,16,Johan Grobbelaar,1997-12-30,27.9
22/11/2025,Ireland,18,Wilco Louw,1994-07-20,31.34
22/11/2025,Ireland,17,Gerhard Steenekamp,1997-04-09,28.62
22/11/2025,Ireland,7,Pieter-Steph Du Toit,1992-08-20,33.26
22/11/2025,Ireland,5,Ruan Nortje,1998-07-25,27.33
22/11/2025,Ireland,3,Thomas Du Toit,1995-05-05,30.55
22/11/2025,Ireland,23,Manie Libbok,1997-07-15,28.36
29/11/2025,Wales,14,Ethan Hooker,2003-01-20,22.86
29/11/2025,Wales,4,Jean Kleyn,1993-08-26,32.26
29/11/2025,Wales,12,Andre Esterhuizen,1994-03-30,31.67
29/11/2025,Wales,15,Damian Willemse,1998-05-07,27.57
29/11/2025,Wales,11,Canan Moodie,2002-11-05,23.07
29/11/2025,Wales,8,Jasper Wiese,1995-10-21,30.11
29/11/2025,Wales,13,Damian de Allende,1991-11-25,34.01
29/11/2025,Wales,21,Ben-Jason Dixon,1998-04-29,27.59
29/11/2025,Wales,9,Morne van den Berg,1997-10-24,28.1
29/11/2025,Wales,22,Kwagga Smith,1993-06-11,32.47
29/11/2025,Wales,6,Siya Kolisi,1991-06-16,34.46
29/11/2025,Wales,16,Mbongeni Mbonambi,1991-01-07,34.89
29/11/2025,Wales,10,Sacha Feinberg-Mngomezulu,2002-02-22,23.77
29/11/2025,Wales,19,Eben Etzebeth,1991-10-29,34.09
29/11/2025,Wales,7,Franco Mostert,1990-11-27,35.01
29/11/2025,Wales,20,Marco van Staden,1995-08-25,30.26
29/11/2025,Wales,17,Zach Porthen,2004-03-31,21.67
29/11/2025,Wales,18,Asenathi Ntlabakanye,1999-04-15,26.63
29/11/2025,Wales,23,Cobus Reinach,1990-02-07,35.81
29/11/2025,Wales,2,Johan Grobbelaar,1997-12-30,27.92
29/11/2025,Wales,3,Wilco Louw,1994-07-20,31.36
29/11/2025,Wales,1,Gerhard Steenekamp,1997-04-09,28.64
29/11/2025,Wales,5,Ruan Nortje,1998-07-25,27.35
20/06/2026,Barbarians,3,Carlu Sadie,1997-05-07,29.12
20/06/2026,Barbarians,12,Andre Esterhuizen,1994-03-30,32.23
20/06/2026,Barbarians,13,Jesse Kriel,1994-02-15,32.34
20/06/2026,Barbarians,8,Jasper Wiese,1995-10-21,30.66
20/06/2026,Barbarians,1,Ox Nche,1995-07-23,30.91
20/06/2026,Barbarians,20,Paul de Villiers,2003-01-13,23.43
20/06/2026,Barbarians,19,Ben-Jason Dixon,1998-04-29,28.14
20/06/2026,Barbarians,14,Cheslin Kolbe,1993-10-28,32.64
20/06/2026,Barbarians,15,Aphelele Fassi,1998-01-23,28.41
20/06/2026,Barbarians,6,Siya Kolisi,1991-06-16,35.01
20/06/2026,Barbarians,22,Faf de Klerk,1991-10-19,34.67
20/06/2026,Barbarians,2,Andre-Hugo Venter,2001-09-10,24.78
20/06/2026,Barbarians,10,Quan Horn,2001-06-27,24.98
20/06/2026,Barbarians,17,Ntuthuko Mchunu,1999-04-05,27.21
20/06/2026,Barbarians,5,Franco Mostert,1990-11-27,35.56
20/06/2026,Barbarians,18,Zach Porthen,2004-03-31,22.22
20/06/2026,Barbarians,21,Evan Roos,2000-01-20,26.42
20/06/2026,Barbarians,11,Edwill Van Der Merwe,1996-04-12,30.19
20/06/2026,Barbarians,9,Grant Williams,1996-07-22,29.91
20/06/2026,Barbarians,7,Pieter-Steph Du Toit,1992-08-20,33.83
20/06/2026,Barbarians,23,Vusi Simphiwe Moyo,2006-06-21,20.0
20/06/2026,Barbarians,16,JJ Kotze,2000-11-06,25.62
20/06/2026,Barbarians,4,Riley Norton,2006-01-02,20.46
04/07/2026,England,22,Andre Esterhuizen,1994-03-30,32.26
04/07/2026,England,15,Damian Willemse,1998-05-07,28.16
04/07/2026,England,23,Canan Moodie,2002-11-05,23.66
04/07/2026,England,13,Jesse Kriel,1994-02-15,32.38
04/07/2026,England,8,Jasper Wiese,1995-10-21,30.7
04/07/2026,England,1,Ox Nche,1995-07-23,30.95
04/07/2026,England,16,Jan-Hendrik Wessels,2001-05-08,25.16
04/07/2026,England,6,Paul de Villiers,2003-01-13,23.47
04/07/2026,England,12,Damian de Allende,1991-11-25,34.61
04/07/2026,England,20,Ben-Jason Dixon,1998-04-29,28.18
04/07/2026,England,14,Cheslin Kolbe,1993-10-28,32.68
04/07/2026,England,20,Cameron Hanekom,2002-05-10,24.15
04/07/2026,England,11,Kurt-Lee Arendse,1996-06-17,30.05
04/07/2026,England,19,Marco van Staden,1995-08-25,30.86
04/07/2026,England,18,Zach Porthen,2004-03-31,22.26
04/07/2026,England,21,Cobus Reinach,1990-02-07,36.4
04/07/2026,England,2,Malcolm Marx,1994-07-13,31.98
04/07/2026,England,9,Grant Williams,1996-07-22,29.95
04/07/2026,England,17,Gerhard Steenekamp,1997-04-09,29.24
04/07/2026,England,7,Pieter-Steph Du Toit,1992-08-20,33.87
04/07/2026,England,5,Ruan Nortje,1998-07-25,27.94
04/07/2026,England,3,Thomas Du Toit,1995-05-05,31.17
04/07/2026,England,10,Manie Libbok,1997-07-15,28.97
11/07/2026,Scotland,20,Vincent Tshituka,1998-09-10,27.83
11/07/2026,Scotland,11,Ethan Hooker,2003-01-20,23.47
11/07/2026,Scotland,1,Boan Venter,1997-04-12,29.25
11/07/2026,Scotland,12,Damian Willemse,1998-05-07,28.18
11/07/2026,Scotland,10,Handre Pollard,1994-03-11,32.33
11/07/2026,Scotland,13,Jesse Kriel,1994-02-15,32.4
11/07/2026,Scotland,4,Cobus Wiese,1997-06-02,29.11
11/07/2026,Scotland,16,Jan-Hendrik Wessels,2001-05-08,25.18
11/07/2026,Scotland,6,Paul de Villiers,2003-01-13,23.49
11/07/2026,Scotland,19,Ben-Jason Dixon,1998-04-29,28.2
11/07/2026,Scotland,15,Aphelele Fassi,1998-01-23,28.46
11/07/2026,Scotland,9,Embrose Papier,1997-04-25,29.21
11/07/2026,Scotland,21,Elrigh Louw,1999-09-20,26.81
11/07/2026,Scotland,23,Quan Horn,2001-06-27,25.04
11/07/2026,Scotland,17,Ntuthuko Mchunu,1999-04-05,27.27
11/07/2026,Scotland,18,Zach Porthen,2004-03-31,22.28
11/07/2026,Scotland,8,Evan Roos,2000-01-20,26.47
11/07/2026,Scotland,14,Edwill Van Der Merwe,1996-04-12,30.25
11/07/2026,Scotland,22,Grant Williams,1996-07-22,29.97
11/07/2026,Scotland,2,Johan Grobbelaar,1997-12-30,28.53
11/07/2026,Scotland,3,Wilco Louw,1994-07-20,31.98
11/07/2026,Scotland,7,Pieter-Steph Du Toit,1992-08-20,33.89
11/07/2026,Scotland,5,Ruan Nortje,1998-07-25,27.96
18/07/2026,Wales,20,Marco van Staden,1995-08-25,30.9
18/07/2026,Wales,9,Cobus Reinach,1990-02-07,36.44
18/07/2026,Wales,2,Malcolm Marx,1994-07-13,32.01
18/07/2026,Wales,18,Wilco Louw,1994-07-20,32.0
18/07/2026,Wales,1,Gerhard Steenekamp,1997-04-09,29.27
18/07/2026,Wales,7,Pieter-Steph Du Toit,1992-08-20,33.91
18/07/2026,Wales,10,Vusi Simphiwe Moyo,2006-06-21,20.07
18/07/2026,Wales,14,Jaco Williams,2005-08-25,20.9
18/07/2026,Wales,5,Ruben Van Heerden,1997-10-27,28.72
18/07/2026,Wales,22,Manie Libbok,1997-07-15,29.01
18/07/2026,Wales,3,Carlu Sadie,1997-05-07,29.2
18/07/2026,Wales,23,Damian Willemse,1998-05-07,28.2
18/07/2026,Wales,13,Jesse Kriel,1994-02-15,32.42
18/07/2026,Wales,8,Jasper Wiese,1995-10-21,30.74
18/07/2026,Wales,21,Herschel Jantjies,1996-04-22,30.24
18/07/2026,Wales,4,Cobus Wiese,1997-06-02,29.13
18/07/2026,Wales,17,Jan-Hendrik Wessels,2001-05-08,25.19
18/07/2026,Wales,6,Paul de Villiers,2003-01-13,23.51
18/07/2026,Wales,12,Damian de Allende,1991-11-25,34.65
18/07/2026,Wales,19,Ben-Jason Dixon,1998-04-29,28.22
18/07/2026,Wales,15,Aphelele Fassi,1998-01-23,28.48
18/07/2026,Wales,16,Andre-Hugo Venter,2001-09-10,24.85
18/07/2026,Wales,11,Kurt-Lee Arendse,1996-06-17,30.08
08/08/2026,Argentina,11,Ethan Hooker,2003-01-20,23.55
08/08/2026,Argentina,1,Boan Venter,1997-04-12,29.32
08/08/2026,Argentina,12,Andre Esterhuizen,1994-03-30,32.36
08/08/2026,Argentina,13,Canan Moodie,2002-11-05,23.76
08/08/2026,Argentina,23,Handre Pollard,1994-03-11,32.41
08/08/2026,Argentina,20,Cobus Wiese,1997-06-02,29.18
08/08/2026,Argentina,16,Jan-Hendrik Wessels,2001-05-08,25.25
08/08/2026,Argentina,19,Ben-Jason Dixon,1998-04-29,28.28
08/08/2026,Argentina,22,Morne van den Berg,1997-10-24,28.79
08/08/2026,Argentina,15,Aphelele Fassi,1998-01-23,28.54
08/08/2026,Argentina,6,Siya Kolisi,1991-06-16,35.15
08/08/2026,Argentina,8,Cameron Hanekom,2002-05-10,24.25
08/08/2026,Argentina,7,Elrigh Louw,1999-09-20,26.88
08/08/2026,Argentina,10,Sacha Feinberg-Mngomezulu,2002-02-22,24.46
08/08/2026,Argentina,4,Eben Etzebeth,1991-10-29,34.78
08/08/2026,Argentina,21,Marco van Staden,1995-08-25,30.95
08/08/2026,Argentina,18,Zach Porthen,2004-03-31,22.36
08/08/2026,Argentina,9,Cobus Reinach,1990-02-07,36.5
08/08/2026,Argentina,14,Edwill Van Der Merwe,1996-04-12,30.32
08/08/2026,Argentina,2,Johan Grobbelaar,1997-12-30,28.61
08/08/2026,Argentina,17,Gerhard Steenekamp,1997-04-09,29.33
08/08/2026,Argentina,5,Lodewyk De Jager,1992-12-17,33.64
08/08/2026,Argentina,3,Thomas Du Toit,1995-05-05,31.26
