match_url,match_id,season,team,home_away,shirt_number,player_id,player_name,position,role
https://rugby-union-feeds.incrowdsports.com/v1/matches/282738,282738,202401,Dragons RFC,home,10,201380,Will Reed,fly half,starter
https://rugby-union-feeds.incrowdsports.com/v1/matches/282738,282738,202401,Dragons RFC,home,11,180932,Ewan Rosser,left wing,starter
https://rugby-union-feeds.incrowdsports.com/v1/matches/282738,282738,202401,Dragons RFC,home,21,124484,Dane Blacker,sub 6,replacement
https://rugby-union-feeds.incrowdsports.com/v1/matches/282738,282738,202401,Dragons RFC,home,15,211713,Angus O'Brien,full back,starter
https://rugby-union-feeds.incrowdsports.com/v1/matches/282738,282738,202401,Dragons RFC,home,2,214245,James Benjamin,hooker,starter
https://rugby-union-feeds.incrowdsports.com/v1/matches/282738,282738,202401,Dragons RFC,home,19,135435,George Nott,sub 4,replacement
https://rugby-union-feeds.incrowdsports.com/v1/matches/282738,282738,202401,Dragons RFC,home,12,140652,Aneurin Owen,inside centre,starter
https://rugby-union-feeds.incrowdsports.com/v1/matches/282738,282738,202401,Dragons RFC,home,9,240459,Morgan Lloyd,scrum half,starter
https://rugby-union-feeds.incrowdsports.com/v1/matches/282738,282738,202401,Dragons RFC,home,14,138569,Rio Dyer,right wing,starter
https://rugby-union-feeds.incrowdsports.com/v1/matches/282738,282738,202401,Dragons RFC,home,13,242826,Harry Wilson,outside centre,starter
https://rugby-union-feeds.incrowdsports.com/v1/matches/282738,282738,202401,Dragons RFC,home,4,190032,Joe Davies,second row,starter
https://rugby-union-feeds.incrowdsports.com/v1/matches/282738,282738,202401,Dragons RFC,home,5,198669,Matthew Screech,second row,starter
https://rugby-union-feeds.incrowdsports.com/v1/matches/282738,282738,202401,Dragons RFC,home,18,196212,Luke Yendle,sub 3,replacement
https://rugby-union-feeds.incrowdsports.com/v1/matches/282738,282738,202401,Dragons RFC,home,7,181073,Taine Basham,flanker,starter
https://rugby-union-feeds.incrowdsports.com/v1/matches/282738,282738,202401,Dragons RFC,home,23,151127,Jared Rosser,sub 8,replacement
https://rugby-union-feeds.incrowdsports.com/v1/matches/282738,282738,202401,Dragons RFC,home,20,249751,Barny Langton-Cryer,sub 5,replacement
https://rugby-union-feeds.incrowdsports.com/v1/matches/282738,282738,202401,Dragons RFC,home,1,174587,Josh Reynolds,loosehead prop,starter
https://rugby-union-feeds.incrowdsports.com/v1/matches/282738,282738,202401,Dragons RFC,home,8,119132,Aaron Wainwright,number eight,starter
https://rugby-union-feeds.incrowdsports.com/v1/matches/282738,282738,202401,Dragons RFC,home,16,244730,Sam Scarfe,sub 1,replacement
https://rugby-union-feeds.incrowdsports.com/v1/matches/282738,282738,202401,Dragons RFC,home,3,207872,Chris Coleman,tighthead prop,starter
https://rugby-union-feeds.incrowdsports.com/v1/matches/282738,282738,202401,Dragons RFC,home,22,101982,Cai Evans,sub 7,replacement
https://rugby-union-feeds.incrowdsports.com/v1/matches/282738,282738,202401,Dragons RFC,home,17,124512,Aki Seiuli,sub 2,replacement
https://rugby-union-feeds.incrowdsports.com/v1/matches/282738,282738,202401,Dragons RFC,home,6,240573,Ryan Woodman,flanker,starter
https://rugby-union-feeds.incrowdsports.com/v1/matches/282738,282738,202401,Montpellier,away,16,155139,Vano Karkadze,sub 1,replacement
https://rugby-union-feeds.incrowdsports.com/v1/matches/282738,282738,202401,Montpellier,away,3,109220,Mohamed Haouas,tighthead prop,starter
https://rugby-union-feeds.incrowdsports.com/v1/matches/282738,282738,202401,Montpellier,away,21,113670,Ryan Louwrens,sub 6,replacement
https://rugby-union-feeds.incrowdsports.com/v1/matches/282738,282738,202401,Montpellier,away,23,221416,Christa Powell,sub 8,replacement
https://rugby-union-feeds.incrowdsports.com/v1/matches/282738,282738,202401,Montpellier,away,14,134987,George Bridge,right wing,starter
https://rugby-union-feeds.incrowdsports.com/v1/matches/282738,282738,202401,Montpellier,away,5,233098,Tyler DuGuid,second row,starter
https://rugby-union-feeds.incrowdsports.com/v1/matches/282738,282738,202401,Montpellier,away,8,152393,Marco Tauleigne,number eight,starter
https://rugby-union-feeds.incrowdsports.com/v1/matches/282738,282738,202401,Montpellier,away,1,213609,Enzo Forletta,loosehead prop,starter
https://rugby-union-feeds.incrowdsports.com/v1/matches/282738,282738,202401,Montpellier,away,18,225289,Wilfrid Hounkpatin,sub 3,replacement
https://rugby-union-feeds.incrowdsports.com/v1/matches/282738,282738,202401,Montpellier,away,13,193262,Thomas Darmon,outside centre,starter
https://rugby-union-feeds.incrowdsports.com/v1/matches/282738,282738,202401,Montpellier,away,6,242189,Nicolas Martins,flanker,starter
https://rugby-union-feeds.incrowdsports.com/v1/matches/282738,282738,202401,Montpellier,away,10,252244,Aurelien Barreau,fly half,starter
https://rugby-union-feeds.incrowdsports.com/v1/matches/282738,282738,202401,Montpellier,away,20,161907,Alex Becognee,sub 5,replacement
https://rugby-union-feeds.incrowdsports.com/v1/matches/282738,282738,202401,Montpellier,away,2,250834,Lyam Akrab,hooker,starter
https://rugby-union-feeds.incrowdsports.com/v1/matches/282738,282738,202401,Montpellier,away,7,254546,Youssouf Soucouna,flanker,starter
https://rugby-union-feeds.incrowdsports.com/v1/matches/282738,282738,202401,Montpellier,away,17,244854,Luca Tabarot,sub 2,replacement
https://rugby-union-feeds.incrowdsports.com/v1/matches/282738,282738,202401,Montpellier,away,12,171478,Arthur Vincent,inside centre,starter
https://rugby-union-feeds.incrowdsports.com/v1/matches/282738,282738,202401,Montpellier,away,19,252245,Jules Veyrier,sub 4,replacement
https://rugby-union-feeds.incrowdsports.com/v1/matches/282738,282738,202401,Montpellier,away,11,101948,Madosh Tambwe,left wing,starter
https://rugby-union-feeds.incrowdsports.com/v1/matches/282738,282738,202401,Montpellier,away,4,141337,Florian Verhaeghe,second row,starter
https://rugby-union-feeds.incrowdsports.com/v1/matches/282738,282738,202401,Montpellier,away,15,156128,Julien Tisseron,full back,starter
https://rugby-union-feeds.incrowdsports.com/v1/matches/282738,282738,202401,Montpellier,away,9,237823,Alexis Bernadet,scrum half,starter
https://rugby-union-feeds.incrowdsports.com/v1/matches/282738,282738,202401,Montpellier,away,22,103743,Thomas Vincent,sub 7,replacement
https://rugby-union-feeds.incrowdsports.com/v1/matches/282737,282737,202401,Gloucester Rugby,home,11,241026,Josh Hathaway,left wing,starter
https://rugby-union-feeds.incrowdsports.com/v1/matches/282737,282737,202401,Gloucester Rugby,home,9,201697,Caolan Englefield,scrum half,starter
https://rugby-union-feeds.incrowdsports.com/v1/matches/282737,282737,202401,Gloucester Rugby,home,4,124901,Arthur Clark,second row,starter
https://rugby-union-feeds.incrowdsports.com/v1/matches/282737,282737,202401,Gloucester Rugby,home,12,186214,Max Llewellyn,inside centre,starter
https://rugby-union-feeds.incrowdsports.com/v1/matches/282737,282737,202401,Gloucester Rugby,home,6,196875,Freddie Thomas,flanker,starter
https://rugby-union-feeds.incrowdsports.com/v1/matches/282737,282737,202401,Gloucester Rugby,home,21,117545,Charlie Chapman,sub 6,replacement
https://rugby-union-feeds.incrowdsports.com/v1/matches/282737,282737,202401,Gloucester Rugby,home,14,166601,Christian Wade,right wing,starter
https://rugby-union-feeds.incrowdsports.com/v1/matches/282737,282737,202401,Gloucester Rugby,home,13,196656,Chris Harris,outside centre,starter
https://rugby-union-feeds.incrowdsports.com/v1/matches/282737,282737,202401,Gloucester Rugby,home,19,137423,Harry Taylor,sub 4,replacement
https://rugby-union-feeds.incrowdsports.com/v1/matches/282737,282737,202401,Gloucester Rugby,home,22,112368,Will Butler,sub 7,replacement
https://rugby-union-feeds.incrowdsports.com/v1/matches/282737,282737,202401,Gloucester Rugby,home,8,191662,Ruan Ackermann,number eight,starter
https://rugby-union-feeds.incrowdsports.com/v1/matches/282737,282737,202401,Gloucester Rugby,home,20,185102,Albert Tuisue,sub 5,replacement
https://rugby-union-feeds.incrowdsports.com/v1/matches/282737,282737,202401,Gloucester Rugby,home,17,189971,Ciaran Knight,sub 2,replacement
https://rugby-union-feeds.incrowdsports.com/v1/matches/282737,282737,202401,Gloucester Rugby,home,3,201234,Kirill Gotovtsev,tighthead prop,starter
https://rugby-union-feeds.incrowdsports.com/v1/matches/282737,282737,202401,Gloucester Rugby,home,23,133265,George Barton,sub 8,replacement
https://rugby-union-feeds.incrowdsports.com/v1/matches/282737,282737,202401,Gloucester Rugby,home,2,137490,Seb Blake,hooker,starter
https://rugby-union-feeds.incrowdsports.com/v1/matches/282737,282737,202401,Gloucester Rugby,home,10,102615,Gareth Anscombe,fly half,starter
https://rugby-union-feeds.incrowdsports.com/v1/matches/282737,282737,202401,Gloucester Rugby,home,7,209756,Lewis Ludlow,flanker,starter
https://rugby-union-feeds.incrowdsports.com/v1/matches/282737,282737,202401,Gloucester Rugby,home,16,122972,Jack Singleton,sub 1,replacement
https://rugby-union-feeds.incrowdsports.com/v1/matches/282737,282737,202401,Gloucester Rugby,home,18,239418,Afolabi Fasogbon,sub 3,replacement
https://rugby-union-feeds.incrowdsports.com/v1/matches/282737,282737,202401,Gloucester Rugby,home,1,213184,Val Rapava Ruskin,loosehead prop,starter
https://rugby-union-feeds.incrowdsports.com/v1/matches/282737,282737,202401,Gloucester Rugby,home,15,189982,Santiago Carreras,full back,starter
https://rugby-union-feeds.incrowdsports.com/v1/matches/282737,282737,202401,Gloucester Rugby,home,5,117823,Matias Alemanno,second row,starter
https://rugby-union-feeds.incrowdsports.com/v1/matches/282737,282737,202401,Edinburgh Rugby,away,10,184258,Ross Thompson,fly half,starter
https://rugby-union-feeds.incrowdsports.com/v1/matches/282737,282737,202401,Edinburgh Rugby,away,16,129286,Dave Cherry,sub 1,replacement
https://rugby-union-feeds.incrowdsports.com/v1/matches/282737,282737,202401,Edinburgh Rugby,away,13,150632,Matt Currie,outside centre,starter
https://rugby-union-feeds.incrowdsports.com/v1/matches/282737,282737,202401,Edinburgh Rugby,away,19,243622,Rob Carmichael,sub 4,replacement
https://rugby-union-feeds.incrowdsports.com/v1/matches/282737,282737,202401,Edinburgh Rugby,away,8,156550,Magnus Bradbury,number eight,starter
https://rugby-union-feeds.incrowdsports.com/v1/matches/282737,282737,202401,Edinburgh Rugby,away,14,190601,Ross McCann,right wing,starter
https://rugby-union-feeds.incrowdsports.com/v1/matches/282737,282737,202401,Edinburgh Rugby,away,4,182313,Marshall Sykes,second row,starter
https://rugby-union-feeds.incrowdsports.com/v1/matches/282737,282737,202401,Edinburgh Rugby,away,17,237257,Mikey Jones,sub 2,replacement
https://rugby-union-feeds.incrowdsports.com/v1/matches/282737,282737,202401,Edinburgh Rugby,away,22,225774,Ben Healy,sub 7,replacement
https://rugby-union-feeds.incrowdsports.com/v1/matches/282737,282737,202401,Edinburgh Rugby,away,23,217844,James Lang,sub 8,replacement
https://rugby-union-feeds.incrowdsports.com/v1/matches/282737,282737,202401,Edinburgh Rugby,away,20,241715,Liam McConnell,sub 5,replacement
https://rugby-union-feeds.incrowdsports.com/v1/matches/282737,282737,202401,Edinburgh Rugby,away,1,169560,Boan Venter,loosehead prop,starter
https://rugby-union-feeds.incrowdsports.com/v1/matches/282737,282737,202401,Edinburgh Rugby,away,7,250743,Freddy Douglas,flanker,starter
https://rugby-union-feeds.incrowdsports.com/v1/matches/282737,282737,202401,Edinburgh Rugby,away,9,189686,Charlie Shiel,scrum half,starter
https://rugby-union-feeds.incrowdsports.com/v1/matches/282737,282737,202401,Edinburgh Rugby,away,3,144726,Paul Hill,tighthead prop,starter
https://rugby-union-feeds.incrowdsports.com/v1/matches/282737,282737,202401,Edinburgh Rugby,away,5,126711,Sam Skinner,second row,starter
https://rugby-union-feeds.incrowdsports.com/v1/matches/282737,282737,202401,Edinburgh Rugby,away,15,100826,Wes Goosen,full back,starter
https://rugby-union-feeds.incrowdsports.com/v1/matches/282737,282737,202401,Edinburgh Rugby,away,2,233243,Paddy Harrison,hooker,starter
https://rugby-union-feeds.incrowdsports.com/v1/matches/282737,282737,202401,Edinburgh Rugby,away,12,242778,Mosese Tuipulotu,inside centre,starter
https://rugby-union-feeds.incrowdsports.com/v1/matches/282737,282737,202401,Edinburgh Rugby,away,18,172959,D'arcy Rae,sub 3,replacement
https://rugby-union-feeds.incrowdsports.com/v1/matches/282737,282737,202401,Edinburgh Rugby,away,6,142944,Tom Dodd,flanker,starter
https://rugby-union-feeds.incrowdsports.com/v1/matches/282737,282737,202401,Edinburgh Rugby,away,21,252415,Conor McAlpine,sub 6,replacement
https://rugby-union-feeds.incrowdsports.com/v1/matches/282737,282737,202401,Edinburgh Rugby,away,11,244573,Nathan Sweeney,left wing,starter
https://rugby-union-feeds.incrowdsports.com/v1/matches/282739,282739,202401,Bayonne,home,14,151715,Nadir Megdoud,right wing,starter
https://rugby-union-feeds.incrowdsports.com/v1/matches/282739,282739,202401,Bayonne,home,17,180899,Andy Bordelai,sub 2,replacement
https://rugby-union-feeds.incrowdsports.com/v1/matches/282739,282739,202401,Bayonne,home,6,154820,Rodrigo Bruni,flanker,starter
https://rugby-union-feeds.incrowdsports.com/v1/matches/282739,282739,202401,Bayonne,home,18,224930,Pascal Cotet,sub 3,replacement
https://rugby-union-feeds.incrowdsports.com/v1/matches/282739,282739,202401,Bayonne,home,1,237160,Martin Villar,loosehead prop,starter
https://rugby-union-feeds.incrowdsports.com/v1/matches/282739,282739,202401,Bayonne,home,21,212775,Baptiste Germain,sub 6,replacement
https://rugby-union-feeds.incrowdsports.com/v1/matches/282739,282739,202401,Bayonne,home,7,118665,Baptiste Heguy,flanker,starter
https://rugby-union-feeds.incrowdsports.com/v1/matches/282739,282739,202401,Bayonne,home,22,111595,Joris Segonds,sub 7,replacement
https://rugby-union-feeds.incrowdsports.com/v1/matches/282739,282739,202401,Bayonne,home,16,124653,Torsten van Jaarsveld,sub 1,replacement
https://rugby-union-feeds.incrowdsports.com/v1/matches/282739,282739,202401,Bayonne,home,10,166482,Camille Lopez,fly half,starter
https://rugby-union-feeds.incrowdsports.com/v1/matches/282739,282739,202401,Bayonne,home,11,165591,Mateo Carreras,left wing,starter
https://rugby-union-feeds.incrowdsports.com/v1/matches/282739,282739,202401,Bayonne,home,5,236696,Veikoso Poloniati,second row,starter
https://rugby-union-feeds.incrowdsports.com/v1/matches/282739,282739,202401,Bayonne,home,19,188821,Baptiste Chouzenoux,sub 4,replacement
https://rugby-union-feeds.incrowdsports.com/v1/matches/282739,282739,202401,Bayonne,home,4,205212,Denis Marchois,second row,starter
https://rugby-union-feeds.incrowdsports.com/v1/matches/282739,282739,202401,Bayonne,home,15,111321,Cheikh Tiberghien,full back,starter
https://rugby-union-feeds.incrowdsports.com/v1/matches/282739,282739,202401,Bayonne,home,13,196827,Guillaume Martocq,outside centre,starter
https://rugby-union-feeds.incrowdsports.com/v1/matches/282739,282739,202401,Bayonne,home,12,169657,Manu Tuilagi,inside centre,starter
https://rugby-union-feeds.incrowdsports.com/v1/matches/282739,282739,202401,Bayonne,home,3,154521,Pieter Scholtz,tighthead prop,starter
https://rugby-union-feeds.incrowdsports.com/v1/matches/282739,282739,202401,Bayonne,home,23,243258,Tom Spring,sub 8,replacement
https://rugby-union-feeds.incrowdsports.com/v1/matches/282739,282739,202401,Bayonne,home,9,156922,Guillaume Rouet,scrum half,starter
https://rugby-union-feeds.incrowdsports.com/v1/matches/282739,282739,202401,Bayonne,home,20,209785,Giovanni Habel-Kuffner,sub 5,replacement
https://rugby-union-feeds.incrowdsports.com/v1/matches/282739,282739,202401,Bayonne,home,2,229854,Lucas Martin,hooker,starter
https://rugby-union-feeds.incrowdsports.com/v1/matches/282739,282739,202401,Bayonne,home,8,166750,Uzair Cassiem,number eight,starter
https://rugby-union-feeds.incrowdsports.com/v1/matches/282739,282739,202401,Scarlets,away,6,238947,Jarrod Taylor,flanker,starter
https://rugby-union-feeds.incrowdsports.com/v1/matches/282739,282739,202401,Scarlets,away,23,250753,Macs Page,sub 8,replacement
https://rugby-union-feeds.incrowdsports.com/v1/matches/282739,282739,202401,Scarlets,away,1,194663,Kemsley Mathias,loosehead prop,starter
https://rugby-union-feeds.incrowdsports.com/v1/matches/282739,282739,202401,Scarlets,away,19,158599,Sam Lousi,sub 4,replacement
https://rugby-union-feeds.incrowdsports.com/v1/matches/282739,282739,202401,Scarlets,away,15,103461,Ioan Nicholas,full back,starter
https://rugby-union-feeds.incrowdsports.com/v1/matches/282739,282739,202401,Scarlets,away,4,207013,Alex Craig,second row,starter
https://rugby-union-feeds.incrowdsports.com/v1/matches/282739,282739,202401,Scarlets,away,3,167563,Sam Wainwright,tighthead prop,starter
https://rugby-union-feeds.incrowdsports.com/v1/matches/282739,282739,202401,Scarlets,away,17,243659,Sam O'Connor,sub 2,replacement
https://rugby-union-feeds.incrowdsports.com/v1/matches/282739,282739,202401,Scarlets,away,10,135370,Ioan Lloyd,fly half,starter
https://rugby-union-feeds.incrowdsports.com/v1/matches/282739,282739,202401,Scarlets,away,18,236841,Archer Holz,sub 3,replacement
https://rugby-union-feeds.incrowdsports.com/v1/matches/282739,282739,202401,Scarlets,away,20,236880,Max Douglas,sub 5,replacement
https://rugby-union-feeds.incrowdsports.com/v1/matches/282739,282739,202401,Scarlets,away,13,125549,Joe Roberts,outside centre,starter
https://rugby-union-feeds.incrowdsports.com/v1/matches/282739,282739,202401,Scarlets,away,2,152813,Shaun Evans,hooker,starter
https://rugby-union-feeds.incrowdsports.com/v1/matches/282739,282739,202401,Scarlets,away,8,210189,Vaea Fifita,number eight,starter
https://rugby-union-feeds.incrowdsports.com/v1/matches/282739,282739,202401,Scarlets,away,9,122034,Efan Jones,scrum half,starter
https://rugby-union-feeds.incrowdsports.com/v1/matches/282739,282739,202401,Scarlets,away,22,154164,Charlie Titcombe,sub 7,replacement
https://rugby-union-feeds.incrowdsports.com/v1/matches/282739,282739,202401,Scarlets,away,12,237271,Eddie James,inside centre,starter
https://rugby-union-feeds.incrowdsports.com/v1/matches/282739,282739,202401,Scarlets,away,5,201303,Jac Price,second row,starter
https://rugby-union-feeds.incrowdsports.com/v1/matches/282739,282739,202401,Scarlets,away,14,125946,Tom Rogers,right wing,starter
https://rugby-union-feeds.incrowdsports.com/v1/matches/282739,282739,202401,Scarlets,away,11,249307,Ellis Mee,left wing,starter
https://rugby-union-feeds.incrowdsports.com/v1/matches/282739,282739,202401,Scarlets,away,7,173631,Dan Davis,flanker,starter
https://rugby-union-feeds.incrowdsports.com/v1/matches/282739,282739,202401,Scarlets,away,16,244735,Isaac Young,sub 1,replacement
https://rugby-union-feeds.incrowdsports.com/v1/matches/282739,282739,202401,Scarlets,away,21,240574,Archie Hughes,sub 6,replacement
https://rugby-union-feeds.incrowdsports.com/v1/matches/282740,282740,202401,Black Lion,home,15,246024,Luka Tsirekidze,full back,starter
https://rugby-union-feeds.incrowdsports.com/v1/matches/282740,282740,202401,Black Lion,home,19,124998,Demuri Epremidze,sub 4,replacement
https://rugby-union-feeds.incrowdsports.com/v1/matches/282740,282740,202401,Black Lion,home,5,205195,Lado Chachanidze,second row,starter
https://rugby-union-feeds.incrowdsports.com/v1/matches/282740,282740,202401,Black Lion,home,11,195465,Sandro Todua,left wing,starter
https://rugby-union-feeds.incrowdsports.com/v1/matches/282740,282740,202401,Black Lion,home,10,238506,Luka Matkava,fly half,starter
https://rugby-union-feeds.incrowdsports.com/v1/matches/282740,282740,202401,Black Lion,home,2,122604,Shalva Mamukashvili,hooker,starter
https://rugby-union-feeds.incrowdsports.com/v1/matches/282740,282740,202401,Black Lion,home,23,253552,Amiran Shvangiradze,sub 8,replacement
https://rugby-union-feeds.incrowdsports.com/v1/matches/282740,282740,202401,Black Lion,home,4,147024,Mikheil Babunashvili,second row,starter
https://rugby-union-feeds.incrowdsports.com/v1/matches/282740,282740,202401,Black Lion,home,20,253551,Giorgi Sinauridze,sub 5,replacement
https://rugby-union-feeds.incrowdsports.com/v1/matches/282740,282740,202401,Black Lion,home,7,120463,Giorgi Tsutskiridze,flanker,starter
https://rugby-union-feeds.incrowdsports.com/v1/matches/282740,282740,202401,Black Lion,home,9,238516,Tengiz Peranidze,scrum half,starter
https://rugby-union-feeds.incrowdsports.com/v1/matches/282740,282740,202401,Black Lion,home,13,237105,Tornike Kakhoidze,outside centre,starter
https://rugby-union-feeds.incrowdsports.com/v1/matches/282740,282740,202401,Black Lion,home,1,195383,Vasil Kakovin,loosehead prop,starter
https://rugby-union-feeds.incrowdsports.com/v1/matches/282740,282740,202401,Black Lion,home,14,161398,Akaki Tabutsadze,right wing,starter
https://rugby-union-feeds.incrowdsports.com/v1/matches/282740,282740,202401,Black Lion,home,3,243482,Giorgi Chkhartishvili,tighthead prop,starter
https://rugby-union-feeds.incrowdsports.com/v1/matches/282740,282740,202401,Black Lion,home,6,160282,Sandro Mamamtavrishvili,flanker,starter
https://rugby-union-feeds.incrowdsports.com/v1/matches/282740,282740,202401,Black Lion,home,17,243481,Dato Abdushelishvili,sub 2,replacement
https://rugby-union-feeds.incrowdsports.com/v1/matches/282740,282740,202401,Black Lion,home,22,212544,Demi Tapladze,sub 7,replacement
https://rugby-union-feeds.incrowdsports.com/v1/matches/282740,282740,202401,Black Lion,home,12,241727,Ioane Metreveli,inside centre,starter
https://rugby-union-feeds.incrowdsports.com/v1/matches/282740,282740,202401,Black Lion,home,8,238494,Luka Ivanishvili,number eight,starter
https://rugby-union-feeds.incrowdsports.com/v1/matches/282740,282740,202401,Black Lion,home,16,126080,Irakli Kvatadze,sub 1,replacement
https://rugby-union-feeds.incrowdsports.com/v1/matches/282740,282740,202401,Black Lion,home,18,249693,Bachuki Tchumbadze,sub 3,replacement
https://rugby-union-feeds.incrowdsports.com/v1/matches/282740,282740,202401,Black Lion,home,21,241725,Davit Khuroshvili,sub 6,replacement
https://rugby-union-feeds.incrowdsports.com/v1/matches/282740,282740,202401,Vannes,away,1,217219,Hugo Djehi,loosehead prop,starter
https://rugby-union-feeds.incrowdsports.com/v1/matches/282740,282740,202401,Vannes,away,3,240871,Simon Bourgeois,tighthead prop,starter
https://rugby-union-feeds.incrowdsports.com/v1/matches/282740,282740,202401,Vannes,away,20,233063,Leon Boulier,sub 5,replacement
https://rugby-union-feeds.incrowdsports.com/v1/matches/282740,282740,202401,Vannes,away,15,159467,Massimo Ortolan,full back,starter
https://rugby-union-feeds.incrowdsports.com/v1/matches/282740,282740,202401,Vannes,away,21,249260,Jean Cotarmanac'h,sub 6,replacement
https://rugby-union-feeds.incrowdsports.com/v1/matches/282740,282740,202401,Vannes,away,17,237226,Thomas Moukoro,sub 2,replacement
https://rugby-union-feeds.incrowdsports.com/v1/matches/282740,282740,202401,Vannes,away,9,110891,Stephen Varney,scrum half,starter
https://rugby-union-feeds.incrowdsports.com/v1/matches/282740,282740,202401,Vannes,away,8,216073,Kitione Kamikamica,number eight,starter
https://rugby-union-feeds.incrowdsports.com/v1/matches/282740,282740,202401,Vannes,away,23,112523,Paga Tafili,sub 8,replacement
https://rugby-union-feeds.incrowdsports.com/v1/matches/282740,282740,202401,Vannes,away,11,240591,Enzo Benmegal,left wing,starter
https://rugby-union-feeds.incrowdsports.com/v1/matches/282740,282740,202401,Vannes,away,10,218574,Thibault Debaes,fly half,starter
https://rugby-union-feeds.incrowdsports.com/v1/matches/282740,282740,202401,Vannes,away,13,249261,Robin Taccola,outside centre,starter
https://rugby-union-feeds.incrowdsports.com/v1/matches/282740,282740,202401,Vannes,away,12,191986,Alex Arrate,inside centre,starter
https://rugby-union-feeds.incrowdsports.com/v1/matches/282740,282740,202401,Vannes,away,7,176024,Simon Augry,flanker,starter
https://rugby-union-feeds.incrowdsports.com/v1/matches/282740,282740,202401,Vannes,away,14,244150,Théo Bastardie,right wing,starter
https://rugby-union-feeds.incrowdsports.com/v1/matches/282740,282740,202401,Vannes,away,5,250972,Timothe Mezou,second row,starter
https://rugby-union-feeds.incrowdsports.com/v1/matches/282740,282740,202401,Vannes,away,22,156827,Tani Vili,sub 7,replacement
https://rugby-union-feeds.incrowdsports.com/v1/matches/282740,282740,202401,Vannes,away,6,147932,Jean-Maurice Decubber,flanker,starter
https://rugby-union-feeds.incrowdsports.com/v1/matches/282740,282740,202401,Vannes,away,16,240763,Louis-Marie Suta,sub 1,replacement
https://rugby-union-feeds.incrowdsports.com/v1/matches/282740,282740,202401,Vannes,away,19,237017,Matteo Desjeux,sub 4,replacement
https://rugby-union-feeds.incrowdsports.com/v1/matches/282740,282740,202401,Vannes,away,2,151775,Pat Leafa,hooker,starter
https://rugby-union-feeds.incrowdsports.com/v1/matches/282740,282740,202401,Vannes,away,18,233216,Matthieu Uhila,sub 3,replacement
https://rugby-union-feeds.incrowdsports.com/v1/matches/282740,282740,202401,Vannes,away,4,194400,Christie van der Merwe,second row,starter
https://rugby-union-feeds.incrowdsports.com/v1/matches/282741,282741,202401,Lyon O.U.,home,16,254436,Baptiste Narmand,sub 1,replacement
https://rugby-union-feeds.incrowdsports.com/v1/matches/282741,282741,202401,Lyon O.U.,home,7,245027,Marvin Okuya,flanker,starter
https://rugby-union-feeds.incrowdsports.com/v1/matches/282741,282741,202401,Lyon O.U.,home,11,224008,Vincent Rattez,left wing,starter
https://rugby-union-feeds.incrowdsports.com/v1/matches/282741,282741,202401,Lyon O.U.,home,8,161959,Maxime Gouzou,number eight,starter
https://rugby-union-feeds.incrowdsports.com/v1/matches/282741,282741,202401,Lyon O.U.,home,23,119110,Thibaut Regard,sub 8,replacement
https://rugby-union-feeds.incrowdsports.com/v1/matches/282741,282741,202401,Lyon O.U.,home,4,191142,Killian Geraci,second row,starter
https://rugby-union-feeds.incrowdsports.com/v1/matches/282741,282741,202401,Lyon O.U.,home,13,203881,Alfred Parisien,outside centre,starter
https://rugby-union-feeds.incrowdsports.com/v1/matches/282741,282741,202401,Lyon O.U.,home,15,229552,Davit Niniashvili,full back,starter
https://rugby-union-feeds.incrowdsports.com/v1/matches/282741,282741,202401,Lyon O.U.,home,14,168463,Ethan Dumortier,right wing,starter
https://rugby-union-feeds.incrowdsports.com/v1/matches/282741,282741,202401,Lyon O.U.,home,5,165041,Alban Roussel,second row,starter
https://rugby-union-feeds.incrowdsports.com/v1/matches/282741,282741,202401,Lyon O.U.,home,17,146161,Jérôme Rey,sub 2,replacement
https://rugby-union-feeds.incrowdsports.com/v1/matches/282741,282741,202401,Lyon O.U.,home,18,134034,Jermaine Ainsley,sub 3,replacement
https://rugby-union-feeds.incrowdsports.com/v1/matches/282741,282741,202401,Lyon O.U.,home,1,146999,Hamza Kaabeche,loosehead prop,starter
https://rugby-union-feeds.incrowdsports.com/v1/matches/282741,282741,202401,Lyon O.U.,home,3,138005,Cedate Gomes Sa,tighthead prop,starter
https://rugby-union-feeds.incrowdsports.com/v1/matches/282741,282741,202401,Lyon O.U.,home,22,233206,Alexandre Tchaptchet,sub 7,replacement
https://rugby-union-feeds.incrowdsports.com/v1/matches/282741,282741,202401,Lyon O.U.,home,6,189910,Dylan Cretin,flanker,starter
https://rugby-union-feeds.incrowdsports.com/v1/matches/282741,282741,202401,Lyon O.U.,home,9,110169,Charlie Cassang,scrum half,starter
https://rugby-union-feeds.incrowdsports.com/v1/matches/282741,282741,202401,Lyon O.U.,home,21,253370,Esteban Gonzalez,sub 6,replacement
https://rugby-union-feeds.incrowdsports.com/v1/matches/282741,282741,202401,Lyon O.U.,home,20,241369,Beka Shvangiradze,sub 5,replacement
https://rugby-union-feeds.incrowdsports.com/v1/matches/282741,282741,202401,Lyon O.U.,home,2,237888,Yanis Charcosset,hooker,starter
https://rugby-union-feeds.incrowdsports.com/v1/matches/282741,282741,202401,Lyon O.U.,home,19,163743,Arno Botha,sub 4,replacement
https://rugby-union-feeds.incrowdsports.com/v1/matches/282741,282741,202401,Lyon O.U.,home,12,223422,Josiah Maraku,inside centre,starter
https://rugby-union-feeds.incrowdsports.com/v1/matches/282741,282741,202401,Lyon O.U.,home,10,241309,Martin Meliande,fly half,starter
https://rugby-union-feeds.incrowdsports.com/v1/matches/282741,282741,202401,Cardiff Rugby,away,4,167587,Seb Davies,second row,starter
https://rugby-union-feeds.incrowdsports.com/v1/matches/282741,282741,202401,Cardiff Rugby,away,19,139876,Josh McNally,sub 4,replacement
https://rugby-union-feeds.incrowdsports.com/v1/matches/282741,282741,202401,Cardiff Rugby,away,12,248802,Steffan Emanuel,inside centre,starter
https://rugby-union-feeds.incrowdsports.com/v1/matches/282741,282741,202401,Cardiff Rugby,away,5,169185,Teddy Williams,second row,starter
https://rugby-union-feeds.incrowdsports.com/v1/matches/282741,282741,202401,Cardiff Rugby,away,18,163074,Will Davies-King,sub 3,replacement
https://rugby-union-feeds.incrowdsports.com/v1/matches/282741,282741,202401,Cardiff Rugby,away,20,117478,Thomas Young,sub 5,replacement
https://rugby-union-feeds.incrowdsports.com/v1/matches/282741,282741,202401,Cardiff Rugby,away,3,214279,Rhys Litterick,tighthead prop,starter
https://rugby-union-feeds.incrowdsports.com/v1/matches/282741,282741,202401,Cardiff Rugby,away,9,202470,Ellis Bevan,scrum half,starter
https://rugby-union-feeds.incrowdsports.com/v1/matches/282741,282741,202401,Cardiff Rugby,away,17,240454,Rhys Barratt,sub 2,replacement
https://rugby-union-feeds.incrowdsports.com/v1/matches/282741,282741,202401,Cardiff Rugby,away,15,128775,Jacob Beetham,full back,starter
https://rugby-union-feeds.incrowdsports.com/v1/matches/282741,282741,202401,Cardiff Rugby,away,21,237324,Johan Mulder,sub 6,replacement
https://rugby-union-feeds.incrowdsports.com/v1/matches/282741,282741,202401,Cardiff Rugby,away,22,152457,Callum Sheedy,sub 7,replacement
https://rugby-union-feeds.incrowdsports.com/v1/matches/282741,282741,202401,Cardiff Rugby,away,16,204560,Dafydd Hughes,sub 1,replacement
https://rugby-union-feeds.incrowdsports.com/v1/matches/282741,282741,202401,Cardiff Rugby,away,1,203823,Danny Southworth,loosehead prop,starter
https://rugby-union-feeds.incrowdsports.com/v1/matches/282741,282741,202401,Cardiff Rugby,away,6,235183,Alex Mann,flanker,starter
https://rugby-union-feeds.incrowdsports.com/v1/matches/282741,282741,202401,Cardiff Rugby,away,7,113101,Dan Thomas,flanker,starter
https://rugby-union-feeds.incrowdsports.com/v1/matches/282741,282741,202401,Cardiff Rugby,away,14,137453,Josh Adams,right wing,starter
https://rugby-union-feeds.incrowdsports.com/v1/matches/282741,282741,202401,Cardiff Rugby,away,8,131470,Alun Lawrence,number eight,starter
https://rugby-union-feeds.incrowdsports.com/v1/matches/282741,282741,202401,Cardiff Rugby,away,23,111537,Harri Millard,sub 8,replacement
https://rugby-union-feeds.incrowdsports.com/v1/matches/282741,282741,202401,Cardiff Rugby,away,10,138161,Tinus de Beer,fly half,starter
https://rugby-union-feeds.incrowdsports.com/v1/matches/282741,282741,202401,Cardiff Rugby,away,2,237274,Evan Lloyd,hooker,starter
https://rugby-union-feeds.incrowdsports.com/v1/matches/282741,282741,202401,Cardiff Rugby,away,13,159130,Rey Lee-Lo,outside centre,starter
https://rugby-union-feeds.incrowdsports.com/v1/matches/282741,282741,202401,Cardiff Rugby,away,11,165885,Gabe Hamer-Webb,left wing,starter
https://rugby-union-feeds.incrowdsports.com/v1/matches/282742,282742,202401,Connacht Rugby,home,11,138471,Santiago Cordero,left wing,starter
https://rugby-union-feeds.incrowdsports.com/v1/matches/282742,282742,202401,Connacht Rugby,home,7,229288,Shamus Hurley-Langton,flanker,starter
https://rugby-union-feeds.incrowdsports.com/v1/matches/282742,282742,202401,Connacht Rugby,home,4,244039,Darragh Murray,second row,starter
https://rugby-union-feeds.incrowdsports.com/v1/matches/282742,282742,202401,Connacht Rugby,home,6,216844,Josh Murphy,flanker,starter
https://rugby-union-feeds.incrowdsports.com/v1/matches/282742,282742,202401,Connacht Rugby,home,19,164748,David O'Connor,sub 4,replacement
https://rugby-union-feeds.incrowdsports.com/v1/matches/282742,282742,202401,Connacht Rugby,home,21,239627,Matthew Devine,sub 6,replacement
https://rugby-union-feeds.incrowdsports.com/v1/matches/282742,282742,202401,Connacht Rugby,home,12,141193,Cathal Forde,inside centre,starter
https://rugby-union-feeds.incrowdsports.com/v1/matches/282742,282742,202401,Connacht Rugby,home,1,123372,Jordan Duggan,loosehead prop,starter
https://rugby-union-feeds.incrowdsports.com/v1/matches/282742,282742,202401,Connacht Rugby,home,15,129867,Shane Jennings,full back,starter
https://rugby-union-feeds.incrowdsports.com/v1/matches/282742,282742,202401,Connacht Rugby,home,23,204400,Byron Ralston,sub 8,replacement
https://rugby-union-feeds.incrowdsports.com/v1/matches/282742,282742,202401,Connacht Rugby,home,9,108496,Caolin Blade,scrum half,starter
https://rugby-union-feeds.incrowdsports.com/v1/matches/282742,282742,202401,Connacht Rugby,home,10,111826,Jack Carty,fly half,starter
https://rugby-union-feeds.incrowdsports.com/v1/matches/282742,282742,202401,Connacht Rugby,home,3,162419,Jack Aungier,tighthead prop,starter
https://rugby-union-feeds.incrowdsports.com/v1/matches/282742,282742,202401,Connacht Rugby,home,16,237236,Eoin de Buitlear,sub 1,replacement
https://rugby-union-feeds.incrowdsports.com/v1/matches/282742,282742,202401,Connacht Rugby,home,13,220114,David Hawkshaw,outside centre,starter
https://rugby-union-feeds.incrowdsports.com/v1/matches/282742,282742,202401,Connacht Rugby,home,2,119988,Dylan Tierney-Martin,hooker,starter
https://rugby-union-feeds.incrowdsports.com/v1/matches/282742,282742,202401,Connacht Rugby,home,17,237239,Temi Lasisi,sub 2,replacement
https://rugby-union-feeds.incrowdsports.com/v1/matches/282742,282742,202401,Connacht Rugby,home,5,225781,Oisin Dowling,second row,starter
https://rugby-union-feeds.incrowdsports.com/v1/matches/282742,282742,202401,Connacht Rugby,home,18,244725,Fiachna Barrett,sub 3,replacement
https://rugby-union-feeds.incrowdsports.com/v1/matches/282742,282742,202401,Connacht Rugby,home,14,118682,Chay Mullins,right wing,starter
https://rugby-union-feeds.incrowdsports.com/v1/matches/282742,282742,202401,Connacht Rugby,home,22,250780,Sean Naughton,sub 7,replacement
https://rugby-union-feeds.incrowdsports.com/v1/matches/282742,282742,202401,Connacht Rugby,home,8,200378,Paul Boyle,number eight,starter
https://rugby-union-feeds.incrowdsports.com/v1/matches/282742,282742,202401,Connacht Rugby,home,20,237241,Oisin McCormack,sub 5,replacement
https://rugby-union-feeds.incrowdsports.com/v1/matches/282742,282742,202401,Zebre Parma,away,9,238019,Thomas Dominguez,scrum half,starter
https://rugby-union-feeds.incrowdsports.com/v1/matches/282742,282742,202401,Zebre Parma,away,17,236610,Luca Rizzoli,sub 2,replacement
https://rugby-union-feeds.incrowdsports.com/v1/matches/282742,282742,202401,Zebre Parma,away,7,125411,Bautista Stavile Bravin,flanker,starter
https://rugby-union-feeds.incrowdsports.com/v1/matches/282742,282742,202401,Zebre Parma,away,21,134407,Alessandro Fusco,sub 6,replacement
https://rugby-union-feeds.incrowdsports.com/v1/matches/282742,282742,202401,Zebre Parma,away,22,142725,Jacopo Bianchi,sub 7,replacement
https://rugby-union-feeds.incrowdsports.com/v1/matches/282742,282742,202401,Zebre Parma,away,4,143500,Matteo Canali,second row,starter
https://rugby-union-feeds.incrowdsports.com/v1/matches/282742,282742,202401,Zebre Parma,away,6,250739,Giacomo Milano,flanker,starter
https://rugby-union-feeds.incrowdsports.com/v1/matches/282742,282742,202401,Zebre Parma,away,19,176436,Rusiate Nasove,sub 4,replacement
https://rugby-union-feeds.incrowdsports.com/v1/matches/282742,282742,202401,Zebre Parma,away,20,143185,Luca Andreani,sub 5,replacement
https://rugby-union-feeds.incrowdsports.com/v1/matches/282742,282742,202401,Zebre Parma,away,15,236598,Giovanni Montemauri,full back,starter
https://rugby-union-feeds.incrowdsports.com/v1/matches/282742,282742,202401,Zebre Parma,away,13,123448,Filippo Drago,outside centre,starter
https://rugby-union-feeds.incrowdsports.com/v1/matches/282742,282742,202401,Zebre Parma,away,11,236566,Simone Gesi,left wing,starter
https://rugby-union-feeds.incrowdsports.com/v1/matches/282742,282742,202401,Zebre Parma,away,16,114424,Giampietro Ribaldi,sub 1,replacement
https://rugby-union-feeds.incrowdsports.com/v1/matches/282742,282742,202401,Zebre Parma,away,23,135541,Scott Gregory,sub 8,replacement
https://rugby-union-feeds.incrowdsports.com/v1/matches/282742,282742,202401,Zebre Parma,away,14,238012,Filippo Bozzoni,right wing,starter
https://rugby-union-feeds.incrowdsports.com/v1/matches/282742,282742,202401,Zebre Parma,away,12,222395,Enrico Lucchin,inside centre,starter
https://rugby-union-feeds.incrowdsports.com/v1/matches/282742,282742,202401,Zebre Parma,away,3,172284,Muhamed Hasa,tighthead prop,starter
https://rugby-union-feeds.incrowdsports.com/v1/matches/282742,282742,202401,Zebre Parma,away,8,236603,Giacomo Ferrari,number eight,starter
https://rugby-union-feeds.incrowdsports.com/v1/matches/282742,282742,202401,Zebre Parma,away,18,102875,Matteo Nocera,sub 3,replacement
https://rugby-union-feeds.incrowdsports.com/v1/matches/282742,282742,202401,Zebre Parma,away,1,189407,Paolo Buonfiglio,loosehead prop,starter
https://rugby-union-feeds.incrowdsports.com/v1/matches/282742,282742,202401,Zebre Parma,away,2,117630,Luca Bigi,hooker,starter
https://rugby-union-feeds.incrowdsports.com/v1/matches/282742,282742,202401,Zebre Parma,away,10,201405,Giacomo da Re,fly half,starter
https://rugby-union-feeds.incrowdsports.com/v1/matches/282742,282742,202401,Zebre Parma,away,5,212413,Leonardo Krumov,second row,starter
https://rugby-union-feeds.incrowdsports.com/v1/matches/282743,282743,202401,Pau,home,20,122465,Lekima Tagitagivalu,sub 5,replacement
https://rugby-union-feeds.incrowdsports.com/v1/matches/282743,282743,202401,Pau,home,21,144833,Thibault Daubagna,sub 6,replacement
https://rugby-union-feeds.incrowdsports.com/v1/matches/282743,282743,202401,Pau,home,22,135201,Nathan Decron,sub 7,replacement
https://rugby-union-feeds.incrowdsports.com/v1/matches/282743,282743,202401,Pau,home,7,160935,Reece Hewat,flanker,starter
https://rugby-union-feeds.incrowdsports.com/v1/matches/282743,282743,202401,Pau,home,23,187237,Aymeric Luc,sub 8,replacement
https://rugby-union-feeds.incrowdsports.com/v1/matches/282743,282743,202401,Pau,home,14,223308,Aaron Grandidier Nkanang,right wing,starter
https://rugby-union-feeds.incrowdsports.com/v1/matches/282743,282743,202401,Pau,home,16,217100,Youri Delhommel,sub 1,replacement
https://rugby-union-feeds.incrowdsports.com/v1/matches/282743,282743,202401,Pau,home,13,123691,Olivier Klemenczak,outside centre,starter
https://rugby-union-feeds.incrowdsports.com/v1/matches/282743,282743,202401,Pau,home,1,115886,Remi Seneca,loosehead prop,starter
https://rugby-union-feeds.incrowdsports.com/v1/matches/282743,282743,202401,Pau,home,8,220112,Thibaut Hamonou,number eight,starter
https://rugby-union-feeds.incrowdsports.com/v1/matches/282743,282743,202401,Pau,home,6,243215,Mehdi Tlili,flanker,starter
https://rugby-union-feeds.incrowdsports.com/v1/matches/282743,282743,202401,Pau,home,5,146867,Jimi Maximin,second row,starter
https://rugby-union-feeds.incrowdsports.com/v1/matches/282743,282743,202401,Pau,home,15,240019,Clément Mondinat,full back,starter
https://rugby-union-feeds.incrowdsports.com/v1/matches/282743,282743,202401,Pau,home,2,106963,Dan Jooste,hooker,starter
https://rugby-union-feeds.incrowdsports.com/v1/matches/282743,282743,202401,Pau,home,10,244533,Axel Desperes,fly half,starter
https://rugby-union-feeds.incrowdsports.com/v1/matches/282743,282743,202401,Pau,home,11,244412,Gregoire Arfeuil,left wing,starter
https://rugby-union-feeds.incrowdsports.com/v1/matches/282743,282743,202401,Pau,home,17,108250,Daniel Bibi Biziwu,sub 2,replacement
https://rugby-union-feeds.incrowdsports.com/v1/matches/282743,282743,202401,Pau,home,12,150876,Eliott Roudil,inside centre,starter
https://rugby-union-feeds.incrowdsports.com/v1/matches/282743,282743,202401,Pau,home,4,173503,Thomas Jolmes,second row,starter
https://rugby-union-feeds.incrowdsports.com/v1/matches/282743,282743,202401,Pau,home,3,221919,Jon Zabala Arrieta,tighthead prop,starter
https://rugby-union-feeds.incrowdsports.com/v1/matches/282743,282743,202401,Pau,home,18,106877,Guram Papidze,sub 3,replacement
https://rugby-union-feeds.incrowdsports.com/v1/matches/282743,282743,202401,Pau,home,9,250077,Thomas Souverbie,scrum half,starter
https://rugby-union-feeds.incrowdsports.com/v1/matches/282743,282743,202401,Pau,home,19,239229,Hugo Auradou,sub 4,replacement
https://rugby-union-feeds.incrowdsports.com/v1/matches/282743,282743,202401,Newcastle Falcons,away,7,140708,Tom Gordon,flanker,starter
https://rugby-union-feeds.incrowdsports.com/v1/matches/282743,282743,202401,Newcastle Falcons,away,19,239553,Finn Baker,sub 4,replacement
https://rugby-union-feeds.incrowdsports.com/v1/matches/282743,282743,202401,Newcastle Falcons,away,10,204296,Kieran Wilkinson,fly half,starter
https://rugby-union-feeds.incrowdsports.com/v1/matches/282743,282743,202401,Newcastle Falcons,away,8,168872,Callum Chick,number eight,starter
https://rugby-union-feeds.incrowdsports.com/v1/matches/282743,282743,202401,Newcastle Falcons,away,6,219782,Freddie Lockwood,flanker,starter
https://rugby-union-feeds.incrowdsports.com/v1/matches/282743,282743,202401,Newcastle Falcons,away,22,205702,Brett Connon,sub 7,replacement
https://rugby-union-feeds.incrowdsports.com/v1/matches/282743,282743,202401,Newcastle Falcons,away,21,133094,Hugh O'Sullivan,sub 6,replacement
https://rugby-union-feeds.incrowdsports.com/v1/matches/282743,282743,202401,Newcastle Falcons,away,15,239563,Ben Redshaw,full back,starter
https://rugby-union-feeds.incrowdsports.com/v1/matches/282743,282743,202401,Newcastle Falcons,away,2,207081,Ollie Fletcher,hooker,starter
https://rugby-union-feeds.incrowdsports.com/v1/matches/282743,282743,202401,Newcastle Falcons,away,3,200621,Richard Palframan,tighthead prop,starter
https://rugby-union-feeds.incrowdsports.com/v1/matches/282743,282743,202401,Newcastle Falcons,away,5,213140,Kiran McDonald Seran,second row,starter
https://rugby-union-feeds.incrowdsports.com/v1/matches/282743,282743,202401,Newcastle Falcons,away,12,127601,Cameron Hutchison,inside centre,starter
https://rugby-union-feeds.incrowdsports.com/v1/matches/282743,282743,202401,Newcastle Falcons,away,1,205585,Murray McCallum,loosehead prop,starter
https://rugby-union-feeds.incrowdsports.com/v1/matches/282743,282743,202401,Newcastle Falcons,away,4,154551,Sebastian de Chaves,second row,starter
https://rugby-union-feeds.incrowdsports.com/v1/matches/282743,282743,202401,Newcastle Falcons,away,18,170103,Callum Hancock,sub 3,replacement
https://rugby-union-feeds.incrowdsports.com/v1/matches/282743,282743,202401,Newcastle Falcons,away,16,166840,Bryan Byrne,sub 1,replacement
https://rugby-union-feeds.incrowdsports.com/v1/matches/282743,282743,202401,Newcastle Falcons,away,20,190680,Ollie Leatherbarrow,sub 5,replacement
https://rugby-union-feeds.incrowdsports.com/v1/matches/282743,282743,202401,Newcastle Falcons,away,9,116536,Max Pepper,scrum half,starter
https://rugby-union-feeds.incrowdsports.com/v1/matches/282743,282743,202401,Newcastle Falcons,away,11,143126,Ben Stevenson,left wing,starter
https://rugby-union-feeds.incrowdsports.com/v1/matches/282743,282743,202401,Newcastle Falcons,away,23,222549,Oli Spencer,sub 8,replacement
https://rugby-union-feeds.incrowdsports.com/v1/matches/282743,282743,202401,Newcastle Falcons,away,14,221884,Adam Radwan,right wing,starter
https://rugby-union-feeds.incrowdsports.com/v1/matches/282743,282743,202401,Newcastle Falcons,away,13,199072,Alex Hearle,outside centre,starter
https://rugby-union-feeds.incrowdsports.com/v1/matches/282743,282743,202401,Newcastle Falcons,away,17,239550,Mike Rewcastle,sub 2,replacement
https://rugby-union-feeds.incrowdsports.com/v1/matches/282744,282744,202401,Toyota Cheetahs,home,7,134756,Friedle Olivier,flanker,starter
https://rugby-union-feeds.incrowdsports.com/v1/matches/282744,282744,202401,Toyota Cheetahs,home,12,119430,Ali Mgijima,inside centre,starter
https://rugby-union-feeds.incrowdsports.com/v1/matches/282744,282744,202401,Toyota Cheetahs,home,20,156327,Oupa Mohoje,sub 5,replacement
https://rugby-union-feeds.incrowdsports.com/v1/matches/282744,282744,202401,Toyota Cheetahs,home,23,241573,George Lourens,sub 8,replacement
https://rugby-union-feeds.incrowdsports.com/v1/matches/282744,282744,202401,Toyota Cheetahs,home,9,144651,Ruben de Haas,scrum half,starter
https://rugby-union-feeds.incrowdsports.com/v1/matches/282744,282744,202401,Toyota Cheetahs,home,1,197387,Schalk Ferreira,loosehead prop,starter
https://rugby-union-feeds.incrowdsports.com/v1/matches/282744,282744,202401,Toyota Cheetahs,home,6,207435,Gideon van der Merwe,flanker,starter
https://rugby-union-feeds.incrowdsports.com/v1/matches/282744,282744,202401,Toyota Cheetahs,home,17,146316,Hencus van Wyk,sub 2,replacement
https://rugby-union-feeds.incrowdsports.com/v1/matches/282744,282744,202401,Toyota Cheetahs,home,15,246826,Michael Annies,full back,starter
https://rugby-union-feeds.incrowdsports.com/v1/matches/282744,282744,202401,Toyota Cheetahs,home,3,177263,Aranos Coetzee,tighthead prop,starter
https://rugby-union-feeds.incrowdsports.com/v1/matches/282744,282744,202401,Toyota Cheetahs,home,21,132560,Daniel Maartens,sub 6,replacement
https://rugby-union-feeds.incrowdsports.com/v1/matches/282744,282744,202401,Toyota Cheetahs,home,2,189358,Louis van der Westhuizen,hooker,starter
https://rugby-union-feeds.incrowdsports.com/v1/matches/282744,282744,202401,Toyota Cheetahs,home,16,245741,Vernon Paulo,sub 1,replacement
https://rugby-union-feeds.incrowdsports.com/v1/matches/282744,282744,202401,Toyota Cheetahs,home,13,220210,CJ Coetzee,outside centre,starter
https://rugby-union-feeds.incrowdsports.com/v1/matches/282744,282744,202401,Toyota Cheetahs,home,4,150194,Carl Wegner,second row,starter
https://rugby-union-feeds.incrowdsports.com/v1/matches/282744,282744,202401,Toyota Cheetahs,home,22,187096,Rewan Kruger,sub 7,replacement
https://rugby-union-feeds.incrowdsports.com/v1/matches/282744,282744,202401,Toyota Cheetahs,home,14,240022,Munier Hartzenberg,right wing,starter
https://rugby-union-feeds.incrowdsports.com/v1/matches/282744,282744,202401,Toyota Cheetahs,home,8,121944,Jeandre Rudolph,number eight,starter
https://rugby-union-feeds.incrowdsports.com/v1/matches/282744,282744,202401,Toyota Cheetahs,home,5,117465,Victor Sekekete,second row,starter
https://rugby-union-feeds.incrowdsports.com/v1/matches/282744,282744,202401,Toyota Cheetahs,home,18,219995,Rob Hunt,sub 3,replacement
https://rugby-union-feeds.incrowdsports.com/v1/matches/282744,282744,202401,Toyota Cheetahs,home,11,146847,Prince Nkabinde,left wing,starter
https://rugby-union-feeds.incrowdsports.com/v1/matches/282744,282744,202401,Toyota Cheetahs,home,10,252030,Ethan Wentzel,fly half,starter
https://rugby-union-feeds.incrowdsports.com/v1/matches/282744,282744,202401,Toyota Cheetahs,home,19,252029,Pierre-Raymond Uys,sub 4,replacement
https://rugby-union-feeds.incrowdsports.com/v1/matches/282744,282744,202401,Perpignan,away,4,244548,Bastien Chinarro,second row,starter
https://rugby-union-feeds.incrowdsports.com/v1/matches/282744,282744,202401,Perpignan,away,10,229634,Antoine Aucagne,fly half,starter
https://rugby-union-feeds.incrowdsports.com/v1/matches/282744,282744,202401,Perpignan,away,6,240578,Noe Della Schiava,flanker,starter
https://rugby-union-feeds.incrowdsports.com/v1/matches/282744,282744,202401,Perpignan,away,18,196513,Pietro Ceccarelli,sub 3,replacement
https://rugby-union-feeds.incrowdsports.com/v1/matches/282744,282744,202401,Perpignan,away,12,136808,Apisai Naqalevu,inside centre,starter
https://rugby-union-feeds.incrowdsports.com/v1/matches/282744,282744,202401,Perpignan,away,3,216038,Nemo Roelofse,tighthead prop,starter
https://rugby-union-feeds.incrowdsports.com/v1/matches/282744,282744,202401,Perpignan,away,22,254054,Gabin Kretchmann,sub 7,replacement
https://rugby-union-feeds.incrowdsports.com/v1/matches/282744,282744,202401,Perpignan,away,13,250089,Job Poulet,outside centre,starter
https://rugby-union-feeds.incrowdsports.com/v1/matches/282744,282744,202401,Perpignan,away,2,233161,Victor Montgaillard,hooker,starter
https://rugby-union-feeds.incrowdsports.com/v1/matches/282744,282744,202401,Perpignan,away,23,120011,Riko Buliruarua,sub 8,replacement
https://rugby-union-feeds.incrowdsports.com/v1/matches/282744,282744,202401,Perpignan,away,16,201744,Vakhtang Jincharadze,sub 1,replacement
https://rugby-union-feeds.incrowdsports.com/v1/matches/282744,282744,202401,Perpignan,away,8,198867,So'otala Fa'aso'o,number eight,starter
https://rugby-union-feeds.incrowdsports.com/v1/matches/282744,282744,202401,Perpignan,away,21,116177,James Hall,sub 6,replacement
https://rugby-union-feeds.incrowdsports.com/v1/matches/282744,282744,202401,Perpignan,away,5,179698,Mathieu Tanguy,second row,starter
https://rugby-union-feeds.incrowdsports.com/v1/matches/282744,282744,202401,Perpignan,away,17,254616,Johan Barcenilla D’Onghia,sub 2,replacement
https://rugby-union-feeds.incrowdsports.com/v1/matches/282744,282744,202401,Perpignan,away,19,236695,Max Hicks,sub 4,replacement
https://rugby-union-feeds.incrowdsports.com/v1/matches/282744,282744,202401,Perpignan,away,1,252214,Lorencio Boyer-Gallardo,loosehead prop,starter
https://rugby-union-feeds.incrowdsports.com/v1/matches/282744,282744,202401,Perpignan,away,14,240572,Jefferson Joseph,right wing,starter
https://rugby-union-feeds.incrowdsports.com/v1/matches/282744,282744,202401,Perpignan,away,9,118074,Sadek Deghmache,scrum half,starter
https://rugby-union-feeds.incrowdsports.com/v1/matches/282744,282744,202401,Perpignan,away,11,254619,Seta Toganiyadrava,left wing,starter
https://rugby-union-feeds.incrowdsports.com/v1/matches/282744,282744,202401,Perpignan,away,7,236608,Alessandro Ortombina,flanker,starter
https://rugby-union-feeds.incrowdsports.com/v1/matches/282744,282744,202401,Perpignan,away,20,113822,Lucas Velarte,sub 5,replacement
https://rugby-union-feeds.incrowdsports.com/v1/matches/282744,282744,202401,Perpignan,away,15,102016,Louis Dupichot,full back,starter
https://rugby-union-feeds.incrowdsports.com/v1/matches/282745,282745,202401,Ospreys,home,20,160291,Morgan Morris,sub 5,replacement
https://rugby-union-feeds.incrowdsports.com/v1/matches/282745,282745,202401,Ospreys,home,14,229377,Daniel Kasende,right wing,starter
https://rugby-union-feeds.incrowdsports.com/v1/matches/282745,282745,202401,Ospreys,home,9,190215,Kieran Hardy,scrum half,starter
https://rugby-union-feeds.incrowdsports.com/v1/matches/282745,282745,202401,Ospreys,home,5,192520,James Fender,second row,starter
https://rugby-union-feeds.incrowdsports.com/v1/matches/282745,282745,202401,Ospreys,home,22,240455,Dan Edwards,sub 7,replacement
https://rugby-union-feeds.incrowdsports.com/v1/matches/282745,282745,202401,Ospreys,home,2,212902,Dewi Lake,hooker,starter
https://rugby-union-feeds.incrowdsports.com/v1/matches/282745,282745,202401,Ospreys,home,8,123016,Jac Morgan,number eight,starter
https://rugby-union-feeds.incrowdsports.com/v1/matches/282745,282745,202401,Ospreys,home,21,238220,Luke Davies,sub 6,replacement
https://rugby-union-feeds.incrowdsports.com/v1/matches/282745,282745,202401,Ospreys,home,16,153033,Sam Parry,sub 1,replacement
https://rugby-union-feeds.incrowdsports.com/v1/matches/282745,282745,202401,Ospreys,home,19,240458,Lewis Jones,sub 4,replacement
https://rugby-union-feeds.incrowdsports.com/v1/matches/282745,282745,202401,Ospreys,home,12,205321,Keiran Williams,inside centre,starter
https://rugby-union-feeds.incrowdsports.com/v1/matches/282745,282745,202401,Ospreys,home,4,248911,Will Greatbanks,second row,starter
https://rugby-union-feeds.incrowdsports.com/v1/matches/282745,282745,202401,Ospreys,home,7,237266,Harri Deaves,flanker,starter
https://rugby-union-feeds.incrowdsports.com/v1/matches/282745,282745,202401,Ospreys,home,6,237265,Tristan Davies,flanker,starter
https://rugby-union-feeds.incrowdsports.com/v1/matches/282745,282745,202401,Ospreys,home,3,164759,Ben Warren,tighthead prop,starter
https://rugby-union-feeds.incrowdsports.com/v1/matches/282745,282745,202401,Ospreys,home,23,240760,Iestyn Hopkins,sub 8,replacement
https://rugby-union-feeds.incrowdsports.com/v1/matches/282745,282745,202401,Ospreys,home,18,177365,Tom Botha,sub 3,replacement
https://rugby-union-feeds.incrowdsports.com/v1/matches/282745,282745,202401,Ospreys,home,10,139292,Owen Williams,fly half,starter
https://rugby-union-feeds.incrowdsports.com/v1/matches/282745,282745,202401,Ospreys,home,15,229242,Jack Walsh,full back,starter
https://rugby-union-feeds.incrowdsports.com/v1/matches/282745,282745,202401,Ospreys,home,17,186617,Steff Thomas,sub 2,replacement
https://rugby-union-feeds.incrowdsports.com/v1/matches/282745,282745,202401,Ospreys,home,1,139232,Gareth Thomas,loosehead prop,starter
https://rugby-union-feeds.incrowdsports.com/v1/matches/282745,282745,202401,Ospreys,home,11,166301,Keelan Giles,left wing,starter
https://rugby-union-feeds.incrowdsports.com/v1/matches/282745,282745,202401,Ospreys,home,13,125247,Owen Watkin,outside centre,starter
https://rugby-union-feeds.incrowdsports.com/v1/matches/282745,282745,202401,Emirates Lions,away,13,217921,Erich Cronje,outside centre,starter
https://rugby-union-feeds.incrowdsports.com/v1/matches/282745,282745,202401,Emirates Lions,away,15,210408,Tapiwa Mafura,full back,starter
https://rugby-union-feeds.incrowdsports.com/v1/matches/282745,282745,202401,Emirates Lions,away,12,194343,Rynhardt Jonker,inside centre,starter
https://rugby-union-feeds.incrowdsports.com/v1/matches/282745,282745,202401,Emirates Lions,away,16,176872,Jaco Visagie,sub 1,replacement
https://rugby-union-feeds.incrowdsports.com/v1/matches/282745,282745,202401,Emirates Lions,away,17,246823,SJ Kotze,sub 2,replacement
https://rugby-union-feeds.incrowdsports.com/v1/matches/282745,282745,202401,Emirates Lions,away,22,105320,Sanele Nohamba,sub 7,replacement
https://rugby-union-feeds.incrowdsports.com/v1/matches/282745,282745,202401,Emirates Lions,away,3,223276,Conrad van Vuuren,tighthead prop,starter
https://rugby-union-feeds.incrowdsports.com/v1/matches/282745,282745,202401,Emirates Lions,away,5,162251,Darrien Landsberg,second row,starter
https://rugby-union-feeds.incrowdsports.com/v1/matches/282745,282745,202401,Emirates Lions,away,7,236713,Izan Esterhuizen,flanker,starter
https://rugby-union-feeds.incrowdsports.com/v1/matches/282745,282745,202401,Emirates Lions,away,10,247664,Sam Francis,fly half,starter
https://rugby-union-feeds.incrowdsports.com/v1/matches/282745,282745,202401,Emirates Lions,away,2,162483,Franco Marais,hooker,starter
https://rugby-union-feeds.incrowdsports.com/v1/matches/282745,282745,202401,Emirates Lions,away,19,241108,Ruan Delport,sub 4,replacement
https://rugby-union-feeds.incrowdsports.com/v1/matches/282745,282745,202401,Emirates Lions,away,11,109329,Rabz Maxwane,left wing,starter
https://rugby-union-feeds.incrowdsports.com/v1/matches/282745,282745,202401,Emirates Lions,away,8,229814,WJ Steenkamp,number eight,starter
https://rugby-union-feeds.incrowdsports.com/v1/matches/282745,282745,202401,Emirates Lions,away,1,215317,Morgan Naude,loosehead prop,starter
https://rugby-union-feeds.incrowdsports.com/v1/matches/282745,282745,202401,Emirates Lions,away,4,194774,Etienne Oosthuizen,second row,starter
https://rugby-union-feeds.incrowdsports.com/v1/matches/282745,282745,202401,Emirates Lions,away,6,124154,JC Pretorius,flanker,starter
https://rugby-union-feeds.incrowdsports.com/v1/matches/282745,282745,202401,Emirates Lions,away,20,235996,Ruhan Straeuli,sub 5,replacement
https://rugby-union-feeds.incrowdsports.com/v1/matches/282745,282745,202401,Emirates Lions,away,9,237083,Nico Steyn,scrum half,starter
https://rugby-union-feeds.incrowdsports.com/v1/matches/282745,282745,202401,Emirates Lions,away,18,252480,RF Schoeman,sub 3,replacement
https://rugby-union-feeds.incrowdsports.com/v1/matches/282745,282745,202401,Emirates Lions,away,21,245376,Renzo du Plessis,sub 6,replacement
https://rugby-union-feeds.incrowdsports.com/v1/matches/282745,282745,202401,Emirates Lions,away,14,157600,Richard Kriel,right wing,starter
https://rugby-union-feeds.incrowdsports.com/v1/matches/282745,282745,202401,Emirates Lions,away,23,165469,Marius Louw,sub 8,replacement
https://rugby-union-feeds.incrowdsports.com/v1/matches/282746,282746,202401,Edinburgh Rugby,home,2,141860,Ewan Ashman,hooker,starter
https://rugby-union-feeds.incrowdsports.com/v1/matches/282746,282746,202401,Edinburgh Rugby,home,10,184258,Ross Thompson,fly half,starter
https://rugby-union-feeds.incrowdsports.com/v1/matches/282746,282746,202401,Edinburgh Rugby,home,11,172455,Duhan van der Merwe,left wing,starter
https://rugby-union-feeds.incrowdsports.com/v1/matches/282746,282746,202401,Edinburgh Rugby,home,16,129286,Dave Cherry,sub 1,replacement
https://rugby-union-feeds.incrowdsports.com/v1/matches/282746,282746,202401,Edinburgh Rugby,home,13,150632,Matt Currie,outside centre,starter
https://rugby-union-feeds.incrowdsports.com/v1/matches/282746,282746,202401,Edinburgh Rugby,home,9,161477,Ali Price,scrum half,starter
https://rugby-union-feeds.incrowdsports.com/v1/matches/282746,282746,202401,Edinburgh Rugby,home,5,156101,Grant Gilchrist,second row,starter
https://rugby-union-feeds.incrowdsports.com/v1/matches/282746,282746,202401,Edinburgh Rugby,home,1,196773,Pierre Schoeman,loosehead prop,starter
https://rugby-union-feeds.incrowdsports.com/v1/matches/282746,282746,202401,Edinburgh Rugby,home,8,156550,Magnus Bradbury,number eight,starter
https://rugby-union-feeds.incrowdsports.com/v1/matches/282746,282746,202401,Edinburgh Rugby,home,4,182313,Marshall Sykes,second row,starter
https://rugby-union-feeds.incrowdsports.com/v1/matches/282746,282746,202401,Edinburgh Rugby,home,22,225774,Ben Healy,sub 7,replacement
https://rugby-union-feeds.incrowdsports.com/v1/matches/282746,282746,202401,Edinburgh Rugby,home,6,187982,Jamie Ritchie,flanker,starter
https://rugby-union-feeds.incrowdsports.com/v1/matches/282746,282746,202401,Edinburgh Rugby,home,23,217844,James Lang,sub 8,replacement
https://rugby-union-feeds.incrowdsports.com/v1/matches/282746,282746,202401,Edinburgh Rugby,home,18,208595,Javan Sebastian,sub 3,replacement
https://rugby-union-feeds.incrowdsports.com/v1/matches/282746,282746,202401,Edinburgh Rugby,home,17,169560,Boan Venter,sub 2,replacement
https://rugby-union-feeds.incrowdsports.com/v1/matches/282746,282746,202401,Edinburgh Rugby,home,14,164150,Darcy Graham,right wing,starter
https://rugby-union-feeds.incrowdsports.com/v1/matches/282746,282746,202401,Edinburgh Rugby,home,3,144726,Paul Hill,tighthead prop,starter
https://rugby-union-feeds.incrowdsports.com/v1/matches/282746,282746,202401,Edinburgh Rugby,home,19,126711,Sam Skinner,sub 4,replacement
https://rugby-union-feeds.incrowdsports.com/v1/matches/282746,282746,202401,Edinburgh Rugby,home,21,189686,Charlie Shiel,sub 6,replacement
https://rugby-union-feeds.incrowdsports.com/v1/matches/282746,282746,202401,Edinburgh Rugby,home,15,100826,Wes Goosen,full back,starter
https://rugby-union-feeds.incrowdsports.com/v1/matches/282746,282746,202401,Edinburgh Rugby,home,7,108441,Luke Crosbie,flanker,starter
https://rugby-union-feeds.incrowdsports.com/v1/matches/282746,282746,202401,Edinburgh Rugby,home,12,242778,Mosese Tuipulotu,inside centre,starter
https://rugby-union-feeds.incrowdsports.com/v1/matches/282746,282746,202401,Edinburgh Rugby,home,20,142944,Tom Dodd,sub 5,replacement
https://rugby-union-feeds.incrowdsports.com/v1/matches/282746,282746,202401,Bayonne,away,1,180899,Andy Bordelai,loosehead prop,starter
https://rugby-union-feeds.incrowdsports.com/v1/matches/282746,282746,202401,Bayonne,away,23,151715,Nadir Megdoud,sub 8,replacement
https://rugby-union-feeds.incrowdsports.com/v1/matches/282746,282746,202401,Bayonne,away,8,154820,Rodrigo Bruni,number eight,starter
https://rugby-union-feeds.incrowdsports.com/v1/matches/282746,282746,202401,Bayonne,away,3,224930,Pascal Cotet,tighthead prop,starter
https://rugby-union-feeds.incrowdsports.com/v1/matches/282746,282746,202401,Bayonne,away,6,240488,Esteban Capilla,flanker,starter
https://rugby-union-feeds.incrowdsports.com/v1/matches/282746,282746,202401,Bayonne,away,9,212775,Baptiste Germain,scrum half,starter
https://rugby-union-feeds.incrowdsports.com/v1/matches/282746,282746,202401,Bayonne,away,7,118665,Baptiste Heguy,flanker,starter
https://rugby-union-feeds.incrowdsports.com/v1/matches/282746,282746,202401,Bayonne,away,22,111595,Joris Segonds,sub 7,replacement
https://rugby-union-feeds.incrowdsports.com/v1/matches/282746,282746,202401,Bayonne,away,16,124653,Torsten van Jaarsveld,sub 1,replacement
https://rugby-union-feeds.incrowdsports.com/v1/matches/282746,282746,202401,Bayonne,away,10,166482,Camille Lopez,fly half,starter
https://rugby-union-feeds.incrowdsports.com/v1/matches/282746,282746,202401,Bayonne,away,20,249905,Noa Traversier,sub 5,replacement
https://rugby-union-feeds.incrowdsports.com/v1/matches/282746,282746,202401,Bayonne,away,21,128851,Maxime Machenaud,sub 6,replacement
https://rugby-union-feeds.incrowdsports.com/v1/matches/282746,282746,202401,Bayonne,away,5,236696,Veikoso Poloniati,second row,starter
https://rugby-union-feeds.incrowdsports.com/v1/matches/282746,282746,202401,Bayonne,away,4,205212,Denis Marchois,second row,starter
https://rugby-union-feeds.incrowdsports.com/v1/matches/282746,282746,202401,Bayonne,away,15,111321,Cheikh Tiberghien,full back,starter
https://rugby-union-feeds.incrowdsports.com/v1/matches/282746,282746,202401,Bayonne,away,12,196827,Guillaume Martocq,inside centre,starter
https://rugby-union-feeds.incrowdsports.com/v1/matches/282746,282746,202401,Bayonne,away,11,243258,Tom Spring,left wing,starter
https://rugby-union-feeds.incrowdsports.com/v1/matches/282746,282746,202401,Bayonne,away,17,140633,Swan Cormenier,sub 2,replacement
https://rugby-union-feeds.incrowdsports.com/v1/matches/282746,282746,202401,Bayonne,away,18,154521,Pieter Scholtz,sub 3,replacement
https://rugby-union-feeds.incrowdsports.com/v1/matches/282746,282746,202401,Bayonne,away,19,135001,Rémi Bourdeau,sub 4,replacement
https://rugby-union-feeds.incrowdsports.com/v1/matches/282746,282746,202401,Bayonne,away,14,157983,Aurélien Callandret,right wing,starter
https://rugby-union-feeds.incrowdsports.com/v1/matches/282746,282746,202401,Bayonne,away,2,229854,Lucas Martin,hooker,starter
https://rugby-union-feeds.incrowdsports.com/v1/matches/282746,282746,202401,Bayonne,away,13,244157,Arnaud Erbinartegaray,outside centre,starter
https://rugby-union-feeds.incrowdsports.com/v1/matches/282748,282748,202401,Montpellier,home,21,113670,Ryan Louwrens,sub 6,replacement
https://rugby-union-feeds.incrowdsports.com/v1/matches/282748,282748,202401,Montpellier,home,20,142984,Billy Vunipola,sub 5,replacement
https://rugby-union-feeds.incrowdsports.com/v1/matches/282748,282748,202401,Montpellier,home,3,188619,Luka Japaridze,tighthead prop,starter
https://rugby-union-feeds.incrowdsports.com/v1/matches/282748,282748,202401,Montpellier,home,12,233066,Auguste Cadot,inside centre,starter
https://rugby-union-feeds.incrowdsports.com/v1/matches/282748,282748,202401,Montpellier,home,5,233098,Tyler DuGuid,second row,starter
https://rugby-union-feeds.incrowdsports.com/v1/matches/282748,282748,202401,Montpellier,home,7,244170,Lenni Nouchi,flanker,starter
https://rugby-union-feeds.incrowdsports.com/v1/matches/282748,282748,202401,Montpellier,home,17,213609,Enzo Forletta,sub 2,replacement
https://rugby-union-feeds.incrowdsports.com/v1/matches/282748,282748,202401,Montpellier,home,18,225289,Wilfrid Hounkpatin,sub 3,replacement
https://rugby-union-feeds.incrowdsports.com/v1/matches/282748,282748,202401,Montpellier,home,13,193262,Thomas Darmon,outside centre,starter
https://rugby-union-feeds.incrowdsports.com/v1/matches/282748,282748,202401,Montpellier,home,6,242189,Nicolas Martins,flanker,starter
https://rugby-union-feeds.incrowdsports.com/v1/matches/282748,282748,202401,Montpellier,home,22,252244,Aurelien Barreau,sub 7,replacement
https://rugby-union-feeds.incrowdsports.com/v1/matches/282748,282748,202401,Montpellier,home,4,155860,Nicolaas Janse van Rensburg,second row,starter
https://rugby-union-feeds.incrowdsports.com/v1/matches/282748,282748,202401,Montpellier,home,16,250834,Lyam Akrab,sub 1,replacement
https://rugby-union-feeds.incrowdsports.com/v1/matches/282748,282748,202401,Montpellier,home,9,184178,Leo Coly,scrum half,starter
https://rugby-union-feeds.incrowdsports.com/v1/matches/282748,282748,202401,Montpellier,home,2,175415,Jordan Uelese,hooker,starter
https://rugby-union-feeds.incrowdsports.com/v1/matches/282748,282748,202401,Montpellier,home,15,172024,Josh Moorby,full back,starter
https://rugby-union-feeds.incrowdsports.com/v1/matches/282748,282748,202401,Montpellier,home,8,139573,Sam Simmonds,number eight,starter
https://rugby-union-feeds.incrowdsports.com/v1/matches/282748,282748,202401,Montpellier,home,19,206267,Bastien Chalureau,sub 4,replacement
https://rugby-union-feeds.incrowdsports.com/v1/matches/282748,282748,202401,Montpellier,home,23,197851,Jan Serfontein,sub 8,replacement
https://rugby-union-feeds.incrowdsports.com/v1/matches/282748,282748,202401,Montpellier,home,11,101948,Madosh Tambwe,left wing,starter
https://rugby-union-feeds.incrowdsports.com/v1/matches/282748,282748,202401,Montpellier,home,10,195263,Stuart Hogg,fly half,starter
https://rugby-union-feeds.incrowdsports.com/v1/matches/282748,282748,202401,Montpellier,home,14,244765,Mael Moustin,right wing,starter
https://rugby-union-feeds.incrowdsports.com/v1/matches/282748,282748,202401,Montpellier,home,1,229853,Baptiste Erdocio,loosehead prop,starter
https://rugby-union-feeds.incrowdsports.com/v1/matches/282748,282748,202401,Ospreys,away,8,160291,Morgan Morris,number eight,starter
https://rugby-union-feeds.incrowdsports.com/v1/matches/282748,282748,202401,Ospreys,away,14,229377,Daniel Kasende,right wing,starter
https://rugby-union-feeds.incrowdsports.com/v1/matches/282748,282748,202401,Ospreys,away,9,190215,Kieran Hardy,scrum half,starter
https://rugby-union-feeds.incrowdsports.com/v1/matches/282748,282748,202401,Ospreys,away,10,240455,Dan Edwards,fly half,starter
https://rugby-union-feeds.incrowdsports.com/v1/matches/282748,282748,202401,Ospreys,away,2,212902,Dewi Lake,hooker,starter
https://rugby-union-feeds.incrowdsports.com/v1/matches/282748,282748,202401,Ospreys,away,7,123016,Jac Morgan,flanker,starter
https://rugby-union-feeds.incrowdsports.com/v1/matches/282748,282748,202401,Ospreys,away,5,240458,Lewis Jones,second row,starter
https://rugby-union-feeds.incrowdsports.com/v1/matches/282748,282748,202401,Ospreys,away,16,153033,Sam Parry,sub 1,replacement
https://rugby-union-feeds.incrowdsports.com/v1/matches/282748,282748,202401,Ospreys,away,22,166922,Evardi Boshoff,sub 7,replacement
https://rugby-union-feeds.incrowdsports.com/v1/matches/282748,282748,202401,Ospreys,away,20,248911,Will Greatbanks,sub 5,replacement
https://rugby-union-feeds.incrowdsports.com/v1/matches/282748,282748,202401,Ospreys,away,21,119506,Reuben Morgan-Williams,sub 6,replacement
https://rugby-union-feeds.incrowdsports.com/v1/matches/282748,282748,202401,Ospreys,away,18,128817,Rhys Henry,sub 3,replacement
https://rugby-union-feeds.incrowdsports.com/v1/matches/282748,282748,202401,Ospreys,away,4,167249,Will Spencer,second row,starter
https://rugby-union-feeds.incrowdsports.com/v1/matches/282748,282748,202401,Ospreys,away,6,237265,Tristan Davies,flanker,starter
https://rugby-union-feeds.incrowdsports.com/v1/matches/282748,282748,202401,Ospreys,away,3,164759,Ben Warren,tighthead prop,starter
https://rugby-union-feeds.incrowdsports.com/v1/matches/282748,282748,202401,Ospreys,away,23,240760,Iestyn Hopkins,sub 8,replacement
https://rugby-union-feeds.incrowdsports.com/v1/matches/282748,282748,202401,Ospreys,away,19,114392,Will Griffiths,sub 4,replacement
https://rugby-union-feeds.incrowdsports.com/v1/matches/282748,282748,202401,Ospreys,away,12,139292,Owen Williams,inside centre,starter
https://rugby-union-feeds.incrowdsports.com/v1/matches/282748,282748,202401,Ospreys,away,15,229242,Jack Walsh,full back,starter
https://rugby-union-feeds.incrowdsports.com/v1/matches/282748,282748,202401,Ospreys,away,17,186617,Steff Thomas,sub 2,replacement
https://rugby-union-feeds.incrowdsports.com/v1/matches/282748,282748,202401,Ospreys,away,1,139232,Gareth Thomas,loosehead prop,starter
https://rugby-union-feeds.incrowdsports.com/v1/matches/282748,282748,202401,Ospreys,away,11,166301,Keelan Giles,left wing,starter
https://rugby-union-feeds.incrowdsports.com/v1/matches/282748,282748,202401,Ospreys,away,13,125247,Owen Watkin,outside centre,starter
https://rugby-union-feeds.incrowdsports.com/v1/matches/282747,282747,202401,Zebre Parma,home,21,238019,Thomas Dominguez,sub 6,replacement
https://rugby-union-feeds.incrowdsports.com/v1/matches/282747,282747,202401,Zebre Parma,home,17,236610,Luca Rizzoli,sub 2,replacement
https://rugby-union-feeds.incrowdsports.com/v1/matches/282747,282747,202401,Zebre Parma,home,7,125411,Bautista Stavile Bravin,flanker,starter
https://rugby-union-feeds.incrowdsports.com/v1/matches/282747,282747,202401,Zebre Parma,home,15,134407,Alessandro Fusco,full back,starter
https://rugby-union-feeds.incrowdsports.com/v1/matches/282747,282747,202401,Zebre Parma,home,14,146919,Jacopo Trulla,right wing,starter
https://rugby-union-feeds.incrowdsports.com/v1/matches/282747,282747,202401,Zebre Parma,home,13,132743,Luca Morisi,outside centre,starter
https://rugby-union-feeds.incrowdsports.com/v1/matches/282747,282747,202401,Zebre Parma,home,20,142725,Jacopo Bianchi,sub 5,replacement
https://rugby-union-feeds.incrowdsports.com/v1/matches/282747,282747,202401,Zebre Parma,home,10,187980,Geronimo Prisciantelli,fly half,starter
https://rugby-union-feeds.incrowdsports.com/v1/matches/282747,282747,202401,Zebre Parma,home,1,123723,Danilo Fischetti,loosehead prop,starter
https://rugby-union-feeds.incrowdsports.com/v1/matches/282747,282747,202401,Zebre Parma,home,5,128750,Andrea Zambonin,second row,starter
https://rugby-union-feeds.incrowdsports.com/v1/matches/282747,282747,202401,Zebre Parma,home,8,165741,Giovanni Licata,number eight,starter
https://rugby-union-feeds.incrowdsports.com/v1/matches/282747,282747,202401,Zebre Parma,home,9,178772,Gonzalo Garcia,scrum half,starter
https://rugby-union-feeds.incrowdsports.com/v1/matches/282747,282747,202401,Zebre Parma,home,6,250739,Giacomo Milano,flanker,starter
https://rugby-union-feeds.incrowdsports.com/v1/matches/282747,282747,202401,Zebre Parma,home,19,176436,Rusiate Nasove,sub 4,replacement
https://rugby-union-feeds.incrowdsports.com/v1/matches/282747,282747,202401,Zebre Parma,home,11,236566,Simone Gesi,left wing,starter
https://rugby-union-feeds.incrowdsports.com/v1/matches/282747,282747,202401,Zebre Parma,home,16,114424,Giampietro Ribaldi,sub 1,replacement
https://rugby-union-feeds.incrowdsports.com/v1/matches/282747,282747,202401,Zebre Parma,home,23,135541,Scott Gregory,sub 8,replacement
https://rugby-union-feeds.incrowdsports.com/v1/matches/282747,282747,202401,Zebre Parma,home,18,172284,Muhamed Hasa,sub 3,replacement
https://rugby-union-feeds.incrowdsports.com/v1/matches/282747,282747,202401,Zebre Parma,home,2,236602,Tommaso di Bartolomeo,hooker,starter
https://rugby-union-feeds.incrowdsports.com/v1/matches/282747,282747,202401,Zebre Parma,home,3,102875,Matteo Nocera,tighthead prop,starter
https://rugby-union-feeds.incrowdsports.com/v1/matches/282747,282747,202401,Zebre Parma,home,12,159614,Fetuli Paea,inside centre,starter
https://rugby-union-feeds.incrowdsports.com/v1/matches/282747,282747,202401,Zebre Parma,home,4,212413,Leonardo Krumov,second row,starter
https://rugby-union-feeds.incrowdsports.com/v1/matches/282747,282747,202401,Zebre Parma,home,22,201405,Giacomo da Re,sub 7,replacement
https://rugby-union-feeds.incrowdsports.com/v1/matches/282747,282747,202401,Lyon O.U.,away,4,226180,Theo William,second row,starter
https://rugby-union-feeds.incrowdsports.com/v1/matches/282747,282747,202401,Lyon O.U.,away,18,237091,Irakli Aptsiauri,sub 3,replacement
https://rugby-union-feeds.incrowdsports.com/v1/matches/282747,282747,202401,Lyon O.U.,away,11,224008,Vincent Rattez,left wing,starter
https://rugby-union-feeds.incrowdsports.com/v1/matches/282747,282747,202401,Lyon O.U.,away,8,161959,Maxime Gouzou,number eight,starter
https://rugby-union-feeds.incrowdsports.com/v1/matches/282747,282747,202401,Lyon O.U.,away,22,151591,Xavier Mignot,sub 7,replacement
https://rugby-union-feeds.incrowdsports.com/v1/matches/282747,282747,202401,Lyon O.U.,away,7,229445,Liam Allen,flanker,starter
https://rugby-union-feeds.incrowdsports.com/v1/matches/282747,282747,202401,Lyon O.U.,away,19,191142,Killian Geraci,sub 4,replacement
https://rugby-union-feeds.incrowdsports.com/v1/matches/282747,282747,202401,Lyon O.U.,away,20,116679,Beka Saginadze,sub 5,replacement
https://rugby-union-feeds.incrowdsports.com/v1/matches/282747,282747,202401,Lyon O.U.,away,6,154123,Steeve Blanc-Mappaz,flanker,starter
https://rugby-union-feeds.incrowdsports.com/v1/matches/282747,282747,202401,Lyon O.U.,away,13,203881,Alfred Parisien,outside centre,starter
https://rugby-union-feeds.incrowdsports.com/v1/matches/282747,282747,202401,Lyon O.U.,away,14,168463,Ethan Dumortier,right wing,starter
https://rugby-union-feeds.incrowdsports.com/v1/matches/282747,282747,202401,Lyon O.U.,away,12,143950,Semi Radradra,inside centre,starter
https://rugby-union-feeds.incrowdsports.com/v1/matches/282747,282747,202401,Lyon O.U.,away,23,174318,Monty Ioane,sub 8,replacement
https://rugby-union-feeds.incrowdsports.com/v1/matches/282747,282747,202401,Lyon O.U.,away,1,146161,Jérôme Rey,loosehead prop,starter
https://rugby-union-feeds.incrowdsports.com/v1/matches/282747,282747,202401,Lyon O.U.,away,3,134034,Jermaine Ainsley,tighthead prop,starter
https://rugby-union-feeds.incrowdsports.com/v1/matches/282747,282747,202401,Lyon O.U.,away,17,146999,Hamza Kaabeche,sub 2,replacement
https://rugby-union-feeds.incrowdsports.com/v1/matches/282747,282747,202401,Lyon O.U.,away,15,233206,Alexandre Tchaptchet,full back,starter
https://rugby-union-feeds.incrowdsports.com/v1/matches/282747,282747,202401,Lyon O.U.,away,21,110169,Charlie Cassang,sub 6,replacement
https://rugby-union-feeds.incrowdsports.com/v1/matches/282747,282747,202401,Lyon O.U.,away,9,253370,Esteban Gonzalez,scrum half,starter
https://rugby-union-feeds.incrowdsports.com/v1/matches/282747,282747,202401,Lyon O.U.,away,16,237888,Yanis Charcosset,sub 1,replacement
https://rugby-union-feeds.incrowdsports.com/v1/matches/282747,282747,202401,Lyon O.U.,away,5,125949,Tomas Lavanini,second row,starter
https://rugby-union-feeds.incrowdsports.com/v1/matches/282747,282747,202401,Lyon O.U.,away,2,171709,Sam Matavesi,hooker,starter
https://rugby-union-feeds.incrowdsports.com/v1/matches/282747,282747,202401,Lyon O.U.,away,10,241309,Martin Meliande,fly half,starter
https://rugby-union-feeds.incrowdsports.com/v1/matches/282749,282749,202401,Emirates Lions,home,8,173411,Francke Horn,number eight,starter
https://rugby-union-feeds.incrowdsports.com/v1/matches/282749,282749,202401,Emirates Lions,home,13,217921,Erich Cronje,outside centre,starter
https://rugby-union-feeds.incrowdsports.com/v1/matches/282749,282749,202401,Emirates Lions,home,15,210408,Tapiwa Mafura,full back,starter
https://rugby-union-feeds.incrowdsports.com/v1/matches/282749,282749,202401,Emirates Lions,home,16,176872,Jaco Visagie,sub 1,replacement
https://rugby-union-feeds.incrowdsports.com/v1/matches/282749,282749,202401,Emirates Lions,home,17,246823,SJ Kotze,sub 2,replacement
https://rugby-union-feeds.incrowdsports.com/v1/matches/282749,282749,202401,Emirates Lions,home,3,223242,Asenathi Ntlabakanye,tighthead prop,starter
https://rugby-union-feeds.incrowdsports.com/v1/matches/282749,282749,202401,Emirates Lions,home,22,229513,Kade Wolhuter,sub 7,replacement
https://rugby-union-feeds.incrowdsports.com/v1/matches/282749,282749,202401,Emirates Lions,home,10,247664,Sam Francis,fly half,starter
https://rugby-union-feeds.incrowdsports.com/v1/matches/282749,282749,202401,Emirates Lions,home,11,204878,Edwill van der Merwe,left wing,starter
https://rugby-union-feeds.incrowdsports.com/v1/matches/282749,282749,202401,Emirates Lions,home,9,191534,Morne van den Berg,scrum half,starter
https://rugby-union-feeds.incrowdsports.com/v1/matches/282749,282749,202401,Emirates Lions,home,4,216340,Ruben Schoeman,second row,starter
https://rugby-union-feeds.incrowdsports.com/v1/matches/282749,282749,202401,Emirates Lions,home,19,241108,Ruan Delport,sub 4,replacement
https://rugby-union-feeds.incrowdsports.com/v1/matches/282749,282749,202401,Emirates Lions,home,14,109329,Rabz Maxwane,right wing,starter
https://rugby-union-feeds.incrowdsports.com/v1/matches/282749,282749,202401,Emirates Lions,home,1,223187,Juan Schoeman,loosehead prop,starter
https://rugby-union-feeds.incrowdsports.com/v1/matches/282749,282749,202401,Emirates Lions,home,2,165140,PJ Botha,hooker,starter
https://rugby-union-feeds.incrowdsports.com/v1/matches/282749,282749,202401,Emirates Lions,home,7,229814,WJ Steenkamp,flanker,starter
https://rugby-union-feeds.incrowdsports.com/v1/matches/282749,282749,202401,Emirates Lions,home,20,124154,JC Pretorius,sub 5,replacement
https://rugby-union-feeds.incrowdsports.com/v1/matches/282749,282749,202401,Emirates Lions,home,21,237083,Nico Steyn,sub 6,replacement
https://rugby-union-feeds.incrowdsports.com/v1/matches/282749,282749,202401,Emirates Lions,home,6,239993,Jarod Cairns,flanker,starter
https://rugby-union-feeds.incrowdsports.com/v1/matches/282749,282749,202401,Emirates Lions,home,5,186239,Reinhard Nothnagel,second row,starter
https://rugby-union-feeds.incrowdsports.com/v1/matches/282749,282749,202401,Emirates Lions,home,18,252480,RF Schoeman,sub 3,replacement
https://rugby-union-feeds.incrowdsports.com/v1/matches/282749,282749,202401,Emirates Lions,home,23,100317,Manuel Rass,sub 8,replacement
https://rugby-union-feeds.incrowdsports.com/v1/matches/282749,282749,202401,Emirates Lions,home,12,165469,Marius Louw,inside centre,starter
https://rugby-union-feeds.incrowdsports.com/v1/matches/282749,282749,202401,Pau,away,6,122465,Lekima Tagitagivalu,flanker,starter
https://rugby-union-feeds.incrowdsports.com/v1/matches/282749,282749,202401,Pau,away,18,254503,Alexandre Etchebehere,sub 3,replacement
https://rugby-union-feeds.incrowdsports.com/v1/matches/282749,282749,202401,Pau,away,23,187237,Aymeric Luc,sub 8,replacement
https://rugby-union-feeds.incrowdsports.com/v1/matches/282749,282749,202401,Pau,away,14,223308,Aaron Grandidier Nkanang,right wing,starter
https://rugby-union-feeds.incrowdsports.com/v1/matches/282749,282749,202401,Pau,away,19,209548,Joel Kpoku,sub 4,replacement
https://rugby-union-feeds.incrowdsports.com/v1/matches/282749,282749,202401,Pau,away,16,107148,Romain Ruffenach,sub 1,replacement
https://rugby-union-feeds.incrowdsports.com/v1/matches/282749,282749,202401,Pau,away,13,123691,Olivier Klemenczak,outside centre,starter
https://rugby-union-feeds.incrowdsports.com/v1/matches/282749,282749,202401,Pau,away,1,115886,Remi Seneca,loosehead prop,starter
https://rugby-union-feeds.incrowdsports.com/v1/matches/282749,282749,202401,Pau,away,8,220112,Thibaut Hamonou,number eight,starter
https://rugby-union-feeds.incrowdsports.com/v1/matches/282749,282749,202401,Pau,away,7,243215,Mehdi Tlili,flanker,starter
https://rugby-union-feeds.incrowdsports.com/v1/matches/282749,282749,202401,Pau,away,22,254543,Quentin Valentino,sub 7,replacement
https://rugby-union-feeds.incrowdsports.com/v1/matches/282749,282749,202401,Pau,away,5,146867,Jimi Maximin,second row,starter
https://rugby-union-feeds.incrowdsports.com/v1/matches/282749,282749,202401,Pau,away,15,240019,Clément Mondinat,full back,starter
https://rugby-union-feeds.incrowdsports.com/v1/matches/282749,282749,202401,Pau,away,21,250066,Josselin Bouhier,sub 6,replacement
https://rugby-union-feeds.incrowdsports.com/v1/matches/282749,282749,202401,Pau,away,2,106963,Dan Jooste,hooker,starter
https://rugby-union-feeds.incrowdsports.com/v1/matches/282749,282749,202401,Pau,away,10,244533,Axel Desperes,fly half,starter
https://rugby-union-feeds.incrowdsports.com/v1/matches/282749,282749,202401,Pau,away,11,244412,Gregoire Arfeuil,left wing,starter
https://rugby-union-feeds.incrowdsports.com/v1/matches/282749,282749,202401,Pau,away,17,108250,Daniel Bibi Biziwu,sub 2,replacement
https://rugby-union-feeds.incrowdsports.com/v1/matches/282749,282749,202401,Pau,away,12,150876,Eliott Roudil,inside centre,starter
https://rugby-union-feeds.incrowdsports.com/v1/matches/282749,282749,202401,Pau,away,4,120507,Remi Picquette,second row,starter
https://rugby-union-feeds.incrowdsports.com/v1/matches/282749,282749,202401,Pau,away,3,106877,Guram Papidze,tighthead prop,starter
https://rugby-union-feeds.incrowdsports.com/v1/matches/282749,282749,202401,Pau,away,20,250079,Victor Templier,sub 5,replacement
https://rugby-union-feeds.incrowdsports.com/v1/matches/282749,282749,202401,Pau,away,9,250077,Thomas Souverbie,scrum half,starter
https://rugby-union-feeds.incrowdsports.com/v1/matches/282750,282750,202401,Vannes,home,8,174913,Sione Kalamafoni,number eight,starter
https://rugby-union-feeds.incrowdsports.com/v1/matches/282750,282750,202401,Vannes,home,9,158114,Michael Ruru,scrum half,starter
https://rugby-union-feeds.incrowdsports.com/v1/matches/282750,282750,202401,Vannes,home,1,141506,Mako Vunipola,loosehead prop,starter
https://rugby-union-feeds.incrowdsports.com/v1/matches/282750,282750,202401,Vannes,home,3,240871,Simon Bourgeois,tighthead prop,starter
https://rugby-union-feeds.incrowdsports.com/v1/matches/282750,282750,202401,Vannes,home,15,164741,Paul Surano,full back,starter
https://rugby-union-feeds.incrowdsports.com/v1/matches/282750,282750,202401,Vannes,home,11,132454,Romaric Camou,left wing,starter
https://rugby-union-feeds.incrowdsports.com/v1/matches/282750,282750,202401,Vannes,home,6,114666,Karl Chateau,flanker,starter
https://rugby-union-feeds.incrowdsports.com/v1/matches/282750,282750,202401,Vannes,home,17,161580,Charlesty Berguet,sub 2,replacement
https://rugby-union-feeds.incrowdsports.com/v1/matches/282750,282750,202401,Vannes,home,20,145834,Fabrice Metz,sub 5,replacement
https://rugby-union-feeds.incrowdsports.com/v1/matches/282750,282750,202401,Vannes,home,14,240591,Enzo Benmegal,right wing,starter
https://rugby-union-feeds.incrowdsports.com/v1/matches/282750,282750,202401,Vannes,home,13,249261,Robin Taccola,outside centre,starter
https://rugby-union-feeds.incrowdsports.com/v1/matches/282750,282750,202401,Vannes,home,23,181940,Inaki Ayarza,sub 8,replacement
https://rugby-union-feeds.incrowdsports.com/v1/matches/282750,282750,202401,Vannes,home,4,155506,Anton Bresler,second row,starter
https://rugby-union-feeds.incrowdsports.com/v1/matches/282750,282750,202401,Vannes,home,19,100982,Eric Marks,sub 4,replacement
https://rugby-union-feeds.incrowdsports.com/v1/matches/282750,282750,202401,Vannes,home,21,176024,Simon Augry,sub 6,replacement
https://rugby-union-feeds.incrowdsports.com/v1/matches/282750,282750,202401,Vannes,home,22,118933,Jules Lebail,sub 7,replacement
https://rugby-union-feeds.incrowdsports.com/v1/matches/282750,282750,202401,Vannes,home,7,184661,Francisco Gorrissen,flanker,starter
https://rugby-union-feeds.incrowdsports.com/v1/matches/282750,282750,202401,Vannes,home,18,208182,Santiago Medrano,sub 3,replacement
https://rugby-union-feeds.incrowdsports.com/v1/matches/282750,282750,202401,Vannes,home,16,139414,Cyril Blanchard,sub 1,replacement
https://rugby-union-feeds.incrowdsports.com/v1/matches/282750,282750,202401,Vannes,home,12,156827,Tani Vili,inside centre,starter
https://rugby-union-feeds.incrowdsports.com/v1/matches/282750,282750,202401,Vannes,home,2,163547,Theo Beziat,hooker,starter
https://rugby-union-feeds.incrowdsports.com/v1/matches/282750,282750,202401,Vannes,home,5,250972,Timothe Mezou,second row,starter
https://rugby-union-feeds.incrowdsports.com/v1/matches/282750,282750,202401,Vannes,home,10,131616,Maxime Lafage,fly half,starter
https://rugby-union-feeds.incrowdsports.com/v1/matches/282750,282750,202401,Gloucester Rugby,away,19,253378,Deian Gwynne,sub 4,replacement
https://rugby-union-feeds.incrowdsports.com/v1/matches/282750,282750,202401,Gloucester Rugby,away,21,201697,Caolan Englefield,sub 6,replacement
https://rugby-union-feeds.incrowdsports.com/v1/matches/282750,282750,202401,Gloucester Rugby,away,22,239425,Rory Taylor,sub 7,replacement
https://rugby-union-feeds.incrowdsports.com/v1/matches/282750,282750,202401,Gloucester Rugby,away,1,182760,Mayco Vivas,loosehead prop,starter
https://rugby-union-feeds.incrowdsports.com/v1/matches/282750,282750,202401,Gloucester Rugby,away,5,120165,Cameron Jordan,second row,starter
https://rugby-union-feeds.incrowdsports.com/v1/matches/282750,282750,202401,Gloucester Rugby,away,18,220293,Alfie Petch,sub 3,replacement
https://rugby-union-feeds.incrowdsports.com/v1/matches/282750,282750,202401,Gloucester Rugby,away,9,117545,Charlie Chapman,scrum half,starter
https://rugby-union-feeds.incrowdsports.com/v1/matches/282750,282750,202401,Gloucester Rugby,away,23,244523,Jack Cotgreave,sub 8,replacement
https://rugby-union-feeds.incrowdsports.com/v1/matches/282750,282750,202401,Gloucester Rugby,away,11,174090,Jack Reeves,left wing,starter
https://rugby-union-feeds.incrowdsports.com/v1/matches/282750,282750,202401,Gloucester Rugby,away,13,196656,Chris Harris,outside centre,starter
https://rugby-union-feeds.incrowdsports.com/v1/matches/282750,282750,202401,Gloucester Rugby,away,7,137423,Harry Taylor,flanker,starter
https://rugby-union-feeds.incrowdsports.com/v1/matches/282750,282750,202401,Gloucester Rugby,away,12,112368,Will Butler,inside centre,starter
https://rugby-union-feeds.incrowdsports.com/v1/matches/282750,282750,202401,Gloucester Rugby,away,2,157389,Morgan Nelson,hooker,starter
https://rugby-union-feeds.incrowdsports.com/v1/matches/282750,282750,202401,Gloucester Rugby,away,4,203694,Freddie Clarke,second row,starter
https://rugby-union-feeds.incrowdsports.com/v1/matches/282750,282750,202401,Gloucester Rugby,away,8,185102,Albert Tuisue,number eight,starter
https://rugby-union-feeds.incrowdsports.com/v1/matches/282750,282750,202401,Gloucester Rugby,away,10,133265,George Barton,fly half,starter
https://rugby-union-feeds.incrowdsports.com/v1/matches/282750,282750,202401,Gloucester Rugby,away,3,201234,Kirill Gotovtsev,tighthead prop,starter
https://rugby-union-feeds.incrowdsports.com/v1/matches/282750,282750,202401,Gloucester Rugby,away,17,147089,Archie McArthur,sub 2,replacement
https://rugby-union-feeds.incrowdsports.com/v1/matches/282750,282750,202401,Gloucester Rugby,away,14,176050,Jacob Morris,right wing,starter
https://rugby-union-feeds.incrowdsports.com/v1/matches/282750,282750,202401,Gloucester Rugby,away,15,239575,Ioan Jones,full back,starter
https://rugby-union-feeds.incrowdsports.com/v1/matches/282750,282750,202401,Gloucester Rugby,away,16,245467,Gareth Blackmore,sub 1,replacement
https://rugby-union-feeds.incrowdsports.com/v1/matches/282750,282750,202401,Gloucester Rugby,away,6,244287,Danny Eite,flanker,starter
https://rugby-union-feeds.incrowdsports.com/v1/matches/282750,282750,202401,Gloucester Rugby,away,20,244925,Caio James,sub 5,replacement
https://rugby-union-feeds.incrowdsports.com/v1/matches/282751,282751,202401,Cardiff Rugby,home,19,167587,Seb Davies,sub 4,replacement
https://rugby-union-feeds.incrowdsports.com/v1/matches/282751,282751,202401,Cardiff Rugby,home,4,139876,Josh McNally,second row,starter
https://rugby-union-feeds.incrowdsports.com/v1/matches/282751,282751,202401,Cardiff Rugby,home,5,169185,Teddy Williams,second row,starter
https://rugby-union-feeds.incrowdsports.com/v1/matches/282751,282751,202401,Cardiff Rugby,home,3,163074,Will Davies-King,tighthead prop,starter
https://rugby-union-feeds.incrowdsports.com/v1/matches/282751,282751,202401,Cardiff Rugby,home,23,186117,Rory Jennings,sub 8,replacement
https://rugby-union-feeds.incrowdsports.com/v1/matches/282751,282751,202401,Cardiff Rugby,home,6,214124,James Botham,flanker,starter
https://rugby-union-feeds.incrowdsports.com/v1/matches/282751,282751,202401,Cardiff Rugby,home,22,237324,Johan Mulder,sub 7,replacement
https://rugby-union-feeds.incrowdsports.com/v1/matches/282751,282751,202401,Cardiff Rugby,home,10,152457,Callum Sheedy,fly half,starter
https://rugby-union-feeds.incrowdsports.com/v1/matches/282751,282751,202401,Cardiff Rugby,home,1,212458,Corey Domachowski,loosehead prop,starter
https://rugby-union-feeds.incrowdsports.com/v1/matches/282751,282751,202401,Cardiff Rugby,home,2,137071,Liam Belcher,hooker,starter
https://rugby-union-feeds.incrowdsports.com/v1/matches/282751,282751,202401,Cardiff Rugby,home,16,204560,Dafydd Hughes,sub 1,replacement
https://rugby-union-feeds.incrowdsports.com/v1/matches/282751,282751,202401,Cardiff Rugby,home,7,113101,Dan Thomas,flanker,starter
https://rugby-union-feeds.incrowdsports.com/v1/matches/282751,282751,202401,Cardiff Rugby,home,17,203823,Danny Southworth,sub 2,replacement
https://rugby-union-feeds.incrowdsports.com/v1/matches/282751,282751,202401,Cardiff Rugby,home,20,235183,Alex Mann,sub 5,replacement
https://rugby-union-feeds.incrowdsports.com/v1/matches/282751,282751,202401,Cardiff Rugby,home,14,137453,Josh Adams,right wing,starter
https://rugby-union-feeds.incrowdsports.com/v1/matches/282751,282751,202401,Cardiff Rugby,home,21,131470,Alun Lawrence,sub 6,replacement
https://rugby-union-feeds.incrowdsports.com/v1/matches/282751,282751,202401,Cardiff Rugby,home,9,165236,Aled Davies,scrum half,starter
https://rugby-union-feeds.incrowdsports.com/v1/matches/282751,282751,202401,Cardiff Rugby,home,11,248818,Tom Bowen,left wing,starter
https://rugby-union-feeds.incrowdsports.com/v1/matches/282751,282751,202401,Cardiff Rugby,home,8,212114,Taulupe Faletau,number eight,starter
https://rugby-union-feeds.incrowdsports.com/v1/matches/282751,282751,202401,Cardiff Rugby,home,12,225777,Ben Thomas,inside centre,starter
https://rugby-union-feeds.incrowdsports.com/v1/matches/282751,282751,202401,Cardiff Rugby,home,13,159130,Rey Lee-Lo,outside centre,starter
https://rugby-union-feeds.incrowdsports.com/v1/matches/282751,282751,202401,Cardiff Rugby,home,15,239360,Cam Winnett,full back,starter
https://rugby-union-feeds.incrowdsports.com/v1/matches/282751,282751,202401,Cardiff Rugby,home,18,202399,Keiron Assiratti,sub 3,replacement
https://rugby-union-feeds.incrowdsports.com/v1/matches/282751,282751,202401,Toyota Cheetahs,away,20,134756,Friedle Olivier,sub 5,replacement
https://rugby-union-feeds.incrowdsports.com/v1/matches/282751,282751,202401,Toyota Cheetahs,away,12,119430,Ali Mgijima,inside centre,starter
https://rugby-union-feeds.incrowdsports.com/v1/matches/282751,282751,202401,Toyota Cheetahs,away,7,156327,Oupa Mohoje,flanker,starter
https://rugby-union-feeds.incrowdsports.com/v1/matches/282751,282751,202401,Toyota Cheetahs,away,23,241573,George Lourens,sub 8,replacement
https://rugby-union-feeds.incrowdsports.com/v1/matches/282751,282751,202401,Toyota Cheetahs,away,9,144651,Ruben de Haas,scrum half,starter
https://rugby-union-feeds.incrowdsports.com/v1/matches/282751,282751,202401,Toyota Cheetahs,away,1,197387,Schalk Ferreira,loosehead prop,starter
https://rugby-union-feeds.incrowdsports.com/v1/matches/282751,282751,202401,Toyota Cheetahs,away,6,207435,Gideon van der Merwe,flanker,starter
https://rugby-union-feeds.incrowdsports.com/v1/matches/282751,282751,202401,Toyota Cheetahs,away,17,146316,Hencus van Wyk,sub 2,replacement
https://rugby-union-feeds.incrowdsports.com/v1/matches/282751,282751,202401,Toyota Cheetahs,away,15,246826,Michael Annies,full back,starter
https://rugby-union-feeds.incrowdsports.com/v1/matches/282751,282751,202401,Toyota Cheetahs,away,3,177263,Aranos Coetzee,tighthead prop,starter
https://rugby-union-feeds.incrowdsports.com/v1/matches/282751,282751,202401,Toyota Cheetahs,away,21,132560,Daniel Maartens,sub 6,replacement
https://rugby-union-feeds.incrowdsports.com/v1/matches/282751,282751,202401,Toyota Cheetahs,away,11,237357,Cohen Jasper,left wing,starter
https://rugby-union-feeds.incrowdsports.com/v1/matches/282751,282751,202401,Toyota Cheetahs,away,2,189358,Louis van der Westhuizen,hooker,starter
https://rugby-union-feeds.incrowdsports.com/v1/matches/282751,282751,202401,Toyota Cheetahs,away,16,245741,Vernon Paulo,sub 1,replacement
https://rugby-union-feeds.incrowdsports.com/v1/matches/282751,282751,202401,Toyota Cheetahs,away,13,220210,CJ Coetzee,outside centre,starter
https://rugby-union-feeds.incrowdsports.com/v1/matches/282751,282751,202401,Toyota Cheetahs,away,4,150194,Carl Wegner,second row,starter
https://rugby-union-feeds.incrowdsports.com/v1/matches/282751,282751,202401,Toyota Cheetahs,away,22,187096,Rewan Kruger,sub 7,replacement
https://rugby-union-feeds.incrowdsports.com/v1/matches/282751,282751,202401,Toyota Cheetahs,away,14,240022,Munier Hartzenberg,right wing,starter
https://rugby-union-feeds.incrowdsports.com/v1/matches/282751,282751,202401,Toyota Cheetahs,away,8,121944,Jeandre Rudolph,number eight,starter
https://rugby-union-feeds.incrowdsports.com/v1/matches/282751,282751,202401,Toyota Cheetahs,away,5,117465,Victor Sekekete,second row,starter
https://rugby-union-feeds.incrowdsports.com/v1/matches/282751,282751,202401,Toyota Cheetahs,away,18,219995,Rob Hunt,sub 3,replacement
https://rugby-union-feeds.incrowdsports.com/v1/matches/282751,282751,202401,Toyota Cheetahs,away,10,252030,Ethan Wentzel,fly half,starter
https://rugby-union-feeds.incrowdsports.com/v1/matches/282751,282751,202401,Toyota Cheetahs,away,19,252029,Pierre-Raymond Uys,sub 4,replacement
https://rugby-union-feeds.incrowdsports.com/v1/matches/282752,282752,202401,Scarlets,home,9,180675,Gareth Davies,scrum half,starter
https://rugby-union-feeds.incrowdsports.com/v1/matches/282752,282752,202401,Scarlets,home,3,192419,Henry Thomas,tighthead prop,starter
https://rugby-union-feeds.incrowdsports.com/v1/matches/282752,282752,202401,Scarlets,home,12,120161,Johnny Williams,inside centre,starter
https://rugby-union-feeds.incrowdsports.com/v1/matches/282752,282752,202401,Scarlets,home,20,238947,Jarrod Taylor,sub 5,replacement
https://rugby-union-feeds.incrowdsports.com/v1/matches/282752,282752,202401,Scarlets,home,1,194663,Kemsley Mathias,loosehead prop,starter
https://rugby-union-feeds.incrowdsports.com/v1/matches/282752,282752,202401,Scarlets,home,5,158599,Sam Lousi,second row,starter
https://rugby-union-feeds.incrowdsports.com/v1/matches/282752,282752,202401,Scarlets,home,15,103461,Ioan Nicholas,full back,starter
https://rugby-union-feeds.incrowdsports.com/v1/matches/282752,282752,202401,Scarlets,home,2,211818,Marnus van der Merwe,hooker,starter
https://rugby-union-feeds.incrowdsports.com/v1/matches/282752,282752,202401,Scarlets,home,18,236841,Archer Holz,sub 3,replacement
https://rugby-union-feeds.incrowdsports.com/v1/matches/282752,282752,202401,Scarlets,home,22,135370,Ioan Lloyd,sub 7,replacement
https://rugby-union-feeds.incrowdsports.com/v1/matches/282752,282752,202401,Scarlets,home,4,236880,Max Douglas,second row,starter
https://rugby-union-feeds.incrowdsports.com/v1/matches/282752,282752,202401,Scarlets,home,13,125549,Joe Roberts,outside centre,starter
https://rugby-union-feeds.incrowdsports.com/v1/matches/282752,282752,202401,Scarlets,home,16,152813,Shaun Evans,sub 1,replacement
https://rugby-union-feeds.incrowdsports.com/v1/matches/282752,282752,202401,Scarlets,home,8,210189,Vaea Fifita,number eight,starter
https://rugby-union-feeds.incrowdsports.com/v1/matches/282752,282752,202401,Scarlets,home,6,143123,Taine Plumtree,flanker,starter
https://rugby-union-feeds.incrowdsports.com/v1/matches/282752,282752,202401,Scarlets,home,17,161208,Alec Hepburn,sub 2,replacement
https://rugby-union-feeds.incrowdsports.com/v1/matches/282752,282752,202401,Scarlets,home,19,201303,Jac Price,sub 4,replacement
https://rugby-union-feeds.incrowdsports.com/v1/matches/282752,282752,202401,Scarlets,home,23,237271,Eddie James,sub 8,replacement
https://rugby-union-feeds.incrowdsports.com/v1/matches/282752,282752,202401,Scarlets,home,14,125946,Tom Rogers,right wing,starter
https://rugby-union-feeds.incrowdsports.com/v1/matches/282752,282752,202401,Scarlets,home,7,124858,Josh Macleod,flanker,starter
https://rugby-union-feeds.incrowdsports.com/v1/matches/282752,282752,202401,Scarlets,home,11,249307,Ellis Mee,left wing,starter
https://rugby-union-feeds.incrowdsports.com/v1/matches/282752,282752,202401,Scarlets,home,10,118619,Sam Costelow,fly half,starter
https://rugby-union-feeds.incrowdsports.com/v1/matches/282752,282752,202401,Scarlets,home,21,240574,Archie Hughes,sub 6,replacement
https://rugby-union-feeds.incrowdsports.com/v1/matches/282752,282752,202401,Black Lion,away,15,246024,Luka Tsirekidze,full back,starter
https://rugby-union-feeds.incrowdsports.com/v1/matches/282752,282752,202401,Black Lion,away,19,124998,Demuri Epremidze,sub 4,replacement
https://rugby-union-feeds.incrowdsports.com/v1/matches/282752,282752,202401,Black Lion,away,4,205195,Lado Chachanidze,second row,starter
https://rugby-union-feeds.incrowdsports.com/v1/matches/282752,282752,202401,Black Lion,away,10,238506,Luka Matkava,fly half,starter
https://rugby-union-feeds.incrowdsports.com/v1/matches/282752,282752,202401,Black Lion,away,23,195465,Sandro Todua,sub 8,replacement
https://rugby-union-feeds.incrowdsports.com/v1/matches/282752,282752,202401,Black Lion,away,11,253552,Amiran Shvangiradze,left wing,starter
https://rugby-union-feeds.incrowdsports.com/v1/matches/282752,282752,202401,Black Lion,away,5,147024,Mikheil Babunashvili,second row,starter
https://rugby-union-feeds.incrowdsports.com/v1/matches/282752,282752,202401,Black Lion,away,20,253551,Giorgi Sinauridze,sub 5,replacement
https://rugby-union-feeds.incrowdsports.com/v1/matches/282752,282752,202401,Black Lion,away,16,150125,Tengiz Zamtaradze,sub 1,replacement
https://rugby-union-feeds.incrowdsports.com/v1/matches/282752,282752,202401,Black Lion,away,7,120463,Giorgi Tsutskiridze,flanker,starter
https://rugby-union-feeds.incrowdsports.com/v1/matches/282752,282752,202401,Black Lion,away,9,238516,Tengiz Peranidze,scrum half,starter
https://rugby-union-feeds.incrowdsports.com/v1/matches/282752,282752,202401,Black Lion,away,12,237105,Tornike Kakhoidze,inside centre,starter
https://rugby-union-feeds.incrowdsports.com/v1/matches/282752,282752,202401,Black Lion,away,1,195383,Vasil Kakovin,loosehead prop,starter
https://rugby-union-feeds.incrowdsports.com/v1/matches/282752,282752,202401,Black Lion,away,14,161398,Akaki Tabutsadze,right wing,starter
https://rugby-union-feeds.incrowdsports.com/v1/matches/282752,282752,202401,Black Lion,away,3,243482,Giorgi Chkhartishvili,tighthead prop,starter
https://rugby-union-feeds.incrowdsports.com/v1/matches/282752,282752,202401,Black Lion,away,6,160282,Sandro Mamamtavrishvili,flanker,starter
https://rugby-union-feeds.incrowdsports.com/v1/matches/282752,282752,202401,Black Lion,away,17,243481,Dato Abdushelishvili,sub 2,replacement
https://rugby-union-feeds.incrowdsports.com/v1/matches/282752,282752,202401,Black Lion,away,13,212544,Demi Tapladze,outside centre,starter
https://rugby-union-feeds.incrowdsports.com/v1/matches/282752,282752,202401,Black Lion,away,22,241727,Ioane Metreveli,sub 7,replacement
https://rugby-union-feeds.incrowdsports.com/v1/matches/282752,282752,202401,Black Lion,away,2,126080,Irakli Kvatadze,hooker,starter
https://rugby-union-feeds.incrowdsports.com/v1/matches/282752,282752,202401,Black Lion,away,8,238494,Luka Ivanishvili,number eight,starter
https://rugby-union-feeds.incrowdsports.com/v1/matches/282752,282752,202401,Black Lion,away,18,249693,Bachuki Tchumbadze,sub 3,replacement
https://rugby-union-feeds.incrowdsports.com/v1/matches/282752,282752,202401,Black Lion,away,21,241725,Davit Khuroshvili,sub 6,replacement
https://rugby-union-feeds.incrowdsports.com/v1/matches/282753,282753,202401,Perpignan,home,5,178723,Adrien Warion,second row,starter
https://rugby-union-feeds.incrowdsports.com/v1/matches/282753,282753,202401,Perpignan,home,19,244548,Bastien Chinarro,sub 4,replacement
https://rugby-union-feeds.incrowdsports.com/v1/matches/282753,282753,202401,Perpignan,home,11,250083,Maxim Granell,left wing,starter
https://rugby-union-feeds.incrowdsports.com/v1/matches/282753,282753,202401,Perpignan,home,10,229634,Antoine Aucagne,fly half,starter
https://rugby-union-feeds.incrowdsports.com/v1/matches/282753,282753,202401,Perpignan,home,6,240578,Noe Della Schiava,flanker,starter
https://rugby-union-feeds.incrowdsports.com/v1/matches/282753,282753,202401,Perpignan,home,12,136808,Apisai Naqalevu,inside centre,starter
https://rugby-union-feeds.incrowdsports.com/v1/matches/282753,282753,202401,Perpignan,home,3,216038,Nemo Roelofse,tighthead prop,starter
https://rugby-union-feeds.incrowdsports.com/v1/matches/282753,282753,202401,Perpignan,home,22,130282,Tommaso Allan,sub 7,replacement
https://rugby-union-feeds.incrowdsports.com/v1/matches/282753,282753,202401,Perpignan,home,13,120011,Riko Buliruarua,outside centre,starter
https://rugby-union-feeds.incrowdsports.com/v1/matches/282753,282753,202401,Perpignan,home,16,233161,Victor Montgaillard,sub 1,replacement
https://rugby-union-feeds.incrowdsports.com/v1/matches/282753,282753,202401,Perpignan,home,23,183088,Freddy Duguivalu,sub 8,replacement
https://rugby-union-feeds.incrowdsports.com/v1/matches/282753,282753,202401,Perpignan,home,9,116177,James Hall,scrum half,starter
https://rugby-union-feeds.incrowdsports.com/v1/matches/282753,282753,202401,Perpignan,home,20,198867,So'otala Fa'aso'o,sub 5,replacement
https://rugby-union-feeds.incrowdsports.com/v1/matches/282753,282753,202401,Perpignan,home,8,246033,Andro Dvali,number eight,starter
https://rugby-union-feeds.incrowdsports.com/v1/matches/282753,282753,202401,Perpignan,home,17,254616,Johan Barcenilla D’Onghia,sub 2,replacement
https://rugby-union-feeds.incrowdsports.com/v1/matches/282753,282753,202401,Perpignan,home,7,236695,Max Hicks,flanker,starter
https://rugby-union-feeds.incrowdsports.com/v1/matches/282753,282753,202401,Perpignan,home,1,252214,Lorencio Boyer-Gallardo,loosehead prop,starter
https://rugby-union-feeds.incrowdsports.com/v1/matches/282753,282753,202401,Perpignan,home,14,240572,Jefferson Joseph,right wing,starter
https://rugby-union-feeds.incrowdsports.com/v1/matches/282753,282753,202401,Perpignan,home,18,189692,Kieran Brookes,sub 3,replacement
https://rugby-union-feeds.incrowdsports.com/v1/matches/282753,282753,202401,Perpignan,home,2,100283,Seilala Lam,hooker,starter
https://rugby-union-feeds.incrowdsports.com/v1/matches/282753,282753,202401,Perpignan,home,15,103006,Ali Crossdale,full back,starter
https://rugby-union-feeds.incrowdsports.com/v1/matches/282753,282753,202401,Perpignan,home,4,236608,Alessandro Ortombina,second row,starter
https://rugby-union-feeds.incrowdsports.com/v1/matches/282753,282753,202401,Perpignan,home,21,160800,Gela Aprasidze,sub 6,replacement
https://rugby-union-feeds.incrowdsports.com/v1/matches/282753,282753,202401,Connacht Rugby,away,11,199266,Andrew Smith,left wing,starter
https://rugby-union-feeds.incrowdsports.com/v1/matches/282753,282753,202401,Connacht Rugby,away,15,138471,Santiago Cordero,full back,starter
https://rugby-union-feeds.incrowdsports.com/v1/matches/282753,282753,202401,Connacht Rugby,away,7,229288,Shamus Hurley-Langton,flanker,starter
https://rugby-union-feeds.incrowdsports.com/v1/matches/282753,282753,202401,Connacht Rugby,away,4,244039,Darragh Murray,second row,starter
https://rugby-union-feeds.incrowdsports.com/v1/matches/282753,282753,202401,Connacht Rugby,away,6,198565,Cian Prendergast,flanker,starter
https://rugby-union-feeds.incrowdsports.com/v1/matches/282753,282753,202401,Connacht Rugby,away,9,239627,Matthew Devine,scrum half,starter
https://rugby-union-feeds.incrowdsports.com/v1/matches/282753,282753,202401,Connacht Rugby,away,12,141193,Cathal Forde,inside centre,starter
https://rugby-union-feeds.incrowdsports.com/v1/matches/282753,282753,202401,Connacht Rugby,away,17,123372,Jordan Duggan,sub 2,replacement
https://rugby-union-feeds.incrowdsports.com/v1/matches/282753,282753,202401,Connacht Rugby,away,13,204400,Byron Ralston,outside centre,starter
https://rugby-union-feeds.incrowdsports.com/v1/matches/282753,282753,202401,Connacht Rugby,away,5,106352,Joe Joyce,second row,starter
https://rugby-union-feeds.incrowdsports.com/v1/matches/282753,282753,202401,Connacht Rugby,away,10,111826,Jack Carty,fly half,starter
https://rugby-union-feeds.incrowdsports.com/v1/matches/282753,282753,202401,Connacht Rugby,away,2,237236,Eoin de Buitlear,hooker,starter
https://rugby-union-feeds.incrowdsports.com/v1/matches/282753,282753,202401,Connacht Rugby,away,18,162419,Jack Aungier,sub 3,replacement
https://rugby-union-feeds.incrowdsports.com/v1/matches/282753,282753,202401,Connacht Rugby,away,8,137489,Sean O'Brien,number eight,starter
https://rugby-union-feeds.incrowdsports.com/v1/matches/282753,282753,202401,Connacht Rugby,away,22,220114,David Hawkshaw,sub 7,replacement
https://rugby-union-feeds.incrowdsports.com/v1/matches/282753,282753,202401,Connacht Rugby,away,23,184561,Conor Oliver,sub 8,replacement
https://rugby-union-feeds.incrowdsports.com/v1/matches/282753,282753,202401,Connacht Rugby,away,21,180856,Ben Murphy,sub 6,replacement
https://rugby-union-feeds.incrowdsports.com/v1/matches/282753,282753,202401,Connacht Rugby,away,3,237237,Sam Illo,tighthead prop,starter
https://rugby-union-feeds.incrowdsports.com/v1/matches/282753,282753,202401,Connacht Rugby,away,19,225781,Oisin Dowling,sub 4,replacement
https://rugby-union-feeds.incrowdsports.com/v1/matches/282753,282753,202401,Connacht Rugby,away,14,118682,Chay Mullins,right wing,starter
https://rugby-union-feeds.incrowdsports.com/v1/matches/282753,282753,202401,Connacht Rugby,away,16,173275,Adam McBurney,sub 1,replacement
https://rugby-union-feeds.incrowdsports.com/v1/matches/282753,282753,202401,Connacht Rugby,away,1,140665,Denis Buckley,loosehead prop,starter
https://rugby-union-feeds.incrowdsports.com/v1/matches/282753,282753,202401,Connacht Rugby,away,20,200378,Paul Boyle,sub 5,replacement
https://rugby-union-feeds.incrowdsports.com/v1/matches/282754,282754,202401,Newcastle Falcons,home,7,140708,Tom Gordon,flanker,starter
https://rugby-union-feeds.incrowdsports.com/v1/matches/282754,282754,202401,Newcastle Falcons,home,19,239553,Finn Baker,sub 4,replacement
https://rugby-union-feeds.incrowdsports.com/v1/matches/282754,282754,202401,Newcastle Falcons,home,10,204296,Kieran Wilkinson,fly half,starter
https://rugby-union-feeds.incrowdsports.com/v1/matches/282754,282754,202401,Newcastle Falcons,home,8,168872,Callum Chick,number eight,starter
https://rugby-union-feeds.incrowdsports.com/v1/matches/282754,282754,202401,Newcastle Falcons,home,6,219782,Freddie Lockwood,flanker,starter
https://rugby-union-feeds.incrowdsports.com/v1/matches/282754,282754,202401,Newcastle Falcons,home,22,205702,Brett Connon,sub 7,replacement
https://rugby-union-feeds.incrowdsports.com/v1/matches/282754,282754,202401,Newcastle Falcons,home,21,133094,Hugh O'Sullivan,sub 6,replacement
https://rugby-union-feeds.incrowdsports.com/v1/matches/282754,282754,202401,Newcastle Falcons,home,15,239563,Ben Redshaw,full back,starter
https://rugby-union-feeds.incrowdsports.com/v1/matches/282754,282754,202401,Newcastle Falcons,home,2,207081,Ollie Fletcher,hooker,starter
https://rugby-union-feeds.incrowdsports.com/v1/matches/282754,282754,202401,Newcastle Falcons,home,12,210511,Connor Doherty,inside centre,starter
https://rugby-union-feeds.incrowdsports.com/v1/matches/282754,282754,202401,Newcastle Falcons,home,5,213140,Kiran McDonald Seran,second row,starter
https://rugby-union-feeds.incrowdsports.com/v1/matches/282754,282754,202401,Newcastle Falcons,home,18,134737,Connor Hancock,sub 3,replacement
https://rugby-union-feeds.incrowdsports.com/v1/matches/282754,282754,202401,Newcastle Falcons,home,1,205585,Murray McCallum,loosehead prop,starter
https://rugby-union-feeds.incrowdsports.com/v1/matches/282754,282754,202401,Newcastle Falcons,home,3,170103,Callum Hancock,tighthead prop,starter
https://rugby-union-feeds.incrowdsports.com/v1/matches/282754,282754,202401,Newcastle Falcons,home,4,154551,Sebastian de Chaves,second row,starter
https://rugby-union-feeds.incrowdsports.com/v1/matches/282754,282754,202401,Newcastle Falcons,home,9,137624,Sam Stuart,scrum half,starter
https://rugby-union-feeds.incrowdsports.com/v1/matches/282754,282754,202401,Newcastle Falcons,home,16,166840,Bryan Byrne,sub 1,replacement
https://rugby-union-feeds.incrowdsports.com/v1/matches/282754,282754,202401,Newcastle Falcons,home,20,190680,Ollie Leatherbarrow,sub 5,replacement
https://rugby-union-feeds.incrowdsports.com/v1/matches/282754,282754,202401,Newcastle Falcons,home,11,143126,Ben Stevenson,left wing,starter
https://rugby-union-feeds.incrowdsports.com/v1/matches/282754,282754,202401,Newcastle Falcons,home,23,222549,Oli Spencer,sub 8,replacement
https://rugby-union-feeds.incrowdsports.com/v1/matches/282754,282754,202401,Newcastle Falcons,home,14,221884,Adam Radwan,right wing,starter
https://rugby-union-feeds.incrowdsports.com/v1/matches/282754,282754,202401,Newcastle Falcons,home,13,199072,Alex Hearle,outside centre,starter
https://rugby-union-feeds.incrowdsports.com/v1/matches/282754,282754,202401,Newcastle Falcons,home,17,239550,Mike Rewcastle,sub 2,replacement
https://rugby-union-feeds.incrowdsports.com/v1/matches/282754,282754,202401,Dragons RFC,away,14,180932,Ewan Rosser,right wing,starter
https://rugby-union-feeds.incrowdsports.com/v1/matches/282754,282754,202401,Dragons RFC,away,9,241731,Che Hope,scrum half,starter
https://rugby-union-feeds.incrowdsports.com/v1/matches/282754,282754,202401,Dragons RFC,away,2,203043,Brodie Coghlan,hooker,starter
https://rugby-union-feeds.incrowdsports.com/v1/matches/282754,282754,202401,Dragons RFC,away,13,240577,Joe Westwood,outside centre,starter
https://rugby-union-feeds.incrowdsports.com/v1/matches/282754,282754,202401,Dragons RFC,away,10,211713,Angus O'Brien,fly half,starter
https://rugby-union-feeds.incrowdsports.com/v1/matches/282754,282754,202401,Dragons RFC,away,19,250760,Nick Thomas,sub 4,replacement
https://rugby-union-feeds.incrowdsports.com/v1/matches/282754,282754,202401,Dragons RFC,away,1,105189,Rodrigo Martinez Manzano,loosehead prop,starter
https://rugby-union-feeds.incrowdsports.com/v1/matches/282754,282754,202401,Dragons RFC,away,16,230822,Ollie Burrows,sub 1,replacement
https://rugby-union-feeds.incrowdsports.com/v1/matches/282754,282754,202401,Dragons RFC,away,11,240453,Oli Andrew,left wing,starter
https://rugby-union-feeds.incrowdsports.com/v1/matches/282754,282754,202401,Dragons RFC,away,7,168486,Dan Lydiate,flanker,starter
https://rugby-union-feeds.incrowdsports.com/v1/matches/282754,282754,202401,Dragons RFC,away,5,135435,George Nott,second row,starter
https://rugby-union-feeds.incrowdsports.com/v1/matches/282754,282754,202401,Dragons RFC,away,15,250763,Huw Anderson,full back,starter
https://rugby-union-feeds.incrowdsports.com/v1/matches/282754,282754,202401,Dragons RFC,away,12,140652,Aneurin Owen,inside centre,starter
https://rugby-union-feeds.incrowdsports.com/v1/matches/282754,282754,202401,Dragons RFC,away,20,253834,Evan Minto,sub 5,replacement
https://rugby-union-feeds.incrowdsports.com/v1/matches/282754,282754,202401,Dragons RFC,away,23,242826,Harry Wilson,sub 8,replacement
https://rugby-union-feeds.incrowdsports.com/v1/matches/282754,282754,202401,Dragons RFC,away,18,237677,Paula Latu,sub 3,replacement
https://rugby-union-feeds.incrowdsports.com/v1/matches/282754,282754,202401,Dragons RFC,away,4,180275,Steve Cummins,second row,starter
https://rugby-union-feeds.incrowdsports.com/v1/matches/282754,282754,202401,Dragons RFC,away,17,174587,Josh Reynolds,sub 2,replacement
https://rugby-union-feeds.incrowdsports.com/v1/matches/282754,282754,202401,Dragons RFC,away,8,119132,Aaron Wainwright,number eight,starter
https://rugby-union-feeds.incrowdsports.com/v1/matches/282754,282754,202401,Dragons RFC,away,3,207872,Chris Coleman,tighthead prop,starter
https://rugby-union-feeds.incrowdsports.com/v1/matches/282754,282754,202401,Dragons RFC,away,22,101982,Cai Evans,sub 7,replacement
https://rugby-union-feeds.incrowdsports.com/v1/matches/282754,282754,202401,Dragons RFC,away,21,224767,Rhodri Williams,sub 6,replacement
https://rugby-union-feeds.incrowdsports.com/v1/matches/282754,282754,202401,Dragons RFC,away,6,240573,Ryan Woodman,flanker,starter
https://rugby-union-feeds.incrowdsports.com/v1/matches/282755,282755,202401,Gloucester Rugby,home,11,241026,Josh Hathaway,left wing,starter
https://rugby-union-feeds.incrowdsports.com/v1/matches/282755,282755,202401,Gloucester Rugby,home,9,201697,Caolan Englefield,scrum half,starter
https://rugby-union-feeds.incrowdsports.com/v1/matches/282755,282755,202401,Gloucester Rugby,home,1,182760,Mayco Vivas,loosehead prop,starter
https://rugby-union-feeds.incrowdsports.com/v1/matches/282755,282755,202401,Gloucester Rugby,home,5,124901,Arthur Clark,second row,starter
https://rugby-union-feeds.incrowdsports.com/v1/matches/282755,282755,202401,Gloucester Rugby,home,12,186214,Max Llewellyn,inside centre,starter
https://rugby-union-feeds.incrowdsports.com/v1/matches/282755,282755,202401,Gloucester Rugby,home,6,113799,Jack Clement,flanker,starter
https://rugby-union-feeds.incrowdsports.com/v1/matches/282755,282755,202401,Gloucester Rugby,home,21,133163,Tomos Williams,sub 6,replacement
https://rugby-union-feeds.incrowdsports.com/v1/matches/282755,282755,202401,Gloucester Rugby,home,4,196875,Freddie Thomas,second row,starter
https://rugby-union-feeds.incrowdsports.com/v1/matches/282755,282755,202401,Gloucester Rugby,home,14,166601,Christian Wade,right wing,starter
https://rugby-union-feeds.incrowdsports.com/v1/matches/282755,282755,202401,Gloucester Rugby,home,22,123243,Charlie Atkinson,sub 7,replacement
https://rugby-union-feeds.incrowdsports.com/v1/matches/282755,282755,202401,Gloucester Rugby,home,13,196656,Chris Harris,outside centre,starter
https://rugby-union-feeds.incrowdsports.com/v1/matches/282755,282755,202401,Gloucester Rugby,home,19,203694,Freddie Clarke,sub 4,replacement
https://rugby-union-feeds.incrowdsports.com/v1/matches/282755,282755,202401,Gloucester Rugby,home,8,191662,Ruan Ackermann,number eight,starter
https://rugby-union-feeds.incrowdsports.com/v1/matches/282755,282755,202401,Gloucester Rugby,home,20,185102,Albert Tuisue,sub 5,replacement
https://rugby-union-feeds.incrowdsports.com/v1/matches/282755,282755,202401,Gloucester Rugby,home,3,189971,Ciaran Knight,tighthead prop,starter
https://rugby-union-feeds.incrowdsports.com/v1/matches/282755,282755,202401,Gloucester Rugby,home,15,133265,George Barton,full back,starter
https://rugby-union-feeds.incrowdsports.com/v1/matches/282755,282755,202401,Gloucester Rugby,home,18,201234,Kirill Gotovtsev,sub 3,replacement
https://rugby-union-feeds.incrowdsports.com/v1/matches/282755,282755,202401,Gloucester Rugby,home,16,137490,Seb Blake,sub 1,replacement
https://rugby-union-feeds.incrowdsports.com/v1/matches/282755,282755,202401,Gloucester Rugby,home,23,176050,Jacob Morris,sub 8,replacement
https://rugby-union-feeds.incrowdsports.com/v1/matches/282755,282755,202401,Gloucester Rugby,home,7,209756,Lewis Ludlow,flanker,starter
https://rugby-union-feeds.incrowdsports.com/v1/matches/282755,282755,202401,Gloucester Rugby,home,2,122972,Jack Singleton,hooker,starter
https://rugby-union-feeds.incrowdsports.com/v1/matches/282755,282755,202401,Gloucester Rugby,home,17,155487,Jamal Ford-Robinson,sub 2,replacement
https://rugby-union-feeds.incrowdsports.com/v1/matches/282755,282755,202401,Gloucester Rugby,home,10,189982,Santiago Carreras,fly half,starter
https://rugby-union-feeds.incrowdsports.com/v1/matches/282755,282755,202401,Scarlets,away,3,192419,Henry Thomas,tighthead prop,starter
https://rugby-union-feeds.incrowdsports.com/v1/matches/282755,282755,202401,Scarlets,away,21,180675,Gareth Davies,sub 6,replacement
https://rugby-union-feeds.incrowdsports.com/v1/matches/282755,282755,202401,Scarlets,away,20,238947,Jarrod Taylor,sub 5,replacement
https://rugby-union-feeds.incrowdsports.com/v1/matches/282755,282755,202401,Scarlets,away,13,250753,Macs Page,outside centre,starter
https://rugby-union-feeds.incrowdsports.com/v1/matches/282755,282755,202401,Scarlets,away,1,194663,Kemsley Mathias,loosehead prop,starter
https://rugby-union-feeds.incrowdsports.com/v1/matches/282755,282755,202401,Scarlets,away,19,158599,Sam Lousi,sub 4,replacement
https://rugby-union-feeds.incrowdsports.com/v1/matches/282755,282755,202401,Scarlets,away,23,103461,Ioan Nicholas,sub 8,replacement
https://rugby-union-feeds.incrowdsports.com/v1/matches/282755,282755,202401,Scarlets,away,5,207013,Alex Craig,second row,starter
https://rugby-union-feeds.incrowdsports.com/v1/matches/282755,282755,202401,Scarlets,away,2,211818,Marnus van der Merwe,hooker,starter
https://rugby-union-feeds.incrowdsports.com/v1/matches/282755,282755,202401,Scarlets,away,15,135370,Ioan Lloyd,full back,starter
https://rugby-union-feeds.incrowdsports.com/v1/matches/282755,282755,202401,Scarlets,away,4,236880,Max Douglas,second row,starter
https://rugby-union-feeds.incrowdsports.com/v1/matches/282755,282755,202401,Scarlets,away,22,125549,Joe Roberts,sub 7,replacement
https://rugby-union-feeds.incrowdsports.com/v1/matches/282755,282755,202401,Scarlets,away,16,152813,Shaun Evans,sub 1,replacement
https://rugby-union-feeds.incrowdsports.com/v1/matches/282755,282755,202401,Scarlets,away,8,210189,Vaea Fifita,number eight,starter
https://rugby-union-feeds.incrowdsports.com/v1/matches/282755,282755,202401,Scarlets,away,18,253645,Gabe Hawley,sub 3,replacement
https://rugby-union-feeds.incrowdsports.com/v1/matches/282755,282755,202401,Scarlets,away,6,143123,Taine Plumtree,flanker,starter
https://rugby-union-feeds.incrowdsports.com/v1/matches/282755,282755,202401,Scarlets,away,12,237271,Eddie James,inside centre,starter
https://rugby-union-feeds.incrowdsports.com/v1/matches/282755,282755,202401,Scarlets,away,17,161208,Alec Hepburn,sub 2,replacement
https://rugby-union-feeds.incrowdsports.com/v1/matches/282755,282755,202401,Scarlets,away,11,243190,Blair Murray,left wing,starter
https://rugby-union-feeds.incrowdsports.com/v1/matches/282755,282755,202401,Scarlets,away,7,124858,Josh Macleod,flanker,starter
https://rugby-union-feeds.incrowdsports.com/v1/matches/282755,282755,202401,Scarlets,away,14,249307,Ellis Mee,right wing,starter
https://rugby-union-feeds.incrowdsports.com/v1/matches/282755,282755,202401,Scarlets,away,10,118619,Sam Costelow,fly half,starter
https://rugby-union-feeds.incrowdsports.com/v1/matches/282755,282755,202401,Scarlets,away,9,240574,Archie Hughes,scrum half,starter
https://rugby-union-feeds.incrowdsports.com/v1/matches/282756,282756,202401,Perpignan,home,6,240578,Noe Della Schiava,flanker,starter
https://rugby-union-feeds.incrowdsports.com/v1/matches/282756,282756,202401,Perpignan,home,22,229634,Antoine Aucagne,sub 7,replacement
https://rugby-union-feeds.incrowdsports.com/v1/matches/282756,282756,202401,Perpignan,home,23,136808,Apisai Naqalevu,sub 8,replacement
https://rugby-union-feeds.incrowdsports.com/v1/matches/282756,282756,202401,Perpignan,home,3,216038,Nemo Roelofse,tighthead prop,starter
https://rugby-union-feeds.incrowdsports.com/v1/matches/282756,282756,202401,Perpignan,home,15,130282,Tommaso Allan,full back,starter
https://rugby-union-feeds.incrowdsports.com/v1/matches/282756,282756,202401,Perpignan,home,20,101705,Patrick Sobela,sub 5,replacement
https://rugby-union-feeds.incrowdsports.com/v1/matches/282756,282756,202401,Perpignan,home,13,250089,Job Poulet,outside centre,starter
https://rugby-union-feeds.incrowdsports.com/v1/matches/282756,282756,202401,Perpignan,home,2,233161,Victor Montgaillard,hooker,starter
https://rugby-union-feeds.incrowdsports.com/v1/matches/282756,282756,202401,Perpignan,home,18,229673,Akato Fakatika,sub 3,replacement
https://rugby-union-feeds.incrowdsports.com/v1/matches/282756,282756,202401,Perpignan,home,4,211983,Marvin Orie,second row,starter
https://rugby-union-feeds.incrowdsports.com/v1/matches/282756,282756,202401,Perpignan,home,19,189901,Tristan Labouteley,sub 4,replacement
https://rugby-union-feeds.incrowdsports.com/v1/matches/282756,282756,202401,Perpignan,home,14,229236,Tavite Veredamu,right wing,starter
https://rugby-union-feeds.incrowdsports.com/v1/matches/282756,282756,202401,Perpignan,home,12,193779,Jeronimo de la Fuente,inside centre,starter
https://rugby-union-feeds.incrowdsports.com/v1/matches/282756,282756,202401,Perpignan,home,10,155444,Jake McIntyre,fly half,starter
https://rugby-union-feeds.incrowdsports.com/v1/matches/282756,282756,202401,Perpignan,home,21,183377,Tom Ecochard,sub 6,replacement
https://rugby-union-feeds.incrowdsports.com/v1/matches/282756,282756,202401,Perpignan,home,5,179698,Mathieu Tanguy,second row,starter
https://rugby-union-feeds.incrowdsports.com/v1/matches/282756,282756,202401,Perpignan,home,1,201276,Giorgi Beria,loosehead prop,starter
https://rugby-union-feeds.incrowdsports.com/v1/matches/282756,282756,202401,Perpignan,home,11,254619,Seta Toganiyadrava,left wing,starter
https://rugby-union-feeds.incrowdsports.com/v1/matches/282756,282756,202401,Perpignan,home,17,148825,Bruce Devaux,sub 2,replacement
https://rugby-union-feeds.incrowdsports.com/v1/matches/282756,282756,202401,Perpignan,home,16,100283,Seilala Lam,sub 1,replacement
https://rugby-union-feeds.incrowdsports.com/v1/matches/282756,282756,202401,Perpignan,home,7,236608,Alessandro Ortombina,flanker,starter
https://rugby-union-feeds.incrowdsports.com/v1/matches/282756,282756,202401,Perpignan,home,8,113822,Lucas Velarte,number eight,starter
https://rugby-union-feeds.incrowdsports.com/v1/matches/282756,282756,202401,Perpignan,home,9,160800,Gela Aprasidze,scrum half,starter
https://rugby-union-feeds.incrowdsports.com/v1/matches/282756,282756,202401,Cardiff Rugby,away,19,167587,Seb Davies,sub 4,replacement
https://rugby-union-feeds.incrowdsports.com/v1/matches/282756,282756,202401,Cardiff Rugby,away,4,139876,Josh McNally,second row,starter
https://rugby-union-feeds.incrowdsports.com/v1/matches/282756,282756,202401,Cardiff Rugby,away,5,169185,Teddy Williams,second row,starter
https://rugby-union-feeds.incrowdsports.com/v1/matches/282756,282756,202401,Cardiff Rugby,away,18,163074,Will Davies-King,sub 3,replacement
https://rugby-union-feeds.incrowdsports.com/v1/matches/282756,282756,202401,Cardiff Rugby,away,12,186117,Rory Jennings,inside centre,starter
https://rugby-union-feeds.incrowdsports.com/v1/matches/282756,282756,202401,Cardiff Rugby,away,1,240454,Rhys Barratt,loosehead prop,starter
https://rugby-union-feeds.incrowdsports.com/v1/matches/282756,282756,202401,Cardiff Rugby,away,23,128775,Jacob Beetham,sub 8,replacement
https://rugby-union-feeds.incrowdsports.com/v1/matches/282756,282756,202401,Cardiff Rugby,away,21,237324,Johan Mulder,sub 6,replacement
https://rugby-union-feeds.incrowdsports.com/v1/matches/282756,282756,202401,Cardiff Rugby,away,16,204560,Dafydd Hughes,sub 1,replacement
https://rugby-union-feeds.incrowdsports.com/v1/matches/282756,282756,202401,Cardiff Rugby,away,20,235184,Mackenzie Martin,sub 5,replacement
https://rugby-union-feeds.incrowdsports.com/v1/matches/282756,282756,202401,Cardiff Rugby,away,6,235183,Alex Mann,flanker,starter
https://rugby-union-feeds.incrowdsports.com/v1/matches/282756,282756,202401,Cardiff Rugby,away,7,113101,Dan Thomas,flanker,starter
https://rugby-union-feeds.incrowdsports.com/v1/matches/282756,282756,202401,Cardiff Rugby,away,17,203823,Danny Southworth,sub 2,replacement
https://rugby-union-feeds.incrowdsports.com/v1/matches/282756,282756,202401,Cardiff Rugby,away,8,131470,Alun Lawrence,number eight,starter
https://rugby-union-feeds.incrowdsports.com/v1/matches/282756,282756,202401,Cardiff Rugby,away,9,165236,Aled Davies,scrum half,starter
https://rugby-union-feeds.incrowdsports.com/v1/matches/282756,282756,202401,Cardiff Rugby,away,11,248818,Tom Bowen,left wing,starter
https://rugby-union-feeds.incrowdsports.com/v1/matches/282756,282756,202401,Cardiff Rugby,away,10,138161,Tinus de Beer,fly half,starter
https://rugby-union-feeds.incrowdsports.com/v1/matches/282756,282756,202401,Cardiff Rugby,away,22,225777,Ben Thomas,sub 7,replacement
https://rugby-union-feeds.incrowdsports.com/v1/matches/282756,282756,202401,Cardiff Rugby,away,14,201240,Regan Grace,right wing,starter
https://rugby-union-feeds.incrowdsports.com/v1/matches/282756,282756,202401,Cardiff Rugby,away,2,237274,Evan Lloyd,hooker,starter
https://rugby-union-feeds.incrowdsports.com/v1/matches/282756,282756,202401,Cardiff Rugby,away,13,159130,Rey Lee-Lo,outside centre,starter
https://rugby-union-feeds.incrowdsports.com/v1/matches/282756,282756,202401,Cardiff Rugby,away,15,239360,Cam Winnett,full back,starter
https://rugby-union-feeds.incrowdsports.com/v1/matches/282756,282756,202401,Cardiff Rugby,away,3,202399,Keiron Assiratti,tighthead prop,starter
https://rugby-union-feeds.incrowdsports.com/v1/matches/282757,282757,202401,Vannes,home,17,217219,Hugo Djehi,sub 2,replacement
https://rugby-union-feeds.incrowdsports.com/v1/matches/282757,282757,202401,Vannes,home,15,117827,Gwenael Duplenne,full back,starter
https://rugby-union-feeds.incrowdsports.com/v1/matches/282757,282757,202401,Vannes,home,12,130883,Francis Saili,inside centre,starter
https://rugby-union-feeds.incrowdsports.com/v1/matches/282757,282757,202401,Vannes,home,6,233063,Leon Boulier,flanker,starter
https://rugby-union-feeds.incrowdsports.com/v1/matches/282757,282757,202401,Vannes,home,18,240871,Simon Bourgeois,sub 3,replacement
https://rugby-union-feeds.incrowdsports.com/v1/matches/282757,282757,202401,Vannes,home,10,249260,Jean Cotarmanac'h,fly half,starter
https://rugby-union-feeds.incrowdsports.com/v1/matches/282757,282757,202401,Vannes,home,1,237226,Thomas Moukoro,loosehead prop,starter
https://rugby-union-feeds.incrowdsports.com/v1/matches/282757,282757,202401,Vannes,home,3,112523,Paga Tafili,tighthead prop,starter
https://rugby-union-feeds.incrowdsports.com/v1/matches/282757,282757,202401,Vannes,home,21,110891,Stephen Varney,sub 6,replacement
https://rugby-union-feeds.incrowdsports.com/v1/matches/282757,282757,202401,Vannes,home,20,117038,Jesse Parete,sub 5,replacement
https://rugby-union-feeds.incrowdsports.com/v1/matches/282757,282757,202401,Vannes,home,13,249261,Robin Taccola,outside centre,starter
https://rugby-union-feeds.incrowdsports.com/v1/matches/282757,282757,202401,Vannes,home,11,206221,Filipo Nakosi,left wing,starter
https://rugby-union-feeds.incrowdsports.com/v1/matches/282757,282757,202401,Vannes,home,23,181940,Inaki Ayarza,sub 8,replacement
https://rugby-union-feeds.incrowdsports.com/v1/matches/282757,282757,202401,Vannes,home,9,118933,Jules Lebail,scrum half,starter
https://rugby-union-feeds.incrowdsports.com/v1/matches/282757,282757,202401,Vannes,home,14,128023,Salesi Rayasi,right wing,starter
https://rugby-union-feeds.incrowdsports.com/v1/matches/282757,282757,202401,Vannes,home,2,163547,Theo Beziat,hooker,starter
https://rugby-union-feeds.incrowdsports.com/v1/matches/282757,282757,202401,Vannes,home,5,250972,Timothe Mezou,second row,starter
https://rugby-union-feeds.incrowdsports.com/v1/matches/282757,282757,202401,Vannes,home,22,156827,Tani Vili,sub 7,replacement
https://rugby-union-feeds.incrowdsports.com/v1/matches/282757,282757,202401,Vannes,home,19,237017,Matteo Desjeux,sub 4,replacement
https://rugby-union-feeds.incrowdsports.com/v1/matches/282757,282757,202401,Vannes,home,7,233216,Matthieu Uhila,flanker,starter
https://rugby-union-feeds.incrowdsports.com/v1/matches/282757,282757,202401,Vannes,home,16,151775,Pat Leafa,sub 1,replacement
https://rugby-union-feeds.incrowdsports.com/v1/matches/282757,282757,202401,Vannes,home,4,194400,Christie van der Merwe,second row,starter
https://rugby-union-feeds.incrowdsports.com/v1/matches/282757,282757,202401,Vannes,home,8,169534,Joe Edwards,number eight,starter
https://rugby-union-feeds.incrowdsports.com/v1/matches/282757,282757,202401,Edinburgh Rugby,away,22,184258,Ross Thompson,sub 7,replacement
https://rugby-union-feeds.incrowdsports.com/v1/matches/282757,282757,202401,Edinburgh Rugby,away,11,172455,Duhan van der Merwe,left wing,starter
https://rugby-union-feeds.incrowdsports.com/v1/matches/282757,282757,202401,Edinburgh Rugby,away,2,129286,Dave Cherry,hooker,starter
https://rugby-union-feeds.incrowdsports.com/v1/matches/282757,282757,202401,Edinburgh Rugby,away,13,150632,Matt Currie,outside centre,starter
https://rugby-union-feeds.incrowdsports.com/v1/matches/282757,282757,202401,Edinburgh Rugby,away,9,161477,Ali Price,scrum half,starter
https://rugby-union-feeds.incrowdsports.com/v1/matches/282757,282757,202401,Edinburgh Rugby,away,1,196773,Pierre Schoeman,loosehead prop,starter
https://rugby-union-feeds.incrowdsports.com/v1/matches/282757,282757,202401,Edinburgh Rugby,away,8,173990,Ben Muncaster,number eight,starter
https://rugby-union-feeds.incrowdsports.com/v1/matches/282757,282757,202401,Edinburgh Rugby,away,4,182313,Marshall Sykes,second row,starter
https://rugby-union-feeds.incrowdsports.com/v1/matches/282757,282757,202401,Edinburgh Rugby,away,10,225774,Ben Healy,fly half,starter
https://rugby-union-feeds.incrowdsports.com/v1/matches/282757,282757,202401,Edinburgh Rugby,away,20,184653,Hamish Watson,sub 5,replacement
https://rugby-union-feeds.incrowdsports.com/v1/matches/282757,282757,202401,Edinburgh Rugby,away,6,187982,Jamie Ritchie,flanker,starter
https://rugby-union-feeds.incrowdsports.com/v1/matches/282757,282757,202401,Edinburgh Rugby,away,12,217844,James Lang,inside centre,starter
https://rugby-union-feeds.incrowdsports.com/v1/matches/282757,282757,202401,Edinburgh Rugby,away,3,208595,Javan Sebastian,tighthead prop,starter
https://rugby-union-feeds.incrowdsports.com/v1/matches/282757,282757,202401,Edinburgh Rugby,away,17,169560,Boan Venter,sub 2,replacement
https://rugby-union-feeds.incrowdsports.com/v1/matches/282757,282757,202401,Edinburgh Rugby,away,19,120984,Glen Young,sub 4,replacement
https://rugby-union-feeds.incrowdsports.com/v1/matches/282757,282757,202401,Edinburgh Rugby,away,14,164150,Darcy Graham,right wing,starter
https://rugby-union-feeds.incrowdsports.com/v1/matches/282757,282757,202401,Edinburgh Rugby,away,5,126711,Sam Skinner,second row,starter
https://rugby-union-feeds.incrowdsports.com/v1/matches/282757,282757,202401,Edinburgh Rugby,away,21,189686,Charlie Shiel,sub 6,replacement
https://rugby-union-feeds.incrowdsports.com/v1/matches/282757,282757,202401,Edinburgh Rugby,away,15,100826,Wes Goosen,full back,starter
https://rugby-union-feeds.incrowdsports.com/v1/matches/282757,282757,202401,Edinburgh Rugby,away,7,108441,Luke Crosbie,flanker,starter
https://rugby-union-feeds.incrowdsports.com/v1/matches/282757,282757,202401,Edinburgh Rugby,away,16,233243,Paddy Harrison,sub 1,replacement
https://rugby-union-feeds.incrowdsports.com/v1/matches/282757,282757,202401,Edinburgh Rugby,away,23,242778,Mosese Tuipulotu,sub 8,replacement
https://rugby-union-feeds.incrowdsports.com/v1/matches/282757,282757,202401,Edinburgh Rugby,away,18,172959,D'arcy Rae,sub 3,replacement
https://rugby-union-feeds.incrowdsports.com/v1/matches/282758,282758,202401,Black Lion,home,17,165281,Nika Khatiashvili,sub 2,replacement
https://rugby-union-feeds.incrowdsports.com/v1/matches/282758,282758,202401,Black Lion,home,15,246024,Luka Tsirekidze,full back,starter
https://rugby-union-feeds.incrowdsports.com/v1/matches/282758,282758,202401,Black Lion,home,5,237100,Guram Ganiashvili,second row,starter
https://rugby-union-feeds.incrowdsports.com/v1/matches/282758,282758,202401,Black Lion,home,19,205195,Lado Chachanidze,sub 4,replacement
https://rugby-union-feeds.incrowdsports.com/v1/matches/282758,282758,202401,Black Lion,home,10,238506,Luka Matkava,fly half,starter
https://rugby-union-feeds.incrowdsports.com/v1/matches/282758,282758,202401,Black Lion,home,2,122604,Shalva Mamukashvili,hooker,starter
https://rugby-union-feeds.incrowdsports.com/v1/matches/282758,282758,202401,Black Lion,home,7,100172,Mikheil Gachechiladze,flanker,starter
https://rugby-union-feeds.incrowdsports.com/v1/matches/282758,282758,202401,Black Lion,home,23,195465,Sandro Todua,sub 8,replacement
https://rugby-union-feeds.incrowdsports.com/v1/matches/282758,282758,202401,Black Lion,home,11,253552,Amiran Shvangiradze,left wing,starter
https://rugby-union-feeds.incrowdsports.com/v1/matches/282758,282758,202401,Black Lion,home,4,147024,Mikheil Babunashvili,second row,starter
https://rugby-union-feeds.incrowdsports.com/v1/matches/282758,282758,202401,Black Lion,home,20,253551,Giorgi Sinauridze,sub 5,replacement
https://rugby-union-feeds.incrowdsports.com/v1/matches/282758,282758,202401,Black Lion,home,9,238516,Tengiz Peranidze,scrum half,starter
https://rugby-union-feeds.incrowdsports.com/v1/matches/282758,282758,202401,Black Lion,home,12,237105,Tornike Kakhoidze,inside centre,starter
https://rugby-union-feeds.incrowdsports.com/v1/matches/282758,282758,202401,Black Lion,home,14,161398,Akaki Tabutsadze,right wing,starter
https://rugby-union-feeds.incrowdsports.com/v1/matches/282758,282758,202401,Black Lion,home,3,243482,Giorgi Chkhartishvili,tighthead prop,starter
https://rugby-union-feeds.incrowdsports.com/v1/matches/282758,282758,202401,Black Lion,home,1,243481,Dato Abdushelishvili,loosehead prop,starter
https://rugby-union-feeds.incrowdsports.com/v1/matches/282758,282758,202401,Black Lion,home,6,160282,Sandro Mamamtavrishvili,flanker,starter
https://rugby-union-feeds.incrowdsports.com/v1/matches/282758,282758,202401,Black Lion,home,13,212544,Demi Tapladze,outside centre,starter
https://rugby-union-feeds.incrowdsports.com/v1/matches/282758,282758,202401,Black Lion,home,22,241727,Ioane Metreveli,sub 7,replacement
https://rugby-union-feeds.incrowdsports.com/v1/matches/282758,282758,202401,Black Lion,home,8,238494,Luka Ivanishvili,number eight,starter
https://rugby-union-feeds.incrowdsports.com/v1/matches/282758,282758,202401,Black Lion,home,16,126080,Irakli Kvatadze,sub 1,replacement
https://rugby-union-feeds.incrowdsports.com/v1/matches/282758,282758,202401,Black Lion,home,18,249693,Bachuki Tchumbadze,sub 3,replacement
https://rugby-union-feeds.incrowdsports.com/v1/matches/282758,282758,202401,Black Lion,home,21,241725,Davit Khuroshvili,sub 6,replacement
https://rugby-union-feeds.incrowdsports.com/v1/matches/282758,282758,202401,Bayonne,away,11,151715,Nadir Megdoud,left wing,starter
https://rugby-union-feeds.incrowdsports.com/v1/matches/282758,282758,202401,Bayonne,away,8,250628,Manex Ariceta,number eight,starter
https://rugby-union-feeds.incrowdsports.com/v1/matches/282758,282758,202401,Bayonne,away,6,154820,Rodrigo Bruni,flanker,starter
https://rugby-union-feeds.incrowdsports.com/v1/matches/282758,282758,202401,Bayonne,away,18,224930,Pascal Cotet,sub 3,replacement
https://rugby-union-feeds.incrowdsports.com/v1/matches/282758,282758,202401,Bayonne,away,14,243745,Victor Hannoun,right wing,starter
https://rugby-union-feeds.incrowdsports.com/v1/matches/282758,282758,202401,Bayonne,away,1,237160,Martin Villar,loosehead prop,starter
https://rugby-union-feeds.incrowdsports.com/v1/matches/282758,282758,202401,Bayonne,away,9,212775,Baptiste Germain,scrum half,starter
https://rugby-union-feeds.incrowdsports.com/v1/matches/282758,282758,202401,Bayonne,away,7,118665,Baptiste Heguy,flanker,starter
https://rugby-union-feeds.incrowdsports.com/v1/matches/282758,282758,202401,Bayonne,away,2,124653,Torsten van Jaarsveld,hooker,starter
https://rugby-union-feeds.incrowdsports.com/v1/matches/282758,282758,202401,Bayonne,away,21,254574,Baptiste Tilloles,sub 6,replacement
https://rugby-union-feeds.incrowdsports.com/v1/matches/282758,282758,202401,Bayonne,away,19,207506,Lucas Paulos,sub 4,replacement
https://rugby-union-feeds.incrowdsports.com/v1/matches/282758,282758,202401,Bayonne,away,15,250833,Xan Mousques,full back,starter
https://rugby-union-feeds.incrowdsports.com/v1/matches/282758,282758,202401,Bayonne,away,20,249905,Noa Traversier,sub 5,replacement
https://rugby-union-feeds.incrowdsports.com/v1/matches/282758,282758,202401,Bayonne,away,5,236696,Veikoso Poloniati,second row,starter
https://rugby-union-feeds.incrowdsports.com/v1/matches/282758,282758,202401,Bayonne,away,4,205212,Denis Marchois,second row,starter
https://rugby-union-feeds.incrowdsports.com/v1/matches/282758,282758,202401,Bayonne,away,12,196827,Guillaume Martocq,inside centre,starter
https://rugby-union-feeds.incrowdsports.com/v1/matches/282758,282758,202401,Bayonne,away,23,111321,Cheikh Tiberghien,sub 8,replacement
https://rugby-union-feeds.incrowdsports.com/v1/matches/282758,282758,202401,Bayonne,away,10,243258,Tom Spring,fly half,starter
https://rugby-union-feeds.incrowdsports.com/v1/matches/282758,282758,202401,Bayonne,away,3,154521,Pieter Scholtz,tighthead prop,starter
https://rugby-union-feeds.incrowdsports.com/v1/matches/282758,282758,202401,Bayonne,away,17,140633,Swan Cormenier,sub 2,replacement
https://rugby-union-feeds.incrowdsports.com/v1/matches/282758,282758,202401,Bayonne,away,22,255098,Gabriel Lapegue-Lafaye,sub 7,replacement
https://rugby-union-feeds.incrowdsports.com/v1/matches/282758,282758,202401,Bayonne,away,16,229854,Lucas Martin,sub 1,replacement
https://rugby-union-feeds.incrowdsports.com/v1/matches/282758,282758,202401,Bayonne,away,13,244157,Arnaud Erbinartegaray,outside centre,starter
https://rugby-union-feeds.incrowdsports.com/v1/matches/282759,282759,202401,Ospreys,home,8,160291,Morgan Morris,number eight,starter
https://rugby-union-feeds.incrowdsports.com/v1/matches/282759,282759,202401,Ospreys,home,14,229377,Daniel Kasende,right wing,starter
https://rugby-union-feeds.incrowdsports.com/v1/matches/282759,282759,202401,Ospreys,home,21,190215,Kieran Hardy,sub 6,replacement
https://rugby-union-feeds.incrowdsports.com/v1/matches/282759,282759,202401,Ospreys,home,10,240455,Dan Edwards,fly half,starter
https://rugby-union-feeds.incrowdsports.com/v1/matches/282759,282759,202401,Ospreys,home,19,185640,James Ratti,sub 4,replacement
https://rugby-union-feeds.incrowdsports.com/v1/matches/282759,282759,202401,Ospreys,home,6,123016,Jac Morgan,flanker,starter
https://rugby-union-feeds.incrowdsports.com/v1/matches/282759,282759,202401,Ospreys,home,7,124168,Justin Tipuric,flanker,starter
https://rugby-union-feeds.incrowdsports.com/v1/matches/282759,282759,202401,Ospreys,home,2,153033,Sam Parry,hooker,starter
https://rugby-union-feeds.incrowdsports.com/v1/matches/282759,282759,202401,Ospreys,home,12,205321,Keiran Williams,inside centre,starter
https://rugby-union-feeds.incrowdsports.com/v1/matches/282759,282759,202401,Ospreys,home,22,166922,Evardi Boshoff,sub 7,replacement
https://rugby-union-feeds.incrowdsports.com/v1/matches/282759,282759,202401,Ospreys,home,23,240457,Harri Houston,sub 8,replacement
https://rugby-union-feeds.incrowdsports.com/v1/matches/282759,282759,202401,Ospreys,home,9,119506,Reuben Morgan-Williams,scrum half,starter
https://rugby-union-feeds.incrowdsports.com/v1/matches/282759,282759,202401,Ospreys,home,16,244852,Lewis Lloyd,sub 1,replacement
https://rugby-union-feeds.incrowdsports.com/v1/matches/282759,282759,202401,Ospreys,home,4,167249,Will Spencer,second row,starter
https://rugby-union-feeds.incrowdsports.com/v1/matches/282759,282759,202401,Ospreys,home,18,164759,Ben Warren,sub 3,replacement
https://rugby-union-feeds.incrowdsports.com/v1/matches/282759,282759,202401,Ospreys,home,3,177365,Tom Botha,tighthead prop,starter
https://rugby-union-feeds.incrowdsports.com/v1/matches/282759,282759,202401,Ospreys,home,5,114392,Will Griffiths,second row,starter
https://rugby-union-feeds.incrowdsports.com/v1/matches/282759,282759,202401,Ospreys,home,17,174357,Garyn Phillips,sub 2,replacement
https://rugby-union-feeds.incrowdsports.com/v1/matches/282759,282759,202401,Ospreys,home,15,229242,Jack Walsh,full back,starter
https://rugby-union-feeds.incrowdsports.com/v1/matches/282759,282759,202401,Ospreys,home,20,240576,Morgan Morse,sub 5,replacement
https://rugby-union-feeds.incrowdsports.com/v1/matches/282759,282759,202401,Ospreys,home,1,139232,Gareth Thomas,loosehead prop,starter
https://rugby-union-feeds.incrowdsports.com/v1/matches/282759,282759,202401,Ospreys,home,11,166301,Keelan Giles,left wing,starter
https://rugby-union-feeds.incrowdsports.com/v1/matches/282759,282759,202401,Ospreys,home,13,125247,Owen Watkin,outside centre,starter
https://rugby-union-feeds.incrowdsports.com/v1/matches/282759,282759,202401,Newcastle Falcons,away,15,165761,Louis Brown,full back,starter
https://rugby-union-feeds.incrowdsports.com/v1/matches/282759,282759,202401,Newcastle Falcons,away,9,176289,James Elliott,scrum half,starter
https://rugby-union-feeds.incrowdsports.com/v1/matches/282759,282759,202401,Newcastle Falcons,away,4,117316,John Hawkins,second row,starter
https://rugby-union-feeds.incrowdsports.com/v1/matches/282759,282759,202401,Newcastle Falcons,away,6,207425,Philip van der Walt,flanker,starter
https://rugby-union-feeds.incrowdsports.com/v1/matches/282759,282759,202401,Newcastle Falcons,away,19,239553,Finn Baker,sub 4,replacement
https://rugby-union-feeds.incrowdsports.com/v1/matches/282759,282759,202401,Newcastle Falcons,away,10,204296,Kieran Wilkinson,fly half,starter
https://rugby-union-feeds.incrowdsports.com/v1/matches/282759,282759,202401,Newcastle Falcons,away,23,243174,Rhys Beeckmans,sub 8,replacement
https://rugby-union-feeds.incrowdsports.com/v1/matches/282759,282759,202401,Newcastle Falcons,away,21,133094,Hugh O'Sullivan,sub 6,replacement
https://rugby-union-feeds.incrowdsports.com/v1/matches/282759,282759,202401,Newcastle Falcons,away,2,207081,Ollie Fletcher,hooker,starter
https://rugby-union-feeds.incrowdsports.com/v1/matches/282759,282759,202401,Newcastle Falcons,away,12,210511,Connor Doherty,inside centre,starter
https://rugby-union-feeds.incrowdsports.com/v1/matches/282759,282759,202401,Newcastle Falcons,away,17,134737,Connor Hancock,sub 2,replacement
https://rugby-union-feeds.incrowdsports.com/v1/matches/282759,282759,202401,Newcastle Falcons,away,20,244466,Reuben Parsons,sub 5,replacement
https://rugby-union-feeds.incrowdsports.com/v1/matches/282759,282759,202401,Newcastle Falcons,away,18,205585,Murray McCallum,sub 3,replacement
https://rugby-union-feeds.incrowdsports.com/v1/matches/282759,282759,202401,Newcastle Falcons,away,3,170103,Callum Hancock,tighthead prop,starter
https://rugby-union-feeds.incrowdsports.com/v1/matches/282759,282759,202401,Newcastle Falcons,away,8,190680,Ollie Leatherbarrow,number eight,starter
https://rugby-union-feeds.incrowdsports.com/v1/matches/282759,282759,202401,Newcastle Falcons,away,16,166840,Bryan Byrne,sub 1,replacement
https://rugby-union-feeds.incrowdsports.com/v1/matches/282759,282759,202401,Newcastle Falcons,away,14,116536,Max Pepper,right wing,starter
https://rugby-union-feeds.incrowdsports.com/v1/matches/282759,282759,202401,Newcastle Falcons,away,13,222549,Oli Spencer,outside centre,starter
https://rugby-union-feeds.incrowdsports.com/v1/matches/282759,282759,202401,Newcastle Falcons,away,7,139419,Josh Bainbridge,flanker,starter
https://rugby-union-feeds.incrowdsports.com/v1/matches/282759,282759,202401,Newcastle Falcons,away,5,188156,Adam Scott,second row,starter
https://rugby-union-feeds.incrowdsports.com/v1/matches/282759,282759,202401,Newcastle Falcons,away,11,239961,Nathan Greenwood,left wing,starter
https://rugby-union-feeds.incrowdsports.com/v1/matches/282759,282759,202401,Newcastle Falcons,away,1,239550,Mike Rewcastle,loosehead prop,starter
https://rugby-union-feeds.incrowdsports.com/v1/matches/282759,282759,202401,Newcastle Falcons,away,22,109792,Jack Metcalf,sub 7,replacement
https://rugby-union-feeds.incrowdsports.com/v1/matches/282760,282760,202401,Montpellier,home,16,155139,Vano Karkadze,sub 1,replacement
https://rugby-union-feeds.incrowdsports.com/v1/matches/282760,282760,202401,Montpellier,home,18,109220,Mohamed Haouas,sub 3,replacement
https://rugby-union-feeds.incrowdsports.com/v1/matches/282760,282760,202401,Montpellier,home,23,116135,Pierre Lucas,sub 8,replacement
https://rugby-union-feeds.incrowdsports.com/v1/matches/282760,282760,202401,Montpellier,home,11,134987,George Bridge,left wing,starter
https://rugby-union-feeds.incrowdsports.com/v1/matches/282760,282760,202401,Montpellier,home,3,188619,Luka Japaridze,tighthead prop,starter
https://rugby-union-feeds.incrowdsports.com/v1/matches/282760,282760,202401,Montpellier,home,12,233066,Auguste Cadot,inside centre,starter
https://rugby-union-feeds.incrowdsports.com/v1/matches/282760,282760,202401,Montpellier,home,5,152393,Marco Tauleigne,second row,starter
https://rugby-union-feeds.incrowdsports.com/v1/matches/282760,282760,202401,Montpellier,home,7,244170,Lenni Nouchi,flanker,starter
https://rugby-union-feeds.incrowdsports.com/v1/matches/282760,282760,202401,Montpellier,home,1,213609,Enzo Forletta,loosehead prop,starter
https://rugby-union-feeds.incrowdsports.com/v1/matches/282760,282760,202401,Montpellier,home,13,193262,Thomas Darmon,outside centre,starter
https://rugby-union-feeds.incrowdsports.com/v1/matches/282760,282760,202401,Montpellier,home,6,242189,Nicolas Martins,flanker,starter
https://rugby-union-feeds.incrowdsports.com/v1/matches/282760,282760,202401,Montpellier,home,21,252244,Aurelien Barreau,sub 6,replacement
https://rugby-union-feeds.incrowdsports.com/v1/matches/282760,282760,202401,Montpellier,home,2,250834,Lyam Akrab,hooker,starter
https://rugby-union-feeds.incrowdsports.com/v1/matches/282760,282760,202401,Montpellier,home,4,254546,Youssouf Soucouna,second row,starter
https://rugby-union-feeds.incrowdsports.com/v1/matches/282760,282760,202401,Montpellier,home,19,142545,Yacouba Camara,sub 4,replacement
https://rugby-union-feeds.incrowdsports.com/v1/matches/282760,282760,202401,Montpellier,home,8,139573,Sam Simmonds,number eight,starter
https://rugby-union-feeds.incrowdsports.com/v1/matches/282760,282760,202401,Montpellier,home,20,252245,Jules Veyrier,sub 5,replacement
https://rugby-union-feeds.incrowdsports.com/v1/matches/282760,282760,202401,Montpellier,home,22,171478,Arthur Vincent,sub 7,replacement
https://rugby-union-feeds.incrowdsports.com/v1/matches/282760,282760,202401,Montpellier,home,15,109818,Anthony Bouthier,full back,starter
https://rugby-union-feeds.incrowdsports.com/v1/matches/282760,282760,202401,Montpellier,home,14,101948,Madosh Tambwe,right wing,starter
https://rugby-union-feeds.incrowdsports.com/v1/matches/282760,282760,202401,Montpellier,home,9,237823,Alexis Bernadet,scrum half,starter
https://rugby-union-feeds.incrowdsports.com/v1/matches/282760,282760,202401,Montpellier,home,10,103743,Thomas Vincent,fly half,starter
https://rugby-union-feeds.incrowdsports.com/v1/matches/282760,282760,202401,Montpellier,home,17,229853,Baptiste Erdocio,sub 2,replacement
https://rugby-union-feeds.incrowdsports.com/v1/matches/282760,282760,202401,Emirates Lions,away,8,173411,Francke Horn,number eight,starter
https://rugby-union-feeds.incrowdsports.com/v1/matches/282760,282760,202401,Emirates Lions,away,14,245377,Kelly Mpeku,right wing,starter
https://rugby-union-feeds.incrowdsports.com/v1/matches/282760,282760,202401,Emirates Lions,away,13,217921,Erich Cronje,outside centre,starter
https://rugby-union-feeds.incrowdsports.com/v1/matches/282760,282760,202401,Emirates Lions,away,23,194343,Rynhardt Jonker,sub 8,replacement
https://rugby-union-feeds.incrowdsports.com/v1/matches/282760,282760,202401,Emirates Lions,away,2,176872,Jaco Visagie,hooker,starter
https://rugby-union-feeds.incrowdsports.com/v1/matches/282760,282760,202401,Emirates Lions,away,22,105320,Sanele Nohamba,sub 7,replacement
https://rugby-union-feeds.incrowdsports.com/v1/matches/282760,282760,202401,Emirates Lions,away,18,223276,Conrad van Vuuren,sub 3,replacement
https://rugby-union-feeds.incrowdsports.com/v1/matches/282760,282760,202401,Emirates Lions,away,19,162251,Darrien Landsberg,sub 4,replacement
https://rugby-union-feeds.incrowdsports.com/v1/matches/282760,282760,202401,Emirates Lions,away,3,223242,Asenathi Ntlabakanye,tighthead prop,starter
https://rugby-union-feeds.incrowdsports.com/v1/matches/282760,282760,202401,Emirates Lions,away,7,236713,Izan Esterhuizen,flanker,starter
https://rugby-union-feeds.incrowdsports.com/v1/matches/282760,282760,202401,Emirates Lions,away,10,247664,Sam Francis,fly half,starter
https://rugby-union-feeds.incrowdsports.com/v1/matches/282760,282760,202401,Emirates Lions,away,11,204878,Edwill van der Merwe,left wing,starter
https://rugby-union-feeds.incrowdsports.com/v1/matches/282760,282760,202401,Emirates Lions,away,5,241108,Ruan Delport,second row,starter
https://rugby-union-feeds.incrowdsports.com/v1/matches/282760,282760,202401,Emirates Lions,away,1,223187,Juan Schoeman,loosehead prop,starter
https://rugby-union-feeds.incrowdsports.com/v1/matches/282760,282760,202401,Emirates Lions,away,16,165140,PJ Botha,sub 1,replacement
https://rugby-union-feeds.incrowdsports.com/v1/matches/282760,282760,202401,Emirates Lions,away,15,236722,Quan Horn,full back,starter
https://rugby-union-feeds.incrowdsports.com/v1/matches/282760,282760,202401,Emirates Lions,away,6,229814,WJ Steenkamp,flanker,starter
https://rugby-union-feeds.incrowdsports.com/v1/matches/282760,282760,202401,Emirates Lions,away,4,194774,Etienne Oosthuizen,second row,starter
https://rugby-union-feeds.incrowdsports.com/v1/matches/282760,282760,202401,Emirates Lions,away,17,215317,Morgan Naude,sub 2,replacement
https://rugby-union-feeds.incrowdsports.com/v1/matches/282760,282760,202401,Emirates Lions,away,20,235996,Ruhan Straeuli,sub 5,replacement
https://rugby-union-feeds.incrowdsports.com/v1/matches/282760,282760,202401,Emirates Lions,away,21,124154,JC Pretorius,sub 6,replacement
https://rugby-union-feeds.incrowdsports.com/v1/matches/282760,282760,202401,Emirates Lions,away,9,237083,Nico Steyn,scrum half,starter
https://rugby-union-feeds.incrowdsports.com/v1/matches/282760,282760,202401,Emirates Lions,away,12,165469,Marius Louw,inside centre,starter
https://rugby-union-feeds.incrowdsports.com/v1/matches/282761,282761,202401,Connacht Rugby,home,10,131074,Josh Ioane,fly half,starter
https://rugby-union-feeds.incrowdsports.com/v1/matches/282761,282761,202401,Connacht Rugby,home,15,138471,Santiago Cordero,full back,starter
https://rugby-union-feeds.incrowdsports.com/v1/matches/282761,282761,202401,Connacht Rugby,home,7,229288,Shamus Hurley-Langton,flanker,starter
https://rugby-union-feeds.incrowdsports.com/v1/matches/282761,282761,202401,Connacht Rugby,home,6,198565,Cian Prendergast,flanker,starter
https://rugby-union-feeds.incrowdsports.com/v1/matches/282761,282761,202401,Connacht Rugby,home,19,216844,Josh Murphy,sub 4,replacement
https://rugby-union-feeds.incrowdsports.com/v1/matches/282761,282761,202401,Connacht Rugby,home,17,123372,Jordan Duggan,sub 2,replacement
https://rugby-union-feeds.incrowdsports.com/v1/matches/282761,282761,202401,Connacht Rugby,home,22,141193,Cathal Forde,sub 7,replacement
https://rugby-union-feeds.incrowdsports.com/v1/matches/282761,282761,202401,Connacht Rugby,home,11,129867,Shane Jennings,left wing,starter
https://rugby-union-feeds.incrowdsports.com/v1/matches/282761,282761,202401,Connacht Rugby,home,2,213737,Dave Heffernan,hooker,starter
https://rugby-union-feeds.incrowdsports.com/v1/matches/282761,282761,202401,Connacht Rugby,home,4,106352,Joe Joyce,second row,starter
https://rugby-union-feeds.incrowdsports.com/v1/matches/282761,282761,202401,Connacht Rugby,home,21,108496,Caolin Blade,sub 6,replacement
https://rugby-union-feeds.incrowdsports.com/v1/matches/282761,282761,202401,Connacht Rugby,home,3,115762,Finlay Bealham,tighthead prop,starter
https://rugby-union-feeds.incrowdsports.com/v1/matches/282761,282761,202401,Connacht Rugby,home,18,162419,Jack Aungier,sub 3,replacement
https://rugby-union-feeds.incrowdsports.com/v1/matches/282761,282761,202401,Connacht Rugby,home,16,119988,Dylan Tierney-Martin,sub 1,replacement
https://rugby-union-feeds.incrowdsports.com/v1/matches/282761,282761,202401,Connacht Rugby,home,23,220114,David Hawkshaw,sub 8,replacement
https://rugby-union-feeds.incrowdsports.com/v1/matches/282761,282761,202401,Connacht Rugby,home,1,131671,Peter Dooley,loosehead prop,starter
https://rugby-union-feeds.incrowdsports.com/v1/matches/282761,282761,202401,Connacht Rugby,home,9,180856,Ben Murphy,scrum half,starter
https://rugby-union-feeds.incrowdsports.com/v1/matches/282761,282761,202401,Connacht Rugby,home,5,225781,Oisin Dowling,second row,starter
https://rugby-union-feeds.incrowdsports.com/v1/matches/282761,282761,202401,Connacht Rugby,home,14,118682,Chay Mullins,right wing,starter
https://rugby-union-feeds.incrowdsports.com/v1/matches/282761,282761,202401,Connacht Rugby,home,8,241018,Sean Jansen,number eight,starter
https://rugby-union-feeds.incrowdsports.com/v1/matches/282761,282761,202401,Connacht Rugby,home,20,200378,Paul Boyle,sub 5,replacement
https://rugby-union-feeds.incrowdsports.com/v1/matches/282761,282761,202401,Connacht Rugby,home,13,169594,Piers O'Conor,outside centre,starter
https://rugby-union-feeds.incrowdsports.com/v1/matches/282761,282761,202401,Connacht Rugby,home,12,157406,Bundee Aki,inside centre,starter
https://rugby-union-feeds.incrowdsports.com/v1/matches/282761,282761,202401,Lyon O.U.,away,10,106594,Fletcher Smith,fly half,starter
https://rugby-union-feeds.incrowdsports.com/v1/matches/282761,282761,202401,Lyon O.U.,away,3,237091,Irakli Aptsiauri,tighthead prop,starter
https://rugby-union-feeds.incrowdsports.com/v1/matches/282761,282761,202401,Lyon O.U.,away,7,245027,Marvin Okuya,flanker,starter
https://rugby-union-feeds.incrowdsports.com/v1/matches/282761,282761,202401,Lyon O.U.,away,4,112612,Félix Lambey,second row,starter
https://rugby-union-feeds.incrowdsports.com/v1/matches/282761,282761,202401,Lyon O.U.,away,12,119110,Thibaut Regard,inside centre,starter
https://rugby-union-feeds.incrowdsports.com/v1/matches/282761,282761,202401,Lyon O.U.,away,11,224008,Vincent Rattez,left wing,starter
https://rugby-union-feeds.incrowdsports.com/v1/matches/282761,282761,202401,Lyon O.U.,away,8,161959,Maxime Gouzou,number eight,starter
https://rugby-union-feeds.incrowdsports.com/v1/matches/282761,282761,202401,Lyon O.U.,away,16,181670,Guillaume Marchand,sub 1,replacement
https://rugby-union-feeds.incrowdsports.com/v1/matches/282761,282761,202401,Lyon O.U.,away,19,191142,Killian Geraci,sub 4,replacement
https://rugby-union-feeds.incrowdsports.com/v1/matches/282761,282761,202401,Lyon O.U.,away,6,154123,Steeve Blanc-Mappaz,flanker,starter
https://rugby-union-feeds.incrowdsports.com/v1/matches/282761,282761,202401,Lyon O.U.,away,17,254506,Lyan Pakihivatau,sub 2,replacement
https://rugby-union-feeds.incrowdsports.com/v1/matches/282761,282761,202401,Lyon O.U.,away,22,203881,Alfred Parisien,sub 7,replacement
https://rugby-union-feeds.incrowdsports.com/v1/matches/282761,282761,202401,Lyon O.U.,away,9,229647,Martin Page-Relo,scrum half,starter
https://rugby-union-feeds.incrowdsports.com/v1/matches/282761,282761,202401,Lyon O.U.,away,14,143950,Semi Radradra,right wing,starter
https://rugby-union-feeds.incrowdsports.com/v1/matches/282761,282761,202401,Lyon O.U.,away,18,134034,Jermaine Ainsley,sub 3,replacement
https://rugby-union-feeds.incrowdsports.com/v1/matches/282761,282761,202401,Lyon O.U.,away,20,147890,Pierre-Samuel Pacheco,sub 5,replacement
https://rugby-union-feeds.incrowdsports.com/v1/matches/282761,282761,202401,Lyon O.U.,away,1,146999,Hamza Kaabeche,loosehead prop,starter
https://rugby-union-feeds.incrowdsports.com/v1/matches/282761,282761,202401,Lyon O.U.,away,15,233206,Alexandre Tchaptchet,full back,starter
https://rugby-union-feeds.incrowdsports.com/v1/matches/282761,282761,202401,Lyon O.U.,away,21,110169,Charlie Cassang,sub 6,replacement
https://rugby-union-feeds.incrowdsports.com/v1/matches/282761,282761,202401,Lyon O.U.,away,5,125949,Tomas Lavanini,second row,starter
https://rugby-union-feeds.incrowdsports.com/v1/matches/282761,282761,202401,Lyon O.U.,away,13,223422,Josiah Maraku,outside centre,starter
https://rugby-union-feeds.incrowdsports.com/v1/matches/282761,282761,202401,Lyon O.U.,away,2,171709,Sam Matavesi,hooker,starter
https://rugby-union-feeds.incrowdsports.com/v1/matches/282761,282761,202401,Lyon O.U.,away,23,241309,Martin Meliande,sub 8,replacement
https://rugby-union-feeds.incrowdsports.com/v1/matches/282762,282762,202401,Toyota Cheetahs,home,7,134756,Friedle Olivier,flanker,starter
https://rugby-union-feeds.incrowdsports.com/v1/matches/282762,282762,202401,Toyota Cheetahs,home,17,121601,Corne Fourie,sub 2,replacement
https://rugby-union-feeds.incrowdsports.com/v1/matches/282762,282762,202401,Toyota Cheetahs,home,12,119430,Ali Mgijima,inside centre,starter
https://rugby-union-feeds.incrowdsports.com/v1/matches/282762,282762,202401,Toyota Cheetahs,home,9,144651,Ruben de Haas,scrum half,starter
https://rugby-union-feeds.incrowdsports.com/v1/matches/282762,282762,202401,Toyota Cheetahs,home,1,146316,Hencus van Wyk,loosehead prop,starter
https://rugby-union-feeds.incrowdsports.com/v1/matches/282762,282762,202401,Toyota Cheetahs,home,15,246826,Michael Annies,full back,starter
https://rugby-union-feeds.incrowdsports.com/v1/matches/282762,282762,202401,Toyota Cheetahs,home,3,177263,Aranos Coetzee,tighthead prop,starter
https://rugby-union-feeds.incrowdsports.com/v1/matches/282762,282762,202401,Toyota Cheetahs,home,6,132560,Daniel Maartens,flanker,starter
https://rugby-union-feeds.incrowdsports.com/v1/matches/282762,282762,202401,Toyota Cheetahs,home,2,189358,Louis van der Westhuizen,hooker,starter
https://rugby-union-feeds.incrowdsports.com/v1/matches/282762,282762,202401,Toyota Cheetahs,home,16,245741,Vernon Paulo,sub 1,replacement
https://rugby-union-feeds.incrowdsports.com/v1/matches/282762,282762,202401,Toyota Cheetahs,home,23,237357,Cohen Jasper,sub 8,replacement
https://rugby-union-feeds.incrowdsports.com/v1/matches/282762,282762,202401,Toyota Cheetahs,home,13,220210,CJ Coetzee,outside centre,starter
https://rugby-union-feeds.incrowdsports.com/v1/matches/282762,282762,202401,Toyota Cheetahs,home,4,108372,Pieter Jansen van Vuren,second row,starter
https://rugby-union-feeds.incrowdsports.com/v1/matches/282762,282762,202401,Toyota Cheetahs,home,21,185970,Litha Nkula,sub 6,replacement
https://rugby-union-feeds.incrowdsports.com/v1/matches/282762,282762,202401,Toyota Cheetahs,home,18,245272,Laurence Victor,sub 3,replacement
https://rugby-union-feeds.incrowdsports.com/v1/matches/282762,282762,202401,Toyota Cheetahs,home,20,251544,Sisonke Vumazonke,sub 5,replacement
https://rugby-union-feeds.incrowdsports.com/v1/matches/282762,282762,202401,Toyota Cheetahs,home,14,240022,Munier Hartzenberg,right wing,starter
https://rugby-union-feeds.incrowdsports.com/v1/matches/282762,282762,202401,Toyota Cheetahs,home,8,121944,Jeandre Rudolph,number eight,starter
https://rugby-union-feeds.incrowdsports.com/v1/matches/282762,282762,202401,Toyota Cheetahs,home,22,252502,Jandre Nel,sub 7,replacement
https://rugby-union-feeds.incrowdsports.com/v1/matches/282762,282762,202401,Toyota Cheetahs,home,5,117465,Victor Sekekete,second row,starter
https://rugby-union-feeds.incrowdsports.com/v1/matches/282762,282762,202401,Toyota Cheetahs,home,11,146847,Prince Nkabinde,left wing,starter
https://rugby-union-feeds.incrowdsports.com/v1/matches/282762,282762,202401,Toyota Cheetahs,home,10,252030,Ethan Wentzel,fly half,starter
https://rugby-union-feeds.incrowdsports.com/v1/matches/282762,282762,202401,Toyota Cheetahs,home,19,252029,Pierre-Raymond Uys,sub 4,replacement
https://rugby-union-feeds.incrowdsports.com/v1/matches/282762,282762,202401,Zebre Parma,away,9,238019,Thomas Dominguez,scrum half,starter
https://rugby-union-feeds.incrowdsports.com/v1/matches/282762,282762,202401,Zebre Parma,away,17,236610,Luca Rizzoli,sub 2,replacement
https://rugby-union-feeds.incrowdsports.com/v1/matches/282762,282762,202401,Zebre Parma,away,20,125411,Bautista Stavile Bravin,sub 5,replacement
https://rugby-union-feeds.incrowdsports.com/v1/matches/282762,282762,202401,Zebre Parma,away,14,146919,Jacopo Trulla,right wing,starter
https://rugby-union-feeds.incrowdsports.com/v1/matches/282762,282762,202401,Zebre Parma,away,13,132743,Luca Morisi,outside centre,starter
https://rugby-union-feeds.incrowdsports.com/v1/matches/282762,282762,202401,Zebre Parma,away,4,143500,Matteo Canali,second row,starter
https://rugby-union-feeds.incrowdsports.com/v1/matches/282762,282762,202401,Zebre Parma,away,1,123723,Danilo Fischetti,loosehead prop,starter
https://rugby-union-feeds.incrowdsports.com/v1/matches/282762,282762,202401,Zebre Parma,away,21,226159,Ratko Jelic,sub 6,replacement
https://rugby-union-feeds.incrowdsports.com/v1/matches/282762,282762,202401,Zebre Parma,away,7,238030,Samuele Locatelli,flanker,starter
https://rugby-union-feeds.incrowdsports.com/v1/matches/282762,282762,202401,Zebre Parma,away,8,165741,Giovanni Licata,number eight,starter
https://rugby-union-feeds.incrowdsports.com/v1/matches/282762,282762,202401,Zebre Parma,away,19,176436,Rusiate Nasove,sub 4,replacement
https://rugby-union-feeds.incrowdsports.com/v1/matches/282762,282762,202401,Zebre Parma,away,22,207699,Damiano Mazza,sub 7,replacement
https://rugby-union-feeds.incrowdsports.com/v1/matches/282762,282762,202401,Zebre Parma,away,11,236566,Simone Gesi,left wing,starter
https://rugby-union-feeds.incrowdsports.com/v1/matches/282762,282762,202401,Zebre Parma,away,10,236598,Giovanni Montemauri,fly half,starter
https://rugby-union-feeds.incrowdsports.com/v1/matches/282762,282762,202401,Zebre Parma,away,23,135541,Scott Gregory,sub 8,replacement
https://rugby-union-feeds.incrowdsports.com/v1/matches/282762,282762,202401,Zebre Parma,away,18,211925,Juan Pitinari,sub 3,replacement
https://rugby-union-feeds.incrowdsports.com/v1/matches/282762,282762,202401,Zebre Parma,away,3,172284,Muhamed Hasa,tighthead prop,starter
https://rugby-union-feeds.incrowdsports.com/v1/matches/282762,282762,202401,Zebre Parma,away,6,236603,Giacomo Ferrari,flanker,starter
https://rugby-union-feeds.incrowdsports.com/v1/matches/282762,282762,202401,Zebre Parma,away,2,236602,Tommaso di Bartolomeo,hooker,starter
https://rugby-union-feeds.incrowdsports.com/v1/matches/282762,282762,202401,Zebre Parma,away,16,117630,Luca Bigi,sub 1,replacement
https://rugby-union-feeds.incrowdsports.com/v1/matches/282762,282762,202401,Zebre Parma,away,15,201405,Giacomo da Re,full back,starter
https://rugby-union-feeds.incrowdsports.com/v1/matches/282762,282762,202401,Zebre Parma,away,12,159614,Fetuli Paea,inside centre,starter
https://rugby-union-feeds.incrowdsports.com/v1/matches/282762,282762,202401,Zebre Parma,away,5,212413,Leonardo Krumov,second row,starter
https://rugby-union-feeds.incrowdsports.com/v1/matches/282763,282763,202401,Dragons RFC,home,9,241731,Che Hope,scrum half,starter
https://rugby-union-feeds.incrowdsports.com/v1/matches/282763,282763,202401,Dragons RFC,home,23,180932,Ewan Rosser,sub 8,replacement
https://rugby-union-feeds.incrowdsports.com/v1/matches/282763,282763,202401,Dragons RFC,home,13,240577,Joe Westwood,outside centre,starter
https://rugby-union-feeds.incrowdsports.com/v1/matches/282763,282763,202401,Dragons RFC,home,10,211713,Angus O'Brien,fly half,starter
https://rugby-union-feeds.incrowdsports.com/v1/matches/282763,282763,202401,Dragons RFC,home,1,105189,Rodrigo Martinez Manzano,loosehead prop,starter
https://rugby-union-feeds.incrowdsports.com/v1/matches/282763,282763,202401,Dragons RFC,home,6,152040,George Young,flanker,starter
https://rugby-union-feeds.incrowdsports.com/v1/matches/282763,282763,202401,Dragons RFC,home,16,214245,James Benjamin,sub 1,replacement
https://rugby-union-feeds.incrowdsports.com/v1/matches/282763,282763,202401,Dragons RFC,home,20,168486,Dan Lydiate,sub 5,replacement
https://rugby-union-feeds.incrowdsports.com/v1/matches/282763,282763,202401,Dragons RFC,home,19,135435,George Nott,sub 4,replacement
https://rugby-union-feeds.incrowdsports.com/v1/matches/282763,282763,202401,Dragons RFC,home,21,240459,Morgan Lloyd,sub 6,replacement
https://rugby-union-feeds.incrowdsports.com/v1/matches/282763,282763,202401,Dragons RFC,home,14,138569,Rio Dyer,right wing,starter
https://rugby-union-feeds.incrowdsports.com/v1/matches/282763,282763,202401,Dragons RFC,home,2,182762,Elliot Dee,hooker,starter
https://rugby-union-feeds.incrowdsports.com/v1/matches/282763,282763,202401,Dragons RFC,home,4,190032,Joe Davies,second row,starter
https://rugby-union-feeds.incrowdsports.com/v1/matches/282763,282763,202401,Dragons RFC,home,18,148685,Dimitri Arhip,sub 3,replacement
https://rugby-union-feeds.incrowdsports.com/v1/matches/282763,282763,202401,Dragons RFC,home,7,181073,Taine Basham,flanker,starter
https://rugby-union-feeds.incrowdsports.com/v1/matches/282763,282763,202401,Dragons RFC,home,11,151127,Jared Rosser,left wing,starter
https://rugby-union-feeds.incrowdsports.com/v1/matches/282763,282763,202401,Dragons RFC,home,5,249751,Barny Langton-Cryer,second row,starter
https://rugby-union-feeds.incrowdsports.com/v1/matches/282763,282763,202401,Dragons RFC,home,8,119132,Aaron Wainwright,number eight,starter
https://rugby-union-feeds.incrowdsports.com/v1/matches/282763,282763,202401,Dragons RFC,home,17,244729,Dylan Kelleher-Griffiths,sub 2,replacement
https://rugby-union-feeds.incrowdsports.com/v1/matches/282763,282763,202401,Dragons RFC,home,15,101982,Cai Evans,full back,starter
https://rugby-union-feeds.incrowdsports.com/v1/matches/282763,282763,202401,Dragons RFC,home,3,207872,Chris Coleman,tighthead prop,starter
https://rugby-union-feeds.incrowdsports.com/v1/matches/282763,282763,202401,Dragons RFC,home,22,187456,Lloyd Evans,sub 7,replacement
https://rugby-union-feeds.incrowdsports.com/v1/matches/282763,282763,202401,Dragons RFC,home,12,244733,Harri Ackerman,inside centre,starter
https://rugby-union-feeds.incrowdsports.com/v1/matches/282763,282763,202401,Pau,away,18,161452,Harry Williams,sub 3,replacement
https://rugby-union-feeds.incrowdsports.com/v1/matches/282763,282763,202401,Pau,away,2,107148,Romain Ruffenach,hooker,starter
https://rugby-union-feeds.incrowdsports.com/v1/matches/282763,282763,202401,Pau,away,23,189257,Jack Maddocks,sub 8,replacement
https://rugby-union-feeds.incrowdsports.com/v1/matches/282763,282763,202401,Pau,away,1,115886,Remi Seneca,loosehead prop,starter
https://rugby-union-feeds.incrowdsports.com/v1/matches/282763,282763,202401,Pau,away,8,220112,Thibaut Hamonou,number eight,starter
https://rugby-union-feeds.incrowdsports.com/v1/matches/282763,282763,202401,Pau,away,6,243215,Mehdi Tlili,flanker,starter
https://rugby-union-feeds.incrowdsports.com/v1/matches/282763,282763,202401,Pau,away,22,254543,Quentin Valentino,sub 7,replacement
https://rugby-union-feeds.incrowdsports.com/v1/matches/282763,282763,202401,Pau,away,14,244532,Theo Attissogbe,right wing,starter
https://rugby-union-feeds.incrowdsports.com/v1/matches/282763,282763,202401,Pau,away,5,146867,Jimi Maximin,second row,starter
https://rugby-union-feeds.incrowdsports.com/v1/matches/282763,282763,202401,Pau,away,15,240019,Clément Mondinat,full back,starter
https://rugby-union-feeds.incrowdsports.com/v1/matches/282763,282763,202401,Pau,away,12,250067,Fabien Brau-Boirie,inside centre,starter
https://rugby-union-feeds.incrowdsports.com/v1/matches/282763,282763,202401,Pau,away,16,106963,Dan Jooste,sub 1,replacement
https://rugby-union-feeds.incrowdsports.com/v1/matches/282763,282763,202401,Pau,away,20,161080,Loic Credoz,sub 5,replacement
https://rugby-union-feeds.incrowdsports.com/v1/matches/282763,282763,202401,Pau,away,10,244533,Axel Desperes,fly half,starter
https://rugby-union-feeds.incrowdsports.com/v1/matches/282763,282763,202401,Pau,away,11,244412,Gregoire Arfeuil,left wing,starter
https://rugby-union-feeds.incrowdsports.com/v1/matches/282763,282763,202401,Pau,away,17,108250,Daniel Bibi Biziwu,sub 2,replacement
https://rugby-union-feeds.incrowdsports.com/v1/matches/282763,282763,202401,Pau,away,13,150876,Eliott Roudil,outside centre,starter
https://rugby-union-feeds.incrowdsports.com/v1/matches/282763,282763,202401,Pau,away,9,197595,Dan Robson,scrum half,starter
https://rugby-union-feeds.incrowdsports.com/v1/matches/282763,282763,202401,Pau,away,4,120507,Remi Picquette,second row,starter
https://rugby-union-feeds.incrowdsports.com/v1/matches/282763,282763,202401,Pau,away,3,221919,Jon Zabala Arrieta,tighthead prop,starter
https://rugby-union-feeds.incrowdsports.com/v1/matches/282763,282763,202401,Pau,away,19,250079,Victor Templier,sub 4,replacement
https://rugby-union-feeds.incrowdsports.com/v1/matches/282763,282763,202401,Pau,away,7,239229,Hugo Auradou,flanker,starter
https://rugby-union-feeds.incrowdsports.com/v1/matches/282763,282763,202401,Pau,away,21,250077,Thomas Souverbie,sub 6,replacement
https://rugby-union-feeds.incrowdsports.com/v1/matches/282764,282764,202401,Cardiff Rugby,home,20,167587,Seb Davies,sub 5,replacement
https://rugby-union-feeds.incrowdsports.com/v1/matches/282764,282764,202401,Cardiff Rugby,home,4,139876,Josh McNally,second row,starter
https://rugby-union-feeds.incrowdsports.com/v1/matches/282764,282764,202401,Cardiff Rugby,home,5,169185,Teddy Williams,second row,starter
https://rugby-union-feeds.incrowdsports.com/v1/matches/282764,282764,202401,Cardiff Rugby,home,7,117478,Thomas Young,flanker,starter
https://rugby-union-feeds.incrowdsports.com/v1/matches/282764,282764,202401,Cardiff Rugby,home,18,214279,Rhys Litterick,sub 3,replacement
https://rugby-union-feeds.incrowdsports.com/v1/matches/282764,282764,202401,Cardiff Rugby,home,12,186117,Rory Jennings,inside centre,starter
https://rugby-union-feeds.incrowdsports.com/v1/matches/282764,282764,202401,Cardiff Rugby,home,9,202470,Ellis Bevan,scrum half,starter
https://rugby-union-feeds.incrowdsports.com/v1/matches/282764,282764,202401,Cardiff Rugby,home,1,240454,Rhys Barratt,loosehead prop,starter
https://rugby-union-feeds.incrowdsports.com/v1/matches/282764,282764,202401,Cardiff Rugby,home,15,128775,Jacob Beetham,full back,starter
https://rugby-union-feeds.incrowdsports.com/v1/matches/282764,282764,202401,Cardiff Rugby,home,16,210092,Efan Daniel,sub 1,replacement
https://rugby-union-feeds.incrowdsports.com/v1/matches/282764,282764,202401,Cardiff Rugby,home,21,237324,Johan Mulder,sub 6,replacement
https://rugby-union-feeds.incrowdsports.com/v1/matches/282764,282764,202401,Cardiff Rugby,home,22,152457,Callum Sheedy,sub 7,replacement
https://rugby-union-feeds.incrowdsports.com/v1/matches/282764,282764,202401,Cardiff Rugby,home,6,235183,Alex Mann,flanker,starter
https://rugby-union-feeds.incrowdsports.com/v1/matches/282764,282764,202401,Cardiff Rugby,home,17,203823,Danny Southworth,sub 2,replacement
https://rugby-union-feeds.incrowdsports.com/v1/matches/282764,282764,202401,Cardiff Rugby,home,8,131470,Alun Lawrence,number eight,starter
https://rugby-union-feeds.incrowdsports.com/v1/matches/282764,282764,202401,Cardiff Rugby,home,11,248818,Tom Bowen,left wing,starter
https://rugby-union-feeds.incrowdsports.com/v1/matches/282764,282764,202401,Cardiff Rugby,home,10,225777,Ben Thomas,fly half,starter
https://rugby-union-feeds.incrowdsports.com/v1/matches/282764,282764,202401,Cardiff Rugby,home,19,105267,Rory Thornton,sub 4,replacement
https://rugby-union-feeds.incrowdsports.com/v1/matches/282764,282764,202401,Cardiff Rugby,home,2,237274,Evan Lloyd,hooker,starter
https://rugby-union-feeds.incrowdsports.com/v1/matches/282764,282764,202401,Cardiff Rugby,home,13,159130,Rey Lee-Lo,outside centre,starter
https://rugby-union-feeds.incrowdsports.com/v1/matches/282764,282764,202401,Cardiff Rugby,home,23,239360,Cam Winnett,sub 8,replacement
https://rugby-union-feeds.incrowdsports.com/v1/matches/282764,282764,202401,Cardiff Rugby,home,3,202399,Keiron Assiratti,tighthead prop,starter
https://rugby-union-feeds.incrowdsports.com/v1/matches/282764,282764,202401,Cardiff Rugby,home,14,165885,Gabe Hamer-Webb,right wing,starter
https://rugby-union-feeds.incrowdsports.com/v1/matches/282764,282764,202401,Connacht Rugby,away,10,131074,Josh Ioane,fly half,starter
https://rugby-union-feeds.incrowdsports.com/v1/matches/282764,282764,202401,Connacht Rugby,away,15,138471,Santiago Cordero,full back,starter
https://rugby-union-feeds.incrowdsports.com/v1/matches/282764,282764,202401,Connacht Rugby,away,6,198565,Cian Prendergast,flanker,starter
https://rugby-union-feeds.incrowdsports.com/v1/matches/282764,282764,202401,Connacht Rugby,away,4,216844,Josh Murphy,second row,starter
https://rugby-union-feeds.incrowdsports.com/v1/matches/282764,282764,202401,Connacht Rugby,away,19,164748,David O'Connor,sub 4,replacement
https://rugby-union-feeds.incrowdsports.com/v1/matches/282764,282764,202401,Connacht Rugby,away,21,239627,Matthew Devine,sub 6,replacement
https://rugby-union-feeds.incrowdsports.com/v1/matches/282764,282764,202401,Connacht Rugby,away,17,123372,Jordan Duggan,sub 2,replacement
https://rugby-union-feeds.incrowdsports.com/v1/matches/282764,282764,202401,Connacht Rugby,away,2,213737,Dave Heffernan,hooker,starter
https://rugby-union-feeds.incrowdsports.com/v1/matches/282764,282764,202401,Connacht Rugby,away,11,204400,Byron Ralston,left wing,starter
https://rugby-union-feeds.incrowdsports.com/v1/matches/282764,282764,202401,Connacht Rugby,away,5,106352,Joe Joyce,second row,starter
https://rugby-union-feeds.incrowdsports.com/v1/matches/282764,282764,202401,Connacht Rugby,away,22,142798,JJ Hanrahan,sub 7,replacement
https://rugby-union-feeds.incrowdsports.com/v1/matches/282764,282764,202401,Connacht Rugby,away,3,115762,Finlay Bealham,tighthead prop,starter
https://rugby-union-feeds.incrowdsports.com/v1/matches/282764,282764,202401,Connacht Rugby,away,16,237236,Eoin de Buitlear,sub 1,replacement
https://rugby-union-feeds.incrowdsports.com/v1/matches/282764,282764,202401,Connacht Rugby,away,18,162419,Jack Aungier,sub 3,replacement
https://rugby-union-feeds.incrowdsports.com/v1/matches/282764,282764,202401,Connacht Rugby,away,7,184561,Conor Oliver,flanker,starter
https://rugby-union-feeds.incrowdsports.com/v1/matches/282764,282764,202401,Connacht Rugby,away,23,220114,David Hawkshaw,sub 8,replacement
https://rugby-union-feeds.incrowdsports.com/v1/matches/282764,282764,202401,Connacht Rugby,away,1,131671,Peter Dooley,loosehead prop,starter
https://rugby-union-feeds.incrowdsports.com/v1/matches/282764,282764,202401,Connacht Rugby,away,9,180856,Ben Murphy,scrum half,starter
https://rugby-union-feeds.incrowdsports.com/v1/matches/282764,282764,202401,Connacht Rugby,away,14,118682,Chay Mullins,right wing,starter
https://rugby-union-feeds.incrowdsports.com/v1/matches/282764,282764,202401,Connacht Rugby,away,8,200378,Paul Boyle,number eight,starter
https://rugby-union-feeds.incrowdsports.com/v1/matches/282764,282764,202401,Connacht Rugby,away,20,241018,Sean Jansen,sub 5,replacement
https://rugby-union-feeds.incrowdsports.com/v1/matches/282764,282764,202401,Connacht Rugby,away,13,169594,Piers O'Conor,outside centre,starter
https://rugby-union-feeds.incrowdsports.com/v1/matches/282764,282764,202401,Connacht Rugby,away,12,157406,Bundee Aki,inside centre,starter
https://rugby-union-feeds.incrowdsports.com/v1/matches/282765,282765,202401,Newcastle Falcons,home,15,165761,Louis Brown,full back,starter
https://rugby-union-feeds.incrowdsports.com/v1/matches/282765,282765,202401,Newcastle Falcons,home,9,176289,James Elliott,scrum half,starter
https://rugby-union-feeds.incrowdsports.com/v1/matches/282765,282765,202401,Newcastle Falcons,home,5,117316,John Hawkins,second row,starter
https://rugby-union-feeds.incrowdsports.com/v1/matches/282765,282765,202401,Newcastle Falcons,home,4,207425,Philip van der Walt,second row,starter
https://rugby-union-feeds.incrowdsports.com/v1/matches/282765,282765,202401,Newcastle Falcons,home,10,204296,Kieran Wilkinson,fly half,starter
https://rugby-union-feeds.incrowdsports.com/v1/matches/282765,282765,202401,Newcastle Falcons,home,20,168872,Callum Chick,sub 5,replacement
https://rugby-union-feeds.incrowdsports.com/v1/matches/282765,282765,202401,Newcastle Falcons,home,8,219782,Freddie Lockwood,number eight,starter
https://rugby-union-feeds.incrowdsports.com/v1/matches/282765,282765,202401,Newcastle Falcons,home,22,205702,Brett Connon,sub 7,replacement
https://rugby-union-feeds.incrowdsports.com/v1/matches/282765,282765,202401,Newcastle Falcons,home,23,169829,Max Clark,sub 8,replacement
https://rugby-union-feeds.incrowdsports.com/v1/matches/282765,282765,202401,Newcastle Falcons,home,21,243180,Joe Davis,sub 6,replacement
https://rugby-union-feeds.incrowdsports.com/v1/matches/282765,282765,202401,Newcastle Falcons,home,14,239563,Ben Redshaw,right wing,starter
https://rugby-union-feeds.incrowdsports.com/v1/matches/282765,282765,202401,Newcastle Falcons,home,19,213140,Kiran McDonald Seran,sub 4,replacement
https://rugby-union-feeds.incrowdsports.com/v1/matches/282765,282765,202401,Newcastle Falcons,home,6,244466,Reuben Parsons,flanker,starter
https://rugby-union-feeds.incrowdsports.com/v1/matches/282765,282765,202401,Newcastle Falcons,home,17,134737,Connor Hancock,sub 2,replacement
https://rugby-union-feeds.incrowdsports.com/v1/matches/282765,282765,202401,Newcastle Falcons,home,3,205585,Murray McCallum,tighthead prop,starter
https://rugby-union-feeds.incrowdsports.com/v1/matches/282765,282765,202401,Newcastle Falcons,home,18,170103,Callum Hancock,sub 3,replacement
https://rugby-union-feeds.incrowdsports.com/v1/matches/282765,282765,202401,Newcastle Falcons,home,2,166840,Bryan Byrne,hooker,starter
https://rugby-union-feeds.incrowdsports.com/v1/matches/282765,282765,202401,Newcastle Falcons,home,7,190680,Ollie Leatherbarrow,flanker,starter
https://rugby-union-feeds.incrowdsports.com/v1/matches/282765,282765,202401,Newcastle Falcons,home,11,116536,Max Pepper,left wing,starter
https://rugby-union-feeds.incrowdsports.com/v1/matches/282765,282765,202401,Newcastle Falcons,home,12,222549,Oli Spencer,inside centre,starter
https://rugby-union-feeds.incrowdsports.com/v1/matches/282765,282765,202401,Newcastle Falcons,home,13,199072,Alex Hearle,outside centre,starter
https://rugby-union-feeds.incrowdsports.com/v1/matches/282765,282765,202401,Newcastle Falcons,home,16,160415,Jamie Blamire,sub 1,replacement
https://rugby-union-feeds.incrowdsports.com/v1/matches/282765,282765,202401,Newcastle Falcons,home,1,239550,Mike Rewcastle,loosehead prop,starter
https://rugby-union-feeds.incrowdsports.com/v1/matches/282765,282765,202401,Montpellier,away,3,109220,Mohamed Haouas,tighthead prop,starter
https://rugby-union-feeds.incrowdsports.com/v1/matches/282765,282765,202401,Montpellier,away,6,245990,Romain Delemarle,flanker,starter
https://rugby-union-feeds.incrowdsports.com/v1/matches/282765,282765,202401,Montpellier,away,14,116135,Pierre Lucas,right wing,starter
https://rugby-union-feeds.incrowdsports.com/v1/matches/282765,282765,202401,Montpellier,away,5,152393,Marco Tauleigne,second row,starter
https://rugby-union-feeds.incrowdsports.com/v1/matches/282765,282765,202401,Montpellier,away,22,233066,Auguste Cadot,sub 7,replacement
https://rugby-union-feeds.incrowdsports.com/v1/matches/282765,282765,202401,Montpellier,away,18,225289,Wilfrid Hounkpatin,sub 3,replacement
https://rugby-union-feeds.incrowdsports.com/v1/matches/282765,282765,202401,Montpellier,away,13,193262,Thomas Darmon,outside centre,starter
https://rugby-union-feeds.incrowdsports.com/v1/matches/282765,282765,202401,Montpellier,away,20,242189,Nicolas Martins,sub 5,replacement
https://rugby-union-feeds.incrowdsports.com/v1/matches/282765,282765,202401,Montpellier,away,7,161907,Alex Becognee,flanker,starter
https://rugby-union-feeds.incrowdsports.com/v1/matches/282765,282765,202401,Montpellier,away,21,252244,Aurelien Barreau,sub 6,replacement
https://rugby-union-feeds.incrowdsports.com/v1/matches/282765,282765,202401,Montpellier,away,4,254546,Youssouf Soucouna,second row,starter
https://rugby-union-feeds.incrowdsports.com/v1/matches/282765,282765,202401,Montpellier,away,16,250834,Lyam Akrab,sub 1,replacement
https://rugby-union-feeds.incrowdsports.com/v1/matches/282765,282765,202401,Montpellier,away,10,205560,Domingo Miotti,fly half,starter
https://rugby-union-feeds.incrowdsports.com/v1/matches/282765,282765,202401,Montpellier,away,2,133687,Christopher Tolofua,hooker,starter
https://rugby-union-feeds.incrowdsports.com/v1/matches/282765,282765,202401,Montpellier,away,17,236888,Nika Abuladze,sub 2,replacement
https://rugby-union-feeds.incrowdsports.com/v1/matches/282765,282765,202401,Montpellier,away,8,139573,Sam Simmonds,number eight,starter
https://rugby-union-feeds.incrowdsports.com/v1/matches/282765,282765,202401,Montpellier,away,11,172059,Gabriel N'Gandebe,left wing,starter
https://rugby-union-feeds.incrowdsports.com/v1/matches/282765,282765,202401,Montpellier,away,23,109818,Anthony Bouthier,sub 8,replacement
https://rugby-union-feeds.incrowdsports.com/v1/matches/282765,282765,202401,Montpellier,away,12,197851,Jan Serfontein,inside centre,starter
https://rugby-union-feeds.incrowdsports.com/v1/matches/282765,282765,202401,Montpellier,away,19,141337,Florian Verhaeghe,sub 4,replacement
https://rugby-union-feeds.incrowdsports.com/v1/matches/282765,282765,202401,Montpellier,away,15,156128,Julien Tisseron,full back,starter
https://rugby-union-feeds.incrowdsports.com/v1/matches/282765,282765,202401,Montpellier,away,9,237823,Alexis Bernadet,scrum half,starter
https://rugby-union-feeds.incrowdsports.com/v1/matches/282765,282765,202401,Montpellier,away,1,229853,Baptiste Erdocio,loosehead prop,starter
https://rugby-union-feeds.incrowdsports.com/v1/matches/282766,282766,202401,Pau,home,4,122465,Lekima Tagitagivalu,second row,starter
https://rugby-union-feeds.incrowdsports.com/v1/matches/282766,282766,202401,Pau,home,8,131912,Luke Whitelock,number eight,starter
https://rugby-union-feeds.incrowdsports.com/v1/matches/282766,282766,202401,Pau,home,6,209548,Joel Kpoku,flanker,starter
https://rugby-union-feeds.incrowdsports.com/v1/matches/282766,282766,202401,Pau,home,16,217100,Youri Delhommel,sub 1,replacement
https://rugby-union-feeds.incrowdsports.com/v1/matches/282766,282766,202401,Pau,home,21,223308,Aaron Grandidier Nkanang,sub 6,replacement
https://rugby-union-feeds.incrowdsports.com/v1/matches/282766,282766,202401,Pau,home,18,161452,Harry Williams,sub 3,replacement
https://rugby-union-feeds.incrowdsports.com/v1/matches/282766,282766,202401,Pau,home,2,107148,Romain Ruffenach,hooker,starter
https://rugby-union-feeds.incrowdsports.com/v1/matches/282766,282766,202401,Pau,home,23,237225,Emilien Gailleton,sub 8,replacement
https://rugby-union-feeds.incrowdsports.com/v1/matches/282766,282766,202401,Pau,home,7,220112,Thibaut Hamonou,flanker,starter
https://rugby-union-feeds.incrowdsports.com/v1/matches/282766,282766,202401,Pau,home,14,244532,Theo Attissogbe,right wing,starter
https://rugby-union-feeds.incrowdsports.com/v1/matches/282766,282766,202401,Pau,home,1,153811,Ignacio David Calles,loosehead prop,starter
https://rugby-union-feeds.incrowdsports.com/v1/matches/282766,282766,202401,Pau,home,15,240019,Clément Mondinat,full back,starter
https://rugby-union-feeds.incrowdsports.com/v1/matches/282766,282766,202401,Pau,home,12,250067,Fabien Brau-Boirie,inside centre,starter
https://rugby-union-feeds.incrowdsports.com/v1/matches/282766,282766,202401,Pau,home,19,241745,Brent Liufau,sub 4,replacement
https://rugby-union-feeds.incrowdsports.com/v1/matches/282766,282766,202401,Pau,home,20,106963,Dan Jooste,sub 5,replacement
https://rugby-union-feeds.incrowdsports.com/v1/matches/282766,282766,202401,Pau,home,10,244533,Axel Desperes,fly half,starter
https://rugby-union-feeds.incrowdsports.com/v1/matches/282766,282766,202401,Pau,home,11,244412,Gregoire Arfeuil,left wing,starter
https://rugby-union-feeds.incrowdsports.com/v1/matches/282766,282766,202401,Pau,home,17,108250,Daniel Bibi Biziwu,sub 2,replacement
https://rugby-union-feeds.incrowdsports.com/v1/matches/282766,282766,202401,Pau,home,13,150876,Eliott Roudil,outside centre,starter
https://rugby-union-feeds.incrowdsports.com/v1/matches/282766,282766,202401,Pau,home,22,197595,Dan Robson,sub 7,replacement
https://rugby-union-feeds.incrowdsports.com/v1/matches/282766,282766,202401,Pau,home,5,120507,Remi Picquette,second row,starter
https://rugby-union-feeds.incrowdsports.com/v1/matches/282766,282766,202401,Pau,home,3,106877,Guram Papidze,tighthead prop,starter
https://rugby-union-feeds.incrowdsports.com/v1/matches/282766,282766,202401,Pau,home,9,250077,Thomas Souverbie,scrum half,starter
https://rugby-union-feeds.incrowdsports.com/v1/matches/282766,282766,202401,Ospreys,away,14,229377,Daniel Kasende,right wing,starter
https://rugby-union-feeds.incrowdsports.com/v1/matches/282766,282766,202401,Ospreys,away,9,190215,Kieran Hardy,scrum half,starter
https://rugby-union-feeds.incrowdsports.com/v1/matches/282766,282766,202401,Ospreys,away,10,240455,Dan Edwards,fly half,starter
https://rugby-union-feeds.incrowdsports.com/v1/matches/282766,282766,202401,Ospreys,away,5,192520,James Fender,second row,starter
https://rugby-union-feeds.incrowdsports.com/v1/matches/282766,282766,202401,Ospreys,away,6,185640,James Ratti,flanker,starter
https://rugby-union-feeds.incrowdsports.com/v1/matches/282766,282766,202401,Ospreys,away,7,123016,Jac Morgan,flanker,starter
https://rugby-union-feeds.incrowdsports.com/v1/matches/282766,282766,202401,Ospreys,away,21,238220,Luke Davies,sub 6,replacement
https://rugby-union-feeds.incrowdsports.com/v1/matches/282766,282766,202401,Ospreys,away,11,147532,Ryan Conbeer,left wing,starter
https://rugby-union-feeds.incrowdsports.com/v1/matches/282766,282766,202401,Ospreys,away,19,240458,Lewis Jones,sub 4,replacement
https://rugby-union-feeds.incrowdsports.com/v1/matches/282766,282766,202401,Ospreys,away,13,166922,Evardi Boshoff,outside centre,starter
https://rugby-union-feeds.incrowdsports.com/v1/matches/282766,282766,202401,Ospreys,away,2,244852,Lewis Lloyd,hooker,starter
https://rugby-union-feeds.incrowdsports.com/v1/matches/282766,282766,202401,Ospreys,away,4,167249,Will Spencer,second row,starter
https://rugby-union-feeds.incrowdsports.com/v1/matches/282766,282766,202401,Ospreys,away,20,237265,Tristan Davies,sub 5,replacement
https://rugby-union-feeds.incrowdsports.com/v1/matches/282766,282766,202401,Ospreys,away,15,240760,Iestyn Hopkins,full back,starter
https://rugby-union-feeds.incrowdsports.com/v1/matches/282766,282766,202401,Ospreys,away,18,164759,Ben Warren,sub 3,replacement
https://rugby-union-feeds.incrowdsports.com/v1/matches/282766,282766,202401,Ospreys,away,3,177365,Tom Botha,tighthead prop,starter
https://rugby-union-feeds.incrowdsports.com/v1/matches/282766,282766,202401,Ospreys,away,17,174357,Garyn Phillips,sub 2,replacement
https://rugby-union-feeds.incrowdsports.com/v1/matches/282766,282766,202401,Ospreys,away,22,237269,Tom Florence,sub 7,replacement
https://rugby-union-feeds.incrowdsports.com/v1/matches/282766,282766,202401,Ospreys,away,16,194331,Ethan Lewis,sub 1,replacement
https://rugby-union-feeds.incrowdsports.com/v1/matches/282766,282766,202401,Ospreys,away,12,139292,Owen Williams,inside centre,starter
https://rugby-union-feeds.incrowdsports.com/v1/matches/282766,282766,202401,Ospreys,away,1,186617,Steff Thomas,loosehead prop,starter
https://rugby-union-feeds.incrowdsports.com/v1/matches/282766,282766,202401,Ospreys,away,23,229242,Jack Walsh,sub 8,replacement
https://rugby-union-feeds.incrowdsports.com/v1/matches/282766,282766,202401,Ospreys,away,8,240576,Morgan Morse,number eight,starter
https://rugby-union-feeds.incrowdsports.com/v1/matches/282767,282767,202401,Emirates Lions,home,8,173411,Francke Horn,number eight,starter
https://rugby-union-feeds.incrowdsports.com/v1/matches/282767,282767,202401,Emirates Lions,home,7,240001,Ruan Venter,flanker,starter
https://rugby-union-feeds.incrowdsports.com/v1/matches/282767,282767,202401,Emirates Lions,home,14,210408,Tapiwa Mafura,right wing,starter
https://rugby-union-feeds.incrowdsports.com/v1/matches/282767,282767,202401,Emirates Lions,home,12,194343,Rynhardt Jonker,inside centre,starter
https://rugby-union-feeds.incrowdsports.com/v1/matches/282767,282767,202401,Emirates Lions,home,16,176872,Jaco Visagie,sub 1,replacement
https://rugby-union-feeds.incrowdsports.com/v1/matches/282767,282767,202401,Emirates Lions,home,17,246823,SJ Kotze,sub 2,replacement
https://rugby-union-feeds.incrowdsports.com/v1/matches/282767,282767,202401,Emirates Lions,home,5,162251,Darrien Landsberg,second row,starter
https://rugby-union-feeds.incrowdsports.com/v1/matches/282767,282767,202401,Emirates Lions,home,22,154411,Gianni Lombard,sub 7,replacement
https://rugby-union-feeds.incrowdsports.com/v1/matches/282767,282767,202401,Emirates Lions,home,3,223242,Asenathi Ntlabakanye,tighthead prop,starter
https://rugby-union-feeds.incrowdsports.com/v1/matches/282767,282767,202401,Emirates Lions,home,10,247664,Sam Francis,fly half,starter
https://rugby-union-feeds.incrowdsports.com/v1/matches/282767,282767,202401,Emirates Lions,home,11,204878,Edwill van der Merwe,left wing,starter
https://rugby-union-feeds.incrowdsports.com/v1/matches/282767,282767,202401,Emirates Lions,home,9,191534,Morne van den Berg,scrum half,starter
https://rugby-union-feeds.incrowdsports.com/v1/matches/282767,282767,202401,Emirates Lions,home,19,241108,Ruan Delport,sub 4,replacement
https://rugby-union-feeds.incrowdsports.com/v1/matches/282767,282767,202401,Emirates Lions,home,1,223187,Juan Schoeman,loosehead prop,starter
https://rugby-union-feeds.incrowdsports.com/v1/matches/282767,282767,202401,Emirates Lions,home,2,165140,PJ Botha,hooker,starter
https://rugby-union-feeds.incrowdsports.com/v1/matches/282767,282767,202401,Emirates Lions,home,15,236722,Quan Horn,full back,starter
https://rugby-union-feeds.incrowdsports.com/v1/matches/282767,282767,202401,Emirates Lions,home,13,236721,Henco van Wyk,outside centre,starter
https://rugby-union-feeds.incrowdsports.com/v1/matches/282767,282767,202401,Emirates Lions,home,4,194774,Etienne Oosthuizen,second row,starter
https://rugby-union-feeds.incrowdsports.com/v1/matches/282767,282767,202401,Emirates Lions,home,6,124154,JC Pretorius,flanker,starter
https://rugby-union-feeds.incrowdsports.com/v1/matches/282767,282767,202401,Emirates Lions,home,21,237083,Nico Steyn,sub 6,replacement
https://rugby-union-feeds.incrowdsports.com/v1/matches/282767,282767,202401,Emirates Lions,home,20,239993,Jarod Cairns,sub 5,replacement
https://rugby-union-feeds.incrowdsports.com/v1/matches/282767,282767,202401,Emirates Lions,home,18,252480,RF Schoeman,sub 3,replacement
https://rugby-union-feeds.incrowdsports.com/v1/matches/282767,282767,202401,Emirates Lions,home,23,100317,Manuel Rass,sub 8,replacement
https://rugby-union-feeds.incrowdsports.com/v1/matches/282767,282767,202401,Dragons RFC,away,10,201380,Will Reed,fly half,starter
https://rugby-union-feeds.incrowdsports.com/v1/matches/282767,282767,202401,Dragons RFC,away,11,180932,Ewan Rosser,left wing,starter
https://rugby-union-feeds.incrowdsports.com/v1/matches/282767,282767,202401,Dragons RFC,away,9,241731,Che Hope,scrum half,starter
https://rugby-union-feeds.incrowdsports.com/v1/matches/282767,282767,202401,Dragons RFC,away,16,203043,Brodie Coghlan,sub 1,replacement
https://rugby-union-feeds.incrowdsports.com/v1/matches/282767,282767,202401,Dragons RFC,away,13,240577,Joe Westwood,outside centre,starter
https://rugby-union-feeds.incrowdsports.com/v1/matches/282767,282767,202401,Dragons RFC,away,1,105189,Rodrigo Martinez,loosehead prop,starter
https://rugby-union-feeds.incrowdsports.com/v1/matches/282767,282767,202401,Dragons RFC,away,20,152040,George Young,sub 5,replacement
https://rugby-union-feeds.incrowdsports.com/v1/matches/282767,282767,202401,Dragons RFC,away,5,135435,George Nott,second row,starter
https://rugby-union-feeds.incrowdsports.com/v1/matches/282767,282767,202401,Dragons RFC,away,15,250763,Huw Anderson,full back,starter
https://rugby-union-feeds.incrowdsports.com/v1/matches/282767,282767,202401,Dragons RFC,away,12,140652,Aneurin Owen,inside centre,starter
https://rugby-union-feeds.incrowdsports.com/v1/matches/282767,282767,202401,Dragons RFC,away,21,240459,Morgan Lloyd,sub 6,replacement
https://rugby-union-feeds.incrowdsports.com/v1/matches/282767,282767,202401,Dragons RFC,away,14,138569,Rio Dyer,right wing,starter
https://rugby-union-feeds.incrowdsports.com/v1/matches/282767,282767,202401,Dragons RFC,away,2,182762,Elliot Dee,hooker,starter
https://rugby-union-feeds.incrowdsports.com/v1/matches/282767,282767,202401,Dragons RFC,away,4,190032,Joe Davies,second row,starter
https://rugby-union-feeds.incrowdsports.com/v1/matches/282767,282767,202401,Dragons RFC,away,18,237677,Paula Latu,sub 3,replacement
https://rugby-union-feeds.incrowdsports.com/v1/matches/282767,282767,202401,Dragons RFC,away,7,128722,Shane Lewis-Hughes,flanker,starter
https://rugby-union-feeds.incrowdsports.com/v1/matches/282767,282767,202401,Dragons RFC,away,8,181073,Taine Basham,number eight,starter
https://rugby-union-feeds.incrowdsports.com/v1/matches/282767,282767,202401,Dragons RFC,away,19,249751,Barny Langton-Cryer,sub 4,replacement
https://rugby-union-feeds.incrowdsports.com/v1/matches/282767,282767,202401,Dragons RFC,away,17,244729,Dylan Kelleher-Griffiths,sub 2,replacement
https://rugby-union-feeds.incrowdsports.com/v1/matches/282767,282767,202401,Dragons RFC,away,3,207872,Chris Coleman,tighthead prop,starter
https://rugby-union-feeds.incrowdsports.com/v1/matches/282767,282767,202401,Dragons RFC,away,22,187456,Lloyd Evans,sub 7,replacement
https://rugby-union-feeds.incrowdsports.com/v1/matches/282767,282767,202401,Dragons RFC,away,6,240573,Ryan Woodman,flanker,starter
https://rugby-union-feeds.incrowdsports.com/v1/matches/282767,282767,202401,Dragons RFC,away,23,244733,Harri Ackerman,sub 8,replacement
https://rugby-union-feeds.incrowdsports.com/v1/matches/282768,282768,202401,Scarlets,home,9,180675,Gareth Davies,scrum half,starter
https://rugby-union-feeds.incrowdsports.com/v1/matches/282768,282768,202401,Scarlets,home,3,192419,Henry Thomas,tighthead prop,starter
https://rugby-union-feeds.incrowdsports.com/v1/matches/282768,282768,202401,Scarlets,home,20,238947,Jarrod Taylor,sub 5,replacement
https://rugby-union-feeds.incrowdsports.com/v1/matches/282768,282768,202401,Scarlets,home,5,158599,Sam Lousi,second row,starter
https://rugby-union-feeds.incrowdsports.com/v1/matches/282768,282768,202401,Scarlets,home,23,103461,Ioan Nicholas,sub 8,replacement
https://rugby-union-feeds.incrowdsports.com/v1/matches/282768,282768,202401,Scarlets,home,19,207013,Alex Craig,sub 4,replacement
https://rugby-union-feeds.incrowdsports.com/v1/matches/282768,282768,202401,Scarlets,home,17,243659,Sam O'Connor,sub 2,replacement
https://rugby-union-feeds.incrowdsports.com/v1/matches/282768,282768,202401,Scarlets,home,2,211818,Marnus van der Merwe,hooker,starter
https://rugby-union-feeds.incrowdsports.com/v1/matches/282768,282768,202401,Scarlets,home,10,135370,Ioan Lloyd,fly half,starter
https://rugby-union-feeds.incrowdsports.com/v1/matches/282768,282768,202401,Scarlets,home,4,236880,Max Douglas,second row,starter
https://rugby-union-feeds.incrowdsports.com/v1/matches/282768,282768,202401,Scarlets,home,13,125549,Joe Roberts,outside centre,starter
https://rugby-union-feeds.incrowdsports.com/v1/matches/282768,282768,202401,Scarlets,home,16,152813,Shaun Evans,sub 1,replacement
https://rugby-union-feeds.incrowdsports.com/v1/matches/282768,282768,202401,Scarlets,home,6,210189,Vaea Fifita,flanker,starter
https://rugby-union-feeds.incrowdsports.com/v1/matches/282768,282768,202401,Scarlets,home,18,253645,Gabe Hawley,sub 3,replacement
https://rugby-union-feeds.incrowdsports.com/v1/matches/282768,282768,202401,Scarlets,home,8,143123,Taine Plumtree,number eight,starter
https://rugby-union-feeds.incrowdsports.com/v1/matches/282768,282768,202401,Scarlets,home,21,122034,Efan Jones,sub 6,replacement
https://rugby-union-feeds.incrowdsports.com/v1/matches/282768,282768,202401,Scarlets,home,22,154164,Charlie Titcombe,sub 7,replacement
https://rugby-union-feeds.incrowdsports.com/v1/matches/282768,282768,202401,Scarlets,home,12,237271,Eddie James,inside centre,starter
https://rugby-union-feeds.incrowdsports.com/v1/matches/282768,282768,202401,Scarlets,home,1,161208,Alec Hepburn,loosehead prop,starter
https://rugby-union-feeds.incrowdsports.com/v1/matches/282768,282768,202401,Scarlets,home,11,243190,Blair Murray,left wing,starter
https://rugby-union-feeds.incrowdsports.com/v1/matches/282768,282768,202401,Scarlets,home,15,125946,Tom Rogers,full back,starter
https://rugby-union-feeds.incrowdsports.com/v1/matches/282768,282768,202401,Scarlets,home,7,124858,Josh Macleod,flanker,starter
https://rugby-union-feeds.incrowdsports.com/v1/matches/282768,282768,202401,Scarlets,home,14,249307,Ellis Mee,right wing,starter
https://rugby-union-feeds.incrowdsports.com/v1/matches/282768,282768,202401,Vannes,away,20,174913,Sione Kalamafoni,sub 5,replacement
https://rugby-union-feeds.incrowdsports.com/v1/matches/282768,282768,202401,Vannes,away,22,158114,Michael Ruru,sub 7,replacement
https://rugby-union-feeds.incrowdsports.com/v1/matches/282768,282768,202401,Vannes,away,6,233063,Leon Boulier,flanker,starter
https://rugby-union-feeds.incrowdsports.com/v1/matches/282768,282768,202401,Vannes,away,15,164741,Paul Surano,full back,starter
https://rugby-union-feeds.incrowdsports.com/v1/matches/282768,282768,202401,Vannes,away,11,132454,Romaric Camou,left wing,starter
https://rugby-union-feeds.incrowdsports.com/v1/matches/282768,282768,202401,Vannes,away,10,249260,Jean Cotarmanac'h,fly half,starter
https://rugby-union-feeds.incrowdsports.com/v1/matches/282768,282768,202401,Vannes,away,8,114666,Karl Chateau,number eight,starter
https://rugby-union-feeds.incrowdsports.com/v1/matches/282768,282768,202401,Vannes,away,1,161580,Charlesty Berguet,loosehead prop,starter
https://rugby-union-feeds.incrowdsports.com/v1/matches/282768,282768,202401,Vannes,away,17,237226,Thomas Moukoro,sub 2,replacement
https://rugby-union-feeds.incrowdsports.com/v1/matches/282768,282768,202401,Vannes,away,9,110891,Stephen Varney,scrum half,starter
https://rugby-union-feeds.incrowdsports.com/v1/matches/282768,282768,202401,Vannes,away,3,112523,Paga Tafili,tighthead prop,starter
https://rugby-union-feeds.incrowdsports.com/v1/matches/282768,282768,202401,Vannes,away,5,145834,Fabrice Metz,second row,starter
https://rugby-union-feeds.incrowdsports.com/v1/matches/282768,282768,202401,Vannes,away,19,117038,Jesse Parete,sub 4,replacement
https://rugby-union-feeds.incrowdsports.com/v1/matches/282768,282768,202401,Vannes,away,13,181940,Inaki Ayarza,outside centre,starter
https://rugby-union-feeds.incrowdsports.com/v1/matches/282768,282768,202401,Vannes,away,7,184661,Francisco Gorrissen,flanker,starter
https://rugby-union-feeds.incrowdsports.com/v1/matches/282768,282768,202401,Vannes,away,18,208182,Santiago Medrano,sub 3,replacement
https://rugby-union-feeds.incrowdsports.com/v1/matches/282768,282768,202401,Vannes,away,14,128023,Salesi Rayasi,right wing,starter
https://rugby-union-feeds.incrowdsports.com/v1/matches/282768,282768,202401,Vannes,away,2,139414,Cyril Blanchard,hooker,starter
https://rugby-union-feeds.incrowdsports.com/v1/matches/282768,282768,202401,Vannes,away,12,156827,Tani Vili,inside centre,starter
https://rugby-union-feeds.incrowdsports.com/v1/matches/282768,282768,202401,Vannes,away,4,233216,Matthieu Uhila,second row,starter
https://rugby-union-feeds.incrowdsports.com/v1/matches/282768,282768,202401,Vannes,away,16,151775,Pat Leafa,sub 1,replacement
https://rugby-union-feeds.incrowdsports.com/v1/matches/282768,282768,202401,Vannes,away,21,131616,Maxime Lafage,sub 6,replacement
https://rugby-union-feeds.incrowdsports.com/v1/matches/282768,282768,202401,Vannes,away,23,169534,Joe Edwards,sub 8,replacement
https://rugby-union-feeds.incrowdsports.com/v1/matches/282769,282769,202401,Lyon O.U.,home,4,226180,Theo William,second row,starter
https://rugby-union-feeds.incrowdsports.com/v1/matches/282769,282769,202401,Lyon O.U.,home,19,112612,Félix Lambey,sub 4,replacement
https://rugby-union-feeds.incrowdsports.com/v1/matches/282769,282769,202401,Lyon O.U.,home,14,224008,Vincent Rattez,right wing,starter
https://rugby-union-feeds.incrowdsports.com/v1/matches/282769,282769,202401,Lyon O.U.,home,23,119110,Thibaut Regard,sub 8,replacement
https://rugby-union-feeds.incrowdsports.com/v1/matches/282769,282769,202401,Lyon O.U.,home,7,116679,Beka Saginadze,flanker,starter
https://rugby-union-feeds.incrowdsports.com/v1/matches/282769,282769,202401,Lyon O.U.,home,8,229445,Liam Allen,number eight,starter
https://rugby-union-feeds.incrowdsports.com/v1/matches/282769,282769,202401,Lyon O.U.,home,21,141676,Baptiste Couilloud,sub 6,replacement
https://rugby-union-feeds.incrowdsports.com/v1/matches/282769,282769,202401,Lyon O.U.,home,1,254506,Lyan Pakihivatau,loosehead prop,starter
https://rugby-union-feeds.incrowdsports.com/v1/matches/282769,282769,202401,Lyon O.U.,home,16,173002,Camille Chat,sub 1,replacement
https://rugby-union-feeds.incrowdsports.com/v1/matches/282769,282769,202401,Lyon O.U.,home,15,229552,Davit Niniashvili,full back,starter
https://rugby-union-feeds.incrowdsports.com/v1/matches/282769,282769,202401,Lyon O.U.,home,9,229647,Martin Page-Relo,scrum half,starter
https://rugby-union-feeds.incrowdsports.com/v1/matches/282769,282769,202401,Lyon O.U.,home,11,174318,Monty Ioane,left wing,starter
https://rugby-union-feeds.incrowdsports.com/v1/matches/282769,282769,202401,Lyon O.U.,home,22,143950,Semi Radradra,sub 7,replacement
https://rugby-union-feeds.incrowdsports.com/v1/matches/282769,282769,202401,Lyon O.U.,home,5,165041,Alban Roussel,second row,starter
https://rugby-union-feeds.incrowdsports.com/v1/matches/282769,282769,202401,Lyon O.U.,home,18,134034,Jermaine Ainsley,sub 3,replacement
https://rugby-union-feeds.incrowdsports.com/v1/matches/282769,282769,202401,Lyon O.U.,home,17,146999,Hamza Kaabeche,sub 2,replacement
https://rugby-union-feeds.incrowdsports.com/v1/matches/282769,282769,202401,Lyon O.U.,home,3,138005,Cedate Gomes Sa,tighthead prop,starter
https://rugby-union-feeds.incrowdsports.com/v1/matches/282769,282769,202401,Lyon O.U.,home,10,158838,Léo Berdeu,fly half,starter
https://rugby-union-feeds.incrowdsports.com/v1/matches/282769,282769,202401,Lyon O.U.,home,6,189910,Dylan Cretin,flanker,starter
https://rugby-union-feeds.incrowdsports.com/v1/matches/282769,282769,202401,Lyon O.U.,home,20,163743,Arno Botha,sub 5,replacement
https://rugby-union-feeds.incrowdsports.com/v1/matches/282769,282769,202401,Lyon O.U.,home,13,223422,Josiah Maraku,outside centre,starter
https://rugby-union-feeds.incrowdsports.com/v1/matches/282769,282769,202401,Lyon O.U.,home,12,203198,Theo Millet,inside centre,starter
https://rugby-union-feeds.incrowdsports.com/v1/matches/282769,282769,202401,Lyon O.U.,home,2,171709,Sam Matavesi,hooker,starter
https://rugby-union-feeds.incrowdsports.com/v1/matches/282769,282769,202401,Toyota Cheetahs,away,7,134756,Friedle Olivier,flanker,starter
https://rugby-union-feeds.incrowdsports.com/v1/matches/282769,282769,202401,Toyota Cheetahs,away,17,121601,Corne Fourie,sub 2,replacement
https://rugby-union-feeds.incrowdsports.com/v1/matches/282769,282769,202401,Toyota Cheetahs,away,10,229953,Franco Smith,fly half,starter
https://rugby-union-feeds.incrowdsports.com/v1/matches/282769,282769,202401,Toyota Cheetahs,away,12,119430,Ali Mgijima,inside centre,starter
https://rugby-union-feeds.incrowdsports.com/v1/matches/282769,282769,202401,Toyota Cheetahs,away,9,144651,Ruben de Haas,scrum half,starter
https://rugby-union-feeds.incrowdsports.com/v1/matches/282769,282769,202401,Toyota Cheetahs,away,1,146316,Hencus van Wyk,loosehead prop,starter
https://rugby-union-feeds.incrowdsports.com/v1/matches/282769,282769,202401,Toyota Cheetahs,away,3,177263,Aranos Coetzee,tighthead prop,starter
https://rugby-union-feeds.incrowdsports.com/v1/matches/282769,282769,202401,Toyota Cheetahs,away,6,132560,Daniel Maartens,flanker,starter
https://rugby-union-feeds.incrowdsports.com/v1/matches/282769,282769,202401,Toyota Cheetahs,away,15,237357,Cohen Jasper,full back,starter
https://rugby-union-feeds.incrowdsports.com/v1/matches/282769,282769,202401,Toyota Cheetahs,away,2,189358,Louis van der Westhuizen,hooker,starter
https://rugby-union-feeds.incrowdsports.com/v1/matches/282769,282769,202401,Toyota Cheetahs,away,16,245741,Vernon Paulo,sub 1,replacement
https://rugby-union-feeds.incrowdsports.com/v1/matches/282769,282769,202401,Toyota Cheetahs,away,13,220210,CJ Coetzee,outside centre,starter
https://rugby-union-feeds.incrowdsports.com/v1/matches/282769,282769,202401,Toyota Cheetahs,away,4,108372,Pieter Jansen van Vuren,second row,starter
https://rugby-union-feeds.incrowdsports.com/v1/matches/282769,282769,202401,Toyota Cheetahs,away,23,185970,Litha Nkula,sub 8,replacement
https://rugby-union-feeds.incrowdsports.com/v1/matches/282769,282769,202401,Toyota Cheetahs,away,18,245272,Laurence Victor,sub 3,replacement
https://rugby-union-feeds.incrowdsports.com/v1/matches/282769,282769,202401,Toyota Cheetahs,away,20,251544,Sisonke Vumazonke,sub 5,replacement
https://rugby-union-feeds.incrowdsports.com/v1/matches/282769,282769,202401,Toyota Cheetahs,away,14,240022,Munier Hartzenberg,right wing,starter
https://rugby-union-feeds.incrowdsports.com/v1/matches/282769,282769,202401,Toyota Cheetahs,away,8,121944,Jeandre Rudolph,number eight,starter
https://rugby-union-feeds.incrowdsports.com/v1/matches/282769,282769,202401,Toyota Cheetahs,away,22,252502,Jandre Nel,sub 7,replacement
https://rugby-union-feeds.incrowdsports.com/v1/matches/282769,282769,202401,Toyota Cheetahs,away,5,117465,Victor Sekekete,second row,starter
https://rugby-union-feeds.incrowdsports.com/v1/matches/282769,282769,202401,Toyota Cheetahs,away,11,146847,Prince Nkabinde,left wing,starter
https://rugby-union-feeds.incrowdsports.com/v1/matches/282769,282769,202401,Toyota Cheetahs,away,21,243807,Neels Volschenk,sub 6,replacement
https://rugby-union-feeds.incrowdsports.com/v1/matches/282769,282769,202401,Toyota Cheetahs,away,19,252029,Pierre-Raymond Uys,sub 4,replacement
https://rugby-union-feeds.incrowdsports.com/v1/matches/282770,282770,202401,Edinburgh Rugby,home,16,141860,Ewan Ashman,sub 1,replacement
https://rugby-union-feeds.incrowdsports.com/v1/matches/282770,282770,202401,Edinburgh Rugby,home,22,184258,Ross Thompson,sub 7,replacement
https://rugby-union-feeds.incrowdsports.com/v1/matches/282770,282770,202401,Edinburgh Rugby,home,13,150632,Matt Currie,outside centre,starter
https://rugby-union-feeds.incrowdsports.com/v1/matches/282770,282770,202401,Edinburgh Rugby,home,21,161477,Ali Price,sub 6,replacement
https://rugby-union-feeds.incrowdsports.com/v1/matches/282770,282770,202401,Edinburgh Rugby,home,1,196773,Pierre Schoeman,loosehead prop,starter
https://rugby-union-feeds.incrowdsports.com/v1/matches/282770,282770,202401,Edinburgh Rugby,home,8,156550,Magnus Bradbury,number eight,starter
https://rugby-union-feeds.incrowdsports.com/v1/matches/282770,282770,202401,Edinburgh Rugby,home,4,182313,Marshall Sykes,second row,starter
https://rugby-union-feeds.incrowdsports.com/v1/matches/282770,282770,202401,Edinburgh Rugby,home,10,225774,Ben Healy,fly half,starter
https://rugby-union-feeds.incrowdsports.com/v1/matches/282770,282770,202401,Edinburgh Rugby,home,20,184653,Hamish Watson,sub 5,replacement
https://rugby-union-feeds.incrowdsports.com/v1/matches/282770,282770,202401,Edinburgh Rugby,home,12,217844,James Lang,inside centre,starter
https://rugby-union-feeds.incrowdsports.com/v1/matches/282770,282770,202401,Edinburgh Rugby,home,11,253588,Lewis Wells,left wing,starter
https://rugby-union-feeds.incrowdsports.com/v1/matches/282770,282770,202401,Edinburgh Rugby,home,18,208595,Javan Sebastian,sub 3,replacement
https://rugby-union-feeds.incrowdsports.com/v1/matches/282770,282770,202401,Edinburgh Rugby,home,17,169560,Boan Venter,sub 2,replacement
https://rugby-union-feeds.incrowdsports.com/v1/matches/282770,282770,202401,Edinburgh Rugby,home,19,120984,Glen Young,sub 4,replacement
https://rugby-union-feeds.incrowdsports.com/v1/matches/282770,282770,202401,Edinburgh Rugby,home,14,164150,Darcy Graham,right wing,starter
https://rugby-union-feeds.incrowdsports.com/v1/matches/282770,282770,202401,Edinburgh Rugby,home,9,189686,Charlie Shiel,scrum half,starter
https://rugby-union-feeds.incrowdsports.com/v1/matches/282770,282770,202401,Edinburgh Rugby,home,3,144726,Paul Hill,tighthead prop,starter
https://rugby-union-feeds.incrowdsports.com/v1/matches/282770,282770,202401,Edinburgh Rugby,home,5,126711,Sam Skinner,second row,starter
https://rugby-union-feeds.incrowdsports.com/v1/matches/282770,282770,202401,Edinburgh Rugby,home,15,100826,Wes Goosen,full back,starter
https://rugby-union-feeds.incrowdsports.com/v1/matches/282770,282770,202401,Edinburgh Rugby,home,2,233243,Paddy Harrison,hooker,starter
https://rugby-union-feeds.incrowdsports.com/v1/matches/282770,282770,202401,Edinburgh Rugby,home,7,108441,Luke Crosbie,flanker,starter
https://rugby-union-feeds.incrowdsports.com/v1/matches/282770,282770,202401,Edinburgh Rugby,home,23,242778,Mosese Tuipulotu,sub 8,replacement
https://rugby-union-feeds.incrowdsports.com/v1/matches/282770,282770,202401,Edinburgh Rugby,home,6,142944,Tom Dodd,flanker,starter
https://rugby-union-feeds.incrowdsports.com/v1/matches/282770,282770,202401,Black Lion,away,11,237092,Shalva Aptsiauri,left wing,starter
https://rugby-union-feeds.incrowdsports.com/v1/matches/282770,282770,202401,Black Lion,away,17,165281,Nika Khatiashvili,sub 2,replacement
https://rugby-union-feeds.incrowdsports.com/v1/matches/282770,282770,202401,Black Lion,away,15,246024,Luka Tsirekidze,full back,starter
https://rugby-union-feeds.incrowdsports.com/v1/matches/282770,282770,202401,Black Lion,away,20,124998,Demuri Epremidze,sub 5,replacement
https://rugby-union-feeds.incrowdsports.com/v1/matches/282770,282770,202401,Black Lion,away,5,237100,Guram Ganiashvili,second row,starter
https://rugby-union-feeds.incrowdsports.com/v1/matches/282770,282770,202401,Black Lion,away,19,205195,Lado Chachanidze,sub 4,replacement
https://rugby-union-feeds.incrowdsports.com/v1/matches/282770,282770,202401,Black Lion,away,10,238506,Luka Matkava,fly half,starter
https://rugby-union-feeds.incrowdsports.com/v1/matches/282770,282770,202401,Black Lion,away,2,122604,Shalva Mamukashvili,hooker,starter
https://rugby-union-feeds.incrowdsports.com/v1/matches/282770,282770,202401,Black Lion,away,7,100172,Mikheil Gachechiladze,flanker,starter
https://rugby-union-feeds.incrowdsports.com/v1/matches/282770,282770,202401,Black Lion,away,23,195465,Sandro Todua,sub 8,replacement
https://rugby-union-feeds.incrowdsports.com/v1/matches/282770,282770,202401,Black Lion,away,22,253552,Amiran Shvangiradze,sub 7,replacement
https://rugby-union-feeds.incrowdsports.com/v1/matches/282770,282770,202401,Black Lion,away,4,147024,Mikheil Babunashvili,second row,starter
https://rugby-union-feeds.incrowdsports.com/v1/matches/282770,282770,202401,Black Lion,away,9,238516,Tengiz Peranidze,scrum half,starter
https://rugby-union-feeds.incrowdsports.com/v1/matches/282770,282770,202401,Black Lion,away,13,237105,Tornike Kakhoidze,outside centre,starter
https://rugby-union-feeds.incrowdsports.com/v1/matches/282770,282770,202401,Black Lion,away,1,195383,Vasil Kakovin,loosehead prop,starter
https://rugby-union-feeds.incrowdsports.com/v1/matches/282770,282770,202401,Black Lion,away,14,161398,Akaki Tabutsadze,right wing,starter
https://rugby-union-feeds.incrowdsports.com/v1/matches/282770,282770,202401,Black Lion,away,18,243482,Giorgi Chkhartishvili,sub 3,replacement
https://rugby-union-feeds.incrowdsports.com/v1/matches/282770,282770,202401,Black Lion,away,6,160282,Sandro Mamamtavrishvili,flanker,starter
https://rugby-union-feeds.incrowdsports.com/v1/matches/282770,282770,202401,Black Lion,away,12,241727,Ioane Metreveli,inside centre,starter
https://rugby-union-feeds.incrowdsports.com/v1/matches/282770,282770,202401,Black Lion,away,8,238494,Luka Ivanishvili,number eight,starter
https://rugby-union-feeds.incrowdsports.com/v1/matches/282770,282770,202401,Black Lion,away,16,126080,Irakli Kvatadze,sub 1,replacement
https://rugby-union-feeds.incrowdsports.com/v1/matches/282770,282770,202401,Black Lion,away,3,249693,Bachuki Tchumbadze,tighthead prop,starter
https://rugby-union-feeds.incrowdsports.com/v1/matches/282770,282770,202401,Black Lion,away,21,241725,Davit Khuroshvili,sub 6,replacement
https://rugby-union-feeds.incrowdsports.com/v1/matches/282771,282771,202401,Bayonne,home,14,151715,Nadir Megdoud,right wing,starter
https://rugby-union-feeds.incrowdsports.com/v1/matches/282771,282771,202401,Bayonne,home,18,224930,Pascal Cotet,sub 3,replacement
https://rugby-union-feeds.incrowdsports.com/v1/matches/282771,282771,202401,Bayonne,home,1,237160,Martin Villar,loosehead prop,starter
https://rugby-union-feeds.incrowdsports.com/v1/matches/282771,282771,202401,Bayonne,home,9,212775,Baptiste Germain,scrum half,starter
https://rugby-union-feeds.incrowdsports.com/v1/matches/282771,282771,202401,Bayonne,home,7,118665,Baptiste Heguy,flanker,starter
https://rugby-union-feeds.incrowdsports.com/v1/matches/282771,282771,202401,Bayonne,home,22,111595,Joris Segonds,sub 7,replacement
https://rugby-union-feeds.incrowdsports.com/v1/matches/282771,282771,202401,Bayonne,home,16,178446,Facundo Bosch,sub 1,replacement
https://rugby-union-feeds.incrowdsports.com/v1/matches/282771,282771,202401,Bayonne,home,5,207506,Lucas Paulos,second row,starter
https://rugby-union-feeds.incrowdsports.com/v1/matches/282771,282771,202401,Bayonne,home,10,166482,Camille Lopez,fly half,starter
https://rugby-union-feeds.incrowdsports.com/v1/matches/282771,282771,202401,Bayonne,home,6,249905,Noa Traversier,flanker,starter
https://rugby-union-feeds.incrowdsports.com/v1/matches/282771,282771,202401,Bayonne,home,19,214737,Alex Moon,sub 4,replacement
https://rugby-union-feeds.incrowdsports.com/v1/matches/282771,282771,202401,Bayonne,home,4,205212,Denis Marchois,second row,starter
https://rugby-union-feeds.incrowdsports.com/v1/matches/282771,282771,202401,Bayonne,home,13,196827,Guillaume Martocq,outside centre,starter
https://rugby-union-feeds.incrowdsports.com/v1/matches/282771,282771,202401,Bayonne,home,23,111321,Cheikh Tiberghien,sub 8,replacement
https://rugby-union-feeds.incrowdsports.com/v1/matches/282771,282771,202401,Bayonne,home,15,243258,Tom Spring,full back,starter
https://rugby-union-feeds.incrowdsports.com/v1/matches/282771,282771,202401,Bayonne,home,12,125052,Federico Mori,inside centre,starter
https://rugby-union-feeds.incrowdsports.com/v1/matches/282771,282771,202401,Bayonne,home,3,154521,Pieter Scholtz,tighthead prop,starter
https://rugby-union-feeds.incrowdsports.com/v1/matches/282771,282771,202401,Bayonne,home,17,140633,Swan Cormenier,sub 2,replacement
https://rugby-union-feeds.incrowdsports.com/v1/matches/282771,282771,202401,Bayonne,home,20,209785,Giovanni Habel-Kuffner,sub 5,replacement
https://rugby-union-feeds.incrowdsports.com/v1/matches/282771,282771,202401,Bayonne,home,21,156922,Guillaume Rouet,sub 6,replacement
https://rugby-union-feeds.incrowdsports.com/v1/matches/282771,282771,202401,Bayonne,home,2,229854,Lucas Martin,hooker,starter
https://rugby-union-feeds.incrowdsports.com/v1/matches/282771,282771,202401,Bayonne,home,11,244157,Arnaud Erbinartegaray,left wing,starter
https://rugby-union-feeds.incrowdsports.com/v1/matches/282771,282771,202401,Bayonne,home,8,166750,Uzair Cassiem,number eight,starter
https://rugby-union-feeds.incrowdsports.com/v1/matches/282771,282771,202401,Gloucester Rugby,away,14,207812,Louis Hillman-Cooper,right wing,starter
https://rugby-union-feeds.incrowdsports.com/v1/matches/282771,282771,202401,Gloucester Rugby,away,19,253378,Deian Gwynne,sub 4,replacement
https://rugby-union-feeds.incrowdsports.com/v1/matches/282771,282771,202401,Gloucester Rugby,away,21,201697,Caolan Englefield,sub 6,replacement
https://rugby-union-feeds.incrowdsports.com/v1/matches/282771,282771,202401,Gloucester Rugby,away,22,239425,Rory Taylor,sub 7,replacement
https://rugby-union-feeds.incrowdsports.com/v1/matches/282771,282771,202401,Gloucester Rugby,away,5,120165,Cameron Jordan,second row,starter
https://rugby-union-feeds.incrowdsports.com/v1/matches/282771,282771,202401,Gloucester Rugby,away,3,220293,Alfie Petch,tighthead prop,starter
https://rugby-union-feeds.incrowdsports.com/v1/matches/282771,282771,202401,Gloucester Rugby,away,9,117545,Charlie Chapman,scrum half,starter
https://rugby-union-feeds.incrowdsports.com/v1/matches/282771,282771,202401,Gloucester Rugby,away,23,244523,Jack Cotgreave,sub 8,replacement
https://rugby-union-feeds.incrowdsports.com/v1/matches/282771,282771,202401,Gloucester Rugby,away,10,123243,Charlie Atkinson,fly half,starter
https://rugby-union-feeds.incrowdsports.com/v1/matches/282771,282771,202401,Gloucester Rugby,away,7,137423,Harry Taylor,flanker,starter
https://rugby-union-feeds.incrowdsports.com/v1/matches/282771,282771,202401,Gloucester Rugby,away,13,112368,Will Butler,outside centre,starter
https://rugby-union-feeds.incrowdsports.com/v1/matches/282771,282771,202401,Gloucester Rugby,away,2,157389,Morgan Nelson,hooker,starter
https://rugby-union-feeds.incrowdsports.com/v1/matches/282771,282771,202401,Gloucester Rugby,away,4,203694,Freddie Clarke,second row,starter
https://rugby-union-feeds.incrowdsports.com/v1/matches/282771,282771,202401,Gloucester Rugby,away,8,185102,Albert Tuisue,number eight,starter
https://rugby-union-feeds.incrowdsports.com/v1/matches/282771,282771,202401,Gloucester Rugby,away,15,133265,George Barton,full back,starter
https://rugby-union-feeds.incrowdsports.com/v1/matches/282771,282771,202401,Gloucester Rugby,away,17,147089,Archie McArthur,sub 2,replacement
https://rugby-union-feeds.incrowdsports.com/v1/matches/282771,282771,202401,Gloucester Rugby,away,11,176050,Jacob Morris,left wing,starter
https://rugby-union-feeds.incrowdsports.com/v1/matches/282771,282771,202401,Gloucester Rugby,away,12,239578,Max Knight,inside centre,starter
https://rugby-union-feeds.incrowdsports.com/v1/matches/282771,282771,202401,Gloucester Rugby,away,16,122972,Jack Singleton,sub 1,replacement
https://rugby-union-feeds.incrowdsports.com/v1/matches/282771,282771,202401,Gloucester Rugby,away,1,155487,Jamal Ford-Robinson,loosehead prop,starter
https://rugby-union-feeds.incrowdsports.com/v1/matches/282771,282771,202401,Gloucester Rugby,away,6,244287,Danny Eite,flanker,starter
https://rugby-union-feeds.incrowdsports.com/v1/matches/282771,282771,202401,Gloucester Rugby,away,18,129823,Jono Benz-Salomon,sub 3,replacement
https://rugby-union-feeds.incrowdsports.com/v1/matches/282771,282771,202401,Gloucester Rugby,away,20,244925,Caio James,sub 5,replacement
https://rugby-union-feeds.incrowdsports.com/v1/matches/282772,282772,202401,Zebre Parma,home,9,238019,Thomas Dominguez,scrum half,starter
https://rugby-union-feeds.incrowdsports.com/v1/matches/282772,282772,202401,Zebre Parma,home,1,236610,Luca Rizzoli,loosehead prop,starter
https://rugby-union-feeds.incrowdsports.com/v1/matches/282772,282772,202401,Zebre Parma,home,23,241762,Alessandro Gesi,sub 8,replacement
https://rugby-union-feeds.incrowdsports.com/v1/matches/282772,282772,202401,Zebre Parma,home,20,125411,Bautista Stavile Bravin,sub 5,replacement
https://rugby-union-feeds.incrowdsports.com/v1/matches/282772,282772,202401,Zebre Parma,home,14,146919,Jacopo Trulla,right wing,starter
https://rugby-union-feeds.incrowdsports.com/v1/matches/282772,282772,202401,Zebre Parma,home,7,142725,Jacopo Bianchi,flanker,starter
https://rugby-union-feeds.incrowdsports.com/v1/matches/282772,282772,202401,Zebre Parma,home,5,143500,Matteo Canali,second row,starter
https://rugby-union-feeds.incrowdsports.com/v1/matches/282772,282772,202401,Zebre Parma,home,22,165741,Giovanni Licata,sub 7,replacement
https://rugby-union-feeds.incrowdsports.com/v1/matches/282772,282772,202401,Zebre Parma,home,12,207699,Damiano Mazza,inside centre,starter
https://rugby-union-feeds.incrowdsports.com/v1/matches/282772,282772,202401,Zebre Parma,home,4,176436,Rusiate Nasove,second row,starter
https://rugby-union-feeds.incrowdsports.com/v1/matches/282772,282772,202401,Zebre Parma,home,21,178772,Gonzalo Garcia,sub 6,replacement
https://rugby-union-feeds.incrowdsports.com/v1/matches/282772,282772,202401,Zebre Parma,home,6,143185,Luca Andreani,flanker,starter
https://rugby-union-feeds.incrowdsports.com/v1/matches/282772,282772,202401,Zebre Parma,home,11,135541,Scott Gregory,left wing,starter
https://rugby-union-feeds.incrowdsports.com/v1/matches/282772,282772,202401,Zebre Parma,home,10,236598,Giovanni Montemauri,fly half,starter
https://rugby-union-feeds.incrowdsports.com/v1/matches/282772,282772,202401,Zebre Parma,home,3,211925,Juan Pitinari,tighthead prop,starter
https://rugby-union-feeds.incrowdsports.com/v1/matches/282772,282772,202401,Zebre Parma,home,8,236603,Giacomo Ferrari,number eight,starter
https://rugby-union-feeds.incrowdsports.com/v1/matches/282772,282772,202401,Zebre Parma,home,18,172284,Muhamed Hasa,sub 3,replacement
https://rugby-union-feeds.incrowdsports.com/v1/matches/282772,282772,202401,Zebre Parma,home,16,236602,Tommaso di Bartolomeo,sub 1,replacement
https://rugby-union-feeds.incrowdsports.com/v1/matches/282772,282772,202401,Zebre Parma,home,2,117630,Luca Bigi,hooker,starter
https://rugby-union-feeds.incrowdsports.com/v1/matches/282772,282772,202401,Zebre Parma,home,17,189407,Paolo Buonfiglio,sub 2,replacement
https://rugby-union-feeds.incrowdsports.com/v1/matches/282772,282772,202401,Zebre Parma,home,15,201405,Giacomo da Re,full back,starter
https://rugby-union-feeds.incrowdsports.com/v1/matches/282772,282772,202401,Zebre Parma,home,13,159614,Fetuli Paea,outside centre,starter
https://rugby-union-feeds.incrowdsports.com/v1/matches/282772,282772,202401,Zebre Parma,home,19,212413,Leonardo Krumov,sub 4,replacement
https://rugby-union-feeds.incrowdsports.com/v1/matches/282772,282772,202401,Perpignan,away,19,244548,Bastien Chinarro,sub 4,replacement
https://rugby-union-feeds.incrowdsports.com/v1/matches/282772,282772,202401,Perpignan,away,15,229634,Antoine Aucagne,full back,starter
https://rugby-union-feeds.incrowdsports.com/v1/matches/282772,282772,202401,Perpignan,away,6,240578,Noe Della Schiava,flanker,starter
https://rugby-union-feeds.incrowdsports.com/v1/matches/282772,282772,202401,Perpignan,away,12,136808,Apisai Naqalevu,inside centre,starter
https://rugby-union-feeds.incrowdsports.com/v1/matches/282772,282772,202401,Perpignan,away,3,216038,Nemo Roelofse,tighthead prop,starter
https://rugby-union-feeds.incrowdsports.com/v1/matches/282772,282772,202401,Perpignan,away,7,101705,Patrick Sobela,flanker,starter
https://rugby-union-feeds.incrowdsports.com/v1/matches/282772,282772,202401,Perpignan,away,16,251178,Mathys Lotrian,sub 1,replacement
https://rugby-union-feeds.incrowdsports.com/v1/matches/282772,282772,202401,Perpignan,away,23,140681,Jean-Pascal Barraque,sub 8,replacement
https://rugby-union-feeds.incrowdsports.com/v1/matches/282772,282772,202401,Perpignan,away,13,120011,Riko Buliruarua,outside centre,starter
https://rugby-union-feeds.incrowdsports.com/v1/matches/282772,282772,202401,Perpignan,away,2,233161,Victor Montgaillard,hooker,starter
https://rugby-union-feeds.incrowdsports.com/v1/matches/282772,282772,202401,Perpignan,away,18,229673,Akato Fakatika,sub 3,replacement
https://rugby-union-feeds.incrowdsports.com/v1/matches/282772,282772,202401,Perpignan,away,22,250089,Job Poulet,sub 7,replacement
https://rugby-union-feeds.incrowdsports.com/v1/matches/282772,282772,202401,Perpignan,away,4,211983,Marvin Orie,second row,starter
https://rugby-union-feeds.incrowdsports.com/v1/matches/282772,282772,202401,Perpignan,away,10,155444,Jake McIntyre,fly half,starter
https://rugby-union-feeds.incrowdsports.com/v1/matches/282772,282772,202401,Perpignan,away,20,120145,Lucas Bachelier,sub 5,replacement
https://rugby-union-feeds.incrowdsports.com/v1/matches/282772,282772,202401,Perpignan,away,21,116177,James Hall,sub 6,replacement
https://rugby-union-feeds.incrowdsports.com/v1/matches/282772,282772,202401,Perpignan,away,5,179698,Mathieu Tanguy,second row,starter
https://rugby-union-feeds.incrowdsports.com/v1/matches/282772,282772,202401,Perpignan,away,14,240572,Jefferson Joseph,right wing,starter
https://rugby-union-feeds.incrowdsports.com/v1/matches/282772,282772,202401,Perpignan,away,17,201276,Giorgi Beria,sub 2,replacement
https://rugby-union-feeds.incrowdsports.com/v1/matches/282772,282772,202401,Perpignan,away,11,254619,Seta Toganiyadrava,left wing,starter
https://rugby-union-feeds.incrowdsports.com/v1/matches/282772,282772,202401,Perpignan,away,1,148825,Bruce Devaux,loosehead prop,starter
https://rugby-union-feeds.incrowdsports.com/v1/matches/282772,282772,202401,Perpignan,away,8,236608,Alessandro Ortombina,number eight,starter
https://rugby-union-feeds.incrowdsports.com/v1/matches/282772,282772,202401,Perpignan,away,9,160800,Gela Aprasidze,scrum half,starter
https://rugby-union-feeds.incrowdsports.com/v1/matches/282775,282775,202401,Edinburgh Rugby,home,23,251364,Jack Brown,sub 8,replacement
https://rugby-union-feeds.incrowdsports.com/v1/matches/282775,282775,202401,Edinburgh Rugby,home,16,141860,Ewan Ashman,sub 1,replacement
https://rugby-union-feeds.incrowdsports.com/v1/matches/282775,282775,202401,Edinburgh Rugby,home,10,184258,Ross Thompson,fly half,starter
https://rugby-union-feeds.incrowdsports.com/v1/matches/282775,282775,202401,Edinburgh Rugby,home,2,129286,Dave Cherry,hooker,starter
https://rugby-union-feeds.incrowdsports.com/v1/matches/282775,282775,202401,Edinburgh Rugby,home,13,150632,Matt Currie,outside centre,starter
https://rugby-union-feeds.incrowdsports.com/v1/matches/282775,282775,202401,Edinburgh Rugby,home,5,156101,Grant Gilchrist,second row,starter
https://rugby-union-feeds.incrowdsports.com/v1/matches/282775,282775,202401,Edinburgh Rugby,home,21,161477,Ali Price,sub 6,replacement
https://rugby-union-feeds.incrowdsports.com/v1/matches/282775,282775,202401,Edinburgh Rugby,home,1,196773,Pierre Schoeman,loosehead prop,starter
https://rugby-union-feeds.incrowdsports.com/v1/matches/282775,282775,202401,Edinburgh Rugby,home,8,156550,Magnus Bradbury,number eight,starter
https://rugby-union-feeds.incrowdsports.com/v1/matches/282775,282775,202401,Edinburgh Rugby,home,11,190601,Ross McCann,left wing,starter
https://rugby-union-feeds.incrowdsports.com/v1/matches/282775,282775,202401,Edinburgh Rugby,home,9,150957,Ben Vellacott,scrum half,starter
https://rugby-union-feeds.incrowdsports.com/v1/matches/282775,282775,202401,Edinburgh Rugby,home,7,184653,Hamish Watson,flanker,starter
https://rugby-union-feeds.incrowdsports.com/v1/matches/282775,282775,202401,Edinburgh Rugby,home,6,187982,Jamie Ritchie,flanker,starter
https://rugby-union-feeds.incrowdsports.com/v1/matches/282775,282775,202401,Edinburgh Rugby,home,12,217844,James Lang,inside centre,starter
https://rugby-union-feeds.incrowdsports.com/v1/matches/282775,282775,202401,Edinburgh Rugby,home,3,208595,Javan Sebastian,tighthead prop,starter
https://rugby-union-feeds.incrowdsports.com/v1/matches/282775,282775,202401,Edinburgh Rugby,home,17,169560,Boan Venter,sub 2,replacement
https://rugby-union-feeds.incrowdsports.com/v1/matches/282775,282775,202401,Edinburgh Rugby,home,20,250743,Freddy Douglas,sub 5,replacement
https://rugby-union-feeds.incrowdsports.com/v1/matches/282775,282775,202401,Edinburgh Rugby,home,19,120984,Glen Young,sub 4,replacement
https://rugby-union-feeds.incrowdsports.com/v1/matches/282775,282775,202401,Edinburgh Rugby,home,14,164150,Darcy Graham,right wing,starter
https://rugby-union-feeds.incrowdsports.com/v1/matches/282775,282775,202401,Edinburgh Rugby,home,4,126711,Sam Skinner,second row,starter
https://rugby-union-feeds.incrowdsports.com/v1/matches/282775,282775,202401,Edinburgh Rugby,home,15,100826,Wes Goosen,full back,starter
https://rugby-union-feeds.incrowdsports.com/v1/matches/282775,282775,202401,Edinburgh Rugby,home,22,152156,Cammy Scott,sub 7,replacement
https://rugby-union-feeds.incrowdsports.com/v1/matches/282775,282775,202401,Edinburgh Rugby,home,18,176990,Angus Williams,sub 3,replacement
https://rugby-union-feeds.incrowdsports.com/v1/matches/282775,282775,202401,Emirates Lions,away,8,173411,Francke Horn,number eight,starter
https://rugby-union-feeds.incrowdsports.com/v1/matches/282775,282775,202401,Emirates Lions,away,20,159235,Siba Qoma,sub 5,replacement
https://rugby-union-feeds.incrowdsports.com/v1/matches/282775,282775,202401,Emirates Lions,away,7,240001,Ruan Venter,flanker,starter
https://rugby-union-feeds.incrowdsports.com/v1/matches/282775,282775,202401,Emirates Lions,away,12,194343,Rynhardt Jonker,inside centre,starter
https://rugby-union-feeds.incrowdsports.com/v1/matches/282775,282775,202401,Emirates Lions,away,1,246823,SJ Kotze,loosehead prop,starter
https://rugby-union-feeds.incrowdsports.com/v1/matches/282775,282775,202401,Emirates Lions,away,16,176872,Jaco Visagie,sub 1,replacement
https://rugby-union-feeds.incrowdsports.com/v1/matches/282775,282775,202401,Emirates Lions,away,10,154411,Gianni Lombard,fly half,starter
https://rugby-union-feeds.incrowdsports.com/v1/matches/282775,282775,202401,Emirates Lions,away,5,162251,Darrien Landsberg,second row,starter
https://rugby-union-feeds.incrowdsports.com/v1/matches/282775,282775,202401,Emirates Lions,away,3,223242,Asenathi Ntlabakanye,tighthead prop,starter
https://rugby-union-feeds.incrowdsports.com/v1/matches/282775,282775,202401,Emirates Lions,away,19,236713,Izan Esterhuizen,sub 4,replacement
https://rugby-union-feeds.incrowdsports.com/v1/matches/282775,282775,202401,Emirates Lions,away,11,204878,Edwill van der Merwe,left wing,starter
https://rugby-union-feeds.incrowdsports.com/v1/matches/282775,282775,202401,Emirates Lions,away,9,191534,Morne van den Berg,scrum half,starter
https://rugby-union-feeds.incrowdsports.com/v1/matches/282775,282775,202401,Emirates Lions,away,2,162483,Franco Marais,hooker,starter
https://rugby-union-feeds.incrowdsports.com/v1/matches/282775,282775,202401,Emirates Lions,away,4,216340,Ruben Schoeman,second row,starter
https://rugby-union-feeds.incrowdsports.com/v1/matches/282775,282775,202401,Emirates Lions,away,17,223187,Juan Schoeman,sub 2,replacement
https://rugby-union-feeds.incrowdsports.com/v1/matches/282775,282775,202401,Emirates Lions,away,15,236722,Quan Horn,full back,starter
https://rugby-union-feeds.incrowdsports.com/v1/matches/282775,282775,202401,Emirates Lions,away,22,124154,JC Pretorius,sub 7,replacement
https://rugby-union-feeds.incrowdsports.com/v1/matches/282775,282775,202401,Emirates Lions,away,21,237083,Nico Steyn,sub 6,replacement
https://rugby-union-feeds.incrowdsports.com/v1/matches/282775,282775,202401,Emirates Lions,away,6,239993,Jarod Cairns,flanker,starter
https://rugby-union-feeds.incrowdsports.com/v1/matches/282775,282775,202401,Emirates Lions,away,18,252480,RF Schoeman,sub 3,replacement
https://rugby-union-feeds.incrowdsports.com/v1/matches/282775,282775,202401,Emirates Lions,away,14,157600,Richard Kriel,right wing,starter
https://rugby-union-feeds.incrowdsports.com/v1/matches/282775,282775,202401,Emirates Lions,away,13,100317,Manuel Rass,outside centre,starter
https://rugby-union-feeds.incrowdsports.com/v1/matches/282775,282775,202401,Emirates Lions,away,23,165469,Marius Louw,sub 8,replacement
https://rugby-union-feeds.incrowdsports.com/v1/matches/282779,282779,202401,Pau,home,5,122465,Lekima Tagitagivalu,second row,starter
https://rugby-union-feeds.incrowdsports.com/v1/matches/282779,282779,202401,Pau,home,21,160935,Reece Hewat,sub 6,replacement
https://rugby-union-feeds.incrowdsports.com/v1/matches/282779,282779,202401,Pau,home,15,187237,Aymeric Luc,full back,starter
https://rugby-union-feeds.incrowdsports.com/v1/matches/282779,282779,202401,Pau,home,8,217446,Carwyn Tuipulotu,number eight,starter
https://rugby-union-feeds.incrowdsports.com/v1/matches/282779,282779,202401,Pau,home,18,180773,Siate Tokolahi,sub 3,replacement
https://rugby-union-feeds.incrowdsports.com/v1/matches/282779,282779,202401,Pau,home,23,170949,Tumua Manu,sub 8,replacement
https://rugby-union-feeds.incrowdsports.com/v1/matches/282779,282779,202401,Pau,home,11,223308,Aaron Grandidier Nkanang,left wing,starter
https://rugby-union-feeds.incrowdsports.com/v1/matches/282779,282779,202401,Pau,home,2,217100,Youri Delhommel,hooker,starter
https://rugby-union-feeds.incrowdsports.com/v1/matches/282779,282779,202401,Pau,home,6,209548,Joel Kpoku,flanker,starter
https://rugby-union-feeds.incrowdsports.com/v1/matches/282779,282779,202401,Pau,home,3,161452,Harry Williams,tighthead prop,starter
https://rugby-union-feeds.incrowdsports.com/v1/matches/282779,282779,202401,Pau,home,16,107148,Romain Ruffenach,sub 1,replacement
https://rugby-union-feeds.incrowdsports.com/v1/matches/282779,282779,202401,Pau,home,13,123691,Olivier Klemenczak,outside centre,starter
https://rugby-union-feeds.incrowdsports.com/v1/matches/282779,282779,202401,Pau,home,7,220112,Thibaut Hamonou,flanker,starter
https://rugby-union-feeds.incrowdsports.com/v1/matches/282779,282779,202401,Pau,home,1,153811,Ignacio David Calles,loosehead prop,starter
https://rugby-union-feeds.incrowdsports.com/v1/matches/282779,282779,202401,Pau,home,20,146867,Jimi Maximin,sub 5,replacement
https://rugby-union-feeds.incrowdsports.com/v1/matches/282779,282779,202401,Pau,home,12,250067,Fabien Brau-Boirie,inside centre,starter
https://rugby-union-feeds.incrowdsports.com/v1/matches/282779,282779,202401,Pau,home,17,244759,Hugo Parrou,sub 2,replacement
https://rugby-union-feeds.incrowdsports.com/v1/matches/282779,282779,202401,Pau,home,10,244533,Axel Desperes,fly half,starter
https://rugby-union-feeds.incrowdsports.com/v1/matches/282779,282779,202401,Pau,home,14,150876,Eliott Roudil,right wing,starter
https://rugby-union-feeds.incrowdsports.com/v1/matches/282779,282779,202401,Pau,home,22,197595,Dan Robson,sub 7,replacement
https://rugby-union-feeds.incrowdsports.com/v1/matches/282779,282779,202401,Pau,home,19,120507,Remi Picquette,sub 4,replacement
https://rugby-union-feeds.incrowdsports.com/v1/matches/282779,282779,202401,Pau,home,4,173503,Thomas Jolmes,second row,starter
https://rugby-union-feeds.incrowdsports.com/v1/matches/282779,282779,202401,Pau,home,9,250077,Thomas Souverbie,scrum half,starter
https://rugby-union-feeds.incrowdsports.com/v1/matches/282779,282779,202401,Bath Rugby,away,13,175011,Max Ojomoh,outside centre,starter
https://rugby-union-feeds.incrowdsports.com/v1/matches/282779,282779,202401,Bath Rugby,away,7,104322,Sam Underhill,flanker,starter
https://rugby-union-feeds.incrowdsports.com/v1/matches/282779,282779,202401,Bath Rugby,away,12,210178,Will Butt,inside centre,starter
https://rugby-union-feeds.incrowdsports.com/v1/matches/282779,282779,202401,Bath Rugby,away,3,187169,Archie Griffin,tighthead prop,starter
https://rugby-union-feeds.incrowdsports.com/v1/matches/282779,282779,202401,Bath Rugby,away,10,101123,Ciaran Donoghue,fly half,starter
https://rugby-union-feeds.incrowdsports.com/v1/matches/282779,282779,202401,Bath Rugby,away,18,137026,Kieran Verden,sub 3,replacement
https://rugby-union-feeds.incrowdsports.com/v1/matches/282779,282779,202401,Bath Rugby,away,21,156834,Tom Carr-Smith,sub 6,replacement
https://rugby-union-feeds.incrowdsports.com/v1/matches/282779,282779,202401,Bath Rugby,away,8,195208,Miles Reid,number eight,starter
https://rugby-union-feeds.incrowdsports.com/v1/matches/282779,282779,202401,Bath Rugby,away,14,179563,Joe Cokanasiga,right wing,starter
https://rugby-union-feeds.incrowdsports.com/v1/matches/282779,282779,202401,Bath Rugby,away,1,130283,Beno Obano,loosehead prop,starter
https://rugby-union-feeds.incrowdsports.com/v1/matches/282779,282779,202401,Bath Rugby,away,9,111662,Ben Spencer,scrum half,starter
https://rugby-union-feeds.incrowdsports.com/v1/matches/282779,282779,202401,Bath Rugby,away,11,160272,Will Muir,left wing,starter
https://rugby-union-feeds.incrowdsports.com/v1/matches/282779,282779,202401,Bath Rugby,away,16,243059,Kepu Tuipulotu,sub 1,replacement
https://rugby-union-feeds.incrowdsports.com/v1/matches/282779,282779,202401,Bath Rugby,away,2,225778,Tom Dunn,hooker,starter
https://rugby-union-feeds.incrowdsports.com/v1/matches/282779,282779,202401,Bath Rugby,away,20,184945,Ted Hill,sub 5,replacement
https://rugby-union-feeds.incrowdsports.com/v1/matches/282779,282779,202401,Bath Rugby,away,5,105205,Ross Molony,second row,starter
https://rugby-union-feeds.incrowdsports.com/v1/matches/282779,282779,202401,Bath Rugby,away,17,116821,Francois van Wyk,sub 2,replacement
https://rugby-union-feeds.incrowdsports.com/v1/matches/282779,282779,202401,Bath Rugby,away,19,217750,Ewan Richards,sub 4,replacement
https://rugby-union-feeds.incrowdsports.com/v1/matches/282779,282779,202401,Bath Rugby,away,15,112538,Ruaridh McConnochie,full back,starter
https://rugby-union-feeds.incrowdsports.com/v1/matches/282779,282779,202401,Bath Rugby,away,22,220475,Orlando Bailey,sub 7,replacement
https://rugby-union-feeds.incrowdsports.com/v1/matches/282779,282779,202401,Bath Rugby,away,23,155514,Jaco Coetzee,sub 8,replacement
https://rugby-union-feeds.incrowdsports.com/v1/matches/282779,282779,202401,Bath Rugby,away,4,203360,Quinn Roux,second row,starter
https://rugby-union-feeds.incrowdsports.com/v1/matches/282779,282779,202401,Bath Rugby,away,6,100192,Josh Bayliss,flanker,starter
https://rugby-union-feeds.incrowdsports.com/v1/matches/282778,282778,202401,Bayonne,home,14,151715,Nadir Megdoud,right wing,starter
https://rugby-union-feeds.incrowdsports.com/v1/matches/282778,282778,202401,Bayonne,home,17,237160,Martin Villar,sub 2,replacement
https://rugby-union-feeds.incrowdsports.com/v1/matches/282778,282778,202401,Bayonne,home,9,212775,Baptiste Germain,scrum half,starter
https://rugby-union-feeds.incrowdsports.com/v1/matches/282778,282778,202401,Bayonne,home,22,254574,Baptiste Tilloles,sub 7,replacement
https://rugby-union-feeds.incrowdsports.com/v1/matches/282778,282778,202401,Bayonne,home,20,207506,Lucas Paulos,sub 5,replacement
https://rugby-union-feeds.incrowdsports.com/v1/matches/282778,282778,202401,Bayonne,home,11,250833,Xan Mousques,left wing,starter
https://rugby-union-feeds.incrowdsports.com/v1/matches/282778,282778,202401,Bayonne,home,1,251505,Pierre Castillon,loosehead prop,starter
https://rugby-union-feeds.incrowdsports.com/v1/matches/282778,282778,202401,Bayonne,home,5,214737,Alex Moon,second row,starter
https://rugby-union-feeds.incrowdsports.com/v1/matches/282778,282778,202401,Bayonne,home,6,249905,Noa Traversier,flanker,starter
https://rugby-union-feeds.incrowdsports.com/v1/matches/282778,282778,202401,Bayonne,home,4,236696,Veikoso Poloniati,second row,starter
https://rugby-union-feeds.incrowdsports.com/v1/matches/282778,282778,202401,Bayonne,home,21,188821,Baptiste Chouzenoux,sub 6,replacement
https://rugby-union-feeds.incrowdsports.com/v1/matches/282778,282778,202401,Bayonne,home,3,229852,Tevita Tatafu,tighthead prop,starter
https://rugby-union-feeds.incrowdsports.com/v1/matches/282778,282778,202401,Bayonne,home,16,122042,Vincent Giudicelli,sub 1,replacement
https://rugby-union-feeds.incrowdsports.com/v1/matches/282778,282778,202401,Bayonne,home,19,205212,Denis Marchois,sub 4,replacement
https://rugby-union-feeds.incrowdsports.com/v1/matches/282778,282778,202401,Bayonne,home,15,111321,Cheikh Tiberghien,full back,starter
https://rugby-union-feeds.incrowdsports.com/v1/matches/282778,282778,202401,Bayonne,home,12,125052,Federico Mori,inside centre,starter
https://rugby-union-feeds.incrowdsports.com/v1/matches/282778,282778,202401,Bayonne,home,10,243258,Tom Spring,fly half,starter
https://rugby-union-feeds.incrowdsports.com/v1/matches/282778,282778,202401,Bayonne,home,7,135001,Rémi Bourdeau,flanker,starter
https://rugby-union-feeds.incrowdsports.com/v1/matches/282778,282778,202401,Bayonne,home,18,154521,Pieter Scholtz,sub 3,replacement
https://rugby-union-feeds.incrowdsports.com/v1/matches/282778,282778,202401,Bayonne,home,8,209785,Giovanni Habel-Kuffner,number eight,starter
https://rugby-union-feeds.incrowdsports.com/v1/matches/282778,282778,202401,Bayonne,home,23,157983,Aurélien Callandret,sub 8,replacement
https://rugby-union-feeds.incrowdsports.com/v1/matches/282778,282778,202401,Bayonne,home,2,229854,Lucas Martin,hooker,starter
https://rugby-union-feeds.incrowdsports.com/v1/matches/282778,282778,202401,Bayonne,home,13,244157,Arnaud Erbinartegaray,outside centre,starter
https://rugby-union-feeds.incrowdsports.com/v1/matches/282778,282778,202401,Vodacom Bulls,away,9,221220,Zak Burger,scrum half,starter
https://rugby-union-feeds.incrowdsports.com/v1/matches/282778,282778,202401,Vodacom Bulls,away,18,178659,Mornay Smith,sub 3,replacement
https://rugby-union-feeds.incrowdsports.com/v1/matches/282778,282778,202401,Vodacom Bulls,away,20,240452,Cameron Hanekom,sub 5,replacement
https://rugby-union-feeds.incrowdsports.com/v1/matches/282778,282778,202401,Vodacom Bulls,away,21,193699,Embrose Papier,sub 6,replacement
https://rugby-union-feeds.incrowdsports.com/v1/matches/282778,282778,202401,Vodacom Bulls,away,5,246819,JF van Heerden,second row,starter
https://rugby-union-feeds.incrowdsports.com/v1/matches/282778,282778,202401,Vodacom Bulls,away,8,211746,Marcell Coetzee,number eight,starter
https://rugby-union-feeds.incrowdsports.com/v1/matches/282778,282778,202401,Vodacom Bulls,away,11,229735,Stravino Jacobs,left wing,starter
https://rugby-union-feeds.incrowdsports.com/v1/matches/282778,282778,202401,Vodacom Bulls,away,14,171530,Sergeal Petersen,right wing,starter
https://rugby-union-feeds.incrowdsports.com/v1/matches/282778,282778,202401,Vodacom Bulls,away,19,225264,Ruan Nortje,sub 4,replacement
https://rugby-union-feeds.incrowdsports.com/v1/matches/282778,282778,202401,Vodacom Bulls,away,12,131501,Harold Vorster,inside centre,starter
https://rugby-union-feeds.incrowdsports.com/v1/matches/282778,282778,202401,Vodacom Bulls,away,13,107890,David Kriel,outside centre,starter
https://rugby-union-feeds.incrowdsports.com/v1/matches/282778,282778,202401,Vodacom Bulls,away,10,229812,Keagan Johannes,fly half,starter
https://rugby-union-feeds.incrowdsports.com/v1/matches/282778,282778,202401,Vodacom Bulls,away,23,135633,Stedman Gans,sub 8,replacement
https://rugby-union-feeds.incrowdsports.com/v1/matches/282778,282778,202401,Vodacom Bulls,away,7,148279,Jannes Kirsten,flanker,starter
https://rugby-union-feeds.incrowdsports.com/v1/matches/282778,282778,202401,Vodacom Bulls,away,4,236949,Reinhardt Ludwig,second row,starter
https://rugby-union-feeds.incrowdsports.com/v1/matches/282778,282778,202401,Vodacom Bulls,away,6,109783,Marco van Staden,flanker,starter
https://rugby-union-feeds.incrowdsports.com/v1/matches/282778,282778,202401,Vodacom Bulls,away,2,148123,Akker van der Merwe,hooker,starter
https://rugby-union-feeds.incrowdsports.com/v1/matches/282778,282778,202401,Vodacom Bulls,away,1,200474,Simphiwe Matanzima,loosehead prop,starter
https://rugby-union-feeds.incrowdsports.com/v1/matches/282778,282778,202401,Vodacom Bulls,away,16,229690,Jan-Hendrik Wessels,sub 1,replacement
https://rugby-union-feeds.incrowdsports.com/v1/matches/282778,282778,202401,Vodacom Bulls,away,17,220697,Alulutho Tshakweni,sub 2,replacement
https://rugby-union-feeds.incrowdsports.com/v1/matches/282778,282778,202401,Vodacom Bulls,away,22,225401,Johan Goosen,sub 7,replacement
https://rugby-union-feeds.incrowdsports.com/v1/matches/282778,282778,202401,Vodacom Bulls,away,15,158431,Devon Williams,full back,starter
https://rugby-union-feeds.incrowdsports.com/v1/matches/282778,282778,202401,Vodacom Bulls,away,3,165888,Wilco Louw,tighthead prop,starter
https://rugby-union-feeds.incrowdsports.com/v1/matches/282774,282774,202401,Montpellier,home,3,109220,Mohamed Haouas,tighthead prop,starter
https://rugby-union-feeds.incrowdsports.com/v1/matches/282774,282774,202401,Montpellier,home,8,142984,Billy Vunipola,number eight,starter
https://rugby-union-feeds.incrowdsports.com/v1/matches/282774,282774,202401,Montpellier,home,14,116135,Pierre Lucas,right wing,starter
https://rugby-union-feeds.incrowdsports.com/v1/matches/282774,282774,202401,Montpellier,home,11,134987,George Bridge,left wing,starter
https://rugby-union-feeds.incrowdsports.com/v1/matches/282774,282774,202401,Montpellier,home,6,244170,Lenni Nouchi,flanker,starter
https://rugby-union-feeds.incrowdsports.com/v1/matches/282774,282774,202401,Montpellier,home,22,233066,Auguste Cadot,sub 7,replacement
https://rugby-union-feeds.incrowdsports.com/v1/matches/282774,282774,202401,Montpellier,home,1,213609,Enzo Forletta,loosehead prop,starter
https://rugby-union-feeds.incrowdsports.com/v1/matches/282774,282774,202401,Montpellier,home,18,225289,Wilfrid Hounkpatin,sub 3,replacement
https://rugby-union-feeds.incrowdsports.com/v1/matches/282774,282774,202401,Montpellier,home,5,229264,Mahonri Ngakuru,second row,starter
https://rugby-union-feeds.incrowdsports.com/v1/matches/282774,282774,202401,Montpellier,home,13,193262,Thomas Darmon,outside centre,starter
https://rugby-union-feeds.incrowdsports.com/v1/matches/282774,282774,202401,Montpellier,home,19,242189,Nicolas Martins,sub 4,replacement
https://rugby-union-feeds.incrowdsports.com/v1/matches/282774,282774,202401,Montpellier,home,20,161907,Alex Becognee,sub 5,replacement
https://rugby-union-feeds.incrowdsports.com/v1/matches/282774,282774,202401,Montpellier,home,16,250834,Lyam Akrab,sub 1,replacement
https://rugby-union-feeds.incrowdsports.com/v1/matches/282774,282774,202401,Montpellier,home,9,184178,Leo Coly,scrum half,starter
https://rugby-union-feeds.incrowdsports.com/v1/matches/282774,282774,202401,Montpellier,home,21,238097,Martin Doan,sub 6,replacement
https://rugby-union-feeds.incrowdsports.com/v1/matches/282774,282774,202401,Montpellier,home,2,133687,Christopher Tolofua,hooker,starter
https://rugby-union-feeds.incrowdsports.com/v1/matches/282774,282774,202401,Montpellier,home,17,236888,Nika Abuladze,sub 2,replacement
https://rugby-union-feeds.incrowdsports.com/v1/matches/282774,282774,202401,Montpellier,home,10,244855,Hugo Reus,fly half,starter
https://rugby-union-feeds.incrowdsports.com/v1/matches/282774,282774,202401,Montpellier,home,7,139573,Sam Simmonds,flanker,starter
https://rugby-union-feeds.incrowdsports.com/v1/matches/282774,282774,202401,Montpellier,home,12,171478,Arthur Vincent,inside centre,starter
https://rugby-union-feeds.incrowdsports.com/v1/matches/282774,282774,202401,Montpellier,home,15,109818,Anthony Bouthier,full back,starter
https://rugby-union-feeds.incrowdsports.com/v1/matches/282774,282774,202401,Montpellier,home,4,141337,Florian Verhaeghe,second row,starter
https://rugby-union-feeds.incrowdsports.com/v1/matches/282774,282774,202401,Montpellier,home,23,103743,Thomas Vincent,sub 8,replacement
https://rugby-union-feeds.incrowdsports.com/v1/matches/282774,282774,202401,Gloucester Rugby,away,21,253378,Deian Gwynne,sub 6,replacement
https://rugby-union-feeds.incrowdsports.com/v1/matches/282774,282774,202401,Gloucester Rugby,away,9,201697,Caolan Englefield,scrum half,starter
https://rugby-union-feeds.incrowdsports.com/v1/matches/282774,282774,202401,Gloucester Rugby,away,4,120165,Cameron Jordan,second row,starter
https://rugby-union-feeds.incrowdsports.com/v1/matches/282774,282774,202401,Gloucester Rugby,away,6,113799,Jack Clement,flanker,starter
https://rugby-union-feeds.incrowdsports.com/v1/matches/282774,282774,202401,Gloucester Rugby,away,5,196875,Freddie Thomas,second row,starter
https://rugby-union-feeds.incrowdsports.com/v1/matches/282774,282774,202401,Gloucester Rugby,away,22,117545,Charlie Chapman,sub 7,replacement
https://rugby-union-feeds.incrowdsports.com/v1/matches/282774,282774,202401,Gloucester Rugby,away,14,166601,Christian Wade,right wing,starter
https://rugby-union-feeds.incrowdsports.com/v1/matches/282774,282774,202401,Gloucester Rugby,away,10,123243,Charlie Atkinson,fly half,starter
https://rugby-union-feeds.incrowdsports.com/v1/matches/282774,282774,202401,Gloucester Rugby,away,13,196656,Chris Harris,outside centre,starter
https://rugby-union-feeds.incrowdsports.com/v1/matches/282774,282774,202401,Gloucester Rugby,away,20,137423,Harry Taylor,sub 5,replacement
https://rugby-union-feeds.incrowdsports.com/v1/matches/282774,282774,202401,Gloucester Rugby,away,12,109648,Seb Atkinson,inside centre,starter
https://rugby-union-feeds.incrowdsports.com/v1/matches/282774,282774,202401,Gloucester Rugby,away,19,203694,Freddie Clarke,sub 4,replacement
https://rugby-union-feeds.incrowdsports.com/v1/matches/282774,282774,202401,Gloucester Rugby,away,23,112368,Will Butler,sub 8,replacement
https://rugby-union-feeds.incrowdsports.com/v1/matches/282774,282774,202401,Gloucester Rugby,away,8,191662,Ruan Ackermann,number eight,starter
https://rugby-union-feeds.incrowdsports.com/v1/matches/282774,282774,202401,Gloucester Rugby,away,1,189971,Ciaran Knight,loosehead prop,starter
https://rugby-union-feeds.incrowdsports.com/v1/matches/282774,282774,202401,Gloucester Rugby,away,3,201234,Kirill Gotovtsev,tighthead prop,starter
https://rugby-union-feeds.incrowdsports.com/v1/matches/282774,282774,202401,Gloucester Rugby,away,11,176050,Jacob Morris,left wing,starter
https://rugby-union-feeds.incrowdsports.com/v1/matches/282774,282774,202401,Gloucester Rugby,away,16,137490,Seb Blake,sub 1,replacement
https://rugby-union-feeds.incrowdsports.com/v1/matches/282774,282774,202401,Gloucester Rugby,away,7,209756,Lewis Ludlow,flanker,starter
https://rugby-union-feeds.incrowdsports.com/v1/matches/282774,282774,202401,Gloucester Rugby,away,2,122972,Jack Singleton,hooker,starter
https://rugby-union-feeds.incrowdsports.com/v1/matches/282774,282774,202401,Gloucester Rugby,away,18,239418,Afolabi Fasogbon,sub 3,replacement
https://rugby-union-feeds.incrowdsports.com/v1/matches/282774,282774,202401,Gloucester Rugby,away,17,155487,Jamal Ford-Robinson,sub 2,replacement
https://rugby-union-feeds.incrowdsports.com/v1/matches/282774,282774,202401,Gloucester Rugby,away,15,189982,Santiago Carreras,full back,starter
https://rugby-union-feeds.incrowdsports.com/v1/matches/282780,282780,202401,Perpignan,home,19,178723,Adrien Warion,sub 4,replacement
https://rugby-union-feeds.incrowdsports.com/v1/matches/282780,282780,202401,Perpignan,home,3,196513,Pietro Ceccarelli,tighthead prop,starter
https://rugby-union-feeds.incrowdsports.com/v1/matches/282780,282780,202401,Perpignan,home,13,136808,Apisai Naqalevu,outside centre,starter
https://rugby-union-feeds.incrowdsports.com/v1/matches/282780,282780,202401,Perpignan,home,22,248934,Valentin Delpy,sub 7,replacement
https://rugby-union-feeds.incrowdsports.com/v1/matches/282780,282780,202401,Perpignan,home,15,130282,Tommaso Allan,full back,starter
https://rugby-union-feeds.incrowdsports.com/v1/matches/282780,282780,202401,Perpignan,home,6,101705,Patrick Sobela,flanker,starter
https://rugby-union-feeds.incrowdsports.com/v1/matches/282780,282780,202401,Perpignan,home,16,233161,Victor Montgaillard,sub 1,replacement
https://rugby-union-feeds.incrowdsports.com/v1/matches/282780,282780,202401,Perpignan,home,18,229673,Akato Fakatika,sub 3,replacement
https://rugby-union-feeds.incrowdsports.com/v1/matches/282780,282780,202401,Perpignan,home,23,120011,Riko Buliruarua,sub 8,replacement
https://rugby-union-feeds.incrowdsports.com/v1/matches/282780,282780,202401,Perpignan,home,11,183088,Freddy Duguivalu,left wing,starter
https://rugby-union-feeds.incrowdsports.com/v1/matches/282780,282780,202401,Perpignan,home,4,189901,Tristan Labouteley,second row,starter
https://rugby-union-feeds.incrowdsports.com/v1/matches/282780,282780,202401,Perpignan,home,14,229236,Tavite Veredamu,right wing,starter
https://rugby-union-feeds.incrowdsports.com/v1/matches/282780,282780,202401,Perpignan,home,12,193779,Jeronimo de la Fuente,inside centre,starter
https://rugby-union-feeds.incrowdsports.com/v1/matches/282780,282780,202401,Perpignan,home,10,155444,Jake McIntyre,fly half,starter
https://rugby-union-feeds.incrowdsports.com/v1/matches/282780,282780,202401,Perpignan,home,9,116177,James Hall,scrum half,starter
https://rugby-union-feeds.incrowdsports.com/v1/matches/282780,282780,202401,Perpignan,home,20,120145,Lucas Bachelier,sub 5,replacement
https://rugby-union-feeds.incrowdsports.com/v1/matches/282780,282780,202401,Perpignan,home,5,179698,Mathieu Tanguy,second row,starter
https://rugby-union-feeds.incrowdsports.com/v1/matches/282780,282780,202401,Perpignan,home,7,236695,Max Hicks,flanker,starter
https://rugby-union-feeds.incrowdsports.com/v1/matches/282780,282780,202401,Perpignan,home,17,201276,Giorgi Beria,sub 2,replacement
https://rugby-union-feeds.incrowdsports.com/v1/matches/282780,282780,202401,Perpignan,home,1,148825,Bruce Devaux,loosehead prop,starter
https://rugby-union-feeds.incrowdsports.com/v1/matches/282780,282780,202401,Perpignan,home,2,100283,Seilala Lam,hooker,starter
https://rugby-union-feeds.incrowdsports.com/v1/matches/282780,282780,202401,Perpignan,home,8,113822,Lucas Velarte,number eight,starter
https://rugby-union-feeds.incrowdsports.com/v1/matches/282780,282780,202401,Perpignan,home,21,160800,Gela Aprasidze,sub 6,replacement
https://rugby-union-feeds.incrowdsports.com/v1/matches/282780,282780,202401,Racing 92,away,22,109697,Nolann le Garrec,sub 7,replacement
https://rugby-union-feeds.incrowdsports.com/v1/matches/282780,282780,202401,Racing 92,away,13,124934,Henry Chavancy,outside centre,starter
https://rugby-union-feeds.incrowdsports.com/v1/matches/282780,282780,202401,Racing 92,away,10,179047,Owen Farrell,fly half,starter
https://rugby-union-feeds.incrowdsports.com/v1/matches/282780,282780,202401,Racing 92,away,6,237222,Maxime Baudonne,flanker,starter
https://rugby-union-feeds.incrowdsports.com/v1/matches/282780,282780,202401,Racing 92,away,21,136043,Wame Naituvi,sub 6,replacement
https://rugby-union-feeds.incrowdsports.com/v1/matches/282780,282780,202401,Racing 92,away,23,179787,Sam James,sub 8,replacement
https://rugby-union-feeds.incrowdsports.com/v1/matches/282780,282780,202401,Racing 92,away,14,184521,Donovan Taofifenua,right wing,starter
https://rugby-union-feeds.incrowdsports.com/v1/matches/282780,282780,202401,Racing 92,away,20,254480,Shingi Manyarara,sub 5,replacement
https://rugby-union-feeds.incrowdsports.com/v1/matches/282780,282780,202401,Racing 92,away,12,240623,Vinaya Habosi,inside centre,starter
https://rugby-union-feeds.incrowdsports.com/v1/matches/282780,282780,202401,Racing 92,away,3,207407,Demba Bamba,tighthead prop,starter
https://rugby-union-feeds.incrowdsports.com/v1/matches/282780,282780,202401,Racing 92,away,18,200911,Thomas Laclayat,sub 3,replacement
https://rugby-union-feeds.incrowdsports.com/v1/matches/282780,282780,202401,Racing 92,away,1,126064,Hassane Kolingar,loosehead prop,starter
https://rugby-union-feeds.incrowdsports.com/v1/matches/282780,282780,202401,Racing 92,away,5,211021,Romain Taofifenua,second row,starter
https://rugby-union-feeds.incrowdsports.com/v1/matches/282780,282780,202401,Racing 92,away,17,190190,Lee-Marvin Mazibuko,sub 2,replacement
https://rugby-union-feeds.incrowdsports.com/v1/matches/282780,282780,202401,Racing 92,away,16,103315,Diego Escobar,sub 1,replacement
https://rugby-union-feeds.incrowdsports.com/v1/matches/282780,282780,202401,Racing 92,away,19,150610,Boris Palu,sub 4,replacement
https://rugby-union-feeds.incrowdsports.com/v1/matches/282780,282780,202401,Racing 92,away,4,242935,Junior Kpoku,second row,starter
https://rugby-union-feeds.incrowdsports.com/v1/matches/282780,282780,202401,Racing 92,away,8,128343,Jordan Joseph,number eight,starter
https://rugby-union-feeds.incrowdsports.com/v1/matches/282780,282780,202401,Racing 92,away,7,246812,Noa Zinzen,flanker,starter
https://rugby-union-feeds.incrowdsports.com/v1/matches/282780,282780,202401,Racing 92,away,11,199515,Gael Fickou,left wing,starter
https://rugby-union-feeds.incrowdsports.com/v1/matches/282780,282780,202401,Racing 92,away,15,144986,Tristan Tedder,full back,starter
https://rugby-union-feeds.incrowdsports.com/v1/matches/282780,282780,202401,Racing 92,away,2,136573,Janick Tarrit,hooker,starter
https://rugby-union-feeds.incrowdsports.com/v1/matches/282780,282780,202401,Racing 92,away,9,215421,Antoine Gibert,scrum half,starter
https://rugby-union-feeds.incrowdsports.com/v1/matches/282773,282773,202401,Connacht Rugby,home,22,131074,Josh Ioane,sub 7,replacement
https://rugby-union-feeds.incrowdsports.com/v1/matches/282773,282773,202401,Connacht Rugby,home,7,229288,Shamus Hurley-Langton,flanker,starter
https://rugby-union-feeds.incrowdsports.com/v1/matches/282773,282773,202401,Connacht Rugby,home,5,244039,Darragh Murray,second row,starter
https://rugby-union-feeds.incrowdsports.com/v1/matches/282773,282773,202401,Connacht Rugby,home,6,216844,Josh Murphy,flanker,starter
https://rugby-union-feeds.incrowdsports.com/v1/matches/282773,282773,202401,Connacht Rugby,home,9,239627,Matthew Devine,scrum half,starter
https://rugby-union-feeds.incrowdsports.com/v1/matches/282773,282773,202401,Connacht Rugby,home,14,238218,Shayne Bolton,right wing,starter
https://rugby-union-feeds.incrowdsports.com/v1/matches/282773,282773,202401,Connacht Rugby,home,1,123372,Jordan Duggan,loosehead prop,starter
https://rugby-union-feeds.incrowdsports.com/v1/matches/282773,282773,202401,Connacht Rugby,home,23,141193,Cathal Forde,sub 8,replacement
https://rugby-union-feeds.incrowdsports.com/v1/matches/282773,282773,202401,Connacht Rugby,home,2,213737,Dave Heffernan,hooker,starter
https://rugby-union-feeds.incrowdsports.com/v1/matches/282773,282773,202401,Connacht Rugby,home,13,244718,Hugh Gavin,outside centre,starter
https://rugby-union-feeds.incrowdsports.com/v1/matches/282773,282773,202401,Connacht Rugby,home,21,108496,Caolin Blade,sub 6,replacement
https://rugby-union-feeds.incrowdsports.com/v1/matches/282773,282773,202401,Connacht Rugby,home,10,142798,JJ Hanrahan,fly half,starter
https://rugby-union-feeds.incrowdsports.com/v1/matches/282773,282773,202401,Connacht Rugby,home,3,115762,Finlay Bealham,tighthead prop,starter
https://rugby-union-feeds.incrowdsports.com/v1/matches/282773,282773,202401,Connacht Rugby,home,18,162419,Jack Aungier,sub 3,replacement
https://rugby-union-feeds.incrowdsports.com/v1/matches/282773,282773,202401,Connacht Rugby,home,16,119988,Dylan Tierney-Martin,sub 1,replacement
https://rugby-union-feeds.incrowdsports.com/v1/matches/282773,282773,202401,Connacht Rugby,home,15,148023,Mack Hansen,full back,starter
https://rugby-union-feeds.incrowdsports.com/v1/matches/282773,282773,202401,Connacht Rugby,home,4,225781,Oisin Dowling,second row,starter
https://rugby-union-feeds.incrowdsports.com/v1/matches/282773,282773,202401,Connacht Rugby,home,8,241018,Sean Jansen,number eight,starter
https://rugby-union-feeds.incrowdsports.com/v1/matches/282773,282773,202401,Connacht Rugby,home,17,140665,Denis Buckley,sub 2,replacement
https://rugby-union-feeds.incrowdsports.com/v1/matches/282773,282773,202401,Connacht Rugby,home,20,200378,Paul Boyle,sub 5,replacement
https://rugby-union-feeds.incrowdsports.com/v1/matches/282773,282773,202401,Connacht Rugby,home,19,114781,Niall Murray,sub 4,replacement
https://rugby-union-feeds.incrowdsports.com/v1/matches/282773,282773,202401,Connacht Rugby,home,12,157406,Bundee Aki,inside centre,starter
https://rugby-union-feeds.incrowdsports.com/v1/matches/282773,282773,202401,Connacht Rugby,home,11,250781,Finn Treacy,left wing,starter
https://rugby-union-feeds.incrowdsports.com/v1/matches/282773,282773,202401,Cardiff Rugby,away,4,139876,Josh McNally,second row,starter
https://rugby-union-feeds.incrowdsports.com/v1/matches/282773,282773,202401,Cardiff Rugby,away,5,169185,Teddy Williams,second row,starter
https://rugby-union-feeds.incrowdsports.com/v1/matches/282773,282773,202401,Cardiff Rugby,away,21,117478,Thomas Young,sub 6,replacement
https://rugby-union-feeds.incrowdsports.com/v1/matches/282773,282773,202401,Cardiff Rugby,away,18,214279,Rhys Litterick,sub 3,replacement
https://rugby-union-feeds.incrowdsports.com/v1/matches/282773,282773,202401,Cardiff Rugby,away,22,202470,Ellis Bevan,sub 7,replacement
https://rugby-union-feeds.incrowdsports.com/v1/matches/282773,282773,202401,Cardiff Rugby,away,23,186117,Rory Jennings,sub 8,replacement
https://rugby-union-feeds.incrowdsports.com/v1/matches/282773,282773,202401,Cardiff Rugby,away,9,237324,Johan Mulder,scrum half,starter
https://rugby-union-feeds.incrowdsports.com/v1/matches/282773,282773,202401,Cardiff Rugby,away,7,214124,James Botham,flanker,starter
https://rugby-union-feeds.incrowdsports.com/v1/matches/282773,282773,202401,Cardiff Rugby,away,10,152457,Callum Sheedy,fly half,starter
https://rugby-union-feeds.incrowdsports.com/v1/matches/282773,282773,202401,Cardiff Rugby,away,17,212458,Corey Domachowski,sub 2,replacement
https://rugby-union-feeds.incrowdsports.com/v1/matches/282773,282773,202401,Cardiff Rugby,away,2,137071,Liam Belcher,hooker,starter
https://rugby-union-feeds.incrowdsports.com/v1/matches/282773,282773,202401,Cardiff Rugby,away,1,203823,Danny Southworth,loosehead prop,starter
https://rugby-union-feeds.incrowdsports.com/v1/matches/282773,282773,202401,Cardiff Rugby,away,20,235183,Alex Mann,sub 5,replacement
https://rugby-union-feeds.incrowdsports.com/v1/matches/282773,282773,202401,Cardiff Rugby,away,14,137453,Josh Adams,right wing,starter
https://rugby-union-feeds.incrowdsports.com/v1/matches/282773,282773,202401,Cardiff Rugby,away,6,131470,Alun Lawrence,flanker,starter
https://rugby-union-feeds.incrowdsports.com/v1/matches/282773,282773,202401,Cardiff Rugby,away,11,111537,Harri Millard,left wing,starter
https://rugby-union-feeds.incrowdsports.com/v1/matches/282773,282773,202401,Cardiff Rugby,away,8,212114,Taulupe Faletau,number eight,starter
https://rugby-union-feeds.incrowdsports.com/v1/matches/282773,282773,202401,Cardiff Rugby,away,12,225777,Ben Thomas,inside centre,starter
https://rugby-union-feeds.incrowdsports.com/v1/matches/282773,282773,202401,Cardiff Rugby,away,19,105267,Rory Thornton,sub 4,replacement
https://rugby-union-feeds.incrowdsports.com/v1/matches/282773,282773,202401,Cardiff Rugby,away,16,237274,Evan Lloyd,sub 1,replacement
https://rugby-union-feeds.incrowdsports.com/v1/matches/282773,282773,202401,Cardiff Rugby,away,13,159130,Rey Lee-Lo,outside centre,starter
https://rugby-union-feeds.incrowdsports.com/v1/matches/282773,282773,202401,Cardiff Rugby,away,15,239360,Cam Winnett,full back,starter
https://rugby-union-feeds.incrowdsports.com/v1/matches/282773,282773,202401,Cardiff Rugby,away,3,202399,Keiron Assiratti,tighthead prop,starter
https://rugby-union-feeds.incrowdsports.com/v1/matches/282777,282777,202401,Lyon O.U.,home,4,226180,Theo William,second row,starter
https://rugby-union-feeds.incrowdsports.com/v1/matches/282777,282777,202401,Lyon O.U.,home,3,237091,Irakli Aptsiauri,tighthead prop,starter
https://rugby-union-feeds.incrowdsports.com/v1/matches/282777,282777,202401,Lyon O.U.,home,14,224008,Vincent Rattez,right wing,starter
https://rugby-union-feeds.incrowdsports.com/v1/matches/282777,282777,202401,Lyon O.U.,home,20,161959,Maxime Gouzou,sub 5,replacement
https://rugby-union-feeds.incrowdsports.com/v1/matches/282777,282777,202401,Lyon O.U.,home,5,177800,Mickael Guillard,second row,starter
https://rugby-union-feeds.incrowdsports.com/v1/matches/282777,282777,202401,Lyon O.U.,home,7,229445,Liam Allen,flanker,starter
https://rugby-union-feeds.incrowdsports.com/v1/matches/282777,282777,202401,Lyon O.U.,home,19,191142,Killian Geraci,sub 4,replacement
https://rugby-union-feeds.incrowdsports.com/v1/matches/282777,282777,202401,Lyon O.U.,home,9,141676,Baptiste Couilloud,scrum half,starter
https://rugby-union-feeds.incrowdsports.com/v1/matches/282777,282777,202401,Lyon O.U.,home,16,173002,Camille Chat,sub 1,replacement
https://rugby-union-feeds.incrowdsports.com/v1/matches/282777,282777,202401,Lyon O.U.,home,23,203881,Alfred Parisien,sub 8,replacement
https://rugby-union-feeds.incrowdsports.com/v1/matches/282777,282777,202401,Lyon O.U.,home,11,174318,Monty Ioane,left wing,starter
https://rugby-union-feeds.incrowdsports.com/v1/matches/282777,282777,202401,Lyon O.U.,home,17,146161,Jérôme Rey,sub 2,replacement
https://rugby-union-feeds.incrowdsports.com/v1/matches/282777,282777,202401,Lyon O.U.,home,18,233202,Valentin Simutoga,sub 3,replacement
https://rugby-union-feeds.incrowdsports.com/v1/matches/282777,282777,202401,Lyon O.U.,home,1,146999,Hamza Kaabeche,loosehead prop,starter
https://rugby-union-feeds.incrowdsports.com/v1/matches/282777,282777,202401,Lyon O.U.,home,15,233206,Alexandre Tchaptchet,full back,starter
https://rugby-union-feeds.incrowdsports.com/v1/matches/282777,282777,202401,Lyon O.U.,home,10,158838,Léo Berdeu,fly half,starter
https://rugby-union-feeds.incrowdsports.com/v1/matches/282777,282777,202401,Lyon O.U.,home,6,189910,Dylan Cretin,flanker,starter
https://rugby-union-feeds.incrowdsports.com/v1/matches/282777,282777,202401,Lyon O.U.,home,21,110169,Charlie Cassang,sub 6,replacement
https://rugby-union-feeds.incrowdsports.com/v1/matches/282777,282777,202401,Lyon O.U.,home,2,237888,Yanis Charcosset,hooker,starter
https://rugby-union-feeds.incrowdsports.com/v1/matches/282777,282777,202401,Lyon O.U.,home,8,163743,Arno Botha,number eight,starter
https://rugby-union-feeds.incrowdsports.com/v1/matches/282777,282777,202401,Lyon O.U.,home,13,223422,Josiah Maraku,outside centre,starter
https://rugby-union-feeds.incrowdsports.com/v1/matches/282777,282777,202401,Lyon O.U.,home,12,203198,Theo Millet,inside centre,starter
https://rugby-union-feeds.incrowdsports.com/v1/matches/282777,282777,202401,Lyon O.U.,home,22,241309,Martin Meliande,sub 7,replacement
https://rugby-union-feeds.incrowdsports.com/v1/matches/282777,282777,202401,Hollywoodbets Sharks,away,10,111265,Siya Masuku,fly half,starter
https://rugby-union-feeds.incrowdsports.com/v1/matches/282777,282777,202401,Hollywoodbets Sharks,away,3,220321,Ruan Dreyer,tighthead prop,starter
https://rugby-union-feeds.incrowdsports.com/v1/matches/282777,282777,202401,Hollywoodbets Sharks,away,4,240072,Corne Rahl,second row,starter
https://rugby-union-feeds.incrowdsports.com/v1/matches/282777,282777,202401,Hollywoodbets Sharks,away,18,254536,Mwande Madande,sub 3,replacement
https://rugby-union-feeds.incrowdsports.com/v1/matches/282777,282777,202401,Hollywoodbets Sharks,away,15,246822,Hakeem Kunene,full back,starter
https://rugby-union-feeds.incrowdsports.com/v1/matches/282777,282777,202401,Hollywoodbets Sharks,away,23,246821,Jurenzo Julius,sub 8,replacement
https://rugby-union-feeds.incrowdsports.com/v1/matches/282777,282777,202401,Hollywoodbets Sharks,away,12,127914,Andre Esterhuizen,inside centre,starter
https://rugby-union-feeds.incrowdsports.com/v1/matches/282777,282777,202401,Hollywoodbets Sharks,away,22,241291,Jean Smith,sub 7,replacement
https://rugby-union-feeds.incrowdsports.com/v1/matches/282777,282777,202401,Hollywoodbets Sharks,away,7,246825,Jannes Potgieter,flanker,starter
https://rugby-union-feeds.incrowdsports.com/v1/matches/282777,282777,202401,Hollywoodbets Sharks,away,20,254537,Bathobelo Hlakane,sub 5,replacement
https://rugby-union-feeds.incrowdsports.com/v1/matches/282777,282777,202401,Hollywoodbets Sharks,away,14,106576,Yaw Penxe,right wing,starter
https://rugby-union-feeds.incrowdsports.com/v1/matches/282777,282777,202401,Hollywoodbets Sharks,away,13,155566,Francois Venter,outside centre,starter
https://rugby-union-feeds.incrowdsports.com/v1/matches/282777,282777,202401,Hollywoodbets Sharks,away,11,247666,Litelihle Bester,left wing,starter
https://rugby-union-feeds.incrowdsports.com/v1/matches/282777,282777,202401,Hollywoodbets Sharks,away,9,237297,Bradley Davids,scrum half,starter
https://rugby-union-feeds.incrowdsports.com/v1/matches/282777,282777,202401,Hollywoodbets Sharks,away,21,243800,Tiaan Fourie,sub 6,replacement
https://rugby-union-feeds.incrowdsports.com/v1/matches/282777,282777,202401,Hollywoodbets Sharks,away,8,241531,Nick Hatton,number eight,starter
https://rugby-union-feeds.incrowdsports.com/v1/matches/282777,282777,202401,Hollywoodbets Sharks,away,2,216122,Fez Mbatha,hooker,starter
https://rugby-union-feeds.incrowdsports.com/v1/matches/282777,282777,202401,Hollywoodbets Sharks,away,6,177625,Tino Mavesere,flanker,starter
https://rugby-union-feeds.incrowdsports.com/v1/matches/282777,282777,202401,Hollywoodbets Sharks,away,16,249178,Ethan Bester,sub 1,replacement
https://rugby-union-feeds.incrowdsports.com/v1/matches/282777,282777,202401,Hollywoodbets Sharks,away,17,120444,Dian Bleuler,sub 2,replacement
https://rugby-union-feeds.incrowdsports.com/v1/matches/282777,282777,202401,Hollywoodbets Sharks,away,19,192346,Emile van Heerden,sub 4,replacement
https://rugby-union-feeds.incrowdsports.com/v1/matches/282777,282777,202401,Hollywoodbets Sharks,away,1,209567,Ntuthuko Mchunu,loosehead prop,starter
https://rugby-union-feeds.incrowdsports.com/v1/matches/282777,282777,202401,Hollywoodbets Sharks,away,5,149248,Gerbrandt Grobler,second row,starter
https://rugby-union-feeds.incrowdsports.com/v1/matches/282776,282776,202401,Ospreys,home,8,160291,Morgan Morris,number eight,starter
https://rugby-union-feeds.incrowdsports.com/v1/matches/282776,282776,202401,Ospreys,home,5,105892,Adam Beard,second row,starter
https://rugby-union-feeds.incrowdsports.com/v1/matches/282776,282776,202401,Ospreys,home,14,229377,Daniel Kasende,right wing,starter
https://rugby-union-feeds.incrowdsports.com/v1/matches/282776,282776,202401,Ospreys,home,10,240455,Dan Edwards,fly half,starter
https://rugby-union-feeds.incrowdsports.com/v1/matches/282776,282776,202401,Ospreys,home,16,163400,George McGuigan,sub 1,replacement
https://rugby-union-feeds.incrowdsports.com/v1/matches/282776,282776,202401,Ospreys,home,19,192520,James Fender,sub 4,replacement
https://rugby-union-feeds.incrowdsports.com/v1/matches/282776,282776,202401,Ospreys,home,2,212902,Dewi Lake,hooker,starter
https://rugby-union-feeds.incrowdsports.com/v1/matches/282776,282776,202401,Ospreys,home,6,123016,Jac Morgan,flanker,starter
https://rugby-union-feeds.incrowdsports.com/v1/matches/282776,282776,202401,Ospreys,home,7,124168,Justin Tipuric,flanker,starter
https://rugby-union-feeds.incrowdsports.com/v1/matches/282776,282776,202401,Ospreys,home,21,238220,Luke Davies,sub 6,replacement
https://rugby-union-feeds.incrowdsports.com/v1/matches/282776,282776,202401,Ospreys,home,4,224395,Rhys Davies,second row,starter
https://rugby-union-feeds.incrowdsports.com/v1/matches/282776,282776,202401,Ospreys,home,13,166922,Evardi Boshoff,outside centre,starter
https://rugby-union-feeds.incrowdsports.com/v1/matches/282776,282776,202401,Ospreys,home,12,205321,Keiran Williams,inside centre,starter
https://rugby-union-feeds.incrowdsports.com/v1/matches/282776,282776,202401,Ospreys,home,9,119506,Reuben Morgan-Williams,scrum half,starter
https://rugby-union-feeds.incrowdsports.com/v1/matches/282776,282776,202401,Ospreys,home,18,164759,Ben Warren,sub 3,replacement
https://rugby-union-feeds.incrowdsports.com/v1/matches/282776,282776,202401,Ospreys,home,23,240760,Iestyn Hopkins,sub 8,replacement
https://rugby-union-feeds.incrowdsports.com/v1/matches/282776,282776,202401,Ospreys,home,3,177365,Tom Botha,tighthead prop,starter
https://rugby-union-feeds.incrowdsports.com/v1/matches/282776,282776,202401,Ospreys,home,17,174357,Garyn Phillips,sub 2,replacement
https://rugby-union-feeds.incrowdsports.com/v1/matches/282776,282776,202401,Ospreys,home,22,139292,Owen Williams,sub 7,replacement
https://rugby-union-feeds.incrowdsports.com/v1/matches/282776,282776,202401,Ospreys,home,15,229242,Jack Walsh,full back,starter
https://rugby-union-feeds.incrowdsports.com/v1/matches/282776,282776,202401,Ospreys,home,20,240576,Morgan Morse,sub 5,replacement
https://rugby-union-feeds.incrowdsports.com/v1/matches/282776,282776,202401,Ospreys,home,1,139232,Gareth Thomas,loosehead prop,starter
https://rugby-union-feeds.incrowdsports.com/v1/matches/282776,282776,202401,Ospreys,home,11,166301,Keelan Giles,left wing,starter
https://rugby-union-feeds.incrowdsports.com/v1/matches/282776,282776,202401,Scarlets,away,9,180675,Gareth Davies,scrum half,starter
https://rugby-union-feeds.incrowdsports.com/v1/matches/282776,282776,202401,Scarlets,away,3,192419,Henry Thomas,tighthead prop,starter
https://rugby-union-feeds.incrowdsports.com/v1/matches/282776,282776,202401,Scarlets,away,20,238947,Jarrod Taylor,sub 5,replacement
https://rugby-union-feeds.incrowdsports.com/v1/matches/282776,282776,202401,Scarlets,away,14,250753,Macs Page,right wing,starter
https://rugby-union-feeds.incrowdsports.com/v1/matches/282776,282776,202401,Scarlets,away,5,158599,Sam Lousi,second row,starter
https://rugby-union-feeds.incrowdsports.com/v1/matches/282776,282776,202401,Scarlets,away,22,103461,Ioan Nicholas,sub 7,replacement
https://rugby-union-feeds.incrowdsports.com/v1/matches/282776,282776,202401,Scarlets,away,19,207013,Alex Craig,sub 4,replacement
https://rugby-union-feeds.incrowdsports.com/v1/matches/282776,282776,202401,Scarlets,away,18,167563,Sam Wainwright,sub 3,replacement
https://rugby-union-feeds.incrowdsports.com/v1/matches/282776,282776,202401,Scarlets,away,17,243659,Sam O'Connor,sub 2,replacement
https://rugby-union-feeds.incrowdsports.com/v1/matches/282776,282776,202401,Scarlets,away,16,211818,Marnus van der Merwe,sub 1,replacement
https://rugby-union-feeds.incrowdsports.com/v1/matches/282776,282776,202401,Scarlets,away,10,135370,Ioan Lloyd,fly half,starter
https://rugby-union-feeds.incrowdsports.com/v1/matches/282776,282776,202401,Scarlets,away,13,125549,Joe Roberts,outside centre,starter
https://rugby-union-feeds.incrowdsports.com/v1/matches/282776,282776,202401,Scarlets,away,6,210189,Vaea Fifita,flanker,starter
https://rugby-union-feeds.incrowdsports.com/v1/matches/282776,282776,202401,Scarlets,away,8,143123,Taine Plumtree,number eight,starter
https://rugby-union-feeds.incrowdsports.com/v1/matches/282776,282776,202401,Scarlets,away,21,122034,Efan Jones,sub 6,replacement
https://rugby-union-feeds.incrowdsports.com/v1/matches/282776,282776,202401,Scarlets,away,12,237271,Eddie James,inside centre,starter
https://rugby-union-feeds.incrowdsports.com/v1/matches/282776,282776,202401,Scarlets,away,1,161208,Alec Hepburn,loosehead prop,starter
https://rugby-union-feeds.incrowdsports.com/v1/matches/282776,282776,202401,Scarlets,away,4,201303,Jac Price,second row,starter
https://rugby-union-feeds.incrowdsports.com/v1/matches/282776,282776,202401,Scarlets,away,15,243190,Blair Murray,full back,starter
https://rugby-union-feeds.incrowdsports.com/v1/matches/282776,282776,202401,Scarlets,away,7,124858,Josh Macleod,flanker,starter
https://rugby-union-feeds.incrowdsports.com/v1/matches/282776,282776,202401,Scarlets,away,11,249307,Ellis Mee,left wing,starter
https://rugby-union-feeds.incrowdsports.com/v1/matches/282776,282776,202401,Scarlets,away,2,182170,Ryan Elias,hooker,starter
https://rugby-union-feeds.incrowdsports.com/v1/matches/282776,282776,202401,Scarlets,away,23,173631,Dan Davis,sub 8,replacement
https://rugby-union-feeds.incrowdsports.com/v1/matches/282783,282783,202401,Edinburgh Rugby,home,2,141860,Ewan Ashman,hooker,starter
https://rugby-union-feeds.incrowdsports.com/v1/matches/282783,282783,202401,Edinburgh Rugby,home,10,184258,Ross Thompson,fly half,starter
https://rugby-union-feeds.incrowdsports.com/v1/matches/282783,282783,202401,Edinburgh Rugby,home,16,129286,Dave Cherry,sub 1,replacement
https://rugby-union-feeds.incrowdsports.com/v1/matches/282783,282783,202401,Edinburgh Rugby,home,13,150632,Matt Currie,outside centre,starter
https://rugby-union-feeds.incrowdsports.com/v1/matches/282783,282783,202401,Edinburgh Rugby,home,5,156101,Grant Gilchrist,second row,starter
https://rugby-union-feeds.incrowdsports.com/v1/matches/282783,282783,202401,Edinburgh Rugby,home,19,243622,Rob Carmichael,sub 4,replacement
https://rugby-union-feeds.incrowdsports.com/v1/matches/282783,282783,202401,Edinburgh Rugby,home,21,161477,Ali Price,sub 6,replacement
https://rugby-union-feeds.incrowdsports.com/v1/matches/282783,282783,202401,Edinburgh Rugby,home,8,156550,Magnus Bradbury,number eight,starter
https://rugby-union-feeds.incrowdsports.com/v1/matches/282783,282783,202401,Edinburgh Rugby,home,17,196773,Pierre Schoeman,sub 2,replacement
https://rugby-union-feeds.incrowdsports.com/v1/matches/282783,282783,202401,Edinburgh Rugby,home,20,173990,Ben Muncaster,sub 5,replacement
https://rugby-union-feeds.incrowdsports.com/v1/matches/282783,282783,202401,Edinburgh Rugby,home,11,190601,Ross McCann,left wing,starter
https://rugby-union-feeds.incrowdsports.com/v1/matches/282783,282783,202401,Edinburgh Rugby,home,9,150957,Ben Vellacott,scrum half,starter
https://rugby-union-feeds.incrowdsports.com/v1/matches/282783,282783,202401,Edinburgh Rugby,home,7,184653,Hamish Watson,flanker,starter
https://rugby-union-feeds.incrowdsports.com/v1/matches/282783,282783,202401,Edinburgh Rugby,home,6,187982,Jamie Ritchie,flanker,starter
https://rugby-union-feeds.incrowdsports.com/v1/matches/282783,282783,202401,Edinburgh Rugby,home,12,217844,James Lang,inside centre,starter
https://rugby-union-feeds.incrowdsports.com/v1/matches/282783,282783,202401,Edinburgh Rugby,home,3,208595,Javan Sebastian,tighthead prop,starter
https://rugby-union-feeds.incrowdsports.com/v1/matches/282783,282783,202401,Edinburgh Rugby,home,1,169560,Boan Venter,loosehead prop,starter
https://rugby-union-feeds.incrowdsports.com/v1/matches/282783,282783,202401,Edinburgh Rugby,home,14,164150,Darcy Graham,right wing,starter
https://rugby-union-feeds.incrowdsports.com/v1/matches/282783,282783,202401,Edinburgh Rugby,home,4,126711,Sam Skinner,second row,starter
https://rugby-union-feeds.incrowdsports.com/v1/matches/282783,282783,202401,Edinburgh Rugby,home,15,100826,Wes Goosen,full back,starter
https://rugby-union-feeds.incrowdsports.com/v1/matches/282783,282783,202401,Edinburgh Rugby,home,22,152156,Cammy Scott,sub 7,replacement
https://rugby-union-feeds.incrowdsports.com/v1/matches/282783,282783,202401,Edinburgh Rugby,home,23,242778,Mosese Tuipulotu,sub 8,replacement
https://rugby-union-feeds.incrowdsports.com/v1/matches/282783,282783,202401,Edinburgh Rugby,home,18,172959,D'arcy Rae,sub 3,replacement
https://rugby-union-feeds.incrowdsports.com/v1/matches/282783,282783,202401,Vodacom Bulls,away,9,221220,Zak Burger,scrum half,starter
https://rugby-union-feeds.incrowdsports.com/v1/matches/282783,282783,202401,Vodacom Bulls,away,8,240452,Cameron Hanekom,number eight,starter
https://rugby-union-feeds.incrowdsports.com/v1/matches/282783,282783,202401,Vodacom Bulls,away,18,178659,Mornay Smith,sub 3,replacement
https://rugby-union-feeds.incrowdsports.com/v1/matches/282783,282783,202401,Vodacom Bulls,away,21,193699,Embrose Papier,sub 6,replacement
https://rugby-union-feeds.incrowdsports.com/v1/matches/282783,282783,202401,Vodacom Bulls,away,5,246819,JF van Heerden,second row,starter
https://rugby-union-feeds.incrowdsports.com/v1/matches/282783,282783,202401,Vodacom Bulls,away,6,211746,Marcell Coetzee,flanker,starter
https://rugby-union-feeds.incrowdsports.com/v1/matches/282783,282783,202401,Vodacom Bulls,away,11,229735,Stravino Jacobs,left wing,starter
https://rugby-union-feeds.incrowdsports.com/v1/matches/282783,282783,202401,Vodacom Bulls,away,14,171530,Sergeal Petersen,right wing,starter
https://rugby-union-feeds.incrowdsports.com/v1/matches/282783,282783,202401,Vodacom Bulls,away,4,225264,Ruan Nortje,second row,starter
https://rugby-union-feeds.incrowdsports.com/v1/matches/282783,282783,202401,Vodacom Bulls,away,12,131501,Harold Vorster,inside centre,starter
https://rugby-union-feeds.incrowdsports.com/v1/matches/282783,282783,202401,Vodacom Bulls,away,13,107890,David Kriel,outside centre,starter
https://rugby-union-feeds.incrowdsports.com/v1/matches/282783,282783,202401,Vodacom Bulls,away,10,229812,Keagan Johannes,fly half,starter
https://rugby-union-feeds.incrowdsports.com/v1/matches/282783,282783,202401,Vodacom Bulls,away,7,148279,Jannes Kirsten,flanker,starter
https://rugby-union-feeds.incrowdsports.com/v1/matches/282783,282783,202401,Vodacom Bulls,away,23,237078,Canan Moodie,sub 8,replacement
https://rugby-union-feeds.incrowdsports.com/v1/matches/282783,282783,202401,Vodacom Bulls,away,19,236949,Reinhardt Ludwig,sub 4,replacement
https://rugby-union-feeds.incrowdsports.com/v1/matches/282783,282783,202401,Vodacom Bulls,away,20,109783,Marco van Staden,sub 5,replacement
https://rugby-union-feeds.incrowdsports.com/v1/matches/282783,282783,202401,Vodacom Bulls,away,2,148123,Akker van der Merwe,hooker,starter
https://rugby-union-feeds.incrowdsports.com/v1/matches/282783,282783,202401,Vodacom Bulls,away,1,200474,Simphiwe Matanzima,loosehead prop,starter
https://rugby-union-feeds.incrowdsports.com/v1/matches/282783,282783,202401,Vodacom Bulls,away,17,229690,Jan-Hendrik Wessels,sub 2,replacement
https://rugby-union-feeds.incrowdsports.com/v1/matches/282783,282783,202401,Vodacom Bulls,away,22,225401,Johan Goosen,sub 7,replacement
https://rugby-union-feeds.incrowdsports.com/v1/matches/282783,282783,202401,Vodacom Bulls,away,15,158431,Devon Williams,full back,starter
https://rugby-union-feeds.incrowdsports.com/v1/matches/282783,282783,202401,Vodacom Bulls,away,3,165888,Wilco Louw,tighthead prop,starter
https://rugby-union-feeds.incrowdsports.com/v1/matches/282783,282783,202401,Vodacom Bulls,away,16,177342,Johann Grobbelaar,sub 1,replacement
https://rugby-union-feeds.incrowdsports.com/v1/matches/282784,282784,202401,Ospreys,home,8,160291,Morgan Morris,number eight,starter
https://rugby-union-feeds.incrowdsports.com/v1/matches/282784,282784,202401,Ospreys,home,5,105892,Adam Beard,second row,starter
https://rugby-union-feeds.incrowdsports.com/v1/matches/282784,282784,202401,Ospreys,home,14,229377,Daniel Kasende,right wing,starter
https://rugby-union-feeds.incrowdsports.com/v1/matches/282784,282784,202401,Ospreys,home,9,190215,Kieran Hardy,scrum half,starter
https://rugby-union-feeds.incrowdsports.com/v1/matches/282784,282784,202401,Ospreys,home,10,240455,Dan Edwards,fly half,starter
https://rugby-union-feeds.incrowdsports.com/v1/matches/282784,282784,202401,Ospreys,home,16,163400,George McGuigan,sub 1,replacement
https://rugby-union-feeds.incrowdsports.com/v1/matches/282784,282784,202401,Ospreys,home,19,192520,James Fender,sub 4,replacement
https://rugby-union-feeds.incrowdsports.com/v1/matches/282784,282784,202401,Ospreys,home,2,212902,Dewi Lake,hooker,starter
https://rugby-union-feeds.incrowdsports.com/v1/matches/282784,282784,202401,Ospreys,home,6,123016,Jac Morgan,flanker,starter
https://rugby-union-feeds.incrowdsports.com/v1/matches/282784,282784,202401,Ospreys,home,7,124168,Justin Tipuric,flanker,starter
https://rugby-union-feeds.incrowdsports.com/v1/matches/282784,282784,202401,Ospreys,home,4,224395,Rhys Davies,second row,starter
https://rugby-union-feeds.incrowdsports.com/v1/matches/282784,282784,202401,Ospreys,home,13,166922,Evardi Boshoff,outside centre,starter
https://rugby-union-feeds.incrowdsports.com/v1/matches/282784,282784,202401,Ospreys,home,12,205321,Keiran Williams,inside centre,starter
https://rugby-union-feeds.incrowdsports.com/v1/matches/282784,282784,202401,Ospreys,home,21,119506,Reuben Morgan-Williams,sub 6,replacement
https://rugby-union-feeds.incrowdsports.com/v1/matches/282784,282784,202401,Ospreys,home,18,164759,Ben Warren,sub 3,replacement
https://rugby-union-feeds.incrowdsports.com/v1/matches/282784,282784,202401,Ospreys,home,23,240760,Iestyn Hopkins,sub 8,replacement
https://rugby-union-feeds.incrowdsports.com/v1/matches/282784,282784,202401,Ospreys,home,3,177365,Tom Botha,tighthead prop,starter
https://rugby-union-feeds.incrowdsports.com/v1/matches/282784,282784,202401,Ospreys,home,17,174357,Garyn Phillips,sub 2,replacement
https://rugby-union-feeds.incrowdsports.com/v1/matches/282784,282784,202401,Ospreys,home,22,139292,Owen Williams,sub 7,replacement
https://rugby-union-feeds.incrowdsports.com/v1/matches/282784,282784,202401,Ospreys,home,15,229242,Jack Walsh,full back,starter
https://rugby-union-feeds.incrowdsports.com/v1/matches/282784,282784,202401,Ospreys,home,20,240576,Morgan Morse,sub 5,replacement
https://rugby-union-feeds.incrowdsports.com/v1/matches/282784,282784,202401,Ospreys,home,1,139232,Gareth Thomas,loosehead prop,starter
https://rugby-union-feeds.incrowdsports.com/v1/matches/282784,282784,202401,Ospreys,home,11,166301,Keelan Giles,left wing,starter
https://rugby-union-feeds.incrowdsports.com/v1/matches/282784,282784,202401,Lyon O.U.,away,20,226180,Theo William,sub 5,replacement
https://rugby-union-feeds.incrowdsports.com/v1/matches/282784,282784,202401,Lyon O.U.,away,4,112612,Félix Lambey,second row,starter
https://rugby-union-feeds.incrowdsports.com/v1/matches/282784,282784,202401,Lyon O.U.,away,17,216321,Sébastien Taofifenua,sub 2,replacement
https://rugby-union-feeds.incrowdsports.com/v1/matches/282784,282784,202401,Lyon O.U.,away,14,224008,Vincent Rattez,right wing,starter
https://rugby-union-feeds.incrowdsports.com/v1/matches/282784,282784,202401,Lyon O.U.,away,8,161959,Maxime Gouzou,number eight,starter
https://rugby-union-feeds.incrowdsports.com/v1/matches/282784,282784,202401,Lyon O.U.,away,19,177800,Mickael Guillard,sub 4,replacement
https://rugby-union-feeds.incrowdsports.com/v1/matches/282784,282784,202401,Lyon O.U.,away,16,181670,Guillaume Marchand,sub 1,replacement
https://rugby-union-feeds.incrowdsports.com/v1/matches/282784,282784,202401,Lyon O.U.,away,6,154123,Steeve Blanc-Mappaz,flanker,starter
https://rugby-union-feeds.incrowdsports.com/v1/matches/282784,282784,202401,Lyon O.U.,away,22,141676,Baptiste Couilloud,sub 7,replacement
https://rugby-union-feeds.incrowdsports.com/v1/matches/282784,282784,202401,Lyon O.U.,away,23,203881,Alfred Parisien,sub 8,replacement
https://rugby-union-feeds.incrowdsports.com/v1/matches/282784,282784,202401,Lyon O.U.,away,11,168463,Ethan Dumortier,left wing,starter
https://rugby-union-feeds.incrowdsports.com/v1/matches/282784,282784,202401,Lyon O.U.,away,1,170447,Wayan de Benedittis,loosehead prop,starter
https://rugby-union-feeds.incrowdsports.com/v1/matches/282784,282784,202401,Lyon O.U.,away,5,165041,Alban Roussel,second row,starter
https://rugby-union-feeds.incrowdsports.com/v1/matches/282784,282784,202401,Lyon O.U.,away,18,233202,Valentin Simutoga,sub 3,replacement
https://rugby-union-feeds.incrowdsports.com/v1/matches/282784,282784,202401,Lyon O.U.,away,3,146999,Hamza Kaabeche,tighthead prop,starter
https://rugby-union-feeds.incrowdsports.com/v1/matches/282784,282784,202401,Lyon O.U.,away,15,233206,Alexandre Tchaptchet,full back,starter
https://rugby-union-feeds.incrowdsports.com/v1/matches/282784,282784,202401,Lyon O.U.,away,10,158838,Léo Berdeu,fly half,starter
https://rugby-union-feeds.incrowdsports.com/v1/matches/282784,282784,202401,Lyon O.U.,away,21,189910,Dylan Cretin,sub 6,replacement
https://rugby-union-feeds.incrowdsports.com/v1/matches/282784,282784,202401,Lyon O.U.,away,9,110169,Charlie Cassang,scrum half,starter
https://rugby-union-feeds.incrowdsports.com/v1/matches/282784,282784,202401,Lyon O.U.,away,7,241369,Beka Shvangiradze,flanker,starter
https://rugby-union-feeds.incrowdsports.com/v1/matches/282784,282784,202401,Lyon O.U.,away,13,223422,Josiah Maraku,outside centre,starter
https://rugby-union-feeds.incrowdsports.com/v1/matches/282784,282784,202401,Lyon O.U.,away,12,203198,Theo Millet,inside centre,starter
https://rugby-union-feeds.incrowdsports.com/v1/matches/282784,282784,202401,Lyon O.U.,away,2,171709,Sam Matavesi,hooker,starter
https://rugby-union-feeds.incrowdsports.com/v1/matches/282781,282781,202401,Connacht Rugby,home,22,131074,Josh Ioane,sub 7,replacement
https://rugby-union-feeds.incrowdsports.com/v1/matches/282781,282781,202401,Connacht Rugby,home,7,229288,Shamus Hurley-Langton,flanker,starter
https://rugby-union-feeds.incrowdsports.com/v1/matches/282781,282781,202401,Connacht Rugby,home,6,198565,Cian Prendergast,flanker,starter
https://rugby-union-feeds.incrowdsports.com/v1/matches/282781,282781,202401,Connacht Rugby,home,4,216844,Josh Murphy,second row,starter
https://rugby-union-feeds.incrowdsports.com/v1/matches/282781,282781,202401,Connacht Rugby,home,21,239627,Matthew Devine,sub 6,replacement
https://rugby-union-feeds.incrowdsports.com/v1/matches/282781,282781,202401,Connacht Rugby,home,23,141193,Cathal Forde,sub 8,replacement
https://rugby-union-feeds.incrowdsports.com/v1/matches/282781,282781,202401,Connacht Rugby,home,14,129867,Shane Jennings,right wing,starter
https://rugby-union-feeds.incrowdsports.com/v1/matches/282781,282781,202401,Connacht Rugby,home,2,213737,Dave Heffernan,hooker,starter
https://rugby-union-feeds.incrowdsports.com/v1/matches/282781,282781,202401,Connacht Rugby,home,13,244718,Hugh Gavin,outside centre,starter
https://rugby-union-feeds.incrowdsports.com/v1/matches/282781,282781,202401,Connacht Rugby,home,5,106352,Joe Joyce,second row,starter
https://rugby-union-feeds.incrowdsports.com/v1/matches/282781,282781,202401,Connacht Rugby,home,10,142798,JJ Hanrahan,fly half,starter
https://rugby-union-feeds.incrowdsports.com/v1/matches/282781,282781,202401,Connacht Rugby,home,3,115762,Finlay Bealham,tighthead prop,starter
https://rugby-union-feeds.incrowdsports.com/v1/matches/282781,282781,202401,Connacht Rugby,home,18,162419,Jack Aungier,sub 3,replacement
https://rugby-union-feeds.incrowdsports.com/v1/matches/282781,282781,202401,Connacht Rugby,home,16,119988,Dylan Tierney-Martin,sub 1,replacement
https://rugby-union-feeds.incrowdsports.com/v1/matches/282781,282781,202401,Connacht Rugby,home,15,148023,Mack Hansen,full back,starter
https://rugby-union-feeds.incrowdsports.com/v1/matches/282781,282781,202401,Connacht Rugby,home,17,131671,Peter Dooley,sub 2,replacement
https://rugby-union-feeds.incrowdsports.com/v1/matches/282781,282781,202401,Connacht Rugby,home,9,180856,Ben Murphy,scrum half,starter
https://rugby-union-feeds.incrowdsports.com/v1/matches/282781,282781,202401,Connacht Rugby,home,19,225781,Oisin Dowling,sub 4,replacement
https://rugby-union-feeds.incrowdsports.com/v1/matches/282781,282781,202401,Connacht Rugby,home,1,140665,Denis Buckley,loosehead prop,starter
https://rugby-union-feeds.incrowdsports.com/v1/matches/282781,282781,202401,Connacht Rugby,home,8,241018,Sean Jansen,number eight,starter
https://rugby-union-feeds.incrowdsports.com/v1/matches/282781,282781,202401,Connacht Rugby,home,20,200378,Paul Boyle,sub 5,replacement
https://rugby-union-feeds.incrowdsports.com/v1/matches/282781,282781,202401,Connacht Rugby,home,12,157406,Bundee Aki,inside centre,starter
https://rugby-union-feeds.incrowdsports.com/v1/matches/282781,282781,202401,Connacht Rugby,home,11,250781,Finn Treacy,left wing,starter
https://rugby-union-feeds.incrowdsports.com/v1/matches/282781,282781,202401,Racing 92,away,9,109697,Nolann le Garrec,scrum half,starter
https://rugby-union-feeds.incrowdsports.com/v1/matches/282781,282781,202401,Racing 92,away,22,179047,Owen Farrell,sub 7,replacement
https://rugby-union-feeds.incrowdsports.com/v1/matches/282781,282781,202401,Racing 92,away,23,124934,Henry Chavancy,sub 8,replacement
https://rugby-union-feeds.incrowdsports.com/v1/matches/282781,282781,202401,Racing 92,away,6,237222,Maxime Baudonne,flanker,starter
https://rugby-union-feeds.incrowdsports.com/v1/matches/282781,282781,202401,Racing 92,away,16,248646,Robin Couly,sub 1,replacement
https://rugby-union-feeds.incrowdsports.com/v1/matches/282781,282781,202401,Racing 92,away,17,104008,Guram Gogichashvili,sub 2,replacement
https://rugby-union-feeds.incrowdsports.com/v1/matches/282781,282781,202401,Racing 92,away,15,179787,Sam James,full back,starter
https://rugby-union-feeds.incrowdsports.com/v1/matches/282781,282781,202401,Racing 92,away,14,136043,Wame Naituvi,right wing,starter
https://rugby-union-feeds.incrowdsports.com/v1/matches/282781,282781,202401,Racing 92,away,21,184521,Donovan Taofifenua,sub 6,replacement
https://rugby-union-feeds.incrowdsports.com/v1/matches/282781,282781,202401,Racing 92,away,10,158570,Dan Lancaster,fly half,starter
https://rugby-union-feeds.incrowdsports.com/v1/matches/282781,282781,202401,Racing 92,away,20,254480,Shingi Manyarara,sub 5,replacement
https://rugby-union-feeds.incrowdsports.com/v1/matches/282781,282781,202401,Racing 92,away,13,240623,Vinaya Habosi,outside centre,starter
https://rugby-union-feeds.incrowdsports.com/v1/matches/282781,282781,202401,Racing 92,away,3,207407,Demba Bamba,tighthead prop,starter
https://rugby-union-feeds.incrowdsports.com/v1/matches/282781,282781,202401,Racing 92,away,19,211021,Romain Taofifenua,sub 4,replacement
https://rugby-union-feeds.incrowdsports.com/v1/matches/282781,282781,202401,Racing 92,away,12,179604,Josua Tuisova,inside centre,starter
https://rugby-union-feeds.incrowdsports.com/v1/matches/282781,282781,202401,Racing 92,away,2,103315,Diego Escobar,hooker,starter
https://rugby-union-feeds.incrowdsports.com/v1/matches/282781,282781,202401,Racing 92,away,4,150610,Boris Palu,second row,starter
https://rugby-union-feeds.incrowdsports.com/v1/matches/282781,282781,202401,Racing 92,away,5,209425,Will Rowlands,second row,starter
https://rugby-union-feeds.incrowdsports.com/v1/matches/282781,282781,202401,Racing 92,away,7,242935,Junior Kpoku,flanker,starter
https://rugby-union-feeds.incrowdsports.com/v1/matches/282781,282781,202401,Racing 92,away,11,111864,Max Spring,left wing,starter
https://rugby-union-feeds.incrowdsports.com/v1/matches/282781,282781,202401,Racing 92,away,8,128343,Jordan Joseph,number eight,starter
https://rugby-union-feeds.incrowdsports.com/v1/matches/282781,282781,202401,Racing 92,away,18,254581,Lehopoame Leota,sub 3,replacement
https://rugby-union-feeds.incrowdsports.com/v1/matches/282781,282781,202401,Racing 92,away,1,196763,Eddy Ben Arous,loosehead prop,starter
https://rugby-union-feeds.incrowdsports.com/v1/matches/282782,282782,202401,Bath Rugby,home,22,175011,Max Ojomoh,sub 7,replacement
https://rugby-union-feeds.incrowdsports.com/v1/matches/282782,282782,202401,Bath Rugby,home,7,123233,Ethan Staddon,flanker,starter
https://rugby-union-feeds.incrowdsports.com/v1/matches/282782,282782,202401,Bath Rugby,home,12,210178,Will Butt,inside centre,starter
https://rugby-union-feeds.incrowdsports.com/v1/matches/282782,282782,202401,Bath Rugby,home,3,187169,Archie Griffin,tighthead prop,starter
https://rugby-union-feeds.incrowdsports.com/v1/matches/282782,282782,202401,Bath Rugby,home,15,101123,Ciaran Donoghue,full back,starter
https://rugby-union-feeds.incrowdsports.com/v1/matches/282782,282782,202401,Bath Rugby,home,21,156834,Tom Carr-Smith,sub 6,replacement
https://rugby-union-feeds.incrowdsports.com/v1/matches/282782,282782,202401,Bath Rugby,home,10,157863,Finn Russell,fly half,starter
https://rugby-union-feeds.incrowdsports.com/v1/matches/282782,282782,202401,Bath Rugby,home,20,195208,Miles Reid,sub 5,replacement
https://rugby-union-feeds.incrowdsports.com/v1/matches/282782,282782,202401,Bath Rugby,home,13,154219,Cameron Redpath,outside centre,starter
https://rugby-union-feeds.incrowdsports.com/v1/matches/282782,282782,202401,Bath Rugby,home,8,145484,Alfie Barbeary,number eight,starter
https://rugby-union-feeds.incrowdsports.com/v1/matches/282782,282782,202401,Bath Rugby,home,1,130283,Beno Obano,loosehead prop,starter
https://rugby-union-feeds.incrowdsports.com/v1/matches/282782,282782,202401,Bath Rugby,home,16,143754,Niall Annett,sub 1,replacement
https://rugby-union-feeds.incrowdsports.com/v1/matches/282782,282782,202401,Bath Rugby,home,9,111662,Ben Spencer,scrum half,starter
https://rugby-union-feeds.incrowdsports.com/v1/matches/282782,282782,202401,Bath Rugby,home,11,160272,Will Muir,left wing,starter
https://rugby-union-feeds.incrowdsports.com/v1/matches/282782,282782,202401,Bath Rugby,home,2,225778,Tom Dunn,hooker,starter
https://rugby-union-feeds.incrowdsports.com/v1/matches/282782,282782,202401,Bath Rugby,home,6,184945,Ted Hill,flanker,starter
https://rugby-union-feeds.incrowdsports.com/v1/matches/282782,282782,202401,Bath Rugby,home,5,105205,Ross Molony,second row,starter
https://rugby-union-feeds.incrowdsports.com/v1/matches/282782,282782,202401,Bath Rugby,home,17,116821,Francois van Wyk,sub 2,replacement
https://rugby-union-feeds.incrowdsports.com/v1/matches/282782,282782,202401,Bath Rugby,home,18,104572,Thomas du Toit,sub 3,replacement
https://rugby-union-feeds.incrowdsports.com/v1/matches/282782,282782,202401,Bath Rugby,home,23,155514,Jaco Coetzee,sub 8,replacement
https://rugby-union-feeds.incrowdsports.com/v1/matches/282782,282782,202401,Bath Rugby,home,4,203360,Quinn Roux,second row,starter
https://rugby-union-feeds.incrowdsports.com/v1/matches/282782,282782,202401,Bath Rugby,home,19,100192,Josh Bayliss,sub 4,replacement
https://rugby-union-feeds.incrowdsports.com/v1/matches/282782,282782,202401,Bath Rugby,home,14,153790,Tom de Glanville,right wing,starter
https://rugby-union-feeds.incrowdsports.com/v1/matches/282782,282782,202401,Gloucester Rugby,away,6,253378,Deian Gwynne,flanker,starter
https://rugby-union-feeds.incrowdsports.com/v1/matches/282782,282782,202401,Gloucester Rugby,away,9,201697,Caolan Englefield,scrum half,starter
https://rugby-union-feeds.incrowdsports.com/v1/matches/282782,282782,202401,Gloucester Rugby,away,5,120165,Cameron Jordan,second row,starter
https://rugby-union-feeds.incrowdsports.com/v1/matches/282782,282782,202401,Gloucester Rugby,away,21,113799,Jack Clement,sub 6,replacement
https://rugby-union-feeds.incrowdsports.com/v1/matches/282782,282782,202401,Gloucester Rugby,away,22,133163,Tomos Williams,sub 7,replacement
https://rugby-union-feeds.incrowdsports.com/v1/matches/282782,282782,202401,Gloucester Rugby,away,19,196875,Freddie Thomas,sub 4,replacement
https://rugby-union-feeds.incrowdsports.com/v1/matches/282782,282782,202401,Gloucester Rugby,away,14,166601,Christian Wade,right wing,starter
https://rugby-union-feeds.incrowdsports.com/v1/matches/282782,282782,202401,Gloucester Rugby,away,23,123243,Charlie Atkinson,sub 8,replacement
https://rugby-union-feeds.incrowdsports.com/v1/matches/282782,282782,202401,Gloucester Rugby,away,13,196656,Chris Harris,outside centre,starter
https://rugby-union-feeds.incrowdsports.com/v1/matches/282782,282782,202401,Gloucester Rugby,away,7,137423,Harry Taylor,flanker,starter
https://rugby-union-feeds.incrowdsports.com/v1/matches/282782,282782,202401,Gloucester Rugby,away,12,112368,Will Butler,inside centre,starter
https://rugby-union-feeds.incrowdsports.com/v1/matches/282782,282782,202401,Gloucester Rugby,away,4,203694,Freddie Clarke,second row,starter
https://rugby-union-feeds.incrowdsports.com/v1/matches/282782,282782,202401,Gloucester Rugby,away,8,191662,Ruan Ackermann,number eight,starter
https://rugby-union-feeds.incrowdsports.com/v1/matches/282782,282782,202401,Gloucester Rugby,away,1,189971,Ciaran Knight,loosehead prop,starter
https://rugby-union-feeds.incrowdsports.com/v1/matches/282782,282782,202401,Gloucester Rugby,away,3,201234,Kirill Gotovtsev,tighthead prop,starter
https://rugby-union-feeds.incrowdsports.com/v1/matches/282782,282782,202401,Gloucester Rugby,away,11,176050,Jacob Morris,left wing,starter
https://rugby-union-feeds.incrowdsports.com/v1/matches/282782,282782,202401,Gloucester Rugby,away,16,137490,Seb Blake,sub 1,replacement
https://rugby-union-feeds.incrowdsports.com/v1/matches/282782,282782,202401,Gloucester Rugby,away,10,102615,Gareth Anscombe,fly half,starter
https://rugby-union-feeds.incrowdsports.com/v1/matches/282782,282782,202401,Gloucester Rugby,away,20,209756,Lewis Ludlow,sub 5,replacement
https://rugby-union-feeds.incrowdsports.com/v1/matches/282782,282782,202401,Gloucester Rugby,away,2,122972,Jack Singleton,hooker,starter
https://rugby-union-feeds.incrowdsports.com/v1/matches/282782,282782,202401,Gloucester Rugby,away,18,239418,Afolabi Fasogbon,sub 3,replacement
https://rugby-union-feeds.incrowdsports.com/v1/matches/282782,282782,202401,Gloucester Rugby,away,17,213184,Val Rapava Ruskin,sub 2,replacement
https://rugby-union-feeds.incrowdsports.com/v1/matches/282782,282782,202401,Gloucester Rugby,away,15,189982,Santiago Carreras,full back,starter
https://rugby-union-feeds.incrowdsports.com/v1/matches/282786,282786,202401,Edinburgh Rugby,home,2,141860,Ewan Ashman,hooker,starter
https://rugby-union-feeds.incrowdsports.com/v1/matches/282786,282786,202401,Edinburgh Rugby,home,10,184258,Ross Thompson,fly half,starter
https://rugby-union-feeds.incrowdsports.com/v1/matches/282786,282786,202401,Edinburgh Rugby,home,13,150632,Matt Currie,outside centre,starter
https://rugby-union-feeds.incrowdsports.com/v1/matches/282786,282786,202401,Edinburgh Rugby,home,9,161477,Ali Price,scrum half,starter
https://rugby-union-feeds.incrowdsports.com/v1/matches/282786,282786,202401,Edinburgh Rugby,home,5,156101,Grant Gilchrist,second row,starter
https://rugby-union-feeds.incrowdsports.com/v1/matches/282786,282786,202401,Edinburgh Rugby,home,1,196773,Pierre Schoeman,loosehead prop,starter
https://rugby-union-feeds.incrowdsports.com/v1/matches/282786,282786,202401,Edinburgh Rugby,home,8,156550,Magnus Bradbury,number eight,starter
https://rugby-union-feeds.incrowdsports.com/v1/matches/282786,282786,202401,Edinburgh Rugby,home,20,173990,Ben Muncaster,sub 5,replacement
https://rugby-union-feeds.incrowdsports.com/v1/matches/282786,282786,202401,Edinburgh Rugby,home,11,226090,Harry Paterson,left wing,starter
https://rugby-union-feeds.incrowdsports.com/v1/matches/282786,282786,202401,Edinburgh Rugby,home,7,184653,Hamish Watson,flanker,starter
https://rugby-union-feeds.incrowdsports.com/v1/matches/282786,282786,202401,Edinburgh Rugby,home,22,225774,Ben Healy,sub 7,replacement
https://rugby-union-feeds.incrowdsports.com/v1/matches/282786,282786,202401,Edinburgh Rugby,home,6,187982,Jamie Ritchie,flanker,starter
https://rugby-union-feeds.incrowdsports.com/v1/matches/282786,282786,202401,Edinburgh Rugby,home,12,217844,James Lang,inside centre,starter
https://rugby-union-feeds.incrowdsports.com/v1/matches/282786,282786,202401,Edinburgh Rugby,home,18,208595,Javan Sebastian,sub 3,replacement
https://rugby-union-feeds.incrowdsports.com/v1/matches/282786,282786,202401,Edinburgh Rugby,home,17,169560,Boan Venter,sub 2,replacement
https://rugby-union-feeds.incrowdsports.com/v1/matches/282786,282786,202401,Edinburgh Rugby,home,19,120984,Glen Young,sub 4,replacement
https://rugby-union-feeds.incrowdsports.com/v1/matches/282786,282786,202401,Edinburgh Rugby,home,14,164150,Darcy Graham,right wing,starter
https://rugby-union-feeds.incrowdsports.com/v1/matches/282786,282786,202401,Edinburgh Rugby,home,4,126711,Sam Skinner,second row,starter
https://rugby-union-feeds.incrowdsports.com/v1/matches/282786,282786,202401,Edinburgh Rugby,home,21,189686,Charlie Shiel,sub 6,replacement
https://rugby-union-feeds.incrowdsports.com/v1/matches/282786,282786,202401,Edinburgh Rugby,home,15,100826,Wes Goosen,full back,starter
https://rugby-union-feeds.incrowdsports.com/v1/matches/282786,282786,202401,Edinburgh Rugby,home,16,233243,Paddy Harrison,sub 1,replacement
https://rugby-union-feeds.incrowdsports.com/v1/matches/282786,282786,202401,Edinburgh Rugby,home,23,242778,Mosese Tuipulotu,sub 8,replacement
https://rugby-union-feeds.incrowdsports.com/v1/matches/282786,282786,202401,Edinburgh Rugby,home,3,172959,D'arcy Rae,tighthead prop,starter
https://rugby-union-feeds.incrowdsports.com/v1/matches/282786,282786,202401,Bath Rugby,away,7,104322,Sam Underhill,flanker,starter
https://rugby-union-feeds.incrowdsports.com/v1/matches/282786,282786,202401,Bath Rugby,away,12,210178,Will Butt,inside centre,starter
https://rugby-union-feeds.incrowdsports.com/v1/matches/282786,282786,202401,Bath Rugby,away,18,187169,Archie Griffin,sub 3,replacement
https://rugby-union-feeds.incrowdsports.com/v1/matches/282786,282786,202401,Bath Rugby,away,22,101123,Ciaran Donoghue,sub 7,replacement
https://rugby-union-feeds.incrowdsports.com/v1/matches/282786,282786,202401,Bath Rugby,away,10,157863,Finn Russell,fly half,starter
https://rugby-union-feeds.incrowdsports.com/v1/matches/282786,282786,202401,Bath Rugby,away,8,195208,Miles Reid,number eight,starter
https://rugby-union-feeds.incrowdsports.com/v1/matches/282786,282786,202401,Bath Rugby,away,14,179563,Joe Cokanasiga,right wing,starter
https://rugby-union-feeds.incrowdsports.com/v1/matches/282786,282786,202401,Bath Rugby,away,13,154219,Cameron Redpath,outside centre,starter
https://rugby-union-feeds.incrowdsports.com/v1/matches/282786,282786,202401,Bath Rugby,away,3,108714,Will Stuart,tighthead prop,starter
https://rugby-union-feeds.incrowdsports.com/v1/matches/282786,282786,202401,Bath Rugby,away,23,145484,Alfie Barbeary,sub 8,replacement
https://rugby-union-feeds.incrowdsports.com/v1/matches/282786,282786,202401,Bath Rugby,away,6,112684,Guy Pepper,flanker,starter
https://rugby-union-feeds.incrowdsports.com/v1/matches/282786,282786,202401,Bath Rugby,away,1,130283,Beno Obano,loosehead prop,starter
https://rugby-union-feeds.incrowdsports.com/v1/matches/282786,282786,202401,Bath Rugby,away,16,143754,Niall Annett,sub 1,replacement
https://rugby-union-feeds.incrowdsports.com/v1/matches/282786,282786,202401,Bath Rugby,away,9,111662,Ben Spencer,scrum half,starter
https://rugby-union-feeds.incrowdsports.com/v1/matches/282786,282786,202401,Bath Rugby,away,11,160272,Will Muir,left wing,starter
https://rugby-union-feeds.incrowdsports.com/v1/matches/282786,282786,202401,Bath Rugby,away,21,202868,Louis Schreuder,sub 6,replacement
https://rugby-union-feeds.incrowdsports.com/v1/matches/282786,282786,202401,Bath Rugby,away,2,225778,Tom Dunn,hooker,starter
https://rugby-union-feeds.incrowdsports.com/v1/matches/282786,282786,202401,Bath Rugby,away,20,184945,Ted Hill,sub 5,replacement
https://rugby-union-feeds.incrowdsports.com/v1/matches/282786,282786,202401,Bath Rugby,away,19,105205,Ross Molony,sub 4,replacement
https://rugby-union-feeds.incrowdsports.com/v1/matches/282786,282786,202401,Bath Rugby,away,17,104572,Thomas du Toit,sub 2,replacement
https://rugby-union-feeds.incrowdsports.com/v1/matches/282786,282786,202401,Bath Rugby,away,4,203360,Quinn Roux,second row,starter
https://rugby-union-feeds.incrowdsports.com/v1/matches/282786,282786,202401,Bath Rugby,away,5,196415,Charlie Ewels,second row,starter
https://rugby-union-feeds.incrowdsports.com/v1/matches/282786,282786,202401,Bath Rugby,away,15,153790,Tom de Glanville,full back,starter
https://rugby-union-feeds.incrowdsports.com/v1/matches/282785,282785,202401,Lyon O.U.,home,4,226180,Theo William,second row,starter
https://rugby-union-feeds.incrowdsports.com/v1/matches/282785,282785,202401,Lyon O.U.,home,14,224008,Vincent Rattez,right wing,starter
https://rugby-union-feeds.incrowdsports.com/v1/matches/282785,282785,202401,Lyon O.U.,home,21,161959,Maxime Gouzou,sub 6,replacement
https://rugby-union-feeds.incrowdsports.com/v1/matches/282785,282785,202401,Lyon O.U.,home,5,177800,Mickael Guillard,second row,starter
https://rugby-union-feeds.incrowdsports.com/v1/matches/282785,282785,202401,Lyon O.U.,home,2,181670,Guillaume Marchand,hooker,starter
https://rugby-union-feeds.incrowdsports.com/v1/matches/282785,282785,202401,Lyon O.U.,home,7,229445,Liam Allen,flanker,starter
https://rugby-union-feeds.incrowdsports.com/v1/matches/282785,282785,202401,Lyon O.U.,home,19,191142,Killian Geraci,sub 4,replacement
https://rugby-union-feeds.incrowdsports.com/v1/matches/282785,282785,202401,Lyon O.U.,home,20,116679,Beka Saginadze,sub 5,replacement
https://rugby-union-feeds.incrowdsports.com/v1/matches/282785,282785,202401,Lyon O.U.,home,9,141676,Baptiste Couilloud,scrum half,starter
https://rugby-union-feeds.incrowdsports.com/v1/matches/282785,282785,202401,Lyon O.U.,home,15,229552,Davit Niniashvili,full back,starter
https://rugby-union-feeds.incrowdsports.com/v1/matches/282785,282785,202401,Lyon O.U.,home,11,168463,Ethan Dumortier,left wing,starter
https://rugby-union-feeds.incrowdsports.com/v1/matches/282785,282785,202401,Lyon O.U.,home,17,146161,Jérôme Rey,sub 2,replacement
https://rugby-union-feeds.incrowdsports.com/v1/matches/282785,282785,202401,Lyon O.U.,home,3,134034,Jermaine Ainsley,tighthead prop,starter
https://rugby-union-feeds.incrowdsports.com/v1/matches/282785,282785,202401,Lyon O.U.,home,1,146999,Hamza Kaabeche,loosehead prop,starter
https://rugby-union-feeds.incrowdsports.com/v1/matches/282785,282785,202401,Lyon O.U.,home,18,138005,Cedate Gomes Sa,sub 3,replacement
https://rugby-union-feeds.incrowdsports.com/v1/matches/282785,282785,202401,Lyon O.U.,home,10,158838,Léo Berdeu,fly half,starter
https://rugby-union-feeds.incrowdsports.com/v1/matches/282785,282785,202401,Lyon O.U.,home,6,189910,Dylan Cretin,flanker,starter
https://rugby-union-feeds.incrowdsports.com/v1/matches/282785,282785,202401,Lyon O.U.,home,22,110169,Charlie Cassang,sub 7,replacement
https://rugby-union-feeds.incrowdsports.com/v1/matches/282785,282785,202401,Lyon O.U.,home,8,163743,Arno Botha,number eight,starter
https://rugby-union-feeds.incrowdsports.com/v1/matches/282785,282785,202401,Lyon O.U.,home,16,237888,Yanis Charcosset,sub 1,replacement
https://rugby-union-feeds.incrowdsports.com/v1/matches/282785,282785,202401,Lyon O.U.,home,13,223422,Josiah Maraku,outside centre,starter
https://rugby-union-feeds.incrowdsports.com/v1/matches/282785,282785,202401,Lyon O.U.,home,12,203198,Theo Millet,inside centre,starter
https://rugby-union-feeds.incrowdsports.com/v1/matches/282785,282785,202401,Lyon O.U.,home,23,241309,Martin Meliande,sub 8,replacement
https://rugby-union-feeds.incrowdsports.com/v1/matches/282785,282785,202401,Racing 92,away,9,109697,Nolann le Garrec,scrum half,starter
https://rugby-union-feeds.incrowdsports.com/v1/matches/282785,282785,202401,Racing 92,away,12,179047,Owen Farrell,inside centre,starter
https://rugby-union-feeds.incrowdsports.com/v1/matches/282785,282785,202401,Racing 92,away,6,237222,Maxime Baudonne,flanker,starter
https://rugby-union-feeds.incrowdsports.com/v1/matches/282785,282785,202401,Racing 92,away,17,104008,Guram Gogichashvili,sub 2,replacement
https://rugby-union-feeds.incrowdsports.com/v1/matches/282785,282785,202401,Racing 92,away,20,250502,Kleo Labarbe,sub 5,replacement
https://rugby-union-feeds.incrowdsports.com/v1/matches/282785,282785,202401,Racing 92,away,11,184521,Donovan Taofifenua,left wing,starter
https://rugby-union-feeds.incrowdsports.com/v1/matches/282785,282785,202401,Racing 92,away,10,158570,Dan Lancaster,fly half,starter
https://rugby-union-feeds.incrowdsports.com/v1/matches/282785,282785,202401,Racing 92,away,18,200911,Thomas Laclayat,sub 3,replacement
https://rugby-union-feeds.incrowdsports.com/v1/matches/282785,282785,202401,Racing 92,away,23,240623,Vinaya Habosi,sub 8,replacement
https://rugby-union-feeds.incrowdsports.com/v1/matches/282785,282785,202401,Racing 92,away,3,190190,Lee-Marvin Mazibuko,tighthead prop,starter
https://rugby-union-feeds.incrowdsports.com/v1/matches/282785,282785,202401,Racing 92,away,22,179604,Josua Tuisova,sub 7,replacement
https://rugby-union-feeds.incrowdsports.com/v1/matches/282785,282785,202401,Racing 92,away,2,103315,Diego Escobar,hooker,starter
https://rugby-union-feeds.incrowdsports.com/v1/matches/282785,282785,202401,Racing 92,away,4,150610,Boris Palu,second row,starter
https://rugby-union-feeds.incrowdsports.com/v1/matches/282785,282785,202401,Racing 92,away,5,209425,Will Rowlands,second row,starter
https://rugby-union-feeds.incrowdsports.com/v1/matches/282785,282785,202401,Racing 92,away,8,179735,Cameron Woki,number eight,starter
https://rugby-union-feeds.incrowdsports.com/v1/matches/282785,282785,202401,Racing 92,away,7,242935,Junior Kpoku,flanker,starter
https://rugby-union-feeds.incrowdsports.com/v1/matches/282785,282785,202401,Racing 92,away,14,111864,Max Spring,right wing,starter
https://rugby-union-feeds.incrowdsports.com/v1/matches/282785,282785,202401,Racing 92,away,19,128343,Jordan Joseph,sub 4,replacement
https://rugby-union-feeds.incrowdsports.com/v1/matches/282785,282785,202401,Racing 92,away,13,199515,Gael Fickou,outside centre,starter
https://rugby-union-feeds.incrowdsports.com/v1/matches/282785,282785,202401,Racing 92,away,1,196763,Eddy Ben Arous,loosehead prop,starter
https://rugby-union-feeds.incrowdsports.com/v1/matches/282785,282785,202401,Racing 92,away,15,144986,Tristan Tedder,full back,starter
https://rugby-union-feeds.incrowdsports.com/v1/matches/282785,282785,202401,Racing 92,away,16,136573,Janick Tarrit,sub 1,replacement
https://rugby-union-feeds.incrowdsports.com/v1/matches/282785,282785,202401,Racing 92,away,21,215421,Antoine Gibert,sub 6,replacement
https://rugby-union-feeds.incrowdsports.com/v1/matches/282787,282787,202401,Bath Rugby,home,13,175011,Max Ojomoh,outside centre,starter
https://rugby-union-feeds.incrowdsports.com/v1/matches/282787,282787,202401,Bath Rugby,home,7,104322,Sam Underhill,flanker,starter
https://rugby-union-feeds.incrowdsports.com/v1/matches/282787,282787,202401,Bath Rugby,home,12,210178,Will Butt,inside centre,starter
https://rugby-union-feeds.incrowdsports.com/v1/matches/282787,282787,202401,Bath Rugby,home,21,156834,Tom Carr-Smith,sub 6,replacement
https://rugby-union-feeds.incrowdsports.com/v1/matches/282787,282787,202401,Bath Rugby,home,22,101123,Ciaran Donoghue,sub 7,replacement
https://rugby-union-feeds.incrowdsports.com/v1/matches/282787,282787,202401,Bath Rugby,home,10,157863,Finn Russell,fly half,starter
https://rugby-union-feeds.incrowdsports.com/v1/matches/282787,282787,202401,Bath Rugby,home,8,195208,Miles Reid,number eight,starter
https://rugby-union-feeds.incrowdsports.com/v1/matches/282787,282787,202401,Bath Rugby,home,14,179563,Joe Cokanasiga,right wing,starter
https://rugby-union-feeds.incrowdsports.com/v1/matches/282787,282787,202401,Bath Rugby,home,3,108714,Will Stuart,tighthead prop,starter
https://rugby-union-feeds.incrowdsports.com/v1/matches/282787,282787,202401,Bath Rugby,home,23,145484,Alfie Barbeary,sub 8,replacement
https://rugby-union-feeds.incrowdsports.com/v1/matches/282787,282787,202401,Bath Rugby,home,20,112684,Guy Pepper,sub 5,replacement
https://rugby-union-feeds.incrowdsports.com/v1/matches/282787,282787,202401,Bath Rugby,home,1,130283,Beno Obano,loosehead prop,starter
https://rugby-union-feeds.incrowdsports.com/v1/matches/282787,282787,202401,Bath Rugby,home,16,143754,Niall Annett,sub 1,replacement
https://rugby-union-feeds.incrowdsports.com/v1/matches/282787,282787,202401,Bath Rugby,home,9,111662,Ben Spencer,scrum half,starter
https://rugby-union-feeds.incrowdsports.com/v1/matches/282787,282787,202401,Bath Rugby,home,11,160272,Will Muir,left wing,starter
https://rugby-union-feeds.incrowdsports.com/v1/matches/282787,282787,202401,Bath Rugby,home,2,225778,Tom Dunn,hooker,starter
https://rugby-union-feeds.incrowdsports.com/v1/matches/282787,282787,202401,Bath Rugby,home,6,184945,Ted Hill,flanker,starter
https://rugby-union-feeds.incrowdsports.com/v1/matches/282787,282787,202401,Bath Rugby,home,17,116821,Francois van Wyk,sub 2,replacement
https://rugby-union-feeds.incrowdsports.com/v1/matches/282787,282787,202401,Bath Rugby,home,19,105205,Ross Molony,sub 4,replacement
https://rugby-union-feeds.incrowdsports.com/v1/matches/282787,282787,202401,Bath Rugby,home,18,104572,Thomas du Toit,sub 3,replacement
https://rugby-union-feeds.incrowdsports.com/v1/matches/282787,282787,202401,Bath Rugby,home,4,203360,Quinn Roux,second row,starter
https://rugby-union-feeds.incrowdsports.com/v1/matches/282787,282787,202401,Bath Rugby,home,5,196415,Charlie Ewels,second row,starter
https://rugby-union-feeds.incrowdsports.com/v1/matches/282787,282787,202401,Bath Rugby,home,15,153790,Tom de Glanville,full back,starter
https://rugby-union-feeds.incrowdsports.com/v1/matches/282787,282787,202401,Lyon O.U.,away,4,226180,Theo William,second row,starter
https://rugby-union-feeds.incrowdsports.com/v1/matches/282787,282787,202401,Lyon O.U.,away,18,237091,Irakli Aptsiauri,sub 3,replacement
https://rugby-union-feeds.incrowdsports.com/v1/matches/282787,282787,202401,Lyon O.U.,away,19,112612,Félix Lambey,sub 4,replacement
https://rugby-union-feeds.incrowdsports.com/v1/matches/282787,282787,202401,Lyon O.U.,away,14,224008,Vincent Rattez,right wing,starter
https://rugby-union-feeds.incrowdsports.com/v1/matches/282787,282787,202401,Lyon O.U.,away,21,161959,Maxime Gouzou,sub 6,replacement
https://rugby-union-feeds.incrowdsports.com/v1/matches/282787,282787,202401,Lyon O.U.,away,5,177800,Mickael Guillard,second row,starter
https://rugby-union-feeds.incrowdsports.com/v1/matches/282787,282787,202401,Lyon O.U.,away,7,116679,Beka Saginadze,flanker,starter
https://rugby-union-feeds.incrowdsports.com/v1/matches/282787,282787,202401,Lyon O.U.,away,16,181670,Guillaume Marchand,sub 1,replacement
https://rugby-union-feeds.incrowdsports.com/v1/matches/282787,282787,202401,Lyon O.U.,away,20,229445,Liam Allen,sub 5,replacement
https://rugby-union-feeds.incrowdsports.com/v1/matches/282787,282787,202401,Lyon O.U.,away,9,141676,Baptiste Couilloud,scrum half,starter
https://rugby-union-feeds.incrowdsports.com/v1/matches/282787,282787,202401,Lyon O.U.,away,2,173002,Camille Chat,hooker,starter
https://rugby-union-feeds.incrowdsports.com/v1/matches/282787,282787,202401,Lyon O.U.,away,15,229552,Davit Niniashvili,full back,starter
https://rugby-union-feeds.incrowdsports.com/v1/matches/282787,282787,202401,Lyon O.U.,away,11,168463,Ethan Dumortier,left wing,starter
https://rugby-union-feeds.incrowdsports.com/v1/matches/282787,282787,202401,Lyon O.U.,away,22,229647,Martin Page-Relo,sub 7,replacement
https://rugby-union-feeds.incrowdsports.com/v1/matches/282787,282787,202401,Lyon O.U.,away,1,146161,Jérôme Rey,loosehead prop,starter
https://rugby-union-feeds.incrowdsports.com/v1/matches/282787,282787,202401,Lyon O.U.,away,3,134034,Jermaine Ainsley,tighthead prop,starter
https://rugby-union-feeds.incrowdsports.com/v1/matches/282787,282787,202401,Lyon O.U.,away,17,146999,Hamza Kaabeche,sub 2,replacement
https://rugby-union-feeds.incrowdsports.com/v1/matches/282787,282787,202401,Lyon O.U.,away,10,158838,Léo Berdeu,fly half,starter
https://rugby-union-feeds.incrowdsports.com/v1/matches/282787,282787,202401,Lyon O.U.,away,6,189910,Dylan Cretin,flanker,starter
https://rugby-union-feeds.incrowdsports.com/v1/matches/282787,282787,202401,Lyon O.U.,away,8,163743,Arno Botha,number eight,starter
https://rugby-union-feeds.incrowdsports.com/v1/matches/282787,282787,202401,Lyon O.U.,away,13,223422,Josiah Maraku,outside centre,starter
https://rugby-union-feeds.incrowdsports.com/v1/matches/282787,282787,202401,Lyon O.U.,away,12,203198,Theo Millet,inside centre,starter
https://rugby-union-feeds.incrowdsports.com/v1/matches/282787,282787,202401,Lyon O.U.,away,23,241309,Martin Meliande,sub 8,replacement
https://rugby-union-feeds.incrowdsports.com/v1/matches/288424,288424,202501,Ulster Rugby,home,15,122020,Jacob Stockdale,full back,starter
https://rugby-union-feeds.incrowdsports.com/v1/matches/288424,288424,202501,Ulster Rugby,home,1,202850,Sam Crean,loosehead prop,starter
https://rugby-union-feeds.incrowdsports.com/v1/matches/288424,288424,202501,Ulster Rugby,home,9,176354,Nathan Doak,scrum half,starter
https://rugby-union-feeds.incrowdsports.com/v1/matches/288424,288424,202501,Ulster Rugby,home,19,245249,Joe Hopes,sub 4,replacement
https://rugby-union-feeds.incrowdsports.com/v1/matches/288424,288424,202501,Ulster Rugby,home,3,224426,Tom O'Toole,tighthead prop,starter
https://rugby-union-feeds.incrowdsports.com/v1/matches/288424,288424,202501,Ulster Rugby,home,11,109259,Zac Ward,left wing,starter
https://rugby-union-feeds.incrowdsports.com/v1/matches/288424,288424,202501,Ulster Rugby,home,8,199728,Juarno Augustus,number eight,starter
https://rugby-union-feeds.incrowdsports.com/v1/matches/288424,288424,202501,Ulster Rugby,home,22,153552,Jake Flannery,sub 7,replacement
https://rugby-union-feeds.incrowdsports.com/v1/matches/288424,288424,202501,Ulster Rugby,home,14,175150,Robert Baloucoune,right wing,starter
https://rugby-union-feeds.incrowdsports.com/v1/matches/288424,288424,202501,Ulster Rugby,home,7,193134,Nick Timoney,flanker,starter
https://rugby-union-feeds.incrowdsports.com/v1/matches/288424,288424,202501,Ulster Rugby,home,2,191796,Rob Herring,hooker,starter
https://rugby-union-feeds.incrowdsports.com/v1/matches/288424,288424,202501,Ulster Rugby,home,6,147444,Dave McCann,flanker,starter
https://rugby-union-feeds.incrowdsports.com/v1/matches/288424,288424,202501,Ulster Rugby,home,20,250771,Bryn Ward,sub 5,replacement
https://rugby-union-feeds.incrowdsports.com/v1/matches/288424,288424,202501,Ulster Rugby,home,21,186322,Conor McKee,sub 6,replacement
https://rugby-union-feeds.incrowdsports.com/v1/matches/288424,288424,202501,Ulster Rugby,home,10,250773,Jack Murphy,fly half,starter
https://rugby-union-feeds.incrowdsports.com/v1/matches/288424,288424,202501,Ulster Rugby,home,13,213180,James Hume,outside centre,starter
https://rugby-union-feeds.incrowdsports.com/v1/matches/288424,288424,202501,Ulster Rugby,home,12,237244,Jude Postlethwaite,inside centre,starter
https://rugby-union-feeds.incrowdsports.com/v1/matches/288424,288424,202501,Ulster Rugby,home,23,189788,Stewart Moore,sub 8,replacement
https://rugby-union-feeds.incrowdsports.com/v1/matches/288424,288424,202501,Ulster Rugby,home,18,240473,Scott Wilson,sub 3,replacement
https://rugby-union-feeds.incrowdsports.com/v1/matches/288424,288424,202501,Ulster Rugby,home,17,146815,Angus Bell,sub 2,replacement
https://rugby-union-feeds.incrowdsports.com/v1/matches/288424,288424,202501,Ulster Rugby,home,4,237247,Harry Sheridan,second row,starter
https://rugby-union-feeds.incrowdsports.com/v1/matches/288424,288424,202501,Ulster Rugby,home,5,241694,Charlie Irvine,second row,starter
https://rugby-union-feeds.incrowdsports.com/v1/matches/288424,288424,202501,Ulster Rugby,home,16,197246,Tom Stewart,sub 1,replacement
https://rugby-union-feeds.incrowdsports.com/v1/matches/288424,288424,202501,Racing 92,away,8,122465,Lekima Tagitagivalu,number eight,starter
https://rugby-union-feeds.incrowdsports.com/v1/matches/288424,288424,202501,Racing 92,away,9,250502,Kleo Labarbe,scrum half,starter
https://rugby-union-feeds.incrowdsports.com/v1/matches/288424,288424,202501,Racing 92,away,19,237222,Maxime Baudonne,sub 4,replacement
https://rugby-union-feeds.incrowdsports.com/v1/matches/288424,288424,202501,Racing 92,away,20,137093,Jonny Hill,sub 5,replacement
https://rugby-union-feeds.incrowdsports.com/v1/matches/288424,288424,202501,Racing 92,away,13,179787,Sam James,outside centre,starter
https://rugby-union-feeds.incrowdsports.com/v1/matches/288424,288424,202501,Racing 92,away,15,187980,Geronimo Prisciantelli,full back,starter
https://rugby-union-feeds.incrowdsports.com/v1/matches/288424,288424,202501,Racing 92,away,17,245454,Herman Coetzee,sub 2,replacement
https://rugby-union-feeds.incrowdsports.com/v1/matches/288424,288424,202501,Racing 92,away,2,258004,Yanis Basse,hooker,starter
https://rugby-union-feeds.incrowdsports.com/v1/matches/288424,288424,202501,Racing 92,away,1,254579,Edouard Jabea Njocke,loosehead prop,starter
https://rugby-union-feeds.incrowdsports.com/v1/matches/288424,288424,202501,Racing 92,away,12,254450,Vladi Ashvetia,inside centre,starter
https://rugby-union-feeds.incrowdsports.com/v1/matches/288424,288424,202501,Racing 92,away,3,114612,Gia Kharaishvili,tighthead prop,starter
https://rugby-union-feeds.incrowdsports.com/v1/matches/288424,288424,202501,Racing 92,away,5,209425,Will Rowlands,second row,starter
https://rugby-union-feeds.incrowdsports.com/v1/matches/288424,288424,202501,Racing 92,away,16,103315,Diego Escobar,sub 1,replacement
https://rugby-union-feeds.incrowdsports.com/v1/matches/288424,288424,202501,Racing 92,away,14,255704,Nolann Donguy,right wing,starter
https://rugby-union-feeds.incrowdsports.com/v1/matches/288424,288424,202501,Racing 92,away,4,242935,Junior Kpoku,second row,starter
https://rugby-union-feeds.incrowdsports.com/v1/matches/288424,288424,202501,Racing 92,away,18,254581,Lehopoame Leota,sub 3,replacement
https://rugby-union-feeds.incrowdsports.com/v1/matches/288424,288424,202501,Racing 92,away,7,246812,Noa Zinzen,flanker,starter
https://rugby-union-feeds.incrowdsports.com/v1/matches/288424,288424,202501,Racing 92,away,11,238619,Wilfried Hulleu,left wing,starter
https://rugby-union-feeds.incrowdsports.com/v1/matches/288424,288424,202501,Racing 92,away,21,257498,Auguste Albuisson,sub 6,replacement
https://rugby-union-feeds.incrowdsports.com/v1/matches/288424,288424,202501,Racing 92,away,23,254464,Arthur Espeut,sub 8,replacement
https://rugby-union-feeds.incrowdsports.com/v1/matches/288424,288424,202501,Racing 92,away,6,180224,Fabien Sanconnie,flanker,starter
https://rugby-union-feeds.incrowdsports.com/v1/matches/288424,288424,202501,Racing 92,away,22,243934,Leo Carbonneau,sub 7,replacement
https://rugby-union-feeds.incrowdsports.com/v1/matches/288424,288424,202501,Racing 92,away,10,215421,Antoine Gibert,fly half,starter
https://rugby-union-feeds.incrowdsports.com/v1/matches/288426,288426,202501,Fidelity SecureDrive Lions,home,8,173411,Francke Horn,number eight,starter
https://rugby-union-feeds.incrowdsports.com/v1/matches/288426,288426,202501,Fidelity SecureDrive Lions,home,10,187073,Chris Smith,fly half,starter
https://rugby-union-feeds.incrowdsports.com/v1/matches/288426,288426,202501,Fidelity SecureDrive Lions,home,14,245377,Kelly Mpeku,right wing,starter
https://rugby-union-feeds.incrowdsports.com/v1/matches/288426,288426,202501,Fidelity SecureDrive Lions,home,13,217921,Erich Cronje,outside centre,starter
https://rugby-union-feeds.incrowdsports.com/v1/matches/288426,288426,202501,Fidelity SecureDrive Lions,home,7,240001,Ruan Venter,flanker,starter
https://rugby-union-feeds.incrowdsports.com/v1/matches/288426,288426,202501,Fidelity SecureDrive Lions,home,1,246823,SJ Kotze,loosehead prop,starter
https://rugby-union-feeds.incrowdsports.com/v1/matches/288426,288426,202501,Fidelity SecureDrive Lions,home,19,162251,Darrien Landsberg,sub 4,replacement
https://rugby-union-feeds.incrowdsports.com/v1/matches/288426,288426,202501,Fidelity SecureDrive Lions,home,23,154411,Gianni Lombard,sub 8,replacement
https://rugby-union-feeds.incrowdsports.com/v1/matches/288426,288426,202501,Fidelity SecureDrive Lions,home,3,223242,Asenathi Ntlabakanye,tighthead prop,starter
https://rugby-union-feeds.incrowdsports.com/v1/matches/288426,288426,202501,Fidelity SecureDrive Lions,home,11,123019,Eduan Keyter,left wing,starter
https://rugby-union-feeds.incrowdsports.com/v1/matches/288426,288426,202501,Fidelity SecureDrive Lions,home,9,191534,Morne van den Berg,scrum half,starter
https://rugby-union-feeds.incrowdsports.com/v1/matches/288426,288426,202501,Fidelity SecureDrive Lions,home,2,162483,Franco Marais,hooker,starter
https://rugby-union-feeds.incrowdsports.com/v1/matches/288426,288426,202501,Fidelity SecureDrive Lions,home,17,240020,Eddie Davids,sub 2,replacement
https://rugby-union-feeds.incrowdsports.com/v1/matches/288426,288426,202501,Fidelity SecureDrive Lions,home,16,218003,Morne Brandon,sub 1,replacement
https://rugby-union-feeds.incrowdsports.com/v1/matches/288426,288426,202501,Fidelity SecureDrive Lions,home,15,236722,Quan Horn,full back,starter
https://rugby-union-feeds.incrowdsports.com/v1/matches/288426,288426,202501,Fidelity SecureDrive Lions,home,4,194774,Etienne Oosthuizen,second row,starter
https://rugby-union-feeds.incrowdsports.com/v1/matches/288426,288426,202501,Fidelity SecureDrive Lions,home,12,245660,Bronson Mills,inside centre,starter
https://rugby-union-feeds.incrowdsports.com/v1/matches/288426,288426,202501,Fidelity SecureDrive Lions,home,21,237083,Nico Steyn,sub 6,replacement
https://rugby-union-feeds.incrowdsports.com/v1/matches/288426,288426,202501,Fidelity SecureDrive Lions,home,6,239993,Jarod Cairns,flanker,starter
https://rugby-union-feeds.incrowdsports.com/v1/matches/288426,288426,202501,Fidelity SecureDrive Lions,home,5,186239,Reinhard Nothnagel,second row,starter
https://rugby-union-feeds.incrowdsports.com/v1/matches/288426,288426,202501,Fidelity SecureDrive Lions,home,18,252480,RF Schoeman,sub 3,replacement
https://rugby-union-feeds.incrowdsports.com/v1/matches/288426,288426,202501,Fidelity SecureDrive Lions,home,20,245376,Renzo du Plessis,sub 5,replacement
https://rugby-union-feeds.incrowdsports.com/v1/matches/288426,288426,202501,Fidelity SecureDrive Lions,home,22,157600,Richard Kriel,sub 7,replacement
https://rugby-union-feeds.incrowdsports.com/v1/matches/288426,288426,202501,Benetton Rugby,away,2,236899,Bautista Bernasconi,hooker,starter
https://rugby-union-feeds.incrowdsports.com/v1/matches/288426,288426,202501,Benetton Rugby,away,11,192769,Ignacio Mendy,left wing,starter
https://rugby-union-feeds.incrowdsports.com/v1/matches/288426,288426,202501,Benetton Rugby,away,5,209634,Eli Snyman,second row,starter
https://rugby-union-feeds.incrowdsports.com/v1/matches/288426,288426,202501,Benetton Rugby,away,18,174824,Giosue Zilocchi,sub 3,replacement
https://rugby-union-feeds.incrowdsports.com/v1/matches/288426,288426,202501,Benetton Rugby,away,1,151109,Thomas Gallo,loosehead prop,starter
https://rugby-union-feeds.incrowdsports.com/v1/matches/288426,288426,202501,Benetton Rugby,away,10,157030,Jacob Umaga,fly half,starter
https://rugby-union-feeds.incrowdsports.com/v1/matches/288426,288426,202501,Benetton Rugby,away,4,208272,Niccolo Cannone,second row,starter
https://rugby-union-feeds.incrowdsports.com/v1/matches/288426,288426,202501,Benetton Rugby,away,17,237231,Mirco Spagnolo,sub 2,replacement
https://rugby-union-feeds.incrowdsports.com/v1/matches/288426,288426,202501,Benetton Rugby,away,19,103440,Federico Ruzza,sub 4,replacement
https://rugby-union-feeds.incrowdsports.com/v1/matches/288426,288426,202501,Benetton Rugby,away,6,161390,Manuel Zuliani,flanker,starter
https://rugby-union-feeds.incrowdsports.com/v1/matches/288426,288426,202501,Benetton Rugby,away,20,198867,So'otala Fa'aso'o,sub 5,replacement
https://rugby-union-feeds.incrowdsports.com/v1/matches/288426,288426,202501,Benetton Rugby,away,16,244754,Nicholas Gasperini,sub 1,replacement
https://rugby-union-feeds.incrowdsports.com/v1/matches/288426,288426,202501,Benetton Rugby,away,14,209105,Louis Lynagh,right wing,starter
https://rugby-union-feeds.incrowdsports.com/v1/matches/288426,288426,202501,Benetton Rugby,away,8,216977,Alessandro Izekor,number eight,starter
https://rugby-union-feeds.incrowdsports.com/v1/matches/288426,288426,202501,Benetton Rugby,away,9,111797,Andy Uren,scrum half,starter
https://rugby-union-feeds.incrowdsports.com/v1/matches/288426,288426,202501,Benetton Rugby,away,13,229557,Tommaso Menoncello,outside centre,starter
https://rugby-union-feeds.incrowdsports.com/v1/matches/288426,288426,202501,Benetton Rugby,away,3,192476,Simone Ferrari,tighthead prop,starter
https://rugby-union-feeds.incrowdsports.com/v1/matches/288426,288426,202501,Benetton Rugby,away,15,218240,Rhyno Smith,full back,starter
https://rugby-union-feeds.incrowdsports.com/v1/matches/288426,288426,202501,Benetton Rugby,away,21,174208,Riccardo Favretto,sub 6,replacement
https://rugby-union-feeds.incrowdsports.com/v1/matches/288426,288426,202501,Benetton Rugby,away,23,202239,Tomas Albornoz,sub 8,replacement
https://rugby-union-feeds.incrowdsports.com/v1/matches/288426,288426,202501,Benetton Rugby,away,12,236606,Leonardo Marin,inside centre,starter
https://rugby-union-feeds.incrowdsports.com/v1/matches/288426,288426,202501,Benetton Rugby,away,7,120191,Michele Lamaro,flanker,starter
https://rugby-union-feeds.incrowdsports.com/v1/matches/288426,288426,202501,Benetton Rugby,away,22,236573,Alessandro Garbisi,sub 7,replacement
https://rugby-union-feeds.incrowdsports.com/v1/matches/288425,288425,202501,Stade Francais Paris,home,14,249764,Charles Laloi,right wing,starter
https://rugby-union-feeds.incrowdsports.com/v1/matches/288425,288425,202501,Stade Francais Paris,home,7,187331,Ryan Chapuis,flanker,starter
https://rugby-union-feeds.incrowdsports.com/v1/matches/288425,288425,202501,Stade Francais Paris,home,1,237090,Sergo Abramishvili,loosehead prop,starter
https://rugby-union-feeds.incrowdsports.com/v1/matches/288425,288425,202501,Stade Francais Paris,home,6,173505,Tanginoa Halaifonua,flanker,starter
https://rugby-union-feeds.incrowdsports.com/v1/matches/288425,288425,202501,Stade Francais Paris,home,21,249986,Noah Nene,sub 6,replacement
https://rugby-union-feeds.incrowdsports.com/v1/matches/288425,288425,202501,Stade Francais Paris,home,20,254017,Thibaut Motassi,sub 5,replacement
https://rugby-union-feeds.incrowdsports.com/v1/matches/288425,288425,202501,Stade Francais Paris,home,22,229640,Joe Jonas,sub 7,replacement
https://rugby-union-feeds.incrowdsports.com/v1/matches/288425,288425,202501,Stade Francais Paris,home,11,115461,Lester Etien,left wing,starter
https://rugby-union-feeds.incrowdsports.com/v1/matches/288425,288425,202501,Stade Francais Paris,home,10,229511,Louis Foursans-Bourdette,fly half,starter
https://rugby-union-feeds.incrowdsports.com/v1/matches/288425,288425,202501,Stade Francais Paris,home,12,208495,Julien Delbouis,inside centre,starter
https://rugby-union-feeds.incrowdsports.com/v1/matches/288425,288425,202501,Stade Francais Paris,home,3,254451,Braxton Asi,tighthead prop,starter
https://rugby-union-feeds.incrowdsports.com/v1/matches/288425,288425,202501,Stade Francais Paris,home,18,187476,Moses Alo-Emile,sub 3,replacement
https://rugby-union-feeds.incrowdsports.com/v1/matches/288425,288425,202501,Stade Francais Paris,home,17,225522,Jack Iscaro,sub 2,replacement
https://rugby-union-feeds.incrowdsports.com/v1/matches/288425,288425,202501,Stade Francais Paris,home,2,118165,Giacomo Nicotera,hooker,starter
https://rugby-union-feeds.incrowdsports.com/v1/matches/288425,288425,202501,Stade Francais Paris,home,5,178805,Pierre-Henri Azagoh,second row,starter
https://rugby-union-feeds.incrowdsports.com/v1/matches/288425,288425,202501,Stade Francais Paris,home,23,253910,Setareki Turagacoke,sub 8,replacement
https://rugby-union-feeds.incrowdsports.com/v1/matches/288425,288425,202501,Stade Francais Paris,home,9,209339,Paul Abadie,scrum half,starter
https://rugby-union-feeds.incrowdsports.com/v1/matches/288425,288425,202501,Stade Francais Paris,home,8,197050,Yoan Tanga,number eight,starter
https://rugby-union-feeds.incrowdsports.com/v1/matches/288425,288425,202501,Stade Francais Paris,home,19,244160,Juan Martin Scelzo,sub 4,replacement
https://rugby-union-feeds.incrowdsports.com/v1/matches/288425,288425,202501,Stade Francais Paris,home,4,128128,Paul Gabrillagues,second row,starter
https://rugby-union-feeds.incrowdsports.com/v1/matches/288425,288425,202501,Stade Francais Paris,home,16,249694,Alvaro Garcia Albo,sub 1,replacement
https://rugby-union-feeds.incrowdsports.com/v1/matches/288425,288425,202501,Stade Francais Paris,home,15,249981,Mathis Ibo,full back,starter
https://rugby-union-feeds.incrowdsports.com/v1/matches/288425,288425,202501,Stade Francais Paris,home,13,122943,Joe Marchant,outside centre,starter
https://rugby-union-feeds.incrowdsports.com/v1/matches/288425,288425,202501,Cardiff Rugby,away,15,249923,Matty Young,full back,starter
https://rugby-union-feeds.incrowdsports.com/v1/matches/288425,288425,202501,Cardiff Rugby,away,4,139876,Josh McNally,second row,starter
https://rugby-union-feeds.incrowdsports.com/v1/matches/288425,288425,202501,Cardiff Rugby,away,12,248802,Steff Emanuel,inside centre,starter
https://rugby-union-feeds.incrowdsports.com/v1/matches/288425,288425,202501,Cardiff Rugby,away,21,239298,Ieuan Davies,sub 6,replacement
https://rugby-union-feeds.incrowdsports.com/v1/matches/288425,288425,202501,Cardiff Rugby,away,9,202470,Ellis Bevan,scrum half,starter
https://rugby-union-feeds.incrowdsports.com/v1/matches/288425,288425,202501,Cardiff Rugby,away,1,240454,Rhys Barratt,loosehead prop,starter
https://rugby-union-feeds.incrowdsports.com/v1/matches/288425,288425,202501,Cardiff Rugby,away,23,251365,Elijah Evans,sub 8,replacement
https://rugby-union-feeds.incrowdsports.com/v1/matches/288425,288425,202501,Cardiff Rugby,away,3,167563,Sam Wainwright,tighthead prop,starter
https://rugby-union-feeds.incrowdsports.com/v1/matches/288425,288425,202501,Cardiff Rugby,away,6,214124,James Botham,flanker,starter
https://rugby-union-feeds.incrowdsports.com/v1/matches/288425,288425,202501,Cardiff Rugby,away,19,135435,George Nott,sub 4,replacement
https://rugby-union-feeds.incrowdsports.com/v1/matches/288425,288425,202501,Cardiff Rugby,away,10,135370,Ioan Lloyd,fly half,starter
https://rugby-union-feeds.incrowdsports.com/v1/matches/288425,288425,202501,Cardiff Rugby,away,16,204560,Dafydd Hughes,sub 1,replacement
https://rugby-union-feeds.incrowdsports.com/v1/matches/288425,288425,202501,Cardiff Rugby,away,20,113101,Dan Thomas,sub 5,replacement
https://rugby-union-feeds.incrowdsports.com/v1/matches/288425,288425,202501,Cardiff Rugby,away,14,103056,Mason Grady,right wing,starter
https://rugby-union-feeds.incrowdsports.com/v1/matches/288425,288425,202501,Cardiff Rugby,away,13,152686,Cornel Smit,outside centre,starter
https://rugby-union-feeds.incrowdsports.com/v1/matches/288425,288425,202501,Cardiff Rugby,away,8,131470,Alun Lawrence,number eight,starter
https://rugby-union-feeds.incrowdsports.com/v1/matches/288425,288425,202501,Cardiff Rugby,away,17,244500,Ioan Emanuel,sub 2,replacement
https://rugby-union-feeds.incrowdsports.com/v1/matches/288425,288425,202501,Cardiff Rugby,away,18,208595,Javan Sebastian,sub 3,replacement
https://rugby-union-feeds.incrowdsports.com/v1/matches/288425,288425,202501,Cardiff Rugby,away,7,181073,Taine Basham,flanker,starter
https://rugby-union-feeds.incrowdsports.com/v1/matches/288425,288425,202501,Cardiff Rugby,away,5,105267,Rory Thornton,second row,starter
https://rugby-union-feeds.incrowdsports.com/v1/matches/288425,288425,202501,Cardiff Rugby,away,22,246811,Harri Wilde,sub 7,replacement
https://rugby-union-feeds.incrowdsports.com/v1/matches/288425,288425,202501,Cardiff Rugby,away,2,237274,Evan Lloyd,hooker,starter
https://rugby-union-feeds.incrowdsports.com/v1/matches/288425,288425,202501,Cardiff Rugby,away,11,235997,Iwan Stephens,left wing,starter
https://rugby-union-feeds.incrowdsports.com/v1/matches/288428,288428,202501,Black Lion,home,11,237092,Shalva Aptsiauri,left wing,starter
https://rugby-union-feeds.incrowdsports.com/v1/matches/288428,288428,202501,Black Lion,home,19,246020,Giorgi Nikoladze,sub 4,replacement
https://rugby-union-feeds.incrowdsports.com/v1/matches/288428,288428,202501,Black Lion,home,1,165281,Nika Khatiashvili,loosehead prop,starter
https://rugby-union-feeds.incrowdsports.com/v1/matches/288428,288428,202501,Black Lion,home,10,246024,Luka Tsirekidze,fly half,starter
https://rugby-union-feeds.incrowdsports.com/v1/matches/288428,288428,202501,Black Lion,home,5,124998,Demuri Epremidze,second row,starter
https://rugby-union-feeds.incrowdsports.com/v1/matches/288428,288428,202501,Black Lion,home,15,252234,Luka Takaishvili,full back,starter
https://rugby-union-feeds.incrowdsports.com/v1/matches/288428,288428,202501,Black Lion,home,16,122604,Shalva Mamukashvili,sub 1,replacement
https://rugby-union-feeds.incrowdsports.com/v1/matches/288428,288428,202501,Black Lion,home,23,195465,Sandro Todua,sub 8,replacement
https://rugby-union-feeds.incrowdsports.com/v1/matches/288428,288428,202501,Black Lion,home,4,147024,Mikheil Babunashvili,second row,starter
https://rugby-union-feeds.incrowdsports.com/v1/matches/288428,288428,202501,Black Lion,home,8,253551,Giorgi Sinauridze,number eight,starter
https://rugby-union-feeds.incrowdsports.com/v1/matches/288428,288428,202501,Black Lion,home,7,120463,Giorgi Tsutskiridze,flanker,starter
https://rugby-union-feeds.incrowdsports.com/v1/matches/288428,288428,202501,Black Lion,home,9,238516,Tengiz Peranidze,scrum half,starter
https://rugby-union-feeds.incrowdsports.com/v1/matches/288428,288428,202501,Black Lion,home,12,237105,Tornike Kakhoidze,inside centre,starter
https://rugby-union-feeds.incrowdsports.com/v1/matches/288428,288428,202501,Black Lion,home,17,195383,Vasil Kakovin,sub 2,replacement
https://rugby-union-feeds.incrowdsports.com/v1/matches/288428,288428,202501,Black Lion,home,14,161398,Akaki Tabutsadze,right wing,starter
https://rugby-union-feeds.incrowdsports.com/v1/matches/288428,288428,202501,Black Lion,home,3,258490,Kakhaber Darbaidze,tighthead prop,starter
https://rugby-union-feeds.incrowdsports.com/v1/matches/288428,288428,202501,Black Lion,home,18,243482,Giorgi Chkhartishvili,sub 3,replacement
https://rugby-union-feeds.incrowdsports.com/v1/matches/288428,288428,202501,Black Lion,home,20,241722,Giorgi Kervalishvili,sub 5,replacement
https://rugby-union-feeds.incrowdsports.com/v1/matches/288428,288428,202501,Black Lion,home,6,160282,Sandro Mamamtavrishvili,flanker,starter
https://rugby-union-feeds.incrowdsports.com/v1/matches/288428,288428,202501,Black Lion,home,22,252025,Giorgi Spenderashvili,sub 7,replacement
https://rugby-union-feeds.incrowdsports.com/v1/matches/288428,288428,202501,Black Lion,home,13,212544,Demi Tapladze,outside centre,starter
https://rugby-union-feeds.incrowdsports.com/v1/matches/288428,288428,202501,Black Lion,home,2,126080,Irakli Kvatadze,hooker,starter
https://rugby-union-feeds.incrowdsports.com/v1/matches/288428,288428,202501,Black Lion,home,21,237117,Lasha Tsikhistavi,sub 6,replacement
https://rugby-union-feeds.incrowdsports.com/v1/matches/288428,288428,202501,Montpellier,away,1,248932,Valentin Welsch,loosehead prop,starter
https://rugby-union-feeds.incrowdsports.com/v1/matches/288428,288428,202501,Montpellier,away,12,237155,Justo Piccardo,inside centre,starter
https://rugby-union-feeds.incrowdsports.com/v1/matches/288428,288428,202501,Montpellier,away,3,109220,Mohamed Haouas,tighthead prop,starter
https://rugby-union-feeds.incrowdsports.com/v1/matches/288428,288428,202501,Montpellier,away,8,241442,Alex Masibaka,number eight,starter
https://rugby-union-feeds.incrowdsports.com/v1/matches/288428,288428,202501,Montpellier,away,5,256646,Nils Punti,second row,starter
https://rugby-union-feeds.incrowdsports.com/v1/matches/288428,288428,202501,Montpellier,away,23,143333,Lennox Anyanwu,sub 8,replacement
https://rugby-union-feeds.incrowdsports.com/v1/matches/288428,288428,202501,Montpellier,away,9,258860,Tom Baraer,scrum half,starter
https://rugby-union-feeds.incrowdsports.com/v1/matches/288428,288428,202501,Montpellier,away,16,198027,Ricky Riccitelli,sub 1,replacement
https://rugby-union-feeds.incrowdsports.com/v1/matches/288428,288428,202501,Montpellier,away,13,233066,Auguste Cadot,outside centre,starter
https://rugby-union-feeds.incrowdsports.com/v1/matches/288428,288428,202501,Montpellier,away,11,184521,Donovan Taofifenua,left wing,starter
https://rugby-union-feeds.incrowdsports.com/v1/matches/288428,288428,202501,Montpellier,away,7,152393,Marco Tauleigne,flanker,starter
https://rugby-union-feeds.incrowdsports.com/v1/matches/288428,288428,202501,Montpellier,away,15,193262,Thomas Darmon,full back,starter
https://rugby-union-feeds.incrowdsports.com/v1/matches/288428,288428,202501,Montpellier,away,20,258861,Djibril Sissako,sub 5,replacement
https://rugby-union-feeds.incrowdsports.com/v1/matches/288428,288428,202501,Montpellier,away,2,175415,Jordan Uelese,hooker,starter
https://rugby-union-feeds.incrowdsports.com/v1/matches/288428,288428,202501,Montpellier,away,17,236888,Nika Abuladze,sub 2,replacement
https://rugby-union-feeds.incrowdsports.com/v1/matches/288428,288428,202501,Montpellier,away,18,133687,Christopher Tolofua,sub 3,replacement
https://rugby-union-feeds.incrowdsports.com/v1/matches/288428,288428,202501,Montpellier,away,19,206267,Bastien Chalureau,sub 4,replacement
https://rugby-union-feeds.incrowdsports.com/v1/matches/288428,288428,202501,Montpellier,away,14,101948,Madosh Tambwe,right wing,starter
https://rugby-union-feeds.incrowdsports.com/v1/matches/288428,288428,202501,Montpellier,away,4,141337,Florian Verhaeghe,second row,starter
https://rugby-union-feeds.incrowdsports.com/v1/matches/288428,288428,202501,Montpellier,away,10,195263,Stuart Hogg,fly half,starter
https://rugby-union-feeds.incrowdsports.com/v1/matches/288428,288428,202501,Montpellier,away,6,233216,Matthieu Uhila,flanker,starter
https://rugby-union-feeds.incrowdsports.com/v1/matches/288428,288428,202501,Montpellier,away,21,237823,Alexis Bernadet,sub 6,replacement
https://rugby-union-feeds.incrowdsports.com/v1/matches/288428,288428,202501,Montpellier,away,22,103743,Thomas Vincent,sub 7,replacement
https://rugby-union-feeds.incrowdsports.com/v1/matches/288427,288427,202501,Lyon O.U.,home,6,245027,Marvin Okuya,flanker,starter
https://rugby-union-feeds.incrowdsports.com/v1/matches/288427,288427,202501,Lyon O.U.,home,13,119110,Thibaut Regard,outside centre,starter
https://rugby-union-feeds.incrowdsports.com/v1/matches/288427,288427,202501,Lyon O.U.,home,20,161959,Maxime Gouzou,sub 5,replacement
https://rugby-union-feeds.incrowdsports.com/v1/matches/288427,288427,202501,Lyon O.U.,home,5,173864,Janse Roux,second row,starter
https://rugby-union-feeds.incrowdsports.com/v1/matches/288427,288427,202501,Lyon O.U.,home,2,170661,Mathis Sarragallet,hooker,starter
https://rugby-union-feeds.incrowdsports.com/v1/matches/288427,288427,202501,Lyon O.U.,home,4,191142,Killian Geraci,second row,starter
https://rugby-union-feeds.incrowdsports.com/v1/matches/288427,288427,202501,Lyon O.U.,home,16,181670,Guillaume Marchand,sub 1,replacement
https://rugby-union-feeds.incrowdsports.com/v1/matches/288427,288427,202501,Lyon O.U.,home,10,198219,Paddy Jackson,fly half,starter
https://rugby-union-feeds.incrowdsports.com/v1/matches/288427,288427,202501,Lyon O.U.,home,9,141676,Baptiste Couilloud,scrum half,starter
https://rugby-union-feeds.incrowdsports.com/v1/matches/288427,288427,202501,Lyon O.U.,home,1,237226,Thomas Moukoro,loosehead prop,starter
https://rugby-union-feeds.incrowdsports.com/v1/matches/288427,288427,202501,Lyon O.U.,home,23,203881,Alfred Parisien,sub 8,replacement
https://rugby-union-feeds.incrowdsports.com/v1/matches/288427,288427,202501,Lyon O.U.,home,11,168463,Ethan Dumortier,left wing,starter
https://rugby-union-feeds.incrowdsports.com/v1/matches/288427,288427,202501,Lyon O.U.,home,8,256400,Lilian Baret,number eight,starter
https://rugby-union-feeds.incrowdsports.com/v1/matches/288427,288427,202501,Lyon O.U.,home,19,254509,Bartholome Sanson,sub 4,replacement
https://rugby-union-feeds.incrowdsports.com/v1/matches/288427,288427,202501,Lyon O.U.,home,17,146161,Jérôme Rey,sub 2,replacement
https://rugby-union-feeds.incrowdsports.com/v1/matches/288427,288427,202501,Lyon O.U.,home,3,138005,Cedate Gomes Sa,tighthead prop,starter
https://rugby-union-feeds.incrowdsports.com/v1/matches/288427,288427,202501,Lyon O.U.,home,14,244764,Arthur Mathiron,right wing,starter
https://rugby-union-feeds.incrowdsports.com/v1/matches/288427,288427,202501,Lyon O.U.,home,18,251579,Ave Maalo,sub 3,replacement
https://rugby-union-feeds.incrowdsports.com/v1/matches/288427,288427,202501,Lyon O.U.,home,21,110169,Charlie Cassang,sub 6,replacement
https://rugby-union-feeds.incrowdsports.com/v1/matches/288427,288427,202501,Lyon O.U.,home,7,241369,Beka Shvangiradze,flanker,starter
https://rugby-union-feeds.incrowdsports.com/v1/matches/288427,288427,202501,Lyon O.U.,home,12,223422,Josiah Maraku,inside centre,starter
https://rugby-union-feeds.incrowdsports.com/v1/matches/288427,288427,202501,Lyon O.U.,home,22,245054,Iosefo Balewairiki,sub 7,replacement
https://rugby-union-feeds.incrowdsports.com/v1/matches/288427,288427,202501,Lyon O.U.,home,15,241309,Martin Meliande,full back,starter
https://rugby-union-feeds.incrowdsports.com/v1/matches/288427,288427,202501,Newcastle Red Bulls,away,7,218820,Tom Christie,flanker,starter
https://rugby-union-feeds.incrowdsports.com/v1/matches/288427,288427,202501,Newcastle Red Bulls,away,6,140708,Tom Gordon,flanker,starter
https://rugby-union-feeds.incrowdsports.com/v1/matches/288427,288427,202501,Newcastle Red Bulls,away,19,239553,Finn Baker,sub 4,replacement
https://rugby-union-feeds.incrowdsports.com/v1/matches/288427,288427,202501,Newcastle Red Bulls,away,2,163400,George McGuigan,hooker,starter
https://rugby-union-feeds.incrowdsports.com/v1/matches/288427,288427,202501,Newcastle Red Bulls,away,5,141000,Jamie Hodgson,second row,starter
https://rugby-union-feeds.incrowdsports.com/v1/matches/288427,288427,202501,Newcastle Red Bulls,away,10,205702,Brett Connon,fly half,starter
https://rugby-union-feeds.incrowdsports.com/v1/matches/288427,288427,202501,Newcastle Red Bulls,away,16,207081,Ollie Fletcher,sub 1,replacement
https://rugby-union-feeds.incrowdsports.com/v1/matches/288427,288427,202501,Newcastle Red Bulls,away,4,248979,Oscar Usher,second row,starter
https://rugby-union-feeds.incrowdsports.com/v1/matches/288427,288427,202501,Newcastle Red Bulls,away,22,127601,Cammy Hutchison,sub 7,replacement
https://rugby-union-feeds.incrowdsports.com/v1/matches/288427,288427,202501,Newcastle Red Bulls,away,11,165073,Harrison Obatoyinbo,left wing,starter
https://rugby-union-feeds.incrowdsports.com/v1/matches/288427,288427,202501,Newcastle Red Bulls,away,17,134737,Connor Hancock,sub 2,replacement
https://rugby-union-feeds.incrowdsports.com/v1/matches/288427,288427,202501,Newcastle Red Bulls,away,3,205585,Murray McCallum,tighthead prop,starter
https://rugby-union-feeds.incrowdsports.com/v1/matches/288427,288427,202501,Newcastle Red Bulls,away,9,137624,Sam Stuart,scrum half,starter
https://rugby-union-feeds.incrowdsports.com/v1/matches/288427,288427,202501,Newcastle Red Bulls,away,1,164792,Adam Brocklebank,loosehead prop,starter
https://rugby-union-feeds.incrowdsports.com/v1/matches/288427,288427,202501,Newcastle Red Bulls,away,14,222549,Oll Spencer,right wing,starter
https://rugby-union-feeds.incrowdsports.com/v1/matches/288427,288427,202501,Newcastle Red Bulls,away,12,144507,Ethan Grayson,inside centre,starter
https://rugby-union-feeds.incrowdsports.com/v1/matches/288427,288427,202501,Newcastle Red Bulls,away,20,157275,Cameron Neild,sub 5,replacement
https://rugby-union-feeds.incrowdsports.com/v1/matches/288427,288427,202501,Newcastle Red Bulls,away,23,249691,Stefan Coetzee,sub 8,replacement
https://rugby-union-feeds.incrowdsports.com/v1/matches/288427,288427,202501,Newcastle Red Bulls,away,15,150399,Boeta Chamberlain,full back,starter
https://rugby-union-feeds.incrowdsports.com/v1/matches/288427,288427,202501,Newcastle Red Bulls,away,13,199072,Alex Hearle,outside centre,starter
https://rugby-union-feeds.incrowdsports.com/v1/matches/288427,288427,202501,Newcastle Red Bulls,away,21,251584,Simon Benitez Cruz,sub 6,replacement
https://rugby-union-feeds.incrowdsports.com/v1/matches/288427,288427,202501,Newcastle Red Bulls,away,8,114429,Amanaki Mafi,number eight,starter
https://rugby-union-feeds.incrowdsports.com/v1/matches/288427,288427,202501,Newcastle Red Bulls,away,18,239550,Micky Rewcastle,sub 3,replacement
https://rugby-union-feeds.incrowdsports.com/v1/matches/288429,288429,202501,Zebre Parma,home,14,255396,Malik Faissal,right wing,starter
https://rugby-union-feeds.incrowdsports.com/v1/matches/288429,288429,202501,Zebre Parma,home,22,123396,Giulio Bertaccini,sub 7,replacement
https://rugby-union-feeds.incrowdsports.com/v1/matches/288429,288429,202501,Zebre Parma,home,7,125411,Bautista Stavile,flanker,starter
https://rugby-union-feeds.incrowdsports.com/v1/matches/288429,288429,202501,Zebre Parma,home,17,212065,Luca Franceschetto,sub 2,replacement
https://rugby-union-feeds.incrowdsports.com/v1/matches/288429,288429,202501,Zebre Parma,home,13,132743,Luca Morisi,outside centre,starter
https://rugby-union-feeds.incrowdsports.com/v1/matches/288429,288429,202501,Zebre Parma,home,9,134407,Alessandro Fusco,scrum half,starter
https://rugby-union-feeds.incrowdsports.com/v1/matches/288429,288429,202501,Zebre Parma,home,20,142725,Jacopo Bianchi,sub 5,replacement
https://rugby-union-feeds.incrowdsports.com/v1/matches/288429,288429,202501,Zebre Parma,home,4,245701,Franco Carrera,second row,starter
https://rugby-union-feeds.incrowdsports.com/v1/matches/288429,288429,202501,Zebre Parma,home,19,162380,Guido Volpi,sub 4,replacement
https://rugby-union-feeds.incrowdsports.com/v1/matches/288429,288429,202501,Zebre Parma,home,10,110354,Martin Roger Farias,fly half,starter
https://rugby-union-feeds.incrowdsports.com/v1/matches/288429,288429,202501,Zebre Parma,home,23,117174,Marco Zanon,sub 8,replacement
https://rugby-union-feeds.incrowdsports.com/v1/matches/288429,288429,202501,Zebre Parma,home,11,236566,Simone Gesi,left wing,starter
https://rugby-union-feeds.incrowdsports.com/v1/matches/288429,288429,202501,Zebre Parma,home,2,114424,Giampietro Ribaldi,hooker,starter
https://rugby-union-feeds.incrowdsports.com/v1/matches/288429,288429,202501,Zebre Parma,home,8,238037,Davide Odiase,number eight,starter
https://rugby-union-feeds.incrowdsports.com/v1/matches/288429,288429,202501,Zebre Parma,home,12,222395,Enrico Lucchin,inside centre,starter
https://rugby-union-feeds.incrowdsports.com/v1/matches/288429,288429,202501,Zebre Parma,home,6,236603,Giacomo Ferrari,flanker,starter
https://rugby-union-feeds.incrowdsports.com/v1/matches/288429,288429,202501,Zebre Parma,home,18,172284,Muhamed Hasa,sub 3,replacement
https://rugby-union-feeds.incrowdsports.com/v1/matches/288429,288429,202501,Zebre Parma,home,16,236602,Tommaso di Bartolomeo,sub 1,replacement
https://rugby-union-feeds.incrowdsports.com/v1/matches/288429,288429,202501,Zebre Parma,home,3,102875,Matteo Nocera,tighthead prop,starter
https://rugby-union-feeds.incrowdsports.com/v1/matches/288429,288429,202501,Zebre Parma,home,1,189407,Paolo Buonfiglio,loosehead prop,starter
https://rugby-union-feeds.incrowdsports.com/v1/matches/288429,288429,202501,Zebre Parma,home,15,201405,Giacomo da Re,full back,starter
https://rugby-union-feeds.incrowdsports.com/v1/matches/288429,288429,202501,Zebre Parma,home,5,212413,Leonardo Krumov,second row,starter
https://rugby-union-feeds.incrowdsports.com/v1/matches/288429,288429,202501,Zebre Parma,home,21,258493,Migael Prinsloo,sub 6,replacement
https://rugby-union-feeds.incrowdsports.com/v1/matches/288429,288429,202501,Montauban,away,6,244546,Corentin Coularis,flanker,starter
https://rugby-union-feeds.incrowdsports.com/v1/matches/288429,288429,202501,Montauban,away,7,243841,Kyllian Ringuet,flanker,starter
https://rugby-union-feeds.incrowdsports.com/v1/matches/288429,288429,202501,Montauban,away,13,240870,Romain Fonnicola,outside centre,starter
https://rugby-union-feeds.incrowdsports.com/v1/matches/288429,288429,202501,Montauban,away,12,252933,Gibson Popoali'i,inside centre,starter
https://rugby-union-feeds.incrowdsports.com/v1/matches/288429,288429,202501,Montauban,away,5,233132,Noa Kanika,second row,starter
https://rugby-union-feeds.incrowdsports.com/v1/matches/288429,288429,202501,Montauban,away,20,210921,Joe Powell,sub 5,replacement
https://rugby-union-feeds.incrowdsports.com/v1/matches/288429,288429,202501,Montauban,away,18,210189,Vaea Fifita,sub 3,replacement
https://rugby-union-feeds.incrowdsports.com/v1/matches/288429,288429,202501,Montauban,away,15,122578,Thomas Larregain,full back,starter
https://rugby-union-feeds.incrowdsports.com/v1/matches/288429,288429,202501,Montauban,away,22,258867,Gade Asaeli,sub 7,replacement
https://rugby-union-feeds.incrowdsports.com/v1/matches/288429,288429,202501,Montauban,away,21,258866,Merlin Leflamand,sub 6,replacement
https://rugby-union-feeds.incrowdsports.com/v1/matches/288429,288429,202501,Montauban,away,23,233202,Valentin Simutoga,sub 8,replacement
https://rugby-union-feeds.incrowdsports.com/v1/matches/288429,288429,202501,Montauban,away,2,144434,Kevin Firmin,hooker,starter
https://rugby-union-feeds.incrowdsports.com/v1/matches/288429,288429,202501,Montauban,away,16,176951,Jeremie Maurouard,sub 1,replacement
https://rugby-union-feeds.incrowdsports.com/v1/matches/288429,288429,202501,Montauban,away,17,105847,Lucas Seyrolle,sub 2,replacement
https://rugby-union-feeds.incrowdsports.com/v1/matches/288429,288429,202501,Montauban,away,14,229660,Stephane Ahmed,right wing,starter
https://rugby-union-feeds.incrowdsports.com/v1/matches/288429,288429,202501,Montauban,away,1,229820,Nugzar Somkhishvili,loosehead prop,starter
https://rugby-union-feeds.incrowdsports.com/v1/matches/288429,288429,202501,Montauban,away,11,174492,Segundo Tuculet,left wing,starter
https://rugby-union-feeds.incrowdsports.com/v1/matches/288429,288429,202501,Montauban,away,4,191676,Karl Wilkins,second row,starter
https://rugby-union-feeds.incrowdsports.com/v1/matches/288429,288429,202501,Montauban,away,10,197536,Jerome Bosviel,fly half,starter
https://rugby-union-feeds.incrowdsports.com/v1/matches/288429,288429,202501,Montauban,away,3,198688,Facundo Pomponio,tighthead prop,starter
https://rugby-union-feeds.incrowdsports.com/v1/matches/288429,288429,202501,Montauban,away,19,154751,Tyrone Viiga,sub 4,replacement
https://rugby-union-feeds.incrowdsports.com/v1/matches/288429,288429,202501,Montauban,away,9,251103,Mael Castel,scrum half,starter
https://rugby-union-feeds.incrowdsports.com/v1/matches/288429,288429,202501,Montauban,away,8,112800,Sikhumbuzo Notshe,number eight,starter
https://rugby-union-feeds.incrowdsports.com/v1/matches/288430,288430,202501,Perpignan,home,12,186243,Duncan Paia'aua,inside centre,starter
https://rugby-union-feeds.incrowdsports.com/v1/matches/288430,288430,202501,Perpignan,home,5,244548,Bastien Chinarro,second row,starter
https://rugby-union-feeds.incrowdsports.com/v1/matches/288430,288430,202501,Perpignan,home,10,254054,Gabin Kretchmann,fly half,starter
https://rugby-union-feeds.incrowdsports.com/v1/matches/288430,288430,202501,Perpignan,home,3,216038,Nemo Roelofse,tighthead prop,starter
https://rugby-union-feeds.incrowdsports.com/v1/matches/288430,288430,202501,Perpignan,home,19,251941,Davit Lagvilava,sub 4,replacement
https://rugby-union-feeds.incrowdsports.com/v1/matches/288430,288430,202501,Perpignan,home,1,145004,Giorgi Tetrashvili,loosehead prop,starter
https://rugby-union-feeds.incrowdsports.com/v1/matches/288430,288430,202501,Perpignan,home,4,154921,Matteo le Corvec,second row,starter
https://rugby-union-feeds.incrowdsports.com/v1/matches/288430,288430,202501,Perpignan,home,16,233161,Victor Montgaillard,sub 1,replacement
https://rugby-union-feeds.incrowdsports.com/v1/matches/288430,288430,202501,Perpignan,home,18,229673,Akato Fakatika,sub 3,replacement
https://rugby-union-feeds.incrowdsports.com/v1/matches/288430,288430,202501,Perpignan,home,22,250089,Job Poulet,sub 7,replacement
https://rugby-union-feeds.incrowdsports.com/v1/matches/288430,288430,202501,Perpignan,home,13,183088,Freddy Duguivalu,outside centre,starter
https://rugby-union-feeds.incrowdsports.com/v1/matches/288430,288430,202501,Perpignan,home,7,187982,Jamie Ritchie,flanker,starter
https://rugby-union-feeds.incrowdsports.com/v1/matches/288430,288430,202501,Perpignan,home,14,229236,Tavite Veredamu,right wing,starter
https://rugby-union-feeds.incrowdsports.com/v1/matches/288430,288430,202501,Perpignan,home,9,116177,James Hall,scrum half,starter
https://rugby-union-feeds.incrowdsports.com/v1/matches/288430,288430,202501,Perpignan,home,8,246033,Andro Dvali,number eight,starter
https://rugby-union-feeds.incrowdsports.com/v1/matches/288430,288430,202501,Perpignan,home,23,256401,Mayron Fahy,sub 8,replacement
https://rugby-union-feeds.incrowdsports.com/v1/matches/288430,288430,202501,Perpignan,home,2,205847,Sama Malolo,hooker,starter
https://rugby-union-feeds.incrowdsports.com/v1/matches/288430,288430,202501,Perpignan,home,11,240572,Jefferson Joseph,left wing,starter
https://rugby-union-feeds.incrowdsports.com/v1/matches/288430,288430,202501,Perpignan,home,15,190393,Jordan Petaia,full back,starter
https://rugby-union-feeds.incrowdsports.com/v1/matches/288430,288430,202501,Perpignan,home,17,148825,Bruce Devaux,sub 2,replacement
https://rugby-union-feeds.incrowdsports.com/v1/matches/288430,288430,202501,Perpignan,home,20,188346,Jaco van Tonder,sub 5,replacement
https://rugby-union-feeds.incrowdsports.com/v1/matches/288430,288430,202501,Perpignan,home,21,160800,Gela Aprasidze,sub 6,replacement
https://rugby-union-feeds.incrowdsports.com/v1/matches/288430,288430,202501,Perpignan,home,6,126367,Mahamadou Diaby,flanker,starter
https://rugby-union-feeds.incrowdsports.com/v1/matches/288430,288430,202501,Dragons RFC,away,21,241731,Che Hope,sub 6,replacement
https://rugby-union-feeds.incrowdsports.com/v1/matches/288430,288430,202501,Dragons RFC,away,23,180932,Ewan Rosser,sub 8,replacement
https://rugby-union-feeds.incrowdsports.com/v1/matches/288430,288430,202501,Dragons RFC,away,5,144545,Ben Carter,second row,starter
https://rugby-union-feeds.incrowdsports.com/v1/matches/288430,288430,202501,Dragons RFC,away,12,240577,Joe Westwood,inside centre,starter
https://rugby-union-feeds.incrowdsports.com/v1/matches/288430,288430,202501,Dragons RFC,away,10,211713,Angus O'Brien,fly half,starter
https://rugby-union-feeds.incrowdsports.com/v1/matches/288430,288430,202501,Dragons RFC,away,7,117478,Thomas Young,flanker,starter
https://rugby-union-feeds.incrowdsports.com/v1/matches/288430,288430,202501,Dragons RFC,away,1,105189,Rodrigo Martinez,loosehead prop,starter
https://rugby-union-feeds.incrowdsports.com/v1/matches/288430,288430,202501,Dragons RFC,away,11,138569,Rio Dyer,left wing,starter
https://rugby-union-feeds.incrowdsports.com/v1/matches/288430,288430,202501,Dragons RFC,away,8,235184,Mackenzie Martin,number eight,starter
https://rugby-union-feeds.incrowdsports.com/v1/matches/288430,288430,202501,Dragons RFC,away,13,132173,Dai Richards,outside centre,starter
https://rugby-union-feeds.incrowdsports.com/v1/matches/288430,288430,202501,Dragons RFC,away,4,198669,Matthew Screech,second row,starter
https://rugby-union-feeds.incrowdsports.com/v1/matches/288430,288430,202501,Dragons RFC,away,6,128722,Shane Lewis-Hughes,flanker,starter
https://rugby-union-feeds.incrowdsports.com/v1/matches/288430,288430,202501,Dragons RFC,away,3,196212,Luke Yendle,tighthead prop,starter
https://rugby-union-feeds.incrowdsports.com/v1/matches/288430,288430,202501,Dragons RFC,away,22,138161,Tinus de Beer,sub 7,replacement
https://rugby-union-feeds.incrowdsports.com/v1/matches/288430,288430,202501,Dragons RFC,away,14,214615,Fine Inisi,right wing,starter
https://rugby-union-feeds.incrowdsports.com/v1/matches/288430,288430,202501,Dragons RFC,away,16,242903,Will Austin,sub 1,replacement
https://rugby-union-feeds.incrowdsports.com/v1/matches/288430,288430,202501,Dragons RFC,away,19,249751,Barny Langton-Cryer,sub 4,replacement
https://rugby-union-feeds.incrowdsports.com/v1/matches/288430,288430,202501,Dragons RFC,away,18,219995,Rob Hunt,sub 3,replacement
https://rugby-union-feeds.incrowdsports.com/v1/matches/288430,288430,202501,Dragons RFC,away,2,244730,Sam Scarfe,hooker,starter
https://rugby-union-feeds.incrowdsports.com/v1/matches/288430,288430,202501,Dragons RFC,away,17,244729,Dylan Kelleher-Griffiths,sub 2,replacement
https://rugby-union-feeds.incrowdsports.com/v1/matches/288430,288430,202501,Dragons RFC,away,15,101982,Cai Evans,full back,starter
https://rugby-union-feeds.incrowdsports.com/v1/matches/288430,288430,202501,Dragons RFC,away,9,224767,Rhodri Williams,scrum half,starter
https://rugby-union-feeds.incrowdsports.com/v1/matches/288430,288430,202501,Dragons RFC,away,20,103136,Harrison Keddie,sub 5,replacement
https://rugby-union-feeds.incrowdsports.com/v1/matches/288431,288431,202501,Ospreys,home,14,229377,Daniel Kasende,right wing,starter
https://rugby-union-feeds.incrowdsports.com/v1/matches/288431,288431,202501,Ospreys,home,10,240455,Dan Edwards,fly half,starter
https://rugby-union-feeds.incrowdsports.com/v1/matches/288431,288431,202501,Ospreys,home,6,185640,James Ratti,flanker,starter
https://rugby-union-feeds.incrowdsports.com/v1/matches/288431,288431,202501,Ospreys,home,19,239628,Huw Sutton,sub 4,replacement
https://rugby-union-feeds.incrowdsports.com/v1/matches/288431,288431,202501,Ospreys,home,21,238220,Luke Davies,sub 6,replacement
https://rugby-union-feeds.incrowdsports.com/v1/matches/288431,288431,202501,Ospreys,home,22,137451,Max Nagy,sub 7,replacement
https://rugby-union-feeds.incrowdsports.com/v1/matches/288431,288431,202501,Ospreys,home,4,224395,Rhys Davies,second row,starter
https://rugby-union-feeds.incrowdsports.com/v1/matches/288431,288431,202501,Ospreys,home,2,153033,Sam Parry,hooker,starter
https://rugby-union-feeds.incrowdsports.com/v1/matches/288431,288431,202501,Ospreys,home,13,166922,Evradi Boshoff,outside centre,starter
https://rugby-union-feeds.incrowdsports.com/v1/matches/288431,288431,202501,Ospreys,home,5,112751,Ryan Smith,second row,starter
https://rugby-union-feeds.incrowdsports.com/v1/matches/288431,288431,202501,Ospreys,home,9,119506,Reuben Morgan-Williams,scrum half,starter
https://rugby-union-feeds.incrowdsports.com/v1/matches/288431,288431,202501,Ospreys,home,16,244852,Lewis Lloyd,sub 1,replacement
https://rugby-union-feeds.incrowdsports.com/v1/matches/288431,288431,202501,Ospreys,home,8,152404,Ross Moriarty,number eight,starter
https://rugby-union-feeds.incrowdsports.com/v1/matches/288431,288431,202501,Ospreys,home,18,128817,Rhys Henry,sub 3,replacement
https://rugby-union-feeds.incrowdsports.com/v1/matches/288431,288431,202501,Ospreys,home,7,237266,Harri Deaves,flanker,starter
https://rugby-union-feeds.incrowdsports.com/v1/matches/288431,288431,202501,Ospreys,home,11,240760,Iestyn Hopkins,left wing,starter
https://rugby-union-feeds.incrowdsports.com/v1/matches/288431,288431,202501,Ospreys,home,12,215223,Phil Cokanasiga,inside centre,starter
https://rugby-union-feeds.incrowdsports.com/v1/matches/288431,288431,202501,Ospreys,home,1,174357,Garyn Phillips,loosehead prop,starter
https://rugby-union-feeds.incrowdsports.com/v1/matches/288431,288431,202501,Ospreys,home,3,177365,Tom Botha,tighthead prop,starter
https://rugby-union-feeds.incrowdsports.com/v1/matches/288431,288431,202501,Ospreys,home,15,229242,Jack Walsh,full back,starter
https://rugby-union-feeds.incrowdsports.com/v1/matches/288431,288431,202501,Ospreys,home,17,139232,Gareth Thomas,sub 2,replacement
https://rugby-union-feeds.incrowdsports.com/v1/matches/288431,288431,202501,Ospreys,home,23,166301,Keelan Giles,sub 8,replacement
https://rugby-union-feeds.incrowdsports.com/v1/matches/288431,288431,202501,Ospreys,home,20,245181,Gwilym Evans,sub 5,replacement
https://rugby-union-feeds.incrowdsports.com/v1/matches/288431,288431,202501,Connacht Rugby,away,13,187970,Sam Gilbert,outside centre,starter
https://rugby-union-feeds.incrowdsports.com/v1/matches/288431,288431,202501,Connacht Rugby,away,19,244039,Darragh Murray,sub 4,replacement
https://rugby-union-feeds.incrowdsports.com/v1/matches/288431,288431,202501,Connacht Rugby,away,6,216844,Josh Murphy,flanker,starter
https://rugby-union-feeds.incrowdsports.com/v1/matches/288431,288431,202501,Connacht Rugby,away,5,164748,David O'Connor,second row,starter
https://rugby-union-feeds.incrowdsports.com/v1/matches/288431,288431,202501,Connacht Rugby,away,23,241963,Harry West,sub 8,replacement
https://rugby-union-feeds.incrowdsports.com/v1/matches/288431,288431,202501,Connacht Rugby,away,17,123372,Jordan Duggan,sub 2,replacement
https://rugby-union-feeds.incrowdsports.com/v1/matches/288431,288431,202501,Connacht Rugby,away,14,129867,Shane Jennings,right wing,starter
https://rugby-union-feeds.incrowdsports.com/v1/matches/288431,288431,202501,Connacht Rugby,away,2,213737,Dave Heffernan,hooker,starter
https://rugby-union-feeds.incrowdsports.com/v1/matches/288431,288431,202501,Connacht Rugby,away,4,106352,Joe Joyce,second row,starter
https://rugby-union-feeds.incrowdsports.com/v1/matches/288431,288431,202501,Connacht Rugby,away,10,111826,Jack Carty,fly half,starter
https://rugby-union-feeds.incrowdsports.com/v1/matches/288431,288431,202501,Connacht Rugby,away,3,115762,Finlay Bealham,tighthead prop,starter
https://rugby-union-feeds.incrowdsports.com/v1/matches/288431,288431,202501,Connacht Rugby,away,16,237236,Eoin de Buitlear,sub 1,replacement
https://rugby-union-feeds.incrowdsports.com/v1/matches/288431,288431,202501,Connacht Rugby,away,18,162419,Jack Aungier,sub 3,replacement
https://rugby-union-feeds.incrowdsports.com/v1/matches/288431,288431,202501,Connacht Rugby,away,7,137489,Sean O'Brien,flanker,starter
https://rugby-union-feeds.incrowdsports.com/v1/matches/288431,288431,202501,Connacht Rugby,away,9,180856,Ben Murphy,scrum half,starter
https://rugby-union-feeds.incrowdsports.com/v1/matches/288431,288431,202501,Connacht Rugby,away,15,250780,Sean Naughton,full back,starter
https://rugby-union-feeds.incrowdsports.com/v1/matches/288431,288431,202501,Connacht Rugby,away,1,140665,Denis Buckley,loosehead prop,starter
https://rugby-union-feeds.incrowdsports.com/v1/matches/288431,288431,202501,Connacht Rugby,away,8,241018,Sean Jansen,number eight,starter
https://rugby-union-feeds.incrowdsports.com/v1/matches/288431,288431,202501,Connacht Rugby,away,20,200378,Paul Boyle,sub 5,replacement
https://rugby-union-feeds.incrowdsports.com/v1/matches/288431,288431,202501,Connacht Rugby,away,21,126014,Colm Reilly,sub 6,replacement
https://rugby-union-feeds.incrowdsports.com/v1/matches/288431,288431,202501,Connacht Rugby,away,22,253023,Sean Walsh,sub 7,replacement
https://rugby-union-feeds.incrowdsports.com/v1/matches/288431,288431,202501,Connacht Rugby,away,12,157406,Bundee Aki,inside centre,starter
https://rugby-union-feeds.incrowdsports.com/v1/matches/288431,288431,202501,Connacht Rugby,away,11,250781,Finn Treacy,left wing,starter
https://rugby-union-feeds.incrowdsports.com/v1/matches/288432,288432,202501,Exeter Chiefs,home,15,102180,Ben Hammersley,full back,starter
https://rugby-union-feeds.incrowdsports.com/v1/matches/288432,288432,202501,Exeter Chiefs,home,6,237000,Tom Hooper,flanker,starter
https://rugby-union-feeds.incrowdsports.com/v1/matches/288432,288432,202501,Exeter Chiefs,home,19,171271,Lewis Pearson,sub 4,replacement
https://rugby-union-feeds.incrowdsports.com/v1/matches/288432,288432,202501,Exeter Chiefs,home,9,117545,Charlie Chapman,scrum half,starter
https://rugby-union-feeds.incrowdsports.com/v1/matches/288432,288432,202501,Exeter Chiefs,home,17,201738,Will Goodrick-Clarke,sub 2,replacement
https://rugby-union-feeds.incrowdsports.com/v1/matches/288432,288432,202501,Exeter Chiefs,home,5,128750,Andrea Zambonin,second row,starter
https://rugby-union-feeds.incrowdsports.com/v1/matches/288432,288432,202501,Exeter Chiefs,home,21,208783,Tom Cairns,sub 6,replacement
https://rugby-union-feeds.incrowdsports.com/v1/matches/288432,288432,202501,Exeter Chiefs,home,12,185293,Len Ikitau,inside centre,starter
https://rugby-union-feeds.incrowdsports.com/v1/matches/288432,288432,202501,Exeter Chiefs,home,22,125136,Will Haydon-Wood,sub 7,replacement
https://rugby-union-feeds.incrowdsports.com/v1/matches/288432,288432,202501,Exeter Chiefs,home,18,188174,Jimmy Roots,sub 3,replacement
https://rugby-union-feeds.incrowdsports.com/v1/matches/288432,288432,202501,Exeter Chiefs,home,1,224659,Scott Sio,loosehead prop,starter
https://rugby-union-feeds.incrowdsports.com/v1/matches/288432,288432,202501,Exeter Chiefs,home,14,166737,Olly Woodburn,right wing,starter
https://rugby-union-feeds.incrowdsports.com/v1/matches/288432,288432,202501,Exeter Chiefs,home,4,237272,Dafydd Jenkins,second row,starter
https://rugby-union-feeds.incrowdsports.com/v1/matches/288432,288432,202501,Exeter Chiefs,home,8,170455,Greg Fisilau,number eight,starter
https://rugby-union-feeds.incrowdsports.com/v1/matches/288432,288432,202501,Exeter Chiefs,home,11,233237,Immanuel Feyi-Waboso,left wing,starter
https://rugby-union-feeds.incrowdsports.com/v1/matches/288432,288432,202501,Exeter Chiefs,home,23,199029,Dan John,sub 8,replacement
https://rugby-union-feeds.incrowdsports.com/v1/matches/288432,288432,202501,Exeter Chiefs,home,10,225024,Harvey Skinner,fly half,starter
https://rugby-union-feeds.incrowdsports.com/v1/matches/288432,288432,202501,Exeter Chiefs,home,13,138016,Henry Slade,outside centre,starter
https://rugby-union-feeds.incrowdsports.com/v1/matches/288432,288432,202501,Exeter Chiefs,home,20,243167,Kane James,sub 5,replacement
https://rugby-union-feeds.incrowdsports.com/v1/matches/288432,288432,202501,Exeter Chiefs,home,2,203166,Jack Yeandle,hooker,starter
https://rugby-union-feeds.incrowdsports.com/v1/matches/288432,288432,202501,Exeter Chiefs,home,3,249693,Bachuki Tchumbadze,tighthead prop,starter
https://rugby-union-feeds.incrowdsports.com/v1/matches/288432,288432,202501,Exeter Chiefs,home,7,124575,Ethan Roots,flanker,starter
https://rugby-union-feeds.incrowdsports.com/v1/matches/288432,288432,202501,Exeter Chiefs,home,16,213725,Joseph Dweba,sub 1,replacement
https://rugby-union-feeds.incrowdsports.com/v1/matches/288432,288432,202501,Toyota Cheetahs,away,18,249196,Francisco dos Reis,sub 3,replacement
https://rugby-union-feeds.incrowdsports.com/v1/matches/288432,288432,202501,Toyota Cheetahs,away,7,257515,Juan Venter,flanker,starter
https://rugby-union-feeds.incrowdsports.com/v1/matches/288432,288432,202501,Toyota Cheetahs,away,8,207435,Gideon van der Merwe,number eight,starter
https://rugby-union-feeds.incrowdsports.com/v1/matches/288432,288432,202501,Toyota Cheetahs,away,15,246826,Michael Annies,full back,starter
https://rugby-union-feeds.incrowdsports.com/v1/matches/288432,288432,202501,Toyota Cheetahs,away,10,172367,Jaco van der Walt,fly half,starter
https://rugby-union-feeds.incrowdsports.com/v1/matches/288432,288432,202501,Toyota Cheetahs,away,3,177263,Aranos Coetzee,tighthead prop,starter
https://rugby-union-feeds.incrowdsports.com/v1/matches/288432,288432,202501,Toyota Cheetahs,away,21,132560,Daniel Maartens,sub 6,replacement
https://rugby-union-feeds.incrowdsports.com/v1/matches/288432,288432,202501,Toyota Cheetahs,away,2,189358,Louis van der Westhuizen,hooker,starter
https://rugby-union-feeds.incrowdsports.com/v1/matches/288432,288432,202501,Toyota Cheetahs,away,16,245741,Vernon Paulo,sub 1,replacement
https://rugby-union-feeds.incrowdsports.com/v1/matches/288432,288432,202501,Toyota Cheetahs,away,23,237357,Cohen Jasper,sub 8,replacement
https://rugby-union-feeds.incrowdsports.com/v1/matches/288432,288432,202501,Toyota Cheetahs,away,4,150194,Carl Wegner,second row,starter
https://rugby-union-feeds.incrowdsports.com/v1/matches/288432,288432,202501,Toyota Cheetahs,away,17,241617,Tielman Nieuwoudt,sub 2,replacement
https://rugby-union-feeds.incrowdsports.com/v1/matches/288432,288432,202501,Toyota Cheetahs,away,12,239992,Zander du Plessis,inside centre,starter
https://rugby-union-feeds.incrowdsports.com/v1/matches/288432,288432,202501,Toyota Cheetahs,away,19,251544,Sisonke Vumazonke,sub 4,replacement
https://rugby-union-feeds.incrowdsports.com/v1/matches/288432,288432,202501,Toyota Cheetahs,away,14,240022,Munier Hartzenberg,right wing,starter
https://rugby-union-feeds.incrowdsports.com/v1/matches/288432,288432,202501,Toyota Cheetahs,away,22,252502,Jandre Nel,sub 7,replacement
https://rugby-union-feeds.incrowdsports.com/v1/matches/288432,288432,202501,Toyota Cheetahs,away,5,117465,Victor Sekekete,second row,starter
https://rugby-union-feeds.incrowdsports.com/v1/matches/288432,288432,202501,Toyota Cheetahs,away,13,251770,De-an Ackermann,outside centre,starter
https://rugby-union-feeds.incrowdsports.com/v1/matches/288432,288432,202501,Toyota Cheetahs,away,11,146847,Prince Nkabinde,left wing,starter
https://rugby-union-feeds.incrowdsports.com/v1/matches/288432,288432,202501,Toyota Cheetahs,away,9,174399,Marco Jansen van Vuren,scrum half,starter
https://rugby-union-feeds.incrowdsports.com/v1/matches/288432,288432,202501,Toyota Cheetahs,away,20,243807,Neels Volschenk,sub 5,replacement
https://rugby-union-feeds.incrowdsports.com/v1/matches/288432,288432,202501,Toyota Cheetahs,away,1,109919,Cameron Dawson,loosehead prop,starter
https://rugby-union-feeds.incrowdsports.com/v1/matches/288432,288432,202501,Toyota Cheetahs,away,6,252029,Pierre-Raymond Uys,flanker,starter
https://rugby-union-feeds.incrowdsports.com/v1/matches/288433,288433,202501,Montpellier,home,18,248932,Valentin Welsch,sub 3,replacement
https://rugby-union-feeds.incrowdsports.com/v1/matches/288433,288433,202501,Montpellier,home,5,105892,Adam Beard,second row,starter
https://rugby-union-feeds.incrowdsports.com/v1/matches/288433,288433,202501,Montpellier,home,8,241442,Alex Masibaka,number eight,starter
https://rugby-union-feeds.incrowdsports.com/v1/matches/288433,288433,202501,Montpellier,home,20,244802,Solomon Shand,sub 5,replacement
https://rugby-union-feeds.incrowdsports.com/v1/matches/288433,288433,202501,Montpellier,home,21,161477,Ali Price,sub 6,replacement
https://rugby-union-feeds.incrowdsports.com/v1/matches/288433,288433,202501,Montpellier,home,3,188619,Luka Japaridze,tighthead prop,starter
https://rugby-union-feeds.incrowdsports.com/v1/matches/288433,288433,202501,Montpellier,home,2,198027,Ricky Riccitelli,hooker,starter
https://rugby-union-feeds.incrowdsports.com/v1/matches/288433,288433,202501,Montpellier,home,12,233066,Auguste Cadot,inside centre,starter
https://rugby-union-feeds.incrowdsports.com/v1/matches/288433,288433,202501,Montpellier,home,6,152393,Marco Tauleigne,flanker,starter
https://rugby-union-feeds.incrowdsports.com/v1/matches/288433,288433,202501,Montpellier,home,19,233098,Tyler DuGuid,sub 4,replacement
https://rugby-union-feeds.incrowdsports.com/v1/matches/288433,288433,202501,Montpellier,home,17,213609,Enzo Forletta,sub 2,replacement
https://rugby-union-feeds.incrowdsports.com/v1/matches/288433,288433,202501,Montpellier,home,13,193262,Thomas Darmon,outside centre,starter
https://rugby-union-feeds.incrowdsports.com/v1/matches/288433,288433,202501,Montpellier,home,16,250834,Lyam Akrab,sub 1,replacement
https://rugby-union-feeds.incrowdsports.com/v1/matches/288433,288433,202501,Montpellier,home,9,184178,Leo Coly,scrum half,starter
https://rugby-union-feeds.incrowdsports.com/v1/matches/288433,288433,202501,Montpellier,home,1,236888,Nika Abuladze,loosehead prop,starter
https://rugby-union-feeds.incrowdsports.com/v1/matches/288433,288433,202501,Montpellier,home,7,175415,Jordan Uelese,flanker,starter
https://rugby-union-feeds.incrowdsports.com/v1/matches/288433,288433,202501,Montpellier,home,22,205560,Domingo Miotti,sub 7,replacement
https://rugby-union-feeds.incrowdsports.com/v1/matches/288433,288433,202501,Montpellier,home,23,254550,Jules Ducros,sub 8,replacement
https://rugby-union-feeds.incrowdsports.com/v1/matches/288433,288433,202501,Montpellier,home,14,172059,Gabriel N'Gandebe,right wing,starter
https://rugby-union-feeds.incrowdsports.com/v1/matches/288433,288433,202501,Montpellier,home,4,141337,Florian Verhaeghe,second row,starter
https://rugby-union-feeds.incrowdsports.com/v1/matches/288433,288433,202501,Montpellier,home,10,195263,Stuart Hogg,fly half,starter
https://rugby-union-feeds.incrowdsports.com/v1/matches/288433,288433,202501,Montpellier,home,15,103743,Thomas Vincent,full back,starter
https://rugby-union-feeds.incrowdsports.com/v1/matches/288433,288433,202501,Montpellier,home,11,244765,Mael Moustin,left wing,starter
https://rugby-union-feeds.incrowdsports.com/v1/matches/288433,288433,202501,Zebre Parma,away,14,255396,Malik Faissal,right wing,starter
https://rugby-union-feeds.incrowdsports.com/v1/matches/288433,288433,202501,Zebre Parma,away,6,161604,Davide Ruggeri,flanker,starter
https://rugby-union-feeds.incrowdsports.com/v1/matches/288433,288433,202501,Zebre Parma,away,15,236609,Lorenzo Pani,full back,starter
https://rugby-union-feeds.incrowdsports.com/v1/matches/288433,288433,202501,Zebre Parma,away,11,156674,Albert Batista,left wing,starter
https://rugby-union-feeds.incrowdsports.com/v1/matches/288433,288433,202501,Zebre Parma,away,13,132743,Luca Morisi,outside centre,starter
https://rugby-union-feeds.incrowdsports.com/v1/matches/288433,288433,202501,Zebre Parma,away,7,142725,Jacopo Bianchi,flanker,starter
https://rugby-union-feeds.incrowdsports.com/v1/matches/288433,288433,202501,Zebre Parma,away,20,245701,Franco Carrera,sub 5,replacement
https://rugby-union-feeds.incrowdsports.com/v1/matches/288433,288433,202501,Zebre Parma,away,4,162380,Guido Volpi,second row,starter
https://rugby-union-feeds.incrowdsports.com/v1/matches/288433,288433,202501,Zebre Parma,away,19,143500,Matteo Canali,sub 4,replacement
https://rugby-union-feeds.incrowdsports.com/v1/matches/288433,288433,202501,Zebre Parma,away,8,165741,Giovanni Licata,number eight,starter
https://rugby-union-feeds.incrowdsports.com/v1/matches/288433,288433,202501,Zebre Parma,away,22,110354,Martin Roger Farias,sub 7,replacement
https://rugby-union-feeds.incrowdsports.com/v1/matches/288433,288433,202501,Zebre Parma,away,12,207699,Damiano Mazza,inside centre,starter
https://rugby-union-feeds.incrowdsports.com/v1/matches/288433,288433,202501,Zebre Parma,away,16,115217,Shilo Klein,sub 1,replacement
https://rugby-union-feeds.incrowdsports.com/v1/matches/288433,288433,202501,Zebre Parma,away,2,241720,Giovanni Quattrini,hooker,starter
https://rugby-union-feeds.incrowdsports.com/v1/matches/288433,288433,202501,Zebre Parma,away,21,258392,Nikolaj Varottoj,sub 6,replacement
https://rugby-union-feeds.incrowdsports.com/v1/matches/288433,288433,202501,Zebre Parma,away,10,236598,Giovanni Montemauri,fly half,starter
https://rugby-union-feeds.incrowdsports.com/v1/matches/288433,288433,202501,Zebre Parma,away,17,172284,Muhamed Hasa,sub 2,replacement
https://rugby-union-feeds.incrowdsports.com/v1/matches/288433,288433,202501,Zebre Parma,away,23,222395,Enrico Lucchin,sub 8,replacement
https://rugby-union-feeds.incrowdsports.com/v1/matches/288433,288433,202501,Zebre Parma,away,3,102875,Matteo Nocera,tighthead prop,starter
https://rugby-union-feeds.incrowdsports.com/v1/matches/288433,288433,202501,Zebre Parma,away,1,189407,Paolo Buonfiglio,loosehead prop,starter
https://rugby-union-feeds.incrowdsports.com/v1/matches/288433,288433,202501,Zebre Parma,away,5,236608,Alessandro Ortombina,second row,starter
https://rugby-union-feeds.incrowdsports.com/v1/matches/288433,288433,202501,Zebre Parma,away,9,258493,Migael Prinsloo,scrum half,starter
https://rugby-union-feeds.incrowdsports.com/v1/matches/288433,288433,202501,Zebre Parma,away,18,236605,Riccardo Genovese,sub 3,replacement
https://rugby-union-feeds.incrowdsports.com/v1/matches/288434,288434,202501,Benetton Rugby,home,2,236899,Bautista Bernasconi,hooker,starter
https://rugby-union-feeds.incrowdsports.com/v1/matches/288434,288434,202501,Benetton Rugby,home,11,192769,Ignacio Mendy,left wing,starter
https://rugby-union-feeds.incrowdsports.com/v1/matches/288434,288434,202501,Benetton Rugby,home,5,209634,Eli Snyman,second row,starter
https://rugby-union-feeds.incrowdsports.com/v1/matches/288434,288434,202501,Benetton Rugby,home,3,174824,Giosue Zilocchi,tighthead prop,starter
https://rugby-union-feeds.incrowdsports.com/v1/matches/288434,288434,202501,Benetton Rugby,home,17,151109,Thomas Gallo,sub 2,replacement
https://rugby-union-feeds.incrowdsports.com/v1/matches/288434,288434,202501,Benetton Rugby,home,22,157030,Jacob Umaga,sub 7,replacement
https://rugby-union-feeds.incrowdsports.com/v1/matches/288434,288434,202501,Benetton Rugby,home,4,208272,Niccolo Cannone,second row,starter
https://rugby-union-feeds.incrowdsports.com/v1/matches/288434,288434,202501,Benetton Rugby,home,1,237231,Mirco Spagnolo,loosehead prop,starter
https://rugby-union-feeds.incrowdsports.com/v1/matches/288434,288434,202501,Benetton Rugby,home,7,161390,Manuel Zuliani,flanker,starter
https://rugby-union-feeds.incrowdsports.com/v1/matches/288434,288434,202501,Benetton Rugby,home,8,198867,So'otala Fa'aso'o,number eight,starter
https://rugby-union-feeds.incrowdsports.com/v1/matches/288434,288434,202501,Benetton Rugby,home,14,209105,Louis Lynagh,right wing,starter
https://rugby-union-feeds.incrowdsports.com/v1/matches/288434,288434,202501,Benetton Rugby,home,6,216977,Alessandro Izekor,flanker,starter
https://rugby-union-feeds.incrowdsports.com/v1/matches/288434,288434,202501,Benetton Rugby,home,16,183378,Siua Maile,sub 1,replacement
https://rugby-union-feeds.incrowdsports.com/v1/matches/288434,288434,202501,Benetton Rugby,home,9,111797,Andy Uren,scrum half,starter
https://rugby-union-feeds.incrowdsports.com/v1/matches/288434,288434,202501,Benetton Rugby,home,19,240668,Giulio Marini,sub 4,replacement
https://rugby-union-feeds.incrowdsports.com/v1/matches/288434,288434,202501,Benetton Rugby,home,18,192476,Simone Ferrari,sub 3,replacement
https://rugby-union-feeds.incrowdsports.com/v1/matches/288434,288434,202501,Benetton Rugby,home,23,194010,Malakai Fekitoa,sub 8,replacement
https://rugby-union-feeds.incrowdsports.com/v1/matches/288434,288434,202501,Benetton Rugby,home,15,218240,Rhyno Smith,full back,starter
https://rugby-union-feeds.incrowdsports.com/v1/matches/288434,288434,202501,Benetton Rugby,home,10,202239,Tomas Albornoz,fly half,starter
https://rugby-union-feeds.incrowdsports.com/v1/matches/288434,288434,202501,Benetton Rugby,home,20,174208,Riccardo Favretto,sub 5,replacement
https://rugby-union-feeds.incrowdsports.com/v1/matches/288434,288434,202501,Benetton Rugby,home,13,153725,Paolo Odogwu,outside centre,starter
https://rugby-union-feeds.incrowdsports.com/v1/matches/288434,288434,202501,Benetton Rugby,home,12,236606,Leonardo Marin,inside centre,starter
https://rugby-union-feeds.incrowdsports.com/v1/matches/288434,288434,202501,Benetton Rugby,home,21,236573,Alessandro Garbisi,sub 6,replacement
https://rugby-union-feeds.incrowdsports.com/v1/matches/288434,288434,202501,Perpignan,away,5,244548,Bastien Chinarro,second row,starter
https://rugby-union-feeds.incrowdsports.com/v1/matches/288434,288434,202501,Perpignan,away,18,196513,Pietro Ceccarelli,sub 3,replacement
https://rugby-union-feeds.incrowdsports.com/v1/matches/288434,288434,202501,Perpignan,away,4,113765,Peceli Yato,second row,starter
https://rugby-union-feeds.incrowdsports.com/v1/matches/288434,288434,202501,Perpignan,away,22,254054,Gabin Kretchmann,sub 7,replacement
https://rugby-union-feeds.incrowdsports.com/v1/matches/288434,288434,202501,Perpignan,away,19,251941,Davit Lagvilava,sub 4,replacement
https://rugby-union-feeds.incrowdsports.com/v1/matches/288434,288434,202501,Perpignan,away,16,251178,Mathys Lotrian,sub 1,replacement
https://rugby-union-feeds.incrowdsports.com/v1/matches/288434,288434,202501,Perpignan,away,20,258858,Simon Taty,sub 5,replacement
https://rugby-union-feeds.incrowdsports.com/v1/matches/288434,288434,202501,Perpignan,away,14,120011,Riko Buliruarua,right wing,starter
https://rugby-union-feeds.incrowdsports.com/v1/matches/288434,288434,202501,Perpignan,away,12,250089,Job Poulet,inside centre,starter
https://rugby-union-feeds.incrowdsports.com/v1/matches/288434,288434,202501,Perpignan,away,3,229673,Akato Fakatika,tighthead prop,starter
https://rugby-union-feeds.incrowdsports.com/v1/matches/288434,288434,202501,Perpignan,away,13,183088,Freddy Duguivalu,outside centre,starter
https://rugby-union-feeds.incrowdsports.com/v1/matches/288434,288434,202501,Perpignan,away,23,229236,Tavite Veredamu,sub 8,replacement
https://rugby-union-feeds.incrowdsports.com/v1/matches/288434,288434,202501,Perpignan,away,21,116177,James Hall,sub 6,replacement
https://rugby-union-feeds.incrowdsports.com/v1/matches/288434,288434,202501,Perpignan,away,15,256401,Mayron Fahy,full back,starter
https://rugby-union-feeds.incrowdsports.com/v1/matches/288434,288434,202501,Perpignan,away,8,246033,Andro Dvali,number eight,starter
https://rugby-union-feeds.incrowdsports.com/v1/matches/288434,288434,202501,Perpignan,away,11,117973,Lucas Dubois,left wing,starter
https://rugby-union-feeds.incrowdsports.com/v1/matches/288434,288434,202501,Perpignan,away,10,244855,Hugo Reus,fly half,starter
https://rugby-union-feeds.incrowdsports.com/v1/matches/288434,288434,202501,Perpignan,away,2,205847,Sama Malolo,hooker,starter
https://rugby-union-feeds.incrowdsports.com/v1/matches/288434,288434,202501,Perpignan,away,7,236695,Max Hicks,flanker,starter
https://rugby-union-feeds.incrowdsports.com/v1/matches/288434,288434,202501,Perpignan,away,17,252214,Lorencio Boyer-Gallardo,sub 2,replacement
https://rugby-union-feeds.incrowdsports.com/v1/matches/288434,288434,202501,Perpignan,away,1,148825,Bruce Devaux,loosehead prop,starter
https://rugby-union-feeds.incrowdsports.com/v1/matches/288434,288434,202501,Perpignan,away,9,160800,Gela Aprasidze,scrum half,starter
https://rugby-union-feeds.incrowdsports.com/v1/matches/288434,288434,202501,Perpignan,away,6,126367,Mahamadou Diaby,flanker,starter
https://rugby-union-feeds.incrowdsports.com/v1/matches/288435,288435,202501,Toyota Cheetahs,home,10,241573,George Lourens,fly half,starter
https://rugby-union-feeds.incrowdsports.com/v1/matches/288435,288435,202501,Toyota Cheetahs,home,18,249196,Francisco dos Reis,sub 3,replacement
https://rugby-union-feeds.incrowdsports.com/v1/matches/288435,288435,202501,Toyota Cheetahs,home,5,257515,Juan Venter,second row,starter
https://rugby-union-feeds.incrowdsports.com/v1/matches/288435,288435,202501,Toyota Cheetahs,home,8,207435,Gideon van der Merwe,number eight,starter
https://rugby-union-feeds.incrowdsports.com/v1/matches/288435,288435,202501,Toyota Cheetahs,home,15,246826,Michael Annies,full back,starter
https://rugby-union-feeds.incrowdsports.com/v1/matches/288435,288435,202501,Toyota Cheetahs,home,19,129964,Curtly Thomas,sub 4,replacement
https://rugby-union-feeds.incrowdsports.com/v1/matches/288435,288435,202501,Toyota Cheetahs,home,17,253801,Matome Manyama,sub 2,replacement
https://rugby-union-feeds.incrowdsports.com/v1/matches/288435,288435,202501,Toyota Cheetahs,home,3,177263,Aranos Coetzee,tighthead prop,starter
https://rugby-union-feeds.incrowdsports.com/v1/matches/288435,288435,202501,Toyota Cheetahs,home,6,132560,Daniel Maartens,flanker,starter
https://rugby-union-feeds.incrowdsports.com/v1/matches/288435,288435,202501,Toyota Cheetahs,home,14,237357,Cohen Jasper,right wing,starter
https://rugby-union-feeds.incrowdsports.com/v1/matches/288435,288435,202501,Toyota Cheetahs,home,2,189358,Louis van der Westhuizen,hooker,starter
https://rugby-union-feeds.incrowdsports.com/v1/matches/288435,288435,202501,Toyota Cheetahs,home,16,245741,Vernon Paulo,sub 1,replacement
https://rugby-union-feeds.incrowdsports.com/v1/matches/288435,288435,202501,Toyota Cheetahs,home,4,150194,Carl Wegner,second row,starter
https://rugby-union-feeds.incrowdsports.com/v1/matches/288435,288435,202501,Toyota Cheetahs,home,20,251544,Sisonke Vumazonke,sub 5,replacement
https://rugby-union-feeds.incrowdsports.com/v1/matches/288435,288435,202501,Toyota Cheetahs,home,13,240022,Munier Hartzenberg,outside centre,starter
https://rugby-union-feeds.incrowdsports.com/v1/matches/288435,288435,202501,Toyota Cheetahs,home,22,252502,Jandre Nel,sub 7,replacement
https://rugby-union-feeds.incrowdsports.com/v1/matches/288435,288435,202501,Toyota Cheetahs,home,12,251770,De-an Ackermann,inside centre,starter
https://rugby-union-feeds.incrowdsports.com/v1/matches/288435,288435,202501,Toyota Cheetahs,home,11,146847,Prince Nkabinde,left wing,starter
https://rugby-union-feeds.incrowdsports.com/v1/matches/288435,288435,202501,Toyota Cheetahs,home,9,174399,Marco Jansen van Vuren,scrum half,starter
https://rugby-union-feeds.incrowdsports.com/v1/matches/288435,288435,202501,Toyota Cheetahs,home,21,243807,Neels Volschenk,sub 6,replacement
https://rugby-union-feeds.incrowdsports.com/v1/matches/288435,288435,202501,Toyota Cheetahs,home,1,109919,Cameron Dawson,loosehead prop,starter
https://rugby-union-feeds.incrowdsports.com/v1/matches/288435,288435,202501,Toyota Cheetahs,home,7,252029,Pierre-Raymond Uys,flanker,starter
https://rugby-union-feeds.incrowdsports.com/v1/matches/288435,288435,202501,Toyota Cheetahs,home,23,151006,Clayton Blommetjies,sub 8,replacement
https://rugby-union-feeds.incrowdsports.com/v1/matches/288435,288435,202501,Stade Francais Paris,away,14,249764,Charles Laloi,right wing,starter
https://rugby-union-feeds.incrowdsports.com/v1/matches/288435,288435,202501,Stade Francais Paris,away,7,187331,Ryan Chapuis,flanker,starter
https://rugby-union-feeds.incrowdsports.com/v1/matches/288435,288435,202501,Stade Francais Paris,away,21,249986,Noah Nene,sub 6,replacement
https://rugby-union-feeds.incrowdsports.com/v1/matches/288435,288435,202501,Stade Francais Paris,away,9,254017,Thibaut Motassi,scrum half,starter
https://rugby-union-feeds.incrowdsports.com/v1/matches/288435,288435,202501,Stade Francais Paris,away,23,229640,Joe Jonas,sub 8,replacement
https://rugby-union-feeds.incrowdsports.com/v1/matches/288435,288435,202501,Stade Francais Paris,away,10,229511,Louis Foursans-Bourdette,fly half,starter
https://rugby-union-feeds.incrowdsports.com/v1/matches/288435,288435,202501,Stade Francais Paris,away,16,166828,Lucas Peyresblanques,sub 1,replacement
https://rugby-union-feeds.incrowdsports.com/v1/matches/288435,288435,202501,Stade Francais Paris,away,5,254538,Jacques Botha,second row,starter
https://rugby-union-feeds.incrowdsports.com/v1/matches/288435,288435,202501,Stade Francais Paris,away,17,187476,Moses Alo-Emile,sub 2,replacement
https://rugby-union-feeds.incrowdsports.com/v1/matches/288435,288435,202501,Stade Francais Paris,away,18,254451,Braxton Asi,sub 3,replacement
https://rugby-union-feeds.incrowdsports.com/v1/matches/288435,288435,202501,Stade Francais Paris,away,1,225522,Jack Iscaro,loosehead prop,starter
https://rugby-union-feeds.incrowdsports.com/v1/matches/288435,288435,202501,Stade Francais Paris,away,12,178840,Jeremy Ward,inside centre,starter
https://rugby-union-feeds.incrowdsports.com/v1/matches/288435,288435,202501,Stade Francais Paris,away,8,104277,Iakopo Mapu,number eight,starter
https://rugby-union-feeds.incrowdsports.com/v1/matches/288435,288435,202501,Stade Francais Paris,away,4,178805,Pierre-Henri Azagoh,second row,starter
https://rugby-union-feeds.incrowdsports.com/v1/matches/288435,288435,202501,Stade Francais Paris,away,20,253910,Setareki Turagacoke,sub 5,replacement
https://rugby-union-feeds.incrowdsports.com/v1/matches/288435,288435,202501,Stade Francais Paris,away,22,254902,Martin Blum,sub 7,replacement
https://rugby-union-feeds.incrowdsports.com/v1/matches/288435,288435,202501,Stade Francais Paris,away,11,244282,Andy Timo,left wing,starter
https://rugby-union-feeds.incrowdsports.com/v1/matches/288435,288435,202501,Stade Francais Paris,away,19,129052,Mathieu Hirigoyen,sub 4,replacement
https://rugby-union-feeds.incrowdsports.com/v1/matches/288435,288435,202501,Stade Francais Paris,away,3,100286,Paul Alo-Emile,tighthead prop,starter
https://rugby-union-feeds.incrowdsports.com/v1/matches/288435,288435,202501,Stade Francais Paris,away,6,244160,Juan Martin Scelzo,flanker,starter
https://rugby-union-feeds.incrowdsports.com/v1/matches/288435,288435,202501,Stade Francais Paris,away,2,249694,Alvaro Garcia Albo,hooker,starter
https://rugby-union-feeds.incrowdsports.com/v1/matches/288435,288435,202501,Stade Francais Paris,away,15,249981,Mathis Ibo,full back,starter
https://rugby-union-feeds.incrowdsports.com/v1/matches/288435,288435,202501,Stade Francais Paris,away,13,122943,Joe Marchant,outside centre,starter
https://rugby-union-feeds.incrowdsports.com/v1/matches/288436,288436,202501,Montauban,home,13,240870,Romain Fonnicola,outside centre,starter
https://rugby-union-feeds.incrowdsports.com/v1/matches/288436,288436,202501,Montauban,home,6,127816,Fred Quercy,flanker,starter
https://rugby-union-feeds.incrowdsports.com/v1/matches/288436,288436,202501,Montauban,home,12,252933,Gibson Popoali'i,inside centre,starter
https://rugby-union-feeds.incrowdsports.com/v1/matches/288436,288436,202501,Montauban,home,5,233132,Noa Kanika,second row,starter
https://rugby-union-feeds.incrowdsports.com/v1/matches/288436,288436,202501,Montauban,home,1,225552,Leo Aouf,loosehead prop,starter
https://rugby-union-feeds.incrowdsports.com/v1/matches/288436,288436,202501,Montauban,home,22,190797,Maxime Mathy,sub 7,replacement
https://rugby-union-feeds.incrowdsports.com/v1/matches/288436,288436,202501,Montauban,home,7,210189,Vaea Fifita,flanker,starter
https://rugby-union-feeds.incrowdsports.com/v1/matches/288436,288436,202501,Montauban,home,3,233202,Valentin Simutoga,tighthead prop,starter
https://rugby-union-feeds.incrowdsports.com/v1/matches/288436,288436,202501,Montauban,home,19,151153,Tjuee Uanivi,sub 4,replacement
https://rugby-union-feeds.incrowdsports.com/v1/matches/288436,288436,202501,Montauban,home,21,258866,Merlin Leflamand,sub 6,replacement
https://rugby-union-feeds.incrowdsports.com/v1/matches/288436,288436,202501,Montauban,home,16,144434,Kevin Firmin,sub 1,replacement
https://rugby-union-feeds.incrowdsports.com/v1/matches/288436,288436,202501,Montauban,home,2,176951,Jeremie Maurouard,hooker,starter
https://rugby-union-feeds.incrowdsports.com/v1/matches/288436,288436,202501,Montauban,home,4,114389,Clement Bitz,second row,starter
https://rugby-union-feeds.incrowdsports.com/v1/matches/288436,288436,202501,Montauban,home,17,243511,Thomas Bue,sub 2,replacement
https://rugby-union-feeds.incrowdsports.com/v1/matches/288436,288436,202501,Montauban,home,10,128472,Thomas Fortunel,fly half,starter
https://rugby-union-feeds.incrowdsports.com/v1/matches/288436,288436,202501,Montauban,home,14,229660,Stephane Ahmed,right wing,starter
https://rugby-union-feeds.incrowdsports.com/v1/matches/288436,288436,202501,Montauban,home,9,154619,Hugo Zabalza,scrum half,starter
https://rugby-union-feeds.incrowdsports.com/v1/matches/288436,288436,202501,Montauban,home,15,174492,Segundo Tuculet,full back,starter
https://rugby-union-feeds.incrowdsports.com/v1/matches/288436,288436,202501,Montauban,home,8,154751,Tyrone Viiga,number eight,starter
https://rugby-union-feeds.incrowdsports.com/v1/matches/288436,288436,202501,Montauban,home,23,198688,Facundo Pomponio,sub 8,replacement
https://rugby-union-feeds.incrowdsports.com/v1/matches/288436,288436,202501,Montauban,home,18,113373,Nafi Ma'afu,sub 3,replacement
https://rugby-union-feeds.incrowdsports.com/v1/matches/288436,288436,202501,Montauban,home,20,251103,Mael Castel,sub 5,replacement
https://rugby-union-feeds.incrowdsports.com/v1/matches/288436,288436,202501,Montauban,home,11,229725,Paul Vallee,left wing,starter
https://rugby-union-feeds.incrowdsports.com/v1/matches/288436,288436,202501,Ospreys,away,20,160291,Morgan Morris,sub 5,replacement
https://rugby-union-feeds.incrowdsports.com/v1/matches/288436,288436,202501,Ospreys,away,21,190215,Kieran Hardy,sub 6,replacement
https://rugby-union-feeds.incrowdsports.com/v1/matches/288436,288436,202501,Ospreys,away,5,192520,James Fender,second row,starter
https://rugby-union-feeds.incrowdsports.com/v1/matches/288436,288436,202501,Ospreys,away,15,137451,Max Nagy,full back,starter
https://rugby-union-feeds.incrowdsports.com/v1/matches/288436,288436,202501,Ospreys,away,9,238220,Luke Davies,scrum half,starter
https://rugby-union-feeds.incrowdsports.com/v1/matches/288436,288436,202501,Ospreys,away,4,239628,Huw Sutton,second row,starter
https://rugby-union-feeds.incrowdsports.com/v1/matches/288436,288436,202501,Ospreys,away,16,210092,Efan Daniel,sub 1,replacement
https://rugby-union-feeds.incrowdsports.com/v1/matches/288436,288436,202501,Ospreys,away,14,147532,Ryan Conbeer,right wing,starter
https://rugby-union-feeds.incrowdsports.com/v1/matches/288436,288436,202501,Ospreys,away,19,240458,Lewis Jones,sub 4,replacement
https://rugby-union-feeds.incrowdsports.com/v1/matches/288436,288436,202501,Ospreys,away,13,166922,Evradi Boshoff,outside centre,starter
https://rugby-union-feeds.incrowdsports.com/v1/matches/288436,288436,202501,Ospreys,away,2,244852,Lewis Lloyd,hooker,starter
https://rugby-union-feeds.incrowdsports.com/v1/matches/288436,288436,202501,Ospreys,away,18,247668,Kian Hire,sub 3,replacement
https://rugby-union-feeds.incrowdsports.com/v1/matches/288436,288436,202501,Ospreys,away,3,128817,Rhys Henry,tighthead prop,starter
https://rugby-union-feeds.incrowdsports.com/v1/matches/288436,288436,202501,Ospreys,away,6,152404,Ross Moriarty,flanker,starter
https://rugby-union-feeds.incrowdsports.com/v1/matches/288436,288436,202501,Ospreys,away,23,240760,Iestyn Hopkins,sub 8,replacement
https://rugby-union-feeds.incrowdsports.com/v1/matches/288436,288436,202501,Ospreys,away,12,215223,Phil Cokanasiga,inside centre,starter
https://rugby-union-feeds.incrowdsports.com/v1/matches/288436,288436,202501,Ospreys,away,10,229242,Jack Walsh,fly half,starter
https://rugby-union-feeds.incrowdsports.com/v1/matches/288436,288436,202501,Ospreys,away,17,186617,Steff Thomas,sub 2,replacement
https://rugby-union-feeds.incrowdsports.com/v1/matches/288436,288436,202501,Ospreys,away,1,237273,Cameron Jones,loosehead prop,starter
https://rugby-union-feeds.incrowdsports.com/v1/matches/288436,288436,202501,Ospreys,away,8,240576,Morgan Morse,number eight,starter
https://rugby-union-feeds.incrowdsports.com/v1/matches/288436,288436,202501,Ospreys,away,11,166301,Keelan Giles,left wing,starter
https://rugby-union-feeds.incrowdsports.com/v1/matches/288436,288436,202501,Ospreys,away,7,245181,Gwilym Evans,flanker,starter
https://rugby-union-feeds.incrowdsports.com/v1/matches/288436,288436,202501,Ospreys,away,22,125247,Owen Watkin,sub 7,replacement
https://rugby-union-feeds.incrowdsports.com/v1/matches/288437,288437,202501,Newcastle Red Bulls,home,7,218820,Tom Christie,flanker,starter
https://rugby-union-feeds.incrowdsports.com/v1/matches/288437,288437,202501,Newcastle Red Bulls,home,6,140708,Tom Gordon,flanker,starter
https://rugby-union-feeds.incrowdsports.com/v1/matches/288437,288437,202501,Newcastle Red Bulls,home,21,176289,James Elliott,sub 6,replacement
https://rugby-union-feeds.incrowdsports.com/v1/matches/288437,288437,202501,Newcastle Red Bulls,home,5,239553,Finn Baker,second row,starter
https://rugby-union-feeds.incrowdsports.com/v1/matches/288437,288437,202501,Newcastle Red Bulls,home,16,163400,George McGuigan,sub 1,replacement
https://rugby-union-feeds.incrowdsports.com/v1/matches/288437,288437,202501,Newcastle Red Bulls,home,19,141000,Jamie Hodgson,sub 4,replacement
https://rugby-union-feeds.incrowdsports.com/v1/matches/288437,288437,202501,Newcastle Red Bulls,home,22,205702,Brett Connon,sub 7,replacement
https://rugby-union-feeds.incrowdsports.com/v1/matches/288437,288437,202501,Newcastle Red Bulls,home,14,166601,Christian Wade,right wing,starter
https://rugby-union-feeds.incrowdsports.com/v1/matches/288437,288437,202501,Newcastle Red Bulls,home,2,207081,Ollie Fletcher,hooker,starter
https://rugby-union-feeds.incrowdsports.com/v1/matches/288437,288437,202501,Newcastle Red Bulls,home,3,200621,Richard Palframan,tighthead prop,starter
https://rugby-union-feeds.incrowdsports.com/v1/matches/288437,288437,202501,Newcastle Red Bulls,home,12,127601,Cammy Hutchison,inside centre,starter
https://rugby-union-feeds.incrowdsports.com/v1/matches/288437,288437,202501,Newcastle Red Bulls,home,4,248979,Oscar Usher,second row,starter
https://rugby-union-feeds.incrowdsports.com/v1/matches/288437,288437,202501,Newcastle Red Bulls,home,23,165073,Harrison Obatoyinbo,sub 8,replacement
https://rugby-union-feeds.incrowdsports.com/v1/matches/288437,288437,202501,Newcastle Red Bulls,home,18,205585,Murray McCallum,sub 3,replacement
https://rugby-union-feeds.incrowdsports.com/v1/matches/288437,288437,202501,Newcastle Red Bulls,home,20,154551,Sebastian de Chaves,sub 5,replacement
https://rugby-union-feeds.incrowdsports.com/v1/matches/288437,288437,202501,Newcastle Red Bulls,home,9,137624,Sam Stuart,scrum half,starter
https://rugby-union-feeds.incrowdsports.com/v1/matches/288437,288437,202501,Newcastle Red Bulls,home,1,164792,Adam Brocklebank,loosehead prop,starter
https://rugby-union-feeds.incrowdsports.com/v1/matches/288437,288437,202501,Newcastle Red Bulls,home,8,190680,Ollie Leatherbarrow,number eight,starter
https://rugby-union-feeds.incrowdsports.com/v1/matches/288437,288437,202501,Newcastle Red Bulls,home,11,145014,Elliott Obatoyinbo,left wing,starter
https://rugby-union-feeds.incrowdsports.com/v1/matches/288437,288437,202501,Newcastle Red Bulls,home,10,144507,Ethan Grayson,fly half,starter
https://rugby-union-feeds.incrowdsports.com/v1/matches/288437,288437,202501,Newcastle Red Bulls,home,15,150399,Boeta Chamberlain,full back,starter
https://rugby-union-feeds.incrowdsports.com/v1/matches/288437,288437,202501,Newcastle Red Bulls,home,13,199072,Alex Hearle,outside centre,starter
https://rugby-union-feeds.incrowdsports.com/v1/matches/288437,288437,202501,Newcastle Red Bulls,home,17,239550,Micky Rewcastle,sub 2,replacement
https://rugby-union-feeds.incrowdsports.com/v1/matches/288437,288437,202501,Fidelity SecureDrive Lions,away,7,159235,Siba Qoma,flanker,starter
https://rugby-union-feeds.incrowdsports.com/v1/matches/288437,288437,202501,Fidelity SecureDrive Lions,away,23,194343,Rynhardt Jonker,sub 8,replacement
https://rugby-union-feeds.incrowdsports.com/v1/matches/288437,288437,202501,Fidelity SecureDrive Lions,away,15,154411,Gianni Lombard,full back,starter
https://rugby-union-feeds.incrowdsports.com/v1/matches/288437,288437,202501,Fidelity SecureDrive Lions,away,18,223276,Conrad van Vuuren,sub 3,replacement
https://rugby-union-feeds.incrowdsports.com/v1/matches/288437,288437,202501,Fidelity SecureDrive Lions,away,10,247664,Sam Francis,fly half,starter
https://rugby-union-feeds.incrowdsports.com/v1/matches/288437,288437,202501,Fidelity SecureDrive Lions,away,4,245711,Dylan Sjoblom,second row,starter
https://rugby-union-feeds.incrowdsports.com/v1/matches/288437,288437,202501,Fidelity SecureDrive Lions,away,17,204047,Leon Lyons,sub 2,replacement
https://rugby-union-feeds.incrowdsports.com/v1/matches/288437,288437,202501,Fidelity SecureDrive Lions,away,21,251983,Hasseim Pead,sub 6,replacement
https://rugby-union-feeds.incrowdsports.com/v1/matches/288437,288437,202501,Fidelity SecureDrive Lions,away,1,240020,Eddie Davids,loosehead prop,starter
https://rugby-union-feeds.incrowdsports.com/v1/matches/288437,288437,202501,Fidelity SecureDrive Lions,away,5,216340,Ruben Schoeman,second row,starter
https://rugby-union-feeds.incrowdsports.com/v1/matches/288437,288437,202501,Fidelity SecureDrive Lions,away,19,241108,Ruan Delport,sub 4,replacement
https://rugby-union-feeds.incrowdsports.com/v1/matches/288437,288437,202501,Fidelity SecureDrive Lions,away,14,109329,Rabz Maxwane,right wing,starter
https://rugby-union-feeds.incrowdsports.com/v1/matches/288437,288437,202501,Fidelity SecureDrive Lions,away,2,218003,Morne Brandon,hooker,starter
https://rugby-union-feeds.incrowdsports.com/v1/matches/288437,288437,202501,Fidelity SecureDrive Lions,away,16,165140,PJ Botha,sub 1,replacement
https://rugby-union-feeds.incrowdsports.com/v1/matches/288437,288437,202501,Fidelity SecureDrive Lions,away,8,229814,WJ Steenkamp,number eight,starter
https://rugby-union-feeds.incrowdsports.com/v1/matches/288437,288437,202501,Fidelity SecureDrive Lions,away,11,133014,Angelo Davids,left wing,starter
https://rugby-union-feeds.incrowdsports.com/v1/matches/288437,288437,202501,Fidelity SecureDrive Lions,away,22,146427,Lubabalo Dobela,sub 7,replacement
https://rugby-union-feeds.incrowdsports.com/v1/matches/288437,288437,202501,Fidelity SecureDrive Lions,away,9,237083,Nico Steyn,scrum half,starter
https://rugby-union-feeds.incrowdsports.com/v1/matches/288437,288437,202501,Fidelity SecureDrive Lions,away,20,239993,Jarod Cairns,sub 5,replacement
https://rugby-union-feeds.incrowdsports.com/v1/matches/288437,288437,202501,Fidelity SecureDrive Lions,away,3,252480,RF Schoeman,tighthead prop,starter
https://rugby-union-feeds.incrowdsports.com/v1/matches/288437,288437,202501,Fidelity SecureDrive Lions,away,6,245376,Renzo du Plessis,flanker,starter
https://rugby-union-feeds.incrowdsports.com/v1/matches/288437,288437,202501,Fidelity SecureDrive Lions,away,13,100317,Manuel Rass,outside centre,starter
https://rugby-union-feeds.incrowdsports.com/v1/matches/288437,288437,202501,Fidelity SecureDrive Lions,away,12,157600,Richard Kriel,inside centre,starter
https://rugby-union-feeds.incrowdsports.com/v1/matches/288439,288439,202501,Cardiff Rugby,home,20,245060,Lucas de la Rua,sub 5,replacement
https://rugby-union-feeds.incrowdsports.com/v1/matches/288439,288439,202501,Cardiff Rugby,home,19,139876,Josh McNally,sub 4,replacement
https://rugby-union-feeds.incrowdsports.com/v1/matches/288439,288439,202501,Cardiff Rugby,home,1,240454,Rhys Barratt,loosehead prop,starter
https://rugby-union-feeds.incrowdsports.com/v1/matches/288439,288439,202501,Cardiff Rugby,home,21,202470,Ellis Bevan,sub 6,replacement
https://rugby-union-feeds.incrowdsports.com/v1/matches/288439,288439,202501,Cardiff Rugby,home,22,128775,Jacob Beetham,sub 7,replacement
https://rugby-union-feeds.incrowdsports.com/v1/matches/288439,288439,202501,Cardiff Rugby,home,4,135435,George Nott,second row,starter
https://rugby-union-feeds.incrowdsports.com/v1/matches/288439,288439,202501,Cardiff Rugby,home,6,214124,James Botham,flanker,starter
https://rugby-union-feeds.incrowdsports.com/v1/matches/288439,288439,202501,Cardiff Rugby,home,18,167563,Sam Wainwright,sub 3,replacement
https://rugby-union-feeds.incrowdsports.com/v1/matches/288439,288439,202501,Cardiff Rugby,home,10,152457,Callum Sheedy,fly half,starter
https://rugby-union-feeds.incrowdsports.com/v1/matches/288439,288439,202501,Cardiff Rugby,home,2,204560,Dafydd Hughes,hooker,starter
https://rugby-union-feeds.incrowdsports.com/v1/matches/288439,288439,202501,Cardiff Rugby,home,7,113101,Dan Thomas,flanker,starter
https://rugby-union-feeds.incrowdsports.com/v1/matches/288439,288439,202501,Cardiff Rugby,home,17,203823,Danny Southworth,sub 2,replacement
https://rugby-union-feeds.incrowdsports.com/v1/matches/288439,288439,202501,Cardiff Rugby,home,14,137453,Josh Adams,right wing,starter
https://rugby-union-feeds.incrowdsports.com/v1/matches/288439,288439,202501,Cardiff Rugby,home,8,131470,Alun Lawrence,number eight,starter
https://rugby-union-feeds.incrowdsports.com/v1/matches/288439,288439,202501,Cardiff Rugby,home,13,111537,Harri Millard,outside centre,starter
https://rugby-union-feeds.incrowdsports.com/v1/matches/288439,288439,202501,Cardiff Rugby,home,9,165236,Aled Davies,scrum half,starter
https://rugby-union-feeds.incrowdsports.com/v1/matches/288439,288439,202501,Cardiff Rugby,home,11,248818,Tom Bowen,left wing,starter
https://rugby-union-feeds.incrowdsports.com/v1/matches/288439,288439,202501,Cardiff Rugby,home,12,225777,Ben Thomas,inside centre,starter
https://rugby-union-feeds.incrowdsports.com/v1/matches/288439,288439,202501,Cardiff Rugby,home,5,105267,Rory Thornton,second row,starter
https://rugby-union-feeds.incrowdsports.com/v1/matches/288439,288439,202501,Cardiff Rugby,home,15,135416,Leigh Halfpenny,full back,starter
https://rugby-union-feeds.incrowdsports.com/v1/matches/288439,288439,202501,Cardiff Rugby,home,16,237274,Evan Lloyd,sub 1,replacement
https://rugby-union-feeds.incrowdsports.com/v1/matches/288439,288439,202501,Cardiff Rugby,home,23,239360,Cam Winnett,sub 8,replacement
https://rugby-union-feeds.incrowdsports.com/v1/matches/288439,288439,202501,Cardiff Rugby,home,3,202399,Keiron Assiratti,tighthead prop,starter
https://rugby-union-feeds.incrowdsports.com/v1/matches/288439,288439,202501,Ulster Rugby,away,1,202850,Sam Crean,loosehead prop,starter
https://rugby-union-feeds.incrowdsports.com/v1/matches/288439,288439,202501,Ulster Rugby,away,21,144642,Dave Shanahan,sub 6,replacement
https://rugby-union-feeds.incrowdsports.com/v1/matches/288439,288439,202501,Ulster Rugby,away,22,127651,James Humphreys,sub 7,replacement
https://rugby-union-feeds.incrowdsports.com/v1/matches/288439,288439,202501,Ulster Rugby,away,19,229863,Cormac Izuchukwu,sub 4,replacement
https://rugby-union-feeds.incrowdsports.com/v1/matches/288439,288439,202501,Ulster Rugby,away,3,224426,Tom O'Toole,tighthead prop,starter
https://rugby-union-feeds.incrowdsports.com/v1/matches/288439,288439,202501,Ulster Rugby,away,11,109259,Zac Ward,left wing,starter
https://rugby-union-feeds.incrowdsports.com/v1/matches/288439,288439,202501,Ulster Rugby,away,20,199728,Juarno Augustus,sub 5,replacement
https://rugby-union-feeds.incrowdsports.com/v1/matches/288439,288439,202501,Ulster Rugby,away,10,153552,Jake Flannery,fly half,starter
https://rugby-union-feeds.incrowdsports.com/v1/matches/288439,288439,202501,Ulster Rugby,away,12,230862,Ben Carson,inside centre,starter
https://rugby-union-feeds.incrowdsports.com/v1/matches/288439,288439,202501,Ulster Rugby,away,6,147444,Dave McCann,flanker,starter
https://rugby-union-feeds.incrowdsports.com/v1/matches/288439,288439,202501,Ulster Rugby,away,8,250771,Bryn Ward,number eight,starter
https://rugby-union-feeds.incrowdsports.com/v1/matches/288439,288439,202501,Ulster Rugby,away,16,221139,John Andrew,sub 1,replacement
https://rugby-union-feeds.incrowdsports.com/v1/matches/288439,288439,202501,Ulster Rugby,away,9,186322,Conor McKee,scrum half,starter
https://rugby-union-feeds.incrowdsports.com/v1/matches/288439,288439,202501,Ulster Rugby,away,7,201846,Sean Reffell,flanker,starter
https://rugby-union-feeds.incrowdsports.com/v1/matches/288439,288439,202501,Ulster Rugby,away,13,213180,James Hume,outside centre,starter
https://rugby-union-feeds.incrowdsports.com/v1/matches/288439,288439,202501,Ulster Rugby,away,15,189788,Stewart Moore,full back,starter
https://rugby-union-feeds.incrowdsports.com/v1/matches/288439,288439,202501,Ulster Rugby,away,14,165756,Werner Kok,right wing,starter
https://rugby-union-feeds.incrowdsports.com/v1/matches/288439,288439,202501,Ulster Rugby,away,18,240475,Rory McGuire,sub 3,replacement
https://rugby-union-feeds.incrowdsports.com/v1/matches/288439,288439,202501,Ulster Rugby,away,23,258969,Bradley McNamara,sub 8,replacement
https://rugby-union-feeds.incrowdsports.com/v1/matches/288439,288439,202501,Ulster Rugby,away,17,146815,Angus Bell,sub 2,replacement
https://rugby-union-feeds.incrowdsports.com/v1/matches/288439,288439,202501,Ulster Rugby,away,4,237247,Harry Sheridan,second row,starter
https://rugby-union-feeds.incrowdsports.com/v1/matches/288439,288439,202501,Ulster Rugby,away,2,197246,Tom Stewart,hooker,starter
https://rugby-union-feeds.incrowdsports.com/v1/matches/288439,288439,202501,Ulster Rugby,away,5,241694,Charlie Irvine,second row,starter
https://rugby-union-feeds.incrowdsports.com/v1/matches/288438,288438,202501,Connacht Rugby,home,15,187970,Sam Gilbert,full back,starter
https://rugby-union-feeds.incrowdsports.com/v1/matches/288438,288438,202501,Connacht Rugby,home,7,229288,Shamus Hurley-Langton,flanker,starter
https://rugby-union-feeds.incrowdsports.com/v1/matches/288438,288438,202501,Connacht Rugby,home,4,244039,Darragh Murray,second row,starter
https://rugby-union-feeds.incrowdsports.com/v1/matches/288438,288438,202501,Connacht Rugby,home,20,216844,Josh Murphy,sub 5,replacement
https://rugby-union-feeds.incrowdsports.com/v1/matches/288438,288438,202501,Connacht Rugby,home,21,239627,Matthew Devine,sub 6,replacement
https://rugby-union-feeds.incrowdsports.com/v1/matches/288438,288438,202501,Connacht Rugby,home,23,241963,Harry West,sub 8,replacement
https://rugby-union-feeds.incrowdsports.com/v1/matches/288438,288438,202501,Connacht Rugby,home,12,141193,Cathal Forde,inside centre,starter
https://rugby-union-feeds.incrowdsports.com/v1/matches/288438,288438,202501,Connacht Rugby,home,11,238218,Shayne Bolton,left wing,starter
https://rugby-union-feeds.incrowdsports.com/v1/matches/288438,288438,202501,Connacht Rugby,home,1,123372,Jordan Duggan,loosehead prop,starter
https://rugby-union-feeds.incrowdsports.com/v1/matches/288438,288438,202501,Connacht Rugby,home,2,213737,Dave Heffernan,hooker,starter
https://rugby-union-feeds.incrowdsports.com/v1/matches/288438,288438,202501,Connacht Rugby,home,13,244718,Hugh Gavin,outside centre,starter
https://rugby-union-feeds.incrowdsports.com/v1/matches/288438,288438,202501,Connacht Rugby,home,9,108496,Caolin Blade,scrum half,starter
https://rugby-union-feeds.incrowdsports.com/v1/matches/288438,288438,202501,Connacht Rugby,home,19,106352,Joe Joyce,sub 4,replacement
https://rugby-union-feeds.incrowdsports.com/v1/matches/288438,288438,202501,Connacht Rugby,home,10,111826,Jack Carty,fly half,starter
https://rugby-union-feeds.incrowdsports.com/v1/matches/288438,288438,202501,Connacht Rugby,home,6,137489,Sean O'Brien,flanker,starter
https://rugby-union-feeds.incrowdsports.com/v1/matches/288438,288438,202501,Connacht Rugby,home,16,119988,Dylan Tierney-Martin,sub 1,replacement
https://rugby-union-feeds.incrowdsports.com/v1/matches/288438,288438,202501,Connacht Rugby,home,22,220114,David Hawkshaw,sub 7,replacement
https://rugby-union-feeds.incrowdsports.com/v1/matches/288438,288438,202501,Connacht Rugby,home,3,237237,Sam Illo,tighthead prop,starter
https://rugby-union-feeds.incrowdsports.com/v1/matches/288438,288438,202501,Connacht Rugby,home,18,244725,Fiachna Barrett,sub 3,replacement
https://rugby-union-feeds.incrowdsports.com/v1/matches/288438,288438,202501,Connacht Rugby,home,14,118682,Chay Mullins,right wing,starter
https://rugby-union-feeds.incrowdsports.com/v1/matches/288438,288438,202501,Connacht Rugby,home,8,200378,Paul Boyle,number eight,starter
https://rugby-union-feeds.incrowdsports.com/v1/matches/288438,288438,202501,Connacht Rugby,home,5,114781,Niall Murray,second row,starter
https://rugby-union-feeds.incrowdsports.com/v1/matches/288438,288438,202501,Connacht Rugby,home,17,254559,Billy Bohan,sub 2,replacement
https://rugby-union-feeds.incrowdsports.com/v1/matches/288438,288438,202501,Black Lion,away,11,237092,Shalva Aptsiauri,left wing,starter
https://rugby-union-feeds.incrowdsports.com/v1/matches/288438,288438,202501,Black Lion,away,1,165281,Nika Khatiashvili,loosehead prop,starter
https://rugby-union-feeds.incrowdsports.com/v1/matches/288438,288438,202501,Black Lion,away,10,246024,Luka Tsirekidze,fly half,starter
https://rugby-union-feeds.incrowdsports.com/v1/matches/288438,288438,202501,Black Lion,away,5,124998,Demuri Epremidze,second row,starter
https://rugby-union-feeds.incrowdsports.com/v1/matches/288438,288438,202501,Black Lion,away,19,237100,Guram Ganiashvili,sub 4,replacement
https://rugby-union-feeds.incrowdsports.com/v1/matches/288438,288438,202501,Black Lion,away,15,252234,Luka Takaishvili,full back,starter
https://rugby-union-feeds.incrowdsports.com/v1/matches/288438,288438,202501,Black Lion,away,16,122604,Shalva Mamukashvili,sub 1,replacement
https://rugby-union-feeds.incrowdsports.com/v1/matches/288438,288438,202501,Black Lion,away,23,195465,Sandro Todua,sub 8,replacement
https://rugby-union-feeds.incrowdsports.com/v1/matches/288438,288438,202501,Black Lion,away,4,147024,Mikheil Babunashvili,second row,starter
https://rugby-union-feeds.incrowdsports.com/v1/matches/288438,288438,202501,Black Lion,away,8,253551,Giorgi Sinauridze,number eight,starter
https://rugby-union-feeds.incrowdsports.com/v1/matches/288438,288438,202501,Black Lion,away,7,120463,Giorgi Tsutskiridze,flanker,starter
https://rugby-union-feeds.incrowdsports.com/v1/matches/288438,288438,202501,Black Lion,away,9,238516,Tengiz Peranidze,scrum half,starter
https://rugby-union-feeds.incrowdsports.com/v1/matches/288438,288438,202501,Black Lion,away,12,237105,Tornike Kakhoidze,inside centre,starter
https://rugby-union-feeds.incrowdsports.com/v1/matches/288438,288438,202501,Black Lion,away,17,195383,Vasil Kakovin,sub 2,replacement
https://rugby-union-feeds.incrowdsports.com/v1/matches/288438,288438,202501,Black Lion,away,14,161398,Akaki Tabutsadze,right wing,starter
https://rugby-union-feeds.incrowdsports.com/v1/matches/288438,288438,202501,Black Lion,away,22,258491,Zaur Lutidze,sub 7,replacement
https://rugby-union-feeds.incrowdsports.com/v1/matches/288438,288438,202501,Black Lion,away,3,258490,Kakhaber Darbaidze,tighthead prop,starter
https://rugby-union-feeds.incrowdsports.com/v1/matches/288438,288438,202501,Black Lion,away,18,243482,Giorgi Chkhartishvili,sub 3,replacement
https://rugby-union-feeds.incrowdsports.com/v1/matches/288438,288438,202501,Black Lion,away,20,241722,Giorgi Kervalishvili,sub 5,replacement
https://rugby-union-feeds.incrowdsports.com/v1/matches/288438,288438,202501,Black Lion,away,21,252025,Giorgi Spenderashvili,sub 6,replacement
https://rugby-union-feeds.incrowdsports.com/v1/matches/288438,288438,202501,Black Lion,away,13,212544,Demi Tapladze,outside centre,starter
https://rugby-union-feeds.incrowdsports.com/v1/matches/288438,288438,202501,Black Lion,away,2,126080,Irakli Kvatadze,hooker,starter
https://rugby-union-feeds.incrowdsports.com/v1/matches/288438,288438,202501,Black Lion,away,6,237117,Lasha Tsikhistavi,flanker,starter
https://rugby-union-feeds.incrowdsports.com/v1/matches/288440,288440,202501,Racing 92,home,20,122465,Lekima Tagitagivalu,sub 5,replacement
https://rugby-union-feeds.incrowdsports.com/v1/matches/288440,288440,202501,Racing 92,home,9,250502,Kleo Labarbe,scrum half,starter
https://rugby-union-feeds.incrowdsports.com/v1/matches/288440,288440,202501,Racing 92,home,17,104008,Guram Gogichashvili,sub 2,replacement
https://rugby-union-feeds.incrowdsports.com/v1/matches/288440,288440,202501,Racing 92,home,15,187980,Geronimo Prisciantelli,full back,starter
https://rugby-union-feeds.incrowdsports.com/v1/matches/288440,288440,202501,Racing 92,home,11,240624,Selestino Ravutaumada,left wing,starter
https://rugby-union-feeds.incrowdsports.com/v1/matches/288440,288440,202501,Racing 92,home,18,207407,Demba Bamba,sub 3,replacement
https://rugby-union-feeds.incrowdsports.com/v1/matches/288440,288440,202501,Racing 92,home,23,240623,Vinaya Habosi,sub 8,replacement
https://rugby-union-feeds.incrowdsports.com/v1/matches/288440,288440,202501,Racing 92,home,19,211021,Romain Taofifenua,sub 4,replacement
https://rugby-union-feeds.incrowdsports.com/v1/matches/288440,288440,202501,Racing 92,home,2,258004,Yanis Basse,hooker,starter
https://rugby-union-feeds.incrowdsports.com/v1/matches/288440,288440,202501,Racing 92,home,22,254580,Antoine Latrasse,sub 7,replacement
https://rugby-union-feeds.incrowdsports.com/v1/matches/288440,288440,202501,Racing 92,home,1,254579,Edouard Jabea Njocke,loosehead prop,starter
https://rugby-union-feeds.incrowdsports.com/v1/matches/288440,288440,202501,Racing 92,home,3,114612,Gia Kharaishvili,tighthead prop,starter
https://rugby-union-feeds.incrowdsports.com/v1/matches/288440,288440,202501,Racing 92,home,12,223249,Joey Manu,inside centre,starter
https://rugby-union-feeds.incrowdsports.com/v1/matches/288440,288440,202501,Racing 92,home,5,209425,Will Rowlands,second row,starter
https://rugby-union-feeds.incrowdsports.com/v1/matches/288440,288440,202501,Racing 92,home,14,255704,Nolann Donguy,right wing,starter
https://rugby-union-feeds.incrowdsports.com/v1/matches/288440,288440,202501,Racing 92,home,4,242935,Junior Kpoku,second row,starter
https://rugby-union-feeds.incrowdsports.com/v1/matches/288440,288440,202501,Racing 92,home,16,254581,Lehopoame Leota,sub 1,replacement
https://rugby-union-feeds.incrowdsports.com/v1/matches/288440,288440,202501,Racing 92,home,8,246812,Noa Zinzen,number eight,starter
https://rugby-union-feeds.incrowdsports.com/v1/matches/288440,288440,202501,Racing 92,home,13,199515,Gael Fickou,outside centre,starter
https://rugby-union-feeds.incrowdsports.com/v1/matches/288440,288440,202501,Racing 92,home,21,257498,Auguste Albuisson,sub 6,replacement
https://rugby-union-feeds.incrowdsports.com/v1/matches/288440,288440,202501,Racing 92,home,6,180224,Fabien Sanconnie,flanker,starter
https://rugby-union-feeds.incrowdsports.com/v1/matches/288440,288440,202501,Racing 92,home,7,104480,Thomas Lainault,flanker,starter
https://rugby-union-feeds.incrowdsports.com/v1/matches/288440,288440,202501,Racing 92,home,10,215421,Antoine Gibert,fly half,starter
https://rugby-union-feeds.incrowdsports.com/v1/matches/288440,288440,202501,Exeter Chiefs,away,7,169636,Martin Moloney,flanker,starter
https://rugby-union-feeds.incrowdsports.com/v1/matches/288440,288440,202501,Exeter Chiefs,away,11,250817,Campbell Ridl,left wing,starter
https://rugby-union-feeds.incrowdsports.com/v1/matches/288440,288440,202501,Exeter Chiefs,away,1,254081,Ethan Burger,loosehead prop,starter
https://rugby-union-feeds.incrowdsports.com/v1/matches/288440,288440,202501,Exeter Chiefs,away,4,171271,Lewis Pearson,second row,starter
https://rugby-union-feeds.incrowdsports.com/v1/matches/288440,288440,202501,Exeter Chiefs,away,18,149671,Khwezi Mona,sub 3,replacement
https://rugby-union-feeds.incrowdsports.com/v1/matches/288440,288440,202501,Exeter Chiefs,away,23,255016,Ollie Batson,sub 8,replacement
https://rugby-union-feeds.incrowdsports.com/v1/matches/288440,288440,202501,Exeter Chiefs,away,9,117545,Charlie Chapman,scrum half,starter
https://rugby-union-feeds.incrowdsports.com/v1/matches/288440,288440,202501,Exeter Chiefs,away,17,201738,Will Goodrick-Clarke,sub 2,replacement
https://rugby-union-feeds.incrowdsports.com/v1/matches/288440,288440,202501,Exeter Chiefs,away,13,116395,Harry Ascherl,outside centre,starter
https://rugby-union-feeds.incrowdsports.com/v1/matches/288440,288440,202501,Exeter Chiefs,away,10,240233,Ben Coen,fly half,starter
https://rugby-union-feeds.incrowdsports.com/v1/matches/288440,288440,202501,Exeter Chiefs,away,2,229392,Julian Heaven,hooker,starter
https://rugby-union-feeds.incrowdsports.com/v1/matches/288440,288440,202501,Exeter Chiefs,away,22,208783,Tom Cairns,sub 7,replacement
https://rugby-union-feeds.incrowdsports.com/v1/matches/288440,288440,202501,Exeter Chiefs,away,15,125136,Will Haydon-Wood,full back,starter
https://rugby-union-feeds.incrowdsports.com/v1/matches/288440,288440,202501,Exeter Chiefs,away,19,244494,Oscar Beckerleg,sub 4,replacement
https://rugby-union-feeds.incrowdsports.com/v1/matches/288440,288440,202501,Exeter Chiefs,away,3,188174,Jimmy Roots,tighthead prop,starter
https://rugby-union-feeds.incrowdsports.com/v1/matches/288440,288440,202501,Exeter Chiefs,away,21,170455,Greg Fisilau,sub 6,replacement
https://rugby-union-feeds.incrowdsports.com/v1/matches/288440,288440,202501,Exeter Chiefs,away,14,199029,Dan John,right wing,starter
https://rugby-union-feeds.incrowdsports.com/v1/matches/288440,288440,202501,Exeter Chiefs,away,5,112986,Rus Tuima,second row,starter
https://rugby-union-feeds.incrowdsports.com/v1/matches/288440,288440,202501,Exeter Chiefs,away,12,243675,Will Rigg,inside centre,starter
https://rugby-union-feeds.incrowdsports.com/v1/matches/288440,288440,202501,Exeter Chiefs,away,6,213658,Richard Capstick,flanker,starter
https://rugby-union-feeds.incrowdsports.com/v1/matches/288440,288440,202501,Exeter Chiefs,away,8,243167,Kane James,number eight,starter
https://rugby-union-feeds.incrowdsports.com/v1/matches/288440,288440,202501,Exeter Chiefs,away,16,213725,Joseph Dweba,sub 1,replacement
https://rugby-union-feeds.incrowdsports.com/v1/matches/288440,288440,202501,Exeter Chiefs,away,20,124575,Ethan Roots,sub 5,replacement
https://rugby-union-feeds.incrowdsports.com/v1/matches/288441,288441,202501,Dragons RFC,home,21,241731,Che Hope,sub 6,replacement
https://rugby-union-feeds.incrowdsports.com/v1/matches/288441,288441,202501,Dragons RFC,home,23,180932,Ewan Rosser,sub 8,replacement
https://rugby-union-feeds.incrowdsports.com/v1/matches/288441,288441,202501,Dragons RFC,home,15,211713,Angus O'Brien,full back,starter
https://rugby-union-feeds.incrowdsports.com/v1/matches/288441,288441,202501,Dragons RFC,home,22,240577,Joe Westwood,sub 7,replacement
https://rugby-union-feeds.incrowdsports.com/v1/matches/288441,288441,202501,Dragons RFC,home,7,117478,Thomas Young,flanker,starter
https://rugby-union-feeds.incrowdsports.com/v1/matches/288441,288441,202501,Dragons RFC,home,2,230822,Oli Burrows,hooker,starter
https://rugby-union-feeds.incrowdsports.com/v1/matches/288441,288441,202501,Dragons RFC,home,17,250758,Jordan Morris,sub 2,replacement
https://rugby-union-feeds.incrowdsports.com/v1/matches/288441,288441,202501,Dragons RFC,home,12,140652,Aneurin Owen,inside centre,starter
https://rugby-union-feeds.incrowdsports.com/v1/matches/288441,288441,202501,Dragons RFC,home,11,250763,Huw Anderson,left wing,starter
https://rugby-union-feeds.incrowdsports.com/v1/matches/288441,288441,202501,Dragons RFC,home,13,132173,Dai Richards,outside centre,starter
https://rugby-union-feeds.incrowdsports.com/v1/matches/288441,288441,202501,Dragons RFC,home,9,243341,Niall Armstrong,scrum half,starter
https://rugby-union-feeds.incrowdsports.com/v1/matches/288441,288441,202501,Dragons RFC,home,5,198669,Matthew Screech,second row,starter
https://rugby-union-feeds.incrowdsports.com/v1/matches/288441,288441,202501,Dragons RFC,home,6,128722,Shane Lewis-Hughes,flanker,starter
https://rugby-union-feeds.incrowdsports.com/v1/matches/288441,288441,202501,Dragons RFC,home,10,138161,Tinus de Beer,fly half,starter
https://rugby-union-feeds.incrowdsports.com/v1/matches/288441,288441,202501,Dragons RFC,home,14,151127,Jared Rosser,right wing,starter
https://rugby-union-feeds.incrowdsports.com/v1/matches/288441,288441,202501,Dragons RFC,home,16,242903,Will Austin,sub 1,replacement
https://rugby-union-feeds.incrowdsports.com/v1/matches/288441,288441,202501,Dragons RFC,home,4,190133,Levi Douglas,second row,starter
https://rugby-union-feeds.incrowdsports.com/v1/matches/288441,288441,202501,Dragons RFC,home,3,219995,Rob Hunt,tighthead prop,starter
https://rugby-union-feeds.incrowdsports.com/v1/matches/288441,288441,202501,Dragons RFC,home,8,119132,Aaron Wainwright,number eight,starter
https://rugby-union-feeds.incrowdsports.com/v1/matches/288441,288441,202501,Dragons RFC,home,1,244729,Dylan Kelleher-Griffiths,loosehead prop,starter
https://rugby-union-feeds.incrowdsports.com/v1/matches/288441,288441,202501,Dragons RFC,home,18,254558,Owain James,sub 3,replacement
https://rugby-union-feeds.incrowdsports.com/v1/matches/288441,288441,202501,Dragons RFC,home,20,103136,Harrison Keddie,sub 5,replacement
https://rugby-union-feeds.incrowdsports.com/v1/matches/288441,288441,202501,Dragons RFC,home,19,240573,Ryan Woodman,sub 4,replacement
https://rugby-union-feeds.incrowdsports.com/v1/matches/288441,288441,202501,Lyon O.U.,away,6,245027,Marvin Okuya,flanker,starter
https://rugby-union-feeds.incrowdsports.com/v1/matches/288441,288441,202501,Lyon O.U.,away,16,252323,Thomas Marceline,sub 1,replacement
https://rugby-union-feeds.incrowdsports.com/v1/matches/288441,288441,202501,Lyon O.U.,away,4,112612,Félix Lambey,second row,starter
https://rugby-union-feeds.incrowdsports.com/v1/matches/288441,288441,202501,Lyon O.U.,away,8,161959,Maxime Gouzou,number eight,starter
https://rugby-union-feeds.incrowdsports.com/v1/matches/288441,288441,202501,Lyon O.U.,away,5,173864,Janse Roux,second row,starter
https://rugby-union-feeds.incrowdsports.com/v1/matches/288441,288441,202501,Lyon O.U.,away,2,170661,Mathis Sarragallet,hooker,starter
https://rugby-union-feeds.incrowdsports.com/v1/matches/288441,288441,202501,Lyon O.U.,away,13,203881,Alfred Parisien,outside centre,starter
https://rugby-union-feeds.incrowdsports.com/v1/matches/288441,288441,202501,Lyon O.U.,away,15,168463,Ethan Dumortier,full back,starter
https://rugby-union-feeds.incrowdsports.com/v1/matches/288441,288441,202501,Lyon O.U.,away,21,256400,Lilian Baret,sub 6,replacement
https://rugby-union-feeds.incrowdsports.com/v1/matches/288441,288441,202501,Lyon O.U.,away,19,254509,Bartholome Sanson,sub 4,replacement
https://rugby-union-feeds.incrowdsports.com/v1/matches/288441,288441,202501,Lyon O.U.,away,1,146161,Jérôme Rey,loosehead prop,starter
https://rugby-union-feeds.incrowdsports.com/v1/matches/288441,288441,202501,Lyon O.U.,away,17,146999,Hamza Kaabeche,sub 2,replacement
https://rugby-union-feeds.incrowdsports.com/v1/matches/288441,288441,202501,Lyon O.U.,away,10,233206,Alexandre Tchaptchet,fly half,starter
https://rugby-union-feeds.incrowdsports.com/v1/matches/288441,288441,202501,Lyon O.U.,away,3,138005,Cedate Gomes Sa,tighthead prop,starter
https://rugby-union-feeds.incrowdsports.com/v1/matches/288441,288441,202501,Lyon O.U.,away,11,244764,Arthur Mathiron,left wing,starter
https://rugby-union-feeds.incrowdsports.com/v1/matches/288441,288441,202501,Lyon O.U.,away,14,254555,Dorian Diabou,right wing,starter
https://rugby-union-feeds.incrowdsports.com/v1/matches/288441,288441,202501,Lyon O.U.,away,9,110169,Charlie Cassang,scrum half,starter
https://rugby-union-feeds.incrowdsports.com/v1/matches/288441,288441,202501,Lyon O.U.,away,18,251579,Ave Maalo,sub 3,replacement
https://rugby-union-feeds.incrowdsports.com/v1/matches/288441,288441,202501,Lyon O.U.,away,22,253370,Esteban Gonzalez,sub 7,replacement
https://rugby-union-feeds.incrowdsports.com/v1/matches/288441,288441,202501,Lyon O.U.,away,7,241369,Beka Shvangiradze,flanker,starter
https://rugby-union-feeds.incrowdsports.com/v1/matches/288441,288441,202501,Lyon O.U.,away,20,163743,Arno Botha,sub 5,replacement
https://rugby-union-feeds.incrowdsports.com/v1/matches/288441,288441,202501,Lyon O.U.,away,12,245054,Iosefo Balewairiki,inside centre,starter
https://rugby-union-feeds.incrowdsports.com/v1/matches/288441,288441,202501,Lyon O.U.,away,23,223422,Josiah Maraku,sub 8,replacement
https://rugby-union-feeds.incrowdsports.com/v1/matches/288444,288444,202501,Stade Francais Paris,home,14,249764,Charles Laloi,right wing,starter
https://rugby-union-feeds.incrowdsports.com/v1/matches/288444,288444,202501,Stade Francais Paris,home,23,206243,Leo Barre,sub 8,replacement
https://rugby-union-feeds.incrowdsports.com/v1/matches/288444,288444,202501,Stade Francais Paris,home,9,254017,Thibaut Motassi,scrum half,starter
https://rugby-union-feeds.incrowdsports.com/v1/matches/288444,288444,202501,Stade Francais Paris,home,15,229640,Joe Jonas,full back,starter
https://rugby-union-feeds.incrowdsports.com/v1/matches/288444,288444,202501,Stade Francais Paris,home,18,212712,Giorgi Melikidze,sub 3,replacement
https://rugby-union-feeds.incrowdsports.com/v1/matches/288444,288444,202501,Stade Francais Paris,home,11,115461,Lester Etien,left wing,starter
https://rugby-union-feeds.incrowdsports.com/v1/matches/288444,288444,202501,Stade Francais Paris,home,10,229511,Louis Foursans-Bourdette,fly half,starter
https://rugby-union-feeds.incrowdsports.com/v1/matches/288444,288444,202501,Stade Francais Paris,home,21,208495,Julien Delbouis,sub 6,replacement
https://rugby-union-feeds.incrowdsports.com/v1/matches/288444,288444,202501,Stade Francais Paris,home,17,187476,Moses Alo-Emile,sub 2,replacement
https://rugby-union-feeds.incrowdsports.com/v1/matches/288444,288444,202501,Stade Francais Paris,home,1,225522,Jack Iscaro,loosehead prop,starter
https://rugby-union-feeds.incrowdsports.com/v1/matches/288444,288444,202501,Stade Francais Paris,home,19,129235,Baptiste Pesenti,sub 4,replacement
https://rugby-union-feeds.incrowdsports.com/v1/matches/288444,288444,202501,Stade Francais Paris,home,20,151922,Romain Briatte,sub 5,replacement
https://rugby-union-feeds.incrowdsports.com/v1/matches/288444,288444,202501,Stade Francais Paris,home,2,118165,Giacomo Nicotera,hooker,starter
https://rugby-union-feeds.incrowdsports.com/v1/matches/288444,288444,202501,Stade Francais Paris,home,8,104277,Iakopo Mapu,number eight,starter
https://rugby-union-feeds.incrowdsports.com/v1/matches/288444,288444,202501,Stade Francais Paris,home,5,253910,Setareki Turagacoke,second row,starter
https://rugby-union-feeds.incrowdsports.com/v1/matches/288444,288444,202501,Stade Francais Paris,home,12,156827,Tani Vili,inside centre,starter
https://rugby-union-feeds.incrowdsports.com/v1/matches/288444,288444,202501,Stade Francais Paris,home,22,209339,Paul Abadie,sub 7,replacement
https://rugby-union-feeds.incrowdsports.com/v1/matches/288444,288444,202501,Stade Francais Paris,home,7,129052,Mathieu Hirigoyen,flanker,starter
https://rugby-union-feeds.incrowdsports.com/v1/matches/288444,288444,202501,Stade Francais Paris,home,3,100286,Paul Alo-Emile,tighthead prop,starter
https://rugby-union-feeds.incrowdsports.com/v1/matches/288444,288444,202501,Stade Francais Paris,home,6,244160,Juan Martin Scelzo,flanker,starter
https://rugby-union-feeds.incrowdsports.com/v1/matches/288444,288444,202501,Stade Francais Paris,home,4,128128,Paul Gabrillagues,second row,starter
https://rugby-union-feeds.incrowdsports.com/v1/matches/288444,288444,202501,Stade Francais Paris,home,16,249694,Alvaro Garcia Albo,sub 1,replacement
https://rugby-union-feeds.incrowdsports.com/v1/matches/288444,288444,202501,Stade Francais Paris,home,13,122943,Joe Marchant,outside centre,starter
https://rugby-union-feeds.incrowdsports.com/v1/matches/288444,288444,202501,Exeter Chiefs,away,6,237000,Tom Hooper,flanker,starter
https://rugby-union-feeds.incrowdsports.com/v1/matches/288444,288444,202501,Exeter Chiefs,away,20,171271,Lewis Pearson,sub 5,replacement
https://rugby-union-feeds.incrowdsports.com/v1/matches/288444,288444,202501,Exeter Chiefs,away,11,251397,Paul Brown-Bampoe,left wing,starter
https://rugby-union-feeds.incrowdsports.com/v1/matches/288444,288444,202501,Exeter Chiefs,away,9,117545,Charlie Chapman,scrum half,starter
https://rugby-union-feeds.incrowdsports.com/v1/matches/288444,288444,202501,Exeter Chiefs,away,17,201738,Will Goodrick-Clarke,sub 2,replacement
https://rugby-union-feeds.incrowdsports.com/v1/matches/288444,288444,202501,Exeter Chiefs,away,23,240233,Ben Coen,sub 8,replacement
https://rugby-union-feeds.incrowdsports.com/v1/matches/288444,288444,202501,Exeter Chiefs,away,5,128750,Andrea Zambonin,second row,starter
https://rugby-union-feeds.incrowdsports.com/v1/matches/288444,288444,202501,Exeter Chiefs,away,22,208783,Tom Cairns,sub 7,replacement
https://rugby-union-feeds.incrowdsports.com/v1/matches/288444,288444,202501,Exeter Chiefs,away,10,125136,Will Haydon-Wood,fly half,starter
https://rugby-union-feeds.incrowdsports.com/v1/matches/288444,288444,202501,Exeter Chiefs,away,18,188174,Jimmy Roots,sub 3,replacement
https://rugby-union-feeds.incrowdsports.com/v1/matches/288444,288444,202501,Exeter Chiefs,away,1,224659,Scott Sio,loosehead prop,starter
https://rugby-union-feeds.incrowdsports.com/v1/matches/288444,288444,202501,Exeter Chiefs,away,15,166737,Olly Woodburn,full back,starter
https://rugby-union-feeds.incrowdsports.com/v1/matches/288444,288444,202501,Exeter Chiefs,away,4,237272,Dafydd Jenkins,second row,starter
https://rugby-union-feeds.incrowdsports.com/v1/matches/288444,288444,202501,Exeter Chiefs,away,8,170455,Greg Fisilau,number eight,starter
https://rugby-union-feeds.incrowdsports.com/v1/matches/288444,288444,202501,Exeter Chiefs,away,14,233237,Immanuel Feyi-Waboso,right wing,starter
https://rugby-union-feeds.incrowdsports.com/v1/matches/288444,288444,202501,Exeter Chiefs,away,19,112986,Rus Tuima,sub 4,replacement
https://rugby-union-feeds.incrowdsports.com/v1/matches/288444,288444,202501,Exeter Chiefs,away,12,243675,Will Rigg,inside centre,starter
https://rugby-union-feeds.incrowdsports.com/v1/matches/288444,288444,202501,Exeter Chiefs,away,13,138016,Henry Slade,outside centre,starter
https://rugby-union-feeds.incrowdsports.com/v1/matches/288444,288444,202501,Exeter Chiefs,away,21,243167,Kane James,sub 6,replacement
https://rugby-union-feeds.incrowdsports.com/v1/matches/288444,288444,202501,Exeter Chiefs,away,16,203166,Jack Yeandle,sub 1,replacement
https://rugby-union-feeds.incrowdsports.com/v1/matches/288444,288444,202501,Exeter Chiefs,away,2,213725,Joseph Dweba,hooker,starter
https://rugby-union-feeds.incrowdsports.com/v1/matches/288444,288444,202501,Exeter Chiefs,away,3,249693,Bachuki Tchumbadze,tighthead prop,starter
https://rugby-union-feeds.incrowdsports.com/v1/matches/288444,288444,202501,Exeter Chiefs,away,7,124575,Ethan Roots,flanker,starter
https://rugby-union-feeds.incrowdsports.com/v1/matches/288443,288443,202501,Montauban,home,11,181959,Yvan Reilhac,left wing,starter
https://rugby-union-feeds.incrowdsports.com/v1/matches/288443,288443,202501,Montauban,home,23,105414,Sione Mafileo,sub 8,replacement
https://rugby-union-feeds.incrowdsports.com/v1/matches/288443,288443,202501,Montauban,home,13,240870,Romain Fonnicola,outside centre,starter
https://rugby-union-feeds.incrowdsports.com/v1/matches/288443,288443,202501,Montauban,home,22,210310,Simon Renda,sub 7,replacement
https://rugby-union-feeds.incrowdsports.com/v1/matches/288443,288443,202501,Montauban,home,12,252933,Gibson Popoali'i,inside centre,starter
https://rugby-union-feeds.incrowdsports.com/v1/matches/288443,288443,202501,Montauban,home,18,176518,Victor Moreaux,sub 3,replacement
https://rugby-union-feeds.incrowdsports.com/v1/matches/288443,288443,202501,Montauban,home,16,259146,Maixent da Costa,sub 1,replacement
https://rugby-union-feeds.incrowdsports.com/v1/matches/288443,288443,202501,Montauban,home,21,210921,Joe Powell,sub 6,replacement
https://rugby-union-feeds.incrowdsports.com/v1/matches/288443,288443,202501,Montauban,home,7,210189,Vaea Fifita,flanker,starter
https://rugby-union-feeds.incrowdsports.com/v1/matches/288443,288443,202501,Montauban,home,6,258868,Jules Bousquet,flanker,starter
https://rugby-union-feeds.incrowdsports.com/v1/matches/288443,288443,202501,Montauban,home,3,233202,Valentin Simutoga,tighthead prop,starter
https://rugby-union-feeds.incrowdsports.com/v1/matches/288443,288443,202501,Montauban,home,20,258866,Merlin Leflamand,sub 5,replacement
https://rugby-union-feeds.incrowdsports.com/v1/matches/288443,288443,202501,Montauban,home,2,144434,Kevin Firmin,hooker,starter
https://rugby-union-feeds.incrowdsports.com/v1/matches/288443,288443,202501,Montauban,home,5,194583,Lewis Bean,second row,starter
https://rugby-union-feeds.incrowdsports.com/v1/matches/288443,288443,202501,Montauban,home,4,114389,Clement Bitz,second row,starter
https://rugby-union-feeds.incrowdsports.com/v1/matches/288443,288443,202501,Montauban,home,17,105847,Lucas Seyrolle,sub 2,replacement
https://rugby-union-feeds.incrowdsports.com/v1/matches/288443,288443,202501,Montauban,home,14,229660,Stephane Ahmed,right wing,starter
https://rugby-union-feeds.incrowdsports.com/v1/matches/288443,288443,202501,Montauban,home,1,229820,Nugzar Somkhishvili,loosehead prop,starter
https://rugby-union-feeds.incrowdsports.com/v1/matches/288443,288443,202501,Montauban,home,15,174492,Segundo Tuculet,full back,starter
https://rugby-union-feeds.incrowdsports.com/v1/matches/288443,288443,202501,Montauban,home,19,191676,Karl Wilkins,sub 4,replacement
https://rugby-union-feeds.incrowdsports.com/v1/matches/288443,288443,202501,Montauban,home,10,197536,Jerome Bosviel,fly half,starter
https://rugby-union-feeds.incrowdsports.com/v1/matches/288443,288443,202501,Montauban,home,8,154751,Tyrone Viiga,number eight,starter
https://rugby-union-feeds.incrowdsports.com/v1/matches/288443,288443,202501,Montauban,home,9,251103,Mael Castel,scrum half,starter
https://rugby-union-feeds.incrowdsports.com/v1/matches/288443,288443,202501,Black Lion,away,23,237092,Shalva Aptsiauri,sub 8,replacement
https://rugby-union-feeds.incrowdsports.com/v1/matches/288443,288443,202501,Black Lion,away,17,258850,Giga Kobakhidze,sub 2,replacement
https://rugby-union-feeds.incrowdsports.com/v1/matches/288443,288443,202501,Black Lion,away,10,246024,Luka Tsirekidze,fly half,starter
https://rugby-union-feeds.incrowdsports.com/v1/matches/288443,288443,202501,Black Lion,away,5,124998,Demuri Epremidze,second row,starter
https://rugby-union-feeds.incrowdsports.com/v1/matches/288443,288443,202501,Black Lion,away,19,237100,Guram Ganiashvili,sub 4,replacement
https://rugby-union-feeds.incrowdsports.com/v1/matches/288443,288443,202501,Black Lion,away,15,252234,Luka Takaishvili,full back,starter
https://rugby-union-feeds.incrowdsports.com/v1/matches/288443,288443,202501,Black Lion,away,11,195465,Sandro Todua,left wing,starter
https://rugby-union-feeds.incrowdsports.com/v1/matches/288443,288443,202501,Black Lion,away,4,147024,Mikheil Babunashvili,second row,starter
https://rugby-union-feeds.incrowdsports.com/v1/matches/288443,288443,202501,Black Lion,away,8,253551,Giorgi Sinauridze,number eight,starter
https://rugby-union-feeds.incrowdsports.com/v1/matches/288443,288443,202501,Black Lion,away,16,246031,Tamaz Tchamiashvili,sub 1,replacement
https://rugby-union-feeds.incrowdsports.com/v1/matches/288443,288443,202501,Black Lion,away,7,120463,Giorgi Tsutskiridze,flanker,starter
https://rugby-union-feeds.incrowdsports.com/v1/matches/288443,288443,202501,Black Lion,away,9,238516,Tengiz Peranidze,scrum half,starter
https://rugby-union-feeds.incrowdsports.com/v1/matches/288443,288443,202501,Black Lion,away,12,237105,Tornike Kakhoidze,inside centre,starter
https://rugby-union-feeds.incrowdsports.com/v1/matches/288443,288443,202501,Black Lion,away,1,195383,Vasil Kakovin,loosehead prop,starter
https://rugby-union-feeds.incrowdsports.com/v1/matches/288443,288443,202501,Black Lion,away,14,161398,Akaki Tabutsadze,right wing,starter
https://rugby-union-feeds.incrowdsports.com/v1/matches/288443,288443,202501,Black Lion,away,22,258491,Zaur Lutidze,sub 7,replacement
https://rugby-union-feeds.incrowdsports.com/v1/matches/288443,288443,202501,Black Lion,away,3,243482,Giorgi Chkhartishvili,tighthead prop,starter
https://rugby-union-feeds.incrowdsports.com/v1/matches/288443,288443,202501,Black Lion,away,18,258490,Kakhaber Darbaidze,sub 3,replacement
https://rugby-union-feeds.incrowdsports.com/v1/matches/288443,288443,202501,Black Lion,away,20,241722,Giorgi Kervalishvili,sub 5,replacement
https://rugby-union-feeds.incrowdsports.com/v1/matches/288443,288443,202501,Black Lion,away,21,252025,Giorgi Spenderashvili,sub 6,replacement
https://rugby-union-feeds.incrowdsports.com/v1/matches/288443,288443,202501,Black Lion,away,13,212544,Demi Tapladze,outside centre,starter
https://rugby-union-feeds.incrowdsports.com/v1/matches/288443,288443,202501,Black Lion,away,2,126080,Irakli Kvatadze,hooker,starter
https://rugby-union-feeds.incrowdsports.com/v1/matches/288443,288443,202501,Black Lion,away,6,237117,Lasha Tsikhistavi,flanker,starter
https://rugby-union-feeds.incrowdsports.com/v1/matches/288442,288442,202501,Newcastle Red Bulls,home,7,218820,Tom Christie,flanker,starter
https://rugby-union-feeds.incrowdsports.com/v1/matches/288442,288442,202501,Newcastle Red Bulls,home,8,140708,Tom Gordon,number eight,starter
https://rugby-union-feeds.incrowdsports.com/v1/matches/288442,288442,202501,Newcastle Red Bulls,home,21,176289,James Elliott,sub 6,replacement
https://rugby-union-feeds.incrowdsports.com/v1/matches/288442,288442,202501,Newcastle Red Bulls,home,19,239553,Finn Baker,sub 4,replacement
https://rugby-union-feeds.incrowdsports.com/v1/matches/288442,288442,202501,Newcastle Red Bulls,home,2,163400,George McGuigan,hooker,starter
https://rugby-union-feeds.incrowdsports.com/v1/matches/288442,288442,202501,Newcastle Red Bulls,home,14,166601,Christian Wade,right wing,starter
https://rugby-union-feeds.incrowdsports.com/v1/matches/288442,288442,202501,Newcastle Red Bulls,home,16,207081,Ollie Fletcher,sub 1,replacement
https://rugby-union-feeds.incrowdsports.com/v1/matches/288442,288442,202501,Newcastle Red Bulls,home,3,200621,Richard Palframan,tighthead prop,starter
https://rugby-union-feeds.incrowdsports.com/v1/matches/288442,288442,202501,Newcastle Red Bulls,home,6,248979,Oscar Usher,flanker,starter
https://rugby-union-feeds.incrowdsports.com/v1/matches/288442,288442,202501,Newcastle Red Bulls,home,22,127601,Cammy Hutchison,sub 7,replacement
https://rugby-union-feeds.incrowdsports.com/v1/matches/288442,288442,202501,Newcastle Red Bulls,home,1,205585,Murray McCallum,loosehead prop,starter
https://rugby-union-feeds.incrowdsports.com/v1/matches/288442,288442,202501,Newcastle Red Bulls,home,5,154551,Sebastian de Chaves,second row,starter
https://rugby-union-feeds.incrowdsports.com/v1/matches/288442,288442,202501,Newcastle Red Bulls,home,18,143607,Luan de Bruin,sub 3,replacement
https://rugby-union-feeds.incrowdsports.com/v1/matches/288442,288442,202501,Newcastle Red Bulls,home,17,164792,Adam Brocklebank,sub 2,replacement
https://rugby-union-feeds.incrowdsports.com/v1/matches/288442,288442,202501,Newcastle Red Bulls,home,15,145014,Elliott Obatoyinbo,full back,starter
https://rugby-union-feeds.incrowdsports.com/v1/matches/288442,288442,202501,Newcastle Red Bulls,home,11,222549,Oll Spencer,left wing,starter
https://rugby-union-feeds.incrowdsports.com/v1/matches/288442,288442,202501,Newcastle Red Bulls,home,10,144507,Ethan Grayson,fly half,starter
https://rugby-union-feeds.incrowdsports.com/v1/matches/288442,288442,202501,Newcastle Red Bulls,home,20,157275,Cameron Neild,sub 5,replacement
https://rugby-union-feeds.incrowdsports.com/v1/matches/288442,288442,202501,Newcastle Red Bulls,home,4,224153,Tim Cardall,second row,starter
https://rugby-union-feeds.incrowdsports.com/v1/matches/288442,288442,202501,Newcastle Red Bulls,home,23,239961,Nathan Greenwood,sub 8,replacement
https://rugby-union-feeds.incrowdsports.com/v1/matches/288442,288442,202501,Newcastle Red Bulls,home,13,199072,Alex Hearle,outside centre,starter
https://rugby-union-feeds.incrowdsports.com/v1/matches/288442,288442,202501,Newcastle Red Bulls,home,9,251584,Simon Benitez Cruz,scrum half,starter
https://rugby-union-feeds.incrowdsports.com/v1/matches/288442,288442,202501,Newcastle Red Bulls,home,12,108863,Sammy Arnold,inside centre,starter
https://rugby-union-feeds.incrowdsports.com/v1/matches/288442,288442,202501,Perpignan,away,12,186243,Duncan Paia'aua,inside centre,starter
https://rugby-union-feeds.incrowdsports.com/v1/matches/288442,288442,202501,Perpignan,away,5,178723,Adrien Warion,second row,starter
https://rugby-union-feeds.incrowdsports.com/v1/matches/288442,288442,202501,Perpignan,away,6,244548,Bastien Chinarro,flanker,starter
https://rugby-union-feeds.incrowdsports.com/v1/matches/288442,288442,202501,Perpignan,away,11,250083,Maxim Granell,left wing,starter
https://rugby-union-feeds.incrowdsports.com/v1/matches/288442,288442,202501,Perpignan,away,3,196513,Pietro Ceccarelli,tighthead prop,starter
https://rugby-union-feeds.incrowdsports.com/v1/matches/288442,288442,202501,Perpignan,away,4,113765,Peceli Yato,second row,starter
https://rugby-union-feeds.incrowdsports.com/v1/matches/288442,288442,202501,Perpignan,away,19,243591,Posolo Tuilagi,sub 4,replacement
https://rugby-union-feeds.incrowdsports.com/v1/matches/288442,288442,202501,Perpignan,away,18,216038,Nemo Roelofse,sub 3,replacement
https://rugby-union-feeds.incrowdsports.com/v1/matches/288442,288442,202501,Perpignan,away,23,254054,Gabin Kretchmann,sub 8,replacement
https://rugby-union-feeds.incrowdsports.com/v1/matches/288442,288442,202501,Perpignan,away,16,251178,Mathys Lotrian,sub 1,replacement
https://rugby-union-feeds.incrowdsports.com/v1/matches/288442,288442,202501,Perpignan,away,13,250089,Job Poulet,outside centre,starter
https://rugby-union-feeds.incrowdsports.com/v1/matches/288442,288442,202501,Perpignan,away,2,233161,Victor Montgaillard,hooker,starter
https://rugby-union-feeds.incrowdsports.com/v1/matches/288442,288442,202501,Perpignan,away,9,183377,Tom Ecochard,scrum half,starter
https://rugby-union-feeds.incrowdsports.com/v1/matches/288442,288442,202501,Perpignan,away,20,179698,Mathieu Tanguy,sub 5,replacement
https://rugby-union-feeds.incrowdsports.com/v1/matches/288442,288442,202501,Perpignan,away,21,246033,Andro Dvali,sub 6,replacement
https://rugby-union-feeds.incrowdsports.com/v1/matches/288442,288442,202501,Perpignan,away,15,117973,Lucas Dubois,full back,starter
https://rugby-union-feeds.incrowdsports.com/v1/matches/288442,288442,202501,Perpignan,away,10,244855,Hugo Reus,fly half,starter
https://rugby-union-feeds.incrowdsports.com/v1/matches/288442,288442,202501,Perpignan,away,17,252214,Lorencio Boyer-Gallardo,sub 2,replacement
https://rugby-union-feeds.incrowdsports.com/v1/matches/288442,288442,202501,Perpignan,away,14,190393,Jordan Petaia,right wing,starter
https://rugby-union-feeds.incrowdsports.com/v1/matches/288442,288442,202501,Perpignan,away,1,148825,Bruce Devaux,loosehead prop,starter
https://rugby-union-feeds.incrowdsports.com/v1/matches/288442,288442,202501,Perpignan,away,8,113822,Lucas Velarte,number eight,starter
https://rugby-union-feeds.incrowdsports.com/v1/matches/288442,288442,202501,Perpignan,away,22,160800,Gela Aprasidze,sub 7,replacement
https://rugby-union-feeds.incrowdsports.com/v1/matches/288442,288442,202501,Perpignan,away,7,126367,Mahamadou Diaby,flanker,starter
https://rugby-union-feeds.incrowdsports.com/v1/matches/288446,288446,202501,Fidelity SecureDrive Lions,home,8,173411,Francke Horn,number eight,starter
https://rugby-union-feeds.incrowdsports.com/v1/matches/288446,288446,202501,Fidelity SecureDrive Lions,home,10,187073,Chris Smith,fly half,starter
https://rugby-union-feeds.incrowdsports.com/v1/matches/288446,288446,202501,Fidelity SecureDrive Lions,home,13,217921,Erich Cronje,outside centre,starter
https://rugby-union-feeds.incrowdsports.com/v1/matches/288446,288446,202501,Fidelity SecureDrive Lions,home,3,223276,Conrad van Vuuren,tighthead prop,starter
https://rugby-union-feeds.incrowdsports.com/v1/matches/288446,288446,202501,Fidelity SecureDrive Lions,home,18,240076,Sebastian Lombard,sub 3,replacement
https://rugby-union-feeds.incrowdsports.com/v1/matches/288446,288446,202501,Fidelity SecureDrive Lions,home,20,251884,Sibabalwe Mahashe,sub 5,replacement
https://rugby-union-feeds.incrowdsports.com/v1/matches/288446,288446,202501,Fidelity SecureDrive Lions,home,7,251882,Batho Hlekani,flanker,starter
https://rugby-union-feeds.incrowdsports.com/v1/matches/288446,288446,202501,Fidelity SecureDrive Lions,home,4,245711,Dylan Sjoblom,second row,starter
https://rugby-union-feeds.incrowdsports.com/v1/matches/288446,288446,202501,Fidelity SecureDrive Lions,home,21,251983,Hasseim Pead,sub 6,replacement
https://rugby-union-feeds.incrowdsports.com/v1/matches/288446,288446,202501,Fidelity SecureDrive Lions,home,9,191534,Morne van den Berg,scrum half,starter
https://rugby-union-feeds.incrowdsports.com/v1/matches/288446,288446,202501,Fidelity SecureDrive Lions,home,1,240020,Eddie Davids,loosehead prop,starter
https://rugby-union-feeds.incrowdsports.com/v1/matches/288446,288446,202501,Fidelity SecureDrive Lions,home,5,241108,Ruan Delport,second row,starter
https://rugby-union-feeds.incrowdsports.com/v1/matches/288446,288446,202501,Fidelity SecureDrive Lions,home,19,216340,Ruben Schoeman,sub 4,replacement
https://rugby-union-feeds.incrowdsports.com/v1/matches/288446,288446,202501,Fidelity SecureDrive Lions,home,2,165140,PJ Botha,hooker,starter
https://rugby-union-feeds.incrowdsports.com/v1/matches/288446,288446,202501,Fidelity SecureDrive Lions,home,16,218003,Morne Brandon,sub 1,replacement
https://rugby-union-feeds.incrowdsports.com/v1/matches/288446,288446,202501,Fidelity SecureDrive Lions,home,23,109329,Rabz Maxwane,sub 8,replacement
https://rugby-union-feeds.incrowdsports.com/v1/matches/288446,288446,202501,Fidelity SecureDrive Lions,home,15,236722,Quan Horn,full back,starter
https://rugby-union-feeds.incrowdsports.com/v1/matches/288446,288446,202501,Fidelity SecureDrive Lions,home,22,236721,Henco van Wyk,sub 7,replacement
https://rugby-union-feeds.incrowdsports.com/v1/matches/288446,288446,202501,Fidelity SecureDrive Lions,home,11,133014,Angelo Davids,left wing,starter
https://rugby-union-feeds.incrowdsports.com/v1/matches/288446,288446,202501,Fidelity SecureDrive Lions,home,12,245660,Bronson Mills,inside centre,starter
https://rugby-union-feeds.incrowdsports.com/v1/matches/288446,288446,202501,Fidelity SecureDrive Lions,home,6,245376,Renzo du Plessis,flanker,starter
https://rugby-union-feeds.incrowdsports.com/v1/matches/288446,288446,202501,Fidelity SecureDrive Lions,home,17,252480,RF Schoeman,sub 2,replacement
https://rugby-union-feeds.incrowdsports.com/v1/matches/288446,288446,202501,Fidelity SecureDrive Lions,home,14,157600,Richard Kriel,right wing,starter
https://rugby-union-feeds.incrowdsports.com/v1/matches/288446,288446,202501,Lyon O.U.,away,16,252323,Thomas Marceline,sub 1,replacement
https://rugby-union-feeds.incrowdsports.com/v1/matches/288446,288446,202501,Lyon O.U.,away,4,112612,Félix Lambey,second row,starter
https://rugby-union-feeds.incrowdsports.com/v1/matches/288446,288446,202501,Lyon O.U.,away,14,254600,Charly Mignot,right wing,starter
https://rugby-union-feeds.incrowdsports.com/v1/matches/288446,288446,202501,Lyon O.U.,away,6,254599,Antoine Deliance,flanker,starter
https://rugby-union-feeds.incrowdsports.com/v1/matches/288446,288446,202501,Lyon O.U.,away,19,177800,Mickael Guillard,sub 4,replacement
https://rugby-union-feeds.incrowdsports.com/v1/matches/288446,288446,202501,Lyon O.U.,away,2,170661,Mathis Sarragallet,hooker,starter
https://rugby-union-feeds.incrowdsports.com/v1/matches/288446,288446,202501,Lyon O.U.,away,5,191142,Killian Geraci,second row,starter
https://rugby-union-feeds.incrowdsports.com/v1/matches/288446,288446,202501,Lyon O.U.,away,7,116679,Beka Saginadze,flanker,starter
https://rugby-union-feeds.incrowdsports.com/v1/matches/288446,288446,202501,Lyon O.U.,away,20,229445,Liam Allen,sub 5,replacement
https://rugby-union-feeds.incrowdsports.com/v1/matches/288446,288446,202501,Lyon O.U.,away,10,198219,Paddy Jackson,fly half,starter
https://rugby-union-feeds.incrowdsports.com/v1/matches/288446,288446,202501,Lyon O.U.,away,13,203881,Alfred Parisien,outside centre,starter
https://rugby-union-feeds.incrowdsports.com/v1/matches/288446,288446,202501,Lyon O.U.,away,21,256400,Lilian Baret,sub 6,replacement
https://rugby-union-feeds.incrowdsports.com/v1/matches/288446,288446,202501,Lyon O.U.,away,23,140494,Jiuta Wainiqolo,sub 8,replacement
https://rugby-union-feeds.incrowdsports.com/v1/matches/288446,288446,202501,Lyon O.U.,away,17,146161,Jérôme Rey,sub 2,replacement
https://rugby-union-feeds.incrowdsports.com/v1/matches/288446,288446,202501,Lyon O.U.,away,1,146999,Hamza Kaabeche,loosehead prop,starter
https://rugby-union-feeds.incrowdsports.com/v1/matches/288446,288446,202501,Lyon O.U.,away,15,233206,Alexandre Tchaptchet,full back,starter
https://rugby-union-feeds.incrowdsports.com/v1/matches/288446,288446,202501,Lyon O.U.,away,3,138005,Cedate Gomes Sa,tighthead prop,starter
https://rugby-union-feeds.incrowdsports.com/v1/matches/288446,288446,202501,Lyon O.U.,away,11,244764,Arthur Mathiron,left wing,starter
https://rugby-union-feeds.incrowdsports.com/v1/matches/288446,288446,202501,Lyon O.U.,away,18,251579,Ave Maalo,sub 3,replacement
https://rugby-union-feeds.incrowdsports.com/v1/matches/288446,288446,202501,Lyon O.U.,away,9,253370,Esteban Gonzalez,scrum half,starter
https://rugby-union-feeds.incrowdsports.com/v1/matches/288446,288446,202501,Lyon O.U.,away,8,163743,Arno Botha,number eight,starter
https://rugby-union-feeds.incrowdsports.com/v1/matches/288446,288446,202501,Lyon O.U.,away,12,223422,Josiah Maraku,inside centre,starter
https://rugby-union-feeds.incrowdsports.com/v1/matches/288446,288446,202501,Lyon O.U.,away,22,245054,Iosefo Balewairiki,sub 7,replacement
https://rugby-union-feeds.incrowdsports.com/v1/matches/288445,288445,202501,Cardiff Rugby,home,19,139876,Josh McNally,sub 4,replacement
https://rugby-union-feeds.incrowdsports.com/v1/matches/288445,288445,202501,Cardiff Rugby,home,1,240454,Rhys Barratt,loosehead prop,starter
https://rugby-union-feeds.incrowdsports.com/v1/matches/288445,288445,202501,Cardiff Rugby,home,21,202470,Ellis Bevan,sub 6,replacement
https://rugby-union-feeds.incrowdsports.com/v1/matches/288445,288445,202501,Cardiff Rugby,home,22,186117,Rory Jennings,sub 7,replacement
https://rugby-union-feeds.incrowdsports.com/v1/matches/288445,288445,202501,Cardiff Rugby,home,15,128775,Jacob Beetham,full back,starter
https://rugby-union-feeds.incrowdsports.com/v1/matches/288445,288445,202501,Cardiff Rugby,home,4,135435,George Nott,second row,starter
https://rugby-union-feeds.incrowdsports.com/v1/matches/288445,288445,202501,Cardiff Rugby,home,20,214124,James Botham,sub 5,replacement
https://rugby-union-feeds.incrowdsports.com/v1/matches/288445,288445,202501,Cardiff Rugby,home,10,152457,Callum Sheedy,fly half,starter
https://rugby-union-feeds.incrowdsports.com/v1/matches/288445,288445,202501,Cardiff Rugby,home,17,212458,Corey Domachowski,sub 2,replacement
https://rugby-union-feeds.incrowdsports.com/v1/matches/288445,288445,202501,Cardiff Rugby,home,2,137071,Liam Belcher,hooker,starter
https://rugby-union-feeds.incrowdsports.com/v1/matches/288445,288445,202501,Cardiff Rugby,home,16,204560,Dafydd Hughes,sub 1,replacement
https://rugby-union-feeds.incrowdsports.com/v1/matches/288445,288445,202501,Cardiff Rugby,home,6,235183,Alex Mann,flanker,starter
https://rugby-union-feeds.incrowdsports.com/v1/matches/288445,288445,202501,Cardiff Rugby,home,13,152686,Cornel Smit,outside centre,starter
https://rugby-union-feeds.incrowdsports.com/v1/matches/288445,288445,202501,Cardiff Rugby,home,8,131470,Alun Lawrence,number eight,starter
https://rugby-union-feeds.incrowdsports.com/v1/matches/288445,288445,202501,Cardiff Rugby,home,9,165236,Aled Davies,scrum half,starter
https://rugby-union-feeds.incrowdsports.com/v1/matches/288445,288445,202501,Cardiff Rugby,home,18,208595,Javan Sebastian,sub 3,replacement
https://rugby-union-feeds.incrowdsports.com/v1/matches/288445,288445,202501,Cardiff Rugby,home,23,111537,Harri Millard,sub 8,replacement
https://rugby-union-feeds.incrowdsports.com/v1/matches/288445,288445,202501,Cardiff Rugby,home,11,248818,Tom Bowen,left wing,starter
https://rugby-union-feeds.incrowdsports.com/v1/matches/288445,288445,202501,Cardiff Rugby,home,7,181073,Taine Basham,flanker,starter
https://rugby-union-feeds.incrowdsports.com/v1/matches/288445,288445,202501,Cardiff Rugby,home,12,225777,Ben Thomas,inside centre,starter
https://rugby-union-feeds.incrowdsports.com/v1/matches/288445,288445,202501,Cardiff Rugby,home,5,105267,Rory Thornton,second row,starter
https://rugby-union-feeds.incrowdsports.com/v1/matches/288445,288445,202501,Cardiff Rugby,home,3,202399,Keiron Assiratti,tighthead prop,starter
https://rugby-union-feeds.incrowdsports.com/v1/matches/288445,288445,202501,Cardiff Rugby,home,14,235997,Iwan Stephens,right wing,starter
https://rugby-union-feeds.incrowdsports.com/v1/matches/288445,288445,202501,Racing 92,away,21,122465,Lekima Tagitagivalu,sub 6,replacement
https://rugby-union-feeds.incrowdsports.com/v1/matches/288445,288445,202501,Racing 92,away,6,237222,Maxime Baudonne,flanker,starter
https://rugby-union-feeds.incrowdsports.com/v1/matches/288445,288445,202501,Racing 92,away,22,250502,Kleo Labarbe,sub 7,replacement
https://rugby-union-feeds.incrowdsports.com/v1/matches/288445,288445,202501,Racing 92,away,13,179787,Sam James,outside centre,starter
https://rugby-union-feeds.incrowdsports.com/v1/matches/288445,288445,202501,Racing 92,away,15,187980,Geronimo Prisciantelli,full back,starter
https://rugby-union-feeds.incrowdsports.com/v1/matches/288445,288445,202501,Racing 92,away,14,240624,Selestino Ravutaumada,right wing,starter
https://rugby-union-feeds.incrowdsports.com/v1/matches/288445,288445,202501,Racing 92,away,3,207407,Demba Bamba,tighthead prop,starter
https://rugby-union-feeds.incrowdsports.com/v1/matches/288445,288445,202501,Racing 92,away,19,211021,Romain Taofifenua,sub 4,replacement
https://rugby-union-feeds.incrowdsports.com/v1/matches/288445,288445,202501,Racing 92,away,1,254579,Edouard Jabea Njocke,loosehead prop,starter
https://rugby-union-feeds.incrowdsports.com/v1/matches/288445,288445,202501,Racing 92,away,12,254450,Vladi Ashvetia,inside centre,starter
https://rugby-union-feeds.incrowdsports.com/v1/matches/288445,288445,202501,Racing 92,away,18,114612,Gia Kharaishvili,sub 3,replacement
https://rugby-union-feeds.incrowdsports.com/v1/matches/288445,288445,202501,Racing 92,away,11,255704,Nolann Donguy,left wing,starter
https://rugby-union-feeds.incrowdsports.com/v1/matches/288445,288445,202501,Racing 92,away,4,242935,Junior Kpoku,second row,starter
https://rugby-union-feeds.incrowdsports.com/v1/matches/288445,288445,202501,Racing 92,away,2,254581,Lehopoame Leota,hooker,starter
https://rugby-union-feeds.incrowdsports.com/v1/matches/288445,288445,202501,Racing 92,away,5,128343,Jordan Joseph,second row,starter
https://rugby-union-feeds.incrowdsports.com/v1/matches/288445,288445,202501,Racing 92,away,7,246812,Noa Zinzen,flanker,starter
https://rugby-union-feeds.incrowdsports.com/v1/matches/288445,288445,202501,Racing 92,away,17,245179,Lino Julien,sub 2,replacement
https://rugby-union-feeds.incrowdsports.com/v1/matches/288445,288445,202501,Racing 92,away,20,257498,Auguste Albuisson,sub 5,replacement
https://rugby-union-feeds.incrowdsports.com/v1/matches/288445,288445,202501,Racing 92,away,23,254464,Arthur Espeut,sub 8,replacement
https://rugby-union-feeds.incrowdsports.com/v1/matches/288445,288445,202501,Racing 92,away,9,243934,Leo Carbonneau,scrum half,starter
https://rugby-union-feeds.incrowdsports.com/v1/matches/288445,288445,202501,Racing 92,away,8,147677,Hacjivah Dayimani,number eight,starter
https://rugby-union-feeds.incrowdsports.com/v1/matches/288445,288445,202501,Racing 92,away,16,136573,Janick Tarrit,sub 1,replacement
https://rugby-union-feeds.incrowdsports.com/v1/matches/288445,288445,202501,Racing 92,away,10,215421,Antoine Gibert,fly half,starter
https://rugby-union-feeds.incrowdsports.com/v1/matches/288447,288447,202501,Benetton Rugby,home,16,236899,Bautista Bernasconi,sub 1,replacement
https://rugby-union-feeds.incrowdsports.com/v1/matches/288447,288447,202501,Benetton Rugby,home,20,209634,Eli Snyman,sub 5,replacement
https://rugby-union-feeds.incrowdsports.com/v1/matches/288447,288447,202501,Benetton Rugby,home,18,174824,Giosue Zilocchi,sub 3,replacement
https://rugby-union-feeds.incrowdsports.com/v1/matches/288447,288447,202501,Benetton Rugby,home,10,157030,Jacob Umaga,fly half,starter
https://rugby-union-feeds.incrowdsports.com/v1/matches/288447,288447,202501,Benetton Rugby,home,4,208272,Niccolo Cannone,second row,starter
https://rugby-union-feeds.incrowdsports.com/v1/matches/288447,288447,202501,Benetton Rugby,home,1,237231,Mirco Spagnolo,loosehead prop,starter
https://rugby-union-feeds.incrowdsports.com/v1/matches/288447,288447,202501,Benetton Rugby,home,5,103440,Federico Ruzza,second row,starter
https://rugby-union-feeds.incrowdsports.com/v1/matches/288447,288447,202501,Benetton Rugby,home,17,144653,Nahuel Tetaz Chaparro,sub 2,replacement
https://rugby-union-feeds.incrowdsports.com/v1/matches/288447,288447,202501,Benetton Rugby,home,7,161390,Manuel Zuliani,flanker,starter
https://rugby-union-feeds.incrowdsports.com/v1/matches/288447,288447,202501,Benetton Rugby,home,2,244754,Nicholas Gasperini,hooker,starter
https://rugby-union-feeds.incrowdsports.com/v1/matches/288447,288447,202501,Benetton Rugby,home,14,209105,Louis Lynagh,right wing,starter
https://rugby-union-feeds.incrowdsports.com/v1/matches/288447,288447,202501,Benetton Rugby,home,6,216977,Alessandro Izekor,flanker,starter
https://rugby-union-feeds.incrowdsports.com/v1/matches/288447,288447,202501,Benetton Rugby,home,15,159960,Matt Gallagher,full back,starter
https://rugby-union-feeds.incrowdsports.com/v1/matches/288447,288447,202501,Benetton Rugby,home,9,111797,Andy Uren,scrum half,starter
https://rugby-union-feeds.incrowdsports.com/v1/matches/288447,288447,202501,Benetton Rugby,home,8,197335,Lorenzo Cannone,number eight,starter
https://rugby-union-feeds.incrowdsports.com/v1/matches/288447,288447,202501,Benetton Rugby,home,3,192476,Simone Ferrari,tighthead prop,starter
https://rugby-union-feeds.incrowdsports.com/v1/matches/288447,288447,202501,Benetton Rugby,home,12,194010,Malakai Fekitoa,inside centre,starter
https://rugby-union-feeds.incrowdsports.com/v1/matches/288447,288447,202501,Benetton Rugby,home,13,153725,Paolo Odogwu,outside centre,starter
https://rugby-union-feeds.incrowdsports.com/v1/matches/288447,288447,202501,Benetton Rugby,home,23,236606,Leonardo Marin,sub 8,replacement
https://rugby-union-feeds.incrowdsports.com/v1/matches/288447,288447,202501,Benetton Rugby,home,11,237725,Onisi Ratave,left wing,starter
https://rugby-union-feeds.incrowdsports.com/v1/matches/288447,288447,202501,Benetton Rugby,home,19,205693,Scott Scrafton,sub 4,replacement
https://rugby-union-feeds.incrowdsports.com/v1/matches/288447,288447,202501,Benetton Rugby,home,21,120191,Michele Lamaro,sub 6,replacement
https://rugby-union-feeds.incrowdsports.com/v1/matches/288447,288447,202501,Benetton Rugby,home,22,236573,Alessandro Garbisi,sub 7,replacement
https://rugby-union-feeds.incrowdsports.com/v1/matches/288447,288447,202501,Dragons RFC,away,14,180932,Ewan Rosser,right wing,starter
https://rugby-union-feeds.incrowdsports.com/v1/matches/288447,288447,202501,Dragons RFC,away,16,203043,Brodie Coghlan,sub 1,replacement
https://rugby-union-feeds.incrowdsports.com/v1/matches/288447,288447,202501,Dragons RFC,away,12,240577,Joe Westwood,inside centre,starter
https://rugby-union-feeds.incrowdsports.com/v1/matches/288447,288447,202501,Dragons RFC,away,20,117478,Thomas Young,sub 5,replacement
https://rugby-union-feeds.incrowdsports.com/v1/matches/288447,288447,202501,Dragons RFC,away,1,105189,Rodrigo Martinez,loosehead prop,starter
https://rugby-union-feeds.incrowdsports.com/v1/matches/288447,288447,202501,Dragons RFC,away,2,230822,Oli Burrows,hooker,starter
https://rugby-union-feeds.incrowdsports.com/v1/matches/288447,288447,202501,Dragons RFC,away,17,250758,Jordan Morris,sub 2,replacement
https://rugby-union-feeds.incrowdsports.com/v1/matches/288447,288447,202501,Dragons RFC,away,15,250763,Huw Anderson,full back,starter
https://rugby-union-feeds.incrowdsports.com/v1/matches/288447,288447,202501,Dragons RFC,away,21,240459,Morgan Lloyd,sub 6,replacement
https://rugby-union-feeds.incrowdsports.com/v1/matches/288447,288447,202501,Dragons RFC,away,23,140652,Aneurin Owen,sub 8,replacement
https://rugby-union-feeds.incrowdsports.com/v1/matches/288447,288447,202501,Dragons RFC,away,11,138569,Rio Dyer,left wing,starter
https://rugby-union-feeds.incrowdsports.com/v1/matches/288447,288447,202501,Dragons RFC,away,13,132173,Dai Richards,outside centre,starter
https://rugby-union-feeds.incrowdsports.com/v1/matches/288447,288447,202501,Dragons RFC,away,5,198669,Matthew Screech,second row,starter
https://rugby-union-feeds.incrowdsports.com/v1/matches/288447,288447,202501,Dragons RFC,away,8,128722,Shane Lewis-Hughes,number eight,starter
https://rugby-union-feeds.incrowdsports.com/v1/matches/288447,288447,202501,Dragons RFC,away,3,241107,Cebo Dlamini,tighthead prop,starter
https://rugby-union-feeds.incrowdsports.com/v1/matches/288447,288447,202501,Dragons RFC,away,10,138161,Tinus de Beer,fly half,starter
https://rugby-union-feeds.incrowdsports.com/v1/matches/288447,288447,202501,Dragons RFC,away,19,249751,Barny Langton-Cryer,sub 4,replacement
https://rugby-union-feeds.incrowdsports.com/v1/matches/288447,288447,202501,Dragons RFC,away,4,190133,Levi Douglas,second row,starter
https://rugby-union-feeds.incrowdsports.com/v1/matches/288447,288447,202501,Dragons RFC,away,18,219995,Rob Hunt,sub 3,replacement
https://rugby-union-feeds.incrowdsports.com/v1/matches/288447,288447,202501,Dragons RFC,away,9,224767,Rhodri Williams,scrum half,starter
https://rugby-union-feeds.incrowdsports.com/v1/matches/288447,288447,202501,Dragons RFC,away,22,122877,Jac Lloyd,sub 7,replacement
https://rugby-union-feeds.incrowdsports.com/v1/matches/288447,288447,202501,Dragons RFC,away,6,240573,Ryan Woodman,flanker,starter
https://rugby-union-feeds.incrowdsports.com/v1/matches/288447,288447,202501,Dragons RFC,away,7,249309,Harry Beddall,flanker,starter
https://rugby-union-feeds.incrowdsports.com/v1/matches/288449,288449,202501,Montpellier,home,17,248932,Valentin Welsch,sub 2,replacement
https://rugby-union-feeds.incrowdsports.com/v1/matches/288449,288449,202501,Montpellier,home,12,237155,Justo Piccardo,inside centre,starter
https://rugby-union-feeds.incrowdsports.com/v1/matches/288449,288449,202501,Montpellier,home,8,241442,Alex Masibaka,number eight,starter
https://rugby-union-feeds.incrowdsports.com/v1/matches/288449,288449,202501,Montpellier,home,3,188619,Luka Japaridze,tighthead prop,starter
https://rugby-union-feeds.incrowdsports.com/v1/matches/288449,288449,202501,Montpellier,home,20,240716,Langi Gleeson,sub 5,replacement
https://rugby-union-feeds.incrowdsports.com/v1/matches/288449,288449,202501,Montpellier,home,16,198027,Ricky Riccitelli,sub 1,replacement
https://rugby-union-feeds.incrowdsports.com/v1/matches/288449,288449,202501,Montpellier,home,14,184521,Donovan Taofifenua,right wing,starter
https://rugby-union-feeds.incrowdsports.com/v1/matches/288449,288449,202501,Montpellier,home,6,152393,Marco Tauleigne,flanker,starter
https://rugby-union-feeds.incrowdsports.com/v1/matches/288449,288449,202501,Montpellier,home,13,193262,Thomas Darmon,outside centre,starter
https://rugby-union-feeds.incrowdsports.com/v1/matches/288449,288449,202501,Montpellier,home,7,161907,Alex Becognee,flanker,starter
https://rugby-union-feeds.incrowdsports.com/v1/matches/288449,288449,202501,Montpellier,home,11,255699,Melvyn Rates,left wing,starter
https://rugby-union-feeds.incrowdsports.com/v1/matches/288449,288449,202501,Montpellier,home,2,250834,Lyam Akrab,hooker,starter
https://rugby-union-feeds.incrowdsports.com/v1/matches/288449,288449,202501,Montpellier,home,9,184178,Leo Coly,scrum half,starter
https://rugby-union-feeds.incrowdsports.com/v1/matches/288449,288449,202501,Montpellier,home,18,133687,Christopher Tolofua,sub 3,replacement
https://rugby-union-feeds.incrowdsports.com/v1/matches/288449,288449,202501,Montpellier,home,23,254550,Jules Ducros,sub 8,replacement
https://rugby-union-feeds.incrowdsports.com/v1/matches/288449,288449,202501,Montpellier,home,22,171478,Arthur Vincent,sub 7,replacement
https://rugby-union-feeds.incrowdsports.com/v1/matches/288449,288449,202501,Montpellier,home,5,206267,Bastien Chalureau,second row,starter
https://rugby-union-feeds.incrowdsports.com/v1/matches/288449,288449,202501,Montpellier,home,4,141337,Florian Verhaeghe,second row,starter
https://rugby-union-feeds.incrowdsports.com/v1/matches/288449,288449,202501,Montpellier,home,10,195263,Stuart Hogg,fly half,starter
https://rugby-union-feeds.incrowdsports.com/v1/matches/288449,288449,202501,Montpellier,home,19,233216,Matthieu Uhila,sub 4,replacement
https://rugby-union-feeds.incrowdsports.com/v1/matches/288449,288449,202501,Montpellier,home,21,237823,Alexis Bernadet,sub 6,replacement
https://rugby-union-feeds.incrowdsports.com/v1/matches/288449,288449,202501,Montpellier,home,15,103743,Thomas Vincent,full back,starter
https://rugby-union-feeds.incrowdsports.com/v1/matches/288449,288449,202501,Montpellier,home,1,229853,Baptiste Erdocio,loosehead prop,starter
https://rugby-union-feeds.incrowdsports.com/v1/matches/288449,288449,202501,Connacht Rugby,away,15,187970,Sam Gilbert,full back,starter
https://rugby-union-feeds.incrowdsports.com/v1/matches/288449,288449,202501,Connacht Rugby,away,10,131074,Josh Ioane,fly half,starter
https://rugby-union-feeds.incrowdsports.com/v1/matches/288449,288449,202501,Connacht Rugby,away,4,244039,Darragh Murray,second row,starter
https://rugby-union-feeds.incrowdsports.com/v1/matches/288449,288449,202501,Connacht Rugby,away,6,198565,Cian Prendergast,flanker,starter
https://rugby-union-feeds.incrowdsports.com/v1/matches/288449,288449,202501,Connacht Rugby,away,5,216844,Josh Murphy,second row,starter
https://rugby-union-feeds.incrowdsports.com/v1/matches/288449,288449,202501,Connacht Rugby,away,13,241963,Harry West,outside centre,starter
https://rugby-union-feeds.incrowdsports.com/v1/matches/288449,288449,202501,Connacht Rugby,away,21,259147,Albert Lindner,sub 6,replacement
https://rugby-union-feeds.incrowdsports.com/v1/matches/288449,288449,202501,Connacht Rugby,away,12,141193,Cathal Forde,inside centre,starter
https://rugby-union-feeds.incrowdsports.com/v1/matches/288449,288449,202501,Connacht Rugby,away,14,129867,Shane Jennings,right wing,starter
https://rugby-union-feeds.incrowdsports.com/v1/matches/288449,288449,202501,Connacht Rugby,away,23,244719,John Devine,sub 8,replacement
https://rugby-union-feeds.incrowdsports.com/v1/matches/288449,288449,202501,Connacht Rugby,away,2,119988,Dylan Tierney-Martin,hooker,starter
https://rugby-union-feeds.incrowdsports.com/v1/matches/288449,288449,202501,Connacht Rugby,away,20,137489,Sean O'Brien,sub 5,replacement
https://rugby-union-feeds.incrowdsports.com/v1/matches/288449,288449,202501,Connacht Rugby,away,17,131671,Peter Dooley,sub 2,replacement
https://rugby-union-feeds.incrowdsports.com/v1/matches/288449,288449,202501,Connacht Rugby,away,9,180856,Ben Murphy,scrum half,starter
https://rugby-union-feeds.incrowdsports.com/v1/matches/288449,288449,202501,Connacht Rugby,away,16,254518,Matthew Victory,sub 1,replacement
https://rugby-union-feeds.incrowdsports.com/v1/matches/288449,288449,202501,Connacht Rugby,away,3,237237,Sam Illo,tighthead prop,starter
https://rugby-union-feeds.incrowdsports.com/v1/matches/288449,288449,202501,Connacht Rugby,away,18,244725,Fiachna Barrett,sub 3,replacement
https://rugby-union-feeds.incrowdsports.com/v1/matches/288449,288449,202501,Connacht Rugby,away,7,200378,Paul Boyle,flanker,starter
https://rugby-union-feeds.incrowdsports.com/v1/matches/288449,288449,202501,Connacht Rugby,away,8,241018,Sean Jansen,number eight,starter
https://rugby-union-feeds.incrowdsports.com/v1/matches/288449,288449,202501,Connacht Rugby,away,1,254559,Billy Bohan,loosehead prop,starter
https://rugby-union-feeds.incrowdsports.com/v1/matches/288449,288449,202501,Connacht Rugby,away,19,114781,Niall Murray,sub 4,replacement
https://rugby-union-feeds.incrowdsports.com/v1/matches/288449,288449,202501,Connacht Rugby,away,22,253023,Sean Walsh,sub 7,replacement
https://rugby-union-feeds.incrowdsports.com/v1/matches/288449,288449,202501,Connacht Rugby,away,11,250781,Finn Treacy,left wing,starter
https://rugby-union-feeds.incrowdsports.com/v1/matches/288448,288448,202501,Zebre Parma,home,18,109410,Enrique Pieretto,sub 3,replacement
https://rugby-union-feeds.incrowdsports.com/v1/matches/288448,288448,202501,Zebre Parma,home,21,238019,Thomas Dominguez,sub 6,replacement
https://rugby-union-feeds.incrowdsports.com/v1/matches/288448,288448,202501,Zebre Parma,home,13,123396,Giulio Bertaccini,outside centre,starter
https://rugby-union-feeds.incrowdsports.com/v1/matches/288448,288448,202501,Zebre Parma,home,17,212065,Luca Franceschetto,sub 2,replacement
https://rugby-union-feeds.incrowdsports.com/v1/matches/288448,288448,202501,Zebre Parma,home,23,125411,Bautista Stavile,sub 8,replacement
https://rugby-union-feeds.incrowdsports.com/v1/matches/288448,288448,202501,Zebre Parma,home,9,134407,Alessandro Fusco,scrum half,starter
https://rugby-union-feeds.incrowdsports.com/v1/matches/288448,288448,202501,Zebre Parma,home,6,142725,Jacopo Bianchi,flanker,starter
https://rugby-union-feeds.incrowdsports.com/v1/matches/288448,288448,202501,Zebre Parma,home,4,143500,Matteo Canali,second row,starter
https://rugby-union-feeds.incrowdsports.com/v1/matches/288448,288448,202501,Zebre Parma,home,7,238030,Samuele Locatelli,flanker,starter
https://rugby-union-feeds.incrowdsports.com/v1/matches/288448,288448,202501,Zebre Parma,home,14,250740,Mirko Belloni,right wing,starter
https://rugby-union-feeds.incrowdsports.com/v1/matches/288448,288448,202501,Zebre Parma,home,12,207699,Damiano Mazza,inside centre,starter
https://rugby-union-feeds.incrowdsports.com/v1/matches/288448,288448,202501,Zebre Parma,home,16,241720,Giovanni Quattrini,sub 1,replacement
https://rugby-union-feeds.incrowdsports.com/v1/matches/288448,288448,202501,Zebre Parma,home,22,117174,Marco Zanon,sub 7,replacement
https://rugby-union-feeds.incrowdsports.com/v1/matches/288448,288448,202501,Zebre Parma,home,15,236598,Giovanni Montemauri,full back,starter
https://rugby-union-feeds.incrowdsports.com/v1/matches/288448,288448,202501,Zebre Parma,home,11,236566,Simone Gesi,left wing,starter
https://rugby-union-feeds.incrowdsports.com/v1/matches/288448,288448,202501,Zebre Parma,home,20,238037,Davide Odiase,sub 5,replacement
https://rugby-union-feeds.incrowdsports.com/v1/matches/288448,288448,202501,Zebre Parma,home,3,172284,Muhamed Hasa,tighthead prop,starter
https://rugby-union-feeds.incrowdsports.com/v1/matches/288448,288448,202501,Zebre Parma,home,8,236603,Giacomo Ferrari,number eight,starter
https://rugby-union-feeds.incrowdsports.com/v1/matches/288448,288448,202501,Zebre Parma,home,2,236602,Tommaso di Bartolomeo,hooker,starter
https://rugby-union-feeds.incrowdsports.com/v1/matches/288448,288448,202501,Zebre Parma,home,1,189407,Paolo Buonfiglio,loosehead prop,starter
https://rugby-union-feeds.incrowdsports.com/v1/matches/288448,288448,202501,Zebre Parma,home,19,236608,Alessandro Ortombina,sub 4,replacement
https://rugby-union-feeds.incrowdsports.com/v1/matches/288448,288448,202501,Zebre Parma,home,10,201405,Giacomo da Re,fly half,starter
https://rugby-union-feeds.incrowdsports.com/v1/matches/288448,288448,202501,Zebre Parma,home,5,212413,Leonardo Krumov,second row,starter
https://rugby-union-feeds.incrowdsports.com/v1/matches/288448,288448,202501,Ospreys,away,23,229377,Daniel Kasende,sub 8,replacement
https://rugby-union-feeds.incrowdsports.com/v1/matches/288448,288448,202501,Ospreys,away,9,190215,Kieran Hardy,scrum half,starter
https://rugby-union-feeds.incrowdsports.com/v1/matches/288448,288448,202501,Ospreys,away,10,240455,Dan Edwards,fly half,starter
https://rugby-union-feeds.incrowdsports.com/v1/matches/288448,288448,202501,Ospreys,away,5,192520,James Fender,second row,starter
https://rugby-union-feeds.incrowdsports.com/v1/matches/288448,288448,202501,Ospreys,away,6,185640,James Ratti,flanker,starter
https://rugby-union-feeds.incrowdsports.com/v1/matches/288448,288448,202501,Ospreys,away,2,212902,Dewi Lake,hooker,starter
https://rugby-union-feeds.incrowdsports.com/v1/matches/288448,288448,202501,Ospreys,away,19,210092,Efan Daniel,sub 4,replacement
https://rugby-union-feeds.incrowdsports.com/v1/matches/288448,288448,202501,Ospreys,away,13,166922,Evradi Boshoff,outside centre,starter
https://rugby-union-feeds.incrowdsports.com/v1/matches/288448,288448,202501,Ospreys,away,12,205321,Keiran Williams,inside centre,starter
https://rugby-union-feeds.incrowdsports.com/v1/matches/288448,288448,202501,Ospreys,away,4,112751,Ryan Smith,second row,starter
https://rugby-union-feeds.incrowdsports.com/v1/matches/288448,288448,202501,Ospreys,away,16,244852,Lewis Lloyd,sub 1,replacement
https://rugby-union-feeds.incrowdsports.com/v1/matches/288448,288448,202501,Ospreys,away,18,247668,Kian Hire,sub 3,replacement
https://rugby-union-feeds.incrowdsports.com/v1/matches/288448,288448,202501,Ospreys,away,21,119506,Reuben Morgan-Williams,sub 6,replacement
https://rugby-union-feeds.incrowdsports.com/v1/matches/288448,288448,202501,Ospreys,away,7,237266,Harri Deaves,flanker,starter
https://rugby-union-feeds.incrowdsports.com/v1/matches/288448,288448,202501,Ospreys,away,14,240760,Iestyn Hopkins,right wing,starter
https://rugby-union-feeds.incrowdsports.com/v1/matches/288448,288448,202501,Ospreys,away,1,174357,Garyn Phillips,loosehead prop,starter
https://rugby-union-feeds.incrowdsports.com/v1/matches/288448,288448,202501,Ospreys,away,3,177365,Tom Botha,tighthead prop,starter
https://rugby-union-feeds.incrowdsports.com/v1/matches/288448,288448,202501,Ospreys,away,15,229242,Jack Walsh,full back,starter
https://rugby-union-feeds.incrowdsports.com/v1/matches/288448,288448,202501,Ospreys,away,17,186617,Steff Thomas,sub 2,replacement
https://rugby-union-feeds.incrowdsports.com/v1/matches/288448,288448,202501,Ospreys,away,8,240576,Morgan Morse,number eight,starter
https://rugby-union-feeds.incrowdsports.com/v1/matches/288448,288448,202501,Ospreys,away,11,166301,Keelan Giles,left wing,starter
https://rugby-union-feeds.incrowdsports.com/v1/matches/288448,288448,202501,Ospreys,away,20,245181,Gwilym Evans,sub 5,replacement
https://rugby-union-feeds.incrowdsports.com/v1/matches/288448,288448,202501,Ospreys,away,22,125247,Owen Watkin,sub 7,replacement
https://rugby-union-feeds.incrowdsports.com/v1/matches/288451,288451,202501,Dragons RFC,home,9,241731,Che Hope,scrum half,starter
https://rugby-union-feeds.incrowdsports.com/v1/matches/288451,288451,202501,Dragons RFC,home,2,203043,Brodie Coghlan,hooker,starter
https://rugby-union-feeds.incrowdsports.com/v1/matches/288451,288451,202501,Dragons RFC,home,5,144545,Ben Carter,second row,starter
https://rugby-union-feeds.incrowdsports.com/v1/matches/288451,288451,202501,Dragons RFC,home,15,211713,Angus O'Brien,full back,starter
https://rugby-union-feeds.incrowdsports.com/v1/matches/288451,288451,202501,Dragons RFC,home,7,117478,Thomas Young,flanker,starter
https://rugby-union-feeds.incrowdsports.com/v1/matches/288451,288451,202501,Dragons RFC,home,17,105189,Rodrigo Martinez,sub 2,replacement
https://rugby-union-feeds.incrowdsports.com/v1/matches/288451,288451,202501,Dragons RFC,home,12,140652,Aneurin Owen,inside centre,starter
https://rugby-union-feeds.incrowdsports.com/v1/matches/288451,288451,202501,Dragons RFC,home,16,229931,George Roberts,sub 1,replacement
https://rugby-union-feeds.incrowdsports.com/v1/matches/288451,288451,202501,Dragons RFC,home,11,138569,Rio Dyer,left wing,starter
https://rugby-union-feeds.incrowdsports.com/v1/matches/288451,288451,202501,Dragons RFC,home,14,132173,Dai Richards,right wing,starter
https://rugby-union-feeds.incrowdsports.com/v1/matches/288451,288451,202501,Dragons RFC,home,20,128722,Shane Lewis-Hughes,sub 5,replacement
https://rugby-union-feeds.incrowdsports.com/v1/matches/288451,288451,202501,Dragons RFC,home,18,241107,Cebo Dlamini,sub 3,replacement
https://rugby-union-feeds.incrowdsports.com/v1/matches/288451,288451,202501,Dragons RFC,home,10,138161,Tinus de Beer,fly half,starter
https://rugby-union-feeds.incrowdsports.com/v1/matches/288451,288451,202501,Dragons RFC,home,13,214615,Fine Inisi,outside centre,starter
https://rugby-union-feeds.incrowdsports.com/v1/matches/288451,288451,202501,Dragons RFC,home,19,190133,Levi Douglas,sub 4,replacement
https://rugby-union-feeds.incrowdsports.com/v1/matches/288451,288451,202501,Dragons RFC,home,3,219995,Rob Hunt,tighthead prop,starter
https://rugby-union-feeds.incrowdsports.com/v1/matches/288451,288451,202501,Dragons RFC,home,8,119132,Aaron Wainwright,number eight,starter
https://rugby-union-feeds.incrowdsports.com/v1/matches/288451,288451,202501,Dragons RFC,home,23,101982,Cai Evans,sub 8,replacement
https://rugby-union-feeds.incrowdsports.com/v1/matches/288451,288451,202501,Dragons RFC,home,21,224767,Rhodri Williams,sub 6,replacement
https://rugby-union-feeds.incrowdsports.com/v1/matches/288451,288451,202501,Dragons RFC,home,6,103136,Harrison Keddie,flanker,starter
https://rugby-union-feeds.incrowdsports.com/v1/matches/288451,288451,202501,Dragons RFC,home,1,111583,Wyn Jones,loosehead prop,starter
https://rugby-union-feeds.incrowdsports.com/v1/matches/288451,288451,202501,Dragons RFC,home,4,240573,Ryan Woodman,second row,starter
https://rugby-union-feeds.incrowdsports.com/v1/matches/288451,288451,202501,Dragons RFC,home,22,244733,Harri Ackerman,sub 7,replacement
https://rugby-union-feeds.incrowdsports.com/v1/matches/288451,288451,202501,Newcastle Red Bulls,away,7,218820,Tom Christie,flanker,starter
https://rugby-union-feeds.incrowdsports.com/v1/matches/288451,288451,202501,Newcastle Red Bulls,away,8,140708,Tom Gordon,number eight,starter
https://rugby-union-feeds.incrowdsports.com/v1/matches/288451,288451,202501,Newcastle Red Bulls,away,21,176289,James Elliott,sub 6,replacement
https://rugby-union-feeds.incrowdsports.com/v1/matches/288451,288451,202501,Newcastle Red Bulls,away,19,239553,Finn Baker,sub 4,replacement
https://rugby-union-feeds.incrowdsports.com/v1/matches/288451,288451,202501,Newcastle Red Bulls,away,2,163400,George McGuigan,hooker,starter
https://rugby-union-feeds.incrowdsports.com/v1/matches/288451,288451,202501,Newcastle Red Bulls,away,5,141000,Jamie Hodgson,second row,starter
https://rugby-union-feeds.incrowdsports.com/v1/matches/288451,288451,202501,Newcastle Red Bulls,away,6,219782,Freddie Lockwood,flanker,starter
https://rugby-union-feeds.incrowdsports.com/v1/matches/288451,288451,202501,Newcastle Red Bulls,away,22,243174,Rhys Beeckmans,sub 7,replacement
https://rugby-union-feeds.incrowdsports.com/v1/matches/288451,288451,202501,Newcastle Red Bulls,away,14,166601,Christian Wade,right wing,starter
https://rugby-union-feeds.incrowdsports.com/v1/matches/288451,288451,202501,Newcastle Red Bulls,away,16,207081,Ollie Fletcher,sub 1,replacement
https://rugby-union-feeds.incrowdsports.com/v1/matches/288451,288451,202501,Newcastle Red Bulls,away,3,200621,Richard Palframan,tighthead prop,starter
https://rugby-union-feeds.incrowdsports.com/v1/matches/288451,288451,202501,Newcastle Red Bulls,away,12,127601,Cammy Hutchison,inside centre,starter
https://rugby-union-feeds.incrowdsports.com/v1/matches/288451,288451,202501,Newcastle Red Bulls,away,4,248979,Oscar Usher,second row,starter
https://rugby-union-feeds.incrowdsports.com/v1/matches/288451,288451,202501,Newcastle Red Bulls,away,20,244466,Reuben Parsons,sub 5,replacement
https://rugby-union-feeds.incrowdsports.com/v1/matches/288451,288451,202501,Newcastle Red Bulls,away,1,205585,Murray McCallum,loosehead prop,starter
https://rugby-union-feeds.incrowdsports.com/v1/matches/288451,288451,202501,Newcastle Red Bulls,away,18,143607,Luan de Bruin,sub 3,replacement
https://rugby-union-feeds.incrowdsports.com/v1/matches/288451,288451,202501,Newcastle Red Bulls,away,17,164792,Adam Brocklebank,sub 2,replacement
https://rugby-union-feeds.incrowdsports.com/v1/matches/288451,288451,202501,Newcastle Red Bulls,away,15,145014,Elliott Obatoyinbo,full back,starter
https://rugby-union-feeds.incrowdsports.com/v1/matches/288451,288451,202501,Newcastle Red Bulls,away,10,144507,Ethan Grayson,fly half,starter
https://rugby-union-feeds.incrowdsports.com/v1/matches/288451,288451,202501,Newcastle Red Bulls,away,23,239961,Nathan Greenwood,sub 8,replacement
https://rugby-union-feeds.incrowdsports.com/v1/matches/288451,288451,202501,Newcastle Red Bulls,away,11,199072,Alex Hearle,left wing,starter
https://rugby-union-feeds.incrowdsports.com/v1/matches/288451,288451,202501,Newcastle Red Bulls,away,9,251584,Simon Benitez Cruz,scrum half,starter
https://rugby-union-feeds.incrowdsports.com/v1/matches/288451,288451,202501,Newcastle Red Bulls,away,13,108863,Sammy Arnold,outside centre,starter
https://rugby-union-feeds.incrowdsports.com/v1/matches/288452,288452,202501,Ulster Rugby,home,15,122020,Jacob Stockdale,full back,starter
https://rugby-union-feeds.incrowdsports.com/v1/matches/288452,288452,202501,Ulster Rugby,home,1,202850,Sam Crean,loosehead prop,starter
https://rugby-union-feeds.incrowdsports.com/v1/matches/288452,288452,202501,Ulster Rugby,home,9,176354,Nathan Doak,scrum half,starter
https://rugby-union-feeds.incrowdsports.com/v1/matches/288452,288452,202501,Ulster Rugby,home,3,224426,Tom O'Toole,tighthead prop,starter
https://rugby-union-feeds.incrowdsports.com/v1/matches/288452,288452,202501,Ulster Rugby,home,11,109259,Zac Ward,left wing,starter
https://rugby-union-feeds.incrowdsports.com/v1/matches/288452,288452,202501,Ulster Rugby,home,22,153552,Jake Flannery,sub 7,replacement
https://rugby-union-feeds.incrowdsports.com/v1/matches/288452,288452,202501,Ulster Rugby,home,14,175150,Robert Baloucoune,right wing,starter
https://rugby-union-feeds.incrowdsports.com/v1/matches/288452,288452,202501,Ulster Rugby,home,7,193134,Nick Timoney,flanker,starter
https://rugby-union-feeds.incrowdsports.com/v1/matches/288452,288452,202501,Ulster Rugby,home,6,147444,Dave McCann,flanker,starter
https://rugby-union-feeds.incrowdsports.com/v1/matches/288452,288452,202501,Ulster Rugby,home,8,250771,Bryn Ward,number eight,starter
https://rugby-union-feeds.incrowdsports.com/v1/matches/288452,288452,202501,Ulster Rugby,home,16,191796,Rob Herring,sub 1,replacement
https://rugby-union-feeds.incrowdsports.com/v1/matches/288452,288452,202501,Ulster Rugby,home,21,186322,Conor McKee,sub 6,replacement
https://rugby-union-feeds.incrowdsports.com/v1/matches/288452,288452,202501,Ulster Rugby,home,20,201846,Sean Reffell,sub 5,replacement
https://rugby-union-feeds.incrowdsports.com/v1/matches/288452,288452,202501,Ulster Rugby,home,10,250773,Jack Murphy,fly half,starter
https://rugby-union-feeds.incrowdsports.com/v1/matches/288452,288452,202501,Ulster Rugby,home,13,213180,James Hume,outside centre,starter
https://rugby-union-feeds.incrowdsports.com/v1/matches/288452,288452,202501,Ulster Rugby,home,23,237244,Jude Postlethwaite,sub 8,replacement
https://rugby-union-feeds.incrowdsports.com/v1/matches/288452,288452,202501,Ulster Rugby,home,4,207194,Iain Henderson,second row,starter
https://rugby-union-feeds.incrowdsports.com/v1/matches/288452,288452,202501,Ulster Rugby,home,18,240473,Scott Wilson,sub 3,replacement
https://rugby-union-feeds.incrowdsports.com/v1/matches/288452,288452,202501,Ulster Rugby,home,12,172351,Stuart McCloskey,inside centre,starter
https://rugby-union-feeds.incrowdsports.com/v1/matches/288452,288452,202501,Ulster Rugby,home,5,237247,Harry Sheridan,second row,starter
https://rugby-union-feeds.incrowdsports.com/v1/matches/288452,288452,202501,Ulster Rugby,home,17,155520,Eric O'Sullivan,sub 2,replacement
https://rugby-union-feeds.incrowdsports.com/v1/matches/288452,288452,202501,Ulster Rugby,home,2,197246,Tom Stewart,hooker,starter
https://rugby-union-feeds.incrowdsports.com/v1/matches/288452,288452,202501,Ulster Rugby,home,19,193021,Matt Dalton,sub 4,replacement
https://rugby-union-feeds.incrowdsports.com/v1/matches/288452,288452,202501,Stade Francais Paris,away,14,249764,Charles Laloi,right wing,starter
https://rugby-union-feeds.incrowdsports.com/v1/matches/288452,288452,202501,Stade Francais Paris,away,18,237090,Sergo Abramishvili,sub 3,replacement
https://rugby-union-feeds.incrowdsports.com/v1/matches/288452,288452,202501,Stade Francais Paris,away,20,173505,Tanginoa Halaifonua,sub 5,replacement
https://rugby-union-feeds.incrowdsports.com/v1/matches/288452,288452,202501,Stade Francais Paris,away,21,254017,Thibaut Motassi,sub 6,replacement
https://rugby-union-feeds.incrowdsports.com/v1/matches/288452,288452,202501,Stade Francais Paris,away,3,212712,Giorgi Melikidze,tighthead prop,starter
https://rugby-union-feeds.incrowdsports.com/v1/matches/288452,288452,202501,Stade Francais Paris,away,17,258248,Yanis Lux,sub 2,replacement
https://rugby-union-feeds.incrowdsports.com/v1/matches/288452,288452,202501,Stade Francais Paris,away,11,115461,Lester Etien,left wing,starter
https://rugby-union-feeds.incrowdsports.com/v1/matches/288452,288452,202501,Stade Francais Paris,away,22,229511,Louis Foursans-Bourdette,sub 7,replacement
https://rugby-union-feeds.incrowdsports.com/v1/matches/288452,288452,202501,Stade Francais Paris,away,16,166828,Lucas Peyresblanques,sub 1,replacement
https://rugby-union-feeds.incrowdsports.com/v1/matches/288452,288452,202501,Stade Francais Paris,away,5,254538,Jacques Botha,second row,starter
https://rugby-union-feeds.incrowdsports.com/v1/matches/288452,288452,202501,Stade Francais Paris,away,10,124464,Zack Henry,fly half,starter
https://rugby-union-feeds.incrowdsports.com/v1/matches/288452,288452,202501,Stade Francais Paris,away,23,225716,Samuel Ezeala,sub 8,replacement
https://rugby-union-feeds.incrowdsports.com/v1/matches/288452,288452,202501,Stade Francais Paris,away,1,225522,Jack Iscaro,loosehead prop,starter
https://rugby-union-feeds.incrowdsports.com/v1/matches/288452,288452,202501,Stade Francais Paris,away,13,178840,Jeremy Ward,outside centre,starter
https://rugby-union-feeds.incrowdsports.com/v1/matches/288452,288452,202501,Stade Francais Paris,away,4,178805,Pierre-Henri Azagoh,second row,starter
https://rugby-union-feeds.incrowdsports.com/v1/matches/288452,288452,202501,Stade Francais Paris,away,19,253910,Setareki Turagacoke,sub 4,replacement
https://rugby-union-feeds.incrowdsports.com/v1/matches/288452,288452,202501,Stade Francais Paris,away,12,156827,Tani Vili,inside centre,starter
https://rugby-union-feeds.incrowdsports.com/v1/matches/288452,288452,202501,Stade Francais Paris,away,9,209339,Paul Abadie,scrum half,starter
https://rugby-union-feeds.incrowdsports.com/v1/matches/288452,288452,202501,Stade Francais Paris,away,7,129052,Mathieu Hirigoyen,flanker,starter
https://rugby-union-feeds.incrowdsports.com/v1/matches/288452,288452,202501,Stade Francais Paris,away,8,197050,Yoan Tanga,number eight,starter
https://rugby-union-feeds.incrowdsports.com/v1/matches/288452,288452,202501,Stade Francais Paris,away,6,244160,Juan Martin Scelzo,flanker,starter
https://rugby-union-feeds.incrowdsports.com/v1/matches/288452,288452,202501,Stade Francais Paris,away,2,249694,Alvaro Garcia Albo,hooker,starter
https://rugby-union-feeds.incrowdsports.com/v1/matches/288452,288452,202501,Stade Francais Paris,away,15,249981,Mathis Ibo,full back,starter
https://rugby-union-feeds.incrowdsports.com/v1/matches/288453,288453,202501,Black Lion,home,15,237092,Shalva Aptsiauri,full back,starter
https://rugby-union-feeds.incrowdsports.com/v1/matches/288453,288453,202501,Black Lion,home,17,165281,Nika Khatiashvili,sub 2,replacement
https://rugby-union-feeds.incrowdsports.com/v1/matches/288453,288453,202501,Black Lion,home,10,246024,Luka Tsirekidze,fly half,starter
https://rugby-union-feeds.incrowdsports.com/v1/matches/288453,288453,202501,Black Lion,home,5,124998,Demuri Epremidze,second row,starter
https://rugby-union-feeds.incrowdsports.com/v1/matches/288453,288453,202501,Black Lion,home,19,237100,Guram Ganiashvili,sub 4,replacement
https://rugby-union-feeds.incrowdsports.com/v1/matches/288453,288453,202501,Black Lion,home,23,259148,Romani Makhatadze,sub 8,replacement
https://rugby-union-feeds.incrowdsports.com/v1/matches/288453,288453,202501,Black Lion,home,11,195465,Sandro Todua,left wing,starter
https://rugby-union-feeds.incrowdsports.com/v1/matches/288453,288453,202501,Black Lion,home,4,147024,Mikheil Babunashvili,second row,starter
https://rugby-union-feeds.incrowdsports.com/v1/matches/288453,288453,202501,Black Lion,home,8,253551,Giorgi Sinauridze,number eight,starter
https://rugby-union-feeds.incrowdsports.com/v1/matches/288453,288453,202501,Black Lion,home,16,246031,Tamaz Tchamiashvili,sub 1,replacement
https://rugby-union-feeds.incrowdsports.com/v1/matches/288453,288453,202501,Black Lion,home,7,120463,Giorgi Tsutskiridze,flanker,starter
https://rugby-union-feeds.incrowdsports.com/v1/matches/288453,288453,202501,Black Lion,home,9,238516,Tengiz Peranidze,scrum half,starter
https://rugby-union-feeds.incrowdsports.com/v1/matches/288453,288453,202501,Black Lion,home,12,237105,Tornike Kakhoidze,inside centre,starter
https://rugby-union-feeds.incrowdsports.com/v1/matches/288453,288453,202501,Black Lion,home,1,195383,Vasil Kakovin,loosehead prop,starter
https://rugby-union-feeds.incrowdsports.com/v1/matches/288453,288453,202501,Black Lion,home,14,161398,Akaki Tabutsadze,right wing,starter
https://rugby-union-feeds.incrowdsports.com/v1/matches/288453,288453,202501,Black Lion,home,22,258491,Zaur Lutidze,sub 7,replacement
https://rugby-union-feeds.incrowdsports.com/v1/matches/288453,288453,202501,Black Lion,home,3,243482,Giorgi Chkhartishvili,tighthead prop,starter
https://rugby-union-feeds.incrowdsports.com/v1/matches/288453,288453,202501,Black Lion,home,18,258490,Kakhaber Darbaidze,sub 3,replacement
https://rugby-union-feeds.incrowdsports.com/v1/matches/288453,288453,202501,Black Lion,home,20,241722,Giorgi Kervalishvili,sub 5,replacement
https://rugby-union-feeds.incrowdsports.com/v1/matches/288453,288453,202501,Black Lion,home,21,252025,Giorgi Spenderashvili,sub 6,replacement
https://rugby-union-feeds.incrowdsports.com/v1/matches/288453,288453,202501,Black Lion,home,13,212544,Demi Tapladze,outside centre,starter
https://rugby-union-feeds.incrowdsports.com/v1/matches/288453,288453,202501,Black Lion,home,2,126080,Irakli Kvatadze,hooker,starter
https://rugby-union-feeds.incrowdsports.com/v1/matches/288453,288453,202501,Black Lion,home,6,237117,Lasha Tsikhistavi,flanker,starter
https://rugby-union-feeds.incrowdsports.com/v1/matches/288453,288453,202501,Zebre Parma,away,18,109410,Enrique Pieretto,sub 3,replacement
https://rugby-union-feeds.incrowdsports.com/v1/matches/288453,288453,202501,Zebre Parma,away,22,161604,Davide Ruggeri,sub 7,replacement
https://rugby-union-feeds.incrowdsports.com/v1/matches/288453,288453,202501,Zebre Parma,away,14,123396,Giulio Bertaccini,right wing,starter
https://rugby-union-feeds.incrowdsports.com/v1/matches/288453,288453,202501,Zebre Parma,away,15,236609,Lorenzo Pani,full back,starter
https://rugby-union-feeds.incrowdsports.com/v1/matches/288453,288453,202501,Zebre Parma,away,6,125411,Bautista Stavile,flanker,starter
https://rugby-union-feeds.incrowdsports.com/v1/matches/288453,288453,202501,Zebre Parma,away,17,212065,Luca Franceschetto,sub 2,replacement
https://rugby-union-feeds.incrowdsports.com/v1/matches/288453,288453,202501,Zebre Parma,away,9,134407,Alessandro Fusco,scrum half,starter
https://rugby-union-feeds.incrowdsports.com/v1/matches/288453,288453,202501,Zebre Parma,away,19,245701,Franco Carrera,sub 4,replacement
https://rugby-union-feeds.incrowdsports.com/v1/matches/288453,288453,202501,Zebre Parma,away,4,143500,Matteo Canali,second row,starter
https://rugby-union-feeds.incrowdsports.com/v1/matches/288453,288453,202501,Zebre Parma,away,7,238030,Samuele Locatelli,flanker,starter
https://rugby-union-feeds.incrowdsports.com/v1/matches/288453,288453,202501,Zebre Parma,away,23,110354,Martin Roger Farias,sub 8,replacement
https://rugby-union-feeds.incrowdsports.com/v1/matches/288453,288453,202501,Zebre Parma,away,12,207699,Damiano Mazza,inside centre,starter
https://rugby-union-feeds.incrowdsports.com/v1/matches/288453,288453,202501,Zebre Parma,away,21,178772,Gonzalo Garcia,sub 6,replacement
https://rugby-union-feeds.incrowdsports.com/v1/matches/288453,288453,202501,Zebre Parma,away,13,117174,Marco Zanon,outside centre,starter
https://rugby-union-feeds.incrowdsports.com/v1/matches/288453,288453,202501,Zebre Parma,away,11,236566,Simone Gesi,left wing,starter
https://rugby-union-feeds.incrowdsports.com/v1/matches/288453,288453,202501,Zebre Parma,away,16,114424,Giampietro Ribaldi,sub 1,replacement
https://rugby-union-feeds.incrowdsports.com/v1/matches/288453,288453,202501,Zebre Parma,away,1,211925,Juan-Manuel Pitinari,loosehead prop,starter
https://rugby-union-feeds.incrowdsports.com/v1/matches/288453,288453,202501,Zebre Parma,away,8,238037,Davide Odiase,number eight,starter
https://rugby-union-feeds.incrowdsports.com/v1/matches/288453,288453,202501,Zebre Parma,away,3,172284,Muhamed Hasa,tighthead prop,starter
https://rugby-union-feeds.incrowdsports.com/v1/matches/288453,288453,202501,Zebre Parma,away,2,236602,Tommaso di Bartolomeo,hooker,starter
https://rugby-union-feeds.incrowdsports.com/v1/matches/288453,288453,202501,Zebre Parma,away,20,236608,Alessandro Ortombina,sub 5,replacement
https://rugby-union-feeds.incrowdsports.com/v1/matches/288453,288453,202501,Zebre Parma,away,10,201405,Giacomo da Re,fly half,starter
https://rugby-union-feeds.incrowdsports.com/v1/matches/288453,288453,202501,Zebre Parma,away,5,212413,Leonardo Krumov,second row,starter
https://rugby-union-feeds.incrowdsports.com/v1/matches/288454,288454,202501,Perpignan,home,12,186243,Duncan Paia'aua,inside centre,starter
https://rugby-union-feeds.incrowdsports.com/v1/matches/288454,288454,202501,Perpignan,home,4,244548,Bastien Chinarro,second row,starter
https://rugby-union-feeds.incrowdsports.com/v1/matches/288454,288454,202501,Perpignan,home,19,178723,Adrien Warion,sub 4,replacement
https://rugby-union-feeds.incrowdsports.com/v1/matches/288454,288454,202501,Perpignan,home,10,229634,Antoine Aucagne,fly half,starter
https://rugby-union-feeds.incrowdsports.com/v1/matches/288454,288454,202501,Perpignan,home,8,235266,Joaquin Oviedo,number eight,starter
https://rugby-union-feeds.incrowdsports.com/v1/matches/288454,288454,202501,Perpignan,home,18,196513,Pietro Ceccarelli,sub 3,replacement
https://rugby-union-feeds.incrowdsports.com/v1/matches/288454,288454,202501,Perpignan,home,15,240039,Theo Forner,full back,starter
https://rugby-union-feeds.incrowdsports.com/v1/matches/288454,288454,202501,Perpignan,home,5,243591,Posolo Tuilagi,second row,starter
https://rugby-union-feeds.incrowdsports.com/v1/matches/288454,288454,202501,Perpignan,home,3,216038,Nemo Roelofse,tighthead prop,starter
https://rugby-union-feeds.incrowdsports.com/v1/matches/288454,288454,202501,Perpignan,home,1,145004,Giorgi Tetrashvili,loosehead prop,starter
https://rugby-union-feeds.incrowdsports.com/v1/matches/288454,288454,202501,Perpignan,home,21,154921,Matteo le Corvec,sub 6,replacement
https://rugby-union-feeds.incrowdsports.com/v1/matches/288454,288454,202501,Perpignan,home,13,258857,Diego Mascarenc,outside centre,starter
https://rugby-union-feeds.incrowdsports.com/v1/matches/288454,288454,202501,Perpignan,home,11,183088,Freddy Duguivalu,left wing,starter
https://rugby-union-feeds.incrowdsports.com/v1/matches/288454,288454,202501,Perpignan,home,7,187982,Jamie Ritchie,flanker,starter
https://rugby-union-feeds.incrowdsports.com/v1/matches/288454,288454,202501,Perpignan,home,22,116177,James Hall,sub 7,replacement
https://rugby-union-feeds.incrowdsports.com/v1/matches/288454,288454,202501,Perpignan,home,20,179698,Mathieu Tanguy,sub 5,replacement
https://rugby-union-feeds.incrowdsports.com/v1/matches/288454,288454,202501,Perpignan,home,16,205847,Sama Malolo,sub 1,replacement
https://rugby-union-feeds.incrowdsports.com/v1/matches/288454,288454,202501,Perpignan,home,23,244855,Hugo Reus,sub 8,replacement
https://rugby-union-feeds.incrowdsports.com/v1/matches/288454,288454,202501,Perpignan,home,17,201276,Giorgi Beria,sub 2,replacement
https://rugby-union-feeds.incrowdsports.com/v1/matches/288454,288454,202501,Perpignan,home,14,190393,Jordan Petaia,right wing,starter
https://rugby-union-feeds.incrowdsports.com/v1/matches/288454,288454,202501,Perpignan,home,9,160800,Gela Aprasidze,scrum half,starter
https://rugby-union-feeds.incrowdsports.com/v1/matches/288454,288454,202501,Perpignan,home,2,235935,Ignacio Ruiz,hooker,starter
https://rugby-union-feeds.incrowdsports.com/v1/matches/288454,288454,202501,Perpignan,home,6,126367,Mahamadou Diaby,flanker,starter
https://rugby-union-feeds.incrowdsports.com/v1/matches/288454,288454,202501,Fidelity SecureDrive Lions,away,8,173411,Francke Horn,number eight,starter
https://rugby-union-feeds.incrowdsports.com/v1/matches/288454,288454,202501,Fidelity SecureDrive Lions,away,10,187073,Chris Smith,fly half,starter
https://rugby-union-feeds.incrowdsports.com/v1/matches/288454,288454,202501,Fidelity SecureDrive Lions,away,13,217921,Erich Cronje,outside centre,starter
https://rugby-union-feeds.incrowdsports.com/v1/matches/288454,288454,202501,Fidelity SecureDrive Lions,away,17,246823,SJ Kotze,sub 2,replacement
https://rugby-union-feeds.incrowdsports.com/v1/matches/288454,288454,202501,Fidelity SecureDrive Lions,away,18,223276,Conrad van Vuuren,sub 3,replacement
https://rugby-union-feeds.incrowdsports.com/v1/matches/288454,288454,202501,Fidelity SecureDrive Lions,away,20,162251,Darrien Landsberg,sub 5,replacement
https://rugby-union-feeds.incrowdsports.com/v1/matches/288454,288454,202501,Fidelity SecureDrive Lions,away,21,251884,Sibabalwe Mahashe,sub 6,replacement
https://rugby-union-feeds.incrowdsports.com/v1/matches/288454,288454,202501,Fidelity SecureDrive Lions,away,7,251882,Batho Hlekani,flanker,starter
https://rugby-union-feeds.incrowdsports.com/v1/matches/288454,288454,202501,Fidelity SecureDrive Lions,away,14,123019,Eduan Keyter,right wing,starter
https://rugby-union-feeds.incrowdsports.com/v1/matches/288454,288454,202501,Fidelity SecureDrive Lions,away,9,251983,Hasseim Pead,scrum half,starter
https://rugby-union-feeds.incrowdsports.com/v1/matches/288454,288454,202501,Fidelity SecureDrive Lions,away,1,240020,Eddie Davids,loosehead prop,starter
https://rugby-union-feeds.incrowdsports.com/v1/matches/288454,288454,202501,Fidelity SecureDrive Lions,away,19,216340,Ruben Schoeman,sub 4,replacement
https://rugby-union-feeds.incrowdsports.com/v1/matches/288454,288454,202501,Fidelity SecureDrive Lions,away,2,218003,Morne Brandon,hooker,starter
https://rugby-union-feeds.incrowdsports.com/v1/matches/288454,288454,202501,Fidelity SecureDrive Lions,away,16,165140,PJ Botha,sub 1,replacement
https://rugby-union-feeds.incrowdsports.com/v1/matches/288454,288454,202501,Fidelity SecureDrive Lions,away,12,236721,Henco van Wyk,inside centre,starter
https://rugby-union-feeds.incrowdsports.com/v1/matches/288454,288454,202501,Fidelity SecureDrive Lions,away,11,133014,Angelo Davids,left wing,starter
https://rugby-union-feeds.incrowdsports.com/v1/matches/288454,288454,202501,Fidelity SecureDrive Lions,away,4,194774,Etienne Oosthuizen,second row,starter
https://rugby-union-feeds.incrowdsports.com/v1/matches/288454,288454,202501,Fidelity SecureDrive Lions,away,23,245660,Bronson Mills,sub 8,replacement
https://rugby-union-feeds.incrowdsports.com/v1/matches/288454,288454,202501,Fidelity SecureDrive Lions,away,22,237083,Nico Steyn,sub 7,replacement
https://rugby-union-feeds.incrowdsports.com/v1/matches/288454,288454,202501,Fidelity SecureDrive Lions,away,3,252480,RF Schoeman,tighthead prop,starter
https://rugby-union-feeds.incrowdsports.com/v1/matches/288454,288454,202501,Fidelity SecureDrive Lions,away,5,186239,Reinhard Nothnagel,second row,starter
https://rugby-union-feeds.incrowdsports.com/v1/matches/288454,288454,202501,Fidelity SecureDrive Lions,away,6,245376,Renzo du Plessis,flanker,starter
https://rugby-union-feeds.incrowdsports.com/v1/matches/288454,288454,202501,Fidelity SecureDrive Lions,away,15,157600,Richard Kriel,full back,starter
https://rugby-union-feeds.incrowdsports.com/v1/matches/288456,288456,202501,Connacht Rugby,home,15,187970,Sam Gilbert,full back,starter
https://rugby-union-feeds.incrowdsports.com/v1/matches/288456,288456,202501,Connacht Rugby,home,4,244039,Darragh Murray,second row,starter
https://rugby-union-feeds.incrowdsports.com/v1/matches/288456,288456,202501,Connacht Rugby,home,6,198565,Cian Prendergast,flanker,starter
https://rugby-union-feeds.incrowdsports.com/v1/matches/288456,288456,202501,Connacht Rugby,home,5,216844,Josh Murphy,second row,starter
https://rugby-union-feeds.incrowdsports.com/v1/matches/288456,288456,202501,Connacht Rugby,home,13,241963,Harry West,outside centre,starter
https://rugby-union-feeds.incrowdsports.com/v1/matches/288456,288456,202501,Connacht Rugby,home,9,239627,Matthew Devine,scrum half,starter
https://rugby-union-feeds.incrowdsports.com/v1/matches/288456,288456,202501,Connacht Rugby,home,12,141193,Cathal Forde,inside centre,starter
https://rugby-union-feeds.incrowdsports.com/v1/matches/288456,288456,202501,Connacht Rugby,home,14,129867,Shane Jennings,right wing,starter
https://rugby-union-feeds.incrowdsports.com/v1/matches/288456,288456,202501,Connacht Rugby,home,2,213737,Dave Heffernan,hooker,starter
https://rugby-union-feeds.incrowdsports.com/v1/matches/288456,288456,202501,Connacht Rugby,home,19,106352,Joe Joyce,sub 4,replacement
https://rugby-union-feeds.incrowdsports.com/v1/matches/288456,288456,202501,Connacht Rugby,home,10,111826,Jack Carty,fly half,starter
https://rugby-union-feeds.incrowdsports.com/v1/matches/288456,288456,202501,Connacht Rugby,home,18,162419,Jack Aungier,sub 3,replacement
https://rugby-union-feeds.incrowdsports.com/v1/matches/288456,288456,202501,Connacht Rugby,home,16,119988,Dylan Tierney-Martin,sub 1,replacement
https://rugby-union-feeds.incrowdsports.com/v1/matches/288456,288456,202501,Connacht Rugby,home,20,137489,Sean O'Brien,sub 5,replacement
https://rugby-union-feeds.incrowdsports.com/v1/matches/288456,288456,202501,Connacht Rugby,home,21,180856,Ben Murphy,sub 6,replacement
https://rugby-union-feeds.incrowdsports.com/v1/matches/288456,288456,202501,Connacht Rugby,home,3,237237,Sam Illo,tighthead prop,starter
https://rugby-union-feeds.incrowdsports.com/v1/matches/288456,288456,202501,Connacht Rugby,home,22,250780,Sean Naughton,sub 7,replacement
https://rugby-union-feeds.incrowdsports.com/v1/matches/288456,288456,202501,Connacht Rugby,home,7,200378,Paul Boyle,flanker,starter
https://rugby-union-feeds.incrowdsports.com/v1/matches/288456,288456,202501,Connacht Rugby,home,8,241018,Sean Jansen,number eight,starter
https://rugby-union-feeds.incrowdsports.com/v1/matches/288456,288456,202501,Connacht Rugby,home,17,140665,Denis Buckley,sub 2,replacement
https://rugby-union-feeds.incrowdsports.com/v1/matches/288456,288456,202501,Connacht Rugby,home,1,254559,Billy Bohan,loosehead prop,starter
https://rugby-union-feeds.incrowdsports.com/v1/matches/288456,288456,202501,Connacht Rugby,home,23,253023,Sean Walsh,sub 8,replacement
https://rugby-union-feeds.incrowdsports.com/v1/matches/288456,288456,202501,Connacht Rugby,home,11,250781,Finn Treacy,left wing,starter
https://rugby-union-feeds.incrowdsports.com/v1/matches/288456,288456,202501,Montauban,away,3,105414,Sione Mafileo,tighthead prop,starter
https://rugby-union-feeds.incrowdsports.com/v1/matches/288456,288456,202501,Montauban,away,13,210310,Simon Renda,outside centre,starter
https://rugby-union-feeds.incrowdsports.com/v1/matches/288456,288456,202501,Montauban,away,6,127816,Fred Quercy,flanker,starter
https://rugby-union-feeds.incrowdsports.com/v1/matches/288456,288456,202501,Montauban,away,22,252933,Gibson Popoali'i,sub 7,replacement
https://rugby-union-feeds.incrowdsports.com/v1/matches/288456,288456,202501,Montauban,away,18,233132,Noa Kanika,sub 3,replacement
https://rugby-union-feeds.incrowdsports.com/v1/matches/288456,288456,202501,Montauban,away,2,259146,Maixent da Costa,hooker,starter
https://rugby-union-feeds.incrowdsports.com/v1/matches/288456,288456,202501,Montauban,away,17,225552,Leo Aouf,sub 2,replacement
https://rugby-union-feeds.incrowdsports.com/v1/matches/288456,288456,202501,Montauban,away,12,190797,Maxime Mathy,inside centre,starter
https://rugby-union-feeds.incrowdsports.com/v1/matches/288456,288456,202501,Montauban,away,14,258867,Gade Asaeli,right wing,starter
https://rugby-union-feeds.incrowdsports.com/v1/matches/288456,288456,202501,Montauban,away,7,151153,Tjuee Uanivi,flanker,starter
https://rugby-union-feeds.incrowdsports.com/v1/matches/288456,288456,202501,Montauban,away,15,258865,Jean Seux,full back,starter
https://rugby-union-feeds.incrowdsports.com/v1/matches/288456,288456,202501,Montauban,away,5,194583,Lewis Bean,second row,starter
https://rugby-union-feeds.incrowdsports.com/v1/matches/288456,288456,202501,Montauban,away,4,114389,Clement Bitz,second row,starter
https://rugby-union-feeds.incrowdsports.com/v1/matches/288456,288456,202501,Montauban,away,21,128472,Thomas Fortunel,sub 6,replacement
https://rugby-union-feeds.incrowdsports.com/v1/matches/288456,288456,202501,Montauban,away,1,105847,Lucas Seyrolle,loosehead prop,starter
https://rugby-union-feeds.incrowdsports.com/v1/matches/288456,288456,202501,Montauban,away,9,154619,Hugo Zabalza,scrum half,starter
https://rugby-union-feeds.incrowdsports.com/v1/matches/288456,288456,202501,Montauban,away,19,191676,Karl Wilkins,sub 4,replacement
https://rugby-union-feeds.incrowdsports.com/v1/matches/288456,288456,202501,Montauban,away,10,197536,Jerome Bosviel,fly half,starter
https://rugby-union-feeds.incrowdsports.com/v1/matches/288456,288456,202501,Montauban,away,23,198688,Facundo Pomponio,sub 8,replacement
https://rugby-union-feeds.incrowdsports.com/v1/matches/288456,288456,202501,Montauban,away,8,113373,Nafi Ma'afu,number eight,starter
https://rugby-union-feeds.incrowdsports.com/v1/matches/288456,288456,202501,Montauban,away,16,233119,Ru-Hann Greyling,sub 1,replacement
https://rugby-union-feeds.incrowdsports.com/v1/matches/288456,288456,202501,Montauban,away,20,251103,Mael Castel,sub 5,replacement
https://rugby-union-feeds.incrowdsports.com/v1/matches/288456,288456,202501,Montauban,away,11,229725,Paul Vallee,left wing,starter
https://rugby-union-feeds.incrowdsports.com/v1/matches/288455,288455,202501,Ospreys,home,8,160291,Morgan Morris,number eight,starter
https://rugby-union-feeds.incrowdsports.com/v1/matches/288455,288455,202501,Ospreys,home,14,229377,Daniel Kasende,right wing,starter
https://rugby-union-feeds.incrowdsports.com/v1/matches/288455,288455,202501,Ospreys,home,22,190215,Kieran Hardy,sub 7,replacement
https://rugby-union-feeds.incrowdsports.com/v1/matches/288455,288455,202501,Ospreys,home,5,192520,James Fender,second row,starter
https://rugby-union-feeds.incrowdsports.com/v1/matches/288455,288455,202501,Ospreys,home,15,137451,Max Nagy,full back,starter
https://rugby-union-feeds.incrowdsports.com/v1/matches/288455,288455,202501,Ospreys,home,16,210092,Efan Daniel,sub 1,replacement
https://rugby-union-feeds.incrowdsports.com/v1/matches/288455,288455,202501,Ospreys,home,11,147532,Ryan Conbeer,left wing,starter
https://rugby-union-feeds.incrowdsports.com/v1/matches/288455,288455,202501,Ospreys,home,4,224395,Rhys Davies,second row,starter
https://rugby-union-feeds.incrowdsports.com/v1/matches/288455,288455,202501,Ospreys,home,19,240458,Lewis Jones,sub 4,replacement
https://rugby-union-feeds.incrowdsports.com/v1/matches/288455,288455,202501,Ospreys,home,9,119506,Reuben Morgan-Williams,scrum half,starter
https://rugby-union-feeds.incrowdsports.com/v1/matches/288455,288455,202501,Ospreys,home,2,244852,Lewis Lloyd,hooker,starter
https://rugby-union-feeds.incrowdsports.com/v1/matches/288455,288455,202501,Ospreys,home,18,247668,Kian Hire,sub 3,replacement
https://rugby-union-feeds.incrowdsports.com/v1/matches/288455,288455,202501,Ospreys,home,3,128817,Rhys Henry,tighthead prop,starter
https://rugby-union-feeds.incrowdsports.com/v1/matches/288455,288455,202501,Ospreys,home,20,152404,Ross Moriarty,sub 5,replacement
https://rugby-union-feeds.incrowdsports.com/v1/matches/288455,288455,202501,Ospreys,home,23,240760,Iestyn Hopkins,sub 8,replacement
https://rugby-union-feeds.incrowdsports.com/v1/matches/288455,288455,202501,Ospreys,home,12,215223,Phil Cokanasiga,inside centre,starter
https://rugby-union-feeds.incrowdsports.com/v1/matches/288455,288455,202501,Ospreys,home,6,243798,Marco de Witt,flanker,starter
https://rugby-union-feeds.incrowdsports.com/v1/matches/288455,288455,202501,Ospreys,home,10,229242,Jack Walsh,fly half,starter
https://rugby-union-feeds.incrowdsports.com/v1/matches/288455,288455,202501,Ospreys,home,1,186617,Steff Thomas,loosehead prop,starter
https://rugby-union-feeds.incrowdsports.com/v1/matches/288455,288455,202501,Ospreys,home,17,237273,Cameron Jones,sub 2,replacement
https://rugby-union-feeds.incrowdsports.com/v1/matches/288455,288455,202501,Ospreys,home,21,240576,Morgan Morse,sub 6,replacement
https://rugby-union-feeds.incrowdsports.com/v1/matches/288455,288455,202501,Ospreys,home,13,125247,Owen Watkin,outside centre,starter
https://rugby-union-feeds.incrowdsports.com/v1/matches/288455,288455,202501,Ospreys,home,7,245181,Gwilym Evans,flanker,starter
https://rugby-union-feeds.incrowdsports.com/v1/matches/288455,288455,202501,Montpellier,away,1,248932,Valentin Welsch,loosehead prop,starter
https://rugby-union-feeds.incrowdsports.com/v1/matches/288455,288455,202501,Montpellier,away,7,241442,Alex Masibaka,flanker,starter
https://rugby-union-feeds.incrowdsports.com/v1/matches/288455,288455,202501,Montpellier,away,20,244802,Solomon Shand,sub 5,replacement
https://rugby-union-feeds.incrowdsports.com/v1/matches/288455,288455,202501,Montpellier,away,8,240716,Langi Gleeson,number eight,starter
https://rugby-union-feeds.incrowdsports.com/v1/matches/288455,288455,202501,Montpellier,away,21,258860,Tom Baraer,sub 6,replacement
https://rugby-union-feeds.incrowdsports.com/v1/matches/288455,288455,202501,Montpellier,away,15,184521,Donovan Taofifenua,full back,starter
https://rugby-union-feeds.incrowdsports.com/v1/matches/288455,288455,202501,Montpellier,away,12,233066,Auguste Cadot,inside centre,starter
https://rugby-union-feeds.incrowdsports.com/v1/matches/288455,288455,202501,Montpellier,away,4,152393,Marco Tauleigne,second row,starter
https://rugby-union-feeds.incrowdsports.com/v1/matches/288455,288455,202501,Montpellier,away,19,233098,Tyler DuGuid,sub 4,replacement
https://rugby-union-feeds.incrowdsports.com/v1/matches/288455,288455,202501,Montpellier,away,18,225289,Wilfrid Hounkpatin,sub 3,replacement
https://rugby-union-feeds.incrowdsports.com/v1/matches/288455,288455,202501,Montpellier,away,23,254511,Miracle Tangata,sub 8,replacement
https://rugby-union-feeds.incrowdsports.com/v1/matches/288455,288455,202501,Montpellier,away,13,193262,Thomas Darmon,outside centre,starter
https://rugby-union-feeds.incrowdsports.com/v1/matches/288455,288455,202501,Montpellier,away,6,161907,Alex Becognee,flanker,starter
https://rugby-union-feeds.incrowdsports.com/v1/matches/288455,288455,202501,Montpellier,away,11,255699,Melvyn Rates,left wing,starter
https://rugby-union-feeds.incrowdsports.com/v1/matches/288455,288455,202501,Montpellier,away,16,250834,Lyam Akrab,sub 1,replacement
https://rugby-union-feeds.incrowdsports.com/v1/matches/288455,288455,202501,Montpellier,away,22,184178,Leo Coly,sub 7,replacement
https://rugby-union-feeds.incrowdsports.com/v1/matches/288455,288455,202501,Montpellier,away,2,175415,Jordan Uelese,hooker,starter
https://rugby-union-feeds.incrowdsports.com/v1/matches/288455,288455,202501,Montpellier,away,3,133687,Christopher Tolofua,tighthead prop,starter
https://rugby-union-feeds.incrowdsports.com/v1/matches/288455,288455,202501,Montpellier,away,14,254550,Jules Ducros,right wing,starter
https://rugby-union-feeds.incrowdsports.com/v1/matches/288455,288455,202501,Montpellier,away,10,195263,Stuart Hogg,fly half,starter
https://rugby-union-feeds.incrowdsports.com/v1/matches/288455,288455,202501,Montpellier,away,5,233216,Matthieu Uhila,second row,starter
https://rugby-union-feeds.incrowdsports.com/v1/matches/288455,288455,202501,Montpellier,away,9,237823,Alexis Bernadet,scrum half,starter
https://rugby-union-feeds.incrowdsports.com/v1/matches/288455,288455,202501,Montpellier,away,17,229853,Baptiste Erdocio,sub 2,replacement
https://rugby-union-feeds.incrowdsports.com/v1/matches/288459,288459,202501,Exeter Chiefs,home,23,102180,Ben Hammersley,sub 8,replacement
https://rugby-union-feeds.incrowdsports.com/v1/matches/288459,288459,202501,Exeter Chiefs,home,6,237000,Tom Hooper,flanker,starter
https://rugby-union-feeds.incrowdsports.com/v1/matches/288459,288459,202501,Exeter Chiefs,home,20,171271,Lewis Pearson,sub 5,replacement
https://rugby-union-feeds.incrowdsports.com/v1/matches/288459,288459,202501,Exeter Chiefs,home,11,251397,Paul Brown-Bampoe,left wing,starter
https://rugby-union-feeds.incrowdsports.com/v1/matches/288459,288459,202501,Exeter Chiefs,home,22,117545,Charlie Chapman,sub 7,replacement
https://rugby-union-feeds.incrowdsports.com/v1/matches/288459,288459,202501,Exeter Chiefs,home,17,201738,Will Goodrick-Clarke,sub 2,replacement
https://rugby-union-feeds.incrowdsports.com/v1/matches/288459,288459,202501,Exeter Chiefs,home,9,110891,Steve Varney,scrum half,starter
https://rugby-union-feeds.incrowdsports.com/v1/matches/288459,288459,202501,Exeter Chiefs,home,5,128750,Andrea Zambonin,second row,starter
https://rugby-union-feeds.incrowdsports.com/v1/matches/288459,288459,202501,Exeter Chiefs,home,16,229392,Julian Heaven,sub 1,replacement
https://rugby-union-feeds.incrowdsports.com/v1/matches/288459,288459,202501,Exeter Chiefs,home,12,125136,Will Haydon-Wood,inside centre,starter
https://rugby-union-feeds.incrowdsports.com/v1/matches/288459,288459,202501,Exeter Chiefs,home,18,188174,Jimmy Roots,sub 3,replacement
https://rugby-union-feeds.incrowdsports.com/v1/matches/288459,288459,202501,Exeter Chiefs,home,1,224659,Scott Sio,loosehead prop,starter
https://rugby-union-feeds.incrowdsports.com/v1/matches/288459,288459,202501,Exeter Chiefs,home,15,166737,Olly Woodburn,full back,starter
https://rugby-union-feeds.incrowdsports.com/v1/matches/288459,288459,202501,Exeter Chiefs,home,4,237272,Dafydd Jenkins,second row,starter
https://rugby-union-feeds.incrowdsports.com/v1/matches/288459,288459,202501,Exeter Chiefs,home,14,233237,Immanuel Feyi-Waboso,right wing,starter
https://rugby-union-feeds.incrowdsports.com/v1/matches/288459,288459,202501,Exeter Chiefs,home,19,112986,Rus Tuima,sub 4,replacement
https://rugby-union-feeds.incrowdsports.com/v1/matches/288459,288459,202501,Exeter Chiefs,home,21,213658,Richard Capstick,sub 6,replacement
https://rugby-union-feeds.incrowdsports.com/v1/matches/288459,288459,202501,Exeter Chiefs,home,10,225024,Harvey Skinner,fly half,starter
https://rugby-union-feeds.incrowdsports.com/v1/matches/288459,288459,202501,Exeter Chiefs,home,13,138016,Henry Slade,outside centre,starter
https://rugby-union-feeds.incrowdsports.com/v1/matches/288459,288459,202501,Exeter Chiefs,home,8,243167,Kane James,number eight,starter
https://rugby-union-feeds.incrowdsports.com/v1/matches/288459,288459,202501,Exeter Chiefs,home,2,213725,Joseph Dweba,hooker,starter
https://rugby-union-feeds.incrowdsports.com/v1/matches/288459,288459,202501,Exeter Chiefs,home,3,249693,Bachuki Tchumbadze,tighthead prop,starter
https://rugby-union-feeds.incrowdsports.com/v1/matches/288459,288459,202501,Exeter Chiefs,home,7,124575,Ethan Roots,flanker,starter
https://rugby-union-feeds.incrowdsports.com/v1/matches/288459,288459,202501,Cardiff Rugby,away,4,139876,Josh McNally,second row,starter
https://rugby-union-feeds.incrowdsports.com/v1/matches/288459,288459,202501,Cardiff Rugby,away,22,239298,Ieuan Davies,sub 7,replacement
https://rugby-union-feeds.incrowdsports.com/v1/matches/288459,288459,202501,Cardiff Rugby,away,12,186117,Rory Jennings,inside centre,starter
https://rugby-union-feeds.incrowdsports.com/v1/matches/288459,288459,202501,Cardiff Rugby,away,15,128775,Jacob Beetham,full back,starter
https://rugby-union-feeds.incrowdsports.com/v1/matches/288459,288459,202501,Cardiff Rugby,away,9,237324,Johan Mulder,scrum half,starter
https://rugby-union-feeds.incrowdsports.com/v1/matches/288459,288459,202501,Cardiff Rugby,away,3,167563,Sam Wainwright,tighthead prop,starter
https://rugby-union-feeds.incrowdsports.com/v1/matches/288459,288459,202501,Cardiff Rugby,away,6,214124,James Botham,flanker,starter
https://rugby-union-feeds.incrowdsports.com/v1/matches/288459,288459,202501,Cardiff Rugby,away,19,135435,George Nott,sub 4,replacement
https://rugby-union-feeds.incrowdsports.com/v1/matches/288459,288459,202501,Cardiff Rugby,away,17,212458,Corey Domachowski,sub 2,replacement
https://rugby-union-feeds.incrowdsports.com/v1/matches/288459,288459,202501,Cardiff Rugby,away,10,135370,Ioan Lloyd,fly half,starter
https://rugby-union-feeds.incrowdsports.com/v1/matches/288459,288459,202501,Cardiff Rugby,away,16,204560,Dafydd Hughes,sub 1,replacement
https://rugby-union-feeds.incrowdsports.com/v1/matches/288459,288459,202501,Cardiff Rugby,away,1,203823,Danny Southworth,loosehead prop,starter
https://rugby-union-feeds.incrowdsports.com/v1/matches/288459,288459,202501,Cardiff Rugby,away,7,113101,Dan Thomas,flanker,starter
https://rugby-union-feeds.incrowdsports.com/v1/matches/288459,288459,202501,Cardiff Rugby,away,14,103056,Mason Grady,right wing,starter
https://rugby-union-feeds.incrowdsports.com/v1/matches/288459,288459,202501,Cardiff Rugby,away,13,152686,Cornel Smit,outside centre,starter
https://rugby-union-feeds.incrowdsports.com/v1/matches/288459,288459,202501,Cardiff Rugby,away,20,131470,Alun Lawrence,sub 5,replacement
https://rugby-union-feeds.incrowdsports.com/v1/matches/288459,288459,202501,Cardiff Rugby,away,18,208595,Javan Sebastian,sub 3,replacement
https://rugby-union-feeds.incrowdsports.com/v1/matches/288459,288459,202501,Cardiff Rugby,away,11,248818,Tom Bowen,left wing,starter
https://rugby-union-feeds.incrowdsports.com/v1/matches/288459,288459,202501,Cardiff Rugby,away,8,181073,Taine Basham,number eight,starter
https://rugby-union-feeds.incrowdsports.com/v1/matches/288459,288459,202501,Cardiff Rugby,away,5,105267,Rory Thornton,second row,starter
https://rugby-union-feeds.incrowdsports.com/v1/matches/288459,288459,202501,Cardiff Rugby,away,21,255381,Tom Cottle,sub 6,replacement
https://rugby-union-feeds.incrowdsports.com/v1/matches/288459,288459,202501,Cardiff Rugby,away,2,237274,Evan Lloyd,hooker,starter
https://rugby-union-feeds.incrowdsports.com/v1/matches/288459,288459,202501,Cardiff Rugby,away,23,239360,Cam Winnett,sub 8,replacement
https://rugby-union-feeds.incrowdsports.com/v1/matches/288457,288457,202501,Lyon O.U.,home,4,226180,Theo William,second row,starter
https://rugby-union-feeds.incrowdsports.com/v1/matches/288457,288457,202501,Lyon O.U.,home,3,237091,Irakli Aptsiauri,tighthead prop,starter
https://rugby-union-feeds.incrowdsports.com/v1/matches/288457,288457,202501,Lyon O.U.,home,20,245027,Marvin Okuya,sub 5,replacement
https://rugby-union-feeds.incrowdsports.com/v1/matches/288457,288457,202501,Lyon O.U.,home,23,224008,Vincent Rattez,sub 8,replacement
https://rugby-union-feeds.incrowdsports.com/v1/matches/288457,288457,202501,Lyon O.U.,home,5,173864,Janse Roux,second row,starter
https://rugby-union-feeds.incrowdsports.com/v1/matches/288457,288457,202501,Lyon O.U.,home,19,177800,Mickael Guillard,sub 4,replacement
https://rugby-union-feeds.incrowdsports.com/v1/matches/288457,288457,202501,Lyon O.U.,home,2,181670,Guillaume Marchand,hooker,starter
https://rugby-union-feeds.incrowdsports.com/v1/matches/288457,288457,202501,Lyon O.U.,home,7,229445,Liam Allen,flanker,starter
https://rugby-union-feeds.incrowdsports.com/v1/matches/288457,288457,202501,Lyon O.U.,home,10,198219,Paddy Jackson,fly half,starter
https://rugby-union-feeds.incrowdsports.com/v1/matches/288457,288457,202501,Lyon O.U.,home,9,141676,Baptiste Couilloud,scrum half,starter
https://rugby-union-feeds.incrowdsports.com/v1/matches/288457,288457,202501,Lyon O.U.,home,13,203881,Alfred Parisien,outside centre,starter
https://rugby-union-feeds.incrowdsports.com/v1/matches/288457,288457,202501,Lyon O.U.,home,16,173002,Camille Chat,sub 1,replacement
https://rugby-union-feeds.incrowdsports.com/v1/matches/288457,288457,202501,Lyon O.U.,home,11,140494,Jiuta Wainiqolo,left wing,starter
https://rugby-union-feeds.incrowdsports.com/v1/matches/288457,288457,202501,Lyon O.U.,home,1,146161,Jérôme Rey,loosehead prop,starter
https://rugby-union-feeds.incrowdsports.com/v1/matches/288457,288457,202501,Lyon O.U.,home,17,146999,Hamza Kaabeche,sub 2,replacement
https://rugby-union-feeds.incrowdsports.com/v1/matches/288457,288457,202501,Lyon O.U.,home,15,233206,Alexandre Tchaptchet,full back,starter
https://rugby-union-feeds.incrowdsports.com/v1/matches/288457,288457,202501,Lyon O.U.,home,18,138005,Cedate Gomes Sa,sub 3,replacement
https://rugby-union-feeds.incrowdsports.com/v1/matches/288457,288457,202501,Lyon O.U.,home,6,189910,Dylan Cretin,flanker,starter
https://rugby-union-feeds.incrowdsports.com/v1/matches/288457,288457,202501,Lyon O.U.,home,14,244764,Arthur Mathiron,right wing,starter
https://rugby-union-feeds.incrowdsports.com/v1/matches/288457,288457,202501,Lyon O.U.,home,21,110169,Charlie Cassang,sub 6,replacement
https://rugby-union-feeds.incrowdsports.com/v1/matches/288457,288457,202501,Lyon O.U.,home,8,241369,Beka Shvangiradze,number eight,starter
https://rugby-union-feeds.incrowdsports.com/v1/matches/288457,288457,202501,Lyon O.U.,home,12,203198,Theo Millet,inside centre,starter
https://rugby-union-feeds.incrowdsports.com/v1/matches/288457,288457,202501,Lyon O.U.,home,22,241309,Martin Meliande,sub 7,replacement
https://rugby-union-feeds.incrowdsports.com/v1/matches/288457,288457,202501,Benetton Rugby,away,16,236899,Bautista Bernasconi,sub 1,replacement
https://rugby-union-feeds.incrowdsports.com/v1/matches/288457,288457,202501,Benetton Rugby,away,19,209634,Eli Snyman,sub 4,replacement
https://rugby-union-feeds.incrowdsports.com/v1/matches/288457,288457,202501,Benetton Rugby,away,18,174824,Giosue Zilocchi,sub 3,replacement
https://rugby-union-feeds.incrowdsports.com/v1/matches/288457,288457,202501,Benetton Rugby,away,10,157030,Jacob Umaga,fly half,starter
https://rugby-union-feeds.incrowdsports.com/v1/matches/288457,288457,202501,Benetton Rugby,away,4,208272,Niccolo Cannone,second row,starter
https://rugby-union-feeds.incrowdsports.com/v1/matches/288457,288457,202501,Benetton Rugby,away,1,237231,Mirco Spagnolo,loosehead prop,starter
https://rugby-union-feeds.incrowdsports.com/v1/matches/288457,288457,202501,Benetton Rugby,away,17,144653,Nahuel Tetaz Chaparro,sub 2,replacement
https://rugby-union-feeds.incrowdsports.com/v1/matches/288457,288457,202501,Benetton Rugby,away,20,198867,So'otala Fa'aso'o,sub 5,replacement
https://rugby-union-feeds.incrowdsports.com/v1/matches/288457,288457,202501,Benetton Rugby,away,14,209105,Louis Lynagh,right wing,starter
https://rugby-union-feeds.incrowdsports.com/v1/matches/288457,288457,202501,Benetton Rugby,away,2,183378,Siua Maile,hooker,starter
https://rugby-union-feeds.incrowdsports.com/v1/matches/288457,288457,202501,Benetton Rugby,away,6,216977,Alessandro Izekor,flanker,starter
https://rugby-union-feeds.incrowdsports.com/v1/matches/288457,288457,202501,Benetton Rugby,away,9,111797,Andy Uren,scrum half,starter
https://rugby-union-feeds.incrowdsports.com/v1/matches/288457,288457,202501,Benetton Rugby,away,8,197335,Lorenzo Cannone,number eight,starter
https://rugby-union-feeds.incrowdsports.com/v1/matches/288457,288457,202501,Benetton Rugby,away,13,229557,Tommaso Menoncello,outside centre,starter
https://rugby-union-feeds.incrowdsports.com/v1/matches/288457,288457,202501,Benetton Rugby,away,21,240668,Giulio Marini,sub 6,replacement
https://rugby-union-feeds.incrowdsports.com/v1/matches/288457,288457,202501,Benetton Rugby,away,3,192476,Simone Ferrari,tighthead prop,starter
https://rugby-union-feeds.incrowdsports.com/v1/matches/288457,288457,202501,Benetton Rugby,away,12,194010,Malakai Fekitoa,inside centre,starter
https://rugby-union-feeds.incrowdsports.com/v1/matches/288457,288457,202501,Benetton Rugby,away,15,218240,Rhyno Smith,full back,starter
https://rugby-union-feeds.incrowdsports.com/v1/matches/288457,288457,202501,Benetton Rugby,away,5,174208,Riccardo Favretto,second row,starter
https://rugby-union-feeds.incrowdsports.com/v1/matches/288457,288457,202501,Benetton Rugby,away,23,236606,Leonardo Marin,sub 8,replacement
https://rugby-union-feeds.incrowdsports.com/v1/matches/288457,288457,202501,Benetton Rugby,away,11,237725,Onisi Ratave,left wing,starter
https://rugby-union-feeds.incrowdsports.com/v1/matches/288457,288457,202501,Benetton Rugby,away,7,120191,Michele Lamaro,flanker,starter
https://rugby-union-feeds.incrowdsports.com/v1/matches/288457,288457,202501,Benetton Rugby,away,22,236573,Alessandro Garbisi,sub 7,replacement
https://rugby-union-feeds.incrowdsports.com/v1/matches/288458,288458,202501,Racing 92,home,2,256644,Elia Masi,hooker,starter
https://rugby-union-feeds.incrowdsports.com/v1/matches/288458,288458,202501,Racing 92,home,19,122465,Lekima Tagitagivalu,sub 4,replacement
https://rugby-union-feeds.incrowdsports.com/v1/matches/288458,288458,202501,Racing 92,home,9,250502,Kleo Labarbe,scrum half,starter
https://rugby-union-feeds.incrowdsports.com/v1/matches/288458,288458,202501,Racing 92,home,16,130600,Feleti Kaitu'u,sub 1,replacement
https://rugby-union-feeds.incrowdsports.com/v1/matches/288458,288458,202501,Racing 92,home,20,137093,Jonny Hill,sub 5,replacement
https://rugby-union-feeds.incrowdsports.com/v1/matches/288458,288458,202501,Racing 92,home,15,179787,Sam James,full back,starter
https://rugby-union-feeds.incrowdsports.com/v1/matches/288458,288458,202501,Racing 92,home,14,240624,Selestino Ravutaumada,right wing,starter
https://rugby-union-feeds.incrowdsports.com/v1/matches/288458,288458,202501,Racing 92,home,18,245454,Herman Coetzee,sub 3,replacement
https://rugby-union-feeds.incrowdsports.com/v1/matches/288458,288458,202501,Racing 92,home,5,211021,Romain Taofifenua,second row,starter
https://rugby-union-feeds.incrowdsports.com/v1/matches/288458,288458,202501,Racing 92,home,22,254580,Antoine Latrasse,sub 7,replacement
https://rugby-union-feeds.incrowdsports.com/v1/matches/288458,288458,202501,Racing 92,home,23,256404,Noham Valeu,sub 8,replacement
https://rugby-union-feeds.incrowdsports.com/v1/matches/288458,288458,202501,Racing 92,home,1,254579,Edouard Jabea Njocke,loosehead prop,starter
https://rugby-union-feeds.incrowdsports.com/v1/matches/288458,288458,202501,Racing 92,home,12,254450,Vladi Ashvetia,inside centre,starter
https://rugby-union-feeds.incrowdsports.com/v1/matches/288458,288458,202501,Racing 92,home,11,255704,Nolann Donguy,left wing,starter
https://rugby-union-feeds.incrowdsports.com/v1/matches/288458,288458,202501,Racing 92,home,3,254581,Lehopoame Leota,tighthead prop,starter
https://rugby-union-feeds.incrowdsports.com/v1/matches/288458,288458,202501,Racing 92,home,7,246812,Noa Zinzen,flanker,starter
https://rugby-union-feeds.incrowdsports.com/v1/matches/288458,288458,202501,Racing 92,home,13,199515,Gael Fickou,outside centre,starter
https://rugby-union-feeds.incrowdsports.com/v1/matches/288458,288458,202501,Racing 92,home,17,245179,Lino Julien,sub 2,replacement
https://rugby-union-feeds.incrowdsports.com/v1/matches/288458,288458,202501,Racing 92,home,21,259195,Matis Julien,sub 6,replacement
https://rugby-union-feeds.incrowdsports.com/v1/matches/288458,288458,202501,Racing 92,home,6,257498,Auguste Albuisson,flanker,starter
https://rugby-union-feeds.incrowdsports.com/v1/matches/288458,288458,202501,Racing 92,home,4,104480,Thomas Lainault,second row,starter
https://rugby-union-feeds.incrowdsports.com/v1/matches/288458,288458,202501,Racing 92,home,8,147677,Hacjivah Dayimani,number eight,starter
https://rugby-union-feeds.incrowdsports.com/v1/matches/288458,288458,202501,Racing 92,home,10,215421,Antoine Gibert,fly half,starter
https://rugby-union-feeds.incrowdsports.com/v1/matches/288458,288458,202501,Toyota Cheetahs,away,18,249196,Francisco dos Reis,sub 3,replacement
https://rugby-union-feeds.incrowdsports.com/v1/matches/288458,288458,202501,Toyota Cheetahs,away,8,207435,Gideon van der Merwe,number eight,starter
https://rugby-union-feeds.incrowdsports.com/v1/matches/288458,288458,202501,Toyota Cheetahs,away,5,129964,Curtly Thomas,second row,starter
https://rugby-union-feeds.incrowdsports.com/v1/matches/288458,288458,202501,Toyota Cheetahs,away,23,246826,Michael Annies,sub 8,replacement
https://rugby-union-feeds.incrowdsports.com/v1/matches/288458,288458,202501,Toyota Cheetahs,away,1,253801,Matome Manyama,loosehead prop,starter
https://rugby-union-feeds.incrowdsports.com/v1/matches/288458,288458,202501,Toyota Cheetahs,away,10,172367,Jaco van der Walt,fly half,starter
https://rugby-union-feeds.incrowdsports.com/v1/matches/288458,288458,202501,Toyota Cheetahs,away,3,177263,Aranos Coetzee,tighthead prop,starter
https://rugby-union-feeds.incrowdsports.com/v1/matches/288458,288458,202501,Toyota Cheetahs,away,6,132560,Daniel Maartens,flanker,starter
https://rugby-union-feeds.incrowdsports.com/v1/matches/288458,288458,202501,Toyota Cheetahs,away,2,189358,Louis van der Westhuizen,hooker,starter
https://rugby-union-feeds.incrowdsports.com/v1/matches/288458,288458,202501,Toyota Cheetahs,away,15,184052,James Verity-Amm,full back,starter
https://rugby-union-feeds.incrowdsports.com/v1/matches/288458,288458,202501,Toyota Cheetahs,away,19,108372,Pieter Jansen van Vuren,sub 4,replacement
https://rugby-union-feeds.incrowdsports.com/v1/matches/288458,288458,202501,Toyota Cheetahs,away,4,150194,Carl Wegner,second row,starter
https://rugby-union-feeds.incrowdsports.com/v1/matches/288458,288458,202501,Toyota Cheetahs,away,12,239992,Zander du Plessis,inside centre,starter
https://rugby-union-feeds.incrowdsports.com/v1/matches/288458,288458,202501,Toyota Cheetahs,away,7,251544,Sisonke Vumazonke,flanker,starter
https://rugby-union-feeds.incrowdsports.com/v1/matches/288458,288458,202501,Toyota Cheetahs,away,16,109302,Marko Janse van Rensburg,sub 1,replacement
https://rugby-union-feeds.incrowdsports.com/v1/matches/288458,288458,202501,Toyota Cheetahs,away,22,187096,Rewan Kruger,sub 7,replacement
https://rugby-union-feeds.incrowdsports.com/v1/matches/288458,288458,202501,Toyota Cheetahs,away,14,240022,Munier Hartzenberg,right wing,starter
https://rugby-union-feeds.incrowdsports.com/v1/matches/288458,288458,202501,Toyota Cheetahs,away,20,251542,Arno van der Merwe,sub 5,replacement
https://rugby-union-feeds.incrowdsports.com/v1/matches/288458,288458,202501,Toyota Cheetahs,away,13,251770,De-an Ackermann,outside centre,starter
https://rugby-union-feeds.incrowdsports.com/v1/matches/288458,288458,202501,Toyota Cheetahs,away,11,146847,Prince Nkabinde,left wing,starter
https://rugby-union-feeds.incrowdsports.com/v1/matches/288458,288458,202501,Toyota Cheetahs,away,9,174399,Marco Jansen van Vuren,scrum half,starter
https://rugby-union-feeds.incrowdsports.com/v1/matches/288458,288458,202501,Toyota Cheetahs,away,21,243807,Neels Volschenk,sub 6,replacement
https://rugby-union-feeds.incrowdsports.com/v1/matches/288458,288458,202501,Toyota Cheetahs,away,17,109919,Cameron Dawson,sub 2,replacement
https://rugby-union-feeds.incrowdsports.com/v1/matches/288467,288467,202501,Connacht Rugby,home,15,187970,Sam Gilbert,full back,starter
https://rugby-union-feeds.incrowdsports.com/v1/matches/288467,288467,202501,Connacht Rugby,home,10,131074,Josh Ioane,fly half,starter
https://rugby-union-feeds.incrowdsports.com/v1/matches/288467,288467,202501,Connacht Rugby,home,7,229288,Shamus Hurley-Langton,flanker,starter
https://rugby-union-feeds.incrowdsports.com/v1/matches/288467,288467,202501,Connacht Rugby,home,5,244039,Darragh Murray,second row,starter
https://rugby-union-feeds.incrowdsports.com/v1/matches/288467,288467,202501,Connacht Rugby,home,8,198565,Cian Prendergast,number eight,starter
https://rugby-union-feeds.incrowdsports.com/v1/matches/288467,288467,202501,Connacht Rugby,home,6,216844,Josh Murphy,flanker,starter
https://rugby-union-feeds.incrowdsports.com/v1/matches/288467,288467,202501,Connacht Rugby,home,9,239627,Matthew Devine,scrum half,starter
https://rugby-union-feeds.incrowdsports.com/v1/matches/288467,288467,202501,Connacht Rugby,home,13,141193,Cathal Forde,outside centre,starter
https://rugby-union-feeds.incrowdsports.com/v1/matches/288467,288467,202501,Connacht Rugby,home,14,129867,Shane Jennings,right wing,starter
https://rugby-union-feeds.incrowdsports.com/v1/matches/288467,288467,202501,Connacht Rugby,home,2,213737,Dave Heffernan,hooker,starter
https://rugby-union-feeds.incrowdsports.com/v1/matches/288467,288467,202501,Connacht Rugby,home,23,244719,John Devine,sub 8,replacement
https://rugby-union-feeds.incrowdsports.com/v1/matches/288467,288467,202501,Connacht Rugby,home,4,106352,Joe Joyce,second row,starter
https://rugby-union-feeds.incrowdsports.com/v1/matches/288467,288467,202501,Connacht Rugby,home,18,115762,Finlay Bealham,sub 3,replacement
https://rugby-union-feeds.incrowdsports.com/v1/matches/288467,288467,202501,Connacht Rugby,home,16,119988,Dylan Tierney-Martin,sub 1,replacement
https://rugby-union-feeds.incrowdsports.com/v1/matches/288467,288467,202501,Connacht Rugby,home,17,131671,Peter Dooley,sub 2,replacement
https://rugby-union-feeds.incrowdsports.com/v1/matches/288467,288467,202501,Connacht Rugby,home,3,237237,Sam Illo,tighthead prop,starter
https://rugby-union-feeds.incrowdsports.com/v1/matches/288467,288467,202501,Connacht Rugby,home,11,118682,Chay Mullins,left wing,starter
https://rugby-union-feeds.incrowdsports.com/v1/matches/288467,288467,202501,Connacht Rugby,home,22,250780,Sean Naughton,sub 7,replacement
https://rugby-union-feeds.incrowdsports.com/v1/matches/288467,288467,202501,Connacht Rugby,home,20,200378,Paul Boyle,sub 5,replacement
https://rugby-union-feeds.incrowdsports.com/v1/matches/288467,288467,202501,Connacht Rugby,home,21,126014,Colm Reilly,sub 6,replacement
https://rugby-union-feeds.incrowdsports.com/v1/matches/288467,288467,202501,Connacht Rugby,home,1,254559,Billy Bohan,loosehead prop,starter
https://rugby-union-feeds.incrowdsports.com/v1/matches/288467,288467,202501,Connacht Rugby,home,19,114781,Niall Murray,sub 4,replacement
https://rugby-union-feeds.incrowdsports.com/v1/matches/288467,288467,202501,Connacht Rugby,home,12,157406,Bundee Aki,inside centre,starter
https://rugby-union-feeds.incrowdsports.com/v1/matches/288467,288467,202501,Hollywoodbets Sharks,away,11,129378,Makazole Mapimpi,left wing,starter
https://rugby-union-feeds.incrowdsports.com/v1/matches/288467,288467,202501,Hollywoodbets Sharks,away,22,111265,Siya Masuku,sub 7,replacement
https://rugby-union-feeds.incrowdsports.com/v1/matches/288467,288467,202501,Hollywoodbets Sharks,away,18,246817,Mawande Mdanda,sub 3,replacement
https://rugby-union-feeds.incrowdsports.com/v1/matches/288467,288467,202501,Hollywoodbets Sharks,away,19,240072,Corne Rahl,sub 4,replacement
https://rugby-union-feeds.incrowdsports.com/v1/matches/288467,288467,202501,Hollywoodbets Sharks,away,15,246822,Hakeem Kunene,full back,starter
https://rugby-union-feeds.incrowdsports.com/v1/matches/288467,288467,202501,Hollywoodbets Sharks,away,23,244453,Ethan Hooker,sub 8,replacement
https://rugby-union-feeds.incrowdsports.com/v1/matches/288467,288467,202501,Hollywoodbets Sharks,away,10,241291,Jean Smith,fly half,starter
https://rugby-union-feeds.incrowdsports.com/v1/matches/288467,288467,202501,Hollywoodbets Sharks,away,7,246825,Jannes Potgieter,flanker,starter
https://rugby-union-feeds.incrowdsports.com/v1/matches/288467,288467,202501,Hollywoodbets Sharks,away,14,204878,Edwill van der Merwe,right wing,starter
https://rugby-union-feeds.incrowdsports.com/v1/matches/288467,288467,202501,Hollywoodbets Sharks,away,17,190190,Lee-Marvin Mazibuko,sub 2,replacement
https://rugby-union-feeds.incrowdsports.com/v1/matches/288467,288467,202501,Hollywoodbets Sharks,away,13,218232,Le Roux Malan,outside centre,starter
https://rugby-union-feeds.incrowdsports.com/v1/matches/288467,288467,202501,Hollywoodbets Sharks,away,9,236920,Ross Braude,scrum half,starter
https://rugby-union-feeds.incrowdsports.com/v1/matches/288467,288467,202501,Hollywoodbets Sharks,away,3,208311,Vincent Koch,tighthead prop,starter
https://rugby-union-feeds.incrowdsports.com/v1/matches/288467,288467,202501,Hollywoodbets Sharks,away,21,256727,Ceano Everson,sub 6,replacement
https://rugby-union-feeds.incrowdsports.com/v1/matches/288467,288467,202501,Hollywoodbets Sharks,away,20,129754,Vincent Tshituka,sub 5,replacement
https://rugby-union-feeds.incrowdsports.com/v1/matches/288467,288467,202501,Hollywoodbets Sharks,away,8,241531,Nick Hatton,number eight,starter
https://rugby-union-feeds.incrowdsports.com/v1/matches/288467,288467,202501,Hollywoodbets Sharks,away,6,177625,Tino Mavesere,flanker,starter
https://rugby-union-feeds.incrowdsports.com/v1/matches/288467,288467,202501,Hollywoodbets Sharks,away,16,249178,Ethan Bester,sub 1,replacement
https://rugby-union-feeds.incrowdsports.com/v1/matches/288467,288467,202501,Hollywoodbets Sharks,away,1,185466,Ox Nche,loosehead prop,starter
https://rugby-union-feeds.incrowdsports.com/v1/matches/288467,288467,202501,Hollywoodbets Sharks,away,2,229792,Eddie Swart,hooker,starter
https://rugby-union-feeds.incrowdsports.com/v1/matches/288467,288467,202501,Hollywoodbets Sharks,away,5,151999,Deon Slabbert,second row,starter
https://rugby-union-feeds.incrowdsports.com/v1/matches/288467,288467,202501,Hollywoodbets Sharks,away,12,116093,Marnus Potgieter,inside centre,starter
https://rugby-union-feeds.incrowdsports.com/v1/matches/288467,288467,202501,Hollywoodbets Sharks,away,4,196989,Eben Etzebeth,second row,starter
https://rugby-union-feeds.incrowdsports.com/v1/matches/288460,288460,202501,Montpellier,home,17,248932,Valentin Welsch,sub 2,replacement
https://rugby-union-feeds.incrowdsports.com/v1/matches/288460,288460,202501,Montpellier,home,12,237155,Justo Piccardo,inside centre,starter
https://rugby-union-feeds.incrowdsports.com/v1/matches/288460,288460,202501,Montpellier,home,4,105892,Adam Beard,second row,starter
https://rugby-union-feeds.incrowdsports.com/v1/matches/288460,288460,202501,Montpellier,home,8,241442,Alex Masibaka,number eight,starter
https://rugby-union-feeds.incrowdsports.com/v1/matches/288460,288460,202501,Montpellier,home,18,109220,Mohamed Haouas,sub 3,replacement
https://rugby-union-feeds.incrowdsports.com/v1/matches/288460,288460,202501,Montpellier,home,20,142984,Billy Vunipola,sub 5,replacement
https://rugby-union-feeds.incrowdsports.com/v1/matches/288460,288460,202501,Montpellier,home,21,161477,Ali Price,sub 6,replacement
https://rugby-union-feeds.incrowdsports.com/v1/matches/288460,288460,202501,Montpellier,home,16,198027,Ricky Riccitelli,sub 1,replacement
https://rugby-union-feeds.incrowdsports.com/v1/matches/288460,288460,202501,Montpellier,home,7,244170,Lenni Nouchi,flanker,starter
https://rugby-union-feeds.incrowdsports.com/v1/matches/288460,288460,202501,Montpellier,home,19,233098,Tyler DuGuid,sub 4,replacement
https://rugby-union-feeds.incrowdsports.com/v1/matches/288460,288460,202501,Montpellier,home,23,233066,Auguste Cadot,sub 8,replacement
https://rugby-union-feeds.incrowdsports.com/v1/matches/288460,288460,202501,Montpellier,home,1,213609,Enzo Forletta,loosehead prop,starter
https://rugby-union-feeds.incrowdsports.com/v1/matches/288460,288460,202501,Montpellier,home,3,225289,Wilfrid Hounkpatin,tighthead prop,starter
https://rugby-union-feeds.incrowdsports.com/v1/matches/288460,288460,202501,Montpellier,home,11,255699,Melvyn Rates,left wing,starter
https://rugby-union-feeds.incrowdsports.com/v1/matches/288460,288460,202501,Montpellier,home,2,250834,Lyam Akrab,hooker,starter
https://rugby-union-feeds.incrowdsports.com/v1/matches/288460,288460,202501,Montpellier,home,6,142545,Yacouba Camara,flanker,starter
https://rugby-union-feeds.incrowdsports.com/v1/matches/288460,288460,202501,Montpellier,home,10,205560,Domingo Miotti,fly half,starter
https://rugby-union-feeds.incrowdsports.com/v1/matches/288460,288460,202501,Montpellier,home,13,171478,Arthur Vincent,outside centre,starter
https://rugby-union-feeds.incrowdsports.com/v1/matches/288460,288460,202501,Montpellier,home,14,172059,Gabriel N'Gandebe,right wing,starter
https://rugby-union-feeds.incrowdsports.com/v1/matches/288460,288460,202501,Montpellier,home,5,206267,Bastien Chalureau,second row,starter
https://rugby-union-feeds.incrowdsports.com/v1/matches/288460,288460,202501,Montpellier,home,15,254463,Jon Echegaray,full back,starter
https://rugby-union-feeds.incrowdsports.com/v1/matches/288460,288460,202501,Montpellier,home,9,237823,Alexis Bernadet,scrum half,starter
https://rugby-union-feeds.incrowdsports.com/v1/matches/288460,288460,202501,Montpellier,home,22,103743,Thomas Vincent,sub 7,replacement
https://rugby-union-feeds.incrowdsports.com/v1/matches/288460,288460,202501,Perpignan,away,12,186243,Duncan Paia'aua,inside centre,starter
https://rugby-union-feeds.incrowdsports.com/v1/matches/288460,288460,202501,Perpignan,away,4,178723,Adrien Warion,second row,starter
https://rugby-union-feeds.incrowdsports.com/v1/matches/288460,288460,202501,Perpignan,away,6,244548,Bastien Chinarro,flanker,starter
https://rugby-union-feeds.incrowdsports.com/v1/matches/288460,288460,202501,Perpignan,away,14,250083,Maxim Granell,right wing,starter
https://rugby-union-feeds.incrowdsports.com/v1/matches/288460,288460,202501,Perpignan,away,10,229634,Antoine Aucagne,fly half,starter
https://rugby-union-feeds.incrowdsports.com/v1/matches/288460,288460,202501,Perpignan,away,3,196513,Pietro Ceccarelli,tighthead prop,starter
https://rugby-union-feeds.incrowdsports.com/v1/matches/288460,288460,202501,Perpignan,away,8,235266,Joaquin Oviedo,number eight,starter
https://rugby-union-feeds.incrowdsports.com/v1/matches/288460,288460,202501,Perpignan,away,11,240039,Theo Forner,left wing,starter
https://rugby-union-feeds.incrowdsports.com/v1/matches/288460,288460,202501,Perpignan,away,5,243591,Posolo Tuilagi,second row,starter
https://rugby-union-feeds.incrowdsports.com/v1/matches/288460,288460,202501,Perpignan,away,23,130282,Tommaso Allan,sub 8,replacement
https://rugby-union-feeds.incrowdsports.com/v1/matches/288460,288460,202501,Perpignan,away,17,145004,Giorgi Tetrashvili,sub 2,replacement
https://rugby-union-feeds.incrowdsports.com/v1/matches/288460,288460,202501,Perpignan,away,7,154921,Matteo le Corvec,flanker,starter
https://rugby-union-feeds.incrowdsports.com/v1/matches/288460,288460,202501,Perpignan,away,16,251178,Mathys Lotrian,sub 1,replacement
https://rugby-union-feeds.incrowdsports.com/v1/matches/288460,288460,202501,Perpignan,away,13,120011,Riko Buliruarua,outside centre,starter
https://rugby-union-feeds.incrowdsports.com/v1/matches/288460,288460,202501,Perpignan,away,18,229673,Akato Fakatika,sub 3,replacement
https://rugby-union-feeds.incrowdsports.com/v1/matches/288460,288460,202501,Perpignan,away,22,229236,Tavite Veredamu,sub 7,replacement
https://rugby-union-feeds.incrowdsports.com/v1/matches/288460,288460,202501,Perpignan,away,9,116177,James Hall,scrum half,starter
https://rugby-union-feeds.incrowdsports.com/v1/matches/288460,288460,202501,Perpignan,away,15,256401,Mayron Fahy,full back,starter
https://rugby-union-feeds.incrowdsports.com/v1/matches/288460,288460,202501,Perpignan,away,20,236695,Max Hicks,sub 5,replacement
https://rugby-union-feeds.incrowdsports.com/v1/matches/288460,288460,202501,Perpignan,away,1,201276,Giorgi Beria,loosehead prop,starter
https://rugby-union-feeds.incrowdsports.com/v1/matches/288460,288460,202501,Perpignan,away,19,171323,Jonny Gray,sub 4,replacement
https://rugby-union-feeds.incrowdsports.com/v1/matches/288460,288460,202501,Perpignan,away,21,113822,Lucas Velarte,sub 6,replacement
https://rugby-union-feeds.incrowdsports.com/v1/matches/288460,288460,202501,Perpignan,away,2,235935,Ignacio Ruiz,hooker,starter
https://rugby-union-feeds.incrowdsports.com/v1/matches/288466,288466,202501,Exeter Chiefs,home,17,254081,Ethan Burger,sub 2,replacement
https://rugby-union-feeds.incrowdsports.com/v1/matches/288466,288466,202501,Exeter Chiefs,home,23,250817,Campbell Ridl,sub 8,replacement
https://rugby-union-feeds.incrowdsports.com/v1/matches/288466,288466,202501,Exeter Chiefs,home,6,237000,Tom Hooper,flanker,starter
https://rugby-union-feeds.incrowdsports.com/v1/matches/288466,288466,202501,Exeter Chiefs,home,14,251397,Paul Brown-Bampoe,right wing,starter
https://rugby-union-feeds.incrowdsports.com/v1/matches/288466,288466,202501,Exeter Chiefs,home,9,110891,Steve Varney,scrum half,starter
https://rugby-union-feeds.incrowdsports.com/v1/matches/288466,288466,202501,Exeter Chiefs,home,5,128750,Andrea Zambonin,second row,starter
https://rugby-union-feeds.incrowdsports.com/v1/matches/288466,288466,202501,Exeter Chiefs,home,21,208783,Tom Cairns,sub 6,replacement
https://rugby-union-feeds.incrowdsports.com/v1/matches/288466,288466,202501,Exeter Chiefs,home,22,125136,Will Haydon-Wood,sub 7,replacement
https://rugby-union-feeds.incrowdsports.com/v1/matches/288466,288466,202501,Exeter Chiefs,home,3,188174,Jimmy Roots,tighthead prop,starter
https://rugby-union-feeds.incrowdsports.com/v1/matches/288466,288466,202501,Exeter Chiefs,home,1,224659,Scott Sio,loosehead prop,starter
https://rugby-union-feeds.incrowdsports.com/v1/matches/288466,288466,202501,Exeter Chiefs,home,15,166737,Olly Woodburn,full back,starter
https://rugby-union-feeds.incrowdsports.com/v1/matches/288466,288466,202501,Exeter Chiefs,home,7,237233,Ross Vintcent,flanker,starter
https://rugby-union-feeds.incrowdsports.com/v1/matches/288466,288466,202501,Exeter Chiefs,home,4,237272,Dafydd Jenkins,second row,starter
https://rugby-union-feeds.incrowdsports.com/v1/matches/288466,288466,202501,Exeter Chiefs,home,8,170455,Greg Fisilau,number eight,starter
https://rugby-union-feeds.incrowdsports.com/v1/matches/288466,288466,202501,Exeter Chiefs,home,11,233237,Immanuel Feyi-Waboso,left wing,starter
https://rugby-union-feeds.incrowdsports.com/v1/matches/288466,288466,202501,Exeter Chiefs,home,19,112986,Rus Tuima,sub 4,replacement
https://rugby-union-feeds.incrowdsports.com/v1/matches/288466,288466,202501,Exeter Chiefs,home,20,239420,Finn Worley-Brady,sub 5,replacement
https://rugby-union-feeds.incrowdsports.com/v1/matches/288466,288466,202501,Exeter Chiefs,home,12,243675,Will Rigg,inside centre,starter
https://rugby-union-feeds.incrowdsports.com/v1/matches/288466,288466,202501,Exeter Chiefs,home,10,225024,Harvey Skinner,fly half,starter
https://rugby-union-feeds.incrowdsports.com/v1/matches/288466,288466,202501,Exeter Chiefs,home,13,138016,Henry Slade,outside centre,starter
https://rugby-union-feeds.incrowdsports.com/v1/matches/288466,288466,202501,Exeter Chiefs,home,2,203166,Jack Yeandle,hooker,starter
https://rugby-union-feeds.incrowdsports.com/v1/matches/288466,288466,202501,Exeter Chiefs,home,16,213725,Joseph Dweba,sub 1,replacement
https://rugby-union-feeds.incrowdsports.com/v1/matches/288466,288466,202501,Exeter Chiefs,home,18,249693,Bachuki Tchumbadze,sub 3,replacement
https://rugby-union-feeds.incrowdsports.com/v1/matches/288466,288466,202501,Munster Rugby,away,3,197318,John Ryan,tighthead prop,starter
https://rugby-union-feeds.incrowdsports.com/v1/matches/288466,288466,202501,Munster Rugby,away,13,159083,Tom Farrell,outside centre,starter
https://rugby-union-feeds.incrowdsports.com/v1/matches/288466,288466,202501,Munster Rugby,away,9,105642,Craig Casey,scrum half,starter
https://rugby-union-feeds.incrowdsports.com/v1/matches/288466,288466,202501,Munster Rugby,away,11,176426,Thaakir Abrahams,left wing,starter
https://rugby-union-feeds.incrowdsports.com/v1/matches/288466,288466,202501,Munster Rugby,away,14,215374,Diarmuid Kilgallen,right wing,starter
https://rugby-union-feeds.incrowdsports.com/v1/matches/288466,288466,202501,Munster Rugby,away,20,243725,Ruadhan Quinn,sub 5,replacement
https://rugby-union-feeds.incrowdsports.com/v1/matches/288466,288466,202501,Munster Rugby,away,15,249747,Ben O'Connor,full back,starter
https://rugby-union-feeds.incrowdsports.com/v1/matches/288466,288466,202501,Munster Rugby,away,6,137524,Jack O'Donoghue,flanker,starter
https://rugby-union-feeds.incrowdsports.com/v1/matches/288466,288466,202501,Munster Rugby,away,17,198451,Michael Milne,sub 2,replacement
https://rugby-union-feeds.incrowdsports.com/v1/matches/288466,288466,202501,Munster Rugby,away,18,218163,Michael Ala'alatoa,sub 3,replacement
https://rugby-union-feeds.incrowdsports.com/v1/matches/288466,288466,202501,Munster Rugby,away,10,100659,Jack Crowley,fly half,starter
https://rugby-union-feeds.incrowdsports.com/v1/matches/288466,288466,202501,Munster Rugby,away,2,241432,Lee Barron,hooker,starter
https://rugby-union-feeds.incrowdsports.com/v1/matches/288466,288466,202501,Munster Rugby,away,16,186552,Niall Scannell,sub 1,replacement
https://rugby-union-feeds.incrowdsports.com/v1/matches/288466,288466,202501,Munster Rugby,away,23,101751,John Hodnett,sub 8,replacement
https://rugby-union-feeds.incrowdsports.com/v1/matches/288466,288466,202501,Munster Rugby,away,12,152379,Alex Nankivell,inside centre,starter
https://rugby-union-feeds.incrowdsports.com/v1/matches/288466,288466,202501,Munster Rugby,away,8,147291,Gavin Coombes,number eight,starter
https://rugby-union-feeds.incrowdsports.com/v1/matches/288466,288466,202501,Munster Rugby,away,1,174268,Jeremy Loughman,loosehead prop,starter
https://rugby-union-feeds.incrowdsports.com/v1/matches/288466,288466,202501,Munster Rugby,away,21,251866,Ben O'Donovan,sub 6,replacement
https://rugby-union-feeds.incrowdsports.com/v1/matches/288466,288466,202501,Munster Rugby,away,22,122331,Sean O'Brien,sub 7,replacement
https://rugby-union-feeds.incrowdsports.com/v1/matches/288466,288466,202501,Munster Rugby,away,4,243648,Edwin Edogbo,second row,starter
https://rugby-union-feeds.incrowdsports.com/v1/matches/288466,288466,202501,Munster Rugby,away,7,235071,Alex Kendellen,flanker,starter
https://rugby-union-feeds.incrowdsports.com/v1/matches/288466,288466,202501,Munster Rugby,away,19,225311,Tom Ahern,sub 4,replacement
https://rugby-union-feeds.incrowdsports.com/v1/matches/288466,288466,202501,Munster Rugby,away,5,147486,Tadhg Beirne,second row,starter
https://rugby-union-feeds.incrowdsports.com/v1/matches/288461,288461,202501,Benetton Rugby,home,2,236899,Bautista Bernasconi,hooker,starter
https://rugby-union-feeds.incrowdsports.com/v1/matches/288461,288461,202501,Benetton Rugby,home,11,192769,Ignacio Mendy,left wing,starter
https://rugby-union-feeds.incrowdsports.com/v1/matches/288461,288461,202501,Benetton Rugby,home,3,174824,Giosue Zilocchi,tighthead prop,starter
https://rugby-union-feeds.incrowdsports.com/v1/matches/288461,288461,202501,Benetton Rugby,home,1,151109,Thomas Gallo,loosehead prop,starter
https://rugby-union-feeds.incrowdsports.com/v1/matches/288461,288461,202501,Benetton Rugby,home,10,157030,Jacob Umaga,fly half,starter
https://rugby-union-feeds.incrowdsports.com/v1/matches/288461,288461,202501,Benetton Rugby,home,17,243947,Destiny Aminu,sub 2,replacement
https://rugby-union-feeds.incrowdsports.com/v1/matches/288461,288461,202501,Benetton Rugby,home,18,193737,Tiziano Pasquali,sub 3,replacement
https://rugby-union-feeds.incrowdsports.com/v1/matches/288461,288461,202501,Benetton Rugby,home,4,208272,Niccolo Cannone,second row,starter
https://rugby-union-feeds.incrowdsports.com/v1/matches/288461,288461,202501,Benetton Rugby,home,5,103440,Federico Ruzza,second row,starter
https://rugby-union-feeds.incrowdsports.com/v1/matches/288461,288461,202501,Benetton Rugby,home,6,161390,Manuel Zuliani,flanker,starter
https://rugby-union-feeds.incrowdsports.com/v1/matches/288461,288461,202501,Benetton Rugby,home,20,198867,So'otala Fa'aso'o,sub 5,replacement
https://rugby-union-feeds.incrowdsports.com/v1/matches/288461,288461,202501,Benetton Rugby,home,16,183378,Siua Maile,sub 1,replacement
https://rugby-union-feeds.incrowdsports.com/v1/matches/288461,288461,202501,Benetton Rugby,home,21,216977,Alessandro Izekor,sub 6,replacement
https://rugby-union-feeds.incrowdsports.com/v1/matches/288461,288461,202501,Benetton Rugby,home,9,111797,Andy Uren,scrum half,starter
https://rugby-union-feeds.incrowdsports.com/v1/matches/288461,288461,202501,Benetton Rugby,home,8,197335,Lorenzo Cannone,number eight,starter
https://rugby-union-feeds.incrowdsports.com/v1/matches/288461,288461,202501,Benetton Rugby,home,13,229557,Tommaso Menoncello,outside centre,starter
https://rugby-union-feeds.incrowdsports.com/v1/matches/288461,288461,202501,Benetton Rugby,home,15,218240,Rhyno Smith,full back,starter
https://rugby-union-feeds.incrowdsports.com/v1/matches/288461,288461,202501,Benetton Rugby,home,19,174208,Riccardo Favretto,sub 4,replacement
https://rugby-union-feeds.incrowdsports.com/v1/matches/288461,288461,202501,Benetton Rugby,home,12,236606,Leonardo Marin,inside centre,starter
https://rugby-union-feeds.incrowdsports.com/v1/matches/288461,288461,202501,Benetton Rugby,home,23,153725,Paolo Odogwu,sub 8,replacement
https://rugby-union-feeds.incrowdsports.com/v1/matches/288461,288461,202501,Benetton Rugby,home,14,237725,Onisi Ratave,right wing,starter
https://rugby-union-feeds.incrowdsports.com/v1/matches/288461,288461,202501,Benetton Rugby,home,7,120191,Michele Lamaro,flanker,starter
https://rugby-union-feeds.incrowdsports.com/v1/matches/288461,288461,202501,Benetton Rugby,home,22,236573,Alessandro Garbisi,sub 7,replacement
https://rugby-union-feeds.incrowdsports.com/v1/matches/288461,288461,202501,Cardiff Rugby,away,4,248868,Evan Rees,second row,starter
https://rugby-union-feeds.incrowdsports.com/v1/matches/288461,288461,202501,Cardiff Rugby,away,19,245060,Lucas de la Rua,sub 4,replacement
https://rugby-union-feeds.incrowdsports.com/v1/matches/288461,288461,202501,Cardiff Rugby,away,21,239298,Ieuan Davies,sub 6,replacement
https://rugby-union-feeds.incrowdsports.com/v1/matches/288461,288461,202501,Cardiff Rugby,away,9,202470,Ellis Bevan,scrum half,starter
https://rugby-union-feeds.incrowdsports.com/v1/matches/288461,288461,202501,Cardiff Rugby,away,17,240454,Rhys Barratt,sub 2,replacement
https://rugby-union-feeds.incrowdsports.com/v1/matches/288461,288461,202501,Cardiff Rugby,away,22,186117,Rory Jennings,sub 7,replacement
https://rugby-union-feeds.incrowdsports.com/v1/matches/288461,288461,202501,Cardiff Rugby,away,13,251365,Elijah Evans,outside centre,starter
https://rugby-union-feeds.incrowdsports.com/v1/matches/288461,288461,202501,Cardiff Rugby,away,11,128775,Jacob Beetham,left wing,starter
https://rugby-union-feeds.incrowdsports.com/v1/matches/288461,288461,202501,Cardiff Rugby,away,18,167563,Sam Wainwright,sub 3,replacement
https://rugby-union-feeds.incrowdsports.com/v1/matches/288461,288461,202501,Cardiff Rugby,away,10,152457,Callum Sheedy,fly half,starter
https://rugby-union-feeds.incrowdsports.com/v1/matches/288461,288461,202501,Cardiff Rugby,away,1,152297,Ed Byrne,loosehead prop,starter
https://rugby-union-feeds.incrowdsports.com/v1/matches/288461,288461,202501,Cardiff Rugby,away,15,135370,Ioan Lloyd,full back,starter
https://rugby-union-feeds.incrowdsports.com/v1/matches/288461,288461,202501,Cardiff Rugby,away,2,137071,Liam Belcher,hooker,starter
https://rugby-union-feeds.incrowdsports.com/v1/matches/288461,288461,202501,Cardiff Rugby,away,16,204560,Dafydd Hughes,sub 1,replacement
https://rugby-union-feeds.incrowdsports.com/v1/matches/288461,288461,202501,Cardiff Rugby,away,6,235183,Alex Mann,flanker,starter
https://rugby-union-feeds.incrowdsports.com/v1/matches/288461,288461,202501,Cardiff Rugby,away,7,113101,Dan Thomas,flanker,starter
https://rugby-union-feeds.incrowdsports.com/v1/matches/288461,288461,202501,Cardiff Rugby,away,14,103056,Mason Grady,right wing,starter
https://rugby-union-feeds.incrowdsports.com/v1/matches/288461,288461,202501,Cardiff Rugby,away,8,131470,Alun Lawrence,number eight,starter
https://rugby-union-feeds.incrowdsports.com/v1/matches/288461,288461,202501,Cardiff Rugby,away,12,225777,Ben Thomas,inside centre,starter
https://rugby-union-feeds.incrowdsports.com/v1/matches/288461,288461,202501,Cardiff Rugby,away,5,105267,Rory Thornton,second row,starter
https://rugby-union-feeds.incrowdsports.com/v1/matches/288461,288461,202501,Cardiff Rugby,away,20,237274,Evan Lloyd,sub 5,replacement
https://rugby-union-feeds.incrowdsports.com/v1/matches/288461,288461,202501,Cardiff Rugby,away,23,239360,Cam Winnett,sub 8,replacement
https://rugby-union-feeds.incrowdsports.com/v1/matches/288461,288461,202501,Cardiff Rugby,away,3,202399,Keiron Assiratti,tighthead prop,starter
https://rugby-union-feeds.incrowdsports.com/v1/matches/288465,288465,202501,Newcastle Red Bulls,home,7,218820,Tom Christie,flanker,starter
https://rugby-union-feeds.incrowdsports.com/v1/matches/288465,288465,202501,Newcastle Red Bulls,home,6,140708,Tom Gordon,flanker,starter
https://rugby-union-feeds.incrowdsports.com/v1/matches/288465,288465,202501,Newcastle Red Bulls,home,21,176289,James Elliott,sub 6,replacement
https://rugby-union-feeds.incrowdsports.com/v1/matches/288465,288465,202501,Newcastle Red Bulls,home,2,163400,George McGuigan,hooker,starter
https://rugby-union-feeds.incrowdsports.com/v1/matches/288465,288465,202501,Newcastle Red Bulls,home,4,141000,Jamie Hodgson,second row,starter
https://rugby-union-feeds.incrowdsports.com/v1/matches/288465,288465,202501,Newcastle Red Bulls,home,12,243174,Rhys Beeckmans,inside centre,starter
https://rugby-union-feeds.incrowdsports.com/v1/matches/288465,288465,202501,Newcastle Red Bulls,home,10,205702,Brett Connon,fly half,starter
https://rugby-union-feeds.incrowdsports.com/v1/matches/288465,288465,202501,Newcastle Red Bulls,home,14,166601,Christian Wade,right wing,starter
https://rugby-union-feeds.incrowdsports.com/v1/matches/288465,288465,202501,Newcastle Red Bulls,home,19,202064,Fergus Lee-Warner,sub 4,replacement
https://rugby-union-feeds.incrowdsports.com/v1/matches/288465,288465,202501,Newcastle Red Bulls,home,5,203694,Freddie Clarke,second row,starter
https://rugby-union-feeds.incrowdsports.com/v1/matches/288465,288465,202501,Newcastle Red Bulls,home,22,225774,Ben Healy,sub 7,replacement
https://rugby-union-feeds.incrowdsports.com/v1/matches/288465,288465,202501,Newcastle Red Bulls,home,3,200621,Richard Palframan,tighthead prop,starter
https://rugby-union-feeds.incrowdsports.com/v1/matches/288465,288465,202501,Newcastle Red Bulls,home,16,124431,Samson Adejimi,sub 1,replacement
https://rugby-union-feeds.incrowdsports.com/v1/matches/288465,288465,202501,Newcastle Red Bulls,home,20,244466,Reuben Parsons,sub 5,replacement
https://rugby-union-feeds.incrowdsports.com/v1/matches/288465,288465,202501,Newcastle Red Bulls,home,18,205585,Murray McCallum,sub 3,replacement
https://rugby-union-feeds.incrowdsports.com/v1/matches/288465,288465,202501,Newcastle Red Bulls,home,1,164792,Adam Brocklebank,loosehead prop,starter
https://rugby-union-feeds.incrowdsports.com/v1/matches/288465,288465,202501,Newcastle Red Bulls,home,8,190680,Ollie Leatherbarrow,number eight,starter
https://rugby-union-feeds.incrowdsports.com/v1/matches/288465,288465,202501,Newcastle Red Bulls,home,15,145014,Elliott Obatoyinbo,full back,starter
https://rugby-union-feeds.incrowdsports.com/v1/matches/288465,288465,202501,Newcastle Red Bulls,home,11,222549,Oli Spencer,left wing,starter
https://rugby-union-feeds.incrowdsports.com/v1/matches/288465,288465,202501,Newcastle Red Bulls,home,23,224153,Tim Cardall,sub 8,replacement
https://rugby-union-feeds.incrowdsports.com/v1/matches/288465,288465,202501,Newcastle Red Bulls,home,13,199072,Alex Hearle,outside centre,starter
https://rugby-union-feeds.incrowdsports.com/v1/matches/288465,288465,202501,Newcastle Red Bulls,home,9,251584,Simon Benitez Cruz,scrum half,starter
https://rugby-union-feeds.incrowdsports.com/v1/matches/288465,288465,202501,Newcastle Red Bulls,home,17,239550,Micky Rewcastle,sub 2,replacement
https://rugby-union-feeds.incrowdsports.com/v1/matches/288465,288465,202501,La Rochelle,away,10,254627,Diego Jurd,fly half,starter
https://rugby-union-feeds.incrowdsports.com/v1/matches/288465,288465,202501,La Rochelle,away,5,249763,Simon Huchet,second row,starter
https://rugby-union-feeds.incrowdsports.com/v1/matches/288465,288465,202501,La Rochelle,away,12,148481,Adrien Seguret,inside centre,starter
https://rugby-union-feeds.incrowdsports.com/v1/matches/288465,288465,202501,La Rochelle,away,2,254625,Gabin Garault,hooker,starter
https://rugby-union-feeds.incrowdsports.com/v1/matches/288465,288465,202501,La Rochelle,away,13,213992,UJ Seuteni,outside centre,starter
https://rugby-union-feeds.incrowdsports.com/v1/matches/288465,288465,202501,La Rochelle,away,6,250503,Edouard Richer,flanker,starter
https://rugby-union-feeds.incrowdsports.com/v1/matches/288465,288465,202501,La Rochelle,away,11,245829,Hoani Bosmorin,left wing,starter
https://rugby-union-feeds.incrowdsports.com/v1/matches/288465,288465,202501,La Rochelle,away,17,254629,Christian Luaki,sub 2,replacement
https://rugby-union-feeds.incrowdsports.com/v1/matches/288465,288465,202501,La Rochelle,away,14,144044,Jules Favre,right wing,starter
https://rugby-union-feeds.incrowdsports.com/v1/matches/288465,288465,202501,La Rochelle,away,8,249611,Watisoni Waqanisaravi,number eight,starter
https://rugby-union-feeds.incrowdsports.com/v1/matches/288465,288465,202501,La Rochelle,away,22,260010,Sacha Elissalde,sub 7,replacement
https://rugby-union-feeds.incrowdsports.com/v1/matches/288465,288465,202501,La Rochelle,away,18,175599,Joel Sclavi,sub 3,replacement
https://rugby-union-feeds.incrowdsports.com/v1/matches/288465,288465,202501,La Rochelle,away,4,225037,Thomas Lavault,second row,starter
https://rugby-union-feeds.incrowdsports.com/v1/matches/288465,288465,202501,La Rochelle,away,19,237107,Aleksandre Kuntelia,sub 4,replacement
https://rugby-union-feeds.incrowdsports.com/v1/matches/288465,288465,202501,La Rochelle,away,15,143861,Ihaia West,full back,starter
https://rugby-union-feeds.incrowdsports.com/v1/matches/288465,288465,202501,La Rochelle,away,7,254620,Lucas Andjisseramatchi,flanker,starter
https://rugby-union-feeds.incrowdsports.com/v1/matches/288465,288465,202501,La Rochelle,away,16,213563,Tolu Latu,sub 1,replacement
https://rugby-union-feeds.incrowdsports.com/v1/matches/288465,288465,202501,La Rochelle,away,9,183482,Thomas Berjon,scrum half,starter
https://rugby-union-feeds.incrowdsports.com/v1/matches/288465,288465,202501,La Rochelle,away,23,258784,Nolhann Couillaud,sub 8,replacement
https://rugby-union-feeds.incrowdsports.com/v1/matches/288465,288465,202501,La Rochelle,away,1,240575,Louis Penverne,loosehead prop,starter
https://rugby-union-feeds.incrowdsports.com/v1/matches/288465,288465,202501,La Rochelle,away,3,245246,Karl Sorin,tighthead prop,starter
https://rugby-union-feeds.incrowdsports.com/v1/matches/288465,288465,202501,La Rochelle,away,20,125055,Judicael Cancoriet,sub 5,replacement
https://rugby-union-feeds.incrowdsports.com/v1/matches/288465,288465,202501,La Rochelle,away,21,246813,Alexandre Kaddouri,sub 6,replacement
https://rugby-union-feeds.incrowdsports.com/v1/matches/288462,288462,202501,Ulster Rugby,home,11,122020,Jacob Stockdale,left wing,starter
https://rugby-union-feeds.incrowdsports.com/v1/matches/288462,288462,202501,Ulster Rugby,home,17,202850,Sam Crean,sub 2,replacement
https://rugby-union-feeds.incrowdsports.com/v1/matches/288462,288462,202501,Ulster Rugby,home,9,176354,Nathan Doak,scrum half,starter
https://rugby-union-feeds.incrowdsports.com/v1/matches/288462,288462,202501,Ulster Rugby,home,5,229863,Cormac Izuchukwu,second row,starter
https://rugby-union-feeds.incrowdsports.com/v1/matches/288462,288462,202501,Ulster Rugby,home,3,224426,Tom O'Toole,tighthead prop,starter
https://rugby-union-feeds.incrowdsports.com/v1/matches/288462,288462,202501,Ulster Rugby,home,23,109259,Zac Ward,sub 8,replacement
https://rugby-union-feeds.incrowdsports.com/v1/matches/288462,288462,202501,Ulster Rugby,home,8,199728,Juarno Augustus,number eight,starter
https://rugby-union-feeds.incrowdsports.com/v1/matches/288462,288462,202501,Ulster Rugby,home,10,153552,Jake Flannery,fly half,starter
https://rugby-union-feeds.incrowdsports.com/v1/matches/288462,288462,202501,Ulster Rugby,home,7,193134,Nick Timoney,flanker,starter
https://rugby-union-feeds.incrowdsports.com/v1/matches/288462,288462,202501,Ulster Rugby,home,2,191796,Rob Herring,hooker,starter
https://rugby-union-feeds.incrowdsports.com/v1/matches/288462,288462,202501,Ulster Rugby,home,6,147444,Dave McCann,flanker,starter
https://rugby-union-feeds.incrowdsports.com/v1/matches/288462,288462,202501,Ulster Rugby,home,20,250771,Bryn Ward,sub 5,replacement
https://rugby-union-feeds.incrowdsports.com/v1/matches/288462,288462,202501,Ulster Rugby,home,15,126963,Ethan Mcilroy,full back,starter
https://rugby-union-feeds.incrowdsports.com/v1/matches/288462,288462,202501,Ulster Rugby,home,21,186322,Conor McKee,sub 6,replacement
https://rugby-union-feeds.incrowdsports.com/v1/matches/288462,288462,202501,Ulster Rugby,home,22,250773,Jack Murphy,sub 7,replacement
https://rugby-union-feeds.incrowdsports.com/v1/matches/288462,288462,202501,Ulster Rugby,home,13,213180,James Hume,outside centre,starter
https://rugby-union-feeds.incrowdsports.com/v1/matches/288462,288462,202501,Ulster Rugby,home,14,165756,Werner Kok,right wing,starter
https://rugby-union-feeds.incrowdsports.com/v1/matches/288462,288462,202501,Ulster Rugby,home,4,207194,Iain Henderson,second row,starter
https://rugby-union-feeds.incrowdsports.com/v1/matches/288462,288462,202501,Ulster Rugby,home,18,240473,Scott Wilson,sub 3,replacement
https://rugby-union-feeds.incrowdsports.com/v1/matches/288462,288462,202501,Ulster Rugby,home,12,172351,Stuart McCloskey,inside centre,starter
https://rugby-union-feeds.incrowdsports.com/v1/matches/288462,288462,202501,Ulster Rugby,home,1,146815,Angus Bell,loosehead prop,starter
https://rugby-union-feeds.incrowdsports.com/v1/matches/288462,288462,202501,Ulster Rugby,home,16,197246,Tom Stewart,sub 1,replacement
https://rugby-union-feeds.incrowdsports.com/v1/matches/288462,288462,202501,Ulster Rugby,home,19,241694,Charlie Irvine,sub 4,replacement
https://rugby-union-feeds.incrowdsports.com/v1/matches/288462,288462,202501,Ospreys,away,8,160291,Morgan Morris,number eight,starter
https://rugby-union-feeds.incrowdsports.com/v1/matches/288462,288462,202501,Ospreys,away,11,167460,Luke Morgan,left wing,starter
https://rugby-union-feeds.incrowdsports.com/v1/matches/288462,288462,202501,Ospreys,away,14,229377,Daniel Kasende,right wing,starter
https://rugby-union-feeds.incrowdsports.com/v1/matches/288462,288462,202501,Ospreys,away,21,190215,Kieran Hardy,sub 6,replacement
https://rugby-union-feeds.incrowdsports.com/v1/matches/288462,288462,202501,Ospreys,away,10,240455,Dan Edwards,fly half,starter
https://rugby-union-feeds.incrowdsports.com/v1/matches/288462,288462,202501,Ospreys,away,19,192520,James Fender,sub 4,replacement
https://rugby-union-feeds.incrowdsports.com/v1/matches/288462,288462,202501,Ospreys,away,7,123016,Jac Morgan,flanker,starter
https://rugby-union-feeds.incrowdsports.com/v1/matches/288462,288462,202501,Ospreys,away,6,239628,Huw Sutton,flanker,starter
https://rugby-union-feeds.incrowdsports.com/v1/matches/288462,288462,202501,Ospreys,away,16,210092,Efan Daniel,sub 1,replacement
https://rugby-union-feeds.incrowdsports.com/v1/matches/288462,288462,202501,Ospreys,away,4,224395,Rhys Davies,second row,starter
https://rugby-union-feeds.incrowdsports.com/v1/matches/288462,288462,202501,Ospreys,away,2,153033,Sam Parry,hooker,starter
https://rugby-union-feeds.incrowdsports.com/v1/matches/288462,288462,202501,Ospreys,away,12,205321,Keiran Williams,inside centre,starter
https://rugby-union-feeds.incrowdsports.com/v1/matches/288462,288462,202501,Ospreys,away,22,166922,Evardi Boshoff,sub 7,replacement
https://rugby-union-feeds.incrowdsports.com/v1/matches/288462,288462,202501,Ospreys,away,5,112751,Ryan Smith,second row,starter
https://rugby-union-feeds.incrowdsports.com/v1/matches/288462,288462,202501,Ospreys,away,9,119506,Reuben Morgan-Williams,scrum half,starter
https://rugby-union-feeds.incrowdsports.com/v1/matches/288462,288462,202501,Ospreys,away,3,128817,Rhys Henry,tighthead prop,starter
https://rugby-union-feeds.incrowdsports.com/v1/matches/288462,288462,202501,Ospreys,away,20,237266,Harri Deaves,sub 5,replacement
https://rugby-union-feeds.incrowdsports.com/v1/matches/288462,288462,202501,Ospreys,away,23,240760,Iestyn Hopkins,sub 8,replacement
https://rugby-union-feeds.incrowdsports.com/v1/matches/288462,288462,202501,Ospreys,away,18,177365,Tom Botha,sub 3,replacement
https://rugby-union-feeds.incrowdsports.com/v1/matches/288462,288462,202501,Ospreys,away,15,229242,Jack Walsh,full back,starter
https://rugby-union-feeds.incrowdsports.com/v1/matches/288462,288462,202501,Ospreys,away,17,186617,Steff Thomas,sub 2,replacement
https://rugby-union-feeds.incrowdsports.com/v1/matches/288462,288462,202501,Ospreys,away,1,139232,Gareth Thomas,loosehead prop,starter
https://rugby-union-feeds.incrowdsports.com/v1/matches/288462,288462,202501,Ospreys,away,13,125247,Owen Watkin,outside centre,starter
https://rugby-union-feeds.incrowdsports.com/v1/matches/288463,288463,202501,Stade Francais Paris,home,14,249764,Charles Laloi,right wing,starter
https://rugby-union-feeds.incrowdsports.com/v1/matches/288463,288463,202501,Stade Francais Paris,home,7,187331,Ryan Chapuis,flanker,starter
https://rugby-union-feeds.incrowdsports.com/v1/matches/288463,288463,202501,Stade Francais Paris,home,17,138243,Thierry Paiva,sub 2,replacement
https://rugby-union-feeds.incrowdsports.com/v1/matches/288463,288463,202501,Stade Francais Paris,home,21,254017,Thibaut Motassi,sub 6,replacement
https://rugby-union-feeds.incrowdsports.com/v1/matches/288463,288463,202501,Stade Francais Paris,home,3,258248,Yanis Lux,tighthead prop,starter
https://rugby-union-feeds.incrowdsports.com/v1/matches/288463,288463,202501,Stade Francais Paris,home,11,115461,Lester Etien,left wing,starter
https://rugby-union-feeds.incrowdsports.com/v1/matches/288463,288463,202501,Stade Francais Paris,home,10,229511,Louis Foursans-Bourdette,fly half,starter
https://rugby-union-feeds.incrowdsports.com/v1/matches/288463,288463,202501,Stade Francais Paris,home,19,136616,Pierre Huguet,sub 4,replacement
https://rugby-union-feeds.incrowdsports.com/v1/matches/288463,288463,202501,Stade Francais Paris,home,2,166828,Lucas Peyresblanques,hooker,starter
https://rugby-union-feeds.incrowdsports.com/v1/matches/288463,288463,202501,Stade Francais Paris,home,23,124464,Zack Henry,sub 8,replacement
https://rugby-union-feeds.incrowdsports.com/v1/matches/288463,288463,202501,Stade Francais Paris,home,12,225716,Samuel Ezeala,inside centre,starter
https://rugby-union-feeds.incrowdsports.com/v1/matches/288463,288463,202501,Stade Francais Paris,home,1,225522,Jack Iscaro,loosehead prop,starter
https://rugby-union-feeds.incrowdsports.com/v1/matches/288463,288463,202501,Stade Francais Paris,home,20,151922,Romain Briatte,sub 5,replacement
https://rugby-union-feeds.incrowdsports.com/v1/matches/288463,288463,202501,Stade Francais Paris,home,4,178805,Pierre-Henri Azagoh,second row,starter
https://rugby-union-feeds.incrowdsports.com/v1/matches/288463,288463,202501,Stade Francais Paris,home,5,253910,Setareki Turagacoke,second row,starter
https://rugby-union-feeds.incrowdsports.com/v1/matches/288463,288463,202501,Stade Francais Paris,home,22,156827,Tani Vili,sub 7,replacement
https://rugby-union-feeds.incrowdsports.com/v1/matches/288463,288463,202501,Stade Francais Paris,home,9,209339,Paul Abadie,scrum half,starter
https://rugby-union-feeds.incrowdsports.com/v1/matches/288463,288463,202501,Stade Francais Paris,home,8,197050,Yoan Tanga,number eight,starter
https://rugby-union-feeds.incrowdsports.com/v1/matches/288463,288463,202501,Stade Francais Paris,home,6,244160,Juan Martin Scelzo,flanker,starter
https://rugby-union-feeds.incrowdsports.com/v1/matches/288463,288463,202501,Stade Francais Paris,home,18,100286,Paul Alo-Emile,sub 3,replacement
https://rugby-union-feeds.incrowdsports.com/v1/matches/288463,288463,202501,Stade Francais Paris,home,16,249694,Alvaro Garcia Albo,sub 1,replacement
https://rugby-union-feeds.incrowdsports.com/v1/matches/288463,288463,202501,Stade Francais Paris,home,15,249981,Mathis Ibo,full back,starter
https://rugby-union-feeds.incrowdsports.com/v1/matches/288463,288463,202501,Stade Francais Paris,home,13,122943,Joe Marchant,outside centre,starter
https://rugby-union-feeds.incrowdsports.com/v1/matches/288463,288463,202501,Dragons RFC,away,19,167587,Seb Davies,sub 4,replacement
https://rugby-union-feeds.incrowdsports.com/v1/matches/288463,288463,202501,Dragons RFC,away,2,203043,Brodie Coghlan,hooker,starter
https://rugby-union-feeds.incrowdsports.com/v1/matches/288463,288463,202501,Dragons RFC,away,5,144545,Ben Carter,second row,starter
https://rugby-union-feeds.incrowdsports.com/v1/matches/288463,288463,202501,Dragons RFC,away,15,211713,Angus O'Brien,full back,starter
https://rugby-union-feeds.incrowdsports.com/v1/matches/288463,288463,202501,Dragons RFC,away,7,117478,Thomas Young,flanker,starter
https://rugby-union-feeds.incrowdsports.com/v1/matches/288463,288463,202501,Dragons RFC,away,1,105189,Rodrigo Martinez,loosehead prop,starter
https://rugby-union-feeds.incrowdsports.com/v1/matches/288463,288463,202501,Dragons RFC,away,12,140652,Aneurin Owen,inside centre,starter
https://rugby-union-feeds.incrowdsports.com/v1/matches/288463,288463,202501,Dragons RFC,away,21,240459,Morgan Lloyd,sub 6,replacement
https://rugby-union-feeds.incrowdsports.com/v1/matches/288463,288463,202501,Dragons RFC,away,23,250763,Huw Anderson,sub 8,replacement
https://rugby-union-feeds.incrowdsports.com/v1/matches/288463,288463,202501,Dragons RFC,away,11,138569,Rio Dyer,left wing,starter
https://rugby-union-feeds.incrowdsports.com/v1/matches/288463,288463,202501,Dragons RFC,away,16,182762,Elliot Dee,sub 1,replacement
https://rugby-union-feeds.incrowdsports.com/v1/matches/288463,288463,202501,Dragons RFC,away,14,132173,Dai Richards,right wing,starter
https://rugby-union-feeds.incrowdsports.com/v1/matches/288463,288463,202501,Dragons RFC,away,9,243341,Niall Armstrong,scrum half,starter
https://rugby-union-feeds.incrowdsports.com/v1/matches/288463,288463,202501,Dragons RFC,away,10,138161,Tinus de Beer,fly half,starter
https://rugby-union-feeds.incrowdsports.com/v1/matches/288463,288463,202501,Dragons RFC,away,13,214615,Fine Inisi,outside centre,starter
https://rugby-union-feeds.incrowdsports.com/v1/matches/288463,288463,202501,Dragons RFC,away,4,190133,Levi Douglas,second row,starter
https://rugby-union-feeds.incrowdsports.com/v1/matches/288463,288463,202501,Dragons RFC,away,8,119132,Aaron Wainwright,number eight,starter
https://rugby-union-feeds.incrowdsports.com/v1/matches/288463,288463,202501,Dragons RFC,away,3,207872,Christian Coleman,tighthead prop,starter
https://rugby-union-feeds.incrowdsports.com/v1/matches/288463,288463,202501,Dragons RFC,away,18,254558,Owain James,sub 3,replacement
https://rugby-union-feeds.incrowdsports.com/v1/matches/288463,288463,202501,Dragons RFC,away,20,103136,Harrison Keddie,sub 5,replacement
https://rugby-union-feeds.incrowdsports.com/v1/matches/288463,288463,202501,Dragons RFC,away,6,240573,Ryan Woodman,flanker,starter
https://rugby-union-feeds.incrowdsports.com/v1/matches/288463,288463,202501,Dragons RFC,away,17,111583,Wyn Jones,sub 2,replacement
https://rugby-union-feeds.incrowdsports.com/v1/matches/288463,288463,202501,Dragons RFC,away,22,159614,Fetuli Paea,sub 7,replacement
https://rugby-union-feeds.incrowdsports.com/v1/matches/288464,288464,202501,Zebre Parma,home,21,238019,Thomas Dominguez,sub 6,replacement
https://rugby-union-feeds.incrowdsports.com/v1/matches/288464,288464,202501,Zebre Parma,home,13,123396,Giulio Bertaccini,outside centre,starter
https://rugby-union-feeds.incrowdsports.com/v1/matches/288464,288464,202501,Zebre Parma,home,3,192770,Ion Neculai,tighthead prop,starter
https://rugby-union-feeds.incrowdsports.com/v1/matches/288464,288464,202501,Zebre Parma,home,7,125411,Bautista Stavile,flanker,starter
https://rugby-union-feeds.incrowdsports.com/v1/matches/288464,288464,202501,Zebre Parma,home,17,212065,Luca Franceschetto,sub 2,replacement
https://rugby-union-feeds.incrowdsports.com/v1/matches/288464,288464,202501,Zebre Parma,home,11,146919,Jacopo Trulla,left wing,starter
https://rugby-union-feeds.incrowdsports.com/v1/matches/288464,288464,202501,Zebre Parma,home,4,143500,Matteo Canali,second row,starter
https://rugby-union-feeds.incrowdsports.com/v1/matches/288464,288464,202501,Zebre Parma,home,20,165741,Giovanni Licata,sub 5,replacement
https://rugby-union-feeds.incrowdsports.com/v1/matches/288464,288464,202501,Zebre Parma,home,14,250740,Mirko Belloni,right wing,starter
https://rugby-union-feeds.incrowdsports.com/v1/matches/288464,288464,202501,Zebre Parma,home,22,110354,Martin Roger Farias,sub 7,replacement
https://rugby-union-feeds.incrowdsports.com/v1/matches/288464,288464,202501,Zebre Parma,home,9,178772,Gonzalo Garcia,scrum half,starter
https://rugby-union-feeds.incrowdsports.com/v1/matches/288464,288464,202501,Zebre Parma,home,23,207699,Damiano Mazza,sub 8,replacement
https://rugby-union-feeds.incrowdsports.com/v1/matches/288464,288464,202501,Zebre Parma,home,12,117174,Marco Zanon,inside centre,starter
https://rugby-union-feeds.incrowdsports.com/v1/matches/288464,288464,202501,Zebre Parma,home,16,241720,Giovanni Quattrini,sub 1,replacement
https://rugby-union-feeds.incrowdsports.com/v1/matches/288464,288464,202501,Zebre Parma,home,15,236598,Giovanni Montemauri,full back,starter
https://rugby-union-feeds.incrowdsports.com/v1/matches/288464,288464,202501,Zebre Parma,home,8,238037,Davide Odiase,number eight,starter
https://rugby-union-feeds.incrowdsports.com/v1/matches/288464,288464,202501,Zebre Parma,home,18,211925,Juan-Manuel Pitinari,sub 3,replacement
https://rugby-union-feeds.incrowdsports.com/v1/matches/288464,288464,202501,Zebre Parma,home,1,172284,Muhamed Hasa,loosehead prop,starter
https://rugby-union-feeds.incrowdsports.com/v1/matches/288464,288464,202501,Zebre Parma,home,19,236603,Giacomo Ferrari,sub 4,replacement
https://rugby-union-feeds.incrowdsports.com/v1/matches/288464,288464,202501,Zebre Parma,home,2,236602,Tommaso di Bartolomeo,hooker,starter
https://rugby-union-feeds.incrowdsports.com/v1/matches/288464,288464,202501,Zebre Parma,home,6,236608,Alessandro Ortombina,flanker,starter
https://rugby-union-feeds.incrowdsports.com/v1/matches/288464,288464,202501,Zebre Parma,home,10,201405,Giacomo da Re,fly half,starter
https://rugby-union-feeds.incrowdsports.com/v1/matches/288464,288464,202501,Zebre Parma,home,5,212413,Leonardo Krumov,second row,starter
https://rugby-union-feeds.incrowdsports.com/v1/matches/288464,288464,202501,Pau,away,12,135201,Nathan Decron,inside centre,starter
https://rugby-union-feeds.incrowdsports.com/v1/matches/288464,288464,202501,Pau,away,9,144833,Thibault Daubagna,scrum half,starter
https://rugby-union-feeds.incrowdsports.com/v1/matches/288464,288464,202501,Pau,away,14,107558,Clement Laporte,right wing,starter
https://rugby-union-feeds.incrowdsports.com/v1/matches/288464,288464,202501,Pau,away,5,124390,Mickael Capelli,second row,starter
https://rugby-union-feeds.incrowdsports.com/v1/matches/288464,288464,202501,Pau,away,6,131912,Luke Whitelock,flanker,starter
https://rugby-union-feeds.incrowdsports.com/v1/matches/288464,288464,202501,Pau,away,8,217446,Carwyn Tuipulotu,number eight,starter
https://rugby-union-feeds.incrowdsports.com/v1/matches/288464,288464,202501,Pau,away,18,180773,Siate Tokolahi,sub 3,replacement
https://rugby-union-feeds.incrowdsports.com/v1/matches/288464,288464,202501,Pau,away,23,254501,Toshi Butlin,sub 8,replacement
https://rugby-union-feeds.incrowdsports.com/v1/matches/288464,288464,202501,Pau,away,11,223308,Aaron Grandidier Nkanang,left wing,starter
https://rugby-union-feeds.incrowdsports.com/v1/matches/288464,288464,202501,Pau,away,2,217100,Youri Delhommel,hooker,starter
https://rugby-union-feeds.incrowdsports.com/v1/matches/288464,288464,202501,Pau,away,15,189257,Jack Maddocks,full back,starter
https://rugby-union-feeds.incrowdsports.com/v1/matches/288464,288464,202501,Pau,away,13,237225,Emilien Gailleton,outside centre,starter
https://rugby-union-feeds.incrowdsports.com/v1/matches/288464,288464,202501,Pau,away,20,191886,Beka Gorgadze,sub 5,replacement
https://rugby-union-feeds.incrowdsports.com/v1/matches/288464,288464,202501,Pau,away,10,240019,Clément Mondinat,fly half,starter
https://rugby-union-feeds.incrowdsports.com/v1/matches/288464,288464,202501,Pau,away,22,250067,Fabien Brau-Boirie,sub 7,replacement
https://rugby-union-feeds.incrowdsports.com/v1/matches/288464,288464,202501,Pau,away,17,187729,Lekso Kaulashvili,sub 2,replacement
https://rugby-union-feeds.incrowdsports.com/v1/matches/288464,288464,202501,Pau,away,7,161080,Loic Credoz,flanker,starter
https://rugby-union-feeds.incrowdsports.com/v1/matches/288464,288464,202501,Pau,away,1,108250,Daniel Bibi Biziwu,loosehead prop,starter
https://rugby-union-feeds.incrowdsports.com/v1/matches/288464,288464,202501,Pau,away,19,120507,Remi Picquette,sub 4,replacement
https://rugby-union-feeds.incrowdsports.com/v1/matches/288464,288464,202501,Pau,away,4,173503,Thomas Jolmes,second row,starter
https://rugby-union-feeds.incrowdsports.com/v1/matches/288464,288464,202501,Pau,away,3,221919,Jon Zabala Arrieta,tighthead prop,starter
https://rugby-union-feeds.incrowdsports.com/v1/matches/288464,288464,202501,Pau,away,16,129149,Lucas Rey,sub 1,replacement
https://rugby-union-feeds.incrowdsports.com/v1/matches/288464,288464,202501,Pau,away,21,250077,Thomas Souverbie,sub 6,replacement
https://rugby-union-feeds.incrowdsports.com/v1/matches/288470,288470,202501,Ulster Rugby,home,15,122020,Jacob Stockdale,full back,starter
https://rugby-union-feeds.incrowdsports.com/v1/matches/288470,288470,202501,Ulster Rugby,home,17,202850,Sam Crean,sub 2,replacement
https://rugby-union-feeds.incrowdsports.com/v1/matches/288470,288470,202501,Ulster Rugby,home,9,176354,Nathan Doak,scrum half,starter
https://rugby-union-feeds.incrowdsports.com/v1/matches/288470,288470,202501,Ulster Rugby,home,5,229863,Cormac Izuchukwu,second row,starter
https://rugby-union-feeds.incrowdsports.com/v1/matches/288470,288470,202501,Ulster Rugby,home,3,224426,Tom O'Toole,tighthead prop,starter
https://rugby-union-feeds.incrowdsports.com/v1/matches/288470,288470,202501,Ulster Rugby,home,11,109259,Zac Ward,left wing,starter
https://rugby-union-feeds.incrowdsports.com/v1/matches/288470,288470,202501,Ulster Rugby,home,8,199728,Juarno Augustus,number eight,starter
https://rugby-union-feeds.incrowdsports.com/v1/matches/288470,288470,202501,Ulster Rugby,home,22,153552,Jake Flannery,sub 7,replacement
https://rugby-union-feeds.incrowdsports.com/v1/matches/288470,288470,202501,Ulster Rugby,home,7,193134,Nick Timoney,flanker,starter
https://rugby-union-feeds.incrowdsports.com/v1/matches/288470,288470,202501,Ulster Rugby,home,6,147444,Dave McCann,flanker,starter
https://rugby-union-feeds.incrowdsports.com/v1/matches/288470,288470,202501,Ulster Rugby,home,20,250771,Bryn Ward,sub 5,replacement
https://rugby-union-feeds.incrowdsports.com/v1/matches/288470,288470,202501,Ulster Rugby,home,16,235186,James McCormick,sub 1,replacement
https://rugby-union-feeds.incrowdsports.com/v1/matches/288470,288470,202501,Ulster Rugby,home,21,186322,Conor McKee,sub 6,replacement
https://rugby-union-feeds.incrowdsports.com/v1/matches/288470,288470,202501,Ulster Rugby,home,10,250773,Jack Murphy,fly half,starter
https://rugby-union-feeds.incrowdsports.com/v1/matches/288470,288470,202501,Ulster Rugby,home,13,213180,James Hume,outside centre,starter
https://rugby-union-feeds.incrowdsports.com/v1/matches/288470,288470,202501,Ulster Rugby,home,23,237244,Jude Postlethwaite,sub 8,replacement
https://rugby-union-feeds.incrowdsports.com/v1/matches/288470,288470,202501,Ulster Rugby,home,14,165756,Werner Kok,right wing,starter
https://rugby-union-feeds.incrowdsports.com/v1/matches/288470,288470,202501,Ulster Rugby,home,4,207194,Iain Henderson,second row,starter
https://rugby-union-feeds.incrowdsports.com/v1/matches/288470,288470,202501,Ulster Rugby,home,18,240473,Scott Wilson,sub 3,replacement
https://rugby-union-feeds.incrowdsports.com/v1/matches/288470,288470,202501,Ulster Rugby,home,12,172351,Stuart McCloskey,inside centre,starter
https://rugby-union-feeds.incrowdsports.com/v1/matches/288470,288470,202501,Ulster Rugby,home,1,146815,Angus Bell,loosehead prop,starter
https://rugby-union-feeds.incrowdsports.com/v1/matches/288470,288470,202501,Ulster Rugby,home,19,237247,Harry Sheridan,sub 4,replacement
https://rugby-union-feeds.incrowdsports.com/v1/matches/288470,288470,202501,Ulster Rugby,home,2,197246,Tom Stewart,hooker,starter
https://rugby-union-feeds.incrowdsports.com/v1/matches/288470,288470,202501,La Rochelle,away,10,254627,Diego Jurd,fly half,starter
https://rugby-union-feeds.incrowdsports.com/v1/matches/288470,288470,202501,La Rochelle,away,12,148481,Adrien Seguret,inside centre,starter
https://rugby-union-feeds.incrowdsports.com/v1/matches/288470,288470,202501,La Rochelle,away,2,254625,Gabin Garault,hooker,starter
https://rugby-union-feeds.incrowdsports.com/v1/matches/288470,288470,202501,La Rochelle,away,13,213992,UJ Seuteni,outside centre,starter
https://rugby-union-feeds.incrowdsports.com/v1/matches/288470,288470,202501,La Rochelle,away,6,250503,Edouard Richer,flanker,starter
https://rugby-union-feeds.incrowdsports.com/v1/matches/288470,288470,202501,La Rochelle,away,11,245829,Hoani Bosmorin,left wing,starter
https://rugby-union-feeds.incrowdsports.com/v1/matches/288470,288470,202501,La Rochelle,away,17,254629,Christian Luaki,sub 2,replacement
https://rugby-union-feeds.incrowdsports.com/v1/matches/288470,288470,202501,La Rochelle,away,22,260010,Sacha Elissalde,sub 7,replacement
https://rugby-union-feeds.incrowdsports.com/v1/matches/288470,288470,202501,La Rochelle,away,18,175599,Joel Sclavi,sub 3,replacement
https://rugby-union-feeds.incrowdsports.com/v1/matches/288470,288470,202501,La Rochelle,away,4,225037,Thomas Lavault,second row,starter
https://rugby-union-feeds.incrowdsports.com/v1/matches/288470,288470,202501,La Rochelle,away,5,237107,Aleksandre Kuntelia,second row,starter
https://rugby-union-feeds.incrowdsports.com/v1/matches/288470,288470,202501,La Rochelle,away,15,143861,Ihaia West,full back,starter
https://rugby-union-feeds.incrowdsports.com/v1/matches/288470,288470,202501,La Rochelle,away,8,254620,Lucas Andjisseramatchi,number eight,starter
https://rugby-union-feeds.incrowdsports.com/v1/matches/288470,288470,202501,La Rochelle,away,16,213563,Tolu Latu,sub 1,replacement
https://rugby-union-feeds.incrowdsports.com/v1/matches/288470,288470,202501,La Rochelle,away,20,237115,Nikoloz Sutidze,sub 5,replacement
https://rugby-union-feeds.incrowdsports.com/v1/matches/288470,288470,202501,La Rochelle,away,9,183482,Thomas Berjon,scrum half,starter
https://rugby-union-feeds.incrowdsports.com/v1/matches/288470,288470,202501,La Rochelle,away,23,258784,Nolhann Couillaud,sub 8,replacement
https://rugby-union-feeds.incrowdsports.com/v1/matches/288470,288470,202501,La Rochelle,away,1,240575,Louis Penverne,loosehead prop,starter
https://rugby-union-feeds.incrowdsports.com/v1/matches/288470,288470,202501,La Rochelle,away,21,244767,Oscar Jegou,sub 6,replacement
https://rugby-union-feeds.incrowdsports.com/v1/matches/288470,288470,202501,La Rochelle,away,3,245246,Karl Sorin,tighthead prop,starter
https://rugby-union-feeds.incrowdsports.com/v1/matches/288470,288470,202501,La Rochelle,away,14,248605,Ugo Pacome,right wing,starter
https://rugby-union-feeds.incrowdsports.com/v1/matches/288470,288470,202501,La Rochelle,away,7,125055,Judicael Cancoriet,flanker,starter
https://rugby-union-feeds.incrowdsports.com/v1/matches/288470,288470,202501,La Rochelle,away,19,246813,Alexandre Kaddouri,sub 4,replacement
https://rugby-union-feeds.incrowdsports.com/v1/matches/288468,288468,202501,Montpellier,home,18,248932,Valentin Welsch,sub 3,replacement
https://rugby-union-feeds.incrowdsports.com/v1/matches/288468,288468,202501,Montpellier,home,3,109220,Mohamed Haouas,tighthead prop,starter
https://rugby-union-feeds.incrowdsports.com/v1/matches/288468,288468,202501,Montpellier,home,8,142984,Billy Vunipola,number eight,starter
https://rugby-union-feeds.incrowdsports.com/v1/matches/288468,288468,202501,Montpellier,home,12,143333,Lennox Anyanwu,inside centre,starter
https://rugby-union-feeds.incrowdsports.com/v1/matches/288468,288468,202501,Montpellier,home,9,161477,Ali Price,scrum half,starter
https://rugby-union-feeds.incrowdsports.com/v1/matches/288468,288468,202501,Montpellier,home,14,184521,Donovan Taofifenua,right wing,starter
https://rugby-union-feeds.incrowdsports.com/v1/matches/288468,288468,202501,Montpellier,home,13,233066,Auguste Cadot,outside centre,starter
https://rugby-union-feeds.incrowdsports.com/v1/matches/288468,288468,202501,Montpellier,home,5,233098,Tyler DuGuid,second row,starter
https://rugby-union-feeds.incrowdsports.com/v1/matches/288468,288468,202501,Montpellier,home,19,152393,Marco Tauleigne,sub 4,replacement
https://rugby-union-feeds.incrowdsports.com/v1/matches/288468,288468,202501,Montpellier,home,20,244170,Lenni Nouchi,sub 5,replacement
https://rugby-union-feeds.incrowdsports.com/v1/matches/288468,288468,202501,Montpellier,home,17,213609,Enzo Forletta,sub 2,replacement
https://rugby-union-feeds.incrowdsports.com/v1/matches/288468,288468,202501,Montpellier,home,7,161907,Alex Becognee,flanker,starter
https://rugby-union-feeds.incrowdsports.com/v1/matches/288468,288468,202501,Montpellier,home,21,255699,Melvyn Rates,sub 6,replacement
https://rugby-union-feeds.incrowdsports.com/v1/matches/288468,288468,202501,Montpellier,home,6,142545,Yacouba Camara,flanker,starter
https://rugby-union-feeds.incrowdsports.com/v1/matches/288468,288468,202501,Montpellier,home,16,250834,Lyam Akrab,sub 1,replacement
https://rugby-union-feeds.incrowdsports.com/v1/matches/288468,288468,202501,Montpellier,home,15,155927,Tom Banks,full back,starter
https://rugby-union-feeds.incrowdsports.com/v1/matches/288468,288468,202501,Montpellier,home,10,205560,Domingo Miotti,fly half,starter
https://rugby-union-feeds.incrowdsports.com/v1/matches/288468,288468,202501,Montpellier,home,2,133687,Christopher Tolofua,hooker,starter
https://rugby-union-feeds.incrowdsports.com/v1/matches/288468,288468,202501,Montpellier,home,23,171478,Arthur Vincent,sub 8,replacement
https://rugby-union-feeds.incrowdsports.com/v1/matches/288468,288468,202501,Montpellier,home,4,141337,Florian Verhaeghe,second row,starter
https://rugby-union-feeds.incrowdsports.com/v1/matches/288468,288468,202501,Montpellier,home,11,254463,Jon Echegaray,left wing,starter
https://rugby-union-feeds.incrowdsports.com/v1/matches/288468,288468,202501,Montpellier,home,1,229853,Baptiste Erdocio,loosehead prop,starter
https://rugby-union-feeds.incrowdsports.com/v1/matches/288468,288468,202501,Montpellier,home,22,103743,Thomas Vincent,sub 7,replacement
https://rugby-union-feeds.incrowdsports.com/v1/matches/288468,288468,202501,Connacht Rugby,away,15,187970,Sam Gilbert,full back,starter
https://rugby-union-feeds.incrowdsports.com/v1/matches/288468,288468,202501,Connacht Rugby,away,7,229288,Shamus Hurley-Langton,flanker,starter
https://rugby-union-feeds.incrowdsports.com/v1/matches/288468,288468,202501,Connacht Rugby,away,5,244039,Darragh Murray,second row,starter
https://rugby-union-feeds.incrowdsports.com/v1/matches/288468,288468,202501,Connacht Rugby,away,6,198565,Cian Prendergast,flanker,starter
https://rugby-union-feeds.incrowdsports.com/v1/matches/288468,288468,202501,Connacht Rugby,away,19,216844,Josh Murphy,sub 4,replacement
https://rugby-union-feeds.incrowdsports.com/v1/matches/288468,288468,202501,Connacht Rugby,away,9,239627,Matthew Devine,scrum half,starter
https://rugby-union-feeds.incrowdsports.com/v1/matches/288468,288468,202501,Connacht Rugby,away,14,238218,Shayne Bolton,right wing,starter
https://rugby-union-feeds.incrowdsports.com/v1/matches/288468,288468,202501,Connacht Rugby,away,13,141193,Cathal Forde,outside centre,starter
https://rugby-union-feeds.incrowdsports.com/v1/matches/288468,288468,202501,Connacht Rugby,away,23,244719,John Devine,sub 8,replacement
https://rugby-union-feeds.incrowdsports.com/v1/matches/288468,288468,202501,Connacht Rugby,away,4,106352,Joe Joyce,second row,starter
https://rugby-union-feeds.incrowdsports.com/v1/matches/288468,288468,202501,Connacht Rugby,away,18,162419,Jack Aungier,sub 3,replacement
https://rugby-union-feeds.incrowdsports.com/v1/matches/288468,288468,202501,Connacht Rugby,away,22,111826,Jack Carty,sub 7,replacement
https://rugby-union-feeds.incrowdsports.com/v1/matches/288468,288468,202501,Connacht Rugby,away,2,119988,Dylan Tierney-Martin,hooker,starter
https://rugby-union-feeds.incrowdsports.com/v1/matches/288468,288468,202501,Connacht Rugby,away,20,137489,Sean O'Brien,sub 5,replacement
https://rugby-union-feeds.incrowdsports.com/v1/matches/288468,288468,202501,Connacht Rugby,away,17,131671,Peter Dooley,sub 2,replacement
https://rugby-union-feeds.incrowdsports.com/v1/matches/288468,288468,202501,Connacht Rugby,away,21,180856,Ben Murphy,sub 6,replacement
https://rugby-union-feeds.incrowdsports.com/v1/matches/288468,288468,202501,Connacht Rugby,away,16,254518,Matthew Victory,sub 1,replacement
https://rugby-union-feeds.incrowdsports.com/v1/matches/288468,288468,202501,Connacht Rugby,away,3,237237,Sam Illo,tighthead prop,starter
https://rugby-union-feeds.incrowdsports.com/v1/matches/288468,288468,202501,Connacht Rugby,away,11,118682,Chay Mullins,left wing,starter
https://rugby-union-feeds.incrowdsports.com/v1/matches/288468,288468,202501,Connacht Rugby,away,10,250780,Sean Naughton,fly half,starter
https://rugby-union-feeds.incrowdsports.com/v1/matches/288468,288468,202501,Connacht Rugby,away,8,200378,Paul Boyle,number eight,starter
https://rugby-union-feeds.incrowdsports.com/v1/matches/288468,288468,202501,Connacht Rugby,away,1,254559,Billy Bohan,loosehead prop,starter
https://rugby-union-feeds.incrowdsports.com/v1/matches/288468,288468,202501,Connacht Rugby,away,12,157406,Bundee Aki,inside centre,starter
https://rugby-union-feeds.incrowdsports.com/v1/matches/288471,288471,202501,Zebre Parma,home,13,123396,Giulio Bertaccini,outside centre,starter
https://rugby-union-feeds.incrowdsports.com/v1/matches/288471,288471,202501,Zebre Parma,home,3,192770,Ion Neculai,tighthead prop,starter
https://rugby-union-feeds.incrowdsports.com/v1/matches/288471,288471,202501,Zebre Parma,home,7,125411,Bautista Stavile,flanker,starter
https://rugby-union-feeds.incrowdsports.com/v1/matches/288471,288471,202501,Zebre Parma,home,17,212065,Luca Franceschetto,sub 2,replacement
https://rugby-union-feeds.incrowdsports.com/v1/matches/288471,288471,202501,Zebre Parma,home,11,146919,Jacopo Trulla,left wing,starter
https://rugby-union-feeds.incrowdsports.com/v1/matches/288471,288471,202501,Zebre Parma,home,21,134407,Alessandro Fusco,sub 6,replacement
https://rugby-union-feeds.incrowdsports.com/v1/matches/288471,288471,202501,Zebre Parma,home,4,143500,Matteo Canali,second row,starter
https://rugby-union-feeds.incrowdsports.com/v1/matches/288471,288471,202501,Zebre Parma,home,20,165741,Giovanni Licata,sub 5,replacement
https://rugby-union-feeds.incrowdsports.com/v1/matches/288471,288471,202501,Zebre Parma,home,23,238030,Samuele Locatelli,sub 8,replacement
https://rugby-union-feeds.incrowdsports.com/v1/matches/288471,288471,202501,Zebre Parma,home,14,250740,Mirko Belloni,right wing,starter
https://rugby-union-feeds.incrowdsports.com/v1/matches/288471,288471,202501,Zebre Parma,home,9,178772,Gonzalo Garcia,scrum half,starter
https://rugby-union-feeds.incrowdsports.com/v1/matches/288471,288471,202501,Zebre Parma,home,22,207699,Damiano Mazza,sub 7,replacement
https://rugby-union-feeds.incrowdsports.com/v1/matches/288471,288471,202501,Zebre Parma,home,12,117174,Marco Zanon,inside centre,starter
https://rugby-union-feeds.incrowdsports.com/v1/matches/288471,288471,202501,Zebre Parma,home,16,241720,Giovanni Quattrini,sub 1,replacement
https://rugby-union-feeds.incrowdsports.com/v1/matches/288471,288471,202501,Zebre Parma,home,15,236598,Giovanni Montemauri,full back,starter
https://rugby-union-feeds.incrowdsports.com/v1/matches/288471,288471,202501,Zebre Parma,home,8,238037,Davide Odiase,number eight,starter
https://rugby-union-feeds.incrowdsports.com/v1/matches/288471,288471,202501,Zebre Parma,home,18,211925,Juan-Manuel Pitinari,sub 3,replacement
https://rugby-union-feeds.incrowdsports.com/v1/matches/288471,288471,202501,Zebre Parma,home,1,172284,Muhamed Hasa,loosehead prop,starter
https://rugby-union-feeds.incrowdsports.com/v1/matches/288471,288471,202501,Zebre Parma,home,19,236603,Giacomo Ferrari,sub 4,replacement
https://rugby-union-feeds.incrowdsports.com/v1/matches/288471,288471,202501,Zebre Parma,home,2,236602,Tommaso di Bartolomeo,hooker,starter
https://rugby-union-feeds.incrowdsports.com/v1/matches/288471,288471,202501,Zebre Parma,home,6,236608,Alessandro Ortombina,flanker,starter
https://rugby-union-feeds.incrowdsports.com/v1/matches/288471,288471,202501,Zebre Parma,home,10,201405,Giacomo da Re,fly half,starter
https://rugby-union-feeds.incrowdsports.com/v1/matches/288471,288471,202501,Zebre Parma,home,5,212413,Leonardo Krumov,second row,starter
https://rugby-union-feeds.incrowdsports.com/v1/matches/288471,288471,202501,Dragons RFC,away,19,167587,Seb Davies,sub 4,replacement
https://rugby-union-feeds.incrowdsports.com/v1/matches/288471,288471,202501,Dragons RFC,away,2,203043,Brodie Coghlan,hooker,starter
https://rugby-union-feeds.incrowdsports.com/v1/matches/288471,288471,202501,Dragons RFC,away,5,144545,Ben Carter,second row,starter
https://rugby-union-feeds.incrowdsports.com/v1/matches/288471,288471,202501,Dragons RFC,away,15,211713,Angus O'Brien,full back,starter
https://rugby-union-feeds.incrowdsports.com/v1/matches/288471,288471,202501,Dragons RFC,away,7,117478,Thomas Young,flanker,starter
https://rugby-union-feeds.incrowdsports.com/v1/matches/288471,288471,202501,Dragons RFC,away,1,105189,Rodrigo Martinez,loosehead prop,starter
https://rugby-union-feeds.incrowdsports.com/v1/matches/288471,288471,202501,Dragons RFC,away,12,140652,Aneurin Owen,inside centre,starter
https://rugby-union-feeds.incrowdsports.com/v1/matches/288471,288471,202501,Dragons RFC,away,21,240459,Morgan Lloyd,sub 6,replacement
https://rugby-union-feeds.incrowdsports.com/v1/matches/288471,288471,202501,Dragons RFC,away,23,250763,Huw Anderson,sub 8,replacement
https://rugby-union-feeds.incrowdsports.com/v1/matches/288471,288471,202501,Dragons RFC,away,11,138569,Rio Dyer,left wing,starter
https://rugby-union-feeds.incrowdsports.com/v1/matches/288471,288471,202501,Dragons RFC,away,16,182762,Elliot Dee,sub 1,replacement
https://rugby-union-feeds.incrowdsports.com/v1/matches/288471,288471,202501,Dragons RFC,away,14,132173,Dai Richards,right wing,starter
https://rugby-union-feeds.incrowdsports.com/v1/matches/288471,288471,202501,Dragons RFC,away,9,243341,Niall Armstrong,scrum half,starter
https://rugby-union-feeds.incrowdsports.com/v1/matches/288471,288471,202501,Dragons RFC,away,20,128722,Shane Lewis-Hughes,sub 5,replacement
https://rugby-union-feeds.incrowdsports.com/v1/matches/288471,288471,202501,Dragons RFC,away,10,138161,Tinus de Beer,fly half,starter
https://rugby-union-feeds.incrowdsports.com/v1/matches/288471,288471,202501,Dragons RFC,away,13,214615,Fine Inisi,outside centre,starter
https://rugby-union-feeds.incrowdsports.com/v1/matches/288471,288471,202501,Dragons RFC,away,8,119132,Aaron Wainwright,number eight,starter
https://rugby-union-feeds.incrowdsports.com/v1/matches/288471,288471,202501,Dragons RFC,away,3,207872,Christian Coleman,tighthead prop,starter
https://rugby-union-feeds.incrowdsports.com/v1/matches/288471,288471,202501,Dragons RFC,away,6,103136,Harrison Keddie,flanker,starter
https://rugby-union-feeds.incrowdsports.com/v1/matches/288471,288471,202501,Dragons RFC,away,18,254558,Owain James,sub 3,replacement
https://rugby-union-feeds.incrowdsports.com/v1/matches/288471,288471,202501,Dragons RFC,away,4,240573,Ryan Woodman,second row,starter
https://rugby-union-feeds.incrowdsports.com/v1/matches/288471,288471,202501,Dragons RFC,away,17,111583,Wyn Jones,sub 2,replacement
https://rugby-union-feeds.incrowdsports.com/v1/matches/288471,288471,202501,Dragons RFC,away,22,159614,Fetuli Paea,sub 7,replacement
https://rugby-union-feeds.incrowdsports.com/v1/matches/288469,288469,202501,Benetton Rugby,home,2,236899,Bautista Bernasconi,hooker,starter
https://rugby-union-feeds.incrowdsports.com/v1/matches/288469,288469,202501,Benetton Rugby,home,11,192769,Ignacio Mendy,left wing,starter
https://rugby-union-feeds.incrowdsports.com/v1/matches/288469,288469,202501,Benetton Rugby,home,3,174824,Giosue Zilocchi,tighthead prop,starter
https://rugby-union-feeds.incrowdsports.com/v1/matches/288469,288469,202501,Benetton Rugby,home,1,151109,Thomas Gallo,loosehead prop,starter
https://rugby-union-feeds.incrowdsports.com/v1/matches/288469,288469,202501,Benetton Rugby,home,10,157030,Jacob Umaga,fly half,starter
https://rugby-union-feeds.incrowdsports.com/v1/matches/288469,288469,202501,Benetton Rugby,home,17,243947,Destiny Aminu,sub 2,replacement
https://rugby-union-feeds.incrowdsports.com/v1/matches/288469,288469,202501,Benetton Rugby,home,18,193737,Tiziano Pasquali,sub 3,replacement
https://rugby-union-feeds.incrowdsports.com/v1/matches/288469,288469,202501,Benetton Rugby,home,4,208272,Niccolo Cannone,second row,starter
https://rugby-union-feeds.incrowdsports.com/v1/matches/288469,288469,202501,Benetton Rugby,home,19,103534,Sebastian Negri,sub 4,replacement
https://rugby-union-feeds.incrowdsports.com/v1/matches/288469,288469,202501,Benetton Rugby,home,5,103440,Federico Ruzza,second row,starter
https://rugby-union-feeds.incrowdsports.com/v1/matches/288469,288469,202501,Benetton Rugby,home,6,161390,Manuel Zuliani,flanker,starter
https://rugby-union-feeds.incrowdsports.com/v1/matches/288469,288469,202501,Benetton Rugby,home,20,198867,So'otala Fa'aso'o,sub 5,replacement
https://rugby-union-feeds.incrowdsports.com/v1/matches/288469,288469,202501,Benetton Rugby,home,16,183378,Siua Maile,sub 1,replacement
https://rugby-union-feeds.incrowdsports.com/v1/matches/288469,288469,202501,Benetton Rugby,home,21,216977,Alessandro Izekor,sub 6,replacement
https://rugby-union-feeds.incrowdsports.com/v1/matches/288469,288469,202501,Benetton Rugby,home,15,159960,Matt Gallagher,full back,starter
https://rugby-union-feeds.incrowdsports.com/v1/matches/288469,288469,202501,Benetton Rugby,home,9,111797,Andy Uren,scrum half,starter
https://rugby-union-feeds.incrowdsports.com/v1/matches/288469,288469,202501,Benetton Rugby,home,8,197335,Lorenzo Cannone,number eight,starter
https://rugby-union-feeds.incrowdsports.com/v1/matches/288469,288469,202501,Benetton Rugby,home,13,229557,Tommaso Menoncello,outside centre,starter
https://rugby-union-feeds.incrowdsports.com/v1/matches/288469,288469,202501,Benetton Rugby,home,12,194010,Malakai Fekitoa,inside centre,starter
https://rugby-union-feeds.incrowdsports.com/v1/matches/288469,288469,202501,Benetton Rugby,home,7,174208,Riccardo Favretto,flanker,starter
https://rugby-union-feeds.incrowdsports.com/v1/matches/288469,288469,202501,Benetton Rugby,home,23,236606,Leonardo Marin,sub 8,replacement
https://rugby-union-feeds.incrowdsports.com/v1/matches/288469,288469,202501,Benetton Rugby,home,14,237725,Onisi Ratave,right wing,starter
https://rugby-union-feeds.incrowdsports.com/v1/matches/288469,288469,202501,Benetton Rugby,home,22,236573,Alessandro Garbisi,sub 7,replacement
https://rugby-union-feeds.incrowdsports.com/v1/matches/288469,288469,202501,Exeter Chiefs,away,11,250817,Campbell Ridl,left wing,starter
https://rugby-union-feeds.incrowdsports.com/v1/matches/288469,288469,202501,Exeter Chiefs,away,17,254081,Ethan Burger,sub 2,replacement
https://rugby-union-feeds.incrowdsports.com/v1/matches/288469,288469,202501,Exeter Chiefs,away,6,237000,Tom Hooper,flanker,starter
https://rugby-union-feeds.incrowdsports.com/v1/matches/288469,288469,202501,Exeter Chiefs,away,9,110891,Steve Varney,scrum half,starter
https://rugby-union-feeds.incrowdsports.com/v1/matches/288469,288469,202501,Exeter Chiefs,away,5,128750,Andrea Zambonin,second row,starter
https://rugby-union-feeds.incrowdsports.com/v1/matches/288469,288469,202501,Exeter Chiefs,away,21,208783,Tom Cairns,sub 6,replacement
https://rugby-union-feeds.incrowdsports.com/v1/matches/288469,288469,202501,Exeter Chiefs,away,22,125136,Will Haydon-Wood,sub 7,replacement
https://rugby-union-feeds.incrowdsports.com/v1/matches/288469,288469,202501,Exeter Chiefs,away,3,188174,Jimmy Roots,tighthead prop,starter
https://rugby-union-feeds.incrowdsports.com/v1/matches/288469,288469,202501,Exeter Chiefs,away,1,224659,Scott Sio,loosehead prop,starter
https://rugby-union-feeds.incrowdsports.com/v1/matches/288469,288469,202501,Exeter Chiefs,away,15,166737,Olly Woodburn,full back,starter
https://rugby-union-feeds.incrowdsports.com/v1/matches/288469,288469,202501,Exeter Chiefs,away,7,237233,Ross Vintcent,flanker,starter
https://rugby-union-feeds.incrowdsports.com/v1/matches/288469,288469,202501,Exeter Chiefs,away,4,237272,Dafydd Jenkins,second row,starter
https://rugby-union-feeds.incrowdsports.com/v1/matches/288469,288469,202501,Exeter Chiefs,away,8,170455,Greg Fisilau,number eight,starter
https://rugby-union-feeds.incrowdsports.com/v1/matches/288469,288469,202501,Exeter Chiefs,away,14,233237,Immanuel Feyi-Waboso,right wing,starter
https://rugby-union-feeds.incrowdsports.com/v1/matches/288469,288469,202501,Exeter Chiefs,away,23,199029,Dan John,sub 8,replacement
https://rugby-union-feeds.incrowdsports.com/v1/matches/288469,288469,202501,Exeter Chiefs,away,19,112986,Rus Tuima,sub 4,replacement
https://rugby-union-feeds.incrowdsports.com/v1/matches/288469,288469,202501,Exeter Chiefs,away,20,239420,Finn Worley-Brady,sub 5,replacement
https://rugby-union-feeds.incrowdsports.com/v1/matches/288469,288469,202501,Exeter Chiefs,away,12,243675,Will Rigg,inside centre,starter
https://rugby-union-feeds.incrowdsports.com/v1/matches/288469,288469,202501,Exeter Chiefs,away,10,225024,Harvey Skinner,fly half,starter
https://rugby-union-feeds.incrowdsports.com/v1/matches/288469,288469,202501,Exeter Chiefs,away,13,138016,Henry Slade,outside centre,starter
https://rugby-union-feeds.incrowdsports.com/v1/matches/288469,288469,202501,Exeter Chiefs,away,2,203166,Jack Yeandle,hooker,starter
https://rugby-union-feeds.incrowdsports.com/v1/matches/288469,288469,202501,Exeter Chiefs,away,16,213725,Joseph Dweba,sub 1,replacement
https://rugby-union-feeds.incrowdsports.com/v1/matches/288469,288469,202501,Exeter Chiefs,away,18,249693,Bachuki Tchumbadze,sub 3,replacement
https://rugby-union-feeds.incrowdsports.com/v1/matches/288473,288473,202501,Ulster Rugby,home,11,122020,Jacob Stockdale,left wing,starter
https://rugby-union-feeds.incrowdsports.com/v1/matches/288473,288473,202501,Ulster Rugby,home,1,202850,Sam Crean,loosehead prop,starter
https://rugby-union-feeds.incrowdsports.com/v1/matches/288473,288473,202501,Ulster Rugby,home,9,176354,Nathan Doak,scrum half,starter
https://rugby-union-feeds.incrowdsports.com/v1/matches/288473,288473,202501,Ulster Rugby,home,18,255208,Tom McAllister,sub 3,replacement
https://rugby-union-feeds.incrowdsports.com/v1/matches/288473,288473,202501,Ulster Rugby,home,5,229863,Cormac Izuchukwu,second row,starter
https://rugby-union-feeds.incrowdsports.com/v1/matches/288473,288473,202501,Ulster Rugby,home,15,142341,Mike Lowry,full back,starter
https://rugby-union-feeds.incrowdsports.com/v1/matches/288473,288473,202501,Ulster Rugby,home,3,224426,Tom O'Toole,tighthead prop,starter
https://rugby-union-feeds.incrowdsports.com/v1/matches/288473,288473,202501,Ulster Rugby,home,14,109259,Zac Ward,right wing,starter
https://rugby-union-feeds.incrowdsports.com/v1/matches/288473,288473,202501,Ulster Rugby,home,8,199728,Juarno Augustus,number eight,starter
https://rugby-union-feeds.incrowdsports.com/v1/matches/288473,288473,202501,Ulster Rugby,home,22,153552,Jake Flannery,sub 7,replacement
https://rugby-union-feeds.incrowdsports.com/v1/matches/288473,288473,202501,Ulster Rugby,home,7,193134,Nick Timoney,flanker,starter
https://rugby-union-feeds.incrowdsports.com/v1/matches/288473,288473,202501,Ulster Rugby,home,6,147444,Dave McCann,flanker,starter
https://rugby-union-feeds.incrowdsports.com/v1/matches/288473,288473,202501,Ulster Rugby,home,20,250771,Bryn Ward,sub 5,replacement
https://rugby-union-feeds.incrowdsports.com/v1/matches/288473,288473,202501,Ulster Rugby,home,16,235186,James McCormick,sub 1,replacement
https://rugby-union-feeds.incrowdsports.com/v1/matches/288473,288473,202501,Ulster Rugby,home,21,186322,Conor McKee,sub 6,replacement
https://rugby-union-feeds.incrowdsports.com/v1/matches/288473,288473,202501,Ulster Rugby,home,23,126963,Ethan Mcilroy,sub 8,replacement
https://rugby-union-feeds.incrowdsports.com/v1/matches/288473,288473,202501,Ulster Rugby,home,10,250773,Jack Murphy,fly half,starter
https://rugby-union-feeds.incrowdsports.com/v1/matches/288473,288473,202501,Ulster Rugby,home,13,237244,Jude Postlethwaite,outside centre,starter
https://rugby-union-feeds.incrowdsports.com/v1/matches/288473,288473,202501,Ulster Rugby,home,4,207194,Iain Henderson,second row,starter
https://rugby-union-feeds.incrowdsports.com/v1/matches/288473,288473,202501,Ulster Rugby,home,12,172351,Stuart McCloskey,inside centre,starter
https://rugby-union-feeds.incrowdsports.com/v1/matches/288473,288473,202501,Ulster Rugby,home,17,155520,Eric O'Sullivan,sub 2,replacement
https://rugby-union-feeds.incrowdsports.com/v1/matches/288473,288473,202501,Ulster Rugby,home,2,197246,Tom Stewart,hooker,starter
https://rugby-union-feeds.incrowdsports.com/v1/matches/288473,288473,202501,Ulster Rugby,home,19,241694,Charlie Irvine,sub 4,replacement
https://rugby-union-feeds.incrowdsports.com/v1/matches/288473,288473,202501,Exeter Chiefs,away,15,102180,Ben Hammersley,full back,starter
https://rugby-union-feeds.incrowdsports.com/v1/matches/288473,288473,202501,Exeter Chiefs,away,14,250817,Campbell Ridl,right wing,starter
https://rugby-union-feeds.incrowdsports.com/v1/matches/288473,288473,202501,Exeter Chiefs,away,17,254081,Ethan Burger,sub 2,replacement
https://rugby-union-feeds.incrowdsports.com/v1/matches/288473,288473,202501,Exeter Chiefs,away,6,237000,Tom Hooper,flanker,starter
https://rugby-union-feeds.incrowdsports.com/v1/matches/288473,288473,202501,Exeter Chiefs,away,9,110891,Steve Varney,scrum half,starter
https://rugby-union-feeds.incrowdsports.com/v1/matches/288473,288473,202501,Exeter Chiefs,away,5,128750,Andrea Zambonin,second row,starter
https://rugby-union-feeds.incrowdsports.com/v1/matches/288473,288473,202501,Exeter Chiefs,away,21,208783,Tom Cairns,sub 6,replacement
https://rugby-union-feeds.incrowdsports.com/v1/matches/288473,288473,202501,Exeter Chiefs,away,12,185293,Len Ikitau,inside centre,starter
https://rugby-union-feeds.incrowdsports.com/v1/matches/288473,288473,202501,Exeter Chiefs,away,22,125136,Will Haydon-Wood,sub 7,replacement
https://rugby-union-feeds.incrowdsports.com/v1/matches/288473,288473,202501,Exeter Chiefs,away,1,224659,Scott Sio,loosehead prop,starter
https://rugby-union-feeds.incrowdsports.com/v1/matches/288473,288473,202501,Exeter Chiefs,away,23,244498,Nick Lilley,sub 8,replacement
https://rugby-union-feeds.incrowdsports.com/v1/matches/288473,288473,202501,Exeter Chiefs,away,2,128691,Max Norey,hooker,starter
https://rugby-union-feeds.incrowdsports.com/v1/matches/288473,288473,202501,Exeter Chiefs,away,8,237233,Ross Vintcent,number eight,starter
https://rugby-union-feeds.incrowdsports.com/v1/matches/288473,288473,202501,Exeter Chiefs,away,18,147666,Josh Iosefa-Scott,sub 3,replacement
https://rugby-union-feeds.incrowdsports.com/v1/matches/288473,288473,202501,Exeter Chiefs,away,4,237272,Dafydd Jenkins,second row,starter
https://rugby-union-feeds.incrowdsports.com/v1/matches/288473,288473,202501,Exeter Chiefs,away,11,233237,Immanuel Feyi-Waboso,left wing,starter
https://rugby-union-feeds.incrowdsports.com/v1/matches/288473,288473,202501,Exeter Chiefs,away,19,112986,Rus Tuima,sub 4,replacement
https://rugby-union-feeds.incrowdsports.com/v1/matches/288473,288473,202501,Exeter Chiefs,away,20,239420,Finn Worley-Brady,sub 5,replacement
https://rugby-union-feeds.incrowdsports.com/v1/matches/288473,288473,202501,Exeter Chiefs,away,7,121275,Christ Tshiunza,flanker,starter
https://rugby-union-feeds.incrowdsports.com/v1/matches/288473,288473,202501,Exeter Chiefs,away,10,225024,Harvey Skinner,fly half,starter
https://rugby-union-feeds.incrowdsports.com/v1/matches/288473,288473,202501,Exeter Chiefs,away,13,138016,Henry Slade,outside centre,starter
https://rugby-union-feeds.incrowdsports.com/v1/matches/288473,288473,202501,Exeter Chiefs,away,3,249693,Bachuki Tchumbadze,tighthead prop,starter
https://rugby-union-feeds.incrowdsports.com/v1/matches/288473,288473,202501,Exeter Chiefs,away,16,213725,Joseph Dweba,sub 1,replacement
https://rugby-union-feeds.incrowdsports.com/v1/matches/288472,288472,202501,Montpellier,home,3,248932,Valentin Welsch,tighthead prop,starter
https://rugby-union-feeds.incrowdsports.com/v1/matches/288472,288472,202501,Montpellier,home,4,105892,Adam Beard,second row,starter
https://rugby-union-feeds.incrowdsports.com/v1/matches/288472,288472,202501,Montpellier,home,18,109220,Mohamed Haouas,sub 3,replacement
https://rugby-union-feeds.incrowdsports.com/v1/matches/288472,288472,202501,Montpellier,home,20,241442,Alex Masibaka,sub 5,replacement
https://rugby-union-feeds.incrowdsports.com/v1/matches/288472,288472,202501,Montpellier,home,12,143333,Lennox Anyanwu,inside centre,starter
https://rugby-union-feeds.incrowdsports.com/v1/matches/288472,288472,202501,Montpellier,home,21,258860,Tom Baraer,sub 6,replacement
https://rugby-union-feeds.incrowdsports.com/v1/matches/288472,288472,202501,Montpellier,home,2,198027,Ricky Riccitelli,hooker,starter
https://rugby-union-feeds.incrowdsports.com/v1/matches/288472,288472,202501,Montpellier,home,14,184521,Donovan Taofifenua,right wing,starter
https://rugby-union-feeds.incrowdsports.com/v1/matches/288472,288472,202501,Montpellier,home,13,233066,Auguste Cadot,outside centre,starter
https://rugby-union-feeds.incrowdsports.com/v1/matches/288472,288472,202501,Montpellier,home,5,233098,Tyler DuGuid,second row,starter
https://rugby-union-feeds.incrowdsports.com/v1/matches/288472,288472,202501,Montpellier,home,6,152393,Marco Tauleigne,flanker,starter
https://rugby-union-feeds.incrowdsports.com/v1/matches/288472,288472,202501,Montpellier,home,8,244170,Lenni Nouchi,number eight,starter
https://rugby-union-feeds.incrowdsports.com/v1/matches/288472,288472,202501,Montpellier,home,23,193262,Thomas Darmon,sub 8,replacement
https://rugby-union-feeds.incrowdsports.com/v1/matches/288472,288472,202501,Montpellier,home,7,161907,Alex Becognee,flanker,starter
https://rugby-union-feeds.incrowdsports.com/v1/matches/288472,288472,202501,Montpellier,home,11,255699,Melvyn Rates,left wing,starter
https://rugby-union-feeds.incrowdsports.com/v1/matches/288472,288472,202501,Montpellier,home,16,250834,Lyam Akrab,sub 1,replacement
https://rugby-union-feeds.incrowdsports.com/v1/matches/288472,288472,202501,Montpellier,home,19,142545,Yacouba Camara,sub 4,replacement
https://rugby-union-feeds.incrowdsports.com/v1/matches/288472,288472,202501,Montpellier,home,15,155927,Tom Banks,full back,starter
https://rugby-union-feeds.incrowdsports.com/v1/matches/288472,288472,202501,Montpellier,home,17,236888,Nika Abuladze,sub 2,replacement
https://rugby-union-feeds.incrowdsports.com/v1/matches/288472,288472,202501,Montpellier,home,22,205560,Domingo Miotti,sub 7,replacement
https://rugby-union-feeds.incrowdsports.com/v1/matches/288472,288472,202501,Montpellier,home,9,237823,Alexis Bernadet,scrum half,starter
https://rugby-union-feeds.incrowdsports.com/v1/matches/288472,288472,202501,Montpellier,home,10,103743,Thomas Vincent,fly half,starter
https://rugby-union-feeds.incrowdsports.com/v1/matches/288472,288472,202501,Montpellier,home,1,229853,Baptiste Erdocio,loosehead prop,starter
https://rugby-union-feeds.incrowdsports.com/v1/matches/288472,288472,202501,Dragons RFC,away,19,167587,Seb Davies,sub 4,replacement
https://rugby-union-feeds.incrowdsports.com/v1/matches/288472,288472,202501,Dragons RFC,away,16,203043,Brodie Coghlan,sub 1,replacement
https://rugby-union-feeds.incrowdsports.com/v1/matches/288472,288472,202501,Dragons RFC,away,5,144545,Ben Carter,second row,starter
https://rugby-union-feeds.incrowdsports.com/v1/matches/288472,288472,202501,Dragons RFC,away,18,168641,Dillon Lewis,sub 3,replacement
https://rugby-union-feeds.incrowdsports.com/v1/matches/288472,288472,202501,Dragons RFC,away,15,211713,Angus O'Brien,full back,starter
https://rugby-union-feeds.incrowdsports.com/v1/matches/288472,288472,202501,Dragons RFC,away,7,117478,Thomas Young,flanker,starter
https://rugby-union-feeds.incrowdsports.com/v1/matches/288472,288472,202501,Dragons RFC,away,1,105189,Rodrigo Martinez,loosehead prop,starter
https://rugby-union-feeds.incrowdsports.com/v1/matches/288472,288472,202501,Dragons RFC,away,12,140652,Aneurin Owen,inside centre,starter
https://rugby-union-feeds.incrowdsports.com/v1/matches/288472,288472,202501,Dragons RFC,away,23,250763,Huw Anderson,sub 8,replacement
https://rugby-union-feeds.incrowdsports.com/v1/matches/288472,288472,202501,Dragons RFC,away,11,138569,Rio Dyer,left wing,starter
https://rugby-union-feeds.incrowdsports.com/v1/matches/288472,288472,202501,Dragons RFC,away,2,182762,Elliot Dee,hooker,starter
https://rugby-union-feeds.incrowdsports.com/v1/matches/288472,288472,202501,Dragons RFC,away,14,132173,Dai Richards,right wing,starter
https://rugby-union-feeds.incrowdsports.com/v1/matches/288472,288472,202501,Dragons RFC,away,9,243341,Niall Armstrong,scrum half,starter
https://rugby-union-feeds.incrowdsports.com/v1/matches/288472,288472,202501,Dragons RFC,away,10,138161,Tinus de Beer,fly half,starter
https://rugby-union-feeds.incrowdsports.com/v1/matches/288472,288472,202501,Dragons RFC,away,13,214615,Fine Inisi,outside centre,starter
https://rugby-union-feeds.incrowdsports.com/v1/matches/288472,288472,202501,Dragons RFC,away,4,190133,Levi Douglas,second row,starter
https://rugby-union-feeds.incrowdsports.com/v1/matches/288472,288472,202501,Dragons RFC,away,8,119132,Aaron Wainwright,number eight,starter
https://rugby-union-feeds.incrowdsports.com/v1/matches/288472,288472,202501,Dragons RFC,away,3,207872,Christian Coleman,tighthead prop,starter
https://rugby-union-feeds.incrowdsports.com/v1/matches/288472,288472,202501,Dragons RFC,away,21,122877,Jac Lloyd,sub 6,replacement
https://rugby-union-feeds.incrowdsports.com/v1/matches/288472,288472,202501,Dragons RFC,away,20,103136,Harrison Keddie,sub 5,replacement
https://rugby-union-feeds.incrowdsports.com/v1/matches/288472,288472,202501,Dragons RFC,away,6,240573,Ryan Woodman,flanker,starter
https://rugby-union-feeds.incrowdsports.com/v1/matches/288472,288472,202501,Dragons RFC,away,17,111583,Wyn Jones,sub 2,replacement
https://rugby-union-feeds.incrowdsports.com/v1/matches/288472,288472,202501,Dragons RFC,away,22,159614,Fetuli Paea,sub 7,replacement
