match_url,match_id,season,team,home_away,shirt_number,player_id,player_name,position,role
https://rugby-union-feeds.incrowdsports.com/v1/matches/284852,284852,202401,Doncaster Knights,home,13,204132,George Wacokecoke,outside centre,starter
https://rugby-union-feeds.incrowdsports.com/v1/matches/284852,284852,202401,Doncaster Knights,home,5,200546,Thom Smith,second row,starter
https://rugby-union-feeds.incrowdsports.com/v1/matches/284852,284852,202401,Doncaster Knights,home,21,154087,Alex Dolly,sub 6,replacement
https://rugby-union-feeds.incrowdsports.com/v1/matches/284852,284852,202401,Doncaster Knights,home,11,177288,Jordan Olowofela,left wing,starter
https://rugby-union-feeds.incrowdsports.com/v1/matches/284852,284852,202401,Doncaster Knights,home,15,114312,Telusa Veainu,full back,starter
https://rugby-union-feeds.incrowdsports.com/v1/matches/284852,284852,202401,Doncaster Knights,home,22,223398,Morgan Bunting,sub 7,replacement
https://rugby-union-feeds.incrowdsports.com/v1/matches/284852,284852,202401,Doncaster Knights,home,9,130599,Ollie Fox,scrum half,starter
https://rugby-union-feeds.incrowdsports.com/v1/matches/284852,284852,202401,Doncaster Knights,home,20,249221,Ben Chapman,sub 5,replacement
https://rugby-union-feeds.incrowdsports.com/v1/matches/284852,284852,202401,Doncaster Knights,home,18,120586,Lewis Thiede,sub 3,replacement
https://rugby-union-feeds.incrowdsports.com/v1/matches/284852,284852,202401,Doncaster Knights,home,14,162764,Harry Davey,right wing,starter
https://rugby-union-feeds.incrowdsports.com/v1/matches/284852,284852,202401,Doncaster Knights,home,2,229931,George Roberts,hooker,starter
https://rugby-union-feeds.incrowdsports.com/v1/matches/284852,284852,202401,Doncaster Knights,home,8,134281,Morgan Strong,number eight,starter
https://rugby-union-feeds.incrowdsports.com/v1/matches/284852,284852,202401,Doncaster Knights,home,7,170250,Archie Smeaton,flanker,starter
https://rugby-union-feeds.incrowdsports.com/v1/matches/284852,284852,202401,Doncaster Knights,home,10,126158,Russell Bennett,fly half,starter
https://rugby-union-feeds.incrowdsports.com/v1/matches/284852,284852,202401,Doncaster Knights,home,3,128592,Joe Jones,tighthead prop,starter
https://rugby-union-feeds.incrowdsports.com/v1/matches/284852,284852,202401,Doncaster Knights,home,1,121135,Andrew Turner,loosehead prop,starter
https://rugby-union-feeds.incrowdsports.com/v1/matches/284852,284852,202401,Doncaster Knights,home,16,153908,Freddie Davies,sub 1,replacement
https://rugby-union-feeds.incrowdsports.com/v1/matches/284852,284852,202401,Doncaster Knights,home,23,147959,Maliq Holden,sub 8,replacement
https://rugby-union-feeds.incrowdsports.com/v1/matches/284852,284852,202401,Doncaster Knights,home,6,250742,Tom Currie,flanker,starter
https://rugby-union-feeds.incrowdsports.com/v1/matches/284852,284852,202401,Doncaster Knights,home,12,198933,Connor Edwards,inside centre,starter
https://rugby-union-feeds.incrowdsports.com/v1/matches/284852,284852,202401,Doncaster Knights,home,4,192470,Josh Williams,second row,starter
https://rugby-union-feeds.incrowdsports.com/v1/matches/284852,284852,202401,Doncaster Knights,home,17,153913,Jasper McGuire,sub 2,replacement
https://rugby-union-feeds.incrowdsports.com/v1/matches/284852,284852,202401,Doncaster Knights,home,19,250745,Euan McVie,sub 4,replacement
https://rugby-union-feeds.incrowdsports.com/v1/matches/284852,284852,202401,Sale Sharks,away,6,242916,Jos Gilmore,flanker,starter
https://rugby-union-feeds.incrowdsports.com/v1/matches/284852,284852,202401,Sale Sharks,away,16,239524,Harry Thompson,sub 1,replacement
https://rugby-union-feeds.incrowdsports.com/v1/matches/284852,284852,202401,Sale Sharks,away,21,153794,Joe Green,sub 6,replacement
https://rugby-union-feeds.incrowdsports.com/v1/matches/284852,284852,202401,Sale Sharks,away,23,244520,Toby Wilson,sub 8,replacement
https://rugby-union-feeds.incrowdsports.com/v1/matches/284852,284852,202401,Sale Sharks,away,5,239462,Tom Burrow,second row,starter
https://rugby-union-feeds.incrowdsports.com/v1/matches/284852,284852,202401,Sale Sharks,away,20,244518,Seb Kelly,sub 5,replacement
https://rugby-union-feeds.incrowdsports.com/v1/matches/284852,284852,202401,Sale Sharks,away,7,103530,Tristan Woodman,flanker,starter
https://rugby-union-feeds.incrowdsports.com/v1/matches/284852,284852,202401,Sale Sharks,away,14,153804,Obi Ene,right wing,starter
https://rugby-union-feeds.incrowdsports.com/v1/matches/284852,284852,202401,Sale Sharks,away,22,208778,Charlie Wardle,sub 7,replacement
https://rugby-union-feeds.incrowdsports.com/v1/matches/284852,284852,202401,Sale Sharks,away,9,239529,Will Wooton,scrum half,starter
https://rugby-union-feeds.incrowdsports.com/v1/matches/284852,284852,202401,Sale Sharks,away,2,206761,Tadgh McElroy,hooker,starter
https://rugby-union-feeds.incrowdsports.com/v1/matches/284852,284852,202401,Sale Sharks,away,17,243055,Ralph McEachran,sub 2,replacement
https://rugby-union-feeds.incrowdsports.com/v1/matches/284852,284852,202401,Sale Sharks,away,15,205075,Luke James,full back,starter
https://rugby-union-feeds.incrowdsports.com/v1/matches/284852,284852,202401,Sale Sharks,away,4,204307,Le Roux Roets,second row,starter
https://rugby-union-feeds.incrowdsports.com/v1/matches/284852,284852,202401,Sale Sharks,away,18,239473,Tye Raymont,sub 3,replacement
https://rugby-union-feeds.incrowdsports.com/v1/matches/284852,284852,202401,Sale Sharks,away,11,239510,Alex Wills,left wing,starter
https://rugby-union-feeds.incrowdsports.com/v1/matches/284852,284852,202401,Sale Sharks,away,1,147029,Tumy Onasanya,loosehead prop,starter
https://rugby-union-feeds.incrowdsports.com/v1/matches/284852,284852,202401,Sale Sharks,away,3,123738,James Harper,tighthead prop,starter
https://rugby-union-feeds.incrowdsports.com/v1/matches/284852,284852,202401,Sale Sharks,away,12,224475,Joe Bedlow,inside centre,starter
https://rugby-union-feeds.incrowdsports.com/v1/matches/284852,284852,202401,Sale Sharks,away,8,239610,Will Riley,number eight,starter
https://rugby-union-feeds.incrowdsports.com/v1/matches/284852,284852,202401,Sale Sharks,away,19,131065,Ben Bamber,sub 4,replacement
https://rugby-union-feeds.incrowdsports.com/v1/matches/284852,284852,202401,Sale Sharks,away,10,201247,Tom Curtis,fly half,starter
https://rugby-union-feeds.incrowdsports.com/v1/matches/284852,284852,202401,Sale Sharks,away,13,242910,Osian Roberts,outside centre,starter
https://rugby-union-feeds.incrowdsports.com/v1/matches/284851,284851,202401,Cornish Pirates,home,4,133028,Charlie Rice,second row,starter
https://rugby-union-feeds.incrowdsports.com/v1/matches/284851,284851,202401,Cornish Pirates,home,16,242881,Sol Moody,sub 1,replacement
https://rugby-union-feeds.incrowdsports.com/v1/matches/284851,284851,202401,Cornish Pirates,home,6,249157,Josh King,flanker,starter
https://rugby-union-feeds.incrowdsports.com/v1/matches/284851,284851,202401,Cornish Pirates,home,2,119241,Harry Hocking,hooker,starter
https://rugby-union-feeds.incrowdsports.com/v1/matches/284851,284851,202401,Cornish Pirates,home,8,242539,Hugh Bokenham,number eight,starter
https://rugby-union-feeds.incrowdsports.com/v1/matches/284851,284851,202401,Cornish Pirates,home,20,238346,Tomiwa Agbongbon,sub 5,replacement
https://rugby-union-feeds.incrowdsports.com/v1/matches/284851,284851,202401,Cornish Pirates,home,12,203113,Joe Elderkin,inside centre,starter
https://rugby-union-feeds.incrowdsports.com/v1/matches/284851,284851,202401,Cornish Pirates,home,22,169290,Iwan Jenkins,sub 7,replacement
https://rugby-union-feeds.incrowdsports.com/v1/matches/284851,284851,202401,Cornish Pirates,home,15,253776,Iwan Price-Thomas,full back,starter
https://rugby-union-feeds.incrowdsports.com/v1/matches/284851,284851,202401,Cornish Pirates,home,1,203342,Billy Keast,loosehead prop,starter
https://rugby-union-feeds.incrowdsports.com/v1/matches/284851,284851,202401,Cornish Pirates,home,7,167566,Will Gibson,flanker,starter
https://rugby-union-feeds.incrowdsports.com/v1/matches/284851,284851,202401,Cornish Pirates,home,5,133043,Eoin O'Connor,second row,starter
https://rugby-union-feeds.incrowdsports.com/v1/matches/284851,284851,202401,Cornish Pirates,home,3,159122,Jay Tyack,tighthead prop,starter
https://rugby-union-feeds.incrowdsports.com/v1/matches/284851,284851,202401,Cornish Pirates,home,17,190706,Billy Young,sub 2,replacement
https://rugby-union-feeds.incrowdsports.com/v1/matches/284851,284851,202401,Cornish Pirates,home,21,250065,Cameron D. Jones,sub 6,replacement
https://rugby-union-feeds.incrowdsports.com/v1/matches/284851,284851,202401,Cornish Pirates,home,14,198486,Matthew McNab,right wing,starter
https://rugby-union-feeds.incrowdsports.com/v1/matches/284851,284851,202401,Cornish Pirates,home,10,187925,Bruce Houston,fly half,starter
https://rugby-union-feeds.incrowdsports.com/v1/matches/284851,284851,202401,Cornish Pirates,home,9,133494,Daniel Hiscocks,scrum half,starter
https://rugby-union-feeds.incrowdsports.com/v1/matches/284851,284851,202401,Cornish Pirates,home,13,116569,Tom Georgiou,outside centre,starter
https://rugby-union-feeds.incrowdsports.com/v1/matches/284851,284851,202401,Cornish Pirates,home,11,112475,Arthur Relton,left wing,starter
https://rugby-union-feeds.incrowdsports.com/v1/matches/284851,284851,202401,Cornish Pirates,home,23,237977,William Trewin,sub 8,replacement
https://rugby-union-feeds.incrowdsports.com/v1/matches/284851,284851,202401,Cornish Pirates,home,18,158272,Ollie Andrews,sub 3,replacement
https://rugby-union-feeds.incrowdsports.com/v1/matches/284851,284851,202401,Cornish Pirates,home,19,179677,Matt Cannon,sub 4,replacement
https://rugby-union-feeds.incrowdsports.com/v1/matches/284851,284851,202401,Exeter Chiefs,away,20,169636,Martin Moloney,sub 5,replacement
https://rugby-union-feeds.incrowdsports.com/v1/matches/284851,284851,202401,Exeter Chiefs,away,13,102180,Ben Hammersley,outside centre,starter
https://rugby-union-feeds.incrowdsports.com/v1/matches/284851,284851,202401,Exeter Chiefs,away,11,184679,Tommy Wyatt,left wing,starter
https://rugby-union-feeds.incrowdsports.com/v1/matches/284851,284851,202401,Exeter Chiefs,away,3,219208,Ehren Painter,tighthead prop,starter
https://rugby-union-feeds.incrowdsports.com/v1/matches/284851,284851,202401,Exeter Chiefs,away,5,171271,Lewis Pearson,second row,starter
https://rugby-union-feeds.incrowdsports.com/v1/matches/284851,284851,202401,Exeter Chiefs,away,9,171944,Will Becconsall,scrum half,starter
https://rugby-union-feeds.incrowdsports.com/v1/matches/284851,284851,202401,Exeter Chiefs,away,16,132680,Jack Innard,sub 1,replacement
https://rugby-union-feeds.incrowdsports.com/v1/matches/284851,284851,202401,Exeter Chiefs,away,14,251397,Paul Brown-Bampoe,right wing,starter
https://rugby-union-feeds.incrowdsports.com/v1/matches/284851,284851,202401,Exeter Chiefs,away,21,128743,Stu Townsend,sub 6,replacement
https://rugby-union-feeds.incrowdsports.com/v1/matches/284851,284851,202401,Exeter Chiefs,away,2,103625,Dan Frost,hooker,starter
https://rugby-union-feeds.incrowdsports.com/v1/matches/284851,284851,202401,Exeter Chiefs,away,17,157036,Kwenzo Blose,sub 2,replacement
https://rugby-union-feeds.incrowdsports.com/v1/matches/284851,284851,202401,Exeter Chiefs,away,1,201738,Will Goodrick-Clarke,loosehead prop,starter
https://rugby-union-feeds.incrowdsports.com/v1/matches/284851,284851,202401,Exeter Chiefs,away,23,197546,Joe Hawkins,sub 8,replacement
https://rugby-union-feeds.incrowdsports.com/v1/matches/284851,284851,202401,Exeter Chiefs,away,10,125136,Will Haydon-Wood,fly half,starter
https://rugby-union-feeds.incrowdsports.com/v1/matches/284851,284851,202401,Exeter Chiefs,away,19,239374,Joe Bailey,sub 4,replacement
https://rugby-union-feeds.incrowdsports.com/v1/matches/284851,284851,202401,Exeter Chiefs,away,18,188174,Jimmy Roots,sub 3,replacement
https://rugby-union-feeds.incrowdsports.com/v1/matches/284851,284851,202401,Exeter Chiefs,away,7,172979,Jacques Vermeulen,flanker,starter
https://rugby-union-feeds.incrowdsports.com/v1/matches/284851,284851,202401,Exeter Chiefs,away,15,169495,Josh Hodge,full back,starter
https://rugby-union-feeds.incrowdsports.com/v1/matches/284851,284851,202401,Exeter Chiefs,away,8,170455,Greg Fisilau,number eight,starter
https://rugby-union-feeds.incrowdsports.com/v1/matches/284851,284851,202401,Exeter Chiefs,away,4,112986,Rus Tuima,second row,starter
https://rugby-union-feeds.incrowdsports.com/v1/matches/284851,284851,202401,Exeter Chiefs,away,12,243675,Will Rigg,inside centre,starter
https://rugby-union-feeds.incrowdsports.com/v1/matches/284851,284851,202401,Exeter Chiefs,away,22,225024,Harvey Skinner,sub 7,replacement
https://rugby-union-feeds.incrowdsports.com/v1/matches/284851,284851,202401,Exeter Chiefs,away,6,124575,Ethan Roots,flanker,starter
https://rugby-union-feeds.incrowdsports.com/v1/matches/284853,284853,202401,Northampton Saints,home,4,193283,Chunya Munga,second row,starter
https://rugby-union-feeds.incrowdsports.com/v1/matches/284853,284853,202401,Northampton Saints,home,11,117441,Tom Seabrook,left wing,starter
https://rugby-union-feeds.incrowdsports.com/v1/matches/284853,284853,202401,Northampton Saints,home,18,242882,Sonny Tonga'uiha,sub 3,replacement
https://rugby-union-feeds.incrowdsports.com/v1/matches/284853,284853,202401,Northampton Saints,home,10,239430,George Makepeace-Cubitt,fly half,starter
https://rugby-union-feeds.incrowdsports.com/v1/matches/284853,284853,202401,Northampton Saints,home,3,127592,Luke Green,tighthead prop,starter
https://rugby-union-feeds.incrowdsports.com/v1/matches/284853,284853,202401,Northampton Saints,home,23,178796,James Ramm,sub 8,replacement
https://rugby-union-feeds.incrowdsports.com/v1/matches/284853,284853,202401,Northampton Saints,home,2,239338,Craig Wright,hooker,starter
https://rugby-union-feeds.incrowdsports.com/v1/matches/284853,284853,202401,Northampton Saints,home,6,108939,Fyn Brown,flanker,starter
https://rugby-union-feeds.incrowdsports.com/v1/matches/284853,284853,202401,Northampton Saints,home,7,125486,Angus Scott-Young,flanker,starter
https://rugby-union-feeds.incrowdsports.com/v1/matches/284853,284853,202401,Northampton Saints,home,17,187951,Emmanuel Iyogun,sub 2,replacement
https://rugby-union-feeds.incrowdsports.com/v1/matches/284853,284853,202401,Northampton Saints,home,14,120111,Mitieli Vulikijapani,right wing,starter
https://rugby-union-feeds.incrowdsports.com/v1/matches/284853,284853,202401,Northampton Saints,home,16,208109,Nathan Langdon,sub 1,replacement
https://rugby-union-feeds.incrowdsports.com/v1/matches/284853,284853,202401,Northampton Saints,home,12,229939,Charlie Savala,inside centre,starter
https://rugby-union-feeds.incrowdsports.com/v1/matches/284853,284853,202401,Northampton Saints,home,21,248787,Johnathan Weimann,sub 6,replacement
https://rugby-union-feeds.incrowdsports.com/v1/matches/284853,284853,202401,Northampton Saints,home,8,239634,Henry Pollock,number eight,starter
https://rugby-union-feeds.incrowdsports.com/v1/matches/284853,284853,202401,Northampton Saints,home,19,167249,Will Spencer,sub 4,replacement
https://rugby-union-feeds.incrowdsports.com/v1/matches/284853,284853,202401,Northampton Saints,home,22,239346,Ewan Baker,sub 7,replacement
https://rugby-union-feeds.incrowdsports.com/v1/matches/284853,284853,202401,Northampton Saints,home,9,239345,Archie McParland,scrum half,starter
https://rugby-union-feeds.incrowdsports.com/v1/matches/284853,284853,202401,Northampton Saints,home,1,104471,Tarek Haffar,loosehead prop,starter
https://rugby-union-feeds.incrowdsports.com/v1/matches/284853,284853,202401,Northampton Saints,home,20,166428,Josh Kemeny,sub 5,replacement
https://rugby-union-feeds.incrowdsports.com/v1/matches/284853,284853,202401,Northampton Saints,home,13,111099,Tom Litchfield,outside centre,starter
https://rugby-union-feeds.incrowdsports.com/v1/matches/284853,284853,202401,Northampton Saints,home,5,195519,Gavin Thornbury,second row,starter
https://rugby-union-feeds.incrowdsports.com/v1/matches/284853,284853,202401,Northampton Saints,home,15,238687,George Hendy,full back,starter
https://rugby-union-feeds.incrowdsports.com/v1/matches/284853,284853,202401,Leicester Tigers,away,14,239620,Malelili Satala,right wing,starter
https://rugby-union-feeds.incrowdsports.com/v1/matches/284853,284853,202401,Leicester Tigers,away,16,218084,Archie Vanes,sub 1,replacement
https://rugby-union-feeds.incrowdsports.com/v1/matches/284853,284853,202401,Leicester Tigers,away,2,101384,Finn Theobald-Thomas,hooker,starter
https://rugby-union-feeds.incrowdsports.com/v1/matches/284853,284853,202401,Leicester Tigers,away,4,185387,Come Joussain,second row,starter
https://rugby-union-feeds.incrowdsports.com/v1/matches/284853,284853,202401,Leicester Tigers,away,21,242956,Charlie Bemand,sub 6,replacement
https://rugby-union-feeds.incrowdsports.com/v1/matches/284853,284853,202401,Leicester Tigers,away,23,244459,Tom Threlfall,sub 8,replacement
https://rugby-union-feeds.incrowdsports.com/v1/matches/284853,284853,202401,Leicester Tigers,away,1,188202,James Whitcombe,loosehead prop,starter
https://rugby-union-feeds.incrowdsports.com/v1/matches/284853,284853,202401,Leicester Tigers,away,22,239497,Charlie Myall,sub 7,replacement
https://rugby-union-feeds.incrowdsports.com/v1/matches/284853,284853,202401,Leicester Tigers,away,18,244559,Henry Mountford,sub 3,replacement
https://rugby-union-feeds.incrowdsports.com/v1/matches/284853,284853,202401,Leicester Tigers,away,10,190829,Jamie Shillcock,fly half,starter
https://rugby-union-feeds.incrowdsports.com/v1/matches/284853,284853,202401,Leicester Tigers,away,9,170190,Tom Whiteley,scrum half,starter
https://rugby-union-feeds.incrowdsports.com/v1/matches/284853,284853,202401,Leicester Tigers,away,3,128591,Tim Hoyt,tighthead prop,starter
https://rugby-union-feeds.incrowdsports.com/v1/matches/284853,284853,202401,Leicester Tigers,away,20,242867,Sam Williams,sub 5,replacement
https://rugby-union-feeds.incrowdsports.com/v1/matches/284853,284853,202401,Leicester Tigers,away,13,237969,Will Wand,outside centre,starter
https://rugby-union-feeds.incrowdsports.com/v1/matches/284853,284853,202401,Leicester Tigers,away,6,134130,Matt Rogerson,flanker,starter
https://rugby-union-feeds.incrowdsports.com/v1/matches/284853,284853,202401,Leicester Tigers,away,17,244534,Archie van der Flier,sub 2,replacement
https://rugby-union-feeds.incrowdsports.com/v1/matches/284853,284853,202401,Leicester Tigers,away,15,244917,George Pearson,full back,starter
https://rugby-union-feeds.incrowdsports.com/v1/matches/284853,284853,202401,Leicester Tigers,away,11,239643,Jack Kinder,left wing,starter
https://rugby-union-feeds.incrowdsports.com/v1/matches/284853,284853,202401,Leicester Tigers,away,19,226203,Lewis Chessum,sub 4,replacement
https://rugby-union-feeds.incrowdsports.com/v1/matches/284853,284853,202401,Leicester Tigers,away,12,179481,Solomone Kata,inside centre,starter
https://rugby-union-feeds.incrowdsports.com/v1/matches/284853,284853,202401,Leicester Tigers,away,5,132697,Tom Manz,second row,starter
https://rugby-union-feeds.incrowdsports.com/v1/matches/284853,284853,202401,Leicester Tigers,away,7,129595,Emeka Ilione,flanker,starter
https://rugby-union-feeds.incrowdsports.com/v1/matches/284853,284853,202401,Leicester Tigers,away,8,202591,Kyle Hatherell,number eight,starter
https://rugby-union-feeds.incrowdsports.com/v1/matches/284854,284854,202401,Nottingham Rugby,home,12,172547,Javiah Pohe,inside centre,starter
https://rugby-union-feeds.incrowdsports.com/v1/matches/284854,284854,202401,Nottingham Rugby,home,10,109124,Matt Arden,fly half,starter
https://rugby-union-feeds.incrowdsports.com/v1/matches/284854,284854,202401,Nottingham Rugby,home,8,241441,James Cherry,number eight,starter
https://rugby-union-feeds.incrowdsports.com/v1/matches/284854,284854,202401,Nottingham Rugby,home,18,203585,Dan Richardson,sub 3,replacement
https://rugby-union-feeds.incrowdsports.com/v1/matches/284854,284854,202401,Nottingham Rugby,home,16,239623,Harry Clayton,sub 1,replacement
https://rugby-union-feeds.incrowdsports.com/v1/matches/284854,284854,202401,Nottingham Rugby,home,13,100168,Levi Jack-Roper,outside centre,starter
https://rugby-union-feeds.incrowdsports.com/v1/matches/284854,284854,202401,Nottingham Rugby,home,5,238566,Jack Shine,second row,starter
https://rugby-union-feeds.incrowdsports.com/v1/matches/284854,284854,202401,Nottingham Rugby,home,21,241413,Josh Goodwin,sub 6,replacement
https://rugby-union-feeds.incrowdsports.com/v1/matches/284854,284854,202401,Nottingham Rugby,home,9,136908,Toby Venner,scrum half,starter
https://rugby-union-feeds.incrowdsports.com/v1/matches/284854,284854,202401,Nottingham Rugby,home,3,177740,Xavier Valentine,tighthead prop,starter
https://rugby-union-feeds.incrowdsports.com/v1/matches/284854,284854,202401,Nottingham Rugby,home,2,135113,TJ Harris,hooker,starter
https://rugby-union-feeds.incrowdsports.com/v1/matches/284854,284854,202401,Nottingham Rugby,home,6,185449,Sam Green,flanker,starter
https://rugby-union-feeds.incrowdsports.com/v1/matches/284854,284854,202401,Nottingham Rugby,home,7,229936,Jacob Wright,flanker,starter
https://rugby-union-feeds.incrowdsports.com/v1/matches/284854,284854,202401,Nottingham Rugby,home,19,254032,Eddie Bryan,sub 4,replacement
https://rugby-union-feeds.incrowdsports.com/v1/matches/284854,284854,202401,Nottingham Rugby,home,15,143917,Jack Stapley,full back,starter
https://rugby-union-feeds.incrowdsports.com/v1/matches/284854,284854,202401,Nottingham Rugby,home,14,241166,Samuel Mercer,right wing,starter
https://rugby-union-feeds.incrowdsports.com/v1/matches/284854,284854,202401,Nottingham Rugby,home,1,204782,Kai Owen,loosehead prop,starter
https://rugby-union-feeds.incrowdsports.com/v1/matches/284854,284854,202401,Nottingham Rugby,home,23,254034,Aman Johal,sub 8,replacement
https://rugby-union-feeds.incrowdsports.com/v1/matches/284854,284854,202401,Nottingham Rugby,home,20,254033,Hobie Riches,sub 5,replacement
https://rugby-union-feeds.incrowdsports.com/v1/matches/284854,284854,202401,Nottingham Rugby,home,17,191448,Aniseko Sio,sub 2,replacement
https://rugby-union-feeds.incrowdsports.com/v1/matches/284854,284854,202401,Nottingham Rugby,home,11,153471,Ryan Olowofela,left wing,starter
https://rugby-union-feeds.incrowdsports.com/v1/matches/284854,284854,202401,Nottingham Rugby,home,22,253792,Jai Johal,sub 7,replacement
https://rugby-union-feeds.incrowdsports.com/v1/matches/284854,284854,202401,Nottingham Rugby,home,4,113439,Jay Ecclesfield,second row,starter
https://rugby-union-feeds.incrowdsports.com/v1/matches/284854,284854,202401,Coventry,away,9,207428,Josh Barton,scrum half,starter
https://rugby-union-feeds.incrowdsports.com/v1/matches/284854,284854,202401,Coventry,away,23,185795,Daniel Okeke,sub 8,replacement
https://rugby-union-feeds.incrowdsports.com/v1/matches/284854,284854,202401,Coventry,away,11,153924,Ryan Hutler,left wing,starter
https://rugby-union-feeds.incrowdsports.com/v1/matches/284854,284854,202401,Coventry,away,19,244515,Dan Green,sub 4,replacement
https://rugby-union-feeds.incrowdsports.com/v1/matches/284854,284854,202401,Coventry,away,13,249217,Dafydd-Rhys Tiueti,outside centre,starter
https://rugby-union-feeds.incrowdsports.com/v1/matches/284854,284854,202401,Coventry,away,10,242721,Liam Richman,fly half,starter
https://rugby-union-feeds.incrowdsports.com/v1/matches/284854,284854,202401,Coventry,away,12,139751,Tom Hitchcock,inside centre,starter
https://rugby-union-feeds.incrowdsports.com/v1/matches/284854,284854,202401,Coventry,away,2,152424,Suva Ma'asi,hooker,starter
https://rugby-union-feeds.incrowdsports.com/v1/matches/284854,284854,202401,Coventry,away,18,122088,Eliot Salt,sub 3,replacement
https://rugby-union-feeds.incrowdsports.com/v1/matches/284854,284854,202401,Coventry,away,3,146955,Matt Johnson,tighthead prop,starter
https://rugby-union-feeds.incrowdsports.com/v1/matches/284854,284854,202401,Coventry,away,4,135626,Obinna Nkwocha,second row,starter
https://rugby-union-feeds.incrowdsports.com/v1/matches/284854,284854,202401,Coventry,away,5,137043,Senitiki Nayalo,second row,starter
https://rugby-union-feeds.incrowdsports.com/v1/matches/284854,284854,202401,Coventry,away,8,192563,Matt Kvesic,number eight,starter
https://rugby-union-feeds.incrowdsports.com/v1/matches/284854,284854,202401,Coventry,away,16,170483,Jordon Poole,sub 1,replacement
https://rugby-union-feeds.incrowdsports.com/v1/matches/284854,284854,202401,Coventry,away,7,146806,Aaron Hinkley,flanker,starter
https://rugby-union-feeds.incrowdsports.com/v1/matches/284854,284854,202401,Coventry,away,17,241813,Vilikesa Nairau,sub 2,replacement
https://rugby-union-feeds.incrowdsports.com/v1/matches/284854,284854,202401,Coventry,away,20,108919,James Tyas,sub 5,replacement
https://rugby-union-feeds.incrowdsports.com/v1/matches/284854,284854,202401,Coventry,away,14,240220,Charlie Robson,right wing,starter
https://rugby-union-feeds.incrowdsports.com/v1/matches/284854,284854,202401,Coventry,away,21,200987,Will Lane,sub 6,replacement
https://rugby-union-feeds.incrowdsports.com/v1/matches/284854,284854,202401,Coventry,away,22,249434,David Opoku,sub 7,replacement
https://rugby-union-feeds.incrowdsports.com/v1/matches/284854,284854,202401,Coventry,away,15,253625,Steff Davies,full back,starter
https://rugby-union-feeds.incrowdsports.com/v1/matches/284854,284854,202401,Coventry,away,1,112448,Toby Trinder,loosehead prop,starter
https://rugby-union-feeds.incrowdsports.com/v1/matches/284854,284854,202401,Coventry,away,6,187229,Tom Ball,flanker,starter
https://rugby-union-feeds.incrowdsports.com/v1/matches/284855,284855,202401,Ampthill,home,9,101218,Roan Frostwick,scrum half,starter
https://rugby-union-feeds.incrowdsports.com/v1/matches/284855,284855,202401,Ampthill,home,19,244740,Jake Parkinson,sub 4,replacement
https://rugby-union-feeds.incrowdsports.com/v1/matches/284855,284855,202401,Ampthill,home,10,154660,Josh Barton,fly half,starter
https://rugby-union-feeds.incrowdsports.com/v1/matches/284855,284855,202401,Ampthill,home,2,254049,Luke Thompson,hooker,starter
https://rugby-union-feeds.incrowdsports.com/v1/matches/284855,284855,202401,Ampthill,home,18,240481,Callum Norrie,sub 3,replacement
https://rugby-union-feeds.incrowdsports.com/v1/matches/284855,284855,202401,Ampthill,home,22,186466,Rory Morgan,sub 7,replacement
https://rugby-union-feeds.incrowdsports.com/v1/matches/284855,284855,202401,Ampthill,home,7,166919,Karl Main,flanker,starter
https://rugby-union-feeds.incrowdsports.com/v1/matches/284855,284855,202401,Ampthill,home,13,251557,Byron Sharwood,outside centre,starter
https://rugby-union-feeds.incrowdsports.com/v1/matches/284855,284855,202401,Ampthill,home,11,253739,Mason Cullen,left wing,starter
https://rugby-union-feeds.incrowdsports.com/v1/matches/284855,284855,202401,Ampthill,home,1,151850,James Flynn,loosehead prop,starter
https://rugby-union-feeds.incrowdsports.com/v1/matches/284855,284855,202401,Ampthill,home,12,251023,Sione Vaenuku,inside centre,starter
https://rugby-union-feeds.incrowdsports.com/v1/matches/284855,284855,202401,Ampthill,home,6,203086,Tino Mapapalangi,flanker,starter
https://rugby-union-feeds.incrowdsports.com/v1/matches/284855,284855,202401,Ampthill,home,14,242509,Vereimi Qorowale,right wing,starter
https://rugby-union-feeds.incrowdsports.com/v1/matches/284855,284855,202401,Ampthill,home,20,127666,Charles Rylands,sub 5,replacement
https://rugby-union-feeds.incrowdsports.com/v1/matches/284855,284855,202401,Ampthill,home,23,241714,Kerr Johnston,sub 8,replacement
https://rugby-union-feeds.incrowdsports.com/v1/matches/284855,284855,202401,Ampthill,home,5,248280,Oskar Hicks,second row,starter
https://rugby-union-feeds.incrowdsports.com/v1/matches/284855,284855,202401,Ampthill,home,16,218776,Syd Blackmore,sub 1,replacement
https://rugby-union-feeds.incrowdsports.com/v1/matches/284855,284855,202401,Ampthill,home,17,169301,Harrison Courtney,sub 2,replacement
https://rugby-union-feeds.incrowdsports.com/v1/matches/284855,284855,202401,Ampthill,home,3,109847,James Johnston,tighthead prop,starter
https://rugby-union-feeds.incrowdsports.com/v1/matches/284855,284855,202401,Ampthill,home,4,245493,Aidan King,second row,starter
https://rugby-union-feeds.incrowdsports.com/v1/matches/284855,284855,202401,Ampthill,home,15,147674,Evan Mitchell,full back,starter
https://rugby-union-feeds.incrowdsports.com/v1/matches/284855,284855,202401,Ampthill,home,21,244288,Arthur Thomas,sub 6,replacement
https://rugby-union-feeds.incrowdsports.com/v1/matches/284855,284855,202401,Ampthill,home,8,241023,Lekima Ravuvu,number eight,starter
https://rugby-union-feeds.incrowdsports.com/v1/matches/284855,284855,202401,Bath Rugby,away,22,254052,Jack Woods,sub 7,replacement
https://rugby-union-feeds.incrowdsports.com/v1/matches/284855,284855,202401,Bath Rugby,away,7,123233,Ethan Staddon,flanker,starter
https://rugby-union-feeds.incrowdsports.com/v1/matches/284855,284855,202401,Bath Rugby,away,18,187169,Archie Griffin,sub 3,replacement
https://rugby-union-feeds.incrowdsports.com/v1/matches/284855,284855,202401,Bath Rugby,away,19,132737,Mackenzie Graham,sub 4,replacement
https://rugby-union-feeds.incrowdsports.com/v1/matches/284855,284855,202401,Bath Rugby,away,15,101123,Ciaran Donoghue,full back,starter
https://rugby-union-feeds.incrowdsports.com/v1/matches/284855,284855,202401,Bath Rugby,away,9,156834,Tom Carr-Smith,scrum half,starter
https://rugby-union-feeds.incrowdsports.com/v1/matches/284855,284855,202401,Bath Rugby,away,8,239297,Arthur Green,number eight,starter
https://rugby-union-feeds.incrowdsports.com/v1/matches/284855,284855,202401,Bath Rugby,away,16,218695,Jasper Spandler,sub 1,replacement
https://rugby-union-feeds.incrowdsports.com/v1/matches/284855,284855,202401,Bath Rugby,away,12,239302,Will Parry,inside centre,starter
https://rugby-union-feeds.incrowdsports.com/v1/matches/284855,284855,202401,Bath Rugby,away,14,243600,Austin Emens,right wing,starter
https://rugby-union-feeds.incrowdsports.com/v1/matches/284855,284855,202401,Bath Rugby,away,5,239503,Harvey Cuckson,second row,starter
https://rugby-union-feeds.incrowdsports.com/v1/matches/284855,284855,202401,Bath Rugby,away,2,243059,Kepu Tuipulotu,hooker,starter
https://rugby-union-feeds.incrowdsports.com/v1/matches/284855,284855,202401,Bath Rugby,away,21,241747,Neil le Roux,sub 6,replacement
https://rugby-union-feeds.incrowdsports.com/v1/matches/284855,284855,202401,Bath Rugby,away,6,217750,Ewan Richards,flanker,starter
https://rugby-union-feeds.incrowdsports.com/v1/matches/284855,284855,202401,Bath Rugby,away,11,112538,Ruaridh McConnochie,left wing,starter
https://rugby-union-feeds.incrowdsports.com/v1/matches/284855,284855,202401,Bath Rugby,away,3,239292,Billy Sela,tighthead prop,starter
https://rugby-union-feeds.incrowdsports.com/v1/matches/284855,284855,202401,Bath Rugby,away,17,206236,Archie Stanley,sub 2,replacement
https://rugby-union-feeds.incrowdsports.com/v1/matches/284855,284855,202401,Bath Rugby,away,23,244508,Charlie Griffin,sub 8,replacement
https://rugby-union-feeds.incrowdsports.com/v1/matches/284855,284855,202401,Bath Rugby,away,10,220475,Orlando Bailey,fly half,starter
https://rugby-union-feeds.incrowdsports.com/v1/matches/284855,284855,202401,Bath Rugby,away,1,219609,Arthur Cordwell,loosehead prop,starter
https://rugby-union-feeds.incrowdsports.com/v1/matches/284855,284855,202401,Bath Rugby,away,20,132895,Tom Cowan,sub 5,replacement
https://rugby-union-feeds.incrowdsports.com/v1/matches/284855,284855,202401,Bath Rugby,away,4,239294,Will Jeanes,second row,starter
https://rugby-union-feeds.incrowdsports.com/v1/matches/284855,284855,202401,Bath Rugby,away,13,233245,Louie Hennessey,outside centre,starter
https://rugby-union-feeds.incrowdsports.com/v1/matches/284856,284856,202401,Caldy,home,15,254050,Charlie Hyde,full back,starter
https://rugby-union-feeds.incrowdsports.com/v1/matches/284856,284856,202401,Caldy,home,4,128326,Sam Dickinson,second row,starter
https://rugby-union-feeds.incrowdsports.com/v1/matches/284856,284856,202401,Caldy,home,7,100102,Callum Ridgway,flanker,starter
https://rugby-union-feeds.incrowdsports.com/v1/matches/284856,284856,202401,Caldy,home,9,174438,Jacob Tansey,scrum half,starter
https://rugby-union-feeds.incrowdsports.com/v1/matches/284856,284856,202401,Caldy,home,2,201317,Oliver Hearn,hooker,starter
https://rugby-union-feeds.incrowdsports.com/v1/matches/284856,284856,202401,Caldy,home,6,240901,Sam Olyott,flanker,starter
https://rugby-union-feeds.incrowdsports.com/v1/matches/284856,284856,202401,Caldy,home,14,140971,Michael Cartmill,right wing,starter
https://rugby-union-feeds.incrowdsports.com/v1/matches/284856,284856,202401,Caldy,home,12,116266,Mike Barlow,inside centre,starter
https://rugby-union-feeds.incrowdsports.com/v1/matches/284856,284856,202401,Caldy,home,11,172747,Louis Beer,left wing,starter
https://rugby-union-feeds.incrowdsports.com/v1/matches/284856,284856,202401,Caldy,home,8,219984,Josiah Dickinson,number eight,starter
https://rugby-union-feeds.incrowdsports.com/v1/matches/284856,284856,202401,Caldy,home,10,178832,Lewis Barker,fly half,starter
https://rugby-union-feeds.incrowdsports.com/v1/matches/284856,284856,202401,Caldy,home,3,161165,Ryan Higginson,tighthead prop,starter
https://rugby-union-feeds.incrowdsports.com/v1/matches/284856,284856,202401,Caldy,home,5,217261,Tom Sanders,second row,starter
https://rugby-union-feeds.incrowdsports.com/v1/matches/284856,284856,202401,Caldy,home,19,253652,Freddie Stevenson,sub 4,replacement
https://rugby-union-feeds.incrowdsports.com/v1/matches/284856,284856,202401,Caldy,home,20,243444,Tom Parry,sub 5,replacement
https://rugby-union-feeds.incrowdsports.com/v1/matches/284856,284856,202401,Caldy,home,13,205906,Connor Wilkinson,outside centre,starter
https://rugby-union-feeds.incrowdsports.com/v1/matches/284856,284856,202401,Caldy,home,23,244567,Jacob Mitchell,sub 8,replacement
https://rugby-union-feeds.incrowdsports.com/v1/matches/284856,284856,202401,Caldy,home,22,248918,Daniel Rabbette,sub 7,replacement
https://rugby-union-feeds.incrowdsports.com/v1/matches/284856,284856,202401,Caldy,home,1,143291,Monty Weatherby,loosehead prop,starter
https://rugby-union-feeds.incrowdsports.com/v1/matches/284856,284856,202401,Caldy,home,16,174137,Matt Gallagher,sub 1,replacement
https://rugby-union-feeds.incrowdsports.com/v1/matches/284856,284856,202401,Caldy,home,18,202650,Joe Sproston,sub 3,replacement
https://rugby-union-feeds.incrowdsports.com/v1/matches/284856,284856,202401,Caldy,home,17,177502,Adam Aigbokhae,sub 2,replacement
https://rugby-union-feeds.incrowdsports.com/v1/matches/284856,284856,202401,Caldy,home,21,223645,Ollie Wynn,sub 6,replacement
https://rugby-union-feeds.incrowdsports.com/v1/matches/284856,284856,202401,Newcastle Falcons,away,10,205702,Brett Connon,fly half,starter
https://rugby-union-feeds.incrowdsports.com/v1/matches/284856,284856,202401,Newcastle Falcons,away,8,219782,Freddie Lockwood,number eight,starter
https://rugby-union-feeds.incrowdsports.com/v1/matches/284856,284856,202401,Newcastle Falcons,away,9,133094,Hugh O'Sullivan,scrum half,starter
https://rugby-union-feeds.incrowdsports.com/v1/matches/284856,284856,202401,Newcastle Falcons,away,16,207081,Ollie Fletcher,sub 1,replacement
https://rugby-union-feeds.incrowdsports.com/v1/matches/284856,284856,202401,Newcastle Falcons,away,5,213140,Kiran McDonald Seran,second row,starter
https://rugby-union-feeds.incrowdsports.com/v1/matches/284856,284856,202401,Newcastle Falcons,away,12,127601,Cameron Hutchison,inside centre,starter
https://rugby-union-feeds.incrowdsports.com/v1/matches/284856,284856,202401,Newcastle Falcons,away,1,205585,Murray McCallum,loosehead prop,starter
https://rugby-union-feeds.incrowdsports.com/v1/matches/284856,284856,202401,Newcastle Falcons,away,3,143607,Luan de Bruin,tighthead prop,starter
https://rugby-union-feeds.incrowdsports.com/v1/matches/284856,284856,202401,Newcastle Falcons,away,4,154551,Sebastian de Chaves,second row,starter
https://rugby-union-feeds.incrowdsports.com/v1/matches/284856,284856,202401,Newcastle Falcons,away,18,170103,Callum Hancock,sub 3,replacement
https://rugby-union-feeds.incrowdsports.com/v1/matches/284856,284856,202401,Newcastle Falcons,away,2,166840,Bryan Byrne,hooker,starter
https://rugby-union-feeds.incrowdsports.com/v1/matches/284856,284856,202401,Newcastle Falcons,away,7,190680,Ollie Leatherbarrow,flanker,starter
https://rugby-union-feeds.incrowdsports.com/v1/matches/284856,284856,202401,Newcastle Falcons,away,21,116536,Max Pepper,sub 6,replacement
https://rugby-union-feeds.incrowdsports.com/v1/matches/284856,284856,202401,Newcastle Falcons,away,13,222549,Oli Spencer,outside centre,starter
https://rugby-union-feeds.incrowdsports.com/v1/matches/284856,284856,202401,Newcastle Falcons,away,15,144507,Ethan Grayson,full back,starter
https://rugby-union-feeds.incrowdsports.com/v1/matches/284856,284856,202401,Newcastle Falcons,away,20,139419,Josh Bainbridge,sub 5,replacement
https://rugby-union-feeds.incrowdsports.com/v1/matches/284856,284856,202401,Newcastle Falcons,away,23,221884,Adam Radwan,sub 8,replacement
https://rugby-union-feeds.incrowdsports.com/v1/matches/284856,284856,202401,Newcastle Falcons,away,6,188156,Adam Scott,flanker,starter
https://rugby-union-feeds.incrowdsports.com/v1/matches/284856,284856,202401,Newcastle Falcons,away,11,239961,Nathan Greenwood,left wing,starter
https://rugby-union-feeds.incrowdsports.com/v1/matches/284856,284856,202401,Newcastle Falcons,away,14,199072,Alex Hearle,right wing,starter
https://rugby-union-feeds.incrowdsports.com/v1/matches/284856,284856,202401,Newcastle Falcons,away,19,193312,John Kelly,sub 4,replacement
https://rugby-union-feeds.incrowdsports.com/v1/matches/284856,284856,202401,Newcastle Falcons,away,17,239550,Mike Rewcastle,sub 2,replacement
https://rugby-union-feeds.incrowdsports.com/v1/matches/284856,284856,202401,Newcastle Falcons,away,22,109792,Jack Metcalf,sub 7,replacement
https://rugby-union-feeds.incrowdsports.com/v1/matches/284857,284857,202401,London Scottish,home,15,239652,Josh Bellamy,full back,starter
https://rugby-union-feeds.incrowdsports.com/v1/matches/284857,284857,202401,London Scottish,home,12,188868,Will Simonds,inside centre,starter
https://rugby-union-feeds.incrowdsports.com/v1/matches/284857,284857,202401,London Scottish,home,5,240483,Jake Spurway,second row,starter
https://rugby-union-feeds.incrowdsports.com/v1/matches/284857,284857,202401,London Scottish,home,17,254051,D'arcy Mulrooney,sub 2,replacement
https://rugby-union-feeds.incrowdsports.com/v1/matches/284857,284857,202401,London Scottish,home,8,158978,Tom Marshall,number eight,starter
https://rugby-union-feeds.incrowdsports.com/v1/matches/284857,284857,202401,London Scottish,home,16,170338,Austin Wallis,sub 1,replacement
https://rugby-union-feeds.incrowdsports.com/v1/matches/284857,284857,202401,London Scottish,home,19,177538,Alex Wardell,sub 4,replacement
https://rugby-union-feeds.incrowdsports.com/v1/matches/284857,284857,202401,London Scottish,home,21,206823,Steve Kerins,sub 6,replacement
https://rugby-union-feeds.incrowdsports.com/v1/matches/284857,284857,202401,London Scottish,home,10,126696,Tom Wilstead,fly half,starter
https://rugby-union-feeds.incrowdsports.com/v1/matches/284857,284857,202401,London Scottish,home,7,142793,Bailey Ransom,flanker,starter
https://rugby-union-feeds.incrowdsports.com/v1/matches/284857,284857,202401,London Scottish,home,4,112047,Matt Wilkinson,second row,starter
https://rugby-union-feeds.incrowdsports.com/v1/matches/284857,284857,202401,London Scottish,home,18,145267,Ash Challenger,sub 3,replacement
https://rugby-union-feeds.incrowdsports.com/v1/matches/284857,284857,202401,London Scottish,home,6,111828,Ioan Rhys Davies,flanker,starter
https://rugby-union-feeds.incrowdsports.com/v1/matches/284857,284857,202401,London Scottish,home,11,141074,Noah Ferdinand,left wing,starter
https://rugby-union-feeds.incrowdsports.com/v1/matches/284857,284857,202401,London Scottish,home,20,214871,Lewis Barrett,sub 5,replacement
https://rugby-union-feeds.incrowdsports.com/v1/matches/284857,284857,202401,London Scottish,home,9,159094,Dan Nutton,scrum half,starter
https://rugby-union-feeds.incrowdsports.com/v1/matches/284857,284857,202401,London Scottish,home,22,243669,Alec Lloyd-Seed,sub 7,replacement
https://rugby-union-feeds.incrowdsports.com/v1/matches/284857,284857,202401,London Scottish,home,13,203418,Will Talbot-Davies,outside centre,starter
https://rugby-union-feeds.incrowdsports.com/v1/matches/284857,284857,202401,London Scottish,home,1,120288,George Cave,loosehead prop,starter
https://rugby-union-feeds.incrowdsports.com/v1/matches/284857,284857,202401,London Scottish,home,2,211454,Calum Scott,hooker,starter
https://rugby-union-feeds.incrowdsports.com/v1/matches/284857,284857,202401,London Scottish,home,3,237854,Ntinga Mpiko,tighthead prop,starter
https://rugby-union-feeds.incrowdsports.com/v1/matches/284857,284857,202401,London Scottish,home,23,142589,Robbie McCallum,sub 8,replacement
https://rugby-union-feeds.incrowdsports.com/v1/matches/284857,284857,202401,London Scottish,home,14,177150,Will Brown,right wing,starter
https://rugby-union-feeds.incrowdsports.com/v1/matches/284857,284857,202401,Harlequins,away,6,209476,Archie White,flanker,starter
https://rugby-union-feeds.incrowdsports.com/v1/matches/284857,284857,202401,Harlequins,away,2,149058,Sam Riley,hooker,starter
https://rugby-union-feeds.incrowdsports.com/v1/matches/284857,284857,202401,Harlequins,away,17,206881,Tom Osborne,sub 2,replacement
https://rugby-union-feeds.incrowdsports.com/v1/matches/284857,284857,202401,Harlequins,away,20,239649,Zach Carr,sub 5,replacement
https://rugby-union-feeds.incrowdsports.com/v1/matches/284857,284857,202401,Harlequins,away,15,145735,Cameron Anderson,full back,starter
https://rugby-union-feeds.incrowdsports.com/v1/matches/284857,284857,202401,Harlequins,away,19,239590,Harry Browne,sub 4,replacement
https://rugby-union-feeds.incrowdsports.com/v1/matches/284857,284857,202401,Harlequins,away,14,169483,Roma Zheng,right wing,starter
https://rugby-union-feeds.incrowdsports.com/v1/matches/284857,284857,202401,Harlequins,away,10,159436,Jamie Benson,fly half,starter
https://rugby-union-feeds.incrowdsports.com/v1/matches/284857,284857,202401,Harlequins,away,18,114413,Simon Kerrod,sub 3,replacement
https://rugby-union-feeds.incrowdsports.com/v1/matches/284857,284857,202401,Harlequins,away,13,196173,Will Joseph,outside centre,starter
https://rugby-union-feeds.incrowdsports.com/v1/matches/284857,284857,202401,Harlequins,away,16,243124,Jimmy Staples,sub 1,replacement
https://rugby-union-feeds.incrowdsports.com/v1/matches/284857,284857,202401,Harlequins,away,23,239604,Sean Kerr,sub 8,replacement
https://rugby-union-feeds.incrowdsports.com/v1/matches/284857,284857,202401,Harlequins,away,11,165170,Hayden Hyde,left wing,starter
https://rugby-union-feeds.incrowdsports.com/v1/matches/284857,284857,202401,Harlequins,away,22,177084,Connor Slevin,sub 7,replacement
https://rugby-union-feeds.incrowdsports.com/v1/matches/284857,284857,202401,Harlequins,away,9,243130,Lucas Friday,scrum half,starter
https://rugby-union-feeds.incrowdsports.com/v1/matches/284857,284857,202401,Harlequins,away,21,118972,Lewis Gjaltema,sub 6,replacement
https://rugby-union-feeds.incrowdsports.com/v1/matches/284857,284857,202401,Harlequins,away,12,114587,Bryn Bradley,inside centre,starter
https://rugby-union-feeds.incrowdsports.com/v1/matches/284857,284857,202401,Harlequins,away,4,120187,Jonny Green,second row,starter
https://rugby-union-feeds.incrowdsports.com/v1/matches/284857,284857,202401,Harlequins,away,5,158074,George Hammond,second row,starter
https://rugby-union-feeds.incrowdsports.com/v1/matches/284857,284857,202401,Harlequins,away,8,243129,Lucas Schmid,number eight,starter
https://rugby-union-feeds.incrowdsports.com/v1/matches/284857,284857,202401,Harlequins,away,3,109630,Will Hobson,tighthead prop,starter
https://rugby-union-feeds.incrowdsports.com/v1/matches/284857,284857,202401,Harlequins,away,7,144543,Tom Lawday,flanker,starter
https://rugby-union-feeds.incrowdsports.com/v1/matches/284857,284857,202401,Harlequins,away,1,111583,Wyn Jones,loosehead prop,starter
https://rugby-union-feeds.incrowdsports.com/v1/matches/284858,284858,202401,Hartpury,home,15,111009,Alex Morgan,full back,starter
https://rugby-union-feeds.incrowdsports.com/v1/matches/284858,284858,202401,Hartpury,home,18,248387,Oliver Minnis,sub 3,replacement
https://rugby-union-feeds.incrowdsports.com/v1/matches/284858,284858,202401,Hartpury,home,7,220226,Harry Short,flanker,starter
https://rugby-union-feeds.incrowdsports.com/v1/matches/284858,284858,202401,Hartpury,home,9,237895,Mike Austin,scrum half,starter
https://rugby-union-feeds.incrowdsports.com/v1/matches/284858,284858,202401,Hartpury,home,4,249222,Cameron Cobbett,second row,starter
https://rugby-union-feeds.incrowdsports.com/v1/matches/284858,284858,202401,Hartpury,home,21,143723,Ellis Hart,sub 6,replacement
https://rugby-union-feeds.incrowdsports.com/v1/matches/284858,284858,202401,Hartpury,home,20,253834,Evan Minto,sub 5,replacement
https://rugby-union-feeds.incrowdsports.com/v1/matches/284858,284858,202401,Hartpury,home,22,167951,Matty Jones,sub 7,replacement
https://rugby-union-feeds.incrowdsports.com/v1/matches/284858,284858,202401,Hartpury,home,8,217263,Jarrard Hayler,number eight,starter
https://rugby-union-feeds.incrowdsports.com/v1/matches/284858,284858,202401,Hartpury,home,17,141485,James Gibbons,sub 2,replacement
https://rugby-union-feeds.incrowdsports.com/v1/matches/284858,284858,202401,Hartpury,home,19,239341,Carn Richards-Farr,sub 4,replacement
https://rugby-union-feeds.incrowdsports.com/v1/matches/284858,284858,202401,Hartpury,home,10,229937,Harry Bazalgette,fly half,starter
https://rugby-union-feeds.incrowdsports.com/v1/matches/284858,284858,202401,Hartpury,home,23,112371,Kyle McGhie,sub 8,replacement
https://rugby-union-feeds.incrowdsports.com/v1/matches/284858,284858,202401,Hartpury,home,1,158007,Harry Edwards,loosehead prop,starter
https://rugby-union-feeds.incrowdsports.com/v1/matches/284858,284858,202401,Hartpury,home,12,199447,Robbie Smith,inside centre,starter
https://rugby-union-feeds.incrowdsports.com/v1/matches/284858,284858,202401,Hartpury,home,14,243605,Bradley Denty,right wing,starter
https://rugby-union-feeds.incrowdsports.com/v1/matches/284858,284858,202401,Hartpury,home,13,102295,Josiah Edwards-Giraud,outside centre,starter
https://rugby-union-feeds.incrowdsports.com/v1/matches/284858,284858,202401,Hartpury,home,6,143478,Sam Lewis,flanker,starter
https://rugby-union-feeds.incrowdsports.com/v1/matches/284858,284858,202401,Hartpury,home,5,176187,Jack Davies,second row,starter
https://rugby-union-feeds.incrowdsports.com/v1/matches/284858,284858,202401,Hartpury,home,11,210235,Ollie Holliday,left wing,starter
https://rugby-union-feeds.incrowdsports.com/v1/matches/284858,284858,202401,Hartpury,home,2,189850,Ethan Hunt,hooker,starter
https://rugby-union-feeds.incrowdsports.com/v1/matches/284858,284858,202401,Hartpury,home,16,204384,Will Crane,sub 1,replacement
https://rugby-union-feeds.incrowdsports.com/v1/matches/284858,284858,202401,Hartpury,home,3,179933,Joe Rees,tighthead prop,starter
https://rugby-union-feeds.incrowdsports.com/v1/matches/284858,284858,202401,Gloucester Rugby,away,13,207812,Louis Hillman-Cooper,outside centre,starter
https://rugby-union-feeds.incrowdsports.com/v1/matches/284858,284858,202401,Gloucester Rugby,away,14,241026,Josh Hathaway,right wing,starter
https://rugby-union-feeds.incrowdsports.com/v1/matches/284858,284858,202401,Gloucester Rugby,away,6,253378,Deian Gwynne,flanker,starter
https://rugby-union-feeds.incrowdsports.com/v1/matches/284858,284858,202401,Gloucester Rugby,away,10,239425,Rory Taylor,fly half,starter
https://rugby-union-feeds.incrowdsports.com/v1/matches/284858,284858,202401,Gloucester Rugby,away,21,186053,Harry Gipson,sub 6,replacement
https://rugby-union-feeds.incrowdsports.com/v1/matches/284858,284858,202401,Gloucester Rugby,away,18,220293,Alfie Petch,sub 3,replacement
https://rugby-union-feeds.incrowdsports.com/v1/matches/284858,284858,202401,Gloucester Rugby,away,9,117545,Charlie Chapman,scrum half,starter
https://rugby-union-feeds.incrowdsports.com/v1/matches/284858,284858,202401,Gloucester Rugby,away,23,178028,Tom Penny,sub 8,replacement
https://rugby-union-feeds.incrowdsports.com/v1/matches/284858,284858,202401,Gloucester Rugby,away,17,244522,Harrison Bellamy,sub 2,replacement
https://rugby-union-feeds.incrowdsports.com/v1/matches/284858,284858,202401,Gloucester Rugby,away,11,174090,Jack Reeves,left wing,starter
https://rugby-union-feeds.incrowdsports.com/v1/matches/284858,284858,202401,Gloucester Rugby,away,7,137423,Harry Taylor,flanker,starter
https://rugby-union-feeds.incrowdsports.com/v1/matches/284858,284858,202401,Gloucester Rugby,away,1,147728,Aristot Benz-Salomon,loosehead prop,starter
https://rugby-union-feeds.incrowdsports.com/v1/matches/284858,284858,202401,Gloucester Rugby,away,2,157389,Morgan Nelson,hooker,starter
https://rugby-union-feeds.incrowdsports.com/v1/matches/284858,284858,202401,Gloucester Rugby,away,4,203694,Freddie Clarke,second row,starter
https://rugby-union-feeds.incrowdsports.com/v1/matches/284858,284858,202401,Gloucester Rugby,away,8,185102,Albert Tuisue,number eight,starter
https://rugby-union-feeds.incrowdsports.com/v1/matches/284858,284858,202401,Gloucester Rugby,away,19,242961,George Knowles,sub 4,replacement
https://rugby-union-feeds.incrowdsports.com/v1/matches/284858,284858,202401,Gloucester Rugby,away,12,119286,Morgan Adderly-Jones,inside centre,starter
https://rugby-union-feeds.incrowdsports.com/v1/matches/284858,284858,202401,Gloucester Rugby,away,15,239575,Ioan Jones,full back,starter
https://rugby-union-feeds.incrowdsports.com/v1/matches/284858,284858,202401,Gloucester Rugby,away,16,245467,Gareth Blackmore,sub 1,replacement
https://rugby-union-feeds.incrowdsports.com/v1/matches/284858,284858,202401,Gloucester Rugby,away,22,239578,Max Knight,sub 7,replacement
https://rugby-union-feeds.incrowdsports.com/v1/matches/284858,284858,202401,Gloucester Rugby,away,5,244287,Danny Eite,second row,starter
https://rugby-union-feeds.incrowdsports.com/v1/matches/284858,284858,202401,Gloucester Rugby,away,3,129823,Jono Benz-Salomon,tighthead prop,starter
https://rugby-union-feeds.incrowdsports.com/v1/matches/284858,284858,202401,Gloucester Rugby,away,20,244925,Caio James,sub 5,replacement
https://rugby-union-feeds.incrowdsports.com/v1/matches/284860,284860,202401,Ealing Trailfinders,home,5,123492,Danny Cutmore,second row,starter
https://rugby-union-feeds.incrowdsports.com/v1/matches/284860,284860,202401,Ealing Trailfinders,home,1,157346,Kyle Whyte,loosehead prop,starter
https://rugby-union-feeds.incrowdsports.com/v1/matches/284860,284860,202401,Ealing Trailfinders,home,21,207745,Lloyd Williams,sub 6,replacement
https://rugby-union-feeds.incrowdsports.com/v1/matches/284860,284860,202401,Ealing Trailfinders,home,2,166278,Mike Willemse,hooker,starter
https://rugby-union-feeds.incrowdsports.com/v1/matches/284860,284860,202401,Ealing Trailfinders,home,4,215308,David Bridge,second row,starter
https://rugby-union-feeds.incrowdsports.com/v1/matches/284860,284860,202401,Ealing Trailfinders,home,23,139755,Francis Moore,sub 8,replacement
https://rugby-union-feeds.incrowdsports.com/v1/matches/284860,284860,202401,Ealing Trailfinders,home,20,188042,Rayn Smid,sub 5,replacement
https://rugby-union-feeds.incrowdsports.com/v1/matches/284860,284860,202401,Ealing Trailfinders,home,11,133454,Tom Collins,left wing,starter
https://rugby-union-feeds.incrowdsports.com/v1/matches/284860,284860,202401,Ealing Trailfinders,home,7,130961,Jordy Reid,flanker,starter
https://rugby-union-feeds.incrowdsports.com/v1/matches/284860,284860,202401,Ealing Trailfinders,home,18,135223,George Davis,sub 3,replacement
https://rugby-union-feeds.incrowdsports.com/v1/matches/284860,284860,202401,Ealing Trailfinders,home,14,205461,Angus Kernohan,right wing,starter
https://rugby-union-feeds.incrowdsports.com/v1/matches/284860,284860,202401,Ealing Trailfinders,home,17,237909,Lefty Zigiriadis,sub 2,replacement
https://rugby-union-feeds.incrowdsports.com/v1/matches/284860,284860,202401,Ealing Trailfinders,home,3,149659,Biyi Alo,tighthead prop,starter
https://rugby-union-feeds.incrowdsports.com/v1/matches/284860,284860,202401,Ealing Trailfinders,home,6,122969,Rob Farrar,flanker,starter
https://rugby-union-feeds.incrowdsports.com/v1/matches/284860,284860,202401,Ealing Trailfinders,home,10,172121,Dan Jones,fly half,starter
https://rugby-union-feeds.incrowdsports.com/v1/matches/284860,284860,202401,Ealing Trailfinders,home,8,209050,Will Montgomery,number eight,starter
https://rugby-union-feeds.incrowdsports.com/v1/matches/284860,284860,202401,Ealing Trailfinders,home,13,133626,Reuben Bird-Tulloch,outside centre,starter
https://rugby-union-feeds.incrowdsports.com/v1/matches/284860,284860,202401,Ealing Trailfinders,home,22,158938,Craig Willis,sub 7,replacement
https://rugby-union-feeds.incrowdsports.com/v1/matches/284860,284860,202401,Ealing Trailfinders,home,15,141567,Tobi Wilson,full back,starter
https://rugby-union-feeds.incrowdsports.com/v1/matches/284860,284860,202401,Ealing Trailfinders,home,16,176895,Matt Cornish,sub 1,replacement
https://rugby-union-feeds.incrowdsports.com/v1/matches/284860,284860,202401,Ealing Trailfinders,home,12,215294,Jordan Holgate,inside centre,starter
https://rugby-union-feeds.incrowdsports.com/v1/matches/284860,284860,202401,Ealing Trailfinders,home,9,162333,Craig Hampson,scrum half,starter
https://rugby-union-feeds.incrowdsports.com/v1/matches/284860,284860,202401,Ealing Trailfinders,home,19,117376,Sean Lonsdale,sub 4,replacement
https://rugby-union-feeds.incrowdsports.com/v1/matches/284860,284860,202401,Saracens,away,17,202850,Sam Crean,sub 2,replacement
https://rugby-union-feeds.incrowdsports.com/v1/matches/284860,284860,202401,Saracens,away,18,110116,Harvey Beaton,sub 3,replacement
https://rugby-union-feeds.incrowdsports.com/v1/matches/284860,284860,202401,Saracens,away,10,172072,Tim Swiel,fly half,starter
https://rugby-union-feeds.incrowdsports.com/v1/matches/284860,284860,202401,Saracens,away,4,218727,Harry Wilson,second row,starter
https://rugby-union-feeds.incrowdsports.com/v1/matches/284860,284860,202401,Saracens,away,6,239399,Max Eke,flanker,starter
https://rugby-union-feeds.incrowdsports.com/v1/matches/284860,284860,202401,Saracens,away,22,169829,Max Clark,sub 7,replacement
https://rugby-union-feeds.incrowdsports.com/v1/matches/284860,284860,202401,Saracens,away,1,117639,Phil Brantingham,loosehead prop,starter
https://rugby-union-feeds.incrowdsports.com/v1/matches/284860,284860,202401,Saracens,away,2,138027,Kapeli Pifeleti,hooker,starter
https://rugby-union-feeds.incrowdsports.com/v1/matches/284860,284860,202401,Saracens,away,9,239403,Charlie Bracken,scrum half,starter
https://rugby-union-feeds.incrowdsports.com/v1/matches/284860,284860,202401,Saracens,away,7,111209,Toby Knight,flanker,starter
https://rugby-union-feeds.incrowdsports.com/v1/matches/284860,284860,202401,Saracens,away,8,132812,Nathan Michelow,number eight,starter
https://rugby-union-feeds.incrowdsports.com/v1/matches/284860,284860,202401,Saracens,away,11,182025,Brandon Jackson-Richards,left wing,starter
https://rugby-union-feeds.incrowdsports.com/v1/matches/284860,284860,202401,Saracens,away,12,117550,Josh Hallett,inside centre,starter
https://rugby-union-feeds.incrowdsports.com/v1/matches/284860,284860,202401,Saracens,away,13,202925,Sam Spink,outside centre,starter
https://rugby-union-feeds.incrowdsports.com/v1/matches/284860,284860,202401,Saracens,away,15,182552,Tom Parton,full back,starter
https://rugby-union-feeds.incrowdsports.com/v1/matches/284860,284860,202401,Saracens,away,20,205909,Izzy Moore-Aiono,sub 5,replacement
https://rugby-union-feeds.incrowdsports.com/v1/matches/284860,284860,202401,Saracens,away,3,113433,Ollie Hoskins,tighthead prop,starter
https://rugby-union-feeds.incrowdsports.com/v1/matches/284860,284860,202401,Saracens,away,16,144473,James Hadfield,sub 1,replacement
https://rugby-union-feeds.incrowdsports.com/v1/matches/284860,284860,202401,Saracens,away,14,244799,Angus Hall,right wing,starter
https://rugby-union-feeds.incrowdsports.com/v1/matches/284860,284860,202401,Saracens,away,5,239647,Olamide Sodeke,second row,starter
https://rugby-union-feeds.incrowdsports.com/v1/matches/284860,284860,202401,Saracens,away,19,239614,Kennedy Sylvester-Junior,sub 4,replacement
https://rugby-union-feeds.incrowdsports.com/v1/matches/284860,284860,202401,Saracens,away,23,242942,Jack Bracken,sub 8,replacement
https://rugby-union-feeds.incrowdsports.com/v1/matches/284860,284860,202401,Saracens,away,21,166430,Callum Braley,sub 6,replacement
https://rugby-union-feeds.incrowdsports.com/v1/matches/284859,284859,202401,Bristol Bears,home,8,245732,Benjamin Grondona,number eight,starter
https://rugby-union-feeds.incrowdsports.com/v1/matches/284859,284859,202401,Bristol Bears,home,18,239330,Jimmy Halliwell,sub 3,replacement
https://rugby-union-feeds.incrowdsports.com/v1/matches/284859,284859,202401,Bristol Bears,home,4,244806,Kenzie Jenkins,second row,starter
https://rugby-union-feeds.incrowdsports.com/v1/matches/284859,284859,202401,Bristol Bears,home,5,237996,Joseph Owen,second row,starter
https://rugby-union-feeds.incrowdsports.com/v1/matches/284859,284859,202401,Bristol Bears,home,13,237803,Kalaveti Ravouvou,outside centre,starter
https://rugby-union-feeds.incrowdsports.com/v1/matches/284859,284859,202401,Bristol Bears,home,2,183340,Harry Thacker,hooker,starter
https://rugby-union-feeds.incrowdsports.com/v1/matches/284859,284859,202401,Bristol Bears,home,16,178506,Will Capon,sub 1,replacement
https://rugby-union-feeds.incrowdsports.com/v1/matches/284859,284859,202401,Bristol Bears,home,22,199886,Jack Bates,sub 7,replacement
https://rugby-union-feeds.incrowdsports.com/v1/matches/284859,284859,202401,Bristol Bears,home,7,126962,Jake Heenan,flanker,starter
https://rugby-union-feeds.incrowdsports.com/v1/matches/284859,284859,202401,Bristol Bears,home,23,172659,Harry Rowson,sub 8,replacement
https://rugby-union-feeds.incrowdsports.com/v1/matches/284859,284859,202401,Bristol Bears,home,12,243442,Joe Jenkins,inside centre,starter
https://rugby-union-feeds.incrowdsports.com/v1/matches/284859,284859,202401,Bristol Bears,home,14,161106,Toby Fricker,right wing,starter
https://rugby-union-feeds.incrowdsports.com/v1/matches/284859,284859,202401,Bristol Bears,home,17,239313,Louie Trevett,sub 2,replacement
https://rugby-union-feeds.incrowdsports.com/v1/matches/284859,284859,202401,Bristol Bears,home,20,239318,Aaron Tull,sub 5,replacement
https://rugby-union-feeds.incrowdsports.com/v1/matches/284859,284859,202401,Bristol Bears,home,6,239317,Paddy Pearce,flanker,starter
https://rugby-union-feeds.incrowdsports.com/v1/matches/284859,284859,202401,Bristol Bears,home,1,193564,Yann Thomas,loosehead prop,starter
https://rugby-union-feeds.incrowdsports.com/v1/matches/284859,284859,202401,Bristol Bears,home,9,210010,Kieran Marmion,scrum half,starter
https://rugby-union-feeds.incrowdsports.com/v1/matches/284859,284859,202401,Bristol Bears,home,21,162265,Sam Edwards,sub 6,replacement
https://rugby-union-feeds.incrowdsports.com/v1/matches/284859,284859,202401,Bristol Bears,home,15,241920,Benjamin Elizalde,full back,starter
https://rugby-union-feeds.incrowdsports.com/v1/matches/284859,284859,202401,Bristol Bears,home,11,149471,Deago Bailey,left wing,starter
https://rugby-union-feeds.incrowdsports.com/v1/matches/284859,284859,202401,Bristol Bears,home,3,223904,Lovejoy Chawatama,tighthead prop,starter
https://rugby-union-feeds.incrowdsports.com/v1/matches/284859,284859,202401,Bristol Bears,home,19,177759,Tom Doughty,sub 4,replacement
https://rugby-union-feeds.incrowdsports.com/v1/matches/284859,284859,202401,Bristol Bears,home,10,240061,Sam Worsley,fly half,starter
https://rugby-union-feeds.incrowdsports.com/v1/matches/284859,284859,202401,Bedford Blues,away,14,239490,Will Glister,right wing,starter
https://rugby-union-feeds.incrowdsports.com/v1/matches/284859,284859,202401,Bedford Blues,away,1,173378,Joey Conway,loosehead prop,starter
https://rugby-union-feeds.incrowdsports.com/v1/matches/284859,284859,202401,Bedford Blues,away,9,175400,James Lennon,scrum half,starter
https://rugby-union-feeds.incrowdsports.com/v1/matches/284859,284859,202401,Bedford Blues,away,21,201767,Alex Day,sub 6,replacement
https://rugby-union-feeds.incrowdsports.com/v1/matches/284859,284859,202401,Bedford Blues,away,4,243403,George Smith,second row,starter
https://rugby-union-feeds.incrowdsports.com/v1/matches/284859,284859,202401,Bedford Blues,away,18,105769,Oisin Heffernan,sub 3,replacement
https://rugby-union-feeds.incrowdsports.com/v1/matches/284859,284859,202401,Bedford Blues,away,22,238224,Louis James,sub 7,replacement
https://rugby-union-feeds.incrowdsports.com/v1/matches/284859,284859,202401,Bedford Blues,away,13,178160,Alfie Garside,outside centre,starter
https://rugby-union-feeds.incrowdsports.com/v1/matches/284859,284859,202401,Bedford Blues,away,10,127373,Will Maisey,fly half,starter
https://rugby-union-feeds.incrowdsports.com/v1/matches/284859,284859,202401,Bedford Blues,away,5,137971,Shay Kerry,second row,starter
https://rugby-union-feeds.incrowdsports.com/v1/matches/284859,284859,202401,Bedford Blues,away,2,253651,Tommy Herman,hooker,starter
https://rugby-union-feeds.incrowdsports.com/v1/matches/284859,284859,202401,Bedford Blues,away,12,219634,Lucas Titherington,inside centre,starter
https://rugby-union-feeds.incrowdsports.com/v1/matches/284859,284859,202401,Bedford Blues,away,8,225330,Archie Benson,number eight,starter
https://rugby-union-feeds.incrowdsports.com/v1/matches/284859,284859,202401,Bedford Blues,away,6,224241,Luke Frost,flanker,starter
https://rugby-union-feeds.incrowdsports.com/v1/matches/284859,284859,202401,Bedford Blues,away,17,168690,Jamie Jack,sub 2,replacement
https://rugby-union-feeds.incrowdsports.com/v1/matches/284859,284859,202401,Bedford Blues,away,7,197430,Joe Howard,flanker,starter
https://rugby-union-feeds.incrowdsports.com/v1/matches/284859,284859,202401,Bedford Blues,away,15,132502,Matt Worley,full back,starter
https://rugby-union-feeds.incrowdsports.com/v1/matches/284859,284859,202401,Bedford Blues,away,3,238140,Beltus Nonleh,tighthead prop,starter
https://rugby-union-feeds.incrowdsports.com/v1/matches/284859,284859,202401,Bedford Blues,away,23,209724,Joel Matavesi,sub 8,replacement
https://rugby-union-feeds.incrowdsports.com/v1/matches/284859,284859,202401,Bedford Blues,away,11,168281,Dean Adamson,left wing,starter
https://rugby-union-feeds.incrowdsports.com/v1/matches/284859,284859,202401,Bedford Blues,away,19,123483,Rory Ward,sub 4,replacement
https://rugby-union-feeds.incrowdsports.com/v1/matches/284859,284859,202401,Bedford Blues,away,16,178656,James Fish,sub 1,replacement
https://rugby-union-feeds.incrowdsports.com/v1/matches/284859,284859,202401,Bedford Blues,away,20,221183,Jac Arthur,sub 5,replacement
https://rugby-union-feeds.incrowdsports.com/v1/matches/284861,284861,202401,Bedford Blues,home,22,166209,Mike le Bourgeois,sub 7,replacement
https://rugby-union-feeds.incrowdsports.com/v1/matches/284861,284861,202401,Bedford Blues,home,23,239490,Will Glister,sub 8,replacement
https://rugby-union-feeds.incrowdsports.com/v1/matches/284861,284861,202401,Bedford Blues,home,17,173378,Joey Conway,sub 2,replacement
https://rugby-union-feeds.incrowdsports.com/v1/matches/284861,284861,202401,Bedford Blues,home,9,201767,Alex Day,scrum half,starter
https://rugby-union-feeds.incrowdsports.com/v1/matches/284861,284861,202401,Bedford Blues,home,21,175400,James Lennon,sub 6,replacement
https://rugby-union-feeds.incrowdsports.com/v1/matches/284861,284861,202401,Bedford Blues,home,3,105769,Oisin Heffernan,tighthead prop,starter
https://rugby-union-feeds.incrowdsports.com/v1/matches/284861,284861,202401,Bedford Blues,home,4,243403,George Smith,second row,starter
https://rugby-union-feeds.incrowdsports.com/v1/matches/284861,284861,202401,Bedford Blues,home,15,238224,Louis James,full back,starter
https://rugby-union-feeds.incrowdsports.com/v1/matches/284861,284861,202401,Bedford Blues,home,14,178160,Alfie Garside,right wing,starter
https://rugby-union-feeds.incrowdsports.com/v1/matches/284861,284861,202401,Bedford Blues,home,10,127373,Will Maisey,fly half,starter
https://rugby-union-feeds.incrowdsports.com/v1/matches/284861,284861,202401,Bedford Blues,home,8,121234,Fred Tuilagi,number eight,starter
https://rugby-union-feeds.incrowdsports.com/v1/matches/284861,284861,202401,Bedford Blues,home,19,137971,Shay Kerry,sub 4,replacement
https://rugby-union-feeds.incrowdsports.com/v1/matches/284861,284861,202401,Bedford Blues,home,16,253651,Tommy Herman,sub 1,replacement
https://rugby-union-feeds.incrowdsports.com/v1/matches/284861,284861,202401,Bedford Blues,home,13,219634,Lucas Titherington,outside centre,starter
https://rugby-union-feeds.incrowdsports.com/v1/matches/284861,284861,202401,Bedford Blues,home,1,168690,Jamie Jack,loosehead prop,starter
https://rugby-union-feeds.incrowdsports.com/v1/matches/284861,284861,202401,Bedford Blues,home,6,224241,Luke Frost,flanker,starter
https://rugby-union-feeds.incrowdsports.com/v1/matches/284861,284861,202401,Bedford Blues,home,20,197430,Joe Howard,sub 5,replacement
https://rugby-union-feeds.incrowdsports.com/v1/matches/284861,284861,202401,Bedford Blues,home,12,209724,Joel Matavesi,inside centre,starter
https://rugby-union-feeds.incrowdsports.com/v1/matches/284861,284861,202401,Bedford Blues,home,18,238140,Beltus Nonleh,sub 3,replacement
https://rugby-union-feeds.incrowdsports.com/v1/matches/284861,284861,202401,Bedford Blues,home,11,168281,Dean Adamson,left wing,starter
https://rugby-union-feeds.incrowdsports.com/v1/matches/284861,284861,202401,Bedford Blues,home,5,123483,Rory Ward,second row,starter
https://rugby-union-feeds.incrowdsports.com/v1/matches/284861,284861,202401,Bedford Blues,home,2,178656,James Fish,hooker,starter
https://rugby-union-feeds.incrowdsports.com/v1/matches/284861,284861,202401,Bedford Blues,home,7,221183,Jac Arthur,flanker,starter
https://rugby-union-feeds.incrowdsports.com/v1/matches/284861,284861,202401,Ampthill,away,9,101218,Roan Frostwick,scrum half,starter
https://rugby-union-feeds.incrowdsports.com/v1/matches/284861,284861,202401,Ampthill,away,5,244740,Jake Parkinson,second row,starter
https://rugby-union-feeds.incrowdsports.com/v1/matches/284861,284861,202401,Ampthill,away,10,154660,Josh Barton,fly half,starter
https://rugby-union-feeds.incrowdsports.com/v1/matches/284861,284861,202401,Ampthill,away,2,254049,Luke Thompson,hooker,starter
https://rugby-union-feeds.incrowdsports.com/v1/matches/284861,284861,202401,Ampthill,away,18,240481,Callum Norrie,sub 3,replacement
https://rugby-union-feeds.incrowdsports.com/v1/matches/284861,284861,202401,Ampthill,away,21,186466,Rory Morgan,sub 6,replacement
https://rugby-union-feeds.incrowdsports.com/v1/matches/284861,284861,202401,Ampthill,away,20,166919,Karl Main,sub 5,replacement
https://rugby-union-feeds.incrowdsports.com/v1/matches/284861,284861,202401,Ampthill,away,22,251557,Byron Sharwood,sub 7,replacement
https://rugby-union-feeds.incrowdsports.com/v1/matches/284861,284861,202401,Ampthill,away,11,253739,Mason Cullen,left wing,starter
https://rugby-union-feeds.incrowdsports.com/v1/matches/284861,284861,202401,Ampthill,away,1,151850,James Flynn,loosehead prop,starter
https://rugby-union-feeds.incrowdsports.com/v1/matches/284861,284861,202401,Ampthill,away,12,190287,Fraser Strachan,inside centre,starter
https://rugby-union-feeds.incrowdsports.com/v1/matches/284861,284861,202401,Ampthill,away,23,118862,Oran McNulty,sub 8,replacement
https://rugby-union-feeds.incrowdsports.com/v1/matches/284861,284861,202401,Ampthill,away,13,251023,Sione Vaenuku,outside centre,starter
https://rugby-union-feeds.incrowdsports.com/v1/matches/284861,284861,202401,Ampthill,away,6,203086,Tino Mapapalangi,flanker,starter
https://rugby-union-feeds.incrowdsports.com/v1/matches/284861,284861,202401,Ampthill,away,7,127666,Charles Rylands,flanker,starter
https://rugby-union-feeds.incrowdsports.com/v1/matches/284861,284861,202401,Ampthill,away,14,241714,Kerr Johnston,right wing,starter
https://rugby-union-feeds.incrowdsports.com/v1/matches/284861,284861,202401,Ampthill,away,16,218776,Syd Blackmore,sub 1,replacement
https://rugby-union-feeds.incrowdsports.com/v1/matches/284861,284861,202401,Ampthill,away,17,157303,Richard Barrington,sub 2,replacement
https://rugby-union-feeds.incrowdsports.com/v1/matches/284861,284861,202401,Ampthill,away,19,248280,Oskar Hicks,sub 4,replacement
https://rugby-union-feeds.incrowdsports.com/v1/matches/284861,284861,202401,Ampthill,away,3,109847,James Johnston,tighthead prop,starter
https://rugby-union-feeds.incrowdsports.com/v1/matches/284861,284861,202401,Ampthill,away,15,147674,Evan Mitchell,full back,starter
https://rugby-union-feeds.incrowdsports.com/v1/matches/284861,284861,202401,Ampthill,away,4,244288,Arthur Thomas,second row,starter
https://rugby-union-feeds.incrowdsports.com/v1/matches/284861,284861,202401,Ampthill,away,8,241023,Lekima Ravuvu,number eight,starter
https://rugby-union-feeds.incrowdsports.com/v1/matches/284863,284863,202401,Sale Sharks,home,6,242916,Jos Gilmore,flanker,starter
https://rugby-union-feeds.incrowdsports.com/v1/matches/284863,284863,202401,Sale Sharks,home,16,239524,Harry Thompson,sub 1,replacement
https://rugby-union-feeds.incrowdsports.com/v1/matches/284863,284863,202401,Sale Sharks,home,23,239528,Yande Nkonge,sub 8,replacement
https://rugby-union-feeds.incrowdsports.com/v1/matches/284863,284863,202401,Sale Sharks,home,5,239462,Tom Burrow,second row,starter
https://rugby-union-feeds.incrowdsports.com/v1/matches/284863,284863,202401,Sale Sharks,home,7,103530,Tristan Woodman,flanker,starter
https://rugby-union-feeds.incrowdsports.com/v1/matches/284863,284863,202401,Sale Sharks,home,14,153804,Obi Ene,right wing,starter
https://rugby-union-feeds.incrowdsports.com/v1/matches/284863,284863,202401,Sale Sharks,home,21,208778,Charlie Wardle,sub 6,replacement
https://rugby-union-feeds.incrowdsports.com/v1/matches/284863,284863,202401,Sale Sharks,home,2,206761,Tadgh McElroy,hooker,starter
https://rugby-union-feeds.incrowdsports.com/v1/matches/284863,284863,202401,Sale Sharks,home,22,239529,Will Wooton,sub 7,replacement
https://rugby-union-feeds.incrowdsports.com/v1/matches/284863,284863,202401,Sale Sharks,home,9,100557,Gus Warr,scrum half,starter
https://rugby-union-feeds.incrowdsports.com/v1/matches/284863,284863,202401,Sale Sharks,home,17,243055,Ralph McEachran,sub 2,replacement
https://rugby-union-feeds.incrowdsports.com/v1/matches/284863,284863,202401,Sale Sharks,home,15,205075,Luke James,full back,starter
https://rugby-union-feeds.incrowdsports.com/v1/matches/284863,284863,202401,Sale Sharks,home,4,204307,Le Roux Roets,second row,starter
https://rugby-union-feeds.incrowdsports.com/v1/matches/284863,284863,202401,Sale Sharks,home,8,159444,Rouban Birch,number eight,starter
https://rugby-union-feeds.incrowdsports.com/v1/matches/284863,284863,202401,Sale Sharks,home,18,239473,Tye Raymont,sub 3,replacement
https://rugby-union-feeds.incrowdsports.com/v1/matches/284863,284863,202401,Sale Sharks,home,11,239510,Alex Wills,left wing,starter
https://rugby-union-feeds.incrowdsports.com/v1/matches/284863,284863,202401,Sale Sharks,home,1,147029,Tumy Onasanya,loosehead prop,starter
https://rugby-union-feeds.incrowdsports.com/v1/matches/284863,284863,202401,Sale Sharks,home,3,123738,James Harper,tighthead prop,starter
https://rugby-union-feeds.incrowdsports.com/v1/matches/284863,284863,202401,Sale Sharks,home,13,224475,Joe Bedlow,outside centre,starter
https://rugby-union-feeds.incrowdsports.com/v1/matches/284863,284863,202401,Sale Sharks,home,19,131065,Ben Bamber,sub 4,replacement
https://rugby-union-feeds.incrowdsports.com/v1/matches/284863,284863,202401,Sale Sharks,home,20,239610,Will Riley,sub 5,replacement
https://rugby-union-feeds.incrowdsports.com/v1/matches/284863,284863,202401,Sale Sharks,home,12,191866,Sam Bedlow,inside centre,starter
https://rugby-union-feeds.incrowdsports.com/v1/matches/284863,284863,202401,Sale Sharks,home,10,201247,Tom Curtis,fly half,starter
https://rugby-union-feeds.incrowdsports.com/v1/matches/284863,284863,202401,Caldy,away,9,134786,Joe Murray,scrum half,starter
https://rugby-union-feeds.incrowdsports.com/v1/matches/284863,284863,202401,Caldy,away,4,128326,Sam Dickinson,second row,starter
https://rugby-union-feeds.incrowdsports.com/v1/matches/284863,284863,202401,Caldy,away,7,100102,Callum Ridgway,flanker,starter
https://rugby-union-feeds.incrowdsports.com/v1/matches/284863,284863,202401,Caldy,away,15,249318,Matthew Kilcourse,full back,starter
https://rugby-union-feeds.incrowdsports.com/v1/matches/284863,284863,202401,Caldy,away,2,201317,Oliver Hearn,hooker,starter
https://rugby-union-feeds.incrowdsports.com/v1/matches/284863,284863,202401,Caldy,away,6,240901,Sam Olyott,flanker,starter
https://rugby-union-feeds.incrowdsports.com/v1/matches/284863,284863,202401,Caldy,away,12,116266,Mike Barlow,inside centre,starter
https://rugby-union-feeds.incrowdsports.com/v1/matches/284863,284863,202401,Caldy,away,11,140971,Michael Cartmill,left wing,starter
https://rugby-union-feeds.incrowdsports.com/v1/matches/284863,284863,202401,Caldy,away,8,219984,Josiah Dickinson,number eight,starter
https://rugby-union-feeds.incrowdsports.com/v1/matches/284863,284863,202401,Caldy,away,18,161165,Ryan Higginson,sub 3,replacement
https://rugby-union-feeds.incrowdsports.com/v1/matches/284863,284863,202401,Caldy,away,14,128943,Nick Royle,right wing,starter
https://rugby-union-feeds.incrowdsports.com/v1/matches/284863,284863,202401,Caldy,away,20,243444,Tom Parry,sub 5,replacement
https://rugby-union-feeds.incrowdsports.com/v1/matches/284863,284863,202401,Caldy,away,22,123729,Ben Jones,sub 7,replacement
https://rugby-union-feeds.incrowdsports.com/v1/matches/284863,284863,202401,Caldy,away,13,205906,Connor Wilkinson,outside centre,starter
https://rugby-union-feeds.incrowdsports.com/v1/matches/284863,284863,202401,Caldy,away,5,135474,Martin Gerrard,second row,starter
https://rugby-union-feeds.incrowdsports.com/v1/matches/284863,284863,202401,Caldy,away,3,151288,Nathan Rushton,tighthead prop,starter
https://rugby-union-feeds.incrowdsports.com/v1/matches/284863,284863,202401,Caldy,away,23,244567,Jacob Mitchell,sub 8,replacement
https://rugby-union-feeds.incrowdsports.com/v1/matches/284863,284863,202401,Caldy,away,10,248918,Daniel Rabbette,fly half,starter
https://rugby-union-feeds.incrowdsports.com/v1/matches/284863,284863,202401,Caldy,away,17,143291,Monty Weatherby,sub 2,replacement
https://rugby-union-feeds.incrowdsports.com/v1/matches/284863,284863,202401,Caldy,away,16,174137,Matt Gallagher,sub 1,replacement
https://rugby-union-feeds.incrowdsports.com/v1/matches/284863,284863,202401,Caldy,away,19,202650,Joe Sproston,sub 4,replacement
https://rugby-union-feeds.incrowdsports.com/v1/matches/284863,284863,202401,Caldy,away,1,177502,Adam Aigbokhae,loosehead prop,starter
https://rugby-union-feeds.incrowdsports.com/v1/matches/284863,284863,202401,Caldy,away,21,223645,Ollie Wynn,sub 6,replacement
https://rugby-union-feeds.incrowdsports.com/v1/matches/284862,284862,202401,Harlequins,home,8,209476,Archie White,number eight,starter
https://rugby-union-feeds.incrowdsports.com/v1/matches/284862,284862,202401,Harlequins,home,21,241156,Jake Murray,sub 6,replacement
https://rugby-union-feeds.incrowdsports.com/v1/matches/284862,284862,202401,Harlequins,home,2,149058,Sam Riley,hooker,starter
https://rugby-union-feeds.incrowdsports.com/v1/matches/284862,284862,202401,Harlequins,home,17,206881,Tom Osborne,sub 2,replacement
https://rugby-union-feeds.incrowdsports.com/v1/matches/284862,284862,202401,Harlequins,home,14,145735,Cameron Anderson,right wing,starter
https://rugby-union-feeds.incrowdsports.com/v1/matches/284862,284862,202401,Harlequins,home,19,239590,Harry Browne,sub 4,replacement
https://rugby-union-feeds.incrowdsports.com/v1/matches/284862,284862,202401,Harlequins,home,10,159436,Jamie Benson,fly half,starter
https://rugby-union-feeds.incrowdsports.com/v1/matches/284862,284862,202401,Harlequins,home,18,114413,Simon Kerrod,sub 3,replacement
https://rugby-union-feeds.incrowdsports.com/v1/matches/284862,284862,202401,Harlequins,home,13,196173,Will Joseph,outside centre,starter
https://rugby-union-feeds.incrowdsports.com/v1/matches/284862,284862,202401,Harlequins,home,22,239604,Sean Kerr,sub 7,replacement
https://rugby-union-feeds.incrowdsports.com/v1/matches/284862,284862,202401,Harlequins,home,23,165170,Hayden Hyde,sub 8,replacement
https://rugby-union-feeds.incrowdsports.com/v1/matches/284862,284862,202401,Harlequins,home,6,104022,Will Trenholm,flanker,starter
https://rugby-union-feeds.incrowdsports.com/v1/matches/284862,284862,202401,Harlequins,home,15,135416,Leigh Halfpenny,full back,starter
https://rugby-union-feeds.incrowdsports.com/v1/matches/284862,284862,202401,Harlequins,home,16,145720,Nathan Jibulu,sub 1,replacement
https://rugby-union-feeds.incrowdsports.com/v1/matches/284862,284862,202401,Harlequins,home,11,137369,Nick David,left wing,starter
https://rugby-union-feeds.incrowdsports.com/v1/matches/284862,284862,202401,Harlequins,home,9,243130,Lucas Friday,scrum half,starter
https://rugby-union-feeds.incrowdsports.com/v1/matches/284862,284862,202401,Harlequins,home,4,132185,Joe Launchbury,second row,starter
https://rugby-union-feeds.incrowdsports.com/v1/matches/284862,284862,202401,Harlequins,home,12,114587,Bryn Bradley,inside centre,starter
https://rugby-union-feeds.incrowdsports.com/v1/matches/284862,284862,202401,Harlequins,home,5,158074,George Hammond,second row,starter
https://rugby-union-feeds.incrowdsports.com/v1/matches/284862,284862,202401,Harlequins,home,20,243129,Lucas Schmid,sub 5,replacement
https://rugby-union-feeds.incrowdsports.com/v1/matches/284862,284862,202401,Harlequins,home,3,109630,Will Hobson,tighthead prop,starter
https://rugby-union-feeds.incrowdsports.com/v1/matches/284862,284862,202401,Harlequins,home,7,144543,Tom Lawday,flanker,starter
https://rugby-union-feeds.incrowdsports.com/v1/matches/284862,284862,202401,Harlequins,home,1,111583,Wyn Jones,loosehead prop,starter
https://rugby-union-feeds.incrowdsports.com/v1/matches/284862,284862,202401,Ealing Trailfinders,away,20,164129,Josh Taylor,sub 5,replacement
https://rugby-union-feeds.incrowdsports.com/v1/matches/284862,284862,202401,Ealing Trailfinders,away,14,117859,Nathan Earle,right wing,starter
https://rugby-union-feeds.incrowdsports.com/v1/matches/284862,284862,202401,Ealing Trailfinders,away,1,157346,Kyle Whyte,loosehead prop,starter
https://rugby-union-feeds.incrowdsports.com/v1/matches/284862,284862,202401,Ealing Trailfinders,away,21,207745,Lloyd Williams,sub 6,replacement
https://rugby-union-feeds.incrowdsports.com/v1/matches/284862,284862,202401,Ealing Trailfinders,away,16,189576,Cameron Terry,sub 1,replacement
https://rugby-union-feeds.incrowdsports.com/v1/matches/284862,284862,202401,Ealing Trailfinders,away,4,215308,David Bridge,second row,starter
https://rugby-union-feeds.incrowdsports.com/v1/matches/284862,284862,202401,Ealing Trailfinders,away,23,139755,Francis Moore,sub 8,replacement
https://rugby-union-feeds.incrowdsports.com/v1/matches/284862,284862,202401,Ealing Trailfinders,away,8,188042,Rayn Smid,number eight,starter
https://rugby-union-feeds.incrowdsports.com/v1/matches/284862,284862,202401,Ealing Trailfinders,away,11,133454,Tom Collins,left wing,starter
https://rugby-union-feeds.incrowdsports.com/v1/matches/284862,284862,202401,Ealing Trailfinders,away,19,165364,Matas Jurevicius,sub 4,replacement
https://rugby-union-feeds.incrowdsports.com/v1/matches/284862,284862,202401,Ealing Trailfinders,away,18,135223,George Davis,sub 3,replacement
https://rugby-union-feeds.incrowdsports.com/v1/matches/284862,284862,202401,Ealing Trailfinders,away,17,237909,Lefty Zigiriadis,sub 2,replacement
https://rugby-union-feeds.incrowdsports.com/v1/matches/284862,284862,202401,Ealing Trailfinders,away,3,149659,Biyi Alo,tighthead prop,starter
https://rugby-union-feeds.incrowdsports.com/v1/matches/284862,284862,202401,Ealing Trailfinders,away,7,122969,Rob Farrar,flanker,starter
https://rugby-union-feeds.incrowdsports.com/v1/matches/284862,284862,202401,Ealing Trailfinders,away,10,172121,Dan Jones,fly half,starter
https://rugby-union-feeds.incrowdsports.com/v1/matches/284862,284862,202401,Ealing Trailfinders,away,6,209050,Will Montgomery,flanker,starter
https://rugby-union-feeds.incrowdsports.com/v1/matches/284862,284862,202401,Ealing Trailfinders,away,13,133626,Reuben Bird-Tulloch,outside centre,starter
https://rugby-union-feeds.incrowdsports.com/v1/matches/284862,284862,202401,Ealing Trailfinders,away,22,158938,Craig Willis,sub 7,replacement
https://rugby-union-feeds.incrowdsports.com/v1/matches/284862,284862,202401,Ealing Trailfinders,away,15,141567,Tobi Wilson,full back,starter
https://rugby-union-feeds.incrowdsports.com/v1/matches/284862,284862,202401,Ealing Trailfinders,away,2,176895,Matt Cornish,hooker,starter
https://rugby-union-feeds.incrowdsports.com/v1/matches/284862,284862,202401,Ealing Trailfinders,away,12,215294,Jordan Holgate,inside centre,starter
https://rugby-union-feeds.incrowdsports.com/v1/matches/284862,284862,202401,Ealing Trailfinders,away,9,162333,Craig Hampson,scrum half,starter
https://rugby-union-feeds.incrowdsports.com/v1/matches/284862,284862,202401,Ealing Trailfinders,away,5,117376,Sean Lonsdale,second row,starter
https://rugby-union-feeds.incrowdsports.com/v1/matches/284864,284864,202401,Bath Rugby,home,6,123233,Ethan Staddon,flanker,starter
https://rugby-union-feeds.incrowdsports.com/v1/matches/284864,284864,202401,Bath Rugby,home,19,132737,Mackenzie Graham,sub 4,replacement
https://rugby-union-feeds.incrowdsports.com/v1/matches/284864,284864,202401,Bath Rugby,home,15,101123,Ciaran Donoghue,full back,starter
https://rugby-union-feeds.incrowdsports.com/v1/matches/284864,284864,202401,Bath Rugby,home,9,156834,Tom Carr-Smith,scrum half,starter
https://rugby-union-feeds.incrowdsports.com/v1/matches/284864,284864,202401,Bath Rugby,home,3,137026,Kieran Verden,tighthead prop,starter
https://rugby-union-feeds.incrowdsports.com/v1/matches/284864,284864,202401,Bath Rugby,home,20,239297,Arthur Green,sub 5,replacement
https://rugby-union-feeds.incrowdsports.com/v1/matches/284864,284864,202401,Bath Rugby,home,12,239302,Will Parry,inside centre,starter
https://rugby-union-feeds.incrowdsports.com/v1/matches/284864,284864,202401,Bath Rugby,home,17,209868,Mike Summerfield,sub 2,replacement
https://rugby-union-feeds.incrowdsports.com/v1/matches/284864,284864,202401,Bath Rugby,home,8,145484,Alfie Barbeary,number eight,starter
https://rugby-union-feeds.incrowdsports.com/v1/matches/284864,284864,202401,Bath Rugby,home,16,210731,John Stewart,sub 1,replacement
https://rugby-union-feeds.incrowdsports.com/v1/matches/284864,284864,202401,Bath Rugby,home,2,243059,Kepu Tuipulotu,hooker,starter
https://rugby-union-feeds.incrowdsports.com/v1/matches/284864,284864,202401,Bath Rugby,home,21,241747,Neil le Roux,sub 6,replacement
https://rugby-union-feeds.incrowdsports.com/v1/matches/284864,284864,202401,Bath Rugby,home,22,243027,James Short,sub 7,replacement
https://rugby-union-feeds.incrowdsports.com/v1/matches/284864,284864,202401,Bath Rugby,home,5,217750,Ewan Richards,second row,starter
https://rugby-union-feeds.incrowdsports.com/v1/matches/284864,284864,202401,Bath Rugby,home,14,244508,Charlie Griffin,right wing,starter
https://rugby-union-feeds.incrowdsports.com/v1/matches/284864,284864,202401,Bath Rugby,home,11,112538,Ruaridh McConnochie,left wing,starter
https://rugby-union-feeds.incrowdsports.com/v1/matches/284864,284864,202401,Bath Rugby,home,18,239292,Billy Sela,sub 3,replacement
https://rugby-union-feeds.incrowdsports.com/v1/matches/284864,284864,202401,Bath Rugby,home,10,220475,Orlando Bailey,fly half,starter
https://rugby-union-feeds.incrowdsports.com/v1/matches/284864,284864,202401,Bath Rugby,home,1,219609,Arthur Cordwell,loosehead prop,starter
https://rugby-union-feeds.incrowdsports.com/v1/matches/284864,284864,202401,Bath Rugby,home,7,132895,Tom Cowan,flanker,starter
https://rugby-union-feeds.incrowdsports.com/v1/matches/284864,284864,202401,Bath Rugby,home,23,243072,Tyler Offiah,sub 8,replacement
https://rugby-union-feeds.incrowdsports.com/v1/matches/284864,284864,202401,Bath Rugby,home,4,239294,Will Jeanes,second row,starter
https://rugby-union-feeds.incrowdsports.com/v1/matches/284864,284864,202401,Bath Rugby,home,13,233245,Louie Hennessey,outside centre,starter
https://rugby-union-feeds.incrowdsports.com/v1/matches/284864,284864,202401,Bristol Bears,away,19,244483,Ethan Surrey,sub 4,replacement
https://rugby-union-feeds.incrowdsports.com/v1/matches/284864,284864,202401,Bristol Bears,away,18,239330,Jimmy Halliwell,sub 3,replacement
https://rugby-union-feeds.incrowdsports.com/v1/matches/284864,284864,202401,Bristol Bears,away,4,244806,Kenzie Jenkins,second row,starter
https://rugby-union-feeds.incrowdsports.com/v1/matches/284864,284864,202401,Bristol Bears,away,23,117575,Jacob Cusick,sub 8,replacement
https://rugby-union-feeds.incrowdsports.com/v1/matches/284864,284864,202401,Bristol Bears,away,11,243018,Aidan Boshoff,left wing,starter
https://rugby-union-feeds.incrowdsports.com/v1/matches/284864,284864,202401,Bristol Bears,away,3,163209,George Kloska,tighthead prop,starter
https://rugby-union-feeds.incrowdsports.com/v1/matches/284864,284864,202401,Bristol Bears,away,2,178506,Will Capon,hooker,starter
https://rugby-union-feeds.incrowdsports.com/v1/matches/284864,284864,202401,Bristol Bears,away,21,250857,Cai Gealy,sub 6,replacement
https://rugby-union-feeds.incrowdsports.com/v1/matches/284864,284864,202401,Bristol Bears,away,13,199886,Jack Bates,outside centre,starter
https://rugby-union-feeds.incrowdsports.com/v1/matches/284864,284864,202401,Bristol Bears,away,15,172659,Harry Rowson,full back,starter
https://rugby-union-feeds.incrowdsports.com/v1/matches/284864,284864,202401,Bristol Bears,away,7,239507,Theo Mayell,flanker,starter
https://rugby-union-feeds.incrowdsports.com/v1/matches/284864,284864,202401,Bristol Bears,away,12,243442,Joe Jenkins,inside centre,starter
https://rugby-union-feeds.incrowdsports.com/v1/matches/284864,284864,202401,Bristol Bears,away,17,239313,Louie Trevett,sub 2,replacement
https://rugby-union-feeds.incrowdsports.com/v1/matches/284864,284864,202401,Bristol Bears,away,10,216599,Richard Lane,fly half,starter
https://rugby-union-feeds.incrowdsports.com/v1/matches/284864,284864,202401,Bristol Bears,away,5,240535,Peter Paramore,second row,starter
https://rugby-union-feeds.incrowdsports.com/v1/matches/284864,284864,202401,Bristol Bears,away,8,239318,Aaron Tull,number eight,starter
https://rugby-union-feeds.incrowdsports.com/v1/matches/284864,284864,202401,Bristol Bears,away,6,239317,Paddy Pearce,flanker,starter
https://rugby-union-feeds.incrowdsports.com/v1/matches/284864,284864,202401,Bristol Bears,away,16,152822,Tomas Gwilliam,sub 1,replacement
https://rugby-union-feeds.incrowdsports.com/v1/matches/284864,284864,202401,Bristol Bears,away,1,193564,Yann Thomas,loosehead prop,starter
https://rugby-union-feeds.incrowdsports.com/v1/matches/284864,284864,202401,Bristol Bears,away,9,162265,Sam Edwards,scrum half,starter
https://rugby-union-feeds.incrowdsports.com/v1/matches/284864,284864,202401,Bristol Bears,away,14,149471,Deago Bailey,right wing,starter
https://rugby-union-feeds.incrowdsports.com/v1/matches/284864,284864,202401,Bristol Bears,away,20,169310,Ed Timpson,sub 5,replacement
https://rugby-union-feeds.incrowdsports.com/v1/matches/284864,284864,202401,Bristol Bears,away,22,244797,Toby Baker,sub 7,replacement
https://rugby-union-feeds.incrowdsports.com/v1/matches/284865,284865,202401,Exeter Chiefs,home,20,169636,Martin Moloney,sub 5,replacement
https://rugby-union-feeds.incrowdsports.com/v1/matches/284865,284865,202401,Exeter Chiefs,home,14,102180,Ben Hammersley,right wing,starter
https://rugby-union-feeds.incrowdsports.com/v1/matches/284865,284865,202401,Exeter Chiefs,home,11,184679,Tommy Wyatt,left wing,starter
https://rugby-union-feeds.incrowdsports.com/v1/matches/284865,284865,202401,Exeter Chiefs,home,3,219208,Ehren Painter,tighthead prop,starter
https://rugby-union-feeds.incrowdsports.com/v1/matches/284865,284865,202401,Exeter Chiefs,home,19,171271,Lewis Pearson,sub 4,replacement
https://rugby-union-feeds.incrowdsports.com/v1/matches/284865,284865,202401,Exeter Chiefs,home,9,171944,Will Becconsall,scrum half,starter
https://rugby-union-feeds.incrowdsports.com/v1/matches/284865,284865,202401,Exeter Chiefs,home,16,132680,Jack Innard,sub 1,replacement
https://rugby-union-feeds.incrowdsports.com/v1/matches/284865,284865,202401,Exeter Chiefs,home,21,128743,Stu Townsend,sub 6,replacement
https://rugby-union-feeds.incrowdsports.com/v1/matches/284865,284865,202401,Exeter Chiefs,home,23,251397,Paul Brown-Bampoe,sub 8,replacement
https://rugby-union-feeds.incrowdsports.com/v1/matches/284865,284865,202401,Exeter Chiefs,home,12,211147,Tamati Tua,inside centre,starter
https://rugby-union-feeds.incrowdsports.com/v1/matches/284865,284865,202401,Exeter Chiefs,home,2,103625,Dan Frost,hooker,starter
https://rugby-union-feeds.incrowdsports.com/v1/matches/284865,284865,202401,Exeter Chiefs,home,1,201738,Will Goodrick-Clarke,loosehead prop,starter
https://rugby-union-feeds.incrowdsports.com/v1/matches/284865,284865,202401,Exeter Chiefs,home,10,125136,Will Haydon-Wood,fly half,starter
https://rugby-union-feeds.incrowdsports.com/v1/matches/284865,284865,202401,Exeter Chiefs,home,18,188174,Jimmy Roots,sub 3,replacement
https://rugby-union-feeds.incrowdsports.com/v1/matches/284865,284865,202401,Exeter Chiefs,home,7,172979,Jacques Vermeulen,flanker,starter
https://rugby-union-feeds.incrowdsports.com/v1/matches/284865,284865,202401,Exeter Chiefs,home,17,147666,Josh Iosefa-Scott,sub 2,replacement
https://rugby-union-feeds.incrowdsports.com/v1/matches/284865,284865,202401,Exeter Chiefs,home,15,169495,Josh Hodge,full back,starter
https://rugby-union-feeds.incrowdsports.com/v1/matches/284865,284865,202401,Exeter Chiefs,home,8,170455,Greg Fisilau,number eight,starter
https://rugby-union-feeds.incrowdsports.com/v1/matches/284865,284865,202401,Exeter Chiefs,home,4,112986,Rus Tuima,second row,starter
https://rugby-union-feeds.incrowdsports.com/v1/matches/284865,284865,202401,Exeter Chiefs,home,13,243675,Will Rigg,outside centre,starter
https://rugby-union-feeds.incrowdsports.com/v1/matches/284865,284865,202401,Exeter Chiefs,home,5,213658,Richard Capstick,second row,starter
https://rugby-union-feeds.incrowdsports.com/v1/matches/284865,284865,202401,Exeter Chiefs,home,22,225024,Harvey Skinner,sub 7,replacement
https://rugby-union-feeds.incrowdsports.com/v1/matches/284865,284865,202401,Exeter Chiefs,home,6,124575,Ethan Roots,flanker,starter
https://rugby-union-feeds.incrowdsports.com/v1/matches/284865,284865,202401,Hartpury,away,3,248387,Oliver Minnis,tighthead prop,starter
https://rugby-union-feeds.incrowdsports.com/v1/matches/284865,284865,202401,Hartpury,away,7,220226,Harry Short,flanker,starter
https://rugby-union-feeds.incrowdsports.com/v1/matches/284865,284865,202401,Hartpury,away,23,218600,Jack Johnson,sub 8,replacement
https://rugby-union-feeds.incrowdsports.com/v1/matches/284865,284865,202401,Hartpury,away,21,237895,Mike Austin,sub 6,replacement
https://rugby-union-feeds.incrowdsports.com/v1/matches/284865,284865,202401,Hartpury,away,4,249222,Cameron Cobbett,second row,starter
https://rugby-union-feeds.incrowdsports.com/v1/matches/284865,284865,202401,Hartpury,away,20,143723,Ellis Hart,sub 5,replacement
https://rugby-union-feeds.incrowdsports.com/v1/matches/284865,284865,202401,Hartpury,away,9,167951,Matty Jones,scrum half,starter
https://rugby-union-feeds.incrowdsports.com/v1/matches/284865,284865,202401,Hartpury,away,8,217263,Jarrard Hayler,number eight,starter
https://rugby-union-feeds.incrowdsports.com/v1/matches/284865,284865,202401,Hartpury,away,17,141485,James Gibbons,sub 2,replacement
https://rugby-union-feeds.incrowdsports.com/v1/matches/284865,284865,202401,Hartpury,away,19,239341,Carn Richards-Farr,sub 4,replacement
https://rugby-union-feeds.incrowdsports.com/v1/matches/284865,284865,202401,Hartpury,away,18,245362,Michael Fankah,sub 3,replacement
https://rugby-union-feeds.incrowdsports.com/v1/matches/284865,284865,202401,Hartpury,away,10,229937,Harry Bazalgette,fly half,starter
https://rugby-union-feeds.incrowdsports.com/v1/matches/284865,284865,202401,Hartpury,away,22,112371,Kyle McGhie,sub 7,replacement
https://rugby-union-feeds.incrowdsports.com/v1/matches/284865,284865,202401,Hartpury,away,1,158007,Harry Edwards,loosehead prop,starter
https://rugby-union-feeds.incrowdsports.com/v1/matches/284865,284865,202401,Hartpury,away,12,199447,Robbie Smith,inside centre,starter
https://rugby-union-feeds.incrowdsports.com/v1/matches/284865,284865,202401,Hartpury,away,14,243605,Bradley Denty,right wing,starter
https://rugby-union-feeds.incrowdsports.com/v1/matches/284865,284865,202401,Hartpury,away,13,102295,Josiah Edwards-Giraud,outside centre,starter
https://rugby-union-feeds.incrowdsports.com/v1/matches/284865,284865,202401,Hartpury,away,6,143478,Sam Lewis,flanker,starter
https://rugby-union-feeds.incrowdsports.com/v1/matches/284865,284865,202401,Hartpury,away,5,176187,Jack Davies,second row,starter
https://rugby-union-feeds.incrowdsports.com/v1/matches/284865,284865,202401,Hartpury,away,11,210235,Ollie Holliday,left wing,starter
https://rugby-union-feeds.incrowdsports.com/v1/matches/284865,284865,202401,Hartpury,away,16,189850,Ethan Hunt,sub 1,replacement
https://rugby-union-feeds.incrowdsports.com/v1/matches/284865,284865,202401,Hartpury,away,2,204384,Will Crane,hooker,starter
https://rugby-union-feeds.incrowdsports.com/v1/matches/284865,284865,202401,Hartpury,away,15,177309,Alex Forrester,full back,starter
https://rugby-union-feeds.incrowdsports.com/v1/matches/284866,284866,202401,Gloucester Rugby,home,6,253378,Deian Gwynne,flanker,starter
https://rugby-union-feeds.incrowdsports.com/v1/matches/284866,284866,202401,Gloucester Rugby,home,10,239425,Rory Taylor,fly half,starter
https://rugby-union-feeds.incrowdsports.com/v1/matches/284866,284866,202401,Gloucester Rugby,home,14,124069,Ollie Thorley,right wing,starter
https://rugby-union-feeds.incrowdsports.com/v1/matches/284866,284866,202401,Gloucester Rugby,home,22,186053,Harry Gipson,sub 7,replacement
https://rugby-union-feeds.incrowdsports.com/v1/matches/284866,284866,202401,Gloucester Rugby,home,3,220293,Alfie Petch,tighthead prop,starter
https://rugby-union-feeds.incrowdsports.com/v1/matches/284866,284866,202401,Gloucester Rugby,home,19,113799,Jack Clement,sub 4,replacement
https://rugby-union-feeds.incrowdsports.com/v1/matches/284866,284866,202401,Gloucester Rugby,home,9,117545,Charlie Chapman,scrum half,starter
https://rugby-union-feeds.incrowdsports.com/v1/matches/284866,284866,202401,Gloucester Rugby,home,11,174090,Jack Reeves,left wing,starter
https://rugby-union-feeds.incrowdsports.com/v1/matches/284866,284866,202401,Gloucester Rugby,home,8,137423,Harry Taylor,number eight,starter
https://rugby-union-feeds.incrowdsports.com/v1/matches/284866,284866,202401,Gloucester Rugby,home,17,147728,Aristot Benz-Salomon,sub 2,replacement
https://rugby-union-feeds.incrowdsports.com/v1/matches/284866,284866,202401,Gloucester Rugby,home,2,157389,Morgan Nelson,hooker,starter
https://rugby-union-feeds.incrowdsports.com/v1/matches/284866,284866,202401,Gloucester Rugby,home,4,203694,Freddie Clarke,second row,starter
https://rugby-union-feeds.incrowdsports.com/v1/matches/284866,284866,202401,Gloucester Rugby,home,1,147089,Archie McArthur,loosehead prop,starter
https://rugby-union-feeds.incrowdsports.com/v1/matches/284866,284866,202401,Gloucester Rugby,home,21,242961,George Knowles,sub 6,replacement
https://rugby-union-feeds.incrowdsports.com/v1/matches/284866,284866,202401,Gloucester Rugby,home,13,119286,Morgan Adderly-Jones,outside centre,starter
https://rugby-union-feeds.incrowdsports.com/v1/matches/284866,284866,202401,Gloucester Rugby,home,15,239575,Ioan Jones,full back,starter
https://rugby-union-feeds.incrowdsports.com/v1/matches/284866,284866,202401,Gloucester Rugby,home,20,209756,Lewis Ludlow,sub 5,replacement
https://rugby-union-feeds.incrowdsports.com/v1/matches/284866,284866,202401,Gloucester Rugby,home,16,245467,Gareth Blackmore,sub 1,replacement
https://rugby-union-feeds.incrowdsports.com/v1/matches/284866,284866,202401,Gloucester Rugby,home,23,254075,Iwan Glynn,sub 8,replacement
https://rugby-union-feeds.incrowdsports.com/v1/matches/284866,284866,202401,Gloucester Rugby,home,12,239578,Max Knight,inside centre,starter
https://rugby-union-feeds.incrowdsports.com/v1/matches/284866,284866,202401,Gloucester Rugby,home,5,244287,Danny Eite,second row,starter
https://rugby-union-feeds.incrowdsports.com/v1/matches/284866,284866,202401,Gloucester Rugby,home,7,244925,Caio James,flanker,starter
https://rugby-union-feeds.incrowdsports.com/v1/matches/284866,284866,202401,Gloucester Rugby,home,18,129823,Jono Benz-Salomon,sub 3,replacement
https://rugby-union-feeds.incrowdsports.com/v1/matches/284866,284866,202401,Cornish Pirates,away,4,133028,Charlie Rice,second row,starter
https://rugby-union-feeds.incrowdsports.com/v1/matches/284866,284866,202401,Cornish Pirates,away,16,242881,Sol Moody,sub 1,replacement
https://rugby-union-feeds.incrowdsports.com/v1/matches/284866,284866,202401,Cornish Pirates,away,23,220776,Charlie McCaig,sub 8,replacement
https://rugby-union-feeds.incrowdsports.com/v1/matches/284866,284866,202401,Cornish Pirates,away,12,238407,Harry Yates,inside centre,starter
https://rugby-union-feeds.incrowdsports.com/v1/matches/284866,284866,202401,Cornish Pirates,away,6,249157,Josh King,flanker,starter
https://rugby-union-feeds.incrowdsports.com/v1/matches/284866,284866,202401,Cornish Pirates,away,14,220939,Robin Wedlake-Millechamp,right wing,starter
https://rugby-union-feeds.incrowdsports.com/v1/matches/284866,284866,202401,Cornish Pirates,away,2,119241,Harry Hocking,hooker,starter
https://rugby-union-feeds.incrowdsports.com/v1/matches/284866,284866,202401,Cornish Pirates,away,8,242539,Hugh Bokenham,number eight,starter
https://rugby-union-feeds.incrowdsports.com/v1/matches/284866,284866,202401,Cornish Pirates,away,20,238346,Tomiwa Agbongbon,sub 5,replacement
https://rugby-union-feeds.incrowdsports.com/v1/matches/284866,284866,202401,Cornish Pirates,away,22,253776,Iwan Price-Thomas,sub 7,replacement
https://rugby-union-feeds.incrowdsports.com/v1/matches/284866,284866,202401,Cornish Pirates,away,7,167566,Will Gibson,flanker,starter
https://rugby-union-feeds.incrowdsports.com/v1/matches/284866,284866,202401,Cornish Pirates,away,5,133043,Eoin O'Connor,second row,starter
https://rugby-union-feeds.incrowdsports.com/v1/matches/284866,284866,202401,Cornish Pirates,away,9,250065,Cameron D. Jones,scrum half,starter
https://rugby-union-feeds.incrowdsports.com/v1/matches/284866,284866,202401,Cornish Pirates,away,1,190706,Billy Young,loosehead prop,starter
https://rugby-union-feeds.incrowdsports.com/v1/matches/284866,284866,202401,Cornish Pirates,away,11,198486,Matthew McNab,left wing,starter
https://rugby-union-feeds.incrowdsports.com/v1/matches/284866,284866,202401,Cornish Pirates,away,10,187925,Bruce Houston,fly half,starter
https://rugby-union-feeds.incrowdsports.com/v1/matches/284866,284866,202401,Cornish Pirates,away,17,240469,Oisin Michel,sub 2,replacement
https://rugby-union-feeds.incrowdsports.com/v1/matches/284866,284866,202401,Cornish Pirates,away,21,133494,Daniel Hiscocks,sub 6,replacement
https://rugby-union-feeds.incrowdsports.com/v1/matches/284866,284866,202401,Cornish Pirates,away,13,116569,Tom Georgiou,outside centre,starter
https://rugby-union-feeds.incrowdsports.com/v1/matches/284866,284866,202401,Cornish Pirates,away,15,237977,William Trewin,full back,starter
https://rugby-union-feeds.incrowdsports.com/v1/matches/284866,284866,202401,Cornish Pirates,away,3,134528,James French,tighthead prop,starter
https://rugby-union-feeds.incrowdsports.com/v1/matches/284866,284866,202401,Cornish Pirates,away,18,158272,Ollie Andrews,sub 3,replacement
https://rugby-union-feeds.incrowdsports.com/v1/matches/284866,284866,202401,Cornish Pirates,away,19,179677,Matt Cannon,sub 4,replacement
https://rugby-union-feeds.incrowdsports.com/v1/matches/284867,284867,202401,Leicester Tigers,home,14,239620,Malelili Satala,right wing,starter
https://rugby-union-feeds.incrowdsports.com/v1/matches/284867,284867,202401,Leicester Tigers,home,2,218084,Archie Vanes,hooker,starter
https://rugby-union-feeds.incrowdsports.com/v1/matches/284867,284867,202401,Leicester Tigers,home,19,244456,Osian Thomas,sub 4,replacement
https://rugby-union-feeds.incrowdsports.com/v1/matches/284867,284867,202401,Leicester Tigers,home,16,242983,Seb Easterby-Gray,sub 1,replacement
https://rugby-union-feeds.incrowdsports.com/v1/matches/284867,284867,202401,Leicester Tigers,home,4,185387,Come Joussain,second row,starter
https://rugby-union-feeds.incrowdsports.com/v1/matches/284867,284867,202401,Leicester Tigers,home,21,242956,Charlie Bemand,sub 6,replacement
https://rugby-union-feeds.incrowdsports.com/v1/matches/284867,284867,202401,Leicester Tigers,home,10,244459,Tom Threlfall,fly half,starter
https://rugby-union-feeds.incrowdsports.com/v1/matches/284867,284867,202401,Leicester Tigers,home,1,188202,James Whitcombe,loosehead prop,starter
https://rugby-union-feeds.incrowdsports.com/v1/matches/284867,284867,202401,Leicester Tigers,home,23,239497,Charlie Myall,sub 8,replacement
https://rugby-union-feeds.incrowdsports.com/v1/matches/284867,284867,202401,Leicester Tigers,home,18,244559,Henry Mountford,sub 3,replacement
https://rugby-union-feeds.incrowdsports.com/v1/matches/284867,284867,202401,Leicester Tigers,home,9,170190,Tom Whiteley,scrum half,starter
https://rugby-union-feeds.incrowdsports.com/v1/matches/284867,284867,202401,Leicester Tigers,home,3,128591,Tim Hoyt,tighthead prop,starter
https://rugby-union-feeds.incrowdsports.com/v1/matches/284867,284867,202401,Leicester Tigers,home,7,242867,Sam Williams,flanker,starter
https://rugby-union-feeds.incrowdsports.com/v1/matches/284867,284867,202401,Leicester Tigers,home,13,237969,Will Wand,outside centre,starter
https://rugby-union-feeds.incrowdsports.com/v1/matches/284867,284867,202401,Leicester Tigers,home,6,134130,Matt Rogerson,flanker,starter
https://rugby-union-feeds.incrowdsports.com/v1/matches/284867,284867,202401,Leicester Tigers,home,17,244534,Archie van der Flier,sub 2,replacement
https://rugby-union-feeds.incrowdsports.com/v1/matches/284867,284867,202401,Leicester Tigers,home,15,244917,George Pearson,full back,starter
https://rugby-union-feeds.incrowdsports.com/v1/matches/284867,284867,202401,Leicester Tigers,home,11,239643,Jack Kinder,left wing,starter
https://rugby-union-feeds.incrowdsports.com/v1/matches/284867,284867,202401,Leicester Tigers,home,5,226203,Lewis Chessum,second row,starter
https://rugby-union-feeds.incrowdsports.com/v1/matches/284867,284867,202401,Leicester Tigers,home,22,179481,Solomone Kata,sub 7,replacement
https://rugby-union-feeds.incrowdsports.com/v1/matches/284867,284867,202401,Leicester Tigers,home,12,214400,Dan Kelly,inside centre,starter
https://rugby-union-feeds.incrowdsports.com/v1/matches/284867,284867,202401,Leicester Tigers,home,8,202591,Kyle Hatherell,number eight,starter
https://rugby-union-feeds.incrowdsports.com/v1/matches/284867,284867,202401,Leicester Tigers,home,20,249309,Harry Beddall,sub 5,replacement
https://rugby-union-feeds.incrowdsports.com/v1/matches/284867,284867,202401,Coventry,away,9,207428,Josh Barton,scrum half,starter
https://rugby-union-feeds.incrowdsports.com/v1/matches/284867,284867,202401,Coventry,away,11,153924,Ryan Hutler,left wing,starter
https://rugby-union-feeds.incrowdsports.com/v1/matches/284867,284867,202401,Coventry,away,13,249217,Dafydd-Rhys Tiueti,outside centre,starter
https://rugby-union-feeds.incrowdsports.com/v1/matches/284867,284867,202401,Coventry,away,12,139751,Tom Hitchcock,inside centre,starter
https://rugby-union-feeds.incrowdsports.com/v1/matches/284867,284867,202401,Coventry,away,16,152424,Suva Ma'asi,sub 1,replacement
https://rugby-union-feeds.incrowdsports.com/v1/matches/284867,284867,202401,Coventry,away,18,122088,Eliot Salt,sub 3,replacement
https://rugby-union-feeds.incrowdsports.com/v1/matches/284867,284867,202401,Coventry,away,3,146955,Matt Johnson,tighthead prop,starter
https://rugby-union-feeds.incrowdsports.com/v1/matches/284867,284867,202401,Coventry,away,4,135626,Obinna Nkwocha,second row,starter
https://rugby-union-feeds.incrowdsports.com/v1/matches/284867,284867,202401,Coventry,away,19,125902,Rhys Anstey,sub 4,replacement
https://rugby-union-feeds.incrowdsports.com/v1/matches/284867,284867,202401,Coventry,away,2,170483,Jordon Poole,hooker,starter
https://rugby-union-feeds.incrowdsports.com/v1/matches/284867,284867,202401,Coventry,away,5,137043,Senitiki Nayalo,second row,starter
https://rugby-union-feeds.incrowdsports.com/v1/matches/284867,284867,202401,Coventry,away,8,192563,Matt Kvesic,number eight,starter
https://rugby-union-feeds.incrowdsports.com/v1/matches/284867,284867,202401,Coventry,away,23,239286,Chester Owen,sub 8,replacement
https://rugby-union-feeds.incrowdsports.com/v1/matches/284867,284867,202401,Coventry,away,10,191542,Tommy Mathews,fly half,starter
https://rugby-union-feeds.incrowdsports.com/v1/matches/284867,284867,202401,Coventry,away,1,241813,Vilikesa Nairau,loosehead prop,starter
https://rugby-union-feeds.incrowdsports.com/v1/matches/284867,284867,202401,Coventry,away,7,146806,Aaron Hinkley,flanker,starter
https://rugby-union-feeds.incrowdsports.com/v1/matches/284867,284867,202401,Coventry,away,20,108919,James Tyas,sub 5,replacement
https://rugby-union-feeds.incrowdsports.com/v1/matches/284867,284867,202401,Coventry,away,14,240220,Charlie Robson,right wing,starter
https://rugby-union-feeds.incrowdsports.com/v1/matches/284867,284867,202401,Coventry,away,21,200987,Will Lane,sub 6,replacement
https://rugby-union-feeds.incrowdsports.com/v1/matches/284867,284867,202401,Coventry,away,17,176281,Jevaughn Warren,sub 2,replacement
https://rugby-union-feeds.incrowdsports.com/v1/matches/284867,284867,202401,Coventry,away,22,249434,David Opoku,sub 7,replacement
https://rugby-union-feeds.incrowdsports.com/v1/matches/284867,284867,202401,Coventry,away,15,253625,Steff Davies,full back,starter
https://rugby-union-feeds.incrowdsports.com/v1/matches/284867,284867,202401,Coventry,away,6,187229,Tom Ball,flanker,starter
https://rugby-union-feeds.incrowdsports.com/v1/matches/284868,284868,202401,Northampton Saints,home,17,177699,Tom West,sub 2,replacement
https://rugby-union-feeds.incrowdsports.com/v1/matches/284868,284868,202401,Northampton Saints,home,22,244488,Billy Pasco,sub 7,replacement
https://rugby-union-feeds.incrowdsports.com/v1/matches/284868,284868,202401,Northampton Saints,home,10,239430,George Makepeace-Cubitt,fly half,starter
https://rugby-union-feeds.incrowdsports.com/v1/matches/284868,284868,202401,Northampton Saints,home,3,127592,Luke Green,tighthead prop,starter
https://rugby-union-feeds.incrowdsports.com/v1/matches/284868,284868,202401,Northampton Saints,home,18,242892,Oliver Scola,sub 3,replacement
https://rugby-union-feeds.incrowdsports.com/v1/matches/284868,284868,202401,Northampton Saints,home,2,239338,Craig Wright,hooker,starter
https://rugby-union-feeds.incrowdsports.com/v1/matches/284868,284868,202401,Northampton Saints,home,14,242889,Rafe Witheat,right wing,starter
https://rugby-union-feeds.incrowdsports.com/v1/matches/284868,284868,202401,Northampton Saints,home,6,108939,Fyn Brown,flanker,starter
https://rugby-union-feeds.incrowdsports.com/v1/matches/284868,284868,202401,Northampton Saints,home,7,125486,Angus Scott-Young,flanker,starter
https://rugby-union-feeds.incrowdsports.com/v1/matches/284868,284868,202401,Northampton Saints,home,19,124493,Ed Prowse,sub 4,replacement
https://rugby-union-feeds.incrowdsports.com/v1/matches/284868,284868,202401,Northampton Saints,home,16,208109,Nathan Langdon,sub 1,replacement
https://rugby-union-feeds.incrowdsports.com/v1/matches/284868,284868,202401,Northampton Saints,home,12,229939,Charlie Savala,inside centre,starter
https://rugby-union-feeds.incrowdsports.com/v1/matches/284868,284868,202401,Northampton Saints,home,21,248787,Johnathan Weimann,sub 6,replacement
https://rugby-union-feeds.incrowdsports.com/v1/matches/284868,284868,202401,Northampton Saints,home,15,239346,Ewan Baker,full back,starter
https://rugby-union-feeds.incrowdsports.com/v1/matches/284868,284868,202401,Northampton Saints,home,4,167249,Will Spencer,second row,starter
https://rugby-union-feeds.incrowdsports.com/v1/matches/284868,284868,202401,Northampton Saints,home,20,225330,Archie Benson,sub 5,replacement
https://rugby-union-feeds.incrowdsports.com/v1/matches/284868,284868,202401,Northampton Saints,home,9,239345,Archie McParland,scrum half,starter
https://rugby-union-feeds.incrowdsports.com/v1/matches/284868,284868,202401,Northampton Saints,home,11,148152,Jake Garside,left wing,starter
https://rugby-union-feeds.incrowdsports.com/v1/matches/284868,284868,202401,Northampton Saints,home,1,104471,Tarek Haffar,loosehead prop,starter
https://rugby-union-feeds.incrowdsports.com/v1/matches/284868,284868,202401,Northampton Saints,home,23,239349,Toby Cousins,sub 8,replacement
https://rugby-union-feeds.incrowdsports.com/v1/matches/284868,284868,202401,Northampton Saints,home,13,111099,Tom Litchfield,outside centre,starter
https://rugby-union-feeds.incrowdsports.com/v1/matches/284868,284868,202401,Northampton Saints,home,5,195519,Gavin Thornbury,second row,starter
https://rugby-union-feeds.incrowdsports.com/v1/matches/284868,284868,202401,Northampton Saints,home,8,239485,Reuben Logan,number eight,starter
https://rugby-union-feeds.incrowdsports.com/v1/matches/284868,284868,202401,Nottingham Rugby,away,12,172547,Javiah Pohe,inside centre,starter
https://rugby-union-feeds.incrowdsports.com/v1/matches/284868,284868,202401,Nottingham Rugby,away,21,190979,Will Yarnell,sub 6,replacement
https://rugby-union-feeds.incrowdsports.com/v1/matches/284868,284868,202401,Nottingham Rugby,away,10,109124,Matt Arden,fly half,starter
https://rugby-union-feeds.incrowdsports.com/v1/matches/284868,284868,202401,Nottingham Rugby,away,8,241441,James Cherry,number eight,starter
https://rugby-union-feeds.incrowdsports.com/v1/matches/284868,284868,202401,Nottingham Rugby,away,11,148552,Harry Graham,left wing,starter
https://rugby-union-feeds.incrowdsports.com/v1/matches/284868,284868,202401,Nottingham Rugby,away,20,238566,Jack Shine,sub 5,replacement
https://rugby-union-feeds.incrowdsports.com/v1/matches/284868,284868,202401,Nottingham Rugby,away,9,241413,Josh Goodwin,scrum half,starter
https://rugby-union-feeds.incrowdsports.com/v1/matches/284868,284868,202401,Nottingham Rugby,away,18,177740,Xavier Valentine,sub 3,replacement
https://rugby-union-feeds.incrowdsports.com/v1/matches/284868,284868,202401,Nottingham Rugby,away,6,185449,Sam Green,flanker,starter
https://rugby-union-feeds.incrowdsports.com/v1/matches/284868,284868,202401,Nottingham Rugby,away,16,135113,TJ Harris,sub 1,replacement
https://rugby-union-feeds.incrowdsports.com/v1/matches/284868,284868,202401,Nottingham Rugby,away,7,229936,Jacob Wright,flanker,starter
https://rugby-union-feeds.incrowdsports.com/v1/matches/284868,284868,202401,Nottingham Rugby,away,19,254032,Eddie Bryan,sub 4,replacement
https://rugby-union-feeds.incrowdsports.com/v1/matches/284868,284868,202401,Nottingham Rugby,away,15,143917,Jack Stapley,full back,starter
https://rugby-union-feeds.incrowdsports.com/v1/matches/284868,284868,202401,Nottingham Rugby,away,2,102288,Jack Dickinson,hooker,starter
https://rugby-union-feeds.incrowdsports.com/v1/matches/284868,284868,202401,Nottingham Rugby,away,17,204782,Kai Owen,sub 2,replacement
https://rugby-union-feeds.incrowdsports.com/v1/matches/284868,284868,202401,Nottingham Rugby,away,23,241166,Samuel Mercer,sub 8,replacement
https://rugby-union-feeds.incrowdsports.com/v1/matches/284868,284868,202401,Nottingham Rugby,away,14,102454,David Williams,right wing,starter
https://rugby-union-feeds.incrowdsports.com/v1/matches/284868,284868,202401,Nottingham Rugby,away,1,191448,Aniseko Sio,loosehead prop,starter
https://rugby-union-feeds.incrowdsports.com/v1/matches/284868,284868,202401,Nottingham Rugby,away,3,253626,Ale Loman,tighthead prop,starter
https://rugby-union-feeds.incrowdsports.com/v1/matches/284868,284868,202401,Nottingham Rugby,away,13,242464,Kegan Christian-Goss,outside centre,starter
https://rugby-union-feeds.incrowdsports.com/v1/matches/284868,284868,202401,Nottingham Rugby,away,22,253792,Jai Johal,sub 7,replacement
https://rugby-union-feeds.incrowdsports.com/v1/matches/284868,284868,202401,Nottingham Rugby,away,5,151872,Sebastian Ferreira,second row,starter
https://rugby-union-feeds.incrowdsports.com/v1/matches/284868,284868,202401,Nottingham Rugby,away,4,113439,Jay Ecclesfield,second row,starter
https://rugby-union-feeds.incrowdsports.com/v1/matches/284869,284869,202401,Saracens,home,12,116514,Olly Hartley,inside centre,starter
https://rugby-union-feeds.incrowdsports.com/v1/matches/284869,284869,202401,Saracens,home,1,202850,Sam Crean,loosehead prop,starter
https://rugby-union-feeds.incrowdsports.com/v1/matches/284869,284869,202401,Saracens,home,10,172072,Tim Swiel,fly half,starter
https://rugby-union-feeds.incrowdsports.com/v1/matches/284869,284869,202401,Saracens,home,4,218727,Harry Wilson,second row,starter
https://rugby-union-feeds.incrowdsports.com/v1/matches/284869,284869,202401,Saracens,home,6,239399,Max Eke,flanker,starter
https://rugby-union-feeds.incrowdsports.com/v1/matches/284869,284869,202401,Saracens,home,17,117639,Phil Brantingham,sub 2,replacement
https://rugby-union-feeds.incrowdsports.com/v1/matches/284869,284869,202401,Saracens,home,8,132812,Nathan Michelow,number eight,starter
https://rugby-union-feeds.incrowdsports.com/v1/matches/284869,284869,202401,Saracens,home,11,182025,Brandon Jackson-Richards,left wing,starter
https://rugby-union-feeds.incrowdsports.com/v1/matches/284869,284869,202401,Saracens,home,16,239408,James Isaacs,sub 1,replacement
https://rugby-union-feeds.incrowdsports.com/v1/matches/284869,284869,202401,Saracens,home,3,198766,Fraser Balmain,tighthead prop,starter
https://rugby-union-feeds.incrowdsports.com/v1/matches/284869,284869,202401,Saracens,home,13,202925,Sam Spink,outside centre,starter
https://rugby-union-feeds.incrowdsports.com/v1/matches/284869,284869,202401,Saracens,home,18,142606,Alec Clarey,sub 3,replacement
https://rugby-union-feeds.incrowdsports.com/v1/matches/284869,284869,202401,Saracens,home,20,243060,Reggie Hammick,sub 5,replacement
https://rugby-union-feeds.incrowdsports.com/v1/matches/284869,284869,202401,Saracens,home,19,242936,Charlie West,sub 4,replacement
https://rugby-union-feeds.incrowdsports.com/v1/matches/284869,284869,202401,Saracens,home,15,182552,Tom Parton,full back,starter
https://rugby-union-feeds.incrowdsports.com/v1/matches/284869,284869,202401,Saracens,home,7,205909,Izzy Moore-Aiono,flanker,starter
https://rugby-union-feeds.incrowdsports.com/v1/matches/284869,284869,202401,Saracens,home,22,149596,Tiff Eden,sub 7,replacement
https://rugby-union-feeds.incrowdsports.com/v1/matches/284869,284869,202401,Saracens,home,2,144473,James Hadfield,hooker,starter
https://rugby-union-feeds.incrowdsports.com/v1/matches/284869,284869,202401,Saracens,home,21,177055,Gareth Simpson,sub 6,replacement
https://rugby-union-feeds.incrowdsports.com/v1/matches/284869,284869,202401,Saracens,home,14,244799,Angus Hall,right wing,starter
https://rugby-union-feeds.incrowdsports.com/v1/matches/284869,284869,202401,Saracens,home,5,239614,Kennedy Sylvester-Junior,second row,starter
https://rugby-union-feeds.incrowdsports.com/v1/matches/284869,284869,202401,Saracens,home,23,242942,Jack Bracken,sub 8,replacement
https://rugby-union-feeds.incrowdsports.com/v1/matches/284869,284869,202401,Saracens,home,9,166430,Callum Braley,scrum half,starter
https://rugby-union-feeds.incrowdsports.com/v1/matches/284869,284869,202401,London Scottish,away,15,239652,Josh Bellamy,full back,starter
https://rugby-union-feeds.incrowdsports.com/v1/matches/284869,284869,202401,London Scottish,away,17,239587,Ethan Clarke,sub 2,replacement
https://rugby-union-feeds.incrowdsports.com/v1/matches/284869,284869,202401,London Scottish,away,23,188868,Will Simonds,sub 8,replacement
https://rugby-union-feeds.incrowdsports.com/v1/matches/284869,284869,202401,London Scottish,away,4,177538,Alex Wardell,second row,starter
https://rugby-union-feeds.incrowdsports.com/v1/matches/284869,284869,202401,London Scottish,away,8,158978,Tom Marshall,number eight,starter
https://rugby-union-feeds.incrowdsports.com/v1/matches/284869,284869,202401,London Scottish,away,16,170338,Austin Wallis,sub 1,replacement
https://rugby-union-feeds.incrowdsports.com/v1/matches/284869,284869,202401,London Scottish,away,2,185447,Jack Musk,hooker,starter
https://rugby-union-feeds.incrowdsports.com/v1/matches/284869,284869,202401,London Scottish,away,21,206823,Steve Kerins,sub 6,replacement
https://rugby-union-feeds.incrowdsports.com/v1/matches/284869,284869,202401,London Scottish,away,10,126696,Tom Wilstead,fly half,starter
https://rugby-union-feeds.incrowdsports.com/v1/matches/284869,284869,202401,London Scottish,away,5,142793,Bailey Ransom,second row,starter
https://rugby-union-feeds.incrowdsports.com/v1/matches/284869,284869,202401,London Scottish,away,19,112047,Matt Wilkinson,sub 4,replacement
https://rugby-union-feeds.incrowdsports.com/v1/matches/284869,284869,202401,London Scottish,away,3,145267,Ash Challenger,tighthead prop,starter
https://rugby-union-feeds.incrowdsports.com/v1/matches/284869,284869,202401,London Scottish,away,6,111828,Ioan Rhys Davies,flanker,starter
https://rugby-union-feeds.incrowdsports.com/v1/matches/284869,284869,202401,London Scottish,away,11,141074,Noah Ferdinand,left wing,starter
https://rugby-union-feeds.incrowdsports.com/v1/matches/284869,284869,202401,London Scottish,away,7,214871,Lewis Barrett,flanker,starter
https://rugby-union-feeds.incrowdsports.com/v1/matches/284869,284869,202401,London Scottish,away,9,159094,Dan Nutton,scrum half,starter
https://rugby-union-feeds.incrowdsports.com/v1/matches/284869,284869,202401,London Scottish,away,22,243669,Alec Lloyd-Seed,sub 7,replacement
https://rugby-union-feeds.incrowdsports.com/v1/matches/284869,284869,202401,London Scottish,away,13,203418,Will Talbot-Davies,outside centre,starter
https://rugby-union-feeds.incrowdsports.com/v1/matches/284869,284869,202401,London Scottish,away,20,122140,Jack Ingall,sub 5,replacement
https://rugby-union-feeds.incrowdsports.com/v1/matches/284869,284869,202401,London Scottish,away,12,142589,Robbie McCallum,inside centre,starter
https://rugby-union-feeds.incrowdsports.com/v1/matches/284869,284869,202401,London Scottish,away,1,120288,George Cave,loosehead prop,starter
https://rugby-union-feeds.incrowdsports.com/v1/matches/284869,284869,202401,London Scottish,away,18,237854,Ntinga Mpiko,sub 3,replacement
https://rugby-union-feeds.incrowdsports.com/v1/matches/284869,284869,202401,London Scottish,away,14,177150,Will Brown,right wing,starter
https://rugby-union-feeds.incrowdsports.com/v1/matches/284870,284870,202401,Newcastle Falcons,home,9,176289,James Elliott,scrum half,starter
https://rugby-union-feeds.incrowdsports.com/v1/matches/284870,284870,202401,Newcastle Falcons,home,6,207425,Philip van der Walt,flanker,starter
https://rugby-union-feeds.incrowdsports.com/v1/matches/284870,284870,202401,Newcastle Falcons,home,10,205702,Brett Connon,fly half,starter
https://rugby-union-feeds.incrowdsports.com/v1/matches/284870,284870,202401,Newcastle Falcons,home,8,219782,Freddie Lockwood,number eight,starter
https://rugby-union-feeds.incrowdsports.com/v1/matches/284870,284870,202401,Newcastle Falcons,home,2,207081,Ollie Fletcher,hooker,starter
https://rugby-union-feeds.incrowdsports.com/v1/matches/284870,284870,202401,Newcastle Falcons,home,13,210511,Connor Doherty,outside centre,starter
https://rugby-union-feeds.incrowdsports.com/v1/matches/284870,284870,202401,Newcastle Falcons,home,3,200621,Richard Palframan,tighthead prop,starter
https://rugby-union-feeds.incrowdsports.com/v1/matches/284870,284870,202401,Newcastle Falcons,home,5,213140,Kiran McDonald Seran,second row,starter
https://rugby-union-feeds.incrowdsports.com/v1/matches/284870,284870,202401,Newcastle Falcons,home,12,127601,Cameron Hutchison,inside centre,starter
https://rugby-union-feeds.incrowdsports.com/v1/matches/284870,284870,202401,Newcastle Falcons,home,20,244466,Reuben Parsons,sub 5,replacement
https://rugby-union-feeds.incrowdsports.com/v1/matches/284870,284870,202401,Newcastle Falcons,home,1,205585,Murray McCallum,loosehead prop,starter
https://rugby-union-feeds.incrowdsports.com/v1/matches/284870,284870,202401,Newcastle Falcons,home,4,154551,Sebastian de Chaves,second row,starter
https://rugby-union-feeds.incrowdsports.com/v1/matches/284870,284870,202401,Newcastle Falcons,home,18,170103,Callum Hancock,sub 3,replacement
https://rugby-union-feeds.incrowdsports.com/v1/matches/284870,284870,202401,Newcastle Falcons,home,7,190680,Ollie Leatherbarrow,flanker,starter
https://rugby-union-feeds.incrowdsports.com/v1/matches/284870,284870,202401,Newcastle Falcons,home,16,166840,Bryan Byrne,sub 1,replacement
https://rugby-union-feeds.incrowdsports.com/v1/matches/284870,284870,202401,Newcastle Falcons,home,22,137624,Sam Stuart,sub 7,replacement
https://rugby-union-feeds.incrowdsports.com/v1/matches/284870,284870,202401,Newcastle Falcons,home,21,116536,Max Pepper,sub 6,replacement
https://rugby-union-feeds.incrowdsports.com/v1/matches/284870,284870,202401,Newcastle Falcons,home,11,222549,Oli Spencer,left wing,starter
https://rugby-union-feeds.incrowdsports.com/v1/matches/284870,284870,202401,Newcastle Falcons,home,15,144507,Ethan Grayson,full back,starter
https://rugby-union-feeds.incrowdsports.com/v1/matches/284870,284870,202401,Newcastle Falcons,home,23,239961,Nathan Greenwood,sub 8,replacement
https://rugby-union-feeds.incrowdsports.com/v1/matches/284870,284870,202401,Newcastle Falcons,home,14,199072,Alex Hearle,right wing,starter
https://rugby-union-feeds.incrowdsports.com/v1/matches/284870,284870,202401,Newcastle Falcons,home,19,193312,John Kelly,sub 4,replacement
https://rugby-union-feeds.incrowdsports.com/v1/matches/284870,284870,202401,Newcastle Falcons,home,17,239550,Mike Rewcastle,sub 2,replacement
https://rugby-union-feeds.incrowdsports.com/v1/matches/284870,284870,202401,Doncaster Knights,away,13,204132,George Wacokecoke,outside centre,starter
https://rugby-union-feeds.incrowdsports.com/v1/matches/284870,284870,202401,Doncaster Knights,away,6,200546,Thom Smith,flanker,starter
https://rugby-union-feeds.incrowdsports.com/v1/matches/284870,284870,202401,Doncaster Knights,away,21,154087,Alex Dolly,sub 6,replacement
https://rugby-union-feeds.incrowdsports.com/v1/matches/284870,284870,202401,Doncaster Knights,away,14,142632,Zach Kerr,right wing,starter
https://rugby-union-feeds.incrowdsports.com/v1/matches/284870,284870,202401,Doncaster Knights,away,15,114312,Telusa Veainu,full back,starter
https://rugby-union-feeds.incrowdsports.com/v1/matches/284870,284870,202401,Doncaster Knights,away,22,223398,Morgan Bunting,sub 7,replacement
https://rugby-union-feeds.incrowdsports.com/v1/matches/284870,284870,202401,Doncaster Knights,away,9,130599,Ollie Fox,scrum half,starter
https://rugby-union-feeds.incrowdsports.com/v1/matches/284870,284870,202401,Doncaster Knights,away,18,120586,Lewis Thiede,sub 3,replacement
https://rugby-union-feeds.incrowdsports.com/v1/matches/284870,284870,202401,Doncaster Knights,away,16,229931,George Roberts,sub 1,replacement
https://rugby-union-feeds.incrowdsports.com/v1/matches/284870,284870,202401,Doncaster Knights,away,23,162764,Harry Davey,sub 8,replacement
https://rugby-union-feeds.incrowdsports.com/v1/matches/284870,284870,202401,Doncaster Knights,away,8,134281,Morgan Strong,number eight,starter
https://rugby-union-feeds.incrowdsports.com/v1/matches/284870,284870,202401,Doncaster Knights,away,10,126158,Russell Bennett,fly half,starter
https://rugby-union-feeds.incrowdsports.com/v1/matches/284870,284870,202401,Doncaster Knights,away,3,128592,Joe Jones,tighthead prop,starter
https://rugby-union-feeds.incrowdsports.com/v1/matches/284870,284870,202401,Doncaster Knights,away,1,121135,Andrew Turner,loosehead prop,starter
https://rugby-union-feeds.incrowdsports.com/v1/matches/284870,284870,202401,Doncaster Knights,away,2,153908,Freddie Davies,hooker,starter
https://rugby-union-feeds.incrowdsports.com/v1/matches/284870,284870,202401,Doncaster Knights,away,20,139345,Rhys Tait,sub 5,replacement
https://rugby-union-feeds.incrowdsports.com/v1/matches/284870,284870,202401,Doncaster Knights,away,11,147959,Maliq Holden,left wing,starter
https://rugby-union-feeds.incrowdsports.com/v1/matches/284870,284870,202401,Doncaster Knights,away,7,250742,Tom Currie,flanker,starter
https://rugby-union-feeds.incrowdsports.com/v1/matches/284870,284870,202401,Doncaster Knights,away,12,198933,Connor Edwards,inside centre,starter
https://rugby-union-feeds.incrowdsports.com/v1/matches/284870,284870,202401,Doncaster Knights,away,4,192470,Josh Williams,second row,starter
https://rugby-union-feeds.incrowdsports.com/v1/matches/284870,284870,202401,Doncaster Knights,away,17,153913,Jasper McGuire,sub 2,replacement
https://rugby-union-feeds.incrowdsports.com/v1/matches/284870,284870,202401,Doncaster Knights,away,19,250745,Euan Mcvie,sub 4,replacement
https://rugby-union-feeds.incrowdsports.com/v1/matches/284870,284870,202401,Doncaster Knights,away,5,122848,Taniela Ramasibana,second row,starter
https://rugby-union-feeds.incrowdsports.com/v1/matches/284872,284872,202401,Newcastle Falcons,home,7,140708,Tom Gordon,flanker,starter
https://rugby-union-feeds.incrowdsports.com/v1/matches/284872,284872,202401,Newcastle Falcons,home,6,207425,Philip van der Walt,flanker,starter
https://rugby-union-feeds.incrowdsports.com/v1/matches/284872,284872,202401,Newcastle Falcons,home,19,239553,Finn Baker,sub 4,replacement
https://rugby-union-feeds.incrowdsports.com/v1/matches/284872,284872,202401,Newcastle Falcons,home,8,168872,Callum Chick,number eight,starter
https://rugby-union-feeds.incrowdsports.com/v1/matches/284872,284872,202401,Newcastle Falcons,home,10,205702,Brett Connon,fly half,starter
https://rugby-union-feeds.incrowdsports.com/v1/matches/284872,284872,202401,Newcastle Falcons,home,20,219782,Freddie Lockwood,sub 5,replacement
https://rugby-union-feeds.incrowdsports.com/v1/matches/284872,284872,202401,Newcastle Falcons,home,16,207081,Ollie Fletcher,sub 1,replacement
https://rugby-union-feeds.incrowdsports.com/v1/matches/284872,284872,202401,Newcastle Falcons,home,3,200621,Richard Palframan,tighthead prop,starter
https://rugby-union-feeds.incrowdsports.com/v1/matches/284872,284872,202401,Newcastle Falcons,home,12,127601,Cameron Hutchison,inside centre,starter
https://rugby-union-feeds.incrowdsports.com/v1/matches/284872,284872,202401,Newcastle Falcons,home,1,205585,Murray McCallum,loosehead prop,starter
https://rugby-union-feeds.incrowdsports.com/v1/matches/284872,284872,202401,Newcastle Falcons,home,4,154551,Sebastian de Chaves,second row,starter
https://rugby-union-feeds.incrowdsports.com/v1/matches/284872,284872,202401,Newcastle Falcons,home,18,170103,Callum Hancock,sub 3,replacement
https://rugby-union-feeds.incrowdsports.com/v1/matches/284872,284872,202401,Newcastle Falcons,home,9,137624,Sam Stuart,scrum half,starter
https://rugby-union-feeds.incrowdsports.com/v1/matches/284872,284872,202401,Newcastle Falcons,home,21,116536,Max Pepper,sub 6,replacement
https://rugby-union-feeds.incrowdsports.com/v1/matches/284872,284872,202401,Newcastle Falcons,home,14,143126,Ben Stevenson,right wing,starter
https://rugby-union-feeds.incrowdsports.com/v1/matches/284872,284872,202401,Newcastle Falcons,home,22,222549,Oli Spencer,sub 7,replacement
https://rugby-union-feeds.incrowdsports.com/v1/matches/284872,284872,202401,Newcastle Falcons,home,15,144507,Ethan Grayson,full back,starter
https://rugby-union-feeds.incrowdsports.com/v1/matches/284872,284872,202401,Newcastle Falcons,home,5,188156,Adam Scott,second row,starter
https://rugby-union-feeds.incrowdsports.com/v1/matches/284872,284872,202401,Newcastle Falcons,home,23,239961,Nathan Greenwood,sub 8,replacement
https://rugby-union-feeds.incrowdsports.com/v1/matches/284872,284872,202401,Newcastle Falcons,home,11,199072,Alex Hearle,left wing,starter
https://rugby-union-feeds.incrowdsports.com/v1/matches/284872,284872,202401,Newcastle Falcons,home,2,160415,Jamie Blamire,hooker,starter
https://rugby-union-feeds.incrowdsports.com/v1/matches/284872,284872,202401,Newcastle Falcons,home,17,239550,Mike Rewcastle,sub 2,replacement
https://rugby-union-feeds.incrowdsports.com/v1/matches/284872,284872,202401,Newcastle Falcons,home,13,108863,Sammy Arnold,outside centre,starter
https://rugby-union-feeds.incrowdsports.com/v1/matches/284872,284872,202401,Sale Sharks,away,16,239524,Harry Thompson,sub 1,replacement
https://rugby-union-feeds.incrowdsports.com/v1/matches/284872,284872,202401,Sale Sharks,away,4,212707,Ernst van Rhyn,second row,starter
https://rugby-union-feeds.incrowdsports.com/v1/matches/284872,284872,202401,Sale Sharks,away,19,239462,Tom Burrow,sub 4,replacement
https://rugby-union-feeds.incrowdsports.com/v1/matches/284872,284872,202401,Sale Sharks,away,6,207429,Jean-Luc du Preez,flanker,starter
https://rugby-union-feeds.incrowdsports.com/v1/matches/284872,284872,202401,Sale Sharks,away,21,103530,Tristan Woodman,sub 6,replacement
https://rugby-union-feeds.incrowdsports.com/v1/matches/284872,284872,202401,Sale Sharks,away,14,153804,Obi Ene,right wing,starter
https://rugby-union-feeds.incrowdsports.com/v1/matches/284872,284872,202401,Sale Sharks,away,9,160844,Raffi Quirke,scrum half,starter
https://rugby-union-feeds.incrowdsports.com/v1/matches/284872,284872,202401,Sale Sharks,away,2,206761,Tadgh McElroy,hooker,starter
https://rugby-union-feeds.incrowdsports.com/v1/matches/284872,284872,202401,Sale Sharks,away,8,169770,Dan du Preez,number eight,starter
https://rugby-union-feeds.incrowdsports.com/v1/matches/284872,284872,202401,Sale Sharks,away,13,205075,Luke James,outside centre,starter
https://rugby-union-feeds.incrowdsports.com/v1/matches/284872,284872,202401,Sale Sharks,away,20,159444,Rouban Birch,sub 5,replacement
https://rugby-union-feeds.incrowdsports.com/v1/matches/284872,284872,202401,Sale Sharks,away,7,205975,Sam Dugdale,flanker,starter
https://rugby-union-feeds.incrowdsports.com/v1/matches/284872,284872,202401,Sale Sharks,away,11,239510,Alex Wills,left wing,starter
https://rugby-union-feeds.incrowdsports.com/v1/matches/284872,284872,202401,Sale Sharks,away,17,147029,Tumy Onasanya,sub 2,replacement
https://rugby-union-feeds.incrowdsports.com/v1/matches/284872,284872,202401,Sale Sharks,away,22,170933,Nye Thomas,sub 7,replacement
https://rugby-union-feeds.incrowdsports.com/v1/matches/284872,284872,202401,Sale Sharks,away,18,123738,James Harper,sub 3,replacement
https://rugby-union-feeds.incrowdsports.com/v1/matches/284872,284872,202401,Sale Sharks,away,23,224475,Joe Bedlow,sub 8,replacement
https://rugby-union-feeds.incrowdsports.com/v1/matches/284872,284872,202401,Sale Sharks,away,5,131065,Ben Bamber,second row,starter
https://rugby-union-feeds.incrowdsports.com/v1/matches/284872,284872,202401,Sale Sharks,away,12,191866,Sam Bedlow,inside centre,starter
https://rugby-union-feeds.incrowdsports.com/v1/matches/284872,284872,202401,Sale Sharks,away,15,168031,Will Addison,full back,starter
https://rugby-union-feeds.incrowdsports.com/v1/matches/284872,284872,202401,Sale Sharks,away,10,201247,Tom Curtis,fly half,starter
https://rugby-union-feeds.incrowdsports.com/v1/matches/284872,284872,202401,Sale Sharks,away,3,128157,Nick Schonert,tighthead prop,starter
https://rugby-union-feeds.incrowdsports.com/v1/matches/284872,284872,202401,Sale Sharks,away,1,158302,Bevan Rodd,loosehead prop,starter
https://rugby-union-feeds.incrowdsports.com/v1/matches/284871,284871,202401,Gloucester Rugby,home,12,239425,Rory Taylor,inside centre,starter
https://rugby-union-feeds.incrowdsports.com/v1/matches/284871,284871,202401,Gloucester Rugby,home,9,201697,Caolan Englefield,scrum half,starter
https://rugby-union-feeds.incrowdsports.com/v1/matches/284871,284871,202401,Gloucester Rugby,home,11,124069,Ollie Thorley,left wing,starter
https://rugby-union-feeds.incrowdsports.com/v1/matches/284871,284871,202401,Gloucester Rugby,home,1,182760,Mayco Vivas,loosehead prop,starter
https://rugby-union-feeds.incrowdsports.com/v1/matches/284871,284871,202401,Gloucester Rugby,home,19,124901,Arthur Clark,sub 4,replacement
https://rugby-union-feeds.incrowdsports.com/v1/matches/284871,284871,202401,Gloucester Rugby,home,20,113799,Jack Clement,sub 5,replacement
https://rugby-union-feeds.incrowdsports.com/v1/matches/284871,284871,202401,Gloucester Rugby,home,21,117545,Charlie Chapman,sub 6,replacement
https://rugby-union-feeds.incrowdsports.com/v1/matches/284871,284871,202401,Gloucester Rugby,home,14,166601,Christian Wade,right wing,starter
https://rugby-union-feeds.incrowdsports.com/v1/matches/284871,284871,202401,Gloucester Rugby,home,10,123243,Charlie Atkinson,fly half,starter
https://rugby-union-feeds.incrowdsports.com/v1/matches/284871,284871,202401,Gloucester Rugby,home,23,174090,Jack Reeves,sub 8,replacement
https://rugby-union-feeds.incrowdsports.com/v1/matches/284871,284871,202401,Gloucester Rugby,home,13,196656,Chris Harris,outside centre,starter
https://rugby-union-feeds.incrowdsports.com/v1/matches/284871,284871,202401,Gloucester Rugby,home,4,203694,Freddie Clarke,second row,starter
https://rugby-union-feeds.incrowdsports.com/v1/matches/284871,284871,202401,Gloucester Rugby,home,6,191662,Ruan Ackermann,flanker,starter
https://rugby-union-feeds.incrowdsports.com/v1/matches/284871,284871,202401,Gloucester Rugby,home,3,189971,Ciaran Knight,tighthead prop,starter
https://rugby-union-feeds.incrowdsports.com/v1/matches/284871,284871,202401,Gloucester Rugby,home,8,165716,Zach Mercer,number eight,starter
https://rugby-union-feeds.incrowdsports.com/v1/matches/284871,284871,202401,Gloucester Rugby,home,2,137490,Seb Blake,hooker,starter
https://rugby-union-feeds.incrowdsports.com/v1/matches/284871,284871,202401,Gloucester Rugby,home,15,239575,Ioan Jones,full back,starter
https://rugby-union-feeds.incrowdsports.com/v1/matches/284871,284871,202401,Gloucester Rugby,home,7,209756,Lewis Ludlow,flanker,starter
https://rugby-union-feeds.incrowdsports.com/v1/matches/284871,284871,202401,Gloucester Rugby,home,16,122972,Jack Singleton,sub 1,replacement
https://rugby-union-feeds.incrowdsports.com/v1/matches/284871,284871,202401,Gloucester Rugby,home,18,239418,Afolabi Fasogbon,sub 3,replacement
https://rugby-union-feeds.incrowdsports.com/v1/matches/284871,284871,202401,Gloucester Rugby,home,22,239578,Max Knight,sub 7,replacement
https://rugby-union-feeds.incrowdsports.com/v1/matches/284871,284871,202401,Gloucester Rugby,home,17,213184,Val Rapava Ruskin,sub 2,replacement
https://rugby-union-feeds.incrowdsports.com/v1/matches/284871,284871,202401,Gloucester Rugby,home,5,244287,Danny Eite,second row,starter
https://rugby-union-feeds.incrowdsports.com/v1/matches/284871,284871,202401,Exeter Chiefs,away,20,169636,Martin Moloney,sub 5,replacement
https://rugby-union-feeds.incrowdsports.com/v1/matches/284871,284871,202401,Exeter Chiefs,away,14,102180,Ben Hammersley,right wing,starter
https://rugby-union-feeds.incrowdsports.com/v1/matches/284871,284871,202401,Exeter Chiefs,away,11,184679,Tommy Wyatt,left wing,starter
https://rugby-union-feeds.incrowdsports.com/v1/matches/284871,284871,202401,Exeter Chiefs,away,19,171271,Lewis Pearson,sub 4,replacement
https://rugby-union-feeds.incrowdsports.com/v1/matches/284871,284871,202401,Exeter Chiefs,away,16,132680,Jack Innard,sub 1,replacement
https://rugby-union-feeds.incrowdsports.com/v1/matches/284871,284871,202401,Exeter Chiefs,away,21,171944,Will Becconsall,sub 6,replacement
https://rugby-union-feeds.incrowdsports.com/v1/matches/284871,284871,202401,Exeter Chiefs,away,9,128743,Stu Townsend,scrum half,starter
https://rugby-union-feeds.incrowdsports.com/v1/matches/284871,284871,202401,Exeter Chiefs,away,13,211147,Tamati Tua,outside centre,starter
https://rugby-union-feeds.incrowdsports.com/v1/matches/284871,284871,202401,Exeter Chiefs,away,2,103625,Dan Frost,hooker,starter
https://rugby-union-feeds.incrowdsports.com/v1/matches/284871,284871,202401,Exeter Chiefs,away,17,201738,Will Goodrick-Clarke,sub 2,replacement
https://rugby-union-feeds.incrowdsports.com/v1/matches/284871,284871,202401,Exeter Chiefs,away,10,125136,Will Haydon-Wood,fly half,starter
https://rugby-union-feeds.incrowdsports.com/v1/matches/284871,284871,202401,Exeter Chiefs,away,18,188174,Jimmy Roots,sub 3,replacement
https://rugby-union-feeds.incrowdsports.com/v1/matches/284871,284871,202401,Exeter Chiefs,away,7,172979,Jacques Vermeulen,flanker,starter
https://rugby-union-feeds.incrowdsports.com/v1/matches/284871,284871,202401,Exeter Chiefs,away,1,224659,Scott Sio,loosehead prop,starter
https://rugby-union-feeds.incrowdsports.com/v1/matches/284871,284871,202401,Exeter Chiefs,away,23,240051,Zack Wimbush,sub 8,replacement
https://rugby-union-feeds.incrowdsports.com/v1/matches/284871,284871,202401,Exeter Chiefs,away,15,169495,Josh Hodge,full back,starter
https://rugby-union-feeds.incrowdsports.com/v1/matches/284871,284871,202401,Exeter Chiefs,away,8,170455,Greg Fisilau,number eight,starter
https://rugby-union-feeds.incrowdsports.com/v1/matches/284871,284871,202401,Exeter Chiefs,away,3,160437,Marcus Street,tighthead prop,starter
https://rugby-union-feeds.incrowdsports.com/v1/matches/284871,284871,202401,Exeter Chiefs,away,4,112986,Rus Tuima,second row,starter
https://rugby-union-feeds.incrowdsports.com/v1/matches/284871,284871,202401,Exeter Chiefs,away,12,243675,Will Rigg,inside centre,starter
https://rugby-union-feeds.incrowdsports.com/v1/matches/284871,284871,202401,Exeter Chiefs,away,5,213658,Richard Capstick,second row,starter
https://rugby-union-feeds.incrowdsports.com/v1/matches/284871,284871,202401,Exeter Chiefs,away,22,225024,Harvey Skinner,sub 7,replacement
https://rugby-union-feeds.incrowdsports.com/v1/matches/284871,284871,202401,Exeter Chiefs,away,6,124575,Ethan Roots,flanker,starter
https://rugby-union-feeds.incrowdsports.com/v1/matches/284873,284873,202401,Nottingham Rugby,home,12,172547,Javiah Pohe,inside centre,starter
https://rugby-union-feeds.incrowdsports.com/v1/matches/284873,284873,202401,Nottingham Rugby,home,9,190979,Will Yarnell,scrum half,starter
https://rugby-union-feeds.incrowdsports.com/v1/matches/284873,284873,202401,Nottingham Rugby,home,10,109124,Matt Arden,fly half,starter
https://rugby-union-feeds.incrowdsports.com/v1/matches/284873,284873,202401,Nottingham Rugby,home,3,203585,Dan Richardson,tighthead prop,starter
https://rugby-union-feeds.incrowdsports.com/v1/matches/284873,284873,202401,Nottingham Rugby,home,8,241441,James Cherry,number eight,starter
https://rugby-union-feeds.incrowdsports.com/v1/matches/284873,284873,202401,Nottingham Rugby,home,11,148552,Harry Graham,left wing,starter
https://rugby-union-feeds.incrowdsports.com/v1/matches/284873,284873,202401,Nottingham Rugby,home,2,239623,Harry Clayton,hooker,starter
https://rugby-union-feeds.incrowdsports.com/v1/matches/284873,284873,202401,Nottingham Rugby,home,5,238566,Jack Shine,second row,starter
https://rugby-union-feeds.incrowdsports.com/v1/matches/284873,284873,202401,Nottingham Rugby,home,21,241413,Josh Goodwin,sub 6,replacement
https://rugby-union-feeds.incrowdsports.com/v1/matches/284873,284873,202401,Nottingham Rugby,home,18,177740,Xavier Valentine,sub 3,replacement
https://rugby-union-feeds.incrowdsports.com/v1/matches/284873,284873,202401,Nottingham Rugby,home,16,135113,TJ Harris,sub 1,replacement
https://rugby-union-feeds.incrowdsports.com/v1/matches/284873,284873,202401,Nottingham Rugby,home,19,185449,Sam Green,sub 4,replacement
https://rugby-union-feeds.incrowdsports.com/v1/matches/284873,284873,202401,Nottingham Rugby,home,7,229936,Jacob Wright,flanker,starter
https://rugby-union-feeds.incrowdsports.com/v1/matches/284873,284873,202401,Nottingham Rugby,home,15,143917,Jack Stapley,full back,starter
https://rugby-union-feeds.incrowdsports.com/v1/matches/284873,284873,202401,Nottingham Rugby,home,20,102288,Jack Dickinson,sub 5,replacement
https://rugby-union-feeds.incrowdsports.com/v1/matches/284873,284873,202401,Nottingham Rugby,home,14,102454,David Williams,right wing,starter
https://rugby-union-feeds.incrowdsports.com/v1/matches/284873,284873,202401,Nottingham Rugby,home,1,191448,Aniseko Sio,loosehead prop,starter
https://rugby-union-feeds.incrowdsports.com/v1/matches/284873,284873,202401,Nottingham Rugby,home,6,245594,Kody Vereti,flanker,starter
https://rugby-union-feeds.incrowdsports.com/v1/matches/284873,284873,202401,Nottingham Rugby,home,17,253626,Ale Loman,sub 2,replacement
https://rugby-union-feeds.incrowdsports.com/v1/matches/284873,284873,202401,Nottingham Rugby,home,13,242464,Kegan Christian-Goss,outside centre,starter
https://rugby-union-feeds.incrowdsports.com/v1/matches/284873,284873,202401,Nottingham Rugby,home,22,253792,Jai Johal,sub 7,replacement
https://rugby-union-feeds.incrowdsports.com/v1/matches/284873,284873,202401,Nottingham Rugby,home,23,153471,Ryan Olowofela,sub 8,replacement
https://rugby-union-feeds.incrowdsports.com/v1/matches/284873,284873,202401,Nottingham Rugby,home,4,151872,Sebastian Ferreira,second row,starter
https://rugby-union-feeds.incrowdsports.com/v1/matches/284873,284873,202401,Leicester Tigers,away,2,218084,Archie Vanes,hooker,starter
https://rugby-union-feeds.incrowdsports.com/v1/matches/284873,284873,202401,Leicester Tigers,away,23,173217,Ollie Hassell-Collins,sub 8,replacement
https://rugby-union-feeds.incrowdsports.com/v1/matches/284873,284873,202401,Leicester Tigers,away,11,202081,Josh Bassett,left wing,starter
https://rugby-union-feeds.incrowdsports.com/v1/matches/284873,284873,202401,Leicester Tigers,away,19,185387,Come Joussain,sub 4,replacement
https://rugby-union-feeds.incrowdsports.com/v1/matches/284873,284873,202401,Leicester Tigers,away,1,188202,James Whitcombe,loosehead prop,starter
https://rugby-union-feeds.incrowdsports.com/v1/matches/284873,284873,202401,Leicester Tigers,away,16,216656,Charlie Clare,sub 1,replacement
https://rugby-union-feeds.incrowdsports.com/v1/matches/284873,284873,202401,Leicester Tigers,away,18,244559,Henry Mountford,sub 3,replacement
https://rugby-union-feeds.incrowdsports.com/v1/matches/284873,284873,202401,Leicester Tigers,away,15,190829,Jamie Shillcock,full back,starter
https://rugby-union-feeds.incrowdsports.com/v1/matches/284873,284873,202401,Leicester Tigers,away,13,111760,Izaia Perese,outside centre,starter
https://rugby-union-feeds.incrowdsports.com/v1/matches/284873,284873,202401,Leicester Tigers,away,21,239278,Joe Woodward,sub 6,replacement
https://rugby-union-feeds.incrowdsports.com/v1/matches/284873,284873,202401,Leicester Tigers,away,10,170190,Tom Whiteley,fly half,starter
https://rugby-union-feeds.incrowdsports.com/v1/matches/284873,284873,202401,Leicester Tigers,away,3,128591,Tim Hoyt,tighthead prop,starter
https://rugby-union-feeds.incrowdsports.com/v1/matches/284873,284873,202401,Leicester Tigers,away,7,242867,Sam Williams,flanker,starter
https://rugby-union-feeds.incrowdsports.com/v1/matches/284873,284873,202401,Leicester Tigers,away,8,134130,Matt Rogerson,number eight,starter
https://rugby-union-feeds.incrowdsports.com/v1/matches/284873,284873,202401,Leicester Tigers,away,14,239643,Jack Kinder,right wing,starter
https://rugby-union-feeds.incrowdsports.com/v1/matches/284873,284873,202401,Leicester Tigers,away,5,226203,Lewis Chessum,second row,starter
https://rugby-union-feeds.incrowdsports.com/v1/matches/284873,284873,202401,Leicester Tigers,away,12,179481,Solomone Kata,inside centre,starter
https://rugby-union-feeds.incrowdsports.com/v1/matches/284873,284873,202401,Leicester Tigers,away,6,129595,Emeka Ilione,flanker,starter
https://rugby-union-feeds.incrowdsports.com/v1/matches/284873,284873,202401,Leicester Tigers,away,17,242873,Bronson Mellowes,sub 2,replacement
https://rugby-union-feeds.incrowdsports.com/v1/matches/284873,284873,202401,Leicester Tigers,away,9,239424,Ollie Allan,scrum half,starter
https://rugby-union-feeds.incrowdsports.com/v1/matches/284873,284873,202401,Leicester Tigers,away,22,214400,Dan Kelly,sub 7,replacement
https://rugby-union-feeds.incrowdsports.com/v1/matches/284873,284873,202401,Leicester Tigers,away,4,202591,Kyle Hatherell,second row,starter
https://rugby-union-feeds.incrowdsports.com/v1/matches/284873,284873,202401,Leicester Tigers,away,20,156512,Hanro Liebenberg,sub 5,replacement
https://rugby-union-feeds.incrowdsports.com/v1/matches/284874,284874,202401,Caldy,home,14,241316,Will Robinson,right wing,starter
https://rugby-union-feeds.incrowdsports.com/v1/matches/284874,284874,202401,Caldy,home,10,249218,Sam Rogers,fly half,starter
https://rugby-union-feeds.incrowdsports.com/v1/matches/284874,284874,202401,Caldy,home,23,254050,Charlie Hyde,sub 8,replacement
https://rugby-union-feeds.incrowdsports.com/v1/matches/284874,284874,202401,Caldy,home,20,100102,Callum Ridgway,sub 5,replacement
https://rugby-union-feeds.incrowdsports.com/v1/matches/284874,284874,202401,Caldy,home,15,249318,Matthew Kilcourse,full back,starter
https://rugby-union-feeds.incrowdsports.com/v1/matches/284874,284874,202401,Caldy,home,6,240901,Sam Olyott,flanker,starter
https://rugby-union-feeds.incrowdsports.com/v1/matches/284874,284874,202401,Caldy,home,16,201317,Oliver Hearn,sub 1,replacement
https://rugby-union-feeds.incrowdsports.com/v1/matches/284874,284874,202401,Caldy,home,21,174438,Jacob Tansey,sub 6,replacement
https://rugby-union-feeds.incrowdsports.com/v1/matches/284874,284874,202401,Caldy,home,12,116266,Mike Barlow,inside centre,starter
https://rugby-union-feeds.incrowdsports.com/v1/matches/284874,284874,202401,Caldy,home,8,219984,Josiah Dickinson,number eight,starter
https://rugby-union-feeds.incrowdsports.com/v1/matches/284874,284874,202401,Caldy,home,19,141007,Jack Collister,sub 4,replacement
https://rugby-union-feeds.incrowdsports.com/v1/matches/284874,284874,202401,Caldy,home,18,161165,Ryan Higginson,sub 3,replacement
https://rugby-union-feeds.incrowdsports.com/v1/matches/284874,284874,202401,Caldy,home,4,253652,Freddie Stevenson,second row,starter
https://rugby-union-feeds.incrowdsports.com/v1/matches/284874,284874,202401,Caldy,home,7,243444,Tom Parry,flanker,starter
https://rugby-union-feeds.incrowdsports.com/v1/matches/284874,284874,202401,Caldy,home,11,123729,Ben Jones,left wing,starter
https://rugby-union-feeds.incrowdsports.com/v1/matches/284874,284874,202401,Caldy,home,13,244567,Jacob Mitchell,outside centre,starter
https://rugby-union-feeds.incrowdsports.com/v1/matches/284874,284874,202401,Caldy,home,3,151288,Nathan Rushton,tighthead prop,starter
https://rugby-union-feeds.incrowdsports.com/v1/matches/284874,284874,202401,Caldy,home,22,248918,Daniel Rabbette,sub 7,replacement
https://rugby-union-feeds.incrowdsports.com/v1/matches/284874,284874,202401,Caldy,home,1,143291,Monty Weatherby,loosehead prop,starter
https://rugby-union-feeds.incrowdsports.com/v1/matches/284874,284874,202401,Caldy,home,2,174137,Matt Gallagher,hooker,starter
https://rugby-union-feeds.incrowdsports.com/v1/matches/284874,284874,202401,Caldy,home,5,202650,Joe Sproston,second row,starter
https://rugby-union-feeds.incrowdsports.com/v1/matches/284874,284874,202401,Caldy,home,9,223645,Ollie Wynn,scrum half,starter
https://rugby-union-feeds.incrowdsports.com/v1/matches/284874,284874,202401,Caldy,home,17,177502,Adam Aigbokhae,sub 2,replacement
https://rugby-union-feeds.incrowdsports.com/v1/matches/284874,284874,202401,Doncaster Knights,away,13,204132,George Wacokecoke,outside centre,starter
https://rugby-union-feeds.incrowdsports.com/v1/matches/284874,284874,202401,Doncaster Knights,away,9,154087,Alex Dolly,scrum half,starter
https://rugby-union-feeds.incrowdsports.com/v1/matches/284874,284874,202401,Doncaster Knights,away,15,177288,Jordan Olowofela,full back,starter
https://rugby-union-feeds.incrowdsports.com/v1/matches/284874,284874,202401,Doncaster Knights,away,12,142632,Zach Kerr,inside centre,starter
https://rugby-union-feeds.incrowdsports.com/v1/matches/284874,284874,202401,Doncaster Knights,away,10,223398,Morgan Bunting,fly half,starter
https://rugby-union-feeds.incrowdsports.com/v1/matches/284874,284874,202401,Doncaster Knights,away,2,249221,Ben Chapman,hooker,starter
https://rugby-union-feeds.incrowdsports.com/v1/matches/284874,284874,202401,Doncaster Knights,away,21,130599,Ollie Fox,sub 6,replacement
https://rugby-union-feeds.incrowdsports.com/v1/matches/284874,284874,202401,Doncaster Knights,away,16,229931,George Roberts,sub 1,replacement
https://rugby-union-feeds.incrowdsports.com/v1/matches/284874,284874,202401,Doncaster Knights,away,23,162764,Harry Davey,sub 8,replacement
https://rugby-union-feeds.incrowdsports.com/v1/matches/284874,284874,202401,Doncaster Knights,away,8,134281,Morgan Strong,number eight,starter
https://rugby-union-feeds.incrowdsports.com/v1/matches/284874,284874,202401,Doncaster Knights,away,20,170250,Archie Smeaton,sub 5,replacement
https://rugby-union-feeds.incrowdsports.com/v1/matches/284874,284874,202401,Doncaster Knights,away,22,126158,Russell Bennett,sub 7,replacement
https://rugby-union-feeds.incrowdsports.com/v1/matches/284874,284874,202401,Doncaster Knights,away,3,128592,Joe Jones,tighthead prop,starter
https://rugby-union-feeds.incrowdsports.com/v1/matches/284874,284874,202401,Doncaster Knights,away,5,179725,Ben Murphy,second row,starter
https://rugby-union-feeds.incrowdsports.com/v1/matches/284874,284874,202401,Doncaster Knights,away,1,121135,Andrew Turner,loosehead prop,starter
https://rugby-union-feeds.incrowdsports.com/v1/matches/284874,284874,202401,Doncaster Knights,away,14,181588,Semesa Rokoduguni,right wing,starter
https://rugby-union-feeds.incrowdsports.com/v1/matches/284874,284874,202401,Doncaster Knights,away,7,139345,Rhys Tait,flanker,starter
https://rugby-union-feeds.incrowdsports.com/v1/matches/284874,284874,202401,Doncaster Knights,away,11,147959,Maliq Holden,left wing,starter
https://rugby-union-feeds.incrowdsports.com/v1/matches/284874,284874,202401,Doncaster Knights,away,6,250742,Tom Currie,flanker,starter
https://rugby-union-feeds.incrowdsports.com/v1/matches/284874,284874,202401,Doncaster Knights,away,19,192470,Josh Williams,sub 4,replacement
https://rugby-union-feeds.incrowdsports.com/v1/matches/284874,284874,202401,Doncaster Knights,away,17,153913,Jasper McGuire,sub 2,replacement
https://rugby-union-feeds.incrowdsports.com/v1/matches/284874,284874,202401,Doncaster Knights,away,4,250745,Euan McVie,second row,starter
https://rugby-union-feeds.incrowdsports.com/v1/matches/284874,284874,202401,Doncaster Knights,away,18,110397,Logovi'i Mulipola,sub 3,replacement
https://rugby-union-feeds.incrowdsports.com/v1/matches/284875,284875,202401,Hartpury,home,15,111009,Alex Morgan,full back,starter
https://rugby-union-feeds.incrowdsports.com/v1/matches/284875,284875,202401,Hartpury,home,7,220226,Harry Short,flanker,starter
https://rugby-union-feeds.incrowdsports.com/v1/matches/284875,284875,202401,Hartpury,home,20,253378,Deian Gwynne,sub 5,replacement
https://rugby-union-feeds.incrowdsports.com/v1/matches/284875,284875,202401,Hartpury,home,13,218600,Jack Johnson,outside centre,starter
https://rugby-union-feeds.incrowdsports.com/v1/matches/284875,284875,202401,Hartpury,home,9,237895,Mike Austin,scrum half,starter
https://rugby-union-feeds.incrowdsports.com/v1/matches/284875,284875,202401,Hartpury,home,4,249222,Cameron Cobbett,second row,starter
https://rugby-union-feeds.incrowdsports.com/v1/matches/284875,284875,202401,Hartpury,home,21,167951,Matty Jones,sub 6,replacement
https://rugby-union-feeds.incrowdsports.com/v1/matches/284875,284875,202401,Hartpury,home,1,147728,Aristot Benz-Salomon,loosehead prop,starter
https://rugby-union-feeds.incrowdsports.com/v1/matches/284875,284875,202401,Hartpury,home,8,217263,Jarrard Hayler,number eight,starter
https://rugby-union-feeds.incrowdsports.com/v1/matches/284875,284875,202401,Hartpury,home,19,239341,Carn Richards-Farr,sub 4,replacement
https://rugby-union-feeds.incrowdsports.com/v1/matches/284875,284875,202401,Hartpury,home,17,147089,Archie McArthur,sub 2,replacement
https://rugby-union-feeds.incrowdsports.com/v1/matches/284875,284875,202401,Hartpury,home,10,229937,Harry Bazalgette,fly half,starter
https://rugby-union-feeds.incrowdsports.com/v1/matches/284875,284875,202401,Hartpury,home,23,119286,Morgan Adderly-Jones,sub 8,replacement
https://rugby-union-feeds.incrowdsports.com/v1/matches/284875,284875,202401,Hartpury,home,12,199447,Robbie Smith,inside centre,starter
https://rugby-union-feeds.incrowdsports.com/v1/matches/284875,284875,202401,Hartpury,home,14,243605,Bradley Denty,right wing,starter
https://rugby-union-feeds.incrowdsports.com/v1/matches/284875,284875,202401,Hartpury,home,6,143478,Sam Lewis,flanker,starter
https://rugby-union-feeds.incrowdsports.com/v1/matches/284875,284875,202401,Hartpury,home,22,102295,Josiah Edwards-Giraud,sub 7,replacement
https://rugby-union-feeds.incrowdsports.com/v1/matches/284875,284875,202401,Hartpury,home,5,176187,Jack Davies,second row,starter
https://rugby-union-feeds.incrowdsports.com/v1/matches/284875,284875,202401,Hartpury,home,11,210235,Ollie Holliday,left wing,starter
https://rugby-union-feeds.incrowdsports.com/v1/matches/284875,284875,202401,Hartpury,home,16,189850,Ethan Hunt,sub 1,replacement
https://rugby-union-feeds.incrowdsports.com/v1/matches/284875,284875,202401,Hartpury,home,2,204384,Will Crane,hooker,starter
https://rugby-union-feeds.incrowdsports.com/v1/matches/284875,284875,202401,Hartpury,home,18,179933,Joe Rees,sub 3,replacement
https://rugby-union-feeds.incrowdsports.com/v1/matches/284875,284875,202401,Hartpury,home,3,129823,Jono Benz-Salomon,tighthead prop,starter
https://rugby-union-feeds.incrowdsports.com/v1/matches/284875,284875,202401,Cornish Pirates,away,4,133028,Charlie Rice,second row,starter
https://rugby-union-feeds.incrowdsports.com/v1/matches/284875,284875,202401,Cornish Pirates,away,2,242881,Sol Moody,hooker,starter
https://rugby-union-feeds.incrowdsports.com/v1/matches/284875,284875,202401,Cornish Pirates,away,12,220776,Charlie McCaig,inside centre,starter
https://rugby-union-feeds.incrowdsports.com/v1/matches/284875,284875,202401,Cornish Pirates,away,6,249157,Josh King,flanker,starter
https://rugby-union-feeds.incrowdsports.com/v1/matches/284875,284875,202401,Cornish Pirates,away,14,220939,Robin Wedlake-Millechamp,right wing,starter
https://rugby-union-feeds.incrowdsports.com/v1/matches/284875,284875,202401,Cornish Pirates,away,8,242539,Hugh Bokenham,number eight,starter
https://rugby-union-feeds.incrowdsports.com/v1/matches/284875,284875,202401,Cornish Pirates,away,16,119241,Harry Hocking,sub 1,replacement
https://rugby-union-feeds.incrowdsports.com/v1/matches/284875,284875,202401,Cornish Pirates,away,20,238346,Tomiwa Agbongbon,sub 5,replacement
https://rugby-union-feeds.incrowdsports.com/v1/matches/284875,284875,202401,Cornish Pirates,away,10,169290,Iwan Jenkins,fly half,starter
https://rugby-union-feeds.incrowdsports.com/v1/matches/284875,284875,202401,Cornish Pirates,away,23,253776,Iwan Price-Thomas,sub 8,replacement
https://rugby-union-feeds.incrowdsports.com/v1/matches/284875,284875,202401,Cornish Pirates,away,7,167566,Will Gibson,flanker,starter
https://rugby-union-feeds.incrowdsports.com/v1/matches/284875,284875,202401,Cornish Pirates,away,5,133043,Eoin O'Connor,second row,starter
https://rugby-union-feeds.incrowdsports.com/v1/matches/284875,284875,202401,Cornish Pirates,away,9,250065,Cameron D. Jones,scrum half,starter
https://rugby-union-feeds.incrowdsports.com/v1/matches/284875,284875,202401,Cornish Pirates,away,1,190706,Billy Young,loosehead prop,starter
https://rugby-union-feeds.incrowdsports.com/v1/matches/284875,284875,202401,Cornish Pirates,away,18,159122,Jay Tyack,sub 3,replacement
https://rugby-union-feeds.incrowdsports.com/v1/matches/284875,284875,202401,Cornish Pirates,away,13,198486,Matthew McNab,outside centre,starter
https://rugby-union-feeds.incrowdsports.com/v1/matches/284875,284875,202401,Cornish Pirates,away,22,187925,Bruce Houston,sub 7,replacement
https://rugby-union-feeds.incrowdsports.com/v1/matches/284875,284875,202401,Cornish Pirates,away,17,240469,Oisin Michel,sub 2,replacement
https://rugby-union-feeds.incrowdsports.com/v1/matches/284875,284875,202401,Cornish Pirates,away,21,133494,Daniel Hiscocks,sub 6,replacement
https://rugby-union-feeds.incrowdsports.com/v1/matches/284875,284875,202401,Cornish Pirates,away,15,237977,William Trewin,full back,starter
https://rugby-union-feeds.incrowdsports.com/v1/matches/284875,284875,202401,Cornish Pirates,away,11,112475,Arthur Relton,left wing,starter
https://rugby-union-feeds.incrowdsports.com/v1/matches/284875,284875,202401,Cornish Pirates,away,3,134528,James French,tighthead prop,starter
https://rugby-union-feeds.incrowdsports.com/v1/matches/284875,284875,202401,Cornish Pirates,away,19,179677,Matt Cannon,sub 4,replacement
https://rugby-union-feeds.incrowdsports.com/v1/matches/284877,284877,202401,Coventry,home,9,207428,Josh Barton,scrum half,starter
https://rugby-union-feeds.incrowdsports.com/v1/matches/284877,284877,202401,Coventry,home,11,153924,Ryan Hutler,left wing,starter
https://rugby-union-feeds.incrowdsports.com/v1/matches/284877,284877,202401,Coventry,home,13,249217,Dafydd-Rhys Tiueti,outside centre,starter
https://rugby-union-feeds.incrowdsports.com/v1/matches/284877,284877,202401,Coventry,home,12,139751,Tom Hitchcock,inside centre,starter
https://rugby-union-feeds.incrowdsports.com/v1/matches/284877,284877,202401,Coventry,home,16,152424,Suva Ma'asi,sub 1,replacement
https://rugby-union-feeds.incrowdsports.com/v1/matches/284877,284877,202401,Coventry,home,18,122088,Eliot Salt,sub 3,replacement
https://rugby-union-feeds.incrowdsports.com/v1/matches/284877,284877,202401,Coventry,home,3,146955,Matt Johnson,tighthead prop,starter
https://rugby-union-feeds.incrowdsports.com/v1/matches/284877,284877,202401,Coventry,home,4,135626,Obinna Nkwocha,second row,starter
https://rugby-union-feeds.incrowdsports.com/v1/matches/284877,284877,202401,Coventry,home,19,125902,Rhys Anstey,sub 4,replacement
https://rugby-union-feeds.incrowdsports.com/v1/matches/284877,284877,202401,Coventry,home,2,170483,Jordon Poole,hooker,starter
https://rugby-union-feeds.incrowdsports.com/v1/matches/284877,284877,202401,Coventry,home,5,137043,Senitiki Nayalo,second row,starter
https://rugby-union-feeds.incrowdsports.com/v1/matches/284877,284877,202401,Coventry,home,8,192563,Matt Kvesic,number eight,starter
https://rugby-union-feeds.incrowdsports.com/v1/matches/284877,284877,202401,Coventry,home,23,239286,Chester Owen,sub 8,replacement
https://rugby-union-feeds.incrowdsports.com/v1/matches/284877,284877,202401,Coventry,home,10,191542,Tommy Mathews,fly half,starter
https://rugby-union-feeds.incrowdsports.com/v1/matches/284877,284877,202401,Coventry,home,1,241813,Vilikesa Nairau,loosehead prop,starter
https://rugby-union-feeds.incrowdsports.com/v1/matches/284877,284877,202401,Coventry,home,7,146806,Aaron Hinkley,flanker,starter
https://rugby-union-feeds.incrowdsports.com/v1/matches/284877,284877,202401,Coventry,home,20,108919,James Tyas,sub 5,replacement
https://rugby-union-feeds.incrowdsports.com/v1/matches/284877,284877,202401,Coventry,home,22,193878,James Martin,sub 7,replacement
https://rugby-union-feeds.incrowdsports.com/v1/matches/284877,284877,202401,Coventry,home,15,240220,Charlie Robson,full back,starter
https://rugby-union-feeds.incrowdsports.com/v1/matches/284877,284877,202401,Coventry,home,21,200987,Will Lane,sub 6,replacement
https://rugby-union-feeds.incrowdsports.com/v1/matches/284877,284877,202401,Coventry,home,14,249434,David Opoku,right wing,starter
https://rugby-union-feeds.incrowdsports.com/v1/matches/284877,284877,202401,Coventry,home,17,176281,Jevaughn Warren,sub 2,replacement
https://rugby-union-feeds.incrowdsports.com/v1/matches/284877,284877,202401,Coventry,home,6,187229,Tom Ball,flanker,starter
https://rugby-union-feeds.incrowdsports.com/v1/matches/284877,284877,202401,Northampton Saints,away,5,193283,Chunya Munga,second row,starter
https://rugby-union-feeds.incrowdsports.com/v1/matches/284877,284877,202401,Northampton Saints,away,11,117441,Tom Seabrook,left wing,starter
https://rugby-union-feeds.incrowdsports.com/v1/matches/284877,284877,202401,Northampton Saints,away,23,239490,Will Glister,sub 8,replacement
https://rugby-union-feeds.incrowdsports.com/v1/matches/284877,284877,202401,Northampton Saints,away,4,195010,Tom Lockett,second row,starter
https://rugby-union-feeds.incrowdsports.com/v1/matches/284877,284877,202401,Northampton Saints,away,10,239430,George Makepeace-Cubitt,fly half,starter
https://rugby-union-feeds.incrowdsports.com/v1/matches/284877,284877,202401,Northampton Saints,away,3,127592,Luke Green,tighthead prop,starter
https://rugby-union-feeds.incrowdsports.com/v1/matches/284877,284877,202401,Northampton Saints,away,21,221996,Tom James,sub 6,replacement
https://rugby-union-feeds.incrowdsports.com/v1/matches/284877,284877,202401,Northampton Saints,away,14,178796,James Ramm,right wing,starter
https://rugby-union-feeds.incrowdsports.com/v1/matches/284877,284877,202401,Northampton Saints,away,2,239338,Craig Wright,hooker,starter
https://rugby-union-feeds.incrowdsports.com/v1/matches/284877,284877,202401,Northampton Saints,away,8,199728,Juarno Augustus,number eight,starter
https://rugby-union-feeds.incrowdsports.com/v1/matches/284877,284877,202401,Northampton Saints,away,17,187951,Emmanuel Iyogun,sub 2,replacement
https://rugby-union-feeds.incrowdsports.com/v1/matches/284877,284877,202401,Northampton Saints,away,20,125486,Angus Scott-Young,sub 5,replacement
https://rugby-union-feeds.incrowdsports.com/v1/matches/284877,284877,202401,Northampton Saints,away,22,229939,Charlie Savala,sub 7,replacement
https://rugby-union-feeds.incrowdsports.com/v1/matches/284877,284877,202401,Northampton Saints,away,7,239634,Henry Pollock,flanker,starter
https://rugby-union-feeds.incrowdsports.com/v1/matches/284877,284877,202401,Northampton Saints,away,9,239345,Archie McParland,scrum half,starter
https://rugby-union-feeds.incrowdsports.com/v1/matches/284877,284877,202401,Northampton Saints,away,18,102707,Trevor Davison,sub 3,replacement
https://rugby-union-feeds.incrowdsports.com/v1/matches/284877,284877,202401,Northampton Saints,away,12,109816,Rory Hutchinson,inside centre,starter
https://rugby-union-feeds.incrowdsports.com/v1/matches/284877,284877,202401,Northampton Saints,away,16,111416,Curtis Langdon,sub 1,replacement
https://rugby-union-feeds.incrowdsports.com/v1/matches/284877,284877,202401,Northampton Saints,away,1,104471,Tarek Haffar,loosehead prop,starter
https://rugby-union-feeds.incrowdsports.com/v1/matches/284877,284877,202401,Northampton Saints,away,6,219643,Tom Pearson,flanker,starter
https://rugby-union-feeds.incrowdsports.com/v1/matches/284877,284877,202401,Northampton Saints,away,13,111099,Tom Litchfield,outside centre,starter
https://rugby-union-feeds.incrowdsports.com/v1/matches/284877,284877,202401,Northampton Saints,away,19,195519,Gavin Thornbury,sub 4,replacement
https://rugby-union-feeds.incrowdsports.com/v1/matches/284877,284877,202401,Northampton Saints,away,15,238687,George Hendy,full back,starter
https://rugby-union-feeds.incrowdsports.com/v1/matches/284879,284879,202401,Saracens,home,12,116514,Olly Hartley,inside centre,starter
https://rugby-union-feeds.incrowdsports.com/v1/matches/284879,284879,202401,Saracens,home,11,170435,Rotimi Segun,left wing,starter
https://rugby-union-feeds.incrowdsports.com/v1/matches/284879,284879,202401,Saracens,home,17,202850,Sam Crean,sub 2,replacement
https://rugby-union-feeds.incrowdsports.com/v1/matches/284879,284879,202401,Saracens,home,4,218727,Harry Wilson,second row,starter
https://rugby-union-feeds.incrowdsports.com/v1/matches/284879,284879,202401,Saracens,home,6,239399,Max Eke,flanker,starter
https://rugby-union-feeds.incrowdsports.com/v1/matches/284879,284879,202401,Saracens,home,9,239403,Charlie Bracken,scrum half,starter
https://rugby-union-feeds.incrowdsports.com/v1/matches/284879,284879,202401,Saracens,home,7,111209,Toby Knight,flanker,starter
https://rugby-union-feeds.incrowdsports.com/v1/matches/284879,284879,202401,Saracens,home,8,132812,Nathan Michelow,number eight,starter
https://rugby-union-feeds.incrowdsports.com/v1/matches/284879,284879,202401,Saracens,home,23,182025,Brandon Jackson-Richards,sub 8,replacement
https://rugby-union-feeds.incrowdsports.com/v1/matches/284879,284879,202401,Saracens,home,16,239408,James Isaacs,sub 1,replacement
https://rugby-union-feeds.incrowdsports.com/v1/matches/284879,284879,202401,Saracens,home,3,198766,Fraser Balmain,tighthead prop,starter
https://rugby-union-feeds.incrowdsports.com/v1/matches/284879,284879,202401,Saracens,home,13,202925,Sam Spink,outside centre,starter
https://rugby-union-feeds.incrowdsports.com/v1/matches/284879,284879,202401,Saracens,home,1,119955,Rhys Carre,loosehead prop,starter
https://rugby-union-feeds.incrowdsports.com/v1/matches/284879,284879,202401,Saracens,home,15,182552,Tom Parton,full back,starter
https://rugby-union-feeds.incrowdsports.com/v1/matches/284879,284879,202401,Saracens,home,21,185080,Ivan van Zyl,sub 6,replacement
https://rugby-union-feeds.incrowdsports.com/v1/matches/284879,284879,202401,Saracens,home,14,204054,Tobias Elliott,right wing,starter
https://rugby-union-feeds.incrowdsports.com/v1/matches/284879,284879,202401,Saracens,home,19,237366,Theo McFarland,sub 4,replacement
https://rugby-union-feeds.incrowdsports.com/v1/matches/284879,284879,202401,Saracens,home,20,205909,Izzy Moore-Aiono,sub 5,replacement
https://rugby-union-feeds.incrowdsports.com/v1/matches/284879,284879,202401,Saracens,home,10,149596,Tiff Eden,fly half,starter
https://rugby-union-feeds.incrowdsports.com/v1/matches/284879,284879,202401,Saracens,home,18,113433,Ollie Hoskins,sub 3,replacement
https://rugby-union-feeds.incrowdsports.com/v1/matches/284879,284879,202401,Saracens,home,2,144473,James Hadfield,hooker,starter
https://rugby-union-feeds.incrowdsports.com/v1/matches/284879,284879,202401,Saracens,home,22,244799,Angus Hall,sub 7,replacement
https://rugby-union-feeds.incrowdsports.com/v1/matches/284879,284879,202401,Saracens,home,5,239614,Kennedy Sylvester-Junior,second row,starter
https://rugby-union-feeds.incrowdsports.com/v1/matches/284879,284879,202401,Harlequins,away,1,140419,Jordan Els,loosehead prop,starter
https://rugby-union-feeds.incrowdsports.com/v1/matches/284879,284879,202401,Harlequins,away,3,168641,Dillon Lewis,tighthead prop,starter
https://rugby-union-feeds.incrowdsports.com/v1/matches/284879,284879,202401,Harlequins,away,14,145735,Cameron Anderson,right wing,starter
https://rugby-union-feeds.incrowdsports.com/v1/matches/284879,284879,202401,Harlequins,away,5,140680,Stephan Lewies,second row,starter
https://rugby-union-feeds.incrowdsports.com/v1/matches/284879,284879,202401,Harlequins,away,12,143333,Lennox Anyanwu,inside centre,starter
https://rugby-union-feeds.incrowdsports.com/v1/matches/284879,284879,202401,Harlequins,away,2,137125,Jack Walker,hooker,starter
https://rugby-union-feeds.incrowdsports.com/v1/matches/284879,284879,202401,Harlequins,away,8,170379,James Chisholm,number eight,starter
https://rugby-union-feeds.incrowdsports.com/v1/matches/284879,284879,202401,Harlequins,away,10,159436,Jamie Benson,fly half,starter
https://rugby-union-feeds.incrowdsports.com/v1/matches/284879,284879,202401,Harlequins,away,4,203721,Irne Herbst,second row,starter
https://rugby-union-feeds.incrowdsports.com/v1/matches/284879,284879,202401,Harlequins,away,18,114413,Simon Kerrod,sub 3,replacement
https://rugby-union-feeds.incrowdsports.com/v1/matches/284879,284879,202401,Harlequins,away,22,196173,Will Joseph,sub 7,replacement
https://rugby-union-feeds.incrowdsports.com/v1/matches/284879,284879,202401,Harlequins,away,13,239604,Sean Kerr,outside centre,starter
https://rugby-union-feeds.incrowdsports.com/v1/matches/284879,284879,202401,Harlequins,away,15,182642,Tyrone Green,full back,starter
https://rugby-union-feeds.incrowdsports.com/v1/matches/284879,284879,202401,Harlequins,away,6,175826,Jack Kenningham,flanker,starter
https://rugby-union-feeds.incrowdsports.com/v1/matches/284879,284879,202401,Harlequins,away,16,145720,Nathan Jibulu,sub 1,replacement
https://rugby-union-feeds.incrowdsports.com/v1/matches/284879,284879,202401,Harlequins,away,11,137369,Nick David,left wing,starter
https://rugby-union-feeds.incrowdsports.com/v1/matches/284879,284879,202401,Harlequins,away,9,243130,Lucas Friday,scrum half,starter
https://rugby-union-feeds.incrowdsports.com/v1/matches/284879,284879,202401,Harlequins,away,19,132185,Joe Launchbury,sub 4,replacement
https://rugby-union-feeds.incrowdsports.com/v1/matches/284879,284879,202401,Harlequins,away,21,118972,Lewis Gjaltema,sub 6,replacement
https://rugby-union-feeds.incrowdsports.com/v1/matches/284879,284879,202401,Harlequins,away,20,243129,Lucas Schmid,sub 5,replacement
https://rugby-union-feeds.incrowdsports.com/v1/matches/284879,284879,202401,Harlequins,away,23,114587,Bryn Bradley,sub 8,replacement
https://rugby-union-feeds.incrowdsports.com/v1/matches/284879,284879,202401,Harlequins,away,7,144543,Tom Lawday,flanker,starter
https://rugby-union-feeds.incrowdsports.com/v1/matches/284879,284879,202401,Harlequins,away,17,111583,Wyn Jones,sub 2,replacement
https://rugby-union-feeds.incrowdsports.com/v1/matches/284876,284876,202401,Bedford Blues,home,1,173378,Joey Conway,loosehead prop,starter
https://rugby-union-feeds.incrowdsports.com/v1/matches/284876,284876,202401,Bedford Blues,home,9,201767,Alex Day,scrum half,starter
https://rugby-union-feeds.incrowdsports.com/v1/matches/284876,284876,202401,Bedford Blues,home,5,243403,George Smith,second row,starter
https://rugby-union-feeds.incrowdsports.com/v1/matches/284876,284876,202401,Bedford Blues,home,18,105769,Oisin Heffernan,sub 3,replacement
https://rugby-union-feeds.incrowdsports.com/v1/matches/284876,284876,202401,Bedford Blues,home,6,108939,Fyn Brown,flanker,starter
https://rugby-union-feeds.incrowdsports.com/v1/matches/284876,284876,202401,Bedford Blues,home,15,238224,Louis James,full back,starter
https://rugby-union-feeds.incrowdsports.com/v1/matches/284876,284876,202401,Bedford Blues,home,14,178160,Alfie Garside,right wing,starter
https://rugby-union-feeds.incrowdsports.com/v1/matches/284876,284876,202401,Bedford Blues,home,10,127373,Will Maisey,fly half,starter
https://rugby-union-feeds.incrowdsports.com/v1/matches/284876,284876,202401,Bedford Blues,home,16,208109,Nathan Langdon,sub 1,replacement
https://rugby-union-feeds.incrowdsports.com/v1/matches/284876,284876,202401,Bedford Blues,home,8,121234,Fred Tuilagi,number eight,starter
https://rugby-union-feeds.incrowdsports.com/v1/matches/284876,284876,202401,Bedford Blues,home,19,137971,Shay Kerry,sub 4,replacement
https://rugby-union-feeds.incrowdsports.com/v1/matches/284876,284876,202401,Bedford Blues,home,2,253651,Tommy Herman,hooker,starter
https://rugby-union-feeds.incrowdsports.com/v1/matches/284876,284876,202401,Bedford Blues,home,22,248787,Jonny Weimann,sub 7,replacement
https://rugby-union-feeds.incrowdsports.com/v1/matches/284876,284876,202401,Bedford Blues,home,13,219634,Lucas Titherington,outside centre,starter
https://rugby-union-feeds.incrowdsports.com/v1/matches/284876,284876,202401,Bedford Blues,home,17,168690,Jamie Jack,sub 2,replacement
https://rugby-union-feeds.incrowdsports.com/v1/matches/284876,284876,202401,Bedford Blues,home,20,224241,Luke Frost,sub 5,replacement
https://rugby-union-feeds.incrowdsports.com/v1/matches/284876,284876,202401,Bedford Blues,home,7,197430,Joe Howard,flanker,starter
https://rugby-union-feeds.incrowdsports.com/v1/matches/284876,284876,202401,Bedford Blues,home,23,132502,Matt Worley,sub 8,replacement
https://rugby-union-feeds.incrowdsports.com/v1/matches/284876,284876,202401,Bedford Blues,home,12,209724,Joel Matavesi,inside centre,starter
https://rugby-union-feeds.incrowdsports.com/v1/matches/284876,284876,202401,Bedford Blues,home,3,238140,Beltus Nonleh,tighthead prop,starter
https://rugby-union-feeds.incrowdsports.com/v1/matches/284876,284876,202401,Bedford Blues,home,11,168281,Dean Adamson,left wing,starter
https://rugby-union-feeds.incrowdsports.com/v1/matches/284876,284876,202401,Bedford Blues,home,4,123483,Rory Ward,second row,starter
https://rugby-union-feeds.incrowdsports.com/v1/matches/284876,284876,202401,Bedford Blues,home,21,221183,Jac Arthur,sub 6,replacement
https://rugby-union-feeds.incrowdsports.com/v1/matches/284876,284876,202401,Bath Rugby,away,12,175011,Max Ojomoh,inside centre,starter
https://rugby-union-feeds.incrowdsports.com/v1/matches/284876,284876,202401,Bath Rugby,away,6,123233,Ethan Staddon,flanker,starter
https://rugby-union-feeds.incrowdsports.com/v1/matches/284876,284876,202401,Bath Rugby,away,4,132737,Mackenzie Graham,second row,starter
https://rugby-union-feeds.incrowdsports.com/v1/matches/284876,284876,202401,Bath Rugby,away,9,156834,Tom Carr-Smith,scrum half,starter
https://rugby-union-feeds.incrowdsports.com/v1/matches/284876,284876,202401,Bath Rugby,away,3,137026,Kieran Verden,tighthead prop,starter
https://rugby-union-feeds.incrowdsports.com/v1/matches/284876,284876,202401,Bath Rugby,away,19,239297,Arthur Green,sub 4,replacement
https://rugby-union-feeds.incrowdsports.com/v1/matches/284876,284876,202401,Bath Rugby,away,22,101123,Ciaran Donoghue,sub 7,replacement
https://rugby-union-feeds.incrowdsports.com/v1/matches/284876,284876,202401,Bath Rugby,away,2,218695,Jasper Spandler,hooker,starter
https://rugby-union-feeds.incrowdsports.com/v1/matches/284876,284876,202401,Bath Rugby,away,23,239302,Will Parry,sub 8,replacement
https://rugby-union-feeds.incrowdsports.com/v1/matches/284876,284876,202401,Bath Rugby,away,18,209868,Mike Summerfield,sub 3,replacement
https://rugby-union-feeds.incrowdsports.com/v1/matches/284876,284876,202401,Bath Rugby,away,8,145484,Alfie Barbeary,number eight,starter
https://rugby-union-feeds.incrowdsports.com/v1/matches/284876,284876,202401,Bath Rugby,away,15,243600,Austin Emens,full back,starter
https://rugby-union-feeds.incrowdsports.com/v1/matches/284876,284876,202401,Bath Rugby,away,16,243059,Kepu Tuipulotu,sub 1,replacement
https://rugby-union-feeds.incrowdsports.com/v1/matches/284876,284876,202401,Bath Rugby,away,21,241747,Neil le Roux,sub 6,replacement
https://rugby-union-feeds.incrowdsports.com/v1/matches/284876,284876,202401,Bath Rugby,away,14,201240,Regan Grace,right wing,starter
https://rugby-union-feeds.incrowdsports.com/v1/matches/284876,284876,202401,Bath Rugby,away,5,217750,Ewan Richards,second row,starter
https://rugby-union-feeds.incrowdsports.com/v1/matches/284876,284876,202401,Bath Rugby,away,11,112538,Ruaridh McConnochie,left wing,starter
https://rugby-union-feeds.incrowdsports.com/v1/matches/284876,284876,202401,Bath Rugby,away,17,206236,Archie Stanley,sub 2,replacement
https://rugby-union-feeds.incrowdsports.com/v1/matches/284876,284876,202401,Bath Rugby,away,10,220475,Orlando Bailey,fly half,starter
https://rugby-union-feeds.incrowdsports.com/v1/matches/284876,284876,202401,Bath Rugby,away,1,219609,Arthur Cordwell,loosehead prop,starter
https://rugby-union-feeds.incrowdsports.com/v1/matches/284876,284876,202401,Bath Rugby,away,20,155514,Jaco Coetzee,sub 5,replacement
https://rugby-union-feeds.incrowdsports.com/v1/matches/284876,284876,202401,Bath Rugby,away,7,132895,Tom Cowan,flanker,starter
https://rugby-union-feeds.incrowdsports.com/v1/matches/284876,284876,202401,Bath Rugby,away,13,233245,Louie Hennessey,outside centre,starter
https://rugby-union-feeds.incrowdsports.com/v1/matches/284878,284878,202401,Ealing Trailfinders,home,5,123492,Danny Cutmore,second row,starter
https://rugby-union-feeds.incrowdsports.com/v1/matches/284878,284878,202401,Ealing Trailfinders,home,6,164129,Josh Taylor,flanker,starter
https://rugby-union-feeds.incrowdsports.com/v1/matches/284878,284878,202401,Ealing Trailfinders,home,9,158983,Michael Stronge,scrum half,starter
https://rugby-union-feeds.incrowdsports.com/v1/matches/284878,284878,202401,Ealing Trailfinders,home,11,113605,Ben Harris,left wing,starter
https://rugby-union-feeds.incrowdsports.com/v1/matches/284878,284878,202401,Ealing Trailfinders,home,13,139755,Francis Moore,outside centre,starter
https://rugby-union-feeds.incrowdsports.com/v1/matches/284878,284878,202401,Ealing Trailfinders,home,18,237164,Kabous Bezuidenhout,sub 3,replacement
https://rugby-union-feeds.incrowdsports.com/v1/matches/284878,284878,202401,Ealing Trailfinders,home,23,111468,Michael Dykes,sub 8,replacement
https://rugby-union-feeds.incrowdsports.com/v1/matches/284878,284878,202401,Ealing Trailfinders,home,8,188042,Rayn Smid,number eight,starter
https://rugby-union-feeds.incrowdsports.com/v1/matches/284878,284878,202401,Ealing Trailfinders,home,15,117487,Max Bodilly,full back,starter
https://rugby-union-feeds.incrowdsports.com/v1/matches/284878,284878,202401,Ealing Trailfinders,home,4,165364,Matas Jurevicius,second row,starter
https://rugby-union-feeds.incrowdsports.com/v1/matches/284878,284878,202401,Ealing Trailfinders,home,7,130961,Jordy Reid,flanker,starter
https://rugby-union-feeds.incrowdsports.com/v1/matches/284878,284878,202401,Ealing Trailfinders,home,22,176020,George Worboys,sub 7,replacement
https://rugby-union-feeds.incrowdsports.com/v1/matches/284878,284878,202401,Ealing Trailfinders,home,19,203154,Bobby de Wee,sub 4,replacement
https://rugby-union-feeds.incrowdsports.com/v1/matches/284878,284878,202401,Ealing Trailfinders,home,16,185586,Henry Walker,sub 1,replacement
https://rugby-union-feeds.incrowdsports.com/v1/matches/284878,284878,202401,Ealing Trailfinders,home,14,205461,Angus Kernohan,right wing,starter
https://rugby-union-feeds.incrowdsports.com/v1/matches/284878,284878,202401,Ealing Trailfinders,home,1,237909,Lefty Zigiriadis,loosehead prop,starter
https://rugby-union-feeds.incrowdsports.com/v1/matches/284878,284878,202401,Ealing Trailfinders,home,3,149659,Biyi Alo,tighthead prop,starter
https://rugby-union-feeds.incrowdsports.com/v1/matches/284878,284878,202401,Ealing Trailfinders,home,20,209050,Will Montgomery,sub 5,replacement
https://rugby-union-feeds.incrowdsports.com/v1/matches/284878,284878,202401,Ealing Trailfinders,home,10,158938,Craig Willis,fly half,starter
https://rugby-union-feeds.incrowdsports.com/v1/matches/284878,284878,202401,Ealing Trailfinders,home,2,176895,Matt Cornish,hooker,starter
https://rugby-union-feeds.incrowdsports.com/v1/matches/284878,284878,202401,Ealing Trailfinders,home,12,215294,Jordan Holgate,inside centre,starter
https://rugby-union-feeds.incrowdsports.com/v1/matches/284878,284878,202401,Ealing Trailfinders,home,21,162333,Craig Hampson,sub 6,replacement
https://rugby-union-feeds.incrowdsports.com/v1/matches/284878,284878,202401,Ealing Trailfinders,home,17,184766,James Kenny,sub 2,replacement
https://rugby-union-feeds.incrowdsports.com/v1/matches/284878,284878,202401,London Scottish,away,10,239652,Josh Bellamy,fly half,starter
https://rugby-union-feeds.incrowdsports.com/v1/matches/284878,284878,202401,London Scottish,away,12,188868,Will Simonds,inside centre,starter
https://rugby-union-feeds.incrowdsports.com/v1/matches/284878,284878,202401,London Scottish,away,17,254051,D'arcy Mulrooney,sub 2,replacement
https://rugby-union-feeds.incrowdsports.com/v1/matches/284878,284878,202401,London Scottish,away,19,240483,Jake Spurway,sub 4,replacement
https://rugby-union-feeds.incrowdsports.com/v1/matches/284878,284878,202401,London Scottish,away,1,206881,Tom Osborne,loosehead prop,starter
https://rugby-union-feeds.incrowdsports.com/v1/matches/284878,284878,202401,London Scottish,away,2,170338,Austin Wallis,hooker,starter
https://rugby-union-feeds.incrowdsports.com/v1/matches/284878,284878,202401,London Scottish,away,8,239649,Zach Carr,number eight,starter
https://rugby-union-feeds.incrowdsports.com/v1/matches/284878,284878,202401,London Scottish,away,16,185447,Jack Musk,sub 1,replacement
https://rugby-union-feeds.incrowdsports.com/v1/matches/284878,284878,202401,London Scottish,away,9,206823,Steve Kerins,scrum half,starter
https://rugby-union-feeds.incrowdsports.com/v1/matches/284878,284878,202401,London Scottish,away,5,239590,Harry Browne,second row,starter
https://rugby-union-feeds.incrowdsports.com/v1/matches/284878,284878,202401,London Scottish,away,14,169483,Roma Zheng,right wing,starter
https://rugby-union-feeds.incrowdsports.com/v1/matches/284878,284878,202401,London Scottish,away,4,112047,Matt Wilkinson,second row,starter
https://rugby-union-feeds.incrowdsports.com/v1/matches/284878,284878,202401,London Scottish,away,18,145267,Ash Challenger,sub 3,replacement
https://rugby-union-feeds.incrowdsports.com/v1/matches/284878,284878,202401,London Scottish,away,20,111828,Ioan Rhys Davies,sub 5,replacement
https://rugby-union-feeds.incrowdsports.com/v1/matches/284878,284878,202401,London Scottish,away,13,165170,Hayden Hyde,outside centre,starter
https://rugby-union-feeds.incrowdsports.com/v1/matches/284878,284878,202401,London Scottish,away,21,169426,Jonny Law,sub 6,replacement
https://rugby-union-feeds.incrowdsports.com/v1/matches/284878,284878,202401,London Scottish,away,6,104022,Will Trenholm,flanker,starter
https://rugby-union-feeds.incrowdsports.com/v1/matches/284878,284878,202401,London Scottish,away,22,243669,Alec Lloyd-Seed,sub 7,replacement
https://rugby-union-feeds.incrowdsports.com/v1/matches/284878,284878,202401,London Scottish,away,15,203418,Will Talbot-Davies,full back,starter
https://rugby-union-feeds.incrowdsports.com/v1/matches/284878,284878,202401,London Scottish,away,7,122140,Jack Ingall,flanker,starter
https://rugby-union-feeds.incrowdsports.com/v1/matches/284878,284878,202401,London Scottish,away,3,237854,Ntinga Mpiko,tighthead prop,starter
https://rugby-union-feeds.incrowdsports.com/v1/matches/284878,284878,202401,London Scottish,away,23,142589,Robbie McCallum,sub 8,replacement
https://rugby-union-feeds.incrowdsports.com/v1/matches/284878,284878,202401,London Scottish,away,11,177150,Will Brown,left wing,starter
https://rugby-union-feeds.incrowdsports.com/v1/matches/284880,284880,202401,Bristol Bears,home,8,245732,Benjamin Grondona,number eight,starter
https://rugby-union-feeds.incrowdsports.com/v1/matches/284880,284880,202401,Bristol Bears,home,19,244483,Ethan Surrey,sub 4,replacement
https://rugby-union-feeds.incrowdsports.com/v1/matches/284880,284880,202401,Bristol Bears,home,18,239330,Jimmy Halliwell,sub 3,replacement
https://rugby-union-feeds.incrowdsports.com/v1/matches/284880,284880,202401,Bristol Bears,home,4,244806,Kenzie Jenkins,second row,starter
https://rugby-union-feeds.incrowdsports.com/v1/matches/284880,284880,202401,Bristol Bears,home,23,243018,Aidan Boshoff,sub 8,replacement
https://rugby-union-feeds.incrowdsports.com/v1/matches/284880,284880,202401,Bristol Bears,home,2,178506,Will Capon,hooker,starter
https://rugby-union-feeds.incrowdsports.com/v1/matches/284880,284880,202401,Bristol Bears,home,22,248816,Gethin O'Callaghan,sub 7,replacement
https://rugby-union-feeds.incrowdsports.com/v1/matches/284880,284880,202401,Bristol Bears,home,13,172659,Harry Rowson,outside centre,starter
https://rugby-union-feeds.incrowdsports.com/v1/matches/284880,284880,202401,Bristol Bears,home,12,243442,Joe Jenkins,inside centre,starter
https://rugby-union-feeds.incrowdsports.com/v1/matches/284880,284880,202401,Bristol Bears,home,14,168050,Siva Naulago,right wing,starter
https://rugby-union-feeds.incrowdsports.com/v1/matches/284880,284880,202401,Bristol Bears,home,11,161106,Toby Fricker,left wing,starter
https://rugby-union-feeds.incrowdsports.com/v1/matches/284880,284880,202401,Bristol Bears,home,17,239313,Louie Trevett,sub 2,replacement
https://rugby-union-feeds.incrowdsports.com/v1/matches/284880,284880,202401,Bristol Bears,home,6,239318,Aaron Tull,flanker,starter
https://rugby-union-feeds.incrowdsports.com/v1/matches/284880,284880,202401,Bristol Bears,home,9,237013,Oscar Lennon,scrum half,starter
https://rugby-union-feeds.incrowdsports.com/v1/matches/284880,284880,202401,Bristol Bears,home,5,239317,Paddy Pearce,second row,starter
https://rugby-union-feeds.incrowdsports.com/v1/matches/284880,284880,202401,Bristol Bears,home,20,152822,Tomas Gwilliam,sub 5,replacement
https://rugby-union-feeds.incrowdsports.com/v1/matches/284880,284880,202401,Bristol Bears,home,1,193564,Yann Thomas,loosehead prop,starter
https://rugby-union-feeds.incrowdsports.com/v1/matches/284880,284880,202401,Bristol Bears,home,21,162265,Sam Edwards,sub 6,replacement
https://rugby-union-feeds.incrowdsports.com/v1/matches/284880,284880,202401,Bristol Bears,home,15,241920,Benjamin Elizalde,full back,starter
https://rugby-union-feeds.incrowdsports.com/v1/matches/284880,284880,202401,Bristol Bears,home,3,223904,Lovejoy Chawatama,tighthead prop,starter
https://rugby-union-feeds.incrowdsports.com/v1/matches/284880,284880,202401,Bristol Bears,home,16,177759,Tom Doughty,sub 1,replacement
https://rugby-union-feeds.incrowdsports.com/v1/matches/284880,284880,202401,Bristol Bears,home,10,240061,Sam Worsley,fly half,starter
https://rugby-union-feeds.incrowdsports.com/v1/matches/284880,284880,202401,Bristol Bears,home,7,169310,Ed Timpson,flanker,starter
https://rugby-union-feeds.incrowdsports.com/v1/matches/284880,284880,202401,Ampthill,away,4,244740,Jake Parkinson,second row,starter
https://rugby-union-feeds.incrowdsports.com/v1/matches/284880,284880,202401,Ampthill,away,10,154660,Josh Barton,fly half,starter
https://rugby-union-feeds.incrowdsports.com/v1/matches/284880,284880,202401,Ampthill,away,9,186466,Rory Morgan,scrum half,starter
https://rugby-union-feeds.incrowdsports.com/v1/matches/284880,284880,202401,Ampthill,away,2,254049,Luke Thompson,hooker,starter
https://rugby-union-feeds.incrowdsports.com/v1/matches/284880,284880,202401,Ampthill,away,3,240481,Callum Norrie,tighthead prop,starter
https://rugby-union-feeds.incrowdsports.com/v1/matches/284880,284880,202401,Ampthill,away,6,166919,Karl Main,flanker,starter
https://rugby-union-feeds.incrowdsports.com/v1/matches/284880,284880,202401,Ampthill,away,13,251557,Byron Sharwood,outside centre,starter
https://rugby-union-feeds.incrowdsports.com/v1/matches/284880,284880,202401,Ampthill,away,12,251023,Sione Vaenuku,inside centre,starter
https://rugby-union-feeds.incrowdsports.com/v1/matches/284880,284880,202401,Ampthill,away,11,242509,Vereimi Qorowale,left wing,starter
https://rugby-union-feeds.incrowdsports.com/v1/matches/284880,284880,202401,Ampthill,away,7,127666,Charles Rylands,flanker,starter
https://rugby-union-feeds.incrowdsports.com/v1/matches/284880,284880,202401,Ampthill,away,14,241714,Kerr Johnston,right wing,starter
https://rugby-union-feeds.incrowdsports.com/v1/matches/284880,284880,202401,Ampthill,away,16,218776,Syd Blackmore,sub 1,replacement
https://rugby-union-feeds.incrowdsports.com/v1/matches/284880,284880,202401,Ampthill,away,17,157303,Richard Barrington,sub 2,replacement
https://rugby-union-feeds.incrowdsports.com/v1/matches/284880,284880,202401,Ampthill,away,19,248280,Oskar Hicks,sub 4,replacement
https://rugby-union-feeds.incrowdsports.com/v1/matches/284880,284880,202401,Ampthill,away,21,242936,Charlie West,sub 6,replacement
https://rugby-union-feeds.incrowdsports.com/v1/matches/284880,284880,202401,Ampthill,away,1,169301,Harrison Courtney,loosehead prop,starter
https://rugby-union-feeds.incrowdsports.com/v1/matches/284880,284880,202401,Ampthill,away,5,245493,Aidan King,second row,starter
https://rugby-union-feeds.incrowdsports.com/v1/matches/284880,284880,202401,Ampthill,away,18,109847,James Johnston,sub 3,replacement
https://rugby-union-feeds.incrowdsports.com/v1/matches/284880,284880,202401,Ampthill,away,23,147674,Evan Mitchell,sub 8,replacement
https://rugby-union-feeds.incrowdsports.com/v1/matches/284880,284880,202401,Ampthill,away,20,244288,Arthur Thomas,sub 5,replacement
https://rugby-union-feeds.incrowdsports.com/v1/matches/284880,284880,202401,Ampthill,away,8,241023,Lekima Ravuvu,number eight,starter
https://rugby-union-feeds.incrowdsports.com/v1/matches/284880,284880,202401,Ampthill,away,15,244221,Finley Parker,full back,starter
https://rugby-union-feeds.incrowdsports.com/v1/matches/284880,284880,202401,Ampthill,away,22,244509,Declan Murphy,sub 7,replacement
https://rugby-union-feeds.incrowdsports.com/v1/matches/284882,284882,202401,Cornish Pirates,home,2,242881,Sol Moody,hooker,starter
https://rugby-union-feeds.incrowdsports.com/v1/matches/284882,284882,202401,Cornish Pirates,home,23,238407,Harry Yates,sub 8,replacement
https://rugby-union-feeds.incrowdsports.com/v1/matches/284882,284882,202401,Cornish Pirates,home,6,249157,Josh King,flanker,starter
https://rugby-union-feeds.incrowdsports.com/v1/matches/284882,284882,202401,Cornish Pirates,home,7,243340,Lucas Dorrell,flanker,starter
https://rugby-union-feeds.incrowdsports.com/v1/matches/284882,284882,202401,Cornish Pirates,home,8,242539,Hugh Bokenham,number eight,starter
https://rugby-union-feeds.incrowdsports.com/v1/matches/284882,284882,202401,Cornish Pirates,home,16,119241,Harry Hocking,sub 1,replacement
https://rugby-union-feeds.incrowdsports.com/v1/matches/284882,284882,202401,Cornish Pirates,home,20,238346,Tomiwa Agbongbon,sub 5,replacement
https://rugby-union-feeds.incrowdsports.com/v1/matches/284882,284882,202401,Cornish Pirates,home,12,203113,Joe Elderkin,inside centre,starter
https://rugby-union-feeds.incrowdsports.com/v1/matches/284882,284882,202401,Cornish Pirates,home,10,169290,Iwan Jenkins,fly half,starter
https://rugby-union-feeds.incrowdsports.com/v1/matches/284882,284882,202401,Cornish Pirates,home,15,253776,Iwan Price-Thomas,full back,starter
https://rugby-union-feeds.incrowdsports.com/v1/matches/284882,284882,202401,Cornish Pirates,home,1,190706,Billy Young,loosehead prop,starter
https://rugby-union-feeds.incrowdsports.com/v1/matches/284882,284882,202401,Cornish Pirates,home,21,250065,Cameron D. Jones,sub 6,replacement
https://rugby-union-feeds.incrowdsports.com/v1/matches/284882,284882,202401,Cornish Pirates,home,18,244279,Thomas Connolly,sub 3,replacement
https://rugby-union-feeds.incrowdsports.com/v1/matches/284882,284882,202401,Cornish Pirates,home,22,187925,Bruce Houston,sub 7,replacement
https://rugby-union-feeds.incrowdsports.com/v1/matches/284882,284882,202401,Cornish Pirates,home,9,133494,Daniel Hiscocks,scrum half,starter
https://rugby-union-feeds.incrowdsports.com/v1/matches/284882,284882,202401,Cornish Pirates,home,4,208789,Alfie Bell,second row,starter
https://rugby-union-feeds.incrowdsports.com/v1/matches/284882,284882,202401,Cornish Pirates,home,13,116569,Tom Georgiou,outside centre,starter
https://rugby-union-feeds.incrowdsports.com/v1/matches/284882,284882,202401,Cornish Pirates,home,14,112475,Arthur Relton,right wing,starter
https://rugby-union-feeds.incrowdsports.com/v1/matches/284882,284882,202401,Cornish Pirates,home,11,237977,William Trewin,left wing,starter
https://rugby-union-feeds.incrowdsports.com/v1/matches/284882,284882,202401,Cornish Pirates,home,3,158272,Ollie Andrews,tighthead prop,starter
https://rugby-union-feeds.incrowdsports.com/v1/matches/284882,284882,202401,Cornish Pirates,home,17,134528,James French,sub 2,replacement
https://rugby-union-feeds.incrowdsports.com/v1/matches/284882,284882,202401,Cornish Pirates,home,5,179677,Matt Cannon,second row,starter
https://rugby-union-feeds.incrowdsports.com/v1/matches/284882,284882,202401,Cornish Pirates,home,19,240509,Fintan Coleman,sub 4,replacement
https://rugby-union-feeds.incrowdsports.com/v1/matches/284882,284882,202401,Gloucester Rugby,away,13,207812,Louis Hillman-Cooper,outside centre,starter
https://rugby-union-feeds.incrowdsports.com/v1/matches/284882,284882,202401,Gloucester Rugby,away,9,201697,Caolan Englefield,scrum half,starter
https://rugby-union-feeds.incrowdsports.com/v1/matches/284882,284882,202401,Gloucester Rugby,away,5,120165,Cameron Jordan,second row,starter
https://rugby-union-feeds.incrowdsports.com/v1/matches/284882,284882,202401,Gloucester Rugby,away,3,220293,Alfie Petch,tighthead prop,starter
https://rugby-union-feeds.incrowdsports.com/v1/matches/284882,284882,202401,Gloucester Rugby,away,7,250508,Jack Gilbert,flanker,starter
https://rugby-union-feeds.incrowdsports.com/v1/matches/284882,284882,202401,Gloucester Rugby,away,23,244523,Jack Cotgreave,sub 8,replacement
https://rugby-union-feeds.incrowdsports.com/v1/matches/284882,284882,202401,Gloucester Rugby,away,19,250506,Jayden Wrottesley,sub 4,replacement
https://rugby-union-feeds.incrowdsports.com/v1/matches/284882,284882,202401,Gloucester Rugby,away,10,123243,Charlie Atkinson,fly half,starter
https://rugby-union-feeds.incrowdsports.com/v1/matches/284882,284882,202401,Gloucester Rugby,away,17,147728,Aristot Benz-Salomon,sub 2,replacement
https://rugby-union-feeds.incrowdsports.com/v1/matches/284882,284882,202401,Gloucester Rugby,away,12,112368,Will Butler,inside centre,starter
https://rugby-union-feeds.incrowdsports.com/v1/matches/284882,284882,202401,Gloucester Rugby,away,4,203694,Freddie Clarke,second row,starter
https://rugby-union-feeds.incrowdsports.com/v1/matches/284882,284882,202401,Gloucester Rugby,away,8,185102,Albert Tuisue,number eight,starter
https://rugby-union-feeds.incrowdsports.com/v1/matches/284882,284882,202401,Gloucester Rugby,away,15,133265,George Barton,full back,starter
https://rugby-union-feeds.incrowdsports.com/v1/matches/284882,284882,202401,Gloucester Rugby,away,1,147089,Archie McArthur,loosehead prop,starter
https://rugby-union-feeds.incrowdsports.com/v1/matches/284882,284882,202401,Gloucester Rugby,away,11,176050,Jacob Morris,left wing,starter
https://rugby-union-feeds.incrowdsports.com/v1/matches/284882,284882,202401,Gloucester Rugby,away,2,137490,Seb Blake,hooker,starter
https://rugby-union-feeds.incrowdsports.com/v1/matches/284882,284882,202401,Gloucester Rugby,away,16,242961,George Knowles,sub 1,replacement
https://rugby-union-feeds.incrowdsports.com/v1/matches/284882,284882,202401,Gloucester Rugby,away,22,119286,Morgan Adderly-Jones,sub 7,replacement
https://rugby-union-feeds.incrowdsports.com/v1/matches/284882,284882,202401,Gloucester Rugby,away,14,239575,Ioan Jones,right wing,starter
https://rugby-union-feeds.incrowdsports.com/v1/matches/284882,284882,202401,Gloucester Rugby,away,21,248860,Rio Ebanks,sub 6,replacement
https://rugby-union-feeds.incrowdsports.com/v1/matches/284882,284882,202401,Gloucester Rugby,away,6,244287,Danny Eite,flanker,starter
https://rugby-union-feeds.incrowdsports.com/v1/matches/284882,284882,202401,Gloucester Rugby,away,18,129823,Jono Benz-Salomon,sub 3,replacement
https://rugby-union-feeds.incrowdsports.com/v1/matches/284882,284882,202401,Gloucester Rugby,away,20,244925,Caio James,sub 5,replacement
https://rugby-union-feeds.incrowdsports.com/v1/matches/284885,284885,202401,Coventry,home,20,185795,Daniel Okeke,sub 5,replacement
https://rugby-union-feeds.incrowdsports.com/v1/matches/284885,284885,202401,Coventry,home,21,207428,Josh Barton,sub 6,replacement
https://rugby-union-feeds.incrowdsports.com/v1/matches/284885,284885,202401,Coventry,home,15,153924,Ryan Hutler,full back,starter
https://rugby-union-feeds.incrowdsports.com/v1/matches/284885,284885,202401,Coventry,home,12,249217,Dafydd-Rhys Tiueti,inside centre,starter
https://rugby-union-feeds.incrowdsports.com/v1/matches/284885,284885,202401,Coventry,home,13,139751,Tom Hitchcock,outside centre,starter
https://rugby-union-feeds.incrowdsports.com/v1/matches/284885,284885,202401,Coventry,home,9,114440,Sam Maunder,scrum half,starter
https://rugby-union-feeds.incrowdsports.com/v1/matches/284885,284885,202401,Coventry,home,3,122088,Eliot Salt,tighthead prop,starter
https://rugby-union-feeds.incrowdsports.com/v1/matches/284885,284885,202401,Coventry,home,5,135626,Obinna Nkwocha,second row,starter
https://rugby-union-feeds.incrowdsports.com/v1/matches/284885,284885,202401,Coventry,home,19,125902,Rhys Anstey,sub 4,replacement
https://rugby-union-feeds.incrowdsports.com/v1/matches/284885,284885,202401,Coventry,home,2,170483,Jordon Poole,hooker,starter
https://rugby-union-feeds.incrowdsports.com/v1/matches/284885,284885,202401,Coventry,home,8,137043,Senitiki Nayalo,number eight,starter
https://rugby-union-feeds.incrowdsports.com/v1/matches/284885,284885,202401,Coventry,home,23,245656,Theodore Mannion,sub 8,replacement
https://rugby-union-feeds.incrowdsports.com/v1/matches/284885,284885,202401,Coventry,home,11,193878,James Martin,left wing,starter
https://rugby-union-feeds.incrowdsports.com/v1/matches/284885,284885,202401,Coventry,home,10,191542,Tommy Mathews,fly half,starter
https://rugby-union-feeds.incrowdsports.com/v1/matches/284885,284885,202401,Coventry,home,4,108919,James Tyas,second row,starter
https://rugby-union-feeds.incrowdsports.com/v1/matches/284885,284885,202401,Coventry,home,7,146806,Aaron Hinkley,flanker,starter
https://rugby-union-feeds.incrowdsports.com/v1/matches/284885,284885,202401,Coventry,home,18,241813,Vilikesa Nairau,sub 3,replacement
https://rugby-union-feeds.incrowdsports.com/v1/matches/284885,284885,202401,Coventry,home,22,200987,Will Lane,sub 7,replacement
https://rugby-union-feeds.incrowdsports.com/v1/matches/284885,284885,202401,Coventry,home,14,249434,David Opoku,right wing,starter
https://rugby-union-feeds.incrowdsports.com/v1/matches/284885,284885,202401,Coventry,home,17,176281,Jevaughn Warren,sub 2,replacement
https://rugby-union-feeds.incrowdsports.com/v1/matches/284885,284885,202401,Coventry,home,16,209120,Will Biggs,sub 1,replacement
https://rugby-union-feeds.incrowdsports.com/v1/matches/284885,284885,202401,Coventry,home,1,112448,Toby Trinder,loosehead prop,starter
https://rugby-union-feeds.incrowdsports.com/v1/matches/284885,284885,202401,Coventry,home,6,187229,Tom Ball,flanker,starter
https://rugby-union-feeds.incrowdsports.com/v1/matches/284885,284885,202401,Nottingham Rugby,away,21,190979,Will Yarnell,sub 6,replacement
https://rugby-union-feeds.incrowdsports.com/v1/matches/284885,284885,202401,Nottingham Rugby,away,23,172547,Javiah Pohe,sub 8,replacement
https://rugby-union-feeds.incrowdsports.com/v1/matches/284885,284885,202401,Nottingham Rugby,away,20,241441,James Cherry,sub 5,replacement
https://rugby-union-feeds.incrowdsports.com/v1/matches/284885,284885,202401,Nottingham Rugby,away,10,150663,Gwyn Parks,fly half,starter
https://rugby-union-feeds.incrowdsports.com/v1/matches/284885,284885,202401,Nottingham Rugby,away,19,244456,Osian Thomas,sub 4,replacement
https://rugby-union-feeds.incrowdsports.com/v1/matches/284885,284885,202401,Nottingham Rugby,away,14,148552,Harry Graham,right wing,starter
https://rugby-union-feeds.incrowdsports.com/v1/matches/284885,284885,202401,Nottingham Rugby,away,12,100168,Levi Jack-Roper,inside centre,starter
https://rugby-union-feeds.incrowdsports.com/v1/matches/284885,284885,202401,Nottingham Rugby,away,9,136908,Toby Venner,scrum half,starter
https://rugby-union-feeds.incrowdsports.com/v1/matches/284885,284885,202401,Nottingham Rugby,away,3,177740,Xavier Valentine,tighthead prop,starter
https://rugby-union-feeds.incrowdsports.com/v1/matches/284885,284885,202401,Nottingham Rugby,away,8,229936,Jacob Wright,number eight,starter
https://rugby-union-feeds.incrowdsports.com/v1/matches/284885,284885,202401,Nottingham Rugby,away,15,143917,Jack Stapley,full back,starter
https://rugby-union-feeds.incrowdsports.com/v1/matches/284885,284885,202401,Nottingham Rugby,away,2,102288,Jack Dickinson,hooker,starter
https://rugby-union-feeds.incrowdsports.com/v1/matches/284885,284885,202401,Nottingham Rugby,away,17,204782,Kai Owen,sub 2,replacement
https://rugby-union-feeds.incrowdsports.com/v1/matches/284885,284885,202401,Nottingham Rugby,away,13,254034,Aman Johal,outside centre,starter
https://rugby-union-feeds.incrowdsports.com/v1/matches/284885,284885,202401,Nottingham Rugby,away,1,191448,Aniseko Sio,loosehead prop,starter
https://rugby-union-feeds.incrowdsports.com/v1/matches/284885,284885,202401,Nottingham Rugby,away,7,239223,Nathan Tweedy,flanker,starter
https://rugby-union-feeds.incrowdsports.com/v1/matches/284885,284885,202401,Nottingham Rugby,away,6,245594,Kody Vereti,flanker,starter
https://rugby-union-feeds.incrowdsports.com/v1/matches/284885,284885,202401,Nottingham Rugby,away,18,253626,Ale Loman,sub 3,replacement
https://rugby-union-feeds.incrowdsports.com/v1/matches/284885,284885,202401,Nottingham Rugby,away,11,153471,Ryan Olowofela,left wing,starter
https://rugby-union-feeds.incrowdsports.com/v1/matches/284885,284885,202401,Nottingham Rugby,away,22,253792,Jai Johal,sub 7,replacement
https://rugby-union-feeds.incrowdsports.com/v1/matches/284885,284885,202401,Nottingham Rugby,away,5,151872,Sebastian Ferreira,second row,starter
https://rugby-union-feeds.incrowdsports.com/v1/matches/284885,284885,202401,Nottingham Rugby,away,4,113439,Jay Ecclesfield,second row,starter
https://rugby-union-feeds.incrowdsports.com/v1/matches/284885,284885,202401,Nottingham Rugby,away,16,242877,Ralphie Willott,sub 1,replacement
https://rugby-union-feeds.incrowdsports.com/v1/matches/284884,284884,202401,Caldy,home,22,249218,Sam Rogers,sub 7,replacement
https://rugby-union-feeds.incrowdsports.com/v1/matches/284884,284884,202401,Caldy,home,23,254050,Charlie Hyde,sub 8,replacement
https://rugby-union-feeds.incrowdsports.com/v1/matches/284884,284884,202401,Caldy,home,19,100102,Callum Ridgway,sub 4,replacement
https://rugby-union-feeds.incrowdsports.com/v1/matches/284884,284884,202401,Caldy,home,15,249318,Matthew Kilcourse,full back,starter
https://rugby-union-feeds.incrowdsports.com/v1/matches/284884,284884,202401,Caldy,home,6,240901,Sam Olyott,flanker,starter
https://rugby-union-feeds.incrowdsports.com/v1/matches/284884,284884,202401,Caldy,home,16,201317,Oliver Hearn,sub 1,replacement
https://rugby-union-feeds.incrowdsports.com/v1/matches/284884,284884,202401,Caldy,home,21,174438,Jacob Tansey,sub 6,replacement
https://rugby-union-feeds.incrowdsports.com/v1/matches/284884,284884,202401,Caldy,home,12,116266,Mike Barlow,inside centre,starter
https://rugby-union-feeds.incrowdsports.com/v1/matches/284884,284884,202401,Caldy,home,20,250409,Callum Butler,sub 5,replacement
https://rugby-union-feeds.incrowdsports.com/v1/matches/284884,284884,202401,Caldy,home,8,219984,Josiah Dickinson,number eight,starter
https://rugby-union-feeds.incrowdsports.com/v1/matches/284884,284884,202401,Caldy,home,10,178832,Lewis Barker,fly half,starter
https://rugby-union-feeds.incrowdsports.com/v1/matches/284884,284884,202401,Caldy,home,18,161165,Ryan Higginson,sub 3,replacement
https://rugby-union-feeds.incrowdsports.com/v1/matches/284884,284884,202401,Caldy,home,14,128943,Nick Royle,right wing,starter
https://rugby-union-feeds.incrowdsports.com/v1/matches/284884,284884,202401,Caldy,home,5,217261,Tom Sanders,second row,starter
https://rugby-union-feeds.incrowdsports.com/v1/matches/284884,284884,202401,Caldy,home,4,253652,Freddie Stevenson,second row,starter
https://rugby-union-feeds.incrowdsports.com/v1/matches/284884,284884,202401,Caldy,home,7,243444,Tom Parry,flanker,starter
https://rugby-union-feeds.incrowdsports.com/v1/matches/284884,284884,202401,Caldy,home,13,205906,Connor Wilkinson,outside centre,starter
https://rugby-union-feeds.incrowdsports.com/v1/matches/284884,284884,202401,Caldy,home,11,244567,Jacob Mitchell,left wing,starter
https://rugby-union-feeds.incrowdsports.com/v1/matches/284884,284884,202401,Caldy,home,3,151288,Nathan Rushton,tighthead prop,starter
https://rugby-union-feeds.incrowdsports.com/v1/matches/284884,284884,202401,Caldy,home,17,254901,Matthew Rabbette,sub 2,replacement
https://rugby-union-feeds.incrowdsports.com/v1/matches/284884,284884,202401,Caldy,home,1,143291,Monty Weatherby,loosehead prop,starter
https://rugby-union-feeds.incrowdsports.com/v1/matches/284884,284884,202401,Caldy,home,2,174137,Matt Gallagher,hooker,starter
https://rugby-union-feeds.incrowdsports.com/v1/matches/284884,284884,202401,Caldy,home,9,223645,Ollie Wynn,scrum half,starter
https://rugby-union-feeds.incrowdsports.com/v1/matches/284884,284884,202401,Sale Sharks,away,15,244516,Ollie Davies,full back,starter
https://rugby-union-feeds.incrowdsports.com/v1/matches/284884,284884,202401,Sale Sharks,away,16,239524,Harry Thompson,sub 1,replacement
https://rugby-union-feeds.incrowdsports.com/v1/matches/284884,284884,202401,Sale Sharks,away,22,244520,Toby Wilson,sub 7,replacement
https://rugby-union-feeds.incrowdsports.com/v1/matches/284884,284884,202401,Sale Sharks,away,5,137093,Jonny Hill,second row,starter
https://rugby-union-feeds.incrowdsports.com/v1/matches/284884,284884,202401,Sale Sharks,away,20,244518,Seb Kelly,sub 5,replacement
https://rugby-union-feeds.incrowdsports.com/v1/matches/284884,284884,202401,Sale Sharks,away,7,103530,Tristan Woodman,flanker,starter
https://rugby-union-feeds.incrowdsports.com/v1/matches/284884,284884,202401,Sale Sharks,away,23,243148,Albert Bradshaw,sub 8,replacement
https://rugby-union-feeds.incrowdsports.com/v1/matches/284884,284884,202401,Sale Sharks,away,14,153804,Obi Ene,right wing,starter
https://rugby-union-feeds.incrowdsports.com/v1/matches/284884,284884,202401,Sale Sharks,away,2,206761,Tadgh McElroy,hooker,starter
https://rugby-union-feeds.incrowdsports.com/v1/matches/284884,284884,202401,Sale Sharks,away,21,100557,Gus Warr,sub 6,replacement
https://rugby-union-feeds.incrowdsports.com/v1/matches/284884,284884,202401,Sale Sharks,away,3,148948,Jake Bridges,tighthead prop,starter
https://rugby-union-feeds.incrowdsports.com/v1/matches/284884,284884,202401,Sale Sharks,away,8,159444,Rouban Birch,number eight,starter
https://rugby-union-feeds.incrowdsports.com/v1/matches/284884,284884,202401,Sale Sharks,away,18,255475,Tom Furtado-Mills,sub 3,replacement
https://rugby-union-feeds.incrowdsports.com/v1/matches/284884,284884,202401,Sale Sharks,away,6,205975,Sam Dugdale,flanker,starter
https://rugby-union-feeds.incrowdsports.com/v1/matches/284884,284884,202401,Sale Sharks,away,11,239510,Alex Wills,left wing,starter
https://rugby-union-feeds.incrowdsports.com/v1/matches/284884,284884,202401,Sale Sharks,away,9,170933,Nye Thomas,scrum half,starter
https://rugby-union-feeds.incrowdsports.com/v1/matches/284884,284884,202401,Sale Sharks,away,17,147029,Tumy Onasanya,sub 2,replacement
https://rugby-union-feeds.incrowdsports.com/v1/matches/284884,284884,202401,Sale Sharks,away,1,221308,Si McIntyre,loosehead prop,starter
https://rugby-union-feeds.incrowdsports.com/v1/matches/284884,284884,202401,Sale Sharks,away,13,224475,Joe Bedlow,outside centre,starter
https://rugby-union-feeds.incrowdsports.com/v1/matches/284884,284884,202401,Sale Sharks,away,4,131065,Ben Bamber,second row,starter
https://rugby-union-feeds.incrowdsports.com/v1/matches/284884,284884,202401,Sale Sharks,away,12,191866,Sam Bedlow,inside centre,starter
https://rugby-union-feeds.incrowdsports.com/v1/matches/284884,284884,202401,Sale Sharks,away,19,141178,Alex Groves,sub 4,replacement
https://rugby-union-feeds.incrowdsports.com/v1/matches/284884,284884,202401,Sale Sharks,away,10,201247,Tom Curtis,fly half,starter
https://rugby-union-feeds.incrowdsports.com/v1/matches/284886,284886,202401,Harlequins,home,7,209476,Archie White,flanker,starter
https://rugby-union-feeds.incrowdsports.com/v1/matches/284886,284886,202401,Harlequins,home,17,140419,Jordan Els,sub 2,replacement
https://rugby-union-feeds.incrowdsports.com/v1/matches/284886,284886,202401,Harlequins,home,21,241156,Jake Murray,sub 6,replacement
https://rugby-union-feeds.incrowdsports.com/v1/matches/284886,284886,202401,Harlequins,home,1,239587,Ethan Clarke,loosehead prop,starter
https://rugby-union-feeds.incrowdsports.com/v1/matches/284886,284886,202401,Harlequins,home,6,239649,Zach Carr,flanker,starter
https://rugby-union-feeds.incrowdsports.com/v1/matches/284886,284886,202401,Harlequins,home,14,145735,Cameron Anderson,right wing,starter
https://rugby-union-feeds.incrowdsports.com/v1/matches/284886,284886,202401,Harlequins,home,2,185447,Jack Musk,hooker,starter
https://rugby-union-feeds.incrowdsports.com/v1/matches/284886,284886,202401,Harlequins,home,19,239590,Harry Browne,sub 4,replacement
https://rugby-union-feeds.incrowdsports.com/v1/matches/284886,284886,202401,Harlequins,home,10,159436,Jamie Benson,fly half,starter
https://rugby-union-feeds.incrowdsports.com/v1/matches/284886,284886,202401,Harlequins,home,18,114413,Simon Kerrod,sub 3,replacement
https://rugby-union-feeds.incrowdsports.com/v1/matches/284886,284886,202401,Harlequins,home,13,239604,Sean Kerr,outside centre,starter
https://rugby-union-feeds.incrowdsports.com/v1/matches/284886,284886,202401,Harlequins,home,23,165170,Hayden Hyde,sub 8,replacement
https://rugby-union-feeds.incrowdsports.com/v1/matches/284886,284886,202401,Harlequins,home,20,104022,Will Trenholm,sub 5,replacement
https://rugby-union-feeds.incrowdsports.com/v1/matches/284886,284886,202401,Harlequins,home,15,135416,Leigh Halfpenny,full back,starter
https://rugby-union-feeds.incrowdsports.com/v1/matches/284886,284886,202401,Harlequins,home,11,182934,Cassius Cleaves,left wing,starter
https://rugby-union-feeds.incrowdsports.com/v1/matches/284886,284886,202401,Harlequins,home,22,177084,Connor Slevin,sub 7,replacement
https://rugby-union-feeds.incrowdsports.com/v1/matches/284886,284886,202401,Harlequins,home,9,118972,Lewis Gjaltema,scrum half,starter
https://rugby-union-feeds.incrowdsports.com/v1/matches/284886,284886,202401,Harlequins,home,12,114587,Bryn Bradley,inside centre,starter
https://rugby-union-feeds.incrowdsports.com/v1/matches/284886,284886,202401,Harlequins,home,4,120187,Jonny Green,second row,starter
https://rugby-union-feeds.incrowdsports.com/v1/matches/284886,284886,202401,Harlequins,home,5,158074,George Hammond,second row,starter
https://rugby-union-feeds.incrowdsports.com/v1/matches/284886,284886,202401,Harlequins,home,8,243129,Lucas Schmid,number eight,starter
https://rugby-union-feeds.incrowdsports.com/v1/matches/284886,284886,202401,Harlequins,home,3,109630,Will Hobson,tighthead prop,starter
https://rugby-union-feeds.incrowdsports.com/v1/matches/284886,284886,202401,Harlequins,home,16,205918,George Head,sub 1,replacement
https://rugby-union-feeds.incrowdsports.com/v1/matches/284886,284886,202401,London Scottish,away,12,188868,Will Simonds,inside centre,starter
https://rugby-union-feeds.incrowdsports.com/v1/matches/284886,284886,202401,London Scottish,away,6,240483,Jake Spurway,flanker,starter
https://rugby-union-feeds.incrowdsports.com/v1/matches/284886,284886,202401,London Scottish,away,2,170338,Austin Wallis,hooker,starter
https://rugby-union-feeds.incrowdsports.com/v1/matches/284886,284886,202401,London Scottish,away,5,177538,Alex Wardell,second row,starter
https://rugby-union-feeds.incrowdsports.com/v1/matches/284886,284886,202401,London Scottish,away,10,126696,Tom Wilstead,fly half,starter
https://rugby-union-feeds.incrowdsports.com/v1/matches/284886,284886,202401,London Scottish,away,23,239429,Theo Williamson,sub 8,replacement
https://rugby-union-feeds.incrowdsports.com/v1/matches/284886,284886,202401,London Scottish,away,4,112047,Matt Wilkinson,second row,starter
https://rugby-union-feeds.incrowdsports.com/v1/matches/284886,284886,202401,London Scottish,away,3,145267,Ash Challenger,tighthead prop,starter
https://rugby-union-feeds.incrowdsports.com/v1/matches/284886,284886,202401,London Scottish,away,8,111828,Ioan Rhys Davies,number eight,starter
https://rugby-union-feeds.incrowdsports.com/v1/matches/284886,284886,202401,London Scottish,away,11,141074,Noah Ferdinand,left wing,starter
https://rugby-union-feeds.incrowdsports.com/v1/matches/284886,284886,202401,London Scottish,away,9,169426,Jonny Law,scrum half,starter
https://rugby-union-feeds.incrowdsports.com/v1/matches/284886,284886,202401,London Scottish,away,19,255479,Tom Johnson,sub 4,replacement
https://rugby-union-feeds.incrowdsports.com/v1/matches/284886,284886,202401,London Scottish,away,20,214871,Lewis Barrett,sub 5,replacement
https://rugby-union-feeds.incrowdsports.com/v1/matches/284886,284886,202401,London Scottish,away,14,255477,Matthew Gribbon,right wing,starter
https://rugby-union-feeds.incrowdsports.com/v1/matches/284886,284886,202401,London Scottish,away,21,159094,Dan Nutton,sub 6,replacement
https://rugby-union-feeds.incrowdsports.com/v1/matches/284886,284886,202401,London Scottish,away,22,243669,Alec Lloyd-Seed,sub 7,replacement
https://rugby-union-feeds.incrowdsports.com/v1/matches/284886,284886,202401,London Scottish,away,13,203418,Will Talbot-Davies,outside centre,starter
https://rugby-union-feeds.incrowdsports.com/v1/matches/284886,284886,202401,London Scottish,away,7,122140,Jack Ingall,flanker,starter
https://rugby-union-feeds.incrowdsports.com/v1/matches/284886,284886,202401,London Scottish,away,1,245465,Will Prior,loosehead prop,starter
https://rugby-union-feeds.incrowdsports.com/v1/matches/284886,284886,202401,London Scottish,away,15,162109,Jonah Holmes,full back,starter
https://rugby-union-feeds.incrowdsports.com/v1/matches/284886,284886,202401,London Scottish,away,16,211454,Calum Scott,sub 1,replacement
https://rugby-union-feeds.incrowdsports.com/v1/matches/284886,284886,202401,London Scottish,away,17,120288,George Cave,sub 2,replacement
https://rugby-union-feeds.incrowdsports.com/v1/matches/284886,284886,202401,London Scottish,away,18,237854,Ntinga Mpiko,sub 3,replacement
https://rugby-union-feeds.incrowdsports.com/v1/matches/284883,284883,202401,Ampthill,home,5,244740,Jake Parkinson,second row,starter
https://rugby-union-feeds.incrowdsports.com/v1/matches/284883,284883,202401,Ampthill,home,21,101218,Roan Frostwick,sub 6,replacement
https://rugby-union-feeds.incrowdsports.com/v1/matches/284883,284883,202401,Ampthill,home,10,154660,Josh Barton,fly half,starter
https://rugby-union-feeds.incrowdsports.com/v1/matches/284883,284883,202401,Ampthill,home,7,190465,Max Clementson,flanker,starter
https://rugby-union-feeds.incrowdsports.com/v1/matches/284883,284883,202401,Ampthill,home,9,186466,Rory Morgan,scrum half,starter
https://rugby-union-feeds.incrowdsports.com/v1/matches/284883,284883,202401,Ampthill,home,2,254049,Luke Thompson,hooker,starter
https://rugby-union-feeds.incrowdsports.com/v1/matches/284883,284883,202401,Ampthill,home,18,240481,Callum Norrie,sub 3,replacement
https://rugby-union-feeds.incrowdsports.com/v1/matches/284883,284883,202401,Ampthill,home,22,251557,Byron Sharwood,sub 7,replacement
https://rugby-union-feeds.incrowdsports.com/v1/matches/284883,284883,202401,Ampthill,home,14,253739,Mason Cullen,right wing,starter
https://rugby-union-feeds.incrowdsports.com/v1/matches/284883,284883,202401,Ampthill,home,1,151850,James Flynn,loosehead prop,starter
https://rugby-union-feeds.incrowdsports.com/v1/matches/284883,284883,202401,Ampthill,home,20,254761,Cam Rafferty,sub 5,replacement
https://rugby-union-feeds.incrowdsports.com/v1/matches/284883,284883,202401,Ampthill,home,12,190287,Fraser Strachan,inside centre,starter
https://rugby-union-feeds.incrowdsports.com/v1/matches/284883,284883,202401,Ampthill,home,23,118862,Oran McNulty,sub 8,replacement
https://rugby-union-feeds.incrowdsports.com/v1/matches/284883,284883,202401,Ampthill,home,13,251023,Sione Vaenuku,outside centre,starter
https://rugby-union-feeds.incrowdsports.com/v1/matches/284883,284883,202401,Ampthill,home,19,203086,Tino Mapapalangi,sub 4,replacement
https://rugby-union-feeds.incrowdsports.com/v1/matches/284883,284883,202401,Ampthill,home,11,242509,Vereimi Qorowale,left wing,starter
https://rugby-union-feeds.incrowdsports.com/v1/matches/284883,284883,202401,Ampthill,home,6,127666,Charles Rylands,flanker,starter
https://rugby-union-feeds.incrowdsports.com/v1/matches/284883,284883,202401,Ampthill,home,17,157303,Richard Barrington,sub 2,replacement
https://rugby-union-feeds.incrowdsports.com/v1/matches/284883,284883,202401,Ampthill,home,3,109847,James Johnston,tighthead prop,starter
https://rugby-union-feeds.incrowdsports.com/v1/matches/284883,284883,202401,Ampthill,home,15,147674,Evan Mitchell,full back,starter
https://rugby-union-feeds.incrowdsports.com/v1/matches/284883,284883,202401,Ampthill,home,16,117627,'Aleki Lutui,sub 1,replacement
https://rugby-union-feeds.incrowdsports.com/v1/matches/284883,284883,202401,Ampthill,home,4,244288,Arthur Thomas,second row,starter
https://rugby-union-feeds.incrowdsports.com/v1/matches/284883,284883,202401,Ampthill,home,8,241023,Lekima Ravuvu,number eight,starter
https://rugby-union-feeds.incrowdsports.com/v1/matches/284883,284883,202401,Bristol Bears,away,5,189699,Steele Barker,second row,starter
https://rugby-union-feeds.incrowdsports.com/v1/matches/284883,284883,202401,Bristol Bears,away,8,245732,Benjamin Grondona,number eight,starter
https://rugby-union-feeds.incrowdsports.com/v1/matches/284883,284883,202401,Bristol Bears,away,20,112066,Fitz Harding,sub 5,replacement
https://rugby-union-feeds.incrowdsports.com/v1/matches/284883,284883,202401,Bristol Bears,away,18,239330,Jimmy Halliwell,sub 3,replacement
https://rugby-union-feeds.incrowdsports.com/v1/matches/284883,284883,202401,Bristol Bears,away,14,106952,Noah Heward,right wing,starter
https://rugby-union-feeds.incrowdsports.com/v1/matches/284883,284883,202401,Bristol Bears,away,22,217606,Benhard Janse van Rensburg,sub 7,replacement
https://rugby-union-feeds.incrowdsports.com/v1/matches/284883,284883,202401,Bristol Bears,away,13,237803,Kalaveti Ravouvou,outside centre,starter
https://rugby-union-feeds.incrowdsports.com/v1/matches/284883,284883,202401,Bristol Bears,away,3,163209,George Kloska,tighthead prop,starter
https://rugby-union-feeds.incrowdsports.com/v1/matches/284883,284883,202401,Bristol Bears,away,2,178506,Will Capon,hooker,starter
https://rugby-union-feeds.incrowdsports.com/v1/matches/284883,284883,202401,Bristol Bears,away,17,121135,Andrew Turner,sub 2,replacement
https://rugby-union-feeds.incrowdsports.com/v1/matches/284883,284883,202401,Bristol Bears,away,10,188115,Harry Byrne,fly half,starter
https://rugby-union-feeds.incrowdsports.com/v1/matches/284883,284883,202401,Bristol Bears,away,12,243442,Joe Jenkins,inside centre,starter
https://rugby-union-feeds.incrowdsports.com/v1/matches/284883,284883,202401,Bristol Bears,away,19,142481,Steven Luatua,sub 4,replacement
https://rugby-union-feeds.incrowdsports.com/v1/matches/284883,284883,202401,Bristol Bears,away,23,216599,Rich Lane,sub 8,replacement
https://rugby-union-feeds.incrowdsports.com/v1/matches/284883,284883,202401,Bristol Bears,away,6,127095,Santiago Grondona,flanker,starter
https://rugby-union-feeds.incrowdsports.com/v1/matches/284883,284883,202401,Bristol Bears,away,16,152822,Tomas Gwilliam,sub 1,replacement
https://rugby-union-feeds.incrowdsports.com/v1/matches/284883,284883,202401,Bristol Bears,away,1,193564,Yann Thomas,loosehead prop,starter
https://rugby-union-feeds.incrowdsports.com/v1/matches/284883,284883,202401,Bristol Bears,away,9,210010,Kieran Marmion,scrum half,starter
https://rugby-union-feeds.incrowdsports.com/v1/matches/284883,284883,202401,Bristol Bears,away,21,162265,Sam Edwards,sub 6,replacement
https://rugby-union-feeds.incrowdsports.com/v1/matches/284883,284883,202401,Bristol Bears,away,15,241920,Benjamin Elizalde,full back,starter
https://rugby-union-feeds.incrowdsports.com/v1/matches/284883,284883,202401,Bristol Bears,away,11,149471,Deago Bailey,left wing,starter
https://rugby-union-feeds.incrowdsports.com/v1/matches/284883,284883,202401,Bristol Bears,away,4,194848,Josh Caulfield,second row,starter
https://rugby-union-feeds.incrowdsports.com/v1/matches/284883,284883,202401,Bristol Bears,away,7,153502,Kofi Cripps,flanker,starter
https://rugby-union-feeds.incrowdsports.com/v1/matches/284888,284888,202401,Hartpury,home,7,220226,Harry Short,flanker,starter
https://rugby-union-feeds.incrowdsports.com/v1/matches/284888,284888,202401,Hartpury,home,11,239457,Stan Folks-Underhill,left wing,starter
https://rugby-union-feeds.incrowdsports.com/v1/matches/284888,284888,202401,Hartpury,home,13,218600,Jack Johnson,outside centre,starter
https://rugby-union-feeds.incrowdsports.com/v1/matches/284888,284888,202401,Hartpury,home,10,188104,Nathan Chamberlain,fly half,starter
https://rugby-union-feeds.incrowdsports.com/v1/matches/284888,284888,202401,Hartpury,home,9,237895,Mike Austin,scrum half,starter
https://rugby-union-feeds.incrowdsports.com/v1/matches/284888,284888,202401,Hartpury,home,6,249222,Cameron Cobbett,flanker,starter
https://rugby-union-feeds.incrowdsports.com/v1/matches/284888,284888,202401,Hartpury,home,20,143723,Ellis Hart,sub 5,replacement
https://rugby-union-feeds.incrowdsports.com/v1/matches/284888,284888,202401,Hartpury,home,3,141036,Alex Gibson,tighthead prop,starter
https://rugby-union-feeds.incrowdsports.com/v1/matches/284888,284888,202401,Hartpury,home,15,152781,Mat Protheroe,full back,starter
https://rugby-union-feeds.incrowdsports.com/v1/matches/284888,284888,202401,Hartpury,home,1,141485,James Gibbons,loosehead prop,starter
https://rugby-union-feeds.incrowdsports.com/v1/matches/284888,284888,202401,Hartpury,home,14,199981,Dylan Coetzee,right wing,starter
https://rugby-union-feeds.incrowdsports.com/v1/matches/284888,284888,202401,Hartpury,home,19,239341,Carn Richards-Farr,sub 4,replacement
https://rugby-union-feeds.incrowdsports.com/v1/matches/284888,284888,202401,Hartpury,home,23,239987,Joe Randall,sub 8,replacement
https://rugby-union-feeds.incrowdsports.com/v1/matches/284888,284888,202401,Hartpury,home,12,199447,Robbie Smith,inside centre,starter
https://rugby-union-feeds.incrowdsports.com/v1/matches/284888,284888,202401,Hartpury,home,4,211063,Dale Lemon,second row,starter
https://rugby-union-feeds.incrowdsports.com/v1/matches/284888,284888,202401,Hartpury,home,8,143478,Sam Lewis,number eight,starter
https://rugby-union-feeds.incrowdsports.com/v1/matches/284888,284888,202401,Hartpury,home,22,102295,Josiah Edwards-Giraud,sub 7,replacement
https://rugby-union-feeds.incrowdsports.com/v1/matches/284888,284888,202401,Hartpury,home,5,176187,Jack Davies,second row,starter
https://rugby-union-feeds.incrowdsports.com/v1/matches/284888,284888,202401,Hartpury,home,16,189850,Ethan Hunt,sub 1,replacement
https://rugby-union-feeds.incrowdsports.com/v1/matches/284888,284888,202401,Hartpury,home,17,242873,Bronson Mellowes,sub 2,replacement
https://rugby-union-feeds.incrowdsports.com/v1/matches/284888,284888,202401,Hartpury,home,2,204384,Will Crane,hooker,starter
https://rugby-union-feeds.incrowdsports.com/v1/matches/284888,284888,202401,Hartpury,home,18,243038,Owen Popple,sub 3,replacement
https://rugby-union-feeds.incrowdsports.com/v1/matches/284888,284888,202401,Hartpury,home,21,243229,Cameron Murray,sub 6,replacement
https://rugby-union-feeds.incrowdsports.com/v1/matches/284888,284888,202401,Exeter Chiefs,away,20,169636,Martin Moloney,sub 5,replacement
https://rugby-union-feeds.incrowdsports.com/v1/matches/284888,284888,202401,Exeter Chiefs,away,15,184679,Tommy Wyatt,full back,starter
https://rugby-union-feeds.incrowdsports.com/v1/matches/284888,284888,202401,Exeter Chiefs,away,7,171271,Lewis Pearson,flanker,starter
https://rugby-union-feeds.incrowdsports.com/v1/matches/284888,284888,202401,Exeter Chiefs,away,11,251397,Paul Brown-Bampoe,left wing,starter
https://rugby-union-feeds.incrowdsports.com/v1/matches/284888,284888,202401,Exeter Chiefs,away,2,103625,Dan Frost,hooker,starter
https://rugby-union-feeds.incrowdsports.com/v1/matches/284888,284888,202401,Exeter Chiefs,away,5,208971,Franco Molina,second row,starter
https://rugby-union-feeds.incrowdsports.com/v1/matches/284888,284888,202401,Exeter Chiefs,away,17,157036,Kwenzo Blose,sub 2,replacement
https://rugby-union-feeds.incrowdsports.com/v1/matches/284888,284888,202401,Exeter Chiefs,away,23,211147,Tamati Tua,sub 8,replacement
https://rugby-union-feeds.incrowdsports.com/v1/matches/284888,284888,202401,Exeter Chiefs,away,13,197546,Joe Hawkins,outside centre,starter
https://rugby-union-feeds.incrowdsports.com/v1/matches/284888,284888,202401,Exeter Chiefs,away,9,208783,Tom Cairns,scrum half,starter
https://rugby-union-feeds.incrowdsports.com/v1/matches/284888,284888,202401,Exeter Chiefs,away,4,149837,Jack Dunne,second row,starter
https://rugby-union-feeds.incrowdsports.com/v1/matches/284888,284888,202401,Exeter Chiefs,away,19,239374,Joe Bailey,sub 4,replacement
https://rugby-union-feeds.incrowdsports.com/v1/matches/284888,284888,202401,Exeter Chiefs,away,22,125136,Will Haydon-Wood,sub 7,replacement
https://rugby-union-feeds.incrowdsports.com/v1/matches/284888,284888,202401,Exeter Chiefs,away,18,188174,Jimmy Roots,sub 3,replacement
https://rugby-union-feeds.incrowdsports.com/v1/matches/284888,284888,202401,Exeter Chiefs,away,21,243341,Niall Armstrong,sub 6,replacement
https://rugby-union-feeds.incrowdsports.com/v1/matches/284888,284888,202401,Exeter Chiefs,away,14,240051,Zack Wimbush,right wing,starter
https://rugby-union-feeds.incrowdsports.com/v1/matches/284888,284888,202401,Exeter Chiefs,away,1,224659,Scott Sio,loosehead prop,starter
https://rugby-union-feeds.incrowdsports.com/v1/matches/284888,284888,202401,Exeter Chiefs,away,3,147666,Josh Iosefa-Scott,tighthead prop,starter
https://rugby-union-feeds.incrowdsports.com/v1/matches/284888,284888,202401,Exeter Chiefs,away,16,128691,Max Norey,sub 1,replacement
https://rugby-union-feeds.incrowdsports.com/v1/matches/284888,284888,202401,Exeter Chiefs,away,8,170455,Greg Fisilau,number eight,starter
https://rugby-union-feeds.incrowdsports.com/v1/matches/284888,284888,202401,Exeter Chiefs,away,12,243675,Will Rigg,inside centre,starter
https://rugby-union-feeds.incrowdsports.com/v1/matches/284888,284888,202401,Exeter Chiefs,away,10,225024,Harvey Skinner,fly half,starter
https://rugby-union-feeds.incrowdsports.com/v1/matches/284888,284888,202401,Exeter Chiefs,away,6,124575,Ethan Roots,flanker,starter
https://rugby-union-feeds.incrowdsports.com/v1/matches/284887,284887,202401,Doncaster Knights,home,1,188482,Conor Davidson,loosehead prop,starter
https://rugby-union-feeds.incrowdsports.com/v1/matches/284887,284887,202401,Doncaster Knights,home,9,154087,Alex Dolly,scrum half,starter
https://rugby-union-feeds.incrowdsports.com/v1/matches/284887,284887,202401,Doncaster Knights,home,13,177288,Jordan Olowofela,outside centre,starter
https://rugby-union-feeds.incrowdsports.com/v1/matches/284887,284887,202401,Doncaster Knights,home,12,142632,Zach Kerr,inside centre,starter
https://rugby-union-feeds.incrowdsports.com/v1/matches/284887,284887,202401,Doncaster Knights,home,15,114312,Telusa Veainu,full back,starter
https://rugby-union-feeds.incrowdsports.com/v1/matches/284887,284887,202401,Doncaster Knights,home,10,223398,Morgan Bunting,fly half,starter
https://rugby-union-feeds.incrowdsports.com/v1/matches/284887,284887,202401,Doncaster Knights,home,20,249221,Ben Chapman,sub 5,replacement
https://rugby-union-feeds.incrowdsports.com/v1/matches/284887,284887,202401,Doncaster Knights,home,22,130599,Ollie Fox,sub 7,replacement
https://rugby-union-feeds.incrowdsports.com/v1/matches/284887,284887,202401,Doncaster Knights,home,18,120586,Lewis Thiede,sub 3,replacement
https://rugby-union-feeds.incrowdsports.com/v1/matches/284887,284887,202401,Doncaster Knights,home,2,229931,George Roberts,hooker,starter
https://rugby-union-feeds.incrowdsports.com/v1/matches/284887,284887,202401,Doncaster Knights,home,8,134281,Morgan Strong,number eight,starter
https://rugby-union-feeds.incrowdsports.com/v1/matches/284887,284887,202401,Doncaster Knights,home,19,170250,Archie Smeaton,sub 4,replacement
https://rugby-union-feeds.incrowdsports.com/v1/matches/284887,284887,202401,Doncaster Knights,home,3,128592,Joe Jones,tighthead prop,starter
https://rugby-union-feeds.incrowdsports.com/v1/matches/284887,284887,202401,Doncaster Knights,home,4,179725,Ben Murphy,second row,starter
https://rugby-union-feeds.incrowdsports.com/v1/matches/284887,284887,202401,Doncaster Knights,home,6,168045,Adam Hopkinson,flanker,starter
https://rugby-union-feeds.incrowdsports.com/v1/matches/284887,284887,202401,Doncaster Knights,home,14,181588,Semesa Rokoduguni,right wing,starter
https://rugby-union-feeds.incrowdsports.com/v1/matches/284887,284887,202401,Doncaster Knights,home,16,153908,Freddie Davies,sub 1,replacement
https://rugby-union-feeds.incrowdsports.com/v1/matches/284887,284887,202401,Doncaster Knights,home,7,139345,Rhys Tait,flanker,starter
https://rugby-union-feeds.incrowdsports.com/v1/matches/284887,284887,202401,Doncaster Knights,home,11,147959,Maliq Holden,left wing,starter
https://rugby-union-feeds.incrowdsports.com/v1/matches/284887,284887,202401,Doncaster Knights,home,23,255480,Aidan Cross,sub 8,replacement
https://rugby-union-feeds.incrowdsports.com/v1/matches/284887,284887,202401,Doncaster Knights,home,5,192470,Josh Williams,second row,starter
https://rugby-union-feeds.incrowdsports.com/v1/matches/284887,284887,202401,Doncaster Knights,home,21,133788,Shaun Adendorff,sub 6,replacement
https://rugby-union-feeds.incrowdsports.com/v1/matches/284887,284887,202401,Doncaster Knights,home,17,153913,Jasper McGuire,sub 2,replacement
https://rugby-union-feeds.incrowdsports.com/v1/matches/284887,284887,202401,Newcastle Falcons,away,15,165761,Louis Brown,full back,starter
https://rugby-union-feeds.incrowdsports.com/v1/matches/284887,284887,202401,Newcastle Falcons,away,19,117316,John Hawkins,sub 4,replacement
https://rugby-union-feeds.incrowdsports.com/v1/matches/284887,284887,202401,Newcastle Falcons,away,6,207425,Philip van der Walt,flanker,starter
https://rugby-union-feeds.incrowdsports.com/v1/matches/284887,284887,202401,Newcastle Falcons,away,22,204296,Kieran Wilkinson,sub 7,replacement
https://rugby-union-feeds.incrowdsports.com/v1/matches/284887,284887,202401,Newcastle Falcons,away,8,168872,Callum Chick,number eight,starter
https://rugby-union-feeds.incrowdsports.com/v1/matches/284887,284887,202401,Newcastle Falcons,away,12,169829,Max Clark,inside centre,starter
https://rugby-union-feeds.incrowdsports.com/v1/matches/284887,284887,202401,Newcastle Falcons,away,10,205702,Brett Connon,fly half,starter
https://rugby-union-feeds.incrowdsports.com/v1/matches/284887,284887,202401,Newcastle Falcons,away,7,219782,Freddie Lockwood,flanker,starter
https://rugby-union-feeds.incrowdsports.com/v1/matches/284887,284887,202401,Newcastle Falcons,away,21,243180,Joe Davis,sub 6,replacement
https://rugby-union-feeds.incrowdsports.com/v1/matches/284887,284887,202401,Newcastle Falcons,away,16,207081,Ollie Fletcher,sub 1,replacement
https://rugby-union-feeds.incrowdsports.com/v1/matches/284887,284887,202401,Newcastle Falcons,away,23,210511,Connor Doherty,sub 8,replacement
https://rugby-union-feeds.incrowdsports.com/v1/matches/284887,284887,202401,Newcastle Falcons,away,5,213140,Kiran McDonald Seran,second row,starter
https://rugby-union-feeds.incrowdsports.com/v1/matches/284887,284887,202401,Newcastle Falcons,away,20,244466,Reuben Parsons,sub 5,replacement
https://rugby-union-feeds.incrowdsports.com/v1/matches/284887,284887,202401,Newcastle Falcons,away,18,205585,Murray McCallum,sub 3,replacement
https://rugby-union-feeds.incrowdsports.com/v1/matches/284887,284887,202401,Newcastle Falcons,away,3,143607,Luan de Bruin,tighthead prop,starter
https://rugby-union-feeds.incrowdsports.com/v1/matches/284887,284887,202401,Newcastle Falcons,away,4,154551,Sebastian de Chaves,second row,starter
https://rugby-union-feeds.incrowdsports.com/v1/matches/284887,284887,202401,Newcastle Falcons,away,9,137624,Sam Stuart,scrum half,starter
https://rugby-union-feeds.incrowdsports.com/v1/matches/284887,284887,202401,Newcastle Falcons,away,1,164792,Adam Brocklebank,loosehead prop,starter
https://rugby-union-feeds.incrowdsports.com/v1/matches/284887,284887,202401,Newcastle Falcons,away,14,116536,Max Pepper,right wing,starter
https://rugby-union-feeds.incrowdsports.com/v1/matches/284887,284887,202401,Newcastle Falcons,away,11,143126,Ben Stevenson,left wing,starter
https://rugby-union-feeds.incrowdsports.com/v1/matches/284887,284887,202401,Newcastle Falcons,away,13,199072,Alex Hearle,outside centre,starter
https://rugby-union-feeds.incrowdsports.com/v1/matches/284887,284887,202401,Newcastle Falcons,away,2,160415,Jamie Blamire,hooker,starter
https://rugby-union-feeds.incrowdsports.com/v1/matches/284887,284887,202401,Newcastle Falcons,away,17,239550,Mike Rewcastle,sub 2,replacement
https://rugby-union-feeds.incrowdsports.com/v1/matches/284890,284890,202401,Saracens,home,12,116514,Olly Hartley,inside centre,starter
https://rugby-union-feeds.incrowdsports.com/v1/matches/284890,284890,202401,Saracens,home,16,120033,Eoghan Clarke,sub 1,replacement
https://rugby-union-feeds.incrowdsports.com/v1/matches/284890,284890,202401,Saracens,home,17,202850,Sam Crean,sub 2,replacement
https://rugby-union-feeds.incrowdsports.com/v1/matches/284890,284890,202401,Saracens,home,18,110116,Harvey Beaton,sub 3,replacement
https://rugby-union-feeds.incrowdsports.com/v1/matches/284890,284890,202401,Saracens,home,6,239399,Max Eke,flanker,starter
https://rugby-union-feeds.incrowdsports.com/v1/matches/284890,284890,202401,Saracens,home,8,217446,Carwyn Tuipulotu,number eight,starter
https://rugby-union-feeds.incrowdsports.com/v1/matches/284890,284890,202401,Saracens,home,10,104042,Louie Johnson,fly half,starter
https://rugby-union-feeds.incrowdsports.com/v1/matches/284890,284890,202401,Saracens,home,7,132812,Nathan Michelow,flanker,starter
https://rugby-union-feeds.incrowdsports.com/v1/matches/284890,284890,202401,Saracens,home,22,239403,Charlie Bracken,sub 7,replacement
https://rugby-union-feeds.incrowdsports.com/v1/matches/284890,284890,202401,Saracens,home,11,182025,Brandon Jackson-Richards,left wing,starter
https://rugby-union-feeds.incrowdsports.com/v1/matches/284890,284890,202401,Saracens,home,21,239401,Barnaby Merrett,sub 6,replacement
https://rugby-union-feeds.incrowdsports.com/v1/matches/284890,284890,202401,Saracens,home,23,117550,Josh Hallett,sub 8,replacement
https://rugby-union-feeds.incrowdsports.com/v1/matches/284890,284890,202401,Saracens,home,1,103821,Eroni Mawi,loosehead prop,starter
https://rugby-union-feeds.incrowdsports.com/v1/matches/284890,284890,202401,Saracens,home,4,127565,Kaden Pearce-Paul,second row,starter
https://rugby-union-feeds.incrowdsports.com/v1/matches/284890,284890,202401,Saracens,home,13,202925,Sam Spink,outside centre,starter
https://rugby-union-feeds.incrowdsports.com/v1/matches/284890,284890,202401,Saracens,home,3,142606,Alec Clarey,tighthead prop,starter
https://rugby-union-feeds.incrowdsports.com/v1/matches/284890,284890,202401,Saracens,home,14,204054,Tobias Elliott,right wing,starter
https://rugby-union-feeds.incrowdsports.com/v1/matches/284890,284890,202401,Saracens,home,15,149596,Tiff Eden,full back,starter
https://rugby-union-feeds.incrowdsports.com/v1/matches/284890,284890,202401,Saracens,home,19,113433,Ollie Hoskins,sub 4,replacement
https://rugby-union-feeds.incrowdsports.com/v1/matches/284890,284890,202401,Saracens,home,2,144473,James Hadfield,hooker,starter
https://rugby-union-feeds.incrowdsports.com/v1/matches/284890,284890,202401,Saracens,home,9,177055,Gareth Simpson,scrum half,starter
https://rugby-union-feeds.incrowdsports.com/v1/matches/284890,284890,202401,Saracens,home,5,198623,Hugh Tizard,second row,starter
https://rugby-union-feeds.incrowdsports.com/v1/matches/284890,284890,202401,Saracens,home,20,239614,Kennedy Sylvester-Junior,sub 5,replacement
https://rugby-union-feeds.incrowdsports.com/v1/matches/284890,284890,202401,Ealing Trailfinders,away,17,157346,Kyle Whyte,sub 2,replacement
https://rugby-union-feeds.incrowdsports.com/v1/matches/284890,284890,202401,Ealing Trailfinders,away,21,207745,Lloyd Williams,sub 6,replacement
https://rugby-union-feeds.incrowdsports.com/v1/matches/284890,284890,202401,Ealing Trailfinders,away,14,113605,Ben Harris,right wing,starter
https://rugby-union-feeds.incrowdsports.com/v1/matches/284890,284890,202401,Ealing Trailfinders,away,16,189576,Cameron Terry,sub 1,replacement
https://rugby-union-feeds.incrowdsports.com/v1/matches/284890,284890,202401,Ealing Trailfinders,away,20,165768,Ollie Newman,sub 5,replacement
https://rugby-union-feeds.incrowdsports.com/v1/matches/284890,284890,202401,Ealing Trailfinders,away,2,166278,Mike Willemse,hooker,starter
https://rugby-union-feeds.incrowdsports.com/v1/matches/284890,284890,202401,Ealing Trailfinders,away,11,111468,Michael Dykes,left wing,starter
https://rugby-union-feeds.incrowdsports.com/v1/matches/284890,284890,202401,Ealing Trailfinders,away,7,130961,Jordy Reid,flanker,starter
https://rugby-union-feeds.incrowdsports.com/v1/matches/284890,284890,202401,Ealing Trailfinders,away,19,165364,Matas Jurevicius,sub 4,replacement
https://rugby-union-feeds.incrowdsports.com/v1/matches/284890,284890,202401,Ealing Trailfinders,away,4,203154,Bobby de Wee,second row,starter
https://rugby-union-feeds.incrowdsports.com/v1/matches/284890,284890,202401,Ealing Trailfinders,away,3,135223,George Davis,tighthead prop,starter
https://rugby-union-feeds.incrowdsports.com/v1/matches/284890,284890,202401,Ealing Trailfinders,away,5,110488,Ehize Ehizode,second row,starter
https://rugby-union-feeds.incrowdsports.com/v1/matches/284890,284890,202401,Ealing Trailfinders,away,1,237909,Lefty Zigiriadis,loosehead prop,starter
https://rugby-union-feeds.incrowdsports.com/v1/matches/284890,284890,202401,Ealing Trailfinders,away,23,205461,Angus Kernohan,sub 8,replacement
https://rugby-union-feeds.incrowdsports.com/v1/matches/284890,284890,202401,Ealing Trailfinders,away,18,128474,Adam Nicol,sub 3,replacement
https://rugby-union-feeds.incrowdsports.com/v1/matches/284890,284890,202401,Ealing Trailfinders,away,6,122969,Rob Farrar,flanker,starter
https://rugby-union-feeds.incrowdsports.com/v1/matches/284890,284890,202401,Ealing Trailfinders,away,10,172121,Dan Jones,fly half,starter
https://rugby-union-feeds.incrowdsports.com/v1/matches/284890,284890,202401,Ealing Trailfinders,away,8,209050,Will Montgomery,number eight,starter
https://rugby-union-feeds.incrowdsports.com/v1/matches/284890,284890,202401,Ealing Trailfinders,away,13,133626,Reuben Bird-Tulloch,outside centre,starter
https://rugby-union-feeds.incrowdsports.com/v1/matches/284890,284890,202401,Ealing Trailfinders,away,22,158938,Craig Willis,sub 7,replacement
https://rugby-union-feeds.incrowdsports.com/v1/matches/284890,284890,202401,Ealing Trailfinders,away,15,141567,Tobi Wilson,full back,starter
https://rugby-union-feeds.incrowdsports.com/v1/matches/284890,284890,202401,Ealing Trailfinders,away,12,215294,Jordan Holgate,inside centre,starter
https://rugby-union-feeds.incrowdsports.com/v1/matches/284890,284890,202401,Ealing Trailfinders,away,9,162333,Craig Hampson,scrum half,starter
https://rugby-union-feeds.incrowdsports.com/v1/matches/284889,284889,202401,Leicester Tigers,home,20,239271,Finn Carnduff,sub 5,replacement
https://rugby-union-feeds.incrowdsports.com/v1/matches/284889,284889,202401,Leicester Tigers,home,3,169381,Dan Cole,tighthead prop,starter
https://rugby-union-feeds.incrowdsports.com/v1/matches/284889,284889,202401,Leicester Tigers,home,16,101384,Finn Theobald-Thomas,sub 1,replacement
https://rugby-union-feeds.incrowdsports.com/v1/matches/284889,284889,202401,Leicester Tigers,home,5,185387,Come Joussain,second row,starter
https://rugby-union-feeds.incrowdsports.com/v1/matches/284889,284889,202401,Leicester Tigers,home,9,215402,Ben Youngs,scrum half,starter
https://rugby-union-feeds.incrowdsports.com/v1/matches/284889,284889,202401,Leicester Tigers,home,1,188202,James Whitcombe,loosehead prop,starter
https://rugby-union-feeds.incrowdsports.com/v1/matches/284889,284889,202401,Leicester Tigers,home,2,216656,Charlie Clare,hooker,starter
https://rugby-union-feeds.incrowdsports.com/v1/matches/284889,284889,202401,Leicester Tigers,home,15,190829,Jamie Shillcock,full back,starter
https://rugby-union-feeds.incrowdsports.com/v1/matches/284889,284889,202401,Leicester Tigers,home,12,239278,Joe Woodward,inside centre,starter
https://rugby-union-feeds.incrowdsports.com/v1/matches/284889,284889,202401,Leicester Tigers,home,18,128591,Tim Hoyt,sub 3,replacement
https://rugby-union-feeds.incrowdsports.com/v1/matches/284889,284889,202401,Leicester Tigers,home,21,170190,Tom Whiteley,sub 6,replacement
https://rugby-union-feeds.incrowdsports.com/v1/matches/284889,284889,202401,Leicester Tigers,home,11,237969,Will Wand,left wing,starter
https://rugby-union-feeds.incrowdsports.com/v1/matches/284889,284889,202401,Leicester Tigers,home,19,177015,Harry Wells,sub 4,replacement
https://rugby-union-feeds.incrowdsports.com/v1/matches/284889,284889,202401,Leicester Tigers,home,23,244917,George Pearson,sub 8,replacement
https://rugby-union-feeds.incrowdsports.com/v1/matches/284889,284889,202401,Leicester Tigers,home,14,221884,Adam Radwan,right wing,starter
https://rugby-union-feeds.incrowdsports.com/v1/matches/284889,284889,202401,Leicester Tigers,home,4,132697,Tom Manz,second row,starter
https://rugby-union-feeds.incrowdsports.com/v1/matches/284889,284889,202401,Leicester Tigers,home,22,179481,Solomone Kata,sub 7,replacement
https://rugby-union-feeds.incrowdsports.com/v1/matches/284889,284889,202401,Leicester Tigers,home,7,129595,Emeka Ilione,flanker,starter
https://rugby-union-feeds.incrowdsports.com/v1/matches/284889,284889,202401,Leicester Tigers,home,13,214400,Dan Kelly,outside centre,starter
https://rugby-union-feeds.incrowdsports.com/v1/matches/284889,284889,202401,Leicester Tigers,home,10,172960,Ben Volavola,fly half,starter
https://rugby-union-feeds.incrowdsports.com/v1/matches/284889,284889,202401,Leicester Tigers,home,6,156512,Hanro Liebenberg,flanker,starter
https://rugby-union-feeds.incrowdsports.com/v1/matches/284889,284889,202401,Leicester Tigers,home,8,202591,Kyle Hatherell,number eight,starter
https://rugby-union-feeds.incrowdsports.com/v1/matches/284889,284889,202401,Leicester Tigers,home,17,140000,James Cronin,sub 2,replacement
https://rugby-union-feeds.incrowdsports.com/v1/matches/284889,284889,202401,Northampton Saints,away,17,177699,Tom West,sub 2,replacement
https://rugby-union-feeds.incrowdsports.com/v1/matches/284889,284889,202401,Northampton Saints,away,11,117441,Tom Seabrook,left wing,starter
https://rugby-union-feeds.incrowdsports.com/v1/matches/284889,284889,202401,Northampton Saints,away,14,239490,Will Glister,right wing,starter
https://rugby-union-feeds.incrowdsports.com/v1/matches/284889,284889,202401,Northampton Saints,away,19,195010,Tom Lockett,sub 4,replacement
https://rugby-union-feeds.incrowdsports.com/v1/matches/284889,284889,202401,Northampton Saints,away,13,244488,Billy Pasco,outside centre,starter
https://rugby-union-feeds.incrowdsports.com/v1/matches/284889,284889,202401,Northampton Saints,away,10,239430,George Makepeace-Cubitt,fly half,starter
https://rugby-union-feeds.incrowdsports.com/v1/matches/284889,284889,202401,Northampton Saints,away,3,127592,Luke Green,tighthead prop,starter
https://rugby-union-feeds.incrowdsports.com/v1/matches/284889,284889,202401,Northampton Saints,away,9,221996,Tom James,scrum half,starter
https://rugby-union-feeds.incrowdsports.com/v1/matches/284889,284889,202401,Northampton Saints,away,18,175403,Elliot Millar-Mills,sub 3,replacement
https://rugby-union-feeds.incrowdsports.com/v1/matches/284889,284889,202401,Northampton Saints,away,15,178796,James Ramm,full back,starter
https://rugby-union-feeds.incrowdsports.com/v1/matches/284889,284889,202401,Northampton Saints,away,16,239338,Craig Wright,sub 1,replacement
https://rugby-union-feeds.incrowdsports.com/v1/matches/284889,284889,202401,Northampton Saints,away,7,108939,Fyn Brown,flanker,starter
https://rugby-union-feeds.incrowdsports.com/v1/matches/284889,284889,202401,Northampton Saints,away,22,242889,Rafe Witheat,sub 7,replacement
https://rugby-union-feeds.incrowdsports.com/v1/matches/284889,284889,202401,Northampton Saints,away,6,125486,Angus Scott-Young,flanker,starter
https://rugby-union-feeds.incrowdsports.com/v1/matches/284889,284889,202401,Northampton Saints,away,8,199728,Juarno Augustus,number eight,starter
https://rugby-union-feeds.incrowdsports.com/v1/matches/284889,284889,202401,Northampton Saints,away,4,124493,Ed Prowse,second row,starter
https://rugby-union-feeds.incrowdsports.com/v1/matches/284889,284889,202401,Northampton Saints,away,12,229939,Charlie Savala,inside centre,starter
https://rugby-union-feeds.incrowdsports.com/v1/matches/284889,284889,202401,Northampton Saints,away,5,222867,Callum Hunter-Hill,second row,starter
https://rugby-union-feeds.incrowdsports.com/v1/matches/284889,284889,202401,Northampton Saints,away,21,248787,Jonny Weimann,sub 6,replacement
https://rugby-union-feeds.incrowdsports.com/v1/matches/284889,284889,202401,Northampton Saints,away,20,225330,Archie Benson,sub 5,replacement
https://rugby-union-feeds.incrowdsports.com/v1/matches/284889,284889,202401,Northampton Saints,away,2,185586,Henry Walker,hooker,starter
https://rugby-union-feeds.incrowdsports.com/v1/matches/284889,284889,202401,Northampton Saints,away,23,148152,Jake Garside,sub 8,replacement
https://rugby-union-feeds.incrowdsports.com/v1/matches/284889,284889,202401,Northampton Saints,away,1,104471,Tarek Haffar,loosehead prop,starter
https://rugby-union-feeds.incrowdsports.com/v1/matches/284881,284881,202401,Bath Rugby,home,6,123233,Ethan Staddon,flanker,starter
https://rugby-union-feeds.incrowdsports.com/v1/matches/284881,284881,202401,Bath Rugby,home,12,210178,Will Butt,inside centre,starter
https://rugby-union-feeds.incrowdsports.com/v1/matches/284881,284881,202401,Bath Rugby,home,20,132737,Mackenzie Graham,sub 5,replacement
https://rugby-union-feeds.incrowdsports.com/v1/matches/284881,284881,202401,Bath Rugby,home,15,101123,Ciaran Donoghue,full back,starter
https://rugby-union-feeds.incrowdsports.com/v1/matches/284881,284881,202401,Bath Rugby,home,9,156834,Tom Carr-Smith,scrum half,starter
https://rugby-union-feeds.incrowdsports.com/v1/matches/284881,284881,202401,Bath Rugby,home,3,137026,Kieran Verden,tighthead prop,starter
https://rugby-union-feeds.incrowdsports.com/v1/matches/284881,284881,202401,Bath Rugby,home,8,239297,Arthur Green,number eight,starter
https://rugby-union-feeds.incrowdsports.com/v1/matches/284881,284881,202401,Bath Rugby,home,2,218695,Jasper Spandler,hooker,starter
https://rugby-union-feeds.incrowdsports.com/v1/matches/284881,284881,202401,Bath Rugby,home,23,239302,Will Parry,sub 8,replacement
https://rugby-union-feeds.incrowdsports.com/v1/matches/284881,284881,202401,Bath Rugby,home,14,239301,Sam Harris,right wing,starter
https://rugby-union-feeds.incrowdsports.com/v1/matches/284881,284881,202401,Bath Rugby,home,16,210731,John Stewart,sub 1,replacement
https://rugby-union-feeds.incrowdsports.com/v1/matches/284881,284881,202401,Bath Rugby,home,22,243600,Austin Emens,sub 7,replacement
https://rugby-union-feeds.incrowdsports.com/v1/matches/284881,284881,202401,Bath Rugby,home,4,239503,Harvey Cuckson,second row,starter
https://rugby-union-feeds.incrowdsports.com/v1/matches/284881,284881,202401,Bath Rugby,home,21,241747,Neil le Roux,sub 6,replacement
https://rugby-union-feeds.incrowdsports.com/v1/matches/284881,284881,202401,Bath Rugby,home,5,217750,Ewan Richards,second row,starter
https://rugby-union-feeds.incrowdsports.com/v1/matches/284881,284881,202401,Bath Rugby,home,19,244502,Jack Bennett,sub 4,replacement
https://rugby-union-feeds.incrowdsports.com/v1/matches/284881,284881,202401,Bath Rugby,home,11,112538,Ruaridh McConnochie,left wing,starter
https://rugby-union-feeds.incrowdsports.com/v1/matches/284881,284881,202401,Bath Rugby,home,18,206236,Archie Stanley,sub 3,replacement
https://rugby-union-feeds.incrowdsports.com/v1/matches/284881,284881,202401,Bath Rugby,home,10,220475,Orlando Bailey,fly half,starter
https://rugby-union-feeds.incrowdsports.com/v1/matches/284881,284881,202401,Bath Rugby,home,1,219609,Arthur Cordwell,loosehead prop,starter
https://rugby-union-feeds.incrowdsports.com/v1/matches/284881,284881,202401,Bath Rugby,home,17,240057,Scott Kirk,sub 2,replacement
https://rugby-union-feeds.incrowdsports.com/v1/matches/284881,284881,202401,Bath Rugby,home,7,132895,Tom Cowan,flanker,starter
https://rugby-union-feeds.incrowdsports.com/v1/matches/284881,284881,202401,Bath Rugby,home,13,233245,Louie Hennessey,outside centre,starter
https://rugby-union-feeds.incrowdsports.com/v1/matches/284881,284881,202401,Bedford Blues,away,23,166209,Mike le Bourgeois,sub 8,replacement
https://rugby-union-feeds.incrowdsports.com/v1/matches/284881,284881,202401,Bedford Blues,away,1,173378,Joey Conway,loosehead prop,starter
https://rugby-union-feeds.incrowdsports.com/v1/matches/284881,284881,202401,Bedford Blues,away,9,201767,Alex Day,scrum half,starter
https://rugby-union-feeds.incrowdsports.com/v1/matches/284881,284881,202401,Bedford Blues,away,22,175400,James Lennon,sub 7,replacement
https://rugby-union-feeds.incrowdsports.com/v1/matches/284881,284881,202401,Bedford Blues,away,8,238277,Cameron King,number eight,starter
https://rugby-union-feeds.incrowdsports.com/v1/matches/284881,284881,202401,Bedford Blues,away,3,105769,Oisin Heffernan,tighthead prop,starter
https://rugby-union-feeds.incrowdsports.com/v1/matches/284881,284881,202401,Bedford Blues,away,15,238224,Louis James,full back,starter
https://rugby-union-feeds.incrowdsports.com/v1/matches/284881,284881,202401,Bedford Blues,away,14,178160,Alfie Garside,right wing,starter
https://rugby-union-feeds.incrowdsports.com/v1/matches/284881,284881,202401,Bedford Blues,away,10,127373,Will Maisey,fly half,starter
https://rugby-union-feeds.incrowdsports.com/v1/matches/284881,284881,202401,Bedford Blues,away,5,160173,Alex Woolford,second row,starter
https://rugby-union-feeds.incrowdsports.com/v1/matches/284881,284881,202401,Bedford Blues,away,16,208109,Nathan Langdon,sub 1,replacement
https://rugby-union-feeds.incrowdsports.com/v1/matches/284881,284881,202401,Bedford Blues,away,19,121234,Fred Tuilagi,sub 4,replacement
https://rugby-union-feeds.incrowdsports.com/v1/matches/284881,284881,202401,Bedford Blues,away,21,253651,Tommy Herman,sub 6,replacement
https://rugby-union-feeds.incrowdsports.com/v1/matches/284881,284881,202401,Bedford Blues,away,13,219634,Lucas Titherington,outside centre,starter
https://rugby-union-feeds.incrowdsports.com/v1/matches/284881,284881,202401,Bedford Blues,away,6,224241,Luke Frost,flanker,starter
https://rugby-union-feeds.incrowdsports.com/v1/matches/284881,284881,202401,Bedford Blues,away,17,168690,Jamie Jack,sub 2,replacement
https://rugby-union-feeds.incrowdsports.com/v1/matches/284881,284881,202401,Bedford Blues,away,7,197430,Joe Howard,flanker,starter
https://rugby-union-feeds.incrowdsports.com/v1/matches/284881,284881,202401,Bedford Blues,away,11,132502,Matt Worley,left wing,starter
https://rugby-union-feeds.incrowdsports.com/v1/matches/284881,284881,202401,Bedford Blues,away,12,209724,Joel Matavesi,inside centre,starter
https://rugby-union-feeds.incrowdsports.com/v1/matches/284881,284881,202401,Bedford Blues,away,18,238140,Beltus Nonleh,sub 3,replacement
https://rugby-union-feeds.incrowdsports.com/v1/matches/284881,284881,202401,Bedford Blues,away,4,123483,Rory Ward,second row,starter
https://rugby-union-feeds.incrowdsports.com/v1/matches/284881,284881,202401,Bedford Blues,away,2,178656,James Fish,hooker,starter
https://rugby-union-feeds.incrowdsports.com/v1/matches/284881,284881,202401,Bedford Blues,away,20,221183,Jac Arthur,sub 5,replacement
https://rugby-union-feeds.incrowdsports.com/v1/matches/284896,284896,202401,Gloucester Rugby,home,14,207812,Louis Hillman-Cooper,right wing,starter
https://rugby-union-feeds.incrowdsports.com/v1/matches/284896,284896,202401,Gloucester Rugby,home,20,243041,Olly Allport,sub 5,replacement
https://rugby-union-feeds.incrowdsports.com/v1/matches/284896,284896,202401,Gloucester Rugby,home,2,163400,George McGuigan,hooker,starter
https://rugby-union-feeds.incrowdsports.com/v1/matches/284896,284896,202401,Gloucester Rugby,home,5,120165,Cameron Jordan,second row,starter
https://rugby-union-feeds.incrowdsports.com/v1/matches/284896,284896,202401,Gloucester Rugby,home,3,220293,Alfie Petch,tighthead prop,starter
https://rugby-union-feeds.incrowdsports.com/v1/matches/284896,284896,202401,Gloucester Rugby,home,9,117545,Charlie Chapman,scrum half,starter
https://rugby-union-feeds.incrowdsports.com/v1/matches/284896,284896,202401,Gloucester Rugby,home,23,244523,Jack Cotgreave,sub 8,replacement
https://rugby-union-feeds.incrowdsports.com/v1/matches/284896,284896,202401,Gloucester Rugby,home,1,244522,Harrison Bellamy,loosehead prop,starter
https://rugby-union-feeds.incrowdsports.com/v1/matches/284896,284896,202401,Gloucester Rugby,home,10,123243,Charlie Atkinson,fly half,starter
https://rugby-union-feeds.incrowdsports.com/v1/matches/284896,284896,202401,Gloucester Rugby,home,19,255120,Oscar Rees,sub 4,replacement
https://rugby-union-feeds.incrowdsports.com/v1/matches/284896,284896,202401,Gloucester Rugby,home,17,147728,Aristot Benz-Salomon,sub 2,replacement
https://rugby-union-feeds.incrowdsports.com/v1/matches/284896,284896,202401,Gloucester Rugby,home,13,112368,Will Butler,outside centre,starter
https://rugby-union-feeds.incrowdsports.com/v1/matches/284896,284896,202401,Gloucester Rugby,home,16,157389,Morgan Nelson,sub 1,replacement
https://rugby-union-feeds.incrowdsports.com/v1/matches/284896,284896,202401,Gloucester Rugby,home,8,185102,Albert Tuisue,number eight,starter
https://rugby-union-feeds.incrowdsports.com/v1/matches/284896,284896,202401,Gloucester Rugby,home,15,133265,George Barton,full back,starter
https://rugby-union-feeds.incrowdsports.com/v1/matches/284896,284896,202401,Gloucester Rugby,home,7,147089,Archie McArthur,flanker,starter
https://rugby-union-feeds.incrowdsports.com/v1/matches/284896,284896,202401,Gloucester Rugby,home,11,176050,Jacob Morris,left wing,starter
https://rugby-union-feeds.incrowdsports.com/v1/matches/284896,284896,202401,Gloucester Rugby,home,22,119286,Morgan Adderly-Jones,sub 7,replacement
https://rugby-union-feeds.incrowdsports.com/v1/matches/284896,284896,202401,Gloucester Rugby,home,21,248860,Rio Ebanks,sub 6,replacement
https://rugby-union-feeds.incrowdsports.com/v1/matches/284896,284896,202401,Gloucester Rugby,home,12,239578,Max Knight,inside centre,starter
https://rugby-union-feeds.incrowdsports.com/v1/matches/284896,284896,202401,Gloucester Rugby,home,4,244287,Danny Eite,second row,starter
https://rugby-union-feeds.incrowdsports.com/v1/matches/284896,284896,202401,Gloucester Rugby,home,6,244925,Caio James,flanker,starter
https://rugby-union-feeds.incrowdsports.com/v1/matches/284896,284896,202401,Gloucester Rugby,home,18,129823,Jono Benz-Salomon,sub 3,replacement
https://rugby-union-feeds.incrowdsports.com/v1/matches/284896,284896,202401,Hartpury,away,15,111009,Alex Morgan,full back,starter
https://rugby-union-feeds.incrowdsports.com/v1/matches/284896,284896,202401,Hartpury,away,18,248387,Oliver Minnis,sub 3,replacement
https://rugby-union-feeds.incrowdsports.com/v1/matches/284896,284896,202401,Hartpury,away,7,220226,Harry Short,flanker,starter
https://rugby-union-feeds.incrowdsports.com/v1/matches/284896,284896,202401,Hartpury,away,21,239457,Stan Folks-Underhill,sub 6,replacement
https://rugby-union-feeds.incrowdsports.com/v1/matches/284896,284896,202401,Hartpury,away,13,218600,Jack Johnson,outside centre,starter
https://rugby-union-feeds.incrowdsports.com/v1/matches/284896,284896,202401,Hartpury,away,10,188104,Nathan Chamberlain,fly half,starter
https://rugby-union-feeds.incrowdsports.com/v1/matches/284896,284896,202401,Hartpury,away,9,237895,Mike Austin,scrum half,starter
https://rugby-union-feeds.incrowdsports.com/v1/matches/284896,284896,202401,Hartpury,away,8,249222,Cameron Cobbett,number eight,starter
https://rugby-union-feeds.incrowdsports.com/v1/matches/284896,284896,202401,Hartpury,away,3,141036,Alex Gibson,tighthead prop,starter
https://rugby-union-feeds.incrowdsports.com/v1/matches/284896,284896,202401,Hartpury,away,11,152781,Mat Protheroe,left wing,starter
https://rugby-union-feeds.incrowdsports.com/v1/matches/284896,284896,202401,Hartpury,away,1,158007,Harry Edwards,loosehead prop,starter
https://rugby-union-feeds.incrowdsports.com/v1/matches/284896,284896,202401,Hartpury,away,12,199447,Robbie Smith,inside centre,starter
https://rugby-union-feeds.incrowdsports.com/v1/matches/284896,284896,202401,Hartpury,away,4,211063,Dale Lemon,second row,starter
https://rugby-union-feeds.incrowdsports.com/v1/matches/284896,284896,202401,Hartpury,away,6,240535,Peter Paramore,flanker,starter
https://rugby-union-feeds.incrowdsports.com/v1/matches/284896,284896,202401,Hartpury,away,14,243605,Bradley Denty,right wing,starter
https://rugby-union-feeds.incrowdsports.com/v1/matches/284896,284896,202401,Hartpury,away,22,102295,Josiah Edwards-Giraud,sub 7,replacement
https://rugby-union-feeds.incrowdsports.com/v1/matches/284896,284896,202401,Hartpury,away,5,176187,Jack Davies,second row,starter
https://rugby-union-feeds.incrowdsports.com/v1/matches/284896,284896,202401,Hartpury,away,23,210235,Ollie Holliday,sub 8,replacement
https://rugby-union-feeds.incrowdsports.com/v1/matches/284896,284896,202401,Hartpury,away,16,189850,Ethan Hunt,sub 1,replacement
https://rugby-union-feeds.incrowdsports.com/v1/matches/284896,284896,202401,Hartpury,away,17,242873,Bronson Mellowes,sub 2,replacement
https://rugby-union-feeds.incrowdsports.com/v1/matches/284896,284896,202401,Hartpury,away,2,204384,Will Crane,hooker,starter
https://rugby-union-feeds.incrowdsports.com/v1/matches/284896,284896,202401,Hartpury,away,19,239293,Eddie Erskine,sub 4,replacement
https://rugby-union-feeds.incrowdsports.com/v1/matches/284896,284896,202401,Hartpury,away,20,243229,Cameron Murray,sub 5,replacement
https://rugby-union-feeds.incrowdsports.com/v1/matches/284892,284892,202401,London Scottish,home,6,240483,Jake Spurway,flanker,starter
https://rugby-union-feeds.incrowdsports.com/v1/matches/284892,284892,202401,London Scottish,home,5,177538,Alex Wardell,second row,starter
https://rugby-union-feeds.incrowdsports.com/v1/matches/284892,284892,202401,London Scottish,home,8,170338,Austin Wallis,number eight,starter
https://rugby-union-feeds.incrowdsports.com/v1/matches/284892,284892,202401,London Scottish,home,22,126696,Tom Wilstead,sub 7,replacement
https://rugby-union-feeds.incrowdsports.com/v1/matches/284892,284892,202401,London Scottish,home,14,169483,Roma Zheng,right wing,starter
https://rugby-union-feeds.incrowdsports.com/v1/matches/284892,284892,202401,London Scottish,home,16,239598,Jack Doorey-Palmer,sub 1,replacement
https://rugby-union-feeds.incrowdsports.com/v1/matches/284892,284892,202401,London Scottish,home,18,145267,Ash Challenger,sub 3,replacement
https://rugby-union-feeds.incrowdsports.com/v1/matches/284892,284892,202401,London Scottish,home,11,141074,Noah Ferdinand,left wing,starter
https://rugby-union-feeds.incrowdsports.com/v1/matches/284892,284892,202401,London Scottish,home,21,169426,Jonny Law,sub 6,replacement
https://rugby-union-feeds.incrowdsports.com/v1/matches/284892,284892,202401,London Scottish,home,7,214871,Lewis Barrett,flanker,starter
https://rugby-union-feeds.incrowdsports.com/v1/matches/284892,284892,202401,London Scottish,home,19,255479,Tom Johnson,sub 4,replacement
https://rugby-union-feeds.incrowdsports.com/v1/matches/284892,284892,202401,London Scottish,home,10,243669,Alec Lloyd-Seed,fly half,starter
https://rugby-union-feeds.incrowdsports.com/v1/matches/284892,284892,202401,London Scottish,home,9,159094,Dan Nutton,scrum half,starter
https://rugby-union-feeds.incrowdsports.com/v1/matches/284892,284892,202401,London Scottish,home,23,255477,Matthew Gribbon,sub 8,replacement
https://rugby-union-feeds.incrowdsports.com/v1/matches/284892,284892,202401,London Scottish,home,15,203418,Will Talbot-Davies,full back,starter
https://rugby-union-feeds.incrowdsports.com/v1/matches/284892,284892,202401,London Scottish,home,20,122140,Jack Ingall,sub 5,replacement
https://rugby-union-feeds.incrowdsports.com/v1/matches/284892,284892,202401,London Scottish,home,13,114587,Bryn Bradley,outside centre,starter
https://rugby-union-feeds.incrowdsports.com/v1/matches/284892,284892,202401,London Scottish,home,4,120187,Jonny Green,second row,starter
https://rugby-union-feeds.incrowdsports.com/v1/matches/284892,284892,202401,London Scottish,home,17,245465,Will Prior,sub 2,replacement
https://rugby-union-feeds.incrowdsports.com/v1/matches/284892,284892,202401,London Scottish,home,12,142589,Robbie McCallum,inside centre,starter
https://rugby-union-feeds.incrowdsports.com/v1/matches/284892,284892,202401,London Scottish,home,1,120288,George Cave,loosehead prop,starter
https://rugby-union-feeds.incrowdsports.com/v1/matches/284892,284892,202401,London Scottish,home,2,211454,Calum Scott,hooker,starter
https://rugby-union-feeds.incrowdsports.com/v1/matches/284892,284892,202401,London Scottish,home,3,237854,Ntinga Mpiko,tighthead prop,starter
https://rugby-union-feeds.incrowdsports.com/v1/matches/284892,284892,202401,Saracens,away,12,116514,Olly Hartley,inside centre,starter
https://rugby-union-feeds.incrowdsports.com/v1/matches/284892,284892,202401,Saracens,away,17,202850,Sam Crean,sub 2,replacement
https://rugby-union-feeds.incrowdsports.com/v1/matches/284892,284892,202401,Saracens,away,18,110116,Harvey Beaton,sub 3,replacement
https://rugby-union-feeds.incrowdsports.com/v1/matches/284892,284892,202401,Saracens,away,6,239399,Max Eke,flanker,starter
https://rugby-union-feeds.incrowdsports.com/v1/matches/284892,284892,202401,Saracens,away,8,217446,Carwyn Tuipulotu,number eight,starter
https://rugby-union-feeds.incrowdsports.com/v1/matches/284892,284892,202401,Saracens,away,10,104042,Louie Johnson,fly half,starter
https://rugby-union-feeds.incrowdsports.com/v1/matches/284892,284892,202401,Saracens,away,9,239403,Charlie Bracken,scrum half,starter
https://rugby-union-feeds.incrowdsports.com/v1/matches/284892,284892,202401,Saracens,away,7,132812,Nathan Michelow,flanker,starter
https://rugby-union-feeds.incrowdsports.com/v1/matches/284892,284892,202401,Saracens,away,11,182025,Brandon Jackson-Richards,left wing,starter
https://rugby-union-feeds.incrowdsports.com/v1/matches/284892,284892,202401,Saracens,away,22,255529,Luke Davidson,sub 7,replacement
https://rugby-union-feeds.incrowdsports.com/v1/matches/284892,284892,202401,Saracens,away,13,117550,Josh Hallett,outside centre,starter
https://rugby-union-feeds.incrowdsports.com/v1/matches/284892,284892,202401,Saracens,away,16,239408,James Isaacs,sub 1,replacement
https://rugby-union-feeds.incrowdsports.com/v1/matches/284892,284892,202401,Saracens,away,1,103821,Eroni Mawi,loosehead prop,starter
https://rugby-union-feeds.incrowdsports.com/v1/matches/284892,284892,202401,Saracens,away,4,127565,Kaden Pearce-Paul,second row,starter
https://rugby-union-feeds.incrowdsports.com/v1/matches/284892,284892,202401,Saracens,away,3,142606,Alec Clarey,tighthead prop,starter
https://rugby-union-feeds.incrowdsports.com/v1/matches/284892,284892,202401,Saracens,away,20,243060,Reggie Hammick,sub 5,replacement
https://rugby-union-feeds.incrowdsports.com/v1/matches/284892,284892,202401,Saracens,away,14,204054,Tobias Elliott,right wing,starter
https://rugby-union-feeds.incrowdsports.com/v1/matches/284892,284892,202401,Saracens,away,23,242940,Oscar Wilson,sub 8,replacement
https://rugby-union-feeds.incrowdsports.com/v1/matches/284892,284892,202401,Saracens,away,2,144473,James Hadfield,hooker,starter
https://rugby-union-feeds.incrowdsports.com/v1/matches/284892,284892,202401,Saracens,away,21,177055,Gareth Simpson,sub 6,replacement
https://rugby-union-feeds.incrowdsports.com/v1/matches/284892,284892,202401,Saracens,away,5,198623,Hugh Tizard,second row,starter
https://rugby-union-feeds.incrowdsports.com/v1/matches/284892,284892,202401,Saracens,away,15,178077,Alex Goode,full back,starter
https://rugby-union-feeds.incrowdsports.com/v1/matches/284892,284892,202401,Saracens,away,19,239614,Kennedy Sylvester-Junior,sub 4,replacement
https://rugby-union-feeds.incrowdsports.com/v1/matches/284891,284891,202401,Bedford Blues,home,12,166209,Mike le Bourgeois,inside centre,starter
https://rugby-union-feeds.incrowdsports.com/v1/matches/284891,284891,202401,Bedford Blues,home,17,173378,Joey Conway,sub 2,replacement
https://rugby-union-feeds.incrowdsports.com/v1/matches/284891,284891,202401,Bedford Blues,home,9,175400,James Lennon,scrum half,starter
https://rugby-union-feeds.incrowdsports.com/v1/matches/284891,284891,202401,Bedford Blues,home,20,255527,Charlie Ulcoq,sub 5,replacement
https://rugby-union-feeds.incrowdsports.com/v1/matches/284891,284891,202401,Bedford Blues,home,21,201767,Alex Day,sub 6,replacement
https://rugby-union-feeds.incrowdsports.com/v1/matches/284891,284891,202401,Bedford Blues,home,8,238277,Cameron King,number eight,starter
https://rugby-union-feeds.incrowdsports.com/v1/matches/284891,284891,202401,Bedford Blues,home,3,105769,Oisin Heffernan,tighthead prop,starter
https://rugby-union-feeds.incrowdsports.com/v1/matches/284891,284891,202401,Bedford Blues,home,15,238224,Louis James,full back,starter
https://rugby-union-feeds.incrowdsports.com/v1/matches/284891,284891,202401,Bedford Blues,home,14,178160,Alfie Garside,right wing,starter
https://rugby-union-feeds.incrowdsports.com/v1/matches/284891,284891,202401,Bedford Blues,home,10,127373,Will Maisey,fly half,starter
https://rugby-union-feeds.incrowdsports.com/v1/matches/284891,284891,202401,Bedford Blues,home,5,160173,Alex Woolford,second row,starter
https://rugby-union-feeds.incrowdsports.com/v1/matches/284891,284891,202401,Bedford Blues,home,2,208109,Nathan Langdon,hooker,starter
https://rugby-union-feeds.incrowdsports.com/v1/matches/284891,284891,202401,Bedford Blues,home,6,121234,Fred Tuilagi,flanker,starter
https://rugby-union-feeds.incrowdsports.com/v1/matches/284891,284891,202401,Bedford Blues,home,22,248788,Louis Haley,sub 7,replacement
https://rugby-union-feeds.incrowdsports.com/v1/matches/284891,284891,202401,Bedford Blues,home,16,253651,Tommy Herman,sub 1,replacement
https://rugby-union-feeds.incrowdsports.com/v1/matches/284891,284891,202401,Bedford Blues,home,13,219634,Lucas Titherington,outside centre,starter
https://rugby-union-feeds.incrowdsports.com/v1/matches/284891,284891,202401,Bedford Blues,home,1,168690,Jamie Jack,loosehead prop,starter
https://rugby-union-feeds.incrowdsports.com/v1/matches/284891,284891,202401,Bedford Blues,home,4,224241,Luke Frost,second row,starter
https://rugby-union-feeds.incrowdsports.com/v1/matches/284891,284891,202401,Bedford Blues,home,19,197430,Joe Howard,sub 4,replacement
https://rugby-union-feeds.incrowdsports.com/v1/matches/284891,284891,202401,Bedford Blues,home,11,132502,Matt Worley,left wing,starter
https://rugby-union-feeds.incrowdsports.com/v1/matches/284891,284891,202401,Bedford Blues,home,23,209724,Joel Matavesi,sub 8,replacement
https://rugby-union-feeds.incrowdsports.com/v1/matches/284891,284891,202401,Bedford Blues,home,18,118491,Austin Hay,sub 3,replacement
https://rugby-union-feeds.incrowdsports.com/v1/matches/284891,284891,202401,Bedford Blues,home,7,221183,Jac Arthur,flanker,starter
https://rugby-union-feeds.incrowdsports.com/v1/matches/284891,284891,202401,Bristol Bears,away,1,221988,Sam Grahamslaw,loosehead prop,starter
https://rugby-union-feeds.incrowdsports.com/v1/matches/284891,284891,202401,Bristol Bears,away,5,189699,Steele Barker,second row,starter
https://rugby-union-feeds.incrowdsports.com/v1/matches/284891,284891,202401,Bristol Bears,away,8,245732,Benjamin Grondona,number eight,starter
https://rugby-union-feeds.incrowdsports.com/v1/matches/284891,284891,202401,Bristol Bears,away,3,239330,Jimmy Halliwell,tighthead prop,starter
https://rugby-union-feeds.incrowdsports.com/v1/matches/284891,284891,202401,Bristol Bears,away,19,237996,Joseph Owen,sub 4,replacement
https://rugby-union-feeds.incrowdsports.com/v1/matches/284891,284891,202401,Bristol Bears,away,13,237803,Kalaveti Ravouvou,outside centre,starter
https://rugby-union-feeds.incrowdsports.com/v1/matches/284891,284891,202401,Bristol Bears,away,18,163209,George Kloska,sub 3,replacement
https://rugby-union-feeds.incrowdsports.com/v1/matches/284891,284891,202401,Bristol Bears,away,2,178506,Will Capon,hooker,starter
https://rugby-union-feeds.incrowdsports.com/v1/matches/284891,284891,202401,Bristol Bears,away,9,185971,Sam Wolstenholme,scrum half,starter
https://rugby-union-feeds.incrowdsports.com/v1/matches/284891,284891,202401,Bristol Bears,away,7,126962,Jake Heenan,flanker,starter
https://rugby-union-feeds.incrowdsports.com/v1/matches/284891,284891,202401,Bristol Bears,away,12,243442,Joe Jenkins,inside centre,starter
https://rugby-union-feeds.incrowdsports.com/v1/matches/284891,284891,202401,Bristol Bears,away,14,161106,Toby Fricker,right wing,starter
https://rugby-union-feeds.incrowdsports.com/v1/matches/284891,284891,202401,Bristol Bears,away,10,229937,Harry Bazalgette,fly half,starter
https://rugby-union-feeds.incrowdsports.com/v1/matches/284891,284891,202401,Bristol Bears,away,22,216599,Richard Lane,sub 7,replacement
https://rugby-union-feeds.incrowdsports.com/v1/matches/284891,284891,202401,Bristol Bears,away,6,239317,Paddy Pearce,flanker,starter
https://rugby-union-feeds.incrowdsports.com/v1/matches/284891,284891,202401,Bristol Bears,away,16,152822,Tomas Gwilliam,sub 1,replacement
https://rugby-union-feeds.incrowdsports.com/v1/matches/284891,284891,202401,Bristol Bears,away,17,193564,Yann Thomas,sub 2,replacement
https://rugby-union-feeds.incrowdsports.com/v1/matches/284891,284891,202401,Bristol Bears,away,21,210010,Kieran Marmion,sub 6,replacement
https://rugby-union-feeds.incrowdsports.com/v1/matches/284891,284891,202401,Bristol Bears,away,15,241920,Benjamin Elizalde,full back,starter
https://rugby-union-feeds.incrowdsports.com/v1/matches/284891,284891,202401,Bristol Bears,away,11,149471,Deago Bailey,left wing,starter
https://rugby-union-feeds.incrowdsports.com/v1/matches/284891,284891,202401,Bristol Bears,away,4,194848,Josh Caulfield,second row,starter
https://rugby-union-feeds.incrowdsports.com/v1/matches/284891,284891,202401,Bristol Bears,away,20,153502,Kofi Cripps,sub 5,replacement
https://rugby-union-feeds.incrowdsports.com/v1/matches/284891,284891,202401,Bristol Bears,away,23,178334,Elias Caven,sub 8,replacement
https://rugby-union-feeds.incrowdsports.com/v1/matches/284900,284900,202401,Sale Sharks,home,12,212196,Rekeiti Maasi-White,inside centre,starter
https://rugby-union-feeds.incrowdsports.com/v1/matches/284900,284900,202401,Sale Sharks,home,16,239524,Harry Thompson,sub 1,replacement
https://rugby-union-feeds.incrowdsports.com/v1/matches/284900,284900,202401,Sale Sharks,home,5,100995,Hyron Andrews,second row,starter
https://rugby-union-feeds.incrowdsports.com/v1/matches/284900,284900,202401,Sale Sharks,home,20,244518,Seb Kelly,sub 5,replacement
https://rugby-union-feeds.incrowdsports.com/v1/matches/284900,284900,202401,Sale Sharks,home,15,216069,Tom O'Flaherty,full back,starter
https://rugby-union-feeds.incrowdsports.com/v1/matches/284900,284900,202401,Sale Sharks,home,7,103530,Tristan Woodman,flanker,starter
https://rugby-union-feeds.incrowdsports.com/v1/matches/284900,284900,202401,Sale Sharks,home,23,243148,Albert Bradshaw,sub 8,replacement
https://rugby-union-feeds.incrowdsports.com/v1/matches/284900,284900,202401,Sale Sharks,home,14,153804,Obi Ene,right wing,starter
https://rugby-union-feeds.incrowdsports.com/v1/matches/284900,284900,202401,Sale Sharks,home,2,206761,Tadgh McElroy,hooker,starter
https://rugby-union-feeds.incrowdsports.com/v1/matches/284900,284900,202401,Sale Sharks,home,9,100557,Gus Warr,scrum half,starter
https://rugby-union-feeds.incrowdsports.com/v1/matches/284900,284900,202401,Sale Sharks,home,3,148948,Jake Bridges,tighthead prop,starter
https://rugby-union-feeds.incrowdsports.com/v1/matches/284900,284900,202401,Sale Sharks,home,8,159444,Rouban Birch,number eight,starter
https://rugby-union-feeds.incrowdsports.com/v1/matches/284900,284900,202401,Sale Sharks,home,18,255475,Tom Furtado-Mills,sub 3,replacement
https://rugby-union-feeds.incrowdsports.com/v1/matches/284900,284900,202401,Sale Sharks,home,6,205975,Sam Dugdale,flanker,starter
https://rugby-union-feeds.incrowdsports.com/v1/matches/284900,284900,202401,Sale Sharks,home,11,239510,Alex Wills,left wing,starter
https://rugby-union-feeds.incrowdsports.com/v1/matches/284900,284900,202401,Sale Sharks,home,17,147029,Tumy Onasanya,sub 2,replacement
https://rugby-union-feeds.incrowdsports.com/v1/matches/284900,284900,202401,Sale Sharks,home,21,170933,Nye Thomas,sub 6,replacement
https://rugby-union-feeds.incrowdsports.com/v1/matches/284900,284900,202401,Sale Sharks,home,13,224475,Joe Bedlow,outside centre,starter
https://rugby-union-feeds.incrowdsports.com/v1/matches/284900,284900,202401,Sale Sharks,home,19,239610,Will Riley,sub 4,replacement
https://rugby-union-feeds.incrowdsports.com/v1/matches/284900,284900,202401,Sale Sharks,home,4,141178,Alex Groves,second row,starter
https://rugby-union-feeds.incrowdsports.com/v1/matches/284900,284900,202401,Sale Sharks,home,22,191866,Sam Bedlow,sub 7,replacement
https://rugby-union-feeds.incrowdsports.com/v1/matches/284900,284900,202401,Sale Sharks,home,10,201247,Tom Curtis,fly half,starter
https://rugby-union-feeds.incrowdsports.com/v1/matches/284900,284900,202401,Sale Sharks,home,1,158302,Bevan Rodd,loosehead prop,starter
https://rugby-union-feeds.incrowdsports.com/v1/matches/284900,284900,202401,Doncaster Knights,away,17,188482,Conor Davidson,sub 2,replacement
https://rugby-union-feeds.incrowdsports.com/v1/matches/284900,284900,202401,Doncaster Knights,away,9,154087,Alex Dolly,scrum half,starter
https://rugby-union-feeds.incrowdsports.com/v1/matches/284900,284900,202401,Doncaster Knights,away,12,142632,Zach Kerr,inside centre,starter
https://rugby-union-feeds.incrowdsports.com/v1/matches/284900,284900,202401,Doncaster Knights,away,15,114312,Telusa Veainu,full back,starter
https://rugby-union-feeds.incrowdsports.com/v1/matches/284900,284900,202401,Doncaster Knights,away,10,223398,Morgan Bunting,fly half,starter
https://rugby-union-feeds.incrowdsports.com/v1/matches/284900,284900,202401,Doncaster Knights,away,16,249221,Ben Chapman,sub 1,replacement
https://rugby-union-feeds.incrowdsports.com/v1/matches/284900,284900,202401,Doncaster Knights,away,21,130599,Ollie Fox,sub 6,replacement
https://rugby-union-feeds.incrowdsports.com/v1/matches/284900,284900,202401,Doncaster Knights,away,18,120586,Lewis Thiede,sub 3,replacement
https://rugby-union-feeds.incrowdsports.com/v1/matches/284900,284900,202401,Doncaster Knights,away,2,229931,George Roberts,hooker,starter
https://rugby-union-feeds.incrowdsports.com/v1/matches/284900,284900,202401,Doncaster Knights,away,8,134281,Morgan Strong,number eight,starter
https://rugby-union-feeds.incrowdsports.com/v1/matches/284900,284900,202401,Doncaster Knights,away,23,170250,Archie Smeaton,sub 8,replacement
https://rugby-union-feeds.incrowdsports.com/v1/matches/284900,284900,202401,Doncaster Knights,away,22,251855,Sam Wadsworth,sub 7,replacement
https://rugby-union-feeds.incrowdsports.com/v1/matches/284900,284900,202401,Doncaster Knights,away,3,128592,Joe Jones,tighthead prop,starter
https://rugby-union-feeds.incrowdsports.com/v1/matches/284900,284900,202401,Doncaster Knights,away,4,179725,Ben Murphy,second row,starter
https://rugby-union-feeds.incrowdsports.com/v1/matches/284900,284900,202401,Doncaster Knights,away,6,168045,Adam Hopkinson,flanker,starter
https://rugby-union-feeds.incrowdsports.com/v1/matches/284900,284900,202401,Doncaster Knights,away,14,181588,Semesa Rokoduguni,right wing,starter
https://rugby-union-feeds.incrowdsports.com/v1/matches/284900,284900,202401,Doncaster Knights,away,7,139345,Rhys Tait,flanker,starter
https://rugby-union-feeds.incrowdsports.com/v1/matches/284900,284900,202401,Doncaster Knights,away,13,255480,Aidan Cross,outside centre,starter
https://rugby-union-feeds.incrowdsports.com/v1/matches/284900,284900,202401,Doncaster Knights,away,11,147959,Maliq Holden,left wing,starter
https://rugby-union-feeds.incrowdsports.com/v1/matches/284900,284900,202401,Doncaster Knights,away,5,192470,Josh Williams,second row,starter
https://rugby-union-feeds.incrowdsports.com/v1/matches/284900,284900,202401,Doncaster Knights,away,20,153913,Jasper McGuire,sub 5,replacement
https://rugby-union-feeds.incrowdsports.com/v1/matches/284900,284900,202401,Doncaster Knights,away,1,110397,Logovi'i Mulipola,loosehead prop,starter
https://rugby-union-feeds.incrowdsports.com/v1/matches/284900,284900,202401,Doncaster Knights,away,19,122848,Taniela Ramasibana,sub 4,replacement
https://rugby-union-feeds.incrowdsports.com/v1/matches/284893,284893,202401,Bath Rugby,home,7,123233,Ethan Staddon,flanker,starter
https://rugby-union-feeds.incrowdsports.com/v1/matches/284893,284893,202401,Bath Rugby,home,12,210178,Will Butt,inside centre,starter
https://rugby-union-feeds.incrowdsports.com/v1/matches/284893,284893,202401,Bath Rugby,home,19,132737,Mackenzie Graham,sub 4,replacement
https://rugby-union-feeds.incrowdsports.com/v1/matches/284893,284893,202401,Bath Rugby,home,21,239298,Ieuan Davies,sub 6,replacement
https://rugby-union-feeds.incrowdsports.com/v1/matches/284893,284893,202401,Bath Rugby,home,15,101123,Ciaran Donoghue,full back,starter
https://rugby-union-feeds.incrowdsports.com/v1/matches/284893,284893,202401,Bath Rugby,home,3,137026,Kieran Verden,tighthead prop,starter
https://rugby-union-feeds.incrowdsports.com/v1/matches/284893,284893,202401,Bath Rugby,home,8,239297,Arthur Green,number eight,starter
https://rugby-union-feeds.incrowdsports.com/v1/matches/284893,284893,202401,Bath Rugby,home,2,218695,Jasper Spandler,hooker,starter
https://rugby-union-feeds.incrowdsports.com/v1/matches/284893,284893,202401,Bath Rugby,home,22,239302,Will Parry,sub 7,replacement
https://rugby-union-feeds.incrowdsports.com/v1/matches/284893,284893,202401,Bath Rugby,home,13,154219,Cameron Redpath,outside centre,starter
https://rugby-union-feeds.incrowdsports.com/v1/matches/284893,284893,202401,Bath Rugby,home,16,210731,John Stewart,sub 1,replacement
https://rugby-union-feeds.incrowdsports.com/v1/matches/284893,284893,202401,Bath Rugby,home,14,243600,Austin Emens,right wing,starter
https://rugby-union-feeds.incrowdsports.com/v1/matches/284893,284893,202401,Bath Rugby,home,4,239503,Harvey Cuckson,second row,starter
https://rugby-union-feeds.incrowdsports.com/v1/matches/284893,284893,202401,Bath Rugby,home,9,241747,Neil le Roux,scrum half,starter
https://rugby-union-feeds.incrowdsports.com/v1/matches/284893,284893,202401,Bath Rugby,home,5,217750,Ewan Richards,second row,starter
https://rugby-union-feeds.incrowdsports.com/v1/matches/284893,284893,202401,Bath Rugby,home,6,244502,Jack Bennett,flanker,starter
https://rugby-union-feeds.incrowdsports.com/v1/matches/284893,284893,202401,Bath Rugby,home,18,206236,Archie Stanley,sub 3,replacement
https://rugby-union-feeds.incrowdsports.com/v1/matches/284893,284893,202401,Bath Rugby,home,10,220475,Orlando Bailey,fly half,starter
https://rugby-union-feeds.incrowdsports.com/v1/matches/284893,284893,202401,Bath Rugby,home,1,219609,Arthur Cordwell,loosehead prop,starter
https://rugby-union-feeds.incrowdsports.com/v1/matches/284893,284893,202401,Bath Rugby,home,17,240057,Scott Kirk,sub 2,replacement
https://rugby-union-feeds.incrowdsports.com/v1/matches/284893,284893,202401,Bath Rugby,home,20,132895,Tom Cowan,sub 5,replacement
https://rugby-union-feeds.incrowdsports.com/v1/matches/284893,284893,202401,Bath Rugby,home,23,243072,Tyler Offiah,sub 8,replacement
https://rugby-union-feeds.incrowdsports.com/v1/matches/284893,284893,202401,Bath Rugby,home,11,233245,Louie Hennessey,left wing,starter
https://rugby-union-feeds.incrowdsports.com/v1/matches/284893,284893,202401,Ampthill,away,4,244740,Jake Parkinson,second row,starter
https://rugby-union-feeds.incrowdsports.com/v1/matches/284893,284893,202401,Ampthill,away,10,154660,Josh Barton,fly half,starter
https://rugby-union-feeds.incrowdsports.com/v1/matches/284893,284893,202401,Ampthill,away,9,186466,Rory Morgan,scrum half,starter
https://rugby-union-feeds.incrowdsports.com/v1/matches/284893,284893,202401,Ampthill,away,2,254049,Luke Thompson,hooker,starter
https://rugby-union-feeds.incrowdsports.com/v1/matches/284893,284893,202401,Ampthill,away,18,240481,Callum Norrie,sub 3,replacement
https://rugby-union-feeds.incrowdsports.com/v1/matches/284893,284893,202401,Ampthill,away,13,251557,Byron Sharwood,outside centre,starter
https://rugby-union-feeds.incrowdsports.com/v1/matches/284893,284893,202401,Ampthill,away,7,239401,Barnaby Merrett,flanker,starter
https://rugby-union-feeds.incrowdsports.com/v1/matches/284893,284893,202401,Ampthill,away,21,254761,Cam Rafferty,sub 6,replacement
https://rugby-union-feeds.incrowdsports.com/v1/matches/284893,284893,202401,Ampthill,away,12,190287,Fraser Strachan,inside centre,starter
https://rugby-union-feeds.incrowdsports.com/v1/matches/284893,284893,202401,Ampthill,away,11,118862,Oran McNulty,left wing,starter
https://rugby-union-feeds.incrowdsports.com/v1/matches/284893,284893,202401,Ampthill,away,14,113296,Wilson Ijeh,right wing,starter
https://rugby-union-feeds.incrowdsports.com/v1/matches/284893,284893,202401,Ampthill,away,19,203086,Tino Mapapalangi,sub 4,replacement
https://rugby-union-feeds.incrowdsports.com/v1/matches/284893,284893,202401,Ampthill,away,8,127666,Charles Rylands,number eight,starter
https://rugby-union-feeds.incrowdsports.com/v1/matches/284893,284893,202401,Ampthill,away,16,218776,Syd Blackmore,sub 1,replacement
https://rugby-union-feeds.incrowdsports.com/v1/matches/284893,284893,202401,Ampthill,away,17,157303,Richard Barrington,sub 2,replacement
https://rugby-union-feeds.incrowdsports.com/v1/matches/284893,284893,202401,Ampthill,away,20,242936,Charlie West,sub 5,replacement
https://rugby-union-feeds.incrowdsports.com/v1/matches/284893,284893,202401,Ampthill,away,1,169301,Harrison Courtney,loosehead prop,starter
https://rugby-union-feeds.incrowdsports.com/v1/matches/284893,284893,202401,Ampthill,away,3,109847,James Johnston,tighthead prop,starter
https://rugby-union-feeds.incrowdsports.com/v1/matches/284893,284893,202401,Ampthill,away,5,245493,Aidan King,second row,starter
https://rugby-union-feeds.incrowdsports.com/v1/matches/284893,284893,202401,Ampthill,away,22,195451,Gavin Williams,sub 7,replacement
https://rugby-union-feeds.incrowdsports.com/v1/matches/284893,284893,202401,Ampthill,away,15,147674,Evan Mitchell,full back,starter
https://rugby-union-feeds.incrowdsports.com/v1/matches/284893,284893,202401,Ampthill,away,6,244288,Arthur Thomas,flanker,starter
https://rugby-union-feeds.incrowdsports.com/v1/matches/284893,284893,202401,Ampthill,away,23,239648,Tom Barton,sub 8,replacement
https://rugby-union-feeds.incrowdsports.com/v1/matches/284894,284894,202401,Northampton Saints,home,17,177699,Tom West,sub 2,replacement
https://rugby-union-feeds.incrowdsports.com/v1/matches/284894,284894,202401,Northampton Saints,home,11,117441,Tom Seabrook,left wing,starter
https://rugby-union-feeds.incrowdsports.com/v1/matches/284894,284894,202401,Northampton Saints,home,14,239490,Will Glister,right wing,starter
https://rugby-union-feeds.incrowdsports.com/v1/matches/284894,284894,202401,Northampton Saints,home,5,195010,Tom Lockett,second row,starter
https://rugby-union-feeds.incrowdsports.com/v1/matches/284894,284894,202401,Northampton Saints,home,13,244488,Billy Pasco,outside centre,starter
https://rugby-union-feeds.incrowdsports.com/v1/matches/284894,284894,202401,Northampton Saints,home,10,239430,George Makepeace-Cubitt,fly half,starter
https://rugby-union-feeds.incrowdsports.com/v1/matches/284894,284894,202401,Northampton Saints,home,3,127592,Luke Green,tighthead prop,starter
https://rugby-union-feeds.incrowdsports.com/v1/matches/284894,284894,202401,Northampton Saints,home,9,221996,Tom James,scrum half,starter
https://rugby-union-feeds.incrowdsports.com/v1/matches/284894,284894,202401,Northampton Saints,home,15,178796,James Ramm,full back,starter
https://rugby-union-feeds.incrowdsports.com/v1/matches/284894,284894,202401,Northampton Saints,home,2,239338,Craig Wright,hooker,starter
https://rugby-union-feeds.incrowdsports.com/v1/matches/284894,284894,202401,Northampton Saints,home,8,108939,Fyn Brown,number eight,starter
https://rugby-union-feeds.incrowdsports.com/v1/matches/284894,284894,202401,Northampton Saints,home,23,242889,Rafe Witheat,sub 8,replacement
https://rugby-union-feeds.incrowdsports.com/v1/matches/284894,284894,202401,Northampton Saints,home,7,125486,Angus Scott-Young,flanker,starter
https://rugby-union-feeds.incrowdsports.com/v1/matches/284894,284894,202401,Northampton Saints,home,4,124493,Ed Prowse,second row,starter
https://rugby-union-feeds.incrowdsports.com/v1/matches/284894,284894,202401,Northampton Saints,home,12,229939,Charlie Savala,inside centre,starter
https://rugby-union-feeds.incrowdsports.com/v1/matches/284894,284894,202401,Northampton Saints,home,22,248787,Jonny Weimann,sub 7,replacement
https://rugby-union-feeds.incrowdsports.com/v1/matches/284894,284894,202401,Northampton Saints,home,20,225330,Archie Benson,sub 5,replacement
https://rugby-union-feeds.incrowdsports.com/v1/matches/284894,284894,202401,Northampton Saints,home,16,185586,Henry Walker,sub 1,replacement
https://rugby-union-feeds.incrowdsports.com/v1/matches/284894,284894,202401,Northampton Saints,home,21,104277,Iakopo Mapu,sub 6,replacement
https://rugby-union-feeds.incrowdsports.com/v1/matches/284894,284894,202401,Northampton Saints,home,1,104471,Tarek Haffar,loosehead prop,starter
https://rugby-union-feeds.incrowdsports.com/v1/matches/284894,284894,202401,Northampton Saints,home,18,238140,Beltus Nonleh,sub 3,replacement
https://rugby-union-feeds.incrowdsports.com/v1/matches/284894,284894,202401,Northampton Saints,home,6,166428,Josh Kemeny,flanker,starter
https://rugby-union-feeds.incrowdsports.com/v1/matches/284894,284894,202401,Northampton Saints,home,19,152990,Temo Mayanavanua,sub 4,replacement
https://rugby-union-feeds.incrowdsports.com/v1/matches/284894,284894,202401,Coventry,away,20,185795,Daniel Okeke,sub 5,replacement
https://rugby-union-feeds.incrowdsports.com/v1/matches/284894,284894,202401,Coventry,away,21,207428,Josh Barton,sub 6,replacement
https://rugby-union-feeds.incrowdsports.com/v1/matches/284894,284894,202401,Coventry,away,15,153924,Ryan Hutler,full back,starter
https://rugby-union-feeds.incrowdsports.com/v1/matches/284894,284894,202401,Coventry,away,12,249217,Dafydd-Rhys Tiueti,inside centre,starter
https://rugby-union-feeds.incrowdsports.com/v1/matches/284894,284894,202401,Coventry,away,13,139751,Tom Hitchcock,outside centre,starter
https://rugby-union-feeds.incrowdsports.com/v1/matches/284894,284894,202401,Coventry,away,9,114440,Sam Maunder,scrum half,starter
https://rugby-union-feeds.incrowdsports.com/v1/matches/284894,284894,202401,Coventry,away,3,122088,Eliot Salt,tighthead prop,starter
https://rugby-union-feeds.incrowdsports.com/v1/matches/284894,284894,202401,Coventry,away,5,135626,Obinna Nkwocha,second row,starter
https://rugby-union-feeds.incrowdsports.com/v1/matches/284894,284894,202401,Coventry,away,19,125902,Rhys Anstey,sub 4,replacement
https://rugby-union-feeds.incrowdsports.com/v1/matches/284894,284894,202401,Coventry,away,2,170483,Jordon Poole,hooker,starter
https://rugby-union-feeds.incrowdsports.com/v1/matches/284894,284894,202401,Coventry,away,8,137043,Senitiki Nayalo,number eight,starter
https://rugby-union-feeds.incrowdsports.com/v1/matches/284894,284894,202401,Coventry,away,23,245656,Theodore Mannion,sub 8,replacement
https://rugby-union-feeds.incrowdsports.com/v1/matches/284894,284894,202401,Coventry,away,11,193878,James Martin,left wing,starter
https://rugby-union-feeds.incrowdsports.com/v1/matches/284894,284894,202401,Coventry,away,10,191542,Tommy Mathews,fly half,starter
https://rugby-union-feeds.incrowdsports.com/v1/matches/284894,284894,202401,Coventry,away,4,108919,James Tyas,second row,starter
https://rugby-union-feeds.incrowdsports.com/v1/matches/284894,284894,202401,Coventry,away,7,146806,Aaron Hinkley,flanker,starter
https://rugby-union-feeds.incrowdsports.com/v1/matches/284894,284894,202401,Coventry,away,18,241813,Vilikesa Nairau,sub 3,replacement
https://rugby-union-feeds.incrowdsports.com/v1/matches/284894,284894,202401,Coventry,away,22,240220,Charlie Robson,sub 7,replacement
https://rugby-union-feeds.incrowdsports.com/v1/matches/284894,284894,202401,Coventry,away,14,249434,David Opoku,right wing,starter
https://rugby-union-feeds.incrowdsports.com/v1/matches/284894,284894,202401,Coventry,away,17,176281,Jevaughn Warren,sub 2,replacement
https://rugby-union-feeds.incrowdsports.com/v1/matches/284894,284894,202401,Coventry,away,16,209120,Will Biggs,sub 1,replacement
https://rugby-union-feeds.incrowdsports.com/v1/matches/284894,284894,202401,Coventry,away,1,112448,Toby Trinder,loosehead prop,starter
https://rugby-union-feeds.incrowdsports.com/v1/matches/284894,284894,202401,Coventry,away,6,187229,Tom Ball,flanker,starter
https://rugby-union-feeds.incrowdsports.com/v1/matches/284895,284895,202401,Ealing Trailfinders,home,9,207745,Lloyd Williams,scrum half,starter
https://rugby-union-feeds.incrowdsports.com/v1/matches/284895,284895,202401,Ealing Trailfinders,home,17,157346,Kyle Whyte,sub 2,replacement
https://rugby-union-feeds.incrowdsports.com/v1/matches/284895,284895,202401,Ealing Trailfinders,home,16,189576,Cameron Terry,sub 1,replacement
https://rugby-union-feeds.incrowdsports.com/v1/matches/284895,284895,202401,Ealing Trailfinders,home,21,165768,Ollie Newman,sub 6,replacement
https://rugby-union-feeds.incrowdsports.com/v1/matches/284895,284895,202401,Ealing Trailfinders,home,2,166278,Mike Willemse,hooker,starter
https://rugby-union-feeds.incrowdsports.com/v1/matches/284895,284895,202401,Ealing Trailfinders,home,12,139755,Francis Moore,inside centre,starter
https://rugby-union-feeds.incrowdsports.com/v1/matches/284895,284895,202401,Ealing Trailfinders,home,20,215308,David Bridge,sub 5,replacement
https://rugby-union-feeds.incrowdsports.com/v1/matches/284895,284895,202401,Ealing Trailfinders,home,11,111468,Michael Dykes,left wing,starter
https://rugby-union-feeds.incrowdsports.com/v1/matches/284895,284895,202401,Ealing Trailfinders,home,7,130961,Jordy Reid,flanker,starter
https://rugby-union-feeds.incrowdsports.com/v1/matches/284895,284895,202401,Ealing Trailfinders,home,19,165364,Matas Jurevicius,sub 4,replacement
https://rugby-union-feeds.incrowdsports.com/v1/matches/284895,284895,202401,Ealing Trailfinders,home,4,203154,Bobby de Wee,second row,starter
https://rugby-union-feeds.incrowdsports.com/v1/matches/284895,284895,202401,Ealing Trailfinders,home,3,135223,George Davis,tighthead prop,starter
https://rugby-union-feeds.incrowdsports.com/v1/matches/284895,284895,202401,Ealing Trailfinders,home,14,205461,Angus Kernohan,right wing,starter
https://rugby-union-feeds.incrowdsports.com/v1/matches/284895,284895,202401,Ealing Trailfinders,home,1,237909,Lefty Zigiriadis,loosehead prop,starter
https://rugby-union-feeds.incrowdsports.com/v1/matches/284895,284895,202401,Ealing Trailfinders,home,18,128474,Adam Nicol,sub 3,replacement
https://rugby-union-feeds.incrowdsports.com/v1/matches/284895,284895,202401,Ealing Trailfinders,home,6,122969,Rob Farrar,flanker,starter
https://rugby-union-feeds.incrowdsports.com/v1/matches/284895,284895,202401,Ealing Trailfinders,home,10,172121,Dan Jones,fly half,starter
https://rugby-union-feeds.incrowdsports.com/v1/matches/284895,284895,202401,Ealing Trailfinders,home,8,209050,Will Montgomery,number eight,starter
https://rugby-union-feeds.incrowdsports.com/v1/matches/284895,284895,202401,Ealing Trailfinders,home,13,133626,Reuben Bird-Tulloch,outside centre,starter
https://rugby-union-feeds.incrowdsports.com/v1/matches/284895,284895,202401,Ealing Trailfinders,home,23,158938,Craig Willis,sub 8,replacement
https://rugby-union-feeds.incrowdsports.com/v1/matches/284895,284895,202401,Ealing Trailfinders,home,15,141567,Tobi Wilson,full back,starter
https://rugby-union-feeds.incrowdsports.com/v1/matches/284895,284895,202401,Ealing Trailfinders,home,5,117376,Sean Lonsdale,second row,starter
https://rugby-union-feeds.incrowdsports.com/v1/matches/284895,284895,202401,Ealing Trailfinders,home,22,162333,Craig Hampson,sub 7,replacement
https://rugby-union-feeds.incrowdsports.com/v1/matches/284895,284895,202401,Harlequins,away,17,140419,Jordan Els,sub 2,replacement
https://rugby-union-feeds.incrowdsports.com/v1/matches/284895,284895,202401,Harlequins,away,2,149058,Sam Riley,hooker,starter
https://rugby-union-feeds.incrowdsports.com/v1/matches/284895,284895,202401,Harlequins,away,15,145735,Cameron Anderson,full back,starter
https://rugby-union-feeds.incrowdsports.com/v1/matches/284895,284895,202401,Harlequins,away,16,185447,Jack Musk,sub 1,replacement
https://rugby-union-feeds.incrowdsports.com/v1/matches/284895,284895,202401,Harlequins,away,9,142312,Will Porter,scrum half,starter
https://rugby-union-feeds.incrowdsports.com/v1/matches/284895,284895,202401,Harlequins,away,19,239590,Harry Browne,sub 4,replacement
https://rugby-union-feeds.incrowdsports.com/v1/matches/284895,284895,202401,Harlequins,away,12,239596,Ben Waghorn,inside centre,starter
https://rugby-union-feeds.incrowdsports.com/v1/matches/284895,284895,202401,Harlequins,away,22,159436,Jamie Benson,sub 7,replacement
https://rugby-union-feeds.incrowdsports.com/v1/matches/284895,284895,202401,Harlequins,away,18,114413,Simon Kerrod,sub 3,replacement
https://rugby-union-feeds.incrowdsports.com/v1/matches/284895,284895,202401,Harlequins,away,13,196173,Will Joseph,outside centre,starter
https://rugby-union-feeds.incrowdsports.com/v1/matches/284895,284895,202401,Harlequins,away,23,239604,Sean Kerr,sub 8,replacement
https://rugby-union-feeds.incrowdsports.com/v1/matches/284895,284895,202401,Harlequins,away,6,175826,Jack Kenningham,flanker,starter
https://rugby-union-feeds.incrowdsports.com/v1/matches/284895,284895,202401,Harlequins,away,20,104022,Will Trenholm,sub 5,replacement
https://rugby-union-feeds.incrowdsports.com/v1/matches/284895,284895,202401,Harlequins,away,11,182934,Cassius Cleaves,left wing,starter
https://rugby-union-feeds.incrowdsports.com/v1/matches/284895,284895,202401,Harlequins,away,10,218331,Jarrod Evans,fly half,starter
https://rugby-union-feeds.incrowdsports.com/v1/matches/284895,284895,202401,Harlequins,away,14,137369,Nick David,right wing,starter
https://rugby-union-feeds.incrowdsports.com/v1/matches/284895,284895,202401,Harlequins,away,4,132185,Joe Launchbury,second row,starter
https://rugby-union-feeds.incrowdsports.com/v1/matches/284895,284895,202401,Harlequins,away,21,118972,Lewis Gjaltema,sub 6,replacement
https://rugby-union-feeds.incrowdsports.com/v1/matches/284895,284895,202401,Harlequins,away,5,158074,George Hammond,second row,starter
https://rugby-union-feeds.incrowdsports.com/v1/matches/284895,284895,202401,Harlequins,away,8,243129,Lucas Schmid,number eight,starter
https://rugby-union-feeds.incrowdsports.com/v1/matches/284895,284895,202401,Harlequins,away,3,109630,Will Hobson,tighthead prop,starter
https://rugby-union-feeds.incrowdsports.com/v1/matches/284895,284895,202401,Harlequins,away,7,143933,Will Evans,flanker,starter
https://rugby-union-feeds.incrowdsports.com/v1/matches/284895,284895,202401,Harlequins,away,1,111583,Wyn Jones,loosehead prop,starter
https://rugby-union-feeds.incrowdsports.com/v1/matches/284897,284897,202401,Leicester Tigers,home,23,239620,Malelili Satala,sub 8,replacement
https://rugby-union-feeds.incrowdsports.com/v1/matches/284897,284897,202401,Leicester Tigers,home,20,239272,Josh Manz,sub 5,replacement
https://rugby-union-feeds.incrowdsports.com/v1/matches/284897,284897,202401,Leicester Tigers,home,6,239271,Finn Carnduff,flanker,starter
https://rugby-union-feeds.incrowdsports.com/v1/matches/284897,284897,202401,Leicester Tigers,home,2,101384,Finn Theobald-Thomas,hooker,starter
https://rugby-union-feeds.incrowdsports.com/v1/matches/284897,284897,202401,Leicester Tigers,home,5,185387,Come Joussain,second row,starter
https://rugby-union-feeds.incrowdsports.com/v1/matches/284897,284897,202401,Leicester Tigers,home,17,245004,Cameron Miell,sub 2,replacement
https://rugby-union-feeds.incrowdsports.com/v1/matches/284897,284897,202401,Leicester Tigers,home,18,177740,Xavier Valentine,sub 3,replacement
https://rugby-union-feeds.incrowdsports.com/v1/matches/284897,284897,202401,Leicester Tigers,home,22,244459,Tom Threlfall,sub 7,replacement
https://rugby-union-feeds.incrowdsports.com/v1/matches/284897,284897,202401,Leicester Tigers,home,1,188202,James Whitcombe,loosehead prop,starter
https://rugby-union-feeds.incrowdsports.com/v1/matches/284897,284897,202401,Leicester Tigers,home,16,216656,Charlie Clare,sub 1,replacement
https://rugby-union-feeds.incrowdsports.com/v1/matches/284897,284897,202401,Leicester Tigers,home,15,190829,Jamie Shillcock,full back,starter
https://rugby-union-feeds.incrowdsports.com/v1/matches/284897,284897,202401,Leicester Tigers,home,12,239278,Joe Woodward,inside centre,starter
https://rugby-union-feeds.incrowdsports.com/v1/matches/284897,284897,202401,Leicester Tigers,home,9,170190,Tom Whiteley,scrum half,starter
https://rugby-union-feeds.incrowdsports.com/v1/matches/284897,284897,202401,Leicester Tigers,home,19,202962,Cameron Henderson,sub 4,replacement
https://rugby-union-feeds.incrowdsports.com/v1/matches/284897,284897,202401,Leicester Tigers,home,11,237969,Will Wand,left wing,starter
https://rugby-union-feeds.incrowdsports.com/v1/matches/284897,284897,202401,Leicester Tigers,home,14,244917,George Pearson,right wing,starter
https://rugby-union-feeds.incrowdsports.com/v1/matches/284897,284897,202401,Leicester Tigers,home,3,242875,Tubuna Maka,tighthead prop,starter
https://rugby-union-feeds.incrowdsports.com/v1/matches/284897,284897,202401,Leicester Tigers,home,4,132697,Tom Manz,second row,starter
https://rugby-union-feeds.incrowdsports.com/v1/matches/284897,284897,202401,Leicester Tigers,home,7,129595,Emeka Ilione,flanker,starter
https://rugby-union-feeds.incrowdsports.com/v1/matches/284897,284897,202401,Leicester Tigers,home,13,214400,Dan Kelly,outside centre,starter
https://rugby-union-feeds.incrowdsports.com/v1/matches/284897,284897,202401,Leicester Tigers,home,21,239424,Ollie Allan,sub 6,replacement
https://rugby-union-feeds.incrowdsports.com/v1/matches/284897,284897,202401,Leicester Tigers,home,10,172960,Ben Volavola,fly half,starter
https://rugby-union-feeds.incrowdsports.com/v1/matches/284897,284897,202401,Leicester Tigers,home,8,202591,Kyle Hatherell,number eight,starter
https://rugby-union-feeds.incrowdsports.com/v1/matches/284897,284897,202401,Nottingham Rugby,away,21,190979,Will Yarnell,sub 6,replacement
https://rugby-union-feeds.incrowdsports.com/v1/matches/284897,284897,202401,Nottingham Rugby,away,23,172547,Javiah Pohe,sub 8,replacement
https://rugby-union-feeds.incrowdsports.com/v1/matches/284897,284897,202401,Nottingham Rugby,away,3,203585,Dan Richardson,tighthead prop,starter
https://rugby-union-feeds.incrowdsports.com/v1/matches/284897,284897,202401,Nottingham Rugby,away,8,241441,James Cherry,number eight,starter
https://rugby-union-feeds.incrowdsports.com/v1/matches/284897,284897,202401,Nottingham Rugby,away,12,150663,Gwyn Parks,inside centre,starter
https://rugby-union-feeds.incrowdsports.com/v1/matches/284897,284897,202401,Nottingham Rugby,away,16,239623,Harry Clayton,sub 1,replacement
https://rugby-union-feeds.incrowdsports.com/v1/matches/284897,284897,202401,Nottingham Rugby,away,22,148552,Harry Graham,sub 7,replacement
https://rugby-union-feeds.incrowdsports.com/v1/matches/284897,284897,202401,Nottingham Rugby,away,13,100168,Levi Jack-Roper,outside centre,starter
https://rugby-union-feeds.incrowdsports.com/v1/matches/284897,284897,202401,Nottingham Rugby,away,19,238566,Jack Shine,sub 4,replacement
https://rugby-union-feeds.incrowdsports.com/v1/matches/284897,284897,202401,Nottingham Rugby,away,9,241413,Josh Goodwin,scrum half,starter
https://rugby-union-feeds.incrowdsports.com/v1/matches/284897,284897,202401,Nottingham Rugby,away,20,229936,Jacob Wright,sub 5,replacement
https://rugby-union-feeds.incrowdsports.com/v1/matches/284897,284897,202401,Nottingham Rugby,away,15,143917,Jack Stapley,full back,starter
https://rugby-union-feeds.incrowdsports.com/v1/matches/284897,284897,202401,Nottingham Rugby,away,2,102288,Jack Dickinson,hooker,starter
https://rugby-union-feeds.incrowdsports.com/v1/matches/284897,284897,202401,Nottingham Rugby,away,17,204782,Kai Owen,sub 2,replacement
https://rugby-union-feeds.incrowdsports.com/v1/matches/284897,284897,202401,Nottingham Rugby,away,14,102454,David Williams,right wing,starter
https://rugby-union-feeds.incrowdsports.com/v1/matches/284897,284897,202401,Nottingham Rugby,away,1,191448,Aniseko Sio,loosehead prop,starter
https://rugby-union-feeds.incrowdsports.com/v1/matches/284897,284897,202401,Nottingham Rugby,away,7,239223,Nathan Tweedy,flanker,starter
https://rugby-union-feeds.incrowdsports.com/v1/matches/284897,284897,202401,Nottingham Rugby,away,6,245594,Kody Vereti,flanker,starter
https://rugby-union-feeds.incrowdsports.com/v1/matches/284897,284897,202401,Nottingham Rugby,away,18,253626,Ale Loman,sub 3,replacement
https://rugby-union-feeds.incrowdsports.com/v1/matches/284897,284897,202401,Nottingham Rugby,away,11,153471,Ryan Olowofela,left wing,starter
https://rugby-union-feeds.incrowdsports.com/v1/matches/284897,284897,202401,Nottingham Rugby,away,10,253792,Jai Johal,fly half,starter
https://rugby-union-feeds.incrowdsports.com/v1/matches/284897,284897,202401,Nottingham Rugby,away,5,151872,Sebastian Ferreira,second row,starter
https://rugby-union-feeds.incrowdsports.com/v1/matches/284897,284897,202401,Nottingham Rugby,away,4,113439,Jay Ecclesfield,second row,starter
https://rugby-union-feeds.incrowdsports.com/v1/matches/284898,284898,202401,Exeter Chiefs,home,20,169636,Martin Moloney,sub 5,replacement
https://rugby-union-feeds.incrowdsports.com/v1/matches/284898,284898,202401,Exeter Chiefs,home,14,102180,Ben Hammersley,right wing,starter
https://rugby-union-feeds.incrowdsports.com/v1/matches/284898,284898,202401,Exeter Chiefs,home,15,184679,Tommy Wyatt,full back,starter
https://rugby-union-feeds.incrowdsports.com/v1/matches/284898,284898,202401,Exeter Chiefs,home,19,171271,Lewis Pearson,sub 4,replacement
https://rugby-union-feeds.incrowdsports.com/v1/matches/284898,284898,202401,Exeter Chiefs,home,23,220776,Charlie McCaig,sub 8,replacement
https://rugby-union-feeds.incrowdsports.com/v1/matches/284898,284898,202401,Exeter Chiefs,home,11,251397,Paul Brown-Bampoe,left wing,starter
https://rugby-union-feeds.incrowdsports.com/v1/matches/284898,284898,202401,Exeter Chiefs,home,21,128743,Stu Townsend,sub 6,replacement
https://rugby-union-feeds.incrowdsports.com/v1/matches/284898,284898,202401,Exeter Chiefs,home,12,211147,Tamati Tua,inside centre,starter
https://rugby-union-feeds.incrowdsports.com/v1/matches/284898,284898,202401,Exeter Chiefs,home,1,157036,Kwenzo Blose,loosehead prop,starter
https://rugby-union-feeds.incrowdsports.com/v1/matches/284898,284898,202401,Exeter Chiefs,home,5,208971,Franco Molina,second row,starter
https://rugby-union-feeds.incrowdsports.com/v1/matches/284898,284898,202401,Exeter Chiefs,home,16,103625,Dan Frost,sub 1,replacement
https://rugby-union-feeds.incrowdsports.com/v1/matches/284898,284898,202401,Exeter Chiefs,home,13,197546,Joe Hawkins,outside centre,starter
https://rugby-union-feeds.incrowdsports.com/v1/matches/284898,284898,202401,Exeter Chiefs,home,9,208783,Tom Cairns,scrum half,starter
https://rugby-union-feeds.incrowdsports.com/v1/matches/284898,284898,202401,Exeter Chiefs,home,10,125136,Will Haydon-Wood,fly half,starter
https://rugby-union-feeds.incrowdsports.com/v1/matches/284898,284898,202401,Exeter Chiefs,home,17,203342,Billy Keast,sub 2,replacement
https://rugby-union-feeds.incrowdsports.com/v1/matches/284898,284898,202401,Exeter Chiefs,home,3,188174,Jimmy Roots,tighthead prop,starter
https://rugby-union-feeds.incrowdsports.com/v1/matches/284898,284898,202401,Exeter Chiefs,home,8,172979,Jacques Vermeulen,number eight,starter
https://rugby-union-feeds.incrowdsports.com/v1/matches/284898,284898,202401,Exeter Chiefs,home,18,160437,Marcus Street,sub 3,replacement
https://rugby-union-feeds.incrowdsports.com/v1/matches/284898,284898,202401,Exeter Chiefs,home,22,199029,Dan John,sub 7,replacement
https://rugby-union-feeds.incrowdsports.com/v1/matches/284898,284898,202401,Exeter Chiefs,home,4,112986,Rus Tuima,second row,starter
https://rugby-union-feeds.incrowdsports.com/v1/matches/284898,284898,202401,Exeter Chiefs,home,7,213658,Richard Capstick,flanker,starter
https://rugby-union-feeds.incrowdsports.com/v1/matches/284898,284898,202401,Exeter Chiefs,home,2,203166,Jack Yeandle,hooker,starter
https://rugby-union-feeds.incrowdsports.com/v1/matches/284898,284898,202401,Exeter Chiefs,home,6,124575,Ethan Roots,flanker,starter
https://rugby-union-feeds.incrowdsports.com/v1/matches/284898,284898,202401,Cornish Pirates,away,16,242881,Sol Moody,sub 1,replacement
https://rugby-union-feeds.incrowdsports.com/v1/matches/284898,284898,202401,Cornish Pirates,away,12,238407,Harry Yates,inside centre,starter
https://rugby-union-feeds.incrowdsports.com/v1/matches/284898,284898,202401,Cornish Pirates,away,20,243494,Christopher Mills,sub 5,replacement
https://rugby-union-feeds.incrowdsports.com/v1/matches/284898,284898,202401,Cornish Pirates,away,5,249157,Josh King,second row,starter
https://rugby-union-feeds.incrowdsports.com/v1/matches/284898,284898,202401,Cornish Pirates,away,7,243340,Lucas Dorrell,flanker,starter
https://rugby-union-feeds.incrowdsports.com/v1/matches/284898,284898,202401,Cornish Pirates,away,2,119241,Harry Hocking,hooker,starter
https://rugby-union-feeds.incrowdsports.com/v1/matches/284898,284898,202401,Cornish Pirates,away,8,238346,Tomiwa Agbongbon,number eight,starter
https://rugby-union-feeds.incrowdsports.com/v1/matches/284898,284898,202401,Cornish Pirates,away,10,169290,Iwan Jenkins,fly half,starter
https://rugby-union-feeds.incrowdsports.com/v1/matches/284898,284898,202401,Cornish Pirates,away,22,203113,Joe Elderkin,sub 7,replacement
https://rugby-union-feeds.incrowdsports.com/v1/matches/284898,284898,202401,Cornish Pirates,away,23,253776,Iwan Price-Thomas,sub 8,replacement
https://rugby-union-feeds.incrowdsports.com/v1/matches/284898,284898,202401,Cornish Pirates,away,17,190706,Billy Young,sub 2,replacement
https://rugby-union-feeds.incrowdsports.com/v1/matches/284898,284898,202401,Cornish Pirates,away,21,250065,Cameron D. Jones,sub 6,replacement
https://rugby-union-feeds.incrowdsports.com/v1/matches/284898,284898,202401,Cornish Pirates,away,18,244279,Thomas Connolly,sub 3,replacement
https://rugby-union-feeds.incrowdsports.com/v1/matches/284898,284898,202401,Cornish Pirates,away,15,187925,Bruce Houston,full back,starter
https://rugby-union-feeds.incrowdsports.com/v1/matches/284898,284898,202401,Cornish Pirates,away,9,133494,Daniel Hiscocks,scrum half,starter
https://rugby-union-feeds.incrowdsports.com/v1/matches/284898,284898,202401,Cornish Pirates,away,1,240469,Oisin Michel,loosehead prop,starter
https://rugby-union-feeds.incrowdsports.com/v1/matches/284898,284898,202401,Cornish Pirates,away,4,208789,Alfie Bell,second row,starter
https://rugby-union-feeds.incrowdsports.com/v1/matches/284898,284898,202401,Cornish Pirates,away,13,116569,Tom Georgiou,outside centre,starter
https://rugby-union-feeds.incrowdsports.com/v1/matches/284898,284898,202401,Cornish Pirates,away,14,112475,Arthur Relton,right wing,starter
https://rugby-union-feeds.incrowdsports.com/v1/matches/284898,284898,202401,Cornish Pirates,away,11,237977,William Trewin,left wing,starter
https://rugby-union-feeds.incrowdsports.com/v1/matches/284898,284898,202401,Cornish Pirates,away,3,134528,James French,tighthead prop,starter
https://rugby-union-feeds.incrowdsports.com/v1/matches/284898,284898,202401,Cornish Pirates,away,6,179677,Matt Cannon,flanker,starter
https://rugby-union-feeds.incrowdsports.com/v1/matches/284898,284898,202401,Cornish Pirates,away,19,240509,Fintan Coleman,sub 4,replacement
https://rugby-union-feeds.incrowdsports.com/v1/matches/284899,284899,202401,Newcastle Falcons,home,4,117316,John Hawkins,second row,starter
https://rugby-union-feeds.incrowdsports.com/v1/matches/284899,284899,202401,Newcastle Falcons,home,6,207425,Philip van der Walt,flanker,starter
https://rugby-union-feeds.incrowdsports.com/v1/matches/284899,284899,202401,Newcastle Falcons,home,22,204296,Kieran Wilkinson,sub 7,replacement
https://rugby-union-feeds.incrowdsports.com/v1/matches/284899,284899,202401,Newcastle Falcons,home,12,169829,Max Clark,inside centre,starter
https://rugby-union-feeds.incrowdsports.com/v1/matches/284899,284899,202401,Newcastle Falcons,home,10,205702,Brett Connon,fly half,starter
https://rugby-union-feeds.incrowdsports.com/v1/matches/284899,284899,202401,Newcastle Falcons,home,8,219782,Freddie Lockwood,number eight,starter
https://rugby-union-feeds.incrowdsports.com/v1/matches/284899,284899,202401,Newcastle Falcons,home,21,243180,Joe Davis,sub 6,replacement
https://rugby-union-feeds.incrowdsports.com/v1/matches/284899,284899,202401,Newcastle Falcons,home,16,207081,Ollie Fletcher,sub 1,replacement
https://rugby-union-feeds.incrowdsports.com/v1/matches/284899,284899,202401,Newcastle Falcons,home,13,210511,Connor Doherty,outside centre,starter
https://rugby-union-feeds.incrowdsports.com/v1/matches/284899,284899,202401,Newcastle Falcons,home,20,244466,Reuben Parsons,sub 5,replacement
https://rugby-union-feeds.incrowdsports.com/v1/matches/284899,284899,202401,Newcastle Falcons,home,3,205585,Murray McCallum,tighthead prop,starter
https://rugby-union-feeds.incrowdsports.com/v1/matches/284899,284899,202401,Newcastle Falcons,home,5,154551,Sebastian de Chaves,second row,starter
https://rugby-union-feeds.incrowdsports.com/v1/matches/284899,284899,202401,Newcastle Falcons,home,18,170103,Callum Hancock,sub 3,replacement
https://rugby-union-feeds.incrowdsports.com/v1/matches/284899,284899,202401,Newcastle Falcons,home,9,137624,Sam Stuart,scrum half,starter
https://rugby-union-feeds.incrowdsports.com/v1/matches/284899,284899,202401,Newcastle Falcons,home,1,164792,Adam Brocklebank,loosehead prop,starter
https://rugby-union-feeds.incrowdsports.com/v1/matches/284899,284899,202401,Newcastle Falcons,home,7,190680,Ollie Leatherbarrow,flanker,starter
https://rugby-union-feeds.incrowdsports.com/v1/matches/284899,284899,202401,Newcastle Falcons,home,14,116536,Max Pepper,right wing,starter
https://rugby-union-feeds.incrowdsports.com/v1/matches/284899,284899,202401,Newcastle Falcons,home,15,145014,Elliott Obatoyinbo,full back,starter
https://rugby-union-feeds.incrowdsports.com/v1/matches/284899,284899,202401,Newcastle Falcons,home,23,222549,Oli Spencer,sub 8,replacement
https://rugby-union-feeds.incrowdsports.com/v1/matches/284899,284899,202401,Newcastle Falcons,home,19,188156,Adam Scott,sub 4,replacement
https://rugby-union-feeds.incrowdsports.com/v1/matches/284899,284899,202401,Newcastle Falcons,home,11,239961,Nathan Greenwood,left wing,starter
https://rugby-union-feeds.incrowdsports.com/v1/matches/284899,284899,202401,Newcastle Falcons,home,2,160415,Jamie Blamire,hooker,starter
https://rugby-union-feeds.incrowdsports.com/v1/matches/284899,284899,202401,Newcastle Falcons,home,17,239550,Mike Rewcastle,sub 2,replacement
https://rugby-union-feeds.incrowdsports.com/v1/matches/284899,284899,202401,Caldy,away,14,241316,Will Robinson,right wing,starter
https://rugby-union-feeds.incrowdsports.com/v1/matches/284899,284899,202401,Caldy,away,16,239523,Jack Ellam,sub 1,replacement
https://rugby-union-feeds.incrowdsports.com/v1/matches/284899,284899,202401,Caldy,away,11,254050,Charlie Hyde,left wing,starter
https://rugby-union-feeds.incrowdsports.com/v1/matches/284899,284899,202401,Caldy,away,10,249218,Sam Rogers,fly half,starter
https://rugby-union-feeds.incrowdsports.com/v1/matches/284899,284899,202401,Caldy,away,7,100102,Callum Ridgway,flanker,starter
https://rugby-union-feeds.incrowdsports.com/v1/matches/284899,284899,202401,Caldy,away,22,253799,Charlie Attis,sub 7,replacement
https://rugby-union-feeds.incrowdsports.com/v1/matches/284899,284899,202401,Caldy,away,15,249318,Matthew Kilcourse,full back,starter
https://rugby-union-feeds.incrowdsports.com/v1/matches/284899,284899,202401,Caldy,away,9,174438,Jacob Tansey,scrum half,starter
https://rugby-union-feeds.incrowdsports.com/v1/matches/284899,284899,202401,Caldy,away,2,201317,Oliver Hearn,hooker,starter
https://rugby-union-feeds.incrowdsports.com/v1/matches/284899,284899,202401,Caldy,away,6,240901,Sam Olyott,flanker,starter
https://rugby-union-feeds.incrowdsports.com/v1/matches/284899,284899,202401,Caldy,away,21,255557,Laurie Essenhigh,sub 6,replacement
https://rugby-union-feeds.incrowdsports.com/v1/matches/284899,284899,202401,Caldy,away,12,116266,Mike Barlow,inside centre,starter
https://rugby-union-feeds.incrowdsports.com/v1/matches/284899,284899,202401,Caldy,away,20,250409,Callum Butler,sub 5,replacement
https://rugby-union-feeds.incrowdsports.com/v1/matches/284899,284899,202401,Caldy,away,8,219984,Josiah Dickinson,number eight,starter
https://rugby-union-feeds.incrowdsports.com/v1/matches/284899,284899,202401,Caldy,away,5,217261,Tom Sanders,second row,starter
https://rugby-union-feeds.incrowdsports.com/v1/matches/284899,284899,202401,Caldy,away,4,253652,Freddie Stevenson,second row,starter
https://rugby-union-feeds.incrowdsports.com/v1/matches/284899,284899,202401,Caldy,away,13,205906,Connor Wilkinson,outside centre,starter
https://rugby-union-feeds.incrowdsports.com/v1/matches/284899,284899,202401,Caldy,away,18,203160,Matthew Ibbotson,sub 3,replacement
https://rugby-union-feeds.incrowdsports.com/v1/matches/284899,284899,202401,Caldy,away,1,151288,Nathan Rushton,loosehead prop,starter
https://rugby-union-feeds.incrowdsports.com/v1/matches/284899,284899,202401,Caldy,away,23,244567,Jacob Mitchell,sub 8,replacement
https://rugby-union-feeds.incrowdsports.com/v1/matches/284899,284899,202401,Caldy,away,17,254901,Matthew Rabbette,sub 2,replacement
https://rugby-union-feeds.incrowdsports.com/v1/matches/284899,284899,202401,Caldy,away,3,202650,Joe Sproston,tighthead prop,starter
https://rugby-union-feeds.incrowdsports.com/v1/matches/284899,284899,202401,Caldy,away,19,174137,Matt Gallagher,sub 4,replacement
https://rugby-union-feeds.incrowdsports.com/v1/matches/284901,284901,202401,Nottingham Rugby,home,12,172547,Javiah Pohe,inside centre,starter
https://rugby-union-feeds.incrowdsports.com/v1/matches/284901,284901,202401,Nottingham Rugby,home,9,190979,Will Yarnell,scrum half,starter
https://rugby-union-feeds.incrowdsports.com/v1/matches/284901,284901,202401,Nottingham Rugby,home,10,109124,Matt Arden,fly half,starter
https://rugby-union-feeds.incrowdsports.com/v1/matches/284901,284901,202401,Nottingham Rugby,home,3,203585,Dan Richardson,tighthead prop,starter
https://rugby-union-feeds.incrowdsports.com/v1/matches/284901,284901,202401,Nottingham Rugby,home,8,241441,James Cherry,number eight,starter
https://rugby-union-feeds.incrowdsports.com/v1/matches/284901,284901,202401,Nottingham Rugby,home,11,148552,Harry Graham,left wing,starter
https://rugby-union-feeds.incrowdsports.com/v1/matches/284901,284901,202401,Nottingham Rugby,home,2,239623,Harry Clayton,hooker,starter
https://rugby-union-feeds.incrowdsports.com/v1/matches/284901,284901,202401,Nottingham Rugby,home,4,238566,Jack Shine,second row,starter
https://rugby-union-feeds.incrowdsports.com/v1/matches/284901,284901,202401,Nottingham Rugby,home,18,177740,Xavier Valentine,sub 3,replacement
https://rugby-union-feeds.incrowdsports.com/v1/matches/284901,284901,202401,Nottingham Rugby,home,21,136908,Toby Venner,sub 6,replacement
https://rugby-union-feeds.incrowdsports.com/v1/matches/284901,284901,202401,Nottingham Rugby,home,22,244459,Tom Threlfall,sub 7,replacement
https://rugby-union-feeds.incrowdsports.com/v1/matches/284901,284901,202401,Nottingham Rugby,home,6,185449,Sam Green,flanker,starter
https://rugby-union-feeds.incrowdsports.com/v1/matches/284901,284901,202401,Nottingham Rugby,home,16,135113,TJ Harris,sub 1,replacement
https://rugby-union-feeds.incrowdsports.com/v1/matches/284901,284901,202401,Nottingham Rugby,home,13,143917,Jack Stapley,outside centre,starter
https://rugby-union-feeds.incrowdsports.com/v1/matches/284901,284901,202401,Nottingham Rugby,home,1,204782,Kai Owen,loosehead prop,starter
https://rugby-union-feeds.incrowdsports.com/v1/matches/284901,284901,202401,Nottingham Rugby,home,23,241166,Samuel Mercer,sub 8,replacement
https://rugby-union-feeds.incrowdsports.com/v1/matches/284901,284901,202401,Nottingham Rugby,home,14,102454,David Williams,right wing,starter
https://rugby-union-feeds.incrowdsports.com/v1/matches/284901,284901,202401,Nottingham Rugby,home,7,239223,Nathan Tweedy,flanker,starter
https://rugby-union-feeds.incrowdsports.com/v1/matches/284901,284901,202401,Nottingham Rugby,home,17,191448,Aniseko Sio,sub 2,replacement
https://rugby-union-feeds.incrowdsports.com/v1/matches/284901,284901,202401,Nottingham Rugby,home,20,245594,Kody Vereti,sub 5,replacement
https://rugby-union-feeds.incrowdsports.com/v1/matches/284901,284901,202401,Nottingham Rugby,home,15,153471,Ryan Olowofela,full back,starter
https://rugby-union-feeds.incrowdsports.com/v1/matches/284901,284901,202401,Nottingham Rugby,home,5,151872,Sebastian Ferreira,second row,starter
https://rugby-union-feeds.incrowdsports.com/v1/matches/284901,284901,202401,Nottingham Rugby,home,19,113439,Jay Ecclesfield,sub 4,replacement
https://rugby-union-feeds.incrowdsports.com/v1/matches/284901,284901,202401,Northampton Saints,away,17,177699,Tom West,sub 2,replacement
https://rugby-union-feeds.incrowdsports.com/v1/matches/284901,284901,202401,Northampton Saints,away,11,117441,Tom Seabrook,left wing,starter
https://rugby-union-feeds.incrowdsports.com/v1/matches/284901,284901,202401,Northampton Saints,away,23,239490,Will Glister,sub 8,replacement
https://rugby-union-feeds.incrowdsports.com/v1/matches/284901,284901,202401,Northampton Saints,away,22,244488,Billy Pasco,sub 7,replacement
https://rugby-union-feeds.incrowdsports.com/v1/matches/284901,284901,202401,Northampton Saints,away,10,239430,George Makepeace-Cubitt,fly half,starter
https://rugby-union-feeds.incrowdsports.com/v1/matches/284901,284901,202401,Northampton Saints,away,9,221996,Tom James,scrum half,starter
https://rugby-union-feeds.incrowdsports.com/v1/matches/284901,284901,202401,Northampton Saints,away,3,175403,Elliot Millar-Mills,tighthead prop,starter
https://rugby-union-feeds.incrowdsports.com/v1/matches/284901,284901,202401,Northampton Saints,away,2,239338,Craig Wright,hooker,starter
https://rugby-union-feeds.incrowdsports.com/v1/matches/284901,284901,202401,Northampton Saints,away,5,173801,Alex Coles,second row,starter
https://rugby-union-feeds.incrowdsports.com/v1/matches/284901,284901,202401,Northampton Saints,away,14,242889,Rafe Witheat,right wing,starter
https://rugby-union-feeds.incrowdsports.com/v1/matches/284901,284901,202401,Northampton Saints,away,20,108939,Fyn Brown,sub 5,replacement
https://rugby-union-feeds.incrowdsports.com/v1/matches/284901,284901,202401,Northampton Saints,away,1,187951,Emmanuel Iyogun,loosehead prop,starter
https://rugby-union-feeds.incrowdsports.com/v1/matches/284901,284901,202401,Northampton Saints,away,7,125486,Angus Scott-Young,flanker,starter
https://rugby-union-feeds.incrowdsports.com/v1/matches/284901,284901,202401,Northampton Saints,away,4,124493,Ed Prowse,second row,starter
https://rugby-union-feeds.incrowdsports.com/v1/matches/284901,284901,202401,Northampton Saints,away,12,229939,Charlie Savala,inside centre,starter
https://rugby-union-feeds.incrowdsports.com/v1/matches/284901,284901,202401,Northampton Saints,away,21,248787,Jonny Weimann,sub 6,replacement
https://rugby-union-feeds.incrowdsports.com/v1/matches/284901,284901,202401,Northampton Saints,away,6,225330,Archie Benson,flanker,starter
https://rugby-union-feeds.incrowdsports.com/v1/matches/284901,284901,202401,Northampton Saints,away,16,185586,Henry Walker,sub 1,replacement
https://rugby-union-feeds.incrowdsports.com/v1/matches/284901,284901,202401,Northampton Saints,away,8,104277,Iakopo Mapu,number eight,starter
https://rugby-union-feeds.incrowdsports.com/v1/matches/284901,284901,202401,Northampton Saints,away,18,238140,Beltus Nonleh,sub 3,replacement
https://rugby-union-feeds.incrowdsports.com/v1/matches/284901,284901,202401,Northampton Saints,away,19,219643,Tom Pearson,sub 4,replacement
https://rugby-union-feeds.incrowdsports.com/v1/matches/284901,284901,202401,Northampton Saints,away,13,111099,Tom Litchfield,outside centre,starter
https://rugby-union-feeds.incrowdsports.com/v1/matches/284901,284901,202401,Northampton Saints,away,15,238687,George Hendy,full back,starter
https://rugby-union-feeds.incrowdsports.com/v1/matches/284902,284902,202401,Ampthill,home,4,244740,Jake Parkinson,second row,starter
https://rugby-union-feeds.incrowdsports.com/v1/matches/284902,284902,202401,Ampthill,home,10,154660,Josh Barton,fly half,starter
https://rugby-union-feeds.incrowdsports.com/v1/matches/284902,284902,202401,Ampthill,home,9,186466,Rory Morgan,scrum half,starter
https://rugby-union-feeds.incrowdsports.com/v1/matches/284902,284902,202401,Ampthill,home,2,254049,Luke Thompson,hooker,starter
https://rugby-union-feeds.incrowdsports.com/v1/matches/284902,284902,202401,Ampthill,home,3,240481,Callum Norrie,tighthead prop,starter
https://rugby-union-feeds.incrowdsports.com/v1/matches/284902,284902,202401,Ampthill,home,13,251557,Byron Sharwood,outside centre,starter
https://rugby-union-feeds.incrowdsports.com/v1/matches/284902,284902,202401,Ampthill,home,18,151850,James Flynn,sub 3,replacement
https://rugby-union-feeds.incrowdsports.com/v1/matches/284902,284902,202401,Ampthill,home,20,239401,Barnaby Merrett,sub 5,replacement
https://rugby-union-feeds.incrowdsports.com/v1/matches/284902,284902,202401,Ampthill,home,12,190287,Fraser Strachan,inside centre,starter
https://rugby-union-feeds.incrowdsports.com/v1/matches/284902,284902,202401,Ampthill,home,11,118862,Oran McNulty,left wing,starter
https://rugby-union-feeds.incrowdsports.com/v1/matches/284902,284902,202401,Ampthill,home,8,203086,Tino Mapapalangi,number eight,starter
https://rugby-union-feeds.incrowdsports.com/v1/matches/284902,284902,202401,Ampthill,home,7,127666,Charles Rylands,flanker,starter
https://rugby-union-feeds.incrowdsports.com/v1/matches/284902,284902,202401,Ampthill,home,16,218776,Syd Blackmore,sub 1,replacement
https://rugby-union-feeds.incrowdsports.com/v1/matches/284902,284902,202401,Ampthill,home,17,157303,Richard Barrington,sub 2,replacement
https://rugby-union-feeds.incrowdsports.com/v1/matches/284902,284902,202401,Ampthill,home,21,242936,Charlie West,sub 6,replacement
https://rugby-union-feeds.incrowdsports.com/v1/matches/284902,284902,202401,Ampthill,home,1,169301,Harrison Courtney,loosehead prop,starter
https://rugby-union-feeds.incrowdsports.com/v1/matches/284902,284902,202401,Ampthill,home,22,239446,Joe Adams,sub 7,replacement
https://rugby-union-feeds.incrowdsports.com/v1/matches/284902,284902,202401,Ampthill,home,5,245493,Aidan King,second row,starter
https://rugby-union-feeds.incrowdsports.com/v1/matches/284902,284902,202401,Ampthill,home,23,195451,Gavin Williams,sub 8,replacement
https://rugby-union-feeds.incrowdsports.com/v1/matches/284902,284902,202401,Ampthill,home,15,147674,Evan Mitchell,full back,starter
https://rugby-union-feeds.incrowdsports.com/v1/matches/284902,284902,202401,Ampthill,home,14,239648,Tom Barton,right wing,starter
https://rugby-union-feeds.incrowdsports.com/v1/matches/284902,284902,202401,Ampthill,home,6,244288,Arthur Thomas,flanker,starter
https://rugby-union-feeds.incrowdsports.com/v1/matches/284902,284902,202401,Ampthill,home,19,241023,Lekima Ravuvu,sub 4,replacement
https://rugby-union-feeds.incrowdsports.com/v1/matches/284902,284902,202401,Bedford Blues,away,23,166209,Mike le Bourgeois,sub 8,replacement
https://rugby-union-feeds.incrowdsports.com/v1/matches/284902,284902,202401,Bedford Blues,away,1,173378,Joey Conway,loosehead prop,starter
https://rugby-union-feeds.incrowdsports.com/v1/matches/284902,284902,202401,Bedford Blues,away,9,201767,Alex Day,scrum half,starter
https://rugby-union-feeds.incrowdsports.com/v1/matches/284902,284902,202401,Bedford Blues,away,21,175400,James Lennon,sub 6,replacement
https://rugby-union-feeds.incrowdsports.com/v1/matches/284902,284902,202401,Bedford Blues,away,20,238277,Cameron King,sub 5,replacement
https://rugby-union-feeds.incrowdsports.com/v1/matches/284902,284902,202401,Bedford Blues,away,3,105769,Oisin Heffernan,tighthead prop,starter
https://rugby-union-feeds.incrowdsports.com/v1/matches/284902,284902,202401,Bedford Blues,away,15,238224,Louis James,full back,starter
https://rugby-union-feeds.incrowdsports.com/v1/matches/284902,284902,202401,Bedford Blues,away,10,127373,Will Maisey,fly half,starter
https://rugby-union-feeds.incrowdsports.com/v1/matches/284902,284902,202401,Bedford Blues,away,5,160173,Alex Woolford,second row,starter
https://rugby-union-feeds.incrowdsports.com/v1/matches/284902,284902,202401,Bedford Blues,away,16,208109,Nathan Langdon,sub 1,replacement
https://rugby-union-feeds.incrowdsports.com/v1/matches/284902,284902,202401,Bedford Blues,away,8,121234,Fred Tuilagi,number eight,starter
https://rugby-union-feeds.incrowdsports.com/v1/matches/284902,284902,202401,Bedford Blues,away,2,253651,Tommy Herman,hooker,starter
https://rugby-union-feeds.incrowdsports.com/v1/matches/284902,284902,202401,Bedford Blues,away,13,219634,Lucas Titherington,outside centre,starter
https://rugby-union-feeds.incrowdsports.com/v1/matches/284902,284902,202401,Bedford Blues,away,22,239346,Ewan Baker,sub 7,replacement
https://rugby-union-feeds.incrowdsports.com/v1/matches/284902,284902,202401,Bedford Blues,away,4,224241,Luke Frost,second row,starter
https://rugby-union-feeds.incrowdsports.com/v1/matches/284902,284902,202401,Bedford Blues,away,17,168690,Jamie Jack,sub 2,replacement
https://rugby-union-feeds.incrowdsports.com/v1/matches/284902,284902,202401,Bedford Blues,away,14,148152,Jake Garside,right wing,starter
https://rugby-union-feeds.incrowdsports.com/v1/matches/284902,284902,202401,Bedford Blues,away,6,197430,Joe Howard,flanker,starter
https://rugby-union-feeds.incrowdsports.com/v1/matches/284902,284902,202401,Bedford Blues,away,11,132502,Matt Worley,left wing,starter
https://rugby-union-feeds.incrowdsports.com/v1/matches/284902,284902,202401,Bedford Blues,away,12,209724,Joel Matavesi,inside centre,starter
https://rugby-union-feeds.incrowdsports.com/v1/matches/284902,284902,202401,Bedford Blues,away,18,118491,Austin Hay,sub 3,replacement
https://rugby-union-feeds.incrowdsports.com/v1/matches/284902,284902,202401,Bedford Blues,away,19,123483,Rory Ward,sub 4,replacement
https://rugby-union-feeds.incrowdsports.com/v1/matches/284902,284902,202401,Bedford Blues,away,7,221183,Jac Arthur,flanker,starter
https://rugby-union-feeds.incrowdsports.com/v1/matches/284904,284904,202401,Doncaster Knights,home,20,209474,Cory Teague,sub 5,replacement
https://rugby-union-feeds.incrowdsports.com/v1/matches/284904,284904,202401,Doncaster Knights,home,17,188482,Conor Davidson,sub 2,replacement
https://rugby-union-feeds.incrowdsports.com/v1/matches/284904,284904,202401,Doncaster Knights,home,9,154087,Alex Dolly,scrum half,starter
https://rugby-union-feeds.incrowdsports.com/v1/matches/284904,284904,202401,Doncaster Knights,home,13,142632,Zach Kerr,outside centre,starter
https://rugby-union-feeds.incrowdsports.com/v1/matches/284904,284904,202401,Doncaster Knights,home,10,223398,Morgan Bunting,fly half,starter
https://rugby-union-feeds.incrowdsports.com/v1/matches/284904,284904,202401,Doncaster Knights,home,16,249221,Ben Chapman,sub 1,replacement
https://rugby-union-feeds.incrowdsports.com/v1/matches/284904,284904,202401,Doncaster Knights,home,22,130599,Ollie Fox,sub 7,replacement
https://rugby-union-feeds.incrowdsports.com/v1/matches/284904,284904,202401,Doncaster Knights,home,18,120586,Lewis Thiede,sub 3,replacement
https://rugby-union-feeds.incrowdsports.com/v1/matches/284904,284904,202401,Doncaster Knights,home,2,229931,George Roberts,hooker,starter
https://rugby-union-feeds.incrowdsports.com/v1/matches/284904,284904,202401,Doncaster Knights,home,6,134281,Morgan Strong,flanker,starter
https://rugby-union-feeds.incrowdsports.com/v1/matches/284904,284904,202401,Doncaster Knights,home,7,170250,Archie Smeaton,flanker,starter
https://rugby-union-feeds.incrowdsports.com/v1/matches/284904,284904,202401,Doncaster Knights,home,23,251855,Sam Wadsworth,sub 8,replacement
https://rugby-union-feeds.incrowdsports.com/v1/matches/284904,284904,202401,Doncaster Knights,home,3,128592,Joe Jones,tighthead prop,starter
https://rugby-union-feeds.incrowdsports.com/v1/matches/284904,284904,202401,Doncaster Knights,home,4,179725,Ben Murphy,second row,starter
https://rugby-union-feeds.incrowdsports.com/v1/matches/284904,284904,202401,Doncaster Knights,home,5,168045,Adam Hopkinson,second row,starter
https://rugby-union-feeds.incrowdsports.com/v1/matches/284904,284904,202401,Doncaster Knights,home,19,238964,Ethan Hulme,sub 4,replacement
https://rugby-union-feeds.incrowdsports.com/v1/matches/284904,284904,202401,Doncaster Knights,home,14,181588,Semesa Rokoduguni,right wing,starter
https://rugby-union-feeds.incrowdsports.com/v1/matches/284904,284904,202401,Doncaster Knights,home,21,153908,Freddie Davies,sub 6,replacement
https://rugby-union-feeds.incrowdsports.com/v1/matches/284904,284904,202401,Doncaster Knights,home,15,147959,Maliq Holden,full back,starter
https://rugby-union-feeds.incrowdsports.com/v1/matches/284904,284904,202401,Doncaster Knights,home,11,255480,Aidan Cross,left wing,starter
https://rugby-union-feeds.incrowdsports.com/v1/matches/284904,284904,202401,Doncaster Knights,home,12,198933,Connor Edwards,inside centre,starter
https://rugby-union-feeds.incrowdsports.com/v1/matches/284904,284904,202401,Doncaster Knights,home,1,110397,Logovi'i Mulipola,loosehead prop,starter
https://rugby-union-feeds.incrowdsports.com/v1/matches/284904,284904,202401,Doncaster Knights,home,8,122848,Taniela Ramasibana,number eight,starter
https://rugby-union-feeds.incrowdsports.com/v1/matches/284904,284904,202401,Caldy,away,14,241316,Will Robinson,right wing,starter
https://rugby-union-feeds.incrowdsports.com/v1/matches/284904,284904,202401,Caldy,away,16,239523,Jack Ellam,sub 1,replacement
https://rugby-union-feeds.incrowdsports.com/v1/matches/284904,284904,202401,Caldy,away,10,249218,Sam Rogers,fly half,starter
https://rugby-union-feeds.incrowdsports.com/v1/matches/284904,284904,202401,Caldy,away,8,100102,Callum Ridgway,number eight,starter
https://rugby-union-feeds.incrowdsports.com/v1/matches/284904,284904,202401,Caldy,away,22,253799,Charlie Attis,sub 7,replacement
https://rugby-union-feeds.incrowdsports.com/v1/matches/284904,284904,202401,Caldy,away,15,249318,Matthew Kilcourse,full back,starter
https://rugby-union-feeds.incrowdsports.com/v1/matches/284904,284904,202401,Caldy,away,9,174438,Jacob Tansey,scrum half,starter
https://rugby-union-feeds.incrowdsports.com/v1/matches/284904,284904,202401,Caldy,away,6,240901,Sam Olyott,flanker,starter
https://rugby-union-feeds.incrowdsports.com/v1/matches/284904,284904,202401,Caldy,away,20,201317,Oliver Hearn,sub 5,replacement
https://rugby-union-feeds.incrowdsports.com/v1/matches/284904,284904,202401,Caldy,away,23,255685,Dylan Carroll,sub 8,replacement
https://rugby-union-feeds.incrowdsports.com/v1/matches/284904,284904,202401,Caldy,away,12,116266,Mike Barlow,inside centre,starter
https://rugby-union-feeds.incrowdsports.com/v1/matches/284904,284904,202401,Caldy,away,7,103530,Tristan Woodman,flanker,starter
https://rugby-union-feeds.incrowdsports.com/v1/matches/284904,284904,202401,Caldy,away,18,161165,Ryan Higginson,sub 3,replacement
https://rugby-union-feeds.incrowdsports.com/v1/matches/284904,284904,202401,Caldy,away,5,217261,Tom Sanders,second row,starter
https://rugby-union-feeds.incrowdsports.com/v1/matches/284904,284904,202401,Caldy,away,11,255636,Lucas Wiggins,left wing,starter
https://rugby-union-feeds.incrowdsports.com/v1/matches/284904,284904,202401,Caldy,away,19,253652,Freddie Stevenson,sub 4,replacement
https://rugby-union-feeds.incrowdsports.com/v1/matches/284904,284904,202401,Caldy,away,13,205906,Connor Wilkinson,outside centre,starter
https://rugby-union-feeds.incrowdsports.com/v1/matches/284904,284904,202401,Caldy,away,17,151288,Nathan Rushton,sub 2,replacement
https://rugby-union-feeds.incrowdsports.com/v1/matches/284904,284904,202401,Caldy,away,1,143291,Monty Weatherby,loosehead prop,starter
https://rugby-union-feeds.incrowdsports.com/v1/matches/284904,284904,202401,Caldy,away,2,174137,Matt Gallagher,hooker,starter
https://rugby-union-feeds.incrowdsports.com/v1/matches/284904,284904,202401,Caldy,away,3,202650,Joe Sproston,tighthead prop,starter
https://rugby-union-feeds.incrowdsports.com/v1/matches/284904,284904,202401,Caldy,away,4,141178,Alex Groves,second row,starter
https://rugby-union-feeds.incrowdsports.com/v1/matches/284904,284904,202401,Caldy,away,21,223645,Ollie Wynn,sub 6,replacement
https://rugby-union-feeds.incrowdsports.com/v1/matches/284903,284903,202401,Cornish Pirates,home,2,242881,Sol Moody,hooker,starter
https://rugby-union-feeds.incrowdsports.com/v1/matches/284903,284903,202401,Cornish Pirates,home,12,220776,Charlie McCaig,inside centre,starter
https://rugby-union-feeds.incrowdsports.com/v1/matches/284903,284903,202401,Cornish Pirates,home,8,243494,Christopher Mills,number eight,starter
https://rugby-union-feeds.incrowdsports.com/v1/matches/284903,284903,202401,Cornish Pirates,home,5,249157,Josh King,second row,starter
https://rugby-union-feeds.incrowdsports.com/v1/matches/284903,284903,202401,Cornish Pirates,home,23,240043,Louis Sinclair,sub 8,replacement
https://rugby-union-feeds.incrowdsports.com/v1/matches/284903,284903,202401,Cornish Pirates,home,15,253776,Iwan Price-Thomas,full back,starter
https://rugby-union-feeds.incrowdsports.com/v1/matches/284903,284903,202401,Cornish Pirates,home,21,244047,Will Rigelsford,sub 6,replacement
https://rugby-union-feeds.incrowdsports.com/v1/matches/284903,284903,202401,Cornish Pirates,home,9,250065,Cameron D. Jones,scrum half,starter
https://rugby-union-feeds.incrowdsports.com/v1/matches/284903,284903,202401,Cornish Pirates,home,17,190706,Billy Young,sub 2,replacement
https://rugby-union-feeds.incrowdsports.com/v1/matches/284903,284903,202401,Cornish Pirates,home,20,124917,Alex Everett,sub 5,replacement
https://rugby-union-feeds.incrowdsports.com/v1/matches/284903,284903,202401,Cornish Pirates,home,13,198486,Matthew McNab,outside centre,starter
https://rugby-union-feeds.incrowdsports.com/v1/matches/284903,284903,202401,Cornish Pirates,home,10,187925,Bruce Houston,fly half,starter
https://rugby-union-feeds.incrowdsports.com/v1/matches/284903,284903,202401,Cornish Pirates,home,1,240469,Oisin Michel,loosehead prop,starter
https://rugby-union-feeds.incrowdsports.com/v1/matches/284903,284903,202401,Cornish Pirates,home,4,208789,Alfie Bell,second row,starter
https://rugby-union-feeds.incrowdsports.com/v1/matches/284903,284903,202401,Cornish Pirates,home,19,179062,Milo Hallam,sub 4,replacement
https://rugby-union-feeds.incrowdsports.com/v1/matches/284903,284903,202401,Cornish Pirates,home,22,133494,Daniel Hiscocks,sub 7,replacement
https://rugby-union-feeds.incrowdsports.com/v1/matches/284903,284903,202401,Cornish Pirates,home,7,239388,Barnaby Elderkin,flanker,starter
https://rugby-union-feeds.incrowdsports.com/v1/matches/284903,284903,202401,Cornish Pirates,home,14,112475,Arthur Relton,right wing,starter
https://rugby-union-feeds.incrowdsports.com/v1/matches/284903,284903,202401,Cornish Pirates,home,11,237977,William Trewin,left wing,starter
https://rugby-union-feeds.incrowdsports.com/v1/matches/284903,284903,202401,Cornish Pirates,home,16,245497,Sam Cantwell,sub 1,replacement
https://rugby-union-feeds.incrowdsports.com/v1/matches/284903,284903,202401,Cornish Pirates,home,3,134528,James French,tighthead prop,starter
https://rugby-union-feeds.incrowdsports.com/v1/matches/284903,284903,202401,Cornish Pirates,home,18,158272,Ollie Andrews,sub 3,replacement
https://rugby-union-feeds.incrowdsports.com/v1/matches/284903,284903,202401,Cornish Pirates,home,6,179677,Matt Cannon,flanker,starter
https://rugby-union-feeds.incrowdsports.com/v1/matches/284903,284903,202401,Hartpury,away,20,220226,Harry Short,sub 5,replacement
https://rugby-union-feeds.incrowdsports.com/v1/matches/284903,284903,202401,Hartpury,away,9,239457,Stan Folks-Underhill,scrum half,starter
https://rugby-union-feeds.incrowdsports.com/v1/matches/284903,284903,202401,Hartpury,away,10,188104,Nathan Chamberlain,fly half,starter
https://rugby-union-feeds.incrowdsports.com/v1/matches/284903,284903,202401,Hartpury,away,4,249222,Cameron Cobbett,second row,starter
https://rugby-union-feeds.incrowdsports.com/v1/matches/284903,284903,202401,Hartpury,away,3,141036,Alex Gibson,tighthead prop,starter
https://rugby-union-feeds.incrowdsports.com/v1/matches/284903,284903,202401,Hartpury,away,1,141485,James Gibbons,loosehead prop,starter
https://rugby-union-feeds.incrowdsports.com/v1/matches/284903,284903,202401,Hartpury,away,16,239444,Casey Williams,sub 1,replacement
https://rugby-union-feeds.incrowdsports.com/v1/matches/284903,284903,202401,Hartpury,away,8,217747,Josh Gray,number eight,starter
https://rugby-union-feeds.incrowdsports.com/v1/matches/284903,284903,202401,Hartpury,away,23,239987,Joe Randall,sub 8,replacement
https://rugby-union-feeds.incrowdsports.com/v1/matches/284903,284903,202401,Hartpury,away,22,186289,JJ Williams,sub 7,replacement
https://rugby-union-feeds.incrowdsports.com/v1/matches/284903,284903,202401,Hartpury,away,17,158007,Harry Edwards,sub 2,replacement
https://rugby-union-feeds.incrowdsports.com/v1/matches/284903,284903,202401,Hartpury,away,13,199447,Robbie Smith,outside centre,starter
https://rugby-union-feeds.incrowdsports.com/v1/matches/284903,284903,202401,Hartpury,away,5,211063,Dale Lemon,second row,starter
https://rugby-union-feeds.incrowdsports.com/v1/matches/284903,284903,202401,Hartpury,away,6,240535,Peter Paramore,flanker,starter
https://rugby-union-feeds.incrowdsports.com/v1/matches/284903,284903,202401,Hartpury,away,14,243605,Bradley Denty,right wing,starter
https://rugby-union-feeds.incrowdsports.com/v1/matches/284903,284903,202401,Hartpury,away,12,116695,Cameron Scott,inside centre,starter
https://rugby-union-feeds.incrowdsports.com/v1/matches/284903,284903,202401,Hartpury,away,7,143478,Sam Lewis,flanker,starter
https://rugby-union-feeds.incrowdsports.com/v1/matches/284903,284903,202401,Hartpury,away,19,176187,Jack Davies,sub 4,replacement
https://rugby-union-feeds.incrowdsports.com/v1/matches/284903,284903,202401,Hartpury,away,11,210235,Ollie Holliday,left wing,starter
https://rugby-union-feeds.incrowdsports.com/v1/matches/284903,284903,202401,Hartpury,away,2,189850,Ethan Hunt,hooker,starter
https://rugby-union-feeds.incrowdsports.com/v1/matches/284903,284903,202401,Hartpury,away,15,177309,Alex Forrester,full back,starter
https://rugby-union-feeds.incrowdsports.com/v1/matches/284903,284903,202401,Hartpury,away,18,243038,Owen Popple,sub 3,replacement
https://rugby-union-feeds.incrowdsports.com/v1/matches/284903,284903,202401,Hartpury,away,21,243229,Cameron Murray,sub 6,replacement
https://rugby-union-feeds.incrowdsports.com/v1/matches/284909,284909,202401,London Scottish,home,5,177538,Alex Wardell,second row,starter
https://rugby-union-feeds.incrowdsports.com/v1/matches/284909,284909,202401,London Scottish,home,8,239649,Zach Carr,number eight,starter
https://rugby-union-feeds.incrowdsports.com/v1/matches/284909,284909,202401,London Scottish,home,21,206823,Steve Kerins,sub 6,replacement
https://rugby-union-feeds.incrowdsports.com/v1/matches/284909,284909,202401,London Scottish,home,22,126696,Tom Wilstead,sub 7,replacement
https://rugby-union-feeds.incrowdsports.com/v1/matches/284909,284909,202401,London Scottish,home,18,239589,Caleb Ashworth,sub 3,replacement
https://rugby-union-feeds.incrowdsports.com/v1/matches/284909,284909,202401,London Scottish,home,11,169483,Roma Zheng,left wing,starter
https://rugby-union-feeds.incrowdsports.com/v1/matches/284909,284909,202401,London Scottish,home,3,145267,Ash Challenger,tighthead prop,starter
https://rugby-union-feeds.incrowdsports.com/v1/matches/284909,284909,202401,London Scottish,home,6,111828,Ioan Rhys Davies,flanker,starter
https://rugby-union-feeds.incrowdsports.com/v1/matches/284909,284909,202401,London Scottish,home,14,141074,Noah Ferdinand,right wing,starter
https://rugby-union-feeds.incrowdsports.com/v1/matches/284909,284909,202401,London Scottish,home,13,165170,Hayden Hyde,outside centre,starter
https://rugby-union-feeds.incrowdsports.com/v1/matches/284909,284909,202401,London Scottish,home,9,169426,Jonny Law,scrum half,starter
https://rugby-union-feeds.incrowdsports.com/v1/matches/284909,284909,202401,London Scottish,home,19,255479,Tom Johnson,sub 4,replacement
https://rugby-union-feeds.incrowdsports.com/v1/matches/284909,284909,202401,London Scottish,home,20,214871,Lewis Barrett,sub 5,replacement
https://rugby-union-feeds.incrowdsports.com/v1/matches/284909,284909,202401,London Scottish,home,10,243669,Alec Lloyd-Seed,fly half,starter
https://rugby-union-feeds.incrowdsports.com/v1/matches/284909,284909,202401,London Scottish,home,7,122140,Jack Ingall,flanker,starter
https://rugby-union-feeds.incrowdsports.com/v1/matches/284909,284909,202401,London Scottish,home,1,245465,Will Prior,loosehead prop,starter
https://rugby-union-feeds.incrowdsports.com/v1/matches/284909,284909,202401,London Scottish,home,4,120187,Jonny Green,second row,starter
https://rugby-union-feeds.incrowdsports.com/v1/matches/284909,284909,202401,London Scottish,home,23,114587,Bryn Bradley,sub 8,replacement
https://rugby-union-feeds.incrowdsports.com/v1/matches/284909,284909,202401,London Scottish,home,15,162109,Jonah Holmes,full back,starter
https://rugby-union-feeds.incrowdsports.com/v1/matches/284909,284909,202401,London Scottish,home,12,142589,Robbie McCallum,inside centre,starter
https://rugby-union-feeds.incrowdsports.com/v1/matches/284909,284909,202401,London Scottish,home,2,211454,Calum Scott,hooker,starter
https://rugby-union-feeds.incrowdsports.com/v1/matches/284909,284909,202401,London Scottish,home,16,205918,George Head,sub 1,replacement
https://rugby-union-feeds.incrowdsports.com/v1/matches/284909,284909,202401,London Scottish,home,17,237854,Ntinga Mpiko,sub 2,replacement
https://rugby-union-feeds.incrowdsports.com/v1/matches/284909,284909,202401,Ealing Trailfinders,away,19,123492,Danny Cutmore,sub 4,replacement
https://rugby-union-feeds.incrowdsports.com/v1/matches/284909,284909,202401,Ealing Trailfinders,away,21,158983,Michael Stronge,sub 6,replacement
https://rugby-union-feeds.incrowdsports.com/v1/matches/284909,284909,202401,Ealing Trailfinders,away,23,242694,Dan O'Brien,sub 8,replacement
https://rugby-union-feeds.incrowdsports.com/v1/matches/284909,284909,202401,Ealing Trailfinders,away,2,166278,Mike Willemse,hooker,starter
https://rugby-union-feeds.incrowdsports.com/v1/matches/284909,284909,202401,Ealing Trailfinders,away,12,139755,Francis Moore,inside centre,starter
https://rugby-union-feeds.incrowdsports.com/v1/matches/284909,284909,202401,Ealing Trailfinders,away,18,237164,Kabous Bezuidenhout,sub 3,replacement
https://rugby-union-feeds.incrowdsports.com/v1/matches/284909,284909,202401,Ealing Trailfinders,away,20,215308,David Bridge,sub 5,replacement
https://rugby-union-feeds.incrowdsports.com/v1/matches/284909,284909,202401,Ealing Trailfinders,away,16,121131,Scott Buckley,sub 1,replacement
https://rugby-union-feeds.incrowdsports.com/v1/matches/284909,284909,202401,Ealing Trailfinders,away,17,196399,Elliot Chilvers,sub 2,replacement
https://rugby-union-feeds.incrowdsports.com/v1/matches/284909,284909,202401,Ealing Trailfinders,away,11,133454,Tom Collins,left wing,starter
https://rugby-union-feeds.incrowdsports.com/v1/matches/284909,284909,202401,Ealing Trailfinders,away,7,130961,Jordy Reid,flanker,starter
https://rugby-union-feeds.incrowdsports.com/v1/matches/284909,284909,202401,Ealing Trailfinders,away,4,203154,Bobby de Wee,second row,starter
https://rugby-union-feeds.incrowdsports.com/v1/matches/284909,284909,202401,Ealing Trailfinders,away,3,135223,George Davis,tighthead prop,starter
https://rugby-union-feeds.incrowdsports.com/v1/matches/284909,284909,202401,Ealing Trailfinders,away,14,205461,Angus Kernohan,right wing,starter
https://rugby-union-feeds.incrowdsports.com/v1/matches/284909,284909,202401,Ealing Trailfinders,away,6,122969,Rob Farrar,flanker,starter
https://rugby-union-feeds.incrowdsports.com/v1/matches/284909,284909,202401,Ealing Trailfinders,away,10,172121,Dan Jones,fly half,starter
https://rugby-union-feeds.incrowdsports.com/v1/matches/284909,284909,202401,Ealing Trailfinders,away,8,209050,Will Montgomery,number eight,starter
https://rugby-union-feeds.incrowdsports.com/v1/matches/284909,284909,202401,Ealing Trailfinders,away,13,133626,Reuben Bird-Tulloch,outside centre,starter
https://rugby-union-feeds.incrowdsports.com/v1/matches/284909,284909,202401,Ealing Trailfinders,away,22,158938,Craig Willis,sub 7,replacement
https://rugby-union-feeds.incrowdsports.com/v1/matches/284909,284909,202401,Ealing Trailfinders,away,15,141567,Tobi Wilson,full back,starter
https://rugby-union-feeds.incrowdsports.com/v1/matches/284909,284909,202401,Ealing Trailfinders,away,9,162333,Craig Hampson,scrum half,starter
https://rugby-union-feeds.incrowdsports.com/v1/matches/284909,284909,202401,Ealing Trailfinders,away,5,117376,Sean Lonsdale,second row,starter
https://rugby-union-feeds.incrowdsports.com/v1/matches/284909,284909,202401,Ealing Trailfinders,away,1,184766,James Kenny,loosehead prop,starter
https://rugby-union-feeds.incrowdsports.com/v1/matches/284906,284906,202401,Coventry,home,20,185795,Daniel Okeke,sub 5,replacement
https://rugby-union-feeds.incrowdsports.com/v1/matches/284906,284906,202401,Coventry,home,21,207428,Josh Barton,sub 6,replacement
https://rugby-union-feeds.incrowdsports.com/v1/matches/284906,284906,202401,Coventry,home,15,153924,Ryan Hutler,full back,starter
https://rugby-union-feeds.incrowdsports.com/v1/matches/284906,284906,202401,Coventry,home,12,249217,Dafydd-Rhys Tiueti,inside centre,starter
https://rugby-union-feeds.incrowdsports.com/v1/matches/284906,284906,202401,Coventry,home,13,139751,Tom Hitchcock,outside centre,starter
https://rugby-union-feeds.incrowdsports.com/v1/matches/284906,284906,202401,Coventry,home,9,114440,Sam Maunder,scrum half,starter
https://rugby-union-feeds.incrowdsports.com/v1/matches/284906,284906,202401,Coventry,home,18,122088,Eliot Salt,sub 3,replacement
https://rugby-union-feeds.incrowdsports.com/v1/matches/284906,284906,202401,Coventry,home,23,202213,Oli Morris,sub 8,replacement
https://rugby-union-feeds.incrowdsports.com/v1/matches/284906,284906,202401,Coventry,home,5,125902,Rhys Anstey,second row,starter
https://rugby-union-feeds.incrowdsports.com/v1/matches/284906,284906,202401,Coventry,home,2,170483,Jordon Poole,hooker,starter
https://rugby-union-feeds.incrowdsports.com/v1/matches/284906,284906,202401,Coventry,home,4,137043,Senitiki Nayalo,second row,starter
https://rugby-union-feeds.incrowdsports.com/v1/matches/284906,284906,202401,Coventry,home,19,245656,Theodore Mannion,sub 4,replacement
https://rugby-union-feeds.incrowdsports.com/v1/matches/284906,284906,202401,Coventry,home,8,239286,Chester Owen,number eight,starter
https://rugby-union-feeds.incrowdsports.com/v1/matches/284906,284906,202401,Coventry,home,11,193878,James Martin,left wing,starter
https://rugby-union-feeds.incrowdsports.com/v1/matches/284906,284906,202401,Coventry,home,10,191542,Tommy Mathews,fly half,starter
https://rugby-union-feeds.incrowdsports.com/v1/matches/284906,284906,202401,Coventry,home,3,241813,Vilikesa Nairau,tighthead prop,starter
https://rugby-union-feeds.incrowdsports.com/v1/matches/284906,284906,202401,Coventry,home,7,146806,Aaron Hinkley,flanker,starter
https://rugby-union-feeds.incrowdsports.com/v1/matches/284906,284906,202401,Coventry,home,22,240220,Charlie Robson,sub 7,replacement
https://rugby-union-feeds.incrowdsports.com/v1/matches/284906,284906,202401,Coventry,home,14,249434,David Opoku,right wing,starter
https://rugby-union-feeds.incrowdsports.com/v1/matches/284906,284906,202401,Coventry,home,17,176281,Jevaughn Warren,sub 2,replacement
https://rugby-union-feeds.incrowdsports.com/v1/matches/284906,284906,202401,Coventry,home,16,209120,Will Biggs,sub 1,replacement
https://rugby-union-feeds.incrowdsports.com/v1/matches/284906,284906,202401,Coventry,home,1,112448,Toby Trinder,loosehead prop,starter
https://rugby-union-feeds.incrowdsports.com/v1/matches/284906,284906,202401,Coventry,home,6,187229,Tom Ball,flanker,starter
https://rugby-union-feeds.incrowdsports.com/v1/matches/284906,284906,202401,Leicester Tigers,away,23,239620,Malelili Satala,sub 8,replacement
https://rugby-union-feeds.incrowdsports.com/v1/matches/284906,284906,202401,Leicester Tigers,away,11,202081,Josh Bassett,left wing,starter
https://rugby-union-feeds.incrowdsports.com/v1/matches/284906,284906,202401,Leicester Tigers,away,20,239272,Josh Manz,sub 5,replacement
https://rugby-union-feeds.incrowdsports.com/v1/matches/284906,284906,202401,Leicester Tigers,away,6,239271,Finn Carnduff,flanker,starter
https://rugby-union-feeds.incrowdsports.com/v1/matches/284906,284906,202401,Leicester Tigers,away,2,101384,Finn Theobald-Thomas,hooker,starter
https://rugby-union-feeds.incrowdsports.com/v1/matches/284906,284906,202401,Leicester Tigers,away,5,185387,Come Joussain,second row,starter
https://rugby-union-feeds.incrowdsports.com/v1/matches/284906,284906,202401,Leicester Tigers,away,21,242956,Charlie Bemand,sub 6,replacement
https://rugby-union-feeds.incrowdsports.com/v1/matches/284906,284906,202401,Leicester Tigers,away,17,188202,James Whitcombe,sub 2,replacement
https://rugby-union-feeds.incrowdsports.com/v1/matches/284906,284906,202401,Leicester Tigers,away,16,216656,Charlie Clare,sub 1,replacement
https://rugby-union-feeds.incrowdsports.com/v1/matches/284906,284906,202401,Leicester Tigers,away,15,190829,Jamie Shillcock,full back,starter
https://rugby-union-feeds.incrowdsports.com/v1/matches/284906,284906,202401,Leicester Tigers,away,9,170190,Tom Whiteley,scrum half,starter
https://rugby-union-feeds.incrowdsports.com/v1/matches/284906,284906,202401,Leicester Tigers,away,14,237969,Will Wand,right wing,starter
https://rugby-union-feeds.incrowdsports.com/v1/matches/284906,284906,202401,Leicester Tigers,away,4,177015,Harry Wells,second row,starter
https://rugby-union-feeds.incrowdsports.com/v1/matches/284906,284906,202401,Leicester Tigers,away,22,244917,George Pearson,sub 7,replacement
https://rugby-union-feeds.incrowdsports.com/v1/matches/284906,284906,202401,Leicester Tigers,away,18,242875,Tubuna Maka,sub 3,replacement
https://rugby-union-feeds.incrowdsports.com/v1/matches/284906,284906,202401,Leicester Tigers,away,12,179481,Solomone Kata,inside centre,starter
https://rugby-union-feeds.incrowdsports.com/v1/matches/284906,284906,202401,Leicester Tigers,away,3,253626,Ale Loman,tighthead prop,starter
https://rugby-union-feeds.incrowdsports.com/v1/matches/284906,284906,202401,Leicester Tigers,away,19,132697,Tom Manz,sub 4,replacement
https://rugby-union-feeds.incrowdsports.com/v1/matches/284906,284906,202401,Leicester Tigers,away,7,129595,Emeka Ilione,flanker,starter
https://rugby-union-feeds.incrowdsports.com/v1/matches/284906,284906,202401,Leicester Tigers,away,13,214400,Dan Kelly,outside centre,starter
https://rugby-union-feeds.incrowdsports.com/v1/matches/284906,284906,202401,Leicester Tigers,away,10,172960,Ben Volavola,fly half,starter
https://rugby-union-feeds.incrowdsports.com/v1/matches/284906,284906,202401,Leicester Tigers,away,1,140000,James Cronin,loosehead prop,starter
https://rugby-union-feeds.incrowdsports.com/v1/matches/284906,284906,202401,Leicester Tigers,away,8,202591,Kyle Hatherell,number eight,starter
https://rugby-union-feeds.incrowdsports.com/v1/matches/284905,284905,202401,Bristol Bears,home,7,112066,Fitz Harding,flanker,starter
https://rugby-union-feeds.incrowdsports.com/v1/matches/284905,284905,202401,Bristol Bears,home,17,221988,Sam Grahamslaw,sub 2,replacement
https://rugby-union-feeds.incrowdsports.com/v1/matches/284905,284905,202401,Bristol Bears,home,12,217606,Benhard Janse van Rensburg,inside centre,starter
https://rugby-union-feeds.incrowdsports.com/v1/matches/284905,284905,202401,Bristol Bears,home,5,237996,Joseph Owen,second row,starter
https://rugby-union-feeds.incrowdsports.com/v1/matches/284905,284905,202401,Bristol Bears,home,14,237803,Kalaveti Ravouvou,right wing,starter
https://rugby-union-feeds.incrowdsports.com/v1/matches/284905,284905,202401,Bristol Bears,home,3,163209,George Kloska,tighthead prop,starter
https://rugby-union-feeds.incrowdsports.com/v1/matches/284905,284905,202401,Bristol Bears,home,16,178506,Will Capon,sub 1,replacement
https://rugby-union-feeds.incrowdsports.com/v1/matches/284905,284905,202401,Bristol Bears,home,8,145677,Viliame Mata,number eight,starter
https://rugby-union-feeds.incrowdsports.com/v1/matches/284905,284905,202401,Bristol Bears,home,1,121135,Andrew Turner,loosehead prop,starter
https://rugby-union-feeds.incrowdsports.com/v1/matches/284905,284905,202401,Bristol Bears,home,10,188115,Harry Byrne,fly half,starter
https://rugby-union-feeds.incrowdsports.com/v1/matches/284905,284905,202401,Bristol Bears,home,20,126962,Jake Heenan,sub 5,replacement
https://rugby-union-feeds.incrowdsports.com/v1/matches/284905,284905,202401,Bristol Bears,home,21,185971,Sam Wolstenholme,sub 6,replacement
https://rugby-union-feeds.incrowdsports.com/v1/matches/284905,284905,202401,Bristol Bears,home,23,172659,Harry Rowson,sub 8,replacement
https://rugby-union-feeds.incrowdsports.com/v1/matches/284905,284905,202401,Bristol Bears,home,6,142481,Steven Luatua,flanker,starter
https://rugby-union-feeds.incrowdsports.com/v1/matches/284905,284905,202401,Bristol Bears,home,11,168050,Siva Naulago,left wing,starter
https://rugby-union-feeds.incrowdsports.com/v1/matches/284905,284905,202401,Bristol Bears,home,15,216599,Richard Lane,full back,starter
https://rugby-union-feeds.incrowdsports.com/v1/matches/284905,284905,202401,Bristol Bears,home,19,239317,Paddy Pearce,sub 4,replacement
https://rugby-union-feeds.incrowdsports.com/v1/matches/284905,284905,202401,Bristol Bears,home,9,210010,Kieran Marmion,scrum half,starter
https://rugby-union-feeds.incrowdsports.com/v1/matches/284905,284905,202401,Bristol Bears,home,18,130811,Max Lahiff,sub 3,replacement
https://rugby-union-feeds.incrowdsports.com/v1/matches/284905,284905,202401,Bristol Bears,home,13,241920,Benjamin Elizalde,outside centre,starter
https://rugby-union-feeds.incrowdsports.com/v1/matches/284905,284905,202401,Bristol Bears,home,2,127101,Gabriel Oghre,hooker,starter
https://rugby-union-feeds.incrowdsports.com/v1/matches/284905,284905,202401,Bristol Bears,home,4,194848,Josh Caulfield,second row,starter
https://rugby-union-feeds.incrowdsports.com/v1/matches/284905,284905,202401,Bristol Bears,home,22,240061,Sam Worsley,sub 7,replacement
https://rugby-union-feeds.incrowdsports.com/v1/matches/284905,284905,202401,Bath Rugby,away,22,175011,Max Ojomoh,sub 7,replacement
https://rugby-union-feeds.incrowdsports.com/v1/matches/284905,284905,202401,Bath Rugby,away,7,123233,Ethan Staddon,flanker,starter
https://rugby-union-feeds.incrowdsports.com/v1/matches/284905,284905,202401,Bath Rugby,away,15,101123,Ciaran Donoghue,full back,starter
https://rugby-union-feeds.incrowdsports.com/v1/matches/284905,284905,202401,Bath Rugby,away,9,156834,Tom Carr-Smith,scrum half,starter
https://rugby-union-feeds.incrowdsports.com/v1/matches/284905,284905,202401,Bath Rugby,away,6,239297,Arthur Green,flanker,starter
https://rugby-union-feeds.incrowdsports.com/v1/matches/284905,284905,202401,Bath Rugby,away,20,195208,Miles Reid,sub 5,replacement
https://rugby-union-feeds.incrowdsports.com/v1/matches/284905,284905,202401,Bath Rugby,away,14,179563,Joe Cokanasiga,right wing,starter
https://rugby-union-feeds.incrowdsports.com/v1/matches/284905,284905,202401,Bath Rugby,away,12,154219,Cameron Redpath,inside centre,starter
https://rugby-union-feeds.incrowdsports.com/v1/matches/284905,284905,202401,Bath Rugby,away,2,210731,John Stewart,hooker,starter
https://rugby-union-feeds.incrowdsports.com/v1/matches/284905,284905,202401,Bath Rugby,away,8,145484,Alfie Barbeary,number eight,starter
https://rugby-union-feeds.incrowdsports.com/v1/matches/284905,284905,202401,Bath Rugby,away,16,143754,Niall Annett,sub 1,replacement
https://rugby-union-feeds.incrowdsports.com/v1/matches/284905,284905,202401,Bath Rugby,away,21,241747,Neil le Roux,sub 6,replacement
https://rugby-union-feeds.incrowdsports.com/v1/matches/284905,284905,202401,Bath Rugby,away,17,116821,Francois van Wyk,sub 2,replacement
https://rugby-union-feeds.incrowdsports.com/v1/matches/284905,284905,202401,Bath Rugby,away,19,105205,Ross Molony,sub 4,replacement
https://rugby-union-feeds.incrowdsports.com/v1/matches/284905,284905,202401,Bath Rugby,away,5,217750,Ewan Richards,second row,starter
https://rugby-union-feeds.incrowdsports.com/v1/matches/284905,284905,202401,Bath Rugby,away,11,112538,Ruaridh McConnochie,left wing,starter
https://rugby-union-feeds.incrowdsports.com/v1/matches/284905,284905,202401,Bath Rugby,away,3,239292,Billy Sela,tighthead prop,starter
https://rugby-union-feeds.incrowdsports.com/v1/matches/284905,284905,202401,Bath Rugby,away,18,206236,Archie Stanley,sub 3,replacement
https://rugby-union-feeds.incrowdsports.com/v1/matches/284905,284905,202401,Bath Rugby,away,10,220475,Orlando Bailey,fly half,starter
https://rugby-union-feeds.incrowdsports.com/v1/matches/284905,284905,202401,Bath Rugby,away,1,219609,Arthur Cordwell,loosehead prop,starter
https://rugby-union-feeds.incrowdsports.com/v1/matches/284905,284905,202401,Bath Rugby,away,23,155514,Jaco Coetzee,sub 8,replacement
https://rugby-union-feeds.incrowdsports.com/v1/matches/284905,284905,202401,Bath Rugby,away,4,239294,Will Jeanes,second row,starter
https://rugby-union-feeds.incrowdsports.com/v1/matches/284905,284905,202401,Bath Rugby,away,13,233245,Louie Hennessey,outside centre,starter
https://rugby-union-feeds.incrowdsports.com/v1/matches/284907,284907,202401,Exeter Chiefs,home,20,169636,Martin Moloney,sub 5,replacement
https://rugby-union-feeds.incrowdsports.com/v1/matches/284907,284907,202401,Exeter Chiefs,home,14,102180,Ben Hammersley,right wing,starter
https://rugby-union-feeds.incrowdsports.com/v1/matches/284907,284907,202401,Exeter Chiefs,home,15,184679,Tommy Wyatt,full back,starter
https://rugby-union-feeds.incrowdsports.com/v1/matches/284907,284907,202401,Exeter Chiefs,home,4,171271,Lewis Pearson,second row,starter
https://rugby-union-feeds.incrowdsports.com/v1/matches/284907,284907,202401,Exeter Chiefs,home,11,251397,Paul Brown-Bampoe,left wing,starter
https://rugby-union-feeds.incrowdsports.com/v1/matches/284907,284907,202401,Exeter Chiefs,home,9,128743,Stu Townsend,scrum half,starter
https://rugby-union-feeds.incrowdsports.com/v1/matches/284907,284907,202401,Exeter Chiefs,home,2,103625,Dan Frost,hooker,starter
https://rugby-union-feeds.incrowdsports.com/v1/matches/284907,284907,202401,Exeter Chiefs,home,17,157036,Kwenzo Blose,sub 2,replacement
https://rugby-union-feeds.incrowdsports.com/v1/matches/284907,284907,202401,Exeter Chiefs,home,22,211147,Tamati Tua,sub 7,replacement
https://rugby-union-feeds.incrowdsports.com/v1/matches/284907,284907,202401,Exeter Chiefs,home,13,197546,Joe Hawkins,outside centre,starter
https://rugby-union-feeds.incrowdsports.com/v1/matches/284907,284907,202401,Exeter Chiefs,home,21,208783,Tom Cairns,sub 6,replacement
https://rugby-union-feeds.incrowdsports.com/v1/matches/284907,284907,202401,Exeter Chiefs,home,10,125136,Will Haydon-Wood,fly half,starter
https://rugby-union-feeds.incrowdsports.com/v1/matches/284907,284907,202401,Exeter Chiefs,home,7,172979,Jacques Vermeulen,flanker,starter
https://rugby-union-feeds.incrowdsports.com/v1/matches/284907,284907,202401,Exeter Chiefs,home,1,224659,Scott Sio,loosehead prop,starter
https://rugby-union-feeds.incrowdsports.com/v1/matches/284907,284907,202401,Exeter Chiefs,home,3,147666,Josh Iosefa-Scott,tighthead prop,starter
https://rugby-union-feeds.incrowdsports.com/v1/matches/284907,284907,202401,Exeter Chiefs,home,8,170455,Greg Fisilau,number eight,starter
https://rugby-union-feeds.incrowdsports.com/v1/matches/284907,284907,202401,Exeter Chiefs,home,23,169495,Josh Hodge,sub 8,replacement
https://rugby-union-feeds.incrowdsports.com/v1/matches/284907,284907,202401,Exeter Chiefs,home,18,160437,Marcus Street,sub 3,replacement
https://rugby-union-feeds.incrowdsports.com/v1/matches/284907,284907,202401,Exeter Chiefs,home,12,243675,Will Rigg,inside centre,starter
https://rugby-union-feeds.incrowdsports.com/v1/matches/284907,284907,202401,Exeter Chiefs,home,5,213658,Richard Capstick,second row,starter
https://rugby-union-feeds.incrowdsports.com/v1/matches/284907,284907,202401,Exeter Chiefs,home,19,121275,Christ Tshiunza,sub 4,replacement
https://rugby-union-feeds.incrowdsports.com/v1/matches/284907,284907,202401,Exeter Chiefs,home,16,203166,Jack Yeandle,sub 1,replacement
https://rugby-union-feeds.incrowdsports.com/v1/matches/284907,284907,202401,Exeter Chiefs,home,6,124575,Ethan Roots,flanker,starter
https://rugby-union-feeds.incrowdsports.com/v1/matches/284907,284907,202401,Gloucester Rugby,away,14,207812,Louis Hillman-Cooper,right wing,starter
https://rugby-union-feeds.incrowdsports.com/v1/matches/284907,284907,202401,Gloucester Rugby,away,8,243041,Olly Allport,number eight,starter
https://rugby-union-feeds.incrowdsports.com/v1/matches/284907,284907,202401,Gloucester Rugby,away,2,163400,George McGuigan,hooker,starter
https://rugby-union-feeds.incrowdsports.com/v1/matches/284907,284907,202401,Gloucester Rugby,away,5,120165,Cameron Jordan,second row,starter
https://rugby-union-feeds.incrowdsports.com/v1/matches/284907,284907,202401,Gloucester Rugby,away,21,237895,Mike Austin,sub 6,replacement
https://rugby-union-feeds.incrowdsports.com/v1/matches/284907,284907,202401,Gloucester Rugby,away,3,220293,Alfie Petch,tighthead prop,starter
https://rugby-union-feeds.incrowdsports.com/v1/matches/284907,284907,202401,Gloucester Rugby,away,11,244523,Jack Cotgreave,left wing,starter
https://rugby-union-feeds.incrowdsports.com/v1/matches/284907,284907,202401,Gloucester Rugby,away,9,117545,Charlie Chapman,scrum half,starter
https://rugby-union-feeds.incrowdsports.com/v1/matches/284907,284907,202401,Gloucester Rugby,away,10,123243,Charlie Atkinson,fly half,starter
https://rugby-union-feeds.incrowdsports.com/v1/matches/284907,284907,202401,Gloucester Rugby,away,17,147728,Aristot Benz-Salomon,sub 2,replacement
https://rugby-union-feeds.incrowdsports.com/v1/matches/284907,284907,202401,Gloucester Rugby,away,13,112368,Will Butler,outside centre,starter
https://rugby-union-feeds.incrowdsports.com/v1/matches/284907,284907,202401,Gloucester Rugby,away,4,203694,Freddie Clarke,second row,starter
https://rugby-union-feeds.incrowdsports.com/v1/matches/284907,284907,202401,Gloucester Rugby,away,16,157389,Morgan Nelson,sub 1,replacement
https://rugby-union-feeds.incrowdsports.com/v1/matches/284907,284907,202401,Gloucester Rugby,away,6,239443,Freddie Stevens,flanker,starter
https://rugby-union-feeds.incrowdsports.com/v1/matches/284907,284907,202401,Gloucester Rugby,away,1,147089,Archie McArthur,loosehead prop,starter
https://rugby-union-feeds.incrowdsports.com/v1/matches/284907,284907,202401,Gloucester Rugby,away,15,176050,Jacob Morris,full back,starter
https://rugby-union-feeds.incrowdsports.com/v1/matches/284907,284907,202401,Gloucester Rugby,away,20,242961,George Knowles,sub 5,replacement
https://rugby-union-feeds.incrowdsports.com/v1/matches/284907,284907,202401,Gloucester Rugby,away,12,119286,Morgan Adderly-Jones,inside centre,starter
https://rugby-union-feeds.incrowdsports.com/v1/matches/284907,284907,202401,Gloucester Rugby,away,19,248760,Dan O'Reilly,sub 4,replacement
https://rugby-union-feeds.incrowdsports.com/v1/matches/284907,284907,202401,Gloucester Rugby,away,23,239575,Ioan Jones,sub 8,replacement
https://rugby-union-feeds.incrowdsports.com/v1/matches/284907,284907,202401,Gloucester Rugby,away,22,239578,Max Knight,sub 7,replacement
https://rugby-union-feeds.incrowdsports.com/v1/matches/284907,284907,202401,Gloucester Rugby,away,7,244925,Caio James,flanker,starter
https://rugby-union-feeds.incrowdsports.com/v1/matches/284907,284907,202401,Gloucester Rugby,away,18,129823,Jono Benz-Salomon,sub 3,replacement
https://rugby-union-feeds.incrowdsports.com/v1/matches/284908,284908,202401,Harlequins,home,17,140419,Jordan Els,sub 2,replacement
https://rugby-union-feeds.incrowdsports.com/v1/matches/284908,284908,202401,Harlequins,home,9,206497,Danny Care,scrum half,starter
https://rugby-union-feeds.incrowdsports.com/v1/matches/284908,284908,202401,Harlequins,home,2,149058,Sam Riley,hooker,starter
https://rugby-union-feeds.incrowdsports.com/v1/matches/284908,284908,202401,Harlequins,home,5,140680,Stephan Lewies,second row,starter
https://rugby-union-feeds.incrowdsports.com/v1/matches/284908,284908,202401,Harlequins,home,16,137125,Jack Walker,sub 1,replacement
https://rugby-union-feeds.incrowdsports.com/v1/matches/284908,284908,202401,Harlequins,home,8,180038,Alex Dombrandt,number eight,starter
https://rugby-union-feeds.incrowdsports.com/v1/matches/284908,284908,202401,Harlequins,home,12,239596,Ben Waghorn,inside centre,starter
https://rugby-union-feeds.incrowdsports.com/v1/matches/284908,284908,202401,Harlequins,home,22,159436,Jamie Benson,sub 7,replacement
https://rugby-union-feeds.incrowdsports.com/v1/matches/284908,284908,202401,Harlequins,home,19,203721,Irne Herbst,sub 4,replacement
https://rugby-union-feeds.incrowdsports.com/v1/matches/284908,284908,202401,Harlequins,home,3,114413,Simon Kerrod,tighthead prop,starter
https://rugby-union-feeds.incrowdsports.com/v1/matches/284908,284908,202401,Harlequins,home,13,196173,Will Joseph,outside centre,starter
https://rugby-union-feeds.incrowdsports.com/v1/matches/284908,284908,202401,Harlequins,home,23,182642,Tyrone Green,sub 8,replacement
https://rugby-union-feeds.incrowdsports.com/v1/matches/284908,284908,202401,Harlequins,home,15,135416,Leigh Halfpenny,full back,starter
https://rugby-union-feeds.incrowdsports.com/v1/matches/284908,284908,202401,Harlequins,home,11,182934,Cassius Cleaves,left wing,starter
https://rugby-union-feeds.incrowdsports.com/v1/matches/284908,284908,202401,Harlequins,home,10,218331,Jarrod Evans,fly half,starter
https://rugby-union-feeds.incrowdsports.com/v1/matches/284908,284908,202401,Harlequins,home,14,137369,Nick David,right wing,starter
https://rugby-union-feeds.incrowdsports.com/v1/matches/284908,284908,202401,Harlequins,home,4,132185,Joe Launchbury,second row,starter
https://rugby-union-feeds.incrowdsports.com/v1/matches/284908,284908,202401,Harlequins,home,21,118972,Lewis Gjaltema,sub 6,replacement
https://rugby-union-feeds.incrowdsports.com/v1/matches/284908,284908,202401,Harlequins,home,6,158074,George Hammond,flanker,starter
https://rugby-union-feeds.incrowdsports.com/v1/matches/284908,284908,202401,Harlequins,home,20,243129,Lucas Schmid,sub 5,replacement
https://rugby-union-feeds.incrowdsports.com/v1/matches/284908,284908,202401,Harlequins,home,18,109630,Will Hobson,sub 3,replacement
https://rugby-union-feeds.incrowdsports.com/v1/matches/284908,284908,202401,Harlequins,home,7,143933,Will Evans,flanker,starter
https://rugby-union-feeds.incrowdsports.com/v1/matches/284908,284908,202401,Harlequins,home,1,111583,Wyn Jones,loosehead prop,starter
https://rugby-union-feeds.incrowdsports.com/v1/matches/284908,284908,202401,Saracens,away,16,202850,Sam Crean,sub 1,replacement
https://rugby-union-feeds.incrowdsports.com/v1/matches/284908,284908,202401,Saracens,away,18,110116,Harvey Beaton,sub 3,replacement
https://rugby-union-feeds.incrowdsports.com/v1/matches/284908,284908,202401,Saracens,away,6,218727,Harry Wilson,flanker,starter
https://rugby-union-feeds.incrowdsports.com/v1/matches/284908,284908,202401,Saracens,away,7,239399,Max Eke,flanker,starter
https://rugby-union-feeds.incrowdsports.com/v1/matches/284908,284908,202401,Saracens,away,17,117639,Phil Brantingham,sub 2,replacement
https://rugby-union-feeds.incrowdsports.com/v1/matches/284908,284908,202401,Saracens,away,10,104042,Louie Johnson,fly half,starter
https://rugby-union-feeds.incrowdsports.com/v1/matches/284908,284908,202401,Saracens,away,8,132812,Nathan Michelow,number eight,starter
https://rugby-union-feeds.incrowdsports.com/v1/matches/284908,284908,202401,Saracens,away,21,239403,Charlie Bracken,sub 6,replacement
https://rugby-union-feeds.incrowdsports.com/v1/matches/284908,284908,202401,Saracens,away,11,182025,Brandon Jackson-Richards,left wing,starter
https://rugby-union-feeds.incrowdsports.com/v1/matches/284908,284908,202401,Saracens,away,12,117550,Josh Hallett,inside centre,starter
https://rugby-union-feeds.incrowdsports.com/v1/matches/284908,284908,202401,Saracens,away,1,103821,Eroni Mawi,loosehead prop,starter
https://rugby-union-feeds.incrowdsports.com/v1/matches/284908,284908,202401,Saracens,away,19,127565,Kaden Pearce-Paul,sub 4,replacement
https://rugby-union-feeds.incrowdsports.com/v1/matches/284908,284908,202401,Saracens,away,3,142606,Alec Clarey,tighthead prop,starter
https://rugby-union-feeds.incrowdsports.com/v1/matches/284908,284908,202401,Saracens,away,20,243060,Reggie Hammick,sub 5,replacement
https://rugby-union-feeds.incrowdsports.com/v1/matches/284908,284908,202401,Saracens,away,14,204054,Tobias Elliott,right wing,starter
https://rugby-union-feeds.incrowdsports.com/v1/matches/284908,284908,202401,Saracens,away,22,149596,Tiff Eden,sub 7,replacement
https://rugby-union-feeds.incrowdsports.com/v1/matches/284908,284908,202401,Saracens,away,2,144473,James Hadfield,hooker,starter
https://rugby-union-feeds.incrowdsports.com/v1/matches/284908,284908,202401,Saracens,away,9,177055,Gareth Simpson,scrum half,starter
https://rugby-union-feeds.incrowdsports.com/v1/matches/284908,284908,202401,Saracens,away,13,244799,Angus Hall,outside centre,starter
https://rugby-union-feeds.incrowdsports.com/v1/matches/284908,284908,202401,Saracens,away,4,239647,Olamide Sodeke,second row,starter
https://rugby-union-feeds.incrowdsports.com/v1/matches/284908,284908,202401,Saracens,away,5,198623,Hugh Tizard,second row,starter
https://rugby-union-feeds.incrowdsports.com/v1/matches/284908,284908,202401,Saracens,away,15,178077,Alex Goode,full back,starter
https://rugby-union-feeds.incrowdsports.com/v1/matches/284908,284908,202401,Saracens,away,23,242942,Jack Bracken,sub 8,replacement
https://rugby-union-feeds.incrowdsports.com/v1/matches/284910,284910,202401,Sale Sharks,home,15,244516,Ollie Davies,full back,starter
https://rugby-union-feeds.incrowdsports.com/v1/matches/284910,284910,202401,Sale Sharks,home,6,242916,Jos Gilmore,flanker,starter
https://rugby-union-feeds.incrowdsports.com/v1/matches/284910,284910,202401,Sale Sharks,home,19,100995,Hyron Andrews,sub 4,replacement
https://rugby-union-feeds.incrowdsports.com/v1/matches/284910,284910,202401,Sale Sharks,home,5,137093,Jonny Hill,second row,starter
https://rugby-union-feeds.incrowdsports.com/v1/matches/284910,284910,202401,Sale Sharks,home,13,111655,Waisea Nayacalevu,outside centre,starter
https://rugby-union-feeds.incrowdsports.com/v1/matches/284910,284910,202401,Sale Sharks,home,8,207429,Jean-Luc du Preez,number eight,starter
https://rugby-union-feeds.incrowdsports.com/v1/matches/284910,284910,202401,Sale Sharks,home,2,206761,Tadgh McElroy,hooker,starter
https://rugby-union-feeds.incrowdsports.com/v1/matches/284910,284910,202401,Sale Sharks,home,14,113103,Arron Reed,right wing,starter
https://rugby-union-feeds.incrowdsports.com/v1/matches/284910,284910,202401,Sale Sharks,home,20,159444,Rouban Birch,sub 5,replacement
https://rugby-union-feeds.incrowdsports.com/v1/matches/284910,284910,202401,Sale Sharks,home,1,167282,Ross Harrison,loosehead prop,starter
https://rugby-union-feeds.incrowdsports.com/v1/matches/284910,284910,202401,Sale Sharks,home,3,239537,Patreece Bell,tighthead prop,starter
https://rugby-union-feeds.incrowdsports.com/v1/matches/284910,284910,202401,Sale Sharks,home,7,205975,Sam Dugdale,flanker,starter
https://rugby-union-feeds.incrowdsports.com/v1/matches/284910,284910,202401,Sale Sharks,home,23,203831,Joe Carpenter,sub 8,replacement
https://rugby-union-feeds.incrowdsports.com/v1/matches/284910,284910,202401,Sale Sharks,home,11,239510,Alex Wills,left wing,starter
https://rugby-union-feeds.incrowdsports.com/v1/matches/284910,284910,202401,Sale Sharks,home,9,170933,Nye Thomas,scrum half,starter
https://rugby-union-feeds.incrowdsports.com/v1/matches/284910,284910,202401,Sale Sharks,home,4,131065,Ben Bamber,second row,starter
https://rugby-union-feeds.incrowdsports.com/v1/matches/284910,284910,202401,Sale Sharks,home,18,239482,Asher Opoku-Fordjour,sub 3,replacement
https://rugby-union-feeds.incrowdsports.com/v1/matches/284910,284910,202401,Sale Sharks,home,21,242906,Dom Hanson,sub 6,replacement
https://rugby-union-feeds.incrowdsports.com/v1/matches/284910,284910,202401,Sale Sharks,home,12,191866,Sam Bedlow,inside centre,starter
https://rugby-union-feeds.incrowdsports.com/v1/matches/284910,284910,202401,Sale Sharks,home,22,168031,Will Addison,sub 7,replacement
https://rugby-union-feeds.incrowdsports.com/v1/matches/284910,284910,202401,Sale Sharks,home,10,201247,Tom Curtis,fly half,starter
https://rugby-union-feeds.incrowdsports.com/v1/matches/284910,284910,202401,Sale Sharks,home,16,244541,Alfie Longstaff,sub 1,replacement
https://rugby-union-feeds.incrowdsports.com/v1/matches/284910,284910,202401,Sale Sharks,home,17,158302,Bevan Rodd,sub 2,replacement
https://rugby-union-feeds.incrowdsports.com/v1/matches/284910,284910,202401,Newcastle Falcons,away,19,117316,John Hawkins,sub 4,replacement
https://rugby-union-feeds.incrowdsports.com/v1/matches/284910,284910,202401,Newcastle Falcons,away,4,207425,Philip van der Walt,second row,starter
https://rugby-union-feeds.incrowdsports.com/v1/matches/284910,284910,202401,Newcastle Falcons,away,22,204296,Kieran Wilkinson,sub 7,replacement
https://rugby-union-feeds.incrowdsports.com/v1/matches/284910,284910,202401,Newcastle Falcons,away,8,168872,Callum Chick,number eight,starter
https://rugby-union-feeds.incrowdsports.com/v1/matches/284910,284910,202401,Newcastle Falcons,away,12,169829,Max Clark,inside centre,starter
https://rugby-union-feeds.incrowdsports.com/v1/matches/284910,284910,202401,Newcastle Falcons,away,10,205702,Brett Connon,fly half,starter
https://rugby-union-feeds.incrowdsports.com/v1/matches/284910,284910,202401,Newcastle Falcons,away,6,219782,Freddie Lockwood,flanker,starter
https://rugby-union-feeds.incrowdsports.com/v1/matches/284910,284910,202401,Newcastle Falcons,away,21,243180,Joe Davis,sub 6,replacement
https://rugby-union-feeds.incrowdsports.com/v1/matches/284910,284910,202401,Newcastle Falcons,away,16,207081,Ollie Fletcher,sub 1,replacement
https://rugby-union-feeds.incrowdsports.com/v1/matches/284910,284910,202401,Newcastle Falcons,away,18,200621,Richard Palframan,sub 3,replacement
https://rugby-union-feeds.incrowdsports.com/v1/matches/284910,284910,202401,Newcastle Falcons,away,5,213140,Kiran McDonald Seran,second row,starter
https://rugby-union-feeds.incrowdsports.com/v1/matches/284910,284910,202401,Newcastle Falcons,away,3,205585,Murray McCallum,tighthead prop,starter
https://rugby-union-feeds.incrowdsports.com/v1/matches/284910,284910,202401,Newcastle Falcons,away,9,137624,Sam Stuart,scrum half,starter
https://rugby-union-feeds.incrowdsports.com/v1/matches/284910,284910,202401,Newcastle Falcons,away,1,164792,Adam Brocklebank,loosehead prop,starter
https://rugby-union-feeds.incrowdsports.com/v1/matches/284910,284910,202401,Newcastle Falcons,away,7,190680,Ollie Leatherbarrow,flanker,starter
https://rugby-union-feeds.incrowdsports.com/v1/matches/284910,284910,202401,Newcastle Falcons,away,15,145014,Elliott Obatoyinbo,full back,starter
https://rugby-union-feeds.incrowdsports.com/v1/matches/284910,284910,202401,Newcastle Falcons,away,11,143126,Ben Stevenson,left wing,starter
https://rugby-union-feeds.incrowdsports.com/v1/matches/284910,284910,202401,Newcastle Falcons,away,23,222549,Oli Spencer,sub 8,replacement
https://rugby-union-feeds.incrowdsports.com/v1/matches/284910,284910,202401,Newcastle Falcons,away,20,157275,Cameron Neild,sub 5,replacement
https://rugby-union-feeds.incrowdsports.com/v1/matches/284910,284910,202401,Newcastle Falcons,away,14,239961,Nathan Greenwood,right wing,starter
https://rugby-union-feeds.incrowdsports.com/v1/matches/284910,284910,202401,Newcastle Falcons,away,13,199072,Alex Hearle,outside centre,starter
https://rugby-union-feeds.incrowdsports.com/v1/matches/284910,284910,202401,Newcastle Falcons,away,2,160415,Jamie Blamire,hooker,starter
https://rugby-union-feeds.incrowdsports.com/v1/matches/284910,284910,202401,Newcastle Falcons,away,17,239550,Mike Rewcastle,sub 2,replacement
https://rugby-union-feeds.incrowdsports.com/v1/matches/284914,284914,202401,Bath Rugby,home,7,123233,Ethan Staddon,flanker,starter
https://rugby-union-feeds.incrowdsports.com/v1/matches/284914,284914,202401,Bath Rugby,home,10,101123,Ciaran Donoghue,fly half,starter
https://rugby-union-feeds.incrowdsports.com/v1/matches/284914,284914,202401,Bath Rugby,home,9,156834,Tom Carr-Smith,scrum half,starter
https://rugby-union-feeds.incrowdsports.com/v1/matches/284914,284914,202401,Bath Rugby,home,3,137026,Kieran Verden,tighthead prop,starter
https://rugby-union-feeds.incrowdsports.com/v1/matches/284914,284914,202401,Bath Rugby,home,8,239297,Arthur Green,number eight,starter
https://rugby-union-feeds.incrowdsports.com/v1/matches/284914,284914,202401,Bath Rugby,home,2,218695,Jasper Spandler,hooker,starter
https://rugby-union-feeds.incrowdsports.com/v1/matches/284914,284914,202401,Bath Rugby,home,12,154219,Cameron Redpath,inside centre,starter
https://rugby-union-feeds.incrowdsports.com/v1/matches/284914,284914,202401,Bath Rugby,home,22,179563,Joe Cokanasiga,sub 7,replacement
https://rugby-union-feeds.incrowdsports.com/v1/matches/284914,284914,202401,Bath Rugby,home,20,112684,Guy Pepper,sub 5,replacement
https://rugby-union-feeds.incrowdsports.com/v1/matches/284914,284914,202401,Bath Rugby,home,17,130283,Beno Obano,sub 2,replacement
https://rugby-union-feeds.incrowdsports.com/v1/matches/284914,284914,202401,Bath Rugby,home,4,239503,Harvey Cuckson,second row,starter
https://rugby-union-feeds.incrowdsports.com/v1/matches/284914,284914,202401,Bath Rugby,home,21,202868,Louis Schreuder,sub 6,replacement
https://rugby-union-feeds.incrowdsports.com/v1/matches/284914,284914,202401,Bath Rugby,home,16,225778,Tom Dunn,sub 1,replacement
https://rugby-union-feeds.incrowdsports.com/v1/matches/284914,284914,202401,Bath Rugby,home,5,105205,Ross Molony,second row,starter
https://rugby-union-feeds.incrowdsports.com/v1/matches/284914,284914,202401,Bath Rugby,home,6,217750,Ewan Richards,flanker,starter
https://rugby-union-feeds.incrowdsports.com/v1/matches/284914,284914,202401,Bath Rugby,home,11,112538,Ruaridh McConnochie,left wing,starter
https://rugby-union-feeds.incrowdsports.com/v1/matches/284914,284914,202401,Bath Rugby,home,18,104572,Thomas du Toit,sub 3,replacement
https://rugby-union-feeds.incrowdsports.com/v1/matches/284914,284914,202401,Bath Rugby,home,1,219609,Arthur Cordwell,loosehead prop,starter
https://rugby-union-feeds.incrowdsports.com/v1/matches/284914,284914,202401,Bath Rugby,home,23,155514,Jaco Coetzee,sub 8,replacement
https://rugby-union-feeds.incrowdsports.com/v1/matches/284914,284914,202401,Bath Rugby,home,14,243072,Tyler Offiah,right wing,starter
https://rugby-union-feeds.incrowdsports.com/v1/matches/284914,284914,202401,Bath Rugby,home,19,132895,Tom Cowan,sub 4,replacement
https://rugby-union-feeds.incrowdsports.com/v1/matches/284914,284914,202401,Bath Rugby,home,15,153790,Tom de Glanville,full back,starter
https://rugby-union-feeds.incrowdsports.com/v1/matches/284914,284914,202401,Bath Rugby,home,13,233245,Louie Hennessey,outside centre,starter
https://rugby-union-feeds.incrowdsports.com/v1/matches/284914,284914,202401,Harlequins,away,9,241156,Jake Murray,scrum half,starter
https://rugby-union-feeds.incrowdsports.com/v1/matches/284914,284914,202401,Harlequins,away,1,140419,Jordan Els,loosehead prop,starter
https://rugby-union-feeds.incrowdsports.com/v1/matches/284914,284914,202401,Harlequins,away,2,149058,Sam Riley,hooker,starter
https://rugby-union-feeds.incrowdsports.com/v1/matches/284914,284914,202401,Harlequins,away,11,145735,Cameron Anderson,left wing,starter
https://rugby-union-feeds.incrowdsports.com/v1/matches/284914,284914,202401,Harlequins,away,16,137125,Jack Walker,sub 1,replacement
https://rugby-union-feeds.incrowdsports.com/v1/matches/284914,284914,202401,Harlequins,away,12,239596,Ben Waghorn,inside centre,starter
https://rugby-union-feeds.incrowdsports.com/v1/matches/284914,284914,202401,Harlequins,away,22,159436,Jamie Benson,sub 7,replacement
https://rugby-union-feeds.incrowdsports.com/v1/matches/284914,284914,202401,Harlequins,away,3,190858,Titi Lamositele,tighthead prop,starter
https://rugby-union-feeds.incrowdsports.com/v1/matches/284914,284914,202401,Harlequins,away,4,203721,Irne Herbst,second row,starter
https://rugby-union-feeds.incrowdsports.com/v1/matches/284914,284914,202401,Harlequins,away,17,114413,Simon Kerrod,sub 2,replacement
https://rugby-union-feeds.incrowdsports.com/v1/matches/284914,284914,202401,Harlequins,away,13,196173,Will Joseph,outside centre,starter
https://rugby-union-feeds.incrowdsports.com/v1/matches/284914,284914,202401,Harlequins,away,15,182642,Tyrone Green,full back,starter
https://rugby-union-feeds.incrowdsports.com/v1/matches/284914,284914,202401,Harlequins,away,21,169426,Jonny Law,sub 6,replacement
https://rugby-union-feeds.incrowdsports.com/v1/matches/284914,284914,202401,Harlequins,away,10,218331,Jarrod Evans,fly half,starter
https://rugby-union-feeds.incrowdsports.com/v1/matches/284914,284914,202401,Harlequins,away,5,132185,Joe Launchbury,second row,starter
https://rugby-union-feeds.incrowdsports.com/v1/matches/284914,284914,202401,Harlequins,away,23,137369,Nick David,sub 8,replacement
https://rugby-union-feeds.incrowdsports.com/v1/matches/284914,284914,202401,Harlequins,away,6,158074,George Hammond,flanker,starter
https://rugby-union-feeds.incrowdsports.com/v1/matches/284914,284914,202401,Harlequins,away,8,243129,Lucas Schmid,number eight,starter
https://rugby-union-feeds.incrowdsports.com/v1/matches/284914,284914,202401,Harlequins,away,19,120187,Jonny Green,sub 4,replacement
https://rugby-union-feeds.incrowdsports.com/v1/matches/284914,284914,202401,Harlequins,away,18,109630,Will Hobson,sub 3,replacement
https://rugby-union-feeds.incrowdsports.com/v1/matches/284914,284914,202401,Harlequins,away,20,144543,Tom Lawday,sub 5,replacement
https://rugby-union-feeds.incrowdsports.com/v1/matches/284914,284914,202401,Harlequins,away,7,143933,Will Evans,flanker,starter
https://rugby-union-feeds.incrowdsports.com/v1/matches/284914,284914,202401,Harlequins,away,14,194110,Rodrigo Isgro,right wing,starter
https://rugby-union-feeds.incrowdsports.com/v1/matches/284911,284911,202401,Newcastle Falcons,home,19,117316,John Hawkins,sub 4,replacement
https://rugby-union-feeds.incrowdsports.com/v1/matches/284911,284911,202401,Newcastle Falcons,home,6,207425,Philip van der Walt,flanker,starter
https://rugby-union-feeds.incrowdsports.com/v1/matches/284911,284911,202401,Newcastle Falcons,home,22,204296,Kieran Wilkinson,sub 7,replacement
https://rugby-union-feeds.incrowdsports.com/v1/matches/284911,284911,202401,Newcastle Falcons,home,8,168872,Callum Chick,number eight,starter
https://rugby-union-feeds.incrowdsports.com/v1/matches/284911,284911,202401,Newcastle Falcons,home,12,169829,Max Clark,inside centre,starter
https://rugby-union-feeds.incrowdsports.com/v1/matches/284911,284911,202401,Newcastle Falcons,home,10,205702,Brett Connon,fly half,starter
https://rugby-union-feeds.incrowdsports.com/v1/matches/284911,284911,202401,Newcastle Falcons,home,7,219782,Freddie Lockwood,flanker,starter
https://rugby-union-feeds.incrowdsports.com/v1/matches/284911,284911,202401,Newcastle Falcons,home,21,243180,Joe Davis,sub 6,replacement
https://rugby-union-feeds.incrowdsports.com/v1/matches/284911,284911,202401,Newcastle Falcons,home,16,207081,Ollie Fletcher,sub 1,replacement
https://rugby-union-feeds.incrowdsports.com/v1/matches/284911,284911,202401,Newcastle Falcons,home,18,200621,Richard Palframan,sub 3,replacement
https://rugby-union-feeds.incrowdsports.com/v1/matches/284911,284911,202401,Newcastle Falcons,home,5,213140,Kiran McDonald Seran,second row,starter
https://rugby-union-feeds.incrowdsports.com/v1/matches/284911,284911,202401,Newcastle Falcons,home,3,205585,Murray McCallum,tighthead prop,starter
https://rugby-union-feeds.incrowdsports.com/v1/matches/284911,284911,202401,Newcastle Falcons,home,4,154551,Sebastian de Chaves,second row,starter
https://rugby-union-feeds.incrowdsports.com/v1/matches/284911,284911,202401,Newcastle Falcons,home,9,137624,Sam Stuart,scrum half,starter
https://rugby-union-feeds.incrowdsports.com/v1/matches/284911,284911,202401,Newcastle Falcons,home,1,164792,Adam Brocklebank,loosehead prop,starter
https://rugby-union-feeds.incrowdsports.com/v1/matches/284911,284911,202401,Newcastle Falcons,home,15,145014,Elliott Obatoyinbo,full back,starter
https://rugby-union-feeds.incrowdsports.com/v1/matches/284911,284911,202401,Newcastle Falcons,home,14,222549,Oli Spencer,right wing,starter
https://rugby-union-feeds.incrowdsports.com/v1/matches/284911,284911,202401,Newcastle Falcons,home,20,157275,Cameron Neild,sub 5,replacement
https://rugby-union-feeds.incrowdsports.com/v1/matches/284911,284911,202401,Newcastle Falcons,home,23,239961,Nathan Greenwood,sub 8,replacement
https://rugby-union-feeds.incrowdsports.com/v1/matches/284911,284911,202401,Newcastle Falcons,home,11,199072,Alex Hearle,left wing,starter
https://rugby-union-feeds.incrowdsports.com/v1/matches/284911,284911,202401,Newcastle Falcons,home,2,160415,Jamie Blamire,hooker,starter
https://rugby-union-feeds.incrowdsports.com/v1/matches/284911,284911,202401,Newcastle Falcons,home,17,239550,Mike Rewcastle,sub 2,replacement
https://rugby-union-feeds.incrowdsports.com/v1/matches/284911,284911,202401,Newcastle Falcons,home,13,108863,Sammy Arnold,outside centre,starter
https://rugby-union-feeds.incrowdsports.com/v1/matches/284911,284911,202401,Gloucester Rugby,away,14,207812,Louis Hillman-Cooper,right wing,starter
https://rugby-union-feeds.incrowdsports.com/v1/matches/284911,284911,202401,Gloucester Rugby,away,8,243041,Olly Allport,number eight,starter
https://rugby-union-feeds.incrowdsports.com/v1/matches/284911,284911,202401,Gloucester Rugby,away,9,237895,Mike Austin,scrum half,starter
https://rugby-union-feeds.incrowdsports.com/v1/matches/284911,284911,202401,Gloucester Rugby,away,3,220293,Alfie Petch,tighthead prop,starter
https://rugby-union-feeds.incrowdsports.com/v1/matches/284911,284911,202401,Gloucester Rugby,away,23,119818,Matty Ward,sub 8,replacement
https://rugby-union-feeds.incrowdsports.com/v1/matches/284911,284911,202401,Gloucester Rugby,away,11,244523,Jack Cotgreave,left wing,starter
https://rugby-union-feeds.incrowdsports.com/v1/matches/284911,284911,202401,Gloucester Rugby,away,21,117545,Charlie Chapman,sub 6,replacement
https://rugby-union-feeds.incrowdsports.com/v1/matches/284911,284911,202401,Gloucester Rugby,away,17,244522,Harrison Bellamy,sub 2,replacement
https://rugby-union-feeds.incrowdsports.com/v1/matches/284911,284911,202401,Gloucester Rugby,away,20,250506,Jayden Wrottesley,sub 5,replacement
https://rugby-union-feeds.incrowdsports.com/v1/matches/284911,284911,202401,Gloucester Rugby,away,10,123243,Charlie Atkinson,fly half,starter
https://rugby-union-feeds.incrowdsports.com/v1/matches/284911,284911,202401,Gloucester Rugby,away,13,112368,Will Butler,outside centre,starter
https://rugby-union-feeds.incrowdsports.com/v1/matches/284911,284911,202401,Gloucester Rugby,away,2,157389,Morgan Nelson,hooker,starter
https://rugby-union-feeds.incrowdsports.com/v1/matches/284911,284911,202401,Gloucester Rugby,away,4,239443,Freddie Stevens,second row,starter
https://rugby-union-feeds.incrowdsports.com/v1/matches/284911,284911,202401,Gloucester Rugby,away,5,217747,Josh Gray,second row,starter
https://rugby-union-feeds.incrowdsports.com/v1/matches/284911,284911,202401,Gloucester Rugby,away,1,147089,Archie McArthur,loosehead prop,starter
https://rugby-union-feeds.incrowdsports.com/v1/matches/284911,284911,202401,Gloucester Rugby,away,16,242961,George Knowles,sub 1,replacement
https://rugby-union-feeds.incrowdsports.com/v1/matches/284911,284911,202401,Gloucester Rugby,away,19,244337,Joseph Gaffan,sub 4,replacement
https://rugby-union-feeds.incrowdsports.com/v1/matches/284911,284911,202401,Gloucester Rugby,away,12,119286,Morgan Adderly-Jones,inside centre,starter
https://rugby-union-feeds.incrowdsports.com/v1/matches/284911,284911,202401,Gloucester Rugby,away,15,239575,Ioan Jones,full back,starter
https://rugby-union-feeds.incrowdsports.com/v1/matches/284911,284911,202401,Gloucester Rugby,away,22,239578,Max Knight,sub 7,replacement
https://rugby-union-feeds.incrowdsports.com/v1/matches/284911,284911,202401,Gloucester Rugby,away,6,251422,Jacob Wells,flanker,starter
https://rugby-union-feeds.incrowdsports.com/v1/matches/284911,284911,202401,Gloucester Rugby,away,7,244925,Caio James,flanker,starter
https://rugby-union-feeds.incrowdsports.com/v1/matches/284911,284911,202401,Gloucester Rugby,away,18,129823,Jono Benz-Salomon,sub 3,replacement
https://rugby-union-feeds.incrowdsports.com/v1/matches/284912,284912,202401,Exeter Chiefs,home,15,184679,Tommy Wyatt,full back,starter
https://rugby-union-feeds.incrowdsports.com/v1/matches/284912,284912,202401,Exeter Chiefs,home,14,251397,Paul Brown-Bampoe,right wing,starter
https://rugby-union-feeds.incrowdsports.com/v1/matches/284912,284912,202401,Exeter Chiefs,home,9,128743,Stu Townsend,scrum half,starter
https://rugby-union-feeds.incrowdsports.com/v1/matches/284912,284912,202401,Exeter Chiefs,home,12,211147,Tamati Tua,inside centre,starter
https://rugby-union-feeds.incrowdsports.com/v1/matches/284912,284912,202401,Exeter Chiefs,home,16,103625,Dan Frost,sub 1,replacement
https://rugby-union-feeds.incrowdsports.com/v1/matches/284912,284912,202401,Exeter Chiefs,home,17,157036,Kwenzo Blose,sub 2,replacement
https://rugby-union-feeds.incrowdsports.com/v1/matches/284912,284912,202401,Exeter Chiefs,home,19,208971,Franco Molina,sub 4,replacement
https://rugby-union-feeds.incrowdsports.com/v1/matches/284912,284912,202401,Exeter Chiefs,home,13,197546,Joe Hawkins,outside centre,starter
https://rugby-union-feeds.incrowdsports.com/v1/matches/284912,284912,202401,Exeter Chiefs,home,10,240233,Ben Coen,fly half,starter
https://rugby-union-feeds.incrowdsports.com/v1/matches/284912,284912,202401,Exeter Chiefs,home,21,208783,Tom Cairns,sub 6,replacement
https://rugby-union-feeds.incrowdsports.com/v1/matches/284912,284912,202401,Exeter Chiefs,home,22,125136,Will Haydon-Wood,sub 7,replacement
https://rugby-union-feeds.incrowdsports.com/v1/matches/284912,284912,202401,Exeter Chiefs,home,7,172979,Jacques Vermeulen,flanker,starter
https://rugby-union-feeds.incrowdsports.com/v1/matches/284912,284912,202401,Exeter Chiefs,home,1,224659,Scott Sio,loosehead prop,starter
https://rugby-union-feeds.incrowdsports.com/v1/matches/284912,284912,202401,Exeter Chiefs,home,3,147666,Josh Iosefa-Scott,tighthead prop,starter
https://rugby-union-feeds.incrowdsports.com/v1/matches/284912,284912,202401,Exeter Chiefs,home,11,169495,Josh Hodge,left wing,starter
https://rugby-union-feeds.incrowdsports.com/v1/matches/284912,284912,202401,Exeter Chiefs,home,4,237272,Dafydd Jenkins,second row,starter
https://rugby-union-feeds.incrowdsports.com/v1/matches/284912,284912,202401,Exeter Chiefs,home,8,170455,Greg Fisilau,number eight,starter
https://rugby-union-feeds.incrowdsports.com/v1/matches/284912,284912,202401,Exeter Chiefs,home,18,160437,Marcus Street,sub 3,replacement
https://rugby-union-feeds.incrowdsports.com/v1/matches/284912,284912,202401,Exeter Chiefs,home,23,243675,Will Rigg,sub 8,replacement
https://rugby-union-feeds.incrowdsports.com/v1/matches/284912,284912,202401,Exeter Chiefs,home,20,213658,Richard Capstick,sub 5,replacement
https://rugby-union-feeds.incrowdsports.com/v1/matches/284912,284912,202401,Exeter Chiefs,home,5,121275,Christ Tshiunza,second row,starter
https://rugby-union-feeds.incrowdsports.com/v1/matches/284912,284912,202401,Exeter Chiefs,home,2,203166,Jack Yeandle,hooker,starter
https://rugby-union-feeds.incrowdsports.com/v1/matches/284912,284912,202401,Exeter Chiefs,home,6,124575,Ethan Roots,flanker,starter
https://rugby-union-feeds.incrowdsports.com/v1/matches/284912,284912,202401,Sale Sharks,away,15,244516,Ollie Davies,full back,starter
https://rugby-union-feeds.incrowdsports.com/v1/matches/284912,284912,202401,Sale Sharks,away,6,242916,Jos Gilmore,flanker,starter
https://rugby-union-feeds.incrowdsports.com/v1/matches/284912,284912,202401,Sale Sharks,away,4,212707,Ernst van Rhyn,second row,starter
https://rugby-union-feeds.incrowdsports.com/v1/matches/284912,284912,202401,Sale Sharks,away,20,100995,Hyron Andrews,sub 5,replacement
https://rugby-union-feeds.incrowdsports.com/v1/matches/284912,284912,202401,Sale Sharks,away,5,137093,Jonny Hill,second row,starter
https://rugby-union-feeds.incrowdsports.com/v1/matches/284912,284912,202401,Sale Sharks,away,14,216069,Tom O'Flaherty,right wing,starter
https://rugby-union-feeds.incrowdsports.com/v1/matches/284912,284912,202401,Sale Sharks,away,8,207429,Jean-Luc du Preez,number eight,starter
https://rugby-union-feeds.incrowdsports.com/v1/matches/284912,284912,202401,Sale Sharks,away,23,103530,Tristan Woodman,sub 8,replacement
https://rugby-union-feeds.incrowdsports.com/v1/matches/284912,284912,202401,Sale Sharks,away,2,206761,Tadgh McElroy,hooker,starter
https://rugby-union-feeds.incrowdsports.com/v1/matches/284912,284912,202401,Sale Sharks,away,9,100557,Gus Warr,scrum half,starter
https://rugby-union-feeds.incrowdsports.com/v1/matches/284912,284912,202401,Sale Sharks,away,11,113103,Arron Reed,left wing,starter
https://rugby-union-feeds.incrowdsports.com/v1/matches/284912,284912,202401,Sale Sharks,away,1,167282,Ross Harrison,loosehead prop,starter
https://rugby-union-feeds.incrowdsports.com/v1/matches/284912,284912,202401,Sale Sharks,away,3,239537,Patreece Bell,tighthead prop,starter
https://rugby-union-feeds.incrowdsports.com/v1/matches/284912,284912,202401,Sale Sharks,away,18,239473,Tye Raymont,sub 3,replacement
https://rugby-union-feeds.incrowdsports.com/v1/matches/284912,284912,202401,Sale Sharks,away,7,205975,Sam Dugdale,flanker,starter
https://rugby-union-feeds.incrowdsports.com/v1/matches/284912,284912,202401,Sale Sharks,away,17,147029,Tumy Onasanya,sub 2,replacement
https://rugby-union-feeds.incrowdsports.com/v1/matches/284912,284912,202401,Sale Sharks,away,21,170933,Nye Thomas,sub 6,replacement
https://rugby-union-feeds.incrowdsports.com/v1/matches/284912,284912,202401,Sale Sharks,away,22,239510,Alex Wills,sub 7,replacement
https://rugby-union-feeds.incrowdsports.com/v1/matches/284912,284912,202401,Sale Sharks,away,13,224475,Joe Bedlow,outside centre,starter
https://rugby-union-feeds.incrowdsports.com/v1/matches/284912,284912,202401,Sale Sharks,away,19,131065,Ben Bamber,sub 4,replacement
https://rugby-union-feeds.incrowdsports.com/v1/matches/284912,284912,202401,Sale Sharks,away,12,191866,Sam Bedlow,inside centre,starter
https://rugby-union-feeds.incrowdsports.com/v1/matches/284912,284912,202401,Sale Sharks,away,10,201247,Tom Curtis,fly half,starter
https://rugby-union-feeds.incrowdsports.com/v1/matches/284912,284912,202401,Sale Sharks,away,16,244541,Alfie Longstaff,sub 1,replacement
https://rugby-union-feeds.incrowdsports.com/v1/matches/284913,284913,202401,Northampton Saints,home,4,193283,Chunya Munga,second row,starter
https://rugby-union-feeds.incrowdsports.com/v1/matches/284913,284913,202401,Northampton Saints,home,17,177699,Tom West,sub 2,replacement
https://rugby-union-feeds.incrowdsports.com/v1/matches/284913,284913,202401,Northampton Saints,home,11,117441,Tom Seabrook,left wing,starter
https://rugby-union-feeds.incrowdsports.com/v1/matches/284913,284913,202401,Northampton Saints,home,23,239490,Will Glister,sub 8,replacement
https://rugby-union-feeds.incrowdsports.com/v1/matches/284913,284913,202401,Northampton Saints,home,5,195010,Tom Lockett,second row,starter
https://rugby-union-feeds.incrowdsports.com/v1/matches/284913,284913,202401,Northampton Saints,home,3,127592,Luke Green,tighthead prop,starter
https://rugby-union-feeds.incrowdsports.com/v1/matches/284913,284913,202401,Northampton Saints,home,9,221996,Tom James,scrum half,starter
https://rugby-union-feeds.incrowdsports.com/v1/matches/284913,284913,202401,Northampton Saints,home,18,175403,Elliot Millar-Mills,sub 3,replacement
https://rugby-union-feeds.incrowdsports.com/v1/matches/284913,284913,202401,Northampton Saints,home,14,178796,James Ramm,right wing,starter
https://rugby-union-feeds.incrowdsports.com/v1/matches/284913,284913,202401,Northampton Saints,home,2,239338,Craig Wright,hooker,starter
https://rugby-union-feeds.incrowdsports.com/v1/matches/284913,284913,202401,Northampton Saints,home,7,108939,Fyn Brown,flanker,starter
https://rugby-union-feeds.incrowdsports.com/v1/matches/284913,284913,202401,Northampton Saints,home,1,187951,Emmanuel Iyogun,loosehead prop,starter
https://rugby-union-feeds.incrowdsports.com/v1/matches/284913,284913,202401,Northampton Saints,home,6,125486,Angus Scott-Young,flanker,starter
https://rugby-union-feeds.incrowdsports.com/v1/matches/284913,284913,202401,Northampton Saints,home,20,199728,Juarno Augustus,sub 5,replacement
https://rugby-union-feeds.incrowdsports.com/v1/matches/284913,284913,202401,Northampton Saints,home,19,124493,Ed Prowse,sub 4,replacement
https://rugby-union-feeds.incrowdsports.com/v1/matches/284913,284913,202401,Northampton Saints,home,16,208109,Nathan Langdon,sub 1,replacement
https://rugby-union-feeds.incrowdsports.com/v1/matches/284913,284913,202401,Northampton Saints,home,12,229939,Charlie Savala,inside centre,starter
https://rugby-union-feeds.incrowdsports.com/v1/matches/284913,284913,202401,Northampton Saints,home,8,104277,Iakopo Mapu,number eight,starter
https://rugby-union-feeds.incrowdsports.com/v1/matches/284913,284913,202401,Northampton Saints,home,21,148152,Jake Garside,sub 6,replacement
https://rugby-union-feeds.incrowdsports.com/v1/matches/284913,284913,202401,Northampton Saints,home,10,109816,Rory Hutchinson,fly half,starter
https://rugby-union-feeds.incrowdsports.com/v1/matches/284913,284913,202401,Northampton Saints,home,13,111099,Tom Litchfield,outside centre,starter
https://rugby-union-feeds.incrowdsports.com/v1/matches/284913,284913,202401,Northampton Saints,home,15,238687,George Hendy,full back,starter
https://rugby-union-feeds.incrowdsports.com/v1/matches/284913,284913,202401,Northampton Saints,home,22,157502,Burger Odendaal,sub 7,replacement
https://rugby-union-feeds.incrowdsports.com/v1/matches/284913,284913,202401,Ealing Trailfinders,away,19,123492,Danny Cutmore,sub 4,replacement
https://rugby-union-feeds.incrowdsports.com/v1/matches/284913,284913,202401,Ealing Trailfinders,away,17,157346,Kyle Whyte,sub 2,replacement
https://rugby-union-feeds.incrowdsports.com/v1/matches/284913,284913,202401,Ealing Trailfinders,away,21,207745,Lloyd Williams,sub 6,replacement
https://rugby-union-feeds.incrowdsports.com/v1/matches/284913,284913,202401,Ealing Trailfinders,away,20,165768,Ollie Newman,sub 5,replacement
https://rugby-union-feeds.incrowdsports.com/v1/matches/284913,284913,202401,Ealing Trailfinders,away,2,166278,Mike Willemse,hooker,starter
https://rugby-union-feeds.incrowdsports.com/v1/matches/284913,284913,202401,Ealing Trailfinders,away,12,139755,Francis Moore,inside centre,starter
https://rugby-union-feeds.incrowdsports.com/v1/matches/284913,284913,202401,Ealing Trailfinders,away,8,215308,David Bridge,number eight,starter
https://rugby-union-feeds.incrowdsports.com/v1/matches/284913,284913,202401,Ealing Trailfinders,away,23,111468,Michael Dykes,sub 8,replacement
https://rugby-union-feeds.incrowdsports.com/v1/matches/284913,284913,202401,Ealing Trailfinders,away,11,133454,Tom Collins,left wing,starter
https://rugby-union-feeds.incrowdsports.com/v1/matches/284913,284913,202401,Ealing Trailfinders,away,7,130961,Jordy Reid,flanker,starter
https://rugby-union-feeds.incrowdsports.com/v1/matches/284913,284913,202401,Ealing Trailfinders,away,22,176020,George Worboys,sub 7,replacement
https://rugby-union-feeds.incrowdsports.com/v1/matches/284913,284913,202401,Ealing Trailfinders,away,4,203154,Bobby de Wee,second row,starter
https://rugby-union-feeds.incrowdsports.com/v1/matches/284913,284913,202401,Ealing Trailfinders,away,3,135223,George Davis,tighthead prop,starter
https://rugby-union-feeds.incrowdsports.com/v1/matches/284913,284913,202401,Ealing Trailfinders,away,14,205461,Angus Kernohan,right wing,starter
https://rugby-union-feeds.incrowdsports.com/v1/matches/284913,284913,202401,Ealing Trailfinders,away,1,237909,Lefty Zigiriadis,loosehead prop,starter
https://rugby-union-feeds.incrowdsports.com/v1/matches/284913,284913,202401,Ealing Trailfinders,away,18,149659,Biyi Alo,sub 3,replacement
https://rugby-union-feeds.incrowdsports.com/v1/matches/284913,284913,202401,Ealing Trailfinders,away,6,122969,Rob Farrar,flanker,starter
https://rugby-union-feeds.incrowdsports.com/v1/matches/284913,284913,202401,Ealing Trailfinders,away,10,172121,Dan Jones,fly half,starter
https://rugby-union-feeds.incrowdsports.com/v1/matches/284913,284913,202401,Ealing Trailfinders,away,13,133626,Reuben Bird-Tulloch,outside centre,starter
https://rugby-union-feeds.incrowdsports.com/v1/matches/284913,284913,202401,Ealing Trailfinders,away,15,141567,Tobi Wilson,full back,starter
https://rugby-union-feeds.incrowdsports.com/v1/matches/284913,284913,202401,Ealing Trailfinders,away,16,176895,Matt Cornish,sub 1,replacement
https://rugby-union-feeds.incrowdsports.com/v1/matches/284913,284913,202401,Ealing Trailfinders,away,9,162333,Craig Hampson,scrum half,starter
https://rugby-union-feeds.incrowdsports.com/v1/matches/284913,284913,202401,Ealing Trailfinders,away,5,117376,Sean Lonsdale,second row,starter
https://rugby-union-feeds.incrowdsports.com/v1/matches/284915,284915,202401,Newcastle Falcons,home,21,176289,James Elliott,sub 6,replacement
https://rugby-union-feeds.incrowdsports.com/v1/matches/284915,284915,202401,Newcastle Falcons,home,4,207425,Philip van der Walt,second row,starter
https://rugby-union-feeds.incrowdsports.com/v1/matches/284915,284915,202401,Newcastle Falcons,home,22,204296,Kieran Wilkinson,sub 7,replacement
https://rugby-union-feeds.incrowdsports.com/v1/matches/284915,284915,202401,Newcastle Falcons,home,8,168872,Callum Chick,number eight,starter
https://rugby-union-feeds.incrowdsports.com/v1/matches/284915,284915,202401,Newcastle Falcons,home,10,205702,Brett Connon,fly half,starter
https://rugby-union-feeds.incrowdsports.com/v1/matches/284915,284915,202401,Newcastle Falcons,home,6,219782,Freddie Lockwood,flanker,starter
https://rugby-union-feeds.incrowdsports.com/v1/matches/284915,284915,202401,Newcastle Falcons,home,16,207081,Ollie Fletcher,sub 1,replacement
https://rugby-union-feeds.incrowdsports.com/v1/matches/284915,284915,202401,Newcastle Falcons,home,13,210511,Connor Doherty,outside centre,starter
https://rugby-union-feeds.incrowdsports.com/v1/matches/284915,284915,202401,Newcastle Falcons,home,18,200621,Richard Palframan,sub 3,replacement
https://rugby-union-feeds.incrowdsports.com/v1/matches/284915,284915,202401,Newcastle Falcons,home,5,213140,Kiran McDonald Seran,second row,starter
https://rugby-union-feeds.incrowdsports.com/v1/matches/284915,284915,202401,Newcastle Falcons,home,3,205585,Murray McCallum,tighthead prop,starter
https://rugby-union-feeds.incrowdsports.com/v1/matches/284915,284915,202401,Newcastle Falcons,home,19,154551,Sebastian de Chaves,sub 4,replacement
https://rugby-union-feeds.incrowdsports.com/v1/matches/284915,284915,202401,Newcastle Falcons,home,9,137624,Sam Stuart,scrum half,starter
https://rugby-union-feeds.incrowdsports.com/v1/matches/284915,284915,202401,Newcastle Falcons,home,1,164792,Adam Brocklebank,loosehead prop,starter
https://rugby-union-feeds.incrowdsports.com/v1/matches/284915,284915,202401,Newcastle Falcons,home,20,190680,Ollie Leatherbarrow,sub 5,replacement
https://rugby-union-feeds.incrowdsports.com/v1/matches/284915,284915,202401,Newcastle Falcons,home,15,145014,Elliott Obatoyinbo,full back,starter
https://rugby-union-feeds.incrowdsports.com/v1/matches/284915,284915,202401,Newcastle Falcons,home,11,143126,Ben Stevenson,left wing,starter
https://rugby-union-feeds.incrowdsports.com/v1/matches/284915,284915,202401,Newcastle Falcons,home,23,222549,Oli Spencer,sub 8,replacement
https://rugby-union-feeds.incrowdsports.com/v1/matches/284915,284915,202401,Newcastle Falcons,home,7,157275,Cameron Neild,flanker,starter
https://rugby-union-feeds.incrowdsports.com/v1/matches/284915,284915,202401,Newcastle Falcons,home,14,199072,Alex Hearle,right wing,starter
https://rugby-union-feeds.incrowdsports.com/v1/matches/284915,284915,202401,Newcastle Falcons,home,2,160415,Jamie Blamire,hooker,starter
https://rugby-union-feeds.incrowdsports.com/v1/matches/284915,284915,202401,Newcastle Falcons,home,17,239550,Mike Rewcastle,sub 2,replacement
https://rugby-union-feeds.incrowdsports.com/v1/matches/284915,284915,202401,Newcastle Falcons,home,12,108863,Sammy Arnold,inside centre,starter
https://rugby-union-feeds.incrowdsports.com/v1/matches/284915,284915,202401,Bath Rugby,away,13,175011,Max Ojomoh,outside centre,starter
https://rugby-union-feeds.incrowdsports.com/v1/matches/284915,284915,202401,Bath Rugby,away,7,123233,Ethan Staddon,flanker,starter
https://rugby-union-feeds.incrowdsports.com/v1/matches/284915,284915,202401,Bath Rugby,away,12,210178,Will Butt,inside centre,starter
https://rugby-union-feeds.incrowdsports.com/v1/matches/284915,284915,202401,Bath Rugby,away,18,187169,Archie Griffin,sub 3,replacement
https://rugby-union-feeds.incrowdsports.com/v1/matches/284915,284915,202401,Bath Rugby,away,10,101123,Ciaran Donoghue,fly half,starter
https://rugby-union-feeds.incrowdsports.com/v1/matches/284915,284915,202401,Bath Rugby,away,9,156834,Tom Carr-Smith,scrum half,starter
https://rugby-union-feeds.incrowdsports.com/v1/matches/284915,284915,202401,Bath Rugby,away,3,137026,Kieran Verden,tighthead prop,starter
https://rugby-union-feeds.incrowdsports.com/v1/matches/284915,284915,202401,Bath Rugby,away,6,239297,Arthur Green,flanker,starter
https://rugby-union-feeds.incrowdsports.com/v1/matches/284915,284915,202401,Bath Rugby,away,16,218695,Jasper Spandler,sub 1,replacement
https://rugby-union-feeds.incrowdsports.com/v1/matches/284915,284915,202401,Bath Rugby,away,20,195208,Miles Reid,sub 5,replacement
https://rugby-union-feeds.incrowdsports.com/v1/matches/284915,284915,202401,Bath Rugby,away,14,179563,Joe Cokanasiga,right wing,starter
https://rugby-union-feeds.incrowdsports.com/v1/matches/284915,284915,202401,Bath Rugby,away,8,145484,Alfie Barbeary,number eight,starter
https://rugby-union-feeds.incrowdsports.com/v1/matches/284915,284915,202401,Bath Rugby,away,15,243600,Austin Emens,full back,starter
https://rugby-union-feeds.incrowdsports.com/v1/matches/284915,284915,202401,Bath Rugby,away,19,239503,Harvey Cuckson,sub 4,replacement
https://rugby-union-feeds.incrowdsports.com/v1/matches/284915,284915,202401,Bath Rugby,away,21,241747,Neil le Roux,sub 6,replacement
https://rugby-union-feeds.incrowdsports.com/v1/matches/284915,284915,202401,Bath Rugby,away,2,225778,Tom Dunn,hooker,starter
https://rugby-union-feeds.incrowdsports.com/v1/matches/284915,284915,202401,Bath Rugby,away,5,105205,Ross Molony,second row,starter
https://rugby-union-feeds.incrowdsports.com/v1/matches/284915,284915,202401,Bath Rugby,away,17,116821,Francois van Wyk,sub 2,replacement
https://rugby-union-feeds.incrowdsports.com/v1/matches/284915,284915,202401,Bath Rugby,away,4,217750,Ewan Richards,second row,starter
https://rugby-union-feeds.incrowdsports.com/v1/matches/284915,284915,202401,Bath Rugby,away,11,112538,Ruaridh McConnochie,left wing,starter
https://rugby-union-feeds.incrowdsports.com/v1/matches/284915,284915,202401,Bath Rugby,away,1,219609,Arthur Cordwell,loosehead prop,starter
https://rugby-union-feeds.incrowdsports.com/v1/matches/284915,284915,202401,Bath Rugby,away,23,155514,Jaco Coetzee,sub 8,replacement
https://rugby-union-feeds.incrowdsports.com/v1/matches/284915,284915,202401,Bath Rugby,away,22,233245,Louie Hennessey,sub 7,replacement
https://rugby-union-feeds.incrowdsports.com/v1/matches/284916,284916,202401,Exeter Chiefs,home,20,169636,Martin Moloney,sub 5,replacement
https://rugby-union-feeds.incrowdsports.com/v1/matches/284916,284916,202401,Exeter Chiefs,home,15,184679,Tommy Wyatt,full back,starter
https://rugby-union-feeds.incrowdsports.com/v1/matches/284916,284916,202401,Exeter Chiefs,home,14,251397,Paul Brown-Bampoe,right wing,starter
https://rugby-union-feeds.incrowdsports.com/v1/matches/284916,284916,202401,Exeter Chiefs,home,12,211147,Tamati Tua,inside centre,starter
https://rugby-union-feeds.incrowdsports.com/v1/matches/284916,284916,202401,Exeter Chiefs,home,1,157036,Kwenzo Blose,loosehead prop,starter
https://rugby-union-feeds.incrowdsports.com/v1/matches/284916,284916,202401,Exeter Chiefs,home,16,103625,Dan Frost,sub 1,replacement
https://rugby-union-feeds.incrowdsports.com/v1/matches/284916,284916,202401,Exeter Chiefs,home,19,208971,Franco Molina,sub 4,replacement
https://rugby-union-feeds.incrowdsports.com/v1/matches/284916,284916,202401,Exeter Chiefs,home,13,197546,Joe Hawkins,outside centre,starter
https://rugby-union-feeds.incrowdsports.com/v1/matches/284916,284916,202401,Exeter Chiefs,home,10,240233,Ben Coen,fly half,starter
https://rugby-union-feeds.incrowdsports.com/v1/matches/284916,284916,202401,Exeter Chiefs,home,9,208783,Tom Cairns,scrum half,starter
https://rugby-union-feeds.incrowdsports.com/v1/matches/284916,284916,202401,Exeter Chiefs,home,17,203342,Billy Keast,sub 2,replacement
https://rugby-union-feeds.incrowdsports.com/v1/matches/284916,284916,202401,Exeter Chiefs,home,21,243341,Niall Armstrong,sub 6,replacement
https://rugby-union-feeds.incrowdsports.com/v1/matches/284916,284916,202401,Exeter Chiefs,home,7,172979,Jacques Vermeulen,flanker,starter
https://rugby-union-feeds.incrowdsports.com/v1/matches/284916,284916,202401,Exeter Chiefs,home,3,147666,Josh Iosefa-Scott,tighthead prop,starter
https://rugby-union-feeds.incrowdsports.com/v1/matches/284916,284916,202401,Exeter Chiefs,home,11,169495,Josh Hodge,left wing,starter
https://rugby-union-feeds.incrowdsports.com/v1/matches/284916,284916,202401,Exeter Chiefs,home,8,170455,Greg Fisilau,number eight,starter
https://rugby-union-feeds.incrowdsports.com/v1/matches/284916,284916,202401,Exeter Chiefs,home,18,160437,Marcus Street,sub 3,replacement
https://rugby-union-feeds.incrowdsports.com/v1/matches/284916,284916,202401,Exeter Chiefs,home,23,243675,Will Rigg,sub 8,replacement
https://rugby-union-feeds.incrowdsports.com/v1/matches/284916,284916,202401,Exeter Chiefs,home,4,213658,Richard Capstick,second row,starter
https://rugby-union-feeds.incrowdsports.com/v1/matches/284916,284916,202401,Exeter Chiefs,home,5,121275,Christ Tshiunza,second row,starter
https://rugby-union-feeds.incrowdsports.com/v1/matches/284916,284916,202401,Exeter Chiefs,home,22,225024,Harvey Skinner,sub 7,replacement
https://rugby-union-feeds.incrowdsports.com/v1/matches/284916,284916,202401,Exeter Chiefs,home,2,203166,Jack Yeandle,hooker,starter
https://rugby-union-feeds.incrowdsports.com/v1/matches/284916,284916,202401,Exeter Chiefs,home,6,124575,Ethan Roots,flanker,starter
https://rugby-union-feeds.incrowdsports.com/v1/matches/284916,284916,202401,Ealing Trailfinders,away,5,123492,Danny Cutmore,second row,starter
https://rugby-union-feeds.incrowdsports.com/v1/matches/284916,284916,202401,Ealing Trailfinders,away,17,157346,Kyle Whyte,sub 2,replacement
https://rugby-union-feeds.incrowdsports.com/v1/matches/284916,284916,202401,Ealing Trailfinders,away,21,207745,Lloyd Williams,sub 6,replacement
https://rugby-union-feeds.incrowdsports.com/v1/matches/284916,284916,202401,Ealing Trailfinders,away,20,165768,Ollie Newman,sub 5,replacement
https://rugby-union-feeds.incrowdsports.com/v1/matches/284916,284916,202401,Ealing Trailfinders,away,12,139755,Francis Moore,inside centre,starter
https://rugby-union-feeds.incrowdsports.com/v1/matches/284916,284916,202401,Ealing Trailfinders,away,8,215308,David Bridge,number eight,starter
https://rugby-union-feeds.incrowdsports.com/v1/matches/284916,284916,202401,Ealing Trailfinders,away,23,111468,Michael Dykes,sub 8,replacement
https://rugby-union-feeds.incrowdsports.com/v1/matches/284916,284916,202401,Ealing Trailfinders,away,16,121131,Scott Buckley,sub 1,replacement
https://rugby-union-feeds.incrowdsports.com/v1/matches/284916,284916,202401,Ealing Trailfinders,away,11,133454,Tom Collins,left wing,starter
https://rugby-union-feeds.incrowdsports.com/v1/matches/284916,284916,202401,Ealing Trailfinders,away,10,176020,George Worboys,fly half,starter
https://rugby-union-feeds.incrowdsports.com/v1/matches/284916,284916,202401,Ealing Trailfinders,away,7,130961,Jordy Reid,flanker,starter
https://rugby-union-feeds.incrowdsports.com/v1/matches/284916,284916,202401,Ealing Trailfinders,away,4,203154,Bobby de Wee,second row,starter
https://rugby-union-feeds.incrowdsports.com/v1/matches/284916,284916,202401,Ealing Trailfinders,away,3,135223,George Davis,tighthead prop,starter
https://rugby-union-feeds.incrowdsports.com/v1/matches/284916,284916,202401,Ealing Trailfinders,away,14,205461,Angus Kernohan,right wing,starter
https://rugby-union-feeds.incrowdsports.com/v1/matches/284916,284916,202401,Ealing Trailfinders,away,1,237909,Lefty Zigiriadis,loosehead prop,starter
https://rugby-union-feeds.incrowdsports.com/v1/matches/284916,284916,202401,Ealing Trailfinders,away,18,149659,Biyi Alo,sub 3,replacement
https://rugby-union-feeds.incrowdsports.com/v1/matches/284916,284916,202401,Ealing Trailfinders,away,6,122969,Rob Farrar,flanker,starter
https://rugby-union-feeds.incrowdsports.com/v1/matches/284916,284916,202401,Ealing Trailfinders,away,13,133626,Reuben Bird-Tulloch,outside centre,starter
https://rugby-union-feeds.incrowdsports.com/v1/matches/284916,284916,202401,Ealing Trailfinders,away,22,158938,Craig Willis,sub 7,replacement
https://rugby-union-feeds.incrowdsports.com/v1/matches/284916,284916,202401,Ealing Trailfinders,away,15,141567,Tobi Wilson,full back,starter
https://rugby-union-feeds.incrowdsports.com/v1/matches/284916,284916,202401,Ealing Trailfinders,away,2,176895,Matt Cornish,hooker,starter
https://rugby-union-feeds.incrowdsports.com/v1/matches/284916,284916,202401,Ealing Trailfinders,away,9,162333,Craig Hampson,scrum half,starter
https://rugby-union-feeds.incrowdsports.com/v1/matches/284916,284916,202401,Ealing Trailfinders,away,19,117376,Sean Lonsdale,sub 4,replacement
https://rugby-union-feeds.incrowdsports.com/v1/matches/284917,284917,202401,Exeter Chiefs,home,15,184679,Tommy Wyatt,full back,starter
https://rugby-union-feeds.incrowdsports.com/v1/matches/284917,284917,202401,Exeter Chiefs,home,19,171271,Lewis Pearson,sub 4,replacement
https://rugby-union-feeds.incrowdsports.com/v1/matches/284917,284917,202401,Exeter Chiefs,home,14,251397,Paul Brown-Bampoe,right wing,starter
https://rugby-union-feeds.incrowdsports.com/v1/matches/284917,284917,202401,Exeter Chiefs,home,9,128743,Stu Townsend,scrum half,starter
https://rugby-union-feeds.incrowdsports.com/v1/matches/284917,284917,202401,Exeter Chiefs,home,12,211147,Tamati Tua,inside centre,starter
https://rugby-union-feeds.incrowdsports.com/v1/matches/284917,284917,202401,Exeter Chiefs,home,4,208971,Franco Molina,second row,starter
https://rugby-union-feeds.incrowdsports.com/v1/matches/284917,284917,202401,Exeter Chiefs,home,16,103625,Dan Frost,sub 1,replacement
https://rugby-union-feeds.incrowdsports.com/v1/matches/284917,284917,202401,Exeter Chiefs,home,17,157036,Kwenzo Blose,sub 2,replacement
https://rugby-union-feeds.incrowdsports.com/v1/matches/284917,284917,202401,Exeter Chiefs,home,13,197546,Joe Hawkins,outside centre,starter
https://rugby-union-feeds.incrowdsports.com/v1/matches/284917,284917,202401,Exeter Chiefs,home,21,208783,Tom Cairns,sub 6,replacement
https://rugby-union-feeds.incrowdsports.com/v1/matches/284917,284917,202401,Exeter Chiefs,home,22,125136,Will Haydon-Wood,sub 7,replacement
https://rugby-union-feeds.incrowdsports.com/v1/matches/284917,284917,202401,Exeter Chiefs,home,7,172979,Jacques Vermeulen,flanker,starter
https://rugby-union-feeds.incrowdsports.com/v1/matches/284917,284917,202401,Exeter Chiefs,home,1,224659,Scott Sio,loosehead prop,starter
https://rugby-union-feeds.incrowdsports.com/v1/matches/284917,284917,202401,Exeter Chiefs,home,3,147666,Josh Iosefa-Scott,tighthead prop,starter
https://rugby-union-feeds.incrowdsports.com/v1/matches/284917,284917,202401,Exeter Chiefs,home,11,169495,Josh Hodge,left wing,starter
https://rugby-union-feeds.incrowdsports.com/v1/matches/284917,284917,202401,Exeter Chiefs,home,8,170455,Greg Fisilau,number eight,starter
https://rugby-union-feeds.incrowdsports.com/v1/matches/284917,284917,202401,Exeter Chiefs,home,18,160437,Marcus Street,sub 3,replacement
https://rugby-union-feeds.incrowdsports.com/v1/matches/284917,284917,202401,Exeter Chiefs,home,23,243675,Will Rigg,sub 8,replacement
https://rugby-union-feeds.incrowdsports.com/v1/matches/284917,284917,202401,Exeter Chiefs,home,20,213658,Richard Capstick,sub 5,replacement
https://rugby-union-feeds.incrowdsports.com/v1/matches/284917,284917,202401,Exeter Chiefs,home,5,121275,Christ Tshiunza,second row,starter
https://rugby-union-feeds.incrowdsports.com/v1/matches/284917,284917,202401,Exeter Chiefs,home,10,225024,Harvey Skinner,fly half,starter
https://rugby-union-feeds.incrowdsports.com/v1/matches/284917,284917,202401,Exeter Chiefs,home,2,203166,Jack Yeandle,hooker,starter
https://rugby-union-feeds.incrowdsports.com/v1/matches/284917,284917,202401,Exeter Chiefs,home,6,124575,Ethan Roots,flanker,starter
https://rugby-union-feeds.incrowdsports.com/v1/matches/284917,284917,202401,Bath Rugby,away,22,175011,Max Ojomoh,sub 7,replacement
https://rugby-union-feeds.incrowdsports.com/v1/matches/284917,284917,202401,Bath Rugby,away,7,123233,Ethan Staddon,flanker,starter
https://rugby-union-feeds.incrowdsports.com/v1/matches/284917,284917,202401,Bath Rugby,away,12,210178,Will Butt,inside centre,starter
https://rugby-union-feeds.incrowdsports.com/v1/matches/284917,284917,202401,Bath Rugby,away,10,101123,Ciaran Donoghue,fly half,starter
https://rugby-union-feeds.incrowdsports.com/v1/matches/284917,284917,202401,Bath Rugby,away,9,156834,Tom Carr-Smith,scrum half,starter
https://rugby-union-feeds.incrowdsports.com/v1/matches/284917,284917,202401,Bath Rugby,away,3,137026,Kieran Verden,tighthead prop,starter
https://rugby-union-feeds.incrowdsports.com/v1/matches/284917,284917,202401,Bath Rugby,away,6,239297,Arthur Green,flanker,starter
https://rugby-union-feeds.incrowdsports.com/v1/matches/284917,284917,202401,Bath Rugby,away,2,218695,Jasper Spandler,hooker,starter
https://rugby-union-feeds.incrowdsports.com/v1/matches/284917,284917,202401,Bath Rugby,away,19,195208,Miles Reid,sub 4,replacement
https://rugby-union-feeds.incrowdsports.com/v1/matches/284917,284917,202401,Bath Rugby,away,14,179563,Joe Cokanasiga,right wing,starter
https://rugby-union-feeds.incrowdsports.com/v1/matches/284917,284917,202401,Bath Rugby,away,13,154219,Cameron Redpath,outside centre,starter
https://rugby-union-feeds.incrowdsports.com/v1/matches/284917,284917,202401,Bath Rugby,away,8,145484,Alfie Barbeary,number eight,starter
https://rugby-union-feeds.incrowdsports.com/v1/matches/284917,284917,202401,Bath Rugby,away,20,112684,Guy Pepper,sub 5,replacement
https://rugby-union-feeds.incrowdsports.com/v1/matches/284917,284917,202401,Bath Rugby,away,17,130283,Beno Obano,sub 2,replacement
https://rugby-union-feeds.incrowdsports.com/v1/matches/284917,284917,202401,Bath Rugby,away,15,243600,Austin Emens,full back,starter
https://rugby-union-feeds.incrowdsports.com/v1/matches/284917,284917,202401,Bath Rugby,away,21,202868,Louis Schreuder,sub 6,replacement
https://rugby-union-feeds.incrowdsports.com/v1/matches/284917,284917,202401,Bath Rugby,away,16,225778,Tom Dunn,sub 1,replacement
https://rugby-union-feeds.incrowdsports.com/v1/matches/284917,284917,202401,Bath Rugby,away,5,217750,Ewan Richards,second row,starter
https://rugby-union-feeds.incrowdsports.com/v1/matches/284917,284917,202401,Bath Rugby,away,11,112538,Ruaridh McConnochie,left wing,starter
https://rugby-union-feeds.incrowdsports.com/v1/matches/284917,284917,202401,Bath Rugby,away,18,104572,Thomas du Toit,sub 3,replacement
https://rugby-union-feeds.incrowdsports.com/v1/matches/284917,284917,202401,Bath Rugby,away,1,219609,Arthur Cordwell,loosehead prop,starter
https://rugby-union-feeds.incrowdsports.com/v1/matches/284917,284917,202401,Bath Rugby,away,23,155514,Jaco Coetzee,sub 8,replacement
https://rugby-union-feeds.incrowdsports.com/v1/matches/284917,284917,202401,Bath Rugby,away,4,239294,Will Jeanes,second row,starter
https://rugby-union-feeds.incrowdsports.com/v1/matches/289031,289031,202501,Gloucester Rugby,home,10,110114,Ross Byrne,fly half,starter
https://rugby-union-feeds.incrowdsports.com/v1/matches/289031,289031,202501,Gloucester Rugby,home,6,217603,James Venter,flanker,starter
https://rugby-union-feeds.incrowdsports.com/v1/matches/289031,289031,202501,Gloucester Rugby,home,20,191521,Josh Basham,sub 5,replacement
https://rugby-union-feeds.incrowdsports.com/v1/matches/289031,289031,202501,Gloucester Rugby,home,9,201697,Caolan Englefield,scrum half,starter
https://rugby-union-feeds.incrowdsports.com/v1/matches/289031,289031,202501,Gloucester Rugby,home,11,124069,Ollie Thorley,left wing,starter
https://rugby-union-feeds.incrowdsports.com/v1/matches/289031,289031,202501,Gloucester Rugby,home,5,120165,Cam Jordan,second row,starter
https://rugby-union-feeds.incrowdsports.com/v1/matches/289031,289031,202501,Gloucester Rugby,home,16,132680,Jack Innard,sub 1,replacement
https://rugby-union-feeds.incrowdsports.com/v1/matches/289031,289031,202501,Gloucester Rugby,home,21,237895,Mike Austin,sub 6,replacement
https://rugby-union-feeds.incrowdsports.com/v1/matches/289031,289031,202501,Gloucester Rugby,home,13,186214,Max Llewellyn,outside centre,starter
https://rugby-union-feeds.incrowdsports.com/v1/matches/289031,289031,202501,Gloucester Rugby,home,8,113799,Jack Clement,number eight,starter
https://rugby-union-feeds.incrowdsports.com/v1/matches/289031,289031,202501,Gloucester Rugby,home,4,196875,Freddie Thomas,second row,starter
https://rugby-union-feeds.incrowdsports.com/v1/matches/289031,289031,202501,Gloucester Rugby,home,15,123243,Charlie Atkinson,full back,starter
https://rugby-union-feeds.incrowdsports.com/v1/matches/289031,289031,202501,Gloucester Rugby,home,14,196173,Will Joseph,right wing,starter
https://rugby-union-feeds.incrowdsports.com/v1/matches/289031,289031,202501,Gloucester Rugby,home,12,112368,Will Butler,inside centre,starter
https://rugby-union-feeds.incrowdsports.com/v1/matches/289031,289031,202501,Gloucester Rugby,home,1,189971,Ciaran Knight,loosehead prop,starter
https://rugby-union-feeds.incrowdsports.com/v1/matches/289031,289031,202501,Gloucester Rugby,home,17,147089,Archie McArthur,sub 2,replacement
https://rugby-union-feeds.incrowdsports.com/v1/matches/289031,289031,202501,Gloucester Rugby,home,18,201234,Kirill Gotovtsev,sub 3,replacement
https://rugby-union-feeds.incrowdsports.com/v1/matches/289031,289031,202501,Gloucester Rugby,home,22,133265,George Barton,sub 7,replacement
https://rugby-union-feeds.incrowdsports.com/v1/matches/289031,289031,202501,Gloucester Rugby,home,23,102295,Josiah Edwards-Giraud,sub 8,replacement
https://rugby-union-feeds.incrowdsports.com/v1/matches/289031,289031,202501,Gloucester Rugby,home,7,209756,Lewis Ludlow,flanker,starter
https://rugby-union-feeds.incrowdsports.com/v1/matches/289031,289031,202501,Gloucester Rugby,home,2,122972,Jack Singleton,hooker,starter
https://rugby-union-feeds.incrowdsports.com/v1/matches/289031,289031,202501,Gloucester Rugby,home,3,239418,Afolabi Fasogbon,tighthead prop,starter
https://rugby-union-feeds.incrowdsports.com/v1/matches/289031,289031,202501,Gloucester Rugby,home,19,117823,Matias Alemanno,sub 4,replacement
https://rugby-union-feeds.incrowdsports.com/v1/matches/289031,289031,202501,Exeter Chiefs,away,13,102180,Ben Hammersley,outside centre,starter
https://rugby-union-feeds.incrowdsports.com/v1/matches/289031,289031,202501,Exeter Chiefs,away,4,171271,Lewis Pearson,second row,starter
https://rugby-union-feeds.incrowdsports.com/v1/matches/289031,289031,202501,Exeter Chiefs,away,14,251397,Paul Brown-Bampoe,right wing,starter
https://rugby-union-feeds.incrowdsports.com/v1/matches/289031,289031,202501,Exeter Chiefs,away,17,157036,Kwenzo Blose,sub 2,replacement
https://rugby-union-feeds.incrowdsports.com/v1/matches/289031,289031,202501,Exeter Chiefs,away,21,117545,Charlie Chapman,sub 6,replacement
https://rugby-union-feeds.incrowdsports.com/v1/matches/289031,289031,202501,Exeter Chiefs,away,1,201738,Will Goodrick-Clarke,loosehead prop,starter
https://rugby-union-feeds.incrowdsports.com/v1/matches/289031,289031,202501,Exeter Chiefs,away,12,116395,Harry Ascherl,inside centre,starter
https://rugby-union-feeds.incrowdsports.com/v1/matches/289031,289031,202501,Exeter Chiefs,away,9,110891,Steve Varney,scrum half,starter
https://rugby-union-feeds.incrowdsports.com/v1/matches/289031,289031,202501,Exeter Chiefs,away,22,240233,Ben Coen,sub 7,replacement
https://rugby-union-feeds.incrowdsports.com/v1/matches/289031,289031,202501,Exeter Chiefs,away,19,128750,Andrea Zambonin,sub 4,replacement
https://rugby-union-feeds.incrowdsports.com/v1/matches/289031,289031,202501,Exeter Chiefs,away,15,125136,Will Haydon-Wood,full back,starter
https://rugby-union-feeds.incrowdsports.com/v1/matches/289031,289031,202501,Exeter Chiefs,away,18,188174,Jimmy Roots,sub 3,replacement
https://rugby-union-feeds.incrowdsports.com/v1/matches/289031,289031,202501,Exeter Chiefs,away,23,240051,Zack Wimbush,sub 8,replacement
https://rugby-union-feeds.incrowdsports.com/v1/matches/289031,289031,202501,Exeter Chiefs,away,11,244498,Nick Lilley,left wing,starter
https://rugby-union-feeds.incrowdsports.com/v1/matches/289031,289031,202501,Exeter Chiefs,away,3,147666,Josh Iosefa-Scott,tighthead prop,starter
https://rugby-union-feeds.incrowdsports.com/v1/matches/289031,289031,202501,Exeter Chiefs,away,8,237233,Ross Vintcent,number eight,starter
https://rugby-union-feeds.incrowdsports.com/v1/matches/289031,289031,202501,Exeter Chiefs,away,5,112986,Rus Tuima,second row,starter
https://rugby-union-feeds.incrowdsports.com/v1/matches/289031,289031,202501,Exeter Chiefs,away,6,121275,Christ Tshiunza,flanker,starter
https://rugby-union-feeds.incrowdsports.com/v1/matches/289031,289031,202501,Exeter Chiefs,away,10,225024,Harvey Skinner,fly half,starter
https://rugby-union-feeds.incrowdsports.com/v1/matches/289031,289031,202501,Exeter Chiefs,away,20,243167,Kane James,sub 5,replacement
https://rugby-union-feeds.incrowdsports.com/v1/matches/289031,289031,202501,Exeter Chiefs,away,16,203166,Jack Yeandle,sub 1,replacement
https://rugby-union-feeds.incrowdsports.com/v1/matches/289031,289031,202501,Exeter Chiefs,away,2,213725,Joseph Dweba,hooker,starter
https://rugby-union-feeds.incrowdsports.com/v1/matches/289031,289031,202501,Exeter Chiefs,away,7,124575,Ethan Roots,flanker,starter
https://rugby-union-feeds.incrowdsports.com/v1/matches/289032,289032,202501,Newcastle Red Bulls,home,7,140708,Tom Gordon,flanker,starter
https://rugby-union-feeds.incrowdsports.com/v1/matches/289032,289032,202501,Newcastle Red Bulls,home,21,176289,James Elliott,sub 6,replacement
https://rugby-union-feeds.incrowdsports.com/v1/matches/289032,289032,202501,Newcastle Red Bulls,home,11,226119,Joel Grayson,left wing,starter
https://rugby-union-feeds.incrowdsports.com/v1/matches/289032,289032,202501,Newcastle Red Bulls,home,2,163400,George McGuigan,hooker,starter
https://rugby-union-feeds.incrowdsports.com/v1/matches/289032,289032,202501,Newcastle Red Bulls,home,5,141000,Jamie Hodgson,second row,starter
https://rugby-union-feeds.incrowdsports.com/v1/matches/289032,289032,202501,Newcastle Red Bulls,home,12,169829,Max Clark,inside centre,starter
https://rugby-union-feeds.incrowdsports.com/v1/matches/289032,289032,202501,Newcastle Red Bulls,home,10,205702,Brett Connon,fly half,starter
https://rugby-union-feeds.incrowdsports.com/v1/matches/289032,289032,202501,Newcastle Red Bulls,home,20,219782,Freddie Lockwood,sub 5,replacement
https://rugby-union-feeds.incrowdsports.com/v1/matches/289032,289032,202501,Newcastle Red Bulls,home,22,243174,Rhys Beeckmans,sub 7,replacement
https://rugby-union-feeds.incrowdsports.com/v1/matches/289032,289032,202501,Newcastle Red Bulls,home,16,207081,Ollie Fletcher,sub 1,replacement
https://rugby-union-feeds.incrowdsports.com/v1/matches/289032,289032,202501,Newcastle Red Bulls,home,4,248979,Oscar Usher,second row,starter
https://rugby-union-feeds.incrowdsports.com/v1/matches/289032,289032,202501,Newcastle Red Bulls,home,1,205585,Murray McCallum,loosehead prop,starter
https://rugby-union-feeds.incrowdsports.com/v1/matches/289032,289032,202501,Newcastle Red Bulls,home,3,143607,Luan de Bruin,tighthead prop,starter
https://rugby-union-feeds.incrowdsports.com/v1/matches/289032,289032,202501,Newcastle Red Bulls,home,18,170103,Callum Hancock,sub 3,replacement
https://rugby-union-feeds.incrowdsports.com/v1/matches/289032,289032,202501,Newcastle Red Bulls,home,19,154551,Sebastian de Chaves,sub 4,replacement
https://rugby-union-feeds.incrowdsports.com/v1/matches/289032,289032,202501,Newcastle Red Bulls,home,9,137624,Sam Stuart,scrum half,starter
https://rugby-union-feeds.incrowdsports.com/v1/matches/289032,289032,202501,Newcastle Red Bulls,home,14,222549,Oll Spencer,right wing,starter
https://rugby-union-feeds.incrowdsports.com/v1/matches/289032,289032,202501,Newcastle Red Bulls,home,6,157275,Cameron Neild,flanker,starter
https://rugby-union-feeds.incrowdsports.com/v1/matches/289032,289032,202501,Newcastle Red Bulls,home,23,239961,Nathan Greenwood,sub 8,replacement
https://rugby-union-feeds.incrowdsports.com/v1/matches/289032,289032,202501,Newcastle Red Bulls,home,15,199072,Alex Hearle,full back,starter
https://rugby-union-feeds.incrowdsports.com/v1/matches/289032,289032,202501,Newcastle Red Bulls,home,8,114429,Amanaki Mafi,number eight,starter
https://rugby-union-feeds.incrowdsports.com/v1/matches/289032,289032,202501,Newcastle Red Bulls,home,17,239550,Micky Rewcastle,sub 2,replacement
https://rugby-union-feeds.incrowdsports.com/v1/matches/289032,289032,202501,Newcastle Red Bulls,home,13,108863,Sammy Arnold,outside centre,starter
https://rugby-union-feeds.incrowdsports.com/v1/matches/289032,289032,202501,Harlequins,away,1,140419,Jordan Els,loosehead prop,starter
https://rugby-union-feeds.incrowdsports.com/v1/matches/289032,289032,202501,Harlequins,away,22,241156,Jake Murray,sub 7,replacement
https://rugby-union-feeds.incrowdsports.com/v1/matches/289032,289032,202501,Harlequins,away,18,243138,Ollie Streeter,sub 3,replacement
https://rugby-union-feeds.incrowdsports.com/v1/matches/289032,289032,202501,Harlequins,away,6,239649,Zach Carr,flanker,starter
https://rugby-union-feeds.incrowdsports.com/v1/matches/289032,289032,202501,Harlequins,away,16,149058,Sam Riley,sub 1,replacement
https://rugby-union-feeds.incrowdsports.com/v1/matches/289032,289032,202501,Harlequins,away,11,145735,Cameron Anderson,left wing,starter
https://rugby-union-feeds.incrowdsports.com/v1/matches/289032,289032,202501,Harlequins,away,5,140680,Stephan Lewies,second row,starter
https://rugby-union-feeds.incrowdsports.com/v1/matches/289032,289032,202501,Harlequins,away,2,137125,Jack Walker,hooker,starter
https://rugby-union-feeds.incrowdsports.com/v1/matches/289032,289032,202501,Harlequins,away,19,239590,Harry Browne,sub 4,replacement
https://rugby-union-feeds.incrowdsports.com/v1/matches/289032,289032,202501,Harlequins,away,3,253324,Cameron Doak,tighthead prop,starter
https://rugby-union-feeds.incrowdsports.com/v1/matches/289032,289032,202501,Harlequins,away,10,159436,Jamie Benson,fly half,starter
https://rugby-union-feeds.incrowdsports.com/v1/matches/289032,289032,202501,Harlequins,away,21,248937,Elliot Williams,sub 6,replacement
https://rugby-union-feeds.incrowdsports.com/v1/matches/289032,289032,202501,Harlequins,away,12,239604,Sean Kerr,inside centre,starter
https://rugby-union-feeds.incrowdsports.com/v1/matches/289032,289032,202501,Harlequins,away,23,165170,Hayden Hyde,sub 8,replacement
https://rugby-union-feeds.incrowdsports.com/v1/matches/289032,289032,202501,Harlequins,away,14,182934,Cassius Cleaves,right wing,starter
https://rugby-union-feeds.incrowdsports.com/v1/matches/289032,289032,202501,Harlequins,away,9,224220,Max Green,scrum half,starter
https://rugby-union-feeds.incrowdsports.com/v1/matches/289032,289032,202501,Harlequins,away,15,137369,Nick David,full back,starter
https://rugby-union-feeds.incrowdsports.com/v1/matches/289032,289032,202501,Harlequins,away,20,132185,Joe Launchbury,sub 5,replacement
https://rugby-union-feeds.incrowdsports.com/v1/matches/289032,289032,202501,Harlequins,away,13,114587,Bryn Bradley,outside centre,starter
https://rugby-union-feeds.incrowdsports.com/v1/matches/289032,289032,202501,Harlequins,away,4,120187,Jonny Green,second row,starter
https://rugby-union-feeds.incrowdsports.com/v1/matches/289032,289032,202501,Harlequins,away,8,243129,Lucas Schmid,number eight,starter
https://rugby-union-feeds.incrowdsports.com/v1/matches/289032,289032,202501,Harlequins,away,7,144543,Tom Lawday,flanker,starter
https://rugby-union-feeds.incrowdsports.com/v1/matches/289032,289032,202501,Harlequins,away,17,243136,Jamie Miller,sub 2,replacement
https://rugby-union-feeds.incrowdsports.com/v1/matches/289034,289034,202501,Leicester Tigers,home,15,173217,Ollie Hassell-Collins,full back,starter
https://rugby-union-feeds.incrowdsports.com/v1/matches/289034,289034,202501,Leicester Tigers,home,16,101384,Finn Theobald-Thomas,sub 1,replacement
https://rugby-union-feeds.incrowdsports.com/v1/matches/289034,289034,202501,Leicester Tigers,home,3,208037,Will Hurd,tighthead prop,starter
https://rugby-union-feeds.incrowdsports.com/v1/matches/289034,289034,202501,Leicester Tigers,home,13,111760,Izaia Perese,outside centre,starter
https://rugby-union-feeds.incrowdsports.com/v1/matches/289034,289034,202501,Leicester Tigers,home,12,239278,Joe Woodward,inside centre,starter
https://rugby-union-feeds.incrowdsports.com/v1/matches/289034,289034,202501,Leicester Tigers,home,9,170190,Tom Whiteley,scrum half,starter
https://rugby-union-feeds.incrowdsports.com/v1/matches/289034,289034,202501,Leicester Tigers,home,19,248781,Harry Palmer,sub 4,replacement
https://rugby-union-feeds.incrowdsports.com/v1/matches/289034,289034,202501,Leicester Tigers,home,22,154164,Charlie Titcombe,sub 7,replacement
https://rugby-union-feeds.incrowdsports.com/v1/matches/289034,289034,202501,Leicester Tigers,home,5,149842,James Thompson,second row,starter
https://rugby-union-feeds.incrowdsports.com/v1/matches/289034,289034,202501,Leicester Tigers,home,23,237969,Will Wand,sub 8,replacement
https://rugby-union-feeds.incrowdsports.com/v1/matches/289034,289034,202501,Leicester Tigers,home,8,216823,Olly Cracknell,number eight,starter
https://rugby-union-feeds.incrowdsports.com/v1/matches/289034,289034,202501,Leicester Tigers,home,1,244534,Archie van der Flier,loosehead prop,starter
https://rugby-union-feeds.incrowdsports.com/v1/matches/289034,289034,202501,Leicester Tigers,home,14,221884,Adam Radwan,right wing,starter
https://rugby-union-feeds.incrowdsports.com/v1/matches/289034,289034,202501,Leicester Tigers,home,10,220475,Orlando Bailey,fly half,starter
https://rugby-union-feeds.incrowdsports.com/v1/matches/289034,289034,202501,Leicester Tigers,home,17,242875,Tubuna Maka,sub 2,replacement
https://rugby-union-feeds.incrowdsports.com/v1/matches/289034,289034,202501,Leicester Tigers,home,4,132697,Tom Manz,second row,starter
https://rugby-union-feeds.incrowdsports.com/v1/matches/289034,289034,202501,Leicester Tigers,home,18,253626,Ale Loman,sub 3,replacement
https://rugby-union-feeds.incrowdsports.com/v1/matches/289034,289034,202501,Leicester Tigers,home,7,129595,Emeka Ilione,flanker,starter
https://rugby-union-feeds.incrowdsports.com/v1/matches/289034,289034,202501,Leicester Tigers,home,2,160415,Jamie Blamire,hooker,starter
https://rugby-union-feeds.incrowdsports.com/v1/matches/289034,289034,202501,Leicester Tigers,home,20,237152,Joaquin Moro,sub 5,replacement
https://rugby-union-feeds.incrowdsports.com/v1/matches/289034,289034,202501,Leicester Tigers,home,21,239424,Ollie Allan,sub 6,replacement
https://rugby-union-feeds.incrowdsports.com/v1/matches/289034,289034,202501,Leicester Tigers,home,6,156512,Hanro Liebenberg,flanker,starter
https://rugby-union-feeds.incrowdsports.com/v1/matches/289034,289034,202501,Leicester Tigers,home,11,165885,Gabe Hamer-Webb,left wing,starter
https://rugby-union-feeds.incrowdsports.com/v1/matches/289034,289034,202501,Saracens,away,23,170435,Rotimi Segun,sub 8,replacement
https://rugby-union-feeds.incrowdsports.com/v1/matches/289034,289034,202501,Saracens,away,16,120033,Eoghan Clarke,sub 1,replacement
https://rugby-union-feeds.incrowdsports.com/v1/matches/289034,289034,202501,Saracens,away,4,218727,Harry Wilson,second row,starter
https://rugby-union-feeds.incrowdsports.com/v1/matches/289034,289034,202501,Saracens,away,15,211692,Max Malins,full back,starter
https://rugby-union-feeds.incrowdsports.com/v1/matches/289034,289034,202501,Saracens,away,10,104042,Louie Johnson,fly half,starter
https://rugby-union-feeds.incrowdsports.com/v1/matches/289034,289034,202501,Saracens,away,9,239403,Charlie Bracken,scrum half,starter
https://rugby-union-feeds.incrowdsports.com/v1/matches/289034,289034,202501,Saracens,away,8,132812,Nathan Michelow,number eight,starter
https://rugby-union-feeds.incrowdsports.com/v1/matches/289034,289034,202501,Saracens,away,22,182025,Brandon Jackson-Richards,sub 7,replacement
https://rugby-union-feeds.incrowdsports.com/v1/matches/289034,289034,202501,Saracens,away,20,243060,Reggie Hammick,sub 5,replacement
https://rugby-union-feeds.incrowdsports.com/v1/matches/289034,289034,202501,Saracens,away,12,127601,Cammy Hutchison,inside centre,starter
https://rugby-union-feeds.incrowdsports.com/v1/matches/289034,289034,202501,Saracens,away,1,119955,Rhys Carre,loosehead prop,starter
https://rugby-union-feeds.incrowdsports.com/v1/matches/289034,289034,202501,Saracens,away,3,107059,Marco Riccioni,tighthead prop,starter
https://rugby-union-feeds.incrowdsports.com/v1/matches/289034,289034,202501,Saracens,away,7,242936,Charlie West,flanker,starter
https://rugby-union-feeds.incrowdsports.com/v1/matches/289034,289034,202501,Saracens,away,21,185080,Ivan van Zyl,sub 6,replacement
https://rugby-union-feeds.incrowdsports.com/v1/matches/289034,289034,202501,Saracens,away,18,160437,Marcus Street,sub 3,replacement
https://rugby-union-feeds.incrowdsports.com/v1/matches/289034,289034,202501,Saracens,away,13,104921,Nick Tompkins,outside centre,starter
https://rugby-union-feeds.incrowdsports.com/v1/matches/289034,289034,202501,Saracens,away,17,103033,Tietie Tuimauga,sub 2,replacement
https://rugby-union-feeds.incrowdsports.com/v1/matches/289034,289034,202501,Saracens,away,2,144473,James Hadfield,hooker,starter
https://rugby-union-feeds.incrowdsports.com/v1/matches/289034,289034,202501,Saracens,away,5,198623,Hugh Tizard,second row,starter
https://rugby-union-feeds.incrowdsports.com/v1/matches/289034,289034,202501,Saracens,away,6,239647,Olamide Sodeke,flanker,starter
https://rugby-union-feeds.incrowdsports.com/v1/matches/289034,289034,202501,Saracens,away,14,242942,Jack Bracken,right wing,starter
https://rugby-union-feeds.incrowdsports.com/v1/matches/289034,289034,202501,Saracens,away,19,239614,Kennedy Sylvester-Junior,sub 4,replacement
https://rugby-union-feeds.incrowdsports.com/v1/matches/289034,289034,202501,Saracens,away,11,252989,Noah Caluori,left wing,starter
https://rugby-union-feeds.incrowdsports.com/v1/matches/289033,289033,202501,Sale Sharks,home,15,244516,Ollie Davies,full back,starter
https://rugby-union-feeds.incrowdsports.com/v1/matches/289033,289033,202501,Sale Sharks,home,12,212196,Rekeiti Ma'asi-White,inside centre,starter
https://rugby-union-feeds.incrowdsports.com/v1/matches/289033,289033,202501,Sale Sharks,home,20,242916,Jos Gilmore,sub 5,replacement
https://rugby-union-feeds.incrowdsports.com/v1/matches/289033,289033,202501,Sale Sharks,home,8,212707,Ernst van Rhyn,number eight,starter
https://rugby-union-feeds.incrowdsports.com/v1/matches/289033,289033,202501,Sale Sharks,home,5,100995,Hyron Andrews,second row,starter
https://rugby-union-feeds.incrowdsports.com/v1/matches/289033,289033,202501,Sale Sharks,home,19,239462,Tom Burrow,sub 4,replacement
https://rugby-union-feeds.incrowdsports.com/v1/matches/289033,289033,202501,Sale Sharks,home,14,216069,Tom O'Flaherty,right wing,starter
https://rugby-union-feeds.incrowdsports.com/v1/matches/289033,289033,202501,Sale Sharks,home,23,103530,Tristan Woodman,sub 8,replacement
https://rugby-union-feeds.incrowdsports.com/v1/matches/289033,289033,202501,Sale Sharks,home,11,153804,Obi Ene,left wing,starter
https://rugby-union-feeds.incrowdsports.com/v1/matches/289033,289033,202501,Sale Sharks,home,6,172979,Jacques Vermeulen,flanker,starter
https://rugby-union-feeds.incrowdsports.com/v1/matches/289033,289033,202501,Sale Sharks,home,16,109874,Ethan Caine,sub 1,replacement
https://rugby-union-feeds.incrowdsports.com/v1/matches/289033,289033,202501,Sale Sharks,home,18,239537,Patreece Bell,sub 3,replacement
https://rugby-union-feeds.incrowdsports.com/v1/matches/289033,289033,202501,Sale Sharks,home,13,199800,Rob du Preez,outside centre,starter
https://rugby-union-feeds.incrowdsports.com/v1/matches/289033,289033,202501,Sale Sharks,home,2,145720,Nathan Jibulu,hooker,starter
https://rugby-union-feeds.incrowdsports.com/v1/matches/289033,289033,202501,Sale Sharks,home,7,205975,Sam Dugdale,flanker,starter
https://rugby-union-feeds.incrowdsports.com/v1/matches/289033,289033,202501,Sale Sharks,home,9,170933,Nye Thomas,scrum half,starter
https://rugby-union-feeds.incrowdsports.com/v1/matches/289033,289033,202501,Sale Sharks,home,17,147029,Tumy Onasanya,sub 2,replacement
https://rugby-union-feeds.incrowdsports.com/v1/matches/289033,289033,202501,Sale Sharks,home,1,221308,Si McIntyre,loosehead prop,starter
https://rugby-union-feeds.incrowdsports.com/v1/matches/289033,289033,202501,Sale Sharks,home,3,123738,James Harper,tighthead prop,starter
https://rugby-union-feeds.incrowdsports.com/v1/matches/289033,289033,202501,Sale Sharks,home,4,131065,Ben Bamber,second row,starter
https://rugby-union-feeds.incrowdsports.com/v1/matches/289033,289033,202501,Sale Sharks,home,21,242906,Dom Hanson,sub 6,replacement
https://rugby-union-feeds.incrowdsports.com/v1/matches/289033,289033,202501,Sale Sharks,home,22,191866,Sam Bedlow,sub 7,replacement
https://rugby-union-feeds.incrowdsports.com/v1/matches/289033,289033,202501,Sale Sharks,home,10,201247,Tom Curtis,fly half,starter
https://rugby-union-feeds.incrowdsports.com/v1/matches/289033,289033,202501,Bristol Bears,away,1,106402,Jake Woolmore,loosehead prop,starter
https://rugby-union-feeds.incrowdsports.com/v1/matches/289033,289033,202501,Bristol Bears,away,7,112066,Fitz Harding,flanker,starter
https://rugby-union-feeds.incrowdsports.com/v1/matches/289033,289033,202501,Bristol Bears,away,8,245732,Benjamin Grondona,number eight,starter
https://rugby-union-feeds.incrowdsports.com/v1/matches/289033,289033,202501,Bristol Bears,away,17,221988,Sam Grahamslaw,sub 2,replacement
https://rugby-union-feeds.incrowdsports.com/v1/matches/289033,289033,202501,Bristol Bears,away,22,156903,James Williams,sub 7,replacement
https://rugby-union-feeds.incrowdsports.com/v1/matches/289033,289033,202501,Bristol Bears,away,10,212999,AJ MacGinty,fly half,starter
https://rugby-union-feeds.incrowdsports.com/v1/matches/289033,289033,202501,Bristol Bears,away,12,217606,Benhard Janse van Rensburg,inside centre,starter
https://rugby-union-feeds.incrowdsports.com/v1/matches/289033,289033,202501,Bristol Bears,away,19,244806,Kenzie Jenkins,sub 4,replacement
https://rugby-union-feeds.incrowdsports.com/v1/matches/289033,289033,202501,Bristol Bears,away,4,237996,Joe Owen,second row,starter
https://rugby-union-feeds.incrowdsports.com/v1/matches/289033,289033,202501,Bristol Bears,away,2,183340,Harry Thacker,hooker,starter
https://rugby-union-feeds.incrowdsports.com/v1/matches/289033,289033,202501,Bristol Bears,away,14,243018,Aidan Boshoff,right wing,starter
https://rugby-union-feeds.incrowdsports.com/v1/matches/289033,289033,202501,Bristol Bears,away,3,163209,George Kloska,tighthead prop,starter
https://rugby-union-feeds.incrowdsports.com/v1/matches/289033,289033,202501,Bristol Bears,away,15,255411,Josh Carrington,full back,starter
https://rugby-union-feeds.incrowdsports.com/v1/matches/289033,289033,202501,Bristol Bears,away,13,243442,Joe Jenkins,outside centre,starter
https://rugby-union-feeds.incrowdsports.com/v1/matches/289033,289033,202501,Bristol Bears,away,11,131218,Gabriel Ibitoye,left wing,starter
https://rugby-union-feeds.incrowdsports.com/v1/matches/289033,289033,202501,Bristol Bears,away,5,147794,Joe Batley,second row,starter
https://rugby-union-feeds.incrowdsports.com/v1/matches/289033,289033,202501,Bristol Bears,away,21,116536,Max Pepper,sub 6,replacement
https://rugby-union-feeds.incrowdsports.com/v1/matches/289033,289033,202501,Bristol Bears,away,16,152822,Tomas Gwilliam,sub 1,replacement
https://rugby-union-feeds.incrowdsports.com/v1/matches/289033,289033,202501,Bristol Bears,away,9,210010,Kieran Marmion,scrum half,starter
https://rugby-union-feeds.incrowdsports.com/v1/matches/289033,289033,202501,Bristol Bears,away,18,223904,Lovejoy Chawatama,sub 3,replacement
https://rugby-union-feeds.incrowdsports.com/v1/matches/289033,289033,202501,Bristol Bears,away,6,238494,Luka Ivanishvili,flanker,starter
https://rugby-union-feeds.incrowdsports.com/v1/matches/289033,289033,202501,Bristol Bears,away,20,153502,Kofi Cripps,sub 5,replacement
https://rugby-union-feeds.incrowdsports.com/v1/matches/289033,289033,202501,Bristol Bears,away,23,120767,Louis Rees-Zammit,sub 8,replacement
https://rugby-union-feeds.incrowdsports.com/v1/matches/289036,289036,202501,Saracens,home,11,170435,Rotimi Segun,left wing,starter
https://rugby-union-feeds.incrowdsports.com/v1/matches/289036,289036,202501,Saracens,home,16,120033,Eoghan Clarke,sub 1,replacement
https://rugby-union-feeds.incrowdsports.com/v1/matches/289036,289036,202501,Saracens,home,6,218727,Harry Wilson,flanker,starter
https://rugby-union-feeds.incrowdsports.com/v1/matches/289036,289036,202501,Saracens,home,17,239493,Alex O'Driscoll,sub 2,replacement
https://rugby-union-feeds.incrowdsports.com/v1/matches/289036,289036,202501,Saracens,home,15,211692,Max Malins,full back,starter
https://rugby-union-feeds.incrowdsports.com/v1/matches/289036,289036,202501,Saracens,home,10,104042,Louie Johnson,fly half,starter
https://rugby-union-feeds.incrowdsports.com/v1/matches/289036,289036,202501,Saracens,home,9,239403,Charlie Bracken,scrum half,starter
https://rugby-union-feeds.incrowdsports.com/v1/matches/289036,289036,202501,Saracens,home,8,132812,Nathan Michelow,number eight,starter
https://rugby-union-feeds.incrowdsports.com/v1/matches/289036,289036,202501,Saracens,home,7,152009,Andy Onyeama-Christie,flanker,starter
https://rugby-union-feeds.incrowdsports.com/v1/matches/289036,289036,202501,Saracens,home,23,182025,Brandon Jackson-Richards,sub 8,replacement
https://rugby-union-feeds.incrowdsports.com/v1/matches/289036,289036,202501,Saracens,home,22,255529,Luke Davidson,sub 7,replacement
https://rugby-union-feeds.incrowdsports.com/v1/matches/289036,289036,202501,Saracens,home,13,202925,Sam Spink,outside centre,starter
https://rugby-union-feeds.incrowdsports.com/v1/matches/289036,289036,202501,Saracens,home,2,111794,Theo Dan,hooker,starter
https://rugby-union-feeds.incrowdsports.com/v1/matches/289036,289036,202501,Saracens,home,12,127601,Cammy Hutchison,inside centre,starter
https://rugby-union-feeds.incrowdsports.com/v1/matches/289036,289036,202501,Saracens,home,1,119955,Rhys Carre,loosehead prop,starter
https://rugby-union-feeds.incrowdsports.com/v1/matches/289036,289036,202501,Saracens,home,20,242936,Charlie West,sub 5,replacement
https://rugby-union-feeds.incrowdsports.com/v1/matches/289036,289036,202501,Saracens,home,3,160437,Marcus Street,tighthead prop,starter
https://rugby-union-feeds.incrowdsports.com/v1/matches/289036,289036,202501,Saracens,home,18,103033,Tietie Tuimauga,sub 3,replacement
https://rugby-union-feeds.incrowdsports.com/v1/matches/289036,289036,202501,Saracens,home,21,177055,Gareth Simpson,sub 6,replacement
https://rugby-union-feeds.incrowdsports.com/v1/matches/289036,289036,202501,Saracens,home,4,214751,Nick Isiekwe,second row,starter
https://rugby-union-feeds.incrowdsports.com/v1/matches/289036,289036,202501,Saracens,home,5,239647,Olamide Sodeke,second row,starter
https://rugby-union-feeds.incrowdsports.com/v1/matches/289036,289036,202501,Saracens,home,14,242942,Jack Bracken,right wing,starter
https://rugby-union-feeds.incrowdsports.com/v1/matches/289036,289036,202501,Saracens,home,19,239614,Kennedy Sylvester-Junior,sub 4,replacement
https://rugby-union-feeds.incrowdsports.com/v1/matches/289036,289036,202501,Northampton Saints,away,10,119745,Anthony Belleau,fly half,starter
https://rugby-union-feeds.incrowdsports.com/v1/matches/289036,289036,202501,Northampton Saints,away,23,244744,Amena Caqusau,sub 8,replacement
https://rugby-union-feeds.incrowdsports.com/v1/matches/289036,289036,202501,Northampton Saints,away,8,168872,Callum Chick,number eight,starter
https://rugby-union-feeds.incrowdsports.com/v1/matches/289036,289036,202501,Northampton Saints,away,18,175403,Elliot Millar-Mills,sub 3,replacement
https://rugby-union-feeds.incrowdsports.com/v1/matches/289036,289036,202501,Northampton Saints,away,14,178796,James Ramm,right wing,starter
https://rugby-union-feeds.incrowdsports.com/v1/matches/289036,289036,202501,Northampton Saints,away,2,239338,Craig Wright,hooker,starter
https://rugby-union-feeds.incrowdsports.com/v1/matches/289036,289036,202501,Northampton Saints,away,17,123723,Danilo Fischetti,sub 2,replacement
https://rugby-union-feeds.incrowdsports.com/v1/matches/289036,289036,202501,Northampton Saints,away,19,108939,Fyn Brown,sub 4,replacement
https://rugby-union-feeds.incrowdsports.com/v1/matches/289036,289036,202501,Northampton Saints,away,1,187951,Emmanuel Iyogun,loosehead prop,starter
https://rugby-union-feeds.incrowdsports.com/v1/matches/289036,289036,202501,Northampton Saints,away,6,125486,Angus Scott-Young,flanker,starter
https://rugby-union-feeds.incrowdsports.com/v1/matches/289036,289036,202501,Northampton Saints,away,4,124493,Ed Prowse,second row,starter
https://rugby-union-feeds.incrowdsports.com/v1/matches/289036,289036,202501,Northampton Saints,away,21,248787,Jonny Weimann,sub 6,replacement
https://rugby-union-feeds.incrowdsports.com/v1/matches/289036,289036,202501,Northampton Saints,away,9,239345,Archie McParland,scrum half,starter
https://rugby-union-feeds.incrowdsports.com/v1/matches/289036,289036,202501,Northampton Saints,away,3,102707,Trevor Davison,tighthead prop,starter
https://rugby-union-feeds.incrowdsports.com/v1/matches/289036,289036,202501,Northampton Saints,away,16,185586,Henry Walker,sub 1,replacement
https://rugby-union-feeds.incrowdsports.com/v1/matches/289036,289036,202501,Northampton Saints,away,20,212369,Sam Graham,sub 5,replacement
https://rugby-union-feeds.incrowdsports.com/v1/matches/289036,289036,202501,Northampton Saints,away,11,248790,Edoardo Todaro,left wing,starter
https://rugby-union-feeds.incrowdsports.com/v1/matches/289036,289036,202501,Northampton Saints,away,5,225654,JJ van der Mescht,second row,starter
https://rugby-union-feeds.incrowdsports.com/v1/matches/289036,289036,202501,Northampton Saints,away,22,193878,James Martin,sub 7,replacement
https://rugby-union-feeds.incrowdsports.com/v1/matches/289036,289036,202501,Northampton Saints,away,7,219643,Tom Pearson,flanker,starter
https://rugby-union-feeds.incrowdsports.com/v1/matches/289036,289036,202501,Northampton Saints,away,13,111099,Tom Litchfield,outside centre,starter
https://rugby-union-feeds.incrowdsports.com/v1/matches/289036,289036,202501,Northampton Saints,away,15,238687,George Hendy,full back,starter
https://rugby-union-feeds.incrowdsports.com/v1/matches/289036,289036,202501,Northampton Saints,away,12,239358,Toby Thame,inside centre,starter
https://rugby-union-feeds.incrowdsports.com/v1/matches/289035,289035,202501,Gloucester Rugby,home,4,253378,Deian Gwynne,second row,starter
https://rugby-union-feeds.incrowdsports.com/v1/matches/289035,289035,202501,Gloucester Rugby,home,18,118628,Rhys Davies,sub 3,replacement
https://rugby-union-feeds.incrowdsports.com/v1/matches/289035,289035,202501,Gloucester Rugby,home,9,237895,Mike Austin,scrum half,starter
https://rugby-union-feeds.incrowdsports.com/v1/matches/289035,289035,202501,Gloucester Rugby,home,20,250508,Jack Gilbert,sub 5,replacement
https://rugby-union-feeds.incrowdsports.com/v1/matches/289035,289035,202501,Gloucester Rugby,home,11,244523,Jack Cotgreave,left wing,starter
https://rugby-union-feeds.incrowdsports.com/v1/matches/289035,289035,202501,Gloucester Rugby,home,5,242539,Hugh Bokenham,second row,starter
https://rugby-union-feeds.incrowdsports.com/v1/matches/289035,289035,202501,Gloucester Rugby,home,6,137423,Harry Taylor,flanker,starter
https://rugby-union-feeds.incrowdsports.com/v1/matches/289035,289035,202501,Gloucester Rugby,home,17,248749,George Alexander,sub 2,replacement
https://rugby-union-feeds.incrowdsports.com/v1/matches/289035,289035,202501,Gloucester Rugby,home,14,255122,Ewan Caven,right wing,starter
https://rugby-union-feeds.incrowdsports.com/v1/matches/289035,289035,202501,Gloucester Rugby,home,10,133265,George Barton,fly half,starter
https://rugby-union-feeds.incrowdsports.com/v1/matches/289035,289035,202501,Gloucester Rugby,home,15,176050,Jake Morris,full back,starter
https://rugby-union-feeds.incrowdsports.com/v1/matches/289035,289035,202501,Gloucester Rugby,home,2,242961,George Knowles,hooker,starter
https://rugby-union-feeds.incrowdsports.com/v1/matches/289035,289035,202501,Gloucester Rugby,home,3,248849,Harry Wright,tighthead prop,starter
https://rugby-union-feeds.incrowdsports.com/v1/matches/289035,289035,202501,Gloucester Rugby,home,8,104022,Will Trenholm,number eight,starter
https://rugby-union-feeds.incrowdsports.com/v1/matches/289035,289035,202501,Gloucester Rugby,home,19,240535,Peter Paramore,sub 4,replacement
https://rugby-union-feeds.incrowdsports.com/v1/matches/289035,289035,202501,Gloucester Rugby,home,13,254908,Will Knight,outside centre,starter
https://rugby-union-feeds.incrowdsports.com/v1/matches/289035,289035,202501,Gloucester Rugby,home,22,248860,Rio Ebanks,sub 7,replacement
https://rugby-union-feeds.incrowdsports.com/v1/matches/289035,289035,202501,Gloucester Rugby,home,12,239578,Max Knight,inside centre,starter
https://rugby-union-feeds.incrowdsports.com/v1/matches/289035,289035,202501,Gloucester Rugby,home,21,239321,Rhys Price,sub 6,replacement
https://rugby-union-feeds.incrowdsports.com/v1/matches/289035,289035,202501,Gloucester Rugby,home,16,248862,Kealan Freeman Price,sub 1,replacement
https://rugby-union-feeds.incrowdsports.com/v1/matches/289035,289035,202501,Gloucester Rugby,home,1,129823,Jono Benz-Salomon,loosehead prop,starter
https://rugby-union-feeds.incrowdsports.com/v1/matches/289035,289035,202501,Gloucester Rugby,home,7,244925,Caio James,flanker,starter
https://rugby-union-feeds.incrowdsports.com/v1/matches/289035,289035,202501,Gloucester Rugby,home,23,254909,George Dufty,sub 8,replacement
https://rugby-union-feeds.incrowdsports.com/v1/matches/289035,289035,202501,Bristol Bears,away,1,221988,Sam Grahamslaw,loosehead prop,starter
https://rugby-union-feeds.incrowdsports.com/v1/matches/289035,289035,202501,Bristol Bears,away,8,245732,Benjamin Grondona,number eight,starter
https://rugby-union-feeds.incrowdsports.com/v1/matches/289035,289035,202501,Bristol Bears,away,20,112066,Fitz Harding,sub 5,replacement
https://rugby-union-feeds.incrowdsports.com/v1/matches/289035,289035,202501,Bristol Bears,away,18,239330,Jimmy Halliwell,sub 3,replacement
https://rugby-union-feeds.incrowdsports.com/v1/matches/289035,289035,202501,Bristol Bears,away,10,212999,AJ MacGinty,fly half,starter
https://rugby-union-feeds.incrowdsports.com/v1/matches/289035,289035,202501,Bristol Bears,away,19,244806,Kenzie Jenkins,sub 4,replacement
https://rugby-union-feeds.incrowdsports.com/v1/matches/289035,289035,202501,Bristol Bears,away,5,237996,Joe Owen,second row,starter
https://rugby-union-feeds.incrowdsports.com/v1/matches/289035,289035,202501,Bristol Bears,away,11,243018,Aidan Boshoff,left wing,starter
https://rugby-union-feeds.incrowdsports.com/v1/matches/289035,289035,202501,Bristol Bears,away,9,195214,Harry Randall,scrum half,starter
https://rugby-union-feeds.incrowdsports.com/v1/matches/289035,289035,202501,Bristol Bears,away,15,243508,Tom Jordan,full back,starter
https://rugby-union-feeds.incrowdsports.com/v1/matches/289035,289035,202501,Bristol Bears,away,13,243442,Joe Jenkins,outside centre,starter
https://rugby-union-feeds.incrowdsports.com/v1/matches/289035,289035,202501,Bristol Bears,away,17,239313,Louie Trevett,sub 2,replacement
https://rugby-union-feeds.incrowdsports.com/v1/matches/289035,289035,202501,Bristol Bears,away,23,254999,Evan Morris,sub 8,replacement
https://rugby-union-feeds.incrowdsports.com/v1/matches/289035,289035,202501,Bristol Bears,away,21,116536,Max Pepper,sub 6,replacement
https://rugby-union-feeds.incrowdsports.com/v1/matches/289035,289035,202501,Bristol Bears,away,4,239317,Paddy Pearce,second row,starter
https://rugby-union-feeds.incrowdsports.com/v1/matches/289035,289035,202501,Bristol Bears,away,16,152822,Tomas Gwilliam,sub 1,replacement
https://rugby-union-feeds.incrowdsports.com/v1/matches/289035,289035,202501,Bristol Bears,away,3,223904,Lovejoy Chawatama,tighthead prop,starter
https://rugby-union-feeds.incrowdsports.com/v1/matches/289035,289035,202501,Bristol Bears,away,2,127101,Gabriel Oghre,hooker,starter
https://rugby-union-feeds.incrowdsports.com/v1/matches/289035,289035,202501,Bristol Bears,away,6,238494,Luka Ivanishvili,flanker,starter
https://rugby-union-feeds.incrowdsports.com/v1/matches/289035,289035,202501,Bristol Bears,away,14,120767,Louis Rees-Zammit,right wing,starter
https://rugby-union-feeds.incrowdsports.com/v1/matches/289035,289035,202501,Bristol Bears,away,12,244797,Toby Baker,inside centre,starter
https://rugby-union-feeds.incrowdsports.com/v1/matches/289035,289035,202501,Bristol Bears,away,7,153502,Kofi Cripps,flanker,starter
https://rugby-union-feeds.incrowdsports.com/v1/matches/289035,289035,202501,Bristol Bears,away,22,240061,Sam Worsley,sub 7,replacement
https://rugby-union-feeds.incrowdsports.com/v1/matches/289037,289037,202501,Harlequins,home,1,140419,Jordan Els,loosehead prop,starter
https://rugby-union-feeds.incrowdsports.com/v1/matches/289037,289037,202501,Harlequins,home,21,241156,Jake Murray,sub 6,replacement
https://rugby-union-feeds.incrowdsports.com/v1/matches/289037,289037,202501,Harlequins,home,18,243138,Ollie Streeter,sub 3,replacement
https://rugby-union-feeds.incrowdsports.com/v1/matches/289037,289037,202501,Harlequins,home,20,239649,Zach Carr,sub 5,replacement
https://rugby-union-feeds.incrowdsports.com/v1/matches/289037,289037,202501,Harlequins,home,4,138343,Kieran Treadwell,second row,starter
https://rugby-union-feeds.incrowdsports.com/v1/matches/289037,289037,202501,Harlequins,home,23,145735,Cameron Anderson,sub 8,replacement
https://rugby-union-feeds.incrowdsports.com/v1/matches/289037,289037,202501,Harlequins,home,2,137125,Jack Walker,hooker,starter
https://rugby-union-feeds.incrowdsports.com/v1/matches/289037,289037,202501,Harlequins,home,19,239590,Harry Browne,sub 4,replacement
https://rugby-union-feeds.incrowdsports.com/v1/matches/289037,289037,202501,Harlequins,home,3,161452,Harry Williams,tighthead prop,starter
https://rugby-union-feeds.incrowdsports.com/v1/matches/289037,289037,202501,Harlequins,home,12,239604,Sean Kerr,inside centre,starter
https://rugby-union-feeds.incrowdsports.com/v1/matches/289037,289037,202501,Harlequins,home,15,182642,Tyrone Green,full back,starter
https://rugby-union-feeds.incrowdsports.com/v1/matches/289037,289037,202501,Harlequins,home,6,175826,Jack Kenningham,flanker,starter
https://rugby-union-feeds.incrowdsports.com/v1/matches/289037,289037,202501,Harlequins,home,22,165170,Hayden Hyde,sub 7,replacement
https://rugby-union-feeds.incrowdsports.com/v1/matches/289037,289037,202501,Harlequins,home,14,182934,Cassius Cleaves,right wing,starter
https://rugby-union-feeds.incrowdsports.com/v1/matches/289037,289037,202501,Harlequins,home,9,224220,Max Green,scrum half,starter
https://rugby-union-feeds.incrowdsports.com/v1/matches/289037,289037,202501,Harlequins,home,10,218331,Jarrod Evans,fly half,starter
https://rugby-union-feeds.incrowdsports.com/v1/matches/289037,289037,202501,Harlequins,home,11,137369,Nick David,left wing,starter
https://rugby-union-feeds.incrowdsports.com/v1/matches/289037,289037,202501,Harlequins,home,5,120187,Jonny Green,second row,starter
https://rugby-union-feeds.incrowdsports.com/v1/matches/289037,289037,202501,Harlequins,home,13,162399,Ludo Kolade,outside centre,starter
https://rugby-union-feeds.incrowdsports.com/v1/matches/289037,289037,202501,Harlequins,home,8,144543,Tom Lawday,number eight,starter
https://rugby-union-feeds.incrowdsports.com/v1/matches/289037,289037,202501,Harlequins,home,16,218848,George Turner,sub 1,replacement
https://rugby-union-feeds.incrowdsports.com/v1/matches/289037,289037,202501,Harlequins,home,17,243136,Jamie Miller,sub 2,replacement
https://rugby-union-feeds.incrowdsports.com/v1/matches/289037,289037,202501,Harlequins,home,7,143933,Will Evans,flanker,starter
https://rugby-union-feeds.incrowdsports.com/v1/matches/289037,289037,202501,Leicester Tigers,away,5,244456,Osian Thomas,second row,starter
https://rugby-union-feeds.incrowdsports.com/v1/matches/289037,289037,202501,Leicester Tigers,away,7,239272,Josh Manz,flanker,starter
https://rugby-union-feeds.incrowdsports.com/v1/matches/289037,289037,202501,Leicester Tigers,away,16,101384,Finn Theobald-Thomas,sub 1,replacement
https://rugby-union-feeds.incrowdsports.com/v1/matches/289037,289037,202501,Leicester Tigers,away,18,245004,Cameron Miell,sub 3,replacement
https://rugby-union-feeds.incrowdsports.com/v1/matches/289037,289037,202501,Leicester Tigers,away,11,201483,Ryan Crowley,left wing,starter
https://rugby-union-feeds.incrowdsports.com/v1/matches/289037,289037,202501,Leicester Tigers,away,23,244459,Tom Threlfall,sub 8,replacement
https://rugby-union-feeds.incrowdsports.com/v1/matches/289037,289037,202501,Leicester Tigers,away,20,248778,George Marsh,sub 5,replacement
https://rugby-union-feeds.incrowdsports.com/v1/matches/289037,289037,202501,Leicester Tigers,away,19,250601,Monty Loggenberg,sub 4,replacement
https://rugby-union-feeds.incrowdsports.com/v1/matches/289037,289037,202501,Leicester Tigers,away,22,128683,Billy Searle,sub 7,replacement
https://rugby-union-feeds.incrowdsports.com/v1/matches/289037,289037,202501,Leicester Tigers,away,2,216656,Charlie Clare,hooker,starter
https://rugby-union-feeds.incrowdsports.com/v1/matches/289037,289037,202501,Leicester Tigers,away,12,239278,Joe Woodward,inside centre,starter
https://rugby-union-feeds.incrowdsports.com/v1/matches/289037,289037,202501,Leicester Tigers,away,6,248781,Harry Palmer,flanker,starter
https://rugby-union-feeds.incrowdsports.com/v1/matches/289037,289037,202501,Leicester Tigers,away,17,110319,Nicky Smith,sub 2,replacement
https://rugby-union-feeds.incrowdsports.com/v1/matches/289037,289037,202501,Leicester Tigers,away,21,170190,Tom Whiteley,sub 6,replacement
https://rugby-union-feeds.incrowdsports.com/v1/matches/289037,289037,202501,Leicester Tigers,away,10,154164,Charlie Titcombe,fly half,starter
https://rugby-union-feeds.incrowdsports.com/v1/matches/289037,289037,202501,Leicester Tigers,away,13,237969,Will Wand,outside centre,starter
https://rugby-union-feeds.incrowdsports.com/v1/matches/289037,289037,202501,Leicester Tigers,away,4,177015,Harry Wells,second row,starter
https://rugby-union-feeds.incrowdsports.com/v1/matches/289037,289037,202501,Leicester Tigers,away,15,244917,George Pearson,full back,starter
https://rugby-union-feeds.incrowdsports.com/v1/matches/289037,289037,202501,Leicester Tigers,away,1,104471,Tareq Haffar,loosehead prop,starter
https://rugby-union-feeds.incrowdsports.com/v1/matches/289037,289037,202501,Leicester Tigers,away,3,253626,Ale Loman,tighthead prop,starter
https://rugby-union-feeds.incrowdsports.com/v1/matches/289037,289037,202501,Leicester Tigers,away,9,239424,Ollie Allan,scrum half,starter
https://rugby-union-feeds.incrowdsports.com/v1/matches/289037,289037,202501,Leicester Tigers,away,8,237152,Joaquin Moro,number eight,starter
https://rugby-union-feeds.incrowdsports.com/v1/matches/289037,289037,202501,Leicester Tigers,away,14,165885,Gabe Hamer-Webb,right wing,starter
https://rugby-union-feeds.incrowdsports.com/v1/matches/289038,289038,202501,Bath Rugby,home,15,254052,Jack Woods,full back,starter
https://rugby-union-feeds.incrowdsports.com/v1/matches/289038,289038,202501,Bath Rugby,home,6,123233,Ethan Staddon,flanker,starter
https://rugby-union-feeds.incrowdsports.com/v1/matches/289038,289038,202501,Bath Rugby,home,12,210178,Will Butt,inside centre,starter
https://rugby-union-feeds.incrowdsports.com/v1/matches/289038,289038,202501,Bath Rugby,home,9,156834,Tom Carr-Smith,scrum half,starter
https://rugby-union-feeds.incrowdsports.com/v1/matches/289038,289038,202501,Bath Rugby,home,3,137026,Kieran Verden,tighthead prop,starter
https://rugby-union-feeds.incrowdsports.com/v1/matches/289038,289038,202501,Bath Rugby,home,8,239297,Arthur Green,number eight,starter
https://rugby-union-feeds.incrowdsports.com/v1/matches/289038,289038,202501,Bath Rugby,home,2,218695,Jasper Spandler,hooker,starter
https://rugby-union-feeds.incrowdsports.com/v1/matches/289038,289038,202501,Bath Rugby,home,17,209868,Mike Summerfield,sub 2,replacement
https://rugby-union-feeds.incrowdsports.com/v1/matches/289038,289038,202501,Bath Rugby,home,23,239308,George Timmins,sub 8,replacement
https://rugby-union-feeds.incrowdsports.com/v1/matches/289038,289038,202501,Bath Rugby,home,14,243600,Austin Emens,right wing,starter
https://rugby-union-feeds.incrowdsports.com/v1/matches/289038,289038,202501,Bath Rugby,home,4,239503,Harvey Cuckson,second row,starter
https://rugby-union-feeds.incrowdsports.com/v1/matches/289038,289038,202501,Bath Rugby,home,20,254963,Alex Ridgway,sub 5,replacement
https://rugby-union-feeds.incrowdsports.com/v1/matches/289038,289038,202501,Bath Rugby,home,21,241747,Neil le Roux,sub 6,replacement
https://rugby-union-feeds.incrowdsports.com/v1/matches/289038,289038,202501,Bath Rugby,home,5,217750,Ewan Richards,second row,starter
https://rugby-union-feeds.incrowdsports.com/v1/matches/289038,289038,202501,Bath Rugby,home,22,244508,Charlie Griffin,sub 7,replacement
https://rugby-union-feeds.incrowdsports.com/v1/matches/289038,289038,202501,Bath Rugby,home,10,243035,James Linegar,fly half,starter
https://rugby-union-feeds.incrowdsports.com/v1/matches/289038,289038,202501,Bath Rugby,home,16,239291,Max Pearce,sub 1,replacement
https://rugby-union-feeds.incrowdsports.com/v1/matches/289038,289038,202501,Bath Rugby,home,18,258267,Alfie Griffin,sub 3,replacement
https://rugby-union-feeds.incrowdsports.com/v1/matches/289038,289038,202501,Bath Rugby,home,1,240057,Scott Kirk,loosehead prop,starter
https://rugby-union-feeds.incrowdsports.com/v1/matches/289038,289038,202501,Bath Rugby,home,11,243072,Tyler Offiah,left wing,starter
https://rugby-union-feeds.incrowdsports.com/v1/matches/289038,289038,202501,Bath Rugby,home,7,132895,Tom Cowan,flanker,starter
https://rugby-union-feeds.incrowdsports.com/v1/matches/289038,289038,202501,Bath Rugby,home,19,239294,Will Jeanes,sub 4,replacement
https://rugby-union-feeds.incrowdsports.com/v1/matches/289038,289038,202501,Bath Rugby,home,13,233245,Louie Hennessey,outside centre,starter
https://rugby-union-feeds.incrowdsports.com/v1/matches/289038,289038,202501,Exeter Chiefs,away,13,102180,Ben Hammersley,outside centre,starter
https://rugby-union-feeds.incrowdsports.com/v1/matches/289038,289038,202501,Exeter Chiefs,away,4,171271,Lewis Pearson,second row,starter
https://rugby-union-feeds.incrowdsports.com/v1/matches/289038,289038,202501,Exeter Chiefs,away,14,251397,Paul Brown-Bampoe,right wing,starter
https://rugby-union-feeds.incrowdsports.com/v1/matches/289038,289038,202501,Exeter Chiefs,away,1,157036,Kwenzo Blose,loosehead prop,starter
https://rugby-union-feeds.incrowdsports.com/v1/matches/289038,289038,202501,Exeter Chiefs,away,21,117545,Charlie Chapman,sub 6,replacement
https://rugby-union-feeds.incrowdsports.com/v1/matches/289038,289038,202501,Exeter Chiefs,away,17,201738,Will Goodrick-Clarke,sub 2,replacement
https://rugby-union-feeds.incrowdsports.com/v1/matches/289038,289038,202501,Exeter Chiefs,away,9,110891,Steve Varney,scrum half,starter
https://rugby-union-feeds.incrowdsports.com/v1/matches/289038,289038,202501,Exeter Chiefs,away,22,240233,Ben Coen,sub 7,replacement
https://rugby-union-feeds.incrowdsports.com/v1/matches/289038,289038,202501,Exeter Chiefs,away,19,128750,Andrea Zambonin,sub 4,replacement
https://rugby-union-feeds.incrowdsports.com/v1/matches/289038,289038,202501,Exeter Chiefs,away,23,244498,Nick Lilley,sub 8,replacement
https://rugby-union-feeds.incrowdsports.com/v1/matches/289038,289038,202501,Exeter Chiefs,away,8,237233,Ross Vintcent,number eight,starter
https://rugby-union-feeds.incrowdsports.com/v1/matches/289038,289038,202501,Exeter Chiefs,away,18,147666,Josh Iosefa-Scott,sub 3,replacement
https://rugby-union-feeds.incrowdsports.com/v1/matches/289038,289038,202501,Exeter Chiefs,away,15,169495,Josh Hodge,full back,starter
https://rugby-union-feeds.incrowdsports.com/v1/matches/289038,289038,202501,Exeter Chiefs,away,11,199029,Dan John,left wing,starter
https://rugby-union-feeds.incrowdsports.com/v1/matches/289038,289038,202501,Exeter Chiefs,away,5,112986,Rus Tuima,second row,starter
https://rugby-union-feeds.incrowdsports.com/v1/matches/289038,289038,202501,Exeter Chiefs,away,6,121275,Christ Tshiunza,flanker,starter
https://rugby-union-feeds.incrowdsports.com/v1/matches/289038,289038,202501,Exeter Chiefs,away,10,225024,Harvey Skinner,fly half,starter
https://rugby-union-feeds.incrowdsports.com/v1/matches/289038,289038,202501,Exeter Chiefs,away,12,138016,Henry Slade,inside centre,starter
https://rugby-union-feeds.incrowdsports.com/v1/matches/289038,289038,202501,Exeter Chiefs,away,20,243167,Kane James,sub 5,replacement
https://rugby-union-feeds.incrowdsports.com/v1/matches/289038,289038,202501,Exeter Chiefs,away,2,203166,Jack Yeandle,hooker,starter
https://rugby-union-feeds.incrowdsports.com/v1/matches/289038,289038,202501,Exeter Chiefs,away,3,249693,Bachuki Tchumbadze,tighthead prop,starter
https://rugby-union-feeds.incrowdsports.com/v1/matches/289038,289038,202501,Exeter Chiefs,away,7,124575,Ethan Roots,flanker,starter
https://rugby-union-feeds.incrowdsports.com/v1/matches/289038,289038,202501,Exeter Chiefs,away,16,213725,Joseph Dweba,sub 1,replacement
https://rugby-union-feeds.incrowdsports.com/v1/matches/289040,289040,202501,Newcastle Red Bulls,home,16,122561,Hame Faiva,sub 1,replacement
https://rugby-union-feeds.incrowdsports.com/v1/matches/289040,289040,202501,Newcastle Red Bulls,home,10,205702,Brett Connon,fly half,starter
https://rugby-union-feeds.incrowdsports.com/v1/matches/289040,289040,202501,Newcastle Red Bulls,home,8,219782,Freddie Lockwood,number eight,starter
https://rugby-union-feeds.incrowdsports.com/v1/matches/289040,289040,202501,Newcastle Red Bulls,home,2,207081,Ollie Fletcher,hooker,starter
https://rugby-union-feeds.incrowdsports.com/v1/matches/289040,289040,202501,Newcastle Red Bulls,home,4,248979,Oscar Usher,second row,starter
https://rugby-union-feeds.incrowdsports.com/v1/matches/289040,289040,202501,Newcastle Red Bulls,home,11,165073,Harrison Obatoyinbo,left wing,starter
https://rugby-union-feeds.incrowdsports.com/v1/matches/289040,289040,202501,Newcastle Red Bulls,home,20,244466,Reuben Parsons,sub 5,replacement
https://rugby-union-feeds.incrowdsports.com/v1/matches/289040,289040,202501,Newcastle Red Bulls,home,1,205585,Murray McCallum,loosehead prop,starter
https://rugby-union-feeds.incrowdsports.com/v1/matches/289040,289040,202501,Newcastle Red Bulls,home,3,143607,Luan de Bruin,tighthead prop,starter
https://rugby-union-feeds.incrowdsports.com/v1/matches/289040,289040,202501,Newcastle Red Bulls,home,5,154551,Sebastian de Chaves,second row,starter
https://rugby-union-feeds.incrowdsports.com/v1/matches/289040,289040,202501,Newcastle Red Bulls,home,18,170103,Callum Hancock,sub 3,replacement
https://rugby-union-feeds.incrowdsports.com/v1/matches/289040,289040,202501,Newcastle Red Bulls,home,9,137624,Sam Stuart,scrum half,starter
https://rugby-union-feeds.incrowdsports.com/v1/matches/289040,289040,202501,Newcastle Red Bulls,home,7,190680,Ollie Leatherbarrow,flanker,starter
https://rugby-union-feeds.incrowdsports.com/v1/matches/289040,289040,202501,Newcastle Red Bulls,home,14,222549,Oll Spencer,right wing,starter
https://rugby-union-feeds.incrowdsports.com/v1/matches/289040,289040,202501,Newcastle Red Bulls,home,6,157275,Cameron Neild,flanker,starter
https://rugby-union-feeds.incrowdsports.com/v1/matches/289040,289040,202501,Newcastle Red Bulls,home,23,144507,Ethan Grayson,sub 8,replacement
https://rugby-union-feeds.incrowdsports.com/v1/matches/289040,289040,202501,Newcastle Red Bulls,home,15,249691,Stefan Coetzee,full back,starter
https://rugby-union-feeds.incrowdsports.com/v1/matches/289040,289040,202501,Newcastle Red Bulls,home,19,188156,Adam Scott,sub 4,replacement
https://rugby-union-feeds.incrowdsports.com/v1/matches/289040,289040,202501,Newcastle Red Bulls,home,22,255995,Sam Waugh,sub 7,replacement
https://rugby-union-feeds.incrowdsports.com/v1/matches/289040,289040,202501,Newcastle Red Bulls,home,12,239961,Nathan Greenwood,inside centre,starter
https://rugby-union-feeds.incrowdsports.com/v1/matches/289040,289040,202501,Newcastle Red Bulls,home,21,251584,Simon Benitez Cruz,sub 6,replacement
https://rugby-union-feeds.incrowdsports.com/v1/matches/289040,289040,202501,Newcastle Red Bulls,home,17,239550,Micky Rewcastle,sub 2,replacement
https://rugby-union-feeds.incrowdsports.com/v1/matches/289040,289040,202501,Newcastle Red Bulls,home,13,108863,Sammy Arnold,outside centre,starter
https://rugby-union-feeds.incrowdsports.com/v1/matches/289040,289040,202501,Leicester Tigers,away,3,251490,Tonga Kofe,tighthead prop,starter
https://rugby-union-feeds.incrowdsports.com/v1/matches/289040,289040,202501,Leicester Tigers,away,6,239272,Josh Manz,flanker,starter
https://rugby-union-feeds.incrowdsports.com/v1/matches/289040,289040,202501,Leicester Tigers,away,2,101384,Finn Theobald-Thomas,hooker,starter
https://rugby-union-feeds.incrowdsports.com/v1/matches/289040,289040,202501,Leicester Tigers,away,21,242956,Charlie Bemand,sub 6,replacement
https://rugby-union-feeds.incrowdsports.com/v1/matches/289040,289040,202501,Leicester Tigers,away,16,210731,John Stewart,sub 1,replacement
https://rugby-union-feeds.incrowdsports.com/v1/matches/289040,289040,202501,Leicester Tigers,away,22,201483,Ryan Crowley,sub 7,replacement
https://rugby-union-feeds.incrowdsports.com/v1/matches/289040,289040,202501,Leicester Tigers,away,23,244459,Tom Threlfall,sub 8,replacement
https://rugby-union-feeds.incrowdsports.com/v1/matches/289040,289040,202501,Leicester Tigers,away,12,239278,Joe Woodward,inside centre,starter
https://rugby-union-feeds.incrowdsports.com/v1/matches/289040,289040,202501,Leicester Tigers,away,20,248781,Harry Palmer,sub 5,replacement
https://rugby-union-feeds.incrowdsports.com/v1/matches/289040,289040,202501,Leicester Tigers,away,15,154164,Charlie Titcombe,full back,starter
https://rugby-union-feeds.incrowdsports.com/v1/matches/289040,289040,202501,Leicester Tigers,away,7,242867,Sam Williams,flanker,starter
https://rugby-union-feeds.incrowdsports.com/v1/matches/289040,289040,202501,Leicester Tigers,away,13,237969,Will Wand,outside centre,starter
https://rugby-union-feeds.incrowdsports.com/v1/matches/289040,289040,202501,Leicester Tigers,away,19,149842,James Thompson,sub 4,replacement
https://rugby-union-feeds.incrowdsports.com/v1/matches/289040,289040,202501,Leicester Tigers,away,4,177015,Harry Wells,second row,starter
https://rugby-union-feeds.incrowdsports.com/v1/matches/289040,289040,202501,Leicester Tigers,away,11,244917,George Pearson,left wing,starter
https://rugby-union-feeds.incrowdsports.com/v1/matches/289040,289040,202501,Leicester Tigers,away,1,104471,Tareq Haffar,loosehead prop,starter
https://rugby-union-feeds.incrowdsports.com/v1/matches/289040,289040,202501,Leicester Tigers,away,10,220475,Orlando Bailey,fly half,starter
https://rugby-union-feeds.incrowdsports.com/v1/matches/289040,289040,202501,Leicester Tigers,away,17,242875,Tubuna Maka,sub 2,replacement
https://rugby-union-feeds.incrowdsports.com/v1/matches/289040,289040,202501,Leicester Tigers,away,5,132697,Tom Manz,second row,starter
https://rugby-union-feeds.incrowdsports.com/v1/matches/289040,289040,202501,Leicester Tigers,away,18,253626,Ale Loman,sub 3,replacement
https://rugby-union-feeds.incrowdsports.com/v1/matches/289040,289040,202501,Leicester Tigers,away,9,239424,Ollie Allan,scrum half,starter
https://rugby-union-feeds.incrowdsports.com/v1/matches/289040,289040,202501,Leicester Tigers,away,8,237152,Joaquin Moro,number eight,starter
https://rugby-union-feeds.incrowdsports.com/v1/matches/289040,289040,202501,Leicester Tigers,away,14,165885,Gabe Hamer-Webb,right wing,starter
https://rugby-union-feeds.incrowdsports.com/v1/matches/289039,289039,202501,Bristol Bears,home,1,221988,Sam Grahamslaw,loosehead prop,starter
https://rugby-union-feeds.incrowdsports.com/v1/matches/289039,289039,202501,Bristol Bears,home,8,245732,Benjamin Grondona,number eight,starter
https://rugby-union-feeds.incrowdsports.com/v1/matches/289039,289039,202501,Bristol Bears,home,19,189699,Steele Barker,sub 4,replacement
https://rugby-union-feeds.incrowdsports.com/v1/matches/289039,289039,202501,Bristol Bears,home,10,239299,Raff Weston,fly half,starter
https://rugby-union-feeds.incrowdsports.com/v1/matches/289039,289039,202501,Bristol Bears,home,3,239330,Jimmy Halliwell,tighthead prop,starter
https://rugby-union-feeds.incrowdsports.com/v1/matches/289039,289039,202501,Bristol Bears,home,20,244806,Kenzie Jenkins,sub 5,replacement
https://rugby-union-feeds.incrowdsports.com/v1/matches/289039,289039,202501,Bristol Bears,home,21,202470,Ellis Bevan,sub 6,replacement
https://rugby-union-feeds.incrowdsports.com/v1/matches/289039,289039,202501,Bristol Bears,home,5,237996,Joe Owen,second row,starter
https://rugby-union-feeds.incrowdsports.com/v1/matches/289039,289039,202501,Bristol Bears,home,11,243018,Aidan Boshoff,left wing,starter
https://rugby-union-feeds.incrowdsports.com/v1/matches/289039,289039,202501,Bristol Bears,home,15,152781,Mat Protheroe,full back,starter
https://rugby-union-feeds.incrowdsports.com/v1/matches/289039,289039,202501,Bristol Bears,home,13,199886,Jack Bates,outside centre,starter
https://rugby-union-feeds.incrowdsports.com/v1/matches/289039,289039,202501,Bristol Bears,home,9,185971,Sam Wolstenholme,scrum half,starter
https://rugby-union-feeds.incrowdsports.com/v1/matches/289039,289039,202501,Bristol Bears,home,14,255411,Josh Carrington,right wing,starter
https://rugby-union-feeds.incrowdsports.com/v1/matches/289039,289039,202501,Bristol Bears,home,17,239313,Louie Trevett,sub 2,replacement
https://rugby-union-feeds.incrowdsports.com/v1/matches/289039,289039,202501,Bristol Bears,home,12,248824,Victor Worsnip,inside centre,starter
https://rugby-union-feeds.incrowdsports.com/v1/matches/289039,289039,202501,Bristol Bears,home,22,254999,Evan Morris,sub 7,replacement
https://rugby-union-feeds.incrowdsports.com/v1/matches/289039,289039,202501,Bristol Bears,home,2,152822,Tomas Gwilliam,hooker,starter
https://rugby-union-feeds.incrowdsports.com/v1/matches/289039,289039,202501,Bristol Bears,home,4,239317,Paddy Pearce,second row,starter
https://rugby-union-feeds.incrowdsports.com/v1/matches/289039,289039,202501,Bristol Bears,home,18,223904,Lovejoy Chawatama,sub 3,replacement
https://rugby-union-feeds.incrowdsports.com/v1/matches/289039,289039,202501,Bristol Bears,home,23,241920,Benjamin Elizalde,sub 8,replacement
https://rugby-union-feeds.incrowdsports.com/v1/matches/289039,289039,202501,Bristol Bears,home,16,127101,Gabriel Oghre,sub 1,replacement
https://rugby-union-feeds.incrowdsports.com/v1/matches/289039,289039,202501,Bristol Bears,home,6,238494,Luka Ivanishvili,flanker,starter
https://rugby-union-feeds.incrowdsports.com/v1/matches/289039,289039,202501,Bristol Bears,home,7,153502,Kofi Cripps,flanker,starter
https://rugby-union-feeds.incrowdsports.com/v1/matches/289039,289039,202501,Bath Rugby,away,15,254052,Jack Woods,full back,starter
https://rugby-union-feeds.incrowdsports.com/v1/matches/289039,289039,202501,Bath Rugby,away,7,123233,Ethan Staddon,flanker,starter
https://rugby-union-feeds.incrowdsports.com/v1/matches/289039,289039,202501,Bath Rugby,away,12,210178,Will Butt,inside centre,starter
https://rugby-union-feeds.incrowdsports.com/v1/matches/289039,289039,202501,Bath Rugby,away,21,239298,Ieuan Davies,sub 6,replacement
https://rugby-union-feeds.incrowdsports.com/v1/matches/289039,289039,202501,Bath Rugby,away,6,239297,Arthur Green,flanker,starter
https://rugby-union-feeds.incrowdsports.com/v1/matches/289039,289039,202501,Bath Rugby,away,18,137026,Kieran Verden,sub 3,replacement
https://rugby-union-feeds.incrowdsports.com/v1/matches/289039,289039,202501,Bath Rugby,away,16,218695,Jasper Spandler,sub 1,replacement
https://rugby-union-feeds.incrowdsports.com/v1/matches/289039,289039,202501,Bath Rugby,away,17,209868,Mikey Summerfield,sub 2,replacement
https://rugby-union-feeds.incrowdsports.com/v1/matches/289039,289039,202501,Bath Rugby,away,20,239308,George Timmins,sub 5,replacement
https://rugby-union-feeds.incrowdsports.com/v1/matches/289039,289039,202501,Bath Rugby,away,8,145484,Alfie Barbeary,number eight,starter
https://rugby-union-feeds.incrowdsports.com/v1/matches/289039,289039,202501,Bath Rugby,away,13,196656,Chris Harris,outside centre,starter
https://rugby-union-feeds.incrowdsports.com/v1/matches/289039,289039,202501,Bath Rugby,away,19,239503,Harvey Cuckson,sub 4,replacement
https://rugby-union-feeds.incrowdsports.com/v1/matches/289039,289039,202501,Bath Rugby,away,9,241747,Neil le Roux,scrum half,starter
https://rugby-union-feeds.incrowdsports.com/v1/matches/289039,289039,202501,Bath Rugby,away,2,243059,Kepu Tuipulotu,hooker,starter
https://rugby-union-feeds.incrowdsports.com/v1/matches/289039,289039,202501,Bath Rugby,away,23,248883,Sam Winters,sub 8,replacement
https://rugby-union-feeds.incrowdsports.com/v1/matches/289039,289039,202501,Bath Rugby,away,5,217750,Ewan Richards,second row,starter
https://rugby-union-feeds.incrowdsports.com/v1/matches/289039,289039,202501,Bath Rugby,away,11,244508,Charlie Griffin,left wing,starter
https://rugby-union-feeds.incrowdsports.com/v1/matches/289039,289039,202501,Bath Rugby,away,3,239292,Billy Sela,tighthead prop,starter
https://rugby-union-feeds.incrowdsports.com/v1/matches/289039,289039,202501,Bath Rugby,away,22,243035,James Linegar,sub 7,replacement
https://rugby-union-feeds.incrowdsports.com/v1/matches/289039,289039,202501,Bath Rugby,away,1,240057,Scott Kirk,loosehead prop,starter
https://rugby-union-feeds.incrowdsports.com/v1/matches/289039,289039,202501,Bath Rugby,away,14,243072,Tyler Offiah,right wing,starter
https://rugby-union-feeds.incrowdsports.com/v1/matches/289039,289039,202501,Bath Rugby,away,4,239294,Will Jeanes,second row,starter
https://rugby-union-feeds.incrowdsports.com/v1/matches/289039,289039,202501,Bath Rugby,away,10,153790,Tom de Glanville,fly half,starter
https://rugby-union-feeds.incrowdsports.com/v1/matches/289041,289041,202501,Northampton Saints,home,5,193283,Chunya Munga,second row,starter
https://rugby-union-feeds.incrowdsports.com/v1/matches/289041,289041,202501,Northampton Saints,home,17,177699,Tom West,sub 2,replacement
https://rugby-union-feeds.incrowdsports.com/v1/matches/289041,289041,202501,Northampton Saints,home,20,242884,Aiden Ainsworth-Cave,sub 5,replacement
https://rugby-union-feeds.incrowdsports.com/v1/matches/289041,289041,202501,Northampton Saints,home,10,119745,Anthony Belleau,fly half,starter
https://rugby-union-feeds.incrowdsports.com/v1/matches/289041,289041,202501,Northampton Saints,home,18,242882,Sonny Tonga'uiha,sub 3,replacement
https://rugby-union-feeds.incrowdsports.com/v1/matches/289041,289041,202501,Northampton Saints,home,11,244744,Amena Caqusau,left wing,starter
https://rugby-union-feeds.incrowdsports.com/v1/matches/289041,289041,202501,Northampton Saints,home,22,244488,Billy Pasco,sub 7,replacement
https://rugby-union-feeds.incrowdsports.com/v1/matches/289041,289041,202501,Northampton Saints,home,3,127592,Luke Green,tighthead prop,starter
https://rugby-union-feeds.incrowdsports.com/v1/matches/289041,289041,202501,Northampton Saints,home,1,242892,Ollie Scola,loosehead prop,starter
https://rugby-union-feeds.incrowdsports.com/v1/matches/289041,289041,202501,Northampton Saints,home,19,239340,James Bennett,sub 4,replacement
https://rugby-union-feeds.incrowdsports.com/v1/matches/289041,289041,202501,Northampton Saints,home,21,221996,Tom James,sub 6,replacement
https://rugby-union-feeds.incrowdsports.com/v1/matches/289041,289041,202501,Northampton Saints,home,7,108939,Fyn Brown,flanker,starter
https://rugby-union-feeds.incrowdsports.com/v1/matches/289041,289041,202501,Northampton Saints,home,4,124493,Ed Prowse,second row,starter
https://rugby-union-feeds.incrowdsports.com/v1/matches/289041,289041,202501,Northampton Saints,home,14,242989,Tom Rowe,right wing,starter
https://rugby-union-feeds.incrowdsports.com/v1/matches/289041,289041,202501,Northampton Saints,home,9,248787,Jonny Weimann,scrum half,starter
https://rugby-union-feeds.incrowdsports.com/v1/matches/289041,289041,202501,Northampton Saints,home,6,225330,Archie Benson,flanker,starter
https://rugby-union-feeds.incrowdsports.com/v1/matches/289041,289041,202501,Northampton Saints,home,2,160562,Marco Manfredi,hooker,starter
https://rugby-union-feeds.incrowdsports.com/v1/matches/289041,289041,202501,Northampton Saints,home,8,212369,Sam Graham,number eight,starter
https://rugby-union-feeds.incrowdsports.com/v1/matches/289041,289041,202501,Northampton Saints,home,16,185586,Henry Walker,sub 1,replacement
https://rugby-union-feeds.incrowdsports.com/v1/matches/289041,289041,202501,Northampton Saints,home,15,250519,James Pater,full back,starter
https://rugby-union-feeds.incrowdsports.com/v1/matches/289041,289041,202501,Northampton Saints,home,23,238687,George Hendy,sub 8,replacement
https://rugby-union-feeds.incrowdsports.com/v1/matches/289041,289041,202501,Northampton Saints,home,13,250654,Henry Lumley,outside centre,starter
https://rugby-union-feeds.incrowdsports.com/v1/matches/289041,289041,202501,Northampton Saints,home,12,239358,Toby Thame,inside centre,starter
https://rugby-union-feeds.incrowdsports.com/v1/matches/289041,289041,202501,Harlequins,away,21,241156,Jake Murray,sub 6,replacement
https://rugby-union-feeds.incrowdsports.com/v1/matches/289041,289041,202501,Harlequins,away,23,239652,Josh Bellamy,sub 8,replacement
https://rugby-union-feeds.incrowdsports.com/v1/matches/289041,289041,202501,Harlequins,away,18,243138,Ollie Streeter,sub 3,replacement
https://rugby-union-feeds.incrowdsports.com/v1/matches/289041,289041,202501,Harlequins,away,2,149058,Sam Riley,hooker,starter
https://rugby-union-feeds.incrowdsports.com/v1/matches/289041,289041,202501,Harlequins,away,6,239649,Zach Carr,flanker,starter
https://rugby-union-feeds.incrowdsports.com/v1/matches/289041,289041,202501,Harlequins,away,15,145735,Cameron Anderson,full back,starter
https://rugby-union-feeds.incrowdsports.com/v1/matches/289041,289041,202501,Harlequins,away,7,239592,Seb Driscoll,flanker,starter
https://rugby-union-feeds.incrowdsports.com/v1/matches/289041,289041,202501,Harlequins,away,4,239590,Harry Browne,second row,starter
https://rugby-union-feeds.incrowdsports.com/v1/matches/289041,289041,202501,Harlequins,away,10,159436,Jamie Benson,fly half,starter
https://rugby-union-feeds.incrowdsports.com/v1/matches/289041,289041,202501,Harlequins,away,3,190858,Titi Lamositele,tighthead prop,starter
https://rugby-union-feeds.incrowdsports.com/v1/matches/289041,289041,202501,Harlequins,away,19,248937,Elliot Williams,sub 4,replacement
https://rugby-union-feeds.incrowdsports.com/v1/matches/289041,289041,202501,Harlequins,away,1,114413,Simon Kerrod,loosehead prop,starter
https://rugby-union-feeds.incrowdsports.com/v1/matches/289041,289041,202501,Harlequins,away,20,250607,Tate Williams,sub 5,replacement
https://rugby-union-feeds.incrowdsports.com/v1/matches/289041,289041,202501,Harlequins,away,12,239604,Sean Kerr,inside centre,starter
https://rugby-union-feeds.incrowdsports.com/v1/matches/289041,289041,202501,Harlequins,away,16,243124,Jimmy Staples,sub 1,replacement
https://rugby-union-feeds.incrowdsports.com/v1/matches/289041,289041,202501,Harlequins,away,14,165170,Hayden Hyde,right wing,starter
https://rugby-union-feeds.incrowdsports.com/v1/matches/289041,289041,202501,Harlequins,away,11,182934,Cassius Cleaves,left wing,starter
https://rugby-union-feeds.incrowdsports.com/v1/matches/289041,289041,202501,Harlequins,away,13,243132,Frank McMillan,outside centre,starter
https://rugby-union-feeds.incrowdsports.com/v1/matches/289041,289041,202501,Harlequins,away,9,224220,Max Green,scrum half,starter
https://rugby-union-feeds.incrowdsports.com/v1/matches/289041,289041,202501,Harlequins,away,22,177084,Connor Slevin,sub 7,replacement
https://rugby-union-feeds.incrowdsports.com/v1/matches/289041,289041,202501,Harlequins,away,5,120187,Jonny Green,second row,starter
https://rugby-union-feeds.incrowdsports.com/v1/matches/289041,289041,202501,Harlequins,away,8,243129,Lucas Schmid,number eight,starter
https://rugby-union-feeds.incrowdsports.com/v1/matches/289041,289041,202501,Harlequins,away,17,109630,Will Hobson,sub 2,replacement
https://rugby-union-feeds.incrowdsports.com/v1/matches/289042,289042,202501,Sale Sharks,home,15,244516,Ollie Davies,full back,starter
https://rugby-union-feeds.incrowdsports.com/v1/matches/289042,289042,202501,Sale Sharks,home,8,242916,Jos Gilmore,number eight,starter
https://rugby-union-feeds.incrowdsports.com/v1/matches/289042,289042,202501,Sale Sharks,home,12,244520,Toby Wilson,inside centre,starter
https://rugby-union-feeds.incrowdsports.com/v1/matches/289042,289042,202501,Sale Sharks,home,5,239462,Tom Burrow,second row,starter
https://rugby-union-feeds.incrowdsports.com/v1/matches/289042,289042,202501,Sale Sharks,home,6,244518,Seb Kelly,flanker,starter
https://rugby-union-feeds.incrowdsports.com/v1/matches/289042,289042,202501,Sale Sharks,home,4,248965,Patrick Hogg,second row,starter
https://rugby-union-feeds.incrowdsports.com/v1/matches/289042,289042,202501,Sale Sharks,home,20,171270,Huw Davies,sub 5,replacement
https://rugby-union-feeds.incrowdsports.com/v1/matches/289042,289042,202501,Sale Sharks,home,7,103530,Tristan Woodman,flanker,starter
https://rugby-union-feeds.incrowdsports.com/v1/matches/289042,289042,202501,Sale Sharks,home,22,243148,Albert Bradshaw,sub 7,replacement
https://rugby-union-feeds.incrowdsports.com/v1/matches/289042,289042,202501,Sale Sharks,home,14,153804,Obi Ene,right wing,starter
https://rugby-union-feeds.incrowdsports.com/v1/matches/289042,289042,202501,Sale Sharks,home,17,243055,Ralph McEachran,sub 2,replacement
https://rugby-union-feeds.incrowdsports.com/v1/matches/289042,289042,202501,Sale Sharks,home,19,250573,Dylan Hodkinson,sub 4,replacement
https://rugby-union-feeds.incrowdsports.com/v1/matches/289042,289042,202501,Sale Sharks,home,2,109874,Ethan Caine,hooker,starter
https://rugby-union-feeds.incrowdsports.com/v1/matches/289042,289042,202501,Sale Sharks,home,18,239537,Patreece Bell,sub 3,replacement
https://rugby-union-feeds.incrowdsports.com/v1/matches/289042,289042,202501,Sale Sharks,home,11,239510,Alex Wills,left wing,starter
https://rugby-union-feeds.incrowdsports.com/v1/matches/289042,289042,202501,Sale Sharks,home,1,147029,Tumy Onasanya,loosehead prop,starter
https://rugby-union-feeds.incrowdsports.com/v1/matches/289042,289042,202501,Sale Sharks,home,21,170933,Nye Thomas,sub 6,replacement
https://rugby-union-feeds.incrowdsports.com/v1/matches/289042,289042,202501,Sale Sharks,home,3,123738,James Harper,tighthead prop,starter
https://rugby-union-feeds.incrowdsports.com/v1/matches/289042,289042,202501,Sale Sharks,home,9,242906,Dom Hanson,scrum half,starter
https://rugby-union-feeds.incrowdsports.com/v1/matches/289042,289042,202501,Sale Sharks,home,10,201247,Tom Curtis,fly half,starter
https://rugby-union-feeds.incrowdsports.com/v1/matches/289042,289042,202501,Sale Sharks,home,13,242910,Osian Roberts,outside centre,starter
https://rugby-union-feeds.incrowdsports.com/v1/matches/289042,289042,202501,Sale Sharks,home,16,244541,Alfie Longstaff,sub 1,replacement
https://rugby-union-feeds.incrowdsports.com/v1/matches/289042,289042,202501,Sale Sharks,home,23,239485,Reuben Logan,sub 8,replacement
https://rugby-union-feeds.incrowdsports.com/v1/matches/289042,289042,202501,Gloucester Rugby,away,18,248387,Oliver Minnis,sub 3,replacement
https://rugby-union-feeds.incrowdsports.com/v1/matches/289042,289042,202501,Gloucester Rugby,away,14,241026,Josh Hathaway,right wing,starter
https://rugby-union-feeds.incrowdsports.com/v1/matches/289042,289042,202501,Gloucester Rugby,away,5,253378,Deian Gwynne,second row,starter
https://rugby-union-feeds.incrowdsports.com/v1/matches/289042,289042,202501,Gloucester Rugby,away,19,243041,Olly Allport,sub 4,replacement
https://rugby-union-feeds.incrowdsports.com/v1/matches/289042,289042,202501,Gloucester Rugby,away,9,237895,Mike Austin,scrum half,starter
https://rugby-union-feeds.incrowdsports.com/v1/matches/289042,289042,202501,Gloucester Rugby,away,20,250508,Jack Gilbert,sub 5,replacement
https://rugby-union-feeds.incrowdsports.com/v1/matches/289042,289042,202501,Gloucester Rugby,away,15,239563,Ben Redshaw,full back,starter
https://rugby-union-feeds.incrowdsports.com/v1/matches/289042,289042,202501,Gloucester Rugby,away,11,244523,Jack Cotgreave,left wing,starter
https://rugby-union-feeds.incrowdsports.com/v1/matches/289042,289042,202501,Gloucester Rugby,away,7,137423,Harry Taylor,flanker,starter
https://rugby-union-feeds.incrowdsports.com/v1/matches/289042,289042,202501,Gloucester Rugby,away,22,112368,Will Butler,sub 7,replacement
https://rugby-union-feeds.incrowdsports.com/v1/matches/289042,289042,202501,Gloucester Rugby,away,17,248749,George Alexander,sub 2,replacement
https://rugby-union-feeds.incrowdsports.com/v1/matches/289042,289042,202501,Gloucester Rugby,away,4,239443,Freddie Stevens,second row,starter
https://rugby-union-feeds.incrowdsports.com/v1/matches/289042,289042,202501,Gloucester Rugby,away,10,133265,George Barton,fly half,starter
https://rugby-union-feeds.incrowdsports.com/v1/matches/289042,289042,202501,Gloucester Rugby,away,1,147089,Archie McArthur,loosehead prop,starter
https://rugby-union-feeds.incrowdsports.com/v1/matches/289042,289042,202501,Gloucester Rugby,away,3,248849,Harry Wright,tighthead prop,starter
https://rugby-union-feeds.incrowdsports.com/v1/matches/289042,289042,202501,Gloucester Rugby,away,16,242961,George Knowles,sub 1,replacement
https://rugby-union-feeds.incrowdsports.com/v1/matches/289042,289042,202501,Gloucester Rugby,away,23,176050,Jake Morris,sub 8,replacement
https://rugby-union-feeds.incrowdsports.com/v1/matches/289042,289042,202501,Gloucester Rugby,away,8,104022,Will Trenholm,number eight,starter
https://rugby-union-feeds.incrowdsports.com/v1/matches/289042,289042,202501,Gloucester Rugby,away,13,254908,Will Knight,outside centre,starter
https://rugby-union-feeds.incrowdsports.com/v1/matches/289042,289042,202501,Gloucester Rugby,away,12,239578,Max Knight,inside centre,starter
https://rugby-union-feeds.incrowdsports.com/v1/matches/289042,289042,202501,Gloucester Rugby,away,21,239321,Rhys Price,sub 6,replacement
https://rugby-union-feeds.incrowdsports.com/v1/matches/289042,289042,202501,Gloucester Rugby,away,2,248862,Kealan Freeman Price,hooker,starter
https://rugby-union-feeds.incrowdsports.com/v1/matches/289042,289042,202501,Gloucester Rugby,away,6,244925,Caio James,flanker,starter
https://rugby-union-feeds.incrowdsports.com/v1/matches/289044,289044,202501,Gloucester Rugby,home,14,241026,Josh Hathaway,right wing,starter
https://rugby-union-feeds.incrowdsports.com/v1/matches/289044,289044,202501,Gloucester Rugby,home,6,253378,Deian Gwynne,flanker,starter
https://rugby-union-feeds.incrowdsports.com/v1/matches/289044,289044,202501,Gloucester Rugby,home,22,244738,Harrison James,sub 7,replacement
https://rugby-union-feeds.incrowdsports.com/v1/matches/289044,289044,202501,Gloucester Rugby,home,9,237895,Mike Austin,scrum half,starter
https://rugby-union-feeds.incrowdsports.com/v1/matches/289044,289044,202501,Gloucester Rugby,home,4,120165,Cam Jordan,second row,starter
https://rugby-union-feeds.incrowdsports.com/v1/matches/289044,289044,202501,Gloucester Rugby,home,3,101383,Nepo Laulala,tighthead prop,starter
https://rugby-union-feeds.incrowdsports.com/v1/matches/289044,289044,202501,Gloucester Rugby,home,11,244523,Jack Cotgreave,left wing,starter
https://rugby-union-feeds.incrowdsports.com/v1/matches/289044,289044,202501,Gloucester Rugby,home,5,242539,Hugh Bokenham,second row,starter
https://rugby-union-feeds.incrowdsports.com/v1/matches/289044,289044,202501,Gloucester Rugby,home,7,137423,Harry Taylor,flanker,starter
https://rugby-union-feeds.incrowdsports.com/v1/matches/289044,289044,202501,Gloucester Rugby,home,23,163216,Rob Russell,sub 8,replacement
https://rugby-union-feeds.incrowdsports.com/v1/matches/289044,289044,202501,Gloucester Rugby,home,19,239443,Freddie Stevens,sub 4,replacement
https://rugby-union-feeds.incrowdsports.com/v1/matches/289044,289044,202501,Gloucester Rugby,home,10,133265,George Barton,fly half,starter
https://rugby-union-feeds.incrowdsports.com/v1/matches/289044,289044,202501,Gloucester Rugby,home,17,147089,Archie McArthur,sub 2,replacement
https://rugby-union-feeds.incrowdsports.com/v1/matches/289044,289044,202501,Gloucester Rugby,home,15,176050,Jake Morris,full back,starter
https://rugby-union-feeds.incrowdsports.com/v1/matches/289044,289044,202501,Gloucester Rugby,home,16,242961,George Knowles,sub 1,replacement
https://rugby-union-feeds.incrowdsports.com/v1/matches/289044,289044,202501,Gloucester Rugby,home,8,104022,Will Trenholm,number eight,starter
https://rugby-union-feeds.incrowdsports.com/v1/matches/289044,289044,202501,Gloucester Rugby,home,13,254908,Will Knight,outside centre,starter
https://rugby-union-feeds.incrowdsports.com/v1/matches/289044,289044,202501,Gloucester Rugby,home,12,239578,Max Knight,inside centre,starter
https://rugby-union-feeds.incrowdsports.com/v1/matches/289044,289044,202501,Gloucester Rugby,home,1,120444,Dian Bleuler,loosehead prop,starter
https://rugby-union-feeds.incrowdsports.com/v1/matches/289044,289044,202501,Gloucester Rugby,home,21,239321,Rhys Price,sub 6,replacement
https://rugby-union-feeds.incrowdsports.com/v1/matches/289044,289044,202501,Gloucester Rugby,home,2,248862,Kealan Freeman Price,hooker,starter
https://rugby-union-feeds.incrowdsports.com/v1/matches/289044,289044,202501,Gloucester Rugby,home,18,129823,Jono Benz-Salomon,sub 3,replacement
https://rugby-union-feeds.incrowdsports.com/v1/matches/289044,289044,202501,Gloucester Rugby,home,20,244925,Caio James,sub 5,replacement
https://rugby-union-feeds.incrowdsports.com/v1/matches/289044,289044,202501,Bath Rugby,away,23,254052,Jack Woods,sub 8,replacement
https://rugby-union-feeds.incrowdsports.com/v1/matches/289044,289044,202501,Bath Rugby,away,6,123233,Ethan Staddon,flanker,starter
https://rugby-union-feeds.incrowdsports.com/v1/matches/289044,289044,202501,Bath Rugby,away,12,210178,Will Butt,inside centre,starter
https://rugby-union-feeds.incrowdsports.com/v1/matches/289044,289044,202501,Bath Rugby,away,21,239298,Ieuan Davies,sub 6,replacement
https://rugby-union-feeds.incrowdsports.com/v1/matches/289044,289044,202501,Bath Rugby,away,3,137026,Kieran Verden,tighthead prop,starter
https://rugby-union-feeds.incrowdsports.com/v1/matches/289044,289044,202501,Bath Rugby,away,19,239297,Arthur Green,sub 4,replacement
https://rugby-union-feeds.incrowdsports.com/v1/matches/289044,289044,202501,Bath Rugby,away,2,218695,Jasper Spandler,hooker,starter
https://rugby-union-feeds.incrowdsports.com/v1/matches/289044,289044,202501,Bath Rugby,away,8,239308,George Timmins,number eight,starter
https://rugby-union-feeds.incrowdsports.com/v1/matches/289044,289044,202501,Bath Rugby,away,18,209868,Mike Summerfield,sub 3,replacement
https://rugby-union-feeds.incrowdsports.com/v1/matches/289044,289044,202501,Bath Rugby,away,15,243600,Austin Emens,full back,starter
https://rugby-union-feeds.incrowdsports.com/v1/matches/289044,289044,202501,Bath Rugby,away,20,243024,Connor Treacey,sub 5,replacement
https://rugby-union-feeds.incrowdsports.com/v1/matches/289044,289044,202501,Bath Rugby,away,5,239503,Harvey Cuckson,second row,starter
https://rugby-union-feeds.incrowdsports.com/v1/matches/289044,289044,202501,Bath Rugby,away,17,244500,Ioan Emanuel,sub 2,replacement
https://rugby-union-feeds.incrowdsports.com/v1/matches/289044,289044,202501,Bath Rugby,away,11,248883,Sam Winters,left wing,starter
https://rugby-union-feeds.incrowdsports.com/v1/matches/289044,289044,202501,Bath Rugby,away,9,241747,Neil le Roux,scrum half,starter
https://rugby-union-feeds.incrowdsports.com/v1/matches/289044,289044,202501,Bath Rugby,away,22,239570,Will Roue,sub 7,replacement
https://rugby-union-feeds.incrowdsports.com/v1/matches/289044,289044,202501,Bath Rugby,away,13,244508,Charlie Griffin,outside centre,starter
https://rugby-union-feeds.incrowdsports.com/v1/matches/289044,289044,202501,Bath Rugby,away,10,243035,James Linegar,fly half,starter
https://rugby-union-feeds.incrowdsports.com/v1/matches/289044,289044,202501,Bath Rugby,away,16,239291,Max Pearce,sub 1,replacement
https://rugby-union-feeds.incrowdsports.com/v1/matches/289044,289044,202501,Bath Rugby,away,1,240057,Scott Kirk,loosehead prop,starter
https://rugby-union-feeds.incrowdsports.com/v1/matches/289044,289044,202501,Bath Rugby,away,14,243072,Tyler Offiah,right wing,starter
https://rugby-union-feeds.incrowdsports.com/v1/matches/289044,289044,202501,Bath Rugby,away,7,132895,Tom Cowan,flanker,starter
https://rugby-union-feeds.incrowdsports.com/v1/matches/289044,289044,202501,Bath Rugby,away,4,239294,Will Jeanes,second row,starter
https://rugby-union-feeds.incrowdsports.com/v1/matches/289043,289043,202501,Sale Sharks,home,23,242916,Jos Gilmore,sub 8,replacement
https://rugby-union-feeds.incrowdsports.com/v1/matches/289043,289043,202501,Sale Sharks,home,4,212707,Ernst van Rhyn,second row,starter
https://rugby-union-feeds.incrowdsports.com/v1/matches/289043,289043,202501,Sale Sharks,home,5,239462,Tom Burrow,second row,starter
https://rugby-union-feeds.incrowdsports.com/v1/matches/289043,289043,202501,Sale Sharks,home,14,216069,Tom O'Flaherty,right wing,starter
https://rugby-union-feeds.incrowdsports.com/v1/matches/289043,289043,202501,Sale Sharks,home,19,248965,Patrick Hogg,sub 4,replacement
https://rugby-union-feeds.incrowdsports.com/v1/matches/289043,289043,202501,Sale Sharks,home,20,103530,Tristan Woodman,sub 5,replacement
https://rugby-union-feeds.incrowdsports.com/v1/matches/289043,289043,202501,Sale Sharks,home,8,169770,Dan du Preez,number eight,starter
https://rugby-union-feeds.incrowdsports.com/v1/matches/289043,289043,202501,Sale Sharks,home,16,206761,Tadgh McElroy,sub 1,replacement
https://rugby-union-feeds.incrowdsports.com/v1/matches/289043,289043,202501,Sale Sharks,home,9,100557,Gus Warr,scrum half,starter
https://rugby-union-feeds.incrowdsports.com/v1/matches/289043,289043,202501,Sale Sharks,home,2,109874,Ethan Caine,hooker,starter
https://rugby-union-feeds.incrowdsports.com/v1/matches/289043,289043,202501,Sale Sharks,home,6,172979,Jacques Vermeulen,flanker,starter
https://rugby-union-feeds.incrowdsports.com/v1/matches/289043,289043,202501,Sale Sharks,home,15,205075,Luke James,full back,starter
https://rugby-union-feeds.incrowdsports.com/v1/matches/289043,289043,202501,Sale Sharks,home,18,239537,Patreece Bell,sub 3,replacement
https://rugby-union-feeds.incrowdsports.com/v1/matches/289043,289043,202501,Sale Sharks,home,10,199800,Rob du Preez,fly half,starter
https://rugby-union-feeds.incrowdsports.com/v1/matches/289043,289043,202501,Sale Sharks,home,7,205975,Sam Dugdale,flanker,starter
https://rugby-union-feeds.incrowdsports.com/v1/matches/289043,289043,202501,Sale Sharks,home,11,239510,Alex Wills,left wing,starter
https://rugby-union-feeds.incrowdsports.com/v1/matches/289043,289043,202501,Sale Sharks,home,17,147029,Tumy Onasanya,sub 2,replacement
https://rugby-union-feeds.incrowdsports.com/v1/matches/289043,289043,202501,Sale Sharks,home,21,170933,Nye Thomas,sub 6,replacement
https://rugby-union-feeds.incrowdsports.com/v1/matches/289043,289043,202501,Sale Sharks,home,1,221308,Si McIntyre,loosehead prop,starter
https://rugby-union-feeds.incrowdsports.com/v1/matches/289043,289043,202501,Sale Sharks,home,3,123738,James Harper,tighthead prop,starter
https://rugby-union-feeds.incrowdsports.com/v1/matches/289043,289043,202501,Sale Sharks,home,13,224475,Joe Bedlow,outside centre,starter
https://rugby-union-feeds.incrowdsports.com/v1/matches/289043,289043,202501,Sale Sharks,home,22,201247,Tom Curtis,sub 7,replacement
https://rugby-union-feeds.incrowdsports.com/v1/matches/289043,289043,202501,Sale Sharks,home,12,165469,Marius Louw,inside centre,starter
https://rugby-union-feeds.incrowdsports.com/v1/matches/289043,289043,202501,Exeter Chiefs,away,7,169636,Martin Moloney,flanker,starter
https://rugby-union-feeds.incrowdsports.com/v1/matches/289043,289043,202501,Exeter Chiefs,away,11,102180,Ben Hammersley,left wing,starter
https://rugby-union-feeds.incrowdsports.com/v1/matches/289043,289043,202501,Exeter Chiefs,away,1,254081,Ethan Burger,loosehead prop,starter
https://rugby-union-feeds.incrowdsports.com/v1/matches/289043,289043,202501,Exeter Chiefs,away,4,171271,Lewis Pearson,second row,starter
https://rugby-union-feeds.incrowdsports.com/v1/matches/289043,289043,202501,Exeter Chiefs,away,16,242920,Louie Gulley,sub 1,replacement
https://rugby-union-feeds.incrowdsports.com/v1/matches/289043,289043,202501,Exeter Chiefs,away,17,149671,Khwezi Mona,sub 2,replacement
https://rugby-union-feeds.incrowdsports.com/v1/matches/289043,289043,202501,Exeter Chiefs,away,22,255016,Ollie Batson,sub 7,replacement
https://rugby-union-feeds.incrowdsports.com/v1/matches/289043,289043,202501,Exeter Chiefs,away,23,251397,Paul Brown-Bampoe,sub 8,replacement
https://rugby-union-feeds.incrowdsports.com/v1/matches/289043,289043,202501,Exeter Chiefs,away,9,117545,Charlie Chapman,scrum half,starter
https://rugby-union-feeds.incrowdsports.com/v1/matches/289043,289043,202501,Exeter Chiefs,away,13,116395,Harry Ascherl,outside centre,starter
https://rugby-union-feeds.incrowdsports.com/v1/matches/289043,289043,202501,Exeter Chiefs,away,10,240233,Ben Coen,fly half,starter
https://rugby-union-feeds.incrowdsports.com/v1/matches/289043,289043,202501,Exeter Chiefs,away,2,229392,Julian Heaven,hooker,starter
https://rugby-union-feeds.incrowdsports.com/v1/matches/289043,289043,202501,Exeter Chiefs,away,21,208783,Tom Cairns,sub 6,replacement
https://rugby-union-feeds.incrowdsports.com/v1/matches/289043,289043,202501,Exeter Chiefs,away,15,125136,Will Haydon-Wood,full back,starter
https://rugby-union-feeds.incrowdsports.com/v1/matches/289043,289043,202501,Exeter Chiefs,away,19,239374,Joe Bailey,sub 4,replacement
https://rugby-union-feeds.incrowdsports.com/v1/matches/289043,289043,202501,Exeter Chiefs,away,3,188174,Jimmy Roots,tighthead prop,starter
https://rugby-union-feeds.incrowdsports.com/v1/matches/289043,289043,202501,Exeter Chiefs,away,14,199029,Dan John,right wing,starter
https://rugby-union-feeds.incrowdsports.com/v1/matches/289043,289043,202501,Exeter Chiefs,away,5,112986,Rus Tuima,second row,starter
https://rugby-union-feeds.incrowdsports.com/v1/matches/289043,289043,202501,Exeter Chiefs,away,20,239420,Finn Worley-Brady,sub 5,replacement
https://rugby-union-feeds.incrowdsports.com/v1/matches/289043,289043,202501,Exeter Chiefs,away,12,243675,Will Rigg,inside centre,starter
https://rugby-union-feeds.incrowdsports.com/v1/matches/289043,289043,202501,Exeter Chiefs,away,6,213658,Richard Capstick,flanker,starter
https://rugby-union-feeds.incrowdsports.com/v1/matches/289043,289043,202501,Exeter Chiefs,away,8,243167,Kane James,number eight,starter
https://rugby-union-feeds.incrowdsports.com/v1/matches/289043,289043,202501,Exeter Chiefs,away,18,249693,Bachuki Tchumbadze,sub 3,replacement
https://rugby-union-feeds.incrowdsports.com/v1/matches/289045,289045,202501,Northampton Saints,home,1,177699,Tom West,loosehead prop,starter
https://rugby-union-feeds.incrowdsports.com/v1/matches/289045,289045,202501,Northampton Saints,home,6,193283,Chunya Munga,flanker,starter
https://rugby-union-feeds.incrowdsports.com/v1/matches/289045,289045,202501,Northampton Saints,home,19,242884,Aiden Ainsworth-Cave,sub 4,replacement
https://rugby-union-feeds.incrowdsports.com/v1/matches/289045,289045,202501,Northampton Saints,home,10,119745,Anthony Belleau,fly half,starter
https://rugby-union-feeds.incrowdsports.com/v1/matches/289045,289045,202501,Northampton Saints,home,3,242882,Sonny Tonga'uiha,tighthead prop,starter
https://rugby-union-feeds.incrowdsports.com/v1/matches/289045,289045,202501,Northampton Saints,home,14,192642,Ollie Sleightholme,right wing,starter
https://rugby-union-feeds.incrowdsports.com/v1/matches/289045,289045,202501,Northampton Saints,home,23,244744,Amena Caqusau,sub 8,replacement
https://rugby-union-feeds.incrowdsports.com/v1/matches/289045,289045,202501,Northampton Saints,home,18,127592,Luke Green,sub 3,replacement
https://rugby-union-feeds.incrowdsports.com/v1/matches/289045,289045,202501,Northampton Saints,home,5,239340,James Bennett,second row,starter
https://rugby-union-feeds.incrowdsports.com/v1/matches/289045,289045,202501,Northampton Saints,home,17,242892,Ollie Scola,sub 2,replacement
https://rugby-union-feeds.incrowdsports.com/v1/matches/289045,289045,202501,Northampton Saints,home,21,221996,Tom James,sub 6,replacement
https://rugby-union-feeds.incrowdsports.com/v1/matches/289045,289045,202501,Northampton Saints,home,8,108939,Fyn Brown,number eight,starter
https://rugby-union-feeds.incrowdsports.com/v1/matches/289045,289045,202501,Northampton Saints,home,4,124493,Ed Prowse,second row,starter
https://rugby-union-feeds.incrowdsports.com/v1/matches/289045,289045,202501,Northampton Saints,home,15,153646,George Furbank,full back,starter
https://rugby-union-feeds.incrowdsports.com/v1/matches/289045,289045,202501,Northampton Saints,home,9,248787,Jonny Weimann,scrum half,starter
https://rugby-union-feeds.incrowdsports.com/v1/matches/289045,289045,202501,Northampton Saints,home,7,225330,Archie Benson,flanker,starter
https://rugby-union-feeds.incrowdsports.com/v1/matches/289045,289045,202501,Northampton Saints,home,2,185586,Henry Walker,hooker,starter
https://rugby-union-feeds.incrowdsports.com/v1/matches/289045,289045,202501,Northampton Saints,home,16,160562,Marco Manfredi,sub 1,replacement
https://rugby-union-feeds.incrowdsports.com/v1/matches/289045,289045,202501,Northampton Saints,home,20,212369,Sam Graham,sub 5,replacement
https://rugby-union-feeds.incrowdsports.com/v1/matches/289045,289045,202501,Northampton Saints,home,11,250519,James Pater,left wing,starter
https://rugby-union-feeds.incrowdsports.com/v1/matches/289045,289045,202501,Northampton Saints,home,22,111099,Tom Litchfield,sub 7,replacement
https://rugby-union-feeds.incrowdsports.com/v1/matches/289045,289045,202501,Northampton Saints,home,13,250654,Henry Lumley,outside centre,starter
https://rugby-union-feeds.incrowdsports.com/v1/matches/289045,289045,202501,Northampton Saints,home,12,239358,Toby Thame,inside centre,starter
https://rugby-union-feeds.incrowdsports.com/v1/matches/289045,289045,202501,Newcastle Red Bulls,away,16,122561,Hame Faiva,sub 1,replacement
https://rugby-union-feeds.incrowdsports.com/v1/matches/289045,289045,202501,Newcastle Red Bulls,away,20,140708,Tom Gordon,sub 5,replacement
https://rugby-union-feeds.incrowdsports.com/v1/matches/289045,289045,202501,Newcastle Red Bulls,away,21,176289,James Elliott,sub 6,replacement
https://rugby-union-feeds.incrowdsports.com/v1/matches/289045,289045,202501,Newcastle Red Bulls,away,2,163400,George McGuigan,hooker,starter
https://rugby-union-feeds.incrowdsports.com/v1/matches/289045,289045,202501,Newcastle Red Bulls,away,5,141000,Jamie Hodgson,second row,starter
https://rugby-union-feeds.incrowdsports.com/v1/matches/289045,289045,202501,Newcastle Red Bulls,away,10,205702,Brett Connon,fly half,starter
https://rugby-union-feeds.incrowdsports.com/v1/matches/289045,289045,202501,Newcastle Red Bulls,away,8,219782,Freddie Lockwood,number eight,starter
https://rugby-union-feeds.incrowdsports.com/v1/matches/289045,289045,202501,Newcastle Red Bulls,away,22,169829,Max Clark,sub 7,replacement
https://rugby-union-feeds.incrowdsports.com/v1/matches/289045,289045,202501,Newcastle Red Bulls,away,3,200621,Richard Palframan,tighthead prop,starter
https://rugby-union-feeds.incrowdsports.com/v1/matches/289045,289045,202501,Newcastle Red Bulls,away,12,127601,Cammy Hutchison,inside centre,starter
https://rugby-union-feeds.incrowdsports.com/v1/matches/289045,289045,202501,Newcastle Red Bulls,away,4,248979,Oscar Usher,second row,starter
https://rugby-union-feeds.incrowdsports.com/v1/matches/289045,289045,202501,Newcastle Red Bulls,away,14,165073,Harrison Obatoyinbo,right wing,starter
https://rugby-union-feeds.incrowdsports.com/v1/matches/289045,289045,202501,Newcastle Red Bulls,away,1,205585,Murray McCallum,loosehead prop,starter
https://rugby-union-feeds.incrowdsports.com/v1/matches/289045,289045,202501,Newcastle Red Bulls,away,18,143607,Luan de Bruin,sub 3,replacement
https://rugby-union-feeds.incrowdsports.com/v1/matches/289045,289045,202501,Newcastle Red Bulls,away,9,137624,Sam Stuart,scrum half,starter
https://rugby-union-feeds.incrowdsports.com/v1/matches/289045,289045,202501,Newcastle Red Bulls,away,7,190680,Ollie Leatherbarrow,flanker,starter
https://rugby-union-feeds.incrowdsports.com/v1/matches/289045,289045,202501,Newcastle Red Bulls,away,17,164792,Adam Brocklebank,sub 2,replacement
https://rugby-union-feeds.incrowdsports.com/v1/matches/289045,289045,202501,Newcastle Red Bulls,away,15,144507,Ethan Grayson,full back,starter
https://rugby-union-feeds.incrowdsports.com/v1/matches/289045,289045,202501,Newcastle Red Bulls,away,6,157275,Cameron Neild,flanker,starter
https://rugby-union-feeds.incrowdsports.com/v1/matches/289045,289045,202501,Newcastle Red Bulls,away,13,189788,Stewart Moore,outside centre,starter
https://rugby-union-feeds.incrowdsports.com/v1/matches/289045,289045,202501,Newcastle Red Bulls,away,19,188156,Adam Scott,sub 4,replacement
https://rugby-union-feeds.incrowdsports.com/v1/matches/289045,289045,202501,Newcastle Red Bulls,away,23,255995,Sam Waugh,sub 8,replacement
https://rugby-union-feeds.incrowdsports.com/v1/matches/289045,289045,202501,Newcastle Red Bulls,away,11,199072,Alex Hearle,left wing,starter
https://rugby-union-feeds.incrowdsports.com/v1/matches/289046,289046,202501,Harlequins,home,9,241156,Jake Murray,scrum half,starter
https://rugby-union-feeds.incrowdsports.com/v1/matches/289046,289046,202501,Harlequins,home,1,140419,Jordan Els,loosehead prop,starter
https://rugby-union-feeds.incrowdsports.com/v1/matches/289046,289046,202501,Harlequins,home,21,239652,Josh Bellamy,sub 6,replacement
https://rugby-union-feeds.incrowdsports.com/v1/matches/289046,289046,202501,Harlequins,home,18,243138,Ollie Streeter,sub 3,replacement
https://rugby-union-feeds.incrowdsports.com/v1/matches/289046,289046,202501,Harlequins,home,19,239649,Zach Carr,sub 4,replacement
https://rugby-union-feeds.incrowdsports.com/v1/matches/289046,289046,202501,Harlequins,home,15,145735,Cameron Anderson,full back,starter
https://rugby-union-feeds.incrowdsports.com/v1/matches/289046,289046,202501,Harlequins,home,2,185447,Jack Musk,hooker,starter
https://rugby-union-feeds.incrowdsports.com/v1/matches/289046,289046,202501,Harlequins,home,7,239592,Seb Driscoll,flanker,starter
https://rugby-union-feeds.incrowdsports.com/v1/matches/289046,289046,202501,Harlequins,home,4,239590,Harry Browne,second row,starter
https://rugby-union-feeds.incrowdsports.com/v1/matches/289046,289046,202501,Harlequins,home,22,240234,Conor Byrne,sub 7,replacement
https://rugby-union-feeds.incrowdsports.com/v1/matches/289046,289046,202501,Harlequins,home,6,248937,Elliot Williams,flanker,starter
https://rugby-union-feeds.incrowdsports.com/v1/matches/289046,289046,202501,Harlequins,home,20,250607,Tate Williams,sub 5,replacement
https://rugby-union-feeds.incrowdsports.com/v1/matches/289046,289046,202501,Harlequins,home,13,239604,Sean Kerr,outside centre,starter
https://rugby-union-feeds.incrowdsports.com/v1/matches/289046,289046,202501,Harlequins,home,16,243124,Jimmy Staples,sub 1,replacement
https://rugby-union-feeds.incrowdsports.com/v1/matches/289046,289046,202501,Harlequins,home,23,250644,Theo Povey,sub 8,replacement
https://rugby-union-feeds.incrowdsports.com/v1/matches/289046,289046,202501,Harlequins,home,11,165170,Hayden Hyde,left wing,starter
https://rugby-union-feeds.incrowdsports.com/v1/matches/289046,289046,202501,Harlequins,home,14,243132,Frank McMillan,right wing,starter
https://rugby-union-feeds.incrowdsports.com/v1/matches/289046,289046,202501,Harlequins,home,10,177084,Connor Slevin,fly half,starter
https://rugby-union-feeds.incrowdsports.com/v1/matches/289046,289046,202501,Harlequins,home,12,114587,Bryn Bradley,inside centre,starter
https://rugby-union-feeds.incrowdsports.com/v1/matches/289046,289046,202501,Harlequins,home,5,120187,Jonny Green,second row,starter
https://rugby-union-feeds.incrowdsports.com/v1/matches/289046,289046,202501,Harlequins,home,8,243129,Lucas Schmid,number eight,starter
https://rugby-union-feeds.incrowdsports.com/v1/matches/289046,289046,202501,Harlequins,home,3,109630,Will Hobson,tighthead prop,starter
https://rugby-union-feeds.incrowdsports.com/v1/matches/289046,289046,202501,Harlequins,home,17,243136,Jamie Miller,sub 2,replacement
https://rugby-union-feeds.incrowdsports.com/v1/matches/289046,289046,202501,Saracens,away,12,116514,Olly Hartley,inside centre,starter
https://rugby-union-feeds.incrowdsports.com/v1/matches/289046,289046,202501,Saracens,away,16,120033,Eoghan Clarke,sub 1,replacement
https://rugby-union-feeds.incrowdsports.com/v1/matches/289046,289046,202501,Saracens,away,4,218727,Harry Wilson,second row,starter
https://rugby-union-feeds.incrowdsports.com/v1/matches/289046,289046,202501,Saracens,away,1,239493,Alex O'Driscoll,loosehead prop,starter
https://rugby-union-feeds.incrowdsports.com/v1/matches/289046,289046,202501,Saracens,away,15,211692,Max Malins,full back,starter
https://rugby-union-feeds.incrowdsports.com/v1/matches/289046,289046,202501,Saracens,away,10,104042,Louie Johnson,fly half,starter
https://rugby-union-feeds.incrowdsports.com/v1/matches/289046,289046,202501,Saracens,away,21,239403,Charlie Bracken,sub 6,replacement
https://rugby-union-feeds.incrowdsports.com/v1/matches/289046,289046,202501,Saracens,away,11,182025,Brandon Jackson-Richards,left wing,starter
https://rugby-union-feeds.incrowdsports.com/v1/matches/289046,289046,202501,Saracens,away,22,255529,Luke Davidson,sub 7,replacement
https://rugby-union-feeds.incrowdsports.com/v1/matches/289046,289046,202501,Saracens,away,13,202925,Sam Spink,outside centre,starter
https://rugby-union-feeds.incrowdsports.com/v1/matches/289046,289046,202501,Saracens,away,18,142606,Alec Clarey,sub 3,replacement
https://rugby-union-feeds.incrowdsports.com/v1/matches/289046,289046,202501,Saracens,away,7,243060,Reggie Hammick,flanker,starter
https://rugby-union-feeds.incrowdsports.com/v1/matches/289046,289046,202501,Saracens,away,17,242968,Lewis Young,sub 2,replacement
https://rugby-union-feeds.incrowdsports.com/v1/matches/289046,289046,202501,Saracens,away,20,242936,Charlie West,sub 5,replacement
https://rugby-union-feeds.incrowdsports.com/v1/matches/289046,289046,202501,Saracens,away,3,160437,Marcus Street,tighthead prop,starter
https://rugby-union-feeds.incrowdsports.com/v1/matches/289046,289046,202501,Saracens,away,2,144473,James Hadfield,hooker,starter
https://rugby-union-feeds.incrowdsports.com/v1/matches/289046,289046,202501,Saracens,away,23,248890,Finn Keylock,sub 8,replacement
https://rugby-union-feeds.incrowdsports.com/v1/matches/289046,289046,202501,Saracens,away,9,177055,Gareth Simpson,scrum half,starter
https://rugby-union-feeds.incrowdsports.com/v1/matches/289046,289046,202501,Saracens,away,5,198623,Hugh Tizard,second row,starter
https://rugby-union-feeds.incrowdsports.com/v1/matches/289046,289046,202501,Saracens,away,8,177536,Tom Willis,number eight,starter
https://rugby-union-feeds.incrowdsports.com/v1/matches/289046,289046,202501,Saracens,away,14,242942,Jack Bracken,right wing,starter
https://rugby-union-feeds.incrowdsports.com/v1/matches/289046,289046,202501,Saracens,away,19,239614,Kennedy Sylvester-Junior,sub 4,replacement
https://rugby-union-feeds.incrowdsports.com/v1/matches/289046,289046,202501,Saracens,away,6,243069,Tayo Adegbemile,flanker,starter
https://rugby-union-feeds.incrowdsports.com/v1/matches/289049,289049,202501,Leicester Tigers,home,18,251490,Tonga Kofe,sub 3,replacement
https://rugby-union-feeds.incrowdsports.com/v1/matches/289049,289049,202501,Leicester Tigers,home,21,239272,Josh Manz,sub 6,replacement
https://rugby-union-feeds.incrowdsports.com/v1/matches/289049,289049,202501,Leicester Tigers,home,7,183880,Tommy Reffell,flanker,starter
https://rugby-union-feeds.incrowdsports.com/v1/matches/289049,289049,202501,Leicester Tigers,home,16,101384,Finn Theobald-Thomas,sub 1,replacement
https://rugby-union-feeds.incrowdsports.com/v1/matches/289049,289049,202501,Leicester Tigers,home,14,201483,Ryan Crowley,right wing,starter
https://rugby-union-feeds.incrowdsports.com/v1/matches/289049,289049,202501,Leicester Tigers,home,10,128683,Billy Searle,fly half,starter
https://rugby-union-feeds.incrowdsports.com/v1/matches/289049,289049,202501,Leicester Tigers,home,2,216656,Charlie Clare,hooker,starter
https://rugby-union-feeds.incrowdsports.com/v1/matches/289049,289049,202501,Leicester Tigers,home,12,239278,Joe Woodward,inside centre,starter
https://rugby-union-feeds.incrowdsports.com/v1/matches/289049,289049,202501,Leicester Tigers,home,11,241166,Sam Mercer,left wing,starter
https://rugby-union-feeds.incrowdsports.com/v1/matches/289049,289049,202501,Leicester Tigers,home,9,170190,Tom Whiteley,scrum half,starter
https://rugby-union-feeds.incrowdsports.com/v1/matches/289049,289049,202501,Leicester Tigers,home,6,248781,Harry Palmer,flanker,starter
https://rugby-union-feeds.incrowdsports.com/v1/matches/289049,289049,202501,Leicester Tigers,home,23,154164,Charlie Titcombe,sub 8,replacement
https://rugby-union-feeds.incrowdsports.com/v1/matches/289049,289049,202501,Leicester Tigers,home,4,202962,Cameron Henderson,second row,starter
https://rugby-union-feeds.incrowdsports.com/v1/matches/289049,289049,202501,Leicester Tigers,home,13,237969,Will Wand,outside centre,starter
https://rugby-union-feeds.incrowdsports.com/v1/matches/289049,289049,202501,Leicester Tigers,home,5,149842,James Thompson,second row,starter
https://rugby-union-feeds.incrowdsports.com/v1/matches/289049,289049,202501,Leicester Tigers,home,19,177015,Harry Wells,sub 4,replacement
https://rugby-union-feeds.incrowdsports.com/v1/matches/289049,289049,202501,Leicester Tigers,home,17,244534,Archie van der Flier,sub 2,replacement
https://rugby-union-feeds.incrowdsports.com/v1/matches/289049,289049,202501,Leicester Tigers,home,1,104471,Tareq Haffar,loosehead prop,starter
https://rugby-union-feeds.incrowdsports.com/v1/matches/289049,289049,202501,Leicester Tigers,home,15,220475,Orlando Bailey,full back,starter
https://rugby-union-feeds.incrowdsports.com/v1/matches/289049,289049,202501,Leicester Tigers,home,3,253626,Ale Loman,tighthead prop,starter
https://rugby-union-feeds.incrowdsports.com/v1/matches/289049,289049,202501,Leicester Tigers,home,20,132697,Tom Manz,sub 5,replacement
https://rugby-union-feeds.incrowdsports.com/v1/matches/289049,289049,202501,Leicester Tigers,home,8,237152,Joaquin Moro,number eight,starter
https://rugby-union-feeds.incrowdsports.com/v1/matches/289049,289049,202501,Leicester Tigers,home,22,239424,Ollie Allan,sub 7,replacement
https://rugby-union-feeds.incrowdsports.com/v1/matches/289049,289049,202501,Northampton Saints,away,1,177699,Tom West,loosehead prop,starter
https://rugby-union-feeds.incrowdsports.com/v1/matches/289049,289049,202501,Northampton Saints,away,4,193283,Chunya Munga,second row,starter
https://rugby-union-feeds.incrowdsports.com/v1/matches/289049,289049,202501,Northampton Saints,away,14,192642,Ollie Sleightholme,right wing,starter
https://rugby-union-feeds.incrowdsports.com/v1/matches/289049,289049,202501,Northampton Saints,away,11,244744,Amena Caqusau,left wing,starter
https://rugby-union-feeds.incrowdsports.com/v1/matches/289049,289049,202501,Northampton Saints,away,20,168872,Callum Chick,sub 5,replacement
https://rugby-union-feeds.incrowdsports.com/v1/matches/289049,289049,202501,Northampton Saints,away,3,127592,Luke Green,tighthead prop,starter
https://rugby-union-feeds.incrowdsports.com/v1/matches/289049,289049,202501,Northampton Saints,away,17,242892,Ollie Scola,sub 2,replacement
https://rugby-union-feeds.incrowdsports.com/v1/matches/289049,289049,202501,Northampton Saints,away,2,239338,Craig Wright,hooker,starter
https://rugby-union-feeds.incrowdsports.com/v1/matches/289049,289049,202501,Northampton Saints,away,7,108939,Fyn Brown,flanker,starter
https://rugby-union-feeds.incrowdsports.com/v1/matches/289049,289049,202501,Northampton Saints,away,16,206832,Robbie Smith,sub 1,replacement
https://rugby-union-feeds.incrowdsports.com/v1/matches/289049,289049,202501,Northampton Saints,away,19,124493,Ed Prowse,sub 4,replacement
https://rugby-union-feeds.incrowdsports.com/v1/matches/289049,289049,202501,Northampton Saints,away,10,153646,George Furbank,fly half,starter
https://rugby-union-feeds.incrowdsports.com/v1/matches/289049,289049,202501,Northampton Saints,away,9,248787,Jonny Weimann,scrum half,starter
https://rugby-union-feeds.incrowdsports.com/v1/matches/289049,289049,202501,Northampton Saints,away,8,212369,Sam Graham,number eight,starter
https://rugby-union-feeds.incrowdsports.com/v1/matches/289049,289049,202501,Northampton Saints,away,23,250519,James Pater,sub 8,replacement
https://rugby-union-feeds.incrowdsports.com/v1/matches/289049,289049,202501,Northampton Saints,away,5,225654,JJ van der Mescht,second row,starter
https://rugby-union-feeds.incrowdsports.com/v1/matches/289049,289049,202501,Northampton Saints,away,6,166428,Josh Kemeny,flanker,starter
https://rugby-union-feeds.incrowdsports.com/v1/matches/289049,289049,202501,Northampton Saints,away,13,111099,Tom Litchfield,outside centre,starter
https://rugby-union-feeds.incrowdsports.com/v1/matches/289049,289049,202501,Northampton Saints,away,21,248889,Aidan Pugh,sub 6,replacement
https://rugby-union-feeds.incrowdsports.com/v1/matches/289049,289049,202501,Northampton Saints,away,15,238687,George Hendy,full back,starter
https://rugby-union-feeds.incrowdsports.com/v1/matches/289049,289049,202501,Northampton Saints,away,12,239358,Toby Thame,inside centre,starter
https://rugby-union-feeds.incrowdsports.com/v1/matches/289049,289049,202501,Northampton Saints,away,22,250654,Henry Lumley,sub 7,replacement
https://rugby-union-feeds.incrowdsports.com/v1/matches/289049,289049,202501,Northampton Saints,away,18,188766,Cleopas Kundiona,sub 3,replacement
https://rugby-union-feeds.incrowdsports.com/v1/matches/289050,289050,202501,Saracens,home,12,116514,Olly Hartley,inside centre,starter
https://rugby-union-feeds.incrowdsports.com/v1/matches/289050,289050,202501,Saracens,home,2,120033,Eoghan Clarke,hooker,starter
https://rugby-union-feeds.incrowdsports.com/v1/matches/289050,289050,202501,Saracens,home,3,110116,Harvey Beaton,tighthead prop,starter
https://rugby-union-feeds.incrowdsports.com/v1/matches/289050,289050,202501,Saracens,home,22,229505,Lucio Cinti,sub 7,replacement
https://rugby-union-feeds.incrowdsports.com/v1/matches/289050,289050,202501,Saracens,home,4,218727,Harry Wilson,second row,starter
https://rugby-union-feeds.incrowdsports.com/v1/matches/289050,289050,202501,Saracens,home,1,239493,Alex O'Driscoll,loosehead prop,starter
https://rugby-union-feeds.incrowdsports.com/v1/matches/289050,289050,202501,Saracens,home,10,104042,Louie Johnson,fly half,starter
https://rugby-union-feeds.incrowdsports.com/v1/matches/289050,289050,202501,Saracens,home,9,239403,Charlie Bracken,scrum half,starter
https://rugby-union-feeds.incrowdsports.com/v1/matches/289050,289050,202501,Saracens,home,8,132812,Nathan Michelow,number eight,starter
https://rugby-union-feeds.incrowdsports.com/v1/matches/289050,289050,202501,Saracens,home,11,182025,Brandon Jackson-Richards,left wing,starter
https://rugby-union-feeds.incrowdsports.com/v1/matches/289050,289050,202501,Saracens,home,15,255529,Luke Davidson,full back,starter
https://rugby-union-feeds.incrowdsports.com/v1/matches/289050,289050,202501,Saracens,home,13,202925,Sam Spink,outside centre,starter
https://rugby-union-feeds.incrowdsports.com/v1/matches/289050,289050,202501,Saracens,home,16,124431,Samson Adejimi,sub 1,replacement
https://rugby-union-feeds.incrowdsports.com/v1/matches/289050,289050,202501,Saracens,home,20,243060,Reggie Hammick,sub 5,replacement
https://rugby-union-feeds.incrowdsports.com/v1/matches/289050,289050,202501,Saracens,home,7,242936,Charlie West,flanker,starter
https://rugby-union-feeds.incrowdsports.com/v1/matches/289050,289050,202501,Saracens,home,17,242968,Lewis Young,sub 2,replacement
https://rugby-union-feeds.incrowdsports.com/v1/matches/289050,289050,202501,Saracens,home,21,185080,Ivan van Zyl,sub 6,replacement
https://rugby-union-feeds.incrowdsports.com/v1/matches/289050,289050,202501,Saracens,home,18,103033,Tietie Tuimauga,sub 3,replacement
https://rugby-union-feeds.incrowdsports.com/v1/matches/289050,289050,202501,Saracens,home,14,244799,Angus Hall,right wing,starter
https://rugby-union-feeds.incrowdsports.com/v1/matches/289050,289050,202501,Saracens,home,5,239647,Olamide Sodeke,second row,starter
https://rugby-union-feeds.incrowdsports.com/v1/matches/289050,289050,202501,Saracens,home,19,239614,Kennedy Sylvester-Junior,sub 4,replacement
https://rugby-union-feeds.incrowdsports.com/v1/matches/289050,289050,202501,Saracens,home,6,243069,Tayo Adegbemile,flanker,starter
https://rugby-union-feeds.incrowdsports.com/v1/matches/289050,289050,202501,Saracens,home,23,252989,Noah Caluori,sub 8,replacement
https://rugby-union-feeds.incrowdsports.com/v1/matches/289050,289050,202501,Newcastle Red Bulls,away,7,140708,Tom Gordon,flanker,starter
https://rugby-union-feeds.incrowdsports.com/v1/matches/289050,289050,202501,Newcastle Red Bulls,away,16,122561,Hame Faiva,sub 1,replacement
https://rugby-union-feeds.incrowdsports.com/v1/matches/289050,289050,202501,Newcastle Red Bulls,away,9,176289,James Elliott,scrum half,starter
https://rugby-union-feeds.incrowdsports.com/v1/matches/289050,289050,202501,Newcastle Red Bulls,away,19,239553,Finn Baker,sub 4,replacement
https://rugby-union-feeds.incrowdsports.com/v1/matches/289050,289050,202501,Newcastle Red Bulls,away,2,207081,Ollie Fletcher,hooker,starter
https://rugby-union-feeds.incrowdsports.com/v1/matches/289050,289050,202501,Newcastle Red Bulls,away,18,200621,Richard Palframan,sub 3,replacement
https://rugby-union-feeds.incrowdsports.com/v1/matches/289050,289050,202501,Newcastle Red Bulls,away,12,127601,Cammy Hutchison,inside centre,starter
https://rugby-union-feeds.incrowdsports.com/v1/matches/289050,289050,202501,Newcastle Red Bulls,away,22,244467,Junior Newton,sub 7,replacement
https://rugby-union-feeds.incrowdsports.com/v1/matches/289050,289050,202501,Newcastle Red Bulls,away,8,244466,Reuben Parsons,number eight,starter
https://rugby-union-feeds.incrowdsports.com/v1/matches/289050,289050,202501,Newcastle Red Bulls,away,17,134737,Connor Hancock,sub 2,replacement
https://rugby-union-feeds.incrowdsports.com/v1/matches/289050,289050,202501,Newcastle Red Bulls,away,23,165073,Harrison Obatoyinbo,sub 8,replacement
https://rugby-union-feeds.incrowdsports.com/v1/matches/289050,289050,202501,Newcastle Red Bulls,away,3,143607,Luan de Bruin,tighthead prop,starter
https://rugby-union-feeds.incrowdsports.com/v1/matches/289050,289050,202501,Newcastle Red Bulls,away,5,154551,Sebastian de Chaves,second row,starter
https://rugby-union-feeds.incrowdsports.com/v1/matches/289050,289050,202501,Newcastle Red Bulls,away,20,190680,Ollie Leatherbarrow,sub 5,replacement
https://rugby-union-feeds.incrowdsports.com/v1/matches/289050,289050,202501,Newcastle Red Bulls,away,21,137624,Sam Stuart,sub 6,replacement
https://rugby-union-feeds.incrowdsports.com/v1/matches/289050,289050,202501,Newcastle Red Bulls,away,13,222549,Oll Spencer,outside centre,starter
https://rugby-union-feeds.incrowdsports.com/v1/matches/289050,289050,202501,Newcastle Red Bulls,away,15,255995,Sam Waugh,full back,starter
https://rugby-union-feeds.incrowdsports.com/v1/matches/289050,289050,202501,Newcastle Red Bulls,away,14,249691,Stefan Coetzee,right wing,starter
https://rugby-union-feeds.incrowdsports.com/v1/matches/289050,289050,202501,Newcastle Red Bulls,away,6,188156,Adam Scott,flanker,starter
https://rugby-union-feeds.incrowdsports.com/v1/matches/289050,289050,202501,Newcastle Red Bulls,away,11,239961,Nathan Greenwood,left wing,starter
https://rugby-union-feeds.incrowdsports.com/v1/matches/289050,289050,202501,Newcastle Red Bulls,away,4,224153,Tim Cardall,second row,starter
https://rugby-union-feeds.incrowdsports.com/v1/matches/289050,289050,202501,Newcastle Red Bulls,away,10,150399,Boeta Chamberlain,fly half,starter
https://rugby-union-feeds.incrowdsports.com/v1/matches/289050,289050,202501,Newcastle Red Bulls,away,1,239550,Micky Rewcastle,loosehead prop,starter
https://rugby-union-feeds.incrowdsports.com/v1/matches/289048,289048,202501,Exeter Chiefs,home,7,169636,Martin Moloney,flanker,starter
https://rugby-union-feeds.incrowdsports.com/v1/matches/289048,289048,202501,Exeter Chiefs,home,11,250817,Campbell Ridl,left wing,starter
https://rugby-union-feeds.incrowdsports.com/v1/matches/289048,289048,202501,Exeter Chiefs,home,1,254081,Ethan Burger,loosehead prop,starter
https://rugby-union-feeds.incrowdsports.com/v1/matches/289048,289048,202501,Exeter Chiefs,home,13,255016,Ollie Batson,outside centre,starter
https://rugby-union-feeds.incrowdsports.com/v1/matches/289048,289048,202501,Exeter Chiefs,home,2,242920,Louie Gulley,hooker,starter
https://rugby-union-feeds.incrowdsports.com/v1/matches/289048,289048,202501,Exeter Chiefs,home,4,171271,Lewis Pearson,second row,starter
https://rugby-union-feeds.incrowdsports.com/v1/matches/289048,289048,202501,Exeter Chiefs,home,17,149671,Khwezi Mona,sub 2,replacement
https://rugby-union-feeds.incrowdsports.com/v1/matches/289048,289048,202501,Exeter Chiefs,home,14,251397,Paul Brown-Bampoe,right wing,starter
https://rugby-union-feeds.incrowdsports.com/v1/matches/289048,289048,202501,Exeter Chiefs,home,21,117545,Charlie Chapman,sub 6,replacement
https://rugby-union-feeds.incrowdsports.com/v1/matches/289048,289048,202501,Exeter Chiefs,home,22,240233,Ben Coen,sub 7,replacement
https://rugby-union-feeds.incrowdsports.com/v1/matches/289048,289048,202501,Exeter Chiefs,home,23,116395,Harry Ascherl,sub 8,replacement
https://rugby-union-feeds.incrowdsports.com/v1/matches/289048,289048,202501,Exeter Chiefs,home,16,229392,Julian Heaven,sub 1,replacement
https://rugby-union-feeds.incrowdsports.com/v1/matches/289048,289048,202501,Exeter Chiefs,home,9,208783,Tom Cairns,scrum half,starter
https://rugby-union-feeds.incrowdsports.com/v1/matches/289048,289048,202501,Exeter Chiefs,home,10,125136,Will Haydon-Wood,fly half,starter
https://rugby-union-feeds.incrowdsports.com/v1/matches/289048,289048,202501,Exeter Chiefs,home,6,239374,Joe Bailey,flanker,starter
https://rugby-union-feeds.incrowdsports.com/v1/matches/289048,289048,202501,Exeter Chiefs,home,19,244494,Oscar Beckerleg,sub 4,replacement
https://rugby-union-feeds.incrowdsports.com/v1/matches/289048,289048,202501,Exeter Chiefs,home,18,188174,Jimmy Roots,sub 3,replacement
https://rugby-union-feeds.incrowdsports.com/v1/matches/289048,289048,202501,Exeter Chiefs,home,15,199029,Dan John,full back,starter
https://rugby-union-feeds.incrowdsports.com/v1/matches/289048,289048,202501,Exeter Chiefs,home,5,112986,Rus Tuima,second row,starter
https://rugby-union-feeds.incrowdsports.com/v1/matches/289048,289048,202501,Exeter Chiefs,home,20,239420,Finn Worley-Brady,sub 5,replacement
https://rugby-union-feeds.incrowdsports.com/v1/matches/289048,289048,202501,Exeter Chiefs,home,12,243675,Will Rigg,inside centre,starter
https://rugby-union-feeds.incrowdsports.com/v1/matches/289048,289048,202501,Exeter Chiefs,home,8,213658,Richard Capstick,number eight,starter
https://rugby-union-feeds.incrowdsports.com/v1/matches/289048,289048,202501,Exeter Chiefs,home,3,249693,Bachuki Tchumbadze,tighthead prop,starter
https://rugby-union-feeds.incrowdsports.com/v1/matches/289048,289048,202501,Bristol Bears,away,5,189699,Steele Barker,second row,starter
https://rugby-union-feeds.incrowdsports.com/v1/matches/289048,289048,202501,Bristol Bears,away,20,221988,Sam Grahamslaw,sub 5,replacement
https://rugby-union-feeds.incrowdsports.com/v1/matches/289048,289048,202501,Bristol Bears,away,4,244483,Ethan Surrey,second row,starter
https://rugby-union-feeds.incrowdsports.com/v1/matches/289048,289048,202501,Bristol Bears,away,18,239330,Jimmy Halliwell,sub 3,replacement
https://rugby-union-feeds.incrowdsports.com/v1/matches/289048,289048,202501,Bristol Bears,away,12,156903,James Williams,inside centre,starter
https://rugby-union-feeds.incrowdsports.com/v1/matches/289048,289048,202501,Bristol Bears,away,15,106952,Noah Heward,full back,starter
https://rugby-union-feeds.incrowdsports.com/v1/matches/289048,289048,202501,Bristol Bears,away,7,244806,Kenzie Jenkins,flanker,starter
https://rugby-union-feeds.incrowdsports.com/v1/matches/289048,289048,202501,Bristol Bears,away,19,226118,Will Rampley,sub 4,replacement
https://rugby-union-feeds.incrowdsports.com/v1/matches/289048,289048,202501,Bristol Bears,away,21,202470,Ellis Bevan,sub 6,replacement
https://rugby-union-feeds.incrowdsports.com/v1/matches/289048,289048,202501,Bristol Bears,away,2,183340,Harry Thacker,hooker,starter
https://rugby-union-feeds.incrowdsports.com/v1/matches/289048,289048,202501,Bristol Bears,away,6,151148,George Taylor,flanker,starter
https://rugby-union-feeds.incrowdsports.com/v1/matches/289048,289048,202501,Bristol Bears,away,11,243018,Aidan Boshoff,left wing,starter
https://rugby-union-feeds.incrowdsports.com/v1/matches/289048,289048,202501,Bristol Bears,away,14,199886,Jack Bates,right wing,starter
https://rugby-union-feeds.incrowdsports.com/v1/matches/289048,289048,202501,Bristol Bears,away,22,152781,Mat Protheroe,sub 7,replacement
https://rugby-union-feeds.incrowdsports.com/v1/matches/289048,289048,202501,Bristol Bears,away,8,248877,John Edwards,number eight,starter
https://rugby-union-feeds.incrowdsports.com/v1/matches/289048,289048,202501,Bristol Bears,away,9,185971,Sam Wolstenholme,scrum half,starter
https://rugby-union-feeds.incrowdsports.com/v1/matches/289048,289048,202501,Bristol Bears,away,17,239313,Louie Trevett,sub 2,replacement
https://rugby-union-feeds.incrowdsports.com/v1/matches/289048,289048,202501,Bristol Bears,away,13,248824,Victor Worsnip,outside centre,starter
https://rugby-union-feeds.incrowdsports.com/v1/matches/289048,289048,202501,Bristol Bears,away,23,254999,Evan Morris,sub 8,replacement
https://rugby-union-feeds.incrowdsports.com/v1/matches/289048,289048,202501,Bristol Bears,away,16,152822,Tomas Gwilliam,sub 1,replacement
https://rugby-union-feeds.incrowdsports.com/v1/matches/289048,289048,202501,Bristol Bears,away,1,130811,Max Lahiff,loosehead prop,starter
https://rugby-union-feeds.incrowdsports.com/v1/matches/289048,289048,202501,Bristol Bears,away,3,223904,Lovejoy Chawatama,tighthead prop,starter
https://rugby-union-feeds.incrowdsports.com/v1/matches/289048,289048,202501,Bristol Bears,away,10,240061,Sam Worsley,fly half,starter
https://rugby-union-feeds.incrowdsports.com/v1/matches/289047,289047,202501,Bath Rugby,home,6,123233,Ethan Staddon,flanker,starter
https://rugby-union-feeds.incrowdsports.com/v1/matches/289047,289047,202501,Bath Rugby,home,12,210178,Will Butt,inside centre,starter
https://rugby-union-feeds.incrowdsports.com/v1/matches/289047,289047,202501,Bath Rugby,home,9,156834,Tom Carr-Smith,scrum half,starter
https://rugby-union-feeds.incrowdsports.com/v1/matches/289047,289047,202501,Bath Rugby,home,3,137026,Kieran Verden,tighthead prop,starter
https://rugby-union-feeds.incrowdsports.com/v1/matches/289047,289047,202501,Bath Rugby,home,8,239297,Arthur Green,number eight,starter
https://rugby-union-feeds.incrowdsports.com/v1/matches/289047,289047,202501,Bath Rugby,home,7,195208,Miles Reid,flanker,starter
https://rugby-union-feeds.incrowdsports.com/v1/matches/289047,289047,202501,Bath Rugby,home,10,154219,Cameron Redpath,fly half,starter
https://rugby-union-feeds.incrowdsports.com/v1/matches/289047,289047,202501,Bath Rugby,home,2,103625,Dan Frost,hooker,starter
https://rugby-union-feeds.incrowdsports.com/v1/matches/289047,289047,202501,Bath Rugby,home,13,196656,Chris Harris,outside centre,starter
https://rugby-union-feeds.incrowdsports.com/v1/matches/289047,289047,202501,Bath Rugby,home,4,239503,Harvey Cuckson,second row,starter
https://rugby-union-feeds.incrowdsports.com/v1/matches/289047,289047,202501,Bath Rugby,home,14,248883,Sam Winters,right wing,starter
https://rugby-union-feeds.incrowdsports.com/v1/matches/289047,289047,202501,Bath Rugby,home,21,241747,Neil le Roux,sub 6,replacement
https://rugby-union-feeds.incrowdsports.com/v1/matches/289047,289047,202501,Bath Rugby,home,23,243059,Kepu Tuipulotu,sub 8,replacement
https://rugby-union-feeds.incrowdsports.com/v1/matches/289047,289047,202501,Bath Rugby,home,16,225778,Tom Dunn,sub 1,replacement
https://rugby-union-feeds.incrowdsports.com/v1/matches/289047,289047,202501,Bath Rugby,home,22,184945,Ted Hill,sub 7,replacement
https://rugby-union-feeds.incrowdsports.com/v1/matches/289047,289047,202501,Bath Rugby,home,17,116821,Francois van Wyk,sub 2,replacement
https://rugby-union-feeds.incrowdsports.com/v1/matches/289047,289047,202501,Bath Rugby,home,20,105205,Ross Molony,sub 5,replacement
https://rugby-union-feeds.incrowdsports.com/v1/matches/289047,289047,202501,Bath Rugby,home,5,217750,Ewan Richards,second row,starter
https://rugby-union-feeds.incrowdsports.com/v1/matches/289047,289047,202501,Bath Rugby,home,11,244508,Charlie Griffin,left wing,starter
https://rugby-union-feeds.incrowdsports.com/v1/matches/289047,289047,202501,Bath Rugby,home,18,239292,Billy Sela,sub 3,replacement
https://rugby-union-feeds.incrowdsports.com/v1/matches/289047,289047,202501,Bath Rugby,home,1,240057,Scott Kirk,loosehead prop,starter
https://rugby-union-feeds.incrowdsports.com/v1/matches/289047,289047,202501,Bath Rugby,home,19,203360,Quinn Roux,sub 4,replacement
https://rugby-union-feeds.incrowdsports.com/v1/matches/289047,289047,202501,Bath Rugby,home,15,153790,Tom de Glanville,full back,starter
https://rugby-union-feeds.incrowdsports.com/v1/matches/289047,289047,202501,Sale Sharks,away,10,244516,Ollie Davies,fly half,starter
https://rugby-union-feeds.incrowdsports.com/v1/matches/289047,289047,202501,Sale Sharks,away,6,242916,Jos Gilmore,flanker,starter
https://rugby-union-feeds.incrowdsports.com/v1/matches/289047,289047,202501,Sale Sharks,away,22,244520,Toby Wilson,sub 7,replacement
https://rugby-union-feeds.incrowdsports.com/v1/matches/289047,289047,202501,Sale Sharks,away,5,239462,Tom Burrow,second row,starter
https://rugby-union-feeds.incrowdsports.com/v1/matches/289047,289047,202501,Sale Sharks,away,20,244518,Seb Kelly,sub 5,replacement
https://rugby-union-feeds.incrowdsports.com/v1/matches/289047,289047,202501,Sale Sharks,away,4,248965,Patrick Hogg,second row,starter
https://rugby-union-feeds.incrowdsports.com/v1/matches/289047,289047,202501,Sale Sharks,away,19,171270,Huw Davies,sub 4,replacement
https://rugby-union-feeds.incrowdsports.com/v1/matches/289047,289047,202501,Sale Sharks,away,7,103530,Tristan Woodman,flanker,starter
https://rugby-union-feeds.incrowdsports.com/v1/matches/289047,289047,202501,Sale Sharks,away,23,243148,Albert Bradshaw,sub 8,replacement
https://rugby-union-feeds.incrowdsports.com/v1/matches/289047,289047,202501,Sale Sharks,away,14,153804,Obi Ene,right wing,starter
https://rugby-union-feeds.incrowdsports.com/v1/matches/289047,289047,202501,Sale Sharks,away,16,206761,Tadgh McElroy,sub 1,replacement
https://rugby-union-feeds.incrowdsports.com/v1/matches/289047,289047,202501,Sale Sharks,away,17,243055,Ralph McEachran,sub 2,replacement
https://rugby-union-feeds.incrowdsports.com/v1/matches/289047,289047,202501,Sale Sharks,away,2,109874,Ethan Caine,hooker,starter
https://rugby-union-feeds.incrowdsports.com/v1/matches/289047,289047,202501,Sale Sharks,away,18,239537,Patreece Bell,sub 3,replacement
https://rugby-union-feeds.incrowdsports.com/v1/matches/289047,289047,202501,Sale Sharks,away,11,201240,Regan Grace,left wing,starter
https://rugby-union-feeds.incrowdsports.com/v1/matches/289047,289047,202501,Sale Sharks,away,15,239510,Alex Wills,full back,starter
https://rugby-union-feeds.incrowdsports.com/v1/matches/289047,289047,202501,Sale Sharks,away,1,147029,Tumy Onasanya,loosehead prop,starter
https://rugby-union-feeds.incrowdsports.com/v1/matches/289047,289047,202501,Sale Sharks,away,21,170933,Nye Thomas,sub 6,replacement
https://rugby-union-feeds.incrowdsports.com/v1/matches/289047,289047,202501,Sale Sharks,away,3,123738,James Harper,tighthead prop,starter
https://rugby-union-feeds.incrowdsports.com/v1/matches/289047,289047,202501,Sale Sharks,away,12,224475,Joe Bedlow,inside centre,starter
https://rugby-union-feeds.incrowdsports.com/v1/matches/289047,289047,202501,Sale Sharks,away,9,242906,Dom Hanson,scrum half,starter
https://rugby-union-feeds.incrowdsports.com/v1/matches/289047,289047,202501,Sale Sharks,away,13,242910,Osian Roberts,outside centre,starter
https://rugby-union-feeds.incrowdsports.com/v1/matches/289047,289047,202501,Sale Sharks,away,8,239485,Reuben Logan,number eight,starter
https://rugby-union-feeds.incrowdsports.com/v1/matches/289051,289051,202501,Newcastle Red Bulls,home,9,176289,James Elliott,scrum half,starter
https://rugby-union-feeds.incrowdsports.com/v1/matches/289051,289051,202501,Newcastle Red Bulls,home,5,239553,Finn Baker,second row,starter
https://rugby-union-feeds.incrowdsports.com/v1/matches/289051,289051,202501,Newcastle Red Bulls,home,16,200193,Fraser Renwick,sub 1,replacement
https://rugby-union-feeds.incrowdsports.com/v1/matches/289051,289051,202501,Newcastle Red Bulls,home,13,169829,Max Clark,outside centre,starter
https://rugby-union-feeds.incrowdsports.com/v1/matches/289051,289051,202501,Newcastle Red Bulls,home,12,243174,Rhys Beeckmans,inside centre,starter
https://rugby-union-feeds.incrowdsports.com/v1/matches/289051,289051,202501,Newcastle Red Bulls,home,8,219782,Freddie Lockwood,number eight,starter
https://rugby-union-feeds.incrowdsports.com/v1/matches/289051,289051,202501,Newcastle Red Bulls,home,2,239115,Bryn Gordon,hooker,starter
https://rugby-union-feeds.incrowdsports.com/v1/matches/289051,289051,202501,Newcastle Red Bulls,home,18,200621,Richard Palframan,sub 3,replacement
https://rugby-union-feeds.incrowdsports.com/v1/matches/289051,289051,202501,Newcastle Red Bulls,home,10,127601,Cammy Hutchison,fly half,starter
https://rugby-union-feeds.incrowdsports.com/v1/matches/289051,289051,202501,Newcastle Red Bulls,home,1,134737,Connor Hancock,loosehead prop,starter
https://rugby-union-feeds.incrowdsports.com/v1/matches/289051,289051,202501,Newcastle Red Bulls,home,6,244466,Reuben Parsons,flanker,starter
https://rugby-union-feeds.incrowdsports.com/v1/matches/289051,289051,202501,Newcastle Red Bulls,home,22,165073,Harrison Obatoyinbo,sub 7,replacement
https://rugby-union-feeds.incrowdsports.com/v1/matches/289051,289051,202501,Newcastle Red Bulls,home,3,143607,Luan de Bruin,tighthead prop,starter
https://rugby-union-feeds.incrowdsports.com/v1/matches/289051,289051,202501,Newcastle Red Bulls,home,19,154551,Sebastian de Chaves,sub 4,replacement
https://rugby-union-feeds.incrowdsports.com/v1/matches/289051,289051,202501,Newcastle Red Bulls,home,20,255127,George Bolam,sub 5,replacement
https://rugby-union-feeds.incrowdsports.com/v1/matches/289051,289051,202501,Newcastle Red Bulls,home,21,137624,Sam Stuart,sub 6,replacement
https://rugby-union-feeds.incrowdsports.com/v1/matches/289051,289051,202501,Newcastle Red Bulls,home,7,157275,Cameron Neild,flanker,starter
https://rugby-union-feeds.incrowdsports.com/v1/matches/289051,289051,202501,Newcastle Red Bulls,home,14,249691,Stefan Coetzee,right wing,starter
https://rugby-union-feeds.incrowdsports.com/v1/matches/289051,289051,202501,Newcastle Red Bulls,home,23,255995,Sam Waugh,sub 8,replacement
https://rugby-union-feeds.incrowdsports.com/v1/matches/289051,289051,202501,Newcastle Red Bulls,home,11,239961,Nathan Greenwood,left wing,starter
https://rugby-union-feeds.incrowdsports.com/v1/matches/289051,289051,202501,Newcastle Red Bulls,home,4,224153,Tim Cardall,second row,starter
https://rugby-union-feeds.incrowdsports.com/v1/matches/289051,289051,202501,Newcastle Red Bulls,home,15,150399,Boeta Chamberlain,full back,starter
https://rugby-union-feeds.incrowdsports.com/v1/matches/289051,289051,202501,Newcastle Red Bulls,home,17,239550,Micky Rewcastle,sub 2,replacement
https://rugby-union-feeds.incrowdsports.com/v1/matches/289051,289051,202501,Saracens,away,12,116514,Olly Hartley,inside centre,starter
https://rugby-union-feeds.incrowdsports.com/v1/matches/289051,289051,202501,Saracens,away,16,120033,Eoghan Clarke,sub 1,replacement
https://rugby-union-feeds.incrowdsports.com/v1/matches/289051,289051,202501,Saracens,away,18,110116,Harvey Beaton,sub 3,replacement
https://rugby-union-feeds.incrowdsports.com/v1/matches/289051,289051,202501,Saracens,away,6,218727,Harry Wilson,flanker,starter
https://rugby-union-feeds.incrowdsports.com/v1/matches/289051,289051,202501,Saracens,away,1,117639,Phil Brantingham,loosehead prop,starter
https://rugby-union-feeds.incrowdsports.com/v1/matches/289051,289051,202501,Saracens,away,17,239493,Alex O'Driscoll,sub 2,replacement
https://rugby-union-feeds.incrowdsports.com/v1/matches/289051,289051,202501,Saracens,away,10,104042,Louie Johnson,fly half,starter
https://rugby-union-feeds.incrowdsports.com/v1/matches/289051,289051,202501,Saracens,away,9,239403,Charlie Bracken,scrum half,starter
https://rugby-union-feeds.incrowdsports.com/v1/matches/289051,289051,202501,Saracens,away,8,132812,Nathan Michelow,number eight,starter
https://rugby-union-feeds.incrowdsports.com/v1/matches/289051,289051,202501,Saracens,away,11,182025,Brandon Jackson,left wing,starter
https://rugby-union-feeds.incrowdsports.com/v1/matches/289051,289051,202501,Saracens,away,22,255529,Luke Davidson,sub 7,replacement
https://rugby-union-feeds.incrowdsports.com/v1/matches/289051,289051,202501,Saracens,away,20,243060,Reggie Hammick,sub 5,replacement
https://rugby-union-feeds.incrowdsports.com/v1/matches/289051,289051,202501,Saracens,away,7,242936,Charlie West,flanker,starter
https://rugby-union-feeds.incrowdsports.com/v1/matches/289051,289051,202501,Saracens,away,3,103033,Tietie Tuimauga,tighthead prop,starter
https://rugby-union-feeds.incrowdsports.com/v1/matches/289051,289051,202501,Saracens,away,14,248890,Finn Keylock,right wing,starter
https://rugby-union-feeds.incrowdsports.com/v1/matches/289051,289051,202501,Saracens,away,2,144473,James Hadfield,hooker,starter
https://rugby-union-feeds.incrowdsports.com/v1/matches/289051,289051,202501,Saracens,away,21,177055,Gareth Simpson,sub 6,replacement
https://rugby-union-feeds.incrowdsports.com/v1/matches/289051,289051,202501,Saracens,away,15,244799,Angus Hall,full back,starter
https://rugby-union-feeds.incrowdsports.com/v1/matches/289051,289051,202501,Saracens,away,4,214751,Nick Isiekwe,second row,starter
https://rugby-union-feeds.incrowdsports.com/v1/matches/289051,289051,202501,Saracens,away,5,239647,Olamide Sodeke,second row,starter
https://rugby-union-feeds.incrowdsports.com/v1/matches/289051,289051,202501,Saracens,away,23,248703,Ben Morrow,sub 8,replacement
https://rugby-union-feeds.incrowdsports.com/v1/matches/289051,289051,202501,Saracens,away,13,114687,Alex Lozowski,outside centre,starter
https://rugby-union-feeds.incrowdsports.com/v1/matches/289051,289051,202501,Saracens,away,19,243069,Tayo Adegbemile,sub 4,replacement
https://rugby-union-feeds.incrowdsports.com/v1/matches/289052,289052,202501,Exeter Chiefs,home,6,169636,Martin Moloney,flanker,starter
https://rugby-union-feeds.incrowdsports.com/v1/matches/289052,289052,202501,Exeter Chiefs,home,13,102180,Ben Hammersley,outside centre,starter
https://rugby-union-feeds.incrowdsports.com/v1/matches/289052,289052,202501,Exeter Chiefs,home,11,250817,Campbell Ridl,left wing,starter
https://rugby-union-feeds.incrowdsports.com/v1/matches/289052,289052,202501,Exeter Chiefs,home,21,250529,George Newman,sub 6,replacement
https://rugby-union-feeds.incrowdsports.com/v1/matches/289052,289052,202501,Exeter Chiefs,home,4,171271,Lewis Pearson,second row,starter
https://rugby-union-feeds.incrowdsports.com/v1/matches/289052,289052,202501,Exeter Chiefs,home,17,149671,Khwezi Mona,sub 2,replacement
https://rugby-union-feeds.incrowdsports.com/v1/matches/289052,289052,202501,Exeter Chiefs,home,14,251397,Paul Brown-Bampoe,right wing,starter
https://rugby-union-feeds.incrowdsports.com/v1/matches/289052,289052,202501,Exeter Chiefs,home,1,201738,Will Goodrick-Clarke,loosehead prop,starter
https://rugby-union-feeds.incrowdsports.com/v1/matches/289052,289052,202501,Exeter Chiefs,home,22,240233,Ben Coen,sub 7,replacement
https://rugby-union-feeds.incrowdsports.com/v1/matches/289052,289052,202501,Exeter Chiefs,home,2,229392,Julian Heaven,hooker,starter
https://rugby-union-feeds.incrowdsports.com/v1/matches/289052,289052,202501,Exeter Chiefs,home,9,208783,Tom Cairns,scrum half,starter
https://rugby-union-feeds.incrowdsports.com/v1/matches/289052,289052,202501,Exeter Chiefs,home,10,125136,Will Haydon-Wood,fly half,starter
https://rugby-union-feeds.incrowdsports.com/v1/matches/289052,289052,202501,Exeter Chiefs,home,20,244494,Oscar Beckerleg,sub 5,replacement
https://rugby-union-feeds.incrowdsports.com/v1/matches/289052,289052,202501,Exeter Chiefs,home,18,188174,Jimmy Roots,sub 3,replacement
https://rugby-union-feeds.incrowdsports.com/v1/matches/289052,289052,202501,Exeter Chiefs,home,3,147666,Josh Iosefa-Scott,tighthead prop,starter
https://rugby-union-feeds.incrowdsports.com/v1/matches/289052,289052,202501,Exeter Chiefs,home,16,128691,Max Norey,sub 1,replacement
https://rugby-union-feeds.incrowdsports.com/v1/matches/289052,289052,202501,Exeter Chiefs,home,15,169495,Josh Hodge,full back,starter
https://rugby-union-feeds.incrowdsports.com/v1/matches/289052,289052,202501,Exeter Chiefs,home,19,208789,Alfie Bell,sub 4,replacement
https://rugby-union-feeds.incrowdsports.com/v1/matches/289052,289052,202501,Exeter Chiefs,home,23,199029,Dan John,sub 8,replacement
https://rugby-union-feeds.incrowdsports.com/v1/matches/289052,289052,202501,Exeter Chiefs,home,5,112986,Rus Tuima,second row,starter
https://rugby-union-feeds.incrowdsports.com/v1/matches/289052,289052,202501,Exeter Chiefs,home,7,239420,Finn Worley-Brady,flanker,starter
https://rugby-union-feeds.incrowdsports.com/v1/matches/289052,289052,202501,Exeter Chiefs,home,12,243675,Will Rigg,inside centre,starter
https://rugby-union-feeds.incrowdsports.com/v1/matches/289052,289052,202501,Exeter Chiefs,home,8,213658,Richard Capstick,number eight,starter
https://rugby-union-feeds.incrowdsports.com/v1/matches/289052,289052,202501,Sale Sharks,away,15,244516,Ollie Davies,full back,starter
https://rugby-union-feeds.incrowdsports.com/v1/matches/289052,289052,202501,Sale Sharks,away,11,237220,Gurshwin Wehr,left wing,starter
https://rugby-union-feeds.incrowdsports.com/v1/matches/289052,289052,202501,Sale Sharks,away,7,242916,Jos Gilmore,flanker,starter
https://rugby-union-feeds.incrowdsports.com/v1/matches/289052,289052,202501,Sale Sharks,away,5,239462,Tom Burrow,second row,starter
https://rugby-union-feeds.incrowdsports.com/v1/matches/289052,289052,202501,Sale Sharks,away,4,248965,Patrick Hogg,second row,starter
https://rugby-union-feeds.incrowdsports.com/v1/matches/289052,289052,202501,Sale Sharks,away,14,243148,Albert Bradshaw,right wing,starter
https://rugby-union-feeds.incrowdsports.com/v1/matches/289052,289052,202501,Sale Sharks,away,19,103530,Tristan Woodman,sub 4,replacement
https://rugby-union-feeds.incrowdsports.com/v1/matches/289052,289052,202501,Sale Sharks,away,2,206761,Tadgh McElroy,hooker,starter
https://rugby-union-feeds.incrowdsports.com/v1/matches/289052,289052,202501,Sale Sharks,away,8,169770,Dan du Preez,number eight,starter
https://rugby-union-feeds.incrowdsports.com/v1/matches/289052,289052,202501,Sale Sharks,away,17,243055,Ralph McEachran,sub 2,replacement
https://rugby-union-feeds.incrowdsports.com/v1/matches/289052,289052,202501,Sale Sharks,away,6,172979,Jacques Vermeulen,flanker,starter
https://rugby-union-feeds.incrowdsports.com/v1/matches/289052,289052,202501,Sale Sharks,away,16,109874,Ethan Caine,sub 1,replacement
https://rugby-union-feeds.incrowdsports.com/v1/matches/289052,289052,202501,Sale Sharks,away,3,239537,Patreece Bell,tighthead prop,starter
https://rugby-union-feeds.incrowdsports.com/v1/matches/289052,289052,202501,Sale Sharks,away,18,239473,Tye Raymont,sub 3,replacement
https://rugby-union-feeds.incrowdsports.com/v1/matches/289052,289052,202501,Sale Sharks,away,23,145720,Nathan Jibulu,sub 8,replacement
https://rugby-union-feeds.incrowdsports.com/v1/matches/289052,289052,202501,Sale Sharks,away,1,147029,Tumy Onasanya,loosehead prop,starter
https://rugby-union-feeds.incrowdsports.com/v1/matches/289052,289052,202501,Sale Sharks,away,21,170933,Nye Thomas,sub 6,replacement
https://rugby-union-feeds.incrowdsports.com/v1/matches/289052,289052,202501,Sale Sharks,away,13,224475,Joe Bedlow,outside centre,starter
https://rugby-union-feeds.incrowdsports.com/v1/matches/289052,289052,202501,Sale Sharks,away,9,242906,Dom Hanson,scrum half,starter
https://rugby-union-feeds.incrowdsports.com/v1/matches/289052,289052,202501,Sale Sharks,away,12,191866,Sam Bedlow,inside centre,starter
https://rugby-union-feeds.incrowdsports.com/v1/matches/289052,289052,202501,Sale Sharks,away,10,201247,Tom Curtis,fly half,starter
https://rugby-union-feeds.incrowdsports.com/v1/matches/289052,289052,202501,Sale Sharks,away,22,165469,Marius Louw,sub 7,replacement
https://rugby-union-feeds.incrowdsports.com/v1/matches/289052,289052,202501,Sale Sharks,away,20,239485,Reuben Logan,sub 5,replacement
https://rugby-union-feeds.incrowdsports.com/v1/matches/289053,289053,202501,Northampton Saints,home,19,193283,Chunya Munga,sub 4,replacement
https://rugby-union-feeds.incrowdsports.com/v1/matches/289053,289053,202501,Northampton Saints,home,18,242882,Sonny Tonga'uiha,sub 3,replacement
https://rugby-union-feeds.incrowdsports.com/v1/matches/289053,289053,202501,Northampton Saints,home,14,192642,Ollie Sleightholme,right wing,starter
https://rugby-union-feeds.incrowdsports.com/v1/matches/289053,289053,202501,Northampton Saints,home,5,195010,Tom Lockett,second row,starter
https://rugby-union-feeds.incrowdsports.com/v1/matches/289053,289053,202501,Northampton Saints,home,13,244488,Billy Pasco,outside centre,starter
https://rugby-union-feeds.incrowdsports.com/v1/matches/289053,289053,202501,Northampton Saints,home,11,244744,Amena Caqusau,left wing,starter
https://rugby-union-feeds.incrowdsports.com/v1/matches/289053,289053,202501,Northampton Saints,home,7,255527,Charlie Ulcoq,flanker,starter
https://rugby-union-feeds.incrowdsports.com/v1/matches/289053,289053,202501,Northampton Saints,home,17,127592,Luke Green,sub 2,replacement
https://rugby-union-feeds.incrowdsports.com/v1/matches/289053,289053,202501,Northampton Saints,home,1,242892,Ollie Scola,loosehead prop,starter
https://rugby-union-feeds.incrowdsports.com/v1/matches/289053,289053,202501,Northampton Saints,home,21,221996,Tom James,sub 6,replacement
https://rugby-union-feeds.incrowdsports.com/v1/matches/289053,289053,202501,Northampton Saints,home,22,255052,Freddie St John,sub 7,replacement
https://rugby-union-feeds.incrowdsports.com/v1/matches/289053,289053,202501,Northampton Saints,home,23,178796,James Ramm,sub 8,replacement
https://rugby-union-feeds.incrowdsports.com/v1/matches/289053,289053,202501,Northampton Saints,home,4,124493,Ed Prowse,second row,starter
https://rugby-union-feeds.incrowdsports.com/v1/matches/289053,289053,202501,Northampton Saints,home,6,225330,Archie Benson,flanker,starter
https://rugby-union-feeds.incrowdsports.com/v1/matches/289053,289053,202501,Northampton Saints,home,9,239345,Archie McParland,scrum half,starter
https://rugby-union-feeds.incrowdsports.com/v1/matches/289053,289053,202501,Northampton Saints,home,2,185586,Henry Walker,hooker,starter
https://rugby-union-feeds.incrowdsports.com/v1/matches/289053,289053,202501,Northampton Saints,home,8,212369,Sam Graham,number eight,starter
https://rugby-union-feeds.incrowdsports.com/v1/matches/289053,289053,202501,Northampton Saints,home,16,160562,Marco Manfredi,sub 1,replacement
https://rugby-union-feeds.incrowdsports.com/v1/matches/289053,289053,202501,Northampton Saints,home,10,250519,James Pater,fly half,starter
https://rugby-union-feeds.incrowdsports.com/v1/matches/289053,289053,202501,Northampton Saints,home,20,237238,Jack Kelleher,sub 5,replacement
https://rugby-union-feeds.incrowdsports.com/v1/matches/289053,289053,202501,Northampton Saints,home,15,193878,James Martin,full back,starter
https://rugby-union-feeds.incrowdsports.com/v1/matches/289053,289053,202501,Northampton Saints,home,12,239358,Toby Thame,inside centre,starter
https://rugby-union-feeds.incrowdsports.com/v1/matches/289053,289053,202501,Northampton Saints,home,3,188766,Cleopas Kundiona,tighthead prop,starter
https://rugby-union-feeds.incrowdsports.com/v1/matches/289053,289053,202501,Leicester Tigers,away,19,239272,Josh Manz,sub 4,replacement
https://rugby-union-feeds.incrowdsports.com/v1/matches/289053,289053,202501,Leicester Tigers,away,2,101384,Finn Theobald-Thomas,hooker,starter
https://rugby-union-feeds.incrowdsports.com/v1/matches/289053,289053,202501,Leicester Tigers,away,3,208037,Will Hurd,tighthead prop,starter
https://rugby-union-feeds.incrowdsports.com/v1/matches/289053,289053,202501,Leicester Tigers,away,21,242956,Charlie Bemand,sub 6,replacement
https://rugby-union-feeds.incrowdsports.com/v1/matches/289053,289053,202501,Leicester Tigers,away,11,201483,Ryan Crowley,left wing,starter
https://rugby-union-feeds.incrowdsports.com/v1/matches/289053,289053,202501,Leicester Tigers,away,20,248778,George Marsh,sub 5,replacement
https://rugby-union-feeds.incrowdsports.com/v1/matches/289053,289053,202501,Leicester Tigers,away,16,216656,Charlie Clare,sub 1,replacement
https://rugby-union-feeds.incrowdsports.com/v1/matches/289053,289053,202501,Leicester Tigers,away,13,111760,Izaia Perese,outside centre,starter
https://rugby-union-feeds.incrowdsports.com/v1/matches/289053,289053,202501,Leicester Tigers,away,12,239278,Joe Woodward,inside centre,starter
https://rugby-union-feeds.incrowdsports.com/v1/matches/289053,289053,202501,Leicester Tigers,away,10,211533,James O'Connor,fly half,starter
https://rugby-union-feeds.incrowdsports.com/v1/matches/289053,289053,202501,Leicester Tigers,away,6,248781,Harry Palmer,flanker,starter
https://rugby-union-feeds.incrowdsports.com/v1/matches/289053,289053,202501,Leicester Tigers,away,7,242867,Sam Williams,flanker,starter
https://rugby-union-feeds.incrowdsports.com/v1/matches/289053,289053,202501,Leicester Tigers,away,4,177015,Harry Wells,second row,starter
https://rugby-union-feeds.incrowdsports.com/v1/matches/289053,289053,202501,Leicester Tigers,away,23,259095,Kesena Izu,sub 8,replacement
https://rugby-union-feeds.incrowdsports.com/v1/matches/289053,289053,202501,Leicester Tigers,away,1,244534,Archie van der Flier,loosehead prop,starter
https://rugby-union-feeds.incrowdsports.com/v1/matches/289053,289053,202501,Leicester Tigers,away,14,244917,George Pearson,right wing,starter
https://rugby-union-feeds.incrowdsports.com/v1/matches/289053,289053,202501,Leicester Tigers,away,17,104471,Tareq Haffar,sub 2,replacement
https://rugby-union-feeds.incrowdsports.com/v1/matches/289053,289053,202501,Leicester Tigers,away,15,220475,Orlando Bailey,full back,starter
https://rugby-union-feeds.incrowdsports.com/v1/matches/289053,289053,202501,Leicester Tigers,away,5,132697,Tom Manz,second row,starter
https://rugby-union-feeds.incrowdsports.com/v1/matches/289053,289053,202501,Leicester Tigers,away,18,253626,Ale Loman,sub 3,replacement
https://rugby-union-feeds.incrowdsports.com/v1/matches/289053,289053,202501,Leicester Tigers,away,9,239424,Ollie Allan,scrum half,starter
https://rugby-union-feeds.incrowdsports.com/v1/matches/289053,289053,202501,Leicester Tigers,away,8,156512,Hanro Liebenberg,number eight,starter
https://rugby-union-feeds.incrowdsports.com/v1/matches/289053,289053,202501,Leicester Tigers,away,22,238911,Wilf McCarthy,sub 7,replacement
https://rugby-union-feeds.incrowdsports.com/v1/matches/289054,289054,202501,Bristol Bears,home,8,245732,Benjamin Grondona,number eight,starter
https://rugby-union-feeds.incrowdsports.com/v1/matches/289054,289054,202501,Bristol Bears,home,17,221988,Sam Grahamslaw,sub 2,replacement
https://rugby-union-feeds.incrowdsports.com/v1/matches/289054,289054,202501,Bristol Bears,home,19,189699,Steele Barker,sub 4,replacement
https://rugby-union-feeds.incrowdsports.com/v1/matches/289054,289054,202501,Bristol Bears,home,22,239299,Raff Weston,sub 7,replacement
https://rugby-union-feeds.incrowdsports.com/v1/matches/289054,289054,202501,Bristol Bears,home,3,239330,Jimmy Halliwell,tighthead prop,starter
https://rugby-union-feeds.incrowdsports.com/v1/matches/289054,289054,202501,Bristol Bears,home,4,199272,James Dun,second row,starter
https://rugby-union-feeds.incrowdsports.com/v1/matches/289054,289054,202501,Bristol Bears,home,5,237996,Joe Owen,second row,starter
https://rugby-union-feeds.incrowdsports.com/v1/matches/289054,289054,202501,Bristol Bears,home,2,183340,Harry Thacker,hooker,starter
https://rugby-union-feeds.incrowdsports.com/v1/matches/289054,289054,202501,Bristol Bears,home,6,151148,George Taylor,flanker,starter
https://rugby-union-feeds.incrowdsports.com/v1/matches/289054,289054,202501,Bristol Bears,home,12,199886,Jack Bates,inside centre,starter
https://rugby-union-feeds.incrowdsports.com/v1/matches/289054,289054,202501,Bristol Bears,home,20,248877,John Edwards,sub 5,replacement
https://rugby-union-feeds.incrowdsports.com/v1/matches/289054,289054,202501,Bristol Bears,home,9,185971,Sam Wolstenholme,scrum half,starter
https://rugby-union-feeds.incrowdsports.com/v1/matches/289054,289054,202501,Bristol Bears,home,14,254995,Ollie Harris,right wing,starter
https://rugby-union-feeds.incrowdsports.com/v1/matches/289054,289054,202501,Bristol Bears,home,11,131218,Gabriel Ibitoye,left wing,starter
https://rugby-union-feeds.incrowdsports.com/v1/matches/289054,289054,202501,Bristol Bears,home,15,216599,Rich Lane,full back,starter
https://rugby-union-feeds.incrowdsports.com/v1/matches/289054,289054,202501,Bristol Bears,home,21,116536,Max Pepper,sub 6,replacement
https://rugby-union-feeds.incrowdsports.com/v1/matches/289054,289054,202501,Bristol Bears,home,16,152822,Tomas Gwilliam,sub 1,replacement
https://rugby-union-feeds.incrowdsports.com/v1/matches/289054,289054,202501,Bristol Bears,home,18,242970,Sam Scott,sub 3,replacement
https://rugby-union-feeds.incrowdsports.com/v1/matches/289054,289054,202501,Bristol Bears,home,1,130811,Max Lahiff,loosehead prop,starter
https://rugby-union-feeds.incrowdsports.com/v1/matches/289054,289054,202501,Bristol Bears,home,23,103227,Charlie Powell,sub 8,replacement
https://rugby-union-feeds.incrowdsports.com/v1/matches/289054,289054,202501,Bristol Bears,home,13,241920,Benjamin Elizalde,outside centre,starter
https://rugby-union-feeds.incrowdsports.com/v1/matches/289054,289054,202501,Bristol Bears,home,7,238494,Luka Ivanishvili,flanker,starter
https://rugby-union-feeds.incrowdsports.com/v1/matches/289054,289054,202501,Bristol Bears,home,10,240061,Sam Worsley,fly half,starter
https://rugby-union-feeds.incrowdsports.com/v1/matches/289054,289054,202501,Gloucester Rugby,away,22,110114,Ross Byrne,sub 7,replacement
https://rugby-union-feeds.incrowdsports.com/v1/matches/289054,289054,202501,Gloucester Rugby,away,20,217603,James Venter,sub 5,replacement
https://rugby-union-feeds.incrowdsports.com/v1/matches/289054,289054,202501,Gloucester Rugby,away,14,241026,Josh Hathaway,right wing,starter
https://rugby-union-feeds.incrowdsports.com/v1/matches/289054,289054,202501,Gloucester Rugby,away,19,191521,Josh Basham,sub 4,replacement
https://rugby-union-feeds.incrowdsports.com/v1/matches/289054,289054,202501,Gloucester Rugby,away,11,124069,Ollie Thorley,left wing,starter
https://rugby-union-feeds.incrowdsports.com/v1/matches/289054,289054,202501,Gloucester Rugby,away,9,237895,Mike Austin,scrum half,starter
https://rugby-union-feeds.incrowdsports.com/v1/matches/289054,289054,202501,Gloucester Rugby,away,8,113799,Jack Clement,number eight,starter
https://rugby-union-feeds.incrowdsports.com/v1/matches/289054,289054,202501,Gloucester Rugby,away,4,242539,Hugh Bokenham,second row,starter
https://rugby-union-feeds.incrowdsports.com/v1/matches/289054,289054,202501,Gloucester Rugby,away,10,123243,Charlie Atkinson,fly half,starter
https://rugby-union-feeds.incrowdsports.com/v1/matches/289054,289054,202501,Gloucester Rugby,away,7,137423,Harry Taylor,flanker,starter
https://rugby-union-feeds.incrowdsports.com/v1/matches/289054,289054,202501,Gloucester Rugby,away,16,242543,Manaaki Boyle-Tiatia,sub 1,replacement
https://rugby-union-feeds.incrowdsports.com/v1/matches/289054,289054,202501,Gloucester Rugby,away,23,112368,Will Butler,sub 8,replacement
https://rugby-union-feeds.incrowdsports.com/v1/matches/289054,289054,202501,Gloucester Rugby,away,18,189971,Ciaran Knight,sub 3,replacement
https://rugby-union-feeds.incrowdsports.com/v1/matches/289054,289054,202501,Gloucester Rugby,away,15,133265,George Barton,full back,starter
https://rugby-union-feeds.incrowdsports.com/v1/matches/289054,289054,202501,Gloucester Rugby,away,17,147089,Archie McArthur,sub 2,replacement
https://rugby-union-feeds.incrowdsports.com/v1/matches/289054,289054,202501,Gloucester Rugby,away,2,137490,Seb Blake,hooker,starter
https://rugby-union-feeds.incrowdsports.com/v1/matches/289054,289054,202501,Gloucester Rugby,away,6,104022,Will Trenholm,flanker,starter
https://rugby-union-feeds.incrowdsports.com/v1/matches/289054,289054,202501,Gloucester Rugby,away,13,102295,Josiah Edwards-Giraud,outside centre,starter
https://rugby-union-feeds.incrowdsports.com/v1/matches/289054,289054,202501,Gloucester Rugby,away,12,239578,Max Knight,inside centre,starter
https://rugby-union-feeds.incrowdsports.com/v1/matches/289054,289054,202501,Gloucester Rugby,away,1,120444,Dian Bleuler,loosehead prop,starter
https://rugby-union-feeds.incrowdsports.com/v1/matches/289054,289054,202501,Gloucester Rugby,away,3,239418,Afolabi Fasogbon,tighthead prop,starter
https://rugby-union-feeds.incrowdsports.com/v1/matches/289054,289054,202501,Gloucester Rugby,away,21,239321,Rhys Price,sub 6,replacement
https://rugby-union-feeds.incrowdsports.com/v1/matches/289054,289054,202501,Gloucester Rugby,away,5,117823,Matias Alemanno,second row,starter
https://rugby-union-feeds.incrowdsports.com/v1/matches/289058,289058,202501,Leicester Tigers,home,18,251490,Tonga Kofe,sub 3,replacement
https://rugby-union-feeds.incrowdsports.com/v1/matches/289058,289058,202501,Leicester Tigers,home,20,241441,James Cherry,sub 5,replacement
https://rugby-union-feeds.incrowdsports.com/v1/matches/289058,289058,202501,Leicester Tigers,home,7,239272,Josh Manz,flanker,starter
https://rugby-union-feeds.incrowdsports.com/v1/matches/289058,289058,202501,Leicester Tigers,home,2,101384,Finn Theobald-Thomas,hooker,starter
https://rugby-union-feeds.incrowdsports.com/v1/matches/289058,289058,202501,Leicester Tigers,home,9,242956,Charlie Bemand,scrum half,starter
https://rugby-union-feeds.incrowdsports.com/v1/matches/289058,289058,202501,Leicester Tigers,home,1,245004,Cameron Miell,loosehead prop,starter
https://rugby-union-feeds.incrowdsports.com/v1/matches/289058,289058,202501,Leicester Tigers,home,11,201483,Ryan Crowley,left wing,starter
https://rugby-union-feeds.incrowdsports.com/v1/matches/289058,289058,202501,Leicester Tigers,home,21,244459,Tom Threlfall,sub 6,replacement
https://rugby-union-feeds.incrowdsports.com/v1/matches/289058,289058,202501,Leicester Tigers,home,19,250601,Monty Loggenberg,sub 4,replacement
https://rugby-union-feeds.incrowdsports.com/v1/matches/289058,289058,202501,Leicester Tigers,home,16,216656,Charlie Clare,sub 1,replacement
https://rugby-union-feeds.incrowdsports.com/v1/matches/289058,289058,202501,Leicester Tigers,home,13,111760,Izaia Perese,outside centre,starter
https://rugby-union-feeds.incrowdsports.com/v1/matches/289058,289058,202501,Leicester Tigers,home,12,239278,Joe Woodward,inside centre,starter
https://rugby-union-feeds.incrowdsports.com/v1/matches/289058,289058,202501,Leicester Tigers,home,15,211533,James O'Connor,full back,starter
https://rugby-union-feeds.incrowdsports.com/v1/matches/289058,289058,202501,Leicester Tigers,home,10,170190,Tom Whiteley,fly half,starter
https://rugby-union-feeds.incrowdsports.com/v1/matches/289058,289058,202501,Leicester Tigers,home,6,248781,Harry Palmer,flanker,starter
https://rugby-union-feeds.incrowdsports.com/v1/matches/289058,289058,202501,Leicester Tigers,home,14,237969,Will Wand,right wing,starter
https://rugby-union-feeds.incrowdsports.com/v1/matches/289058,289058,202501,Leicester Tigers,home,4,177015,Harry Wells,second row,starter
https://rugby-union-feeds.incrowdsports.com/v1/matches/289058,289058,202501,Leicester Tigers,home,23,259095,Kesena Izu,sub 8,replacement
https://rugby-union-feeds.incrowdsports.com/v1/matches/289058,289058,202501,Leicester Tigers,home,17,242875,Tubuna Maka,sub 2,replacement
https://rugby-union-feeds.incrowdsports.com/v1/matches/289058,289058,202501,Leicester Tigers,home,3,253626,Ale Loman,tighthead prop,starter
https://rugby-union-feeds.incrowdsports.com/v1/matches/289058,289058,202501,Leicester Tigers,home,5,132697,Tom Manz,second row,starter
https://rugby-union-feeds.incrowdsports.com/v1/matches/289058,289058,202501,Leicester Tigers,home,8,156512,Hanro Liebenberg,number eight,starter
https://rugby-union-feeds.incrowdsports.com/v1/matches/289058,289058,202501,Leicester Tigers,home,22,238911,Wilf McCarthy,sub 7,replacement
https://rugby-union-feeds.incrowdsports.com/v1/matches/289058,289058,202501,Newcastle Red Bulls,away,5,239553,Finn Baker,second row,starter
https://rugby-union-feeds.incrowdsports.com/v1/matches/289058,289058,202501,Newcastle Red Bulls,away,13,243174,Rhys Beeckmans,outside centre,starter
https://rugby-union-feeds.incrowdsports.com/v1/matches/289058,289058,202501,Newcastle Red Bulls,away,22,169829,Max Clark,sub 7,replacement
https://rugby-union-feeds.incrowdsports.com/v1/matches/289058,289058,202501,Newcastle Red Bulls,away,21,243180,Joe Davis,sub 6,replacement
https://rugby-union-feeds.incrowdsports.com/v1/matches/289058,289058,202501,Newcastle Red Bulls,away,2,239115,Bryn Gordon,hooker,starter
https://rugby-union-feeds.incrowdsports.com/v1/matches/289058,289058,202501,Newcastle Red Bulls,away,20,207081,Ollie Fletcher,sub 5,replacement
https://rugby-union-feeds.incrowdsports.com/v1/matches/289058,289058,202501,Newcastle Red Bulls,away,3,200621,Richard Palframan,tighthead prop,starter
https://rugby-union-feeds.incrowdsports.com/v1/matches/289058,289058,202501,Newcastle Red Bulls,away,16,124431,Samson Adejimi,sub 1,replacement
https://rugby-union-feeds.incrowdsports.com/v1/matches/289058,289058,202501,Newcastle Red Bulls,away,12,127601,Cammy Hutchison,inside centre,starter
https://rugby-union-feeds.incrowdsports.com/v1/matches/289058,289058,202501,Newcastle Red Bulls,away,11,165073,Harrison Obatoyinbo,left wing,starter
https://rugby-union-feeds.incrowdsports.com/v1/matches/289058,289058,202501,Newcastle Red Bulls,away,8,244466,Reuben Parsons,number eight,starter
https://rugby-union-feeds.incrowdsports.com/v1/matches/289058,289058,202501,Newcastle Red Bulls,away,17,134737,Connor Hancock,sub 2,replacement
https://rugby-union-feeds.incrowdsports.com/v1/matches/289058,289058,202501,Newcastle Red Bulls,away,18,205585,Murray McCallum,sub 3,replacement
https://rugby-union-feeds.incrowdsports.com/v1/matches/289058,289058,202501,Newcastle Red Bulls,away,19,154551,Sebastian de Chaves,sub 4,replacement
https://rugby-union-feeds.incrowdsports.com/v1/matches/289058,289058,202501,Newcastle Red Bulls,away,9,137624,Sam Stuart,scrum half,starter
https://rugby-union-feeds.incrowdsports.com/v1/matches/289058,289058,202501,Newcastle Red Bulls,away,7,255127,George Bolam,flanker,starter
https://rugby-union-feeds.incrowdsports.com/v1/matches/289058,289058,202501,Newcastle Red Bulls,away,15,145014,Elliott Obatoyinbo,full back,starter
https://rugby-union-feeds.incrowdsports.com/v1/matches/289058,289058,202501,Newcastle Red Bulls,away,10,144507,Ethan Grayson,fly half,starter
https://rugby-union-feeds.incrowdsports.com/v1/matches/289058,289058,202501,Newcastle Red Bulls,away,6,188156,Adam Scott,flanker,starter
https://rugby-union-feeds.incrowdsports.com/v1/matches/289058,289058,202501,Newcastle Red Bulls,away,23,255995,Sam Waugh,sub 8,replacement
https://rugby-union-feeds.incrowdsports.com/v1/matches/289058,289058,202501,Newcastle Red Bulls,away,14,239961,Nathan Greenwood,right wing,starter
https://rugby-union-feeds.incrowdsports.com/v1/matches/289058,289058,202501,Newcastle Red Bulls,away,4,224153,Tim Cardall,second row,starter
https://rugby-union-feeds.incrowdsports.com/v1/matches/289058,289058,202501,Newcastle Red Bulls,away,1,239550,Micky Rewcastle,loosehead prop,starter
https://rugby-union-feeds.incrowdsports.com/v1/matches/289056,289056,202501,Bristol Bears,home,5,189699,Steele Barker,second row,starter
https://rugby-union-feeds.incrowdsports.com/v1/matches/289056,289056,202501,Bristol Bears,home,8,245732,Benjamin Grondona,number eight,starter
https://rugby-union-feeds.incrowdsports.com/v1/matches/289056,289056,202501,Bristol Bears,home,17,221988,Sam Grahamslaw,sub 2,replacement
https://rugby-union-feeds.incrowdsports.com/v1/matches/289056,289056,202501,Bristol Bears,home,19,244483,Ethan Surrey,sub 4,replacement
https://rugby-union-feeds.incrowdsports.com/v1/matches/289056,289056,202501,Bristol Bears,home,3,239330,Jimmy Halliwell,tighthead prop,starter
https://rugby-union-feeds.incrowdsports.com/v1/matches/289056,289056,202501,Bristol Bears,home,12,156903,James Williams,inside centre,starter
https://rugby-union-feeds.incrowdsports.com/v1/matches/289056,289056,202501,Bristol Bears,home,4,199272,James Dun,second row,starter
https://rugby-union-feeds.incrowdsports.com/v1/matches/289056,289056,202501,Bristol Bears,home,6,237996,Joe Owen,flanker,starter
https://rugby-union-feeds.incrowdsports.com/v1/matches/289056,289056,202501,Bristol Bears,home,2,183340,Harry Thacker,hooker,starter
https://rugby-union-feeds.incrowdsports.com/v1/matches/289056,289056,202501,Bristol Bears,home,7,151148,George Taylor,flanker,starter
https://rugby-union-feeds.incrowdsports.com/v1/matches/289056,289056,202501,Bristol Bears,home,14,199886,Jack Bates,right wing,starter
https://rugby-union-feeds.incrowdsports.com/v1/matches/289056,289056,202501,Bristol Bears,home,20,248877,John Edwards,sub 5,replacement
https://rugby-union-feeds.incrowdsports.com/v1/matches/289056,289056,202501,Bristol Bears,home,21,185971,Sam Wolstenholme,sub 6,replacement
https://rugby-union-feeds.incrowdsports.com/v1/matches/289056,289056,202501,Bristol Bears,home,23,254995,Ollie Harris,sub 8,replacement
https://rugby-union-feeds.incrowdsports.com/v1/matches/289056,289056,202501,Bristol Bears,home,22,243442,Joe Jenkins,sub 7,replacement
https://rugby-union-feeds.incrowdsports.com/v1/matches/289056,289056,202501,Bristol Bears,home,11,131218,Gabriel Ibitoye,left wing,starter
https://rugby-union-feeds.incrowdsports.com/v1/matches/289056,289056,202501,Bristol Bears,home,1,239313,Louie Trevett,loosehead prop,starter
https://rugby-union-feeds.incrowdsports.com/v1/matches/289056,289056,202501,Bristol Bears,home,15,216599,Rich Lane,full back,starter
https://rugby-union-feeds.incrowdsports.com/v1/matches/289056,289056,202501,Bristol Bears,home,9,116536,Max Pepper,scrum half,starter
https://rugby-union-feeds.incrowdsports.com/v1/matches/289056,289056,202501,Bristol Bears,home,16,152822,Tomas Gwilliam,sub 1,replacement
https://rugby-union-feeds.incrowdsports.com/v1/matches/289056,289056,202501,Bristol Bears,home,18,242970,Sam Scott,sub 3,replacement
https://rugby-union-feeds.incrowdsports.com/v1/matches/289056,289056,202501,Bristol Bears,home,13,241920,Benjamin Elizalde,outside centre,starter
https://rugby-union-feeds.incrowdsports.com/v1/matches/289056,289056,202501,Bristol Bears,home,10,240061,Sam Worsley,fly half,starter
https://rugby-union-feeds.incrowdsports.com/v1/matches/289056,289056,202501,Exeter Chiefs,away,7,169636,Martin Moloney,flanker,starter
https://rugby-union-feeds.incrowdsports.com/v1/matches/289056,289056,202501,Exeter Chiefs,away,11,250817,Campbell Ridl,left wing,starter
https://rugby-union-feeds.incrowdsports.com/v1/matches/289056,289056,202501,Exeter Chiefs,away,5,171271,Lewis Pearson,second row,starter
https://rugby-union-feeds.incrowdsports.com/v1/matches/289056,289056,202501,Exeter Chiefs,away,16,242920,Louie Gulley,sub 1,replacement
https://rugby-union-feeds.incrowdsports.com/v1/matches/289056,289056,202501,Exeter Chiefs,away,17,149671,Khwezi Mona,sub 2,replacement
https://rugby-union-feeds.incrowdsports.com/v1/matches/289056,289056,202501,Exeter Chiefs,away,23,251397,Paul Brown-Bampoe,sub 8,replacement
https://rugby-union-feeds.incrowdsports.com/v1/matches/289056,289056,202501,Exeter Chiefs,away,21,117545,Charlie Chapman,sub 6,replacement
https://rugby-union-feeds.incrowdsports.com/v1/matches/289056,289056,202501,Exeter Chiefs,away,1,201738,Will Goodrick-Clarke,loosehead prop,starter
https://rugby-union-feeds.incrowdsports.com/v1/matches/289056,289056,202501,Exeter Chiefs,away,12,116395,Harry Ascherl,inside centre,starter
https://rugby-union-feeds.incrowdsports.com/v1/matches/289056,289056,202501,Exeter Chiefs,away,22,240233,Ben Coen,sub 7,replacement
https://rugby-union-feeds.incrowdsports.com/v1/matches/289056,289056,202501,Exeter Chiefs,away,9,208783,Tom Cairns,scrum half,starter
https://rugby-union-feeds.incrowdsports.com/v1/matches/289056,289056,202501,Exeter Chiefs,away,10,125136,Will Haydon-Wood,fly half,starter
https://rugby-union-feeds.incrowdsports.com/v1/matches/289056,289056,202501,Exeter Chiefs,away,19,244494,Oscar Beckerleg,sub 4,replacement
https://rugby-union-feeds.incrowdsports.com/v1/matches/289056,289056,202501,Exeter Chiefs,away,20,239374,Joe Bailey,sub 5,replacement
https://rugby-union-feeds.incrowdsports.com/v1/matches/289056,289056,202501,Exeter Chiefs,away,18,188174,Jimmy Roots,sub 3,replacement
https://rugby-union-feeds.incrowdsports.com/v1/matches/289056,289056,202501,Exeter Chiefs,away,13,240051,Zack Wimbush,outside centre,starter
https://rugby-union-feeds.incrowdsports.com/v1/matches/289056,289056,202501,Exeter Chiefs,away,2,128691,Max Norey,hooker,starter
https://rugby-union-feeds.incrowdsports.com/v1/matches/289056,289056,202501,Exeter Chiefs,away,3,147666,Josh Iosefa-Scott,tighthead prop,starter
https://rugby-union-feeds.incrowdsports.com/v1/matches/289056,289056,202501,Exeter Chiefs,away,15,169495,Josh Hodge,full back,starter
https://rugby-union-feeds.incrowdsports.com/v1/matches/289056,289056,202501,Exeter Chiefs,away,14,199029,Dan John,right wing,starter
https://rugby-union-feeds.incrowdsports.com/v1/matches/289056,289056,202501,Exeter Chiefs,away,4,112986,Rus Tuima,second row,starter
https://rugby-union-feeds.incrowdsports.com/v1/matches/289056,289056,202501,Exeter Chiefs,away,6,239420,Finn Worley-Brady,flanker,starter
https://rugby-union-feeds.incrowdsports.com/v1/matches/289056,289056,202501,Exeter Chiefs,away,8,213658,Richard Capstick,number eight,starter
https://rugby-union-feeds.incrowdsports.com/v1/matches/289057,289057,202501,Saracens,home,12,116514,Olly Hartley,inside centre,starter
https://rugby-union-feeds.incrowdsports.com/v1/matches/289057,289057,202501,Saracens,home,16,120033,Eoghan Clarke,sub 1,replacement
https://rugby-union-feeds.incrowdsports.com/v1/matches/289057,289057,202501,Saracens,home,18,110116,Harvey Beaton,sub 3,replacement
https://rugby-union-feeds.incrowdsports.com/v1/matches/289057,289057,202501,Saracens,home,1,117639,Phil Brantingham,loosehead prop,starter
https://rugby-union-feeds.incrowdsports.com/v1/matches/289057,289057,202501,Saracens,home,17,239493,Alex O'Driscoll,sub 2,replacement
https://rugby-union-feeds.incrowdsports.com/v1/matches/289057,289057,202501,Saracens,home,10,104042,Louie Johnson,fly half,starter
https://rugby-union-feeds.incrowdsports.com/v1/matches/289057,289057,202501,Saracens,home,9,239403,Charlie Bracken,scrum half,starter
https://rugby-union-feeds.incrowdsports.com/v1/matches/289057,289057,202501,Saracens,home,6,132812,Nathan Michelow,flanker,starter
https://rugby-union-feeds.incrowdsports.com/v1/matches/289057,289057,202501,Saracens,home,11,182025,Brandon Jackson,left wing,starter
https://rugby-union-feeds.incrowdsports.com/v1/matches/289057,289057,202501,Saracens,home,23,248685,Seva Kava,sub 8,replacement
https://rugby-union-feeds.incrowdsports.com/v1/matches/289057,289057,202501,Saracens,home,20,243060,Reggie Hammick,sub 5,replacement
https://rugby-union-feeds.incrowdsports.com/v1/matches/289057,289057,202501,Saracens,home,7,242936,Charlie West,flanker,starter
https://rugby-union-feeds.incrowdsports.com/v1/matches/289057,289057,202501,Saracens,home,3,241813,Vilikesa Nairau,tighthead prop,starter
https://rugby-union-feeds.incrowdsports.com/v1/matches/289057,289057,202501,Saracens,home,19,254972,Mathis Dehauteur,sub 4,replacement
https://rugby-union-feeds.incrowdsports.com/v1/matches/289057,289057,202501,Saracens,home,22,104921,Nick Tompkins,sub 7,replacement
https://rugby-union-feeds.incrowdsports.com/v1/matches/289057,289057,202501,Saracens,home,14,248890,Finn Keylock,right wing,starter
https://rugby-union-feeds.incrowdsports.com/v1/matches/289057,289057,202501,Saracens,home,2,144473,James Hadfield,hooker,starter
https://rugby-union-feeds.incrowdsports.com/v1/matches/289057,289057,202501,Saracens,home,21,177055,Gareth Simpson,sub 6,replacement
https://rugby-union-feeds.incrowdsports.com/v1/matches/289057,289057,202501,Saracens,home,15,244799,Angus Hall,full back,starter
https://rugby-union-feeds.incrowdsports.com/v1/matches/289057,289057,202501,Saracens,home,4,214751,Nick Isiekwe,second row,starter
https://rugby-union-feeds.incrowdsports.com/v1/matches/289057,289057,202501,Saracens,home,8,177536,Tom Willis,number eight,starter
https://rugby-union-feeds.incrowdsports.com/v1/matches/289057,289057,202501,Saracens,home,13,114687,Alex Lozowski,outside centre,starter
https://rugby-union-feeds.incrowdsports.com/v1/matches/289057,289057,202501,Saracens,home,5,243069,Tayo Adegbemile,second row,starter
https://rugby-union-feeds.incrowdsports.com/v1/matches/289057,289057,202501,Harlequins,away,15,239652,Josh Bellamy,full back,starter
https://rugby-union-feeds.incrowdsports.com/v1/matches/289057,289057,202501,Harlequins,away,21,241156,Jake Murray,sub 6,replacement
https://rugby-union-feeds.incrowdsports.com/v1/matches/289057,289057,202501,Harlequins,away,1,239587,Ethan Clarke,loosehead prop,starter
https://rugby-union-feeds.incrowdsports.com/v1/matches/289057,289057,202501,Harlequins,away,20,239649,Zach Carr,sub 5,replacement
https://rugby-union-feeds.incrowdsports.com/v1/matches/289057,289057,202501,Harlequins,away,14,145735,Cameron Anderson,right wing,starter
https://rugby-union-feeds.incrowdsports.com/v1/matches/289057,289057,202501,Harlequins,away,2,185447,Jack Musk,hooker,starter
https://rugby-union-feeds.incrowdsports.com/v1/matches/289057,289057,202501,Harlequins,away,7,239592,Seb Driscoll,flanker,starter
https://rugby-union-feeds.incrowdsports.com/v1/matches/289057,289057,202501,Harlequins,away,4,239590,Harry Browne,second row,starter
https://rugby-union-feeds.incrowdsports.com/v1/matches/289057,289057,202501,Harlequins,away,10,159436,Jamie Benson,fly half,starter
https://rugby-union-feeds.incrowdsports.com/v1/matches/289057,289057,202501,Harlequins,away,3,161452,Harry Williams,tighthead prop,starter
https://rugby-union-feeds.incrowdsports.com/v1/matches/289057,289057,202501,Harlequins,away,16,239598,Jack Doorey-Palmer,sub 1,replacement
https://rugby-union-feeds.incrowdsports.com/v1/matches/289057,289057,202501,Harlequins,away,18,196212,Luke Yendle,sub 3,replacement
https://rugby-union-feeds.incrowdsports.com/v1/matches/289057,289057,202501,Harlequins,away,23,165170,Hayden Hyde,sub 8,replacement
https://rugby-union-feeds.incrowdsports.com/v1/matches/289057,289057,202501,Harlequins,away,19,249751,Barny Langton-Cryer,sub 4,replacement
https://rugby-union-feeds.incrowdsports.com/v1/matches/289057,289057,202501,Harlequins,away,11,182934,Cassius Cleaves,left wing,starter
https://rugby-union-feeds.incrowdsports.com/v1/matches/289057,289057,202501,Harlequins,away,9,224220,Max Green,scrum half,starter
https://rugby-union-feeds.incrowdsports.com/v1/matches/289057,289057,202501,Harlequins,away,22,177084,Connor Slevin,sub 7,replacement
https://rugby-union-feeds.incrowdsports.com/v1/matches/289057,289057,202501,Harlequins,away,12,114587,Bryn Bradley,inside centre,starter
https://rugby-union-feeds.incrowdsports.com/v1/matches/289057,289057,202501,Harlequins,away,5,120187,Jonny Green,second row,starter
https://rugby-union-feeds.incrowdsports.com/v1/matches/289057,289057,202501,Harlequins,away,6,237241,Oisin McCormack,flanker,starter
https://rugby-union-feeds.incrowdsports.com/v1/matches/289057,289057,202501,Harlequins,away,13,162399,Ludo Kolade,outside centre,starter
https://rugby-union-feeds.incrowdsports.com/v1/matches/289057,289057,202501,Harlequins,away,8,144543,Tom Lawday,number eight,starter
https://rugby-union-feeds.incrowdsports.com/v1/matches/289057,289057,202501,Harlequins,away,17,243136,Jamie Miller,sub 2,replacement
https://rugby-union-feeds.incrowdsports.com/v1/matches/289055,289055,202501,Sale Sharks,home,12,212196,Rekeiti Ma'asi-White,inside centre,starter
https://rugby-union-feeds.incrowdsports.com/v1/matches/289055,289055,202501,Sale Sharks,home,5,239462,Tom Burrow,second row,starter
https://rugby-union-feeds.incrowdsports.com/v1/matches/289055,289055,202501,Sale Sharks,home,14,243148,Albert Bradshaw,right wing,starter
https://rugby-union-feeds.incrowdsports.com/v1/matches/289055,289055,202501,Sale Sharks,home,7,103530,Tristan Woodman,flanker,starter
https://rugby-union-feeds.incrowdsports.com/v1/matches/289055,289055,202501,Sale Sharks,home,23,244555,Sebi Krippner,sub 8,replacement
https://rugby-union-feeds.incrowdsports.com/v1/matches/289055,289055,202501,Sale Sharks,home,8,169770,Dan du Preez,number eight,starter
https://rugby-union-feeds.incrowdsports.com/v1/matches/289055,289055,202501,Sale Sharks,home,16,206761,Tadgh McElroy,sub 1,replacement
https://rugby-union-feeds.incrowdsports.com/v1/matches/289055,289055,202501,Sale Sharks,home,17,243055,Ralph McEachran,sub 2,replacement
https://rugby-union-feeds.incrowdsports.com/v1/matches/289055,289055,202501,Sale Sharks,home,20,250573,Dylan Hodkinson,sub 5,replacement
https://rugby-union-feeds.incrowdsports.com/v1/matches/289055,289055,202501,Sale Sharks,home,19,109874,Ethan Caine,sub 4,replacement
https://rugby-union-feeds.incrowdsports.com/v1/matches/289055,289055,202501,Sale Sharks,home,15,205075,Luke James,full back,starter
https://rugby-union-feeds.incrowdsports.com/v1/matches/289055,289055,202501,Sale Sharks,home,3,239473,Tye Raymont,tighthead prop,starter
https://rugby-union-feeds.incrowdsports.com/v1/matches/289055,289055,202501,Sale Sharks,home,18,239537,Patreece Bell,sub 3,replacement
https://rugby-union-feeds.incrowdsports.com/v1/matches/289055,289055,202501,Sale Sharks,home,2,145720,Nathan Jibulu,hooker,starter
https://rugby-union-feeds.incrowdsports.com/v1/matches/289055,289055,202501,Sale Sharks,home,6,205975,Sam Dugdale,flanker,starter
https://rugby-union-feeds.incrowdsports.com/v1/matches/289055,289055,202501,Sale Sharks,home,11,239510,Alex Wills,left wing,starter
https://rugby-union-feeds.incrowdsports.com/v1/matches/289055,289055,202501,Sale Sharks,home,1,147029,Tumy Onasanya,loosehead prop,starter
https://rugby-union-feeds.incrowdsports.com/v1/matches/289055,289055,202501,Sale Sharks,home,21,170933,Nye Thomas,sub 6,replacement
https://rugby-union-feeds.incrowdsports.com/v1/matches/289055,289055,202501,Sale Sharks,home,13,224475,Joe Bedlow,outside centre,starter
https://rugby-union-feeds.incrowdsports.com/v1/matches/289055,289055,202501,Sale Sharks,home,9,242906,Dom Hanson,scrum half,starter
https://rugby-union-feeds.incrowdsports.com/v1/matches/289055,289055,202501,Sale Sharks,home,22,191866,Sam Bedlow,sub 7,replacement
https://rugby-union-feeds.incrowdsports.com/v1/matches/289055,289055,202501,Sale Sharks,home,10,201247,Tom Curtis,fly half,starter
https://rugby-union-feeds.incrowdsports.com/v1/matches/289055,289055,202501,Sale Sharks,home,4,239485,Reuben Logan,second row,starter
https://rugby-union-feeds.incrowdsports.com/v1/matches/289055,289055,202501,Bath Rugby,away,6,123233,Ethan Staddon,flanker,starter
https://rugby-union-feeds.incrowdsports.com/v1/matches/289055,289055,202501,Bath Rugby,away,12,210178,Will Butt,inside centre,starter
https://rugby-union-feeds.incrowdsports.com/v1/matches/289055,289055,202501,Bath Rugby,away,23,259362,Tyler Mason,sub 8,replacement
https://rugby-union-feeds.incrowdsports.com/v1/matches/289055,289055,202501,Bath Rugby,away,3,137026,Kieran Verden,tighthead prop,starter
https://rugby-union-feeds.incrowdsports.com/v1/matches/289055,289055,202501,Bath Rugby,away,8,239297,Arthur Green,number eight,starter
https://rugby-union-feeds.incrowdsports.com/v1/matches/289055,289055,202501,Bath Rugby,away,16,218695,Jasper Spandler,sub 1,replacement
https://rugby-union-feeds.incrowdsports.com/v1/matches/289055,289055,202501,Bath Rugby,away,13,248805,Jack Harrison,outside centre,starter
https://rugby-union-feeds.incrowdsports.com/v1/matches/289055,289055,202501,Bath Rugby,away,18,209868,Mikey Summerfield,sub 3,replacement
https://rugby-union-feeds.incrowdsports.com/v1/matches/289055,289055,202501,Bath Rugby,away,20,239308,George Timmins,sub 5,replacement
https://rugby-union-feeds.incrowdsports.com/v1/matches/289055,289055,202501,Bath Rugby,away,2,103625,Dan Frost,hooker,starter
https://rugby-union-feeds.incrowdsports.com/v1/matches/289055,289055,202501,Bath Rugby,away,15,243600,Austin Emens,full back,starter
https://rugby-union-feeds.incrowdsports.com/v1/matches/289055,289055,202501,Bath Rugby,away,11,160272,Will Muir,left wing,starter
https://rugby-union-feeds.incrowdsports.com/v1/matches/289055,289055,202501,Bath Rugby,away,5,239503,Harvey Cuckson,second row,starter
https://rugby-union-feeds.incrowdsports.com/v1/matches/289055,289055,202501,Bath Rugby,away,17,244500,Ioan Emanuel,sub 2,replacement
https://rugby-union-feeds.incrowdsports.com/v1/matches/289055,289055,202501,Bath Rugby,away,21,241747,Neil le Roux,sub 6,replacement
https://rugby-union-feeds.incrowdsports.com/v1/matches/289055,289055,202501,Bath Rugby,away,10,239570,Will Roue,fly half,starter
https://rugby-union-feeds.incrowdsports.com/v1/matches/289055,289055,202501,Bath Rugby,away,9,236951,Bernard van der Linde,scrum half,starter
https://rugby-union-feeds.incrowdsports.com/v1/matches/289055,289055,202501,Bath Rugby,away,19,244502,Jack Bennett,sub 4,replacement
https://rugby-union-feeds.incrowdsports.com/v1/matches/289055,289055,202501,Bath Rugby,away,14,244508,Charlie Griffin,right wing,starter
https://rugby-union-feeds.incrowdsports.com/v1/matches/289055,289055,202501,Bath Rugby,away,22,243035,James Linegar,sub 7,replacement
https://rugby-union-feeds.incrowdsports.com/v1/matches/289055,289055,202501,Bath Rugby,away,1,240057,Scott Kirk,loosehead prop,starter
https://rugby-union-feeds.incrowdsports.com/v1/matches/289055,289055,202501,Bath Rugby,away,7,132895,Tom Cowan,flanker,starter
https://rugby-union-feeds.incrowdsports.com/v1/matches/289055,289055,202501,Bath Rugby,away,4,239294,Will Jeanes,second row,starter
https://rugby-union-feeds.incrowdsports.com/v1/matches/289060,289060,202501,Harlequins,home,15,239652,Josh Bellamy,full back,starter
https://rugby-union-feeds.incrowdsports.com/v1/matches/289060,289060,202501,Harlequins,home,21,241156,Jake Murray,sub 6,replacement
https://rugby-union-feeds.incrowdsports.com/v1/matches/289060,289060,202501,Harlequins,home,1,239587,Ethan Clarke,loosehead prop,starter
https://rugby-union-feeds.incrowdsports.com/v1/matches/289060,289060,202501,Harlequins,home,8,239649,Zach Carr,number eight,starter
https://rugby-union-feeds.incrowdsports.com/v1/matches/289060,289060,202501,Harlequins,home,14,145735,Cameron Anderson,right wing,starter
https://rugby-union-feeds.incrowdsports.com/v1/matches/289060,289060,202501,Harlequins,home,2,185447,Jack Musk,hooker,starter
https://rugby-union-feeds.incrowdsports.com/v1/matches/289060,289060,202501,Harlequins,home,4,239590,Harry Browne,second row,starter
https://rugby-union-feeds.incrowdsports.com/v1/matches/289060,289060,202501,Harlequins,home,20,180038,Alex Dombrandt,sub 5,replacement
https://rugby-union-feeds.incrowdsports.com/v1/matches/289060,289060,202501,Harlequins,home,18,253324,Cameron Doak,sub 3,replacement
https://rugby-union-feeds.incrowdsports.com/v1/matches/289060,289060,202501,Harlequins,home,10,159436,Jamie Benson,fly half,starter
https://rugby-union-feeds.incrowdsports.com/v1/matches/289060,289060,202501,Harlequins,home,12,239604,Sean Kerr,inside centre,starter
https://rugby-union-feeds.incrowdsports.com/v1/matches/289060,289060,202501,Harlequins,home,3,196212,Luke Yendle,tighthead prop,starter
https://rugby-union-feeds.incrowdsports.com/v1/matches/289060,289060,202501,Harlequins,home,19,249751,Barny Langton-Cryer,sub 4,replacement
https://rugby-union-feeds.incrowdsports.com/v1/matches/289060,289060,202501,Harlequins,home,11,182934,Cassius Cleaves,left wing,starter
https://rugby-union-feeds.incrowdsports.com/v1/matches/289060,289060,202501,Harlequins,home,9,224220,Max Green,scrum half,starter
https://rugby-union-feeds.incrowdsports.com/v1/matches/289060,289060,202501,Harlequins,home,22,177084,Connor Slevin,sub 7,replacement
https://rugby-union-feeds.incrowdsports.com/v1/matches/289060,289060,202501,Harlequins,home,5,120187,Jonny Green,second row,starter
https://rugby-union-feeds.incrowdsports.com/v1/matches/289060,289060,202501,Harlequins,home,6,237241,Oisin McCormack,flanker,starter
https://rugby-union-feeds.incrowdsports.com/v1/matches/289060,289060,202501,Harlequins,home,23,114587,Bryn Bradley,sub 8,replacement
https://rugby-union-feeds.incrowdsports.com/v1/matches/289060,289060,202501,Harlequins,home,13,162399,Ludo Kolade,outside centre,starter
https://rugby-union-feeds.incrowdsports.com/v1/matches/289060,289060,202501,Harlequins,home,7,144543,Tom Lawday,flanker,starter
https://rugby-union-feeds.incrowdsports.com/v1/matches/289060,289060,202501,Harlequins,home,17,243136,Jamie Miller,sub 2,replacement
https://rugby-union-feeds.incrowdsports.com/v1/matches/289060,289060,202501,Harlequins,home,16,250494,Jerold Gorleku,sub 1,replacement
https://rugby-union-feeds.incrowdsports.com/v1/matches/289060,289060,202501,Northampton Saints,away,1,177699,Tom West,loosehead prop,starter
https://rugby-union-feeds.incrowdsports.com/v1/matches/289060,289060,202501,Northampton Saints,away,5,193283,Chunya Munga,second row,starter
https://rugby-union-feeds.incrowdsports.com/v1/matches/289060,289060,202501,Northampton Saints,away,10,119745,Anthony Belleau,fly half,starter
https://rugby-union-feeds.incrowdsports.com/v1/matches/289060,289060,202501,Northampton Saints,away,14,192642,Ollie Sleightholme,right wing,starter
https://rugby-union-feeds.incrowdsports.com/v1/matches/289060,289060,202501,Northampton Saints,away,4,195010,Tom Lockett,second row,starter
https://rugby-union-feeds.incrowdsports.com/v1/matches/289060,289060,202501,Northampton Saints,away,11,244744,Amena Caqusau,left wing,starter
https://rugby-union-feeds.incrowdsports.com/v1/matches/289060,289060,202501,Northampton Saints,away,7,255527,Charlie Ulcoq,flanker,starter
https://rugby-union-feeds.incrowdsports.com/v1/matches/289060,289060,202501,Northampton Saints,away,19,255047,Jack Lewis,sub 4,replacement
https://rugby-union-feeds.incrowdsports.com/v1/matches/289060,289060,202501,Northampton Saints,away,3,127592,Luke Green,tighthead prop,starter
https://rugby-union-feeds.incrowdsports.com/v1/matches/289060,289060,202501,Northampton Saints,away,22,255052,Freddie St John,sub 7,replacement
https://rugby-union-feeds.incrowdsports.com/v1/matches/289060,289060,202501,Northampton Saints,away,15,178796,James Ramm,full back,starter
https://rugby-union-feeds.incrowdsports.com/v1/matches/289060,289060,202501,Northampton Saints,away,8,108939,Fyn Brown,number eight,starter
https://rugby-union-feeds.incrowdsports.com/v1/matches/289060,289060,202501,Northampton Saints,away,16,243636,Ben Alexander,sub 1,replacement
https://rugby-union-feeds.incrowdsports.com/v1/matches/289060,289060,202501,Northampton Saints,away,17,239220,Joe Cowell,sub 2,replacement
https://rugby-union-feeds.incrowdsports.com/v1/matches/289060,289060,202501,Northampton Saints,away,6,225330,Archie Benson,flanker,starter
https://rugby-union-feeds.incrowdsports.com/v1/matches/289060,289060,202501,Northampton Saints,away,9,239345,Archie McParland,scrum half,starter
https://rugby-union-feeds.incrowdsports.com/v1/matches/289060,289060,202501,Northampton Saints,away,2,185586,Henry Walker,hooker,starter
https://rugby-union-feeds.incrowdsports.com/v1/matches/289060,289060,202501,Northampton Saints,away,20,212369,Sam Graham,sub 5,replacement
https://rugby-union-feeds.incrowdsports.com/v1/matches/289060,289060,202501,Northampton Saints,away,23,193878,James Martin,sub 8,replacement
https://rugby-union-feeds.incrowdsports.com/v1/matches/289060,289060,202501,Northampton Saints,away,13,111099,Tom Litchfield,outside centre,starter
https://rugby-union-feeds.incrowdsports.com/v1/matches/289060,289060,202501,Northampton Saints,away,21,248889,Aidan Pugh,sub 6,replacement
https://rugby-union-feeds.incrowdsports.com/v1/matches/289060,289060,202501,Northampton Saints,away,12,239358,Toby Thame,inside centre,starter
https://rugby-union-feeds.incrowdsports.com/v1/matches/289060,289060,202501,Northampton Saints,away,18,188766,Cleopas Kundiona,sub 3,replacement
https://rugby-union-feeds.incrowdsports.com/v1/matches/289059,289059,202501,Exeter Chiefs,home,6,169636,Martin Moloney,flanker,starter
https://rugby-union-feeds.incrowdsports.com/v1/matches/289059,289059,202501,Exeter Chiefs,home,11,250817,Campbell Ridl,left wing,starter
https://rugby-union-feeds.incrowdsports.com/v1/matches/289059,289059,202501,Exeter Chiefs,home,12,255016,Ollie Batson,inside centre,starter
https://rugby-union-feeds.incrowdsports.com/v1/matches/289059,289059,202501,Exeter Chiefs,home,17,149671,Khwezi Mona,sub 2,replacement
https://rugby-union-feeds.incrowdsports.com/v1/matches/289059,289059,202501,Exeter Chiefs,home,14,251397,Paul Brown-Bampoe,right wing,starter
https://rugby-union-feeds.incrowdsports.com/v1/matches/289059,289059,202501,Exeter Chiefs,home,9,117545,Charlie Chapman,scrum half,starter
https://rugby-union-feeds.incrowdsports.com/v1/matches/289059,289059,202501,Exeter Chiefs,home,1,201738,Will Goodrick-Clarke,loosehead prop,starter
https://rugby-union-feeds.incrowdsports.com/v1/matches/289059,289059,202501,Exeter Chiefs,home,22,240233,Ben Coen,sub 7,replacement
https://rugby-union-feeds.incrowdsports.com/v1/matches/289059,289059,202501,Exeter Chiefs,home,16,229392,Julian Heaven,sub 1,replacement
https://rugby-union-feeds.incrowdsports.com/v1/matches/289059,289059,202501,Exeter Chiefs,home,21,208783,Tom Cairns,sub 6,replacement
https://rugby-union-feeds.incrowdsports.com/v1/matches/289059,289059,202501,Exeter Chiefs,home,19,244494,Oscar Beckerleg,sub 4,replacement
https://rugby-union-feeds.incrowdsports.com/v1/matches/289059,289059,202501,Exeter Chiefs,home,20,239374,Joe Bailey,sub 5,replacement
https://rugby-union-feeds.incrowdsports.com/v1/matches/289059,289059,202501,Exeter Chiefs,home,18,188174,Jimmy Roots,sub 3,replacement
https://rugby-union-feeds.incrowdsports.com/v1/matches/289059,289059,202501,Exeter Chiefs,home,13,240051,Zack Wimbush,outside centre,starter
https://rugby-union-feeds.incrowdsports.com/v1/matches/289059,289059,202501,Exeter Chiefs,home,2,128691,Max Norey,hooker,starter
https://rugby-union-feeds.incrowdsports.com/v1/matches/289059,289059,202501,Exeter Chiefs,home,3,147666,Josh Iosefa-Scott,tighthead prop,starter
https://rugby-union-feeds.incrowdsports.com/v1/matches/289059,289059,202501,Exeter Chiefs,home,15,169495,Josh Hodge,full back,starter
https://rugby-union-feeds.incrowdsports.com/v1/matches/289059,289059,202501,Exeter Chiefs,home,23,199029,Dan John,sub 8,replacement
https://rugby-union-feeds.incrowdsports.com/v1/matches/289059,289059,202501,Exeter Chiefs,home,5,112986,Rus Tuima,second row,starter
https://rugby-union-feeds.incrowdsports.com/v1/matches/289059,289059,202501,Exeter Chiefs,home,7,239420,Finn Worley-Brady,flanker,starter
https://rugby-union-feeds.incrowdsports.com/v1/matches/289059,289059,202501,Exeter Chiefs,home,4,213658,Richard Capstick,second row,starter
https://rugby-union-feeds.incrowdsports.com/v1/matches/289059,289059,202501,Exeter Chiefs,home,10,225024,Harvey Skinner,fly half,starter
https://rugby-union-feeds.incrowdsports.com/v1/matches/289059,289059,202501,Exeter Chiefs,home,8,124575,Ethan Roots,number eight,starter
https://rugby-union-feeds.incrowdsports.com/v1/matches/289059,289059,202501,Gloucester Rugby,away,22,110114,Ross Byrne,sub 7,replacement
https://rugby-union-feeds.incrowdsports.com/v1/matches/289059,289059,202501,Gloucester Rugby,away,7,217603,James Venter,flanker,starter
https://rugby-union-feeds.incrowdsports.com/v1/matches/289059,289059,202501,Gloucester Rugby,away,19,191521,Josh Basham,sub 4,replacement
https://rugby-union-feeds.incrowdsports.com/v1/matches/289059,289059,202501,Gloucester Rugby,away,21,201697,Caolan Englefield,sub 6,replacement
https://rugby-union-feeds.incrowdsports.com/v1/matches/289059,289059,202501,Gloucester Rugby,away,11,124069,Ollie Thorley,left wing,starter
https://rugby-union-feeds.incrowdsports.com/v1/matches/289059,289059,202501,Gloucester Rugby,away,9,237895,Mike Austin,scrum half,starter
https://rugby-union-feeds.incrowdsports.com/v1/matches/289059,289059,202501,Gloucester Rugby,away,8,113799,Jack Clement,number eight,starter
https://rugby-union-feeds.incrowdsports.com/v1/matches/289059,289059,202501,Gloucester Rugby,away,14,239563,Ben Redshaw,right wing,starter
https://rugby-union-feeds.incrowdsports.com/v1/matches/289059,289059,202501,Gloucester Rugby,away,10,123243,Charlie Atkinson,fly half,starter
https://rugby-union-feeds.incrowdsports.com/v1/matches/289059,289059,202501,Gloucester Rugby,away,16,242543,Manaaki Boyle-Tiatia,sub 1,replacement
https://rugby-union-feeds.incrowdsports.com/v1/matches/289059,289059,202501,Gloucester Rugby,away,23,112368,Will Butler,sub 8,replacement
https://rugby-union-feeds.incrowdsports.com/v1/matches/289059,289059,202501,Gloucester Rugby,away,18,189971,Ciaran Knight,sub 3,replacement
https://rugby-union-feeds.incrowdsports.com/v1/matches/289059,289059,202501,Gloucester Rugby,away,15,133265,George Barton,full back,starter
https://rugby-union-feeds.incrowdsports.com/v1/matches/289059,289059,202501,Gloucester Rugby,away,2,137490,Seb Blake,hooker,starter
https://rugby-union-feeds.incrowdsports.com/v1/matches/289059,289059,202501,Gloucester Rugby,away,6,104022,Will Trenholm,flanker,starter
https://rugby-union-feeds.incrowdsports.com/v1/matches/289059,289059,202501,Gloucester Rugby,away,13,102295,Josiah Edwards-Giraud,outside centre,starter
https://rugby-union-feeds.incrowdsports.com/v1/matches/289059,289059,202501,Gloucester Rugby,away,20,209756,Lewis Ludlow,sub 5,replacement
https://rugby-union-feeds.incrowdsports.com/v1/matches/289059,289059,202501,Gloucester Rugby,away,12,239578,Max Knight,inside centre,starter
https://rugby-union-feeds.incrowdsports.com/v1/matches/289059,289059,202501,Gloucester Rugby,away,3,239418,Afolabi Fasogbon,tighthead prop,starter
https://rugby-union-feeds.incrowdsports.com/v1/matches/289059,289059,202501,Gloucester Rugby,away,17,120444,Dian Bleuler,sub 2,replacement
https://rugby-union-feeds.incrowdsports.com/v1/matches/289059,289059,202501,Gloucester Rugby,away,1,213184,Val Rapava Ruskin,loosehead prop,starter
https://rugby-union-feeds.incrowdsports.com/v1/matches/289059,289059,202501,Gloucester Rugby,away,4,244287,Danny Eite,second row,starter
https://rugby-union-feeds.incrowdsports.com/v1/matches/289059,289059,202501,Gloucester Rugby,away,5,117823,Matias Alemanno,second row,starter
https://rugby-union-feeds.incrowdsports.com/v1/matches/289062,289062,202501,Saracens,home,12,116514,Olly Hartley,inside centre,starter
https://rugby-union-feeds.incrowdsports.com/v1/matches/289062,289062,202501,Saracens,home,11,170435,Rotimi Segun,left wing,starter
https://rugby-union-feeds.incrowdsports.com/v1/matches/289062,289062,202501,Saracens,home,16,120033,Eoghan Clarke,sub 1,replacement
https://rugby-union-feeds.incrowdsports.com/v1/matches/289062,289062,202501,Saracens,home,3,110116,Harvey Beaton,tighthead prop,starter
https://rugby-union-feeds.incrowdsports.com/v1/matches/289062,289062,202501,Saracens,home,1,117639,Phil Brantingham,loosehead prop,starter
https://rugby-union-feeds.incrowdsports.com/v1/matches/289062,289062,202501,Saracens,home,17,239493,Alex O'Driscoll,sub 2,replacement
https://rugby-union-feeds.incrowdsports.com/v1/matches/289062,289062,202501,Saracens,home,10,104042,Louie Johnson,fly half,starter
https://rugby-union-feeds.incrowdsports.com/v1/matches/289062,289062,202501,Saracens,home,8,132812,Nathan Michelow,number eight,starter
https://rugby-union-feeds.incrowdsports.com/v1/matches/289062,289062,202501,Saracens,home,14,182025,Brandon Jackson,right wing,starter
https://rugby-union-feeds.incrowdsports.com/v1/matches/289062,289062,202501,Saracens,home,7,152009,Andy Onyeama-Christie,flanker,starter
https://rugby-union-feeds.incrowdsports.com/v1/matches/289062,289062,202501,Saracens,home,23,248685,Seva Kava,sub 8,replacement
https://rugby-union-feeds.incrowdsports.com/v1/matches/289062,289062,202501,Saracens,home,20,243060,Reggie Hammick,sub 5,replacement
https://rugby-union-feeds.incrowdsports.com/v1/matches/289062,289062,202501,Saracens,home,19,242936,Charlie West,sub 4,replacement
https://rugby-union-feeds.incrowdsports.com/v1/matches/289062,289062,202501,Saracens,home,21,185080,Ivan van Zyl,sub 6,replacement
https://rugby-union-feeds.incrowdsports.com/v1/matches/289062,289062,202501,Saracens,home,13,104921,Nick Tompkins,outside centre,starter
https://rugby-union-feeds.incrowdsports.com/v1/matches/289062,289062,202501,Saracens,home,18,103033,Tietie Tuimauga,sub 3,replacement
https://rugby-union-feeds.incrowdsports.com/v1/matches/289062,289062,202501,Saracens,home,2,144473,James Hadfield,hooker,starter
https://rugby-union-feeds.incrowdsports.com/v1/matches/289062,289062,202501,Saracens,home,9,177055,Gareth Simpson,scrum half,starter
https://rugby-union-feeds.incrowdsports.com/v1/matches/289062,289062,202501,Saracens,home,4,214751,Nick Isiekwe,second row,starter
https://rugby-union-feeds.incrowdsports.com/v1/matches/289062,289062,202501,Saracens,home,5,198623,Hugh Tizard,second row,starter
https://rugby-union-feeds.incrowdsports.com/v1/matches/289062,289062,202501,Saracens,home,22,136509,Fergus Burke,sub 7,replacement
https://rugby-union-feeds.incrowdsports.com/v1/matches/289062,289062,202501,Saracens,home,15,114687,Alex Lozowski,full back,starter
https://rugby-union-feeds.incrowdsports.com/v1/matches/289062,289062,202501,Saracens,home,6,243069,Tayo Adegbemile,flanker,starter
https://rugby-union-feeds.incrowdsports.com/v1/matches/289062,289062,202501,Leicester Tigers,away,11,173217,Ollie Hassell-Collins,left wing,starter
https://rugby-union-feeds.incrowdsports.com/v1/matches/289062,289062,202501,Leicester Tigers,away,19,244456,Osian Thomas,sub 4,replacement
https://rugby-union-feeds.incrowdsports.com/v1/matches/289062,289062,202501,Leicester Tigers,away,20,239272,Josh Manz,sub 5,replacement
https://rugby-union-feeds.incrowdsports.com/v1/matches/289062,289062,202501,Leicester Tigers,away,7,183880,Tommy Reffell,flanker,starter
https://rugby-union-feeds.incrowdsports.com/v1/matches/289062,289062,202501,Leicester Tigers,away,2,101384,Finn Theobald-Thomas,hooker,starter
https://rugby-union-feeds.incrowdsports.com/v1/matches/289062,289062,202501,Leicester Tigers,away,3,208037,Will Hurd,tighthead prop,starter
https://rugby-union-feeds.incrowdsports.com/v1/matches/289062,289062,202501,Leicester Tigers,away,9,242956,Charlie Bemand,scrum half,starter
https://rugby-union-feeds.incrowdsports.com/v1/matches/289062,289062,202501,Leicester Tigers,away,15,244459,Tom Threlfall,full back,starter
https://rugby-union-feeds.incrowdsports.com/v1/matches/289062,289062,202501,Leicester Tigers,away,14,201483,Ryan Crowley,right wing,starter
https://rugby-union-feeds.incrowdsports.com/v1/matches/289062,289062,202501,Leicester Tigers,away,23,239497,Charlie Myall,sub 8,replacement
https://rugby-union-feeds.incrowdsports.com/v1/matches/289062,289062,202501,Leicester Tigers,away,16,216656,Charlie Clare,sub 1,replacement
https://rugby-union-feeds.incrowdsports.com/v1/matches/289062,289062,202501,Leicester Tigers,away,13,239278,Joe Woodward,outside centre,starter
https://rugby-union-feeds.incrowdsports.com/v1/matches/289062,289062,202501,Leicester Tigers,away,10,170190,Tom Whiteley,fly half,starter
https://rugby-union-feeds.incrowdsports.com/v1/matches/289062,289062,202501,Leicester Tigers,away,6,248781,Harry Palmer,flanker,starter
https://rugby-union-feeds.incrowdsports.com/v1/matches/289062,289062,202501,Leicester Tigers,away,4,177015,Harry Wells,second row,starter
https://rugby-union-feeds.incrowdsports.com/v1/matches/289062,289062,202501,Leicester Tigers,away,17,244534,Archie van der Flier,sub 2,replacement
https://rugby-union-feeds.incrowdsports.com/v1/matches/289062,289062,202501,Leicester Tigers,away,1,104471,Tareq Haffar,loosehead prop,starter
https://rugby-union-feeds.incrowdsports.com/v1/matches/289062,289062,202501,Leicester Tigers,away,12,220475,Orlando Bailey,inside centre,starter
https://rugby-union-feeds.incrowdsports.com/v1/matches/289062,289062,202501,Leicester Tigers,away,5,132697,Tom Manz,second row,starter
https://rugby-union-feeds.incrowdsports.com/v1/matches/289062,289062,202501,Leicester Tigers,away,18,253626,Ale Loman,sub 3,replacement
https://rugby-union-feeds.incrowdsports.com/v1/matches/289062,289062,202501,Leicester Tigers,away,8,237152,Joaquin Moro,number eight,starter
https://rugby-union-feeds.incrowdsports.com/v1/matches/289062,289062,202501,Leicester Tigers,away,21,239424,Ollie Allan,sub 6,replacement
https://rugby-union-feeds.incrowdsports.com/v1/matches/289062,289062,202501,Leicester Tigers,away,22,238911,Wilf McCarthy,sub 7,replacement
https://rugby-union-feeds.incrowdsports.com/v1/matches/289061,289061,202501,Bath Rugby,home,13,175011,Max Ojomoh,outside centre,starter
https://rugby-union-feeds.incrowdsports.com/v1/matches/289061,289061,202501,Bath Rugby,home,6,123233,Ethan Staddon,flanker,starter
https://rugby-union-feeds.incrowdsports.com/v1/matches/289061,289061,202501,Bath Rugby,home,12,210178,Will Butt,inside centre,starter
https://rugby-union-feeds.incrowdsports.com/v1/matches/289061,289061,202501,Bath Rugby,home,21,239298,Ieuan Davies,sub 6,replacement
https://rugby-union-feeds.incrowdsports.com/v1/matches/289061,289061,202501,Bath Rugby,home,3,137026,Kieran Verden,tighthead prop,starter
https://rugby-union-feeds.incrowdsports.com/v1/matches/289061,289061,202501,Bath Rugby,home,8,239297,Arthur Green,number eight,starter
https://rugby-union-feeds.incrowdsports.com/v1/matches/289061,289061,202501,Bath Rugby,home,18,209868,Mikey Summerfield,sub 3,replacement
https://rugby-union-feeds.incrowdsports.com/v1/matches/289061,289061,202501,Bath Rugby,home,20,239308,George Timmins,sub 5,replacement
https://rugby-union-feeds.incrowdsports.com/v1/matches/289061,289061,202501,Bath Rugby,home,2,103625,Dan Frost,hooker,starter
https://rugby-union-feeds.incrowdsports.com/v1/matches/289061,289061,202501,Bath Rugby,home,15,243600,Austin Emens,full back,starter
https://rugby-union-feeds.incrowdsports.com/v1/matches/289061,289061,202501,Bath Rugby,home,23,196656,Chris Harris,sub 8,replacement
https://rugby-union-feeds.incrowdsports.com/v1/matches/289061,289061,202501,Bath Rugby,home,11,160272,Will Muir,left wing,starter
https://rugby-union-feeds.incrowdsports.com/v1/matches/289061,289061,202501,Bath Rugby,home,17,244500,Ioan Emanuel,sub 2,replacement
https://rugby-union-feeds.incrowdsports.com/v1/matches/289061,289061,202501,Bath Rugby,home,16,243059,Kepu Tuipulotu,sub 1,replacement
https://rugby-union-feeds.incrowdsports.com/v1/matches/289061,289061,202501,Bath Rugby,home,10,239570,Will Roue,fly half,starter
https://rugby-union-feeds.incrowdsports.com/v1/matches/289061,289061,202501,Bath Rugby,home,9,236951,Bernard van der Linde,scrum half,starter
https://rugby-union-feeds.incrowdsports.com/v1/matches/289061,289061,202501,Bath Rugby,home,5,217750,Ewan Richards,second row,starter
https://rugby-union-feeds.incrowdsports.com/v1/matches/289061,289061,202501,Bath Rugby,home,19,244502,Jack Bennett,sub 4,replacement
https://rugby-union-feeds.incrowdsports.com/v1/matches/289061,289061,202501,Bath Rugby,home,14,244508,Charlie Griffin,right wing,starter
https://rugby-union-feeds.incrowdsports.com/v1/matches/289061,289061,202501,Bath Rugby,home,22,243035,James Linegar,sub 7,replacement
https://rugby-union-feeds.incrowdsports.com/v1/matches/289061,289061,202501,Bath Rugby,home,1,240057,Scott Kirk,loosehead prop,starter
https://rugby-union-feeds.incrowdsports.com/v1/matches/289061,289061,202501,Bath Rugby,home,7,132895,Tom Cowan,flanker,starter
https://rugby-union-feeds.incrowdsports.com/v1/matches/289061,289061,202501,Bath Rugby,home,4,239294,Will Jeanes,second row,starter
https://rugby-union-feeds.incrowdsports.com/v1/matches/289061,289061,202501,Bristol Bears,away,5,189699,Steele Barker,second row,starter
https://rugby-union-feeds.incrowdsports.com/v1/matches/289061,289061,202501,Bristol Bears,away,17,221988,Sam Grahamslaw,sub 2,replacement
https://rugby-union-feeds.incrowdsports.com/v1/matches/289061,289061,202501,Bristol Bears,away,19,244483,Ethan Surrey,sub 4,replacement
https://rugby-union-feeds.incrowdsports.com/v1/matches/289061,289061,202501,Bristol Bears,away,20,239299,Raff Weston,sub 5,replacement
https://rugby-union-feeds.incrowdsports.com/v1/matches/289061,289061,202501,Bristol Bears,away,4,199272,James Dun,second row,starter
https://rugby-union-feeds.incrowdsports.com/v1/matches/289061,289061,202501,Bristol Bears,away,6,237996,Joe Owen,flanker,starter
https://rugby-union-feeds.incrowdsports.com/v1/matches/289061,289061,202501,Bristol Bears,away,7,151148,George Taylor,flanker,starter
https://rugby-union-feeds.incrowdsports.com/v1/matches/289061,289061,202501,Bristol Bears,away,9,195214,Harry Randall,scrum half,starter
https://rugby-union-feeds.incrowdsports.com/v1/matches/289061,289061,202501,Bristol Bears,away,8,248877,John Edwards,number eight,starter
https://rugby-union-feeds.incrowdsports.com/v1/matches/289061,289061,202501,Bristol Bears,away,21,185971,Sam Wolstenholme,sub 6,replacement
https://rugby-union-feeds.incrowdsports.com/v1/matches/289061,289061,202501,Bristol Bears,away,23,254995,Ollie Harris,sub 8,replacement
https://rugby-union-feeds.incrowdsports.com/v1/matches/289061,289061,202501,Bristol Bears,away,12,243442,Joe Jenkins,inside centre,starter
https://rugby-union-feeds.incrowdsports.com/v1/matches/289061,289061,202501,Bristol Bears,away,11,131218,Gabriel Ibitoye,left wing,starter
https://rugby-union-feeds.incrowdsports.com/v1/matches/289061,289061,202501,Bristol Bears,away,1,239313,Louie Trevett,loosehead prop,starter
https://rugby-union-feeds.incrowdsports.com/v1/matches/289061,289061,202501,Bristol Bears,away,15,216599,Rich Lane,full back,starter
https://rugby-union-feeds.incrowdsports.com/v1/matches/289061,289061,202501,Bristol Bears,away,14,116536,Max Pepper,right wing,starter
https://rugby-union-feeds.incrowdsports.com/v1/matches/289061,289061,202501,Bristol Bears,away,16,248822,Kieran Hill,sub 1,replacement
https://rugby-union-feeds.incrowdsports.com/v1/matches/289061,289061,202501,Bristol Bears,away,2,152822,Tomas Gwilliam,hooker,starter
https://rugby-union-feeds.incrowdsports.com/v1/matches/289061,289061,202501,Bristol Bears,away,18,242970,Sam Scott,sub 3,replacement
https://rugby-union-feeds.incrowdsports.com/v1/matches/289061,289061,202501,Bristol Bears,away,3,130811,Max Lahiff,tighthead prop,starter
https://rugby-union-feeds.incrowdsports.com/v1/matches/289061,289061,202501,Bristol Bears,away,22,103227,Charlie Powell,sub 7,replacement
https://rugby-union-feeds.incrowdsports.com/v1/matches/289061,289061,202501,Bristol Bears,away,13,241920,Benjamin Elizalde,outside centre,starter
https://rugby-union-feeds.incrowdsports.com/v1/matches/289061,289061,202501,Bristol Bears,away,10,240061,Sam Worsley,fly half,starter
https://rugby-union-feeds.incrowdsports.com/v1/matches/289064,289064,202501,Gloucester Rugby,home,20,208996,Jack Mann,sub 5,replacement
https://rugby-union-feeds.incrowdsports.com/v1/matches/289064,289064,202501,Gloucester Rugby,home,22,110114,Ross Byrne,sub 7,replacement
https://rugby-union-feeds.incrowdsports.com/v1/matches/289064,289064,202501,Gloucester Rugby,home,6,217603,James Venter,flanker,starter
https://rugby-union-feeds.incrowdsports.com/v1/matches/289064,289064,202501,Gloucester Rugby,home,14,241026,Josh Hathaway,right wing,starter
https://rugby-union-feeds.incrowdsports.com/v1/matches/289064,289064,202501,Gloucester Rugby,home,19,191521,Josh Basham,sub 4,replacement
https://rugby-union-feeds.incrowdsports.com/v1/matches/289064,289064,202501,Gloucester Rugby,home,9,201697,Caolan Englefield,scrum half,starter
https://rugby-union-feeds.incrowdsports.com/v1/matches/289064,289064,202501,Gloucester Rugby,home,11,124069,Ollie Thorley,left wing,starter
https://rugby-union-feeds.incrowdsports.com/v1/matches/289064,289064,202501,Gloucester Rugby,home,15,239563,Ben Redshaw,full back,starter
https://rugby-union-feeds.incrowdsports.com/v1/matches/289064,289064,202501,Gloucester Rugby,home,10,123243,Charlie Atkinson,fly half,starter
https://rugby-union-feeds.incrowdsports.com/v1/matches/289064,289064,202501,Gloucester Rugby,home,16,242543,Manaaki Boyle-Tiatia,sub 1,replacement
https://rugby-union-feeds.incrowdsports.com/v1/matches/289064,289064,202501,Gloucester Rugby,home,18,189971,Ciaran Knight,sub 3,replacement
https://rugby-union-feeds.incrowdsports.com/v1/matches/289064,289064,202501,Gloucester Rugby,home,23,133265,George Barton,sub 8,replacement
https://rugby-union-feeds.incrowdsports.com/v1/matches/289064,289064,202501,Gloucester Rugby,home,2,137490,Seb Blake,hooker,starter
https://rugby-union-feeds.incrowdsports.com/v1/matches/289064,289064,202501,Gloucester Rugby,home,8,104022,Will Trenholm,number eight,starter
https://rugby-union-feeds.incrowdsports.com/v1/matches/289064,289064,202501,Gloucester Rugby,home,13,102295,Josiah Edwards-Giraud,outside centre,starter
https://rugby-union-feeds.incrowdsports.com/v1/matches/289064,289064,202501,Gloucester Rugby,home,7,209756,Lewis Ludlow,flanker,starter
https://rugby-union-feeds.incrowdsports.com/v1/matches/289064,289064,202501,Gloucester Rugby,home,12,239578,Max Knight,inside centre,starter
https://rugby-union-feeds.incrowdsports.com/v1/matches/289064,289064,202501,Gloucester Rugby,home,3,239418,Afolabi Fasogbon,tighthead prop,starter
https://rugby-union-feeds.incrowdsports.com/v1/matches/289064,289064,202501,Gloucester Rugby,home,17,120444,Dian Bleuler,sub 2,replacement
https://rugby-union-feeds.incrowdsports.com/v1/matches/289064,289064,202501,Gloucester Rugby,home,1,213184,Val Rapava Ruskin,loosehead prop,starter
https://rugby-union-feeds.incrowdsports.com/v1/matches/289064,289064,202501,Gloucester Rugby,home,4,244287,Danny Eite,second row,starter
https://rugby-union-feeds.incrowdsports.com/v1/matches/289064,289064,202501,Gloucester Rugby,home,5,117823,Matias Alemanno,second row,starter
https://rugby-union-feeds.incrowdsports.com/v1/matches/289064,289064,202501,Gloucester Rugby,home,21,166430,Callum Braley,sub 6,replacement
https://rugby-union-feeds.incrowdsports.com/v1/matches/289064,289064,202501,Sale Sharks,away,12,212196,Rekeiti Ma'asi-White,inside centre,starter
https://rugby-union-feeds.incrowdsports.com/v1/matches/289064,289064,202501,Sale Sharks,away,6,212707,Ernst van Rhyn,flanker,starter
https://rugby-union-feeds.incrowdsports.com/v1/matches/289064,289064,202501,Sale Sharks,away,5,100995,Hyron Andrews,second row,starter
https://rugby-union-feeds.incrowdsports.com/v1/matches/289064,289064,202501,Sale Sharks,away,23,216069,Tom O'Flaherty,sub 8,replacement
https://rugby-union-feeds.incrowdsports.com/v1/matches/289064,289064,202501,Sale Sharks,away,16,206761,Tadgh McElroy,sub 1,replacement
https://rugby-union-feeds.incrowdsports.com/v1/matches/289064,289064,202501,Sale Sharks,away,17,243055,Ralph McEachran,sub 2,replacement
https://rugby-union-feeds.incrowdsports.com/v1/matches/289064,289064,202501,Sale Sharks,away,21,100557,Gus Warr,sub 6,replacement
https://rugby-union-feeds.incrowdsports.com/v1/matches/289064,289064,202501,Sale Sharks,away,14,113103,Arron Reed,right wing,starter
https://rugby-union-feeds.incrowdsports.com/v1/matches/289064,289064,202501,Sale Sharks,away,8,172979,Jacques Vermeulen,number eight,starter
https://rugby-union-feeds.incrowdsports.com/v1/matches/289064,289064,202501,Sale Sharks,away,20,109874,Ethan Caine,sub 5,replacement
https://rugby-union-feeds.incrowdsports.com/v1/matches/289064,289064,202501,Sale Sharks,away,15,205075,Luke James,full back,starter
https://rugby-union-feeds.incrowdsports.com/v1/matches/289064,289064,202501,Sale Sharks,away,18,239473,Tye Raymont,sub 3,replacement
https://rugby-union-feeds.incrowdsports.com/v1/matches/289064,289064,202501,Sale Sharks,away,10,199800,Rob du Preez,fly half,starter
https://rugby-union-feeds.incrowdsports.com/v1/matches/289064,289064,202501,Sale Sharks,away,2,145720,Nathan Jibulu,hooker,starter
https://rugby-union-feeds.incrowdsports.com/v1/matches/289064,289064,202501,Sale Sharks,away,7,205975,Sam Dugdale,flanker,starter
https://rugby-union-feeds.incrowdsports.com/v1/matches/289064,289064,202501,Sale Sharks,away,11,239510,Alex Wills,left wing,starter
https://rugby-union-feeds.incrowdsports.com/v1/matches/289064,289064,202501,Sale Sharks,away,1,221308,Si McIntyre,loosehead prop,starter
https://rugby-union-feeds.incrowdsports.com/v1/matches/289064,289064,202501,Sale Sharks,away,3,123738,James Harper,tighthead prop,starter
https://rugby-union-feeds.incrowdsports.com/v1/matches/289064,289064,202501,Sale Sharks,away,13,224475,Joe Bedlow,outside centre,starter
https://rugby-union-feeds.incrowdsports.com/v1/matches/289064,289064,202501,Sale Sharks,away,9,242906,Dom Hanson,scrum half,starter
https://rugby-union-feeds.incrowdsports.com/v1/matches/289064,289064,202501,Sale Sharks,away,4,131065,Ben Bamber,second row,starter
https://rugby-union-feeds.incrowdsports.com/v1/matches/289064,289064,202501,Sale Sharks,away,22,201247,Tom Curtis,sub 7,replacement
https://rugby-union-feeds.incrowdsports.com/v1/matches/289064,289064,202501,Sale Sharks,away,19,239485,Reuben Logan,sub 4,replacement
https://rugby-union-feeds.incrowdsports.com/v1/matches/289063,289063,202501,Newcastle Red Bulls,home,7,218820,Tom Christie,flanker,starter
https://rugby-union-feeds.incrowdsports.com/v1/matches/289063,289063,202501,Newcastle Red Bulls,home,9,176289,James Elliott,scrum half,starter
https://rugby-union-feeds.incrowdsports.com/v1/matches/289063,289063,202501,Newcastle Red Bulls,home,2,163400,George McGuigan,hooker,starter
https://rugby-union-feeds.incrowdsports.com/v1/matches/289063,289063,202501,Newcastle Red Bulls,home,4,141000,Jamie Hodgson,second row,starter
https://rugby-union-feeds.incrowdsports.com/v1/matches/289063,289063,202501,Newcastle Red Bulls,home,13,243174,Rhys Beeckmans,outside centre,starter
https://rugby-union-feeds.incrowdsports.com/v1/matches/289063,289063,202501,Newcastle Red Bulls,home,10,205702,Brett Connon,fly half,starter
https://rugby-union-feeds.incrowdsports.com/v1/matches/289063,289063,202501,Newcastle Red Bulls,home,22,169829,Max Clark,sub 7,replacement
https://rugby-union-feeds.incrowdsports.com/v1/matches/289063,289063,202501,Newcastle Red Bulls,home,21,243180,Joe Davis,sub 6,replacement
https://rugby-union-feeds.incrowdsports.com/v1/matches/289063,289063,202501,Newcastle Red Bulls,home,16,207081,Ollie Fletcher,sub 1,replacement
https://rugby-union-feeds.incrowdsports.com/v1/matches/289063,289063,202501,Newcastle Red Bulls,home,18,200621,Richard Palframan,sub 3,replacement
https://rugby-union-feeds.incrowdsports.com/v1/matches/289063,289063,202501,Newcastle Red Bulls,home,12,127601,Cammy Hutchison,inside centre,starter
https://rugby-union-feeds.incrowdsports.com/v1/matches/289063,289063,202501,Newcastle Red Bulls,home,5,248979,Oscar Usher,second row,starter
https://rugby-union-feeds.incrowdsports.com/v1/matches/289063,289063,202501,Newcastle Red Bulls,home,11,165073,Harrison Obatoyinbo,left wing,starter
https://rugby-union-feeds.incrowdsports.com/v1/matches/289063,289063,202501,Newcastle Red Bulls,home,8,244466,Reuben Parsons,number eight,starter
https://rugby-union-feeds.incrowdsports.com/v1/matches/289063,289063,202501,Newcastle Red Bulls,home,3,205585,Murray McCallum,tighthead prop,starter
https://rugby-union-feeds.incrowdsports.com/v1/matches/289063,289063,202501,Newcastle Red Bulls,home,17,164792,Adam Brocklebank,sub 2,replacement
https://rugby-union-feeds.incrowdsports.com/v1/matches/289063,289063,202501,Newcastle Red Bulls,home,20,255127,George Bolam,sub 5,replacement
https://rugby-union-feeds.incrowdsports.com/v1/matches/289063,289063,202501,Newcastle Red Bulls,home,15,145014,Elliott Obatoyinbo,full back,starter
https://rugby-union-feeds.incrowdsports.com/v1/matches/289063,289063,202501,Newcastle Red Bulls,home,14,222549,Oll Spencer,right wing,starter
https://rugby-union-feeds.incrowdsports.com/v1/matches/289063,289063,202501,Newcastle Red Bulls,home,23,144507,Ethan Grayson,sub 8,replacement
https://rugby-union-feeds.incrowdsports.com/v1/matches/289063,289063,202501,Newcastle Red Bulls,home,6,188156,Adam Scott,flanker,starter
https://rugby-union-feeds.incrowdsports.com/v1/matches/289063,289063,202501,Newcastle Red Bulls,home,19,224153,Tim Cardall,sub 4,replacement
https://rugby-union-feeds.incrowdsports.com/v1/matches/289063,289063,202501,Newcastle Red Bulls,home,1,239550,Micky Rewcastle,loosehead prop,starter
https://rugby-union-feeds.incrowdsports.com/v1/matches/289063,289063,202501,Northampton Saints,away,1,177699,Tom West,loosehead prop,starter
https://rugby-union-feeds.incrowdsports.com/v1/matches/289063,289063,202501,Northampton Saints,away,5,193283,Chunya Munga,second row,starter
https://rugby-union-feeds.incrowdsports.com/v1/matches/289063,289063,202501,Northampton Saints,away,10,119745,Anthony Belleau,fly half,starter
https://rugby-union-feeds.incrowdsports.com/v1/matches/289063,289063,202501,Northampton Saints,away,14,192642,Ollie Sleightholme,right wing,starter
https://rugby-union-feeds.incrowdsports.com/v1/matches/289063,289063,202501,Northampton Saints,away,11,244744,Amena Caqusau,left wing,starter
https://rugby-union-feeds.incrowdsports.com/v1/matches/289063,289063,202501,Northampton Saints,away,7,255527,Charlie Ulcoq,flanker,starter
https://rugby-union-feeds.incrowdsports.com/v1/matches/289063,289063,202501,Northampton Saints,away,20,255047,Jack Lewis,sub 5,replacement
https://rugby-union-feeds.incrowdsports.com/v1/matches/289063,289063,202501,Northampton Saints,away,3,127592,Luke Green,tighthead prop,starter
https://rugby-union-feeds.incrowdsports.com/v1/matches/289063,289063,202501,Northampton Saints,away,9,221996,Tom James,scrum half,starter
https://rugby-union-feeds.incrowdsports.com/v1/matches/289063,289063,202501,Northampton Saints,away,19,239340,James Bennett,sub 4,replacement
https://rugby-union-feeds.incrowdsports.com/v1/matches/289063,289063,202501,Northampton Saints,away,22,255052,Freddie St John,sub 7,replacement
https://rugby-union-feeds.incrowdsports.com/v1/matches/289063,289063,202501,Northampton Saints,away,16,239338,Craig Wright,sub 1,replacement
https://rugby-union-feeds.incrowdsports.com/v1/matches/289063,289063,202501,Northampton Saints,away,2,206832,Robbie Smith,hooker,starter
https://rugby-union-feeds.incrowdsports.com/v1/matches/289063,289063,202501,Northampton Saints,away,4,124493,Ed Prowse,second row,starter
https://rugby-union-feeds.incrowdsports.com/v1/matches/289063,289063,202501,Northampton Saints,away,17,239220,Joe Cowell,sub 2,replacement
https://rugby-union-feeds.incrowdsports.com/v1/matches/289063,289063,202501,Northampton Saints,away,6,225330,Archie Benson,flanker,starter
https://rugby-union-feeds.incrowdsports.com/v1/matches/289063,289063,202501,Northampton Saints,away,8,212369,Sam Graham,number eight,starter
https://rugby-union-feeds.incrowdsports.com/v1/matches/289063,289063,202501,Northampton Saints,away,21,239345,Archie McParland,sub 6,replacement
https://rugby-union-feeds.incrowdsports.com/v1/matches/289063,289063,202501,Northampton Saints,away,15,193878,James Martin,full back,starter
https://rugby-union-feeds.incrowdsports.com/v1/matches/289063,289063,202501,Northampton Saints,away,13,111099,Tom Litchfield,outside centre,starter
https://rugby-union-feeds.incrowdsports.com/v1/matches/289063,289063,202501,Northampton Saints,away,23,238687,George Hendy,sub 8,replacement
https://rugby-union-feeds.incrowdsports.com/v1/matches/289063,289063,202501,Northampton Saints,away,12,239358,Toby Thame,inside centre,starter
https://rugby-union-feeds.incrowdsports.com/v1/matches/289063,289063,202501,Northampton Saints,away,18,188766,Cleopas Kundiona,sub 3,replacement
https://rugby-union-feeds.incrowdsports.com/v1/matches/289065,289065,202501,Leicester Tigers,home,11,173217,Ollie Hassell-Collins,left wing,starter
https://rugby-union-feeds.incrowdsports.com/v1/matches/289065,289065,202501,Leicester Tigers,home,5,244456,Osian Thomas,second row,starter
https://rugby-union-feeds.incrowdsports.com/v1/matches/289065,289065,202501,Leicester Tigers,home,20,239272,Josh Manz,sub 5,replacement
https://rugby-union-feeds.incrowdsports.com/v1/matches/289065,289065,202501,Leicester Tigers,home,7,183880,Tommy Reffell,flanker,starter
https://rugby-union-feeds.incrowdsports.com/v1/matches/289065,289065,202501,Leicester Tigers,home,16,101384,Finn Theobald-Thomas,sub 1,replacement
https://rugby-union-feeds.incrowdsports.com/v1/matches/289065,289065,202501,Leicester Tigers,home,18,208037,Will Hurd,sub 3,replacement
https://rugby-union-feeds.incrowdsports.com/v1/matches/289065,289065,202501,Leicester Tigers,home,15,244459,Tom Threlfall,full back,starter
https://rugby-union-feeds.incrowdsports.com/v1/matches/289065,289065,202501,Leicester Tigers,home,14,201483,Ryan Crowley,right wing,starter
https://rugby-union-feeds.incrowdsports.com/v1/matches/289065,289065,202501,Leicester Tigers,home,23,239497,Charlie Myall,sub 8,replacement
https://rugby-union-feeds.incrowdsports.com/v1/matches/289065,289065,202501,Leicester Tigers,home,12,239278,Joe Woodward,inside centre,starter
https://rugby-union-feeds.incrowdsports.com/v1/matches/289065,289065,202501,Leicester Tigers,home,6,248781,Harry Palmer,flanker,starter
https://rugby-union-feeds.incrowdsports.com/v1/matches/289065,289065,202501,Leicester Tigers,home,21,170190,Tom Whiteley,sub 6,replacement
https://rugby-union-feeds.incrowdsports.com/v1/matches/289065,289065,202501,Leicester Tigers,home,13,237969,Will Wand,outside centre,starter
https://rugby-union-feeds.incrowdsports.com/v1/matches/289065,289065,202501,Leicester Tigers,home,4,177015,Harry Wells,second row,starter
https://rugby-union-feeds.incrowdsports.com/v1/matches/289065,289065,202501,Leicester Tigers,home,1,244534,Archie van der Flier,loosehead prop,starter
https://rugby-union-feeds.incrowdsports.com/v1/matches/289065,289065,202501,Leicester Tigers,home,17,104471,Tareq Haffar,sub 2,replacement
https://rugby-union-feeds.incrowdsports.com/v1/matches/289065,289065,202501,Leicester Tigers,home,10,220475,Orlando Bailey,fly half,starter
https://rugby-union-feeds.incrowdsports.com/v1/matches/289065,289065,202501,Leicester Tigers,home,3,253626,Ale Loman,tighthead prop,starter
https://rugby-union-feeds.incrowdsports.com/v1/matches/289065,289065,202501,Leicester Tigers,home,19,132697,Tom Manz,sub 4,replacement
https://rugby-union-feeds.incrowdsports.com/v1/matches/289065,289065,202501,Leicester Tigers,home,9,239424,Ollie Allan,scrum half,starter
https://rugby-union-feeds.incrowdsports.com/v1/matches/289065,289065,202501,Leicester Tigers,home,2,160415,Jamie Blamire,hooker,starter
https://rugby-union-feeds.incrowdsports.com/v1/matches/289065,289065,202501,Leicester Tigers,home,8,237152,Joaquin Moro,number eight,starter
https://rugby-union-feeds.incrowdsports.com/v1/matches/289065,289065,202501,Leicester Tigers,home,22,238911,Wilf McCarthy,sub 7,replacement
https://rugby-union-feeds.incrowdsports.com/v1/matches/289065,289065,202501,Harlequins,away,15,239652,Josh Bellamy,full back,starter
https://rugby-union-feeds.incrowdsports.com/v1/matches/289065,289065,202501,Harlequins,away,21,241156,Jake Murray,sub 6,replacement
https://rugby-union-feeds.incrowdsports.com/v1/matches/289065,289065,202501,Harlequins,away,2,185447,Jack Musk,hooker,starter
https://rugby-union-feeds.incrowdsports.com/v1/matches/289065,289065,202501,Harlequins,away,4,138343,Kieran Treadwell,second row,starter
https://rugby-union-feeds.incrowdsports.com/v1/matches/289065,289065,202501,Harlequins,away,18,248744,Sam Bland,sub 3,replacement
https://rugby-union-feeds.incrowdsports.com/v1/matches/289065,289065,202501,Harlequins,away,23,145735,Cameron Anderson,sub 8,replacement
https://rugby-union-feeds.incrowdsports.com/v1/matches/289065,289065,202501,Harlequins,away,1,154501,Ale Heaney,loosehead prop,starter
https://rugby-union-feeds.incrowdsports.com/v1/matches/289065,289065,202501,Harlequins,away,16,137125,Jack Walker,sub 1,replacement
https://rugby-union-feeds.incrowdsports.com/v1/matches/289065,289065,202501,Harlequins,away,9,128743,Stu Townsend,scrum half,starter
https://rugby-union-feeds.incrowdsports.com/v1/matches/289065,289065,202501,Harlequins,away,8,180038,Alex Dombrandt,number eight,starter
https://rugby-union-feeds.incrowdsports.com/v1/matches/289065,289065,202501,Harlequins,away,13,239596,Ben Waghorn,outside centre,starter
https://rugby-union-feeds.incrowdsports.com/v1/matches/289065,289065,202501,Harlequins,away,10,159436,Jamie Benson,fly half,starter
https://rugby-union-feeds.incrowdsports.com/v1/matches/289065,289065,202501,Harlequins,away,3,128592,Joe Jones,tighthead prop,starter
https://rugby-union-feeds.incrowdsports.com/v1/matches/289065,289065,202501,Harlequins,away,22,218605,Luke Northmore,sub 7,replacement
https://rugby-union-feeds.incrowdsports.com/v1/matches/289065,289065,202501,Harlequins,away,17,192883,Ben Murphy,sub 2,replacement
https://rugby-union-feeds.incrowdsports.com/v1/matches/289065,289065,202501,Harlequins,away,20,175826,Jack Kenningham,sub 5,replacement
https://rugby-union-feeds.incrowdsports.com/v1/matches/289065,289065,202501,Harlequins,away,19,249751,Barny Langton-Cryer,sub 4,replacement
https://rugby-union-feeds.incrowdsports.com/v1/matches/289065,289065,202501,Harlequins,away,11,182934,Cassius Cleaves,left wing,starter
https://rugby-union-feeds.incrowdsports.com/v1/matches/289065,289065,202501,Harlequins,away,14,137369,Nick David,right wing,starter
https://rugby-union-feeds.incrowdsports.com/v1/matches/289065,289065,202501,Harlequins,away,12,114587,Bryn Bradley,inside centre,starter
https://rugby-union-feeds.incrowdsports.com/v1/matches/289065,289065,202501,Harlequins,away,5,120187,Jonny Green,second row,starter
https://rugby-union-feeds.incrowdsports.com/v1/matches/289065,289065,202501,Harlequins,away,7,237241,Oisin McCormack,flanker,starter
https://rugby-union-feeds.incrowdsports.com/v1/matches/289065,289065,202501,Harlequins,away,6,144543,Tom Lawday,flanker,starter
https://rugby-union-feeds.incrowdsports.com/v1/matches/289066,289066,202501,Exeter Chiefs,home,6,169636,Martin Moloney,flanker,starter
https://rugby-union-feeds.incrowdsports.com/v1/matches/289066,289066,202501,Exeter Chiefs,home,12,255016,Ollie Batson,inside centre,starter
https://rugby-union-feeds.incrowdsports.com/v1/matches/289066,289066,202501,Exeter Chiefs,home,4,171271,Lewis Pearson,second row,starter
https://rugby-union-feeds.incrowdsports.com/v1/matches/289066,289066,202501,Exeter Chiefs,home,17,149671,Khwezi Mona,sub 2,replacement
https://rugby-union-feeds.incrowdsports.com/v1/matches/289066,289066,202501,Exeter Chiefs,home,14,251397,Paul Brown-Bampoe,right wing,starter
https://rugby-union-feeds.incrowdsports.com/v1/matches/289066,289066,202501,Exeter Chiefs,home,21,117545,Charlie Chapman,sub 6,replacement
https://rugby-union-feeds.incrowdsports.com/v1/matches/289066,289066,202501,Exeter Chiefs,home,1,201738,Will Goodrick-Clarke,loosehead prop,starter
https://rugby-union-feeds.incrowdsports.com/v1/matches/289066,289066,202501,Exeter Chiefs,home,16,229392,Julian Heaven,sub 1,replacement
https://rugby-union-feeds.incrowdsports.com/v1/matches/289066,289066,202501,Exeter Chiefs,home,9,208783,Tom Cairns,scrum half,starter
https://rugby-union-feeds.incrowdsports.com/v1/matches/289066,289066,202501,Exeter Chiefs,home,19,239374,Joe Bailey,sub 4,replacement
https://rugby-union-feeds.incrowdsports.com/v1/matches/289066,289066,202501,Exeter Chiefs,home,22,125136,Will Haydon-Wood,sub 7,replacement
https://rugby-union-feeds.incrowdsports.com/v1/matches/289066,289066,202501,Exeter Chiefs,home,18,188174,Jimmy Roots,sub 3,replacement
https://rugby-union-feeds.incrowdsports.com/v1/matches/289066,289066,202501,Exeter Chiefs,home,13,240051,Zack Wimbush,outside centre,starter
https://rugby-union-feeds.incrowdsports.com/v1/matches/289066,289066,202501,Exeter Chiefs,home,11,166737,Olly Woodburn,left wing,starter
https://rugby-union-feeds.incrowdsports.com/v1/matches/289066,289066,202501,Exeter Chiefs,home,2,128691,Max Norey,hooker,starter
https://rugby-union-feeds.incrowdsports.com/v1/matches/289066,289066,202501,Exeter Chiefs,home,3,147666,Josh Iosefa-Scott,tighthead prop,starter
https://rugby-union-feeds.incrowdsports.com/v1/matches/289066,289066,202501,Exeter Chiefs,home,20,170455,Greg Fisilau,sub 5,replacement
https://rugby-union-feeds.incrowdsports.com/v1/matches/289066,289066,202501,Exeter Chiefs,home,15,199029,Dan John,full back,starter
https://rugby-union-feeds.incrowdsports.com/v1/matches/289066,289066,202501,Exeter Chiefs,home,5,112986,Rus Tuima,second row,starter
https://rugby-union-feeds.incrowdsports.com/v1/matches/289066,289066,202501,Exeter Chiefs,home,7,239420,Finn Worley-Brady,flanker,starter
https://rugby-union-feeds.incrowdsports.com/v1/matches/289066,289066,202501,Exeter Chiefs,home,10,225024,Harvey Skinner,fly half,starter
https://rugby-union-feeds.incrowdsports.com/v1/matches/289066,289066,202501,Exeter Chiefs,home,23,138016,Henry Slade,sub 8,replacement
https://rugby-union-feeds.incrowdsports.com/v1/matches/289066,289066,202501,Exeter Chiefs,home,8,124575,Ethan Roots,number eight,starter
https://rugby-union-feeds.incrowdsports.com/v1/matches/289066,289066,202501,Bath Rugby,away,6,123233,Ethan Staddon,flanker,starter
https://rugby-union-feeds.incrowdsports.com/v1/matches/289066,289066,202501,Bath Rugby,away,12,210178,Will Butt,inside centre,starter
https://rugby-union-feeds.incrowdsports.com/v1/matches/289066,289066,202501,Bath Rugby,away,21,239298,Ieuan Davies,sub 6,replacement
https://rugby-union-feeds.incrowdsports.com/v1/matches/289066,289066,202501,Bath Rugby,away,23,259362,Tyler Mason,sub 8,replacement
https://rugby-union-feeds.incrowdsports.com/v1/matches/289066,289066,202501,Bath Rugby,away,9,156834,Tom Carr-Smith,scrum half,starter
https://rugby-union-feeds.incrowdsports.com/v1/matches/289066,289066,202501,Bath Rugby,away,3,137026,Kieran Verden,tighthead prop,starter
https://rugby-union-feeds.incrowdsports.com/v1/matches/289066,289066,202501,Bath Rugby,away,8,239297,Arthur Green,number eight,starter
https://rugby-union-feeds.incrowdsports.com/v1/matches/289066,289066,202501,Bath Rugby,away,2,218695,Jasper Spandler,hooker,starter
https://rugby-union-feeds.incrowdsports.com/v1/matches/289066,289066,202501,Bath Rugby,away,7,239308,George Timmins,flanker,starter
https://rugby-union-feeds.incrowdsports.com/v1/matches/289066,289066,202501,Bath Rugby,away,16,103625,Dan Frost,sub 1,replacement
https://rugby-union-feeds.incrowdsports.com/v1/matches/289066,289066,202501,Bath Rugby,away,14,243600,Austin Emens,right wing,starter
https://rugby-union-feeds.incrowdsports.com/v1/matches/289066,289066,202501,Bath Rugby,away,13,196656,Chris Harris,outside centre,starter
https://rugby-union-feeds.incrowdsports.com/v1/matches/289066,289066,202501,Bath Rugby,away,17,244500,Ioan Emanuel,sub 2,replacement
https://rugby-union-feeds.incrowdsports.com/v1/matches/289066,289066,202501,Bath Rugby,away,11,248883,Sam Winters,left wing,starter
https://rugby-union-feeds.incrowdsports.com/v1/matches/289066,289066,202501,Bath Rugby,away,20,243059,Kepu Tuipulotu,sub 5,replacement
https://rugby-union-feeds.incrowdsports.com/v1/matches/289066,289066,202501,Bath Rugby,away,10,239570,Will Roue,fly half,starter
https://rugby-union-feeds.incrowdsports.com/v1/matches/289066,289066,202501,Bath Rugby,away,4,244502,Jack Bennett,second row,starter
https://rugby-union-feeds.incrowdsports.com/v1/matches/289066,289066,202501,Bath Rugby,away,5,217750,Ewan Richards,second row,starter
https://rugby-union-feeds.incrowdsports.com/v1/matches/289066,289066,202501,Bath Rugby,away,19,244924,James Maloney,sub 4,replacement
https://rugby-union-feeds.incrowdsports.com/v1/matches/289066,289066,202501,Bath Rugby,away,18,258267,Alfie Griffin,sub 3,replacement
https://rugby-union-feeds.incrowdsports.com/v1/matches/289066,289066,202501,Bath Rugby,away,22,243035,James Linegar,sub 7,replacement
https://rugby-union-feeds.incrowdsports.com/v1/matches/289066,289066,202501,Bath Rugby,away,1,240057,Scott Kirk,loosehead prop,starter
https://rugby-union-feeds.incrowdsports.com/v1/matches/289066,289066,202501,Bath Rugby,away,15,153790,Tom de Glanville,full back,starter
https://rugby-union-feeds.incrowdsports.com/v1/matches/289068,289068,202501,Harlequins,home,19,239649,Zach Carr,sub 4,replacement
https://rugby-union-feeds.incrowdsports.com/v1/matches/289068,289068,202501,Harlequins,home,15,145735,Cameron Anderson,full back,starter
https://rugby-union-feeds.incrowdsports.com/v1/matches/289068,289068,202501,Harlequins,home,4,138343,Kieran Treadwell,second row,starter
https://rugby-union-feeds.incrowdsports.com/v1/matches/289068,289068,202501,Harlequins,home,1,154501,Ale Heaney,loosehead prop,starter
https://rugby-union-feeds.incrowdsports.com/v1/matches/289068,289068,202501,Harlequins,home,9,128743,Stu Townsend,scrum half,starter
https://rugby-union-feeds.incrowdsports.com/v1/matches/289068,289068,202501,Harlequins,home,8,180038,Alex Dombrandt,number eight,starter
https://rugby-union-feeds.incrowdsports.com/v1/matches/289068,289068,202501,Harlequins,home,12,239596,Ben Waghorn,inside centre,starter
https://rugby-union-feeds.incrowdsports.com/v1/matches/289068,289068,202501,Harlequins,home,11,110793,Cadan Murley,left wing,starter
https://rugby-union-feeds.incrowdsports.com/v1/matches/289068,289068,202501,Harlequins,home,23,159436,Jamie Benson,sub 8,replacement
https://rugby-union-feeds.incrowdsports.com/v1/matches/289068,289068,202501,Harlequins,home,21,206768,Jack Grant,sub 6,replacement
https://rugby-union-feeds.incrowdsports.com/v1/matches/289068,289068,202501,Harlequins,home,18,114413,Simon Kerrod,sub 3,replacement
https://rugby-union-feeds.incrowdsports.com/v1/matches/289068,289068,202501,Harlequins,home,3,128592,Joe Jones,tighthead prop,starter
https://rugby-union-feeds.incrowdsports.com/v1/matches/289068,289068,202501,Harlequins,home,13,218605,Luke Northmore,outside centre,starter
https://rugby-union-feeds.incrowdsports.com/v1/matches/289068,289068,202501,Harlequins,home,2,243124,Jimmy Staples,hooker,starter
https://rugby-union-feeds.incrowdsports.com/v1/matches/289068,289068,202501,Harlequins,home,22,239604,Sean Kerr,sub 7,replacement
https://rugby-union-feeds.incrowdsports.com/v1/matches/289068,289068,202501,Harlequins,home,7,175826,Jack Kenningham,flanker,starter
https://rugby-union-feeds.incrowdsports.com/v1/matches/289068,289068,202501,Harlequins,home,6,240631,Chandler Cunningham-South,flanker,starter
https://rugby-union-feeds.incrowdsports.com/v1/matches/289068,289068,202501,Harlequins,home,10,177084,Connor Slevin,fly half,starter
https://rugby-union-feeds.incrowdsports.com/v1/matches/289068,289068,202501,Harlequins,home,5,120187,Jonny Green,second row,starter
https://rugby-union-feeds.incrowdsports.com/v1/matches/289068,289068,202501,Harlequins,home,17,109630,Will Hobson,sub 2,replacement
https://rugby-union-feeds.incrowdsports.com/v1/matches/289068,289068,202501,Harlequins,home,16,250494,Jerold Gorleku,sub 1,replacement
https://rugby-union-feeds.incrowdsports.com/v1/matches/289068,289068,202501,Harlequins,home,20,143933,Will Evans,sub 5,replacement
https://rugby-union-feeds.incrowdsports.com/v1/matches/289068,289068,202501,Harlequins,home,14,194110,Rodrigo Isgro,right wing,starter
https://rugby-union-feeds.incrowdsports.com/v1/matches/289068,289068,202501,Newcastle Red Bulls,away,7,140708,Tom Gordon,flanker,starter
https://rugby-union-feeds.incrowdsports.com/v1/matches/289068,289068,202501,Newcastle Red Bulls,away,19,117316,John Hawkins,sub 4,replacement
https://rugby-union-feeds.incrowdsports.com/v1/matches/289068,289068,202501,Newcastle Red Bulls,away,17,163400,George McGuigan,sub 2,replacement
https://rugby-union-feeds.incrowdsports.com/v1/matches/289068,289068,202501,Newcastle Red Bulls,away,13,243174,Rhys Beeckmans,outside centre,starter
https://rugby-union-feeds.incrowdsports.com/v1/matches/289068,289068,202501,Newcastle Red Bulls,away,10,205702,Brett Connon,fly half,starter
https://rugby-union-feeds.incrowdsports.com/v1/matches/289068,289068,202501,Newcastle Red Bulls,away,21,243180,Joe Davis,sub 6,replacement
https://rugby-union-feeds.incrowdsports.com/v1/matches/289068,289068,202501,Newcastle Red Bulls,away,2,207081,Ollie Fletcher,hooker,starter
https://rugby-union-feeds.incrowdsports.com/v1/matches/289068,289068,202501,Newcastle Red Bulls,away,16,124431,Samson Adejimi,sub 1,replacement
https://rugby-union-feeds.incrowdsports.com/v1/matches/289068,289068,202501,Newcastle Red Bulls,away,5,248979,Oscar Usher,second row,starter
https://rugby-union-feeds.incrowdsports.com/v1/matches/289068,289068,202501,Newcastle Red Bulls,away,6,244466,Reuben Parsons,flanker,starter
https://rugby-union-feeds.incrowdsports.com/v1/matches/289068,289068,202501,Newcastle Red Bulls,away,3,205585,Murray McCallum,tighthead prop,starter
https://rugby-union-feeds.incrowdsports.com/v1/matches/289068,289068,202501,Newcastle Red Bulls,away,1,164792,Adam Brocklebank,loosehead prop,starter
https://rugby-union-feeds.incrowdsports.com/v1/matches/289068,289068,202501,Newcastle Red Bulls,away,8,190680,Ollie Leatherbarrow,number eight,starter
https://rugby-union-feeds.incrowdsports.com/v1/matches/289068,289068,202501,Newcastle Red Bulls,away,20,255127,George Bolam,sub 5,replacement
https://rugby-union-feeds.incrowdsports.com/v1/matches/289068,289068,202501,Newcastle Red Bulls,away,22,137624,Sam Stuart,sub 7,replacement
https://rugby-union-feeds.incrowdsports.com/v1/matches/289068,289068,202501,Newcastle Red Bulls,away,15,145014,Elliott Obatoyinbo,full back,starter
https://rugby-union-feeds.incrowdsports.com/v1/matches/289068,289068,202501,Newcastle Red Bulls,away,14,222549,Oll Spencer,right wing,starter
https://rugby-union-feeds.incrowdsports.com/v1/matches/289068,289068,202501,Newcastle Red Bulls,away,23,255995,Sam Waugh,sub 8,replacement
https://rugby-union-feeds.incrowdsports.com/v1/matches/289068,289068,202501,Newcastle Red Bulls,away,4,224153,Tim Cardall,second row,starter
https://rugby-union-feeds.incrowdsports.com/v1/matches/289068,289068,202501,Newcastle Red Bulls,away,11,199072,Alex Hearle,left wing,starter
https://rugby-union-feeds.incrowdsports.com/v1/matches/289068,289068,202501,Newcastle Red Bulls,away,9,251584,Simon Benitez Cruz,scrum half,starter
https://rugby-union-feeds.incrowdsports.com/v1/matches/289068,289068,202501,Newcastle Red Bulls,away,18,239550,Micky Rewcastle,sub 3,replacement
https://rugby-union-feeds.incrowdsports.com/v1/matches/289068,289068,202501,Newcastle Red Bulls,away,12,108863,Sammy Arnold,inside centre,starter
https://rugby-union-feeds.incrowdsports.com/v1/matches/289070,289070,202501,Bristol Bears,home,7,112066,Fitz Harding,flanker,starter
https://rugby-union-feeds.incrowdsports.com/v1/matches/289070,289070,202501,Bristol Bears,home,17,221988,Sam Grahamslaw,sub 2,replacement
https://rugby-union-feeds.incrowdsports.com/v1/matches/289070,289070,202501,Bristol Bears,home,18,239330,Jimmy Halliwell,sub 3,replacement
https://rugby-union-feeds.incrowdsports.com/v1/matches/289070,289070,202501,Bristol Bears,home,10,156903,James Williams,fly half,starter
https://rugby-union-feeds.incrowdsports.com/v1/matches/289070,289070,202501,Bristol Bears,home,19,199272,James Dun,sub 4,replacement
https://rugby-union-feeds.incrowdsports.com/v1/matches/289070,289070,202501,Bristol Bears,home,12,217606,Benhard Janse van Rensburg,inside centre,starter
https://rugby-union-feeds.incrowdsports.com/v1/matches/289070,289070,202501,Bristol Bears,home,20,237996,Joe Owen,sub 5,replacement
https://rugby-union-feeds.incrowdsports.com/v1/matches/289070,289070,202501,Bristol Bears,home,14,237803,Kalaveti Ravouvou,right wing,starter
https://rugby-union-feeds.incrowdsports.com/v1/matches/289070,289070,202501,Bristol Bears,home,4,151148,George Taylor,second row,starter
https://rugby-union-feeds.incrowdsports.com/v1/matches/289070,289070,202501,Bristol Bears,home,16,183340,Harry Thacker,sub 1,replacement
https://rugby-union-feeds.incrowdsports.com/v1/matches/289070,289070,202501,Bristol Bears,home,3,163209,George Kloska,tighthead prop,starter
https://rugby-union-feeds.incrowdsports.com/v1/matches/289070,289070,202501,Bristol Bears,home,13,199886,Jack Bates,outside centre,starter
https://rugby-union-feeds.incrowdsports.com/v1/matches/289070,289070,202501,Bristol Bears,home,8,145677,Bill Mata,number eight,starter
https://rugby-union-feeds.incrowdsports.com/v1/matches/289070,289070,202501,Bristol Bears,home,9,195214,Harry Randall,scrum half,starter
https://rugby-union-feeds.incrowdsports.com/v1/matches/289070,289070,202501,Bristol Bears,home,11,131218,Gabriel Ibitoye,left wing,starter
https://rugby-union-feeds.incrowdsports.com/v1/matches/289070,289070,202501,Bristol Bears,home,5,147794,Joe Batley,second row,starter
https://rugby-union-feeds.incrowdsports.com/v1/matches/289070,289070,202501,Bristol Bears,home,15,216599,Rich Lane,full back,starter
https://rugby-union-feeds.incrowdsports.com/v1/matches/289070,289070,202501,Bristol Bears,home,6,127095,Santiago Grondona,flanker,starter
https://rugby-union-feeds.incrowdsports.com/v1/matches/289070,289070,202501,Bristol Bears,home,21,210010,Kieran Marmion,sub 6,replacement
https://rugby-union-feeds.incrowdsports.com/v1/matches/289070,289070,202501,Bristol Bears,home,1,130811,Max Lahiff,loosehead prop,starter
https://rugby-union-feeds.incrowdsports.com/v1/matches/289070,289070,202501,Bristol Bears,home,23,241920,Benjamin Elizalde,sub 8,replacement
https://rugby-union-feeds.incrowdsports.com/v1/matches/289070,289070,202501,Bristol Bears,home,2,127101,Gabriel Oghre,hooker,starter
https://rugby-union-feeds.incrowdsports.com/v1/matches/289070,289070,202501,Bristol Bears,home,22,240061,Sam Worsley,sub 7,replacement
https://rugby-union-feeds.incrowdsports.com/v1/matches/289070,289070,202501,Sale Sharks,away,12,212196,Rekeiti Ma'asi-White,inside centre,starter
https://rugby-union-feeds.incrowdsports.com/v1/matches/289070,289070,202501,Sale Sharks,away,4,212707,Ernst van Rhyn,second row,starter
https://rugby-union-feeds.incrowdsports.com/v1/matches/289070,289070,202501,Sale Sharks,away,19,100995,Hyron Andrews,sub 4,replacement
https://rugby-union-feeds.incrowdsports.com/v1/matches/289070,289070,202501,Sale Sharks,away,14,216069,Tom O'Flaherty,right wing,starter
https://rugby-union-feeds.incrowdsports.com/v1/matches/289070,289070,202501,Sale Sharks,away,8,169770,Dan du Preez,number eight,starter
https://rugby-union-feeds.incrowdsports.com/v1/matches/289070,289070,202501,Sale Sharks,away,9,100557,Gus Warr,scrum half,starter
https://rugby-union-feeds.incrowdsports.com/v1/matches/289070,289070,202501,Sale Sharks,away,17,243055,Ralph McEachran,sub 2,replacement
https://rugby-union-feeds.incrowdsports.com/v1/matches/289070,289070,202501,Sale Sharks,away,11,113103,Arron Reed,left wing,starter
https://rugby-union-feeds.incrowdsports.com/v1/matches/289070,289070,202501,Sale Sharks,away,6,172979,Jacques Vermeulen,flanker,starter
https://rugby-union-feeds.incrowdsports.com/v1/matches/289070,289070,202501,Sale Sharks,away,16,109874,Ethan Caine,sub 1,replacement
https://rugby-union-feeds.incrowdsports.com/v1/matches/289070,289070,202501,Sale Sharks,away,18,239473,Tye Raymont,sub 3,replacement
https://rugby-union-feeds.incrowdsports.com/v1/matches/289070,289070,202501,Sale Sharks,away,10,199800,Rob du Preez,fly half,starter
https://rugby-union-feeds.incrowdsports.com/v1/matches/289070,289070,202501,Sale Sharks,away,15,203831,Joe Carpenter,full back,starter
https://rugby-union-feeds.incrowdsports.com/v1/matches/289070,289070,202501,Sale Sharks,away,2,145720,Nathan Jibulu,hooker,starter
https://rugby-union-feeds.incrowdsports.com/v1/matches/289070,289070,202501,Sale Sharks,away,7,205975,Sam Dugdale,flanker,starter
https://rugby-union-feeds.incrowdsports.com/v1/matches/289070,289070,202501,Sale Sharks,away,23,239510,Alex Wills,sub 8,replacement
https://rugby-union-feeds.incrowdsports.com/v1/matches/289070,289070,202501,Sale Sharks,away,1,221308,Si McIntyre,loosehead prop,starter
https://rugby-union-feeds.incrowdsports.com/v1/matches/289070,289070,202501,Sale Sharks,away,3,123738,James Harper,tighthead prop,starter
https://rugby-union-feeds.incrowdsports.com/v1/matches/289070,289070,202501,Sale Sharks,away,13,224475,Joe Bedlow,outside centre,starter
https://rugby-union-feeds.incrowdsports.com/v1/matches/289070,289070,202501,Sale Sharks,away,5,131065,Ben Bamber,second row,starter
https://rugby-union-feeds.incrowdsports.com/v1/matches/289070,289070,202501,Sale Sharks,away,21,242906,Dom Hanson,sub 6,replacement
https://rugby-union-feeds.incrowdsports.com/v1/matches/289070,289070,202501,Sale Sharks,away,22,201247,Tom Curtis,sub 7,replacement
https://rugby-union-feeds.incrowdsports.com/v1/matches/289070,289070,202501,Sale Sharks,away,20,239485,Reuben Logan,sub 5,replacement
https://rugby-union-feeds.incrowdsports.com/v1/matches/289067,289067,202501,Bath Rugby,home,10,175011,Max Ojomoh,fly half,starter
https://rugby-union-feeds.incrowdsports.com/v1/matches/289067,289067,202501,Bath Rugby,home,7,123233,Ethan Staddon,flanker,starter
https://rugby-union-feeds.incrowdsports.com/v1/matches/289067,289067,202501,Bath Rugby,home,12,210178,Will Butt,inside centre,starter
https://rugby-union-feeds.incrowdsports.com/v1/matches/289067,289067,202501,Bath Rugby,home,9,156834,Tom Carr-Smith,scrum half,starter
https://rugby-union-feeds.incrowdsports.com/v1/matches/289067,289067,202501,Bath Rugby,home,8,195208,Miles Reid,number eight,starter
https://rugby-union-feeds.incrowdsports.com/v1/matches/289067,289067,202501,Bath Rugby,home,14,179563,Joe Cokanasiga,right wing,starter
https://rugby-union-feeds.incrowdsports.com/v1/matches/289067,289067,202501,Bath Rugby,home,18,209868,Mikey Summerfield,sub 3,replacement
https://rugby-union-feeds.incrowdsports.com/v1/matches/289067,289067,202501,Bath Rugby,home,23,154219,Cameron Redpath,sub 8,replacement
https://rugby-union-feeds.incrowdsports.com/v1/matches/289067,289067,202501,Bath Rugby,home,20,145484,Alfie Barbeary,sub 5,replacement
https://rugby-union-feeds.incrowdsports.com/v1/matches/289067,289067,202501,Bath Rugby,home,17,130283,Beno Obano,sub 2,replacement
https://rugby-union-feeds.incrowdsports.com/v1/matches/289067,289067,202501,Bath Rugby,home,13,196656,Chris Harris,outside centre,starter
https://rugby-union-feeds.incrowdsports.com/v1/matches/289067,289067,202501,Bath Rugby,home,11,160272,Will Muir,left wing,starter
https://rugby-union-feeds.incrowdsports.com/v1/matches/289067,289067,202501,Bath Rugby,home,2,243059,Kepu Tuipulotu,hooker,starter
https://rugby-union-feeds.incrowdsports.com/v1/matches/289067,289067,202501,Bath Rugby,home,6,184945,Ted Hill,flanker,starter
https://rugby-union-feeds.incrowdsports.com/v1/matches/289067,289067,202501,Bath Rugby,home,16,225778,Tom Dunn,sub 1,replacement
https://rugby-union-feeds.incrowdsports.com/v1/matches/289067,289067,202501,Bath Rugby,home,22,239570,Will Roue,sub 7,replacement
https://rugby-union-feeds.incrowdsports.com/v1/matches/289067,289067,202501,Bath Rugby,home,1,116821,Francois van Wyk,loosehead prop,starter
https://rugby-union-feeds.incrowdsports.com/v1/matches/289067,289067,202501,Bath Rugby,home,21,236951,Bernard van der Linde,sub 6,replacement
https://rugby-union-feeds.incrowdsports.com/v1/matches/289067,289067,202501,Bath Rugby,home,3,239292,Billy Sela,tighthead prop,starter
https://rugby-union-feeds.incrowdsports.com/v1/matches/289067,289067,202501,Bath Rugby,home,5,196415,Charlie Ewels,second row,starter
https://rugby-union-feeds.incrowdsports.com/v1/matches/289067,289067,202501,Bath Rugby,home,19,203360,Quinn Roux,sub 4,replacement
https://rugby-union-feeds.incrowdsports.com/v1/matches/289067,289067,202501,Bath Rugby,home,4,239294,Will Jeanes,second row,starter
https://rugby-union-feeds.incrowdsports.com/v1/matches/289067,289067,202501,Bath Rugby,home,15,153790,Tom de Glanville,full back,starter
https://rugby-union-feeds.incrowdsports.com/v1/matches/289067,289067,202501,Gloucester Rugby,away,6,253378,Deian Gwynne,flanker,starter
https://rugby-union-feeds.incrowdsports.com/v1/matches/289067,289067,202501,Gloucester Rugby,away,20,191521,Josh Basham,sub 5,replacement
https://rugby-union-feeds.incrowdsports.com/v1/matches/289067,289067,202501,Gloucester Rugby,away,9,201697,Caolan Englefield,scrum half,starter
https://rugby-union-feeds.incrowdsports.com/v1/matches/289067,289067,202501,Gloucester Rugby,away,11,124069,Ollie Thorley,left wing,starter
https://rugby-union-feeds.incrowdsports.com/v1/matches/289067,289067,202501,Gloucester Rugby,away,4,124901,Arthur Clark,second row,starter
https://rugby-union-feeds.incrowdsports.com/v1/matches/289067,289067,202501,Gloucester Rugby,away,16,132680,Jack Innard,sub 1,replacement
https://rugby-union-feeds.incrowdsports.com/v1/matches/289067,289067,202501,Gloucester Rugby,away,18,101383,Nepo Laulala,sub 3,replacement
https://rugby-union-feeds.incrowdsports.com/v1/matches/289067,289067,202501,Gloucester Rugby,away,15,239563,Ben Redshaw,full back,starter
https://rugby-union-feeds.incrowdsports.com/v1/matches/289067,289067,202501,Gloucester Rugby,away,10,123243,Charlie Atkinson,fly half,starter
https://rugby-union-feeds.incrowdsports.com/v1/matches/289067,289067,202501,Gloucester Rugby,away,14,196173,Will Joseph,right wing,starter
https://rugby-union-feeds.incrowdsports.com/v1/matches/289067,289067,202501,Gloucester Rugby,away,12,109648,Seb Atkinson,inside centre,starter
https://rugby-union-feeds.incrowdsports.com/v1/matches/289067,289067,202501,Gloucester Rugby,away,1,189971,Ciaran Knight,loosehead prop,starter
https://rugby-union-feeds.incrowdsports.com/v1/matches/289067,289067,202501,Gloucester Rugby,away,23,133265,George Barton,sub 8,replacement
https://rugby-union-feeds.incrowdsports.com/v1/matches/289067,289067,202501,Gloucester Rugby,away,2,137490,Seb Blake,hooker,starter
https://rugby-union-feeds.incrowdsports.com/v1/matches/289067,289067,202501,Gloucester Rugby,away,8,104022,Will Trenholm,number eight,starter
https://rugby-union-feeds.incrowdsports.com/v1/matches/289067,289067,202501,Gloucester Rugby,away,13,102295,Josiah Edwards-Giraud,outside centre,starter
https://rugby-union-feeds.incrowdsports.com/v1/matches/289067,289067,202501,Gloucester Rugby,away,7,209756,Lewis Ludlow,flanker,starter
https://rugby-union-feeds.incrowdsports.com/v1/matches/289067,289067,202501,Gloucester Rugby,away,3,239418,Afolabi Fasogbon,tighthead prop,starter
https://rugby-union-feeds.incrowdsports.com/v1/matches/289067,289067,202501,Gloucester Rugby,away,17,120444,Dian Bleuler,sub 2,replacement
https://rugby-union-feeds.incrowdsports.com/v1/matches/289067,289067,202501,Gloucester Rugby,away,22,239578,Max Knight,sub 7,replacement
https://rugby-union-feeds.incrowdsports.com/v1/matches/289067,289067,202501,Gloucester Rugby,away,21,239321,Rhys Price,sub 6,replacement
https://rugby-union-feeds.incrowdsports.com/v1/matches/289067,289067,202501,Gloucester Rugby,away,19,244287,Danny Eite,sub 4,replacement
https://rugby-union-feeds.incrowdsports.com/v1/matches/289067,289067,202501,Gloucester Rugby,away,5,117823,Matias Alemanno,second row,starter
https://rugby-union-feeds.incrowdsports.com/v1/matches/289069,289069,202501,Northampton Saints,home,1,177699,Tom West,loosehead prop,starter
https://rugby-union-feeds.incrowdsports.com/v1/matches/289069,289069,202501,Northampton Saints,home,4,193283,Chunya Munga,second row,starter
https://rugby-union-feeds.incrowdsports.com/v1/matches/289069,289069,202501,Northampton Saints,home,6,195010,Tom Lockett,flanker,starter
https://rugby-union-feeds.incrowdsports.com/v1/matches/289069,289069,202501,Northampton Saints,home,7,255047,Jack Lewis,flanker,starter
https://rugby-union-feeds.incrowdsports.com/v1/matches/289069,289069,202501,Northampton Saints,home,8,168872,Callum Chick,number eight,starter
https://rugby-union-feeds.incrowdsports.com/v1/matches/289069,289069,202501,Northampton Saints,home,18,127592,Luke Green,sub 3,replacement
https://rugby-union-feeds.incrowdsports.com/v1/matches/289069,289069,202501,Northampton Saints,home,9,221996,Tom James,scrum half,starter
https://rugby-union-feeds.incrowdsports.com/v1/matches/289069,289069,202501,Northampton Saints,home,19,239340,James Bennett,sub 4,replacement
https://rugby-union-feeds.incrowdsports.com/v1/matches/289069,289069,202501,Northampton Saints,home,14,178796,James Ramm,right wing,starter
https://rugby-union-feeds.incrowdsports.com/v1/matches/289069,289069,202501,Northampton Saints,home,2,239338,Craig Wright,hooker,starter
https://rugby-union-feeds.incrowdsports.com/v1/matches/289069,289069,202501,Northampton Saints,home,16,206832,Robbie Smith,sub 1,replacement
https://rugby-union-feeds.incrowdsports.com/v1/matches/289069,289069,202501,Northampton Saints,home,17,187951,Emmanuel Iyogun,sub 2,replacement
https://rugby-union-feeds.incrowdsports.com/v1/matches/289069,289069,202501,Northampton Saints,home,15,153646,George Furbank,full back,starter
https://rugby-union-feeds.incrowdsports.com/v1/matches/289069,289069,202501,Northampton Saints,home,21,248787,Jonny Weimann,sub 6,replacement
https://rugby-union-feeds.incrowdsports.com/v1/matches/289069,289069,202501,Northampton Saints,home,10,250519,James Pater,fly half,starter
https://rugby-union-feeds.incrowdsports.com/v1/matches/289069,289069,202501,Northampton Saints,home,5,225654,JJ van der Mescht,second row,starter
https://rugby-union-feeds.incrowdsports.com/v1/matches/289069,289069,202501,Northampton Saints,home,22,109816,Rory Hutchinson,sub 7,replacement
https://rugby-union-feeds.incrowdsports.com/v1/matches/289069,289069,202501,Northampton Saints,home,11,193878,James Martin,left wing,starter
https://rugby-union-feeds.incrowdsports.com/v1/matches/289069,289069,202501,Northampton Saints,home,20,219643,Tom Pearson,sub 5,replacement
https://rugby-union-feeds.incrowdsports.com/v1/matches/289069,289069,202501,Northampton Saints,home,13,111099,Tom Litchfield,outside centre,starter
https://rugby-union-feeds.incrowdsports.com/v1/matches/289069,289069,202501,Northampton Saints,home,23,238687,George Hendy,sub 8,replacement
https://rugby-union-feeds.incrowdsports.com/v1/matches/289069,289069,202501,Northampton Saints,home,12,239358,Toby Thame,inside centre,starter
https://rugby-union-feeds.incrowdsports.com/v1/matches/289069,289069,202501,Northampton Saints,home,3,188766,Cleopas Kundiona,tighthead prop,starter
https://rugby-union-feeds.incrowdsports.com/v1/matches/289069,289069,202501,Saracens,away,12,116514,Olly Hartley,inside centre,starter
https://rugby-union-feeds.incrowdsports.com/v1/matches/289069,289069,202501,Saracens,away,23,170435,Rotimi Segun,sub 8,replacement
https://rugby-union-feeds.incrowdsports.com/v1/matches/289069,289069,202501,Saracens,away,3,110116,Harvey Beaton,tighthead prop,starter
https://rugby-union-feeds.incrowdsports.com/v1/matches/289069,289069,202501,Saracens,away,22,229505,Lucio Cinti,sub 7,replacement
https://rugby-union-feeds.incrowdsports.com/v1/matches/289069,289069,202501,Saracens,away,1,117639,Phil Brantingham,loosehead prop,starter
https://rugby-union-feeds.incrowdsports.com/v1/matches/289069,289069,202501,Saracens,away,17,239493,Alex O'Driscoll,sub 2,replacement
https://rugby-union-feeds.incrowdsports.com/v1/matches/289069,289069,202501,Saracens,away,8,132812,Nathan Michelow,number eight,starter
https://rugby-union-feeds.incrowdsports.com/v1/matches/289069,289069,202501,Saracens,away,11,182025,Brandon Jackson,left wing,starter
https://rugby-union-feeds.incrowdsports.com/v1/matches/289069,289069,202501,Saracens,away,7,152009,Andy Onyeama-Christie,flanker,starter
https://rugby-union-feeds.incrowdsports.com/v1/matches/289069,289069,202501,Saracens,away,15,255529,Luke Davidson,full back,starter
https://rugby-union-feeds.incrowdsports.com/v1/matches/289069,289069,202501,Saracens,away,2,111794,Theo Dan,hooker,starter
https://rugby-union-feeds.incrowdsports.com/v1/matches/289069,289069,202501,Saracens,away,20,147091,Juan Martin Gonzalez,sub 5,replacement
https://rugby-union-feeds.incrowdsports.com/v1/matches/289069,289069,202501,Saracens,away,21,185080,Ivan van Zyl,sub 6,replacement
https://rugby-union-feeds.incrowdsports.com/v1/matches/289069,289069,202501,Saracens,away,14,204054,Tobias Elliott,right wing,starter
https://rugby-union-feeds.incrowdsports.com/v1/matches/289069,289069,202501,Saracens,away,6,237366,Theo McFarland,flanker,starter
https://rugby-union-feeds.incrowdsports.com/v1/matches/289069,289069,202501,Saracens,away,13,104921,Nick Tompkins,outside centre,starter
https://rugby-union-feeds.incrowdsports.com/v1/matches/289069,289069,202501,Saracens,away,18,103033,Tietie Tuimauga,sub 3,replacement
https://rugby-union-feeds.incrowdsports.com/v1/matches/289069,289069,202501,Saracens,away,16,144473,James Hadfield,sub 1,replacement
https://rugby-union-feeds.incrowdsports.com/v1/matches/289069,289069,202501,Saracens,away,9,177055,Gareth Simpson,scrum half,starter
https://rugby-union-feeds.incrowdsports.com/v1/matches/289069,289069,202501,Saracens,away,4,214751,Nick Isiekwe,second row,starter
https://rugby-union-feeds.incrowdsports.com/v1/matches/289069,289069,202501,Saracens,away,5,198623,Hugh Tizard,second row,starter
https://rugby-union-feeds.incrowdsports.com/v1/matches/289069,289069,202501,Saracens,away,10,114687,Alex Lozowski,fly half,starter
https://rugby-union-feeds.incrowdsports.com/v1/matches/289069,289069,202501,Saracens,away,19,243069,Tayo Adegbemile,sub 4,replacement
https://rugby-union-feeds.incrowdsports.com/v1/matches/289072,289072,202501,Exeter Chiefs,home,6,169636,Martin Moloney,flanker,starter
https://rugby-union-feeds.incrowdsports.com/v1/matches/289072,289072,202501,Exeter Chiefs,home,17,254081,Ethan Burger,sub 2,replacement
https://rugby-union-feeds.incrowdsports.com/v1/matches/289072,289072,202501,Exeter Chiefs,home,23,250817,Campbell Ridl,sub 8,replacement
https://rugby-union-feeds.incrowdsports.com/v1/matches/289072,289072,202501,Exeter Chiefs,home,4,171271,Lewis Pearson,second row,starter
https://rugby-union-feeds.incrowdsports.com/v1/matches/289072,289072,202501,Exeter Chiefs,home,18,149671,Khwezi Mona,sub 3,replacement
https://rugby-union-feeds.incrowdsports.com/v1/matches/289072,289072,202501,Exeter Chiefs,home,14,251397,Paul Brown-Bampoe,right wing,starter
https://rugby-union-feeds.incrowdsports.com/v1/matches/289072,289072,202501,Exeter Chiefs,home,21,117545,Charlie Chapman,sub 6,replacement
https://rugby-union-feeds.incrowdsports.com/v1/matches/289072,289072,202501,Exeter Chiefs,home,1,201738,Will Goodrick-Clarke,loosehead prop,starter
https://rugby-union-feeds.incrowdsports.com/v1/matches/289072,289072,202501,Exeter Chiefs,home,16,229392,Julian Heaven,sub 1,replacement
https://rugby-union-feeds.incrowdsports.com/v1/matches/289072,289072,202501,Exeter Chiefs,home,9,208783,Tom Cairns,scrum half,starter
https://rugby-union-feeds.incrowdsports.com/v1/matches/289072,289072,202501,Exeter Chiefs,home,19,239374,Joe Bailey,sub 4,replacement
https://rugby-union-feeds.incrowdsports.com/v1/matches/289072,289072,202501,Exeter Chiefs,home,20,244494,Oscar Beckerleg,sub 5,replacement
https://rugby-union-feeds.incrowdsports.com/v1/matches/289072,289072,202501,Exeter Chiefs,home,22,125136,Will Haydon-Wood,sub 7,replacement
https://rugby-union-feeds.incrowdsports.com/v1/matches/289072,289072,202501,Exeter Chiefs,home,3,188174,Jimmy Roots,tighthead prop,starter
https://rugby-union-feeds.incrowdsports.com/v1/matches/289072,289072,202501,Exeter Chiefs,home,12,240051,Zack Wimbush,inside centre,starter
https://rugby-union-feeds.incrowdsports.com/v1/matches/289072,289072,202501,Exeter Chiefs,home,11,166737,Olly Woodburn,left wing,starter
https://rugby-union-feeds.incrowdsports.com/v1/matches/289072,289072,202501,Exeter Chiefs,home,15,169495,Josh Hodge,full back,starter
https://rugby-union-feeds.incrowdsports.com/v1/matches/289072,289072,202501,Exeter Chiefs,home,8,170455,Greg Fisilau,number eight,starter
https://rugby-union-feeds.incrowdsports.com/v1/matches/289072,289072,202501,Exeter Chiefs,home,5,112986,Rus Tuima,second row,starter
https://rugby-union-feeds.incrowdsports.com/v1/matches/289072,289072,202501,Exeter Chiefs,home,7,239420,Finn Worley-Brady,flanker,starter
https://rugby-union-feeds.incrowdsports.com/v1/matches/289072,289072,202501,Exeter Chiefs,home,10,225024,Harvey Skinner,fly half,starter
https://rugby-union-feeds.incrowdsports.com/v1/matches/289072,289072,202501,Exeter Chiefs,home,13,138016,Henry Slade,outside centre,starter
https://rugby-union-feeds.incrowdsports.com/v1/matches/289072,289072,202501,Exeter Chiefs,home,2,203166,Jack Yeandle,hooker,starter
https://rugby-union-feeds.incrowdsports.com/v1/matches/289072,289072,202501,Northampton Saints,away,1,177699,Tom West,loosehead prop,starter
https://rugby-union-feeds.incrowdsports.com/v1/matches/289072,289072,202501,Northampton Saints,away,19,193283,Chunya Munga,sub 4,replacement
https://rugby-union-feeds.incrowdsports.com/v1/matches/289072,289072,202501,Northampton Saints,away,10,119745,Anthony Belleau,fly half,starter
https://rugby-union-feeds.incrowdsports.com/v1/matches/289072,289072,202501,Northampton Saints,away,4,195010,Tom Lockett,second row,starter
https://rugby-union-feeds.incrowdsports.com/v1/matches/289072,289072,202501,Northampton Saints,away,18,163074,Will Davies-King,sub 3,replacement
https://rugby-union-feeds.incrowdsports.com/v1/matches/289072,289072,202501,Northampton Saints,away,23,244744,Amena Caqusau,sub 8,replacement
https://rugby-union-feeds.incrowdsports.com/v1/matches/289072,289072,202501,Northampton Saints,away,7,255527,Charlie Ulcoq,flanker,starter
https://rugby-union-feeds.incrowdsports.com/v1/matches/289072,289072,202501,Northampton Saints,away,8,168872,Callum Chick,number eight,starter
https://rugby-union-feeds.incrowdsports.com/v1/matches/289072,289072,202501,Northampton Saints,away,3,127592,Luke Green,tighthead prop,starter
https://rugby-union-feeds.incrowdsports.com/v1/matches/289072,289072,202501,Northampton Saints,away,21,221996,Tom James,sub 6,replacement
https://rugby-union-feeds.incrowdsports.com/v1/matches/289072,289072,202501,Northampton Saints,away,11,178796,James Ramm,left wing,starter
https://rugby-union-feeds.incrowdsports.com/v1/matches/289072,289072,202501,Northampton Saints,away,17,239220,Joe Cowell,sub 2,replacement
https://rugby-union-feeds.incrowdsports.com/v1/matches/289072,289072,202501,Northampton Saints,away,20,225330,Archie Benson,sub 5,replacement
https://rugby-union-feeds.incrowdsports.com/v1/matches/289072,289072,202501,Northampton Saints,away,9,239345,Archie McParland,scrum half,starter
https://rugby-union-feeds.incrowdsports.com/v1/matches/289072,289072,202501,Northampton Saints,away,2,185586,Henry Walker,hooker,starter
https://rugby-union-feeds.incrowdsports.com/v1/matches/289072,289072,202501,Northampton Saints,away,12,109816,Rory Hutchinson,inside centre,starter
https://rugby-union-feeds.incrowdsports.com/v1/matches/289072,289072,202501,Northampton Saints,away,5,225654,JJ van der Mescht,second row,starter
https://rugby-union-feeds.incrowdsports.com/v1/matches/289072,289072,202501,Northampton Saints,away,16,111416,Curtis Langdon,sub 1,replacement
https://rugby-union-feeds.incrowdsports.com/v1/matches/289072,289072,202501,Northampton Saints,away,14,193878,James Martin,right wing,starter
https://rugby-union-feeds.incrowdsports.com/v1/matches/289072,289072,202501,Northampton Saints,away,6,166428,Josh Kemeny,flanker,starter
https://rugby-union-feeds.incrowdsports.com/v1/matches/289072,289072,202501,Northampton Saints,away,13,111099,Tom Litchfield,outside centre,starter
https://rugby-union-feeds.incrowdsports.com/v1/matches/289072,289072,202501,Northampton Saints,away,15,238687,George Hendy,full back,starter
https://rugby-union-feeds.incrowdsports.com/v1/matches/289072,289072,202501,Northampton Saints,away,22,239358,Toby Thame,sub 7,replacement
https://rugby-union-feeds.incrowdsports.com/v1/matches/289071,289071,202501,Leicester Tigers,home,11,173217,Ollie Hassell-Collins,left wing,starter
https://rugby-union-feeds.incrowdsports.com/v1/matches/289071,289071,202501,Leicester Tigers,home,20,239272,Josh Manz,sub 5,replacement
https://rugby-union-feeds.incrowdsports.com/v1/matches/289071,289071,202501,Leicester Tigers,home,7,183880,Tommy Reffell,flanker,starter
https://rugby-union-feeds.incrowdsports.com/v1/matches/289071,289071,202501,Leicester Tigers,home,16,101384,Finn Theobald-Thomas,sub 1,replacement
https://rugby-union-feeds.incrowdsports.com/v1/matches/289071,289071,202501,Leicester Tigers,home,3,208037,Will Hurd,tighthead prop,starter
https://rugby-union-feeds.incrowdsports.com/v1/matches/289071,289071,202501,Leicester Tigers,home,21,242956,Charlie Bemand,sub 6,replacement
https://rugby-union-feeds.incrowdsports.com/v1/matches/289071,289071,202501,Leicester Tigers,home,15,244459,Tom Threlfall,full back,starter
https://rugby-union-feeds.incrowdsports.com/v1/matches/289071,289071,202501,Leicester Tigers,home,10,128683,Billy Searle,fly half,starter
https://rugby-union-feeds.incrowdsports.com/v1/matches/289071,289071,202501,Leicester Tigers,home,22,239278,Joe Woodward,sub 7,replacement
https://rugby-union-feeds.incrowdsports.com/v1/matches/289071,289071,202501,Leicester Tigers,home,23,111760,Izaia Perese,sub 8,replacement
https://rugby-union-feeds.incrowdsports.com/v1/matches/289071,289071,202501,Leicester Tigers,home,9,170190,Tom Whiteley,scrum half,starter
https://rugby-union-feeds.incrowdsports.com/v1/matches/289071,289071,202501,Leicester Tigers,home,6,248781,Harry Palmer,flanker,starter
https://rugby-union-feeds.incrowdsports.com/v1/matches/289071,289071,202501,Leicester Tigers,home,13,237969,Will Wand,outside centre,starter
https://rugby-union-feeds.incrowdsports.com/v1/matches/289071,289071,202501,Leicester Tigers,home,4,177015,Harry Wells,second row,starter
https://rugby-union-feeds.incrowdsports.com/v1/matches/289071,289071,202501,Leicester Tigers,home,1,244534,Archie van der Flier,loosehead prop,starter
https://rugby-union-feeds.incrowdsports.com/v1/matches/289071,289071,202501,Leicester Tigers,home,17,104471,Tareq Haffar,sub 2,replacement
https://rugby-union-feeds.incrowdsports.com/v1/matches/289071,289071,202501,Leicester Tigers,home,12,220475,Orlando Bailey,inside centre,starter
https://rugby-union-feeds.incrowdsports.com/v1/matches/289071,289071,202501,Leicester Tigers,home,5,132697,Tom Manz,second row,starter
https://rugby-union-feeds.incrowdsports.com/v1/matches/289071,289071,202501,Leicester Tigers,home,18,253626,Ale Loman,sub 3,replacement
https://rugby-union-feeds.incrowdsports.com/v1/matches/289071,289071,202501,Leicester Tigers,home,2,160415,Jamie Blamire,hooker,starter
https://rugby-union-feeds.incrowdsports.com/v1/matches/289071,289071,202501,Leicester Tigers,home,8,237152,Joaquin Moro,number eight,starter
https://rugby-union-feeds.incrowdsports.com/v1/matches/289071,289071,202501,Leicester Tigers,home,19,156512,Hanro Liebenberg,sub 4,replacement
https://rugby-union-feeds.incrowdsports.com/v1/matches/289071,289071,202501,Leicester Tigers,home,14,165885,Gabe Hamer-Webb,right wing,starter
https://rugby-union-feeds.incrowdsports.com/v1/matches/289071,289071,202501,Bath Rugby,away,6,123233,Ethan Staddon,flanker,starter
https://rugby-union-feeds.incrowdsports.com/v1/matches/289071,289071,202501,Bath Rugby,away,12,210178,Will Butt,inside centre,starter
https://rugby-union-feeds.incrowdsports.com/v1/matches/289071,289071,202501,Bath Rugby,away,9,239298,Ieuan Davies,scrum half,starter
https://rugby-union-feeds.incrowdsports.com/v1/matches/289071,289071,202501,Bath Rugby,away,3,137026,Kieran Verden,tighthead prop,starter
https://rugby-union-feeds.incrowdsports.com/v1/matches/289071,289071,202501,Bath Rugby,away,8,239297,Arthur Green,number eight,starter
https://rugby-union-feeds.incrowdsports.com/v1/matches/289071,289071,202501,Bath Rugby,away,23,248805,Jack Harrison,sub 8,replacement
https://rugby-union-feeds.incrowdsports.com/v1/matches/289071,289071,202501,Bath Rugby,away,7,239308,George Timmins,flanker,starter
https://rugby-union-feeds.incrowdsports.com/v1/matches/289071,289071,202501,Bath Rugby,away,18,209868,Mikey Summerfield,sub 3,replacement
https://rugby-union-feeds.incrowdsports.com/v1/matches/289071,289071,202501,Bath Rugby,away,2,103625,Dan Frost,hooker,starter
https://rugby-union-feeds.incrowdsports.com/v1/matches/289071,289071,202501,Bath Rugby,away,14,243600,Austin Emens,right wing,starter
https://rugby-union-feeds.incrowdsports.com/v1/matches/289071,289071,202501,Bath Rugby,away,13,196656,Chris Harris,outside centre,starter
https://rugby-union-feeds.incrowdsports.com/v1/matches/289071,289071,202501,Bath Rugby,away,17,244500,Ioan Emanuel,sub 2,replacement
https://rugby-union-feeds.incrowdsports.com/v1/matches/289071,289071,202501,Bath Rugby,away,15,248883,Sam Winters,full back,starter
https://rugby-union-feeds.incrowdsports.com/v1/matches/289071,289071,202501,Bath Rugby,away,16,243059,Kepu Tuipulotu,sub 1,replacement
https://rugby-union-feeds.incrowdsports.com/v1/matches/289071,289071,202501,Bath Rugby,away,20,254963,Alex Ridgway,sub 5,replacement
https://rugby-union-feeds.incrowdsports.com/v1/matches/289071,289071,202501,Bath Rugby,away,21,241747,Neil le Roux,sub 6,replacement
https://rugby-union-feeds.incrowdsports.com/v1/matches/289071,289071,202501,Bath Rugby,away,10,239570,Will Roue,fly half,starter
https://rugby-union-feeds.incrowdsports.com/v1/matches/289071,289071,202501,Bath Rugby,away,4,244502,Jack Bennett,second row,starter
https://rugby-union-feeds.incrowdsports.com/v1/matches/289071,289071,202501,Bath Rugby,away,5,217750,Ewan Richards,second row,starter
https://rugby-union-feeds.incrowdsports.com/v1/matches/289071,289071,202501,Bath Rugby,away,11,244508,Charlie Griffin,left wing,starter
https://rugby-union-feeds.incrowdsports.com/v1/matches/289071,289071,202501,Bath Rugby,away,19,244924,James Maloney,sub 4,replacement
https://rugby-union-feeds.incrowdsports.com/v1/matches/289071,289071,202501,Bath Rugby,away,22,243035,James Linegar,sub 7,replacement
https://rugby-union-feeds.incrowdsports.com/v1/matches/289071,289071,202501,Bath Rugby,away,1,240057,Scott Kirk,loosehead prop,starter
https://rugby-union-feeds.incrowdsports.com/v1/matches/289073,289073,202501,Leicester Tigers,home,11,173217,Ollie Hassell-Collins,left wing,starter
https://rugby-union-feeds.incrowdsports.com/v1/matches/289073,289073,202501,Leicester Tigers,home,19,244456,Osian Thomas,sub 4,replacement
https://rugby-union-feeds.incrowdsports.com/v1/matches/289073,289073,202501,Leicester Tigers,home,20,239272,Josh Manz,sub 5,replacement
https://rugby-union-feeds.incrowdsports.com/v1/matches/289073,289073,202501,Leicester Tigers,home,7,183880,Tommy Reffell,flanker,starter
https://rugby-union-feeds.incrowdsports.com/v1/matches/289073,289073,202501,Leicester Tigers,home,16,101384,Finn Theobald-Thomas,sub 1,replacement
https://rugby-union-feeds.incrowdsports.com/v1/matches/289073,289073,202501,Leicester Tigers,home,3,208037,Will Hurd,tighthead prop,starter
https://rugby-union-feeds.incrowdsports.com/v1/matches/289073,289073,202501,Leicester Tigers,home,21,242956,Charlie Bemand,sub 6,replacement
https://rugby-union-feeds.incrowdsports.com/v1/matches/289073,289073,202501,Leicester Tigers,home,10,128683,Billy Searle,fly half,starter
https://rugby-union-feeds.incrowdsports.com/v1/matches/289073,289073,202501,Leicester Tigers,home,2,216656,Charlie Clare,hooker,starter
https://rugby-union-feeds.incrowdsports.com/v1/matches/289073,289073,202501,Leicester Tigers,home,12,239278,Joe Woodward,inside centre,starter
https://rugby-union-feeds.incrowdsports.com/v1/matches/289073,289073,202501,Leicester Tigers,home,23,111760,Izaia Perese,sub 8,replacement
https://rugby-union-feeds.incrowdsports.com/v1/matches/289073,289073,202501,Leicester Tigers,home,9,170190,Tom Whiteley,scrum half,starter
https://rugby-union-feeds.incrowdsports.com/v1/matches/289073,289073,202501,Leicester Tigers,home,6,248781,Harry Palmer,flanker,starter
https://rugby-union-feeds.incrowdsports.com/v1/matches/289073,289073,202501,Leicester Tigers,home,22,211533,James O'Connor,sub 7,replacement
https://rugby-union-feeds.incrowdsports.com/v1/matches/289073,289073,202501,Leicester Tigers,home,13,237969,Will Wand,outside centre,starter
https://rugby-union-feeds.incrowdsports.com/v1/matches/289073,289073,202501,Leicester Tigers,home,4,177015,Harry Wells,second row,starter
https://rugby-union-feeds.incrowdsports.com/v1/matches/289073,289073,202501,Leicester Tigers,home,1,244534,Archie van der Flier,loosehead prop,starter
https://rugby-union-feeds.incrowdsports.com/v1/matches/289073,289073,202501,Leicester Tigers,home,17,104471,Tareq Haffar,sub 2,replacement
https://rugby-union-feeds.incrowdsports.com/v1/matches/289073,289073,202501,Leicester Tigers,home,15,220475,Orlando Bailey,full back,starter
https://rugby-union-feeds.incrowdsports.com/v1/matches/289073,289073,202501,Leicester Tigers,home,18,253626,Ale Loman,sub 3,replacement
https://rugby-union-feeds.incrowdsports.com/v1/matches/289073,289073,202501,Leicester Tigers,home,8,237152,Joaquin Moro,number eight,starter
https://rugby-union-feeds.incrowdsports.com/v1/matches/289073,289073,202501,Leicester Tigers,home,5,156512,Hanro Liebenberg,second row,starter
https://rugby-union-feeds.incrowdsports.com/v1/matches/289073,289073,202501,Leicester Tigers,home,14,165885,Gabe Hamer-Webb,right wing,starter
https://rugby-union-feeds.incrowdsports.com/v1/matches/289073,289073,202501,Exeter Chiefs,away,6,169636,Martin Moloney,flanker,starter
https://rugby-union-feeds.incrowdsports.com/v1/matches/289073,289073,202501,Exeter Chiefs,away,11,250817,Campbell Ridl,left wing,starter
https://rugby-union-feeds.incrowdsports.com/v1/matches/289073,289073,202501,Exeter Chiefs,away,1,254081,Ethan Burger,loosehead prop,starter
https://rugby-union-feeds.incrowdsports.com/v1/matches/289073,289073,202501,Exeter Chiefs,away,13,255016,Ollie Batson,outside centre,starter
https://rugby-union-feeds.incrowdsports.com/v1/matches/289073,289073,202501,Exeter Chiefs,away,3,149671,Khwezi Mona,tighthead prop,starter
https://rugby-union-feeds.incrowdsports.com/v1/matches/289073,289073,202501,Exeter Chiefs,away,4,171271,Lewis Pearson,second row,starter
https://rugby-union-feeds.incrowdsports.com/v1/matches/289073,289073,202501,Exeter Chiefs,away,14,251397,Paul Brown-Bampoe,right wing,starter
https://rugby-union-feeds.incrowdsports.com/v1/matches/289073,289073,202501,Exeter Chiefs,away,18,239372,Tom Gulley,sub 3,replacement
https://rugby-union-feeds.incrowdsports.com/v1/matches/289073,289073,202501,Exeter Chiefs,away,21,117545,Charlie Chapman,sub 6,replacement
https://rugby-union-feeds.incrowdsports.com/v1/matches/289073,289073,202501,Exeter Chiefs,away,17,201738,Will Goodrick-Clarke,sub 2,replacement
https://rugby-union-feeds.incrowdsports.com/v1/matches/289073,289073,202501,Exeter Chiefs,away,22,240233,Ben Coen,sub 7,replacement
https://rugby-union-feeds.incrowdsports.com/v1/matches/289073,289073,202501,Exeter Chiefs,away,16,229392,Julian Heaven,sub 1,replacement
https://rugby-union-feeds.incrowdsports.com/v1/matches/289073,289073,202501,Exeter Chiefs,away,9,208783,Tom Cairns,scrum half,starter
https://rugby-union-feeds.incrowdsports.com/v1/matches/289073,289073,202501,Exeter Chiefs,away,10,125136,Will Haydon-Wood,fly half,starter
https://rugby-union-feeds.incrowdsports.com/v1/matches/289073,289073,202501,Exeter Chiefs,away,19,239374,Joe Bailey,sub 4,replacement
https://rugby-union-feeds.incrowdsports.com/v1/matches/289073,289073,202501,Exeter Chiefs,away,8,237233,Ross Vintcent,number eight,starter
https://rugby-union-feeds.incrowdsports.com/v1/matches/289073,289073,202501,Exeter Chiefs,away,15,169495,Josh Hodge,full back,starter
https://rugby-union-feeds.incrowdsports.com/v1/matches/289073,289073,202501,Exeter Chiefs,away,23,199029,Dan John,sub 8,replacement
https://rugby-union-feeds.incrowdsports.com/v1/matches/289073,289073,202501,Exeter Chiefs,away,5,112986,Rus Tuima,second row,starter
https://rugby-union-feeds.incrowdsports.com/v1/matches/289073,289073,202501,Exeter Chiefs,away,7,239420,Finn Worley-Brady,flanker,starter
https://rugby-union-feeds.incrowdsports.com/v1/matches/289073,289073,202501,Exeter Chiefs,away,12,243675,Will Rigg,inside centre,starter
https://rugby-union-feeds.incrowdsports.com/v1/matches/289073,289073,202501,Exeter Chiefs,away,20,121275,Christ Tshiunza,sub 5,replacement
https://rugby-union-feeds.incrowdsports.com/v1/matches/289073,289073,202501,Exeter Chiefs,away,2,213725,Joseph Dweba,hooker,starter
