match_url,match_id,competition,season,team,home_away,player_id,player,position,position_id,minutes_played,Tries,Metres_Gained,Carries,Defenders_Beaten,Clean_Breaks,Passes,Offloads,Turnovers_Conceded,Try_Assists,Points_Scored,Tackles_Attempted,Missed_Tackles,Turnovers_Won,Kicks_In_Play,Conversions,Penalty_Goals,Drop_Goals,Lineouts_Won,Lineout_Steals,Penalties_Conceded,Red_Cards,Yellow_Cards
https://www.premiershiprugby.com/match-centre/283161/team-stats,283161,1011,202401,Bath Rugby,home,143876,Jacques du Plessis,sub 4,19,16,0,1,3,0,0,0,0,0,,0,1,0,0,0,0,0,0,0,0,0,0,0
https://www.premiershiprugby.com/match-centre/283161/team-stats,283161,1011,202401,Bath Rugby,home,210178,Will Butt,inside centre,12,80,0,49,6,4,1,6,2,1,,0,7,2,1,0,0,0,0,0,0,0,0,0
https://www.premiershiprugby.com/match-centre/283161/team-stats,283161,1011,202401,Bath Rugby,home,187169,Archie Griffin,sub 3,18,28,0,2,3,0,0,0,0,0,,0,3,0,0,0,0,0,0,0,0,1,0,0
https://www.premiershiprugby.com/match-centre/283161/team-stats,283161,1011,202401,Bath Rugby,home,157863,Finn Russell,fly half,10,80,0,40,10,0,0,16,1,1,,13,6,5,0,11,5,1,0,0,0,0,0,0
https://www.premiershiprugby.com/match-centre/283161/team-stats,283161,1011,202401,Bath Rugby,home,195208,Miles Reid,flanker,7,54,0,1,2,0,0,0,0,0,,0,17,3,1,0,0,0,0,1,0,1,0,0
https://www.premiershiprugby.com/match-centre/283161/team-stats,283161,1011,202401,Bath Rugby,home,179563,Joe Cokanasiga,right wing,14,80,1,36,7,2,2,2,1,2,,5,6,3,0,1,0,0,0,0,0,1,0,0
https://www.premiershiprugby.com/match-centre/283161/team-stats,283161,1011,202401,Bath Rugby,home,108714,Will Stuart,tighthead prop,3,52,0,2,1,0,0,1,0,0,,0,9,0,0,0,0,0,0,0,0,1,0,0
https://www.premiershiprugby.com/match-centre/283161/team-stats,283161,1011,202401,Bath Rugby,home,131724,Ollie Lawrence,outside centre,13,80,1,62,10,1,1,3,2,1,,5,3,0,1,4,0,0,0,0,0,0,0,0
https://www.premiershiprugby.com/match-centre/283161/team-stats,283161,1011,202401,Bath Rugby,home,145484,Alfie Barbeary,number eight,8,60,0,8,3,0,0,3,0,0,,0,10,0,2,0,0,0,0,0,0,1,0,0
https://www.premiershiprugby.com/match-centre/283161/team-stats,283161,1011,202401,Bath Rugby,home,112684,Guy Pepper,sub 5,20,26,0,6,4,0,0,1,1,0,,0,2,0,2,0,0,0,0,0,0,0,0,0
https://www.premiershiprugby.com/match-centre/283161/team-stats,283161,1011,202401,Bath Rugby,home,130283,Beno Obano,loosehead prop,1,52,0,2,4,0,0,0,0,1,,0,7,1,0,0,0,0,0,0,0,1,0,0
https://www.premiershiprugby.com/match-centre/283161/team-stats,283161,1011,202401,Bath Rugby,home,143754,Niall Annett,sub 1,16,16,0,6,4,0,0,0,1,0,,0,0,0,0,0,0,0,0,0,0,0,0,0
https://www.premiershiprugby.com/match-centre/283161/team-stats,283161,1011,202401,Bath Rugby,home,111662,Ben Spencer,scrum half,9,74,1,15,4,2,2,38,1,3,,5,4,3,2,11,0,0,0,0,0,0,0,0
https://www.premiershiprugby.com/match-centre/283161/team-stats,283161,1011,202401,Bath Rugby,home,160272,Will Muir,left wing,11,71,0,34,6,1,1,1,0,1,,0,3,0,0,1,0,0,0,0,0,0,0,0
https://www.premiershiprugby.com/match-centre/283161/team-stats,283161,1011,202401,Bath Rugby,home,202868,Louis Schreuder,sub 6,21,6,0,0,0,0,0,4,0,0,,0,0,0,0,0,0,0,0,0,0,0,0,0
https://www.premiershiprugby.com/match-centre/283161/team-stats,283161,1011,202401,Bath Rugby,home,225778,Tom Dunn,hooker,2,64,0,2,3,0,0,0,0,1,,0,15,2,0,0,0,0,0,0,0,0,0,0
https://www.premiershiprugby.com/match-centre/283161/team-stats,283161,1011,202401,Bath Rugby,home,184945,Ted Hill,flanker,6,80,1,39,10,1,0,3,0,2,,5,4,2,0,0,0,0,0,3,0,0,0,0
https://www.premiershiprugby.com/match-centre/283161/team-stats,283161,1011,202401,Bath Rugby,home,116821,Francois van Wyk,sub 2,17,28,0,3,3,0,0,0,0,0,,0,1,0,0,0,0,0,0,0,0,0,0,0
https://www.premiershiprugby.com/match-centre/283161/team-stats,283161,1011,202401,Bath Rugby,home,220475,Orlando Bailey,sub 7,22,9,0,11,1,0,1,2,0,0,,0,0,0,0,0,0,0,0,0,0,0,0,0
https://www.premiershiprugby.com/match-centre/283161/team-stats,283161,1011,202401,Bath Rugby,home,155514,Jaco Coetzee,sub 8,23,20,1,22,9,1,0,1,0,0,,5,1,0,0,0,0,0,0,0,0,0,0,0
https://www.premiershiprugby.com/match-centre/283161/team-stats,283161,1011,202401,Bath Rugby,home,203360,Quinn Roux,second row,4,64,0,0,1,0,0,2,0,0,,0,12,4,0,0,0,0,0,2,0,2,0,0
https://www.premiershiprugby.com/match-centre/283161/team-stats,283161,1011,202401,Bath Rugby,home,196415,Charlie Ewels,second row,5,80,0,1,2,0,0,4,0,0,,0,13,2,1,0,0,0,0,7,0,0,0,0
https://www.premiershiprugby.com/match-centre/283161/team-stats,283161,1011,202401,Bath Rugby,home,153790,Tom de Glanville,full back,15,80,0,76,10,2,1,8,1,0,,0,1,1,0,4,0,0,0,0,0,0,0,0
https://www.premiershiprugby.com/match-centre/283161/team-stats,283161,1011,202401,Northampton Saints,away,193283,Chunya Munga,second row,5,80,0,0,6,0,0,1,0,0,,0,8,1,0,0,0,0,0,0,0,0,0,0
https://www.premiershiprugby.com/match-centre/283161/team-stats,283161,1011,202401,Northampton Saints,away,177699,Tom West,sub 2,17,26,0,0,1,0,0,0,0,0,,0,5,1,0,0,0,0,0,0,0,0,0,0
https://www.premiershiprugby.com/match-centre/283161/team-stats,283161,1011,202401,Northampton Saints,away,200195,Fraser Dingwall,outside centre,13,63,0,18,10,1,0,6,2,3,,0,5,0,0,0,0,0,0,0,0,1,0,0
https://www.premiershiprugby.com/match-centre/283161/team-stats,283161,1011,202401,Northampton Saints,away,192642,Ollie Sleightholme,left wing,11,52,0,0,3,1,0,1,1,0,,0,6,1,1,1,0,0,0,0,0,0,0,0
https://www.premiershiprugby.com/match-centre/283161/team-stats,283161,1011,202401,Northampton Saints,away,127592,Luke Green,sub 3,18,18,0,0,0,0,0,0,0,0,,0,5,0,0,0,0,0,0,0,0,0,0,0
https://www.premiershiprugby.com/match-centre/283161/team-stats,283161,1011,202401,Northampton Saints,away,221996,Tom James,scrum half,9,67,0,34,9,5,0,70,2,2,,0,1,2,0,10,0,0,0,0,0,1,0,0
https://www.premiershiprugby.com/match-centre/283161/team-stats,283161,1011,202401,Northampton Saints,away,178796,James Ramm,right wing,14,80,0,42,4,2,1,1,1,1,,0,1,1,0,1,0,0,0,0,0,1,0,0
https://www.premiershiprugby.com/match-centre/283161/team-stats,283161,1011,202401,Northampton Saints,away,187951,Emmanuel Iyogun,loosehead prop,1,54,0,0,1,0,0,3,0,0,,0,6,0,1,0,0,0,0,0,0,0,0,0
https://www.premiershiprugby.com/match-centre/283161/team-stats,283161,1011,202401,Northampton Saints,away,125486,Angus Scott-Young,second row,4,63,0,8,6,0,0,5,1,0,,0,7,0,1,0,0,0,0,0,0,0,0,0
https://www.premiershiprugby.com/match-centre/283161/team-stats,283161,1011,202401,Northampton Saints,away,206832,Robbie Smith,sub 1,16,18,0,0,0,0,0,0,0,0,,0,5,0,0,0,0,0,0,0,0,0,0,0
https://www.premiershiprugby.com/match-centre/283161/team-stats,283161,1011,202401,Northampton Saints,away,199728,Juarno Augustus,sub 5,20,30,0,18,4,1,1,0,0,0,,0,6,0,0,0,0,0,0,0,0,0,0,0
https://www.premiershiprugby.com/match-centre/283161/team-stats,283161,1011,202401,Northampton Saints,away,153646,George Furbank,full back,15,80,0,84,15,5,1,5,0,1,,0,2,1,1,9,0,0,0,0,0,1,0,0
https://www.premiershiprugby.com/match-centre/283161/team-stats,283161,1011,202401,Northampton Saints,away,222867,Callum Hunter-Hill,sub 4,19,17,0,0,0,0,0,0,0,0,,0,5,0,0,0,0,0,0,0,0,0,0,0
https://www.premiershiprugby.com/match-centre/283161/team-stats,283161,1011,202401,Northampton Saints,away,102707,Trevor Davison,tighthead prop,3,62,0,2,3,0,0,0,0,0,,0,3,0,0,0,0,0,0,0,0,1,0,0
https://www.premiershiprugby.com/match-centre/283161/team-stats,283161,1011,202401,Northampton Saints,away,212369,Sam Graham,number eight,8,50,0,21,8,4,1,2,0,1,,0,3,2,0,0,0,0,0,0,0,0,0,0
https://www.premiershiprugby.com/match-centre/283161/team-stats,283161,1011,202401,Northampton Saints,away,239345,Archie McParland,sub 6,21,13,0,0,0,0,0,0,0,1,,0,2,0,0,0,0,0,0,0,0,0,0,0
https://www.premiershiprugby.com/match-centre/283161/team-stats,283161,1011,202401,Northampton Saints,away,109816,Rory Hutchinson,inside centre,12,80,0,29,6,3,1,5,0,1,,0,3,1,1,2,0,0,0,0,0,2,0,0
https://www.premiershiprugby.com/match-centre/283161/team-stats,283161,1011,202401,Northampton Saints,away,111416,Curtis Langdon,hooker,2,62,0,23,11,1,1,4,1,1,,0,10,1,0,1,0,0,0,0,0,1,0,0
https://www.premiershiprugby.com/match-centre/283161/team-stats,283161,1011,202401,Northampton Saints,away,156918,Tommy Freeman,sub 8,23,28,0,1,1,0,0,0,0,1,,0,2,1,0,0,0,0,0,0,0,0,0,0
https://www.premiershiprugby.com/match-centre/283161/team-stats,283161,1011,202401,Northampton Saints,away,166428,Josh Kemeny,flanker,6,75,1,21,5,1,0,1,0,0,,5,8,0,0,0,0,0,0,5,0,1,0,1
https://www.premiershiprugby.com/match-centre/283161/team-stats,283161,1011,202401,Northampton Saints,away,219643,Tom Pearson,flanker,7,80,0,15,12,4,0,3,0,0,,0,9,0,0,0,0,0,0,3,0,1,0,0
https://www.premiershiprugby.com/match-centre/283161/team-stats,283161,1011,202401,Northampton Saints,away,137626,Fin Smith,fly half,10,80,0,12,6,0,0,16,0,0,,11,5,2,0,9,1,3,0,0,0,3,0,0
https://www.premiershiprugby.com/match-centre/283161/team-stats,283161,1011,202401,Northampton Saints,away,239358,Toby Thame,sub 7,22,17,0,0,0,0,0,0,0,0,,0,0,0,0,0,0,0,0,0,0,1,0,0
https://www.premiershiprugby.com/match-centre/283170/team-stats,283170,1011,202401,Leicester Tigers,home,142211,George Martin,second row,5,80,0,5,8,0,0,5,1,1,,0,10,4,0,0,0,0,0,4,0,0,0,0
https://www.premiershiprugby.com/match-centre/283170/team-stats,283170,1011,202401,Leicester Tigers,home,150081,Freddie Steward,full back,15,80,0,88,10,5,0,3,0,5,,0,1,2,0,5,0,0,0,0,0,0,0,0
https://www.premiershiprugby.com/match-centre/283170/team-stats,283170,1011,202401,Leicester Tigers,home,173217,Ollie Hassell-Collins,left wing,11,80,0,60,6,1,2,3,1,2,,0,5,1,1,0,0,0,0,0,0,0,0,0
https://www.premiershiprugby.com/match-centre/283170/team-stats,283170,1011,202401,Leicester Tigers,home,183880,Tommy Reffell,flanker,7,80,0,3,2,0,0,3,0,0,,0,17,1,0,0,0,0,0,0,0,1,0,0
https://www.premiershiprugby.com/match-centre/283170/team-stats,283170,1011,202401,Leicester Tigers,home,101384,Finn Theobald-Thomas,sub 1,16,15,0,1,1,0,0,0,0,0,,0,2,0,0,0,0,0,0,0,0,1,0,0
https://www.premiershiprugby.com/match-centre/283170/team-stats,283170,1011,202401,Leicester Tigers,home,169381,Dan Cole,sub 3,18,24,0,0,0,0,0,0,0,0,,0,2,0,0,0,0,0,0,0,0,0,0,0
https://www.premiershiprugby.com/match-centre/283170/team-stats,283170,1011,202401,Leicester Tigers,home,185387,Come Joussain,sub 4,19,4,0,1,1,0,0,0,0,0,,0,0,0,0,0,0,0,0,0,0,0,0,0
https://www.premiershiprugby.com/match-centre/283170/team-stats,283170,1011,202401,Leicester Tigers,home,113737,Jack van Poortvliet,scrum half,9,63,1,46,3,3,1,36,0,2,,5,5,2,0,6,0,0,0,0,0,0,0,0
https://www.premiershiprugby.com/match-centre/283170/team-stats,283170,1011,202401,Leicester Tigers,home,134796,Joe Heyes,tighthead prop,3,56,0,0,0,0,0,0,0,0,,0,11,2,0,0,0,0,0,0,0,0,0,0
https://www.premiershiprugby.com/match-centre/283170/team-stats,283170,1011,202401,Leicester Tigers,home,215402,Ben Youngs,sub 6,21,17,0,0,2,0,0,12,1,0,,0,1,1,1,1,0,0,0,0,0,0,0,0
https://www.premiershiprugby.com/match-centre/283170/team-stats,283170,1011,202401,Leicester Tigers,home,195049,Mike Brown,sub 8,23,12,0,3,2,1,0,0,0,1,,0,0,0,0,0,0,0,0,0,0,0,0,0
https://www.premiershiprugby.com/match-centre/283170/team-stats,283170,1011,202401,Leicester Tigers,home,216656,Charlie Clare,hooker,2,65,0,14,4,0,0,4,0,0,,0,17,2,0,0,0,0,0,0,0,1,0,0
https://www.premiershiprugby.com/match-centre/283170/team-stats,283170,1011,202401,Leicester Tigers,home,111760,Izaia Perese,outside centre,13,69,0,35,5,3,1,2,0,0,,0,9,0,1,0,0,0,0,0,0,1,0,1
https://www.premiershiprugby.com/match-centre/283170/team-stats,283170,1011,202401,Leicester Tigers,home,190829,Jamie Shillcock,fly half,10,56,0,10,3,0,0,6,0,1,,5,5,3,1,5,1,1,0,0,0,1,0,0
https://www.premiershiprugby.com/match-centre/283170/team-stats,283170,1011,202401,Leicester Tigers,home,110319,Nicky Smith,loosehead prop,1,56,0,2,3,0,0,0,0,0,,0,7,0,1,0,0,0,0,0,0,0,0,0
https://www.premiershiprugby.com/match-centre/283170/team-stats,283170,1011,202401,Leicester Tigers,home,177015,Harry Wells,second row,4,76,0,0,2,0,0,2,0,2,,0,16,0,0,0,0,0,0,6,0,0,0,0
https://www.premiershiprugby.com/match-centre/283170/team-stats,283170,1011,202401,Leicester Tigers,home,216823,Olly Cracknell,number eight,8,38,0,32,7,3,0,0,0,1,,0,13,1,0,0,0,0,0,0,0,1,0,0
https://www.premiershiprugby.com/match-centre/283170/team-stats,283170,1011,202401,Leicester Tigers,home,132028,Anthony Watson,right wing,14,68,0,80,6,2,1,0,0,0,,0,2,2,0,0,0,0,0,0,0,0,0,0
https://www.premiershiprugby.com/match-centre/283170/team-stats,283170,1011,202401,Leicester Tigers,home,214400,Dan Kelly,inside centre,12,80,0,0,3,0,0,9,0,0,,0,5,2,0,0,0,0,0,0,0,2,0,0
https://www.premiershiprugby.com/match-centre/283170/team-stats,283170,1011,202401,Leicester Tigers,home,156512,Hanro Liebenberg,flanker,6,80,0,16,6,1,1,2,0,1,,0,9,2,1,0,0,0,0,4,0,0,0,0
https://www.premiershiprugby.com/match-centre/283170/team-stats,283170,1011,202401,Leicester Tigers,home,140000,James Cronin,sub 2,17,24,1,4,2,1,0,0,0,0,,5,1,1,0,0,0,0,0,0,0,0,0,0
https://www.premiershiprugby.com/match-centre/283170/team-stats,283170,1011,202401,Leicester Tigers,home,202591,Kyle Hatherell,sub 5,20,42,0,26,7,0,1,0,0,4,,0,9,2,0,0,0,0,0,0,0,1,0,0
https://www.premiershiprugby.com/match-centre/283170/team-stats,283170,1011,202401,Leicester Tigers,home,172960,Ben Volavola,sub 7,22,24,0,0,0,0,0,2,0,1,,0,2,0,0,0,0,0,0,0,0,0,0,0
https://www.premiershiprugby.com/match-centre/283170/team-stats,283170,1011,202401,Bath Rugby,away,210178,Will Butt,inside centre,12,80,0,39,4,5,2,2,0,0,,0,10,1,0,0,0,0,0,0,0,1,0,0
https://www.premiershiprugby.com/match-centre/283170/team-stats,283170,1011,202401,Bath Rugby,away,156834,Tom Carr-Smith,sub 6,21,24,0,2,1,0,0,1,0,0,,0,1,1,0,0,0,0,0,0,0,0,0,0
https://www.premiershiprugby.com/match-centre/283170/team-stats,283170,1011,202401,Bath Rugby,away,157863,Finn Russell,fly half,10,80,0,13,7,0,0,23,2,4,,2,6,1,0,12,1,0,0,0,0,0,0,0
https://www.premiershiprugby.com/match-centre/283170/team-stats,283170,1011,202401,Bath Rugby,away,179563,Joe Cokanasiga,right wing,14,17,0,36,5,2,1,0,0,0,,0,1,0,0,1,0,0,0,0,0,0,0,0
https://www.premiershiprugby.com/match-centre/283170/team-stats,283170,1011,202401,Bath Rugby,away,108714,Will Stuart,tighthead prop,3,71,0,10,8,0,0,2,0,0,,0,5,1,0,0,0,0,0,1,0,2,0,0
https://www.premiershiprugby.com/match-centre/283170/team-stats,283170,1011,202401,Bath Rugby,away,131724,Ollie Lawrence,outside centre,13,80,0,69,12,1,2,3,3,0,,0,9,1,1,1,0,0,0,0,0,1,0,0
https://www.premiershiprugby.com/match-centre/283170/team-stats,283170,1011,202401,Bath Rugby,away,145484,Alfie Barbeary,number eight,8,41,0,8,13,4,0,0,0,1,,0,6,0,1,0,0,0,0,0,0,0,0,0
https://www.premiershiprugby.com/match-centre/283170/team-stats,283170,1011,202401,Bath Rugby,away,112684,Guy Pepper,flanker,7,80,1,33,8,2,1,5,0,2,,5,12,2,2,0,0,0,0,1,0,0,0,0
https://www.premiershiprugby.com/match-centre/283170/team-stats,283170,1011,202401,Bath Rugby,away,130283,Beno Obano,loosehead prop,1,59,0,10,7,1,0,1,0,0,,0,3,2,0,0,0,0,0,0,0,1,0,0
https://www.premiershiprugby.com/match-centre/283170/team-stats,283170,1011,202401,Bath Rugby,away,143754,Niall Annett,sub 1,16,21,0,13,2,2,0,1,0,0,,0,2,0,0,0,0,0,0,0,0,0,0,0
https://www.premiershiprugby.com/match-centre/283170/team-stats,283170,1011,202401,Bath Rugby,away,111662,Ben Spencer,scrum half,9,80,0,1,5,1,0,60,0,0,,3,2,2,0,10,0,1,0,0,0,0,0,0
https://www.premiershiprugby.com/match-centre/283170/team-stats,283170,1011,202401,Bath Rugby,away,160272,Will Muir,left wing,11,45,1,96,8,4,3,1,0,1,,5,2,3,0,1,0,0,0,0,0,0,0,0
https://www.premiershiprugby.com/match-centre/283170/team-stats,283170,1011,202401,Bath Rugby,away,225778,Tom Dunn,hooker,2,59,0,5,10,1,0,2,1,0,,0,7,2,1,0,0,0,0,0,0,1,0,0
https://www.premiershiprugby.com/match-centre/283170/team-stats,283170,1011,202401,Bath Rugby,away,184945,Ted Hill,sub 5,20,35,0,4,1,1,0,1,0,0,,0,3,0,1,0,0,0,0,2,1,0,0,0
https://www.premiershiprugby.com/match-centre/283170/team-stats,283170,1011,202401,Bath Rugby,away,105205,Ross Molony,second row,5,59,0,11,6,0,0,4,0,0,,0,8,2,0,0,0,0,0,5,0,0,0,0
https://www.premiershiprugby.com/match-centre/283170/team-stats,283170,1011,202401,Bath Rugby,away,116821,Francois van Wyk,sub 2,17,21,0,3,3,1,0,0,0,0,,0,2,0,0,0,0,0,0,0,0,2,0,0
https://www.premiershiprugby.com/match-centre/283170/team-stats,283170,1011,202401,Bath Rugby,away,239292,Billy Sela,sub 3,18,9,0,0,1,0,0,0,0,0,,0,1,0,0,0,0,0,0,0,0,0,0,0
https://www.premiershiprugby.com/match-centre/283170/team-stats,283170,1011,202401,Bath Rugby,away,220475,Orlando Bailey,sub 7,22,63,0,17,6,0,0,4,2,2,,0,3,0,0,1,0,0,0,0,0,0,0,0
https://www.premiershiprugby.com/match-centre/283170/team-stats,283170,1011,202401,Bath Rugby,away,155514,Jaco Coetzee,sub 8,23,39,0,42,11,2,0,3,1,0,,0,6,0,2,1,0,0,0,0,0,1,0,0
https://www.premiershiprugby.com/match-centre/283170/team-stats,283170,1011,202401,Bath Rugby,away,203360,Quinn Roux,second row,4,80,0,0,0,0,0,1,0,0,,0,5,1,0,0,0,0,0,1,0,0,0,0
https://www.premiershiprugby.com/match-centre/283170/team-stats,283170,1011,202401,Bath Rugby,away,196415,Charlie Ewels,sub 4,19,21,0,0,0,0,0,0,0,1,,0,1,1,0,0,0,0,0,0,0,0,0,0
https://www.premiershiprugby.com/match-centre/283170/team-stats,283170,1011,202401,Bath Rugby,away,100192,Josh Bayliss,flanker,6,56,0,21,7,1,1,3,2,2,,0,7,0,2,0,0,0,0,1,0,1,0,0
https://www.premiershiprugby.com/match-centre/283170/team-stats,283170,1011,202401,Bath Rugby,away,153790,Tom de Glanville,full back,15,80,1,43,5,0,2,5,1,0,,5,3,0,0,1,0,0,0,0,0,0,0,0
https://www.premiershiprugby.com/match-centre/283173/team-stats,283173,1011,202401,Bath Rugby,home,104322,Sam Underhill,sub 5,20,13,0,8,4,1,0,1,0,0,,0,0,0,0,0,0,0,0,0,0,1,0,1
https://www.premiershiprugby.com/match-centre/283173/team-stats,283173,1011,202401,Bath Rugby,home,210178,Will Butt,inside centre,12,80,1,14,6,1,1,2,1,0,,5,3,1,0,0,0,0,0,0,0,1,0,0
https://www.premiershiprugby.com/match-centre/283173/team-stats,283173,1011,202401,Bath Rugby,home,157863,Finn Russell,fly half,10,80,0,43,12,4,1,36,1,0,,6,3,3,0,3,3,0,0,0,0,0,0,0
https://www.premiershiprugby.com/match-centre/283173/team-stats,283173,1011,202401,Bath Rugby,home,195208,Miles Reid,number eight,8,52,0,8,5,1,0,0,0,0,,0,10,1,0,0,0,0,0,0,0,0,0,0
https://www.premiershiprugby.com/match-centre/283173/team-stats,283173,1011,202401,Bath Rugby,home,239301,Sam Harris,full back,15,52,1,57,8,3,1,1,1,3,,5,2,1,0,1,0,0,0,0,0,0,0,0
https://www.premiershiprugby.com/match-centre/283173/team-stats,283173,1011,202401,Bath Rugby,home,108714,Will Stuart,sub 3,18,16,0,10,2,0,0,0,0,0,,0,0,1,0,0,0,0,0,0,0,0,0,0
https://www.premiershiprugby.com/match-centre/283173/team-stats,283173,1011,202401,Bath Rugby,home,154219,Cameron Redpath,sub 7,22,28,0,11,6,1,1,4,0,1,,0,1,0,0,0,0,0,0,0,0,0,0,0
https://www.premiershiprugby.com/match-centre/283173/team-stats,283173,1011,202401,Bath Rugby,home,131724,Ollie Lawrence,outside centre,13,80,1,40,12,3,1,6,0,0,,5,4,0,0,1,0,0,0,0,0,0,0,0
https://www.premiershiprugby.com/match-centre/283173/team-stats,283173,1011,202401,Bath Rugby,home,112684,Guy Pepper,flanker,7,57,0,14,7,0,0,1,0,1,,0,8,3,1,0,0,0,0,0,0,0,0,0
https://www.premiershiprugby.com/match-centre/283173/team-stats,283173,1011,202401,Bath Rugby,home,130283,Beno Obano,loosehead prop,1,54,0,0,4,0,0,0,0,0,,0,5,1,0,0,0,0,0,0,0,0,0,0
https://www.premiershiprugby.com/match-centre/283173/team-stats,283173,1011,202401,Bath Rugby,home,143754,Niall Annett,hooker,2,50,0,17,8,0,0,0,0,1,,0,9,3,0,0,0,0,0,0,0,1,0,0
https://www.premiershiprugby.com/match-centre/283173/team-stats,283173,1011,202401,Bath Rugby,home,111662,Ben Spencer,scrum half,9,80,0,0,3,0,0,57,0,1,,0,6,1,0,6,0,0,0,0,0,0,0,0
https://www.premiershiprugby.com/match-centre/283173/team-stats,283173,1011,202401,Bath Rugby,home,202868,Louis Schreuder,sub 6,21,9,0,1,1,0,0,5,0,0,,0,0,0,0,0,0,0,0,0,0,0,0,0
https://www.premiershiprugby.com/match-centre/283173/team-stats,283173,1011,202401,Bath Rugby,home,184945,Ted Hill,flanker,6,80,0,9,6,0,0,1,0,0,,0,9,4,0,0,0,0,0,1,0,3,0,0
https://www.premiershiprugby.com/match-centre/283173/team-stats,283173,1011,202401,Bath Rugby,home,225778,Tom Dunn,sub 1,16,30,0,0,3,0,0,0,0,0,,0,2,0,0,0,0,0,0,0,0,0,0,0
https://www.premiershiprugby.com/match-centre/283173/team-stats,283173,1011,202401,Bath Rugby,home,116821,Francois van Wyk,sub 2,17,26,0,0,3,0,0,0,0,0,,0,2,0,0,0,0,0,0,0,0,1,0,0
https://www.premiershiprugby.com/match-centre/283173/team-stats,283173,1011,202401,Bath Rugby,home,105205,Ross Molony,sub 4,19,23,1,11,5,0,1,1,0,0,,5,1,0,0,0,0,0,0,0,0,0,0,0
https://www.premiershiprugby.com/match-centre/283173/team-stats,283173,1011,202401,Bath Rugby,home,112538,Ruaridh McConnochie,left wing,11,71,0,55,4,2,0,0,0,0,,0,4,0,2,0,0,0,0,0,0,0,0,0
https://www.premiershiprugby.com/match-centre/283173/team-stats,283173,1011,202401,Bath Rugby,home,104572,Thomas du Toit,tighthead prop,3,64,0,18,12,1,0,1,0,1,,0,3,3,2,0,0,0,0,0,0,1,0,0
https://www.premiershiprugby.com/match-centre/283173/team-stats,283173,1011,202401,Bath Rugby,home,155514,Jaco Coetzee,sub 8,23,28,0,62,14,4,0,1,0,0,,0,1,0,0,0,0,0,0,0,0,0,0,0
https://www.premiershiprugby.com/match-centre/283173/team-stats,283173,1011,202401,Bath Rugby,home,203360,Quinn Roux,second row,4,57,0,0,3,0,0,1,0,0,,0,5,0,0,0,0,0,0,2,0,0,0,0
https://www.premiershiprugby.com/match-centre/283173/team-stats,283173,1011,202401,Bath Rugby,home,196415,Charlie Ewels,second row,5,80,0,1,5,0,0,5,1,1,,0,9,2,0,0,0,0,0,10,1,0,0,0
https://www.premiershiprugby.com/match-centre/283173/team-stats,283173,1011,202401,Bath Rugby,home,153790,Tom de Glanville,right wing,14,80,0,32,9,0,1,5,2,1,,0,4,1,0,0,0,0,0,0,0,1,0,0
https://www.premiershiprugby.com/match-centre/283173/team-stats,283173,1011,202401,Bristol Bears,away,112066,Fitz Harding,number eight,8,80,0,3,3,0,0,2,0,0,,0,20,1,0,0,0,0,0,0,0,3,0,0
https://www.premiershiprugby.com/match-centre/283173/team-stats,283173,1011,202401,Bristol Bears,away,106402,Jake Woolmore,sub 2,17,26,0,0,0,0,0,0,0,1,,0,5,0,0,0,0,0,0,0,0,1,0,0
https://www.premiershiprugby.com/match-centre/283173/team-stats,283173,1011,202401,Bristol Bears,away,245732,Benjamin Grondona,sub 5,20,2,0,0,0,0,0,0,0,0,,0,3,0,0,0,0,0,0,0,0,0,0,0
https://www.premiershiprugby.com/match-centre/283173/team-stats,283173,1011,202401,Bristol Bears,away,156903,James Williams,inside centre,12,15,0,5,2,0,1,3,0,0,,0,1,0,0,0,0,0,0,0,0,0,0,0
https://www.premiershiprugby.com/match-centre/283173/team-stats,283173,1011,202401,Bristol Bears,away,199272,James Dun,second row,4,73,0,5,2,1,1,3,0,0,,0,12,1,2,0,0,0,0,1,0,1,0,0
https://www.premiershiprugby.com/match-centre/283173/team-stats,283173,1011,202401,Bristol Bears,away,212999,AJ MacGinty,fly half,10,80,0,29,9,1,1,14,0,2,,11,10,1,0,3,4,1,0,0,0,0,0,0
https://www.premiershiprugby.com/match-centre/283173/team-stats,283173,1011,202401,Bristol Bears,away,217606,Benhard Janse van Rensburg,outside centre,13,80,1,32,11,3,1,7,2,0,,5,11,2,0,0,0,0,0,0,0,0,0,0
https://www.premiershiprugby.com/match-centre/283173/team-stats,283173,1011,202401,Bristol Bears,away,211692,Max Malins,full back,15,78,1,46,7,0,2,3,0,1,,5,6,1,1,1,0,0,0,0,0,0,0,0
https://www.premiershiprugby.com/match-centre/283173/team-stats,283173,1011,202401,Bristol Bears,away,237996,Joe Owen,sub 4,19,7,0,0,0,0,0,0,0,0,,0,3,0,0,0,0,0,0,0,0,0,0,0
https://www.premiershiprugby.com/match-centre/283173/team-stats,283173,1011,202401,Bristol Bears,away,163209,George Kloska,sub 3,18,26,0,1,2,0,0,1,0,0,,0,8,2,0,0,0,0,0,0,0,0,0,0
https://www.premiershiprugby.com/match-centre/283173/team-stats,283173,1011,202401,Bristol Bears,away,178506,Will Capon,sub 1,16,18,0,0,0,0,0,0,0,0,,0,10,0,0,0,0,0,0,0,0,0,0,0
https://www.premiershiprugby.com/match-centre/283173/team-stats,283173,1011,202401,Bristol Bears,away,165007,Ellis Genge,loosehead prop,1,54,0,3,3,0,0,1,0,0,,0,7,0,0,0,0,0,0,0,0,1,0,0
https://www.premiershiprugby.com/match-centre/283173/team-stats,283173,1011,202401,Bristol Bears,away,199886,Jack Bates,sub 8,23,2,0,0,0,0,0,0,0,0,,0,0,0,0,0,0,0,0,0,0,0,0,0
https://www.premiershiprugby.com/match-centre/283173/team-stats,283173,1011,202401,Bristol Bears,away,195214,Harry Randall,scrum half,9,78,0,35,9,2,2,42,0,0,,0,5,1,0,3,0,0,0,0,0,0,0,0
https://www.premiershiprugby.com/match-centre/283173/team-stats,283173,1011,202401,Bristol Bears,away,142481,Steven Luatua,flanker,6,78,0,26,4,2,1,2,3,1,,0,12,0,0,0,0,0,0,2,0,0,0,0
https://www.premiershiprugby.com/match-centre/283173/team-stats,283173,1011,202401,Bristol Bears,away,243442,Joe Jenkins,sub 7,22,65,0,86,8,1,2,3,2,0,,0,3,3,0,0,0,0,0,0,0,1,0,0
https://www.premiershiprugby.com/match-centre/283173/team-stats,283173,1011,202401,Bristol Bears,away,131218,Gabriel Ibitoye,left wing,11,80,0,32,6,3,1,4,0,2,,0,7,4,1,1,0,0,0,0,0,0,0,0
https://www.premiershiprugby.com/match-centre/283173/team-stats,283173,1011,202401,Bristol Bears,away,147794,Joe Batley,second row,5,80,0,13,5,1,0,4,1,0,,0,9,0,1,0,0,0,0,5,0,3,0,0
https://www.premiershiprugby.com/match-centre/283173/team-stats,283173,1011,202401,Bristol Bears,away,216599,Rich Lane,right wing,14,80,0,53,5,0,1,2,0,2,,0,4,2,0,0,0,0,0,0,0,1,0,0
https://www.premiershiprugby.com/match-centre/283173/team-stats,283173,1011,202401,Bristol Bears,away,127095,Santiago Grondona,flanker,7,72,2,44,9,2,1,3,0,0,,10,17,1,0,1,0,0,0,1,0,1,0,1
https://www.premiershiprugby.com/match-centre/283173/team-stats,283173,1011,202401,Bristol Bears,away,210010,Kieran Marmion,sub 6,21,2,0,0,0,0,0,0,0,0,,0,1,0,0,0,0,0,0,0,0,0,0,0
https://www.premiershiprugby.com/match-centre/283173/team-stats,283173,1011,202401,Bristol Bears,away,130811,Max Lahiff,tighthead prop,3,54,0,7,1,1,0,0,0,1,,0,10,1,0,0,0,0,0,0,0,1,0,0
https://www.premiershiprugby.com/match-centre/283173/team-stats,283173,1011,202401,Bristol Bears,away,127101,Gabriel Oghre,hooker,2,62,1,55,13,8,1,6,0,2,,5,8,1,0,0,0,0,0,0,0,1,0,0
https://www.premiershiprugby.com/match-centre/283178/team-stats,283178,1011,202401,Gloucester Rugby,home,241026,Josh Hathaway,right wing,14,80,0,40,6,1,1,3,1,0,,0,3,4,0,2,0,0,0,0,0,1,0,0
https://www.premiershiprugby.com/match-centre/283178/team-stats,283178,1011,202401,Gloucester Rugby,home,201697,Caolan Englefield,sub 6,21,10,0,0,0,0,0,5,0,0,,0,4,1,0,0,0,0,0,0,0,0,0,0
https://www.premiershiprugby.com/match-centre/283178/team-stats,283178,1011,202401,Gloucester Rugby,home,124069,Ollie Thorley,left wing,11,80,1,89,11,12,4,0,0,1,,5,2,0,0,0,0,0,0,0,0,1,0,0
https://www.premiershiprugby.com/match-centre/283178/team-stats,283178,1011,202401,Gloucester Rugby,home,186214,Max Llewellyn,outside centre,13,80,1,39,11,0,2,7,0,1,,5,5,3,0,1,0,0,0,0,0,0,0,0
https://www.premiershiprugby.com/match-centre/283178/team-stats,283178,1011,202401,Gloucester Rugby,home,113799,Jack Clement,flanker,6,68,0,42,18,3,1,7,1,2,,0,9,0,0,0,0,0,0,0,0,1,0,0
https://www.premiershiprugby.com/match-centre/283178/team-stats,283178,1011,202401,Gloucester Rugby,home,133163,Tomos Williams,scrum half,9,70,1,51,10,0,3,66,0,0,,5,7,3,0,2,0,0,0,0,0,2,0,0
https://www.premiershiprugby.com/match-centre/283178/team-stats,283178,1011,202401,Gloucester Rugby,home,196875,Freddie Thomas,second row,5,9,0,0,0,0,0,0,0,0,,0,4,0,0,0,0,0,0,0,0,0,0,0
https://www.premiershiprugby.com/match-centre/283178/team-stats,283178,1011,202401,Gloucester Rugby,home,123243,Charlie Atkinson,sub 7,22,52,1,19,6,2,1,14,1,0,,5,9,0,0,1,0,0,0,0,0,1,0,1
https://www.premiershiprugby.com/match-centre/283178/team-stats,283178,1011,202401,Gloucester Rugby,home,109648,Seb Atkinson,inside centre,12,80,0,63,15,5,2,10,1,0,,0,11,0,1,1,0,0,0,0,0,1,0,0
https://www.premiershiprugby.com/match-centre/283178/team-stats,283178,1011,202401,Gloucester Rugby,home,203694,Freddie Clarke,second row,4,80,0,4,2,0,0,5,1,0,,0,14,2,0,0,0,0,0,1,0,1,0,0
https://www.premiershiprugby.com/match-centre/283178/team-stats,283178,1011,202401,Gloucester Rugby,home,191662,Ruan Ackermann,sub 5,20,26,0,18,5,0,0,0,0,0,,0,6,0,1,0,0,0,0,0,0,0,0,0
https://www.premiershiprugby.com/match-centre/283178/team-stats,283178,1011,202401,Gloucester Rugby,home,189971,Ciaran Knight,loosehead prop,1,53,0,0,2,0,0,1,0,0,,0,12,1,0,0,0,0,0,0,0,1,0,0
https://www.premiershiprugby.com/match-centre/283178/team-stats,283178,1011,202401,Gloucester Rugby,home,165716,Zach Mercer,number eight,8,66,0,42,11,4,1,20,5,3,,0,11,2,0,0,0,0,0,0,0,0,0,0
https://www.premiershiprugby.com/match-centre/283178/team-stats,283178,1011,202401,Gloucester Rugby,home,201234,Kirill Gotovtsev,sub 3,18,25,0,1,1,0,0,1,0,0,,0,9,0,0,0,0,0,0,0,0,0,0,0
https://www.premiershiprugby.com/match-centre/283178/team-stats,283178,1011,202401,Gloucester Rugby,home,133265,George Barton,sub 8,23,25,0,17,1,0,0,0,0,0,,2,2,3,0,0,1,0,0,0,0,0,0,0
https://www.premiershiprugby.com/match-centre/283178/team-stats,283178,1011,202401,Gloucester Rugby,home,137490,Seb Blake,sub 1,16,25,0,2,7,1,0,1,0,0,,0,5,0,0,0,0,0,0,0,0,0,0,0
https://www.premiershiprugby.com/match-centre/283178/team-stats,283178,1011,202401,Gloucester Rugby,home,102615,Gareth Anscombe,fly half,10,19,0,0,2,0,0,10,0,0,,0,3,0,0,1,0,0,0,0,0,1,0,0
https://www.premiershiprugby.com/match-centre/283178/team-stats,283178,1011,202401,Gloucester Rugby,home,209756,Lewis Ludlow,flanker,7,80,0,0,2,0,0,4,0,0,,0,26,2,0,0,0,0,0,2,0,1,0,0
https://www.premiershiprugby.com/match-centre/283178/team-stats,283178,1011,202401,Gloucester Rugby,home,122972,Jack Singleton,hooker,2,55,0,0,5,0,0,2,0,1,,0,13,0,0,1,0,0,0,0,0,0,0,0
https://www.premiershiprugby.com/match-centre/283178/team-stats,283178,1011,202401,Gloucester Rugby,home,239418,Afolabi Fasogbon,tighthead prop,3,55,0,2,5,0,0,2,2,1,,0,10,1,1,0,0,0,0,0,0,0,0,0
https://www.premiershiprugby.com/match-centre/283178/team-stats,283178,1011,202401,Gloucester Rugby,home,213184,Val Rapava Ruskin,sub 2,17,27,0,0,0,0,0,0,0,0,,0,5,0,1,0,0,0,0,0,0,0,0,0
https://www.premiershiprugby.com/match-centre/283178/team-stats,283178,1011,202401,Gloucester Rugby,home,189982,Santi Carreras,full back,15,55,0,8,9,2,0,7,0,1,,9,2,1,0,4,3,1,0,0,0,0,0,0
https://www.premiershiprugby.com/match-centre/283178/team-stats,283178,1011,202401,Gloucester Rugby,home,117823,Matias Alemanno,sub 4,19,71,0,5,9,3,0,0,0,1,,0,10,3,0,0,0,0,0,1,0,0,0,0
https://www.premiershiprugby.com/match-centre/283178/team-stats,283178,1011,202401,Bath Rugby,away,104322,Sam Underhill,sub 5,20,18,0,2,1,0,0,0,0,0,,0,5,1,0,0,0,0,0,0,0,1,0,0
https://www.premiershiprugby.com/match-centre/283178/team-stats,283178,1011,202401,Bath Rugby,away,210178,Will Butt,right wing,14,80,0,21,4,0,0,2,2,1,,0,2,3,0,0,0,0,0,0,0,0,0,0
https://www.premiershiprugby.com/match-centre/283178/team-stats,283178,1011,202401,Bath Rugby,away,157863,Finn Russell,fly half,10,80,1,32,7,1,1,25,1,0,,18,6,3,0,4,5,1,0,0,0,0,0,0
https://www.premiershiprugby.com/match-centre/283178/team-stats,283178,1011,202401,Bath Rugby,away,195208,Miles Reid,flanker,7,62,0,18,9,1,1,1,0,0,,0,11,1,3,0,0,0,0,1,0,3,0,0
https://www.premiershiprugby.com/match-centre/283178/team-stats,283178,1011,202401,Bath Rugby,away,154219,Cameron Redpath,inside centre,12,74,0,20,9,1,1,5,0,0,,0,13,2,0,1,0,0,0,0,0,1,0,1
https://www.premiershiprugby.com/match-centre/283178/team-stats,283178,1011,202401,Bath Rugby,away,108714,Will Stuart,sub 3,18,4,0,0,1,0,0,0,0,0,,0,0,1,0,0,0,0,0,0,0,0,0,0
https://www.premiershiprugby.com/match-centre/283178/team-stats,283178,1011,202401,Bath Rugby,away,131724,Ollie Lawrence,outside centre,13,80,1,47,12,7,1,1,1,1,,5,11,2,0,0,0,0,0,0,0,0,0,0
https://www.premiershiprugby.com/match-centre/283178/team-stats,283178,1011,202401,Bath Rugby,away,145484,Alfie Barbeary,number eight,8,53,0,31,18,5,1,3,1,0,,0,4,2,0,0,0,0,0,0,0,0,0,0
https://www.premiershiprugby.com/match-centre/283178/team-stats,283178,1011,202401,Bath Rugby,away,130283,Beno Obano,loosehead prop,1,55,2,10,6,2,0,2,0,1,,10,7,1,0,0,0,0,0,0,0,0,0,0
https://www.premiershiprugby.com/match-centre/283178/team-stats,283178,1011,202401,Bath Rugby,away,143754,Niall Annett,sub 1,16,14,0,5,4,0,0,2,0,0,,0,1,0,0,0,0,0,0,0,0,0,0,0
https://www.premiershiprugby.com/match-centre/283178/team-stats,283178,1011,202401,Bath Rugby,away,243600,Austin Emens,left wing,11,80,0,68,7,2,2,1,0,2,,0,4,0,0,1,0,0,0,0,0,2,0,0
https://www.premiershiprugby.com/match-centre/283178/team-stats,283178,1011,202401,Bath Rugby,away,111662,Ben Spencer,scrum half,9,66,0,7,3,0,0,55,0,0,,0,1,3,0,14,0,0,0,0,0,0,0,0
https://www.premiershiprugby.com/match-centre/283178/team-stats,283178,1011,202401,Bath Rugby,away,202868,Louis Schreuder,sub 6,21,14,0,0,0,0,0,12,0,0,,0,0,0,0,2,0,0,0,0,0,0,0,0
https://www.premiershiprugby.com/match-centre/283178/team-stats,283178,1011,202401,Bath Rugby,away,225778,Tom Dunn,hooker,2,66,0,10,10,2,0,0,0,0,,0,15,3,0,0,0,0,0,0,0,1,0,0
https://www.premiershiprugby.com/match-centre/283178/team-stats,283178,1011,202401,Bath Rugby,away,184945,Ted Hill,second row,4,80,0,2,9,1,0,3,0,1,,0,11,1,0,0,0,0,0,3,2,1,0,0
https://www.premiershiprugby.com/match-centre/283178/team-stats,283178,1011,202401,Bath Rugby,away,105205,Ross Molony,second row,5,70,0,2,6,0,0,4,1,1,,0,7,3,0,0,0,0,0,3,1,1,0,0
https://www.premiershiprugby.com/match-centre/283178/team-stats,283178,1011,202401,Bath Rugby,away,116821,Francois van Wyk,sub 2,17,25,0,0,1,0,0,1,0,0,,0,3,0,0,0,0,0,0,0,0,0,0,0
https://www.premiershiprugby.com/match-centre/283178/team-stats,283178,1011,202401,Bath Rugby,away,220475,Orlando Bailey,sub 7,22,8,0,0,1,0,0,3,1,0,,0,0,0,0,1,0,0,0,0,0,0,0,0
https://www.premiershiprugby.com/match-centre/283178/team-stats,283178,1011,202401,Bath Rugby,away,104572,Thomas du Toit,tighthead prop,3,76,0,10,9,0,0,0,0,0,,0,9,3,1,0,0,0,0,0,0,0,0,0
https://www.premiershiprugby.com/match-centre/283178/team-stats,283178,1011,202401,Bath Rugby,away,155514,Jaco Coetzee,sub 8,23,27,1,26,8,0,0,0,0,0,,5,3,0,1,0,0,0,0,0,0,0,0,0
https://www.premiershiprugby.com/match-centre/283178/team-stats,283178,1011,202401,Bath Rugby,away,196415,Charlie Ewels,sub 4,19,25,0,0,0,0,0,1,0,0,,0,6,0,0,0,0,0,0,2,1,0,0,0
https://www.premiershiprugby.com/match-centre/283178/team-stats,283178,1011,202401,Bath Rugby,away,100192,Josh Bayliss,flanker,6,65,1,67,9,2,3,5,1,0,,5,5,2,1,0,0,0,0,4,0,1,0,0
https://www.premiershiprugby.com/match-centre/283178/team-stats,283178,1011,202401,Bath Rugby,away,153790,Tom de Glanville,full back,15,72,1,110,6,2,1,5,1,1,,5,1,2,0,0,0,0,0,0,0,0,0,0
https://www.premiershiprugby.com/match-centre/283184/team-stats,283184,1011,202401,Harlequins,home,168641,Dillon Lewis,sub 3,18,32,0,0,1,0,0,1,0,0,,0,2,1,0,0,0,0,0,0,0,1,0,0
https://www.premiershiprugby.com/match-centre/283184/team-stats,283184,1011,202401,Harlequins,home,206497,Danny Care,sub 7,22,19,0,0,0,0,0,4,0,0,,0,0,1,0,4,0,0,0,0,0,0,0,0
https://www.premiershiprugby.com/match-centre/283184/team-stats,283184,1011,202401,Harlequins,home,142312,Will Porter,scrum half,9,61,0,7,6,1,0,63,1,1,,0,7,2,0,8,0,0,0,0,0,0,0,0
https://www.premiershiprugby.com/match-centre/283184/team-stats,283184,1011,202401,Harlequins,home,137125,Jack Walker,hooker,2,53,0,1,4,0,0,2,0,0,,0,11,0,0,0,0,0,0,0,0,0,0,0
https://www.premiershiprugby.com/match-centre/283184/team-stats,283184,1011,202401,Harlequins,home,180038,Alex Dombrandt,number eight,8,72,1,33,10,1,1,6,0,0,,5,12,1,1,0,0,0,0,2,0,0,0,0
https://www.premiershiprugby.com/match-centre/283184/team-stats,283184,1011,202401,Harlequins,home,170379,James Chisholm,sub 6,21,8,0,0,0,0,0,0,0,0,,0,1,0,0,0,0,0,0,0,0,0,0,0
https://www.premiershiprugby.com/match-centre/283184/team-stats,283184,1011,202401,Harlequins,home,110793,Cadan Murley,left wing,11,80,0,48,12,5,1,5,2,1,,0,7,2,0,1,0,0,0,0,0,0,0,0
https://www.premiershiprugby.com/match-centre/283184/team-stats,283184,1011,202401,Harlequins,home,178025,Oscar Beard,outside centre,13,80,0,40,7,4,1,1,0,1,,0,6,0,0,1,0,0,0,0,0,0,0,0
https://www.premiershiprugby.com/match-centre/283184/team-stats,283184,1011,202401,Harlequins,home,190858,Titi Lamositele,tighthead prop,3,48,0,6,2,0,0,1,1,0,,0,7,1,0,0,0,0,0,1,0,1,0,0
https://www.premiershiprugby.com/match-centre/283184/team-stats,283184,1011,202401,Harlequins,home,203721,Irne Herbst,sub 4,19,59,0,0,3,0,0,1,0,0,,0,5,1,0,0,0,0,0,1,0,0,0,0
https://www.premiershiprugby.com/match-centre/283184/team-stats,283184,1011,202401,Harlequins,home,218605,Luke Northmore,inside centre,12,80,0,59,12,7,1,4,0,3,,0,10,2,0,1,0,0,0,0,0,1,0,0
https://www.premiershiprugby.com/match-centre/283184/team-stats,283184,1011,202401,Harlequins,home,189326,Marcus Smith,fly half,10,80,0,37,12,3,0,19,0,1,,9,4,1,0,9,3,1,0,0,0,0,0,0
https://www.premiershiprugby.com/match-centre/283184/team-stats,283184,1011,202401,Harlequins,home,213459,Fin Baxter,loosehead prop,1,53,0,1,6,0,0,1,0,0,,0,7,0,0,0,0,0,0,0,0,0,0,0
https://www.premiershiprugby.com/match-centre/283184/team-stats,283184,1011,202401,Harlequins,home,182642,Tyrone Green,full back,15,80,0,90,14,1,2,4,0,2,,0,3,2,0,0,0,0,0,1,0,1,0,0
https://www.premiershiprugby.com/match-centre/283184/team-stats,283184,1011,202401,Harlequins,home,175826,Jack Kenningham,flanker,6,69,0,10,6,0,1,0,0,1,,0,10,2,0,0,0,0,0,3,1,1,0,0
https://www.premiershiprugby.com/match-centre/283184/team-stats,283184,1011,202401,Harlequins,home,203313,Joe Marler,sub 2,17,27,0,2,1,0,0,0,0,0,,0,3,2,0,0,0,0,0,0,0,1,0,0
https://www.premiershiprugby.com/match-centre/283184/team-stats,283184,1011,202401,Harlequins,home,145720,Nathan Jibulu,sub 1,16,27,0,4,4,0,0,2,1,0,,0,7,0,0,0,0,0,0,0,0,0,0,0
https://www.premiershiprugby.com/match-centre/283184/team-stats,283184,1011,202401,Harlequins,home,240631,Chandler Cunningham-South,sub 5,20,27,0,26,3,2,1,1,0,0,,0,3,0,0,0,0,0,0,0,0,2,0,0
https://www.premiershiprugby.com/match-centre/283184/team-stats,283184,1011,202401,Harlequins,home,170454,Dino Lamb,second row,5,21,0,6,3,0,0,0,0,0,,0,9,0,1,0,0,0,0,0,0,0,0,0
https://www.premiershiprugby.com/match-centre/283184/team-stats,283184,1011,202401,Harlequins,home,218331,Jarrod Evans,sub 8,23,0,0,0,0,0,0,0,0,0,,0,0,0,0,0,0,0,0,0,0,0,0,0
https://www.premiershiprugby.com/match-centre/283184/team-stats,283184,1011,202401,Harlequins,home,132185,Joe Launchbury,second row,4,80,0,9,7,0,0,2,1,0,,0,15,0,0,0,0,0,0,2,1,1,0,0
https://www.premiershiprugby.com/match-centre/283184/team-stats,283184,1011,202401,Harlequins,home,143933,Will Evans,flanker,7,64,0,3,5,0,0,5,1,2,,0,14,1,0,1,0,0,0,0,0,0,0,0
https://www.premiershiprugby.com/match-centre/283184/team-stats,283184,1011,202401,Harlequins,home,194110,Rodrigo Isgro,right wing,14,80,2,69,11,4,4,2,0,2,,10,11,3,0,1,0,0,0,0,0,0,0,0
https://www.premiershiprugby.com/match-centre/283184/team-stats,283184,1011,202401,Bath Rugby,away,104322,Sam Underhill,flanker,7,57,0,6,5,0,0,3,1,0,,0,11,1,1,0,0,0,0,3,0,0,0,0
https://www.premiershiprugby.com/match-centre/283184/team-stats,283184,1011,202401,Bath Rugby,away,210178,Will Butt,inside centre,12,80,0,19,7,2,0,1,2,0,,0,10,2,1,0,0,0,0,0,0,0,0,0
https://www.premiershiprugby.com/match-centre/283184/team-stats,283184,1011,202401,Bath Rugby,away,156834,Tom Carr-Smith,sub 6,21,1,0,0,0,0,0,0,0,0,,0,0,0,0,0,0,0,0,0,0,0,0,0
https://www.premiershiprugby.com/match-centre/283184/team-stats,283184,1011,202401,Bath Rugby,away,157863,Finn Russell,fly half,10,80,0,12,4,0,0,20,2,3,,6,5,6,0,9,3,0,0,0,0,0,0,0
https://www.premiershiprugby.com/match-centre/283184/team-stats,283184,1011,202401,Bath Rugby,away,179563,Joe Cokanasiga,right wing,14,80,0,20,4,1,0,0,0,0,,0,4,2,0,0,0,0,0,0,0,1,0,0
https://www.premiershiprugby.com/match-centre/283184/team-stats,283184,1011,202401,Bath Rugby,away,108714,Will Stuart,tighthead prop,3,49,0,13,8,0,0,5,1,0,,0,3,0,0,0,0,0,0,0,0,0,0,0
https://www.premiershiprugby.com/match-centre/283184/team-stats,283184,1011,202401,Bath Rugby,away,131724,Ollie Lawrence,outside centre,13,80,0,25,6,1,0,4,0,1,,0,12,3,2,2,0,0,0,0,0,0,0,0
https://www.premiershiprugby.com/match-centre/283184/team-stats,283184,1011,202401,Bath Rugby,away,145484,Alfie Barbeary,number eight,8,10,0,17,4,0,0,1,0,1,,0,0,0,0,0,0,0,0,0,0,0,0,0
https://www.premiershiprugby.com/match-centre/283184/team-stats,283184,1011,202401,Bath Rugby,away,112684,Guy Pepper,flanker,6,70,1,7,7,1,0,2,0,1,,5,8,0,3,1,0,0,0,3,0,2,0,1
https://www.premiershiprugby.com/match-centre/283184/team-stats,283184,1011,202401,Bath Rugby,away,130283,Beno Obano,loosehead prop,1,57,0,4,5,0,0,2,0,0,,0,9,3,0,0,0,0,0,0,0,0,0,0
https://www.premiershiprugby.com/match-centre/283184/team-stats,283184,1011,202401,Bath Rugby,away,143754,Niall Annett,sub 1,16,16,0,0,1,0,0,0,0,0,,0,2,0,0,0,0,0,0,0,0,0,0,0
https://www.premiershiprugby.com/match-centre/283184/team-stats,283184,1011,202401,Bath Rugby,away,243600,Austin Emens,left wing,11,64,0,61,8,4,1,0,0,0,,0,6,1,1,1,0,0,0,0,0,1,0,0
https://www.premiershiprugby.com/match-centre/283184/team-stats,283184,1011,202401,Bath Rugby,away,111662,Ben Spencer,scrum half,9,80,0,3,4,0,0,58,0,1,,0,6,2,0,13,0,0,0,0,0,0,0,0
https://www.premiershiprugby.com/match-centre/283184/team-stats,283184,1011,202401,Bath Rugby,away,225778,Tom Dunn,hooker,2,53,0,10,10,1,0,2,0,0,,0,5,0,0,0,0,0,0,0,0,1,0,1
https://www.premiershiprugby.com/match-centre/283184/team-stats,283184,1011,202401,Bath Rugby,away,184945,Ted Hill,sub 5,20,23,0,4,3,0,0,1,0,0,,0,4,0,1,0,0,0,0,3,0,0,0,0
https://www.premiershiprugby.com/match-centre/283184/team-stats,283184,1011,202401,Bath Rugby,away,116821,Francois van Wyk,sub 2,17,23,1,1,1,0,0,0,0,0,,5,1,0,0,0,0,0,0,0,0,0,0,0
https://www.premiershiprugby.com/match-centre/283184/team-stats,283184,1011,202401,Bath Rugby,away,217750,Ewan Richards,sub 4,19,23,0,0,1,0,0,1,0,0,,0,1,0,0,0,0,0,0,0,0,0,0,0
https://www.premiershiprugby.com/match-centre/283184/team-stats,283184,1011,202401,Bath Rugby,away,220475,Orlando Bailey,sub 7,22,16,0,6,2,3,0,2,0,0,,0,0,0,0,0,0,0,0,0,0,0,0,0
https://www.premiershiprugby.com/match-centre/283184/team-stats,283184,1011,202401,Bath Rugby,away,104572,Thomas du Toit,sub 3,18,31,1,1,1,2,1,0,0,0,,5,4,0,0,0,0,0,0,0,0,1,0,0
https://www.premiershiprugby.com/match-centre/283184/team-stats,283184,1011,202401,Bath Rugby,away,155514,Jaco Coetzee,sub 8,23,70,0,59,15,3,1,5,0,1,,0,11,1,0,0,0,0,0,0,0,0,0,0
https://www.premiershiprugby.com/match-centre/283184/team-stats,283184,1011,202401,Bath Rugby,away,203360,Quinn Roux,second row,4,57,0,0,4,0,0,2,0,0,,0,9,3,0,0,0,0,0,1,0,0,0,0
https://www.premiershiprugby.com/match-centre/283184/team-stats,283184,1011,202401,Bath Rugby,away,196415,Charlie Ewels,second row,5,80,0,6,5,0,0,1,0,1,,0,10,1,0,0,0,0,0,1,0,0,0,0
https://www.premiershiprugby.com/match-centre/283184/team-stats,283184,1011,202401,Bath Rugby,away,153790,Tom de Glanville,full back,15,79,1,28,10,4,3,5,1,2,,5,2,3,0,1,0,0,0,0,0,0,0,0
https://www.premiershiprugby.com/match-centre/283188/team-stats,283188,1011,202401,Bath Rugby,home,123233,Ethan Staddon,sub 5,20,9,0,0,0,0,0,1,0,0,,0,2,0,1,0,0,0,0,0,0,0,0,0
https://www.premiershiprugby.com/match-centre/283188/team-stats,283188,1011,202401,Bath Rugby,home,210178,Will Butt,inside centre,12,51,0,9,7,3,0,2,0,0,,0,5,2,0,1,0,0,0,0,0,1,1,0
https://www.premiershiprugby.com/match-centre/283188/team-stats,283188,1011,202401,Bath Rugby,home,156834,Tom Carr-Smith,sub 6,21,22,1,21,4,1,1,22,0,0,,5,1,0,1,4,0,0,0,0,0,0,0,0
https://www.premiershiprugby.com/match-centre/283188/team-stats,283188,1011,202401,Bath Rugby,home,157863,Finn Russell,fly half,10,80,0,9,14,3,0,23,6,2,,10,6,1,0,6,5,0,0,0,0,0,0,0
https://www.premiershiprugby.com/match-centre/283188/team-stats,283188,1011,202401,Bath Rugby,home,195208,Miles Reid,number eight,8,58,1,21,9,0,1,0,0,1,,5,8,1,2,0,0,0,0,0,0,1,0,0
https://www.premiershiprugby.com/match-centre/283188/team-stats,283188,1011,202401,Bath Rugby,home,179563,Joe Cokanasiga,right wing,14,80,0,21,7,1,1,1,0,4,,0,3,0,0,0,0,0,0,0,0,0,0,0
https://www.premiershiprugby.com/match-centre/283188/team-stats,283188,1011,202401,Bath Rugby,home,112684,Guy Pepper,flanker,7,49,0,11,5,3,0,3,0,0,,0,3,4,0,0,0,0,0,1,0,1,0,0
https://www.premiershiprugby.com/match-centre/283188/team-stats,283188,1011,202401,Bath Rugby,home,130283,Beno Obano,loosehead prop,1,54,0,4,3,0,0,0,0,0,,0,1,1,0,0,0,0,0,0,0,1,0,0
https://www.premiershiprugby.com/match-centre/283188/team-stats,283188,1011,202401,Bath Rugby,home,143754,Niall Annett,sub 1,16,22,0,0,5,0,0,1,0,0,,0,2,0,0,0,0,0,0,0,0,0,0,0
https://www.premiershiprugby.com/match-centre/283188/team-stats,283188,1011,202401,Bath Rugby,home,160272,Will Muir,left wing,11,61,1,65,6,2,1,1,0,0,,5,2,2,2,0,0,0,0,0,0,0,0,0
https://www.premiershiprugby.com/match-centre/283188/team-stats,283188,1011,202401,Bath Rugby,home,202868,Louis Schreuder,scrum half,9,58,0,2,2,0,0,36,0,1,,0,3,2,0,11,0,0,0,0,0,0,0,0
https://www.premiershiprugby.com/match-centre/283188/team-stats,283188,1011,202401,Bath Rugby,home,225778,Tom Dunn,hooker,2,58,0,1,3,0,0,1,0,0,,0,10,1,0,0,0,0,0,0,0,0,0,0
https://www.premiershiprugby.com/match-centre/283188/team-stats,283188,1011,202401,Bath Rugby,home,184945,Ted Hill,flanker,6,71,1,44,7,6,1,4,1,1,,5,8,1,0,0,0,0,0,1,0,0,0,0
https://www.premiershiprugby.com/match-centre/283188/team-stats,283188,1011,202401,Bath Rugby,home,105205,Ross Molony,second row,5,80,0,6,11,0,0,6,0,1,,0,12,2,0,0,0,0,0,7,0,0,0,0
https://www.premiershiprugby.com/match-centre/283188/team-stats,283188,1011,202401,Bath Rugby,home,116821,Francois van Wyk,sub 2,17,26,1,1,3,0,0,1,0,0,,5,2,1,0,0,0,0,0,0,0,1,0,0
https://www.premiershiprugby.com/match-centre/283188/team-stats,283188,1011,202401,Bath Rugby,home,239292,Billy Sela,sub 3,18,9,0,29,5,2,0,1,1,0,,0,1,0,0,0,0,0,0,0,0,0,0,0
https://www.premiershiprugby.com/match-centre/283188/team-stats,283188,1011,202401,Bath Rugby,home,220475,Orlando Bailey,sub 7,22,19,0,0,1,0,0,3,1,0,,0,0,0,0,0,0,0,0,0,0,0,0,0
https://www.premiershiprugby.com/match-centre/283188/team-stats,283188,1011,202401,Bath Rugby,home,104572,Thomas du Toit,tighthead prop,3,71,1,18,7,3,1,2,1,0,,5,9,1,0,0,0,0,0,0,0,1,0,0
https://www.premiershiprugby.com/match-centre/283188/team-stats,283188,1011,202401,Bath Rugby,home,155514,Jaco Coetzee,sub 8,23,31,0,39,12,1,0,1,1,1,,0,4,1,1,0,0,0,0,0,0,0,0,0
https://www.premiershiprugby.com/match-centre/283188/team-stats,283188,1011,202401,Bath Rugby,home,203360,Quinn Roux,second row,4,80,0,5,5,0,0,2,1,1,,0,9,2,1,0,0,0,0,2,0,0,0,0
https://www.premiershiprugby.com/match-centre/283188/team-stats,283188,1011,202401,Bath Rugby,home,100192,Josh Bayliss,sub 4,19,22,0,0,4,0,0,2,0,0,,0,3,1,1,0,0,0,0,3,0,0,0,0
https://www.premiershiprugby.com/match-centre/283188/team-stats,283188,1011,202401,Bath Rugby,home,153790,Tom de Glanville,full back,15,80,0,16,7,1,0,2,1,1,,0,4,1,1,0,0,0,0,0,0,1,0,0
https://www.premiershiprugby.com/match-centre/283188/team-stats,283188,1011,202401,Bath Rugby,home,233245,Louie Hennessey,outside centre,13,79,0,6,2,0,0,1,1,0,,0,8,2,0,0,0,0,0,0,0,0,0,0
https://www.premiershiprugby.com/match-centre/283188/team-stats,283188,1011,202401,Sale Sharks,away,212707,Ernst van Rhyn,flanker,6,24,0,3,3,0,0,0,0,0,,0,1,0,0,0,0,0,0,0,0,0,0,0
https://www.premiershiprugby.com/match-centre/283188/team-stats,283188,1011,202401,Sale Sharks,away,100995,Hyron Andrews,second row,5,40,0,0,0,0,0,1,0,0,,0,6,2,0,0,0,0,0,1,0,0,0,0
https://www.premiershiprugby.com/match-centre/283188/team-stats,283188,1011,202401,Sale Sharks,away,207429,Jean-Luc du Preez,sub 8,23,56,0,10,7,2,0,4,1,1,,0,13,0,0,0,0,0,0,1,0,0,0,0
https://www.premiershiprugby.com/match-centre/283188/team-stats,283188,1011,202401,Sale Sharks,away,206761,Tadgh McElroy,hooker,2,49,0,2,2,0,0,0,0,2,,0,7,2,0,0,0,0,0,0,0,0,0,0
https://www.premiershiprugby.com/match-centre/283188/team-stats,283188,1011,202401,Sale Sharks,away,169770,Dan du Preez,number eight,8,80,0,33,11,1,0,2,2,0,,0,12,3,1,0,0,0,0,2,0,2,0,0
https://www.premiershiprugby.com/match-centre/283188/team-stats,283188,1011,202401,Sale Sharks,away,100557,Gus Warr,scrum half,9,55,0,6,4,0,0,34,0,1,,0,4,3,0,6,0,0,0,0,0,0,0,0
https://www.premiershiprugby.com/match-centre/283188/team-stats,283188,1011,202401,Sale Sharks,away,113103,Arron Reed,left wing,11,80,0,44,9,2,0,2,0,1,,0,4,1,0,2,0,0,0,0,0,0,0,0
https://www.premiershiprugby.com/match-centre/283188/team-stats,283188,1011,202401,Sale Sharks,away,109874,Ethan Caine,sub 1,16,31,0,1,1,0,0,1,0,0,,0,11,0,0,0,0,0,0,0,0,0,0,0
https://www.premiershiprugby.com/match-centre/283188/team-stats,283188,1011,202401,Sale Sharks,away,205075,Luke James,outside centre,13,80,0,30,8,2,2,3,0,1,,0,4,2,0,0,0,0,0,0,0,0,0,0
https://www.premiershiprugby.com/match-centre/283188/team-stats,283188,1011,202401,Sale Sharks,away,204307,Le Roux Roets,sub 4,19,31,0,17,5,2,0,4,2,0,,0,6,0,0,0,0,0,0,0,0,1,0,0
https://www.premiershiprugby.com/match-centre/283188/team-stats,283188,1011,202401,Sale Sharks,away,199800,Robert du Preez,fly half,10,80,0,12,8,4,0,20,0,0,,8,7,0,0,3,1,2,0,0,0,0,0,0
https://www.premiershiprugby.com/match-centre/283188/team-stats,283188,1011,202401,Sale Sharks,away,203831,Joe Carpenter,full back,15,80,0,43,9,7,1,5,3,2,,0,2,2,0,2,0,0,0,0,0,0,0,0
https://www.premiershiprugby.com/match-centre/283188/team-stats,283188,1011,202401,Sale Sharks,away,205975,Sam Dugdale,flanker,7,75,0,9,7,2,0,4,1,2,,0,19,0,1,0,0,0,0,0,0,0,0,0
https://www.premiershiprugby.com/match-centre/283188/team-stats,283188,1011,202401,Sale Sharks,away,147029,Tumy Onasanya,sub 2,17,12,0,0,0,0,0,0,0,0,,0,3,0,0,0,0,0,0,0,0,0,0,0
https://www.premiershiprugby.com/match-centre/283188/team-stats,283188,1011,202401,Sale Sharks,away,170933,Nye Thomas,sub 6,21,11,0,2,1,0,0,11,0,1,,0,0,0,0,1,0,0,0,0,0,1,1,0
https://www.premiershiprugby.com/match-centre/283188/team-stats,283188,1011,202401,Sale Sharks,away,221308,Si McIntyre,loosehead prop,1,68,0,0,3,1,0,1,1,0,,0,9,0,0,0,0,0,0,1,0,0,0,0
https://www.premiershiprugby.com/match-centre/283188/team-stats,283188,1011,202401,Sale Sharks,away,123738,James Harper,tighthead prop,3,42,0,0,2,0,0,1,0,0,,0,13,5,0,0,0,0,0,0,0,3,0,0
https://www.premiershiprugby.com/match-centre/283188/team-stats,283188,1011,202401,Sale Sharks,away,131065,Ben Bamber,second row,4,49,0,3,6,0,0,1,1,1,,0,6,2,0,0,0,0,0,2,0,0,0,0
https://www.premiershiprugby.com/match-centre/283188/team-stats,283188,1011,202401,Sale Sharks,away,239482,Asher Opoku-Fordjour,sub 3,18,38,0,19,4,2,1,3,1,0,,0,5,0,0,0,0,0,0,0,0,1,0,0
https://www.premiershiprugby.com/match-centre/283188/team-stats,283188,1011,202401,Sale Sharks,away,110588,Josh Beaumont,sub 5,20,40,0,1,4,0,0,1,0,1,,0,6,0,0,0,0,0,0,3,0,0,0,0
https://www.premiershiprugby.com/match-centre/283188/team-stats,283188,1011,202401,Sale Sharks,away,191866,Sam Bedlow,inside centre,12,52,0,0,0,0,0,2,0,1,,0,7,1,0,1,0,0,0,0,0,0,0,0
https://www.premiershiprugby.com/match-centre/283188/team-stats,283188,1011,202401,Sale Sharks,away,168031,Will Addison,right wing,14,80,1,59,10,1,2,0,0,5,,5,5,2,1,1,0,0,0,0,0,0,0,0
https://www.premiershiprugby.com/match-centre/283188/team-stats,283188,1011,202401,Sale Sharks,away,201247,Tom Curtis,sub 7,22,28,0,5,4,0,0,6,0,0,,0,2,1,0,1,0,0,0,0,0,0,0,0
https://www.premiershiprugby.com/match-centre/283194/team-stats,283194,1011,202401,Bath Rugby,home,210178,Will Butt,inside centre,12,68,0,6,7,1,0,2,0,1,,0,2,0,0,0,0,0,0,0,0,0,0,0
https://www.premiershiprugby.com/match-centre/283194/team-stats,283194,1011,202401,Bath Rugby,home,137026,Kieran Verden,sub 3,18,0,0,0,0,0,0,0,0,0,,0,2,1,0,0,0,0,0,0,0,0,0,0
https://www.premiershiprugby.com/match-centre/283194/team-stats,283194,1011,202401,Bath Rugby,home,157863,Finn Russell,fly half,10,80,0,18,4,0,0,12,1,1,,4,6,1,0,12,2,0,0,0,0,0,0,0
https://www.premiershiprugby.com/match-centre/283194/team-stats,283194,1011,202401,Bath Rugby,home,195208,Miles Reid,number eight,8,59,1,13,7,0,0,0,0,1,,5,3,0,0,0,0,0,0,2,0,1,0,0
https://www.premiershiprugby.com/match-centre/283194/team-stats,283194,1011,202401,Bath Rugby,home,179563,Joe Cokanasiga,right wing,14,80,0,10,3,0,0,2,1,0,,0,3,2,1,0,0,0,0,0,0,0,0,0
https://www.premiershiprugby.com/match-centre/283194/team-stats,283194,1011,202401,Bath Rugby,home,108714,Will Stuart,tighthead prop,3,61,0,0,4,0,0,0,0,1,,0,3,0,0,0,0,0,0,0,0,0,0,0
https://www.premiershiprugby.com/match-centre/283194/team-stats,283194,1011,202401,Bath Rugby,home,154219,Cameron Redpath,sub 7,22,12,0,3,2,1,0,2,0,0,,0,1,0,1,0,0,0,0,0,0,0,0,0
https://www.premiershiprugby.com/match-centre/283194/team-stats,283194,1011,202401,Bath Rugby,home,131724,Ollie Lawrence,outside centre,13,80,0,31,3,3,1,2,1,1,,0,3,1,0,0,0,0,0,0,0,1,0,1
https://www.premiershiprugby.com/match-centre/283194/team-stats,283194,1011,202401,Bath Rugby,home,145484,Alfie Barbeary,sub 8,23,5,0,9,3,3,0,0,0,0,,0,0,0,0,0,0,0,0,0,0,0,0,0
https://www.premiershiprugby.com/match-centre/283194/team-stats,283194,1011,202401,Bath Rugby,home,112684,Guy Pepper,flanker,7,80,1,10,10,2,0,1,0,0,,5,10,1,1,0,0,0,0,2,0,2,0,0
https://www.premiershiprugby.com/match-centre/283194/team-stats,283194,1011,202401,Bath Rugby,home,143754,Niall Annett,sub 1,16,19,1,0,3,0,0,0,0,0,,5,3,0,0,0,0,0,0,0,0,0,0,0
https://www.premiershiprugby.com/match-centre/283194/team-stats,283194,1011,202401,Bath Rugby,home,111662,Ben Spencer,scrum half,9,65,0,59,3,1,3,26,0,1,,0,2,1,0,11,0,0,0,0,0,1,0,1
https://www.premiershiprugby.com/match-centre/283194/team-stats,283194,1011,202401,Bath Rugby,home,160272,Will Muir,left wing,11,80,0,43,5,1,2,2,0,1,,0,2,0,0,1,0,0,0,0,0,0,0,0
https://www.premiershiprugby.com/match-centre/283194/team-stats,283194,1011,202401,Bath Rugby,home,202868,Louis Schreuder,sub 6,21,4,0,0,1,0,0,7,0,1,,0,0,0,0,0,0,0,0,0,0,1,0,0
https://www.premiershiprugby.com/match-centre/283194/team-stats,283194,1011,202401,Bath Rugby,home,225778,Tom Dunn,hooker,2,61,0,3,4,0,0,1,0,0,,0,5,1,0,0,0,0,0,0,0,0,0,0
https://www.premiershiprugby.com/match-centre/283194/team-stats,283194,1011,202401,Bath Rugby,home,184945,Ted Hill,flanker,6,66,0,31,11,2,0,3,1,1,,0,1,3,0,0,0,0,0,7,2,1,0,1
https://www.premiershiprugby.com/match-centre/283194/team-stats,283194,1011,202401,Bath Rugby,home,116821,Francois van Wyk,sub 2,17,19,0,0,1,0,0,0,0,0,,0,1,0,0,0,0,0,0,0,0,0,0,0
https://www.premiershiprugby.com/match-centre/283194/team-stats,283194,1011,202401,Bath Rugby,home,105205,Ross Molony,sub 4,19,21,0,0,3,0,0,1,0,0,,0,0,0,0,0,0,0,0,0,0,0,0,0
https://www.premiershiprugby.com/match-centre/283194/team-stats,283194,1011,202401,Bath Rugby,home,104572,Thomas du Toit,loosehead prop,1,80,0,18,7,0,0,1,0,1,,0,6,0,1,0,0,0,0,1,1,4,0,0
https://www.premiershiprugby.com/match-centre/283194/team-stats,283194,1011,202401,Bath Rugby,home,203360,Quinn Roux,second row,4,59,0,1,2,0,0,0,0,1,,0,5,0,0,0,0,0,0,0,0,1,0,0
https://www.premiershiprugby.com/match-centre/283194/team-stats,283194,1011,202401,Bath Rugby,home,196415,Charlie Ewels,second row,5,80,0,0,6,0,0,2,0,0,,0,13,0,0,0,0,0,0,6,0,0,0,0
https://www.premiershiprugby.com/match-centre/283194/team-stats,283194,1011,202401,Bath Rugby,home,100192,Josh Bayliss,sub 5,20,16,0,26,4,2,1,0,0,0,,0,2,0,0,0,0,0,0,0,0,0,0,0
https://www.premiershiprugby.com/match-centre/283194/team-stats,283194,1011,202401,Bath Rugby,home,153790,Tom de Glanville,full back,15,80,0,10,5,0,0,13,0,3,,0,3,4,1,2,0,0,0,0,0,1,0,0
https://www.premiershiprugby.com/match-centre/283194/team-stats,283194,1011,202401,Exeter Chiefs,away,102180,Ben Hammersley,sub 8,23,12,0,0,0,0,0,0,0,0,,0,1,3,0,0,0,0,0,0,0,0,0,0
https://www.premiershiprugby.com/match-centre/283194/team-stats,283194,1011,202401,Exeter Chiefs,away,184679,Tommy Wyatt,left wing,11,80,0,6,4,0,0,1,0,3,,0,5,0,1,3,0,0,0,0,0,2,0,0
https://www.premiershiprugby.com/match-centre/283194/team-stats,283194,1011,202401,Exeter Chiefs,away,132680,Jack Innard,sub 1,16,20,0,0,1,0,0,0,0,0,,0,7,0,0,0,0,0,0,0,0,0,0,0
https://www.premiershiprugby.com/match-centre/283194/team-stats,283194,1011,202401,Exeter Chiefs,away,171944,Will Becconsall,sub 6,21,55,0,24,3,1,1,22,0,0,,0,3,1,1,5,0,0,0,0,0,1,0,0
https://www.premiershiprugby.com/match-centre/283194/team-stats,283194,1011,202401,Exeter Chiefs,away,128743,Stu Townsend,scrum half,9,25,0,0,1,1,0,13,0,0,,0,2,0,0,3,0,0,0,0,0,0,0,0
https://www.premiershiprugby.com/match-centre/283194/team-stats,283194,1011,202401,Exeter Chiefs,away,211147,Tamati Tua,outside centre,13,80,0,4,4,0,0,3,0,0,,0,1,2,0,0,0,0,0,0,0,0,0,0
https://www.premiershiprugby.com/match-centre/283194/team-stats,283194,1011,202401,Exeter Chiefs,away,103625,Dan Frost,hooker,2,60,0,2,5,0,0,4,0,0,,0,9,0,0,1,0,0,0,0,0,2,0,0
https://www.premiershiprugby.com/match-centre/283194/team-stats,283194,1011,202401,Exeter Chiefs,away,208971,Franco Molina,sub 4,19,10,0,0,0,0,0,0,0,0,,0,1,0,0,0,0,0,0,1,0,0,0,0
https://www.premiershiprugby.com/match-centre/283194/team-stats,283194,1011,202401,Exeter Chiefs,away,201738,Will Goodrick-Clarke,sub 2,17,20,0,0,1,0,0,0,0,0,,0,5,0,0,0,0,0,0,0,0,0,0,0
https://www.premiershiprugby.com/match-centre/283194/team-stats,283194,1011,202401,Exeter Chiefs,away,125136,Will Haydon-Wood,sub 7,22,0,0,0,0,0,0,0,0,0,,0,0,0,0,0,0,0,0,0,0,0,0,0
https://www.premiershiprugby.com/match-centre/283194/team-stats,283194,1011,202401,Exeter Chiefs,away,188174,Jimmy Roots,sub 3,18,20,0,0,0,0,0,0,0,0,,0,6,0,0,0,0,0,0,0,0,0,0,0
https://www.premiershiprugby.com/match-centre/283194/team-stats,283194,1011,202401,Exeter Chiefs,away,172979,Jacques Vermeulen,flanker,7,68,1,7,6,0,0,1,0,0,,5,11,1,0,0,0,0,0,0,0,0,0,0
https://www.premiershiprugby.com/match-centre/283194/team-stats,283194,1011,202401,Exeter Chiefs,away,224659,Scott Sio,loosehead prop,1,60,0,3,5,0,0,0,0,0,,0,7,0,0,0,0,0,0,0,0,0,0,0
https://www.premiershiprugby.com/match-centre/283194/team-stats,283194,1011,202401,Exeter Chiefs,away,237233,Ross Vintcent,sub 5,20,12,0,0,1,0,0,0,0,0,,0,3,0,0,0,0,0,0,0,0,0,0,0
https://www.premiershiprugby.com/match-centre/283194/team-stats,283194,1011,202401,Exeter Chiefs,away,169495,Josh Hodge,full back,15,80,0,56,4,4,1,2,0,1,,0,2,0,1,3,0,0,0,0,0,0,0,0
https://www.premiershiprugby.com/match-centre/283194/team-stats,283194,1011,202401,Exeter Chiefs,away,170455,Greg Fisilau,number eight,8,80,1,14,9,1,0,4,0,0,,5,18,0,0,0,0,0,0,0,0,1,0,0
https://www.premiershiprugby.com/match-centre/283194/team-stats,283194,1011,202401,Exeter Chiefs,away,160437,Marcus Street,tighthead prop,3,60,0,0,0,0,0,0,0,0,,0,6,0,0,0,0,0,0,0,0,2,0,0
https://www.premiershiprugby.com/match-centre/283194/team-stats,283194,1011,202401,Exeter Chiefs,away,233237,Immanuel Feyi-Waboso,right wing,14,80,0,83,6,6,2,2,1,3,,0,4,0,1,1,0,0,0,0,0,1,0,0
https://www.premiershiprugby.com/match-centre/283194/team-stats,283194,1011,202401,Exeter Chiefs,away,112986,Rus Tuima,second row,4,70,0,0,3,0,0,2,0,0,,0,11,0,0,0,0,0,0,2,0,1,0,0
https://www.premiershiprugby.com/match-centre/283194/team-stats,283194,1011,202401,Exeter Chiefs,away,243675,Will Rigg,inside centre,12,68,0,49,6,0,1,0,0,1,,0,3,0,0,0,0,0,0,0,0,0,0,0
https://www.premiershiprugby.com/match-centre/283194/team-stats,283194,1011,202401,Exeter Chiefs,away,213658,Richard Capstick,second row,5,80,0,0,1,0,0,3,0,1,,0,9,2,0,0,0,0,0,4,0,1,0,0
https://www.premiershiprugby.com/match-centre/283194/team-stats,283194,1011,202401,Exeter Chiefs,away,138016,Henry Slade,fly half,10,80,0,6,3,1,0,7,0,0,,5,10,5,0,7,1,1,0,0,0,0,0,0
https://www.premiershiprugby.com/match-centre/283194/team-stats,283194,1011,202401,Exeter Chiefs,away,124575,Ethan Roots,flanker,6,80,0,13,8,1,0,2,0,1,,0,7,2,1,0,0,0,0,3,1,2,0,0
https://www.premiershiprugby.com/match-centre/283198/team-stats,283198,1011,202401,Newcastle Falcons,home,140708,Tom Gordon,flanker,7,75,0,5,5,1,0,2,1,0,,0,20,0,0,1,0,0,0,0,0,0,0,0
https://www.premiershiprugby.com/match-centre/283198/team-stats,283198,1011,202401,Newcastle Falcons,home,207425,Philip van der Walt,sub 4,19,20,0,1,3,0,0,0,0,0,,0,8,0,0,0,0,0,0,0,0,1,0,0
https://www.premiershiprugby.com/match-centre/283198/team-stats,283198,1011,202401,Newcastle Falcons,home,204296,Kieran Wilkinson,sub 7,22,10,0,3,2,0,0,2,0,0,,0,0,1,0,0,0,0,0,0,0,0,0,0
https://www.premiershiprugby.com/match-centre/283198/team-stats,283198,1011,202401,Newcastle Falcons,home,168872,Callum Chick,number eight,8,80,0,13,11,3,0,7,0,1,,0,22,1,2,0,0,0,0,1,0,0,0,0
https://www.premiershiprugby.com/match-centre/283198/team-stats,283198,1011,202401,Newcastle Falcons,home,205702,Brett Connon,fly half,10,80,0,25,6,2,1,19,0,0,,5,7,1,0,4,1,1,0,0,0,0,0,0
https://www.premiershiprugby.com/match-centre/283198/team-stats,283198,1011,202401,Newcastle Falcons,home,219782,Freddie Lockwood,flanker,6,80,1,25,12,1,0,0,0,0,,5,20,3,0,0,0,0,0,0,0,1,0,0
https://www.premiershiprugby.com/match-centre/283198/team-stats,283198,1011,202401,Newcastle Falcons,home,133094,Hugh O'Sullivan,sub 6,21,9,0,3,1,0,0,11,0,0,,0,0,0,1,1,0,0,0,0,0,0,0,0
https://www.premiershiprugby.com/match-centre/283198/team-stats,283198,1011,202401,Newcastle Falcons,home,239563,Ben Redshaw,full back,15,70,0,67,5,1,0,1,1,1,,0,2,0,0,2,0,0,0,0,0,0,0,0
https://www.premiershiprugby.com/match-centre/283198/team-stats,283198,1011,202401,Newcastle Falcons,home,207081,Ollie Fletcher,sub 1,16,40,0,8,6,0,0,1,0,0,,0,7,1,0,0,0,0,0,0,0,0,0,0
https://www.premiershiprugby.com/match-centre/283198/team-stats,283198,1011,202401,Newcastle Falcons,home,200621,Richard Palframan,tighthead prop,3,75,0,1,5,0,0,2,1,1,,0,10,0,0,0,0,0,0,0,0,0,0,0
https://www.premiershiprugby.com/match-centre/283198/team-stats,283198,1011,202401,Newcastle Falcons,home,213140,Kiran McDonald Seran,second row,5,60,0,0,7,0,0,1,0,1,,0,18,1,0,0,0,0,0,6,0,0,0,0
https://www.premiershiprugby.com/match-centre/283198/team-stats,283198,1011,202401,Newcastle Falcons,home,127601,Cameron Hutchison,inside centre,12,44,0,12,3,0,0,2,0,0,,0,7,1,0,0,0,0,0,0,0,0,0,0
https://www.premiershiprugby.com/match-centre/283198/team-stats,283198,1011,202401,Newcastle Falcons,home,205585,Murray McCallum,loosehead prop,1,73,0,0,1,0,0,1,0,0,,0,13,2,0,0,0,0,0,0,0,3,0,0
https://www.premiershiprugby.com/match-centre/283198/team-stats,283198,1011,202401,Newcastle Falcons,home,154551,Sebastian de Chaves,second row,4,80,0,2,2,0,0,2,0,0,,0,14,3,0,0,0,0,0,6,1,0,0,0
https://www.premiershiprugby.com/match-centre/283198/team-stats,283198,1011,202401,Newcastle Falcons,home,170103,Callum Hancock,sub 3,18,5,0,0,0,0,0,0,0,0,,0,2,0,0,0,0,0,0,0,0,0,0,0
https://www.premiershiprugby.com/match-centre/283198/team-stats,283198,1011,202401,Newcastle Falcons,home,137624,Sam Stuart,scrum half,9,71,0,18,3,2,0,31,0,1,,0,5,3,0,15,0,0,0,0,0,0,0,0
https://www.premiershiprugby.com/match-centre/283198/team-stats,283198,1011,202401,Newcastle Falcons,home,190680,Ollie Leatherbarrow,sub 5,20,5,0,6,1,0,0,0,0,0,,0,4,1,0,0,0,0,0,1,0,0,0,0
https://www.premiershiprugby.com/match-centre/283198/team-stats,283198,1011,202401,Newcastle Falcons,home,143126,Ben Stevenson,left wing,11,80,0,24,6,2,0,1,0,1,,0,5,1,2,2,0,0,0,0,0,0,0,0
https://www.premiershiprugby.com/match-centre/283198/team-stats,283198,1011,202401,Newcastle Falcons,home,222549,Oli Spencer,sub 8,23,36,0,6,4,0,0,2,1,0,,0,2,0,0,1,0,0,0,0,0,0,0,0
https://www.premiershiprugby.com/match-centre/283198/team-stats,283198,1011,202401,Newcastle Falcons,home,221884,Adam Radwan,right wing,14,80,0,51,5,5,0,1,0,2,,0,5,2,1,1,0,0,0,0,0,0,0,0
https://www.premiershiprugby.com/match-centre/283198/team-stats,283198,1011,202401,Newcastle Falcons,home,199072,Alex Hearle,outside centre,13,80,0,21,7,2,1,2,2,2,,0,6,2,0,0,0,0,0,0,0,0,0,0
https://www.premiershiprugby.com/match-centre/283198/team-stats,283198,1011,202401,Newcastle Falcons,home,160415,Jamie Blamire,hooker,2,40,1,3,2,1,0,0,0,1,,5,10,2,0,1,0,0,0,0,0,0,0,0
https://www.premiershiprugby.com/match-centre/283198/team-stats,283198,1011,202401,Newcastle Falcons,home,239550,Mike Rewcastle,sub 2,17,7,0,0,0,0,0,0,0,0,,0,1,0,0,0,0,0,0,0,0,0,0,0
https://www.premiershiprugby.com/match-centre/283198/team-stats,283198,1011,202401,Bath Rugby,away,104322,Sam Underhill,sub 5,20,10,1,11,4,0,0,1,0,0,,5,2,0,0,0,0,0,0,0,0,0,0,0
https://www.premiershiprugby.com/match-centre/283198/team-stats,283198,1011,202401,Bath Rugby,away,210178,Will Butt,sub 7,22,5,0,0,0,0,0,1,0,0,,0,0,0,0,0,0,0,0,0,0,0,0,0
https://www.premiershiprugby.com/match-centre/283198/team-stats,283198,1011,202401,Bath Rugby,away,156834,Tom Carr-Smith,sub 6,21,8,0,5,3,0,0,5,0,1,,0,0,0,0,0,0,0,0,0,0,0,0,0
https://www.premiershiprugby.com/match-centre/283198/team-stats,283198,1011,202401,Bath Rugby,away,157863,Finn Russell,fly half,10,75,1,42,12,1,0,17,2,2,,15,6,1,0,10,5,0,0,0,0,0,0,0
https://www.premiershiprugby.com/match-centre/283198/team-stats,283198,1011,202401,Bath Rugby,away,179563,Joe Cokanasiga,right wing,14,80,0,34,7,2,1,2,1,2,,0,2,1,0,2,0,0,0,0,0,2,0,0
https://www.premiershiprugby.com/match-centre/283198/team-stats,283198,1011,202401,Bath Rugby,away,154219,Cameron Redpath,inside centre,12,80,0,24,11,2,1,6,2,1,,0,8,1,0,0,0,0,0,0,0,1,0,0
https://www.premiershiprugby.com/match-centre/283198/team-stats,283198,1011,202401,Bath Rugby,away,108714,Will Stuart,tighthead prop,3,57,1,11,8,0,0,0,0,0,,5,5,2,1,0,0,0,0,0,0,1,0,0
https://www.premiershiprugby.com/match-centre/283198/team-stats,283198,1011,202401,Bath Rugby,away,131724,Ollie Lawrence,outside centre,13,80,0,80,7,3,2,2,2,3,,0,4,3,0,0,0,0,0,0,0,0,0,0
https://www.premiershiprugby.com/match-centre/283198/team-stats,283198,1011,202401,Bath Rugby,away,145484,Alfie Barbeary,number eight,8,57,1,55,16,7,1,5,1,1,,5,9,1,1,0,0,0,0,0,0,2,0,0
https://www.premiershiprugby.com/match-centre/283198/team-stats,283198,1011,202401,Bath Rugby,away,112684,Guy Pepper,flanker,7,80,0,10,9,0,0,2,0,0,,0,19,0,1,0,0,0,0,1,0,1,0,0
https://www.premiershiprugby.com/match-centre/283198/team-stats,283198,1011,202401,Bath Rugby,away,143754,Niall Annett,sub 1,16,23,0,4,3,1,0,0,0,0,,0,5,0,0,0,0,0,0,0,0,0,0,0
https://www.premiershiprugby.com/match-centre/283198/team-stats,283198,1011,202401,Bath Rugby,away,130283,Beno Obano,sub 2,17,23,0,2,3,0,0,0,0,0,,0,4,0,0,0,0,0,0,0,0,2,0,0
https://www.premiershiprugby.com/match-centre/283198/team-stats,283198,1011,202401,Bath Rugby,away,111662,Ben Spencer,scrum half,9,72,0,4,3,0,0,43,1,0,,0,2,2,0,8,0,0,0,0,0,0,0,0
https://www.premiershiprugby.com/match-centre/283198/team-stats,283198,1011,202401,Bath Rugby,away,160272,Will Muir,left wing,11,80,0,48,6,1,1,1,0,0,,0,2,4,0,2,0,0,0,0,0,0,0,0
https://www.premiershiprugby.com/match-centre/283198/team-stats,283198,1011,202401,Bath Rugby,away,225778,Tom Dunn,hooker,2,57,0,11,10,1,0,6,0,1,,0,2,0,0,0,0,0,0,0,0,0,0,0
https://www.premiershiprugby.com/match-centre/283198/team-stats,283198,1011,202401,Bath Rugby,away,184945,Ted Hill,sub 4,19,23,0,13,5,0,0,0,0,0,,0,7,1,2,0,0,0,0,2,1,0,0,0
https://www.premiershiprugby.com/match-centre/283198/team-stats,283198,1011,202401,Bath Rugby,away,116821,Francois van Wyk,loosehead prop,1,57,0,12,7,0,0,3,0,0,,0,3,0,1,0,0,0,0,0,0,0,0,0
https://www.premiershiprugby.com/match-centre/283198/team-stats,283198,1011,202401,Bath Rugby,away,104572,Thomas du Toit,sub 3,18,23,0,4,4,0,0,2,0,0,,0,6,0,0,0,0,0,0,0,0,0,0,0
https://www.premiershiprugby.com/match-centre/283198/team-stats,283198,1011,202401,Bath Rugby,away,155514,Jaco Coetzee,sub 8,23,23,0,25,10,1,0,0,0,1,,0,7,0,1,0,0,0,0,0,0,0,0,0
https://www.premiershiprugby.com/match-centre/283198/team-stats,283198,1011,202401,Bath Rugby,away,203360,Quinn Roux,second row,4,80,0,0,3,0,0,0,0,0,,0,10,2,0,0,0,0,0,0,0,0,0,0
https://www.premiershiprugby.com/match-centre/283198/team-stats,283198,1011,202401,Bath Rugby,away,196415,Charlie Ewels,second row,5,57,1,16,2,1,1,0,0,0,,5,9,0,0,0,0,0,0,2,0,0,0,0
https://www.premiershiprugby.com/match-centre/283198/team-stats,283198,1011,202401,Bath Rugby,away,100192,Josh Bayliss,flanker,6,70,0,19,9,2,0,1,0,0,,0,5,1,1,0,0,0,0,2,0,0,0,0
https://www.premiershiprugby.com/match-centre/283198/team-stats,283198,1011,202401,Bath Rugby,away,153790,Tom de Glanville,full back,15,80,1,85,11,3,2,5,3,2,,5,0,1,0,5,0,0,0,0,0,0,0,0
https://www.premiershiprugby.com/match-centre/283202/team-stats,283202,1011,202401,Bath Rugby,home,104322,Sam Underhill,sub 5,20,22,1,14,3,2,1,1,0,1,,5,4,1,0,0,0,0,0,1,0,0,0,0
https://www.premiershiprugby.com/match-centre/283202/team-stats,283202,1011,202401,Bath Rugby,home,175011,Max Ojomoh,sub 7,22,27,0,19,4,2,0,6,0,0,,0,1,0,0,0,0,0,0,0,0,0,0,0
https://www.premiershiprugby.com/match-centre/283202/team-stats,283202,1011,202401,Bath Rugby,home,157863,Finn Russell,fly half,10,80,0,25,14,1,0,27,0,1,,16,7,1,0,13,8,0,0,0,0,1,0,0
https://www.premiershiprugby.com/match-centre/283202/team-stats,283202,1011,202401,Bath Rugby,home,195208,Miles Reid,sub 8,23,40,0,31,6,0,1,5,1,2,,0,5,0,0,0,0,0,0,2,0,1,0,0
https://www.premiershiprugby.com/match-centre/283202/team-stats,283202,1011,202401,Bath Rugby,home,179563,Joe Cokanasiga,right wing,14,80,2,103,10,1,2,4,3,1,,10,3,0,0,0,0,0,0,0,0,0,0,0
https://www.premiershiprugby.com/match-centre/283202/team-stats,283202,1011,202401,Bath Rugby,home,154219,Cameron Redpath,inside centre,12,53,1,31,4,2,2,4,0,0,,5,4,1,0,1,0,0,0,0,0,0,0,0
https://www.premiershiprugby.com/match-centre/283202/team-stats,283202,1011,202401,Bath Rugby,home,108714,Will Stuart,sub 3,18,22,0,2,3,0,0,2,0,0,,0,1,1,0,0,0,0,0,0,0,0,0,0
https://www.premiershiprugby.com/match-centre/283202/team-stats,283202,1011,202401,Bath Rugby,home,131724,Ollie Lawrence,outside centre,13,80,1,73,15,4,1,8,5,0,,5,3,2,0,2,0,0,0,0,0,0,0,0
https://www.premiershiprugby.com/match-centre/283202/team-stats,283202,1011,202401,Bath Rugby,home,145484,Alfie Barbeary,number eight,8,80,0,58,20,4,1,4,3,1,,0,4,1,0,1,0,0,0,1,0,2,0,0
https://www.premiershiprugby.com/match-centre/283202/team-stats,283202,1011,202401,Bath Rugby,home,112684,Guy Pepper,flanker,7,58,0,5,4,0,0,1,0,0,,0,3,1,0,1,0,0,0,1,0,1,0,0
https://www.premiershiprugby.com/match-centre/283202/team-stats,283202,1011,202401,Bath Rugby,home,130283,Beno Obano,loosehead prop,1,57,0,4,6,0,0,1,0,0,,0,3,2,0,0,0,0,0,0,0,0,0,0
https://www.premiershiprugby.com/match-centre/283202/team-stats,283202,1011,202401,Bath Rugby,home,143754,Niall Annett,sub 1,16,22,0,7,2,0,1,2,0,0,,0,2,0,0,0,0,0,0,0,0,1,0,0
https://www.premiershiprugby.com/match-centre/283202/team-stats,283202,1011,202401,Bath Rugby,home,111662,Ben Spencer,scrum half,9,63,0,11,8,1,0,52,0,0,,0,0,1,0,14,0,0,0,0,0,0,0,0
https://www.premiershiprugby.com/match-centre/283202/team-stats,283202,1011,202401,Bath Rugby,home,160272,Will Muir,left wing,11,80,3,161,20,4,7,4,2,2,,15,3,2,0,4,0,0,0,0,0,0,0,0
https://www.premiershiprugby.com/match-centre/283202/team-stats,283202,1011,202401,Bath Rugby,home,202868,Louis Schreuder,sub 6,21,17,0,0,0,0,0,15,0,0,,0,0,0,0,0,0,0,0,0,0,0,0,0
https://www.premiershiprugby.com/match-centre/283202/team-stats,283202,1011,202401,Bath Rugby,home,225778,Tom Dunn,hooker,2,58,0,15,8,1,0,2,0,1,,0,6,1,0,0,0,0,0,0,0,0,0,0
https://www.premiershiprugby.com/match-centre/283202/team-stats,283202,1011,202401,Bath Rugby,home,184945,Ted Hill,flanker,6,40,0,23,9,1,0,2,0,0,,0,2,1,0,0,0,0,0,5,0,0,0,0
https://www.premiershiprugby.com/match-centre/283202/team-stats,283202,1011,202401,Bath Rugby,home,116821,Francois van Wyk,sub 2,17,23,0,2,2,0,0,1,0,0,,0,1,0,1,0,0,0,0,0,0,0,0,0
https://www.premiershiprugby.com/match-centre/283202/team-stats,283202,1011,202401,Bath Rugby,home,105205,Ross Molony,sub 4,19,22,0,9,2,0,0,0,0,0,,0,5,0,0,0,0,0,0,0,0,0,0,0
https://www.premiershiprugby.com/match-centre/283202/team-stats,283202,1011,202401,Bath Rugby,home,104572,Thomas du Toit,tighthead prop,3,58,1,12,8,1,0,2,0,1,,5,7,0,1,0,0,0,0,1,0,0,0,0
https://www.premiershiprugby.com/match-centre/283202/team-stats,283202,1011,202401,Bath Rugby,home,203360,Quinn Roux,second row,4,58,0,6,4,0,0,0,0,1,,0,2,0,0,0,0,0,0,1,0,1,0,0
https://www.premiershiprugby.com/match-centre/283202/team-stats,283202,1011,202401,Bath Rugby,home,196415,Charlie Ewels,second row,5,80,0,1,4,0,0,1,0,0,,0,7,2,0,0,0,0,0,3,0,0,0,0
https://www.premiershiprugby.com/match-centre/283202/team-stats,283202,1011,202401,Bath Rugby,home,153790,Tom de Glanville,full back,15,80,0,32,9,0,0,8,0,1,,0,3,1,0,0,0,0,0,0,0,0,0,0
https://www.premiershiprugby.com/match-centre/283202/team-stats,283202,1011,202401,Saracens,away,116514,Olly Hartley,inside centre,12,80,0,8,5,4,0,2,0,1,,0,13,4,0,0,0,0,0,0,0,0,0,0
https://www.premiershiprugby.com/match-centre/283202/team-stats,283202,1011,202401,Saracens,away,170435,Rotimi Segun,left wing,11,80,0,21,3,0,0,1,0,0,,0,8,2,0,0,0,0,0,0,0,0,0,0
https://www.premiershiprugby.com/match-centre/283202/team-stats,283202,1011,202401,Saracens,away,160801,Jamie George,hooker,2,63,0,9,3,0,0,2,1,0,,0,7,1,0,0,0,0,0,0,0,0,0,0
https://www.premiershiprugby.com/match-centre/283202/team-stats,283202,1011,202401,Saracens,away,218727,Harry Wilson,sub 4,19,40,0,9,3,0,0,0,0,0,,0,9,0,2,0,0,0,0,0,0,0,0,0
https://www.premiershiprugby.com/match-centre/283202/team-stats,283202,1011,202401,Saracens,away,117639,Phil Brantingham,loosehead prop,1,56,0,3,1,0,0,0,0,0,,0,12,0,0,0,0,0,0,0,0,0,0,0
https://www.premiershiprugby.com/match-centre/283202/team-stats,283202,1011,202401,Saracens,away,209612,Ben Earl,number eight,8,80,0,16,9,3,0,5,0,1,,0,17,4,1,0,0,0,0,0,0,0,0,0
https://www.premiershiprugby.com/match-centre/283202/team-stats,283202,1011,202401,Saracens,away,138027,Kapeli Pifeleti,sub 1,16,17,1,8,1,2,1,0,0,0,,5,2,2,0,1,0,0,0,0,0,0,0,0
https://www.premiershiprugby.com/match-centre/283202/team-stats,283202,1011,202401,Saracens,away,111209,Toby Knight,flanker,7,14,0,0,1,0,0,0,0,0,,0,4,0,0,0,0,0,0,0,0,1,1,0
https://www.premiershiprugby.com/match-centre/283202/team-stats,283202,1011,202401,Saracens,away,132812,Nathan Michelow,sub 5,20,75,0,18,6,1,1,2,1,0,,0,9,0,0,0,0,0,0,3,0,2,0,0
https://www.premiershiprugby.com/match-centre/283202/team-stats,283202,1011,202401,Saracens,away,103821,Eroni Mawi,sub 2,17,24,0,5,4,0,0,2,1,0,,0,3,1,0,0,0,0,0,0,0,0,0,0
https://www.premiershiprugby.com/match-centre/283202/team-stats,283202,1011,202401,Saracens,away,198766,Fraser Balmain,tighthead prop,3,52,0,0,0,0,0,0,0,0,,0,11,0,1,0,0,0,0,0,0,2,0,0
https://www.premiershiprugby.com/match-centre/283202/team-stats,283202,1011,202401,Saracens,away,142606,Alec Clarey,sub 3,18,28,0,0,1,0,0,0,0,0,,0,6,0,0,0,0,0,0,0,0,1,0,0
https://www.premiershiprugby.com/match-centre/283202/team-stats,283202,1011,202401,Saracens,away,202925,Sam Spink,sub 7,22,32,0,10,4,1,0,0,0,1,,0,6,2,0,1,0,0,0,0,0,0,0,0
https://www.premiershiprugby.com/match-centre/283202/team-stats,283202,1011,202401,Saracens,away,155409,Maro Itoje,second row,4,80,0,10,5,0,0,4,1,1,,0,17,1,2,0,0,0,0,3,0,4,0,0
https://www.premiershiprugby.com/match-centre/283202/team-stats,283202,1011,202401,Saracens,away,185080,Ivan van Zyl,sub 6,21,19,0,0,0,0,0,13,0,0,,0,2,0,0,1,0,0,0,0,0,0,0,0
https://www.premiershiprugby.com/match-centre/283202/team-stats,283202,1011,202401,Saracens,away,204054,Tobias Elliott,right wing,14,6,0,0,0,0,0,0,0,1,,0,1,0,0,0,0,0,0,0,0,0,0,0
https://www.premiershiprugby.com/match-centre/283202/team-stats,283202,1011,202401,Saracens,away,237366,Theo McFarland,flanker,6,5,0,0,0,0,0,0,0,0,,0,2,0,0,0,0,0,0,0,0,0,0,0
https://www.premiershiprugby.com/match-centre/283202/team-stats,283202,1011,202401,Saracens,away,108953,Liam Williams,full back,15,38,0,29,6,2,0,0,0,0,,0,1,0,0,2,0,0,0,0,0,1,0,1
https://www.premiershiprugby.com/match-centre/283202/team-stats,283202,1011,202401,Saracens,away,177055,Gareth Simpson,scrum half,9,61,0,18,2,2,2,22,1,1,,0,4,2,0,11,0,0,0,0,0,1,0,0
https://www.premiershiprugby.com/match-centre/283202/team-stats,283202,1011,202401,Saracens,away,214751,Nick Isiekwe,second row,5,40,0,0,2,0,0,2,0,0,,0,9,0,0,0,0,0,0,4,0,0,0,0
https://www.premiershiprugby.com/match-centre/283202/team-stats,283202,1011,202401,Saracens,away,244799,Angus Hall,sub 8,23,74,0,5,1,0,0,0,0,4,,0,7,2,1,1,0,0,0,0,0,0,0,0
https://www.premiershiprugby.com/match-centre/283202/team-stats,283202,1011,202401,Saracens,away,136509,Fergus Burke,fly half,10,80,0,37,7,3,0,5,0,2,,5,9,0,0,7,1,1,0,0,0,0,0,0
https://www.premiershiprugby.com/match-centre/283202/team-stats,283202,1011,202401,Saracens,away,114687,Alex Lozowski,outside centre,13,80,0,26,7,0,0,4,0,2,,0,6,3,0,4,0,0,0,0,0,0,0,0
https://www.premiershiprugby.com/match-centre/283210/team-stats,283210,1011,202401,Northampton Saints,home,177699,Tom West,loosehead prop,1,40,0,0,3,1,0,0,0,1,,0,8,1,0,0,0,0,0,0,0,1,0,0
https://www.premiershiprugby.com/match-centre/283210/team-stats,283210,1011,202401,Northampton Saints,home,200195,Fraser Dingwall,outside centre,13,80,1,19,13,0,1,3,0,0,,5,9,1,0,1,0,0,0,0,0,1,0,0
https://www.premiershiprugby.com/match-centre/283210/team-stats,283210,1011,202401,Northampton Saints,home,117441,Tom Seabrook,sub 8,23,37,0,4,3,0,0,1,0,0,,0,2,0,1,0,0,0,0,0,0,0,0,0
https://www.premiershiprugby.com/match-centre/283210/team-stats,283210,1011,202401,Northampton Saints,home,195010,Tom Lockett,sub 4,19,35,0,3,5,0,0,1,0,0,,0,1,0,0,0,0,0,0,0,0,1,0,0
https://www.premiershiprugby.com/match-centre/283210/team-stats,283210,1011,202401,Northampton Saints,home,127592,Luke Green,sub 3,18,19,0,3,2,0,0,0,0,0,,0,1,0,0,0,0,0,0,0,0,0,0,0
https://www.premiershiprugby.com/match-centre/283210/team-stats,283210,1011,202401,Northampton Saints,home,178796,James Ramm,left wing,11,80,1,93,10,3,2,1,1,0,,5,3,2,0,4,0,0,0,0,0,0,0,0
https://www.premiershiprugby.com/match-centre/283210/team-stats,283210,1011,202401,Northampton Saints,home,173801,Alex Coles,second row,5,45,0,0,0,0,0,2,0,0,,0,13,0,0,0,0,0,0,4,1,1,0,0
https://www.premiershiprugby.com/match-centre/283210/team-stats,283210,1011,202401,Northampton Saints,home,199728,Juarno Augustus,number eight,8,80,0,60,17,1,0,4,1,1,,0,20,1,2,0,0,0,0,0,0,0,0,0
https://www.premiershiprugby.com/match-centre/283210/team-stats,283210,1011,202401,Northampton Saints,home,125486,Angus Scott-Young,sub 6,21,35,0,4,7,0,0,0,0,0,,0,3,0,0,0,0,0,0,0,0,0,0,0
https://www.premiershiprugby.com/match-centre/283210/team-stats,283210,1011,202401,Northampton Saints,home,239634,Henry Pollock,sub 5,20,26,0,5,4,1,0,1,0,0,,0,5,0,1,0,0,0,0,1,0,0,0,0
https://www.premiershiprugby.com/match-centre/283210/team-stats,283210,1011,202401,Northampton Saints,home,102707,Trevor Davison,tighthead prop,3,61,0,1,3,0,0,0,0,0,,0,12,0,0,0,0,0,0,0,0,0,0,0
https://www.premiershiprugby.com/match-centre/283210/team-stats,283210,1011,202401,Northampton Saints,home,185586,Henry Walker,sub 1,16,0,0,0,0,0,0,0,0,0,,0,0,0,0,0,0,0,0,0,0,0,0,0
https://www.premiershiprugby.com/match-centre/283210/team-stats,283210,1011,202401,Northampton Saints,home,239345,Archie McParland,sub 7,22,3,0,1,3,0,0,12,0,0,,0,0,0,0,0,0,0,0,0,0,0,0,0
https://www.premiershiprugby.com/match-centre/283210/team-stats,283210,1011,202401,Northampton Saints,home,177559,Alex Mitchell,scrum half,9,77,0,63,18,2,1,77,2,0,,0,2,1,0,17,0,0,0,0,0,1,0,1
https://www.premiershiprugby.com/match-centre/283210/team-stats,283210,1011,202401,Northampton Saints,home,109816,Rory Hutchinson,inside centre,12,80,0,40,16,4,1,15,0,2,,0,9,1,0,3,0,0,0,0,0,1,0,0
https://www.premiershiprugby.com/match-centre/283210/team-stats,283210,1011,202401,Northampton Saints,home,111416,Curtis Langdon,hooker,2,80,0,31,13,3,1,8,1,0,,0,23,0,0,0,0,0,0,0,0,0,0,0
https://www.premiershiprugby.com/match-centre/283210/team-stats,283210,1011,202401,Northampton Saints,home,156918,Tommy Freeman,right wing,14,80,0,33,8,3,0,2,1,0,,0,3,1,0,2,0,0,0,0,0,0,0,0
https://www.premiershiprugby.com/match-centre/283210/team-stats,283210,1011,202401,Northampton Saints,home,104471,Tareq Haffar,sub 2,17,40,0,5,6,0,0,4,0,0,,0,5,0,0,0,0,0,0,0,0,0,0,0
https://www.premiershiprugby.com/match-centre/283210/team-stats,283210,1011,202401,Northampton Saints,home,166428,Josh Kemeny,flanker,6,80,1,35,5,2,1,2,1,1,,5,15,0,2,1,0,0,0,9,1,1,0,0
https://www.premiershiprugby.com/match-centre/283210/team-stats,283210,1011,202401,Northampton Saints,home,219643,Tom Pearson,flanker,7,54,0,9,8,0,0,5,1,1,,0,12,0,0,0,0,0,0,2,0,1,0,0
https://www.premiershiprugby.com/match-centre/283210/team-stats,283210,1011,202401,Northampton Saints,home,137626,Fin Smith,fly half,10,80,0,42,17,3,1,24,1,1,,15,12,2,0,7,3,3,0,0,0,0,0,0
https://www.premiershiprugby.com/match-centre/283210/team-stats,283210,1011,202401,Northampton Saints,home,238687,George Hendy,full back,15,40,1,13,4,2,2,4,1,1,,5,1,2,0,2,0,0,0,0,0,0,0,0
https://www.premiershiprugby.com/match-centre/283210/team-stats,283210,1011,202401,Northampton Saints,home,152990,Temo Mayanavanua,second row,4,45,0,7,5,0,0,2,0,0,,0,9,2,0,0,0,0,0,1,0,0,0,0
https://www.premiershiprugby.com/match-centre/283210/team-stats,283210,1011,202401,Bath Rugby,away,175011,Max Ojomoh,inside centre,12,80,1,28,10,1,1,9,0,1,,5,9,2,0,3,0,0,0,1,0,0,0,0
https://www.premiershiprugby.com/match-centre/283210/team-stats,283210,1011,202401,Bath Rugby,away,104322,Sam Underhill,sub 5,20,49,0,2,6,0,0,2,1,1,,0,12,1,0,0,0,0,0,0,0,2,0,0
https://www.premiershiprugby.com/match-centre/283210/team-stats,283210,1011,202401,Bath Rugby,away,157863,Finn Russell,fly half,10,80,0,65,11,1,0,12,1,1,,9,8,2,0,8,3,1,0,0,0,0,0,0
https://www.premiershiprugby.com/match-centre/283210/team-stats,283210,1011,202401,Bath Rugby,away,195208,Miles Reid,flanker,7,80,0,19,13,0,1,8,1,0,,0,15,0,2,0,0,0,0,2,0,1,0,0
https://www.premiershiprugby.com/match-centre/283210/team-stats,283210,1011,202401,Bath Rugby,away,179563,Joe Cokanasiga,right wing,14,80,2,135,9,2,3,1,1,1,,10,6,2,0,1,0,0,0,0,0,0,0,0
https://www.premiershiprugby.com/match-centre/283210/team-stats,283210,1011,202401,Bath Rugby,away,108714,Will Stuart,tighthead prop,3,58,1,16,8,0,0,1,0,1,,5,8,0,1,0,0,0,0,1,1,2,0,0
https://www.premiershiprugby.com/match-centre/283210/team-stats,283210,1011,202401,Bath Rugby,away,131724,Ollie Lawrence,outside centre,13,80,0,45,7,2,2,0,0,1,,0,7,2,1,1,0,0,0,0,0,2,0,0
https://www.premiershiprugby.com/match-centre/283210/team-stats,283210,1011,202401,Bath Rugby,away,145484,Alfie Barbeary,number eight,8,79,0,52,12,1,2,3,1,1,,0,15,3,1,0,0,0,0,0,0,0,0,0
https://www.premiershiprugby.com/match-centre/283210/team-stats,283210,1011,202401,Bath Rugby,away,112684,Guy Pepper,flanker,6,9,0,12,1,1,0,1,1,0,,0,0,1,0,0,0,0,0,0,0,0,0,0
https://www.premiershiprugby.com/match-centre/283210/team-stats,283210,1011,202401,Bath Rugby,away,130283,Beno Obano,loosehead prop,1,50,0,4,11,0,0,0,0,2,,0,7,2,0,0,0,0,0,0,0,1,0,0
https://www.premiershiprugby.com/match-centre/283210/team-stats,283210,1011,202401,Bath Rugby,away,111662,Ben Spencer,scrum half,9,75,0,0,1,0,0,58,0,2,,0,5,1,0,8,0,0,0,0,0,0,0,0
https://www.premiershiprugby.com/match-centre/283210/team-stats,283210,1011,202401,Bath Rugby,away,160272,Will Muir,left wing,11,31,0,26,2,0,0,0,0,1,,0,1,2,0,1,0,0,0,0,0,0,0,0
https://www.premiershiprugby.com/match-centre/283210/team-stats,283210,1011,202401,Bath Rugby,away,202868,Louis Schreuder,sub 6,21,5,0,0,0,0,0,1,0,0,,0,2,0,0,0,0,0,0,0,0,0,0,0
https://www.premiershiprugby.com/match-centre/283210/team-stats,283210,1011,202401,Bath Rugby,away,243059,Kepu Tuipulotu,sub 1,16,9,0,0,1,0,0,0,0,1,,0,3,0,0,0,0,0,0,0,0,0,0,0
https://www.premiershiprugby.com/match-centre/283210/team-stats,283210,1011,202401,Bath Rugby,away,225778,Tom Dunn,hooker,2,71,0,30,16,1,1,4,0,0,,0,22,1,0,0,0,0,0,0,0,0,0,0
https://www.premiershiprugby.com/match-centre/283210/team-stats,283210,1011,202401,Bath Rugby,away,105205,Ross Molony,second row,5,50,0,12,6,0,0,3,1,0,,0,6,0,2,0,0,0,0,3,0,0,0,0
https://www.premiershiprugby.com/match-centre/283210/team-stats,283210,1011,202401,Bath Rugby,away,116821,Francois van Wyk,sub 2,17,30,0,4,2,0,0,0,0,0,,0,4,0,0,0,0,0,0,0,0,0,0,0
https://www.premiershiprugby.com/match-centre/283210/team-stats,283210,1011,202401,Bath Rugby,away,220475,Orlando Bailey,full back,15,80,1,21,11,4,2,3,0,2,,5,2,3,0,7,0,0,0,0,0,1,0,0
https://www.premiershiprugby.com/match-centre/283210/team-stats,283210,1011,202401,Bath Rugby,away,104572,Thomas du Toit,sub 3,18,22,0,0,1,0,0,0,0,0,,0,7,1,1,0,0,0,0,0,0,1,0,0
https://www.premiershiprugby.com/match-centre/283210/team-stats,283210,1011,202401,Bath Rugby,away,155514,Jaco Coetzee,sub 8,23,1,0,0,0,0,0,0,0,0,,0,0,0,0,0,0,0,0,0,0,0,0,0
https://www.premiershiprugby.com/match-centre/283210/team-stats,283210,1011,202401,Bath Rugby,away,203360,Quinn Roux,second row,4,80,0,13,2,0,0,3,0,2,,0,14,2,0,0,0,0,0,1,0,0,0,0
https://www.premiershiprugby.com/match-centre/283210/team-stats,283210,1011,202401,Bath Rugby,away,196415,Charlie Ewels,sub 4,19,30,0,0,0,0,0,0,0,1,,0,11,0,0,0,0,0,0,1,0,1,0,0
https://www.premiershiprugby.com/match-centre/283210/team-stats,283210,1011,202401,Bath Rugby,away,100192,Josh Bayliss,sub 7,22,71,0,24,8,1,1,1,1,1,,0,5,0,0,0,0,0,0,1,0,0,0,0
https://www.premiershiprugby.com/match-centre/283215/team-stats,283215,1011,202401,Sale Sharks,home,212196,Rekeiti Ma'asi-White,inside centre,12,71,0,5,12,1,1,2,1,0,,0,10,3,0,0,0,0,0,0,0,0,0,0
https://www.premiershiprugby.com/match-centre/283215/team-stats,283215,1011,202401,Sale Sharks,home,212707,Ernst van Rhyn,second row,4,80,0,6,7,0,0,4,3,0,,0,12,4,0,0,0,0,0,2,0,1,0,0
https://www.premiershiprugby.com/match-centre/283215/team-stats,283215,1011,202401,Sale Sharks,home,100995,Hyron Andrews,second row,5,45,0,0,2,1,0,1,0,0,,0,4,1,0,0,0,0,0,3,0,0,0,0
https://www.premiershiprugby.com/match-centre/283215/team-stats,283215,1011,202401,Sale Sharks,home,137093,Jonny Hill,sub 4,19,35,0,14,8,0,0,1,1,0,,0,6,2,0,0,0,0,0,1,0,1,0,0
https://www.premiershiprugby.com/match-centre/283215/team-stats,283215,1011,202401,Sale Sharks,home,216069,Tom O'Flaherty,right wing,14,80,0,93,14,4,1,3,1,0,,0,3,3,0,3,0,0,0,0,0,0,0,0
https://www.premiershiprugby.com/match-centre/283215/team-stats,283215,1011,202401,Sale Sharks,home,207429,Jean-Luc du Preez,flanker,6,80,0,17,13,1,0,2,1,1,,0,15,1,0,0,0,0,0,1,0,0,0,0
https://www.premiershiprugby.com/match-centre/283215/team-stats,283215,1011,202401,Sale Sharks,home,165484,Willgriff John,tighthead prop,3,26,0,0,1,0,0,0,0,0,,0,6,1,0,0,0,0,0,0,0,0,0,0
https://www.premiershiprugby.com/match-centre/283215/team-stats,283215,1011,202401,Sale Sharks,home,169770,Dan du Preez,number eight,8,80,0,25,16,4,0,7,1,0,,0,8,3,1,0,0,0,0,4,0,2,0,0
https://www.premiershiprugby.com/match-centre/283215/team-stats,283215,1011,202401,Sale Sharks,home,206761,Tadgh McElroy,sub 1,16,11,0,1,1,0,0,0,0,0,,0,0,0,0,0,0,0,0,0,0,0,0,0
https://www.premiershiprugby.com/match-centre/283215/team-stats,283215,1011,202401,Sale Sharks,home,100557,Gus Warr,scrum half,9,66,0,6,5,0,0,65,0,2,,0,7,0,0,8,0,0,0,0,0,0,0,0
https://www.premiershiprugby.com/match-centre/283215/team-stats,283215,1011,202401,Sale Sharks,home,113103,Arron Reed,left wing,11,80,1,70,8,3,1,1,2,2,,5,2,3,0,2,0,0,0,0,0,0,0,0
https://www.premiershiprugby.com/match-centre/283215/team-stats,283215,1011,202401,Sale Sharks,home,109874,Ethan Caine,hooker,2,69,0,4,5,0,0,2,0,1,,0,12,1,0,0,0,0,0,0,0,0,0,0
https://www.premiershiprugby.com/match-centre/283215/team-stats,283215,1011,202401,Sale Sharks,home,239473,Tye Raymont,sub 3,18,54,0,10,9,0,0,0,0,0,,0,7,2,0,0,0,0,0,0,0,2,0,0
https://www.premiershiprugby.com/match-centre/283215/team-stats,283215,1011,202401,Sale Sharks,home,199800,Rob du Preez,fly half,10,80,1,10,13,0,0,30,0,1,,13,2,3,0,7,1,2,0,0,0,1,0,0
https://www.premiershiprugby.com/match-centre/283215/team-stats,283215,1011,202401,Sale Sharks,home,203831,Joe Carpenter,full back,15,80,1,106,18,8,1,3,1,4,,5,1,1,2,3,0,0,0,0,0,0,0,0
https://www.premiershiprugby.com/match-centre/283215/team-stats,283215,1011,202401,Sale Sharks,home,205975,Sam Dugdale,flanker,7,64,0,5,9,0,0,2,0,0,,0,20,1,0,0,0,0,0,0,0,2,0,0
https://www.premiershiprugby.com/match-centre/283215/team-stats,283215,1011,202401,Sale Sharks,home,147029,Tumy Onasanya,sub 2,17,10,0,3,3,0,0,0,0,0,,0,0,0,0,0,0,0,0,0,0,0,0,0
https://www.premiershiprugby.com/match-centre/283215/team-stats,283215,1011,202401,Sale Sharks,home,170933,Nye Thomas,sub 6,21,14,0,3,4,0,0,27,0,0,,0,0,1,0,2,0,0,0,0,0,1,0,0
https://www.premiershiprugby.com/match-centre/283215/team-stats,283215,1011,202401,Sale Sharks,home,239510,Alex Wills,sub 7,22,1,0,0,0,0,0,0,0,0,,0,0,0,0,0,0,0,0,0,0,0,0,0
https://www.premiershiprugby.com/match-centre/283215/team-stats,283215,1011,202401,Sale Sharks,home,221308,Si McIntyre,loosehead prop,1,70,0,6,6,0,0,2,0,0,,0,12,0,1,0,0,0,0,0,0,0,0,0
https://www.premiershiprugby.com/match-centre/283215/team-stats,283215,1011,202401,Sale Sharks,home,131065,Ben Bamber,sub 5,20,16,0,8,2,0,0,0,0,0,,0,0,0,0,0,0,0,0,0,0,0,0,0
https://www.premiershiprugby.com/match-centre/283215/team-stats,283215,1011,202401,Sale Sharks,home,191866,Sam Bedlow,sub 8,23,9,0,0,1,0,0,0,0,0,,0,1,0,0,0,0,0,0,0,0,0,0,0
https://www.premiershiprugby.com/match-centre/283215/team-stats,283215,1011,202401,Sale Sharks,home,168031,Will Addison,outside centre,13,79,0,6,11,4,0,6,3,2,,0,2,0,0,1,0,0,0,0,0,0,0,0
https://www.premiershiprugby.com/match-centre/283215/team-stats,283215,1011,202401,Bath Rugby,away,175011,Max Ojomoh,outside centre,13,80,1,47,14,2,1,6,0,1,,5,5,4,1,0,0,0,0,0,0,1,0,0
https://www.premiershiprugby.com/match-centre/283215/team-stats,283215,1011,202401,Bath Rugby,away,210178,Will Butt,inside centre,12,80,0,28,4,3,1,0,0,2,,0,11,2,0,0,0,0,0,0,0,0,0,0
https://www.premiershiprugby.com/match-centre/283215/team-stats,283215,1011,202401,Bath Rugby,away,156834,Tom Carr-Smith,sub 6,21,24,1,9,1,1,1,13,0,0,,5,3,0,0,5,0,0,0,0,0,0,0,0
https://www.premiershiprugby.com/match-centre/283215/team-stats,283215,1011,202401,Bath Rugby,away,157863,Finn Russell,fly half,10,80,0,22,14,1,0,22,3,1,,12,6,2,0,8,3,2,0,0,0,0,0,0
https://www.premiershiprugby.com/match-centre/283215/team-stats,283215,1011,202401,Bath Rugby,away,195208,Miles Reid,flanker,7,80,0,16,9,6,0,0,0,2,,0,17,1,2,1,0,0,0,0,0,1,0,0
https://www.premiershiprugby.com/match-centre/283215/team-stats,283215,1011,202401,Bath Rugby,away,179563,Joe Cokanasiga,right wing,14,80,0,24,6,2,0,2,2,0,,0,2,3,0,0,0,0,0,0,0,0,0,0
https://www.premiershiprugby.com/match-centre/283215/team-stats,283215,1011,202401,Bath Rugby,away,145484,Alfie Barbeary,number eight,8,60,0,14,13,1,0,6,4,0,,0,11,0,1,0,0,0,0,1,0,1,0,0
https://www.premiershiprugby.com/match-centre/283215/team-stats,283215,1011,202401,Bath Rugby,away,130283,Beno Obano,loosehead prop,1,58,0,3,9,3,0,0,0,1,,0,5,1,0,0,0,0,0,0,0,1,0,0
https://www.premiershiprugby.com/match-centre/283215/team-stats,283215,1011,202401,Bath Rugby,away,143754,Niall Annett,hooker,2,58,0,3,7,1,0,3,0,0,,0,7,0,0,0,0,0,0,0,0,2,0,0
https://www.premiershiprugby.com/match-centre/283215/team-stats,283215,1011,202401,Bath Rugby,away,202868,Louis Schreuder,scrum half,9,56,0,20,4,1,2,46,0,2,,0,3,0,0,6,0,0,0,0,0,1,0,0
https://www.premiershiprugby.com/match-centre/283215/team-stats,283215,1011,202401,Bath Rugby,away,225778,Tom Dunn,sub 1,16,22,0,0,0,0,0,0,0,0,,0,13,1,0,0,0,0,0,0,0,0,0,0
https://www.premiershiprugby.com/match-centre/283215/team-stats,283215,1011,202401,Bath Rugby,away,116821,Francois van Wyk,sub 2,17,22,0,0,0,0,0,0,0,0,,0,9,1,0,0,0,0,0,0,0,0,0,0
https://www.premiershiprugby.com/match-centre/283215/team-stats,283215,1011,202401,Bath Rugby,away,105205,Ross Molony,sub 4,19,21,0,0,1,0,0,1,0,0,,0,11,1,1,0,0,0,0,0,0,1,0,0
https://www.premiershiprugby.com/match-centre/283215/team-stats,283215,1011,202401,Bath Rugby,away,217750,Ewan Richards,sub 5,20,41,0,3,7,1,0,2,1,0,,0,10,0,0,0,0,0,0,1,0,1,0,0
https://www.premiershiprugby.com/match-centre/283215/team-stats,283215,1011,202401,Bath Rugby,away,112538,Ruaridh McConnochie,left wing,11,75,2,33,3,2,1,2,0,0,,10,5,0,1,3,0,0,0,0,0,0,0,0
https://www.premiershiprugby.com/match-centre/283215/team-stats,283215,1011,202401,Bath Rugby,away,239292,Billy Sela,sub 3,18,10,0,0,2,0,0,0,0,0,,0,3,0,0,0,0,0,0,0,0,0,0,0
https://www.premiershiprugby.com/match-centre/283215/team-stats,283215,1011,202401,Bath Rugby,away,220475,Orlando Bailey,sub 7,22,5,0,0,0,0,0,0,0,0,,0,1,1,0,0,0,0,0,0,0,0,0,0
https://www.premiershiprugby.com/match-centre/283215/team-stats,283215,1011,202401,Bath Rugby,away,104572,Thomas du Toit,tighthead prop,3,70,0,6,7,0,0,0,0,0,,0,14,3,1,0,0,0,0,0,0,2,0,0
https://www.premiershiprugby.com/match-centre/283215/team-stats,283215,1011,202401,Bath Rugby,away,155514,Jaco Coetzee,sub 8,23,20,0,2,1,0,0,0,0,0,,0,11,0,1,0,0,0,0,0,0,0,0,0
https://www.premiershiprugby.com/match-centre/283215/team-stats,283215,1011,202401,Bath Rugby,away,203360,Quinn Roux,second row,4,66,0,1,2,0,0,0,0,0,,0,13,1,1,0,0,0,0,0,0,0,0,0
https://www.premiershiprugby.com/match-centre/283215/team-stats,283215,1011,202401,Bath Rugby,away,196415,Charlie Ewels,second row,5,73,0,6,5,1,0,6,2,0,,0,14,4,0,0,0,0,0,5,0,0,0,0
https://www.premiershiprugby.com/match-centre/283215/team-stats,283215,1011,202401,Bath Rugby,away,100192,Josh Bayliss,flanker,6,39,0,6,4,4,0,1,0,1,,0,4,0,0,0,0,0,0,1,0,0,0,0
https://www.premiershiprugby.com/match-centre/283215/team-stats,283215,1011,202401,Bath Rugby,away,153790,Tom de Glanville,full back,15,80,0,38,10,1,0,0,0,3,,0,5,1,0,6,0,0,0,0,0,0,0,0
https://www.premiershiprugby.com/match-centre/283216/team-stats,283216,1011,202401,Bath Rugby,home,175011,Max Ojomoh,outside centre,13,80,1,23,10,1,0,10,3,0,,5,6,4,2,0,0,0,0,0,0,1,0,0
https://www.premiershiprugby.com/match-centre/283216/team-stats,283216,1011,202401,Bath Rugby,home,104322,Sam Underhill,sub 5,20,23,1,6,4,0,0,0,1,1,,5,3,0,1,0,0,0,0,0,0,0,0,0
https://www.premiershiprugby.com/match-centre/283216/team-stats,283216,1011,202401,Bath Rugby,home,210178,Will Butt,sub 7,22,7,0,25,1,2,1,0,0,0,,0,1,0,0,0,0,0,0,0,0,1,0,0
https://www.premiershiprugby.com/match-centre/283216/team-stats,283216,1011,202401,Bath Rugby,home,157863,Finn Russell,fly half,10,80,1,35,14,0,0,23,1,2,,17,3,7,0,11,6,0,0,0,0,0,0,0
https://www.premiershiprugby.com/match-centre/283216/team-stats,283216,1011,202401,Bath Rugby,home,154219,Cameron Redpath,inside centre,12,73,0,37,13,4,1,7,2,0,,0,9,2,0,1,0,0,0,0,0,2,0,0
https://www.premiershiprugby.com/match-centre/283216/team-stats,283216,1011,202401,Bath Rugby,home,108714,Will Stuart,sub 3,18,40,1,10,6,0,0,1,0,1,,5,1,1,0,0,0,0,0,0,0,0,0,0
https://www.premiershiprugby.com/match-centre/283216/team-stats,283216,1011,202401,Bath Rugby,home,145484,Alfie Barbeary,number eight,8,57,0,86,11,7,1,0,0,1,,0,4,2,1,2,0,0,0,0,0,1,0,0
https://www.premiershiprugby.com/match-centre/283216/team-stats,283216,1011,202401,Bath Rugby,home,112684,Guy Pepper,flanker,7,80,1,42,9,2,1,2,0,1,,5,8,1,2,0,0,0,0,1,0,0,0,0
https://www.premiershiprugby.com/match-centre/283216/team-stats,283216,1011,202401,Bath Rugby,home,130283,Beno Obano,loosehead prop,1,57,0,7,7,0,0,0,0,2,,0,6,1,0,0,0,0,0,0,0,0,0,0
https://www.premiershiprugby.com/match-centre/283216/team-stats,283216,1011,202401,Bath Rugby,home,143754,Niall Annett,sub 1,16,18,0,0,2,0,0,0,0,0,,0,0,0,0,0,0,0,0,0,0,0,0,0
https://www.premiershiprugby.com/match-centre/283216/team-stats,283216,1011,202401,Bath Rugby,home,111662,Ben Spencer,scrum half,9,67,0,6,5,0,0,51,0,1,,0,2,1,0,10,0,0,0,0,0,0,0,0
https://www.premiershiprugby.com/match-centre/283216/team-stats,283216,1011,202401,Bath Rugby,home,160272,Will Muir,left wing,11,80,0,37,4,0,1,0,1,0,,0,4,2,0,0,0,0,0,0,0,0,0,0
https://www.premiershiprugby.com/match-centre/283216/team-stats,283216,1011,202401,Bath Rugby,home,202868,Louis Schreuder,sub 6,21,13,0,4,2,0,0,11,0,0,,0,1,1,0,1,0,0,0,0,0,0,0,0
https://www.premiershiprugby.com/match-centre/283216/team-stats,283216,1011,202401,Bath Rugby,home,225778,Tom Dunn,hooker,2,62,0,10,7,0,0,4,0,0,,0,5,0,0,0,0,0,0,0,0,0,0,0
https://www.premiershiprugby.com/match-centre/283216/team-stats,283216,1011,202401,Bath Rugby,home,184945,Ted Hill,sub 4,19,23,0,7,3,0,0,0,0,0,,0,1,0,0,0,0,0,0,1,0,0,0,0
https://www.premiershiprugby.com/match-centre/283216/team-stats,283216,1011,202401,Bath Rugby,home,116821,Francois van Wyk,sub 2,17,23,0,0,1,0,0,0,0,0,,0,2,0,0,0,0,0,0,0,0,0,0,0
https://www.premiershiprugby.com/match-centre/283216/team-stats,283216,1011,202401,Bath Rugby,home,112538,Ruaridh McConnochie,right wing,14,80,0,31,5,2,1,1,0,2,,0,4,0,0,2,0,0,0,0,0,0,0,0
https://www.premiershiprugby.com/match-centre/283216/team-stats,283216,1011,202401,Bath Rugby,home,104572,Thomas du Toit,tighthead prop,3,40,1,4,8,0,0,1,1,0,,5,5,0,1,0,0,0,0,0,0,1,0,0
https://www.premiershiprugby.com/match-centre/283216/team-stats,283216,1011,202401,Bath Rugby,home,155514,Jaco Coetzee,sub 8,23,23,0,22,4,1,0,1,1,0,,0,1,0,1,0,0,0,0,0,0,0,0,0
https://www.premiershiprugby.com/match-centre/283216/team-stats,283216,1011,202401,Bath Rugby,home,203360,Quinn Roux,second row,4,57,0,0,3,0,0,0,0,0,,0,6,2,0,0,0,0,0,2,1,0,0,0
https://www.premiershiprugby.com/match-centre/283216/team-stats,283216,1011,202401,Bath Rugby,home,196415,Charlie Ewels,second row,5,80,0,1,3,1,0,1,1,1,,0,7,1,0,0,0,0,0,7,0,0,0,0
https://www.premiershiprugby.com/match-centre/283216/team-stats,283216,1011,202401,Bath Rugby,home,100192,Josh Bayliss,flanker,6,57,0,14,9,3,0,2,0,1,,0,3,0,0,0,0,0,0,3,1,0,0,0
https://www.premiershiprugby.com/match-centre/283216/team-stats,283216,1011,202401,Bath Rugby,home,153790,Tom de Glanville,full back,15,80,0,73,13,1,0,4,2,2,,0,3,3,1,1,0,0,0,1,0,0,0,0
https://www.premiershiprugby.com/match-centre/283216/team-stats,283216,1011,202401,Gloucester Rugby,away,241026,Josh Hathaway,sub 8,23,46,0,25,5,3,0,1,0,4,,0,4,1,0,0,0,0,0,0,0,0,0,0
https://www.premiershiprugby.com/match-centre/283216/team-stats,283216,1011,202401,Gloucester Rugby,away,201697,Caolan Englefield,sub 6,21,4,0,35,3,0,0,7,0,0,,0,0,0,0,0,0,0,0,0,0,0,0,0
https://www.premiershiprugby.com/match-centre/283216/team-stats,283216,1011,202401,Gloucester Rugby,away,120165,Cameron Jordan,sub 4,19,20,0,0,1,0,0,1,0,0,,0,3,0,0,0,0,0,0,1,0,0,0,0
https://www.premiershiprugby.com/match-centre/283216/team-stats,283216,1011,202401,Gloucester Rugby,away,186214,Max Llewellyn,left wing,11,34,0,16,2,1,0,1,1,0,,0,2,4,0,0,0,0,0,0,0,0,0,0
https://www.premiershiprugby.com/match-centre/283216/team-stats,283216,1011,202401,Gloucester Rugby,away,113799,Jack Clement,flanker,6,80,1,37,11,2,1,11,0,1,,5,16,1,0,0,0,0,0,1,0,0,0,0
https://www.premiershiprugby.com/match-centre/283216/team-stats,283216,1011,202401,Gloucester Rugby,away,133163,Tomos Williams,scrum half,9,76,1,73,6,2,3,41,3,2,,5,3,2,1,9,0,0,0,0,0,0,0,0
https://www.premiershiprugby.com/match-centre/283216/team-stats,283216,1011,202401,Gloucester Rugby,away,196875,Freddie Thomas,second row,5,80,0,7,3,0,0,5,0,1,,0,20,3,0,0,0,0,0,5,2,0,0,0
https://www.premiershiprugby.com/match-centre/283216/team-stats,283216,1011,202401,Gloucester Rugby,away,166601,Christian Wade,right wing,14,68,0,53,7,0,2,4,1,1,,0,2,0,0,2,0,0,0,0,0,1,0,1
https://www.premiershiprugby.com/match-centre/283216/team-stats,283216,1011,202401,Gloucester Rugby,away,123243,Charlie Atkinson,sub 7,22,11,0,2,2,0,0,4,1,0,,0,1,0,0,0,0,0,0,0,0,0,0,0
https://www.premiershiprugby.com/match-centre/283216/team-stats,283216,1011,202401,Gloucester Rugby,away,196656,Chris Harris,outside centre,13,80,0,50,10,3,1,4,0,1,,0,7,1,1,0,0,0,0,0,0,1,0,0
https://www.premiershiprugby.com/match-centre/283216/team-stats,283216,1011,202401,Gloucester Rugby,away,137423,Harry Taylor,sub 5,20,7,0,0,0,0,0,0,0,0,,0,0,0,0,0,0,0,0,0,0,0,0,0
https://www.premiershiprugby.com/match-centre/283216/team-stats,283216,1011,202401,Gloucester Rugby,away,109648,Seb Atkinson,inside centre,12,80,0,26,17,6,1,15,1,1,,0,12,4,0,0,0,0,0,0,0,1,0,0
https://www.premiershiprugby.com/match-centre/283216/team-stats,283216,1011,202401,Gloucester Rugby,away,203694,Freddie Clarke,second row,4,60,0,0,2,0,0,3,0,0,,0,11,2,0,0,0,0,0,1,0,2,0,0
https://www.premiershiprugby.com/match-centre/283216/team-stats,283216,1011,202401,Gloucester Rugby,away,191662,Ruan Ackermann,number eight,8,80,0,56,11,4,1,5,1,0,,0,5,3,0,0,0,0,0,0,0,1,0,0
https://www.premiershiprugby.com/match-centre/283216/team-stats,283216,1011,202401,Gloucester Rugby,away,189971,Ciaran Knight,loosehead prop,1,45,0,0,1,0,0,0,0,1,,0,5,0,0,0,0,0,0,0,0,1,0,0
https://www.premiershiprugby.com/match-centre/283216/team-stats,283216,1011,202401,Gloucester Rugby,away,133265,George Barton,full back,15,69,1,47,11,2,3,8,0,0,,5,7,1,1,1,0,0,0,0,0,2,0,0
https://www.premiershiprugby.com/match-centre/283216/team-stats,283216,1011,202401,Gloucester Rugby,away,201234,Kirill Gotovtsev,sub 3,18,20,0,0,1,0,0,0,0,0,,0,3,0,0,0,0,0,0,0,0,0,0,0
https://www.premiershiprugby.com/match-centre/283216/team-stats,283216,1011,202401,Gloucester Rugby,away,137490,Seb Blake,hooker,2,49,1,11,3,0,1,0,0,0,,5,10,0,1,0,0,0,0,0,0,1,0,0
https://www.premiershiprugby.com/match-centre/283216/team-stats,283216,1011,202401,Gloucester Rugby,away,209756,Lewis Ludlow,flanker,7,73,0,2,1,0,0,3,0,1,,0,14,0,1,0,0,0,0,5,0,2,0,0
https://www.premiershiprugby.com/match-centre/283216/team-stats,283216,1011,202401,Gloucester Rugby,away,239418,Afolabi Fasogbon,tighthead prop,3,60,0,4,3,0,0,1,0,0,,0,9,0,0,0,0,0,0,0,0,1,0,0
https://www.premiershiprugby.com/match-centre/283216/team-stats,283216,1011,202401,Gloucester Rugby,away,122972,Jack Singleton,sub 1,16,31,0,3,3,0,0,2,1,0,,0,3,1,0,0,0,0,0,0,0,0,0,0
https://www.premiershiprugby.com/match-centre/283216/team-stats,283216,1011,202401,Gloucester Rugby,away,213184,Val Rapava Ruskin,sub 2,17,35,0,0,1,1,0,1,0,0,,0,5,1,2,0,0,0,0,0,0,1,0,0
https://www.premiershiprugby.com/match-centre/283216/team-stats,283216,1011,202401,Gloucester Rugby,away,189982,Santiago Carreras,fly half,10,80,0,77,14,4,1,18,1,4,,6,3,0,0,3,3,0,0,0,0,0,0,0
https://www.premiershiprugby.com/match-centre/283221/team-stats,283221,1011,202401,Bath Rugby,home,175011,Max Ojomoh,outside centre,13,80,1,115,15,0,2,11,0,1,,5,3,4,1,1,0,0,0,0,0,0,0,0
https://www.premiershiprugby.com/match-centre/283221/team-stats,283221,1011,202401,Bath Rugby,home,104322,Sam Underhill,sub 5,20,28,0,0,1,0,0,0,0,0,,0,6,0,1,0,0,0,0,1,0,1,0,0
https://www.premiershiprugby.com/match-centre/283221/team-stats,283221,1011,202401,Bath Rugby,home,210178,Will Butt,sub 7,22,16,0,27,2,0,1,1,0,0,,0,2,0,0,0,0,0,0,0,0,0,0,0
https://www.premiershiprugby.com/match-centre/283221/team-stats,283221,1011,202401,Bath Rugby,home,156834,Tom Carr-Smith,sub 6,21,9,0,0,0,0,0,10,0,0,,0,2,0,0,0,0,0,0,0,0,0,0,0
https://www.premiershiprugby.com/match-centre/283221/team-stats,283221,1011,202401,Bath Rugby,home,157863,Finn Russell,fly half,10,80,0,34,9,0,0,26,0,0,,12,7,6,1,5,6,0,0,0,0,0,0,0
https://www.premiershiprugby.com/match-centre/283221/team-stats,283221,1011,202401,Bath Rugby,home,195208,Miles Reid,flanker,7,52,0,3,7,0,0,5,2,0,,0,11,1,2,0,0,0,0,1,0,1,0,0
https://www.premiershiprugby.com/match-centre/283221/team-stats,283221,1011,202401,Bath Rugby,home,179563,Joe Cokanasiga,right wing,14,80,1,43,8,2,1,4,2,1,,5,5,2,0,0,0,0,0,0,0,0,0,0
https://www.premiershiprugby.com/match-centre/283221/team-stats,283221,1011,202401,Bath Rugby,home,154219,Cameron Redpath,inside centre,12,64,0,42,9,3,1,3,0,1,,0,8,3,0,0,0,0,0,0,0,1,0,0
https://www.premiershiprugby.com/match-centre/283221/team-stats,283221,1011,202401,Bath Rugby,home,108714,Will Stuart,tighthead prop,3,52,0,3,5,0,0,0,1,0,,0,8,0,0,0,0,0,0,0,0,0,0,0
https://www.premiershiprugby.com/match-centre/283221/team-stats,283221,1011,202401,Bath Rugby,home,145484,Alfie Barbeary,number eight,8,52,0,24,7,0,0,0,0,0,,0,12,2,0,0,0,0,0,0,0,1,0,0
https://www.premiershiprugby.com/match-centre/283221/team-stats,283221,1011,202401,Bath Rugby,home,112684,Guy Pepper,sub 4,19,45,0,5,4,0,0,2,1,1,,0,8,1,1,0,0,0,0,3,0,1,0,0
https://www.premiershiprugby.com/match-centre/283221/team-stats,283221,1011,202401,Bath Rugby,home,130283,Beno Obano,loosehead prop,1,52,0,1,7,0,0,1,0,1,,0,3,0,0,0,0,0,0,0,0,0,0,0
https://www.premiershiprugby.com/match-centre/283221/team-stats,283221,1011,202401,Bath Rugby,home,143754,Niall Annett,sub 1,16,17,0,1,3,0,0,2,0,0,,0,3,1,0,0,0,0,0,0,0,0,0,0
https://www.premiershiprugby.com/match-centre/283221/team-stats,283221,1011,202401,Bath Rugby,home,111662,Ben Spencer,scrum half,9,80,0,18,2,1,1,51,0,2,,0,2,2,1,16,0,0,0,0,0,0,0,0
https://www.premiershiprugby.com/match-centre/283221/team-stats,283221,1011,202401,Bath Rugby,home,160272,Will Muir,left wing,11,80,2,115,7,4,3,2,0,1,,10,4,2,0,1,0,0,0,0,0,0,0,0
https://www.premiershiprugby.com/match-centre/283221/team-stats,283221,1011,202401,Bath Rugby,home,225778,Tom Dunn,hooker,2,63,0,58,7,1,2,1,0,0,,0,14,4,0,0,0,0,0,0,0,1,0,0
https://www.premiershiprugby.com/match-centre/283221/team-stats,283221,1011,202401,Bath Rugby,home,184945,Ted Hill,flanker,6,80,1,28,10,2,2,4,1,0,,5,10,4,0,0,0,0,0,2,0,0,0,0
https://www.premiershiprugby.com/match-centre/283221/team-stats,283221,1011,202401,Bath Rugby,home,105205,Ross Molony,second row,4,80,1,10,6,0,1,3,0,1,,5,12,2,0,0,0,0,0,3,0,0,0,0
https://www.premiershiprugby.com/match-centre/283221/team-stats,283221,1011,202401,Bath Rugby,home,116821,Francois van Wyk,sub 2,17,28,1,15,2,0,1,0,0,0,,5,6,1,0,0,0,0,0,0,0,0,0,0
https://www.premiershiprugby.com/match-centre/283221/team-stats,283221,1011,202401,Bath Rugby,home,104572,Thomas du Toit,sub 3,18,28,0,8,4,1,0,0,0,0,,0,6,1,0,0,0,0,0,0,0,0,0,0
https://www.premiershiprugby.com/match-centre/283221/team-stats,283221,1011,202401,Bath Rugby,home,155514,Jaco Coetzee,sub 8,23,28,0,12,8,2,0,0,0,2,,0,5,0,0,0,0,0,0,0,0,0,0,0
https://www.premiershiprugby.com/match-centre/283221/team-stats,283221,1011,202401,Bath Rugby,home,196415,Charlie Ewels,second row,5,35,0,0,2,0,1,2,0,0,,0,7,1,1,0,0,0,0,0,0,0,0,0
https://www.premiershiprugby.com/match-centre/283221/team-stats,283221,1011,202401,Bath Rugby,home,153790,Tom de Glanville,full back,15,71,0,139,14,4,3,7,2,1,,0,5,1,0,3,0,0,0,1,0,0,0,0
https://www.premiershiprugby.com/match-centre/283221/team-stats,283221,1011,202401,Harlequins,away,140419,Jordan Els,sub 2,17,6,0,0,1,0,0,0,0,0,,0,3,0,0,0,0,0,0,0,0,1,0,0
https://www.premiershiprugby.com/match-centre/283221/team-stats,283221,1011,202401,Harlequins,away,149058,Sam Riley,sub 1,16,26,1,26,8,3,1,1,1,1,,5,8,1,0,0,0,0,0,0,0,1,0,0
https://www.premiershiprugby.com/match-centre/283221/team-stats,283221,1011,202401,Harlequins,away,206497,Danny Care,sub 7,22,20,0,0,0,0,0,18,0,0,,0,0,0,0,7,0,0,0,0,0,0,0,0
https://www.premiershiprugby.com/match-centre/283221/team-stats,283221,1011,202401,Harlequins,away,142312,Will Porter,scrum half,9,60,0,21,5,2,1,60,1,0,,0,1,0,0,6,0,0,0,0,0,0,0,0
https://www.premiershiprugby.com/match-centre/283221/team-stats,283221,1011,202401,Harlequins,away,140680,Stephan Lewies,second row,5,59,0,28,4,1,1,8,1,0,,0,11,1,0,0,0,0,0,4,1,0,0,0
https://www.premiershiprugby.com/match-centre/283221/team-stats,283221,1011,202401,Harlequins,away,137125,Jack Walker,hooker,2,54,0,0,2,0,0,0,0,1,,0,6,0,0,0,0,0,0,0,0,1,0,0
https://www.premiershiprugby.com/match-centre/283221/team-stats,283221,1011,202401,Harlequins,away,159436,Jamie Benson,sub 8,23,66,0,27,10,2,0,23,0,1,,2,8,1,0,2,1,0,0,0,0,0,0,0
https://www.premiershiprugby.com/match-centre/283221/team-stats,283221,1011,202401,Harlequins,away,178025,Oscar Beard,outside centre,13,80,0,33,8,3,1,5,0,0,,0,8,1,0,0,0,0,0,0,0,0,0,0
https://www.premiershiprugby.com/match-centre/283221/team-stats,283221,1011,202401,Harlequins,away,190858,Titi Lamositele,tighthead prop,3,54,1,3,6,0,0,4,1,0,,5,2,1,0,0,0,0,0,0,0,0,0,0
https://www.premiershiprugby.com/match-centre/283221/team-stats,283221,1011,202401,Harlequins,away,203721,Irne Herbst,second row,4,54,0,6,2,0,1,3,0,0,,0,10,1,0,0,0,0,0,2,0,0,0,0
https://www.premiershiprugby.com/match-centre/283221/team-stats,283221,1011,202401,Harlequins,away,218605,Luke Northmore,inside centre,12,80,1,92,15,6,4,7,1,3,,5,6,2,0,0,0,0,0,0,0,0,0,0
https://www.premiershiprugby.com/match-centre/283221/team-stats,283221,1011,202401,Harlequins,away,189326,Marcus Smith,fly half,10,70,0,29,11,2,1,15,1,0,,6,6,2,0,10,3,0,0,1,0,1,0,1
https://www.premiershiprugby.com/match-centre/283221/team-stats,283221,1011,202401,Harlequins,away,213459,Fin Baxter,loosehead prop,1,74,1,8,13,0,0,5,0,1,,5,14,2,0,0,0,0,0,0,0,0,0,0
https://www.premiershiprugby.com/match-centre/283221/team-stats,283221,1011,202401,Harlequins,away,182642,Tyrone Green,full back,15,80,0,43,7,3,1,3,1,0,,0,5,3,0,0,0,0,0,0,0,0,0,0
https://www.premiershiprugby.com/match-centre/283221/team-stats,283221,1011,202401,Harlequins,away,175826,Jack Kenningham,flanker,6,80,0,39,16,3,1,4,0,1,,0,10,2,1,0,0,0,0,7,1,2,0,0
https://www.premiershiprugby.com/match-centre/283221/team-stats,283221,1011,202401,Harlequins,away,240631,Chandler Cunningham-South,number eight,8,68,0,29,15,6,0,4,2,2,,0,16,0,1,0,0,0,0,0,0,1,0,0
https://www.premiershiprugby.com/match-centre/283221/team-stats,283221,1011,202401,Harlequins,away,137369,Nick David,left wing,11,80,0,66,13,5,2,5,1,2,,0,4,2,0,0,0,0,0,0,0,1,0,0
https://www.premiershiprugby.com/match-centre/283221/team-stats,283221,1011,202401,Harlequins,away,132185,Joe Launchbury,sub 4,19,26,0,1,1,0,0,3,0,0,,0,7,0,0,0,0,0,0,1,0,0,0,0
https://www.premiershiprugby.com/match-centre/283221/team-stats,283221,1011,202401,Harlequins,away,158074,George Hammond,sub 5,20,21,0,0,1,0,0,0,0,0,,0,5,0,0,0,0,0,0,2,2,1,0,0
https://www.premiershiprugby.com/match-centre/283221/team-stats,283221,1011,202401,Harlequins,away,243129,Lucas Schmid,sub 6,21,12,0,14,3,1,0,0,0,0,,0,2,0,0,0,0,0,0,0,0,0,0,0
https://www.premiershiprugby.com/match-centre/283221/team-stats,283221,1011,202401,Harlequins,away,144543,Tom Lawday,flanker,7,80,0,14,8,1,0,4,1,2,,0,11,0,2,0,0,0,0,2,0,0,0,0
https://www.premiershiprugby.com/match-centre/283221/team-stats,283221,1011,202401,Harlequins,away,194110,Rodrigo Isgro,right wing,14,4,0,0,1,0,0,0,0,0,,0,0,1,0,0,0,0,0,0,0,0,0,1
https://www.premiershiprugby.com/match-centre/283221/team-stats,283221,1011,202401,Harlequins,away,111583,Wyn Jones,sub 3,18,26,0,1,1,0,0,0,0,0,,0,3,0,1,0,0,0,0,0,0,1,0,0
https://www.premiershiprugby.com/match-centre/283227/team-stats,283227,1011,202401,Exeter Chiefs,home,169636,Martin Moloney,flanker,6,46,0,13,6,0,0,0,0,0,,0,11,0,0,0,0,0,0,1,1,0,0,0
https://www.premiershiprugby.com/match-centre/283227/team-stats,283227,1011,202401,Exeter Chiefs,home,102180,Ben Hammersley,right wing,14,56,0,19,6,0,0,4,0,0,,0,6,3,0,1,0,0,0,0,0,0,0,0
https://www.premiershiprugby.com/match-centre/283227/team-stats,283227,1011,202401,Exeter Chiefs,home,251397,Paul Brown-Bampoe,left wing,11,80,2,111,11,7,3,5,2,3,,10,4,3,0,0,0,0,0,0,0,1,0,0
https://www.premiershiprugby.com/match-centre/283227/team-stats,283227,1011,202401,Exeter Chiefs,home,157036,Kwenzo Blose,sub 2,17,26,0,5,1,0,0,0,0,0,,0,4,0,0,0,0,0,0,0,0,1,0,0
https://www.premiershiprugby.com/match-centre/283227/team-stats,283227,1011,202401,Exeter Chiefs,home,197546,Joe Hawkins,inside centre,12,74,0,37,9,0,1,5,1,3,,0,4,1,0,3,0,0,0,0,0,0,0,0
https://www.premiershiprugby.com/match-centre/283227/team-stats,283227,1011,202401,Exeter Chiefs,home,208783,Tom Cairns,scrum half,9,46,0,5,3,1,0,44,1,0,,0,4,4,0,6,0,0,0,0,0,0,0,0
https://www.premiershiprugby.com/match-centre/283227/team-stats,283227,1011,202401,Exeter Chiefs,home,125136,Will Haydon-Wood,sub 7,22,24,0,26,3,0,1,7,1,1,,0,0,0,0,1,0,0,0,0,0,0,0,0
https://www.premiershiprugby.com/match-centre/283227/team-stats,283227,1011,202401,Exeter Chiefs,home,188174,Jimmy Roots,sub 3,18,26,0,3,6,0,0,1,0,0,,0,8,1,0,0,0,0,0,0,0,1,0,0
https://www.premiershiprugby.com/match-centre/283227/team-stats,283227,1011,202401,Exeter Chiefs,home,243341,Niall Armstrong,sub 6,21,34,0,8,1,0,0,30,0,0,,0,4,1,1,6,0,0,0,0,0,0,0,0
https://www.premiershiprugby.com/match-centre/283227/team-stats,283227,1011,202401,Exeter Chiefs,home,172979,Jacques Vermeulen,sub 4,19,34,0,6,4,0,0,3,0,0,,0,2,0,0,0,0,0,0,0,0,1,0,0
https://www.premiershiprugby.com/match-centre/283227/team-stats,283227,1011,202401,Exeter Chiefs,home,224659,Scott Sio,loosehead prop,1,54,0,6,6,0,0,9,2,0,,0,4,1,0,0,0,0,0,1,0,0,0,0
https://www.premiershiprugby.com/match-centre/283227/team-stats,283227,1011,202401,Exeter Chiefs,home,128691,Max Norey,sub 1,16,26,0,5,4,2,0,1,0,0,,0,5,0,0,0,0,0,0,0,0,0,0,0
https://www.premiershiprugby.com/match-centre/283227/team-stats,283227,1011,202401,Exeter Chiefs,home,237233,Ross Vintcent,sub 5,20,24,0,2,1,0,0,1,0,0,,0,7,0,0,0,0,0,0,0,0,0,0,0
https://www.premiershiprugby.com/match-centre/283227/team-stats,283227,1011,202401,Exeter Chiefs,home,169495,Josh Hodge,full back,15,80,0,165,21,8,4,2,0,1,,0,4,1,0,7,0,0,0,1,0,0,0,0
https://www.premiershiprugby.com/match-centre/283227/team-stats,283227,1011,202401,Exeter Chiefs,home,237272,Dafydd Jenkins,second row,5,70,0,22,4,0,1,5,1,0,,0,10,1,2,0,0,0,0,3,1,1,0,1
https://www.premiershiprugby.com/match-centre/283227/team-stats,283227,1011,202401,Exeter Chiefs,home,170455,Greg Fisilau,number eight,8,80,0,58,17,1,0,6,1,3,,0,16,1,0,0,0,0,0,2,1,1,0,0
https://www.premiershiprugby.com/match-centre/283227/team-stats,283227,1011,202401,Exeter Chiefs,home,160437,Marcus Street,tighthead prop,3,54,0,3,3,0,1,0,0,0,,0,8,0,0,0,0,0,0,0,0,1,0,0
https://www.premiershiprugby.com/match-centre/283227/team-stats,283227,1011,202401,Exeter Chiefs,home,112986,Rus Tuima,second row,4,80,0,12,13,3,0,9,3,1,,0,13,1,0,0,0,0,0,1,0,1,0,0
https://www.premiershiprugby.com/match-centre/283227/team-stats,283227,1011,202401,Exeter Chiefs,home,243675,Will Rigg,sub 8,23,6,0,6,1,0,0,1,0,0,,0,0,0,0,0,0,0,0,0,0,0,0,0
https://www.premiershiprugby.com/match-centre/283227/team-stats,283227,1011,202401,Exeter Chiefs,home,213658,Richard Capstick,flanker,7,56,0,3,4,0,0,1,1,0,,0,10,0,0,0,0,0,0,4,0,1,0,0
https://www.premiershiprugby.com/match-centre/283227/team-stats,283227,1011,202401,Exeter Chiefs,home,225024,Harvey Skinner,fly half,10,80,0,25,8,1,0,24,1,1,,0,9,2,0,5,0,0,0,1,0,0,0,0
https://www.premiershiprugby.com/match-centre/283227/team-stats,283227,1011,202401,Exeter Chiefs,home,138016,Henry Slade,outside centre,13,80,0,12,5,0,1,8,2,3,,9,3,4,1,2,3,1,0,0,0,0,0,0
https://www.premiershiprugby.com/match-centre/283227/team-stats,283227,1011,202401,Exeter Chiefs,home,203166,Jack Yeandle,hooker,2,54,1,4,6,0,0,5,1,1,,5,8,1,0,0,0,0,0,0,0,0,0,0
https://www.premiershiprugby.com/match-centre/283227/team-stats,283227,1011,202401,Bath Rugby,away,175011,Max Ojomoh,outside centre,13,60,0,24,10,2,0,4,3,0,,0,3,2,1,1,0,0,0,0,0,0,0,0
https://www.premiershiprugby.com/match-centre/283227/team-stats,283227,1011,202401,Bath Rugby,away,239297,Arthur Green,number eight,8,54,0,60,15,4,2,4,2,1,,0,12,0,0,0,0,0,0,0,0,1,0,0
https://www.premiershiprugby.com/match-centre/283227/team-stats,283227,1011,202401,Bath Rugby,away,157863,Finn Russell,fly half,10,80,0,63,12,2,0,22,3,1,,4,7,4,0,11,2,0,0,0,0,0,0,0
https://www.premiershiprugby.com/match-centre/283227/team-stats,283227,1011,202401,Bath Rugby,away,195208,Miles Reid,flanker,7,80,0,22,7,1,1,2,0,0,,0,12,2,1,0,0,0,0,1,0,1,0,0
https://www.premiershiprugby.com/match-centre/283227/team-stats,283227,1011,202401,Bath Rugby,away,154219,Cameron Redpath,inside centre,12,80,0,15,8,6,1,8,4,1,,0,13,2,0,1,0,0,0,0,0,0,0,0
https://www.premiershiprugby.com/match-centre/283227/team-stats,283227,1011,202401,Bath Rugby,away,108714,Will Stuart,sub 3,18,26,0,7,2,0,0,1,0,0,,0,4,0,0,0,0,0,0,0,0,0,0,0
https://www.premiershiprugby.com/match-centre/283227/team-stats,283227,1011,202401,Bath Rugby,away,145484,Alfie Barbeary,sub 8,23,26,0,11,5,0,0,0,0,0,,0,6,0,1,1,0,0,0,0,0,1,0,0
https://www.premiershiprugby.com/match-centre/283227/team-stats,283227,1011,202401,Bath Rugby,away,143754,Niall Annett,hooker,2,54,1,2,5,1,0,4,0,0,,5,10,0,1,0,0,0,0,0,0,2,0,0
https://www.premiershiprugby.com/match-centre/283227/team-stats,283227,1011,202401,Bath Rugby,away,130283,Beno Obano,sub 2,17,26,0,1,2,1,0,0,0,0,,0,2,0,0,0,0,0,0,0,0,1,0,0
https://www.premiershiprugby.com/match-centre/283227/team-stats,283227,1011,202401,Bath Rugby,away,111662,Ben Spencer,scrum half,9,80,0,20,6,0,1,55,0,1,,0,4,0,0,22,0,0,0,0,0,0,0,0
https://www.premiershiprugby.com/match-centre/283227/team-stats,283227,1011,202401,Bath Rugby,away,160272,Will Muir,left wing,11,50,1,50,4,0,1,0,0,0,,5,1,2,0,1,0,0,0,0,0,0,0,0
https://www.premiershiprugby.com/match-centre/283227/team-stats,283227,1011,202401,Bath Rugby,away,202868,Louis Schreuder,sub 6,21,20,0,0,0,0,0,5,0,0,,0,2,0,0,0,0,0,0,0,0,0,0,0
https://www.premiershiprugby.com/match-centre/283227/team-stats,283227,1011,202401,Bath Rugby,away,225778,Tom Dunn,sub 1,16,26,0,0,2,0,0,0,0,0,,0,4,0,0,0,0,0,0,0,0,0,0,0
https://www.premiershiprugby.com/match-centre/283227/team-stats,283227,1011,202401,Bath Rugby,away,184945,Ted Hill,sub 5,20,26,0,6,5,0,0,2,1,0,,0,6,2,0,0,0,0,0,0,0,0,0,0
https://www.premiershiprugby.com/match-centre/283227/team-stats,283227,1011,202401,Bath Rugby,away,116821,Francois van Wyk,loosehead prop,1,54,0,1,7,0,0,2,1,0,,0,10,1,0,0,0,0,0,0,0,1,0,0
https://www.premiershiprugby.com/match-centre/283227/team-stats,283227,1011,202401,Bath Rugby,away,105205,Ross Molony,sub 4,19,26,0,0,1,0,0,2,0,0,,0,3,0,0,0,0,0,0,1,0,0,0,0
https://www.premiershiprugby.com/match-centre/283227/team-stats,283227,1011,202401,Bath Rugby,away,217750,Ewan Richards,second row,4,54,0,21,5,0,1,5,1,0,,0,6,1,0,0,0,0,0,0,0,0,0,0
https://www.premiershiprugby.com/match-centre/283227/team-stats,283227,1011,202401,Bath Rugby,away,112538,Ruaridh McConnochie,right wing,14,80,0,33,5,2,1,1,0,1,,0,6,0,0,0,0,0,0,0,0,0,0,0
https://www.premiershiprugby.com/match-centre/283227/team-stats,283227,1011,202401,Bath Rugby,away,220475,Orlando Bailey,sub 7,22,30,0,21,4,0,0,4,0,2,,0,2,1,0,1,0,0,0,0,0,0,0,0
https://www.premiershiprugby.com/match-centre/283227/team-stats,283227,1011,202401,Bath Rugby,away,104572,Thomas du Toit,tighthead prop,3,54,0,5,10,0,0,0,0,0,,0,3,2,1,0,0,0,0,0,0,1,0,0
https://www.premiershiprugby.com/match-centre/283227/team-stats,283227,1011,202401,Bath Rugby,away,196415,Charlie Ewels,second row,5,54,0,0,5,0,1,0,0,1,,0,8,1,1,0,0,0,0,0,0,1,0,0
https://www.premiershiprugby.com/match-centre/283227/team-stats,283227,1011,202401,Bath Rugby,away,100192,Josh Bayliss,flanker,6,80,1,51,8,5,2,6,1,1,,5,15,1,1,0,0,0,0,6,0,2,0,0
https://www.premiershiprugby.com/match-centre/283227/team-stats,283227,1011,202401,Bath Rugby,away,153790,Tom de Glanville,full back,15,80,0,65,10,1,2,5,1,1,,0,1,2,0,1,0,0,0,0,0,0,0,0
https://www.premiershiprugby.com/match-centre/283231/team-stats,283231,1011,202401,Bath Rugby,home,104322,Sam Underhill,flanker,7,51,1,31,2,1,2,1,0,1,,5,6,6,0,0,0,0,0,1,0,1,0,1
https://www.premiershiprugby.com/match-centre/283231/team-stats,283231,1011,202401,Bath Rugby,home,210178,Will Butt,inside centre,12,80,0,57,10,3,1,6,1,0,,0,6,0,0,0,0,0,0,0,0,0,0,0
https://www.premiershiprugby.com/match-centre/283231/team-stats,283231,1011,202401,Bath Rugby,home,187169,Archie Griffin,sub 3,18,25,0,2,1,0,0,1,0,0,,0,4,2,1,0,0,0,0,1,0,0,0,0
https://www.premiershiprugby.com/match-centre/283231/team-stats,283231,1011,202401,Bath Rugby,home,101123,Ciaran Donoghue,fly half,10,80,1,190,10,13,4,15,2,2,,16,5,5,0,4,4,1,0,0,0,0,0,0
https://www.premiershiprugby.com/match-centre/283231/team-stats,283231,1011,202401,Bath Rugby,home,156834,Tom Carr-Smith,scrum half,9,55,1,15,4,1,1,37,0,0,,5,4,0,0,9,0,0,0,0,0,0,0,0
https://www.premiershiprugby.com/match-centre/283231/team-stats,283231,1011,202401,Bath Rugby,home,157863,Finn Russell,sub 7,22,25,0,28,4,2,1,7,0,0,,4,2,1,0,2,2,0,0,0,0,0,0,0
https://www.premiershiprugby.com/match-centre/283231/team-stats,283231,1011,202401,Bath Rugby,home,154219,Cameron Redpath,outside centre,13,70,1,79,11,3,1,8,1,0,,5,8,1,1,0,0,0,0,0,0,2,0,1
https://www.premiershiprugby.com/match-centre/283231/team-stats,283231,1011,202401,Bath Rugby,home,108714,Will Stuart,tighthead prop,3,55,0,6,4,1,0,0,0,0,,0,9,0,1,0,0,0,0,0,0,1,0,0
https://www.premiershiprugby.com/match-centre/283231/team-stats,283231,1011,202401,Bath Rugby,home,145484,Alfie Barbeary,number eight,8,55,0,44,11,5,0,2,0,2,,0,5,0,1,0,0,0,0,0,0,1,0,0
https://www.premiershiprugby.com/match-centre/283231/team-stats,283231,1011,202401,Bath Rugby,home,112684,Guy Pepper,sub 5,20,25,0,3,2,0,0,1,0,0,,0,7,0,0,0,0,0,0,1,0,1,0,0
https://www.premiershiprugby.com/match-centre/283231/team-stats,283231,1011,202401,Bath Rugby,home,143754,Niall Annett,hooker,2,55,0,19,6,0,0,3,0,1,,0,10,1,0,0,0,0,0,2,2,1,0,0
https://www.premiershiprugby.com/match-centre/283231/team-stats,283231,1011,202401,Bath Rugby,home,243600,Austin Emens,full back,15,80,2,73,12,3,4,2,0,1,,10,2,1,0,0,0,0,0,0,0,0,0,0
https://www.premiershiprugby.com/match-centre/283231/team-stats,283231,1011,202401,Bath Rugby,home,202868,Louis Schreuder,sub 6,21,25,0,4,1,0,0,16,0,0,,0,3,3,0,0,0,0,0,0,0,0,0,0
https://www.premiershiprugby.com/match-centre/283231/team-stats,283231,1011,202401,Bath Rugby,home,243059,Kepu Tuipulotu,sub 8,23,25,0,5,2,2,0,0,0,0,,0,6,0,0,0,0,0,0,0,0,3,0,0
https://www.premiershiprugby.com/match-centre/283231/team-stats,283231,1011,202401,Bath Rugby,home,184945,Ted Hill,flanker,6,80,0,36,9,1,1,0,0,1,,0,9,0,0,0,0,0,0,3,0,0,0,0
https://www.premiershiprugby.com/match-centre/283231/team-stats,283231,1011,202401,Bath Rugby,home,225778,Tom Dunn,sub 1,16,25,0,5,1,1,0,1,0,0,,0,10,1,0,0,0,0,0,0,0,1,0,0
https://www.premiershiprugby.com/match-centre/283231/team-stats,283231,1011,202401,Bath Rugby,home,116821,Francois van Wyk,loosehead prop,1,55,0,3,4,0,0,2,0,0,,0,10,0,1,0,0,0,0,0,0,0,0,0
https://www.premiershiprugby.com/match-centre/283231/team-stats,283231,1011,202401,Bath Rugby,home,112538,Ruaridh McConnochie,right wing,14,55,0,28,3,1,1,1,0,0,,0,3,1,2,0,0,0,0,0,0,0,0,0
https://www.premiershiprugby.com/match-centre/283231/team-stats,283231,1011,202401,Bath Rugby,home,104572,Thomas du Toit,sub 2,17,25,0,8,3,0,0,0,0,1,,0,5,0,2,0,0,0,0,0,0,1,0,0
https://www.premiershiprugby.com/match-centre/283231/team-stats,283231,1011,202401,Bath Rugby,home,203360,Quinn Roux,second row,4,55,1,66,4,0,1,1,0,0,,5,9,2,0,0,0,0,0,3,0,2,0,0
https://www.premiershiprugby.com/match-centre/283231/team-stats,283231,1011,202401,Bath Rugby,home,196415,Charlie Ewels,second row,5,80,0,6,6,0,0,3,1,1,,0,16,0,0,0,0,0,0,1,0,1,0,0
https://www.premiershiprugby.com/match-centre/283231/team-stats,283231,1011,202401,Bath Rugby,home,100192,Josh Bayliss,sub 4,19,15,0,2,1,2,0,1,0,0,,0,4,0,0,0,0,0,0,0,0,1,0,1
https://www.premiershiprugby.com/match-centre/283231/team-stats,283231,1011,202401,Bath Rugby,home,233245,Louie Hennessey,left wing,11,80,1,91,3,3,2,1,0,0,,5,9,2,0,1,0,0,0,0,0,1,0,0
https://www.premiershiprugby.com/match-centre/283231/team-stats,283231,1011,202401,Newcastle Falcons,away,165761,Louis Brown,full back,15,35,0,27,4,1,2,4,2,0,,0,3,1,1,1,0,0,0,0,0,1,1,0
https://www.premiershiprugby.com/match-centre/283231/team-stats,283231,1011,202401,Newcastle Falcons,away,117316,John Hawkins,second row,4,31,0,4,2,0,0,0,0,0,,0,5,2,1,0,0,0,0,1,0,0,0,0
https://www.premiershiprugby.com/match-centre/283231/team-stats,283231,1011,202401,Newcastle Falcons,away,168872,Callum Chick,number eight,8,69,0,29,8,3,0,2,0,1,,0,7,1,0,0,0,0,0,1,1,0,0,0
https://www.premiershiprugby.com/match-centre/283231/team-stats,283231,1011,202401,Newcastle Falcons,away,169829,Max Clark,inside centre,12,55,0,22,5,0,1,6,0,0,,0,5,3,0,1,0,0,0,1,0,1,0,0
https://www.premiershiprugby.com/match-centre/283231/team-stats,283231,1011,202401,Newcastle Falcons,away,205702,Brett Connon,fly half,10,80,0,2,6,1,0,23,0,0,,4,14,6,0,2,2,0,0,0,0,1,0,0
https://www.premiershiprugby.com/match-centre/283231/team-stats,283231,1011,202401,Newcastle Falcons,away,219782,Freddie Lockwood,flanker,6,80,0,20,15,3,0,2,0,0,,0,15,3,0,0,0,0,0,1,0,1,0,0
https://www.premiershiprugby.com/match-centre/283231/team-stats,283231,1011,202401,Newcastle Falcons,away,207081,Ollie Fletcher,sub 1,16,21,0,6,4,0,0,1,0,0,,0,1,0,0,0,0,0,0,0,0,0,0,0
https://www.premiershiprugby.com/match-centre/283231/team-stats,283231,1011,202401,Newcastle Falcons,away,210511,Connor Doherty,outside centre,13,60,2,64,8,2,2,2,1,2,,10,4,1,0,0,0,0,0,0,0,0,0,0
https://www.premiershiprugby.com/match-centre/283231/team-stats,283231,1011,202401,Newcastle Falcons,away,200621,Richard Palframan,tighthead prop,3,11,0,5,2,0,0,0,0,1,,0,1,1,0,0,0,0,0,0,0,0,0,0
https://www.premiershiprugby.com/match-centre/283231/team-stats,283231,1011,202401,Newcastle Falcons,away,248979,Oscar Usher,sub 4,19,49,0,8,4,0,0,3,0,0,,0,6,0,0,0,0,0,0,4,0,0,0,0
https://www.premiershiprugby.com/match-centre/283231/team-stats,283231,1011,202401,Newcastle Falcons,away,205585,Murray McCallum,sub 3,18,69,0,3,5,0,0,3,0,0,,0,9,0,1,0,0,0,0,0,0,0,0,0
https://www.premiershiprugby.com/match-centre/283231/team-stats,283231,1011,202401,Newcastle Falcons,away,154551,Sebastian de Chaves,second row,5,80,0,3,2,0,0,3,1,0,,0,8,3,0,0,0,0,0,8,0,0,0,0
https://www.premiershiprugby.com/match-centre/283231/team-stats,283231,1011,202401,Newcastle Falcons,away,137624,Sam Stuart,scrum half,9,58,0,6,2,1,0,46,0,1,,0,3,3,0,10,0,0,0,0,0,0,0,0
https://www.premiershiprugby.com/match-centre/283231/team-stats,283231,1011,202401,Newcastle Falcons,away,164792,Adam Brocklebank,loosehead prop,1,65,0,38,4,2,1,0,0,0,,0,8,3,0,0,0,0,0,0,0,2,0,0
https://www.premiershiprugby.com/match-centre/283231/team-stats,283231,1011,202401,Newcastle Falcons,away,190680,Ollie Leatherbarrow,sub 5,20,11,0,2,4,0,0,0,0,0,,0,0,1,0,0,0,0,0,0,0,0,0,0
https://www.premiershiprugby.com/match-centre/283231/team-stats,283231,1011,202401,Newcastle Falcons,away,116536,Max Pepper,sub 6,21,22,0,3,2,0,0,29,0,0,,0,0,1,0,1,0,0,0,0,0,0,0,0
https://www.premiershiprugby.com/match-centre/283231/team-stats,283231,1011,202401,Newcastle Falcons,away,143126,Ben Stevenson,left wing,11,80,0,57,11,4,1,3,1,0,,0,2,2,0,3,0,0,0,0,0,1,0,0
https://www.premiershiprugby.com/match-centre/283231/team-stats,283231,1011,202401,Newcastle Falcons,away,222549,Oli Spencer,sub 7,22,20,0,3,2,1,0,0,0,0,,0,1,2,0,0,0,0,0,0,0,0,0,0
https://www.premiershiprugby.com/match-centre/283231/team-stats,283231,1011,202401,Newcastle Falcons,away,157275,Cameron Neild,flanker,7,80,1,3,13,1,0,11,1,2,,5,16,2,0,0,0,0,0,0,0,0,0,0
https://www.premiershiprugby.com/match-centre/283231/team-stats,283231,1011,202401,Newcastle Falcons,away,199072,Alex Hearle,right wing,14,80,0,42,11,4,1,6,1,3,,0,1,3,0,0,0,0,0,0,0,0,0,0
https://www.premiershiprugby.com/match-centre/283231/team-stats,283231,1011,202401,Newcastle Falcons,away,160415,Jamie Blamire,hooker,2,59,0,6,6,1,0,2,0,2,,0,5,2,1,0,0,0,0,0,0,0,0,0
https://www.premiershiprugby.com/match-centre/283231/team-stats,283231,1011,202401,Newcastle Falcons,away,239550,Mike Rewcastle,sub 2,17,15,0,0,0,0,0,1,0,0,,0,0,0,0,0,0,0,0,0,0,1,0,0
https://www.premiershiprugby.com/match-centre/283231/team-stats,283231,1011,202401,Newcastle Falcons,away,108863,Sammy Arnold,sub 8,23,25,0,16,10,2,0,2,1,0,,0,0,2,0,0,0,0,0,1,0,2,0,0
https://www.premiershiprugby.com/match-centre/283236/team-stats,283236,1011,202401,Bristol Bears,home,112066,Fitz Harding,flanker,7,80,1,10,11,1,0,4,1,1,,5,21,1,0,0,0,0,0,2,0,0,0,0
https://www.premiershiprugby.com/match-centre/283236/team-stats,283236,1011,202401,Bristol Bears,home,156903,James Williams,inside centre,12,80,0,8,10,2,0,9,0,2,,0,13,2,1,0,0,0,0,1,0,1,0,0
https://www.premiershiprugby.com/match-centre/283236/team-stats,283236,1011,202401,Bristol Bears,home,199272,James Dun,sub 4,19,40,0,5,3,0,0,1,0,0,,0,8,1,1,0,0,0,0,1,0,0,0,0
https://www.premiershiprugby.com/match-centre/283236/team-stats,283236,1011,202401,Bristol Bears,home,212999,AJ MacGinty,fly half,10,80,0,26,11,3,1,29,1,0,,6,6,1,1,9,3,0,0,0,0,1,0,0
https://www.premiershiprugby.com/match-centre/283236/team-stats,283236,1011,202401,Bristol Bears,home,217606,Benhard Janse van Rensburg,outside centre,13,70,0,31,6,2,1,8,2,2,,0,12,0,2,1,0,0,0,0,0,1,0,1
https://www.premiershiprugby.com/match-centre/283236/team-stats,283236,1011,202401,Bristol Bears,home,237996,Joseph Owen,sub 5,20,10,0,0,0,0,0,1,0,0,,0,3,0,0,0,0,0,0,2,0,0,0,0
https://www.premiershiprugby.com/match-centre/283236/team-stats,283236,1011,202401,Bristol Bears,home,237803,Kalaveti Ravouvou,right wing,14,64,0,37,6,5,1,1,2,0,,0,6,1,0,0,0,0,0,0,0,1,0,0
https://www.premiershiprugby.com/match-centre/283236/team-stats,283236,1011,202401,Bristol Bears,home,163209,George Kloska,sub 3,18,37,0,2,5,0,0,0,0,0,,0,8,0,1,0,0,0,0,0,0,0,0,0
https://www.premiershiprugby.com/match-centre/283236/team-stats,283236,1011,202401,Bristol Bears,home,178506,Will Capon,sub 1,16,8,1,26,2,0,1,1,0,0,,5,0,0,0,0,0,0,0,0,0,0,0,0
https://www.premiershiprugby.com/match-centre/283236/team-stats,283236,1011,202401,Bristol Bears,home,165007,Ellis Genge,loosehead prop,1,70,0,26,7,1,0,2,1,1,,0,8,4,0,0,0,0,0,0,0,0,0,0
https://www.premiershiprugby.com/match-centre/283236/team-stats,283236,1011,202401,Bristol Bears,home,145677,Viliame Mata,number eight,8,70,1,51,9,2,1,1,1,1,,5,10,1,1,0,0,0,0,0,0,1,0,1
https://www.premiershiprugby.com/match-centre/283236/team-stats,283236,1011,202401,Bristol Bears,home,195214,Harry Randall,scrum half,9,59,0,71,10,0,3,39,1,3,,0,2,1,2,9,0,0,0,0,0,0,0,0
https://www.premiershiprugby.com/match-centre/283236/team-stats,283236,1011,202401,Bristol Bears,home,142481,Steven Luatua,flanker,6,47,0,3,3,0,0,1,0,1,,0,8,0,1,0,0,0,0,3,0,0,0,0
https://www.premiershiprugby.com/match-centre/283236/team-stats,283236,1011,202401,Bristol Bears,home,131218,Gabriel Ibitoye,left wing,11,80,1,54,12,1,2,6,1,1,,5,4,1,1,3,0,0,0,0,0,1,0,0
https://www.premiershiprugby.com/match-centre/283236/team-stats,283236,1011,202401,Bristol Bears,home,147794,Joe Batley,second row,5,60,0,5,2,0,0,2,0,0,,0,7,4,0,0,0,0,0,4,0,1,0,1
https://www.premiershiprugby.com/match-centre/283236/team-stats,283236,1011,202401,Bristol Bears,home,168050,Siva Naulago,sub 7,22,8,0,73,2,2,2,2,0,0,,0,0,1,0,0,0,0,0,0,0,0,0,0
https://www.premiershiprugby.com/match-centre/283236/team-stats,283236,1011,202401,Bristol Bears,home,216599,Richard Lane,full back,15,80,1,47,11,1,1,4,1,3,,5,4,2,1,8,0,0,0,0,0,0,0,0
https://www.premiershiprugby.com/match-centre/283236/team-stats,283236,1011,202401,Bristol Bears,home,127095,Santiago Grondona,sub 8,23,33,0,0,0,0,0,1,0,0,,0,3,2,0,0,0,0,0,0,0,0,0,0
https://www.premiershiprugby.com/match-centre/283236/team-stats,283236,1011,202401,Bristol Bears,home,193564,Yann Thomas,sub 2,17,10,0,0,0,0,0,1,0,0,,0,3,0,0,0,0,0,0,0,0,0,0,0
https://www.premiershiprugby.com/match-centre/283236/team-stats,283236,1011,202401,Bristol Bears,home,210010,Kieran Marmion,sub 6,21,21,0,29,4,1,2,16,0,1,,0,0,0,0,2,0,0,0,0,0,0,0,0
https://www.premiershiprugby.com/match-centre/283236/team-stats,283236,1011,202401,Bristol Bears,home,130811,Max Lahiff,tighthead prop,3,39,0,10,5,3,0,1,0,0,,0,7,2,0,0,0,0,0,0,0,2,0,1
https://www.premiershiprugby.com/match-centre/283236/team-stats,283236,1011,202401,Bristol Bears,home,127101,Gabriel Oghre,hooker,2,72,1,7,7,0,1,4,0,0,,5,23,3,1,2,0,0,0,0,0,2,0,0
https://www.premiershiprugby.com/match-centre/283236/team-stats,283236,1011,202401,Bristol Bears,home,194848,Josh Caulfield,second row,4,40,0,28,2,1,1,2,0,0,,0,12,0,0,0,0,0,0,0,0,0,0,0
https://www.premiershiprugby.com/match-centre/283236/team-stats,283236,1011,202401,Bath Rugby,away,123233,Ethan Staddon,flanker,7,47,0,20,9,1,0,3,0,2,,0,9,3,1,0,0,0,0,2,0,0,0,0
https://www.premiershiprugby.com/match-centre/283236/team-stats,283236,1011,202401,Bath Rugby,away,187169,Archie Griffin,tighthead prop,3,57,0,10,10,3,0,0,0,0,,0,11,0,0,0,0,0,0,0,0,1,0,0
https://www.premiershiprugby.com/match-centre/283236/team-stats,283236,1011,202401,Bath Rugby,away,101123,Ciaran Donoghue,fly half,10,80,1,58,13,2,1,21,2,5,,9,8,1,0,10,2,0,0,0,0,0,0,0
https://www.premiershiprugby.com/match-centre/283236/team-stats,283236,1011,202401,Bath Rugby,away,239297,Arthur Green,number eight,8,69,0,29,19,2,0,4,1,2,,0,12,0,0,0,0,0,0,0,0,0,0,0
https://www.premiershiprugby.com/match-centre/283236/team-stats,283236,1011,202401,Bath Rugby,away,137026,Kieran Verden,sub 3,18,23,0,0,0,0,0,0,0,1,,0,6,0,0,0,0,0,0,0,0,0,0,0
https://www.premiershiprugby.com/match-centre/283236/team-stats,283236,1011,202401,Bath Rugby,away,156834,Tom Carr-Smith,sub 6,21,26,0,4,5,0,0,21,1,0,,0,1,0,0,0,0,0,0,0,0,0,0,0
https://www.premiershiprugby.com/match-centre/283236/team-stats,283236,1011,202401,Bath Rugby,away,218695,Jasper Spandler,hooker,2,47,0,7,4,0,0,1,0,1,,0,10,1,1,0,0,0,0,0,0,0,0,0
https://www.premiershiprugby.com/match-centre/283236/team-stats,283236,1011,202401,Bath Rugby,away,195208,Miles Reid,sub 8,23,33,0,14,5,0,1,3,0,0,,0,5,1,0,0,0,0,0,4,0,0,0,0
https://www.premiershiprugby.com/match-centre/283236/team-stats,283236,1011,202401,Bath Rugby,away,179563,Joe Cokanasiga,right wing,14,80,0,107,8,3,3,1,4,2,,0,1,1,0,1,0,0,0,0,0,0,0,0
https://www.premiershiprugby.com/match-centre/283236/team-stats,283236,1011,202401,Bath Rugby,away,243600,Austin Emens,left wing,11,69,0,73,7,3,1,1,0,2,,0,6,0,0,0,0,0,0,0,0,0,0,0
https://www.premiershiprugby.com/match-centre/283236/team-stats,283236,1011,202401,Bath Rugby,away,202868,Louis Schreuder,scrum half,9,54,0,0,0,0,0,43,0,0,,0,4,2,0,7,0,0,0,0,0,1,0,0
https://www.premiershiprugby.com/match-centre/283236/team-stats,283236,1011,202401,Bath Rugby,away,243059,Kepu Tuipulotu,sub 1,16,33,0,10,4,1,0,2,0,1,,0,3,0,0,0,0,0,0,0,0,0,0,0
https://www.premiershiprugby.com/match-centre/283236/team-stats,283236,1011,202401,Bath Rugby,away,116821,Francois van Wyk,loosehead prop,1,57,0,0,5,0,0,3,2,0,,0,7,0,0,0,0,0,0,0,0,0,0,0
https://www.premiershiprugby.com/match-centre/283236/team-stats,283236,1011,202401,Bath Rugby,away,105205,Ross Molony,second row,5,75,0,2,3,0,0,1,0,2,,0,8,4,0,0,0,0,0,6,0,0,0,0
https://www.premiershiprugby.com/match-centre/283236/team-stats,283236,1011,202401,Bath Rugby,away,217750,Ewan Richards,second row,4,62,1,84,5,4,2,2,1,1,,5,6,0,2,0,0,0,0,0,0,0,0,0
https://www.premiershiprugby.com/match-centre/283236/team-stats,283236,1011,202401,Bath Rugby,away,112538,Ruaridh McConnochie,sub 7,22,11,0,10,2,0,1,1,0,0,,0,0,0,0,0,0,0,0,0,0,0,0,0
https://www.premiershiprugby.com/match-centre/283236/team-stats,283236,1011,202401,Bath Rugby,away,220475,Orlando Bailey,inside centre,12,80,0,36,8,1,0,15,1,0,,0,5,3,0,1,0,0,0,0,0,0,0,0
https://www.premiershiprugby.com/match-centre/283236/team-stats,283236,1011,202401,Bath Rugby,away,219609,Arthur Cordwell,sub 2,17,23,0,4,3,0,0,0,1,0,,0,3,0,1,0,0,0,0,0,0,1,0,0
https://www.premiershiprugby.com/match-centre/283236/team-stats,283236,1011,202401,Bath Rugby,away,132895,Tom Cowan,sub 5,20,11,0,17,3,0,1,1,0,0,,0,2,0,0,0,0,0,0,0,0,0,0,0
https://www.premiershiprugby.com/match-centre/283236/team-stats,283236,1011,202401,Bath Rugby,away,100192,Josh Bayliss,flanker,6,80,0,64,11,2,1,8,2,0,,0,7,2,1,1,0,0,0,4,0,0,0,0
https://www.premiershiprugby.com/match-centre/283236/team-stats,283236,1011,202401,Bath Rugby,away,239294,Will Jeanes,sub 4,19,24,0,7,2,2,0,0,0,1,,0,3,0,0,1,0,0,0,1,0,0,0,0
https://www.premiershiprugby.com/match-centre/283236/team-stats,283236,1011,202401,Bath Rugby,away,153790,Tom de Glanville,full back,15,80,0,102,11,2,1,4,0,3,,0,3,4,0,3,0,0,0,0,0,0,0,0
https://www.premiershiprugby.com/match-centre/283236/team-stats,283236,1011,202401,Bath Rugby,away,233245,Louie Hennessey,outside centre,13,80,0,44,11,1,1,5,2,2,,0,12,3,0,1,0,0,0,0,0,1,0,0
https://www.premiershiprugby.com/match-centre/283241/team-stats,283241,1011,202401,Bath Rugby,home,104322,Sam Underhill,flanker,7,70,0,23,7,1,1,5,1,1,,0,20,0,0,0,0,0,0,5,0,1,0,0
https://www.premiershiprugby.com/match-centre/283241/team-stats,283241,1011,202401,Bath Rugby,home,175011,Max Ojomoh,sub 7,22,33,0,42,6,0,1,7,1,0,,0,5,1,1,1,0,0,0,0,0,0,0,0
https://www.premiershiprugby.com/match-centre/283241/team-stats,283241,1011,202401,Bath Rugby,home,210178,Will Butt,inside centre,12,80,1,21,4,1,1,3,0,2,,5,13,2,0,1,0,0,0,0,0,0,0,0
https://www.premiershiprugby.com/match-centre/283241/team-stats,283241,1011,202401,Bath Rugby,home,101123,Ciaran Donoghue,full back,15,80,0,73,12,2,0,6,2,2,,0,3,0,0,3,0,0,0,0,0,0,0,0
https://www.premiershiprugby.com/match-centre/283241/team-stats,283241,1011,202401,Bath Rugby,home,156834,Tom Carr-Smith,sub 6,21,16,0,0,0,0,0,17,0,0,,0,0,0,0,0,0,0,0,0,0,0,0,0
https://www.premiershiprugby.com/match-centre/283241/team-stats,283241,1011,202401,Bath Rugby,home,239297,Arthur Green,sub 8,23,16,0,17,7,2,0,0,0,0,,0,1,2,0,0,0,0,0,0,0,1,0,0
https://www.premiershiprugby.com/match-centre/283241/team-stats,283241,1011,202401,Bath Rugby,home,157863,Finn Russell,fly half,10,80,0,30,10,1,0,29,4,2,,8,10,4,0,7,4,0,0,0,0,1,0,0
https://www.premiershiprugby.com/match-centre/283241/team-stats,283241,1011,202401,Bath Rugby,home,179563,Joe Cokanasiga,right wing,14,80,1,111,8,1,1,0,0,1,,5,2,5,0,0,0,0,0,0,0,0,0,0
https://www.premiershiprugby.com/match-centre/283241/team-stats,283241,1011,202401,Bath Rugby,home,154219,Cameron Redpath,outside centre,13,47,0,8,6,0,0,4,1,3,,0,7,1,0,0,0,0,0,1,0,0,0,0
https://www.premiershiprugby.com/match-centre/283241/team-stats,283241,1011,202401,Bath Rugby,home,108714,Will Stuart,sub 3,18,30,1,1,1,0,0,0,0,0,,5,2,2,0,0,0,0,0,0,0,0,0,0
https://www.premiershiprugby.com/match-centre/283241/team-stats,283241,1011,202401,Bath Rugby,home,145484,Alfie Barbeary,number eight,8,64,0,24,9,1,0,1,0,1,,0,9,0,2,0,0,0,0,0,0,1,0,0
https://www.premiershiprugby.com/match-centre/283241/team-stats,283241,1011,202401,Bath Rugby,home,112684,Guy Pepper,sub 5,20,25,0,19,5,2,0,2,0,0,,0,1,0,0,0,0,0,0,2,0,0,0,0
https://www.premiershiprugby.com/match-centre/283241/team-stats,283241,1011,202401,Bath Rugby,home,130283,Beno Obano,loosehead prop,1,55,1,21,6,2,1,1,0,1,,5,12,0,0,0,0,0,0,0,0,0,0,0
https://www.premiershiprugby.com/match-centre/283241/team-stats,283241,1011,202401,Bath Rugby,home,143754,Niall Annett,sub 1,16,25,0,6,1,0,0,2,0,0,,0,5,1,0,0,0,0,0,0,0,0,0,0
https://www.premiershiprugby.com/match-centre/283241/team-stats,283241,1011,202401,Bath Rugby,home,111662,Ben Spencer,scrum half,9,64,1,37,2,1,1,53,0,0,,5,3,0,0,11,0,0,0,0,0,0,0,0
https://www.premiershiprugby.com/match-centre/283241/team-stats,283241,1011,202401,Bath Rugby,home,160272,Will Muir,left wing,11,80,0,37,6,0,1,4,1,2,,0,7,2,0,1,0,0,0,0,0,0,0,0
https://www.premiershiprugby.com/match-centre/283241/team-stats,283241,1011,202401,Bath Rugby,home,225778,Tom Dunn,hooker,2,54,1,40,9,2,1,1,0,2,,5,9,2,1,0,0,0,0,0,0,1,0,1
https://www.premiershiprugby.com/match-centre/283241/team-stats,283241,1011,202401,Bath Rugby,home,184945,Ted Hill,flanker,6,80,0,56,8,1,1,1,0,0,,0,13,3,1,0,0,0,0,1,0,2,0,0
https://www.premiershiprugby.com/match-centre/283241/team-stats,283241,1011,202401,Bath Rugby,home,116821,Francois van Wyk,sub 2,17,25,0,5,3,0,0,1,1,1,,0,3,1,0,0,0,0,0,0,0,0,0,0
https://www.premiershiprugby.com/match-centre/283241/team-stats,283241,1011,202401,Bath Rugby,home,105205,Ross Molony,sub 4,19,25,0,0,2,0,0,1,0,0,,0,2,1,0,0,0,0,0,3,1,0,0,0
https://www.premiershiprugby.com/match-centre/283241/team-stats,283241,1011,202401,Bath Rugby,home,104572,Thomas du Toit,tighthead prop,3,50,0,1,2,0,0,1,0,0,,0,6,4,0,0,0,0,0,0,0,1,0,0
https://www.premiershiprugby.com/match-centre/283241/team-stats,283241,1011,202401,Bath Rugby,home,203360,Quinn Roux,second row,4,55,1,10,4,1,1,1,0,0,,5,11,1,0,0,0,0,0,2,1,2,0,0
https://www.premiershiprugby.com/match-centre/283241/team-stats,283241,1011,202401,Bath Rugby,home,196415,Charlie Ewels,second row,5,55,0,1,4,0,0,1,1,0,,0,10,0,2,0,0,0,0,5,0,1,0,0
https://www.premiershiprugby.com/match-centre/283241/team-stats,283241,1011,202401,Leicester Tigers,away,150081,Freddie Steward,full back,15,80,0,52,12,5,0,4,0,4,,0,0,1,0,2,0,0,0,0,0,0,0,0
https://www.premiershiprugby.com/match-centre/283241/team-stats,283241,1011,202401,Leicester Tigers,away,173217,Ollie Hassell-Collins,left wing,11,80,0,23,5,2,1,3,0,2,,0,7,0,1,0,0,0,0,0,0,1,0,0
https://www.premiershiprugby.com/match-centre/283241/team-stats,283241,1011,202401,Leicester Tigers,away,162344,Julian Montoya,hooker,2,68,0,4,4,2,0,3,0,1,,0,13,0,0,0,0,0,0,0,0,0,0,0
https://www.premiershiprugby.com/match-centre/283241/team-stats,283241,1011,202401,Leicester Tigers,away,183880,Tommy Reffell,flanker,7,64,0,3,2,0,0,4,1,0,,0,8,1,0,0,0,0,0,0,0,0,0,0
https://www.premiershiprugby.com/match-centre/283241/team-stats,283241,1011,202401,Leicester Tigers,away,208037,Will Hurd,sub 3,18,16,0,4,2,2,0,1,0,1,,0,3,2,0,0,0,0,0,0,0,0,0,0
https://www.premiershiprugby.com/match-centre/283241/team-stats,283241,1011,202401,Leicester Tigers,away,113737,Jack van Poortvliet,scrum half,9,50,0,16,6,3,0,50,2,0,,0,3,1,0,7,0,0,0,0,0,0,0,0
https://www.premiershiprugby.com/match-centre/283241/team-stats,283241,1011,202401,Leicester Tigers,away,134796,Joe Heyes,tighthead prop,3,64,0,1,7,0,0,1,0,1,,0,9,3,0,1,0,0,0,0,0,3,0,0
https://www.premiershiprugby.com/match-centre/283241/team-stats,283241,1011,202401,Leicester Tigers,away,215402,Ben Youngs,sub 6,21,30,0,0,0,0,0,27,0,1,,0,1,0,0,2,0,0,0,0,0,0,0,0
https://www.premiershiprugby.com/match-centre/283241/team-stats,283241,1011,202401,Leicester Tigers,away,216656,Charlie Clare,sub 1,16,12,0,1,3,0,0,1,0,0,,0,1,1,0,0,0,0,0,0,0,0,0,0
https://www.premiershiprugby.com/match-centre/283241/team-stats,283241,1011,202401,Leicester Tigers,away,239278,Joe Woodward,inside centre,12,52,1,6,3,0,1,6,0,1,,5,6,2,0,2,0,0,0,0,0,0,0,0
https://www.premiershiprugby.com/match-centre/283241/team-stats,283241,1011,202401,Leicester Tigers,away,190829,Jamie Shillcock,sub 7,22,21,0,13,5,3,1,7,1,0,,0,2,1,0,0,0,0,0,0,0,0,0,0
https://www.premiershiprugby.com/match-centre/283241/team-stats,283241,1011,202401,Leicester Tigers,away,110319,Nicky Smith,loosehead prop,1,62,0,3,5,1,0,1,1,0,,0,6,1,0,0,0,0,0,0,0,1,0,0
https://www.premiershiprugby.com/match-centre/283241/team-stats,283241,1011,202401,Leicester Tigers,away,202962,Cameron Henderson,second row,4,80,0,10,7,1,1,3,0,0,,0,13,1,0,0,0,0,0,3,0,1,0,0
https://www.premiershiprugby.com/match-centre/283241/team-stats,283241,1011,202401,Leicester Tigers,away,134130,Matt Rogerson,sub 4,19,16,0,0,1,0,0,1,0,0,,0,3,0,0,0,0,0,0,1,0,0,0,0
https://www.premiershiprugby.com/match-centre/283241/team-stats,283241,1011,202401,Leicester Tigers,away,216823,Olly Cracknell,number eight,8,53,0,21,11,2,1,5,0,0,,0,12,0,0,0,0,0,0,1,0,0,0,0
https://www.premiershiprugby.com/match-centre/283241/team-stats,283241,1011,202401,Leicester Tigers,away,221884,Adam Radwan,right wing,14,75,1,35,4,3,2,0,0,1,,5,3,2,0,1,0,0,0,0,0,0,0,0
https://www.premiershiprugby.com/match-centre/283241/team-stats,283241,1011,202401,Leicester Tigers,away,144635,Ollie Chessum,second row,5,69,0,32,9,3,0,4,0,0,,0,7,0,0,0,0,0,0,5,0,1,0,1
https://www.premiershiprugby.com/match-centre/283241/team-stats,283241,1011,202401,Leicester Tigers,away,219771,Handre Pollard,fly half,10,80,0,38,11,3,0,14,0,2,,5,4,1,0,7,1,1,0,0,0,0,0,0
https://www.premiershiprugby.com/match-centre/283241/team-stats,283241,1011,202401,Leicester Tigers,away,179481,Solomone Kata,outside centre,13,64,0,14,7,1,0,2,1,0,,0,14,0,0,0,0,0,0,0,0,0,0,0
https://www.premiershiprugby.com/match-centre/283241/team-stats,283241,1011,202401,Leicester Tigers,away,129595,Emeka Ilione,sub 5,20,27,0,0,1,1,0,3,0,0,,0,6,0,1,0,0,0,0,0,0,0,0,0
https://www.premiershiprugby.com/match-centre/283241/team-stats,283241,1011,202401,Leicester Tigers,away,214400,Dan Kelly,sub 8,23,28,0,4,4,0,0,4,0,0,,0,2,0,0,0,0,0,0,0,0,1,0,0
https://www.premiershiprugby.com/match-centre/283241/team-stats,283241,1011,202401,Leicester Tigers,away,156512,Hanro Liebenberg,flanker,6,80,0,44,12,0,1,6,0,1,,0,15,1,2,0,0,0,0,4,0,1,0,0
https://www.premiershiprugby.com/match-centre/283241/team-stats,283241,1011,202401,Leicester Tigers,away,140000,James Cronin,sub 2,17,18,0,0,1,0,0,0,0,0,,0,7,0,1,0,0,0,0,0,0,0,0,0
https://www.premiershiprugby.com/match-centre/283250/team-stats,283250,1011,202401,Saracens,home,170435,Rotimi Segun,left wing,11,80,1,29,5,1,1,2,3,0,,5,3,0,0,0,0,0,0,0,0,0,0,0
https://www.premiershiprugby.com/match-centre/283250/team-stats,283250,1011,202401,Saracens,home,160801,Jamie George,hooker,2,52,2,13,7,1,0,4,0,0,,10,5,1,0,0,0,0,0,1,1,0,0,0
https://www.premiershiprugby.com/match-centre/283250/team-stats,283250,1011,202401,Saracens,home,110116,Harvey Beaton,sub 3,18,28,0,6,3,0,0,0,0,3,,0,6,1,0,0,0,0,0,0,0,1,0,0
https://www.premiershiprugby.com/match-centre/283250/team-stats,283250,1011,202401,Saracens,home,183874,Elliot Daly,outside centre,13,80,1,82,11,3,1,9,3,2,,5,5,2,0,4,0,0,0,0,0,1,0,0
https://www.premiershiprugby.com/match-centre/283250/team-stats,283250,1011,202401,Saracens,home,229505,Lucio Cinti Luna,sub 8,23,19,0,0,1,1,0,0,0,0,,0,1,1,0,0,0,0,0,0,0,0,0,0
https://www.premiershiprugby.com/match-centre/283250/team-stats,283250,1011,202401,Saracens,home,209612,Ben Earl,sub 6,21,18,0,10,2,0,0,1,0,0,,0,1,0,0,0,0,0,0,0,0,1,0,0
https://www.premiershiprugby.com/match-centre/283250/team-stats,283250,1011,202401,Saracens,home,239403,Charlie Bracken,sub 7,22,14,0,2,1,1,0,7,0,0,,0,2,0,0,0,0,0,0,0,0,0,0,0
https://www.premiershiprugby.com/match-centre/283250/team-stats,283250,1011,202401,Saracens,home,152009,Andy Onyeama-Christie,flanker,7,80,0,7,3,0,1,3,1,2,,0,12,2,0,1,0,0,0,0,0,0,0,0
https://www.premiershiprugby.com/match-centre/283250/team-stats,283250,1011,202401,Saracens,home,103821,Eroni Mawi,sub 2,17,40,0,2,4,0,0,1,1,1,,0,4,0,0,0,0,0,0,0,0,1,0,0
https://www.premiershiprugby.com/match-centre/283250/team-stats,283250,1011,202401,Saracens,home,111794,Theo Dan,sub 1,16,28,1,0,1,0,0,0,0,0,,5,2,1,0,0,0,0,0,0,0,0,0,0
https://www.premiershiprugby.com/match-centre/283250/team-stats,283250,1011,202401,Saracens,home,147091,Juan Martin Gonzalez,sub 5,20,28,0,5,4,0,0,0,0,0,,0,7,1,2,0,0,0,0,0,0,0,0,0
https://www.premiershiprugby.com/match-centre/283250/team-stats,283250,1011,202401,Saracens,home,155409,Maro Itoje,second row,4,52,0,4,4,0,0,1,1,0,,0,3,1,1,1,0,0,0,3,0,0,0,0
https://www.premiershiprugby.com/match-centre/283250/team-stats,283250,1011,202401,Saracens,home,119955,Rhys Carre,loosehead prop,1,40,0,26,1,0,1,0,0,0,,0,1,1,0,0,0,0,0,0,0,0,0,0
https://www.premiershiprugby.com/match-centre/283250/team-stats,283250,1011,202401,Saracens,home,107059,Marco Riccioni,tighthead prop,3,52,0,0,3,0,0,2,0,0,,0,2,0,0,0,0,0,0,0,0,0,0,0
https://www.premiershiprugby.com/match-centre/283250/team-stats,283250,1011,202401,Saracens,home,185080,Ivan van Zyl,scrum half,9,66,0,6,1,0,0,31,1,0,,0,6,1,2,11,0,0,0,0,0,0,0,0
https://www.premiershiprugby.com/match-centre/283250/team-stats,283250,1011,202401,Saracens,home,204054,Tobias Elliott,right wing,14,80,0,60,7,0,2,3,3,1,,0,4,4,0,2,0,0,0,0,0,0,0,0
https://www.premiershiprugby.com/match-centre/283250/team-stats,283250,1011,202401,Saracens,home,237366,Theo McFarland,flanker,6,52,0,9,2,2,1,2,0,4,,0,2,0,0,0,0,0,0,4,0,0,0,0
https://www.premiershiprugby.com/match-centre/283250/team-stats,283250,1011,202401,Saracens,home,104921,Nick Tompkins,inside centre,12,80,0,22,6,2,1,11,0,1,,0,10,1,5,0,0,0,0,0,0,2,0,0
https://www.premiershiprugby.com/match-centre/283250/team-stats,283250,1011,202401,Saracens,home,214751,Nick Isiekwe,second row,5,80,0,5,4,0,0,2,0,0,,0,8,0,0,0,0,0,0,5,0,1,0,0
https://www.premiershiprugby.com/match-centre/283250/team-stats,283250,1011,202401,Saracens,home,177536,Tom Willis,number eight,8,62,0,16,8,6,0,1,0,0,,0,7,0,0,0,0,0,0,1,0,0,0,0
https://www.premiershiprugby.com/match-centre/283250/team-stats,283250,1011,202401,Saracens,home,198623,Hugh Tizard,sub 4,19,28,0,1,1,0,0,1,0,0,,0,6,0,0,0,0,0,0,1,0,0,0,0
https://www.premiershiprugby.com/match-centre/283250/team-stats,283250,1011,202401,Saracens,home,178077,Alex Goode,full back,15,61,0,30,5,0,1,9,1,0,,0,0,0,0,1,0,0,0,0,0,1,0,0
https://www.premiershiprugby.com/match-centre/283250/team-stats,283250,1011,202401,Saracens,home,136509,Fergus Burke,fly half,10,80,1,10,7,0,1,9,0,2,,11,11,1,1,3,3,0,0,0,0,0,0,0
https://www.premiershiprugby.com/match-centre/283250/team-stats,283250,1011,202401,Bath Rugby,away,254052,Jack Woods,full back,15,80,0,24,6,2,0,1,0,1,,0,3,1,0,1,0,0,0,0,0,1,0,0
https://www.premiershiprugby.com/match-centre/283250/team-stats,283250,1011,202401,Bath Rugby,away,123233,Ethan Staddon,flanker,6,80,0,11,4,0,0,0,0,2,,0,5,3,0,0,0,0,0,3,0,0,0,0
https://www.premiershiprugby.com/match-centre/283250/team-stats,283250,1011,202401,Bath Rugby,away,187169,Archie Griffin,tighthead prop,3,50,0,5,5,0,0,0,0,1,,0,6,0,2,0,0,0,0,0,0,2,0,1
https://www.premiershiprugby.com/match-centre/283250/team-stats,283250,1011,202401,Bath Rugby,away,132737,Mackenzie Graham,sub 4,19,9,0,1,1,1,0,0,0,0,,0,1,0,0,0,0,0,0,0,0,0,0,0
https://www.premiershiprugby.com/match-centre/283250/team-stats,283250,1011,202401,Bath Rugby,away,239297,Arthur Green,number eight,8,71,1,24,10,1,0,2,0,1,,5,10,3,0,0,0,0,0,1,0,0,0,0
https://www.premiershiprugby.com/match-centre/283250/team-stats,283250,1011,202401,Bath Rugby,away,137026,Kieran Verden,sub 3,18,28,0,0,0,0,0,0,0,0,,0,0,0,0,1,0,0,0,0,0,1,0,0
https://www.premiershiprugby.com/match-centre/283250/team-stats,283250,1011,202401,Bath Rugby,away,218695,Jasper Spandler,hooker,2,44,0,1,1,0,0,0,0,0,,0,4,1,0,0,0,0,0,0,0,0,0,0
https://www.premiershiprugby.com/match-centre/283250/team-stats,283250,1011,202401,Bath Rugby,away,239302,Will Parry,inside centre,12,55,0,11,4,0,0,3,0,1,,0,1,2,0,1,0,0,0,0,0,0,0,0
https://www.premiershiprugby.com/match-centre/283250/team-stats,283250,1011,202401,Bath Rugby,away,239308,George Timmins,sub 5,20,19,0,13,4,2,0,0,0,0,,0,1,0,1,0,0,0,0,1,0,0,0,0
https://www.premiershiprugby.com/match-centre/283250/team-stats,283250,1011,202401,Bath Rugby,away,210731,John Stewart,sub 8,23,19,0,3,4,0,0,1,0,0,,0,2,1,1,0,0,0,0,0,0,0,0,0
https://www.premiershiprugby.com/match-centre/283250/team-stats,283250,1011,202401,Bath Rugby,away,243600,Austin Emens,right wing,14,80,0,18,5,1,0,1,0,1,,0,3,1,1,1,0,0,0,0,0,0,0,0
https://www.premiershiprugby.com/match-centre/283250/team-stats,283250,1011,202401,Bath Rugby,away,202868,Louis Schreuder,scrum half,9,71,0,18,6,0,1,41,0,2,,0,6,0,0,5,0,0,0,0,0,1,0,0
https://www.premiershiprugby.com/match-centre/283250/team-stats,283250,1011,202401,Bath Rugby,away,243059,Kepu Tuipulotu,sub 1,16,36,1,0,1,0,0,1,0,0,,5,2,0,0,0,0,0,0,0,0,0,0,0
https://www.premiershiprugby.com/match-centre/283250/team-stats,283250,1011,202401,Bath Rugby,away,241747,Neil le Roux,sub 6,21,9,0,0,0,0,0,7,0,0,,0,1,0,1,2,0,0,0,0,0,0,0,0
https://www.premiershiprugby.com/match-centre/283250/team-stats,283250,1011,202401,Bath Rugby,away,217750,Ewan Richards,second row,5,80,0,15,3,1,0,2,0,1,,0,7,0,0,0,0,0,0,2,1,2,0,0
https://www.premiershiprugby.com/match-centre/283250/team-stats,283250,1011,202401,Bath Rugby,away,112538,Ruaridh McConnochie,left wing,11,80,0,51,5,2,2,2,0,1,,0,4,1,1,1,0,0,0,0,0,0,0,0
https://www.premiershiprugby.com/match-centre/283250/team-stats,283250,1011,202401,Bath Rugby,away,220475,Orlando Bailey,fly half,10,80,0,12,5,0,0,16,1,1,,6,8,1,0,3,3,0,0,0,0,0,0,0
https://www.premiershiprugby.com/match-centre/283250/team-stats,283250,1011,202401,Bath Rugby,away,240057,Scott Kirk,loosehead prop,1,44,0,8,2,0,0,0,0,1,,0,6,1,0,0,0,0,0,0,0,1,0,0
https://www.premiershiprugby.com/match-centre/283250/team-stats,283250,1011,202401,Bath Rugby,away,219609,Arthur Cordwell,sub 2,17,36,0,0,2,0,0,0,0,1,,0,4,0,0,0,0,0,0,0,0,0,0,0
https://www.premiershiprugby.com/match-centre/283250/team-stats,283250,1011,202401,Bath Rugby,away,132895,Tom Cowan,flanker,7,52,0,0,2,0,0,0,0,0,,0,8,2,1,0,0,0,0,2,0,2,0,0
https://www.premiershiprugby.com/match-centre/283250/team-stats,283250,1011,202401,Bath Rugby,away,243072,Tyler Offiah,sub 7,22,25,1,48,3,3,2,0,0,1,,5,1,0,0,0,0,0,0,0,0,0,0,0
https://www.premiershiprugby.com/match-centre/283250/team-stats,283250,1011,202401,Bath Rugby,away,239294,Will Jeanes,second row,4,61,0,23,5,1,0,0,0,1,,0,12,0,1,0,0,0,0,0,0,2,0,0
https://www.premiershiprugby.com/match-centre/283250/team-stats,283250,1011,202401,Bath Rugby,away,233245,Louie Hennessey,outside centre,13,80,1,81,9,4,1,3,0,2,,5,5,0,2,1,0,0,0,0,0,1,0,0
https://www.premiershiprugby.com/match-centre/283251/team-stats,283251,1011,202401,Bath Rugby,home,175011,Max Ojomoh,outside centre,13,70,1,31,9,1,0,5,1,1,,5,8,3,0,0,0,0,0,0,0,0,0,0
https://www.premiershiprugby.com/match-centre/283251/team-stats,283251,1011,202401,Bath Rugby,home,156834,Tom Carr-Smith,sub 6,21,4,0,0,0,0,0,0,0,0,,0,0,0,0,0,0,0,0,0,0,0,0,0
https://www.premiershiprugby.com/match-centre/283251/team-stats,283251,1011,202401,Bath Rugby,home,101123,Ciaran Donoghue,sub 7,22,10,0,9,1,0,0,0,0,0,,0,1,0,0,1,0,0,0,0,0,0,0,0
https://www.premiershiprugby.com/match-centre/283251/team-stats,283251,1011,202401,Bath Rugby,home,157863,Finn Russell,fly half,10,76,0,28,5,1,0,26,0,1,,14,9,4,1,7,4,2,0,1,0,0,0,0
https://www.premiershiprugby.com/match-centre/283251/team-stats,283251,1011,202401,Bath Rugby,home,195208,Miles Reid,sub 5,20,40,0,15,6,0,0,0,0,0,,0,17,2,0,0,0,0,0,0,0,0,0,0
https://www.premiershiprugby.com/match-centre/283251/team-stats,283251,1011,202401,Bath Rugby,home,179563,Joe Cokanasiga,right wing,14,80,1,28,6,2,1,1,0,0,,5,8,1,0,0,0,0,0,0,0,1,0,0
https://www.premiershiprugby.com/match-centre/283251/team-stats,283251,1011,202401,Bath Rugby,home,154219,Cameron Redpath,inside centre,12,80,0,48,7,3,1,3,0,1,,0,14,0,1,0,0,0,0,0,0,1,0,0
https://www.premiershiprugby.com/match-centre/283251/team-stats,283251,1011,202401,Bath Rugby,home,108714,Will Stuart,tighthead prop,3,48,0,3,4,0,0,0,0,2,,0,4,1,0,0,0,0,0,0,0,1,0,0
https://www.premiershiprugby.com/match-centre/283251/team-stats,283251,1011,202401,Bath Rugby,home,145484,Alfie Barbeary,number eight,8,40,0,26,7,3,2,2,0,1,,0,8,2,2,1,0,0,0,0,0,1,0,0
https://www.premiershiprugby.com/match-centre/283251/team-stats,283251,1011,202401,Bath Rugby,home,112684,Guy Pepper,flanker,7,80,0,13,9,0,0,3,0,0,,0,21,3,1,0,0,0,0,0,0,3,0,0
https://www.premiershiprugby.com/match-centre/283251/team-stats,283251,1011,202401,Bath Rugby,home,130283,Beno Obano,loosehead prop,1,63,0,1,4,1,0,1,0,0,,0,7,1,0,0,0,0,0,0,0,0,0,0
https://www.premiershiprugby.com/match-centre/283251/team-stats,283251,1011,202401,Bath Rugby,home,143754,Niall Annett,sub 1,16,25,0,4,4,0,0,2,0,0,,0,4,2,1,0,0,0,0,0,0,0,0,0
https://www.premiershiprugby.com/match-centre/283251/team-stats,283251,1011,202401,Bath Rugby,home,111662,Ben Spencer,scrum half,9,80,0,11,3,0,0,52,0,0,,0,5,6,0,14,0,0,0,0,0,1,0,0
https://www.premiershiprugby.com/match-centre/283251/team-stats,283251,1011,202401,Bath Rugby,home,160272,Will Muir,left wing,11,80,1,56,9,2,1,1,0,0,,5,4,4,0,1,0,0,0,0,0,0,0,0
https://www.premiershiprugby.com/match-centre/283251/team-stats,283251,1011,202401,Bath Rugby,home,225778,Tom Dunn,hooker,2,55,0,5,8,0,0,1,1,0,,0,21,2,0,0,0,0,0,0,0,0,0,0
https://www.premiershiprugby.com/match-centre/283251/team-stats,283251,1011,202401,Bath Rugby,home,184945,Ted Hill,flanker,6,80,1,22,9,4,1,2,0,0,,5,14,5,1,0,0,0,0,4,0,0,0,0
https://www.premiershiprugby.com/match-centre/283251/team-stats,283251,1011,202401,Bath Rugby,home,116821,Francois van Wyk,sub 2,17,17,0,0,0,0,0,0,0,0,,0,5,0,0,0,0,0,0,0,0,1,0,0
https://www.premiershiprugby.com/match-centre/283251/team-stats,283251,1011,202401,Bath Rugby,home,105205,Ross Molony,sub 4,19,12,0,0,0,0,0,1,0,1,,0,4,2,0,0,0,0,0,1,0,0,0,0
https://www.premiershiprugby.com/match-centre/283251/team-stats,283251,1011,202401,Bath Rugby,home,104572,Thomas du Toit,sub 3,18,32,0,20,10,0,0,0,0,0,,0,10,1,0,0,0,0,0,0,0,0,0,0
https://www.premiershiprugby.com/match-centre/283251/team-stats,283251,1011,202401,Bath Rugby,home,203360,Quinn Roux,second row,4,63,0,4,5,0,0,2,1,0,,0,12,2,0,0,0,0,0,2,1,1,0,0
https://www.premiershiprugby.com/match-centre/283251/team-stats,283251,1011,202401,Bath Rugby,home,196415,Charlie Ewels,second row,5,68,0,1,2,0,0,1,0,0,,0,12,3,0,0,0,0,0,4,0,1,0,0
https://www.premiershiprugby.com/match-centre/283251/team-stats,283251,1011,202401,Bath Rugby,home,100192,Josh Bayliss,sub 8,23,17,0,3,2,1,0,0,0,0,,0,7,1,0,0,0,0,0,0,0,0,0,0
https://www.premiershiprugby.com/match-centre/283251/team-stats,283251,1011,202401,Bath Rugby,home,153790,Tom de Glanville,full back,15,80,0,45,7,3,1,1,0,1,,0,3,6,0,3,0,0,0,0,0,0,0,0
https://www.premiershiprugby.com/match-centre/283251/team-stats,283251,1011,202401,Bristol Bears,away,112066,Fitz Harding,flanker,7,80,0,27,15,3,2,10,0,1,,0,14,1,1,0,0,0,0,0,0,0,0,0
https://www.premiershiprugby.com/match-centre/283251/team-stats,283251,1011,202401,Bristol Bears,away,106402,Jake Woolmore,sub 2,17,15,0,0,0,0,0,0,0,0,,0,5,0,0,0,0,0,0,0,0,0,0,0
https://www.premiershiprugby.com/match-centre/283251/team-stats,283251,1011,202401,Bristol Bears,away,156903,James Williams,inside centre,12,80,0,30,7,2,1,19,0,0,,0,10,0,1,0,0,0,0,1,0,0,0,0
https://www.premiershiprugby.com/match-centre/283251/team-stats,283251,1011,202401,Bristol Bears,away,199272,James Dun,second row,4,48,1,42,11,1,1,5,2,0,,5,8,0,0,0,0,0,0,1,0,1,0,0
https://www.premiershiprugby.com/match-centre/283251/team-stats,283251,1011,202401,Bristol Bears,away,236968,Pedro Rubiolo,sub 4,19,32,0,32,4,4,1,1,0,0,,0,4,1,0,0,0,0,0,3,0,0,0,0
https://www.premiershiprugby.com/match-centre/283251/team-stats,283251,1011,202401,Bristol Bears,away,212999,AJ MacGinty,fly half,10,70,0,25,10,3,1,26,1,2,,8,9,0,0,5,1,2,0,0,0,1,0,0
https://www.premiershiprugby.com/match-centre/283251/team-stats,283251,1011,202401,Bristol Bears,away,106952,Noah Heward,full back,15,61,0,106,8,3,2,2,0,3,,0,1,0,0,2,0,0,0,0,0,0,0,0
https://www.premiershiprugby.com/match-centre/283251/team-stats,283251,1011,202401,Bristol Bears,away,217606,Benhard Janse van Rensburg,outside centre,13,80,1,41,11,3,2,6,1,1,,5,8,4,1,0,0,0,0,0,0,1,0,0
https://www.premiershiprugby.com/match-centre/283251/team-stats,283251,1011,202401,Bristol Bears,away,237803,Kalaveti Ravouvou,right wing,14,69,0,181,14,12,4,7,4,2,,0,4,1,0,0,0,0,0,0,0,3,0,1
https://www.premiershiprugby.com/match-centre/283251/team-stats,283251,1011,202401,Bristol Bears,away,183340,Harry Thacker,sub 1,16,15,0,40,8,5,0,4,1,0,,0,5,0,0,0,0,0,0,0,0,0,0,0
https://www.premiershiprugby.com/match-centre/283251/team-stats,283251,1011,202401,Bristol Bears,away,163209,George Kloska,tighthead prop,3,54,0,7,6,0,0,5,1,0,,0,5,2,0,0,0,0,0,0,0,1,0,0
https://www.premiershiprugby.com/match-centre/283251/team-stats,283251,1011,202401,Bristol Bears,away,165007,Ellis Genge,loosehead prop,1,65,0,17,14,0,0,6,4,1,,0,13,0,0,0,0,0,0,0,0,2,0,0
https://www.premiershiprugby.com/match-centre/283251/team-stats,283251,1011,202401,Bristol Bears,away,145677,Viliame Mata,number eight,8,65,0,42,14,4,2,2,2,1,,0,11,2,1,0,0,0,0,2,0,1,0,0
https://www.premiershiprugby.com/match-centre/283251/team-stats,283251,1011,202401,Bristol Bears,away,199886,Jack Bates,sub 8,23,19,0,16,6,1,1,1,0,0,,0,1,0,0,0,0,0,0,0,0,0,0,0
https://www.premiershiprugby.com/match-centre/283251/team-stats,283251,1011,202401,Bristol Bears,away,195214,Harry Randall,scrum half,9,37,0,9,5,0,0,30,0,0,,0,3,2,0,3,0,0,0,0,0,0,0,0
https://www.premiershiprugby.com/match-centre/283251/team-stats,283251,1011,202401,Bristol Bears,away,188115,Harry Byrne,sub 7,22,10,0,6,2,0,0,8,0,1,,2,0,0,0,2,1,0,0,0,0,0,0,0
https://www.premiershiprugby.com/match-centre/283251/team-stats,283251,1011,202401,Bristol Bears,away,142481,Steven Luatua,flanker,6,80,0,40,12,1,1,6,2,0,,0,15,1,0,0,0,0,0,0,0,1,0,0
https://www.premiershiprugby.com/match-centre/283251/team-stats,283251,1011,202401,Bristol Bears,away,131218,Gabriel Ibitoye,left wing,11,80,0,52,13,4,2,18,1,1,,0,1,3,0,1,0,0,0,0,0,0,0,0
https://www.premiershiprugby.com/match-centre/283251/team-stats,283251,1011,202401,Bristol Bears,away,147794,Joe Batley,second row,5,80,0,9,7,0,0,5,0,1,,0,15,2,1,0,0,0,0,4,0,0,0,0
https://www.premiershiprugby.com/match-centre/283251/team-stats,283251,1011,202401,Bristol Bears,away,127095,Santiago Grondona,sub 5,20,15,0,3,3,0,0,1,0,0,,0,5,1,0,0,0,0,0,0,0,0,0,0
https://www.premiershiprugby.com/match-centre/283251/team-stats,283251,1011,202401,Bristol Bears,away,210010,Kieran Marmion,sub 6,21,33,0,6,1,0,1,42,0,1,,0,2,0,1,0,0,0,0,0,0,1,0,1
https://www.premiershiprugby.com/match-centre/283251/team-stats,283251,1011,202401,Bristol Bears,away,130811,Max Lahiff,sub 3,18,26,0,6,5,2,0,0,0,0,,0,8,0,0,0,0,0,0,0,0,0,0,0
https://www.premiershiprugby.com/match-centre/283251/team-stats,283251,1011,202401,Bristol Bears,away,127101,Gabriel Oghre,hooker,2,65,0,31,5,3,1,8,0,0,,0,11,1,0,1,0,0,0,0,0,1,0,0
https://www.premiershiprugby.com/match-centre/283253/team-stats,283253,1011,202401,Bath Rugby,home,175011,Max Ojomoh,outside centre,13,80,1,22,9,0,1,7,0,2,,5,6,2,1,0,0,0,0,0,0,0,0,0
https://www.premiershiprugby.com/match-centre/283253/team-stats,283253,1011,202401,Bath Rugby,home,156834,Tom Carr-Smith,sub 6,21,0,0,0,0,0,0,0,0,0,,0,0,0,0,0,0,0,0,0,0,0,0,0
https://www.premiershiprugby.com/match-centre/283253/team-stats,283253,1011,202401,Bath Rugby,home,101123,Ciaran Donoghue,sub 7,22,0,0,0,0,0,0,0,0,0,,0,0,0,0,0,0,0,0,0,0,0,0,0
https://www.premiershiprugby.com/match-centre/283253/team-stats,283253,1011,202401,Bath Rugby,home,157863,Finn Russell,fly half,10,80,0,103,12,2,1,21,3,1,,13,9,3,1,9,2,3,0,0,0,0,0,0
https://www.premiershiprugby.com/match-centre/283253/team-stats,283253,1011,202401,Bath Rugby,home,195208,Miles Reid,number eight,8,62,0,57,16,4,0,1,2,2,,0,8,0,0,0,0,0,0,0,0,0,0,0
https://www.premiershiprugby.com/match-centre/283253/team-stats,283253,1011,202401,Bath Rugby,home,179563,Joe Cokanasiga,right wing,14,80,0,11,3,1,1,1,0,4,,0,5,1,1,1,0,0,0,0,0,0,0,0
https://www.premiershiprugby.com/match-centre/283253/team-stats,283253,1011,202401,Bath Rugby,home,154219,Cameron Redpath,inside centre,12,80,0,3,2,1,0,1,0,0,,0,13,1,0,0,0,0,0,0,0,0,0,0
https://www.premiershiprugby.com/match-centre/283253/team-stats,283253,1011,202401,Bath Rugby,home,108714,Will Stuart,sub 3,18,18,0,0,1,0,0,0,0,0,,0,2,0,0,0,0,0,0,0,0,0,0,0
https://www.premiershiprugby.com/match-centre/283253/team-stats,283253,1011,202401,Bath Rugby,home,145484,Alfie Barbeary,sub 8,23,18,0,4,3,0,0,0,0,1,,0,6,1,1,0,0,0,0,0,0,0,0,0
https://www.premiershiprugby.com/match-centre/283253/team-stats,283253,1011,202401,Bath Rugby,home,112684,Guy Pepper,flanker,7,80,0,35,7,3,1,3,0,0,,0,13,2,2,0,0,0,0,3,0,1,0,0
https://www.premiershiprugby.com/match-centre/283253/team-stats,283253,1011,202401,Bath Rugby,home,130283,Beno Obano,loosehead prop,1,62,0,15,6,1,0,0,0,0,,0,7,1,0,0,0,0,0,0,0,1,0,0
https://www.premiershiprugby.com/match-centre/283253/team-stats,283253,1011,202401,Bath Rugby,home,143754,Niall Annett,sub 1,16,11,0,0,2,0,0,0,0,0,,0,2,0,0,0,0,0,0,0,0,1,0,0
https://www.premiershiprugby.com/match-centre/283253/team-stats,283253,1011,202401,Bath Rugby,home,111662,Ben Spencer,scrum half,9,80,0,13,5,0,1,57,1,1,,0,4,0,0,17,0,0,0,0,0,0,0,0
https://www.premiershiprugby.com/match-centre/283253/team-stats,283253,1011,202401,Bath Rugby,home,160272,Will Muir,left wing,11,80,0,39,8,1,2,3,2,5,,0,3,0,0,0,0,0,0,0,0,0,0,0
https://www.premiershiprugby.com/match-centre/283253/team-stats,283253,1011,202401,Bath Rugby,home,225778,Tom Dunn,hooker,2,69,0,11,7,1,0,2,0,1,,0,18,1,0,0,0,0,0,0,0,0,0,0
https://www.premiershiprugby.com/match-centre/283253/team-stats,283253,1011,202401,Bath Rugby,home,184945,Ted Hill,flanker,6,80,0,1,2,0,0,4,0,1,,0,10,2,0,0,0,0,0,5,0,0,0,0
https://www.premiershiprugby.com/match-centre/283253/team-stats,283253,1011,202401,Bath Rugby,home,116821,Francois van Wyk,sub 2,17,18,0,1,1,2,0,0,0,0,,0,7,0,0,0,0,0,0,0,0,0,0,0
https://www.premiershiprugby.com/match-centre/283253/team-stats,283253,1011,202401,Bath Rugby,home,105205,Ross Molony,sub 4,19,11,0,0,0,0,0,0,0,0,,0,4,0,0,0,0,0,0,0,0,0,0,0
https://www.premiershiprugby.com/match-centre/283253/team-stats,283253,1011,202401,Bath Rugby,home,104572,Thomas du Toit,tighthead prop,3,62,1,5,5,0,0,3,1,0,,5,6,0,0,0,0,0,0,2,0,1,0,0
https://www.premiershiprugby.com/match-centre/283253/team-stats,283253,1011,202401,Bath Rugby,home,203360,Quinn Roux,second row,4,62,0,0,2,0,0,0,0,1,,0,12,0,0,0,0,0,0,0,0,0,0,0
https://www.premiershiprugby.com/match-centre/283253/team-stats,283253,1011,202401,Bath Rugby,home,196415,Charlie Ewels,second row,5,69,0,2,3,1,0,1,1,1,,0,12,1,0,0,0,0,0,3,0,0,0,0
https://www.premiershiprugby.com/match-centre/283253/team-stats,283253,1011,202401,Bath Rugby,home,100192,Josh Bayliss,sub 5,20,18,0,0,0,0,0,0,0,0,,0,7,0,0,0,0,0,0,1,0,1,0,0
https://www.premiershiprugby.com/match-centre/283253/team-stats,283253,1011,202401,Bath Rugby,home,153790,Tom de Glanville,full back,15,80,0,84,13,2,0,1,1,2,,0,3,1,0,8,0,0,0,0,0,0,0,0
https://www.premiershiprugby.com/match-centre/283253/team-stats,283253,1011,202401,Leicester Tigers,away,150081,Freddie Steward,full back,15,80,0,46,12,2,0,1,1,1,,0,4,0,0,9,0,0,0,0,0,0,0,0
https://www.premiershiprugby.com/match-centre/283253/team-stats,283253,1011,202401,Leicester Tigers,away,173217,Ollie Hassell-Collins,left wing,11,80,0,29,6,1,1,2,0,0,,0,5,2,0,1,0,0,0,0,0,0,0,0
https://www.premiershiprugby.com/match-centre/283253/team-stats,283253,1011,202401,Leicester Tigers,away,162344,Julian Montoya,hooker,2,69,0,4,8,0,0,2,0,0,,0,12,1,1,0,0,0,0,0,0,1,0,1
https://www.premiershiprugby.com/match-centre/283253/team-stats,283253,1011,202401,Leicester Tigers,away,183880,Tommy Reffell,flanker,7,45,0,2,4,0,0,1,0,0,,0,6,1,0,0,0,0,0,0,0,1,0,0
https://www.premiershiprugby.com/match-centre/283253/team-stats,283253,1011,202401,Leicester Tigers,away,169381,Dan Cole,sub 3,18,7,0,0,0,0,0,0,0,0,,0,0,0,1,0,0,0,0,0,0,1,0,1
https://www.premiershiprugby.com/match-centre/283253/team-stats,283253,1011,202401,Leicester Tigers,away,113737,Jack van Poortvliet,scrum half,9,55,1,12,4,0,0,46,1,2,,5,4,0,0,12,0,0,0,0,0,0,0,0
https://www.premiershiprugby.com/match-centre/283253/team-stats,283253,1011,202401,Leicester Tigers,away,134796,Joe Heyes,tighthead prop,3,63,0,0,4,0,0,1,0,0,,0,10,4,1,0,0,0,0,0,0,1,0,0
https://www.premiershiprugby.com/match-centre/283253/team-stats,283253,1011,202401,Leicester Tigers,away,215402,Ben Youngs,sub 6,21,25,0,4,4,0,0,32,0,1,,0,1,1,0,7,0,0,0,0,0,0,0,0
https://www.premiershiprugby.com/match-centre/283253/team-stats,283253,1011,202401,Leicester Tigers,away,216656,Charlie Clare,sub 1,16,10,0,0,1,0,0,1,0,0,,0,2,0,0,0,0,0,0,0,0,0,0,0
https://www.premiershiprugby.com/match-centre/283253/team-stats,283253,1011,202401,Leicester Tigers,away,239278,Joe Woodward,inside centre,12,51,0,25,6,2,0,4,1,0,,0,2,0,0,0,0,0,0,0,0,0,0,0
https://www.premiershiprugby.com/match-centre/283253/team-stats,283253,1011,202401,Leicester Tigers,away,111760,Izaia Perese,sub 8,23,29,0,40,8,0,0,0,0,0,,0,1,0,0,0,0,0,0,0,0,0,0,0
https://www.premiershiprugby.com/match-centre/283253/team-stats,283253,1011,202401,Leicester Tigers,away,110319,Nicky Smith,loosehead prop,1,69,0,2,3,1,0,1,0,0,,0,9,0,0,0,0,0,0,0,0,3,0,0
https://www.premiershiprugby.com/match-centre/283253/team-stats,283253,1011,202401,Leicester Tigers,away,202962,Cameron Henderson,second row,4,80,0,2,6,1,0,0,0,0,,0,9,0,0,0,0,0,0,3,0,1,0,0
https://www.premiershiprugby.com/match-centre/283253/team-stats,283253,1011,202401,Leicester Tigers,away,134130,Matt Rogerson,sub 4,19,8,0,0,1,0,0,1,0,0,,0,2,0,0,0,0,0,0,0,0,0,0,0
https://www.premiershiprugby.com/match-centre/283253/team-stats,283253,1011,202401,Leicester Tigers,away,216823,Olly Cracknell,number eight,8,72,0,37,12,1,1,2,0,2,,0,10,2,0,0,0,0,0,2,0,1,0,0
https://www.premiershiprugby.com/match-centre/283253/team-stats,283253,1011,202401,Leicester Tigers,away,221884,Adam Radwan,right wing,14,80,0,34,7,3,2,1,0,0,,0,5,4,0,0,0,0,0,0,0,0,0,0
https://www.premiershiprugby.com/match-centre/283253/team-stats,283253,1011,202401,Leicester Tigers,away,144635,Ollie Chessum,second row,5,80,0,1,6,0,0,2,0,1,,0,2,3,0,0,0,0,0,3,1,0,0,0
https://www.premiershiprugby.com/match-centre/283253/team-stats,283253,1011,202401,Leicester Tigers,away,219771,Handre Pollard,fly half,10,80,0,31,9,1,0,22,0,1,,6,4,0,0,7,3,0,0,0,0,0,0,0
https://www.premiershiprugby.com/match-centre/283253/team-stats,283253,1011,202401,Leicester Tigers,away,179481,Solomone Kata,outside centre,13,80,1,11,6,1,0,7,1,0,,5,7,0,1,0,0,0,0,0,0,0,0,0
https://www.premiershiprugby.com/match-centre/283253/team-stats,283253,1011,202401,Leicester Tigers,away,129595,Emeka Ilione,sub 5,20,25,1,9,5,2,0,0,0,0,,5,2,0,1,0,0,0,0,0,0,0,0,0
https://www.premiershiprugby.com/match-centre/283253/team-stats,283253,1011,202401,Leicester Tigers,away,156512,Hanro Liebenberg,flanker,6,80,0,19,9,1,0,1,0,1,,0,12,0,0,0,0,0,0,1,0,0,0,0
https://www.premiershiprugby.com/match-centre/283253/team-stats,283253,1011,202401,Leicester Tigers,away,140000,James Cronin,sub 2,17,11,0,4,3,0,0,1,0,0,,0,1,1,0,0,0,0,0,0,0,0,0,0
https://www.premiershiprugby.com/match-centre/283253/team-stats,283253,1011,202401,Leicester Tigers,away,172960,Ben Volavola,sub 7,22,0,0,0,0,0,0,0,0,0,,0,0,0,0,0,0,0,0,0,0,0,0,0
https://www.premiershiprugby.com/match-centre/288928/team-stats,288928,1011,202501,Harlequins,home,140419,Jordan Els,sub 2,17,26,0,1,3,0,0,0,0,0,,0,10,1,0,0,0,0,0,0,0,0,0,0
https://www.premiershiprugby.com/match-centre/288928/team-stats,288928,1011,202501,Harlequins,home,243138,Ollie Streeter,sub 3,18,12,0,0,0,0,0,0,0,0,,0,3,0,0,0,0,0,0,0,0,0,0,0
https://www.premiershiprugby.com/match-centre/288928/team-stats,288928,1011,202501,Harlequins,home,239649,Zach Carr,sub 5,20,23,0,17,2,0,0,0,0,0,,0,6,0,0,0,0,0,0,0,0,2,0,0
https://www.premiershiprugby.com/match-centre/288928/team-stats,288928,1011,202501,Harlequins,home,138343,Kieran Treadwell,second row,5,80,0,8,2,0,0,2,0,0,,0,11,2,0,0,0,0,0,4,0,0,0,0
https://www.premiershiprugby.com/match-centre/288928/team-stats,288928,1011,202501,Harlequins,home,145735,Cameron Anderson,sub 8,23,13,0,4,1,1,0,0,0,0,,0,1,0,0,0,0,0,0,0,0,0,0,0
https://www.premiershiprugby.com/match-centre/288928/team-stats,288928,1011,202501,Harlequins,home,142312,Will Porter,scrum half,9,61,0,12,1,0,1,49,0,0,,0,7,0,0,10,0,0,0,0,0,0,0,0
https://www.premiershiprugby.com/match-centre/288928/team-stats,288928,1011,202501,Harlequins,home,137125,Jack Walker,hooker,2,35,0,5,4,0,0,1,0,1,,0,5,0,0,0,0,0,0,0,0,0,0,0
https://www.premiershiprugby.com/match-centre/288928/team-stats,288928,1011,202501,Harlequins,home,180038,Alex Dombrandt,number eight,8,80,0,47,10,0,1,7,2,0,,0,21,1,1,0,0,0,0,1,0,1,0,0
https://www.premiershiprugby.com/match-centre/288928/team-stats,288928,1011,202501,Harlequins,home,110793,Cadan Murley,left wing,11,80,0,54,10,3,2,1,1,2,,0,13,0,3,0,0,0,0,0,0,0,0,0
https://www.premiershiprugby.com/match-centre/288928/team-stats,288928,1011,202501,Harlequins,home,161452,Harry Williams,tighthead prop,3,68,0,0,2,0,0,1,0,0,,0,12,4,0,0,0,0,0,0,0,1,0,0
https://www.premiershiprugby.com/match-centre/288928/team-stats,288928,1011,202501,Harlequins,home,178025,Oscar Beard,outside centre,13,64,0,10,7,2,1,2,0,0,,0,8,2,0,0,0,0,0,0,0,2,0,0
https://www.premiershiprugby.com/match-centre/288928/team-stats,288928,1011,202501,Harlequins,home,239604,Sean Kerr,inside centre,12,80,0,27,6,2,1,4,0,0,,0,12,3,0,0,0,0,0,0,0,0,0,0
https://www.premiershiprugby.com/match-centre/288928/team-stats,288928,1011,202501,Harlequins,home,213459,Fin Baxter,loosehead prop,1,80,0,6,14,2,0,2,0,0,,0,22,1,0,0,0,0,0,0,0,0,0,0
https://www.premiershiprugby.com/match-centre/288928/team-stats,288928,1011,202501,Harlequins,home,182642,Tyrone Green,full back,15,80,1,111,10,7,3,7,0,2,,5,6,1,0,4,0,0,0,0,0,0,0,0
https://www.premiershiprugby.com/match-centre/288928/team-stats,288928,1011,202501,Harlequins,home,175826,Jack Kenningham,flanker,6,80,1,53,10,2,1,1,0,1,,5,18,2,1,0,0,0,0,0,0,0,0,0
https://www.premiershiprugby.com/match-centre/288928/team-stats,288928,1011,202501,Harlequins,home,240631,Chandler Cunningham-South,second row,4,49,0,7,4,0,0,2,0,0,,0,13,1,0,0,0,0,0,3,1,1,0,1
https://www.premiershiprugby.com/match-centre/288928/team-stats,288928,1011,202501,Harlequins,home,224220,Max Green,sub 6,21,19,0,0,1,0,0,12,0,0,,0,0,0,0,3,0,0,0,0,0,0,0,0
https://www.premiershiprugby.com/match-centre/288928/team-stats,288928,1011,202501,Harlequins,home,218331,Jarrod Evans,fly half,10,80,0,19,3,0,0,26,0,1,,6,8,0,0,5,3,0,0,0,0,0,0,0
https://www.premiershiprugby.com/match-centre/288928/team-stats,288928,1011,202501,Harlequins,home,137369,Nick David,right wing,14,67,0,56,9,6,1,1,1,1,,0,2,1,0,1,0,0,0,0,0,0,0,0
https://www.premiershiprugby.com/match-centre/288928/team-stats,288928,1011,202501,Harlequins,home,120187,Jonny Green,sub 4,19,19,0,0,0,0,0,0,0,0,,0,7,0,0,0,0,0,0,0,0,0,0,0
https://www.premiershiprugby.com/match-centre/288928/team-stats,288928,1011,202501,Harlequins,home,218848,George Turner,sub 1,16,19,0,0,4,0,0,0,0,1,,0,10,0,0,0,0,0,0,0,0,0,0,0
https://www.premiershiprugby.com/match-centre/288928/team-stats,288928,1011,202501,Harlequins,home,162399,Ludo Kolade,sub 7,22,16,0,0,1,0,0,1,0,0,,0,4,1,0,1,0,0,0,0,0,1,0,0
https://www.premiershiprugby.com/match-centre/288928/team-stats,288928,1011,202501,Harlequins,home,143933,Will Evans,flanker,7,57,3,38,6,2,3,5,0,1,,15,19,1,0,0,0,0,0,0,0,2,0,0
https://www.premiershiprugby.com/match-centre/288928/team-stats,288928,1011,202501,Bath Rugby,away,175011,Max Ojomoh,fly half,10,80,0,9,3,0,0,12,0,0,,0,4,3,0,2,0,0,0,0,0,1,0,0
https://www.premiershiprugby.com/match-centre/288928/team-stats,288928,1011,202501,Bath Rugby,away,104322,Sam Underhill,sub 8,23,26,1,13,7,1,0,0,0,0,,5,3,1,0,0,0,0,0,1,0,0,0,0
https://www.premiershiprugby.com/match-centre/288928/team-stats,288928,1011,202501,Bath Rugby,away,187169,Archie Griffin,sub 3,18,26,1,7,7,0,0,0,0,0,,5,3,0,0,0,0,0,0,0,0,1,0,0
https://www.premiershiprugby.com/match-centre/288928/team-stats,288928,1011,202501,Bath Rugby,away,156834,Tom Carr-Smith,sub 6,21,9,0,0,1,0,0,12,0,0,,0,0,0,0,0,0,0,0,0,0,0,0,0
https://www.premiershiprugby.com/match-centre/288928/team-stats,288928,1011,202501,Bath Rugby,away,195208,Miles Reid,number eight,8,80,0,41,18,1,0,4,0,0,,0,12,2,1,0,0,0,0,0,0,0,0,0
https://www.premiershiprugby.com/match-centre/288928/team-stats,288928,1011,202501,Bath Rugby,away,179563,Joe Cokanasiga,right wing,14,80,0,60,10,0,1,1,0,5,,0,4,2,0,0,0,0,0,0,0,1,0,0
https://www.premiershiprugby.com/match-centre/288928/team-stats,288928,1011,202501,Bath Rugby,away,154219,Cameron Redpath,inside centre,12,80,0,16,7,1,0,6,0,0,,0,14,0,0,0,0,0,0,0,0,1,0,0
https://www.premiershiprugby.com/match-centre/288928/team-stats,288928,1011,202501,Bath Rugby,away,131724,Ollie Lawrence,outside centre,13,67,0,76,16,3,1,2,1,2,,0,4,1,0,0,0,0,0,0,0,0,0,0
https://www.premiershiprugby.com/match-centre/288928/team-stats,288928,1011,202501,Bath Rugby,away,161516,Henry Arundell,left wing,11,80,2,95,7,3,4,3,1,2,,10,2,4,0,5,0,0,0,0,0,0,0,0
https://www.premiershiprugby.com/match-centre/288928/team-stats,288928,1011,202501,Bath Rugby,away,112684,Guy Pepper,flanker,7,60,0,11,8,1,0,0,0,0,,0,6,0,1,0,0,0,0,1,0,0,0,0
https://www.premiershiprugby.com/match-centre/288928/team-stats,288928,1011,202501,Bath Rugby,away,130283,Beno Obano,loosehead prop,1,54,1,2,5,1,0,0,0,0,,5,7,2,1,0,0,0,0,0,0,0,0,0
https://www.premiershiprugby.com/match-centre/288928/team-stats,288928,1011,202501,Bath Rugby,away,111662,Ben Spencer,scrum half,9,71,0,0,1,0,0,52,0,0,,10,5,0,0,14,5,0,0,0,0,0,0,0
https://www.premiershiprugby.com/match-centre/288928/team-stats,288928,1011,202501,Bath Rugby,away,196656,Chris Harris,sub 7,22,13,0,12,2,2,1,0,0,0,,0,1,1,0,0,0,0,0,0,0,0,0,0
https://www.premiershiprugby.com/match-centre/288928/team-stats,288928,1011,202501,Bath Rugby,away,243059,Kepu Tuipulotu,sub 1,16,17,0,2,3,0,0,0,0,0,,0,5,0,0,0,0,0,0,0,0,0,0,0
https://www.premiershiprugby.com/match-centre/288928/team-stats,288928,1011,202501,Bath Rugby,away,225778,Tom Dunn,hooker,2,63,1,18,13,0,0,1,0,0,,5,10,0,0,0,0,0,0,0,0,0,0,0
https://www.premiershiprugby.com/match-centre/288928/team-stats,288928,1011,202501,Bath Rugby,away,184945,Ted Hill,sub 5,20,26,0,14,3,0,0,2,1,1,,0,3,0,0,0,0,0,0,0,0,0,0,0
https://www.premiershiprugby.com/match-centre/288928/team-stats,288928,1011,202501,Bath Rugby,away,116821,Francois van Wyk,sub 2,17,26,0,8,7,0,0,1,0,0,,0,4,0,0,0,0,0,0,0,0,1,0,0
https://www.premiershiprugby.com/match-centre/288928/team-stats,288928,1011,202501,Bath Rugby,away,105205,Ross Molony,sub 4,19,20,0,2,3,0,0,0,0,0,,0,5,0,0,0,0,0,0,1,0,0,0,0
https://www.premiershiprugby.com/match-centre/288928/team-stats,288928,1011,202501,Bath Rugby,away,239292,Billy Sela,tighthead prop,3,54,1,10,8,2,0,0,0,0,,5,6,1,0,0,0,0,0,0,0,2,0,0
https://www.premiershiprugby.com/match-centre/288928/team-stats,288928,1011,202501,Bath Rugby,away,203360,Quinn Roux,second row,4,54,0,0,1,0,0,0,0,0,,0,8,1,0,0,0,0,0,0,0,0,0,0
https://www.premiershiprugby.com/match-centre/288928/team-stats,288928,1011,202501,Bath Rugby,away,196415,Charlie Ewels,second row,5,80,0,2,7,0,0,4,1,0,,0,14,4,0,0,0,0,0,4,0,1,0,0
https://www.premiershiprugby.com/match-centre/288928/team-stats,288928,1011,202501,Bath Rugby,away,100192,Josh Bayliss,flanker,6,54,0,40,9,5,1,2,0,0,,0,6,1,0,0,0,0,0,1,0,0,0,0
https://www.premiershiprugby.com/match-centre/288928/team-stats,288928,1011,202501,Bath Rugby,away,153790,Tom de Glanville,full back,15,80,0,68,8,1,1,4,2,1,,2,3,4,0,2,1,0,0,0,0,0,0,0
https://www.premiershiprugby.com/match-centre/288932/team-stats,288932,1011,202501,Bath Rugby,home,175011,Max Ojomoh,fly half,10,80,1,0,1,0,0,0,0,1,,5,4,0,0,5,0,0,0,0,0,0,0,0
https://www.premiershiprugby.com/match-centre/288932/team-stats,288932,1011,202501,Bath Rugby,home,104322,Sam Underhill,sub 5,20,24,0,1,3,0,0,0,0,0,,0,4,1,1,0,0,0,0,2,0,0,0,0
https://www.premiershiprugby.com/match-centre/288932/team-stats,288932,1011,202501,Bath Rugby,home,187169,Archie Griffin,sub 3,18,24,0,6,6,0,0,0,0,0,,0,1,1,0,0,0,0,0,0,0,0,0,0
https://www.premiershiprugby.com/match-centre/288932/team-stats,288932,1011,202501,Bath Rugby,home,210178,Will Butt,sub 7,22,9,0,0,0,0,0,0,0,0,,0,0,0,0,0,0,0,0,0,0,0,0,0
https://www.premiershiprugby.com/match-centre/288932/team-stats,288932,1011,202501,Bath Rugby,home,156834,Tom Carr-Smith,sub 6,21,7,0,0,0,0,0,2,0,0,,0,0,0,0,0,0,0,0,0,0,0,0,0
https://www.premiershiprugby.com/match-centre/288932/team-stats,288932,1011,202501,Bath Rugby,home,195208,Miles Reid,number eight,8,66,0,38,13,1,1,2,0,3,,0,7,2,0,0,0,0,0,0,0,0,0,0
https://www.premiershiprugby.com/match-centre/288932/team-stats,288932,1011,202501,Bath Rugby,home,179563,Joe Cokanasiga,right wing,14,80,0,7,2,1,0,0,0,0,,0,1,0,0,0,0,0,0,0,0,0,0,0
https://www.premiershiprugby.com/match-centre/288932/team-stats,288932,1011,202501,Bath Rugby,home,154219,Cameron Redpath,inside centre,12,71,1,15,4,1,1,3,2,0,,5,0,3,0,0,0,0,0,0,0,0,0,0
https://www.premiershiprugby.com/match-centre/288932/team-stats,288932,1011,202501,Bath Rugby,home,131724,Ollie Lawrence,outside centre,13,80,0,70,7,6,2,1,0,0,,0,0,1,0,1,0,0,0,0,0,0,0,0
https://www.premiershiprugby.com/match-centre/288932/team-stats,288932,1011,202501,Bath Rugby,home,161516,Henry Arundell,left wing,11,80,1,62,6,2,1,0,0,2,,5,3,0,0,2,0,0,0,0,0,0,0,0
https://www.premiershiprugby.com/match-centre/288932/team-stats,288932,1011,202501,Bath Rugby,home,103625,Dan Frost,sub 1,16,14,0,19,6,2,0,1,0,1,,0,1,0,0,0,0,0,0,1,1,0,0,0
https://www.premiershiprugby.com/match-centre/288932/team-stats,288932,1011,202501,Bath Rugby,home,145484,Alfie Barbeary,sub 8,23,14,0,4,5,0,0,0,0,0,,0,0,0,0,0,0,0,0,0,0,0,0,0
https://www.premiershiprugby.com/match-centre/288932/team-stats,288932,1011,202501,Bath Rugby,home,112684,Guy Pepper,flanker,7,80,0,13,11,1,0,6,0,1,,0,5,1,3,1,0,0,0,2,0,4,0,0
https://www.premiershiprugby.com/match-centre/288932/team-stats,288932,1011,202501,Bath Rugby,home,130283,Beno Obano,loosehead prop,1,56,1,9,9,2,0,0,0,0,,5,3,0,0,0,0,0,0,0,0,0,0,0
https://www.premiershiprugby.com/match-centre/288932/team-stats,288932,1011,202501,Bath Rugby,home,111662,Ben Spencer,scrum half,9,80,0,0,1,0,0,31,0,2,,8,2,0,0,27,4,0,0,0,0,0,0,0
https://www.premiershiprugby.com/match-centre/288932/team-stats,288932,1011,202501,Bath Rugby,home,225778,Tom Dunn,hooker,2,66,0,12,10,0,0,2,0,1,,0,8,2,0,0,0,0,0,0,0,0,0,0
https://www.premiershiprugby.com/match-centre/288932/team-stats,288932,1011,202501,Bath Rugby,home,184945,Ted Hill,flanker,6,73,0,3,9,0,0,3,0,0,,0,4,2,0,0,0,0,0,4,1,0,0,0
https://www.premiershiprugby.com/match-centre/288932/team-stats,288932,1011,202501,Bath Rugby,home,116821,Francois van Wyk,sub 2,17,24,0,0,6,0,0,0,0,0,,0,1,0,0,0,0,0,0,0,0,0,0,0
https://www.premiershiprugby.com/match-centre/288932/team-stats,288932,1011,202501,Bath Rugby,home,105205,Ross Molony,sub 4,19,72,0,3,3,0,0,2,0,0,,0,8,0,0,0,0,0,0,3,1,0,0,0
https://www.premiershiprugby.com/match-centre/288932/team-stats,288932,1011,202501,Bath Rugby,home,239292,Billy Sela,tighthead prop,3,56,0,5,4,0,0,1,1,0,,0,6,0,0,0,0,0,0,0,0,4,0,0
https://www.premiershiprugby.com/match-centre/288932/team-stats,288932,1011,202501,Bath Rugby,home,203360,Quinn Roux,second row,4,56,0,2,3,0,0,1,0,0,,0,4,1,0,0,0,0,0,1,0,0,0,0
https://www.premiershiprugby.com/match-centre/288932/team-stats,288932,1011,202501,Bath Rugby,home,196415,Charlie Ewels,second row,5,8,0,0,0,0,0,0,0,0,,0,0,0,0,0,0,0,0,1,0,0,0,0
https://www.premiershiprugby.com/match-centre/288932/team-stats,288932,1011,202501,Bath Rugby,home,153790,Tom de Glanville,full back,15,80,0,52,8,0,0,1,0,1,,0,1,0,0,3,0,0,0,0,0,0,0,0
https://www.premiershiprugby.com/match-centre/288932/team-stats,288932,1011,202501,Sale Sharks,away,212707,Ernst van Rhyn,flanker,6,70,0,5,1,0,0,2,0,1,,0,16,0,0,0,0,0,0,3,1,1,0,1
https://www.premiershiprugby.com/match-centre/288932/team-stats,288932,1011,202501,Sale Sharks,away,100995,Hyron Andrews,second row,5,66,0,0,0,0,0,2,0,0,,0,11,1,0,0,0,0,0,3,0,1,0,0
https://www.premiershiprugby.com/match-centre/288932/team-stats,288932,1011,202501,Sale Sharks,away,239462,Tom Burrow,sub 4,19,14,0,9,2,0,0,1,1,0,,0,10,0,0,0,0,0,0,0,0,0,0,0
https://www.premiershiprugby.com/match-centre/288932/team-stats,288932,1011,202501,Sale Sharks,away,216069,Tom O'Flaherty,left wing,11,61,0,2,2,2,0,3,0,0,,0,2,1,0,0,0,0,0,0,0,1,0,0
https://www.premiershiprugby.com/match-centre/288932/team-stats,288932,1011,202501,Sale Sharks,away,103530,Tristan Woodman,sub 5,20,13,0,0,0,0,0,0,0,0,,0,8,0,0,0,0,0,0,0,0,0,0,0
https://www.premiershiprugby.com/match-centre/288932/team-stats,288932,1011,202501,Sale Sharks,away,165484,Willgriff John,sub 3,18,23,0,0,0,0,0,0,0,0,,0,11,2,0,0,0,0,0,0,0,2,0,1
https://www.premiershiprugby.com/match-centre/288932/team-stats,288932,1011,202501,Sale Sharks,away,149322,Tom Roebuck,right wing,14,80,0,10,3,0,0,0,0,0,,0,2,1,0,0,0,0,0,0,0,0,0,0
https://www.premiershiprugby.com/match-centre/288932/team-stats,288932,1011,202501,Sale Sharks,away,100557,Gus Warr,scrum half,9,75,0,0,4,0,0,36,0,1,,0,4,1,0,7,0,0,0,0,0,0,0,0
https://www.premiershiprugby.com/match-centre/288932/team-stats,288932,1011,202501,Sale Sharks,away,113103,Arron Reed,sub 7,22,19,0,9,3,1,0,1,1,0,,0,1,0,0,2,0,0,0,0,0,4,0,0
https://www.premiershiprugby.com/match-centre/288932/team-stats,288932,1011,202501,Sale Sharks,away,102642,George Ford,fly half,10,80,0,26,8,2,0,8,0,1,,11,5,1,1,17,1,1,2,0,0,0,0,0
https://www.premiershiprugby.com/match-centre/288932/team-stats,288932,1011,202501,Sale Sharks,away,109874,Ethan Caine,sub 1,16,21,0,0,0,0,0,0,0,0,,0,14,0,0,0,0,0,0,0,0,0,0,0
https://www.premiershiprugby.com/match-centre/288932/team-stats,288932,1011,202501,Sale Sharks,away,199800,Rob du Preez,outside centre,13,80,0,0,0,0,0,4,0,0,,0,3,2,0,2,0,0,0,0,0,0,0,0
https://www.premiershiprugby.com/match-centre/288932/team-stats,288932,1011,202501,Sale Sharks,away,203831,Joe Carpenter,full back,15,80,0,54,4,2,1,1,0,1,,0,2,1,0,3,0,0,0,1,0,0,0,0
https://www.premiershiprugby.com/match-centre/288932/team-stats,288932,1011,202501,Sale Sharks,away,145720,Nathan Jibulu,hooker,2,59,1,15,5,2,1,1,0,1,,5,16,0,1,0,0,0,0,0,0,1,0,0
https://www.premiershiprugby.com/match-centre/288932/team-stats,288932,1011,202501,Sale Sharks,away,205975,Sam Dugdale,number eight,8,80,0,22,5,0,0,0,0,0,,0,20,2,1,0,0,0,0,0,0,1,0,0
https://www.premiershiprugby.com/match-centre/288932/team-stats,288932,1011,202501,Sale Sharks,away,221308,Si McIntyre,sub 2,17,14,0,0,1,0,0,0,0,0,,0,5,0,0,0,0,0,0,0,0,0,0,0
https://www.premiershiprugby.com/match-centre/288932/team-stats,288932,1011,202501,Sale Sharks,away,239482,Asher Opoku-Fordjour,tighthead prop,3,56,0,0,5,0,0,0,0,0,,0,9,1,0,0,0,0,0,0,0,1,0,0
https://www.premiershiprugby.com/match-centre/288932/team-stats,288932,1011,202501,Sale Sharks,away,131065,Ben Bamber,second row,4,80,0,1,3,0,0,3,0,2,,0,21,0,0,0,0,0,0,7,1,0,0,0
https://www.premiershiprugby.com/match-centre/288932/team-stats,288932,1011,202501,Sale Sharks,away,242906,Dom Hanson,sub 6,21,5,0,0,0,0,0,1,0,0,,0,1,1,0,0,0,0,0,0,0,0,0,0
https://www.premiershiprugby.com/match-centre/288932/team-stats,288932,1011,202501,Sale Sharks,away,191866,Sam Bedlow,inside centre,12,59,0,2,3,0,0,1,0,1,,0,4,1,0,0,0,0,0,0,0,0,0,0
https://www.premiershiprugby.com/match-centre/288932/team-stats,288932,1011,202501,Sale Sharks,away,101339,Ben Curry,flanker,7,67,0,20,6,1,1,2,3,0,,0,9,1,0,2,0,0,0,0,0,1,0,0
https://www.premiershiprugby.com/match-centre/288932/team-stats,288932,1011,202501,Sale Sharks,away,165469,Marius Louw,sub 8,23,21,0,8,2,2,0,1,0,1,,0,2,0,0,0,0,0,0,0,0,0,0,0
https://www.premiershiprugby.com/match-centre/288932/team-stats,288932,1011,202501,Sale Sharks,away,158302,Bevan Rodd,loosehead prop,1,66,0,9,7,2,0,0,0,0,,0,14,0,0,0,0,0,0,1,0,0,0,0
https://www.premiershiprugby.com/match-centre/288940/team-stats,288940,1011,202501,Bath Rugby,home,175011,Max Ojomoh,inside centre,12,60,0,18,5,0,0,8,0,2,,0,3,3,1,1,0,0,0,0,0,0,0,0
https://www.premiershiprugby.com/match-centre/288940/team-stats,288940,1011,202501,Bath Rugby,home,104322,Sam Underhill,flanker,7,80,0,32,12,3,1,1,0,3,,0,11,2,1,0,0,0,0,0,0,1,0,0
https://www.premiershiprugby.com/match-centre/288940/team-stats,288940,1011,202501,Bath Rugby,home,156834,Tom Carr-Smith,scrum half,9,80,0,19,7,0,2,50,1,3,,0,1,0,0,11,0,0,0,0,0,0,0,0
https://www.premiershiprugby.com/match-centre/288940/team-stats,288940,1011,202501,Bath Rugby,home,157863,Finn Russell,fly half,10,64,0,12,7,1,0,15,2,3,,13,10,3,1,9,5,1,0,0,0,3,0,1
https://www.premiershiprugby.com/match-centre/288940/team-stats,288940,1011,202501,Bath Rugby,home,195208,Miles Reid,sub 4,19,31,0,34,6,3,2,1,0,0,,0,5,0,1,0,0,0,0,0,0,0,0,0
https://www.premiershiprugby.com/match-centre/288940/team-stats,288940,1011,202501,Bath Rugby,home,179563,Joe Cokanasiga,right wing,14,80,0,97,10,3,3,1,0,1,,0,2,0,0,0,0,0,0,0,0,0,0,0
https://www.premiershiprugby.com/match-centre/288940/team-stats,288940,1011,202501,Bath Rugby,home,108714,Will Stuart,tighthead prop,3,53,0,1,3,0,0,1,0,0,,0,4,0,0,0,0,0,0,1,0,1,0,0
https://www.premiershiprugby.com/match-centre/288940/team-stats,288940,1011,202501,Bath Rugby,home,131724,Ollie Lawrence,outside centre,13,80,1,29,9,3,0,1,1,0,,5,11,4,2,3,0,0,0,0,0,2,0,0
https://www.premiershiprugby.com/match-centre/288940/team-stats,288940,1011,202501,Bath Rugby,home,161516,Henry Arundell,left wing,11,80,0,78,10,7,3,5,5,2,,0,3,0,0,4,0,0,0,0,0,0,0,0
https://www.premiershiprugby.com/match-centre/288940/team-stats,288940,1011,202501,Bath Rugby,home,145484,Alfie Barbeary,sub 5,20,20,0,6,5,4,0,1,0,2,,0,2,1,0,0,0,0,0,0,0,1,0,0
https://www.premiershiprugby.com/match-centre/288940/team-stats,288940,1011,202501,Bath Rugby,home,112684,Guy Pepper,flanker,6,49,0,8,3,0,0,2,1,0,,0,11,2,0,0,0,0,0,2,0,0,0,0
https://www.premiershiprugby.com/match-centre/288940/team-stats,288940,1011,202501,Bath Rugby,home,130283,Beno Obano,loosehead prop,1,53,0,5,6,1,0,1,0,0,,0,9,0,1,0,0,0,0,0,0,0,0,0
https://www.premiershiprugby.com/match-centre/288940/team-stats,288940,1011,202501,Bath Rugby,home,196656,Chris Harris,sub 8,23,20,0,0,2,0,0,1,0,0,,0,2,0,0,0,0,0,0,0,0,0,0,0
https://www.premiershiprugby.com/match-centre/288940/team-stats,288940,1011,202501,Bath Rugby,home,243059,Kepu Tuipulotu,sub 1,16,20,0,30,4,1,1,0,0,0,,0,3,0,0,0,0,0,0,0,0,0,0,0
https://www.premiershiprugby.com/match-centre/288940/team-stats,288940,1011,202501,Bath Rugby,home,241747,Neil le Roux,sub 6,21,6,0,0,0,0,0,8,0,1,,0,1,0,0,0,0,0,0,0,0,0,0,0
https://www.premiershiprugby.com/match-centre/288940/team-stats,288940,1011,202501,Bath Rugby,home,225778,Tom Dunn,hooker,2,60,1,5,4,0,0,0,0,0,,5,12,2,0,0,0,0,0,0,0,0,0,0
https://www.premiershiprugby.com/match-centre/288940/team-stats,288940,1011,202501,Bath Rugby,home,105205,Ross Molony,second row,5,80,0,0,6,1,0,2,0,0,,0,9,2,0,0,0,0,0,5,0,0,0,0
https://www.premiershiprugby.com/match-centre/288940/team-stats,288940,1011,202501,Bath Rugby,home,116821,Francois van Wyk,sub 2,17,27,0,1,4,0,0,0,0,0,,0,3,0,0,0,0,0,0,0,0,0,0,0
https://www.premiershiprugby.com/match-centre/288940/team-stats,288940,1011,202501,Bath Rugby,home,217750,Ewan Richards,second row,4,80,2,43,9,3,2,2,0,0,,10,8,0,0,1,0,0,0,2,2,0,0,0
https://www.premiershiprugby.com/match-centre/288940/team-stats,288940,1011,202501,Bath Rugby,home,104572,Thomas du Toit,sub 3,18,27,0,3,3,0,0,2,0,0,,0,3,0,0,0,0,0,0,0,0,0,0,0
https://www.premiershiprugby.com/match-centre/288940/team-stats,288940,1011,202501,Bath Rugby,home,100192,Josh Bayliss,number eight,8,60,0,17,8,3,0,3,1,0,,0,3,1,0,0,0,0,0,3,0,0,0,0
https://www.premiershiprugby.com/match-centre/288940/team-stats,288940,1011,202501,Bath Rugby,home,153790,Tom de Glanville,full back,15,60,1,49,6,2,1,2,0,1,,5,3,2,0,5,0,0,0,1,0,0,0,0
https://www.premiershiprugby.com/match-centre/288940/team-stats,288940,1011,202501,Bath Rugby,home,189982,Santi Carreras,sub 7,22,20,0,6,2,0,1,4,0,0,,0,0,0,0,2,0,0,0,0,0,0,0,0
https://www.premiershiprugby.com/match-centre/288940/team-stats,288940,1011,202501,Gloucester Rugby,away,110114,Ross Byrne,fly half,10,80,0,0,2,1,0,23,0,4,,2,4,3,0,11,1,0,0,0,0,0,0,0
https://www.premiershiprugby.com/match-centre/288940/team-stats,288940,1011,202501,Gloucester Rugby,away,208996,Jack Mann,sub 5,20,25,0,31,5,0,0,0,0,0,,0,2,1,0,0,0,0,0,0,0,0,0,0
https://www.premiershiprugby.com/match-centre/288940/team-stats,288940,1011,202501,Gloucester Rugby,away,217603,James Venter,flanker,7,55,0,23,5,2,0,2,1,2,,0,12,1,0,0,0,0,0,0,0,0,0,0
https://www.premiershiprugby.com/match-centre/288940/team-stats,288940,1011,202501,Gloucester Rugby,away,191521,Josh Basham,number eight,8,55,0,10,8,1,0,4,1,1,,0,11,2,0,0,0,0,0,3,0,0,0,0
https://www.premiershiprugby.com/match-centre/288940/team-stats,288940,1011,202501,Gloucester Rugby,away,201697,Caolan Englefield,sub 7,22,13,0,0,0,0,0,8,0,1,,0,4,0,0,1,0,0,0,0,0,0,0,0
https://www.premiershiprugby.com/match-centre/288940/team-stats,288940,1011,202501,Gloucester Rugby,away,124069,Ollie Thorley,left wing,11,80,1,20,3,0,2,0,0,0,,5,6,2,1,0,0,0,0,0,0,0,0,0
https://www.premiershiprugby.com/match-centre/288940/team-stats,288940,1011,202501,Gloucester Rugby,away,120165,Cam Jordan,second row,4,55,0,3,7,1,0,2,0,2,,0,8,1,0,0,0,0,0,1,0,0,0,0
https://www.premiershiprugby.com/match-centre/288940/team-stats,288940,1011,202501,Gloucester Rugby,away,132680,Jack Innard,sub 1,16,25,0,0,1,0,0,0,0,0,,0,4,2,0,1,0,0,0,0,0,0,0,0
https://www.premiershiprugby.com/match-centre/288940/team-stats,288940,1011,202501,Gloucester Rugby,away,101383,Nepo Laulala,tighthead prop,3,40,0,2,1,0,0,0,0,0,,0,4,1,0,0,0,0,0,0,0,1,0,0
https://www.premiershiprugby.com/match-centre/288940/team-stats,288940,1011,202501,Gloucester Rugby,away,133163,Tomos Williams,scrum half,9,67,0,1,7,0,0,57,2,1,,0,5,3,0,14,0,0,0,0,0,0,0,0
https://www.premiershiprugby.com/match-centre/288940/team-stats,288940,1011,202501,Gloucester Rugby,away,196875,Freddie Thomas,flanker,6,80,0,0,0,0,0,6,0,0,,0,11,0,0,0,0,0,0,7,0,1,0,0
https://www.premiershiprugby.com/match-centre/288940/team-stats,288940,1011,202501,Gloucester Rugby,away,242539,Hugh Bokenham,sub 4,19,25,0,8,5,0,0,1,0,0,,0,6,0,0,0,0,0,0,0,0,0,0,0
https://www.premiershiprugby.com/match-centre/288940/team-stats,288940,1011,202501,Gloucester Rugby,away,123243,Charlie Atkinson,full back,15,67,0,53,10,2,0,7,0,1,,0,2,1,0,3,0,0,0,0,0,1,0,0
https://www.premiershiprugby.com/match-centre/288940/team-stats,288940,1011,202501,Gloucester Rugby,away,137423,Harry Taylor,sub 6,21,25,0,0,0,0,0,0,0,0,,0,3,1,0,0,0,0,0,0,0,0,0,0
https://www.premiershiprugby.com/match-centre/288940/team-stats,288940,1011,202501,Gloucester Rugby,away,196173,Will Joseph,outside centre,13,80,1,78,7,8,2,1,0,0,,5,5,2,0,0,0,0,0,0,0,1,0,0
https://www.premiershiprugby.com/match-centre/288940/team-stats,288940,1011,202501,Gloucester Rugby,away,109648,Seb Atkinson,inside centre,12,73,0,33,13,2,0,8,0,0,,0,13,0,3,0,0,0,0,0,0,1,0,0
https://www.premiershiprugby.com/match-centre/288940/team-stats,288940,1011,202501,Gloucester Rugby,away,189971,Ciaran Knight,loosehead prop,1,80,0,7,8,1,0,0,0,0,,0,10,5,0,0,0,0,0,0,0,1,0,0
https://www.premiershiprugby.com/match-centre/288940/team-stats,288940,1011,202501,Gloucester Rugby,away,147089,Archie McArthur,sub 2,17,7,0,0,0,0,0,0,0,0,,0,4,2,1,0,0,0,0,0,0,0,0,0
https://www.premiershiprugby.com/match-centre/288940/team-stats,288940,1011,202501,Gloucester Rugby,away,137490,Seb Blake,hooker,2,55,0,1,4,0,0,2,0,0,,0,12,2,0,0,0,0,0,0,0,0,0,0
https://www.premiershiprugby.com/match-centre/288940/team-stats,288940,1011,202501,Gloucester Rugby,away,131095,Ben Loader,right wing,14,80,1,62,11,2,2,1,0,1,,5,2,2,1,0,0,0,0,0,0,1,0,0
https://www.premiershiprugby.com/match-centre/288940/team-stats,288940,1011,202501,Gloucester Rugby,away,102295,Josiah Edwards-Giraud,sub 8,23,13,0,12,1,0,0,0,0,0,,0,1,0,0,0,0,0,0,0,0,0,0,0
https://www.premiershiprugby.com/match-centre/288940/team-stats,288940,1011,202501,Gloucester Rugby,away,239418,Afolabi Fasogbon,sub 3,18,40,0,4,2,0,0,0,0,0,,0,8,4,1,0,0,0,0,0,0,1,0,0
https://www.premiershiprugby.com/match-centre/288940/team-stats,288940,1011,202501,Gloucester Rugby,away,117823,Matias Alemanno,second row,5,80,0,15,6,2,0,3,0,2,,0,15,0,1,0,0,0,0,6,1,0,0,0
https://www.premiershiprugby.com/match-centre/288944/team-stats,288944,1011,202501,Leicester Tigers,home,150081,Freddie Steward,full back,15,80,0,75,14,2,0,3,2,2,,0,1,2,1,8,0,0,0,0,0,0,0,0
https://www.premiershiprugby.com/match-centre/288944/team-stats,288944,1011,202501,Leicester Tigers,home,173217,Ollie Hassell-Collins,left wing,11,80,0,91,10,7,3,2,0,1,,0,0,0,0,4,0,0,0,0,0,0,0,0
https://www.premiershiprugby.com/match-centre/288944/team-stats,288944,1011,202501,Leicester Tigers,home,183880,Tommy Reffell,flanker,7,40,1,1,1,0,0,1,0,0,,5,7,2,1,0,0,0,0,0,0,0,0,0
https://www.premiershiprugby.com/match-centre/288944/team-stats,288944,1011,202501,Leicester Tigers,home,208037,Will Hurd,sub 3,18,19,0,0,0,0,0,3,0,0,,0,0,0,0,0,0,0,0,0,0,0,0,0
https://www.premiershiprugby.com/match-centre/288944/team-stats,288944,1011,202501,Leicester Tigers,home,134796,Joe Heyes,tighthead prop,3,61,0,0,4,0,0,1,0,0,,0,8,1,0,0,0,0,0,0,0,0,0,0
https://www.premiershiprugby.com/match-centre/288944/team-stats,288944,1011,202501,Leicester Tigers,home,128683,Billy Searle,sub 7,22,12,0,4,5,2,0,6,0,0,,3,1,0,0,0,0,1,0,0,0,0,0,0
https://www.premiershiprugby.com/match-centre/288944/team-stats,288944,1011,202501,Leicester Tigers,home,216656,Charlie Clare,sub 1,16,32,0,2,6,1,0,2,0,0,,0,2,2,0,0,0,0,0,0,0,0,0,0
https://www.premiershiprugby.com/match-centre/288944/team-stats,288944,1011,202501,Leicester Tigers,home,239278,Joe Woodward,inside centre,12,80,0,1,8,1,0,11,1,1,,0,8,1,0,0,0,0,0,0,0,0,0,0
https://www.premiershiprugby.com/match-centre/288944/team-stats,288944,1011,202501,Leicester Tigers,home,211533,James O'Connor,fly half,10,68,0,28,9,2,1,21,0,0,,4,8,3,0,3,2,0,0,0,0,0,0,0
https://www.premiershiprugby.com/match-centre/288944/team-stats,288944,1011,202501,Leicester Tigers,home,170190,Tom Whiteley,scrum half,9,67,0,0,6,1,0,58,0,1,,0,3,0,0,14,0,0,0,0,0,0,0,0
https://www.premiershiprugby.com/match-centre/288944/team-stats,288944,1011,202501,Leicester Tigers,home,110319,Nicky Smith,loosehead prop,1,80,1,1,4,0,0,2,0,2,,5,8,0,0,0,0,0,0,0,0,4,0,0
https://www.premiershiprugby.com/match-centre/288944/team-stats,288944,1011,202501,Leicester Tigers,home,202962,Cameron Henderson,second row,4,80,0,0,5,0,0,6,0,1,,0,11,1,0,0,0,0,0,2,1,0,0,0
https://www.premiershiprugby.com/match-centre/288944/team-stats,288944,1011,202501,Leicester Tigers,home,237969,Will Wand,sub 8,23,4,0,4,2,1,0,0,0,0,,0,0,0,0,0,0,0,0,0,0,0,0,0
https://www.premiershiprugby.com/match-centre/288944/team-stats,288944,1011,202501,Leicester Tigers,home,177015,Harry Wells,sub 4,19,0,0,0,0,0,0,0,0,0,,0,0,0,0,0,0,0,0,0,0,0,0,0
https://www.premiershiprugby.com/match-centre/288944/team-stats,288944,1011,202501,Leicester Tigers,home,216823,Olly Cracknell,number eight,8,80,1,53,25,5,0,3,0,0,,5,8,3,0,0,0,0,0,0,0,1,0,0
https://www.premiershiprugby.com/match-centre/288944/team-stats,288944,1011,202501,Leicester Tigers,home,221884,Adam Radwan,right wing,14,80,0,45,5,5,0,0,1,2,,0,3,1,0,1,0,0,0,0,0,0,0,0
https://www.premiershiprugby.com/match-centre/288944/team-stats,288944,1011,202501,Leicester Tigers,home,144635,Ollie Chessum,second row,5,80,0,3,6,0,0,5,0,1,,0,5,1,0,0,0,0,0,7,0,0,0,0
https://www.premiershiprugby.com/match-centre/288944/team-stats,288944,1011,202501,Leicester Tigers,home,179481,Solomone Kata,outside centre,13,76,0,6,4,2,0,7,0,2,,0,6,1,1,0,0,0,0,0,0,0,0,0
https://www.premiershiprugby.com/match-centre/288944/team-stats,288944,1011,202501,Leicester Tigers,home,253626,Ale Loman,sub 2,17,0,0,0,0,0,0,0,0,0,,0,0,0,0,0,0,0,0,0,0,0,0,0
https://www.premiershiprugby.com/match-centre/288944/team-stats,288944,1011,202501,Leicester Tigers,home,129595,Emeka Ilione,sub 5,20,40,0,6,4,1,0,2,0,0,,0,2,0,0,0,0,0,0,1,0,0,0,0
https://www.premiershiprugby.com/match-centre/288944/team-stats,288944,1011,202501,Leicester Tigers,home,160415,Jamie Blamire,hooker,2,48,0,2,3,0,0,1,0,2,,0,6,1,0,0,0,0,0,0,0,0,0,0
https://www.premiershiprugby.com/match-centre/288944/team-stats,288944,1011,202501,Leicester Tigers,home,239424,Ollie Allan,sub 6,21,13,0,8,1,0,0,15,0,0,,0,1,0,0,2,0,0,0,0,0,0,0,0
https://www.premiershiprugby.com/match-centre/288944/team-stats,288944,1011,202501,Leicester Tigers,home,156512,Hanro Liebenberg,flanker,6,80,0,24,10,2,1,5,0,0,,0,7,3,1,0,0,0,0,8,3,0,0,0
https://www.premiershiprugby.com/match-centre/288944/team-stats,288944,1011,202501,Bath Rugby,away,104322,Sam Underhill,flanker,7,80,1,10,6,1,1,2,0,0,,5,14,1,0,0,0,0,0,0,0,0,0,0
https://www.premiershiprugby.com/match-centre/288944/team-stats,288944,1011,202501,Bath Rugby,away,123233,Ethan Staddon,flanker,6,68,0,29,9,3,0,4,0,0,,0,8,3,4,0,0,0,0,1,0,0,0,0
https://www.premiershiprugby.com/match-centre/288944/team-stats,288944,1011,202501,Bath Rugby,away,210178,Will Butt,sub 7,22,19,0,0,0,0,0,0,0,0,,0,4,0,1,0,0,0,0,0,0,0,0,0
https://www.premiershiprugby.com/match-centre/288944/team-stats,288944,1011,202501,Bath Rugby,away,156834,Tom Carr-Smith,sub 6,21,0,0,0,0,0,0,0,0,0,,0,0,0,0,0,0,0,0,0,0,0,0,0
https://www.premiershiprugby.com/match-centre/288944/team-stats,288944,1011,202501,Bath Rugby,away,239297,Arthur Green,sub 8,23,19,0,7,3,0,0,0,0,0,,0,2,3,0,0,0,0,0,1,0,0,0,0
https://www.premiershiprugby.com/match-centre/288944/team-stats,288944,1011,202501,Bath Rugby,away,157863,Finn Russell,fly half,10,80,0,11,9,2,1,20,2,0,,5,4,3,0,12,1,1,0,0,0,0,0,0
https://www.premiershiprugby.com/match-centre/288944/team-stats,288944,1011,202501,Bath Rugby,away,195208,Miles Reid,sub 5,20,12,0,5,1,0,0,0,0,1,,0,3,0,0,0,0,0,0,0,0,0,0,0
https://www.premiershiprugby.com/match-centre/288944/team-stats,288944,1011,202501,Bath Rugby,away,154219,Cameron Redpath,inside centre,12,80,1,45,8,2,1,5,0,0,,5,6,3,0,1,0,0,0,1,0,0,0,0
https://www.premiershiprugby.com/match-centre/288944/team-stats,288944,1011,202501,Bath Rugby,away,108714,Will Stuart,tighthead prop,3,52,0,5,3,2,0,0,0,0,,0,8,2,0,0,0,0,0,0,0,1,0,0
https://www.premiershiprugby.com/match-centre/288944/team-stats,288944,1011,202501,Bath Rugby,away,161516,Henry Arundell,left wing,11,80,0,70,7,5,3,3,1,2,,0,2,0,0,1,0,0,0,0,0,1,0,0
https://www.premiershiprugby.com/match-centre/288944/team-stats,288944,1011,202501,Bath Rugby,away,103625,Dan Frost,hooker,2,43,1,12,4,0,2,5,1,1,,5,6,1,0,0,0,0,0,0,0,0,0,0
https://www.premiershiprugby.com/match-centre/288944/team-stats,288944,1011,202501,Bath Rugby,away,145484,Alfie Barbeary,number eight,8,61,0,49,8,2,3,2,0,0,,0,9,2,1,1,0,0,0,0,0,1,0,0
https://www.premiershiprugby.com/match-centre/288944/team-stats,288944,1011,202501,Bath Rugby,away,130283,Beno Obano,loosehead prop,1,52,0,0,0,0,0,0,0,0,,0,10,0,0,0,0,0,0,0,0,3,0,0
https://www.premiershiprugby.com/match-centre/288944/team-stats,288944,1011,202501,Bath Rugby,away,111662,Ben Spencer,scrum half,9,80,0,10,2,0,1,48,0,2,,0,3,1,1,12,0,0,0,0,0,0,0,0
https://www.premiershiprugby.com/match-centre/288944/team-stats,288944,1011,202501,Bath Rugby,away,225778,Tom Dunn,sub 1,16,37,0,9,6,0,0,0,0,1,,0,15,1,0,0,0,0,0,1,1,1,0,0
https://www.premiershiprugby.com/match-centre/288944/team-stats,288944,1011,202501,Bath Rugby,away,105205,Ross Molony,second row,5,80,0,0,6,0,0,0,0,0,,0,15,1,0,0,0,0,0,2,0,2,0,0
https://www.premiershiprugby.com/match-centre/288944/team-stats,288944,1011,202501,Bath Rugby,away,116821,Francois van Wyk,sub 2,17,28,0,1,1,0,0,1,0,0,,0,7,2,0,0,0,0,0,0,0,0,0,0
https://www.premiershiprugby.com/match-centre/288944/team-stats,288944,1011,202501,Bath Rugby,away,217750,Ewan Richards,sub 4,19,28,0,0,0,0,0,0,0,0,,0,3,1,0,0,0,0,0,1,0,0,0,0
https://www.premiershiprugby.com/match-centre/288944/team-stats,288944,1011,202501,Bath Rugby,away,104572,Thomas du Toit,sub 3,18,28,0,1,1,0,0,1,0,0,,0,7,0,0,0,0,0,0,0,0,1,0,1
https://www.premiershiprugby.com/match-centre/288944/team-stats,288944,1011,202501,Bath Rugby,away,203360,Quinn Roux,second row,4,52,0,8,1,0,1,0,0,0,,0,13,0,0,0,0,0,0,2,0,0,0,0
https://www.premiershiprugby.com/match-centre/288944/team-stats,288944,1011,202501,Bath Rugby,away,189982,Santi Carreras,full back,15,80,0,77,16,2,1,2,2,2,,0,1,2,0,8,0,0,0,0,0,0,0,0
https://www.premiershiprugby.com/match-centre/288944/team-stats,288944,1011,202501,Bath Rugby,away,153790,Tom de Glanville,right wing,14,80,0,41,2,1,1,0,0,1,,0,3,3,0,0,0,0,0,0,0,1,0,0
https://www.premiershiprugby.com/match-centre/288944/team-stats,288944,1011,202501,Bath Rugby,away,233245,Louie Hennessey,outside centre,13,61,0,20,6,2,0,1,1,2,,0,7,3,0,0,0,0,0,0,0,0,0,0
https://www.premiershiprugby.com/match-centre/288950/team-stats,288950,1011,202501,Bath Rugby,home,104322,Sam Underhill,sub 5,20,18,1,5,3,0,0,1,0,0,,5,6,0,1,0,0,0,0,0,0,0,0,0
https://www.premiershiprugby.com/match-centre/288950/team-stats,288950,1011,202501,Bath Rugby,home,175011,Max Ojomoh,sub 7,22,10,0,0,2,1,0,1,0,2,,0,0,1,0,0,0,0,0,0,0,0,0,0
https://www.premiershiprugby.com/match-centre/288950/team-stats,288950,1011,202501,Bath Rugby,home,156834,Tom Carr-Smith,sub 6,21,6,0,0,1,0,0,14,0,0,,0,0,0,0,0,0,0,0,0,0,0,0,0
https://www.premiershiprugby.com/match-centre/288950/team-stats,288950,1011,202501,Bath Rugby,home,157863,Finn Russell,fly half,10,80,0,26,8,2,0,21,2,1,,10,6,1,2,15,5,0,0,0,0,0,0,0
https://www.premiershiprugby.com/match-centre/288950/team-stats,288950,1011,202501,Bath Rugby,home,195208,Miles Reid,number eight,8,62,0,24,18,2,1,5,0,0,,0,5,0,0,0,0,0,0,0,0,2,0,0
https://www.premiershiprugby.com/match-centre/288950/team-stats,288950,1011,202501,Bath Rugby,home,179563,Joe Cokanasiga,right wing,14,80,1,27,8,3,1,1,2,0,,5,5,0,0,1,0,0,0,0,0,0,0,0
https://www.premiershiprugby.com/match-centre/288950/team-stats,288950,1011,202501,Bath Rugby,home,154219,Cameron Redpath,inside centre,12,70,1,26,6,3,1,9,1,1,,5,6,1,1,0,0,0,0,0,0,0,0,0
https://www.premiershiprugby.com/match-centre/288950/team-stats,288950,1011,202501,Bath Rugby,home,108714,Will Stuart,sub 3,18,18,0,9,3,0,0,0,0,1,,0,3,0,0,0,0,0,0,0,0,0,0,0
https://www.premiershiprugby.com/match-centre/288950/team-stats,288950,1011,202501,Bath Rugby,home,131724,Ollie Lawrence,outside centre,13,80,1,45,10,6,2,5,0,3,,5,1,1,1,1,0,0,0,0,0,0,0,0
https://www.premiershiprugby.com/match-centre/288950/team-stats,288950,1011,202501,Bath Rugby,home,161516,Henry Arundell,left wing,11,80,1,125,6,6,2,0,0,2,,5,1,2,1,2,0,0,0,0,0,0,0,0
https://www.premiershiprugby.com/match-centre/288950/team-stats,288950,1011,202501,Bath Rugby,home,145484,Alfie Barbeary,sub 8,23,18,0,25,6,3,0,1,0,1,,0,8,0,1,0,0,0,0,0,0,0,0,0
https://www.premiershiprugby.com/match-centre/288950/team-stats,288950,1011,202501,Bath Rugby,home,112684,Guy Pepper,flanker,7,62,1,34,12,2,1,9,3,0,,5,8,2,1,0,0,0,0,3,0,1,0,0
https://www.premiershiprugby.com/match-centre/288950/team-stats,288950,1011,202501,Bath Rugby,home,130283,Beno Obano,loosehead prop,1,62,0,15,10,2,0,0,0,2,,0,4,0,1,0,0,0,0,0,0,1,0,0
https://www.premiershiprugby.com/match-centre/288950/team-stats,288950,1011,202501,Bath Rugby,home,111662,Ben Spencer,scrum half,9,74,0,0,2,0,0,60,0,3,,0,3,2,1,9,0,0,0,0,0,0,0,0
https://www.premiershiprugby.com/match-centre/288950/team-stats,288950,1011,202501,Bath Rugby,home,243059,Kepu Tuipulotu,sub 1,16,18,0,5,3,0,0,0,0,0,,0,3,1,2,0,0,0,0,0,0,0,0,0
https://www.premiershiprugby.com/match-centre/288950/team-stats,288950,1011,202501,Bath Rugby,home,225778,Tom Dunn,hooker,2,62,0,20,17,1,0,2,1,0,,0,5,1,0,0,0,0,0,0,0,0,0,0
https://www.premiershiprugby.com/match-centre/288950/team-stats,288950,1011,202501,Bath Rugby,home,105205,Ross Molony,second row,5,80,0,11,7,0,0,2,0,0,,0,13,3,0,0,0,0,0,12,1,0,0,0
https://www.premiershiprugby.com/match-centre/288950/team-stats,288950,1011,202501,Bath Rugby,home,116821,Francois van Wyk,sub 2,17,18,0,0,0,0,0,0,0,0,,0,0,0,0,0,0,0,0,0,0,1,0,1
https://www.premiershiprugby.com/match-centre/288950/team-stats,288950,1011,202501,Bath Rugby,home,217750,Ewan Richards,sub 4,19,18,0,2,3,0,0,1,0,0,,0,8,0,3,0,0,0,0,1,0,0,0,0
https://www.premiershiprugby.com/match-centre/288950/team-stats,288950,1011,202501,Bath Rugby,home,104572,Thomas du Toit,tighthead prop,3,62,0,6,11,0,0,4,0,0,,0,3,0,1,0,0,0,0,0,0,0,0,0
https://www.premiershiprugby.com/match-centre/288950/team-stats,288950,1011,202501,Bath Rugby,home,203360,Quinn Roux,second row,4,62,0,2,5,0,0,1,0,0,,0,9,0,0,0,0,0,0,1,0,0,0,0
https://www.premiershiprugby.com/match-centre/288950/team-stats,288950,1011,202501,Bath Rugby,home,100192,Josh Bayliss,flanker,6,80,0,24,17,6,0,1,0,0,,0,11,0,0,0,0,0,0,2,0,1,0,0
https://www.premiershiprugby.com/match-centre/288950/team-stats,288950,1011,202501,Bath Rugby,home,189982,Santiago Carreras,full back,15,80,0,52,13,5,1,4,0,1,,0,1,2,0,4,0,0,0,0,0,1,0,0
https://www.premiershiprugby.com/match-centre/288950/team-stats,288950,1011,202501,Bristol Bears,away,112066,Fitz Harding,flanker,7,80,0,12,11,1,0,6,0,0,,0,31,1,2,0,0,0,0,1,0,2,0,0
https://www.premiershiprugby.com/match-centre/288950/team-stats,288950,1011,202501,Bristol Bears,away,106402,Jake Woolmore,sub 2,17,22,0,1,2,0,0,0,0,2,,0,8,1,0,0,0,0,0,0,0,3,0,0
https://www.premiershiprugby.com/match-centre/288950/team-stats,288950,1011,202501,Bristol Bears,away,245732,Benjamin Grondona,sub 5,20,10,0,0,1,0,0,0,0,0,,0,5,1,0,0,0,0,0,0,0,0,0,1
https://www.premiershiprugby.com/match-centre/288950/team-stats,288950,1011,202501,Bristol Bears,away,236968,Pedro Rubiolo,second row,4,80,0,0,4,0,0,0,0,0,,0,25,3,0,0,0,0,0,6,0,0,0,0
https://www.premiershiprugby.com/match-centre/288950/team-stats,288950,1011,202501,Bristol Bears,away,217606,Benhard Janse van Rensburg,inside centre,12,80,0,21,9,1,0,8,3,0,,0,18,7,1,2,0,0,0,0,0,0,0,0
https://www.premiershiprugby.com/match-centre/288950/team-stats,288950,1011,202501,Bristol Bears,away,237996,Joe Owen,sub 4,19,10,0,2,2,0,0,0,0,1,,0,1,0,0,0,0,0,0,0,0,0,0,0
https://www.premiershiprugby.com/match-centre/288950/team-stats,288950,1011,202501,Bristol Bears,away,237803,Kalaveti Ravouvou,left wing,11,80,1,52,6,4,0,0,0,1,,5,1,2,0,0,0,0,0,0,0,0,0,0
https://www.premiershiprugby.com/match-centre/288950/team-stats,288950,1011,202501,Bristol Bears,away,183340,Harry Thacker,sub 1,16,22,0,6,5,0,0,0,0,0,,0,8,2,0,0,0,0,0,0,0,0,0,0
https://www.premiershiprugby.com/match-centre/288950/team-stats,288950,1011,202501,Bristol Bears,away,163209,George Kloska,tighthead prop,3,47,0,1,2,0,0,0,0,0,,0,13,2,1,0,0,0,0,0,0,0,0,0
https://www.premiershiprugby.com/match-centre/288950/team-stats,288950,1011,202501,Bristol Bears,away,165007,Ellis Genge,loosehead prop,1,58,0,3,3,0,0,0,0,0,,0,12,0,0,0,0,0,0,0,0,0,0,0
https://www.premiershiprugby.com/match-centre/288950/team-stats,288950,1011,202501,Bristol Bears,away,199886,Jack Bates,right wing,14,80,0,52,5,3,1,0,0,2,,0,7,2,0,1,0,0,0,0,0,0,0,0
https://www.premiershiprugby.com/match-centre/288950/team-stats,288950,1011,202501,Bristol Bears,away,145677,Bill Mata,number eight,8,70,0,21,5,1,0,0,0,1,,0,15,1,0,0,0,0,0,0,0,1,0,0
https://www.premiershiprugby.com/match-centre/288950/team-stats,288950,1011,202501,Bristol Bears,away,255411,Josh Carrington,sub 7,22,15,0,0,1,0,0,0,0,0,,0,0,1,0,0,0,0,0,0,0,1,0,0
https://www.premiershiprugby.com/match-centre/288950/team-stats,288950,1011,202501,Bristol Bears,away,147794,Joe Batley,second row,5,80,0,3,3,0,0,2,0,0,,0,18,5,0,0,0,0,0,3,0,2,0,0
https://www.premiershiprugby.com/match-centre/288950/team-stats,288950,1011,202501,Bristol Bears,away,161106,Toby Fricker,sub 8,23,0,0,0,0,0,0,0,0,0,,0,0,1,0,0,0,0,0,0,0,0,0,0
https://www.premiershiprugby.com/match-centre/288950/team-stats,288950,1011,202501,Bristol Bears,away,127095,Santiago Grondona,flanker,6,59,0,16,4,1,0,1,0,1,,0,16,2,1,0,0,0,0,0,0,1,0,1
https://www.premiershiprugby.com/match-centre/288950/team-stats,288950,1011,202501,Bristol Bears,away,237013,Oscar Lennon,sub 6,21,0,0,0,0,0,0,6,0,0,,0,0,0,0,0,0,0,0,0,0,0,0,0
https://www.premiershiprugby.com/match-centre/288950/team-stats,288950,1011,202501,Bristol Bears,away,210010,Kieran Marmion,scrum half,9,80,0,40,4,0,1,37,0,3,,0,10,2,0,9,0,0,0,1,0,1,0,0
https://www.premiershiprugby.com/match-centre/288950/team-stats,288950,1011,202501,Bristol Bears,away,154458,Matias Moroni,outside centre,13,80,0,17,2,1,1,1,0,1,,0,8,4,3,0,0,0,0,0,0,0,0,0
https://www.premiershiprugby.com/match-centre/288950/team-stats,288950,1011,202501,Bristol Bears,away,241920,Benjamin Elizalde,full back,15,65,0,60,7,3,1,2,1,4,,0,3,1,0,2,0,0,0,0,0,1,0,0
https://www.premiershiprugby.com/match-centre/288950/team-stats,288950,1011,202501,Bristol Bears,away,223904,Lovejoy Chawatama,sub 3,18,33,0,0,3,0,0,1,0,0,,0,10,0,0,0,0,0,0,0,0,1,0,0
https://www.premiershiprugby.com/match-centre/288950/team-stats,288950,1011,202501,Bristol Bears,away,127101,Gabriel Oghre,hooker,2,58,1,21,7,1,0,1,0,0,,5,17,3,0,0,0,0,0,0,0,3,0,0
https://www.premiershiprugby.com/match-centre/288950/team-stats,288950,1011,202501,Bristol Bears,away,240061,Sam Worsley,fly half,10,80,0,18,6,1,0,9,0,2,,5,15,1,0,9,1,1,0,0,0,2,0,0
https://www.premiershiprugby.com/match-centre/288956/team-stats,288956,1011,202501,Saracens,home,183874,Elliot Daly,full back,15,80,0,49,11,3,1,8,1,1,,0,3,2,0,11,0,0,0,0,0,0,0,0
https://www.premiershiprugby.com/match-centre/288956/team-stats,288956,1011,202501,Saracens,home,229505,Lucio Cinti,outside centre,13,68,0,27,5,1,1,4,1,0,,0,5,3,0,0,0,0,0,0,0,0,0,0
https://www.premiershiprugby.com/match-centre/288956/team-stats,288956,1011,202501,Saracens,home,179047,Owen Farrell,fly half,10,80,0,39,7,2,1,24,1,0,,9,3,2,0,15,3,0,1,1,0,0,0,0
https://www.premiershiprugby.com/match-centre/288956/team-stats,288956,1011,202501,Saracens,home,218727,Harry Wilson,sub 4,19,11,0,5,1,1,0,0,0,0,,0,2,0,0,0,0,0,0,0,0,0,0,0
https://www.premiershiprugby.com/match-centre/288956/team-stats,288956,1011,202501,Saracens,home,211692,Max Malins,left wing,11,80,2,94,11,3,4,6,2,0,,10,4,3,0,2,0,0,0,0,0,0,0,0
https://www.premiershiprugby.com/match-centre/288956/team-stats,288956,1011,202501,Saracens,home,209612,Ben Earl,flanker,7,80,0,50,13,4,1,4,0,0,,0,10,1,1,0,0,0,0,1,0,0,0,0
https://www.premiershiprugby.com/match-centre/288956/team-stats,288956,1011,202501,Saracens,home,239403,Charlie Bracken,sub 6,21,18,0,18,1,1,1,8,0,0,,0,0,0,0,2,0,0,0,0,0,0,0,0
https://www.premiershiprugby.com/match-centre/288956/team-stats,288956,1011,202501,Saracens,home,103821,Eroni Mawi,sub 2,17,34,0,4,4,1,0,2,2,0,,0,4,1,0,0,0,0,0,0,0,1,0,0
https://www.premiershiprugby.com/match-centre/288956/team-stats,288956,1011,202501,Saracens,home,111794,Theo Dan,hooker,2,58,0,32,14,9,1,3,1,1,,0,5,2,1,0,0,0,0,0,0,3,0,0
https://www.premiershiprugby.com/match-centre/288956/team-stats,288956,1011,202501,Saracens,home,147091,Juan Martin Gonzalez,flanker,6,69,2,35,10,1,2,4,1,2,,10,11,1,2,0,0,0,0,0,0,3,0,0
https://www.premiershiprugby.com/match-centre/288956/team-stats,288956,1011,202501,Saracens,home,119955,Rhys Carre,loosehead prop,1,46,0,0,4,0,0,1,0,1,,0,5,0,0,0,0,0,0,0,0,2,0,0
https://www.premiershiprugby.com/match-centre/288956/team-stats,288956,1011,202501,Saracens,home,107059,Marco Riccioni,tighthead prop,3,58,0,0,5,1,0,0,0,0,,0,8,1,0,0,0,0,0,0,0,1,0,0
https://www.premiershiprugby.com/match-centre/288956/team-stats,288956,1011,202501,Saracens,home,185080,Ivan van Zyl,scrum half,9,62,0,2,1,0,0,57,0,2,,0,5,0,0,7,0,0,0,0,0,1,0,0
https://www.premiershiprugby.com/match-centre/288956/team-stats,288956,1011,202501,Saracens,home,237366,Theo McFarland,second row,4,80,0,25,8,2,1,1,1,1,,0,15,2,2,0,0,0,0,9,2,2,0,0
https://www.premiershiprugby.com/match-centre/288956/team-stats,288956,1011,202501,Saracens,home,160437,Marcus Street,sub 3,18,22,0,0,0,0,0,0,0,1,,0,4,0,0,0,0,0,0,0,0,0,0,0
https://www.premiershiprugby.com/match-centre/288956/team-stats,288956,1011,202501,Saracens,home,104921,Nick Tompkins,inside centre,12,80,0,44,10,3,1,11,1,1,,0,9,0,1,0,0,0,0,0,0,0,0,0
https://www.premiershiprugby.com/match-centre/288956/team-stats,288956,1011,202501,Saracens,home,144473,James Hadfield,sub 1,16,22,0,14,2,1,0,2,1,0,,0,5,1,0,0,0,0,0,0,0,0,0,0
https://www.premiershiprugby.com/match-centre/288956/team-stats,288956,1011,202501,Saracens,home,198623,Hugh Tizard,second row,5,80,0,6,3,0,0,3,1,0,,0,11,1,1,0,0,0,0,0,0,0,0,0
https://www.premiershiprugby.com/match-centre/288956/team-stats,288956,1011,202501,Saracens,home,177536,Tom Willis,number eight,8,20,0,20,6,4,0,1,1,1,,0,3,0,0,0,0,0,0,0,0,0,0,0
https://www.premiershiprugby.com/match-centre/288956/team-stats,288956,1011,202501,Saracens,home,214751,Nick Isiekwe,sub 5,20,60,0,15,4,0,0,0,0,0,,0,12,2,0,0,0,0,0,2,1,0,0,0
https://www.premiershiprugby.com/match-centre/288956/team-stats,288956,1011,202501,Saracens,home,244799,Angus Hall,sub 8,23,13,0,3,2,0,1,0,0,0,,0,1,3,0,2,0,0,0,0,0,0,0,0
https://www.premiershiprugby.com/match-centre/288956/team-stats,288956,1011,202501,Saracens,home,136509,Fergus Burke,sub 7,22,12,0,0,0,0,0,0,0,0,,0,1,0,0,0,0,0,0,0,0,0,0,0
https://www.premiershiprugby.com/match-centre/288956/team-stats,288956,1011,202501,Saracens,home,252989,Noah Caluori,right wing,14,67,0,26,6,4,1,1,0,2,,0,3,1,0,0,0,0,0,0,0,0,0,0
https://www.premiershiprugby.com/match-centre/288956/team-stats,288956,1011,202501,Bath Rugby,away,175011,Max Ojomoh,sub 7,22,18,0,25,2,1,1,1,0,0,,0,0,0,0,1,0,0,0,0,0,0,0,0
https://www.premiershiprugby.com/match-centre/288956/team-stats,288956,1011,202501,Bath Rugby,away,210178,Will Butt,inside centre,12,80,1,5,3,1,0,3,1,0,,5,11,0,1,1,0,0,0,0,0,0,0,0
https://www.premiershiprugby.com/match-centre/288956/team-stats,288956,1011,202501,Bath Rugby,away,239297,Arthur Green,number eight,8,62,1,65,13,1,2,0,0,1,,5,10,4,0,0,0,0,0,0,0,0,0,0
https://www.premiershiprugby.com/match-centre/288956/team-stats,288956,1011,202501,Bath Rugby,away,156834,Tom Carr-Smith,sub 6,21,2,0,0,0,0,0,3,0,0,,0,0,0,0,0,0,0,0,0,0,0,0,0
https://www.premiershiprugby.com/match-centre/288956/team-stats,288956,1011,202501,Bath Rugby,away,157863,Finn Russell,fly half,10,80,0,49,8,1,0,13,3,2,,11,9,9,0,8,4,1,0,0,0,1,0,0
https://www.premiershiprugby.com/match-centre/288956/team-stats,288956,1011,202501,Bath Rugby,away,195208,Miles Reid,flanker,7,80,0,30,7,0,0,3,0,1,,0,19,3,5,1,0,0,0,3,0,2,0,0
https://www.premiershiprugby.com/match-centre/288956/team-stats,288956,1011,202501,Bath Rugby,away,179563,Joe Cokanasiga,right wing,14,80,0,71,8,5,3,1,1,1,,0,2,2,0,1,0,0,0,0,0,0,0,0
https://www.premiershiprugby.com/match-centre/288956/team-stats,288956,1011,202501,Bath Rugby,away,108714,Will Stuart,sub 3,18,18,0,3,2,0,0,1,0,0,,0,0,0,0,0,0,0,0,0,0,1,0,0
https://www.premiershiprugby.com/match-centre/288956/team-stats,288956,1011,202501,Bath Rugby,away,154219,Cameron Redpath,sub 8,23,18,0,0,1,0,0,0,0,0,,0,0,0,0,0,0,0,0,0,0,1,0,0
https://www.premiershiprugby.com/match-centre/288956/team-stats,288956,1011,202501,Bath Rugby,away,161516,Henry Arundell,left wing,11,80,2,118,9,2,3,2,1,0,,10,7,2,1,1,0,0,0,0,0,1,0,0
https://www.premiershiprugby.com/match-centre/288956/team-stats,288956,1011,202501,Bath Rugby,away,103625,Dan Frost,sub 1,16,18,0,23,4,1,1,1,0,0,,0,3,1,0,0,0,0,0,0,0,0,0,0
https://www.premiershiprugby.com/match-centre/288956/team-stats,288956,1011,202501,Bath Rugby,away,130283,Beno Obano,loosehead prop,1,62,0,14,7,0,0,1,0,0,,0,8,2,0,0,0,0,0,0,0,0,0,0
https://www.premiershiprugby.com/match-centre/288956/team-stats,288956,1011,202501,Bath Rugby,away,196656,Chris Harris,outside centre,13,62,0,0,1,0,0,0,0,1,,0,11,1,2,0,0,0,0,0,0,0,0,0
https://www.premiershiprugby.com/match-centre/288956/team-stats,288956,1011,202501,Bath Rugby,away,111662,Ben Spencer,scrum half,9,78,0,18,3,3,1,38,1,0,,0,6,2,0,18,0,0,0,0,0,1,0,0
https://www.premiershiprugby.com/match-centre/288956/team-stats,288956,1011,202501,Bath Rugby,away,225778,Tom Dunn,hooker,2,62,0,11,4,0,0,2,0,0,,0,13,3,0,0,0,0,0,0,0,1,0,0
https://www.premiershiprugby.com/match-centre/288956/team-stats,288956,1011,202501,Bath Rugby,away,184945,Ted Hill,sub 5,20,18,0,0,2,1,0,2,0,2,,0,1,2,0,0,0,0,0,1,0,0,0,0
https://www.premiershiprugby.com/match-centre/288956/team-stats,288956,1011,202501,Bath Rugby,away,116821,Francois van Wyk,sub 2,17,18,0,0,0,0,0,0,0,0,,0,0,1,0,0,0,0,0,0,0,0,0,0
https://www.premiershiprugby.com/match-centre/288956/team-stats,288956,1011,202501,Bath Rugby,away,105205,Ross Molony,sub 4,19,18,0,1,2,0,0,0,0,0,,0,1,0,0,0,0,0,0,1,0,1,0,0
https://www.premiershiprugby.com/match-centre/288956/team-stats,288956,1011,202501,Bath Rugby,away,104572,Thomas du Toit,tighthead prop,3,62,1,8,4,0,0,1,0,0,,5,11,1,0,0,0,0,0,1,0,1,0,0
https://www.premiershiprugby.com/match-centre/288956/team-stats,288956,1011,202501,Bath Rugby,away,203360,Quinn Roux,second row,4,80,0,10,7,0,0,1,0,1,,0,13,1,0,0,0,0,0,2,0,0,0,0
https://www.premiershiprugby.com/match-centre/288956/team-stats,288956,1011,202501,Bath Rugby,away,196415,Charlie Ewels,second row,5,62,0,1,4,1,0,0,0,1,,0,7,1,0,0,0,0,0,4,1,0,0,0
https://www.premiershiprugby.com/match-centre/288956/team-stats,288956,1011,202501,Bath Rugby,away,100192,Josh Bayliss,flanker,6,80,0,53,10,6,2,5,0,0,,0,6,2,0,0,0,0,0,5,0,1,0,0
https://www.premiershiprugby.com/match-centre/288956/team-stats,288956,1011,202501,Bath Rugby,away,153790,Tom de Glanville,full back,15,62,0,53,6,3,2,3,1,0,,0,2,4,0,4,0,0,0,0,0,0,0,0
https://www.premiershiprugby.com/match-centre/288961/team-stats,288961,1011,202501,Newcastle Red Bulls,home,218820,Tom Christie,flanker,7,80,0,1,6,0,0,0,0,1,,0,13,0,0,0,0,0,0,0,0,0,0,0
https://www.premiershiprugby.com/match-centre/288961/team-stats,288961,1011,202501,Newcastle Red Bulls,home,140708,Tom Gordon,sub 5,20,26,0,2,2,1,0,0,0,0,,0,4,1,0,0,0,0,0,0,0,0,0,0
https://www.premiershiprugby.com/match-centre/288961/team-stats,288961,1011,202501,Newcastle Red Bulls,home,176289,James Elliott,sub 6,21,0,0,0,0,0,0,0,0,0,,0,0,0,0,0,0,0,0,0,0,0,0,0
https://www.premiershiprugby.com/match-centre/288961/team-stats,288961,1011,202501,Newcastle Red Bulls,home,239553,Finn Baker,sub 4,19,16,0,3,2,1,0,0,0,0,,0,3,0,0,0,0,0,0,1,0,0,0,0
https://www.premiershiprugby.com/match-centre/288961/team-stats,288961,1011,202501,Newcastle Red Bulls,home,163400,George McGuigan,hooker,2,61,0,7,4,0,0,1,0,1,,0,11,2,0,0,0,0,0,0,0,0,0,0
https://www.premiershiprugby.com/match-centre/288961/team-stats,288961,1011,202501,Newcastle Red Bulls,home,205702,Brett Connon,fly half,10,80,0,13,6,0,0,11,0,1,,4,7,1,0,11,2,0,0,0,0,1,0,0
https://www.premiershiprugby.com/match-centre/288961/team-stats,288961,1011,202501,Newcastle Red Bulls,home,169829,Max Clark,sub 8,23,10,0,2,2,0,0,1,0,0,,0,3,0,0,1,0,0,0,0,0,0,0,0
https://www.premiershiprugby.com/match-centre/288961/team-stats,288961,1011,202501,Newcastle Red Bulls,home,207081,Ollie Fletcher,sub 1,16,19,0,0,1,0,0,3,0,0,,0,2,1,0,0,0,0,0,0,0,0,0,0
https://www.premiershiprugby.com/match-centre/288961/team-stats,288961,1011,202501,Newcastle Red Bulls,home,200621,Richard Palframan,sub 3,18,26,0,0,1,0,0,0,0,0,,0,5,0,0,0,0,0,0,0,0,0,0,0
https://www.premiershiprugby.com/match-centre/288961/team-stats,288961,1011,202501,Newcastle Red Bulls,home,248979,Oscar Usher,second row,4,80,0,14,4,0,1,4,0,1,,0,9,1,0,0,0,0,0,10,1,0,0,0
https://www.premiershiprugby.com/match-centre/288961/team-stats,288961,1011,202501,Newcastle Red Bulls,home,134737,Connor Hancock,sub 2,17,10,0,0,1,0,0,1,0,0,,0,1,1,0,0,0,0,0,0,0,0,0,0
https://www.premiershiprugby.com/match-centre/288961/team-stats,288961,1011,202501,Newcastle Red Bulls,home,205585,Murray McCallum,tighthead prop,3,54,0,0,0,0,0,0,0,1,,0,5,2,0,0,0,0,0,0,0,0,0,0
https://www.premiershiprugby.com/match-centre/288961/team-stats,288961,1011,202501,Newcastle Red Bulls,home,154551,Sebastian de Chaves,second row,5,64,0,2,2,1,0,1,1,0,,0,7,0,0,0,0,0,0,3,0,0,0,0
https://www.premiershiprugby.com/match-centre/288961/team-stats,288961,1011,202501,Newcastle Red Bulls,home,164792,Adam Brocklebank,loosehead prop,1,70,0,8,2,0,0,1,0,0,,0,5,3,0,0,0,0,0,0,0,2,0,0
https://www.premiershiprugby.com/match-centre/288961/team-stats,288961,1011,202501,Newcastle Red Bulls,home,190680,Ollie Leatherbarrow,flanker,6,80,1,19,4,4,1,3,0,1,,5,16,3,1,0,0,0,0,0,0,1,0,0
https://www.premiershiprugby.com/match-centre/288961/team-stats,288961,1011,202501,Newcastle Red Bulls,home,222549,Oll Spencer,right wing,14,80,0,16,5,1,0,2,0,1,,0,4,0,1,1,0,0,0,0,0,0,0,0
https://www.premiershiprugby.com/match-centre/288961/team-stats,288961,1011,202501,Newcastle Red Bulls,home,145014,Elliott Obatoyinbo,left wing,11,80,0,8,7,1,0,0,0,1,,0,4,2,0,0,0,0,0,0,0,2,0,0
https://www.premiershiprugby.com/match-centre/288961/team-stats,288961,1011,202501,Newcastle Red Bulls,home,144507,Ethan Grayson,full back,15,76,0,29,5,3,0,0,0,0,,0,4,1,0,2,0,0,0,0,0,0,0,0
https://www.premiershiprugby.com/match-centre/288961/team-stats,288961,1011,202501,Newcastle Red Bulls,home,199072,Alex Hearle,outside centre,13,80,0,9,2,1,0,0,0,0,,0,5,3,2,1,0,0,0,0,0,0,0,0
https://www.premiershiprugby.com/match-centre/288961/team-stats,288961,1011,202501,Newcastle Red Bulls,home,251584,Simon Benitez Cruz,scrum half,9,80,0,7,8,1,0,48,0,0,,0,3,2,0,11,0,0,0,0,0,1,0,0
https://www.premiershiprugby.com/match-centre/288961/team-stats,288961,1011,202501,Newcastle Red Bulls,home,150399,Boeta Chamberlain,sub 7,22,4,0,19,1,0,0,0,0,0,,0,0,0,0,0,0,0,0,0,0,0,0,0
https://www.premiershiprugby.com/match-centre/288961/team-stats,288961,1011,202501,Newcastle Red Bulls,home,114429,Amanaki Mafi,number eight,8,54,1,12,10,1,0,3,0,3,,5,6,0,0,0,0,0,0,0,0,0,0,0
https://www.premiershiprugby.com/match-centre/288961/team-stats,288961,1011,202501,Newcastle Red Bulls,home,108863,Sammy Arnold,inside centre,12,60,0,26,13,1,0,3,1,0,,0,8,1,1,0,0,0,0,1,0,2,0,1
https://www.premiershiprugby.com/match-centre/288961/team-stats,288961,1011,202501,Bath Rugby,away,104322,Sam Underhill,sub 5,20,25,0,32,2,4,1,0,0,0,,0,1,0,0,0,0,0,0,0,0,0,0,0
https://www.premiershiprugby.com/match-centre/288961/team-stats,288961,1011,202501,Bath Rugby,away,123233,Ethan Staddon,flanker,7,55,0,17,4,1,0,2,0,0,,0,6,1,1,0,0,0,0,0,0,0,0,0
https://www.premiershiprugby.com/match-centre/288961/team-stats,288961,1011,202501,Bath Rugby,away,210178,Will Butt,inside centre,12,80,1,11,7,0,0,4,0,1,,5,6,0,1,0,0,0,0,0,0,0,0,0
https://www.premiershiprugby.com/match-centre/288961/team-stats,288961,1011,202501,Bath Rugby,away,187169,Archie Griffin,tighthead prop,3,54,1,8,4,3,0,3,0,0,,5,8,1,0,0,0,0,0,0,0,0,0,0
https://www.premiershiprugby.com/match-centre/288961/team-stats,288961,1011,202501,Bath Rugby,away,156834,Tom Carr-Smith,scrum half,9,54,0,14,3,1,0,34,0,0,,0,2,2,0,7,0,0,0,0,0,1,0,0
https://www.premiershiprugby.com/match-centre/288961/team-stats,288961,1011,202501,Bath Rugby,away,195208,Miles Reid,number eight,8,80,0,30,16,1,0,2,1,1,,0,9,1,2,0,0,0,0,1,0,3,0,0
https://www.premiershiprugby.com/match-centre/288961/team-stats,288961,1011,202501,Bath Rugby,away,179563,Joe Cokanasiga,right wing,14,80,0,39,4,1,1,1,1,3,,0,7,2,1,0,0,0,0,0,0,0,0,0
https://www.premiershiprugby.com/match-centre/288961/team-stats,288961,1011,202501,Bath Rugby,away,154219,Cameron Redpath,sub 7,22,26,0,42,4,0,1,2,0,0,,0,1,1,0,2,0,0,0,0,0,0,0,0
https://www.premiershiprugby.com/match-centre/288961/team-stats,288961,1011,202501,Bath Rugby,away,103625,Dan Frost,hooker,2,54,2,29,7,2,1,2,1,1,,10,12,0,0,0,0,0,0,0,0,0,0,0
https://www.premiershiprugby.com/match-centre/288961/team-stats,288961,1011,202501,Bath Rugby,away,145484,Alfie Barbeary,sub 8,23,25,0,1,5,1,0,1,0,1,,0,4,0,0,0,0,0,0,0,0,0,0,0
https://www.premiershiprugby.com/match-centre/288961/team-stats,288961,1011,202501,Bath Rugby,away,130283,Beno Obano,sub 2,17,26,0,1,2,0,0,0,0,0,,0,2,0,0,0,0,0,0,0,0,1,0,0
https://www.premiershiprugby.com/match-centre/288961/team-stats,288961,1011,202501,Bath Rugby,away,196656,Chris Harris,outside centre,13,80,0,19,5,0,1,3,0,0,,0,4,0,1,0,0,0,0,0,0,0,0,0
https://www.premiershiprugby.com/match-centre/288961/team-stats,288961,1011,202501,Bath Rugby,away,111662,Ben Spencer,sub 6,21,26,1,41,4,3,2,18,2,1,,5,1,0,1,6,0,0,0,0,0,0,0,0
https://www.premiershiprugby.com/match-centre/288961/team-stats,288961,1011,202501,Bath Rugby,away,225778,Tom Dunn,sub 1,16,26,0,37,4,1,0,0,0,0,,0,1,1,0,0,0,0,0,1,1,0,0,0
https://www.premiershiprugby.com/match-centre/288961/team-stats,288961,1011,202501,Bath Rugby,away,184945,Ted Hill,sub 4,19,25,1,4,4,0,0,1,0,0,,5,3,0,0,0,0,0,0,0,0,0,0,0
https://www.premiershiprugby.com/match-centre/288961/team-stats,288961,1011,202501,Bath Rugby,away,116821,Francois van Wyk,loosehead prop,1,54,1,16,8,0,0,1,0,0,,5,4,1,0,1,0,0,0,0,0,0,0,0
https://www.premiershiprugby.com/match-centre/288961/team-stats,288961,1011,202501,Bath Rugby,away,105205,Ross Molony,second row,5,80,0,0,1,1,0,3,0,0,,0,5,0,0,0,0,0,0,4,0,1,0,0
https://www.premiershiprugby.com/match-centre/288961/team-stats,288961,1011,202501,Bath Rugby,away,217750,Ewan Richards,second row,4,55,0,41,3,1,1,2,0,0,,0,7,0,0,0,0,0,0,4,0,0,0,0
https://www.premiershiprugby.com/match-centre/288961/team-stats,288961,1011,202501,Bath Rugby,away,104572,Thomas du Toit,sub 3,18,26,0,9,4,1,0,0,0,0,,0,0,0,0,0,0,0,0,0,0,0,0,0
https://www.premiershiprugby.com/match-centre/288961/team-stats,288961,1011,202501,Bath Rugby,away,100192,Josh Bayliss,flanker,6,55,0,6,5,0,0,0,0,0,,0,6,0,0,0,0,0,0,0,0,1,0,0
https://www.premiershiprugby.com/match-centre/288961/team-stats,288961,1011,202501,Bath Rugby,away,153790,Tom de Glanville,full back,15,80,1,59,11,1,0,1,1,2,,5,0,2,0,4,0,0,0,0,0,0,0,0
https://www.premiershiprugby.com/match-centre/288961/team-stats,288961,1011,202501,Bath Rugby,away,233245,Louie Hennessey,left wing,11,54,0,13,5,0,1,1,1,1,,0,3,3,0,0,0,0,0,0,0,3,0,0
https://www.premiershiprugby.com/match-centre/288961/team-stats,288961,1011,202501,Bath Rugby,away,189982,Santi Carreras,fly half,10,80,0,32,9,2,0,16,0,2,,10,6,1,0,8,5,0,0,0,0,0,0,0
https://www.premiershiprugby.com/match-centre/288965/team-stats,288965,1011,202501,Bath Rugby,home,175011,Max Ojomoh,inside centre,12,31,0,7,2,0,0,0,0,0,,0,3,0,0,0,0,0,0,0,0,0,0,0
https://www.premiershiprugby.com/match-centre/288965/team-stats,288965,1011,202501,Bath Rugby,home,104322,Sam Underhill,flanker,7,80,0,17,8,0,0,0,0,1,,0,16,4,0,0,0,0,0,0,0,0,0,0
https://www.premiershiprugby.com/match-centre/288965/team-stats,288965,1011,202501,Bath Rugby,home,187169,Archie Griffin,sub 3,18,15,0,1,4,0,0,1,0,0,,0,1,0,0,0,0,0,0,0,0,0,0,0
https://www.premiershiprugby.com/match-centre/288965/team-stats,288965,1011,202501,Bath Rugby,home,156834,Tom Carr-Smith,sub 6,21,8,0,8,1,0,0,11,0,0,,0,0,0,0,0,0,0,0,0,0,0,0,0
https://www.premiershiprugby.com/match-centre/288965/team-stats,288965,1011,202501,Bath Rugby,home,157863,Finn Russell,fly half,10,80,0,14,2,0,0,14,1,1,,6,7,4,0,2,3,0,0,0,0,0,0,0
https://www.premiershiprugby.com/match-centre/288965/team-stats,288965,1011,202501,Bath Rugby,home,195208,Miles Reid,number eight,8,78,0,13,10,2,0,2,0,0,,0,10,3,2,0,0,0,0,2,0,4,0,0
https://www.premiershiprugby.com/match-centre/288965/team-stats,288965,1011,202501,Bath Rugby,home,179563,Joe Cokanasiga,right wing,14,80,0,8,3,1,0,2,1,0,,0,3,4,0,0,0,0,0,0,0,0,0,0
https://www.premiershiprugby.com/match-centre/288965/team-stats,288965,1011,202501,Bath Rugby,home,131724,Ollie Lawrence,outside centre,13,80,0,5,6,1,0,3,0,5,,0,10,4,0,1,0,0,0,0,0,0,0,0
https://www.premiershiprugby.com/match-centre/288965/team-stats,288965,1011,202501,Bath Rugby,home,161516,Henry Arundell,left wing,11,80,0,67,7,2,1,1,3,1,,0,4,2,0,1,0,0,0,0,0,0,0,0
https://www.premiershiprugby.com/match-centre/288965/team-stats,288965,1011,202501,Bath Rugby,home,103625,Dan Frost,sub 1,16,5,0,0,0,0,0,0,0,0,,0,0,0,0,0,0,0,0,0,0,1,0,1
https://www.premiershiprugby.com/match-centre/288965/team-stats,288965,1011,202501,Bath Rugby,home,112684,Guy Pepper,sub 5,20,24,0,5,2,2,0,0,0,0,,0,6,3,1,0,0,0,0,0,0,1,0,0
https://www.premiershiprugby.com/match-centre/288965/team-stats,288965,1011,202501,Bath Rugby,home,130283,Beno Obano,loosehead prop,1,56,0,8,5,1,0,0,0,0,,0,8,2,0,0,0,0,0,0,0,2,0,0
https://www.premiershiprugby.com/match-centre/288965/team-stats,288965,1011,202501,Bath Rugby,home,111662,Ben Spencer,scrum half,9,72,0,15,2,1,1,37,1,1,,0,3,2,0,15,0,0,0,0,0,0,0,0
https://www.premiershiprugby.com/match-centre/288965/team-stats,288965,1011,202501,Bath Rugby,home,196656,Chris Harris,sub 8,23,49,0,0,1,0,0,1,0,0,,0,9,1,0,0,0,0,0,0,0,2,0,0
https://www.premiershiprugby.com/match-centre/288965/team-stats,288965,1011,202501,Bath Rugby,home,225778,Tom Dunn,hooker,2,67,1,12,12,2,0,1,0,0,,5,15,3,0,0,0,0,0,0,0,1,0,0
https://www.premiershiprugby.com/match-centre/288965/team-stats,288965,1011,202501,Bath Rugby,home,184945,Ted Hill,sub 4,19,24,0,5,2,1,0,0,0,0,,0,6,1,0,0,0,0,0,0,0,0,0,0
https://www.premiershiprugby.com/match-centre/288965/team-stats,288965,1011,202501,Bath Rugby,home,105205,Ross Molony,second row,5,80,0,6,4,0,0,1,0,0,,0,14,4,0,0,0,0,0,3,0,1,0,0
https://www.premiershiprugby.com/match-centre/288965/team-stats,288965,1011,202501,Bath Rugby,home,116821,Francois van Wyk,sub 2,17,24,0,1,1,0,0,1,0,0,,0,2,1,0,0,0,0,0,0,0,1,0,0
https://www.premiershiprugby.com/match-centre/288965/team-stats,288965,1011,202501,Bath Rugby,home,104572,Thomas du Toit,tighthead prop,3,65,2,7,6,1,1,1,0,0,,10,7,2,0,0,0,0,0,1,0,0,0,0
https://www.premiershiprugby.com/match-centre/288965/team-stats,288965,1011,202501,Bath Rugby,home,203360,Quinn Roux,second row,4,56,0,0,0,0,0,2,0,0,,0,6,1,0,0,0,0,0,1,0,1,0,0
https://www.premiershiprugby.com/match-centre/288965/team-stats,288965,1011,202501,Bath Rugby,home,100192,Josh Bayliss,flanker,6,56,0,5,4,1,0,2,0,1,,0,7,2,0,0,0,0,0,1,0,0,0,0
https://www.premiershiprugby.com/match-centre/288965/team-stats,288965,1011,202501,Bath Rugby,home,153790,Tom de Glanville,full back,15,56,0,9,5,0,1,2,0,0,,0,1,0,0,0,0,0,0,0,0,0,0,0
https://www.premiershiprugby.com/match-centre/288965/team-stats,288965,1011,202501,Bath Rugby,home,189982,Santi Carreras,sub 7,22,24,0,2,4,1,0,4,1,0,,0,1,1,0,0,0,0,0,0,0,0,0,0
https://www.premiershiprugby.com/match-centre/288965/team-stats,288965,1011,202501,Northampton Saints,away,193283,Chunya Munga,second row,5,80,0,0,6,2,0,3,0,0,,0,15,1,0,0,0,0,0,7,2,1,0,0
https://www.premiershiprugby.com/match-centre/288965/team-stats,288965,1011,202501,Northampton Saints,away,119745,Anthony Belleau,fly half,10,80,0,39,6,4,0,24,0,4,,11,9,0,0,2,4,1,0,0,0,1,0,0
https://www.premiershiprugby.com/match-centre/288965/team-stats,288965,1011,202501,Northampton Saints,away,192642,Ollie Sleightholme,sub 8,23,7,0,14,1,0,0,0,0,0,,0,0,0,0,0,0,0,0,0,0,0,0,0
https://www.premiershiprugby.com/match-centre/288965/team-stats,288965,1011,202501,Northampton Saints,away,168872,Callum Chick,flanker,6,80,0,2,5,0,0,5,0,1,,0,11,2,1,0,0,0,0,10,1,0,0,0
https://www.premiershiprugby.com/match-centre/288965/team-stats,288965,1011,202501,Northampton Saints,away,242892,Ollie Scola,sub 2,17,5,0,0,1,1,0,0,0,0,,0,1,0,0,0,0,0,0,0,0,0,0,0
https://www.premiershiprugby.com/match-centre/288965/team-stats,288965,1011,202501,Northampton Saints,away,175403,Elliot Millar-Mills,sub 3,18,19,0,3,2,2,0,2,0,0,,0,4,1,1,0,0,0,0,0,0,0,0,0
https://www.premiershiprugby.com/match-centre/288965/team-stats,288965,1011,202501,Northampton Saints,away,221996,Tom James,sub 6,21,3,0,0,0,0,0,0,0,0,,0,0,1,0,1,0,0,0,0,0,1,0,0
https://www.premiershiprugby.com/match-centre/288965/team-stats,288965,1011,202501,Northampton Saints,away,178796,James Ramm,left wing,11,73,0,35,11,9,1,2,0,0,,0,4,0,0,0,0,0,0,0,0,0,0,0
https://www.premiershiprugby.com/match-centre/288965/team-stats,288965,1011,202501,Northampton Saints,away,108939,Fyn Brown,sub 5,20,3,0,0,0,0,0,0,0,0,,0,1,0,0,0,0,0,0,0,0,0,0,0
https://www.premiershiprugby.com/match-centre/288965/team-stats,288965,1011,202501,Northampton Saints,away,187951,Emmanuel Iyogun,loosehead prop,1,75,0,7,6,0,0,3,0,0,,0,11,0,0,0,0,0,0,1,0,2,0,0
https://www.premiershiprugby.com/match-centre/288965/team-stats,288965,1011,202501,Northampton Saints,away,206832,Robbie Smith,hooker,2,67,0,8,7,0,0,4,0,0,,0,9,0,0,0,0,0,0,0,0,0,0,0
https://www.premiershiprugby.com/match-centre/288965/team-stats,288965,1011,202501,Northampton Saints,away,124493,Ed Prowse,second row,4,66,0,2,7,1,0,2,0,0,,0,17,0,0,0,0,0,0,0,0,2,0,1
https://www.premiershiprugby.com/match-centre/288965/team-stats,288965,1011,202501,Northampton Saints,away,239634,Henry Pollock,number eight,8,77,2,75,11,2,3,7,1,1,,10,11,2,2,1,0,0,0,1,0,2,0,0
https://www.premiershiprugby.com/match-centre/288965/team-stats,288965,1011,202501,Northampton Saints,away,225330,Archie Benson,sub 4,19,3,0,0,0,0,0,0,0,0,,0,1,0,0,0,0,0,0,1,0,0,0,0
https://www.premiershiprugby.com/match-centre/288965/team-stats,288965,1011,202501,Northampton Saints,away,239345,Archie McParland,scrum half,9,77,1,69,6,5,2,68,0,0,,5,4,2,0,7,0,0,0,0,0,0,0,0
https://www.premiershiprugby.com/match-centre/288965/team-stats,288965,1011,202501,Northampton Saints,away,102707,Trevor Davison,tighthead prop,3,61,0,1,2,0,0,1,0,0,,0,6,2,0,0,0,0,0,0,0,1,0,0
https://www.premiershiprugby.com/match-centre/288965/team-stats,288965,1011,202501,Northampton Saints,away,212369,Sam Graham,flanker,7,80,0,9,6,2,0,6,0,0,,0,7,1,1,1,0,0,0,1,0,0,0,0
https://www.premiershiprugby.com/match-centre/288965/team-stats,288965,1011,202501,Northampton Saints,away,185586,Henry Walker,sub 1,16,13,0,0,0,0,0,1,0,0,,0,3,2,0,0,0,0,0,0,0,0,0,0
https://www.premiershiprugby.com/match-centre/288965/team-stats,288965,1011,202501,Northampton Saints,away,248790,Edoardo Todaro,right wing,14,80,0,54,10,5,2,4,1,1,,0,4,0,0,0,0,0,0,0,0,0,0,0
https://www.premiershiprugby.com/match-centre/288965/team-stats,288965,1011,202501,Northampton Saints,away,109816,Rory Hutchinson,inside centre,12,77,0,40,14,3,1,10,1,2,,0,7,1,0,1,0,0,0,0,0,1,0,0
https://www.premiershiprugby.com/match-centre/288965/team-stats,288965,1011,202501,Northampton Saints,away,156918,Tommy Freeman,outside centre,13,80,3,109,15,5,4,4,1,2,,15,7,0,1,1,0,0,0,0,0,1,0,0
https://www.premiershiprugby.com/match-centre/288965/team-stats,288965,1011,202501,Northampton Saints,away,238687,George Hendy,full back,15,80,0,38,8,3,1,5,2,1,,0,3,1,0,0,0,0,0,0,0,0,0,0
https://www.premiershiprugby.com/match-centre/288965/team-stats,288965,1011,202501,Northampton Saints,away,250654,Henry Lumley,sub 7,22,3,0,0,0,0,0,0,0,1,,0,3,0,0,0,0,0,0,0,0,0,0,0
https://www.premiershiprugby.com/match-centre/288969/team-stats,288969,1011,202501,Bath Rugby,home,104322,Sam Underhill,sub 5,20,22,0,1,7,1,0,0,0,0,,0,8,0,0,0,0,0,0,0,0,0,0,0
https://www.premiershiprugby.com/match-centre/288969/team-stats,288969,1011,202501,Bath Rugby,home,156834,Tom Carr-Smith,sub 6,21,0,0,0,0,0,0,0,0,0,,0,0,0,0,0,0,0,0,0,0,0,0,0
https://www.premiershiprugby.com/match-centre/288969/team-stats,288969,1011,202501,Bath Rugby,home,239297,Arthur Green,sub 8,23,22,1,24,9,2,0,1,0,0,,5,10,0,0,0,0,0,0,0,0,0,0,0
https://www.premiershiprugby.com/match-centre/288969/team-stats,288969,1011,202501,Bath Rugby,home,157863,Finn Russell,fly half,10,80,0,51,8,2,0,17,2,1,,8,7,4,0,7,4,0,0,0,0,0,0,0
https://www.premiershiprugby.com/match-centre/288969/team-stats,288969,1011,202501,Bath Rugby,home,154219,Cameron Redpath,inside centre,12,80,0,40,6,2,1,9,2,2,,0,12,0,0,0,0,0,0,0,0,0,0,0
https://www.premiershiprugby.com/match-centre/288969/team-stats,288969,1011,202501,Bath Rugby,home,161516,Henry Arundell,right wing,14,69,0,10,3,0,2,2,0,0,,0,5,2,0,0,0,0,0,0,0,0,0,0
https://www.premiershiprugby.com/match-centre/288969/team-stats,288969,1011,202501,Bath Rugby,home,131724,Ollie Lawrence,outside centre,13,80,1,50,8,2,2,1,1,0,,5,3,1,0,0,0,0,0,0,0,1,0,0
https://www.premiershiprugby.com/match-centre/288969/team-stats,288969,1011,202501,Bath Rugby,home,145484,Alfie Barbeary,number eight,8,58,1,19,15,9,0,6,1,0,,5,7,1,1,0,0,0,0,0,0,1,0,0
https://www.premiershiprugby.com/match-centre/288969/team-stats,288969,1011,202501,Bath Rugby,home,112684,Guy Pepper,flanker,7,58,0,7,4,1,0,1,0,0,,0,11,2,1,1,0,0,0,1,0,1,0,0
https://www.premiershiprugby.com/match-centre/288969/team-stats,288969,1011,202501,Bath Rugby,home,130283,Beno Obano,loosehead prop,1,64,1,4,9,0,0,2,0,0,,5,7,1,1,0,0,0,0,0,0,2,0,0
https://www.premiershiprugby.com/match-centre/288969/team-stats,288969,1011,202501,Bath Rugby,home,111662,Ben Spencer,scrum half,9,80,0,7,5,1,0,51,1,0,,0,4,2,0,9,0,0,0,0,0,0,0,0
https://www.premiershiprugby.com/match-centre/288969/team-stats,288969,1011,202501,Bath Rugby,home,160272,Will Muir,left wing,11,58,0,59,7,3,3,4,0,0,,0,1,1,0,0,0,0,0,0,0,1,0,0
https://www.premiershiprugby.com/match-centre/288969/team-stats,288969,1011,202501,Bath Rugby,home,243059,Kepu Tuipulotu,sub 1,16,22,0,8,6,1,0,0,0,0,,0,8,2,0,0,0,0,0,0,0,0,0,0
https://www.premiershiprugby.com/match-centre/288969/team-stats,288969,1011,202501,Bath Rugby,home,225778,Tom Dunn,hooker,2,58,0,9,4,1,0,1,1,0,,0,10,0,0,0,0,0,0,0,0,1,0,0
https://www.premiershiprugby.com/match-centre/288969/team-stats,288969,1011,202501,Bath Rugby,home,184945,Ted Hill,flanker,6,80,0,66,15,2,3,2,0,0,,0,13,2,0,1,0,0,0,5,0,1,0,0
https://www.premiershiprugby.com/match-centre/288969/team-stats,288969,1011,202501,Bath Rugby,home,105205,Ross Molony,second row,5,80,0,12,10,0,0,7,0,0,,0,12,3,0,0,0,0,0,3,0,0,0,0
https://www.premiershiprugby.com/match-centre/288969/team-stats,288969,1011,202501,Bath Rugby,home,239292,Billy Sela,tighthead prop,3,58,0,9,6,2,0,2,0,1,,0,10,0,0,0,0,0,0,0,0,0,0,0
https://www.premiershiprugby.com/match-centre/288969/team-stats,288969,1011,202501,Bath Rugby,home,104572,Thomas du Toit,sub 3,18,22,0,9,4,0,0,0,0,0,,0,7,2,0,0,0,0,0,0,0,0,0,0
https://www.premiershiprugby.com/match-centre/288969/team-stats,288969,1011,202501,Bath Rugby,home,240057,Scott Kirk,sub 2,17,16,0,12,6,0,0,0,0,0,,0,10,0,0,0,0,0,0,0,0,1,0,0
https://www.premiershiprugby.com/match-centre/288969/team-stats,288969,1011,202501,Bath Rugby,home,255392,Enoch Opoku Gyamfi,second row,4,48,0,1,2,1,0,0,0,0,,0,10,1,0,0,0,0,0,0,0,1,0,0
https://www.premiershiprugby.com/match-centre/288969/team-stats,288969,1011,202501,Bath Rugby,home,203360,Quinn Roux,sub 4,19,32,0,0,0,0,0,0,0,0,,0,14,0,0,0,0,0,0,0,0,1,0,0
https://www.premiershiprugby.com/match-centre/288969/team-stats,288969,1011,202501,Bath Rugby,home,189982,Santi Carreras,full back,15,80,1,63,13,3,1,4,1,1,,5,2,2,1,2,0,0,0,0,0,0,0,0
https://www.premiershiprugby.com/match-centre/288969/team-stats,288969,1011,202501,Bath Rugby,home,233245,Louie Hennessey,sub 7,22,34,0,24,1,1,1,2,0,0,,0,1,0,0,0,0,0,0,0,0,0,0,0
https://www.premiershiprugby.com/match-centre/288969/team-stats,288969,1011,202501,Exeter Chiefs,away,250817,Campbell Ridl,left wing,11,3,0,0,0,0,0,0,0,1,,0,0,0,0,0,0,0,0,0,0,1,1,0
https://www.premiershiprugby.com/match-centre/288969/team-stats,288969,1011,202501,Exeter Chiefs,away,237000,Tom Hooper,flanker,6,80,0,13,7,0,0,3,0,1,,0,17,1,2,0,0,0,0,1,0,0,0,0
https://www.premiershiprugby.com/match-centre/288969/team-stats,288969,1011,202501,Exeter Chiefs,away,117545,Charlie Chapman,sub 6,21,32,0,4,4,0,0,30,0,1,,0,2,3,0,9,0,0,0,0,0,0,0,0
https://www.premiershiprugby.com/match-centre/288969/team-stats,288969,1011,202501,Exeter Chiefs,away,201738,Will Goodrick-Clarke,sub 2,17,25,0,0,3,0,0,0,0,0,,0,9,0,0,0,0,0,0,0,0,0,0,0
https://www.premiershiprugby.com/match-centre/288969/team-stats,288969,1011,202501,Exeter Chiefs,away,110891,Steve Varney,scrum half,9,48,0,0,1,0,0,21,0,0,,0,5,0,0,11,0,0,0,0,0,1,0,0
https://www.premiershiprugby.com/match-centre/288969/team-stats,288969,1011,202501,Exeter Chiefs,away,128750,Andrea Zambonin,second row,5,68,0,1,2,0,0,4,0,0,,0,11,1,0,0,0,0,0,4,0,0,0,0
https://www.premiershiprugby.com/match-centre/288969/team-stats,288969,1011,202501,Exeter Chiefs,away,125136,Will Haydon-Wood,sub 7,22,0,0,0,0,0,0,0,0,0,,0,0,0,0,0,0,0,0,0,0,0,0,0
https://www.premiershiprugby.com/match-centre/288969/team-stats,288969,1011,202501,Exeter Chiefs,away,188174,Jimmy Roots,sub 3,18,25,0,16,11,1,0,0,0,0,,0,9,0,0,0,0,0,0,0,0,0,0,0
https://www.premiershiprugby.com/match-centre/288969/team-stats,288969,1011,202501,Exeter Chiefs,away,224659,Scott Sio,loosehead prop,1,55,0,2,4,0,0,3,0,0,,0,10,3,0,0,0,0,0,0,0,1,0,0
https://www.premiershiprugby.com/match-centre/288969/team-stats,288969,1011,202501,Exeter Chiefs,away,166737,Olly Woodburn,full back,15,80,1,100,12,4,3,1,0,1,,5,4,2,0,1,0,0,0,0,0,0,0,0
https://www.premiershiprugby.com/match-centre/288969/team-stats,288969,1011,202501,Exeter Chiefs,away,237272,Dafydd Jenkins,second row,4,80,0,14,7,0,0,0,0,1,,0,23,0,0,0,0,0,0,1,0,0,0,0
https://www.premiershiprugby.com/match-centre/288969/team-stats,288969,1011,202501,Exeter Chiefs,away,170455,Greg Fisilau,number eight,8,80,1,36,12,4,1,6,0,1,,5,18,3,0,0,0,0,0,2,0,1,0,0
https://www.premiershiprugby.com/match-centre/288969/team-stats,288969,1011,202501,Exeter Chiefs,away,233237,Immanuel Feyi-Waboso,right wing,14,80,1,79,12,12,1,2,1,3,,5,6,1,0,1,0,0,0,0,0,0,0,0
https://www.premiershiprugby.com/match-centre/288969/team-stats,288969,1011,202501,Exeter Chiefs,away,199029,Dan John,sub 8,23,55,0,34,6,1,0,0,0,1,,0,3,1,0,0,0,0,0,0,0,0,0,0
https://www.premiershiprugby.com/match-centre/288969/team-stats,288969,1011,202501,Exeter Chiefs,away,112986,Rus Tuima,sub 4,19,12,0,0,3,0,0,2,0,0,,0,9,0,0,0,0,0,0,0,0,0,0,0
https://www.premiershiprugby.com/match-centre/288969/team-stats,288969,1011,202501,Exeter Chiefs,away,243675,Will Rigg,inside centre,12,80,0,25,5,1,0,1,0,0,,0,11,2,0,0,0,0,0,0,0,0,0,0
https://www.premiershiprugby.com/match-centre/288969/team-stats,288969,1011,202501,Exeter Chiefs,away,225024,Harvey Skinner,fly half,10,80,0,15,4,2,0,14,0,1,,0,11,3,1,1,0,0,0,0,0,1,0,0
https://www.premiershiprugby.com/match-centre/288969/team-stats,288969,1011,202501,Exeter Chiefs,away,138016,Henry Slade,outside centre,13,80,0,11,3,0,0,8,0,0,,6,7,6,0,0,3,0,0,0,0,1,0,0
https://www.premiershiprugby.com/match-centre/288969/team-stats,288969,1011,202501,Exeter Chiefs,away,243167,Kane James,sub 5,20,17,0,1,4,0,0,2,0,0,,0,13,1,0,0,0,0,0,0,0,0,0,0
https://www.premiershiprugby.com/match-centre/288969/team-stats,288969,1011,202501,Exeter Chiefs,away,203166,Jack Yeandle,sub 1,16,25,0,2,4,0,0,1,0,0,,0,7,2,0,0,0,0,0,0,0,0,0,0
https://www.premiershiprugby.com/match-centre/288969/team-stats,288969,1011,202501,Exeter Chiefs,away,213725,Joseph Dweba,hooker,2,55,1,0,2,1,0,1,0,0,,5,5,0,0,0,0,0,0,0,0,0,0,0
https://www.premiershiprugby.com/match-centre/288969/team-stats,288969,1011,202501,Exeter Chiefs,away,249693,Bachuki Tchumbadze,tighthead prop,3,55,0,2,8,0,0,0,0,0,,0,10,1,0,0,0,0,0,0,0,1,0,0
https://www.premiershiprugby.com/match-centre/288969/team-stats,288969,1011,202501,Exeter Chiefs,away,124575,Ethan Roots,flanker,7,63,0,1,3,0,0,4,0,0,,0,8,4,1,0,0,0,0,5,0,0,0,0
https://www.premiershiprugby.com/match-centre/288973/team-stats,288973,1011,202501,Gloucester Rugby,home,208996,Jack Mann,sub 5,20,18,0,4,1,1,0,1,0,0,,0,11,1,0,0,0,0,0,0,0,0,0,0
https://www.premiershiprugby.com/match-centre/288973/team-stats,288973,1011,202501,Gloucester Rugby,home,110114,Ross Byrne,sub 7,22,0,0,0,0,0,0,0,0,0,,0,0,0,0,0,0,0,0,0,0,0,0,0
https://www.premiershiprugby.com/match-centre/288973/team-stats,288973,1011,202501,Gloucester Rugby,home,217603,James Venter,flanker,6,62,0,6,10,2,0,2,0,1,,0,7,1,0,0,0,0,0,0,0,2,0,0
https://www.premiershiprugby.com/match-centre/288973/team-stats,288973,1011,202501,Gloucester Rugby,home,241026,Josh Hathaway,right wing,14,66,0,8,5,1,0,0,0,1,,0,2,4,2,1,0,0,0,0,0,0,0,0
https://www.premiershiprugby.com/match-centre/288973/team-stats,288973,1011,202501,Gloucester Rugby,home,253378,Deian Gwynne,second row,4,62,0,14,9,0,0,0,0,0,,0,11,2,0,0,0,0,0,1,0,0,0,0
https://www.premiershiprugby.com/match-centre/288973/team-stats,288973,1011,202501,Gloucester Rugby,home,124069,Ollie Thorley,left wing,11,80,0,47,7,5,2,2,0,0,,0,2,2,0,0,0,0,0,0,0,0,0,0
https://www.premiershiprugby.com/match-centre/288973/team-stats,288973,1011,202501,Gloucester Rugby,home,120165,Cam Jordan,sub 4,19,18,0,3,4,0,0,1,0,1,,0,7,0,0,0,0,0,0,1,0,0,0,0
https://www.premiershiprugby.com/match-centre/288973/team-stats,288973,1011,202501,Gloucester Rugby,home,237895,Mike Austin,sub 6,21,0,0,0,0,0,0,0,0,0,,0,0,0,0,0,0,0,0,0,0,0,0,0
https://www.premiershiprugby.com/match-centre/288973/team-stats,288973,1011,202501,Gloucester Rugby,home,133163,Tomos Williams,scrum half,9,80,0,10,8,1,0,89,1,2,,0,3,1,0,16,0,0,0,0,0,0,0,0
https://www.premiershiprugby.com/match-centre/288973/team-stats,288973,1011,202501,Gloucester Rugby,home,244523,Jack Cotgreave,sub 8,23,14,0,6,3,0,0,0,0,0,,0,1,0,0,0,0,0,0,0,0,0,0,0
https://www.premiershiprugby.com/match-centre/288973/team-stats,288973,1011,202501,Gloucester Rugby,home,123243,Charlie Atkinson,fly half,10,80,1,37,14,4,1,27,1,0,,5,5,1,0,4,0,0,0,0,0,1,0,0
https://www.premiershiprugby.com/match-centre/288973/team-stats,288973,1011,202501,Gloucester Rugby,home,109648,Seb Atkinson,inside centre,12,80,1,63,17,4,2,8,1,3,,5,7,2,2,2,0,0,0,0,0,0,0,0
https://www.premiershiprugby.com/match-centre/288973/team-stats,288973,1011,202501,Gloucester Rugby,home,189971,Ciaran Knight,sub 2,17,10,0,0,1,0,0,0,0,0,,0,7,1,0,0,0,0,0,0,0,2,0,1
https://www.premiershiprugby.com/match-centre/288973/team-stats,288973,1011,202501,Gloucester Rugby,home,133265,George Barton,full back,15,80,0,55,9,4,1,3,0,2,,6,3,2,0,2,3,0,0,1,0,0,0,0
https://www.premiershiprugby.com/match-centre/288973/team-stats,288973,1011,202501,Gloucester Rugby,home,201234,Kirill Gotovtsev,sub 3,18,31,0,0,4,1,0,1,0,0,,0,4,2,0,0,0,0,0,0,0,0,0,0
https://www.premiershiprugby.com/match-centre/288973/team-stats,288973,1011,202501,Gloucester Rugby,home,242961,George Knowles,sub 1,16,9,0,0,0,0,0,1,0,0,,0,3,0,0,0,0,0,0,0,0,0,0,0
https://www.premiershiprugby.com/match-centre/288973/team-stats,288973,1011,202501,Gloucester Rugby,home,104022,Will Trenholm,number eight,8,74,0,30,24,2,0,5,0,1,,0,14,1,0,0,0,0,0,2,0,1,0,0
https://www.premiershiprugby.com/match-centre/288973/team-stats,288973,1011,202501,Gloucester Rugby,home,102295,Josiah Edwards-Giraud,outside centre,13,80,0,33,7,2,1,1,1,0,,0,7,3,1,0,0,0,0,0,0,0,0,0
https://www.premiershiprugby.com/match-centre/288973/team-stats,288973,1011,202501,Gloucester Rugby,home,209756,Lewis Ludlow,flanker,7,80,0,12,3,0,1,3,1,0,,0,7,3,1,0,0,0,0,1,0,2,0,0
https://www.premiershiprugby.com/match-centre/288973/team-stats,288973,1011,202501,Gloucester Rugby,home,239418,Afolabi Fasogbon,tighthead prop,3,49,1,2,3,0,0,1,0,0,,5,3,1,1,0,0,0,0,0,0,0,0,0
https://www.premiershiprugby.com/match-centre/288973/team-stats,288973,1011,202501,Gloucester Rugby,home,213184,Val Rapava Ruskin,loosehead prop,1,68,1,5,10,4,0,6,0,1,,5,5,0,1,0,0,0,0,0,0,5,0,0
https://www.premiershiprugby.com/match-centre/288973/team-stats,288973,1011,202501,Gloucester Rugby,home,204384,Will Crane,hooker,2,71,0,1,5,0,0,3,0,0,,0,12,1,0,0,0,0,0,0,0,1,0,0
https://www.premiershiprugby.com/match-centre/288973/team-stats,288973,1011,202501,Gloucester Rugby,home,117823,Matias Alemanno,second row,5,80,0,3,5,0,0,4,0,1,,0,13,0,0,0,0,0,0,7,2,0,0,0
https://www.premiershiprugby.com/match-centre/288973/team-stats,288973,1011,202501,Bath Rugby,away,175011,Max Ojomoh,inside centre,12,80,0,17,6,1,0,6,0,1,,0,7,1,0,0,0,0,0,0,0,0,0,0
https://www.premiershiprugby.com/match-centre/288973/team-stats,288973,1011,202501,Bath Rugby,away,104322,Sam Underhill,sub 8,23,29,0,15,6,1,0,0,0,0,,0,3,2,0,0,0,0,0,0,0,0,0,0
https://www.premiershiprugby.com/match-centre/288973/team-stats,288973,1011,202501,Bath Rugby,away,123233,Ethan Staddon,flanker,7,51,0,0,0,0,0,2,0,0,,0,15,4,1,0,0,0,0,3,0,1,0,0
https://www.premiershiprugby.com/match-centre/288973/team-stats,288973,1011,202501,Bath Rugby,away,187169,Archie Griffin,tighthead prop,3,51,0,6,2,0,0,0,0,1,,0,18,1,0,0,0,0,0,0,0,2,0,0
https://www.premiershiprugby.com/match-centre/288973/team-stats,288973,1011,202501,Bath Rugby,away,239297,Arthur Green,number eight,8,31,0,19,5,2,1,4,2,0,,0,5,2,0,0,0,0,0,0,0,0,0,0
https://www.premiershiprugby.com/match-centre/288973/team-stats,288973,1011,202501,Bath Rugby,away,157863,Finn Russell,fly half,10,80,1,62,10,2,0,12,0,0,,15,12,3,0,1,2,2,0,0,0,0,0,0
https://www.premiershiprugby.com/match-centre/288973/team-stats,288973,1011,202501,Bath Rugby,away,103625,Dan Frost,hooker,2,51,1,37,3,2,1,0,0,0,,5,14,1,2,0,0,0,0,0,0,1,0,0
https://www.premiershiprugby.com/match-centre/288973/team-stats,288973,1011,202501,Bath Rugby,away,161516,Henry Arundell,sub 7,22,18,0,0,0,0,0,0,0,0,,0,4,1,0,0,0,0,0,0,0,0,0,0
https://www.premiershiprugby.com/match-centre/288973/team-stats,288973,1011,202501,Bath Rugby,away,112684,Guy Pepper,sub 5,20,38,1,30,10,2,0,2,1,0,,5,7,0,2,1,0,0,0,0,0,1,0,1
https://www.premiershiprugby.com/match-centre/288973/team-stats,288973,1011,202501,Bath Rugby,away,130283,Beno Obano,sub 2,17,29,0,4,4,1,0,2,0,1,,0,7,0,0,0,0,0,0,0,0,1,0,0
https://www.premiershiprugby.com/match-centre/288973/team-stats,288973,1011,202501,Bath Rugby,away,196656,Chris Harris,outside centre,13,62,0,12,3,2,0,1,0,1,,0,8,1,0,0,0,0,0,0,0,0,0,0
https://www.premiershiprugby.com/match-centre/288973/team-stats,288973,1011,202501,Bath Rugby,away,111662,Ben Spencer,scrum half,9,71,0,28,3,1,1,28,0,3,,0,2,0,0,12,0,0,0,0,0,0,0,0
https://www.premiershiprugby.com/match-centre/288973/team-stats,288973,1011,202501,Bath Rugby,away,160272,Will Muir,left wing,11,80,0,44,5,2,0,0,0,1,,0,7,3,0,1,0,0,0,0,0,0,0,0
https://www.premiershiprugby.com/match-centre/288973/team-stats,288973,1011,202501,Bath Rugby,away,243059,Kepu Tuipulotu,sub 1,16,29,0,3,6,0,0,0,0,1,,0,7,0,0,0,0,0,0,0,0,0,0,0
https://www.premiershiprugby.com/match-centre/288973/team-stats,288973,1011,202501,Bath Rugby,away,184945,Ted Hill,second row,4,78,0,7,11,1,0,2,1,2,,0,9,5,0,0,0,0,0,1,0,2,0,0
https://www.premiershiprugby.com/match-centre/288973/team-stats,288973,1011,202501,Bath Rugby,away,116821,Francois van Wyk,loosehead prop,1,51,0,0,0,0,0,0,0,0,,0,11,1,0,0,0,0,0,0,0,1,0,0
https://www.premiershiprugby.com/match-centre/288973/team-stats,288973,1011,202501,Bath Rugby,away,236951,Bernard van der Linde,sub 6,21,9,0,0,0,0,0,6,0,0,,0,4,0,0,1,0,0,0,0,0,0,0,0
https://www.premiershiprugby.com/match-centre/288973/team-stats,288973,1011,202501,Bath Rugby,away,104572,Thomas du Toit,sub 3,18,29,0,14,6,1,0,1,0,1,,0,2,0,1,0,0,0,0,0,0,0,0,0
https://www.premiershiprugby.com/match-centre/288973/team-stats,288973,1011,202501,Bath Rugby,away,203360,Quinn Roux,second row,5,53,0,5,1,1,0,1,0,1,,0,13,2,0,0,0,0,0,1,0,0,0,0
https://www.premiershiprugby.com/match-centre/288973/team-stats,288973,1011,202501,Bath Rugby,away,196415,Charlie Ewels,sub 4,19,29,0,2,2,0,0,1,0,0,,0,5,0,0,0,0,0,0,2,0,0,0,0
https://www.premiershiprugby.com/match-centre/288973/team-stats,288973,1011,202501,Bath Rugby,away,100192,Josh Bayliss,flanker,6,80,0,49,14,4,1,2,0,2,,0,11,0,0,0,0,0,0,3,1,0,0,0
https://www.premiershiprugby.com/match-centre/288973/team-stats,288973,1011,202501,Bath Rugby,away,189982,Santiago Carreras,full back,15,80,0,115,11,3,2,7,0,0,,0,3,3,1,4,0,0,0,0,0,0,0,0
https://www.premiershiprugby.com/match-centre/288973/team-stats,288973,1011,202501,Bath Rugby,away,233245,Louie Hennessey,right wing,14,80,1,25,8,2,1,2,1,1,,5,5,1,0,0,0,0,0,0,0,0,0,0
https://www.premiershiprugby.com/match-centre/288977/team-stats,288977,1011,202501,Bath Rugby,home,175011,Max Ojomoh,inside centre,12,80,0,20,4,3,0,7,1,1,,0,8,2,1,0,0,0,0,0,0,0,0,0
https://www.premiershiprugby.com/match-centre/288977/team-stats,288977,1011,202501,Bath Rugby,home,104322,Sam Underhill,sub 8,23,27,0,4,2,2,0,1,0,0,,0,8,1,1,0,0,0,0,2,0,0,0,0
https://www.premiershiprugby.com/match-centre/288977/team-stats,288977,1011,202501,Bath Rugby,home,187169,Archie Griffin,tighthead prop,3,53,0,7,7,0,0,2,0,1,,0,11,2,0,0,0,0,0,0,0,1,0,0
https://www.premiershiprugby.com/match-centre/288977/team-stats,288977,1011,202501,Bath Rugby,home,157863,Finn Russell,fly half,10,80,0,45,2,1,1,17,0,1,,17,6,9,0,6,7,1,0,1,0,1,0,0
https://www.premiershiprugby.com/match-centre/288977/team-stats,288977,1011,202501,Bath Rugby,home,195208,Miles Reid,flanker,7,53,0,1,1,0,0,2,0,1,,0,13,1,2,0,0,0,0,2,0,0,0,0
https://www.premiershiprugby.com/match-centre/288977/team-stats,288977,1011,202501,Bath Rugby,home,161516,Henry Arundell,right wing,14,80,2,125,3,2,3,0,0,1,,10,2,3,0,2,0,0,0,0,0,0,0,0
https://www.premiershiprugby.com/match-centre/288977/team-stats,288977,1011,202501,Bath Rugby,home,131724,Ollie Lawrence,outside centre,13,80,0,62,11,3,1,5,0,1,,0,11,1,1,2,0,0,0,0,0,0,0,0
https://www.premiershiprugby.com/match-centre/288977/team-stats,288977,1011,202501,Bath Rugby,home,145484,Alfie Barbeary,number eight,8,53,1,33,10,6,0,0,0,1,,5,9,2,0,0,0,0,0,0,0,0,0,0
https://www.premiershiprugby.com/match-centre/288977/team-stats,288977,1011,202501,Bath Rugby,home,112684,Guy Pepper,sub 5,20,27,1,6,4,3,1,0,0,0,,5,9,1,0,0,0,0,0,0,0,0,0,0
https://www.premiershiprugby.com/match-centre/288977/team-stats,288977,1011,202501,Bath Rugby,home,130283,Beno Obano,loosehead prop,1,79,0,9,6,2,1,3,0,2,,0,11,2,0,0,0,0,0,0,0,2,0,0
https://www.premiershiprugby.com/match-centre/288977/team-stats,288977,1011,202501,Bath Rugby,home,111662,Ben Spencer,scrum half,9,62,1,49,4,0,1,42,0,1,,5,6,2,0,8,0,0,0,0,0,0,0,0
https://www.premiershiprugby.com/match-centre/288977/team-stats,288977,1011,202501,Bath Rugby,home,160272,Will Muir,left wing,11,80,1,71,13,4,3,4,2,1,,5,4,1,0,1,0,0,0,0,0,1,0,0
https://www.premiershiprugby.com/match-centre/288977/team-stats,288977,1011,202501,Bath Rugby,home,243059,Kepu Tuipulotu,sub 1,16,27,1,17,3,2,1,3,0,0,,5,4,1,1,0,0,0,0,0,0,1,0,0
https://www.premiershiprugby.com/match-centre/288977/team-stats,288977,1011,202501,Bath Rugby,home,225778,Tom Dunn,hooker,2,53,0,6,5,0,0,0,0,0,,0,14,1,0,0,0,0,0,0,0,1,0,0
https://www.premiershiprugby.com/match-centre/288977/team-stats,288977,1011,202501,Bath Rugby,home,184945,Ted Hill,sub 4,19,27,0,30,1,1,1,3,0,1,,0,3,1,0,0,0,0,0,0,0,0,0,0
https://www.premiershiprugby.com/match-centre/288977/team-stats,288977,1011,202501,Bath Rugby,home,116821,Francois van Wyk,sub 2,17,1,0,0,0,0,0,0,0,0,,0,0,0,0,0,0,0,0,0,0,0,0,0
https://www.premiershiprugby.com/match-centre/288977/team-stats,288977,1011,202501,Bath Rugby,home,236951,Bernard van der Linde,sub 6,21,18,1,54,1,1,1,6,0,0,,5,1,1,1,3,0,0,0,0,0,0,0,0
https://www.premiershiprugby.com/match-centre/288977/team-stats,288977,1011,202501,Bath Rugby,home,104572,Thomas du Toit,sub 3,18,27,0,0,0,0,0,0,0,0,,0,8,0,0,0,0,0,0,0,0,1,0,0
https://www.premiershiprugby.com/match-centre/288977/team-stats,288977,1011,202501,Bath Rugby,home,203360,Quinn Roux,second row,4,53,0,0,2,1,0,1,0,0,,0,7,2,0,0,0,0,0,2,0,0,0,0
https://www.premiershiprugby.com/match-centre/288977/team-stats,288977,1011,202501,Bath Rugby,home,196415,Charlie Ewels,second row,5,80,0,0,3,0,0,3,0,1,,0,17,2,1,0,0,0,0,3,0,1,0,0
https://www.premiershiprugby.com/match-centre/288977/team-stats,288977,1011,202501,Bath Rugby,home,100192,Josh Bayliss,flanker,6,80,1,102,12,8,3,3,1,2,,5,12,2,1,0,0,0,0,4,0,1,0,0
https://www.premiershiprugby.com/match-centre/288977/team-stats,288977,1011,202501,Bath Rugby,home,153790,Tom de Glanville,full back,15,53,0,7,1,0,0,2,0,0,,0,1,2,0,1,0,0,0,0,0,0,0,0
https://www.premiershiprugby.com/match-centre/288977/team-stats,288977,1011,202501,Bath Rugby,home,189982,Santiago Carreras,sub 7,22,27,0,2,2,0,0,3,1,1,,0,0,0,0,0,0,0,0,0,0,0,0,0
https://www.premiershiprugby.com/match-centre/288977/team-stats,288977,1011,202501,Saracens,away,170435,Rotimi Segun,left wing,11,52,0,17,3,3,0,1,0,1,,0,2,1,0,0,0,0,0,0,0,1,0,0
https://www.premiershiprugby.com/match-centre/288977/team-stats,288977,1011,202501,Saracens,away,183874,Elliot Daly,full back,15,80,0,56,13,3,1,10,1,3,,0,2,2,0,6,0,0,0,0,0,0,0,0
https://www.premiershiprugby.com/match-centre/288977/team-stats,288977,1011,202501,Saracens,away,229505,Lucio Cinti,outside centre,13,80,0,27,8,3,1,3,1,2,,0,5,1,0,0,0,0,0,0,0,0,0,0
https://www.premiershiprugby.com/match-centre/288977/team-stats,288977,1011,202501,Saracens,away,179047,Owen Farrell,fly half,10,80,0,15,7,2,0,26,2,1,,5,3,5,0,7,1,1,0,0,0,0,0,0
https://www.premiershiprugby.com/match-centre/288977/team-stats,288977,1011,202501,Saracens,away,239493,Alex O'Driscoll,sub 2,17,18,0,0,4,0,0,1,0,0,,0,1,1,0,0,0,0,0,0,0,0,0,0
https://www.premiershiprugby.com/match-centre/288977/team-stats,288977,1011,202501,Saracens,away,209612,Ben Earl,sub 5,20,31,0,36,8,2,3,3,0,0,,0,0,1,0,0,0,0,0,0,0,0,0,0
https://www.premiershiprugby.com/match-centre/288977/team-stats,288977,1011,202501,Saracens,away,211692,Max Malins,sub 8,23,28,0,0,3,0,0,5,2,1,,0,3,2,0,0,0,0,0,0,0,0,0,0
https://www.premiershiprugby.com/match-centre/288977/team-stats,288977,1011,202501,Saracens,away,152009,Andy Onyeama-Christie,sub 4,19,23,0,1,3,1,0,3,1,0,,0,2,0,0,0,0,0,0,0,0,0,0,0
https://www.premiershiprugby.com/match-centre/288977/team-stats,288977,1011,202501,Saracens,away,103821,Eroni Mawi,loosehead prop,1,62,0,6,9,0,0,2,0,0,,0,9,4,0,0,0,0,0,0,0,1,0,0
https://www.premiershiprugby.com/match-centre/288977/team-stats,288977,1011,202501,Saracens,away,111794,Theo Dan,hooker,2,62,0,54,14,4,1,2,0,1,,0,8,4,0,0,0,0,0,0,0,3,0,1
https://www.premiershiprugby.com/match-centre/288977/team-stats,288977,1011,202501,Saracens,away,147091,Juan Martin Gonzalez,flanker,7,40,0,8,3,0,1,1,0,0,,0,5,1,0,0,0,0,0,1,0,0,0,0
https://www.premiershiprugby.com/match-centre/288977/team-stats,288977,1011,202501,Saracens,away,107059,Marco Riccioni,sub 3,18,29,0,0,2,0,0,2,0,0,,0,0,0,0,0,0,0,0,0,0,0,0,0
https://www.premiershiprugby.com/match-centre/288977/team-stats,288977,1011,202501,Saracens,away,185080,Ivan van Zyl,scrum half,9,69,0,29,4,1,1,82,0,2,,0,4,1,2,6,0,0,0,0,0,0,0,0
https://www.premiershiprugby.com/match-centre/288977/team-stats,288977,1011,202501,Saracens,away,204054,Tobias Elliott,right wing,14,80,2,65,12,5,4,3,2,1,,10,5,2,0,1,0,0,0,0,0,0,0,0
https://www.premiershiprugby.com/match-centre/288977/team-stats,288977,1011,202501,Saracens,away,160437,Marcus Street,tighthead prop,3,51,0,2,3,0,0,1,0,0,,0,7,0,0,0,0,0,0,0,0,0,0,0
https://www.premiershiprugby.com/match-centre/288977/team-stats,288977,1011,202501,Saracens,away,237366,Theo McFarland,flanker,6,80,0,49,11,1,1,5,4,1,,0,10,3,3,0,0,0,0,4,0,5,0,0
https://www.premiershiprugby.com/match-centre/288977/team-stats,288977,1011,202501,Saracens,away,104921,Nick Tompkins,inside centre,12,57,0,45,6,3,1,6,0,0,,0,6,0,0,0,0,0,0,0,0,1,0,0
https://www.premiershiprugby.com/match-centre/288977/team-stats,288977,1011,202501,Saracens,away,144473,James Hadfield,sub 1,16,13,0,1,2,0,0,1,0,0,,0,1,0,1,0,0,0,0,0,0,0,0,0
https://www.premiershiprugby.com/match-centre/288977/team-stats,288977,1011,202501,Saracens,away,177055,Gareth Simpson,sub 6,21,11,0,15,1,2,1,14,0,1,,0,0,0,0,1,0,0,0,0,0,0,0,0
https://www.premiershiprugby.com/match-centre/288977/team-stats,288977,1011,202501,Saracens,away,214751,Nick Isiekwe,second row,4,80,0,13,5,1,1,2,0,0,,0,12,3,0,0,0,0,0,5,0,3,0,0
https://www.premiershiprugby.com/match-centre/288977/team-stats,288977,1011,202501,Saracens,away,198623,Hugh Tizard,second row,5,74,0,12,6,0,0,1,0,0,,0,13,4,0,0,0,0,0,2,0,0,0,0
https://www.premiershiprugby.com/match-centre/288977/team-stats,288977,1011,202501,Saracens,away,177536,Tom Willis,number eight,8,67,0,14,13,6,0,2,1,1,,0,10,3,1,0,0,0,0,1,0,0,0,0
https://www.premiershiprugby.com/match-centre/288977/team-stats,288977,1011,202501,Saracens,away,136509,Fergus Burke,sub 7,22,23,0,12,6,2,1,10,0,0,,0,0,1,0,0,0,0,0,0,0,0,0,0
https://www.premiershiprugby.com/match-centre/288985/team-stats,288985,1011,202501,Sale Sharks,home,212196,Rekeiti Ma'asi-White,inside centre,12,80,0,33,9,0,1,6,0,1,,0,15,3,2,1,0,0,0,1,0,0,0,0
https://www.premiershiprugby.com/match-centre/288985/team-stats,288985,1011,202501,Sale Sharks,home,242916,Jos Gilmore,sub 5,20,8,0,6,3,0,0,1,0,0,,0,0,0,0,0,0,0,0,0,0,0,0,0
https://www.premiershiprugby.com/match-centre/288985/team-stats,288985,1011,202501,Sale Sharks,home,212707,Ernst van Rhyn,second row,4,80,0,13,7,1,0,3,0,2,,0,17,2,0,0,0,0,0,5,0,1,0,0
https://www.premiershiprugby.com/match-centre/288985/team-stats,288985,1011,202501,Sale Sharks,home,216069,Tom O'Flaherty,left wing,11,80,1,33,8,4,1,4,0,2,,5,2,2,0,0,0,0,0,0,0,0,0,0
https://www.premiershiprugby.com/match-centre/288985/team-stats,288985,1011,202501,Sale Sharks,home,160844,Raffi Quirke,scrum half,9,60,0,1,7,1,0,41,1,1,,0,3,1,2,6,0,0,0,0,0,0,0,0
https://www.premiershiprugby.com/match-centre/288985/team-stats,288985,1011,202501,Sale Sharks,home,149322,Tom Roebuck,right wing,14,80,1,27,10,6,1,4,0,1,,5,8,1,1,0,0,0,0,0,0,1,0,0
https://www.premiershiprugby.com/match-centre/288985/team-stats,288985,1011,202501,Sale Sharks,home,169770,Dan du Preez,sub 4,19,23,0,12,8,2,0,2,0,0,,0,6,0,0,0,0,0,0,0,0,0,0,0
https://www.premiershiprugby.com/match-centre/288985/team-stats,288985,1011,202501,Sale Sharks,home,243055,Ralph McEachran,sub 2,17,20,0,0,0,0,0,0,0,0,,0,8,0,0,0,0,0,0,0,0,0,0,0
https://www.premiershiprugby.com/match-centre/288985/team-stats,288985,1011,202501,Sale Sharks,home,100557,Gus Warr,sub 6,21,20,0,0,2,0,0,18,0,3,,0,1,1,0,1,0,0,0,0,0,0,0,0
https://www.premiershiprugby.com/match-centre/288985/team-stats,288985,1011,202501,Sale Sharks,home,102642,George Ford,fly half,10,80,0,6,8,2,0,33,0,1,,6,10,2,0,7,3,0,0,0,0,0,0,0
https://www.premiershiprugby.com/match-centre/288985/team-stats,288985,1011,202501,Sale Sharks,home,172979,Jacques Vermeulen,number eight,8,80,0,8,6,2,0,4,0,0,,0,18,3,0,1,0,0,0,3,0,0,0,0
https://www.premiershiprugby.com/match-centre/288985/team-stats,288985,1011,202501,Sale Sharks,home,109874,Ethan Caine,sub 1,16,20,0,2,2,0,0,0,0,0,,0,10,2,0,0,0,0,0,0,0,0,0,0
https://www.premiershiprugby.com/match-centre/288985/team-stats,288985,1011,202501,Sale Sharks,home,239473,Tye Raymont,sub 3,18,20,0,4,1,2,0,0,0,0,,0,7,0,0,0,0,0,0,0,0,1,0,0
https://www.premiershiprugby.com/match-centre/288985/team-stats,288985,1011,202501,Sale Sharks,home,199800,Rob du Preez,outside centre,13,42,1,10,6,1,0,7,0,0,,5,4,1,0,0,0,0,0,0,0,0,0,0
https://www.premiershiprugby.com/match-centre/288985/team-stats,288985,1011,202501,Sale Sharks,home,203831,Joe Carpenter,full back,15,80,0,54,12,1,0,3,1,1,,0,4,2,0,0,0,0,0,0,0,1,0,0
https://www.premiershiprugby.com/match-centre/288985/team-stats,288985,1011,202501,Sale Sharks,home,205975,Sam Dugdale,flanker,6,57,0,2,1,0,0,1,0,0,,0,21,0,1,0,0,0,0,0,0,0,0,0
https://www.premiershiprugby.com/match-centre/288985/team-stats,288985,1011,202501,Sale Sharks,home,145720,Nathan Jibulu,flanker,7,72,0,7,2,0,0,1,0,1,,0,28,2,0,0,0,0,0,0,0,3,0,0
https://www.premiershiprugby.com/match-centre/288985/team-stats,288985,1011,202501,Sale Sharks,home,239510,Alex Wills,sub 8,23,0,0,0,0,0,0,0,0,0,,0,0,0,0,0,0,0,0,0,0,0,0,0
https://www.premiershiprugby.com/match-centre/288985/team-stats,288985,1011,202501,Sale Sharks,home,123738,James Harper,tighthead prop,3,60,0,0,4,1,0,1,0,0,,0,7,0,0,0,0,0,0,0,0,1,0,0
https://www.premiershiprugby.com/match-centre/288985/team-stats,288985,1011,202501,Sale Sharks,home,131065,Ben Bamber,second row,5,80,0,2,3,0,0,3,0,0,,0,18,1,0,0,0,0,0,4,0,0,0,0
https://www.premiershiprugby.com/match-centre/288985/team-stats,288985,1011,202501,Sale Sharks,home,106142,Luke Cowan-Dickie,hooker,2,60,1,6,8,0,0,1,0,0,,5,14,0,0,0,0,0,0,0,0,1,0,0
https://www.premiershiprugby.com/match-centre/288985/team-stats,288985,1011,202501,Sale Sharks,home,165469,Marius Louw,sub 7,22,38,0,7,2,0,0,5,0,0,,0,5,0,0,1,0,0,0,0,0,0,0,0
https://www.premiershiprugby.com/match-centre/288985/team-stats,288985,1011,202501,Sale Sharks,home,158302,Bevan Rodd,loosehead prop,1,60,0,7,6,0,0,2,1,1,,0,11,1,0,1,0,0,0,0,0,0,0,0
https://www.premiershiprugby.com/match-centre/288985/team-stats,288985,1011,202501,Bath Rugby,away,123233,Ethan Staddon,flanker,7,80,1,16,9,0,0,4,1,0,,5,12,1,0,0,0,0,0,5,0,1,0,0
https://www.premiershiprugby.com/match-centre/288985/team-stats,288985,1011,202501,Bath Rugby,away,156834,Tom Carr-Smith,scrum half,9,60,0,4,4,1,0,59,0,0,,0,4,1,0,14,0,0,0,0,0,1,0,0
https://www.premiershiprugby.com/match-centre/288985/team-stats,288985,1011,202501,Bath Rugby,away,195208,Miles Reid,number eight,8,51,0,26,7,0,0,0,0,1,,0,5,1,0,0,0,0,0,0,0,0,0,0
https://www.premiershiprugby.com/match-centre/288985/team-stats,288985,1011,202501,Bath Rugby,away,179563,Joe Cokanasiga,right wing,14,70,0,37,5,2,0,1,1,0,,0,4,3,0,0,0,0,0,0,0,1,0,1
https://www.premiershiprugby.com/match-centre/288985/team-stats,288985,1011,202501,Bath Rugby,away,154219,Cameron Redpath,inside centre,12,80,0,11,10,3,0,10,1,1,,0,10,3,1,0,0,0,0,0,0,1,0,0
https://www.premiershiprugby.com/match-centre/288985/team-stats,288985,1011,202501,Bath Rugby,away,103625,Dan Frost,hooker,2,49,1,9,5,1,0,1,0,2,,5,13,2,0,0,0,0,0,0,0,2,0,1
https://www.premiershiprugby.com/match-centre/288985/team-stats,288985,1011,202501,Bath Rugby,away,145484,Alfie Barbeary,sub 8,23,20,1,33,7,2,1,0,0,1,,5,5,0,1,0,0,0,0,0,0,1,0,0
https://www.premiershiprugby.com/match-centre/288985/team-stats,288985,1011,202501,Bath Rugby,away,130283,Beno Obano,sub 2,17,46,0,2,8,2,0,3,0,0,,0,7,0,0,0,0,0,0,0,0,0,0,0
https://www.premiershiprugby.com/match-centre/288985/team-stats,288985,1011,202501,Bath Rugby,away,196656,Chris Harris,sub 7,22,20,0,0,0,0,0,2,0,0,,0,1,1,0,0,0,0,0,0,0,0,0,0
https://www.premiershiprugby.com/match-centre/288985/team-stats,288985,1011,202501,Bath Rugby,away,160272,Will Muir,left wing,11,60,0,20,8,1,0,2,0,2,,0,4,2,0,1,0,0,0,0,0,0,0,0
https://www.premiershiprugby.com/match-centre/288985/team-stats,288985,1011,202501,Bath Rugby,away,243059,Kepu Tuipulotu,sub 1,16,29,0,21,13,4,1,2,1,0,,0,3,0,0,1,0,0,0,0,0,0,0,0
https://www.premiershiprugby.com/match-centre/288985/team-stats,288985,1011,202501,Bath Rugby,away,184945,Ted Hill,flanker,6,80,0,10,13,1,0,9,1,1,,0,7,0,0,0,0,0,0,4,0,0,0,0
https://www.premiershiprugby.com/match-centre/288985/team-stats,288985,1011,202501,Bath Rugby,away,105205,Ross Molony,second row,5,65,0,1,5,0,0,3,0,0,,0,7,0,0,0,0,0,0,2,0,0,0,0
https://www.premiershiprugby.com/match-centre/288985/team-stats,288985,1011,202501,Bath Rugby,away,236951,Bernard van der Linde,sub 6,21,20,1,31,2,2,1,11,0,0,,5,5,0,0,4,0,0,0,0,0,0,0,0
https://www.premiershiprugby.com/match-centre/288985/team-stats,288985,1011,202501,Bath Rugby,away,217750,Ewan Richards,sub 5,20,27,0,1,4,0,0,1,0,0,,0,6,1,0,0,0,0,0,1,1,0,0,0
https://www.premiershiprugby.com/match-centre/288985/team-stats,288985,1011,202501,Bath Rugby,away,239292,Billy Sela,tighthead prop,3,34,0,0,1,0,0,0,0,0,,0,0,0,0,0,0,0,0,0,0,1,0,0
https://www.premiershiprugby.com/match-centre/288985/team-stats,288985,1011,202501,Bath Rugby,away,104572,Thomas du Toit,sub 3,18,46,0,3,11,0,0,0,0,0,,0,11,1,1,0,0,0,0,0,0,0,0,0
https://www.premiershiprugby.com/match-centre/288985/team-stats,288985,1011,202501,Bath Rugby,away,240057,Scott Kirk,loosehead prop,1,34,0,0,1,0,0,1,0,0,,0,3,0,0,0,0,0,0,0,0,1,0,0
https://www.premiershiprugby.com/match-centre/288985/team-stats,288985,1011,202501,Bath Rugby,away,196415,Charlie Ewels,sub 4,19,15,0,0,2,0,0,0,0,0,,0,8,2,0,0,0,0,0,0,0,0,0,0
https://www.premiershiprugby.com/match-centre/288985/team-stats,288985,1011,202501,Bath Rugby,away,239294,Will Jeanes,second row,4,53,0,4,12,0,0,0,0,0,,0,4,2,0,0,0,0,0,1,0,1,0,0
https://www.premiershiprugby.com/match-centre/288985/team-stats,288985,1011,202501,Bath Rugby,away,153790,Tom de Glanville,full back,15,80,0,15,4,0,0,2,0,1,,0,2,0,3,1,0,0,0,0,0,0,0,0
https://www.premiershiprugby.com/match-centre/288985/team-stats,288985,1011,202501,Bath Rugby,away,233245,Louie Hennessey,outside centre,13,80,1,18,10,4,2,2,1,1,,5,6,1,0,0,0,0,0,0,0,0,0,0
https://www.premiershiprugby.com/match-centre/288985/team-stats,288985,1011,202501,Bath Rugby,away,189982,Santiago Carreras,fly half,10,80,0,18,10,1,0,17,0,5,,6,7,2,2,10,3,0,0,0,0,0,0,0
https://www.premiershiprugby.com/match-centre/288987/team-stats,288987,1011,202501,Bath Rugby,home,175011,Max Ojomoh,inside centre,12,80,0,21,9,0,0,13,1,0,,0,5,2,0,0,0,0,0,0,0,0,0,0
https://www.premiershiprugby.com/match-centre/288987/team-stats,288987,1011,202501,Bath Rugby,home,156834,Tom Carr-Smith,scrum half,9,53,1,11,4,1,1,39,0,0,,5,4,1,1,9,0,0,0,0,0,0,0,0
https://www.premiershiprugby.com/match-centre/288987/team-stats,288987,1011,202501,Bath Rugby,home,157863,Finn Russell,fly half,10,53,0,26,7,2,1,17,1,3,,6,6,3,0,3,3,0,0,1,0,0,0,0
https://www.premiershiprugby.com/match-centre/288987/team-stats,288987,1011,202501,Bath Rugby,home,195208,Miles Reid,sub 8,23,19,0,6,4,0,0,0,0,0,,0,1,0,0,1,0,0,0,0,0,0,0,0
https://www.premiershiprugby.com/match-centre/288987/team-stats,288987,1011,202501,Bath Rugby,home,179563,Joe Cokanasiga,right wing,14,80,0,49,4,1,0,1,0,3,,0,5,1,2,0,0,0,0,0,0,1,0,0
https://www.premiershiprugby.com/match-centre/288987/team-stats,288987,1011,202501,Bath Rugby,home,131724,Ollie Lawrence,outside centre,13,80,0,41,11,3,0,11,1,2,,0,5,1,1,0,0,0,0,0,0,0,0,0
https://www.premiershiprugby.com/match-centre/288987/team-stats,288987,1011,202501,Bath Rugby,home,161516,Henry Arundell,left wing,11,80,0,5,3,3,0,1,0,1,,0,2,2,0,1,0,0,0,0,0,1,0,0
https://www.premiershiprugby.com/match-centre/288987/team-stats,288987,1011,202501,Bath Rugby,home,145484,Alfie Barbeary,number eight,8,61,0,37,11,3,0,3,1,1,,0,8,2,0,0,0,0,0,1,0,0,0,0
https://www.premiershiprugby.com/match-centre/288987/team-stats,288987,1011,202501,Bath Rugby,home,103625,Dan Frost,sub 1,16,27,0,4,4,1,0,1,1,0,,0,3,0,0,0,0,0,0,0,0,0,0,0
https://www.premiershiprugby.com/match-centre/288987/team-stats,288987,1011,202501,Bath Rugby,home,112684,Guy Pepper,flanker,7,66,1,20,10,0,1,6,2,1,,5,9,0,1,0,0,0,0,3,0,2,0,0
https://www.premiershiprugby.com/match-centre/288987/team-stats,288987,1011,202501,Bath Rugby,home,225778,Tom Dunn,hooker,2,53,1,11,5,0,0,1,0,1,,5,3,3,1,0,0,0,0,0,0,1,0,0
https://www.premiershiprugby.com/match-centre/288987/team-stats,288987,1011,202501,Bath Rugby,home,184945,Ted Hill,flanker,6,80,0,7,5,0,0,2,0,1,,0,6,1,0,0,0,0,0,2,1,2,0,0
https://www.premiershiprugby.com/match-centre/288987/team-stats,288987,1011,202501,Bath Rugby,home,116821,Francois van Wyk,sub 2,17,27,0,0,3,0,0,1,0,0,,0,3,0,0,0,0,0,0,0,0,0,0,0
https://www.premiershiprugby.com/match-centre/288987/team-stats,288987,1011,202501,Bath Rugby,home,105205,Ross Molony,sub 4,19,27,0,1,3,0,0,2,0,0,,0,1,0,1,0,0,0,0,3,0,0,0,0
https://www.premiershiprugby.com/match-centre/288987/team-stats,288987,1011,202501,Bath Rugby,home,236951,Bernard van der Linde,sub 6,21,27,1,30,4,1,1,19,0,1,,5,3,1,0,4,0,0,0,0,0,1,0,0
https://www.premiershiprugby.com/match-centre/288987/team-stats,288987,1011,202501,Bath Rugby,home,217750,Ewan Richards,second row,4,67,1,22,8,0,1,4,0,1,,5,3,1,1,0,0,0,0,3,1,0,0,0
https://www.premiershiprugby.com/match-centre/288987/team-stats,288987,1011,202501,Bath Rugby,home,239292,Billy Sela,tighthead prop,3,53,0,14,2,0,0,0,0,0,,0,3,2,0,0,0,0,0,0,0,1,0,0
https://www.premiershiprugby.com/match-centre/288987/team-stats,288987,1011,202501,Bath Rugby,home,104572,Thomas du Toit,sub 3,18,27,0,2,2,0,0,1,0,0,,0,4,0,0,0,0,0,0,0,0,0,0,0
https://www.premiershiprugby.com/match-centre/288987/team-stats,288987,1011,202501,Bath Rugby,home,240057,Scott Kirk,loosehead prop,1,53,0,13,4,1,0,2,0,0,,0,6,0,0,0,0,0,0,0,0,1,0,0
https://www.premiershiprugby.com/match-centre/288987/team-stats,288987,1011,202501,Bath Rugby,home,196415,Charlie Ewels,second row,5,53,0,4,5,0,0,4,1,0,,0,1,0,0,0,0,0,0,3,0,0,0,0
https://www.premiershiprugby.com/match-centre/288987/team-stats,288987,1011,202501,Bath Rugby,home,100192,Josh Bayliss,sub 5,20,27,1,61,5,2,1,0,0,1,,5,1,0,0,0,0,0,0,0,0,0,0,0
https://www.premiershiprugby.com/match-centre/288987/team-stats,288987,1011,202501,Bath Rugby,home,189982,Santiago Carreras,full back,15,80,2,174,14,5,2,14,0,1,,12,1,1,1,3,1,0,0,0,0,1,0,0
https://www.premiershiprugby.com/match-centre/288987/team-stats,288987,1011,202501,Bath Rugby,home,233245,Louie Hennessey,sub 7,22,27,0,28,3,0,1,1,0,1,,0,0,0,0,1,0,0,0,0,0,0,0,0
https://www.premiershiprugby.com/match-centre/288987/team-stats,288987,1011,202501,Harlequins,away,239587,Ethan Clarke,sub 2,17,25,0,0,1,0,0,1,0,0,,0,4,0,0,0,0,0,0,0,0,1,0,0
https://www.premiershiprugby.com/match-centre/288987/team-stats,288987,1011,202501,Harlequins,away,243138,Ollie Streeter,sub 3,18,30,0,0,0,0,0,0,0,1,,0,5,0,0,0,0,0,0,1,0,1,0,0
https://www.premiershiprugby.com/match-centre/288987/team-stats,288987,1011,202501,Harlequins,away,239649,Zach Carr,sub 5,20,23,0,10,4,0,0,1,0,0,,0,7,0,1,0,0,0,0,0,0,0,0,0
https://www.premiershiprugby.com/match-centre/288987/team-stats,288987,1011,202501,Harlequins,away,138343,Kieran Treadwell,second row,5,50,1,18,1,1,1,0,0,0,,5,3,0,0,0,0,0,0,1,0,2,0,0
https://www.premiershiprugby.com/match-centre/288987/team-stats,288987,1011,202501,Harlequins,away,185447,Jack Musk,sub 1,16,5,0,6,2,0,0,2,0,0,,0,1,0,0,0,0,0,0,0,0,0,0,0
https://www.premiershiprugby.com/match-centre/288987/team-stats,288987,1011,202501,Harlequins,away,145735,Cameron Anderson,sub 8,23,59,0,11,5,0,0,2,1,1,,0,3,1,1,0,0,0,0,0,0,0,0,0
https://www.premiershiprugby.com/match-centre/288987/team-stats,288987,1011,202501,Harlequins,away,180038,Alex Dombrandt,number eight,8,80,0,48,8,4,1,2,0,3,,0,9,2,1,2,0,0,0,0,0,0,0,0
https://www.premiershiprugby.com/match-centre/288987/team-stats,288987,1011,202501,Harlequins,away,128743,Stu Townsend,sub 7,22,56,0,1,2,0,0,35,0,3,,0,2,3,0,5,0,0,0,1,0,0,0,0
https://www.premiershiprugby.com/match-centre/288987/team-stats,288987,1011,202501,Harlequins,away,110793,Cadan Murley,left wing,11,24,0,62,4,2,1,1,0,0,,0,1,0,0,1,0,0,0,0,0,0,0,0
https://www.premiershiprugby.com/match-centre/288987/team-stats,288987,1011,202501,Harlequins,away,248937,Elliot Williams,sub 4,19,30,0,25,5,0,1,0,0,1,,0,6,1,1,0,0,0,0,1,0,0,0,0
https://www.premiershiprugby.com/match-centre/288987/team-stats,288987,1011,202501,Harlequins,away,128592,Joe Jones,tighthead prop,3,50,0,0,0,0,0,0,0,0,,0,7,1,0,0,0,0,0,0,0,0,0,0
https://www.premiershiprugby.com/match-centre/288987/team-stats,288987,1011,202501,Harlequins,away,189326,Marcus Smith,full back,15,80,0,95,13,5,2,11,0,1,,5,2,3,0,8,1,1,0,0,0,0,0,0
https://www.premiershiprugby.com/match-centre/288987/team-stats,288987,1011,202501,Harlequins,away,239604,Sean Kerr,outside centre,13,80,0,14,8,0,0,4,2,1,,0,3,1,1,2,0,0,0,0,0,0,0,0
https://www.premiershiprugby.com/match-centre/288987/team-stats,288987,1011,202501,Harlequins,away,175826,Jack Kenningham,flanker,7,50,0,8,5,1,0,6,0,0,,0,9,1,0,0,0,0,0,0,0,0,0,0
https://www.premiershiprugby.com/match-centre/288987/team-stats,288987,1011,202501,Harlequins,away,240631,Chandler Cunningham-South,second row,4,80,0,15,6,1,1,6,1,2,,0,9,2,0,0,0,0,0,4,0,1,0,0
https://www.premiershiprugby.com/match-centre/288987/team-stats,288987,1011,202501,Harlequins,away,218331,Jarrod Evans,fly half,10,57,0,4,3,1,0,13,0,2,,0,2,1,0,3,0,0,0,0,0,0,0,0
https://www.premiershiprugby.com/match-centre/288987/team-stats,288987,1011,202501,Harlequins,away,215963,Guido Petti,flanker,6,80,0,19,4,2,1,4,1,1,,0,10,2,2,0,0,0,0,9,0,1,0,0
https://www.premiershiprugby.com/match-centre/288987/team-stats,288987,1011,202501,Harlequins,away,137369,Nick David,right wing,14,21,0,6,1,2,0,1,1,0,,0,3,0,0,0,0,0,0,0,0,0,0,0
https://www.premiershiprugby.com/match-centre/288987/team-stats,288987,1011,202501,Harlequins,away,243130,Lucas Friday,scrum half,9,80,0,8,3,0,0,12,0,2,,0,5,3,0,2,0,0,0,0,0,0,0,0
https://www.premiershiprugby.com/match-centre/288987/team-stats,288987,1011,202501,Harlequins,away,114587,Bryn Bradley,inside centre,12,80,1,33,10,1,0,5,0,3,,5,10,1,0,2,0,0,0,1,0,1,0,0
https://www.premiershiprugby.com/match-centre/288987/team-stats,288987,1011,202501,Harlequins,away,109630,Will Hobson,loosehead prop,1,55,0,14,6,0,0,2,0,0,,0,9,0,0,0,0,0,0,0,0,2,0,0
https://www.premiershiprugby.com/match-centre/288987/team-stats,288987,1011,202501,Harlequins,away,218848,George Turner,hooker,2,75,0,26,5,1,0,2,1,1,,0,10,0,1,0,0,0,0,0,0,1,0,0
https://www.premiershiprugby.com/match-centre/288987/team-stats,288987,1011,202501,Harlequins,away,143933,Will Evans,sub 6,21,30,0,0,0,0,0,3,0,0,,0,8,1,1,0,0,0,0,0,0,0,0,0
https://www.premiershiprugby.com/match-centre/288995/team-stats,288995,1011,202501,Northampton Saints,home,193283,Chunya Munga,sub 5,20,5,0,0,0,0,0,0,0,1,,0,0,0,0,0,0,0,0,0,0,0,0,0
https://www.premiershiprugby.com/match-centre/288995/team-stats,288995,1011,202501,Northampton Saints,home,200195,Fraser Dingwall,inside centre,12,80,0,9,6,1,0,10,1,3,,0,7,1,0,0,0,0,0,0,0,0,0,0
https://www.premiershiprugby.com/match-centre/288995/team-stats,288995,1011,202501,Northampton Saints,home,192642,Ollie Sleightholme,left wing,11,70,2,149,10,7,2,1,0,0,,10,5,3,1,1,0,0,0,0,0,0,0,0
https://www.premiershiprugby.com/match-centre/288995/team-stats,288995,1011,202501,Northampton Saints,home,195010,Tom Lockett,second row,4,80,0,7,10,0,0,2,0,1,,0,15,2,0,0,0,0,0,8,1,1,0,0
https://www.premiershiprugby.com/match-centre/288995/team-stats,288995,1011,202501,Northampton Saints,home,168872,Callum Chick,sub 6,21,23,0,1,3,0,0,2,0,0,,0,6,1,0,0,0,0,0,2,0,1,0,0
https://www.premiershiprugby.com/match-centre/288995/team-stats,288995,1011,202501,Northampton Saints,home,127592,Luke Green,tighthead prop,3,55,0,0,0,0,0,0,0,0,,0,11,1,0,0,0,0,0,0,0,0,0,0
https://www.premiershiprugby.com/match-centre/288995/team-stats,288995,1011,202501,Northampton Saints,home,239338,Craig Wright,hooker,2,40,0,7,2,0,0,2,1,0,,0,6,1,0,0,0,0,0,0,0,0,0,0
https://www.premiershiprugby.com/match-centre/288995/team-stats,288995,1011,202501,Northampton Saints,home,123723,Danilo Fischetti,sub 2,17,40,0,1,6,0,0,1,0,0,,0,12,2,0,0,0,0,0,0,0,0,0,0
https://www.premiershiprugby.com/match-centre/288995/team-stats,288995,1011,202501,Northampton Saints,home,187951,Emmanuel Iyogun,loosehead prop,1,40,0,12,4,1,0,0,0,1,,0,5,1,0,0,0,0,0,0,0,0,0,0
https://www.premiershiprugby.com/match-centre/288995/team-stats,288995,1011,202501,Northampton Saints,home,206832,Robbie Smith,sub 1,16,40,0,1,1,0,0,0,0,0,,0,13,2,0,0,0,0,0,0,0,0,0,0
https://www.premiershiprugby.com/match-centre/288995/team-stats,288995,1011,202501,Northampton Saints,home,124493,Ed Prowse,second row,5,55,0,1,5,0,0,5,1,0,,0,12,1,0,0,0,0,0,0,0,1,0,0
https://www.premiershiprugby.com/match-centre/288995/team-stats,288995,1011,202501,Northampton Saints,home,239634,Henry Pollock,number eight,8,80,0,53,15,4,1,10,2,1,,0,11,2,1,1,0,0,0,1,0,0,0,0
https://www.premiershiprugby.com/match-centre/288995/team-stats,288995,1011,202501,Northampton Saints,home,212369,Sam Graham,flanker,7,80,0,34,13,0,1,3,0,1,,0,12,3,3,0,0,0,0,0,0,0,0,0
https://www.premiershiprugby.com/match-centre/288995/team-stats,288995,1011,202501,Northampton Saints,home,239345,Archie McParland,sub 7,22,30,0,3,1,0,1,24,0,0,,0,3,2,0,8,0,0,0,0,0,0,0,0
https://www.premiershiprugby.com/match-centre/288995/team-stats,288995,1011,202501,Northampton Saints,home,177559,Alex Mitchell,scrum half,9,50,0,42,9,0,2,48,0,1,,0,2,2,0,6,0,0,0,0,0,0,0,0
https://www.premiershiprugby.com/match-centre/288995/team-stats,288995,1011,202501,Northampton Saints,home,225654,JJ van der Mescht,sub 4,19,21,0,9,4,0,1,0,0,0,,0,4,0,1,1,0,0,0,0,0,0,0,0
https://www.premiershiprugby.com/match-centre/288995/team-stats,288995,1011,202501,Northampton Saints,home,109816,Rory Hutchinson,sub 8,23,10,0,8,1,0,0,1,0,0,,0,2,0,0,0,0,0,0,0,0,0,0,0
https://www.premiershiprugby.com/match-centre/288995/team-stats,288995,1011,202501,Northampton Saints,home,156918,Tommy Freeman,right wing,14,80,3,134,16,5,5,4,1,5,,15,7,2,1,1,0,0,0,0,0,0,0,0
https://www.premiershiprugby.com/match-centre/288995/team-stats,288995,1011,202501,Northampton Saints,home,166428,Josh Kemeny,flanker,6,57,0,0,4,0,0,0,0,0,,0,10,0,2,1,0,0,0,5,0,0,0,0
https://www.premiershiprugby.com/match-centre/288995/team-stats,288995,1011,202501,Northampton Saints,home,111099,Tom Litchfield,outside centre,13,69,0,87,11,0,3,6,2,1,,0,4,1,0,0,0,0,0,0,0,1,0,1
https://www.premiershiprugby.com/match-centre/288995/team-stats,288995,1011,202501,Northampton Saints,home,137626,Fin Smith,fly half,10,80,1,35,14,4,1,24,2,0,,16,10,3,0,5,4,1,0,0,0,0,0,0
https://www.premiershiprugby.com/match-centre/288995/team-stats,288995,1011,202501,Northampton Saints,home,238687,George Hendy,full back,15,80,0,26,4,0,0,4,1,4,,0,4,3,0,0,0,0,0,0,0,0,0,0
https://www.premiershiprugby.com/match-centre/288995/team-stats,288995,1011,202501,Northampton Saints,home,188766,Cleopas Kundiona,sub 3,18,25,0,10,3,0,0,0,0,0,,0,9,1,1,0,0,0,0,0,0,0,0,0
https://www.premiershiprugby.com/match-centre/288995/team-stats,288995,1011,202501,Bath Rugby,away,104322,Sam Underhill,sub 8,23,30,0,26,3,2,1,1,0,2,,0,9,0,0,0,0,0,0,0,0,0,0,0
https://www.premiershiprugby.com/match-centre/288995/team-stats,288995,1011,202501,Bath Rugby,away,210178,Will Butt,inside centre,12,80,0,11,6,0,1,4,0,1,,0,11,3,0,0,0,0,0,0,0,0,0,0
https://www.premiershiprugby.com/match-centre/288995/team-stats,288995,1011,202501,Bath Rugby,away,187169,Archie Griffin,sub 3,18,30,1,3,2,0,0,0,0,0,,5,6,0,0,0,0,0,0,0,0,1,0,0
https://www.premiershiprugby.com/match-centre/288995/team-stats,288995,1011,202501,Bath Rugby,away,101123,Ciaran Donoghue,fly half,10,80,0,36,10,2,0,10,1,1,,8,4,2,0,7,4,0,0,0,0,0,0,0
https://www.premiershiprugby.com/match-centre/288995/team-stats,288995,1011,202501,Bath Rugby,away,137026,Kieran Verden,tighthead prop,3,50,0,0,4,0,0,0,0,0,,0,8,1,0,0,0,0,0,0,0,1,0,0
https://www.premiershiprugby.com/match-centre/288995/team-stats,288995,1011,202501,Bath Rugby,away,239297,Arthur Green,number eight,8,50,1,23,8,4,1,4,1,2,,5,7,2,0,0,0,0,0,0,0,1,0,0
https://www.premiershiprugby.com/match-centre/288995/team-stats,288995,1011,202501,Bath Rugby,away,156834,Tom Carr-Smith,sub 6,21,69,1,23,6,1,1,59,0,1,,5,1,2,1,16,0,0,0,0,0,0,0,0
https://www.premiershiprugby.com/match-centre/288995/team-stats,288995,1011,202501,Bath Rugby,away,195208,Miles Reid,flanker,7,80,0,22,17,3,1,3,0,0,,0,20,2,1,0,0,0,0,1,0,1,0,0
https://www.premiershiprugby.com/match-centre/288995/team-stats,288995,1011,202501,Bath Rugby,away,103625,Dan Frost,hooker,2,50,0,26,10,2,1,0,0,2,,0,15,1,0,0,0,0,0,0,0,0,0,0
https://www.premiershiprugby.com/match-centre/288995/team-stats,288995,1011,202501,Bath Rugby,away,196656,Chris Harris,outside centre,13,80,0,71,9,3,2,1,1,2,,0,7,1,0,2,0,0,0,0,0,1,0,0
https://www.premiershiprugby.com/match-centre/288995/team-stats,288995,1011,202501,Bath Rugby,away,160272,Will Muir,left wing,11,69,0,31,7,4,2,1,1,2,,0,4,2,0,1,0,0,0,0,0,1,0,1
https://www.premiershiprugby.com/match-centre/288995/team-stats,288995,1011,202501,Bath Rugby,away,243059,Kepu Tuipulotu,sub 1,16,30,1,25,5,1,0,0,0,1,,5,4,0,0,0,0,0,0,1,1,0,0,0
https://www.premiershiprugby.com/match-centre/288995/team-stats,288995,1011,202501,Bath Rugby,away,248883,Sam Winters,sub 7,22,1,0,0,0,0,0,0,0,0,,0,0,0,0,0,0,0,0,0,0,0,0,0
https://www.premiershiprugby.com/match-centre/288995/team-stats,288995,1011,202501,Bath Rugby,away,184945,Ted Hill,sub 5,20,30,0,5,5,0,0,2,0,0,,0,3,0,0,0,0,0,0,2,0,0,0,0
https://www.premiershiprugby.com/match-centre/288995/team-stats,288995,1011,202501,Bath Rugby,away,236951,Bernard van der Linde,scrum half,9,11,0,33,1,2,1,3,0,0,,0,1,0,0,3,0,0,0,0,0,0,0,0
https://www.premiershiprugby.com/match-centre/288995/team-stats,288995,1011,202501,Bath Rugby,away,105205,Ross Molony,second row,5,80,0,2,1,0,0,1,0,0,,0,12,1,0,0,0,0,0,1,0,3,0,0
https://www.premiershiprugby.com/match-centre/288995/team-stats,288995,1011,202501,Bath Rugby,away,116821,Francois van Wyk,sub 2,17,30,0,1,3,0,0,1,0,1,,0,2,0,0,0,0,0,0,0,0,1,0,0
https://www.premiershiprugby.com/match-centre/288995/team-stats,288995,1011,202501,Bath Rugby,away,217750,Ewan Richards,second row,4,50,0,1,2,0,0,0,0,0,,0,9,2,0,0,0,0,0,0,0,0,0,0
https://www.premiershiprugby.com/match-centre/288995/team-stats,288995,1011,202501,Bath Rugby,away,240057,Scott Kirk,loosehead prop,1,50,0,3,5,0,0,0,0,0,,0,8,1,0,0,0,0,0,0,0,0,0,0
https://www.premiershiprugby.com/match-centre/288995/team-stats,288995,1011,202501,Bath Rugby,away,255392,Enoch Opoku Gyamfi,sub 4,19,30,0,3,3,3,0,0,0,0,,0,6,0,0,0,0,0,0,0,0,1,0,0
https://www.premiershiprugby.com/match-centre/288995/team-stats,288995,1011,202501,Bath Rugby,away,100192,Josh Bayliss,flanker,6,50,0,11,4,0,0,2,0,0,,0,7,0,0,0,0,0,0,0,0,0,0,0
https://www.premiershiprugby.com/match-centre/288995/team-stats,288995,1011,202501,Bath Rugby,away,153790,Tom de Glanville,full back,15,80,1,21,10,2,1,4,1,0,,5,2,0,1,2,0,0,0,0,0,0,0,0
https://www.premiershiprugby.com/match-centre/288995/team-stats,288995,1011,202501,Bath Rugby,away,233245,Louie Hennessey,right wing,14,79,1,68,9,5,3,3,1,0,,5,6,2,0,1,0,0,0,0,0,1,0,0
