match_url,match_id,season,team,home_away,shirt_number,player_id,player_name,position,role
https://www.premiershiprugby.com/match-centre/283161/team-stats,283161,202401,Bath Rugby,home,19,143876,Jacques du Plessis,sub 4,replacement
https://www.premiershiprugby.com/match-centre/283161/team-stats,283161,202401,Bath Rugby,home,12,210178,Will Butt,inside centre,starter
https://www.premiershiprugby.com/match-centre/283161/team-stats,283161,202401,Bath Rugby,home,18,187169,Archie Griffin,sub 3,replacement
https://www.premiershiprugby.com/match-centre/283161/team-stats,283161,202401,Bath Rugby,home,10,157863,Finn Russell,fly half,starter
https://www.premiershiprugby.com/match-centre/283161/team-stats,283161,202401,Bath Rugby,home,7,195208,Miles Reid,flanker,starter
https://www.premiershiprugby.com/match-centre/283161/team-stats,283161,202401,Bath Rugby,home,14,179563,Joe Cokanasiga,right wing,starter
https://www.premiershiprugby.com/match-centre/283161/team-stats,283161,202401,Bath Rugby,home,3,108714,Will Stuart,tighthead prop,starter
https://www.premiershiprugby.com/match-centre/283161/team-stats,283161,202401,Bath Rugby,home,13,131724,Ollie Lawrence,outside centre,starter
https://www.premiershiprugby.com/match-centre/283161/team-stats,283161,202401,Bath Rugby,home,8,145484,Alfie Barbeary,number eight,starter
https://www.premiershiprugby.com/match-centre/283161/team-stats,283161,202401,Bath Rugby,home,20,112684,Guy Pepper,sub 5,replacement
https://www.premiershiprugby.com/match-centre/283161/team-stats,283161,202401,Bath Rugby,home,1,130283,Beno Obano,loosehead prop,starter
https://www.premiershiprugby.com/match-centre/283161/team-stats,283161,202401,Bath Rugby,home,16,143754,Niall Annett,sub 1,replacement
https://www.premiershiprugby.com/match-centre/283161/team-stats,283161,202401,Bath Rugby,home,9,111662,Ben Spencer,scrum half,starter
https://www.premiershiprugby.com/match-centre/283161/team-stats,283161,202401,Bath Rugby,home,11,160272,Will Muir,left wing,starter
https://www.premiershiprugby.com/match-centre/283161/team-stats,283161,202401,Bath Rugby,home,21,202868,Louis Schreuder,sub 6,replacement
https://www.premiershiprugby.com/match-centre/283161/team-stats,283161,202401,Bath Rugby,home,2,225778,Tom Dunn,hooker,starter
https://www.premiershiprugby.com/match-centre/283161/team-stats,283161,202401,Bath Rugby,home,6,184945,Ted Hill,flanker,starter
https://www.premiershiprugby.com/match-centre/283161/team-stats,283161,202401,Bath Rugby,home,17,116821,Francois van Wyk,sub 2,replacement
https://www.premiershiprugby.com/match-centre/283161/team-stats,283161,202401,Bath Rugby,home,22,220475,Orlando Bailey,sub 7,replacement
https://www.premiershiprugby.com/match-centre/283161/team-stats,283161,202401,Bath Rugby,home,23,155514,Jaco Coetzee,sub 8,replacement
https://www.premiershiprugby.com/match-centre/283161/team-stats,283161,202401,Bath Rugby,home,4,203360,Quinn Roux,second row,starter
https://www.premiershiprugby.com/match-centre/283161/team-stats,283161,202401,Bath Rugby,home,5,196415,Charlie Ewels,second row,starter
https://www.premiershiprugby.com/match-centre/283161/team-stats,283161,202401,Bath Rugby,home,15,153790,Tom de Glanville,full back,starter
https://www.premiershiprugby.com/match-centre/283161/team-stats,283161,202401,Northampton Saints,away,5,193283,Chunya Munga,second row,starter
https://www.premiershiprugby.com/match-centre/283161/team-stats,283161,202401,Northampton Saints,away,17,177699,Tom West,sub 2,replacement
https://www.premiershiprugby.com/match-centre/283161/team-stats,283161,202401,Northampton Saints,away,13,200195,Fraser Dingwall,outside centre,starter
https://www.premiershiprugby.com/match-centre/283161/team-stats,283161,202401,Northampton Saints,away,11,192642,Ollie Sleightholme,left wing,starter
https://www.premiershiprugby.com/match-centre/283161/team-stats,283161,202401,Northampton Saints,away,18,127592,Luke Green,sub 3,replacement
https://www.premiershiprugby.com/match-centre/283161/team-stats,283161,202401,Northampton Saints,away,9,221996,Tom James,scrum half,starter
https://www.premiershiprugby.com/match-centre/283161/team-stats,283161,202401,Northampton Saints,away,14,178796,James Ramm,right wing,starter
https://www.premiershiprugby.com/match-centre/283161/team-stats,283161,202401,Northampton Saints,away,1,187951,Emmanuel Iyogun,loosehead prop,starter
https://www.premiershiprugby.com/match-centre/283161/team-stats,283161,202401,Northampton Saints,away,4,125486,Angus Scott-Young,second row,starter
https://www.premiershiprugby.com/match-centre/283161/team-stats,283161,202401,Northampton Saints,away,16,206832,Robbie Smith,sub 1,replacement
https://www.premiershiprugby.com/match-centre/283161/team-stats,283161,202401,Northampton Saints,away,20,199728,Juarno Augustus,sub 5,replacement
https://www.premiershiprugby.com/match-centre/283161/team-stats,283161,202401,Northampton Saints,away,15,153646,George Furbank,full back,starter
https://www.premiershiprugby.com/match-centre/283161/team-stats,283161,202401,Northampton Saints,away,19,222867,Callum Hunter-Hill,sub 4,replacement
https://www.premiershiprugby.com/match-centre/283161/team-stats,283161,202401,Northampton Saints,away,3,102707,Trevor Davison,tighthead prop,starter
https://www.premiershiprugby.com/match-centre/283161/team-stats,283161,202401,Northampton Saints,away,8,212369,Sam Graham,number eight,starter
https://www.premiershiprugby.com/match-centre/283161/team-stats,283161,202401,Northampton Saints,away,21,239345,Archie McParland,sub 6,replacement
https://www.premiershiprugby.com/match-centre/283161/team-stats,283161,202401,Northampton Saints,away,12,109816,Rory Hutchinson,inside centre,starter
https://www.premiershiprugby.com/match-centre/283161/team-stats,283161,202401,Northampton Saints,away,2,111416,Curtis Langdon,hooker,starter
https://www.premiershiprugby.com/match-centre/283161/team-stats,283161,202401,Northampton Saints,away,23,156918,Tommy Freeman,sub 8,replacement
https://www.premiershiprugby.com/match-centre/283161/team-stats,283161,202401,Northampton Saints,away,6,166428,Josh Kemeny,flanker,starter
https://www.premiershiprugby.com/match-centre/283161/team-stats,283161,202401,Northampton Saints,away,7,219643,Tom Pearson,flanker,starter
https://www.premiershiprugby.com/match-centre/283161/team-stats,283161,202401,Northampton Saints,away,10,137626,Fin Smith,fly half,starter
https://www.premiershiprugby.com/match-centre/283161/team-stats,283161,202401,Northampton Saints,away,22,239358,Toby Thame,sub 7,replacement
https://www.premiershiprugby.com/match-centre/283170/team-stats,283170,202401,Leicester Tigers,home,5,142211,George Martin,second row,starter
https://www.premiershiprugby.com/match-centre/283170/team-stats,283170,202401,Leicester Tigers,home,15,150081,Freddie Steward,full back,starter
https://www.premiershiprugby.com/match-centre/283170/team-stats,283170,202401,Leicester Tigers,home,11,173217,Ollie Hassell-Collins,left wing,starter
https://www.premiershiprugby.com/match-centre/283170/team-stats,283170,202401,Leicester Tigers,home,7,183880,Tommy Reffell,flanker,starter
https://www.premiershiprugby.com/match-centre/283170/team-stats,283170,202401,Leicester Tigers,home,16,101384,Finn Theobald-Thomas,sub 1,replacement
https://www.premiershiprugby.com/match-centre/283170/team-stats,283170,202401,Leicester Tigers,home,18,169381,Dan Cole,sub 3,replacement
https://www.premiershiprugby.com/match-centre/283170/team-stats,283170,202401,Leicester Tigers,home,19,185387,Come Joussain,sub 4,replacement
https://www.premiershiprugby.com/match-centre/283170/team-stats,283170,202401,Leicester Tigers,home,9,113737,Jack van Poortvliet,scrum half,starter
https://www.premiershiprugby.com/match-centre/283170/team-stats,283170,202401,Leicester Tigers,home,3,134796,Joe Heyes,tighthead prop,starter
https://www.premiershiprugby.com/match-centre/283170/team-stats,283170,202401,Leicester Tigers,home,21,215402,Ben Youngs,sub 6,replacement
https://www.premiershiprugby.com/match-centre/283170/team-stats,283170,202401,Leicester Tigers,home,23,195049,Mike Brown,sub 8,replacement
https://www.premiershiprugby.com/match-centre/283170/team-stats,283170,202401,Leicester Tigers,home,2,216656,Charlie Clare,hooker,starter
https://www.premiershiprugby.com/match-centre/283170/team-stats,283170,202401,Leicester Tigers,home,13,111760,Izaia Perese,outside centre,starter
https://www.premiershiprugby.com/match-centre/283170/team-stats,283170,202401,Leicester Tigers,home,10,190829,Jamie Shillcock,fly half,starter
https://www.premiershiprugby.com/match-centre/283170/team-stats,283170,202401,Leicester Tigers,home,1,110319,Nicky Smith,loosehead prop,starter
https://www.premiershiprugby.com/match-centre/283170/team-stats,283170,202401,Leicester Tigers,home,4,177015,Harry Wells,second row,starter
https://www.premiershiprugby.com/match-centre/283170/team-stats,283170,202401,Leicester Tigers,home,8,216823,Olly Cracknell,number eight,starter
https://www.premiershiprugby.com/match-centre/283170/team-stats,283170,202401,Leicester Tigers,home,14,132028,Anthony Watson,right wing,starter
https://www.premiershiprugby.com/match-centre/283170/team-stats,283170,202401,Leicester Tigers,home,12,214400,Dan Kelly,inside centre,starter
https://www.premiershiprugby.com/match-centre/283170/team-stats,283170,202401,Leicester Tigers,home,6,156512,Hanro Liebenberg,flanker,starter
https://www.premiershiprugby.com/match-centre/283170/team-stats,283170,202401,Leicester Tigers,home,17,140000,James Cronin,sub 2,replacement
https://www.premiershiprugby.com/match-centre/283170/team-stats,283170,202401,Leicester Tigers,home,20,202591,Kyle Hatherell,sub 5,replacement
https://www.premiershiprugby.com/match-centre/283170/team-stats,283170,202401,Leicester Tigers,home,22,172960,Ben Volavola,sub 7,replacement
https://www.premiershiprugby.com/match-centre/283170/team-stats,283170,202401,Bath Rugby,away,12,210178,Will Butt,inside centre,starter
https://www.premiershiprugby.com/match-centre/283170/team-stats,283170,202401,Bath Rugby,away,21,156834,Tom Carr-Smith,sub 6,replacement
https://www.premiershiprugby.com/match-centre/283170/team-stats,283170,202401,Bath Rugby,away,10,157863,Finn Russell,fly half,starter
https://www.premiershiprugby.com/match-centre/283170/team-stats,283170,202401,Bath Rugby,away,14,179563,Joe Cokanasiga,right wing,starter
https://www.premiershiprugby.com/match-centre/283170/team-stats,283170,202401,Bath Rugby,away,3,108714,Will Stuart,tighthead prop,starter
https://www.premiershiprugby.com/match-centre/283170/team-stats,283170,202401,Bath Rugby,away,13,131724,Ollie Lawrence,outside centre,starter
https://www.premiershiprugby.com/match-centre/283170/team-stats,283170,202401,Bath Rugby,away,8,145484,Alfie Barbeary,number eight,starter
https://www.premiershiprugby.com/match-centre/283170/team-stats,283170,202401,Bath Rugby,away,7,112684,Guy Pepper,flanker,starter
https://www.premiershiprugby.com/match-centre/283170/team-stats,283170,202401,Bath Rugby,away,1,130283,Beno Obano,loosehead prop,starter
https://www.premiershiprugby.com/match-centre/283170/team-stats,283170,202401,Bath Rugby,away,16,143754,Niall Annett,sub 1,replacement
https://www.premiershiprugby.com/match-centre/283170/team-stats,283170,202401,Bath Rugby,away,9,111662,Ben Spencer,scrum half,starter
https://www.premiershiprugby.com/match-centre/283170/team-stats,283170,202401,Bath Rugby,away,11,160272,Will Muir,left wing,starter
https://www.premiershiprugby.com/match-centre/283170/team-stats,283170,202401,Bath Rugby,away,2,225778,Tom Dunn,hooker,starter
https://www.premiershiprugby.com/match-centre/283170/team-stats,283170,202401,Bath Rugby,away,20,184945,Ted Hill,sub 5,replacement
https://www.premiershiprugby.com/match-centre/283170/team-stats,283170,202401,Bath Rugby,away,5,105205,Ross Molony,second row,starter
https://www.premiershiprugby.com/match-centre/283170/team-stats,283170,202401,Bath Rugby,away,17,116821,Francois van Wyk,sub 2,replacement
https://www.premiershiprugby.com/match-centre/283170/team-stats,283170,202401,Bath Rugby,away,18,239292,Billy Sela,sub 3,replacement
https://www.premiershiprugby.com/match-centre/283170/team-stats,283170,202401,Bath Rugby,away,22,220475,Orlando Bailey,sub 7,replacement
https://www.premiershiprugby.com/match-centre/283170/team-stats,283170,202401,Bath Rugby,away,23,155514,Jaco Coetzee,sub 8,replacement
https://www.premiershiprugby.com/match-centre/283170/team-stats,283170,202401,Bath Rugby,away,4,203360,Quinn Roux,second row,starter
https://www.premiershiprugby.com/match-centre/283170/team-stats,283170,202401,Bath Rugby,away,19,196415,Charlie Ewels,sub 4,replacement
https://www.premiershiprugby.com/match-centre/283170/team-stats,283170,202401,Bath Rugby,away,6,100192,Josh Bayliss,flanker,starter
https://www.premiershiprugby.com/match-centre/283170/team-stats,283170,202401,Bath Rugby,away,15,153790,Tom de Glanville,full back,starter
https://www.premiershiprugby.com/match-centre/283173/team-stats,283173,202401,Bath Rugby,home,20,104322,Sam Underhill,sub 5,replacement
https://www.premiershiprugby.com/match-centre/283173/team-stats,283173,202401,Bath Rugby,home,12,210178,Will Butt,inside centre,starter
https://www.premiershiprugby.com/match-centre/283173/team-stats,283173,202401,Bath Rugby,home,10,157863,Finn Russell,fly half,starter
https://www.premiershiprugby.com/match-centre/283173/team-stats,283173,202401,Bath Rugby,home,8,195208,Miles Reid,number eight,starter
https://www.premiershiprugby.com/match-centre/283173/team-stats,283173,202401,Bath Rugby,home,15,239301,Sam Harris,full back,starter
https://www.premiershiprugby.com/match-centre/283173/team-stats,283173,202401,Bath Rugby,home,18,108714,Will Stuart,sub 3,replacement
https://www.premiershiprugby.com/match-centre/283173/team-stats,283173,202401,Bath Rugby,home,22,154219,Cameron Redpath,sub 7,replacement
https://www.premiershiprugby.com/match-centre/283173/team-stats,283173,202401,Bath Rugby,home,13,131724,Ollie Lawrence,outside centre,starter
https://www.premiershiprugby.com/match-centre/283173/team-stats,283173,202401,Bath Rugby,home,7,112684,Guy Pepper,flanker,starter
https://www.premiershiprugby.com/match-centre/283173/team-stats,283173,202401,Bath Rugby,home,1,130283,Beno Obano,loosehead prop,starter
https://www.premiershiprugby.com/match-centre/283173/team-stats,283173,202401,Bath Rugby,home,2,143754,Niall Annett,hooker,starter
https://www.premiershiprugby.com/match-centre/283173/team-stats,283173,202401,Bath Rugby,home,9,111662,Ben Spencer,scrum half,starter
https://www.premiershiprugby.com/match-centre/283173/team-stats,283173,202401,Bath Rugby,home,21,202868,Louis Schreuder,sub 6,replacement
https://www.premiershiprugby.com/match-centre/283173/team-stats,283173,202401,Bath Rugby,home,6,184945,Ted Hill,flanker,starter
https://www.premiershiprugby.com/match-centre/283173/team-stats,283173,202401,Bath Rugby,home,16,225778,Tom Dunn,sub 1,replacement
https://www.premiershiprugby.com/match-centre/283173/team-stats,283173,202401,Bath Rugby,home,17,116821,Francois van Wyk,sub 2,replacement
https://www.premiershiprugby.com/match-centre/283173/team-stats,283173,202401,Bath Rugby,home,19,105205,Ross Molony,sub 4,replacement
https://www.premiershiprugby.com/match-centre/283173/team-stats,283173,202401,Bath Rugby,home,11,112538,Ruaridh McConnochie,left wing,starter
https://www.premiershiprugby.com/match-centre/283173/team-stats,283173,202401,Bath Rugby,home,3,104572,Thomas du Toit,tighthead prop,starter
https://www.premiershiprugby.com/match-centre/283173/team-stats,283173,202401,Bath Rugby,home,23,155514,Jaco Coetzee,sub 8,replacement
https://www.premiershiprugby.com/match-centre/283173/team-stats,283173,202401,Bath Rugby,home,4,203360,Quinn Roux,second row,starter
https://www.premiershiprugby.com/match-centre/283173/team-stats,283173,202401,Bath Rugby,home,5,196415,Charlie Ewels,second row,starter
https://www.premiershiprugby.com/match-centre/283173/team-stats,283173,202401,Bath Rugby,home,14,153790,Tom de Glanville,right wing,starter
https://www.premiershiprugby.com/match-centre/283173/team-stats,283173,202401,Bristol Bears,away,8,112066,Fitz Harding,number eight,starter
https://www.premiershiprugby.com/match-centre/283173/team-stats,283173,202401,Bristol Bears,away,17,106402,Jake Woolmore,sub 2,replacement
https://www.premiershiprugby.com/match-centre/283173/team-stats,283173,202401,Bristol Bears,away,20,245732,Benjamin Grondona,sub 5,replacement
https://www.premiershiprugby.com/match-centre/283173/team-stats,283173,202401,Bristol Bears,away,12,156903,James Williams,inside centre,starter
https://www.premiershiprugby.com/match-centre/283173/team-stats,283173,202401,Bristol Bears,away,4,199272,James Dun,second row,starter
https://www.premiershiprugby.com/match-centre/283173/team-stats,283173,202401,Bristol Bears,away,10,212999,AJ MacGinty,fly half,starter
https://www.premiershiprugby.com/match-centre/283173/team-stats,283173,202401,Bristol Bears,away,13,217606,Benhard Janse van Rensburg,outside centre,starter
https://www.premiershiprugby.com/match-centre/283173/team-stats,283173,202401,Bristol Bears,away,15,211692,Max Malins,full back,starter
https://www.premiershiprugby.com/match-centre/283173/team-stats,283173,202401,Bristol Bears,away,19,237996,Joe Owen,sub 4,replacement
https://www.premiershiprugby.com/match-centre/283173/team-stats,283173,202401,Bristol Bears,away,18,163209,George Kloska,sub 3,replacement
https://www.premiershiprugby.com/match-centre/283173/team-stats,283173,202401,Bristol Bears,away,16,178506,Will Capon,sub 1,replacement
https://www.premiershiprugby.com/match-centre/283173/team-stats,283173,202401,Bristol Bears,away,1,165007,Ellis Genge,loosehead prop,starter
https://www.premiershiprugby.com/match-centre/283173/team-stats,283173,202401,Bristol Bears,away,23,199886,Jack Bates,sub 8,replacement
https://www.premiershiprugby.com/match-centre/283173/team-stats,283173,202401,Bristol Bears,away,9,195214,Harry Randall,scrum half,starter
https://www.premiershiprugby.com/match-centre/283173/team-stats,283173,202401,Bristol Bears,away,6,142481,Steven Luatua,flanker,starter
https://www.premiershiprugby.com/match-centre/283173/team-stats,283173,202401,Bristol Bears,away,22,243442,Joe Jenkins,sub 7,replacement
https://www.premiershiprugby.com/match-centre/283173/team-stats,283173,202401,Bristol Bears,away,11,131218,Gabriel Ibitoye,left wing,starter
https://www.premiershiprugby.com/match-centre/283173/team-stats,283173,202401,Bristol Bears,away,5,147794,Joe Batley,second row,starter
https://www.premiershiprugby.com/match-centre/283173/team-stats,283173,202401,Bristol Bears,away,14,216599,Rich Lane,right wing,starter
https://www.premiershiprugby.com/match-centre/283173/team-stats,283173,202401,Bristol Bears,away,7,127095,Santiago Grondona,flanker,starter
https://www.premiershiprugby.com/match-centre/283173/team-stats,283173,202401,Bristol Bears,away,21,210010,Kieran Marmion,sub 6,replacement
https://www.premiershiprugby.com/match-centre/283173/team-stats,283173,202401,Bristol Bears,away,3,130811,Max Lahiff,tighthead prop,starter
https://www.premiershiprugby.com/match-centre/283173/team-stats,283173,202401,Bristol Bears,away,2,127101,Gabriel Oghre,hooker,starter
https://www.premiershiprugby.com/match-centre/283178/team-stats,283178,202401,Gloucester Rugby,home,14,241026,Josh Hathaway,right wing,starter
https://www.premiershiprugby.com/match-centre/283178/team-stats,283178,202401,Gloucester Rugby,home,21,201697,Caolan Englefield,sub 6,replacement
https://www.premiershiprugby.com/match-centre/283178/team-stats,283178,202401,Gloucester Rugby,home,11,124069,Ollie Thorley,left wing,starter
https://www.premiershiprugby.com/match-centre/283178/team-stats,283178,202401,Gloucester Rugby,home,13,186214,Max Llewellyn,outside centre,starter
https://www.premiershiprugby.com/match-centre/283178/team-stats,283178,202401,Gloucester Rugby,home,6,113799,Jack Clement,flanker,starter
https://www.premiershiprugby.com/match-centre/283178/team-stats,283178,202401,Gloucester Rugby,home,9,133163,Tomos Williams,scrum half,starter
https://www.premiershiprugby.com/match-centre/283178/team-stats,283178,202401,Gloucester Rugby,home,5,196875,Freddie Thomas,second row,starter
https://www.premiershiprugby.com/match-centre/283178/team-stats,283178,202401,Gloucester Rugby,home,22,123243,Charlie Atkinson,sub 7,replacement
https://www.premiershiprugby.com/match-centre/283178/team-stats,283178,202401,Gloucester Rugby,home,12,109648,Seb Atkinson,inside centre,starter
https://www.premiershiprugby.com/match-centre/283178/team-stats,283178,202401,Gloucester Rugby,home,4,203694,Freddie Clarke,second row,starter
https://www.premiershiprugby.com/match-centre/283178/team-stats,283178,202401,Gloucester Rugby,home,20,191662,Ruan Ackermann,sub 5,replacement
https://www.premiershiprugby.com/match-centre/283178/team-stats,283178,202401,Gloucester Rugby,home,1,189971,Ciaran Knight,loosehead prop,starter
https://www.premiershiprugby.com/match-centre/283178/team-stats,283178,202401,Gloucester Rugby,home,8,165716,Zach Mercer,number eight,starter
https://www.premiershiprugby.com/match-centre/283178/team-stats,283178,202401,Gloucester Rugby,home,18,201234,Kirill Gotovtsev,sub 3,replacement
https://www.premiershiprugby.com/match-centre/283178/team-stats,283178,202401,Gloucester Rugby,home,23,133265,George Barton,sub 8,replacement
https://www.premiershiprugby.com/match-centre/283178/team-stats,283178,202401,Gloucester Rugby,home,16,137490,Seb Blake,sub 1,replacement
https://www.premiershiprugby.com/match-centre/283178/team-stats,283178,202401,Gloucester Rugby,home,10,102615,Gareth Anscombe,fly half,starter
https://www.premiershiprugby.com/match-centre/283178/team-stats,283178,202401,Gloucester Rugby,home,7,209756,Lewis Ludlow,flanker,starter
https://www.premiershiprugby.com/match-centre/283178/team-stats,283178,202401,Gloucester Rugby,home,2,122972,Jack Singleton,hooker,starter
https://www.premiershiprugby.com/match-centre/283178/team-stats,283178,202401,Gloucester Rugby,home,3,239418,Afolabi Fasogbon,tighthead prop,starter
https://www.premiershiprugby.com/match-centre/283178/team-stats,283178,202401,Gloucester Rugby,home,17,213184,Val Rapava Ruskin,sub 2,replacement
https://www.premiershiprugby.com/match-centre/283178/team-stats,283178,202401,Gloucester Rugby,home,15,189982,Santi Carreras,full back,starter
https://www.premiershiprugby.com/match-centre/283178/team-stats,283178,202401,Gloucester Rugby,home,19,117823,Matias Alemanno,sub 4,replacement
https://www.premiershiprugby.com/match-centre/283178/team-stats,283178,202401,Bath Rugby,away,20,104322,Sam Underhill,sub 5,replacement
https://www.premiershiprugby.com/match-centre/283178/team-stats,283178,202401,Bath Rugby,away,14,210178,Will Butt,right wing,starter
https://www.premiershiprugby.com/match-centre/283178/team-stats,283178,202401,Bath Rugby,away,10,157863,Finn Russell,fly half,starter
https://www.premiershiprugby.com/match-centre/283178/team-stats,283178,202401,Bath Rugby,away,7,195208,Miles Reid,flanker,starter
https://www.premiershiprugby.com/match-centre/283178/team-stats,283178,202401,Bath Rugby,away,12,154219,Cameron Redpath,inside centre,starter
https://www.premiershiprugby.com/match-centre/283178/team-stats,283178,202401,Bath Rugby,away,18,108714,Will Stuart,sub 3,replacement
https://www.premiershiprugby.com/match-centre/283178/team-stats,283178,202401,Bath Rugby,away,13,131724,Ollie Lawrence,outside centre,starter
https://www.premiershiprugby.com/match-centre/283178/team-stats,283178,202401,Bath Rugby,away,8,145484,Alfie Barbeary,number eight,starter
https://www.premiershiprugby.com/match-centre/283178/team-stats,283178,202401,Bath Rugby,away,1,130283,Beno Obano,loosehead prop,starter
https://www.premiershiprugby.com/match-centre/283178/team-stats,283178,202401,Bath Rugby,away,16,143754,Niall Annett,sub 1,replacement
https://www.premiershiprugby.com/match-centre/283178/team-stats,283178,202401,Bath Rugby,away,11,243600,Austin Emens,left wing,starter
https://www.premiershiprugby.com/match-centre/283178/team-stats,283178,202401,Bath Rugby,away,9,111662,Ben Spencer,scrum half,starter
https://www.premiershiprugby.com/match-centre/283178/team-stats,283178,202401,Bath Rugby,away,21,202868,Louis Schreuder,sub 6,replacement
https://www.premiershiprugby.com/match-centre/283178/team-stats,283178,202401,Bath Rugby,away,2,225778,Tom Dunn,hooker,starter
https://www.premiershiprugby.com/match-centre/283178/team-stats,283178,202401,Bath Rugby,away,4,184945,Ted Hill,second row,starter
https://www.premiershiprugby.com/match-centre/283178/team-stats,283178,202401,Bath Rugby,away,5,105205,Ross Molony,second row,starter
https://www.premiershiprugby.com/match-centre/283178/team-stats,283178,202401,Bath Rugby,away,17,116821,Francois van Wyk,sub 2,replacement
https://www.premiershiprugby.com/match-centre/283178/team-stats,283178,202401,Bath Rugby,away,22,220475,Orlando Bailey,sub 7,replacement
https://www.premiershiprugby.com/match-centre/283178/team-stats,283178,202401,Bath Rugby,away,3,104572,Thomas du Toit,tighthead prop,starter
https://www.premiershiprugby.com/match-centre/283178/team-stats,283178,202401,Bath Rugby,away,23,155514,Jaco Coetzee,sub 8,replacement
https://www.premiershiprugby.com/match-centre/283178/team-stats,283178,202401,Bath Rugby,away,19,196415,Charlie Ewels,sub 4,replacement
https://www.premiershiprugby.com/match-centre/283178/team-stats,283178,202401,Bath Rugby,away,6,100192,Josh Bayliss,flanker,starter
https://www.premiershiprugby.com/match-centre/283178/team-stats,283178,202401,Bath Rugby,away,15,153790,Tom de Glanville,full back,starter
https://www.premiershiprugby.com/match-centre/283184/team-stats,283184,202401,Harlequins,home,18,168641,Dillon Lewis,sub 3,replacement
https://www.premiershiprugby.com/match-centre/283184/team-stats,283184,202401,Harlequins,home,22,206497,Danny Care,sub 7,replacement
https://www.premiershiprugby.com/match-centre/283184/team-stats,283184,202401,Harlequins,home,9,142312,Will Porter,scrum half,starter
https://www.premiershiprugby.com/match-centre/283184/team-stats,283184,202401,Harlequins,home,2,137125,Jack Walker,hooker,starter
https://www.premiershiprugby.com/match-centre/283184/team-stats,283184,202401,Harlequins,home,8,180038,Alex Dombrandt,number eight,starter
https://www.premiershiprugby.com/match-centre/283184/team-stats,283184,202401,Harlequins,home,21,170379,James Chisholm,sub 6,replacement
https://www.premiershiprugby.com/match-centre/283184/team-stats,283184,202401,Harlequins,home,11,110793,Cadan Murley,left wing,starter
https://www.premiershiprugby.com/match-centre/283184/team-stats,283184,202401,Harlequins,home,13,178025,Oscar Beard,outside centre,starter
https://www.premiershiprugby.com/match-centre/283184/team-stats,283184,202401,Harlequins,home,3,190858,Titi Lamositele,tighthead prop,starter
https://www.premiershiprugby.com/match-centre/283184/team-stats,283184,202401,Harlequins,home,19,203721,Irne Herbst,sub 4,replacement
https://www.premiershiprugby.com/match-centre/283184/team-stats,283184,202401,Harlequins,home,12,218605,Luke Northmore,inside centre,starter
https://www.premiershiprugby.com/match-centre/283184/team-stats,283184,202401,Harlequins,home,10,189326,Marcus Smith,fly half,starter
https://www.premiershiprugby.com/match-centre/283184/team-stats,283184,202401,Harlequins,home,1,213459,Fin Baxter,loosehead prop,starter
https://www.premiershiprugby.com/match-centre/283184/team-stats,283184,202401,Harlequins,home,15,182642,Tyrone Green,full back,starter
https://www.premiershiprugby.com/match-centre/283184/team-stats,283184,202401,Harlequins,home,6,175826,Jack Kenningham,flanker,starter
https://www.premiershiprugby.com/match-centre/283184/team-stats,283184,202401,Harlequins,home,17,203313,Joe Marler,sub 2,replacement
https://www.premiershiprugby.com/match-centre/283184/team-stats,283184,202401,Harlequins,home,16,145720,Nathan Jibulu,sub 1,replacement
https://www.premiershiprugby.com/match-centre/283184/team-stats,283184,202401,Harlequins,home,20,240631,Chandler Cunningham-South,sub 5,replacement
https://www.premiershiprugby.com/match-centre/283184/team-stats,283184,202401,Harlequins,home,5,170454,Dino Lamb,second row,starter
https://www.premiershiprugby.com/match-centre/283184/team-stats,283184,202401,Harlequins,home,23,218331,Jarrod Evans,sub 8,replacement
https://www.premiershiprugby.com/match-centre/283184/team-stats,283184,202401,Harlequins,home,4,132185,Joe Launchbury,second row,starter
https://www.premiershiprugby.com/match-centre/283184/team-stats,283184,202401,Harlequins,home,7,143933,Will Evans,flanker,starter
https://www.premiershiprugby.com/match-centre/283184/team-stats,283184,202401,Harlequins,home,14,194110,Rodrigo Isgro,right wing,starter
https://www.premiershiprugby.com/match-centre/283184/team-stats,283184,202401,Bath Rugby,away,7,104322,Sam Underhill,flanker,starter
https://www.premiershiprugby.com/match-centre/283184/team-stats,283184,202401,Bath Rugby,away,12,210178,Will Butt,inside centre,starter
https://www.premiershiprugby.com/match-centre/283184/team-stats,283184,202401,Bath Rugby,away,21,156834,Tom Carr-Smith,sub 6,replacement
https://www.premiershiprugby.com/match-centre/283184/team-stats,283184,202401,Bath Rugby,away,10,157863,Finn Russell,fly half,starter
https://www.premiershiprugby.com/match-centre/283184/team-stats,283184,202401,Bath Rugby,away,14,179563,Joe Cokanasiga,right wing,starter
https://www.premiershiprugby.com/match-centre/283184/team-stats,283184,202401,Bath Rugby,away,3,108714,Will Stuart,tighthead prop,starter
https://www.premiershiprugby.com/match-centre/283184/team-stats,283184,202401,Bath Rugby,away,13,131724,Ollie Lawrence,outside centre,starter
https://www.premiershiprugby.com/match-centre/283184/team-stats,283184,202401,Bath Rugby,away,8,145484,Alfie Barbeary,number eight,starter
https://www.premiershiprugby.com/match-centre/283184/team-stats,283184,202401,Bath Rugby,away,6,112684,Guy Pepper,flanker,starter
https://www.premiershiprugby.com/match-centre/283184/team-stats,283184,202401,Bath Rugby,away,1,130283,Beno Obano,loosehead prop,starter
https://www.premiershiprugby.com/match-centre/283184/team-stats,283184,202401,Bath Rugby,away,16,143754,Niall Annett,sub 1,replacement
https://www.premiershiprugby.com/match-centre/283184/team-stats,283184,202401,Bath Rugby,away,11,243600,Austin Emens,left wing,starter
https://www.premiershiprugby.com/match-centre/283184/team-stats,283184,202401,Bath Rugby,away,9,111662,Ben Spencer,scrum half,starter
https://www.premiershiprugby.com/match-centre/283184/team-stats,283184,202401,Bath Rugby,away,2,225778,Tom Dunn,hooker,starter
https://www.premiershiprugby.com/match-centre/283184/team-stats,283184,202401,Bath Rugby,away,20,184945,Ted Hill,sub 5,replacement
https://www.premiershiprugby.com/match-centre/283184/team-stats,283184,202401,Bath Rugby,away,17,116821,Francois van Wyk,sub 2,replacement
https://www.premiershiprugby.com/match-centre/283184/team-stats,283184,202401,Bath Rugby,away,19,217750,Ewan Richards,sub 4,replacement
https://www.premiershiprugby.com/match-centre/283184/team-stats,283184,202401,Bath Rugby,away,22,220475,Orlando Bailey,sub 7,replacement
https://www.premiershiprugby.com/match-centre/283184/team-stats,283184,202401,Bath Rugby,away,18,104572,Thomas du Toit,sub 3,replacement
https://www.premiershiprugby.com/match-centre/283184/team-stats,283184,202401,Bath Rugby,away,23,155514,Jaco Coetzee,sub 8,replacement
https://www.premiershiprugby.com/match-centre/283184/team-stats,283184,202401,Bath Rugby,away,4,203360,Quinn Roux,second row,starter
https://www.premiershiprugby.com/match-centre/283184/team-stats,283184,202401,Bath Rugby,away,5,196415,Charlie Ewels,second row,starter
https://www.premiershiprugby.com/match-centre/283184/team-stats,283184,202401,Bath Rugby,away,15,153790,Tom de Glanville,full back,starter
https://www.premiershiprugby.com/match-centre/283188/team-stats,283188,202401,Bath Rugby,home,20,123233,Ethan Staddon,sub 5,replacement
https://www.premiershiprugby.com/match-centre/283188/team-stats,283188,202401,Bath Rugby,home,12,210178,Will Butt,inside centre,starter
https://www.premiershiprugby.com/match-centre/283188/team-stats,283188,202401,Bath Rugby,home,21,156834,Tom Carr-Smith,sub 6,replacement
https://www.premiershiprugby.com/match-centre/283188/team-stats,283188,202401,Bath Rugby,home,10,157863,Finn Russell,fly half,starter
https://www.premiershiprugby.com/match-centre/283188/team-stats,283188,202401,Bath Rugby,home,8,195208,Miles Reid,number eight,starter
https://www.premiershiprugby.com/match-centre/283188/team-stats,283188,202401,Bath Rugby,home,14,179563,Joe Cokanasiga,right wing,starter
https://www.premiershiprugby.com/match-centre/283188/team-stats,283188,202401,Bath Rugby,home,7,112684,Guy Pepper,flanker,starter
https://www.premiershiprugby.com/match-centre/283188/team-stats,283188,202401,Bath Rugby,home,1,130283,Beno Obano,loosehead prop,starter
https://www.premiershiprugby.com/match-centre/283188/team-stats,283188,202401,Bath Rugby,home,16,143754,Niall Annett,sub 1,replacement
https://www.premiershiprugby.com/match-centre/283188/team-stats,283188,202401,Bath Rugby,home,11,160272,Will Muir,left wing,starter
https://www.premiershiprugby.com/match-centre/283188/team-stats,283188,202401,Bath Rugby,home,9,202868,Louis Schreuder,scrum half,starter
https://www.premiershiprugby.com/match-centre/283188/team-stats,283188,202401,Bath Rugby,home,2,225778,Tom Dunn,hooker,starter
https://www.premiershiprugby.com/match-centre/283188/team-stats,283188,202401,Bath Rugby,home,6,184945,Ted Hill,flanker,starter
https://www.premiershiprugby.com/match-centre/283188/team-stats,283188,202401,Bath Rugby,home,5,105205,Ross Molony,second row,starter
https://www.premiershiprugby.com/match-centre/283188/team-stats,283188,202401,Bath Rugby,home,17,116821,Francois van Wyk,sub 2,replacement
https://www.premiershiprugby.com/match-centre/283188/team-stats,283188,202401,Bath Rugby,home,18,239292,Billy Sela,sub 3,replacement
https://www.premiershiprugby.com/match-centre/283188/team-stats,283188,202401,Bath Rugby,home,22,220475,Orlando Bailey,sub 7,replacement
https://www.premiershiprugby.com/match-centre/283188/team-stats,283188,202401,Bath Rugby,home,3,104572,Thomas du Toit,tighthead prop,starter
https://www.premiershiprugby.com/match-centre/283188/team-stats,283188,202401,Bath Rugby,home,23,155514,Jaco Coetzee,sub 8,replacement
https://www.premiershiprugby.com/match-centre/283188/team-stats,283188,202401,Bath Rugby,home,4,203360,Quinn Roux,second row,starter
https://www.premiershiprugby.com/match-centre/283188/team-stats,283188,202401,Bath Rugby,home,19,100192,Josh Bayliss,sub 4,replacement
https://www.premiershiprugby.com/match-centre/283188/team-stats,283188,202401,Bath Rugby,home,15,153790,Tom de Glanville,full back,starter
https://www.premiershiprugby.com/match-centre/283188/team-stats,283188,202401,Bath Rugby,home,13,233245,Louie Hennessey,outside centre,starter
https://www.premiershiprugby.com/match-centre/283188/team-stats,283188,202401,Sale Sharks,away,6,212707,Ernst van Rhyn,flanker,starter
https://www.premiershiprugby.com/match-centre/283188/team-stats,283188,202401,Sale Sharks,away,5,100995,Hyron Andrews,second row,starter
https://www.premiershiprugby.com/match-centre/283188/team-stats,283188,202401,Sale Sharks,away,23,207429,Jean-Luc du Preez,sub 8,replacement
https://www.premiershiprugby.com/match-centre/283188/team-stats,283188,202401,Sale Sharks,away,2,206761,Tadgh McElroy,hooker,starter
https://www.premiershiprugby.com/match-centre/283188/team-stats,283188,202401,Sale Sharks,away,8,169770,Dan du Preez,number eight,starter
https://www.premiershiprugby.com/match-centre/283188/team-stats,283188,202401,Sale Sharks,away,9,100557,Gus Warr,scrum half,starter
https://www.premiershiprugby.com/match-centre/283188/team-stats,283188,202401,Sale Sharks,away,11,113103,Arron Reed,left wing,starter
https://www.premiershiprugby.com/match-centre/283188/team-stats,283188,202401,Sale Sharks,away,16,109874,Ethan Caine,sub 1,replacement
https://www.premiershiprugby.com/match-centre/283188/team-stats,283188,202401,Sale Sharks,away,13,205075,Luke James,outside centre,starter
https://www.premiershiprugby.com/match-centre/283188/team-stats,283188,202401,Sale Sharks,away,19,204307,Le Roux Roets,sub 4,replacement
https://www.premiershiprugby.com/match-centre/283188/team-stats,283188,202401,Sale Sharks,away,10,199800,Robert du Preez,fly half,starter
https://www.premiershiprugby.com/match-centre/283188/team-stats,283188,202401,Sale Sharks,away,15,203831,Joe Carpenter,full back,starter
https://www.premiershiprugby.com/match-centre/283188/team-stats,283188,202401,Sale Sharks,away,7,205975,Sam Dugdale,flanker,starter
https://www.premiershiprugby.com/match-centre/283188/team-stats,283188,202401,Sale Sharks,away,17,147029,Tumy Onasanya,sub 2,replacement
https://www.premiershiprugby.com/match-centre/283188/team-stats,283188,202401,Sale Sharks,away,21,170933,Nye Thomas,sub 6,replacement
https://www.premiershiprugby.com/match-centre/283188/team-stats,283188,202401,Sale Sharks,away,1,221308,Si McIntyre,loosehead prop,starter
https://www.premiershiprugby.com/match-centre/283188/team-stats,283188,202401,Sale Sharks,away,3,123738,James Harper,tighthead prop,starter
https://www.premiershiprugby.com/match-centre/283188/team-stats,283188,202401,Sale Sharks,away,4,131065,Ben Bamber,second row,starter
https://www.premiershiprugby.com/match-centre/283188/team-stats,283188,202401,Sale Sharks,away,18,239482,Asher Opoku-Fordjour,sub 3,replacement
https://www.premiershiprugby.com/match-centre/283188/team-stats,283188,202401,Sale Sharks,away,20,110588,Josh Beaumont,sub 5,replacement
https://www.premiershiprugby.com/match-centre/283188/team-stats,283188,202401,Sale Sharks,away,12,191866,Sam Bedlow,inside centre,starter
https://www.premiershiprugby.com/match-centre/283188/team-stats,283188,202401,Sale Sharks,away,14,168031,Will Addison,right wing,starter
https://www.premiershiprugby.com/match-centre/283188/team-stats,283188,202401,Sale Sharks,away,22,201247,Tom Curtis,sub 7,replacement
https://www.premiershiprugby.com/match-centre/283194/team-stats,283194,202401,Bath Rugby,home,12,210178,Will Butt,inside centre,starter
https://www.premiershiprugby.com/match-centre/283194/team-stats,283194,202401,Bath Rugby,home,18,137026,Kieran Verden,sub 3,replacement
https://www.premiershiprugby.com/match-centre/283194/team-stats,283194,202401,Bath Rugby,home,10,157863,Finn Russell,fly half,starter
https://www.premiershiprugby.com/match-centre/283194/team-stats,283194,202401,Bath Rugby,home,8,195208,Miles Reid,number eight,starter
https://www.premiershiprugby.com/match-centre/283194/team-stats,283194,202401,Bath Rugby,home,14,179563,Joe Cokanasiga,right wing,starter
https://www.premiershiprugby.com/match-centre/283194/team-stats,283194,202401,Bath Rugby,home,3,108714,Will Stuart,tighthead prop,starter
https://www.premiershiprugby.com/match-centre/283194/team-stats,283194,202401,Bath Rugby,home,22,154219,Cameron Redpath,sub 7,replacement
https://www.premiershiprugby.com/match-centre/283194/team-stats,283194,202401,Bath Rugby,home,13,131724,Ollie Lawrence,outside centre,starter
https://www.premiershiprugby.com/match-centre/283194/team-stats,283194,202401,Bath Rugby,home,23,145484,Alfie Barbeary,sub 8,replacement
https://www.premiershiprugby.com/match-centre/283194/team-stats,283194,202401,Bath Rugby,home,7,112684,Guy Pepper,flanker,starter
https://www.premiershiprugby.com/match-centre/283194/team-stats,283194,202401,Bath Rugby,home,16,143754,Niall Annett,sub 1,replacement
https://www.premiershiprugby.com/match-centre/283194/team-stats,283194,202401,Bath Rugby,home,9,111662,Ben Spencer,scrum half,starter
https://www.premiershiprugby.com/match-centre/283194/team-stats,283194,202401,Bath Rugby,home,11,160272,Will Muir,left wing,starter
https://www.premiershiprugby.com/match-centre/283194/team-stats,283194,202401,Bath Rugby,home,21,202868,Louis Schreuder,sub 6,replacement
https://www.premiershiprugby.com/match-centre/283194/team-stats,283194,202401,Bath Rugby,home,2,225778,Tom Dunn,hooker,starter
https://www.premiershiprugby.com/match-centre/283194/team-stats,283194,202401,Bath Rugby,home,6,184945,Ted Hill,flanker,starter
https://www.premiershiprugby.com/match-centre/283194/team-stats,283194,202401,Bath Rugby,home,17,116821,Francois van Wyk,sub 2,replacement
https://www.premiershiprugby.com/match-centre/283194/team-stats,283194,202401,Bath Rugby,home,19,105205,Ross Molony,sub 4,replacement
https://www.premiershiprugby.com/match-centre/283194/team-stats,283194,202401,Bath Rugby,home,1,104572,Thomas du Toit,loosehead prop,starter
https://www.premiershiprugby.com/match-centre/283194/team-stats,283194,202401,Bath Rugby,home,4,203360,Quinn Roux,second row,starter
https://www.premiershiprugby.com/match-centre/283194/team-stats,283194,202401,Bath Rugby,home,5,196415,Charlie Ewels,second row,starter
https://www.premiershiprugby.com/match-centre/283194/team-stats,283194,202401,Bath Rugby,home,20,100192,Josh Bayliss,sub 5,replacement
https://www.premiershiprugby.com/match-centre/283194/team-stats,283194,202401,Bath Rugby,home,15,153790,Tom de Glanville,full back,starter
https://www.premiershiprugby.com/match-centre/283194/team-stats,283194,202401,Exeter Chiefs,away,23,102180,Ben Hammersley,sub 8,replacement
https://www.premiershiprugby.com/match-centre/283194/team-stats,283194,202401,Exeter Chiefs,away,11,184679,Tommy Wyatt,left wing,starter
https://www.premiershiprugby.com/match-centre/283194/team-stats,283194,202401,Exeter Chiefs,away,16,132680,Jack Innard,sub 1,replacement
https://www.premiershiprugby.com/match-centre/283194/team-stats,283194,202401,Exeter Chiefs,away,21,171944,Will Becconsall,sub 6,replacement
https://www.premiershiprugby.com/match-centre/283194/team-stats,283194,202401,Exeter Chiefs,away,9,128743,Stu Townsend,scrum half,starter
https://www.premiershiprugby.com/match-centre/283194/team-stats,283194,202401,Exeter Chiefs,away,13,211147,Tamati Tua,outside centre,starter
https://www.premiershiprugby.com/match-centre/283194/team-stats,283194,202401,Exeter Chiefs,away,2,103625,Dan Frost,hooker,starter
https://www.premiershiprugby.com/match-centre/283194/team-stats,283194,202401,Exeter Chiefs,away,19,208971,Franco Molina,sub 4,replacement
https://www.premiershiprugby.com/match-centre/283194/team-stats,283194,202401,Exeter Chiefs,away,17,201738,Will Goodrick-Clarke,sub 2,replacement
https://www.premiershiprugby.com/match-centre/283194/team-stats,283194,202401,Exeter Chiefs,away,22,125136,Will Haydon-Wood,sub 7,replacement
https://www.premiershiprugby.com/match-centre/283194/team-stats,283194,202401,Exeter Chiefs,away,18,188174,Jimmy Roots,sub 3,replacement
https://www.premiershiprugby.com/match-centre/283194/team-stats,283194,202401,Exeter Chiefs,away,7,172979,Jacques Vermeulen,flanker,starter
https://www.premiershiprugby.com/match-centre/283194/team-stats,283194,202401,Exeter Chiefs,away,1,224659,Scott Sio,loosehead prop,starter
https://www.premiershiprugby.com/match-centre/283194/team-stats,283194,202401,Exeter Chiefs,away,20,237233,Ross Vintcent,sub 5,replacement
https://www.premiershiprugby.com/match-centre/283194/team-stats,283194,202401,Exeter Chiefs,away,15,169495,Josh Hodge,full back,starter
https://www.premiershiprugby.com/match-centre/283194/team-stats,283194,202401,Exeter Chiefs,away,8,170455,Greg Fisilau,number eight,starter
https://www.premiershiprugby.com/match-centre/283194/team-stats,283194,202401,Exeter Chiefs,away,3,160437,Marcus Street,tighthead prop,starter
https://www.premiershiprugby.com/match-centre/283194/team-stats,283194,202401,Exeter Chiefs,away,14,233237,Immanuel Feyi-Waboso,right wing,starter
https://www.premiershiprugby.com/match-centre/283194/team-stats,283194,202401,Exeter Chiefs,away,4,112986,Rus Tuima,second row,starter
https://www.premiershiprugby.com/match-centre/283194/team-stats,283194,202401,Exeter Chiefs,away,12,243675,Will Rigg,inside centre,starter
https://www.premiershiprugby.com/match-centre/283194/team-stats,283194,202401,Exeter Chiefs,away,5,213658,Richard Capstick,second row,starter
https://www.premiershiprugby.com/match-centre/283194/team-stats,283194,202401,Exeter Chiefs,away,10,138016,Henry Slade,fly half,starter
https://www.premiershiprugby.com/match-centre/283194/team-stats,283194,202401,Exeter Chiefs,away,6,124575,Ethan Roots,flanker,starter
https://www.premiershiprugby.com/match-centre/283198/team-stats,283198,202401,Newcastle Falcons,home,7,140708,Tom Gordon,flanker,starter
https://www.premiershiprugby.com/match-centre/283198/team-stats,283198,202401,Newcastle Falcons,home,19,207425,Philip van der Walt,sub 4,replacement
https://www.premiershiprugby.com/match-centre/283198/team-stats,283198,202401,Newcastle Falcons,home,22,204296,Kieran Wilkinson,sub 7,replacement
https://www.premiershiprugby.com/match-centre/283198/team-stats,283198,202401,Newcastle Falcons,home,8,168872,Callum Chick,number eight,starter
https://www.premiershiprugby.com/match-centre/283198/team-stats,283198,202401,Newcastle Falcons,home,10,205702,Brett Connon,fly half,starter
https://www.premiershiprugby.com/match-centre/283198/team-stats,283198,202401,Newcastle Falcons,home,6,219782,Freddie Lockwood,flanker,starter
https://www.premiershiprugby.com/match-centre/283198/team-stats,283198,202401,Newcastle Falcons,home,21,133094,Hugh O'Sullivan,sub 6,replacement
https://www.premiershiprugby.com/match-centre/283198/team-stats,283198,202401,Newcastle Falcons,home,15,239563,Ben Redshaw,full back,starter
https://www.premiershiprugby.com/match-centre/283198/team-stats,283198,202401,Newcastle Falcons,home,16,207081,Ollie Fletcher,sub 1,replacement
https://www.premiershiprugby.com/match-centre/283198/team-stats,283198,202401,Newcastle Falcons,home,3,200621,Richard Palframan,tighthead prop,starter
https://www.premiershiprugby.com/match-centre/283198/team-stats,283198,202401,Newcastle Falcons,home,5,213140,Kiran McDonald Seran,second row,starter
https://www.premiershiprugby.com/match-centre/283198/team-stats,283198,202401,Newcastle Falcons,home,12,127601,Cameron Hutchison,inside centre,starter
https://www.premiershiprugby.com/match-centre/283198/team-stats,283198,202401,Newcastle Falcons,home,1,205585,Murray McCallum,loosehead prop,starter
https://www.premiershiprugby.com/match-centre/283198/team-stats,283198,202401,Newcastle Falcons,home,4,154551,Sebastian de Chaves,second row,starter
https://www.premiershiprugby.com/match-centre/283198/team-stats,283198,202401,Newcastle Falcons,home,18,170103,Callum Hancock,sub 3,replacement
https://www.premiershiprugby.com/match-centre/283198/team-stats,283198,202401,Newcastle Falcons,home,9,137624,Sam Stuart,scrum half,starter
https://www.premiershiprugby.com/match-centre/283198/team-stats,283198,202401,Newcastle Falcons,home,20,190680,Ollie Leatherbarrow,sub 5,replacement
https://www.premiershiprugby.com/match-centre/283198/team-stats,283198,202401,Newcastle Falcons,home,11,143126,Ben Stevenson,left wing,starter
https://www.premiershiprugby.com/match-centre/283198/team-stats,283198,202401,Newcastle Falcons,home,23,222549,Oli Spencer,sub 8,replacement
https://www.premiershiprugby.com/match-centre/283198/team-stats,283198,202401,Newcastle Falcons,home,14,221884,Adam Radwan,right wing,starter
https://www.premiershiprugby.com/match-centre/283198/team-stats,283198,202401,Newcastle Falcons,home,13,199072,Alex Hearle,outside centre,starter
https://www.premiershiprugby.com/match-centre/283198/team-stats,283198,202401,Newcastle Falcons,home,2,160415,Jamie Blamire,hooker,starter
https://www.premiershiprugby.com/match-centre/283198/team-stats,283198,202401,Newcastle Falcons,home,17,239550,Mike Rewcastle,sub 2,replacement
https://www.premiershiprugby.com/match-centre/283198/team-stats,283198,202401,Bath Rugby,away,20,104322,Sam Underhill,sub 5,replacement
https://www.premiershiprugby.com/match-centre/283198/team-stats,283198,202401,Bath Rugby,away,22,210178,Will Butt,sub 7,replacement
https://www.premiershiprugby.com/match-centre/283198/team-stats,283198,202401,Bath Rugby,away,21,156834,Tom Carr-Smith,sub 6,replacement
https://www.premiershiprugby.com/match-centre/283198/team-stats,283198,202401,Bath Rugby,away,10,157863,Finn Russell,fly half,starter
https://www.premiershiprugby.com/match-centre/283198/team-stats,283198,202401,Bath Rugby,away,14,179563,Joe Cokanasiga,right wing,starter
https://www.premiershiprugby.com/match-centre/283198/team-stats,283198,202401,Bath Rugby,away,12,154219,Cameron Redpath,inside centre,starter
https://www.premiershiprugby.com/match-centre/283198/team-stats,283198,202401,Bath Rugby,away,3,108714,Will Stuart,tighthead prop,starter
https://www.premiershiprugby.com/match-centre/283198/team-stats,283198,202401,Bath Rugby,away,13,131724,Ollie Lawrence,outside centre,starter
https://www.premiershiprugby.com/match-centre/283198/team-stats,283198,202401,Bath Rugby,away,8,145484,Alfie Barbeary,number eight,starter
https://www.premiershiprugby.com/match-centre/283198/team-stats,283198,202401,Bath Rugby,away,7,112684,Guy Pepper,flanker,starter
https://www.premiershiprugby.com/match-centre/283198/team-stats,283198,202401,Bath Rugby,away,16,143754,Niall Annett,sub 1,replacement
https://www.premiershiprugby.com/match-centre/283198/team-stats,283198,202401,Bath Rugby,away,17,130283,Beno Obano,sub 2,replacement
https://www.premiershiprugby.com/match-centre/283198/team-stats,283198,202401,Bath Rugby,away,9,111662,Ben Spencer,scrum half,starter
https://www.premiershiprugby.com/match-centre/283198/team-stats,283198,202401,Bath Rugby,away,11,160272,Will Muir,left wing,starter
https://www.premiershiprugby.com/match-centre/283198/team-stats,283198,202401,Bath Rugby,away,2,225778,Tom Dunn,hooker,starter
https://www.premiershiprugby.com/match-centre/283198/team-stats,283198,202401,Bath Rugby,away,19,184945,Ted Hill,sub 4,replacement
https://www.premiershiprugby.com/match-centre/283198/team-stats,283198,202401,Bath Rugby,away,1,116821,Francois van Wyk,loosehead prop,starter
https://www.premiershiprugby.com/match-centre/283198/team-stats,283198,202401,Bath Rugby,away,18,104572,Thomas du Toit,sub 3,replacement
https://www.premiershiprugby.com/match-centre/283198/team-stats,283198,202401,Bath Rugby,away,23,155514,Jaco Coetzee,sub 8,replacement
https://www.premiershiprugby.com/match-centre/283198/team-stats,283198,202401,Bath Rugby,away,4,203360,Quinn Roux,second row,starter
https://www.premiershiprugby.com/match-centre/283198/team-stats,283198,202401,Bath Rugby,away,5,196415,Charlie Ewels,second row,starter
https://www.premiershiprugby.com/match-centre/283198/team-stats,283198,202401,Bath Rugby,away,6,100192,Josh Bayliss,flanker,starter
https://www.premiershiprugby.com/match-centre/283198/team-stats,283198,202401,Bath Rugby,away,15,153790,Tom de Glanville,full back,starter
https://www.premiershiprugby.com/match-centre/283202/team-stats,283202,202401,Bath Rugby,home,20,104322,Sam Underhill,sub 5,replacement
https://www.premiershiprugby.com/match-centre/283202/team-stats,283202,202401,Bath Rugby,home,22,175011,Max Ojomoh,sub 7,replacement
https://www.premiershiprugby.com/match-centre/283202/team-stats,283202,202401,Bath Rugby,home,10,157863,Finn Russell,fly half,starter
https://www.premiershiprugby.com/match-centre/283202/team-stats,283202,202401,Bath Rugby,home,23,195208,Miles Reid,sub 8,replacement
https://www.premiershiprugby.com/match-centre/283202/team-stats,283202,202401,Bath Rugby,home,14,179563,Joe Cokanasiga,right wing,starter
https://www.premiershiprugby.com/match-centre/283202/team-stats,283202,202401,Bath Rugby,home,12,154219,Cameron Redpath,inside centre,starter
https://www.premiershiprugby.com/match-centre/283202/team-stats,283202,202401,Bath Rugby,home,18,108714,Will Stuart,sub 3,replacement
https://www.premiershiprugby.com/match-centre/283202/team-stats,283202,202401,Bath Rugby,home,13,131724,Ollie Lawrence,outside centre,starter
https://www.premiershiprugby.com/match-centre/283202/team-stats,283202,202401,Bath Rugby,home,8,145484,Alfie Barbeary,number eight,starter
https://www.premiershiprugby.com/match-centre/283202/team-stats,283202,202401,Bath Rugby,home,7,112684,Guy Pepper,flanker,starter
https://www.premiershiprugby.com/match-centre/283202/team-stats,283202,202401,Bath Rugby,home,1,130283,Beno Obano,loosehead prop,starter
https://www.premiershiprugby.com/match-centre/283202/team-stats,283202,202401,Bath Rugby,home,16,143754,Niall Annett,sub 1,replacement
https://www.premiershiprugby.com/match-centre/283202/team-stats,283202,202401,Bath Rugby,home,9,111662,Ben Spencer,scrum half,starter
https://www.premiershiprugby.com/match-centre/283202/team-stats,283202,202401,Bath Rugby,home,11,160272,Will Muir,left wing,starter
https://www.premiershiprugby.com/match-centre/283202/team-stats,283202,202401,Bath Rugby,home,21,202868,Louis Schreuder,sub 6,replacement
https://www.premiershiprugby.com/match-centre/283202/team-stats,283202,202401,Bath Rugby,home,2,225778,Tom Dunn,hooker,starter
https://www.premiershiprugby.com/match-centre/283202/team-stats,283202,202401,Bath Rugby,home,6,184945,Ted Hill,flanker,starter
https://www.premiershiprugby.com/match-centre/283202/team-stats,283202,202401,Bath Rugby,home,17,116821,Francois van Wyk,sub 2,replacement
https://www.premiershiprugby.com/match-centre/283202/team-stats,283202,202401,Bath Rugby,home,19,105205,Ross Molony,sub 4,replacement
https://www.premiershiprugby.com/match-centre/283202/team-stats,283202,202401,Bath Rugby,home,3,104572,Thomas du Toit,tighthead prop,starter
https://www.premiershiprugby.com/match-centre/283202/team-stats,283202,202401,Bath Rugby,home,4,203360,Quinn Roux,second row,starter
https://www.premiershiprugby.com/match-centre/283202/team-stats,283202,202401,Bath Rugby,home,5,196415,Charlie Ewels,second row,starter
https://www.premiershiprugby.com/match-centre/283202/team-stats,283202,202401,Bath Rugby,home,15,153790,Tom de Glanville,full back,starter
https://www.premiershiprugby.com/match-centre/283202/team-stats,283202,202401,Saracens,away,12,116514,Olly Hartley,inside centre,starter
https://www.premiershiprugby.com/match-centre/283202/team-stats,283202,202401,Saracens,away,11,170435,Rotimi Segun,left wing,starter
https://www.premiershiprugby.com/match-centre/283202/team-stats,283202,202401,Saracens,away,2,160801,Jamie George,hooker,starter
https://www.premiershiprugby.com/match-centre/283202/team-stats,283202,202401,Saracens,away,19,218727,Harry Wilson,sub 4,replacement
https://www.premiershiprugby.com/match-centre/283202/team-stats,283202,202401,Saracens,away,1,117639,Phil Brantingham,loosehead prop,starter
https://www.premiershiprugby.com/match-centre/283202/team-stats,283202,202401,Saracens,away,8,209612,Ben Earl,number eight,starter
https://www.premiershiprugby.com/match-centre/283202/team-stats,283202,202401,Saracens,away,16,138027,Kapeli Pifeleti,sub 1,replacement
https://www.premiershiprugby.com/match-centre/283202/team-stats,283202,202401,Saracens,away,7,111209,Toby Knight,flanker,starter
https://www.premiershiprugby.com/match-centre/283202/team-stats,283202,202401,Saracens,away,20,132812,Nathan Michelow,sub 5,replacement
https://www.premiershiprugby.com/match-centre/283202/team-stats,283202,202401,Saracens,away,17,103821,Eroni Mawi,sub 2,replacement
https://www.premiershiprugby.com/match-centre/283202/team-stats,283202,202401,Saracens,away,3,198766,Fraser Balmain,tighthead prop,starter
https://www.premiershiprugby.com/match-centre/283202/team-stats,283202,202401,Saracens,away,18,142606,Alec Clarey,sub 3,replacement
https://www.premiershiprugby.com/match-centre/283202/team-stats,283202,202401,Saracens,away,22,202925,Sam Spink,sub 7,replacement
https://www.premiershiprugby.com/match-centre/283202/team-stats,283202,202401,Saracens,away,4,155409,Maro Itoje,second row,starter
https://www.premiershiprugby.com/match-centre/283202/team-stats,283202,202401,Saracens,away,21,185080,Ivan van Zyl,sub 6,replacement
https://www.premiershiprugby.com/match-centre/283202/team-stats,283202,202401,Saracens,away,14,204054,Tobias Elliott,right wing,starter
https://www.premiershiprugby.com/match-centre/283202/team-stats,283202,202401,Saracens,away,6,237366,Theo McFarland,flanker,starter
https://www.premiershiprugby.com/match-centre/283202/team-stats,283202,202401,Saracens,away,15,108953,Liam Williams,full back,starter
https://www.premiershiprugby.com/match-centre/283202/team-stats,283202,202401,Saracens,away,9,177055,Gareth Simpson,scrum half,starter
https://www.premiershiprugby.com/match-centre/283202/team-stats,283202,202401,Saracens,away,5,214751,Nick Isiekwe,second row,starter
https://www.premiershiprugby.com/match-centre/283202/team-stats,283202,202401,Saracens,away,23,244799,Angus Hall,sub 8,replacement
https://www.premiershiprugby.com/match-centre/283202/team-stats,283202,202401,Saracens,away,10,136509,Fergus Burke,fly half,starter
https://www.premiershiprugby.com/match-centre/283202/team-stats,283202,202401,Saracens,away,13,114687,Alex Lozowski,outside centre,starter
https://www.premiershiprugby.com/match-centre/283210/team-stats,283210,202401,Northampton Saints,home,1,177699,Tom West,loosehead prop,starter
https://www.premiershiprugby.com/match-centre/283210/team-stats,283210,202401,Northampton Saints,home,13,200195,Fraser Dingwall,outside centre,starter
https://www.premiershiprugby.com/match-centre/283210/team-stats,283210,202401,Northampton Saints,home,23,117441,Tom Seabrook,sub 8,replacement
https://www.premiershiprugby.com/match-centre/283210/team-stats,283210,202401,Northampton Saints,home,19,195010,Tom Lockett,sub 4,replacement
https://www.premiershiprugby.com/match-centre/283210/team-stats,283210,202401,Northampton Saints,home,18,127592,Luke Green,sub 3,replacement
https://www.premiershiprugby.com/match-centre/283210/team-stats,283210,202401,Northampton Saints,home,11,178796,James Ramm,left wing,starter
https://www.premiershiprugby.com/match-centre/283210/team-stats,283210,202401,Northampton Saints,home,5,173801,Alex Coles,second row,starter
https://www.premiershiprugby.com/match-centre/283210/team-stats,283210,202401,Northampton Saints,home,8,199728,Juarno Augustus,number eight,starter
https://www.premiershiprugby.com/match-centre/283210/team-stats,283210,202401,Northampton Saints,home,21,125486,Angus Scott-Young,sub 6,replacement
https://www.premiershiprugby.com/match-centre/283210/team-stats,283210,202401,Northampton Saints,home,20,239634,Henry Pollock,sub 5,replacement
https://www.premiershiprugby.com/match-centre/283210/team-stats,283210,202401,Northampton Saints,home,3,102707,Trevor Davison,tighthead prop,starter
https://www.premiershiprugby.com/match-centre/283210/team-stats,283210,202401,Northampton Saints,home,16,185586,Henry Walker,sub 1,replacement
https://www.premiershiprugby.com/match-centre/283210/team-stats,283210,202401,Northampton Saints,home,22,239345,Archie McParland,sub 7,replacement
https://www.premiershiprugby.com/match-centre/283210/team-stats,283210,202401,Northampton Saints,home,9,177559,Alex Mitchell,scrum half,starter
https://www.premiershiprugby.com/match-centre/283210/team-stats,283210,202401,Northampton Saints,home,12,109816,Rory Hutchinson,inside centre,starter
https://www.premiershiprugby.com/match-centre/283210/team-stats,283210,202401,Northampton Saints,home,2,111416,Curtis Langdon,hooker,starter
https://www.premiershiprugby.com/match-centre/283210/team-stats,283210,202401,Northampton Saints,home,14,156918,Tommy Freeman,right wing,starter
https://www.premiershiprugby.com/match-centre/283210/team-stats,283210,202401,Northampton Saints,home,17,104471,Tareq Haffar,sub 2,replacement
https://www.premiershiprugby.com/match-centre/283210/team-stats,283210,202401,Northampton Saints,home,6,166428,Josh Kemeny,flanker,starter
https://www.premiershiprugby.com/match-centre/283210/team-stats,283210,202401,Northampton Saints,home,7,219643,Tom Pearson,flanker,starter
https://www.premiershiprugby.com/match-centre/283210/team-stats,283210,202401,Northampton Saints,home,10,137626,Fin Smith,fly half,starter
https://www.premiershiprugby.com/match-centre/283210/team-stats,283210,202401,Northampton Saints,home,15,238687,George Hendy,full back,starter
https://www.premiershiprugby.com/match-centre/283210/team-stats,283210,202401,Northampton Saints,home,4,152990,Temo Mayanavanua,second row,starter
https://www.premiershiprugby.com/match-centre/283210/team-stats,283210,202401,Bath Rugby,away,12,175011,Max Ojomoh,inside centre,starter
https://www.premiershiprugby.com/match-centre/283210/team-stats,283210,202401,Bath Rugby,away,20,104322,Sam Underhill,sub 5,replacement
https://www.premiershiprugby.com/match-centre/283210/team-stats,283210,202401,Bath Rugby,away,10,157863,Finn Russell,fly half,starter
https://www.premiershiprugby.com/match-centre/283210/team-stats,283210,202401,Bath Rugby,away,7,195208,Miles Reid,flanker,starter
https://www.premiershiprugby.com/match-centre/283210/team-stats,283210,202401,Bath Rugby,away,14,179563,Joe Cokanasiga,right wing,starter
https://www.premiershiprugby.com/match-centre/283210/team-stats,283210,202401,Bath Rugby,away,3,108714,Will Stuart,tighthead prop,starter
https://www.premiershiprugby.com/match-centre/283210/team-stats,283210,202401,Bath Rugby,away,13,131724,Ollie Lawrence,outside centre,starter
https://www.premiershiprugby.com/match-centre/283210/team-stats,283210,202401,Bath Rugby,away,8,145484,Alfie Barbeary,number eight,starter
https://www.premiershiprugby.com/match-centre/283210/team-stats,283210,202401,Bath Rugby,away,6,112684,Guy Pepper,flanker,starter
https://www.premiershiprugby.com/match-centre/283210/team-stats,283210,202401,Bath Rugby,away,1,130283,Beno Obano,loosehead prop,starter
https://www.premiershiprugby.com/match-centre/283210/team-stats,283210,202401,Bath Rugby,away,9,111662,Ben Spencer,scrum half,starter
https://www.premiershiprugby.com/match-centre/283210/team-stats,283210,202401,Bath Rugby,away,11,160272,Will Muir,left wing,starter
https://www.premiershiprugby.com/match-centre/283210/team-stats,283210,202401,Bath Rugby,away,21,202868,Louis Schreuder,sub 6,replacement
https://www.premiershiprugby.com/match-centre/283210/team-stats,283210,202401,Bath Rugby,away,16,243059,Kepu Tuipulotu,sub 1,replacement
https://www.premiershiprugby.com/match-centre/283210/team-stats,283210,202401,Bath Rugby,away,2,225778,Tom Dunn,hooker,starter
https://www.premiershiprugby.com/match-centre/283210/team-stats,283210,202401,Bath Rugby,away,5,105205,Ross Molony,second row,starter
https://www.premiershiprugby.com/match-centre/283210/team-stats,283210,202401,Bath Rugby,away,17,116821,Francois van Wyk,sub 2,replacement
https://www.premiershiprugby.com/match-centre/283210/team-stats,283210,202401,Bath Rugby,away,15,220475,Orlando Bailey,full back,starter
https://www.premiershiprugby.com/match-centre/283210/team-stats,283210,202401,Bath Rugby,away,18,104572,Thomas du Toit,sub 3,replacement
https://www.premiershiprugby.com/match-centre/283210/team-stats,283210,202401,Bath Rugby,away,23,155514,Jaco Coetzee,sub 8,replacement
https://www.premiershiprugby.com/match-centre/283210/team-stats,283210,202401,Bath Rugby,away,4,203360,Quinn Roux,second row,starter
https://www.premiershiprugby.com/match-centre/283210/team-stats,283210,202401,Bath Rugby,away,19,196415,Charlie Ewels,sub 4,replacement
https://www.premiershiprugby.com/match-centre/283210/team-stats,283210,202401,Bath Rugby,away,22,100192,Josh Bayliss,sub 7,replacement
https://www.premiershiprugby.com/match-centre/283215/team-stats,283215,202401,Sale Sharks,home,12,212196,Rekeiti Ma'asi-White,inside centre,starter
https://www.premiershiprugby.com/match-centre/283215/team-stats,283215,202401,Sale Sharks,home,4,212707,Ernst van Rhyn,second row,starter
https://www.premiershiprugby.com/match-centre/283215/team-stats,283215,202401,Sale Sharks,home,5,100995,Hyron Andrews,second row,starter
https://www.premiershiprugby.com/match-centre/283215/team-stats,283215,202401,Sale Sharks,home,19,137093,Jonny Hill,sub 4,replacement
https://www.premiershiprugby.com/match-centre/283215/team-stats,283215,202401,Sale Sharks,home,14,216069,Tom O'Flaherty,right wing,starter
https://www.premiershiprugby.com/match-centre/283215/team-stats,283215,202401,Sale Sharks,home,6,207429,Jean-Luc du Preez,flanker,starter
https://www.premiershiprugby.com/match-centre/283215/team-stats,283215,202401,Sale Sharks,home,3,165484,Willgriff John,tighthead prop,starter
https://www.premiershiprugby.com/match-centre/283215/team-stats,283215,202401,Sale Sharks,home,8,169770,Dan du Preez,number eight,starter
https://www.premiershiprugby.com/match-centre/283215/team-stats,283215,202401,Sale Sharks,home,16,206761,Tadgh McElroy,sub 1,replacement
https://www.premiershiprugby.com/match-centre/283215/team-stats,283215,202401,Sale Sharks,home,9,100557,Gus Warr,scrum half,starter
https://www.premiershiprugby.com/match-centre/283215/team-stats,283215,202401,Sale Sharks,home,11,113103,Arron Reed,left wing,starter
https://www.premiershiprugby.com/match-centre/283215/team-stats,283215,202401,Sale Sharks,home,2,109874,Ethan Caine,hooker,starter
https://www.premiershiprugby.com/match-centre/283215/team-stats,283215,202401,Sale Sharks,home,18,239473,Tye Raymont,sub 3,replacement
https://www.premiershiprugby.com/match-centre/283215/team-stats,283215,202401,Sale Sharks,home,10,199800,Rob du Preez,fly half,starter
https://www.premiershiprugby.com/match-centre/283215/team-stats,283215,202401,Sale Sharks,home,15,203831,Joe Carpenter,full back,starter
https://www.premiershiprugby.com/match-centre/283215/team-stats,283215,202401,Sale Sharks,home,7,205975,Sam Dugdale,flanker,starter
https://www.premiershiprugby.com/match-centre/283215/team-stats,283215,202401,Sale Sharks,home,17,147029,Tumy Onasanya,sub 2,replacement
https://www.premiershiprugby.com/match-centre/283215/team-stats,283215,202401,Sale Sharks,home,21,170933,Nye Thomas,sub 6,replacement
https://www.premiershiprugby.com/match-centre/283215/team-stats,283215,202401,Sale Sharks,home,22,239510,Alex Wills,sub 7,replacement
https://www.premiershiprugby.com/match-centre/283215/team-stats,283215,202401,Sale Sharks,home,1,221308,Si McIntyre,loosehead prop,starter
https://www.premiershiprugby.com/match-centre/283215/team-stats,283215,202401,Sale Sharks,home,20,131065,Ben Bamber,sub 5,replacement
https://www.premiershiprugby.com/match-centre/283215/team-stats,283215,202401,Sale Sharks,home,23,191866,Sam Bedlow,sub 8,replacement
https://www.premiershiprugby.com/match-centre/283215/team-stats,283215,202401,Sale Sharks,home,13,168031,Will Addison,outside centre,starter
https://www.premiershiprugby.com/match-centre/283215/team-stats,283215,202401,Bath Rugby,away,13,175011,Max Ojomoh,outside centre,starter
https://www.premiershiprugby.com/match-centre/283215/team-stats,283215,202401,Bath Rugby,away,12,210178,Will Butt,inside centre,starter
https://www.premiershiprugby.com/match-centre/283215/team-stats,283215,202401,Bath Rugby,away,21,156834,Tom Carr-Smith,sub 6,replacement
https://www.premiershiprugby.com/match-centre/283215/team-stats,283215,202401,Bath Rugby,away,10,157863,Finn Russell,fly half,starter
https://www.premiershiprugby.com/match-centre/283215/team-stats,283215,202401,Bath Rugby,away,7,195208,Miles Reid,flanker,starter
https://www.premiershiprugby.com/match-centre/283215/team-stats,283215,202401,Bath Rugby,away,14,179563,Joe Cokanasiga,right wing,starter
https://www.premiershiprugby.com/match-centre/283215/team-stats,283215,202401,Bath Rugby,away,8,145484,Alfie Barbeary,number eight,starter
https://www.premiershiprugby.com/match-centre/283215/team-stats,283215,202401,Bath Rugby,away,1,130283,Beno Obano,loosehead prop,starter
https://www.premiershiprugby.com/match-centre/283215/team-stats,283215,202401,Bath Rugby,away,2,143754,Niall Annett,hooker,starter
https://www.premiershiprugby.com/match-centre/283215/team-stats,283215,202401,Bath Rugby,away,9,202868,Louis Schreuder,scrum half,starter
https://www.premiershiprugby.com/match-centre/283215/team-stats,283215,202401,Bath Rugby,away,16,225778,Tom Dunn,sub 1,replacement
https://www.premiershiprugby.com/match-centre/283215/team-stats,283215,202401,Bath Rugby,away,17,116821,Francois van Wyk,sub 2,replacement
https://www.premiershiprugby.com/match-centre/283215/team-stats,283215,202401,Bath Rugby,away,19,105205,Ross Molony,sub 4,replacement
https://www.premiershiprugby.com/match-centre/283215/team-stats,283215,202401,Bath Rugby,away,20,217750,Ewan Richards,sub 5,replacement
https://www.premiershiprugby.com/match-centre/283215/team-stats,283215,202401,Bath Rugby,away,11,112538,Ruaridh McConnochie,left wing,starter
https://www.premiershiprugby.com/match-centre/283215/team-stats,283215,202401,Bath Rugby,away,18,239292,Billy Sela,sub 3,replacement
https://www.premiershiprugby.com/match-centre/283215/team-stats,283215,202401,Bath Rugby,away,22,220475,Orlando Bailey,sub 7,replacement
https://www.premiershiprugby.com/match-centre/283215/team-stats,283215,202401,Bath Rugby,away,3,104572,Thomas du Toit,tighthead prop,starter
https://www.premiershiprugby.com/match-centre/283215/team-stats,283215,202401,Bath Rugby,away,23,155514,Jaco Coetzee,sub 8,replacement
https://www.premiershiprugby.com/match-centre/283215/team-stats,283215,202401,Bath Rugby,away,4,203360,Quinn Roux,second row,starter
https://www.premiershiprugby.com/match-centre/283215/team-stats,283215,202401,Bath Rugby,away,5,196415,Charlie Ewels,second row,starter
https://www.premiershiprugby.com/match-centre/283215/team-stats,283215,202401,Bath Rugby,away,6,100192,Josh Bayliss,flanker,starter
https://www.premiershiprugby.com/match-centre/283215/team-stats,283215,202401,Bath Rugby,away,15,153790,Tom de Glanville,full back,starter
https://www.premiershiprugby.com/match-centre/283216/team-stats,283216,202401,Bath Rugby,home,13,175011,Max Ojomoh,outside centre,starter
https://www.premiershiprugby.com/match-centre/283216/team-stats,283216,202401,Bath Rugby,home,20,104322,Sam Underhill,sub 5,replacement
https://www.premiershiprugby.com/match-centre/283216/team-stats,283216,202401,Bath Rugby,home,22,210178,Will Butt,sub 7,replacement
https://www.premiershiprugby.com/match-centre/283216/team-stats,283216,202401,Bath Rugby,home,10,157863,Finn Russell,fly half,starter
https://www.premiershiprugby.com/match-centre/283216/team-stats,283216,202401,Bath Rugby,home,12,154219,Cameron Redpath,inside centre,starter
https://www.premiershiprugby.com/match-centre/283216/team-stats,283216,202401,Bath Rugby,home,18,108714,Will Stuart,sub 3,replacement
https://www.premiershiprugby.com/match-centre/283216/team-stats,283216,202401,Bath Rugby,home,8,145484,Alfie Barbeary,number eight,starter
https://www.premiershiprugby.com/match-centre/283216/team-stats,283216,202401,Bath Rugby,home,7,112684,Guy Pepper,flanker,starter
https://www.premiershiprugby.com/match-centre/283216/team-stats,283216,202401,Bath Rugby,home,1,130283,Beno Obano,loosehead prop,starter
https://www.premiershiprugby.com/match-centre/283216/team-stats,283216,202401,Bath Rugby,home,16,143754,Niall Annett,sub 1,replacement
https://www.premiershiprugby.com/match-centre/283216/team-stats,283216,202401,Bath Rugby,home,9,111662,Ben Spencer,scrum half,starter
https://www.premiershiprugby.com/match-centre/283216/team-stats,283216,202401,Bath Rugby,home,11,160272,Will Muir,left wing,starter
https://www.premiershiprugby.com/match-centre/283216/team-stats,283216,202401,Bath Rugby,home,21,202868,Louis Schreuder,sub 6,replacement
https://www.premiershiprugby.com/match-centre/283216/team-stats,283216,202401,Bath Rugby,home,2,225778,Tom Dunn,hooker,starter
https://www.premiershiprugby.com/match-centre/283216/team-stats,283216,202401,Bath Rugby,home,19,184945,Ted Hill,sub 4,replacement
https://www.premiershiprugby.com/match-centre/283216/team-stats,283216,202401,Bath Rugby,home,17,116821,Francois van Wyk,sub 2,replacement
https://www.premiershiprugby.com/match-centre/283216/team-stats,283216,202401,Bath Rugby,home,14,112538,Ruaridh McConnochie,right wing,starter
https://www.premiershiprugby.com/match-centre/283216/team-stats,283216,202401,Bath Rugby,home,3,104572,Thomas du Toit,tighthead prop,starter
https://www.premiershiprugby.com/match-centre/283216/team-stats,283216,202401,Bath Rugby,home,23,155514,Jaco Coetzee,sub 8,replacement
https://www.premiershiprugby.com/match-centre/283216/team-stats,283216,202401,Bath Rugby,home,4,203360,Quinn Roux,second row,starter
https://www.premiershiprugby.com/match-centre/283216/team-stats,283216,202401,Bath Rugby,home,5,196415,Charlie Ewels,second row,starter
https://www.premiershiprugby.com/match-centre/283216/team-stats,283216,202401,Bath Rugby,home,6,100192,Josh Bayliss,flanker,starter
https://www.premiershiprugby.com/match-centre/283216/team-stats,283216,202401,Bath Rugby,home,15,153790,Tom de Glanville,full back,starter
https://www.premiershiprugby.com/match-centre/283216/team-stats,283216,202401,Gloucester Rugby,away,23,241026,Josh Hathaway,sub 8,replacement
https://www.premiershiprugby.com/match-centre/283216/team-stats,283216,202401,Gloucester Rugby,away,21,201697,Caolan Englefield,sub 6,replacement
https://www.premiershiprugby.com/match-centre/283216/team-stats,283216,202401,Gloucester Rugby,away,19,120165,Cameron Jordan,sub 4,replacement
https://www.premiershiprugby.com/match-centre/283216/team-stats,283216,202401,Gloucester Rugby,away,11,186214,Max Llewellyn,left wing,starter
https://www.premiershiprugby.com/match-centre/283216/team-stats,283216,202401,Gloucester Rugby,away,6,113799,Jack Clement,flanker,starter
https://www.premiershiprugby.com/match-centre/283216/team-stats,283216,202401,Gloucester Rugby,away,9,133163,Tomos Williams,scrum half,starter
https://www.premiershiprugby.com/match-centre/283216/team-stats,283216,202401,Gloucester Rugby,away,5,196875,Freddie Thomas,second row,starter
https://www.premiershiprugby.com/match-centre/283216/team-stats,283216,202401,Gloucester Rugby,away,14,166601,Christian Wade,right wing,starter
https://www.premiershiprugby.com/match-centre/283216/team-stats,283216,202401,Gloucester Rugby,away,22,123243,Charlie Atkinson,sub 7,replacement
https://www.premiershiprugby.com/match-centre/283216/team-stats,283216,202401,Gloucester Rugby,away,13,196656,Chris Harris,outside centre,starter
https://www.premiershiprugby.com/match-centre/283216/team-stats,283216,202401,Gloucester Rugby,away,20,137423,Harry Taylor,sub 5,replacement
https://www.premiershiprugby.com/match-centre/283216/team-stats,283216,202401,Gloucester Rugby,away,12,109648,Seb Atkinson,inside centre,starter
https://www.premiershiprugby.com/match-centre/283216/team-stats,283216,202401,Gloucester Rugby,away,4,203694,Freddie Clarke,second row,starter
https://www.premiershiprugby.com/match-centre/283216/team-stats,283216,202401,Gloucester Rugby,away,8,191662,Ruan Ackermann,number eight,starter
https://www.premiershiprugby.com/match-centre/283216/team-stats,283216,202401,Gloucester Rugby,away,1,189971,Ciaran Knight,loosehead prop,starter
https://www.premiershiprugby.com/match-centre/283216/team-stats,283216,202401,Gloucester Rugby,away,15,133265,George Barton,full back,starter
https://www.premiershiprugby.com/match-centre/283216/team-stats,283216,202401,Gloucester Rugby,away,18,201234,Kirill Gotovtsev,sub 3,replacement
https://www.premiershiprugby.com/match-centre/283216/team-stats,283216,202401,Gloucester Rugby,away,2,137490,Seb Blake,hooker,starter
https://www.premiershiprugby.com/match-centre/283216/team-stats,283216,202401,Gloucester Rugby,away,7,209756,Lewis Ludlow,flanker,starter
https://www.premiershiprugby.com/match-centre/283216/team-stats,283216,202401,Gloucester Rugby,away,3,239418,Afolabi Fasogbon,tighthead prop,starter
https://www.premiershiprugby.com/match-centre/283216/team-stats,283216,202401,Gloucester Rugby,away,16,122972,Jack Singleton,sub 1,replacement
https://www.premiershiprugby.com/match-centre/283216/team-stats,283216,202401,Gloucester Rugby,away,17,213184,Val Rapava Ruskin,sub 2,replacement
https://www.premiershiprugby.com/match-centre/283216/team-stats,283216,202401,Gloucester Rugby,away,10,189982,Santiago Carreras,fly half,starter
https://www.premiershiprugby.com/match-centre/283221/team-stats,283221,202401,Bath Rugby,home,13,175011,Max Ojomoh,outside centre,starter
https://www.premiershiprugby.com/match-centre/283221/team-stats,283221,202401,Bath Rugby,home,20,104322,Sam Underhill,sub 5,replacement
https://www.premiershiprugby.com/match-centre/283221/team-stats,283221,202401,Bath Rugby,home,22,210178,Will Butt,sub 7,replacement
https://www.premiershiprugby.com/match-centre/283221/team-stats,283221,202401,Bath Rugby,home,21,156834,Tom Carr-Smith,sub 6,replacement
https://www.premiershiprugby.com/match-centre/283221/team-stats,283221,202401,Bath Rugby,home,10,157863,Finn Russell,fly half,starter
https://www.premiershiprugby.com/match-centre/283221/team-stats,283221,202401,Bath Rugby,home,7,195208,Miles Reid,flanker,starter
https://www.premiershiprugby.com/match-centre/283221/team-stats,283221,202401,Bath Rugby,home,14,179563,Joe Cokanasiga,right wing,starter
https://www.premiershiprugby.com/match-centre/283221/team-stats,283221,202401,Bath Rugby,home,12,154219,Cameron Redpath,inside centre,starter
https://www.premiershiprugby.com/match-centre/283221/team-stats,283221,202401,Bath Rugby,home,3,108714,Will Stuart,tighthead prop,starter
https://www.premiershiprugby.com/match-centre/283221/team-stats,283221,202401,Bath Rugby,home,8,145484,Alfie Barbeary,number eight,starter
https://www.premiershiprugby.com/match-centre/283221/team-stats,283221,202401,Bath Rugby,home,19,112684,Guy Pepper,sub 4,replacement
https://www.premiershiprugby.com/match-centre/283221/team-stats,283221,202401,Bath Rugby,home,1,130283,Beno Obano,loosehead prop,starter
https://www.premiershiprugby.com/match-centre/283221/team-stats,283221,202401,Bath Rugby,home,16,143754,Niall Annett,sub 1,replacement
https://www.premiershiprugby.com/match-centre/283221/team-stats,283221,202401,Bath Rugby,home,9,111662,Ben Spencer,scrum half,starter
https://www.premiershiprugby.com/match-centre/283221/team-stats,283221,202401,Bath Rugby,home,11,160272,Will Muir,left wing,starter
https://www.premiershiprugby.com/match-centre/283221/team-stats,283221,202401,Bath Rugby,home,2,225778,Tom Dunn,hooker,starter
https://www.premiershiprugby.com/match-centre/283221/team-stats,283221,202401,Bath Rugby,home,6,184945,Ted Hill,flanker,starter
https://www.premiershiprugby.com/match-centre/283221/team-stats,283221,202401,Bath Rugby,home,4,105205,Ross Molony,second row,starter
https://www.premiershiprugby.com/match-centre/283221/team-stats,283221,202401,Bath Rugby,home,17,116821,Francois van Wyk,sub 2,replacement
https://www.premiershiprugby.com/match-centre/283221/team-stats,283221,202401,Bath Rugby,home,18,104572,Thomas du Toit,sub 3,replacement
https://www.premiershiprugby.com/match-centre/283221/team-stats,283221,202401,Bath Rugby,home,23,155514,Jaco Coetzee,sub 8,replacement
https://www.premiershiprugby.com/match-centre/283221/team-stats,283221,202401,Bath Rugby,home,5,196415,Charlie Ewels,second row,starter
https://www.premiershiprugby.com/match-centre/283221/team-stats,283221,202401,Bath Rugby,home,15,153790,Tom de Glanville,full back,starter
https://www.premiershiprugby.com/match-centre/283221/team-stats,283221,202401,Harlequins,away,17,140419,Jordan Els,sub 2,replacement
https://www.premiershiprugby.com/match-centre/283221/team-stats,283221,202401,Harlequins,away,16,149058,Sam Riley,sub 1,replacement
https://www.premiershiprugby.com/match-centre/283221/team-stats,283221,202401,Harlequins,away,22,206497,Danny Care,sub 7,replacement
https://www.premiershiprugby.com/match-centre/283221/team-stats,283221,202401,Harlequins,away,9,142312,Will Porter,scrum half,starter
https://www.premiershiprugby.com/match-centre/283221/team-stats,283221,202401,Harlequins,away,5,140680,Stephan Lewies,second row,starter
https://www.premiershiprugby.com/match-centre/283221/team-stats,283221,202401,Harlequins,away,2,137125,Jack Walker,hooker,starter
https://www.premiershiprugby.com/match-centre/283221/team-stats,283221,202401,Harlequins,away,23,159436,Jamie Benson,sub 8,replacement
https://www.premiershiprugby.com/match-centre/283221/team-stats,283221,202401,Harlequins,away,13,178025,Oscar Beard,outside centre,starter
https://www.premiershiprugby.com/match-centre/283221/team-stats,283221,202401,Harlequins,away,3,190858,Titi Lamositele,tighthead prop,starter
https://www.premiershiprugby.com/match-centre/283221/team-stats,283221,202401,Harlequins,away,4,203721,Irne Herbst,second row,starter
https://www.premiershiprugby.com/match-centre/283221/team-stats,283221,202401,Harlequins,away,12,218605,Luke Northmore,inside centre,starter
https://www.premiershiprugby.com/match-centre/283221/team-stats,283221,202401,Harlequins,away,10,189326,Marcus Smith,fly half,starter
https://www.premiershiprugby.com/match-centre/283221/team-stats,283221,202401,Harlequins,away,1,213459,Fin Baxter,loosehead prop,starter
https://www.premiershiprugby.com/match-centre/283221/team-stats,283221,202401,Harlequins,away,15,182642,Tyrone Green,full back,starter
https://www.premiershiprugby.com/match-centre/283221/team-stats,283221,202401,Harlequins,away,6,175826,Jack Kenningham,flanker,starter
https://www.premiershiprugby.com/match-centre/283221/team-stats,283221,202401,Harlequins,away,8,240631,Chandler Cunningham-South,number eight,starter
https://www.premiershiprugby.com/match-centre/283221/team-stats,283221,202401,Harlequins,away,11,137369,Nick David,left wing,starter
https://www.premiershiprugby.com/match-centre/283221/team-stats,283221,202401,Harlequins,away,19,132185,Joe Launchbury,sub 4,replacement
https://www.premiershiprugby.com/match-centre/283221/team-stats,283221,202401,Harlequins,away,20,158074,George Hammond,sub 5,replacement
https://www.premiershiprugby.com/match-centre/283221/team-stats,283221,202401,Harlequins,away,21,243129,Lucas Schmid,sub 6,replacement
https://www.premiershiprugby.com/match-centre/283221/team-stats,283221,202401,Harlequins,away,7,144543,Tom Lawday,flanker,starter
https://www.premiershiprugby.com/match-centre/283221/team-stats,283221,202401,Harlequins,away,14,194110,Rodrigo Isgro,right wing,starter
https://www.premiershiprugby.com/match-centre/283221/team-stats,283221,202401,Harlequins,away,18,111583,Wyn Jones,sub 3,replacement
https://www.premiershiprugby.com/match-centre/283227/team-stats,283227,202401,Exeter Chiefs,home,6,169636,Martin Moloney,flanker,starter
https://www.premiershiprugby.com/match-centre/283227/team-stats,283227,202401,Exeter Chiefs,home,14,102180,Ben Hammersley,right wing,starter
https://www.premiershiprugby.com/match-centre/283227/team-stats,283227,202401,Exeter Chiefs,home,11,251397,Paul Brown-Bampoe,left wing,starter
https://www.premiershiprugby.com/match-centre/283227/team-stats,283227,202401,Exeter Chiefs,home,17,157036,Kwenzo Blose,sub 2,replacement
https://www.premiershiprugby.com/match-centre/283227/team-stats,283227,202401,Exeter Chiefs,home,12,197546,Joe Hawkins,inside centre,starter
https://www.premiershiprugby.com/match-centre/283227/team-stats,283227,202401,Exeter Chiefs,home,9,208783,Tom Cairns,scrum half,starter
https://www.premiershiprugby.com/match-centre/283227/team-stats,283227,202401,Exeter Chiefs,home,22,125136,Will Haydon-Wood,sub 7,replacement
https://www.premiershiprugby.com/match-centre/283227/team-stats,283227,202401,Exeter Chiefs,home,18,188174,Jimmy Roots,sub 3,replacement
https://www.premiershiprugby.com/match-centre/283227/team-stats,283227,202401,Exeter Chiefs,home,21,243341,Niall Armstrong,sub 6,replacement
https://www.premiershiprugby.com/match-centre/283227/team-stats,283227,202401,Exeter Chiefs,home,19,172979,Jacques Vermeulen,sub 4,replacement
https://www.premiershiprugby.com/match-centre/283227/team-stats,283227,202401,Exeter Chiefs,home,1,224659,Scott Sio,loosehead prop,starter
https://www.premiershiprugby.com/match-centre/283227/team-stats,283227,202401,Exeter Chiefs,home,16,128691,Max Norey,sub 1,replacement
https://www.premiershiprugby.com/match-centre/283227/team-stats,283227,202401,Exeter Chiefs,home,20,237233,Ross Vintcent,sub 5,replacement
https://www.premiershiprugby.com/match-centre/283227/team-stats,283227,202401,Exeter Chiefs,home,15,169495,Josh Hodge,full back,starter
https://www.premiershiprugby.com/match-centre/283227/team-stats,283227,202401,Exeter Chiefs,home,5,237272,Dafydd Jenkins,second row,starter
https://www.premiershiprugby.com/match-centre/283227/team-stats,283227,202401,Exeter Chiefs,home,8,170455,Greg Fisilau,number eight,starter
https://www.premiershiprugby.com/match-centre/283227/team-stats,283227,202401,Exeter Chiefs,home,3,160437,Marcus Street,tighthead prop,starter
https://www.premiershiprugby.com/match-centre/283227/team-stats,283227,202401,Exeter Chiefs,home,4,112986,Rus Tuima,second row,starter
https://www.premiershiprugby.com/match-centre/283227/team-stats,283227,202401,Exeter Chiefs,home,23,243675,Will Rigg,sub 8,replacement
https://www.premiershiprugby.com/match-centre/283227/team-stats,283227,202401,Exeter Chiefs,home,7,213658,Richard Capstick,flanker,starter
https://www.premiershiprugby.com/match-centre/283227/team-stats,283227,202401,Exeter Chiefs,home,10,225024,Harvey Skinner,fly half,starter
https://www.premiershiprugby.com/match-centre/283227/team-stats,283227,202401,Exeter Chiefs,home,13,138016,Henry Slade,outside centre,starter
https://www.premiershiprugby.com/match-centre/283227/team-stats,283227,202401,Exeter Chiefs,home,2,203166,Jack Yeandle,hooker,starter
https://www.premiershiprugby.com/match-centre/283227/team-stats,283227,202401,Bath Rugby,away,13,175011,Max Ojomoh,outside centre,starter
https://www.premiershiprugby.com/match-centre/283227/team-stats,283227,202401,Bath Rugby,away,8,239297,Arthur Green,number eight,starter
https://www.premiershiprugby.com/match-centre/283227/team-stats,283227,202401,Bath Rugby,away,10,157863,Finn Russell,fly half,starter
https://www.premiershiprugby.com/match-centre/283227/team-stats,283227,202401,Bath Rugby,away,7,195208,Miles Reid,flanker,starter
https://www.premiershiprugby.com/match-centre/283227/team-stats,283227,202401,Bath Rugby,away,12,154219,Cameron Redpath,inside centre,starter
https://www.premiershiprugby.com/match-centre/283227/team-stats,283227,202401,Bath Rugby,away,18,108714,Will Stuart,sub 3,replacement
https://www.premiershiprugby.com/match-centre/283227/team-stats,283227,202401,Bath Rugby,away,23,145484,Alfie Barbeary,sub 8,replacement
https://www.premiershiprugby.com/match-centre/283227/team-stats,283227,202401,Bath Rugby,away,2,143754,Niall Annett,hooker,starter
https://www.premiershiprugby.com/match-centre/283227/team-stats,283227,202401,Bath Rugby,away,17,130283,Beno Obano,sub 2,replacement
https://www.premiershiprugby.com/match-centre/283227/team-stats,283227,202401,Bath Rugby,away,9,111662,Ben Spencer,scrum half,starter
https://www.premiershiprugby.com/match-centre/283227/team-stats,283227,202401,Bath Rugby,away,11,160272,Will Muir,left wing,starter
https://www.premiershiprugby.com/match-centre/283227/team-stats,283227,202401,Bath Rugby,away,21,202868,Louis Schreuder,sub 6,replacement
https://www.premiershiprugby.com/match-centre/283227/team-stats,283227,202401,Bath Rugby,away,16,225778,Tom Dunn,sub 1,replacement
https://www.premiershiprugby.com/match-centre/283227/team-stats,283227,202401,Bath Rugby,away,20,184945,Ted Hill,sub 5,replacement
https://www.premiershiprugby.com/match-centre/283227/team-stats,283227,202401,Bath Rugby,away,1,116821,Francois van Wyk,loosehead prop,starter
https://www.premiershiprugby.com/match-centre/283227/team-stats,283227,202401,Bath Rugby,away,19,105205,Ross Molony,sub 4,replacement
https://www.premiershiprugby.com/match-centre/283227/team-stats,283227,202401,Bath Rugby,away,4,217750,Ewan Richards,second row,starter
https://www.premiershiprugby.com/match-centre/283227/team-stats,283227,202401,Bath Rugby,away,14,112538,Ruaridh McConnochie,right wing,starter
https://www.premiershiprugby.com/match-centre/283227/team-stats,283227,202401,Bath Rugby,away,22,220475,Orlando Bailey,sub 7,replacement
https://www.premiershiprugby.com/match-centre/283227/team-stats,283227,202401,Bath Rugby,away,3,104572,Thomas du Toit,tighthead prop,starter
https://www.premiershiprugby.com/match-centre/283227/team-stats,283227,202401,Bath Rugby,away,5,196415,Charlie Ewels,second row,starter
https://www.premiershiprugby.com/match-centre/283227/team-stats,283227,202401,Bath Rugby,away,6,100192,Josh Bayliss,flanker,starter
https://www.premiershiprugby.com/match-centre/283227/team-stats,283227,202401,Bath Rugby,away,15,153790,Tom de Glanville,full back,starter
https://www.premiershiprugby.com/match-centre/283231/team-stats,283231,202401,Bath Rugby,home,7,104322,Sam Underhill,flanker,starter
https://www.premiershiprugby.com/match-centre/283231/team-stats,283231,202401,Bath Rugby,home,12,210178,Will Butt,inside centre,starter
https://www.premiershiprugby.com/match-centre/283231/team-stats,283231,202401,Bath Rugby,home,18,187169,Archie Griffin,sub 3,replacement
https://www.premiershiprugby.com/match-centre/283231/team-stats,283231,202401,Bath Rugby,home,10,101123,Ciaran Donoghue,fly half,starter
https://www.premiershiprugby.com/match-centre/283231/team-stats,283231,202401,Bath Rugby,home,9,156834,Tom Carr-Smith,scrum half,starter
https://www.premiershiprugby.com/match-centre/283231/team-stats,283231,202401,Bath Rugby,home,22,157863,Finn Russell,sub 7,replacement
https://www.premiershiprugby.com/match-centre/283231/team-stats,283231,202401,Bath Rugby,home,13,154219,Cameron Redpath,outside centre,starter
https://www.premiershiprugby.com/match-centre/283231/team-stats,283231,202401,Bath Rugby,home,3,108714,Will Stuart,tighthead prop,starter
https://www.premiershiprugby.com/match-centre/283231/team-stats,283231,202401,Bath Rugby,home,8,145484,Alfie Barbeary,number eight,starter
https://www.premiershiprugby.com/match-centre/283231/team-stats,283231,202401,Bath Rugby,home,20,112684,Guy Pepper,sub 5,replacement
https://www.premiershiprugby.com/match-centre/283231/team-stats,283231,202401,Bath Rugby,home,2,143754,Niall Annett,hooker,starter
https://www.premiershiprugby.com/match-centre/283231/team-stats,283231,202401,Bath Rugby,home,15,243600,Austin Emens,full back,starter
https://www.premiershiprugby.com/match-centre/283231/team-stats,283231,202401,Bath Rugby,home,21,202868,Louis Schreuder,sub 6,replacement
https://www.premiershiprugby.com/match-centre/283231/team-stats,283231,202401,Bath Rugby,home,23,243059,Kepu Tuipulotu,sub 8,replacement
https://www.premiershiprugby.com/match-centre/283231/team-stats,283231,202401,Bath Rugby,home,6,184945,Ted Hill,flanker,starter
https://www.premiershiprugby.com/match-centre/283231/team-stats,283231,202401,Bath Rugby,home,16,225778,Tom Dunn,sub 1,replacement
https://www.premiershiprugby.com/match-centre/283231/team-stats,283231,202401,Bath Rugby,home,1,116821,Francois van Wyk,loosehead prop,starter
https://www.premiershiprugby.com/match-centre/283231/team-stats,283231,202401,Bath Rugby,home,14,112538,Ruaridh McConnochie,right wing,starter
https://www.premiershiprugby.com/match-centre/283231/team-stats,283231,202401,Bath Rugby,home,17,104572,Thomas du Toit,sub 2,replacement
https://www.premiershiprugby.com/match-centre/283231/team-stats,283231,202401,Bath Rugby,home,4,203360,Quinn Roux,second row,starter
https://www.premiershiprugby.com/match-centre/283231/team-stats,283231,202401,Bath Rugby,home,5,196415,Charlie Ewels,second row,starter
https://www.premiershiprugby.com/match-centre/283231/team-stats,283231,202401,Bath Rugby,home,19,100192,Josh Bayliss,sub 4,replacement
https://www.premiershiprugby.com/match-centre/283231/team-stats,283231,202401,Bath Rugby,home,11,233245,Louie Hennessey,left wing,starter
https://www.premiershiprugby.com/match-centre/283231/team-stats,283231,202401,Newcastle Falcons,away,15,165761,Louis Brown,full back,starter
https://www.premiershiprugby.com/match-centre/283231/team-stats,283231,202401,Newcastle Falcons,away,4,117316,John Hawkins,second row,starter
https://www.premiershiprugby.com/match-centre/283231/team-stats,283231,202401,Newcastle Falcons,away,8,168872,Callum Chick,number eight,starter
https://www.premiershiprugby.com/match-centre/283231/team-stats,283231,202401,Newcastle Falcons,away,12,169829,Max Clark,inside centre,starter
https://www.premiershiprugby.com/match-centre/283231/team-stats,283231,202401,Newcastle Falcons,away,10,205702,Brett Connon,fly half,starter
https://www.premiershiprugby.com/match-centre/283231/team-stats,283231,202401,Newcastle Falcons,away,6,219782,Freddie Lockwood,flanker,starter
https://www.premiershiprugby.com/match-centre/283231/team-stats,283231,202401,Newcastle Falcons,away,16,207081,Ollie Fletcher,sub 1,replacement
https://www.premiershiprugby.com/match-centre/283231/team-stats,283231,202401,Newcastle Falcons,away,13,210511,Connor Doherty,outside centre,starter
https://www.premiershiprugby.com/match-centre/283231/team-stats,283231,202401,Newcastle Falcons,away,3,200621,Richard Palframan,tighthead prop,starter
https://www.premiershiprugby.com/match-centre/283231/team-stats,283231,202401,Newcastle Falcons,away,19,248979,Oscar Usher,sub 4,replacement
https://www.premiershiprugby.com/match-centre/283231/team-stats,283231,202401,Newcastle Falcons,away,18,205585,Murray McCallum,sub 3,replacement
https://www.premiershiprugby.com/match-centre/283231/team-stats,283231,202401,Newcastle Falcons,away,5,154551,Sebastian de Chaves,second row,starter
https://www.premiershiprugby.com/match-centre/283231/team-stats,283231,202401,Newcastle Falcons,away,9,137624,Sam Stuart,scrum half,starter
https://www.premiershiprugby.com/match-centre/283231/team-stats,283231,202401,Newcastle Falcons,away,1,164792,Adam Brocklebank,loosehead prop,starter
https://www.premiershiprugby.com/match-centre/283231/team-stats,283231,202401,Newcastle Falcons,away,20,190680,Ollie Leatherbarrow,sub 5,replacement
https://www.premiershiprugby.com/match-centre/283231/team-stats,283231,202401,Newcastle Falcons,away,21,116536,Max Pepper,sub 6,replacement
https://www.premiershiprugby.com/match-centre/283231/team-stats,283231,202401,Newcastle Falcons,away,11,143126,Ben Stevenson,left wing,starter
https://www.premiershiprugby.com/match-centre/283231/team-stats,283231,202401,Newcastle Falcons,away,22,222549,Oli Spencer,sub 7,replacement
https://www.premiershiprugby.com/match-centre/283231/team-stats,283231,202401,Newcastle Falcons,away,7,157275,Cameron Neild,flanker,starter
https://www.premiershiprugby.com/match-centre/283231/team-stats,283231,202401,Newcastle Falcons,away,14,199072,Alex Hearle,right wing,starter
https://www.premiershiprugby.com/match-centre/283231/team-stats,283231,202401,Newcastle Falcons,away,2,160415,Jamie Blamire,hooker,starter
https://www.premiershiprugby.com/match-centre/283231/team-stats,283231,202401,Newcastle Falcons,away,17,239550,Mike Rewcastle,sub 2,replacement
https://www.premiershiprugby.com/match-centre/283231/team-stats,283231,202401,Newcastle Falcons,away,23,108863,Sammy Arnold,sub 8,replacement
https://www.premiershiprugby.com/match-centre/283236/team-stats,283236,202401,Bristol Bears,home,7,112066,Fitz Harding,flanker,starter
https://www.premiershiprugby.com/match-centre/283236/team-stats,283236,202401,Bristol Bears,home,12,156903,James Williams,inside centre,starter
https://www.premiershiprugby.com/match-centre/283236/team-stats,283236,202401,Bristol Bears,home,19,199272,James Dun,sub 4,replacement
https://www.premiershiprugby.com/match-centre/283236/team-stats,283236,202401,Bristol Bears,home,10,212999,AJ MacGinty,fly half,starter
https://www.premiershiprugby.com/match-centre/283236/team-stats,283236,202401,Bristol Bears,home,13,217606,Benhard Janse van Rensburg,outside centre,starter
https://www.premiershiprugby.com/match-centre/283236/team-stats,283236,202401,Bristol Bears,home,20,237996,Joseph Owen,sub 5,replacement
https://www.premiershiprugby.com/match-centre/283236/team-stats,283236,202401,Bristol Bears,home,14,237803,Kalaveti Ravouvou,right wing,starter
https://www.premiershiprugby.com/match-centre/283236/team-stats,283236,202401,Bristol Bears,home,18,163209,George Kloska,sub 3,replacement
https://www.premiershiprugby.com/match-centre/283236/team-stats,283236,202401,Bristol Bears,home,16,178506,Will Capon,sub 1,replacement
https://www.premiershiprugby.com/match-centre/283236/team-stats,283236,202401,Bristol Bears,home,1,165007,Ellis Genge,loosehead prop,starter
https://www.premiershiprugby.com/match-centre/283236/team-stats,283236,202401,Bristol Bears,home,8,145677,Viliame Mata,number eight,starter
https://www.premiershiprugby.com/match-centre/283236/team-stats,283236,202401,Bristol Bears,home,9,195214,Harry Randall,scrum half,starter
https://www.premiershiprugby.com/match-centre/283236/team-stats,283236,202401,Bristol Bears,home,6,142481,Steven Luatua,flanker,starter
https://www.premiershiprugby.com/match-centre/283236/team-stats,283236,202401,Bristol Bears,home,11,131218,Gabriel Ibitoye,left wing,starter
https://www.premiershiprugby.com/match-centre/283236/team-stats,283236,202401,Bristol Bears,home,5,147794,Joe Batley,second row,starter
https://www.premiershiprugby.com/match-centre/283236/team-stats,283236,202401,Bristol Bears,home,22,168050,Siva Naulago,sub 7,replacement
https://www.premiershiprugby.com/match-centre/283236/team-stats,283236,202401,Bristol Bears,home,15,216599,Richard Lane,full back,starter
https://www.premiershiprugby.com/match-centre/283236/team-stats,283236,202401,Bristol Bears,home,23,127095,Santiago Grondona,sub 8,replacement
https://www.premiershiprugby.com/match-centre/283236/team-stats,283236,202401,Bristol Bears,home,17,193564,Yann Thomas,sub 2,replacement
https://www.premiershiprugby.com/match-centre/283236/team-stats,283236,202401,Bristol Bears,home,21,210010,Kieran Marmion,sub 6,replacement
https://www.premiershiprugby.com/match-centre/283236/team-stats,283236,202401,Bristol Bears,home,3,130811,Max Lahiff,tighthead prop,starter
https://www.premiershiprugby.com/match-centre/283236/team-stats,283236,202401,Bristol Bears,home,2,127101,Gabriel Oghre,hooker,starter
https://www.premiershiprugby.com/match-centre/283236/team-stats,283236,202401,Bristol Bears,home,4,194848,Josh Caulfield,second row,starter
https://www.premiershiprugby.com/match-centre/283236/team-stats,283236,202401,Bath Rugby,away,7,123233,Ethan Staddon,flanker,starter
https://www.premiershiprugby.com/match-centre/283236/team-stats,283236,202401,Bath Rugby,away,3,187169,Archie Griffin,tighthead prop,starter
https://www.premiershiprugby.com/match-centre/283236/team-stats,283236,202401,Bath Rugby,away,10,101123,Ciaran Donoghue,fly half,starter
https://www.premiershiprugby.com/match-centre/283236/team-stats,283236,202401,Bath Rugby,away,8,239297,Arthur Green,number eight,starter
https://www.premiershiprugby.com/match-centre/283236/team-stats,283236,202401,Bath Rugby,away,18,137026,Kieran Verden,sub 3,replacement
https://www.premiershiprugby.com/match-centre/283236/team-stats,283236,202401,Bath Rugby,away,21,156834,Tom Carr-Smith,sub 6,replacement
https://www.premiershiprugby.com/match-centre/283236/team-stats,283236,202401,Bath Rugby,away,2,218695,Jasper Spandler,hooker,starter
https://www.premiershiprugby.com/match-centre/283236/team-stats,283236,202401,Bath Rugby,away,23,195208,Miles Reid,sub 8,replacement
https://www.premiershiprugby.com/match-centre/283236/team-stats,283236,202401,Bath Rugby,away,14,179563,Joe Cokanasiga,right wing,starter
https://www.premiershiprugby.com/match-centre/283236/team-stats,283236,202401,Bath Rugby,away,11,243600,Austin Emens,left wing,starter
https://www.premiershiprugby.com/match-centre/283236/team-stats,283236,202401,Bath Rugby,away,9,202868,Louis Schreuder,scrum half,starter
https://www.premiershiprugby.com/match-centre/283236/team-stats,283236,202401,Bath Rugby,away,16,243059,Kepu Tuipulotu,sub 1,replacement
https://www.premiershiprugby.com/match-centre/283236/team-stats,283236,202401,Bath Rugby,away,1,116821,Francois van Wyk,loosehead prop,starter
https://www.premiershiprugby.com/match-centre/283236/team-stats,283236,202401,Bath Rugby,away,5,105205,Ross Molony,second row,starter
https://www.premiershiprugby.com/match-centre/283236/team-stats,283236,202401,Bath Rugby,away,4,217750,Ewan Richards,second row,starter
https://www.premiershiprugby.com/match-centre/283236/team-stats,283236,202401,Bath Rugby,away,22,112538,Ruaridh McConnochie,sub 7,replacement
https://www.premiershiprugby.com/match-centre/283236/team-stats,283236,202401,Bath Rugby,away,12,220475,Orlando Bailey,inside centre,starter
https://www.premiershiprugby.com/match-centre/283236/team-stats,283236,202401,Bath Rugby,away,17,219609,Arthur Cordwell,sub 2,replacement
https://www.premiershiprugby.com/match-centre/283236/team-stats,283236,202401,Bath Rugby,away,20,132895,Tom Cowan,sub 5,replacement
https://www.premiershiprugby.com/match-centre/283236/team-stats,283236,202401,Bath Rugby,away,6,100192,Josh Bayliss,flanker,starter
https://www.premiershiprugby.com/match-centre/283236/team-stats,283236,202401,Bath Rugby,away,19,239294,Will Jeanes,sub 4,replacement
https://www.premiershiprugby.com/match-centre/283236/team-stats,283236,202401,Bath Rugby,away,15,153790,Tom de Glanville,full back,starter
https://www.premiershiprugby.com/match-centre/283236/team-stats,283236,202401,Bath Rugby,away,13,233245,Louie Hennessey,outside centre,starter
https://www.premiershiprugby.com/match-centre/283241/team-stats,283241,202401,Bath Rugby,home,7,104322,Sam Underhill,flanker,starter
https://www.premiershiprugby.com/match-centre/283241/team-stats,283241,202401,Bath Rugby,home,22,175011,Max Ojomoh,sub 7,replacement
https://www.premiershiprugby.com/match-centre/283241/team-stats,283241,202401,Bath Rugby,home,12,210178,Will Butt,inside centre,starter
https://www.premiershiprugby.com/match-centre/283241/team-stats,283241,202401,Bath Rugby,home,15,101123,Ciaran Donoghue,full back,starter
https://www.premiershiprugby.com/match-centre/283241/team-stats,283241,202401,Bath Rugby,home,21,156834,Tom Carr-Smith,sub 6,replacement
https://www.premiershiprugby.com/match-centre/283241/team-stats,283241,202401,Bath Rugby,home,23,239297,Arthur Green,sub 8,replacement
https://www.premiershiprugby.com/match-centre/283241/team-stats,283241,202401,Bath Rugby,home,10,157863,Finn Russell,fly half,starter
https://www.premiershiprugby.com/match-centre/283241/team-stats,283241,202401,Bath Rugby,home,14,179563,Joe Cokanasiga,right wing,starter
https://www.premiershiprugby.com/match-centre/283241/team-stats,283241,202401,Bath Rugby,home,13,154219,Cameron Redpath,outside centre,starter
https://www.premiershiprugby.com/match-centre/283241/team-stats,283241,202401,Bath Rugby,home,18,108714,Will Stuart,sub 3,replacement
https://www.premiershiprugby.com/match-centre/283241/team-stats,283241,202401,Bath Rugby,home,8,145484,Alfie Barbeary,number eight,starter
https://www.premiershiprugby.com/match-centre/283241/team-stats,283241,202401,Bath Rugby,home,20,112684,Guy Pepper,sub 5,replacement
https://www.premiershiprugby.com/match-centre/283241/team-stats,283241,202401,Bath Rugby,home,1,130283,Beno Obano,loosehead prop,starter
https://www.premiershiprugby.com/match-centre/283241/team-stats,283241,202401,Bath Rugby,home,16,143754,Niall Annett,sub 1,replacement
https://www.premiershiprugby.com/match-centre/283241/team-stats,283241,202401,Bath Rugby,home,9,111662,Ben Spencer,scrum half,starter
https://www.premiershiprugby.com/match-centre/283241/team-stats,283241,202401,Bath Rugby,home,11,160272,Will Muir,left wing,starter
https://www.premiershiprugby.com/match-centre/283241/team-stats,283241,202401,Bath Rugby,home,2,225778,Tom Dunn,hooker,starter
https://www.premiershiprugby.com/match-centre/283241/team-stats,283241,202401,Bath Rugby,home,6,184945,Ted Hill,flanker,starter
https://www.premiershiprugby.com/match-centre/283241/team-stats,283241,202401,Bath Rugby,home,17,116821,Francois van Wyk,sub 2,replacement
https://www.premiershiprugby.com/match-centre/283241/team-stats,283241,202401,Bath Rugby,home,19,105205,Ross Molony,sub 4,replacement
https://www.premiershiprugby.com/match-centre/283241/team-stats,283241,202401,Bath Rugby,home,3,104572,Thomas du Toit,tighthead prop,starter
https://www.premiershiprugby.com/match-centre/283241/team-stats,283241,202401,Bath Rugby,home,4,203360,Quinn Roux,second row,starter
https://www.premiershiprugby.com/match-centre/283241/team-stats,283241,202401,Bath Rugby,home,5,196415,Charlie Ewels,second row,starter
https://www.premiershiprugby.com/match-centre/283241/team-stats,283241,202401,Leicester Tigers,away,15,150081,Freddie Steward,full back,starter
https://www.premiershiprugby.com/match-centre/283241/team-stats,283241,202401,Leicester Tigers,away,11,173217,Ollie Hassell-Collins,left wing,starter
https://www.premiershiprugby.com/match-centre/283241/team-stats,283241,202401,Leicester Tigers,away,2,162344,Julian Montoya,hooker,starter
https://www.premiershiprugby.com/match-centre/283241/team-stats,283241,202401,Leicester Tigers,away,7,183880,Tommy Reffell,flanker,starter
https://www.premiershiprugby.com/match-centre/283241/team-stats,283241,202401,Leicester Tigers,away,18,208037,Will Hurd,sub 3,replacement
https://www.premiershiprugby.com/match-centre/283241/team-stats,283241,202401,Leicester Tigers,away,9,113737,Jack van Poortvliet,scrum half,starter
https://www.premiershiprugby.com/match-centre/283241/team-stats,283241,202401,Leicester Tigers,away,3,134796,Joe Heyes,tighthead prop,starter
https://www.premiershiprugby.com/match-centre/283241/team-stats,283241,202401,Leicester Tigers,away,21,215402,Ben Youngs,sub 6,replacement
https://www.premiershiprugby.com/match-centre/283241/team-stats,283241,202401,Leicester Tigers,away,16,216656,Charlie Clare,sub 1,replacement
https://www.premiershiprugby.com/match-centre/283241/team-stats,283241,202401,Leicester Tigers,away,12,239278,Joe Woodward,inside centre,starter
https://www.premiershiprugby.com/match-centre/283241/team-stats,283241,202401,Leicester Tigers,away,22,190829,Jamie Shillcock,sub 7,replacement
https://www.premiershiprugby.com/match-centre/283241/team-stats,283241,202401,Leicester Tigers,away,1,110319,Nicky Smith,loosehead prop,starter
https://www.premiershiprugby.com/match-centre/283241/team-stats,283241,202401,Leicester Tigers,away,4,202962,Cameron Henderson,second row,starter
https://www.premiershiprugby.com/match-centre/283241/team-stats,283241,202401,Leicester Tigers,away,19,134130,Matt Rogerson,sub 4,replacement
https://www.premiershiprugby.com/match-centre/283241/team-stats,283241,202401,Leicester Tigers,away,8,216823,Olly Cracknell,number eight,starter
https://www.premiershiprugby.com/match-centre/283241/team-stats,283241,202401,Leicester Tigers,away,14,221884,Adam Radwan,right wing,starter
https://www.premiershiprugby.com/match-centre/283241/team-stats,283241,202401,Leicester Tigers,away,5,144635,Ollie Chessum,second row,starter
https://www.premiershiprugby.com/match-centre/283241/team-stats,283241,202401,Leicester Tigers,away,10,219771,Handre Pollard,fly half,starter
https://www.premiershiprugby.com/match-centre/283241/team-stats,283241,202401,Leicester Tigers,away,13,179481,Solomone Kata,outside centre,starter
https://www.premiershiprugby.com/match-centre/283241/team-stats,283241,202401,Leicester Tigers,away,20,129595,Emeka Ilione,sub 5,replacement
https://www.premiershiprugby.com/match-centre/283241/team-stats,283241,202401,Leicester Tigers,away,23,214400,Dan Kelly,sub 8,replacement
https://www.premiershiprugby.com/match-centre/283241/team-stats,283241,202401,Leicester Tigers,away,6,156512,Hanro Liebenberg,flanker,starter
https://www.premiershiprugby.com/match-centre/283241/team-stats,283241,202401,Leicester Tigers,away,17,140000,James Cronin,sub 2,replacement
https://www.premiershiprugby.com/match-centre/283250/team-stats,283250,202401,Saracens,home,11,170435,Rotimi Segun,left wing,starter
https://www.premiershiprugby.com/match-centre/283250/team-stats,283250,202401,Saracens,home,2,160801,Jamie George,hooker,starter
https://www.premiershiprugby.com/match-centre/283250/team-stats,283250,202401,Saracens,home,18,110116,Harvey Beaton,sub 3,replacement
https://www.premiershiprugby.com/match-centre/283250/team-stats,283250,202401,Saracens,home,13,183874,Elliot Daly,outside centre,starter
https://www.premiershiprugby.com/match-centre/283250/team-stats,283250,202401,Saracens,home,23,229505,Lucio Cinti Luna,sub 8,replacement
https://www.premiershiprugby.com/match-centre/283250/team-stats,283250,202401,Saracens,home,21,209612,Ben Earl,sub 6,replacement
https://www.premiershiprugby.com/match-centre/283250/team-stats,283250,202401,Saracens,home,22,239403,Charlie Bracken,sub 7,replacement
https://www.premiershiprugby.com/match-centre/283250/team-stats,283250,202401,Saracens,home,7,152009,Andy Onyeama-Christie,flanker,starter
https://www.premiershiprugby.com/match-centre/283250/team-stats,283250,202401,Saracens,home,17,103821,Eroni Mawi,sub 2,replacement
https://www.premiershiprugby.com/match-centre/283250/team-stats,283250,202401,Saracens,home,16,111794,Theo Dan,sub 1,replacement
https://www.premiershiprugby.com/match-centre/283250/team-stats,283250,202401,Saracens,home,20,147091,Juan Martin Gonzalez,sub 5,replacement
https://www.premiershiprugby.com/match-centre/283250/team-stats,283250,202401,Saracens,home,4,155409,Maro Itoje,second row,starter
https://www.premiershiprugby.com/match-centre/283250/team-stats,283250,202401,Saracens,home,1,119955,Rhys Carre,loosehead prop,starter
https://www.premiershiprugby.com/match-centre/283250/team-stats,283250,202401,Saracens,home,3,107059,Marco Riccioni,tighthead prop,starter
https://www.premiershiprugby.com/match-centre/283250/team-stats,283250,202401,Saracens,home,9,185080,Ivan van Zyl,scrum half,starter
https://www.premiershiprugby.com/match-centre/283250/team-stats,283250,202401,Saracens,home,14,204054,Tobias Elliott,right wing,starter
https://www.premiershiprugby.com/match-centre/283250/team-stats,283250,202401,Saracens,home,6,237366,Theo McFarland,flanker,starter
https://www.premiershiprugby.com/match-centre/283250/team-stats,283250,202401,Saracens,home,12,104921,Nick Tompkins,inside centre,starter
https://www.premiershiprugby.com/match-centre/283250/team-stats,283250,202401,Saracens,home,5,214751,Nick Isiekwe,second row,starter
https://www.premiershiprugby.com/match-centre/283250/team-stats,283250,202401,Saracens,home,8,177536,Tom Willis,number eight,starter
https://www.premiershiprugby.com/match-centre/283250/team-stats,283250,202401,Saracens,home,19,198623,Hugh Tizard,sub 4,replacement
https://www.premiershiprugby.com/match-centre/283250/team-stats,283250,202401,Saracens,home,15,178077,Alex Goode,full back,starter
https://www.premiershiprugby.com/match-centre/283250/team-stats,283250,202401,Saracens,home,10,136509,Fergus Burke,fly half,starter
https://www.premiershiprugby.com/match-centre/283250/team-stats,283250,202401,Bath Rugby,away,15,254052,Jack Woods,full back,starter
https://www.premiershiprugby.com/match-centre/283250/team-stats,283250,202401,Bath Rugby,away,6,123233,Ethan Staddon,flanker,starter
https://www.premiershiprugby.com/match-centre/283250/team-stats,283250,202401,Bath Rugby,away,3,187169,Archie Griffin,tighthead prop,starter
https://www.premiershiprugby.com/match-centre/283250/team-stats,283250,202401,Bath Rugby,away,19,132737,Mackenzie Graham,sub 4,replacement
https://www.premiershiprugby.com/match-centre/283250/team-stats,283250,202401,Bath Rugby,away,8,239297,Arthur Green,number eight,starter
https://www.premiershiprugby.com/match-centre/283250/team-stats,283250,202401,Bath Rugby,away,18,137026,Kieran Verden,sub 3,replacement
https://www.premiershiprugby.com/match-centre/283250/team-stats,283250,202401,Bath Rugby,away,2,218695,Jasper Spandler,hooker,starter
https://www.premiershiprugby.com/match-centre/283250/team-stats,283250,202401,Bath Rugby,away,12,239302,Will Parry,inside centre,starter
https://www.premiershiprugby.com/match-centre/283250/team-stats,283250,202401,Bath Rugby,away,20,239308,George Timmins,sub 5,replacement
https://www.premiershiprugby.com/match-centre/283250/team-stats,283250,202401,Bath Rugby,away,23,210731,John Stewart,sub 8,replacement
https://www.premiershiprugby.com/match-centre/283250/team-stats,283250,202401,Bath Rugby,away,14,243600,Austin Emens,right wing,starter
https://www.premiershiprugby.com/match-centre/283250/team-stats,283250,202401,Bath Rugby,away,9,202868,Louis Schreuder,scrum half,starter
https://www.premiershiprugby.com/match-centre/283250/team-stats,283250,202401,Bath Rugby,away,16,243059,Kepu Tuipulotu,sub 1,replacement
https://www.premiershiprugby.com/match-centre/283250/team-stats,283250,202401,Bath Rugby,away,21,241747,Neil le Roux,sub 6,replacement
https://www.premiershiprugby.com/match-centre/283250/team-stats,283250,202401,Bath Rugby,away,5,217750,Ewan Richards,second row,starter
https://www.premiershiprugby.com/match-centre/283250/team-stats,283250,202401,Bath Rugby,away,11,112538,Ruaridh McConnochie,left wing,starter
https://www.premiershiprugby.com/match-centre/283250/team-stats,283250,202401,Bath Rugby,away,10,220475,Orlando Bailey,fly half,starter
https://www.premiershiprugby.com/match-centre/283250/team-stats,283250,202401,Bath Rugby,away,1,240057,Scott Kirk,loosehead prop,starter
https://www.premiershiprugby.com/match-centre/283250/team-stats,283250,202401,Bath Rugby,away,17,219609,Arthur Cordwell,sub 2,replacement
https://www.premiershiprugby.com/match-centre/283250/team-stats,283250,202401,Bath Rugby,away,7,132895,Tom Cowan,flanker,starter
https://www.premiershiprugby.com/match-centre/283250/team-stats,283250,202401,Bath Rugby,away,22,243072,Tyler Offiah,sub 7,replacement
https://www.premiershiprugby.com/match-centre/283250/team-stats,283250,202401,Bath Rugby,away,4,239294,Will Jeanes,second row,starter
https://www.premiershiprugby.com/match-centre/283250/team-stats,283250,202401,Bath Rugby,away,13,233245,Louie Hennessey,outside centre,starter
https://www.premiershiprugby.com/match-centre/283251/team-stats,283251,202401,Bath Rugby,home,13,175011,Max Ojomoh,outside centre,starter
https://www.premiershiprugby.com/match-centre/283251/team-stats,283251,202401,Bath Rugby,home,21,156834,Tom Carr-Smith,sub 6,replacement
https://www.premiershiprugby.com/match-centre/283251/team-stats,283251,202401,Bath Rugby,home,22,101123,Ciaran Donoghue,sub 7,replacement
https://www.premiershiprugby.com/match-centre/283251/team-stats,283251,202401,Bath Rugby,home,10,157863,Finn Russell,fly half,starter
https://www.premiershiprugby.com/match-centre/283251/team-stats,283251,202401,Bath Rugby,home,20,195208,Miles Reid,sub 5,replacement
https://www.premiershiprugby.com/match-centre/283251/team-stats,283251,202401,Bath Rugby,home,14,179563,Joe Cokanasiga,right wing,starter
https://www.premiershiprugby.com/match-centre/283251/team-stats,283251,202401,Bath Rugby,home,12,154219,Cameron Redpath,inside centre,starter
https://www.premiershiprugby.com/match-centre/283251/team-stats,283251,202401,Bath Rugby,home,3,108714,Will Stuart,tighthead prop,starter
https://www.premiershiprugby.com/match-centre/283251/team-stats,283251,202401,Bath Rugby,home,8,145484,Alfie Barbeary,number eight,starter
https://www.premiershiprugby.com/match-centre/283251/team-stats,283251,202401,Bath Rugby,home,7,112684,Guy Pepper,flanker,starter
https://www.premiershiprugby.com/match-centre/283251/team-stats,283251,202401,Bath Rugby,home,1,130283,Beno Obano,loosehead prop,starter
https://www.premiershiprugby.com/match-centre/283251/team-stats,283251,202401,Bath Rugby,home,16,143754,Niall Annett,sub 1,replacement
https://www.premiershiprugby.com/match-centre/283251/team-stats,283251,202401,Bath Rugby,home,9,111662,Ben Spencer,scrum half,starter
https://www.premiershiprugby.com/match-centre/283251/team-stats,283251,202401,Bath Rugby,home,11,160272,Will Muir,left wing,starter
https://www.premiershiprugby.com/match-centre/283251/team-stats,283251,202401,Bath Rugby,home,2,225778,Tom Dunn,hooker,starter
https://www.premiershiprugby.com/match-centre/283251/team-stats,283251,202401,Bath Rugby,home,6,184945,Ted Hill,flanker,starter
https://www.premiershiprugby.com/match-centre/283251/team-stats,283251,202401,Bath Rugby,home,17,116821,Francois van Wyk,sub 2,replacement
https://www.premiershiprugby.com/match-centre/283251/team-stats,283251,202401,Bath Rugby,home,19,105205,Ross Molony,sub 4,replacement
https://www.premiershiprugby.com/match-centre/283251/team-stats,283251,202401,Bath Rugby,home,18,104572,Thomas du Toit,sub 3,replacement
https://www.premiershiprugby.com/match-centre/283251/team-stats,283251,202401,Bath Rugby,home,4,203360,Quinn Roux,second row,starter
https://www.premiershiprugby.com/match-centre/283251/team-stats,283251,202401,Bath Rugby,home,5,196415,Charlie Ewels,second row,starter
https://www.premiershiprugby.com/match-centre/283251/team-stats,283251,202401,Bath Rugby,home,23,100192,Josh Bayliss,sub 8,replacement
https://www.premiershiprugby.com/match-centre/283251/team-stats,283251,202401,Bath Rugby,home,15,153790,Tom de Glanville,full back,starter
https://www.premiershiprugby.com/match-centre/283251/team-stats,283251,202401,Bristol Bears,away,7,112066,Fitz Harding,flanker,starter
https://www.premiershiprugby.com/match-centre/283251/team-stats,283251,202401,Bristol Bears,away,17,106402,Jake Woolmore,sub 2,replacement
https://www.premiershiprugby.com/match-centre/283251/team-stats,283251,202401,Bristol Bears,away,12,156903,James Williams,inside centre,starter
https://www.premiershiprugby.com/match-centre/283251/team-stats,283251,202401,Bristol Bears,away,4,199272,James Dun,second row,starter
https://www.premiershiprugby.com/match-centre/283251/team-stats,283251,202401,Bristol Bears,away,19,236968,Pedro Rubiolo,sub 4,replacement
https://www.premiershiprugby.com/match-centre/283251/team-stats,283251,202401,Bristol Bears,away,10,212999,AJ MacGinty,fly half,starter
https://www.premiershiprugby.com/match-centre/283251/team-stats,283251,202401,Bristol Bears,away,15,106952,Noah Heward,full back,starter
https://www.premiershiprugby.com/match-centre/283251/team-stats,283251,202401,Bristol Bears,away,13,217606,Benhard Janse van Rensburg,outside centre,starter
https://www.premiershiprugby.com/match-centre/283251/team-stats,283251,202401,Bristol Bears,away,14,237803,Kalaveti Ravouvou,right wing,starter
https://www.premiershiprugby.com/match-centre/283251/team-stats,283251,202401,Bristol Bears,away,16,183340,Harry Thacker,sub 1,replacement
https://www.premiershiprugby.com/match-centre/283251/team-stats,283251,202401,Bristol Bears,away,3,163209,George Kloska,tighthead prop,starter
https://www.premiershiprugby.com/match-centre/283251/team-stats,283251,202401,Bristol Bears,away,1,165007,Ellis Genge,loosehead prop,starter
https://www.premiershiprugby.com/match-centre/283251/team-stats,283251,202401,Bristol Bears,away,8,145677,Viliame Mata,number eight,starter
https://www.premiershiprugby.com/match-centre/283251/team-stats,283251,202401,Bristol Bears,away,23,199886,Jack Bates,sub 8,replacement
https://www.premiershiprugby.com/match-centre/283251/team-stats,283251,202401,Bristol Bears,away,9,195214,Harry Randall,scrum half,starter
https://www.premiershiprugby.com/match-centre/283251/team-stats,283251,202401,Bristol Bears,away,22,188115,Harry Byrne,sub 7,replacement
https://www.premiershiprugby.com/match-centre/283251/team-stats,283251,202401,Bristol Bears,away,6,142481,Steven Luatua,flanker,starter
https://www.premiershiprugby.com/match-centre/283251/team-stats,283251,202401,Bristol Bears,away,11,131218,Gabriel Ibitoye,left wing,starter
https://www.premiershiprugby.com/match-centre/283251/team-stats,283251,202401,Bristol Bears,away,5,147794,Joe Batley,second row,starter
https://www.premiershiprugby.com/match-centre/283251/team-stats,283251,202401,Bristol Bears,away,20,127095,Santiago Grondona,sub 5,replacement
https://www.premiershiprugby.com/match-centre/283251/team-stats,283251,202401,Bristol Bears,away,21,210010,Kieran Marmion,sub 6,replacement
https://www.premiershiprugby.com/match-centre/283251/team-stats,283251,202401,Bristol Bears,away,18,130811,Max Lahiff,sub 3,replacement
https://www.premiershiprugby.com/match-centre/283251/team-stats,283251,202401,Bristol Bears,away,2,127101,Gabriel Oghre,hooker,starter
https://www.premiershiprugby.com/match-centre/283253/team-stats,283253,202401,Bath Rugby,home,13,175011,Max Ojomoh,outside centre,starter
https://www.premiershiprugby.com/match-centre/283253/team-stats,283253,202401,Bath Rugby,home,21,156834,Tom Carr-Smith,sub 6,replacement
https://www.premiershiprugby.com/match-centre/283253/team-stats,283253,202401,Bath Rugby,home,22,101123,Ciaran Donoghue,sub 7,replacement
https://www.premiershiprugby.com/match-centre/283253/team-stats,283253,202401,Bath Rugby,home,10,157863,Finn Russell,fly half,starter
https://www.premiershiprugby.com/match-centre/283253/team-stats,283253,202401,Bath Rugby,home,8,195208,Miles Reid,number eight,starter
https://www.premiershiprugby.com/match-centre/283253/team-stats,283253,202401,Bath Rugby,home,14,179563,Joe Cokanasiga,right wing,starter
https://www.premiershiprugby.com/match-centre/283253/team-stats,283253,202401,Bath Rugby,home,12,154219,Cameron Redpath,inside centre,starter
https://www.premiershiprugby.com/match-centre/283253/team-stats,283253,202401,Bath Rugby,home,18,108714,Will Stuart,sub 3,replacement
https://www.premiershiprugby.com/match-centre/283253/team-stats,283253,202401,Bath Rugby,home,23,145484,Alfie Barbeary,sub 8,replacement
https://www.premiershiprugby.com/match-centre/283253/team-stats,283253,202401,Bath Rugby,home,7,112684,Guy Pepper,flanker,starter
https://www.premiershiprugby.com/match-centre/283253/team-stats,283253,202401,Bath Rugby,home,1,130283,Beno Obano,loosehead prop,starter
https://www.premiershiprugby.com/match-centre/283253/team-stats,283253,202401,Bath Rugby,home,16,143754,Niall Annett,sub 1,replacement
https://www.premiershiprugby.com/match-centre/283253/team-stats,283253,202401,Bath Rugby,home,9,111662,Ben Spencer,scrum half,starter
https://www.premiershiprugby.com/match-centre/283253/team-stats,283253,202401,Bath Rugby,home,11,160272,Will Muir,left wing,starter
https://www.premiershiprugby.com/match-centre/283253/team-stats,283253,202401,Bath Rugby,home,2,225778,Tom Dunn,hooker,starter
https://www.premiershiprugby.com/match-centre/283253/team-stats,283253,202401,Bath Rugby,home,6,184945,Ted Hill,flanker,starter
https://www.premiershiprugby.com/match-centre/283253/team-stats,283253,202401,Bath Rugby,home,17,116821,Francois van Wyk,sub 2,replacement
https://www.premiershiprugby.com/match-centre/283253/team-stats,283253,202401,Bath Rugby,home,19,105205,Ross Molony,sub 4,replacement
https://www.premiershiprugby.com/match-centre/283253/team-stats,283253,202401,Bath Rugby,home,3,104572,Thomas du Toit,tighthead prop,starter
https://www.premiershiprugby.com/match-centre/283253/team-stats,283253,202401,Bath Rugby,home,4,203360,Quinn Roux,second row,starter
https://www.premiershiprugby.com/match-centre/283253/team-stats,283253,202401,Bath Rugby,home,5,196415,Charlie Ewels,second row,starter
https://www.premiershiprugby.com/match-centre/283253/team-stats,283253,202401,Bath Rugby,home,20,100192,Josh Bayliss,sub 5,replacement
https://www.premiershiprugby.com/match-centre/283253/team-stats,283253,202401,Bath Rugby,home,15,153790,Tom de Glanville,full back,starter
https://www.premiershiprugby.com/match-centre/283253/team-stats,283253,202401,Leicester Tigers,away,15,150081,Freddie Steward,full back,starter
https://www.premiershiprugby.com/match-centre/283253/team-stats,283253,202401,Leicester Tigers,away,11,173217,Ollie Hassell-Collins,left wing,starter
https://www.premiershiprugby.com/match-centre/283253/team-stats,283253,202401,Leicester Tigers,away,2,162344,Julian Montoya,hooker,starter
https://www.premiershiprugby.com/match-centre/283253/team-stats,283253,202401,Leicester Tigers,away,7,183880,Tommy Reffell,flanker,starter
https://www.premiershiprugby.com/match-centre/283253/team-stats,283253,202401,Leicester Tigers,away,18,169381,Dan Cole,sub 3,replacement
https://www.premiershiprugby.com/match-centre/283253/team-stats,283253,202401,Leicester Tigers,away,9,113737,Jack van Poortvliet,scrum half,starter
https://www.premiershiprugby.com/match-centre/283253/team-stats,283253,202401,Leicester Tigers,away,3,134796,Joe Heyes,tighthead prop,starter
https://www.premiershiprugby.com/match-centre/283253/team-stats,283253,202401,Leicester Tigers,away,21,215402,Ben Youngs,sub 6,replacement
https://www.premiershiprugby.com/match-centre/283253/team-stats,283253,202401,Leicester Tigers,away,16,216656,Charlie Clare,sub 1,replacement
https://www.premiershiprugby.com/match-centre/283253/team-stats,283253,202401,Leicester Tigers,away,12,239278,Joe Woodward,inside centre,starter
https://www.premiershiprugby.com/match-centre/283253/team-stats,283253,202401,Leicester Tigers,away,23,111760,Izaia Perese,sub 8,replacement
https://www.premiershiprugby.com/match-centre/283253/team-stats,283253,202401,Leicester Tigers,away,1,110319,Nicky Smith,loosehead prop,starter
https://www.premiershiprugby.com/match-centre/283253/team-stats,283253,202401,Leicester Tigers,away,4,202962,Cameron Henderson,second row,starter
https://www.premiershiprugby.com/match-centre/283253/team-stats,283253,202401,Leicester Tigers,away,19,134130,Matt Rogerson,sub 4,replacement
https://www.premiershiprugby.com/match-centre/283253/team-stats,283253,202401,Leicester Tigers,away,8,216823,Olly Cracknell,number eight,starter
https://www.premiershiprugby.com/match-centre/283253/team-stats,283253,202401,Leicester Tigers,away,14,221884,Adam Radwan,right wing,starter
https://www.premiershiprugby.com/match-centre/283253/team-stats,283253,202401,Leicester Tigers,away,5,144635,Ollie Chessum,second row,starter
https://www.premiershiprugby.com/match-centre/283253/team-stats,283253,202401,Leicester Tigers,away,10,219771,Handre Pollard,fly half,starter
https://www.premiershiprugby.com/match-centre/283253/team-stats,283253,202401,Leicester Tigers,away,13,179481,Solomone Kata,outside centre,starter
https://www.premiershiprugby.com/match-centre/283253/team-stats,283253,202401,Leicester Tigers,away,20,129595,Emeka Ilione,sub 5,replacement
https://www.premiershiprugby.com/match-centre/283253/team-stats,283253,202401,Leicester Tigers,away,6,156512,Hanro Liebenberg,flanker,starter
https://www.premiershiprugby.com/match-centre/283253/team-stats,283253,202401,Leicester Tigers,away,17,140000,James Cronin,sub 2,replacement
https://www.premiershiprugby.com/match-centre/283253/team-stats,283253,202401,Leicester Tigers,away,22,172960,Ben Volavola,sub 7,replacement
https://www.premiershiprugby.com/match-centre/288928/team-stats,288928,202501,Harlequins,home,17,140419,Jordan Els,sub 2,replacement
https://www.premiershiprugby.com/match-centre/288928/team-stats,288928,202501,Harlequins,home,18,243138,Ollie Streeter,sub 3,replacement
https://www.premiershiprugby.com/match-centre/288928/team-stats,288928,202501,Harlequins,home,20,239649,Zach Carr,sub 5,replacement
https://www.premiershiprugby.com/match-centre/288928/team-stats,288928,202501,Harlequins,home,5,138343,Kieran Treadwell,second row,starter
https://www.premiershiprugby.com/match-centre/288928/team-stats,288928,202501,Harlequins,home,23,145735,Cameron Anderson,sub 8,replacement
https://www.premiershiprugby.com/match-centre/288928/team-stats,288928,202501,Harlequins,home,9,142312,Will Porter,scrum half,starter
https://www.premiershiprugby.com/match-centre/288928/team-stats,288928,202501,Harlequins,home,2,137125,Jack Walker,hooker,starter
https://www.premiershiprugby.com/match-centre/288928/team-stats,288928,202501,Harlequins,home,8,180038,Alex Dombrandt,number eight,starter
https://www.premiershiprugby.com/match-centre/288928/team-stats,288928,202501,Harlequins,home,11,110793,Cadan Murley,left wing,starter
https://www.premiershiprugby.com/match-centre/288928/team-stats,288928,202501,Harlequins,home,3,161452,Harry Williams,tighthead prop,starter
https://www.premiershiprugby.com/match-centre/288928/team-stats,288928,202501,Harlequins,home,13,178025,Oscar Beard,outside centre,starter
https://www.premiershiprugby.com/match-centre/288928/team-stats,288928,202501,Harlequins,home,12,239604,Sean Kerr,inside centre,starter
https://www.premiershiprugby.com/match-centre/288928/team-stats,288928,202501,Harlequins,home,1,213459,Fin Baxter,loosehead prop,starter
https://www.premiershiprugby.com/match-centre/288928/team-stats,288928,202501,Harlequins,home,15,182642,Tyrone Green,full back,starter
https://www.premiershiprugby.com/match-centre/288928/team-stats,288928,202501,Harlequins,home,6,175826,Jack Kenningham,flanker,starter
https://www.premiershiprugby.com/match-centre/288928/team-stats,288928,202501,Harlequins,home,4,240631,Chandler Cunningham-South,second row,starter
https://www.premiershiprugby.com/match-centre/288928/team-stats,288928,202501,Harlequins,home,21,224220,Max Green,sub 6,replacement
https://www.premiershiprugby.com/match-centre/288928/team-stats,288928,202501,Harlequins,home,10,218331,Jarrod Evans,fly half,starter
https://www.premiershiprugby.com/match-centre/288928/team-stats,288928,202501,Harlequins,home,14,137369,Nick David,right wing,starter
https://www.premiershiprugby.com/match-centre/288928/team-stats,288928,202501,Harlequins,home,19,120187,Jonny Green,sub 4,replacement
https://www.premiershiprugby.com/match-centre/288928/team-stats,288928,202501,Harlequins,home,16,218848,George Turner,sub 1,replacement
https://www.premiershiprugby.com/match-centre/288928/team-stats,288928,202501,Harlequins,home,22,162399,Ludo Kolade,sub 7,replacement
https://www.premiershiprugby.com/match-centre/288928/team-stats,288928,202501,Harlequins,home,7,143933,Will Evans,flanker,starter
https://www.premiershiprugby.com/match-centre/288928/team-stats,288928,202501,Bath Rugby,away,10,175011,Max Ojomoh,fly half,starter
https://www.premiershiprugby.com/match-centre/288928/team-stats,288928,202501,Bath Rugby,away,23,104322,Sam Underhill,sub 8,replacement
https://www.premiershiprugby.com/match-centre/288928/team-stats,288928,202501,Bath Rugby,away,18,187169,Archie Griffin,sub 3,replacement
https://www.premiershiprugby.com/match-centre/288928/team-stats,288928,202501,Bath Rugby,away,21,156834,Tom Carr-Smith,sub 6,replacement
https://www.premiershiprugby.com/match-centre/288928/team-stats,288928,202501,Bath Rugby,away,8,195208,Miles Reid,number eight,starter
https://www.premiershiprugby.com/match-centre/288928/team-stats,288928,202501,Bath Rugby,away,14,179563,Joe Cokanasiga,right wing,starter
https://www.premiershiprugby.com/match-centre/288928/team-stats,288928,202501,Bath Rugby,away,12,154219,Cameron Redpath,inside centre,starter
https://www.premiershiprugby.com/match-centre/288928/team-stats,288928,202501,Bath Rugby,away,13,131724,Ollie Lawrence,outside centre,starter
https://www.premiershiprugby.com/match-centre/288928/team-stats,288928,202501,Bath Rugby,away,11,161516,Henry Arundell,left wing,starter
https://www.premiershiprugby.com/match-centre/288928/team-stats,288928,202501,Bath Rugby,away,7,112684,Guy Pepper,flanker,starter
https://www.premiershiprugby.com/match-centre/288928/team-stats,288928,202501,Bath Rugby,away,1,130283,Beno Obano,loosehead prop,starter
https://www.premiershiprugby.com/match-centre/288928/team-stats,288928,202501,Bath Rugby,away,9,111662,Ben Spencer,scrum half,starter
https://www.premiershiprugby.com/match-centre/288928/team-stats,288928,202501,Bath Rugby,away,22,196656,Chris Harris,sub 7,replacement
https://www.premiershiprugby.com/match-centre/288928/team-stats,288928,202501,Bath Rugby,away,16,243059,Kepu Tuipulotu,sub 1,replacement
https://www.premiershiprugby.com/match-centre/288928/team-stats,288928,202501,Bath Rugby,away,2,225778,Tom Dunn,hooker,starter
https://www.premiershiprugby.com/match-centre/288928/team-stats,288928,202501,Bath Rugby,away,20,184945,Ted Hill,sub 5,replacement
https://www.premiershiprugby.com/match-centre/288928/team-stats,288928,202501,Bath Rugby,away,17,116821,Francois van Wyk,sub 2,replacement
https://www.premiershiprugby.com/match-centre/288928/team-stats,288928,202501,Bath Rugby,away,19,105205,Ross Molony,sub 4,replacement
https://www.premiershiprugby.com/match-centre/288928/team-stats,288928,202501,Bath Rugby,away,3,239292,Billy Sela,tighthead prop,starter
https://www.premiershiprugby.com/match-centre/288928/team-stats,288928,202501,Bath Rugby,away,4,203360,Quinn Roux,second row,starter
https://www.premiershiprugby.com/match-centre/288928/team-stats,288928,202501,Bath Rugby,away,5,196415,Charlie Ewels,second row,starter
https://www.premiershiprugby.com/match-centre/288928/team-stats,288928,202501,Bath Rugby,away,6,100192,Josh Bayliss,flanker,starter
https://www.premiershiprugby.com/match-centre/288928/team-stats,288928,202501,Bath Rugby,away,15,153790,Tom de Glanville,full back,starter
https://www.premiershiprugby.com/match-centre/288932/team-stats,288932,202501,Bath Rugby,home,10,175011,Max Ojomoh,fly half,starter
https://www.premiershiprugby.com/match-centre/288932/team-stats,288932,202501,Bath Rugby,home,20,104322,Sam Underhill,sub 5,replacement
https://www.premiershiprugby.com/match-centre/288932/team-stats,288932,202501,Bath Rugby,home,18,187169,Archie Griffin,sub 3,replacement
https://www.premiershiprugby.com/match-centre/288932/team-stats,288932,202501,Bath Rugby,home,22,210178,Will Butt,sub 7,replacement
https://www.premiershiprugby.com/match-centre/288932/team-stats,288932,202501,Bath Rugby,home,21,156834,Tom Carr-Smith,sub 6,replacement
https://www.premiershiprugby.com/match-centre/288932/team-stats,288932,202501,Bath Rugby,home,8,195208,Miles Reid,number eight,starter
https://www.premiershiprugby.com/match-centre/288932/team-stats,288932,202501,Bath Rugby,home,14,179563,Joe Cokanasiga,right wing,starter
https://www.premiershiprugby.com/match-centre/288932/team-stats,288932,202501,Bath Rugby,home,12,154219,Cameron Redpath,inside centre,starter
https://www.premiershiprugby.com/match-centre/288932/team-stats,288932,202501,Bath Rugby,home,13,131724,Ollie Lawrence,outside centre,starter
https://www.premiershiprugby.com/match-centre/288932/team-stats,288932,202501,Bath Rugby,home,11,161516,Henry Arundell,left wing,starter
https://www.premiershiprugby.com/match-centre/288932/team-stats,288932,202501,Bath Rugby,home,16,103625,Dan Frost,sub 1,replacement
https://www.premiershiprugby.com/match-centre/288932/team-stats,288932,202501,Bath Rugby,home,23,145484,Alfie Barbeary,sub 8,replacement
https://www.premiershiprugby.com/match-centre/288932/team-stats,288932,202501,Bath Rugby,home,7,112684,Guy Pepper,flanker,starter
https://www.premiershiprugby.com/match-centre/288932/team-stats,288932,202501,Bath Rugby,home,1,130283,Beno Obano,loosehead prop,starter
https://www.premiershiprugby.com/match-centre/288932/team-stats,288932,202501,Bath Rugby,home,9,111662,Ben Spencer,scrum half,starter
https://www.premiershiprugby.com/match-centre/288932/team-stats,288932,202501,Bath Rugby,home,2,225778,Tom Dunn,hooker,starter
https://www.premiershiprugby.com/match-centre/288932/team-stats,288932,202501,Bath Rugby,home,6,184945,Ted Hill,flanker,starter
https://www.premiershiprugby.com/match-centre/288932/team-stats,288932,202501,Bath Rugby,home,17,116821,Francois van Wyk,sub 2,replacement
https://www.premiershiprugby.com/match-centre/288932/team-stats,288932,202501,Bath Rugby,home,19,105205,Ross Molony,sub 4,replacement
https://www.premiershiprugby.com/match-centre/288932/team-stats,288932,202501,Bath Rugby,home,3,239292,Billy Sela,tighthead prop,starter
https://www.premiershiprugby.com/match-centre/288932/team-stats,288932,202501,Bath Rugby,home,4,203360,Quinn Roux,second row,starter
https://www.premiershiprugby.com/match-centre/288932/team-stats,288932,202501,Bath Rugby,home,5,196415,Charlie Ewels,second row,starter
https://www.premiershiprugby.com/match-centre/288932/team-stats,288932,202501,Bath Rugby,home,15,153790,Tom de Glanville,full back,starter
https://www.premiershiprugby.com/match-centre/288932/team-stats,288932,202501,Sale Sharks,away,6,212707,Ernst van Rhyn,flanker,starter
https://www.premiershiprugby.com/match-centre/288932/team-stats,288932,202501,Sale Sharks,away,5,100995,Hyron Andrews,second row,starter
https://www.premiershiprugby.com/match-centre/288932/team-stats,288932,202501,Sale Sharks,away,19,239462,Tom Burrow,sub 4,replacement
https://www.premiershiprugby.com/match-centre/288932/team-stats,288932,202501,Sale Sharks,away,11,216069,Tom O'Flaherty,left wing,starter
https://www.premiershiprugby.com/match-centre/288932/team-stats,288932,202501,Sale Sharks,away,20,103530,Tristan Woodman,sub 5,replacement
https://www.premiershiprugby.com/match-centre/288932/team-stats,288932,202501,Sale Sharks,away,18,165484,Willgriff John,sub 3,replacement
https://www.premiershiprugby.com/match-centre/288932/team-stats,288932,202501,Sale Sharks,away,14,149322,Tom Roebuck,right wing,starter
https://www.premiershiprugby.com/match-centre/288932/team-stats,288932,202501,Sale Sharks,away,9,100557,Gus Warr,scrum half,starter
https://www.premiershiprugby.com/match-centre/288932/team-stats,288932,202501,Sale Sharks,away,22,113103,Arron Reed,sub 7,replacement
https://www.premiershiprugby.com/match-centre/288932/team-stats,288932,202501,Sale Sharks,away,10,102642,George Ford,fly half,starter
https://www.premiershiprugby.com/match-centre/288932/team-stats,288932,202501,Sale Sharks,away,16,109874,Ethan Caine,sub 1,replacement
https://www.premiershiprugby.com/match-centre/288932/team-stats,288932,202501,Sale Sharks,away,13,199800,Rob du Preez,outside centre,starter
https://www.premiershiprugby.com/match-centre/288932/team-stats,288932,202501,Sale Sharks,away,15,203831,Joe Carpenter,full back,starter
https://www.premiershiprugby.com/match-centre/288932/team-stats,288932,202501,Sale Sharks,away,2,145720,Nathan Jibulu,hooker,starter
https://www.premiershiprugby.com/match-centre/288932/team-stats,288932,202501,Sale Sharks,away,8,205975,Sam Dugdale,number eight,starter
https://www.premiershiprugby.com/match-centre/288932/team-stats,288932,202501,Sale Sharks,away,17,221308,Si McIntyre,sub 2,replacement
https://www.premiershiprugby.com/match-centre/288932/team-stats,288932,202501,Sale Sharks,away,3,239482,Asher Opoku-Fordjour,tighthead prop,starter
https://www.premiershiprugby.com/match-centre/288932/team-stats,288932,202501,Sale Sharks,away,4,131065,Ben Bamber,second row,starter
https://www.premiershiprugby.com/match-centre/288932/team-stats,288932,202501,Sale Sharks,away,21,242906,Dom Hanson,sub 6,replacement
https://www.premiershiprugby.com/match-centre/288932/team-stats,288932,202501,Sale Sharks,away,12,191866,Sam Bedlow,inside centre,starter
https://www.premiershiprugby.com/match-centre/288932/team-stats,288932,202501,Sale Sharks,away,7,101339,Ben Curry,flanker,starter
https://www.premiershiprugby.com/match-centre/288932/team-stats,288932,202501,Sale Sharks,away,23,165469,Marius Louw,sub 8,replacement
https://www.premiershiprugby.com/match-centre/288932/team-stats,288932,202501,Sale Sharks,away,1,158302,Bevan Rodd,loosehead prop,starter
https://www.premiershiprugby.com/match-centre/288940/team-stats,288940,202501,Bath Rugby,home,12,175011,Max Ojomoh,inside centre,starter
https://www.premiershiprugby.com/match-centre/288940/team-stats,288940,202501,Bath Rugby,home,7,104322,Sam Underhill,flanker,starter
https://www.premiershiprugby.com/match-centre/288940/team-stats,288940,202501,Bath Rugby,home,9,156834,Tom Carr-Smith,scrum half,starter
https://www.premiershiprugby.com/match-centre/288940/team-stats,288940,202501,Bath Rugby,home,10,157863,Finn Russell,fly half,starter
https://www.premiershiprugby.com/match-centre/288940/team-stats,288940,202501,Bath Rugby,home,19,195208,Miles Reid,sub 4,replacement
https://www.premiershiprugby.com/match-centre/288940/team-stats,288940,202501,Bath Rugby,home,14,179563,Joe Cokanasiga,right wing,starter
https://www.premiershiprugby.com/match-centre/288940/team-stats,288940,202501,Bath Rugby,home,3,108714,Will Stuart,tighthead prop,starter
https://www.premiershiprugby.com/match-centre/288940/team-stats,288940,202501,Bath Rugby,home,13,131724,Ollie Lawrence,outside centre,starter
https://www.premiershiprugby.com/match-centre/288940/team-stats,288940,202501,Bath Rugby,home,11,161516,Henry Arundell,left wing,starter
https://www.premiershiprugby.com/match-centre/288940/team-stats,288940,202501,Bath Rugby,home,20,145484,Alfie Barbeary,sub 5,replacement
https://www.premiershiprugby.com/match-centre/288940/team-stats,288940,202501,Bath Rugby,home,6,112684,Guy Pepper,flanker,starter
https://www.premiershiprugby.com/match-centre/288940/team-stats,288940,202501,Bath Rugby,home,1,130283,Beno Obano,loosehead prop,starter
https://www.premiershiprugby.com/match-centre/288940/team-stats,288940,202501,Bath Rugby,home,23,196656,Chris Harris,sub 8,replacement
https://www.premiershiprugby.com/match-centre/288940/team-stats,288940,202501,Bath Rugby,home,16,243059,Kepu Tuipulotu,sub 1,replacement
https://www.premiershiprugby.com/match-centre/288940/team-stats,288940,202501,Bath Rugby,home,21,241747,Neil le Roux,sub 6,replacement
https://www.premiershiprugby.com/match-centre/288940/team-stats,288940,202501,Bath Rugby,home,2,225778,Tom Dunn,hooker,starter
https://www.premiershiprugby.com/match-centre/288940/team-stats,288940,202501,Bath Rugby,home,5,105205,Ross Molony,second row,starter
https://www.premiershiprugby.com/match-centre/288940/team-stats,288940,202501,Bath Rugby,home,17,116821,Francois van Wyk,sub 2,replacement
https://www.premiershiprugby.com/match-centre/288940/team-stats,288940,202501,Bath Rugby,home,4,217750,Ewan Richards,second row,starter
https://www.premiershiprugby.com/match-centre/288940/team-stats,288940,202501,Bath Rugby,home,18,104572,Thomas du Toit,sub 3,replacement
https://www.premiershiprugby.com/match-centre/288940/team-stats,288940,202501,Bath Rugby,home,8,100192,Josh Bayliss,number eight,starter
https://www.premiershiprugby.com/match-centre/288940/team-stats,288940,202501,Bath Rugby,home,15,153790,Tom de Glanville,full back,starter
https://www.premiershiprugby.com/match-centre/288940/team-stats,288940,202501,Bath Rugby,home,22,189982,Santi Carreras,sub 7,replacement
https://www.premiershiprugby.com/match-centre/288940/team-stats,288940,202501,Gloucester Rugby,away,10,110114,Ross Byrne,fly half,starter
https://www.premiershiprugby.com/match-centre/288940/team-stats,288940,202501,Gloucester Rugby,away,20,208996,Jack Mann,sub 5,replacement
https://www.premiershiprugby.com/match-centre/288940/team-stats,288940,202501,Gloucester Rugby,away,7,217603,James Venter,flanker,starter
https://www.premiershiprugby.com/match-centre/288940/team-stats,288940,202501,Gloucester Rugby,away,8,191521,Josh Basham,number eight,starter
https://www.premiershiprugby.com/match-centre/288940/team-stats,288940,202501,Gloucester Rugby,away,22,201697,Caolan Englefield,sub 7,replacement
https://www.premiershiprugby.com/match-centre/288940/team-stats,288940,202501,Gloucester Rugby,away,11,124069,Ollie Thorley,left wing,starter
https://www.premiershiprugby.com/match-centre/288940/team-stats,288940,202501,Gloucester Rugby,away,4,120165,Cam Jordan,second row,starter
https://www.premiershiprugby.com/match-centre/288940/team-stats,288940,202501,Gloucester Rugby,away,16,132680,Jack Innard,sub 1,replacement
https://www.premiershiprugby.com/match-centre/288940/team-stats,288940,202501,Gloucester Rugby,away,3,101383,Nepo Laulala,tighthead prop,starter
https://www.premiershiprugby.com/match-centre/288940/team-stats,288940,202501,Gloucester Rugby,away,9,133163,Tomos Williams,scrum half,starter
https://www.premiershiprugby.com/match-centre/288940/team-stats,288940,202501,Gloucester Rugby,away,6,196875,Freddie Thomas,flanker,starter
https://www.premiershiprugby.com/match-centre/288940/team-stats,288940,202501,Gloucester Rugby,away,19,242539,Hugh Bokenham,sub 4,replacement
https://www.premiershiprugby.com/match-centre/288940/team-stats,288940,202501,Gloucester Rugby,away,15,123243,Charlie Atkinson,full back,starter
https://www.premiershiprugby.com/match-centre/288940/team-stats,288940,202501,Gloucester Rugby,away,21,137423,Harry Taylor,sub 6,replacement
https://www.premiershiprugby.com/match-centre/288940/team-stats,288940,202501,Gloucester Rugby,away,13,196173,Will Joseph,outside centre,starter
https://www.premiershiprugby.com/match-centre/288940/team-stats,288940,202501,Gloucester Rugby,away,12,109648,Seb Atkinson,inside centre,starter
https://www.premiershiprugby.com/match-centre/288940/team-stats,288940,202501,Gloucester Rugby,away,1,189971,Ciaran Knight,loosehead prop,starter
https://www.premiershiprugby.com/match-centre/288940/team-stats,288940,202501,Gloucester Rugby,away,17,147089,Archie McArthur,sub 2,replacement
https://www.premiershiprugby.com/match-centre/288940/team-stats,288940,202501,Gloucester Rugby,away,2,137490,Seb Blake,hooker,starter
https://www.premiershiprugby.com/match-centre/288940/team-stats,288940,202501,Gloucester Rugby,away,14,131095,Ben Loader,right wing,starter
https://www.premiershiprugby.com/match-centre/288940/team-stats,288940,202501,Gloucester Rugby,away,23,102295,Josiah Edwards-Giraud,sub 8,replacement
https://www.premiershiprugby.com/match-centre/288940/team-stats,288940,202501,Gloucester Rugby,away,18,239418,Afolabi Fasogbon,sub 3,replacement
https://www.premiershiprugby.com/match-centre/288940/team-stats,288940,202501,Gloucester Rugby,away,5,117823,Matias Alemanno,second row,starter
https://www.premiershiprugby.com/match-centre/288944/team-stats,288944,202501,Leicester Tigers,home,15,150081,Freddie Steward,full back,starter
https://www.premiershiprugby.com/match-centre/288944/team-stats,288944,202501,Leicester Tigers,home,11,173217,Ollie Hassell-Collins,left wing,starter
https://www.premiershiprugby.com/match-centre/288944/team-stats,288944,202501,Leicester Tigers,home,7,183880,Tommy Reffell,flanker,starter
https://www.premiershiprugby.com/match-centre/288944/team-stats,288944,202501,Leicester Tigers,home,18,208037,Will Hurd,sub 3,replacement
https://www.premiershiprugby.com/match-centre/288944/team-stats,288944,202501,Leicester Tigers,home,3,134796,Joe Heyes,tighthead prop,starter
https://www.premiershiprugby.com/match-centre/288944/team-stats,288944,202501,Leicester Tigers,home,22,128683,Billy Searle,sub 7,replacement
https://www.premiershiprugby.com/match-centre/288944/team-stats,288944,202501,Leicester Tigers,home,16,216656,Charlie Clare,sub 1,replacement
https://www.premiershiprugby.com/match-centre/288944/team-stats,288944,202501,Leicester Tigers,home,12,239278,Joe Woodward,inside centre,starter
https://www.premiershiprugby.com/match-centre/288944/team-stats,288944,202501,Leicester Tigers,home,10,211533,James O'Connor,fly half,starter
https://www.premiershiprugby.com/match-centre/288944/team-stats,288944,202501,Leicester Tigers,home,9,170190,Tom Whiteley,scrum half,starter
https://www.premiershiprugby.com/match-centre/288944/team-stats,288944,202501,Leicester Tigers,home,1,110319,Nicky Smith,loosehead prop,starter
https://www.premiershiprugby.com/match-centre/288944/team-stats,288944,202501,Leicester Tigers,home,4,202962,Cameron Henderson,second row,starter
https://www.premiershiprugby.com/match-centre/288944/team-stats,288944,202501,Leicester Tigers,home,23,237969,Will Wand,sub 8,replacement
https://www.premiershiprugby.com/match-centre/288944/team-stats,288944,202501,Leicester Tigers,home,19,177015,Harry Wells,sub 4,replacement
https://www.premiershiprugby.com/match-centre/288944/team-stats,288944,202501,Leicester Tigers,home,8,216823,Olly Cracknell,number eight,starter
https://www.premiershiprugby.com/match-centre/288944/team-stats,288944,202501,Leicester Tigers,home,14,221884,Adam Radwan,right wing,starter
https://www.premiershiprugby.com/match-centre/288944/team-stats,288944,202501,Leicester Tigers,home,5,144635,Ollie Chessum,second row,starter
https://www.premiershiprugby.com/match-centre/288944/team-stats,288944,202501,Leicester Tigers,home,13,179481,Solomone Kata,outside centre,starter
https://www.premiershiprugby.com/match-centre/288944/team-stats,288944,202501,Leicester Tigers,home,17,253626,Ale Loman,sub 2,replacement
https://www.premiershiprugby.com/match-centre/288944/team-stats,288944,202501,Leicester Tigers,home,20,129595,Emeka Ilione,sub 5,replacement
https://www.premiershiprugby.com/match-centre/288944/team-stats,288944,202501,Leicester Tigers,home,2,160415,Jamie Blamire,hooker,starter
https://www.premiershiprugby.com/match-centre/288944/team-stats,288944,202501,Leicester Tigers,home,21,239424,Ollie Allan,sub 6,replacement
https://www.premiershiprugby.com/match-centre/288944/team-stats,288944,202501,Leicester Tigers,home,6,156512,Hanro Liebenberg,flanker,starter
https://www.premiershiprugby.com/match-centre/288944/team-stats,288944,202501,Bath Rugby,away,7,104322,Sam Underhill,flanker,starter
https://www.premiershiprugby.com/match-centre/288944/team-stats,288944,202501,Bath Rugby,away,6,123233,Ethan Staddon,flanker,starter
https://www.premiershiprugby.com/match-centre/288944/team-stats,288944,202501,Bath Rugby,away,22,210178,Will Butt,sub 7,replacement
https://www.premiershiprugby.com/match-centre/288944/team-stats,288944,202501,Bath Rugby,away,21,156834,Tom Carr-Smith,sub 6,replacement
https://www.premiershiprugby.com/match-centre/288944/team-stats,288944,202501,Bath Rugby,away,23,239297,Arthur Green,sub 8,replacement
https://www.premiershiprugby.com/match-centre/288944/team-stats,288944,202501,Bath Rugby,away,10,157863,Finn Russell,fly half,starter
https://www.premiershiprugby.com/match-centre/288944/team-stats,288944,202501,Bath Rugby,away,20,195208,Miles Reid,sub 5,replacement
https://www.premiershiprugby.com/match-centre/288944/team-stats,288944,202501,Bath Rugby,away,12,154219,Cameron Redpath,inside centre,starter
https://www.premiershiprugby.com/match-centre/288944/team-stats,288944,202501,Bath Rugby,away,3,108714,Will Stuart,tighthead prop,starter
https://www.premiershiprugby.com/match-centre/288944/team-stats,288944,202501,Bath Rugby,away,11,161516,Henry Arundell,left wing,starter
https://www.premiershiprugby.com/match-centre/288944/team-stats,288944,202501,Bath Rugby,away,2,103625,Dan Frost,hooker,starter
https://www.premiershiprugby.com/match-centre/288944/team-stats,288944,202501,Bath Rugby,away,8,145484,Alfie Barbeary,number eight,starter
https://www.premiershiprugby.com/match-centre/288944/team-stats,288944,202501,Bath Rugby,away,1,130283,Beno Obano,loosehead prop,starter
https://www.premiershiprugby.com/match-centre/288944/team-stats,288944,202501,Bath Rugby,away,9,111662,Ben Spencer,scrum half,starter
https://www.premiershiprugby.com/match-centre/288944/team-stats,288944,202501,Bath Rugby,away,16,225778,Tom Dunn,sub 1,replacement
https://www.premiershiprugby.com/match-centre/288944/team-stats,288944,202501,Bath Rugby,away,5,105205,Ross Molony,second row,starter
https://www.premiershiprugby.com/match-centre/288944/team-stats,288944,202501,Bath Rugby,away,17,116821,Francois van Wyk,sub 2,replacement
https://www.premiershiprugby.com/match-centre/288944/team-stats,288944,202501,Bath Rugby,away,19,217750,Ewan Richards,sub 4,replacement
https://www.premiershiprugby.com/match-centre/288944/team-stats,288944,202501,Bath Rugby,away,18,104572,Thomas du Toit,sub 3,replacement
https://www.premiershiprugby.com/match-centre/288944/team-stats,288944,202501,Bath Rugby,away,4,203360,Quinn Roux,second row,starter
https://www.premiershiprugby.com/match-centre/288944/team-stats,288944,202501,Bath Rugby,away,15,189982,Santi Carreras,full back,starter
https://www.premiershiprugby.com/match-centre/288944/team-stats,288944,202501,Bath Rugby,away,14,153790,Tom de Glanville,right wing,starter
https://www.premiershiprugby.com/match-centre/288944/team-stats,288944,202501,Bath Rugby,away,13,233245,Louie Hennessey,outside centre,starter
https://www.premiershiprugby.com/match-centre/288950/team-stats,288950,202501,Bath Rugby,home,20,104322,Sam Underhill,sub 5,replacement
https://www.premiershiprugby.com/match-centre/288950/team-stats,288950,202501,Bath Rugby,home,22,175011,Max Ojomoh,sub 7,replacement
https://www.premiershiprugby.com/match-centre/288950/team-stats,288950,202501,Bath Rugby,home,21,156834,Tom Carr-Smith,sub 6,replacement
https://www.premiershiprugby.com/match-centre/288950/team-stats,288950,202501,Bath Rugby,home,10,157863,Finn Russell,fly half,starter
https://www.premiershiprugby.com/match-centre/288950/team-stats,288950,202501,Bath Rugby,home,8,195208,Miles Reid,number eight,starter
https://www.premiershiprugby.com/match-centre/288950/team-stats,288950,202501,Bath Rugby,home,14,179563,Joe Cokanasiga,right wing,starter
https://www.premiershiprugby.com/match-centre/288950/team-stats,288950,202501,Bath Rugby,home,12,154219,Cameron Redpath,inside centre,starter
https://www.premiershiprugby.com/match-centre/288950/team-stats,288950,202501,Bath Rugby,home,18,108714,Will Stuart,sub 3,replacement
https://www.premiershiprugby.com/match-centre/288950/team-stats,288950,202501,Bath Rugby,home,13,131724,Ollie Lawrence,outside centre,starter
https://www.premiershiprugby.com/match-centre/288950/team-stats,288950,202501,Bath Rugby,home,11,161516,Henry Arundell,left wing,starter
https://www.premiershiprugby.com/match-centre/288950/team-stats,288950,202501,Bath Rugby,home,23,145484,Alfie Barbeary,sub 8,replacement
https://www.premiershiprugby.com/match-centre/288950/team-stats,288950,202501,Bath Rugby,home,7,112684,Guy Pepper,flanker,starter
https://www.premiershiprugby.com/match-centre/288950/team-stats,288950,202501,Bath Rugby,home,1,130283,Beno Obano,loosehead prop,starter
https://www.premiershiprugby.com/match-centre/288950/team-stats,288950,202501,Bath Rugby,home,9,111662,Ben Spencer,scrum half,starter
https://www.premiershiprugby.com/match-centre/288950/team-stats,288950,202501,Bath Rugby,home,16,243059,Kepu Tuipulotu,sub 1,replacement
https://www.premiershiprugby.com/match-centre/288950/team-stats,288950,202501,Bath Rugby,home,2,225778,Tom Dunn,hooker,starter
https://www.premiershiprugby.com/match-centre/288950/team-stats,288950,202501,Bath Rugby,home,5,105205,Ross Molony,second row,starter
https://www.premiershiprugby.com/match-centre/288950/team-stats,288950,202501,Bath Rugby,home,17,116821,Francois van Wyk,sub 2,replacement
https://www.premiershiprugby.com/match-centre/288950/team-stats,288950,202501,Bath Rugby,home,19,217750,Ewan Richards,sub 4,replacement
https://www.premiershiprugby.com/match-centre/288950/team-stats,288950,202501,Bath Rugby,home,3,104572,Thomas du Toit,tighthead prop,starter
https://www.premiershiprugby.com/match-centre/288950/team-stats,288950,202501,Bath Rugby,home,4,203360,Quinn Roux,second row,starter
https://www.premiershiprugby.com/match-centre/288950/team-stats,288950,202501,Bath Rugby,home,6,100192,Josh Bayliss,flanker,starter
https://www.premiershiprugby.com/match-centre/288950/team-stats,288950,202501,Bath Rugby,home,15,189982,Santiago Carreras,full back,starter
https://www.premiershiprugby.com/match-centre/288950/team-stats,288950,202501,Bristol Bears,away,7,112066,Fitz Harding,flanker,starter
https://www.premiershiprugby.com/match-centre/288950/team-stats,288950,202501,Bristol Bears,away,17,106402,Jake Woolmore,sub 2,replacement
https://www.premiershiprugby.com/match-centre/288950/team-stats,288950,202501,Bristol Bears,away,20,245732,Benjamin Grondona,sub 5,replacement
https://www.premiershiprugby.com/match-centre/288950/team-stats,288950,202501,Bristol Bears,away,4,236968,Pedro Rubiolo,second row,starter
https://www.premiershiprugby.com/match-centre/288950/team-stats,288950,202501,Bristol Bears,away,12,217606,Benhard Janse van Rensburg,inside centre,starter
https://www.premiershiprugby.com/match-centre/288950/team-stats,288950,202501,Bristol Bears,away,19,237996,Joe Owen,sub 4,replacement
https://www.premiershiprugby.com/match-centre/288950/team-stats,288950,202501,Bristol Bears,away,11,237803,Kalaveti Ravouvou,left wing,starter
https://www.premiershiprugby.com/match-centre/288950/team-stats,288950,202501,Bristol Bears,away,16,183340,Harry Thacker,sub 1,replacement
https://www.premiershiprugby.com/match-centre/288950/team-stats,288950,202501,Bristol Bears,away,3,163209,George Kloska,tighthead prop,starter
https://www.premiershiprugby.com/match-centre/288950/team-stats,288950,202501,Bristol Bears,away,1,165007,Ellis Genge,loosehead prop,starter
https://www.premiershiprugby.com/match-centre/288950/team-stats,288950,202501,Bristol Bears,away,14,199886,Jack Bates,right wing,starter
https://www.premiershiprugby.com/match-centre/288950/team-stats,288950,202501,Bristol Bears,away,8,145677,Bill Mata,number eight,starter
https://www.premiershiprugby.com/match-centre/288950/team-stats,288950,202501,Bristol Bears,away,22,255411,Josh Carrington,sub 7,replacement
https://www.premiershiprugby.com/match-centre/288950/team-stats,288950,202501,Bristol Bears,away,5,147794,Joe Batley,second row,starter
https://www.premiershiprugby.com/match-centre/288950/team-stats,288950,202501,Bristol Bears,away,23,161106,Toby Fricker,sub 8,replacement
https://www.premiershiprugby.com/match-centre/288950/team-stats,288950,202501,Bristol Bears,away,6,127095,Santiago Grondona,flanker,starter
https://www.premiershiprugby.com/match-centre/288950/team-stats,288950,202501,Bristol Bears,away,21,237013,Oscar Lennon,sub 6,replacement
https://www.premiershiprugby.com/match-centre/288950/team-stats,288950,202501,Bristol Bears,away,9,210010,Kieran Marmion,scrum half,starter
https://www.premiershiprugby.com/match-centre/288950/team-stats,288950,202501,Bristol Bears,away,13,154458,Matias Moroni,outside centre,starter
https://www.premiershiprugby.com/match-centre/288950/team-stats,288950,202501,Bristol Bears,away,15,241920,Benjamin Elizalde,full back,starter
https://www.premiershiprugby.com/match-centre/288950/team-stats,288950,202501,Bristol Bears,away,18,223904,Lovejoy Chawatama,sub 3,replacement
https://www.premiershiprugby.com/match-centre/288950/team-stats,288950,202501,Bristol Bears,away,2,127101,Gabriel Oghre,hooker,starter
https://www.premiershiprugby.com/match-centre/288950/team-stats,288950,202501,Bristol Bears,away,10,240061,Sam Worsley,fly half,starter
https://www.premiershiprugby.com/match-centre/288956/team-stats,288956,202501,Saracens,home,15,183874,Elliot Daly,full back,starter
https://www.premiershiprugby.com/match-centre/288956/team-stats,288956,202501,Saracens,home,13,229505,Lucio Cinti,outside centre,starter
https://www.premiershiprugby.com/match-centre/288956/team-stats,288956,202501,Saracens,home,10,179047,Owen Farrell,fly half,starter
https://www.premiershiprugby.com/match-centre/288956/team-stats,288956,202501,Saracens,home,19,218727,Harry Wilson,sub 4,replacement
https://www.premiershiprugby.com/match-centre/288956/team-stats,288956,202501,Saracens,home,11,211692,Max Malins,left wing,starter
https://www.premiershiprugby.com/match-centre/288956/team-stats,288956,202501,Saracens,home,7,209612,Ben Earl,flanker,starter
https://www.premiershiprugby.com/match-centre/288956/team-stats,288956,202501,Saracens,home,21,239403,Charlie Bracken,sub 6,replacement
https://www.premiershiprugby.com/match-centre/288956/team-stats,288956,202501,Saracens,home,17,103821,Eroni Mawi,sub 2,replacement
https://www.premiershiprugby.com/match-centre/288956/team-stats,288956,202501,Saracens,home,2,111794,Theo Dan,hooker,starter
https://www.premiershiprugby.com/match-centre/288956/team-stats,288956,202501,Saracens,home,6,147091,Juan Martin Gonzalez,flanker,starter
https://www.premiershiprugby.com/match-centre/288956/team-stats,288956,202501,Saracens,home,1,119955,Rhys Carre,loosehead prop,starter
https://www.premiershiprugby.com/match-centre/288956/team-stats,288956,202501,Saracens,home,3,107059,Marco Riccioni,tighthead prop,starter
https://www.premiershiprugby.com/match-centre/288956/team-stats,288956,202501,Saracens,home,9,185080,Ivan van Zyl,scrum half,starter
https://www.premiershiprugby.com/match-centre/288956/team-stats,288956,202501,Saracens,home,4,237366,Theo McFarland,second row,starter
https://www.premiershiprugby.com/match-centre/288956/team-stats,288956,202501,Saracens,home,18,160437,Marcus Street,sub 3,replacement
https://www.premiershiprugby.com/match-centre/288956/team-stats,288956,202501,Saracens,home,12,104921,Nick Tompkins,inside centre,starter
https://www.premiershiprugby.com/match-centre/288956/team-stats,288956,202501,Saracens,home,16,144473,James Hadfield,sub 1,replacement
https://www.premiershiprugby.com/match-centre/288956/team-stats,288956,202501,Saracens,home,5,198623,Hugh Tizard,second row,starter
https://www.premiershiprugby.com/match-centre/288956/team-stats,288956,202501,Saracens,home,8,177536,Tom Willis,number eight,starter
https://www.premiershiprugby.com/match-centre/288956/team-stats,288956,202501,Saracens,home,20,214751,Nick Isiekwe,sub 5,replacement
https://www.premiershiprugby.com/match-centre/288956/team-stats,288956,202501,Saracens,home,23,244799,Angus Hall,sub 8,replacement
https://www.premiershiprugby.com/match-centre/288956/team-stats,288956,202501,Saracens,home,22,136509,Fergus Burke,sub 7,replacement
https://www.premiershiprugby.com/match-centre/288956/team-stats,288956,202501,Saracens,home,14,252989,Noah Caluori,right wing,starter
https://www.premiershiprugby.com/match-centre/288956/team-stats,288956,202501,Bath Rugby,away,22,175011,Max Ojomoh,sub 7,replacement
https://www.premiershiprugby.com/match-centre/288956/team-stats,288956,202501,Bath Rugby,away,12,210178,Will Butt,inside centre,starter
https://www.premiershiprugby.com/match-centre/288956/team-stats,288956,202501,Bath Rugby,away,8,239297,Arthur Green,number eight,starter
https://www.premiershiprugby.com/match-centre/288956/team-stats,288956,202501,Bath Rugby,away,21,156834,Tom Carr-Smith,sub 6,replacement
https://www.premiershiprugby.com/match-centre/288956/team-stats,288956,202501,Bath Rugby,away,10,157863,Finn Russell,fly half,starter
https://www.premiershiprugby.com/match-centre/288956/team-stats,288956,202501,Bath Rugby,away,7,195208,Miles Reid,flanker,starter
https://www.premiershiprugby.com/match-centre/288956/team-stats,288956,202501,Bath Rugby,away,14,179563,Joe Cokanasiga,right wing,starter
https://www.premiershiprugby.com/match-centre/288956/team-stats,288956,202501,Bath Rugby,away,18,108714,Will Stuart,sub 3,replacement
https://www.premiershiprugby.com/match-centre/288956/team-stats,288956,202501,Bath Rugby,away,23,154219,Cameron Redpath,sub 8,replacement
https://www.premiershiprugby.com/match-centre/288956/team-stats,288956,202501,Bath Rugby,away,11,161516,Henry Arundell,left wing,starter
https://www.premiershiprugby.com/match-centre/288956/team-stats,288956,202501,Bath Rugby,away,16,103625,Dan Frost,sub 1,replacement
https://www.premiershiprugby.com/match-centre/288956/team-stats,288956,202501,Bath Rugby,away,1,130283,Beno Obano,loosehead prop,starter
https://www.premiershiprugby.com/match-centre/288956/team-stats,288956,202501,Bath Rugby,away,13,196656,Chris Harris,outside centre,starter
https://www.premiershiprugby.com/match-centre/288956/team-stats,288956,202501,Bath Rugby,away,9,111662,Ben Spencer,scrum half,starter
https://www.premiershiprugby.com/match-centre/288956/team-stats,288956,202501,Bath Rugby,away,2,225778,Tom Dunn,hooker,starter
https://www.premiershiprugby.com/match-centre/288956/team-stats,288956,202501,Bath Rugby,away,20,184945,Ted Hill,sub 5,replacement
https://www.premiershiprugby.com/match-centre/288956/team-stats,288956,202501,Bath Rugby,away,17,116821,Francois van Wyk,sub 2,replacement
https://www.premiershiprugby.com/match-centre/288956/team-stats,288956,202501,Bath Rugby,away,19,105205,Ross Molony,sub 4,replacement
https://www.premiershiprugby.com/match-centre/288956/team-stats,288956,202501,Bath Rugby,away,3,104572,Thomas du Toit,tighthead prop,starter
https://www.premiershiprugby.com/match-centre/288956/team-stats,288956,202501,Bath Rugby,away,4,203360,Quinn Roux,second row,starter
https://www.premiershiprugby.com/match-centre/288956/team-stats,288956,202501,Bath Rugby,away,5,196415,Charlie Ewels,second row,starter
https://www.premiershiprugby.com/match-centre/288956/team-stats,288956,202501,Bath Rugby,away,6,100192,Josh Bayliss,flanker,starter
https://www.premiershiprugby.com/match-centre/288956/team-stats,288956,202501,Bath Rugby,away,15,153790,Tom de Glanville,full back,starter
https://www.premiershiprugby.com/match-centre/288961/team-stats,288961,202501,Newcastle Red Bulls,home,7,218820,Tom Christie,flanker,starter
https://www.premiershiprugby.com/match-centre/288961/team-stats,288961,202501,Newcastle Red Bulls,home,20,140708,Tom Gordon,sub 5,replacement
https://www.premiershiprugby.com/match-centre/288961/team-stats,288961,202501,Newcastle Red Bulls,home,21,176289,James Elliott,sub 6,replacement
https://www.premiershiprugby.com/match-centre/288961/team-stats,288961,202501,Newcastle Red Bulls,home,19,239553,Finn Baker,sub 4,replacement
https://www.premiershiprugby.com/match-centre/288961/team-stats,288961,202501,Newcastle Red Bulls,home,2,163400,George McGuigan,hooker,starter
https://www.premiershiprugby.com/match-centre/288961/team-stats,288961,202501,Newcastle Red Bulls,home,10,205702,Brett Connon,fly half,starter
https://www.premiershiprugby.com/match-centre/288961/team-stats,288961,202501,Newcastle Red Bulls,home,23,169829,Max Clark,sub 8,replacement
https://www.premiershiprugby.com/match-centre/288961/team-stats,288961,202501,Newcastle Red Bulls,home,16,207081,Ollie Fletcher,sub 1,replacement
https://www.premiershiprugby.com/match-centre/288961/team-stats,288961,202501,Newcastle Red Bulls,home,18,200621,Richard Palframan,sub 3,replacement
https://www.premiershiprugby.com/match-centre/288961/team-stats,288961,202501,Newcastle Red Bulls,home,4,248979,Oscar Usher,second row,starter
https://www.premiershiprugby.com/match-centre/288961/team-stats,288961,202501,Newcastle Red Bulls,home,17,134737,Connor Hancock,sub 2,replacement
https://www.premiershiprugby.com/match-centre/288961/team-stats,288961,202501,Newcastle Red Bulls,home,3,205585,Murray McCallum,tighthead prop,starter
https://www.premiershiprugby.com/match-centre/288961/team-stats,288961,202501,Newcastle Red Bulls,home,5,154551,Sebastian de Chaves,second row,starter
https://www.premiershiprugby.com/match-centre/288961/team-stats,288961,202501,Newcastle Red Bulls,home,1,164792,Adam Brocklebank,loosehead prop,starter
https://www.premiershiprugby.com/match-centre/288961/team-stats,288961,202501,Newcastle Red Bulls,home,6,190680,Ollie Leatherbarrow,flanker,starter
https://www.premiershiprugby.com/match-centre/288961/team-stats,288961,202501,Newcastle Red Bulls,home,14,222549,Oll Spencer,right wing,starter
https://www.premiershiprugby.com/match-centre/288961/team-stats,288961,202501,Newcastle Red Bulls,home,11,145014,Elliott Obatoyinbo,left wing,starter
https://www.premiershiprugby.com/match-centre/288961/team-stats,288961,202501,Newcastle Red Bulls,home,15,144507,Ethan Grayson,full back,starter
https://www.premiershiprugby.com/match-centre/288961/team-stats,288961,202501,Newcastle Red Bulls,home,13,199072,Alex Hearle,outside centre,starter
https://www.premiershiprugby.com/match-centre/288961/team-stats,288961,202501,Newcastle Red Bulls,home,9,251584,Simon Benitez Cruz,scrum half,starter
https://www.premiershiprugby.com/match-centre/288961/team-stats,288961,202501,Newcastle Red Bulls,home,22,150399,Boeta Chamberlain,sub 7,replacement
https://www.premiershiprugby.com/match-centre/288961/team-stats,288961,202501,Newcastle Red Bulls,home,8,114429,Amanaki Mafi,number eight,starter
https://www.premiershiprugby.com/match-centre/288961/team-stats,288961,202501,Newcastle Red Bulls,home,12,108863,Sammy Arnold,inside centre,starter
https://www.premiershiprugby.com/match-centre/288961/team-stats,288961,202501,Bath Rugby,away,20,104322,Sam Underhill,sub 5,replacement
https://www.premiershiprugby.com/match-centre/288961/team-stats,288961,202501,Bath Rugby,away,7,123233,Ethan Staddon,flanker,starter
https://www.premiershiprugby.com/match-centre/288961/team-stats,288961,202501,Bath Rugby,away,12,210178,Will Butt,inside centre,starter
https://www.premiershiprugby.com/match-centre/288961/team-stats,288961,202501,Bath Rugby,away,3,187169,Archie Griffin,tighthead prop,starter
https://www.premiershiprugby.com/match-centre/288961/team-stats,288961,202501,Bath Rugby,away,9,156834,Tom Carr-Smith,scrum half,starter
https://www.premiershiprugby.com/match-centre/288961/team-stats,288961,202501,Bath Rugby,away,8,195208,Miles Reid,number eight,starter
https://www.premiershiprugby.com/match-centre/288961/team-stats,288961,202501,Bath Rugby,away,14,179563,Joe Cokanasiga,right wing,starter
https://www.premiershiprugby.com/match-centre/288961/team-stats,288961,202501,Bath Rugby,away,22,154219,Cameron Redpath,sub 7,replacement
https://www.premiershiprugby.com/match-centre/288961/team-stats,288961,202501,Bath Rugby,away,2,103625,Dan Frost,hooker,starter
https://www.premiershiprugby.com/match-centre/288961/team-stats,288961,202501,Bath Rugby,away,23,145484,Alfie Barbeary,sub 8,replacement
https://www.premiershiprugby.com/match-centre/288961/team-stats,288961,202501,Bath Rugby,away,17,130283,Beno Obano,sub 2,replacement
https://www.premiershiprugby.com/match-centre/288961/team-stats,288961,202501,Bath Rugby,away,13,196656,Chris Harris,outside centre,starter
https://www.premiershiprugby.com/match-centre/288961/team-stats,288961,202501,Bath Rugby,away,21,111662,Ben Spencer,sub 6,replacement
https://www.premiershiprugby.com/match-centre/288961/team-stats,288961,202501,Bath Rugby,away,16,225778,Tom Dunn,sub 1,replacement
https://www.premiershiprugby.com/match-centre/288961/team-stats,288961,202501,Bath Rugby,away,19,184945,Ted Hill,sub 4,replacement
https://www.premiershiprugby.com/match-centre/288961/team-stats,288961,202501,Bath Rugby,away,1,116821,Francois van Wyk,loosehead prop,starter
https://www.premiershiprugby.com/match-centre/288961/team-stats,288961,202501,Bath Rugby,away,5,105205,Ross Molony,second row,starter
https://www.premiershiprugby.com/match-centre/288961/team-stats,288961,202501,Bath Rugby,away,4,217750,Ewan Richards,second row,starter
https://www.premiershiprugby.com/match-centre/288961/team-stats,288961,202501,Bath Rugby,away,18,104572,Thomas du Toit,sub 3,replacement
https://www.premiershiprugby.com/match-centre/288961/team-stats,288961,202501,Bath Rugby,away,6,100192,Josh Bayliss,flanker,starter
https://www.premiershiprugby.com/match-centre/288961/team-stats,288961,202501,Bath Rugby,away,15,153790,Tom de Glanville,full back,starter
https://www.premiershiprugby.com/match-centre/288961/team-stats,288961,202501,Bath Rugby,away,11,233245,Louie Hennessey,left wing,starter
https://www.premiershiprugby.com/match-centre/288961/team-stats,288961,202501,Bath Rugby,away,10,189982,Santi Carreras,fly half,starter
https://www.premiershiprugby.com/match-centre/288965/team-stats,288965,202501,Bath Rugby,home,12,175011,Max Ojomoh,inside centre,starter
https://www.premiershiprugby.com/match-centre/288965/team-stats,288965,202501,Bath Rugby,home,7,104322,Sam Underhill,flanker,starter
https://www.premiershiprugby.com/match-centre/288965/team-stats,288965,202501,Bath Rugby,home,18,187169,Archie Griffin,sub 3,replacement
https://www.premiershiprugby.com/match-centre/288965/team-stats,288965,202501,Bath Rugby,home,21,156834,Tom Carr-Smith,sub 6,replacement
https://www.premiershiprugby.com/match-centre/288965/team-stats,288965,202501,Bath Rugby,home,10,157863,Finn Russell,fly half,starter
https://www.premiershiprugby.com/match-centre/288965/team-stats,288965,202501,Bath Rugby,home,8,195208,Miles Reid,number eight,starter
https://www.premiershiprugby.com/match-centre/288965/team-stats,288965,202501,Bath Rugby,home,14,179563,Joe Cokanasiga,right wing,starter
https://www.premiershiprugby.com/match-centre/288965/team-stats,288965,202501,Bath Rugby,home,13,131724,Ollie Lawrence,outside centre,starter
https://www.premiershiprugby.com/match-centre/288965/team-stats,288965,202501,Bath Rugby,home,11,161516,Henry Arundell,left wing,starter
https://www.premiershiprugby.com/match-centre/288965/team-stats,288965,202501,Bath Rugby,home,16,103625,Dan Frost,sub 1,replacement
https://www.premiershiprugby.com/match-centre/288965/team-stats,288965,202501,Bath Rugby,home,20,112684,Guy Pepper,sub 5,replacement
https://www.premiershiprugby.com/match-centre/288965/team-stats,288965,202501,Bath Rugby,home,1,130283,Beno Obano,loosehead prop,starter
https://www.premiershiprugby.com/match-centre/288965/team-stats,288965,202501,Bath Rugby,home,9,111662,Ben Spencer,scrum half,starter
https://www.premiershiprugby.com/match-centre/288965/team-stats,288965,202501,Bath Rugby,home,23,196656,Chris Harris,sub 8,replacement
https://www.premiershiprugby.com/match-centre/288965/team-stats,288965,202501,Bath Rugby,home,2,225778,Tom Dunn,hooker,starter
https://www.premiershiprugby.com/match-centre/288965/team-stats,288965,202501,Bath Rugby,home,19,184945,Ted Hill,sub 4,replacement
https://www.premiershiprugby.com/match-centre/288965/team-stats,288965,202501,Bath Rugby,home,5,105205,Ross Molony,second row,starter
https://www.premiershiprugby.com/match-centre/288965/team-stats,288965,202501,Bath Rugby,home,17,116821,Francois van Wyk,sub 2,replacement
https://www.premiershiprugby.com/match-centre/288965/team-stats,288965,202501,Bath Rugby,home,3,104572,Thomas du Toit,tighthead prop,starter
https://www.premiershiprugby.com/match-centre/288965/team-stats,288965,202501,Bath Rugby,home,4,203360,Quinn Roux,second row,starter
https://www.premiershiprugby.com/match-centre/288965/team-stats,288965,202501,Bath Rugby,home,6,100192,Josh Bayliss,flanker,starter
https://www.premiershiprugby.com/match-centre/288965/team-stats,288965,202501,Bath Rugby,home,15,153790,Tom de Glanville,full back,starter
https://www.premiershiprugby.com/match-centre/288965/team-stats,288965,202501,Bath Rugby,home,22,189982,Santi Carreras,sub 7,replacement
https://www.premiershiprugby.com/match-centre/288965/team-stats,288965,202501,Northampton Saints,away,5,193283,Chunya Munga,second row,starter
https://www.premiershiprugby.com/match-centre/288965/team-stats,288965,202501,Northampton Saints,away,10,119745,Anthony Belleau,fly half,starter
https://www.premiershiprugby.com/match-centre/288965/team-stats,288965,202501,Northampton Saints,away,23,192642,Ollie Sleightholme,sub 8,replacement
https://www.premiershiprugby.com/match-centre/288965/team-stats,288965,202501,Northampton Saints,away,6,168872,Callum Chick,flanker,starter
https://www.premiershiprugby.com/match-centre/288965/team-stats,288965,202501,Northampton Saints,away,17,242892,Ollie Scola,sub 2,replacement
https://www.premiershiprugby.com/match-centre/288965/team-stats,288965,202501,Northampton Saints,away,18,175403,Elliot Millar-Mills,sub 3,replacement
https://www.premiershiprugby.com/match-centre/288965/team-stats,288965,202501,Northampton Saints,away,21,221996,Tom James,sub 6,replacement
https://www.premiershiprugby.com/match-centre/288965/team-stats,288965,202501,Northampton Saints,away,11,178796,James Ramm,left wing,starter
https://www.premiershiprugby.com/match-centre/288965/team-stats,288965,202501,Northampton Saints,away,20,108939,Fyn Brown,sub 5,replacement
https://www.premiershiprugby.com/match-centre/288965/team-stats,288965,202501,Northampton Saints,away,1,187951,Emmanuel Iyogun,loosehead prop,starter
https://www.premiershiprugby.com/match-centre/288965/team-stats,288965,202501,Northampton Saints,away,2,206832,Robbie Smith,hooker,starter
https://www.premiershiprugby.com/match-centre/288965/team-stats,288965,202501,Northampton Saints,away,4,124493,Ed Prowse,second row,starter
https://www.premiershiprugby.com/match-centre/288965/team-stats,288965,202501,Northampton Saints,away,8,239634,Henry Pollock,number eight,starter
https://www.premiershiprugby.com/match-centre/288965/team-stats,288965,202501,Northampton Saints,away,19,225330,Archie Benson,sub 4,replacement
https://www.premiershiprugby.com/match-centre/288965/team-stats,288965,202501,Northampton Saints,away,9,239345,Archie McParland,scrum half,starter
https://www.premiershiprugby.com/match-centre/288965/team-stats,288965,202501,Northampton Saints,away,3,102707,Trevor Davison,tighthead prop,starter
https://www.premiershiprugby.com/match-centre/288965/team-stats,288965,202501,Northampton Saints,away,7,212369,Sam Graham,flanker,starter
https://www.premiershiprugby.com/match-centre/288965/team-stats,288965,202501,Northampton Saints,away,16,185586,Henry Walker,sub 1,replacement
https://www.premiershiprugby.com/match-centre/288965/team-stats,288965,202501,Northampton Saints,away,14,248790,Edoardo Todaro,right wing,starter
https://www.premiershiprugby.com/match-centre/288965/team-stats,288965,202501,Northampton Saints,away,12,109816,Rory Hutchinson,inside centre,starter
https://www.premiershiprugby.com/match-centre/288965/team-stats,288965,202501,Northampton Saints,away,13,156918,Tommy Freeman,outside centre,starter
https://www.premiershiprugby.com/match-centre/288965/team-stats,288965,202501,Northampton Saints,away,15,238687,George Hendy,full back,starter
https://www.premiershiprugby.com/match-centre/288965/team-stats,288965,202501,Northampton Saints,away,22,250654,Henry Lumley,sub 7,replacement
https://www.premiershiprugby.com/match-centre/288969/team-stats,288969,202501,Bath Rugby,home,20,104322,Sam Underhill,sub 5,replacement
https://www.premiershiprugby.com/match-centre/288969/team-stats,288969,202501,Bath Rugby,home,21,156834,Tom Carr-Smith,sub 6,replacement
https://www.premiershiprugby.com/match-centre/288969/team-stats,288969,202501,Bath Rugby,home,23,239297,Arthur Green,sub 8,replacement
https://www.premiershiprugby.com/match-centre/288969/team-stats,288969,202501,Bath Rugby,home,10,157863,Finn Russell,fly half,starter
https://www.premiershiprugby.com/match-centre/288969/team-stats,288969,202501,Bath Rugby,home,12,154219,Cameron Redpath,inside centre,starter
https://www.premiershiprugby.com/match-centre/288969/team-stats,288969,202501,Bath Rugby,home,14,161516,Henry Arundell,right wing,starter
https://www.premiershiprugby.com/match-centre/288969/team-stats,288969,202501,Bath Rugby,home,13,131724,Ollie Lawrence,outside centre,starter
https://www.premiershiprugby.com/match-centre/288969/team-stats,288969,202501,Bath Rugby,home,8,145484,Alfie Barbeary,number eight,starter
https://www.premiershiprugby.com/match-centre/288969/team-stats,288969,202501,Bath Rugby,home,7,112684,Guy Pepper,flanker,starter
https://www.premiershiprugby.com/match-centre/288969/team-stats,288969,202501,Bath Rugby,home,1,130283,Beno Obano,loosehead prop,starter
https://www.premiershiprugby.com/match-centre/288969/team-stats,288969,202501,Bath Rugby,home,9,111662,Ben Spencer,scrum half,starter
https://www.premiershiprugby.com/match-centre/288969/team-stats,288969,202501,Bath Rugby,home,11,160272,Will Muir,left wing,starter
https://www.premiershiprugby.com/match-centre/288969/team-stats,288969,202501,Bath Rugby,home,16,243059,Kepu Tuipulotu,sub 1,replacement
https://www.premiershiprugby.com/match-centre/288969/team-stats,288969,202501,Bath Rugby,home,2,225778,Tom Dunn,hooker,starter
https://www.premiershiprugby.com/match-centre/288969/team-stats,288969,202501,Bath Rugby,home,6,184945,Ted Hill,flanker,starter
https://www.premiershiprugby.com/match-centre/288969/team-stats,288969,202501,Bath Rugby,home,5,105205,Ross Molony,second row,starter
https://www.premiershiprugby.com/match-centre/288969/team-stats,288969,202501,Bath Rugby,home,3,239292,Billy Sela,tighthead prop,starter
https://www.premiershiprugby.com/match-centre/288969/team-stats,288969,202501,Bath Rugby,home,18,104572,Thomas du Toit,sub 3,replacement
https://www.premiershiprugby.com/match-centre/288969/team-stats,288969,202501,Bath Rugby,home,17,240057,Scott Kirk,sub 2,replacement
https://www.premiershiprugby.com/match-centre/288969/team-stats,288969,202501,Bath Rugby,home,4,255392,Enoch Opoku Gyamfi,second row,starter
https://www.premiershiprugby.com/match-centre/288969/team-stats,288969,202501,Bath Rugby,home,19,203360,Quinn Roux,sub 4,replacement
https://www.premiershiprugby.com/match-centre/288969/team-stats,288969,202501,Bath Rugby,home,15,189982,Santi Carreras,full back,starter
https://www.premiershiprugby.com/match-centre/288969/team-stats,288969,202501,Bath Rugby,home,22,233245,Louie Hennessey,sub 7,replacement
https://www.premiershiprugby.com/match-centre/288969/team-stats,288969,202501,Exeter Chiefs,away,11,250817,Campbell Ridl,left wing,starter
https://www.premiershiprugby.com/match-centre/288969/team-stats,288969,202501,Exeter Chiefs,away,6,237000,Tom Hooper,flanker,starter
https://www.premiershiprugby.com/match-centre/288969/team-stats,288969,202501,Exeter Chiefs,away,21,117545,Charlie Chapman,sub 6,replacement
https://www.premiershiprugby.com/match-centre/288969/team-stats,288969,202501,Exeter Chiefs,away,17,201738,Will Goodrick-Clarke,sub 2,replacement
https://www.premiershiprugby.com/match-centre/288969/team-stats,288969,202501,Exeter Chiefs,away,9,110891,Steve Varney,scrum half,starter
https://www.premiershiprugby.com/match-centre/288969/team-stats,288969,202501,Exeter Chiefs,away,5,128750,Andrea Zambonin,second row,starter
https://www.premiershiprugby.com/match-centre/288969/team-stats,288969,202501,Exeter Chiefs,away,22,125136,Will Haydon-Wood,sub 7,replacement
https://www.premiershiprugby.com/match-centre/288969/team-stats,288969,202501,Exeter Chiefs,away,18,188174,Jimmy Roots,sub 3,replacement
https://www.premiershiprugby.com/match-centre/288969/team-stats,288969,202501,Exeter Chiefs,away,1,224659,Scott Sio,loosehead prop,starter
https://www.premiershiprugby.com/match-centre/288969/team-stats,288969,202501,Exeter Chiefs,away,15,166737,Olly Woodburn,full back,starter
https://www.premiershiprugby.com/match-centre/288969/team-stats,288969,202501,Exeter Chiefs,away,4,237272,Dafydd Jenkins,second row,starter
https://www.premiershiprugby.com/match-centre/288969/team-stats,288969,202501,Exeter Chiefs,away,8,170455,Greg Fisilau,number eight,starter
https://www.premiershiprugby.com/match-centre/288969/team-stats,288969,202501,Exeter Chiefs,away,14,233237,Immanuel Feyi-Waboso,right wing,starter
https://www.premiershiprugby.com/match-centre/288969/team-stats,288969,202501,Exeter Chiefs,away,23,199029,Dan John,sub 8,replacement
https://www.premiershiprugby.com/match-centre/288969/team-stats,288969,202501,Exeter Chiefs,away,19,112986,Rus Tuima,sub 4,replacement
https://www.premiershiprugby.com/match-centre/288969/team-stats,288969,202501,Exeter Chiefs,away,12,243675,Will Rigg,inside centre,starter
https://www.premiershiprugby.com/match-centre/288969/team-stats,288969,202501,Exeter Chiefs,away,10,225024,Harvey Skinner,fly half,starter
https://www.premiershiprugby.com/match-centre/288969/team-stats,288969,202501,Exeter Chiefs,away,13,138016,Henry Slade,outside centre,starter
https://www.premiershiprugby.com/match-centre/288969/team-stats,288969,202501,Exeter Chiefs,away,20,243167,Kane James,sub 5,replacement
https://www.premiershiprugby.com/match-centre/288969/team-stats,288969,202501,Exeter Chiefs,away,16,203166,Jack Yeandle,sub 1,replacement
https://www.premiershiprugby.com/match-centre/288969/team-stats,288969,202501,Exeter Chiefs,away,2,213725,Joseph Dweba,hooker,starter
https://www.premiershiprugby.com/match-centre/288969/team-stats,288969,202501,Exeter Chiefs,away,3,249693,Bachuki Tchumbadze,tighthead prop,starter
https://www.premiershiprugby.com/match-centre/288969/team-stats,288969,202501,Exeter Chiefs,away,7,124575,Ethan Roots,flanker,starter
https://www.premiershiprugby.com/match-centre/288973/team-stats,288973,202501,Gloucester Rugby,home,20,208996,Jack Mann,sub 5,replacement
https://www.premiershiprugby.com/match-centre/288973/team-stats,288973,202501,Gloucester Rugby,home,22,110114,Ross Byrne,sub 7,replacement
https://www.premiershiprugby.com/match-centre/288973/team-stats,288973,202501,Gloucester Rugby,home,6,217603,James Venter,flanker,starter
https://www.premiershiprugby.com/match-centre/288973/team-stats,288973,202501,Gloucester Rugby,home,14,241026,Josh Hathaway,right wing,starter
https://www.premiershiprugby.com/match-centre/288973/team-stats,288973,202501,Gloucester Rugby,home,4,253378,Deian Gwynne,second row,starter
https://www.premiershiprugby.com/match-centre/288973/team-stats,288973,202501,Gloucester Rugby,home,11,124069,Ollie Thorley,left wing,starter
https://www.premiershiprugby.com/match-centre/288973/team-stats,288973,202501,Gloucester Rugby,home,19,120165,Cam Jordan,sub 4,replacement
https://www.premiershiprugby.com/match-centre/288973/team-stats,288973,202501,Gloucester Rugby,home,21,237895,Mike Austin,sub 6,replacement
https://www.premiershiprugby.com/match-centre/288973/team-stats,288973,202501,Gloucester Rugby,home,9,133163,Tomos Williams,scrum half,starter
https://www.premiershiprugby.com/match-centre/288973/team-stats,288973,202501,Gloucester Rugby,home,23,244523,Jack Cotgreave,sub 8,replacement
https://www.premiershiprugby.com/match-centre/288973/team-stats,288973,202501,Gloucester Rugby,home,10,123243,Charlie Atkinson,fly half,starter
https://www.premiershiprugby.com/match-centre/288973/team-stats,288973,202501,Gloucester Rugby,home,12,109648,Seb Atkinson,inside centre,starter
https://www.premiershiprugby.com/match-centre/288973/team-stats,288973,202501,Gloucester Rugby,home,17,189971,Ciaran Knight,sub 2,replacement
https://www.premiershiprugby.com/match-centre/288973/team-stats,288973,202501,Gloucester Rugby,home,15,133265,George Barton,full back,starter
https://www.premiershiprugby.com/match-centre/288973/team-stats,288973,202501,Gloucester Rugby,home,18,201234,Kirill Gotovtsev,sub 3,replacement
https://www.premiershiprugby.com/match-centre/288973/team-stats,288973,202501,Gloucester Rugby,home,16,242961,George Knowles,sub 1,replacement
https://www.premiershiprugby.com/match-centre/288973/team-stats,288973,202501,Gloucester Rugby,home,8,104022,Will Trenholm,number eight,starter
https://www.premiershiprugby.com/match-centre/288973/team-stats,288973,202501,Gloucester Rugby,home,13,102295,Josiah Edwards-Giraud,outside centre,starter
https://www.premiershiprugby.com/match-centre/288973/team-stats,288973,202501,Gloucester Rugby,home,7,209756,Lewis Ludlow,flanker,starter
https://www.premiershiprugby.com/match-centre/288973/team-stats,288973,202501,Gloucester Rugby,home,3,239418,Afolabi Fasogbon,tighthead prop,starter
https://www.premiershiprugby.com/match-centre/288973/team-stats,288973,202501,Gloucester Rugby,home,1,213184,Val Rapava Ruskin,loosehead prop,starter
https://www.premiershiprugby.com/match-centre/288973/team-stats,288973,202501,Gloucester Rugby,home,2,204384,Will Crane,hooker,starter
https://www.premiershiprugby.com/match-centre/288973/team-stats,288973,202501,Gloucester Rugby,home,5,117823,Matias Alemanno,second row,starter
https://www.premiershiprugby.com/match-centre/288973/team-stats,288973,202501,Bath Rugby,away,12,175011,Max Ojomoh,inside centre,starter
https://www.premiershiprugby.com/match-centre/288973/team-stats,288973,202501,Bath Rugby,away,23,104322,Sam Underhill,sub 8,replacement
https://www.premiershiprugby.com/match-centre/288973/team-stats,288973,202501,Bath Rugby,away,7,123233,Ethan Staddon,flanker,starter
https://www.premiershiprugby.com/match-centre/288973/team-stats,288973,202501,Bath Rugby,away,3,187169,Archie Griffin,tighthead prop,starter
https://www.premiershiprugby.com/match-centre/288973/team-stats,288973,202501,Bath Rugby,away,8,239297,Arthur Green,number eight,starter
https://www.premiershiprugby.com/match-centre/288973/team-stats,288973,202501,Bath Rugby,away,10,157863,Finn Russell,fly half,starter
https://www.premiershiprugby.com/match-centre/288973/team-stats,288973,202501,Bath Rugby,away,2,103625,Dan Frost,hooker,starter
https://www.premiershiprugby.com/match-centre/288973/team-stats,288973,202501,Bath Rugby,away,22,161516,Henry Arundell,sub 7,replacement
https://www.premiershiprugby.com/match-centre/288973/team-stats,288973,202501,Bath Rugby,away,20,112684,Guy Pepper,sub 5,replacement
https://www.premiershiprugby.com/match-centre/288973/team-stats,288973,202501,Bath Rugby,away,17,130283,Beno Obano,sub 2,replacement
https://www.premiershiprugby.com/match-centre/288973/team-stats,288973,202501,Bath Rugby,away,13,196656,Chris Harris,outside centre,starter
https://www.premiershiprugby.com/match-centre/288973/team-stats,288973,202501,Bath Rugby,away,9,111662,Ben Spencer,scrum half,starter
https://www.premiershiprugby.com/match-centre/288973/team-stats,288973,202501,Bath Rugby,away,11,160272,Will Muir,left wing,starter
https://www.premiershiprugby.com/match-centre/288973/team-stats,288973,202501,Bath Rugby,away,16,243059,Kepu Tuipulotu,sub 1,replacement
https://www.premiershiprugby.com/match-centre/288973/team-stats,288973,202501,Bath Rugby,away,4,184945,Ted Hill,second row,starter
https://www.premiershiprugby.com/match-centre/288973/team-stats,288973,202501,Bath Rugby,away,1,116821,Francois van Wyk,loosehead prop,starter
https://www.premiershiprugby.com/match-centre/288973/team-stats,288973,202501,Bath Rugby,away,21,236951,Bernard van der Linde,sub 6,replacement
https://www.premiershiprugby.com/match-centre/288973/team-stats,288973,202501,Bath Rugby,away,18,104572,Thomas du Toit,sub 3,replacement
https://www.premiershiprugby.com/match-centre/288973/team-stats,288973,202501,Bath Rugby,away,5,203360,Quinn Roux,second row,starter
https://www.premiershiprugby.com/match-centre/288973/team-stats,288973,202501,Bath Rugby,away,19,196415,Charlie Ewels,sub 4,replacement
https://www.premiershiprugby.com/match-centre/288973/team-stats,288973,202501,Bath Rugby,away,6,100192,Josh Bayliss,flanker,starter
https://www.premiershiprugby.com/match-centre/288973/team-stats,288973,202501,Bath Rugby,away,15,189982,Santiago Carreras,full back,starter
https://www.premiershiprugby.com/match-centre/288973/team-stats,288973,202501,Bath Rugby,away,14,233245,Louie Hennessey,right wing,starter
https://www.premiershiprugby.com/match-centre/288977/team-stats,288977,202501,Bath Rugby,home,12,175011,Max Ojomoh,inside centre,starter
https://www.premiershiprugby.com/match-centre/288977/team-stats,288977,202501,Bath Rugby,home,23,104322,Sam Underhill,sub 8,replacement
https://www.premiershiprugby.com/match-centre/288977/team-stats,288977,202501,Bath Rugby,home,3,187169,Archie Griffin,tighthead prop,starter
https://www.premiershiprugby.com/match-centre/288977/team-stats,288977,202501,Bath Rugby,home,10,157863,Finn Russell,fly half,starter
https://www.premiershiprugby.com/match-centre/288977/team-stats,288977,202501,Bath Rugby,home,7,195208,Miles Reid,flanker,starter
https://www.premiershiprugby.com/match-centre/288977/team-stats,288977,202501,Bath Rugby,home,14,161516,Henry Arundell,right wing,starter
https://www.premiershiprugby.com/match-centre/288977/team-stats,288977,202501,Bath Rugby,home,13,131724,Ollie Lawrence,outside centre,starter
https://www.premiershiprugby.com/match-centre/288977/team-stats,288977,202501,Bath Rugby,home,8,145484,Alfie Barbeary,number eight,starter
https://www.premiershiprugby.com/match-centre/288977/team-stats,288977,202501,Bath Rugby,home,20,112684,Guy Pepper,sub 5,replacement
https://www.premiershiprugby.com/match-centre/288977/team-stats,288977,202501,Bath Rugby,home,1,130283,Beno Obano,loosehead prop,starter
https://www.premiershiprugby.com/match-centre/288977/team-stats,288977,202501,Bath Rugby,home,9,111662,Ben Spencer,scrum half,starter
https://www.premiershiprugby.com/match-centre/288977/team-stats,288977,202501,Bath Rugby,home,11,160272,Will Muir,left wing,starter
https://www.premiershiprugby.com/match-centre/288977/team-stats,288977,202501,Bath Rugby,home,16,243059,Kepu Tuipulotu,sub 1,replacement
https://www.premiershiprugby.com/match-centre/288977/team-stats,288977,202501,Bath Rugby,home,2,225778,Tom Dunn,hooker,starter
https://www.premiershiprugby.com/match-centre/288977/team-stats,288977,202501,Bath Rugby,home,19,184945,Ted Hill,sub 4,replacement
https://www.premiershiprugby.com/match-centre/288977/team-stats,288977,202501,Bath Rugby,home,17,116821,Francois van Wyk,sub 2,replacement
https://www.premiershiprugby.com/match-centre/288977/team-stats,288977,202501,Bath Rugby,home,21,236951,Bernard van der Linde,sub 6,replacement
https://www.premiershiprugby.com/match-centre/288977/team-stats,288977,202501,Bath Rugby,home,18,104572,Thomas du Toit,sub 3,replacement
https://www.premiershiprugby.com/match-centre/288977/team-stats,288977,202501,Bath Rugby,home,4,203360,Quinn Roux,second row,starter
https://www.premiershiprugby.com/match-centre/288977/team-stats,288977,202501,Bath Rugby,home,5,196415,Charlie Ewels,second row,starter
https://www.premiershiprugby.com/match-centre/288977/team-stats,288977,202501,Bath Rugby,home,6,100192,Josh Bayliss,flanker,starter
https://www.premiershiprugby.com/match-centre/288977/team-stats,288977,202501,Bath Rugby,home,15,153790,Tom de Glanville,full back,starter
https://www.premiershiprugby.com/match-centre/288977/team-stats,288977,202501,Bath Rugby,home,22,189982,Santiago Carreras,sub 7,replacement
https://www.premiershiprugby.com/match-centre/288977/team-stats,288977,202501,Saracens,away,11,170435,Rotimi Segun,left wing,starter
https://www.premiershiprugby.com/match-centre/288977/team-stats,288977,202501,Saracens,away,15,183874,Elliot Daly,full back,starter
https://www.premiershiprugby.com/match-centre/288977/team-stats,288977,202501,Saracens,away,13,229505,Lucio Cinti,outside centre,starter
https://www.premiershiprugby.com/match-centre/288977/team-stats,288977,202501,Saracens,away,10,179047,Owen Farrell,fly half,starter
https://www.premiershiprugby.com/match-centre/288977/team-stats,288977,202501,Saracens,away,17,239493,Alex O'Driscoll,sub 2,replacement
https://www.premiershiprugby.com/match-centre/288977/team-stats,288977,202501,Saracens,away,20,209612,Ben Earl,sub 5,replacement
https://www.premiershiprugby.com/match-centre/288977/team-stats,288977,202501,Saracens,away,23,211692,Max Malins,sub 8,replacement
https://www.premiershiprugby.com/match-centre/288977/team-stats,288977,202501,Saracens,away,19,152009,Andy Onyeama-Christie,sub 4,replacement
https://www.premiershiprugby.com/match-centre/288977/team-stats,288977,202501,Saracens,away,1,103821,Eroni Mawi,loosehead prop,starter
https://www.premiershiprugby.com/match-centre/288977/team-stats,288977,202501,Saracens,away,2,111794,Theo Dan,hooker,starter
https://www.premiershiprugby.com/match-centre/288977/team-stats,288977,202501,Saracens,away,7,147091,Juan Martin Gonzalez,flanker,starter
https://www.premiershiprugby.com/match-centre/288977/team-stats,288977,202501,Saracens,away,18,107059,Marco Riccioni,sub 3,replacement
https://www.premiershiprugby.com/match-centre/288977/team-stats,288977,202501,Saracens,away,9,185080,Ivan van Zyl,scrum half,starter
https://www.premiershiprugby.com/match-centre/288977/team-stats,288977,202501,Saracens,away,14,204054,Tobias Elliott,right wing,starter
https://www.premiershiprugby.com/match-centre/288977/team-stats,288977,202501,Saracens,away,3,160437,Marcus Street,tighthead prop,starter
https://www.premiershiprugby.com/match-centre/288977/team-stats,288977,202501,Saracens,away,6,237366,Theo McFarland,flanker,starter
https://www.premiershiprugby.com/match-centre/288977/team-stats,288977,202501,Saracens,away,12,104921,Nick Tompkins,inside centre,starter
https://www.premiershiprugby.com/match-centre/288977/team-stats,288977,202501,Saracens,away,16,144473,James Hadfield,sub 1,replacement
https://www.premiershiprugby.com/match-centre/288977/team-stats,288977,202501,Saracens,away,21,177055,Gareth Simpson,sub 6,replacement
https://www.premiershiprugby.com/match-centre/288977/team-stats,288977,202501,Saracens,away,4,214751,Nick Isiekwe,second row,starter
https://www.premiershiprugby.com/match-centre/288977/team-stats,288977,202501,Saracens,away,5,198623,Hugh Tizard,second row,starter
https://www.premiershiprugby.com/match-centre/288977/team-stats,288977,202501,Saracens,away,8,177536,Tom Willis,number eight,starter
https://www.premiershiprugby.com/match-centre/288977/team-stats,288977,202501,Saracens,away,22,136509,Fergus Burke,sub 7,replacement
https://www.premiershiprugby.com/match-centre/288985/team-stats,288985,202501,Sale Sharks,home,12,212196,Rekeiti Ma'asi-White,inside centre,starter
https://www.premiershiprugby.com/match-centre/288985/team-stats,288985,202501,Sale Sharks,home,20,242916,Jos Gilmore,sub 5,replacement
https://www.premiershiprugby.com/match-centre/288985/team-stats,288985,202501,Sale Sharks,home,4,212707,Ernst van Rhyn,second row,starter
https://www.premiershiprugby.com/match-centre/288985/team-stats,288985,202501,Sale Sharks,home,11,216069,Tom O'Flaherty,left wing,starter
https://www.premiershiprugby.com/match-centre/288985/team-stats,288985,202501,Sale Sharks,home,9,160844,Raffi Quirke,scrum half,starter
https://www.premiershiprugby.com/match-centre/288985/team-stats,288985,202501,Sale Sharks,home,14,149322,Tom Roebuck,right wing,starter
https://www.premiershiprugby.com/match-centre/288985/team-stats,288985,202501,Sale Sharks,home,19,169770,Dan du Preez,sub 4,replacement
https://www.premiershiprugby.com/match-centre/288985/team-stats,288985,202501,Sale Sharks,home,17,243055,Ralph McEachran,sub 2,replacement
https://www.premiershiprugby.com/match-centre/288985/team-stats,288985,202501,Sale Sharks,home,21,100557,Gus Warr,sub 6,replacement
https://www.premiershiprugby.com/match-centre/288985/team-stats,288985,202501,Sale Sharks,home,10,102642,George Ford,fly half,starter
https://www.premiershiprugby.com/match-centre/288985/team-stats,288985,202501,Sale Sharks,home,8,172979,Jacques Vermeulen,number eight,starter
https://www.premiershiprugby.com/match-centre/288985/team-stats,288985,202501,Sale Sharks,home,16,109874,Ethan Caine,sub 1,replacement
https://www.premiershiprugby.com/match-centre/288985/team-stats,288985,202501,Sale Sharks,home,18,239473,Tye Raymont,sub 3,replacement
https://www.premiershiprugby.com/match-centre/288985/team-stats,288985,202501,Sale Sharks,home,13,199800,Rob du Preez,outside centre,starter
https://www.premiershiprugby.com/match-centre/288985/team-stats,288985,202501,Sale Sharks,home,15,203831,Joe Carpenter,full back,starter
https://www.premiershiprugby.com/match-centre/288985/team-stats,288985,202501,Sale Sharks,home,6,205975,Sam Dugdale,flanker,starter
https://www.premiershiprugby.com/match-centre/288985/team-stats,288985,202501,Sale Sharks,home,7,145720,Nathan Jibulu,flanker,starter
https://www.premiershiprugby.com/match-centre/288985/team-stats,288985,202501,Sale Sharks,home,23,239510,Alex Wills,sub 8,replacement
https://www.premiershiprugby.com/match-centre/288985/team-stats,288985,202501,Sale Sharks,home,3,123738,James Harper,tighthead prop,starter
https://www.premiershiprugby.com/match-centre/288985/team-stats,288985,202501,Sale Sharks,home,5,131065,Ben Bamber,second row,starter
https://www.premiershiprugby.com/match-centre/288985/team-stats,288985,202501,Sale Sharks,home,2,106142,Luke Cowan-Dickie,hooker,starter
https://www.premiershiprugby.com/match-centre/288985/team-stats,288985,202501,Sale Sharks,home,22,165469,Marius Louw,sub 7,replacement
https://www.premiershiprugby.com/match-centre/288985/team-stats,288985,202501,Sale Sharks,home,1,158302,Bevan Rodd,loosehead prop,starter
https://www.premiershiprugby.com/match-centre/288985/team-stats,288985,202501,Bath Rugby,away,7,123233,Ethan Staddon,flanker,starter
https://www.premiershiprugby.com/match-centre/288985/team-stats,288985,202501,Bath Rugby,away,9,156834,Tom Carr-Smith,scrum half,starter
https://www.premiershiprugby.com/match-centre/288985/team-stats,288985,202501,Bath Rugby,away,8,195208,Miles Reid,number eight,starter
https://www.premiershiprugby.com/match-centre/288985/team-stats,288985,202501,Bath Rugby,away,14,179563,Joe Cokanasiga,right wing,starter
https://www.premiershiprugby.com/match-centre/288985/team-stats,288985,202501,Bath Rugby,away,12,154219,Cameron Redpath,inside centre,starter
https://www.premiershiprugby.com/match-centre/288985/team-stats,288985,202501,Bath Rugby,away,2,103625,Dan Frost,hooker,starter
https://www.premiershiprugby.com/match-centre/288985/team-stats,288985,202501,Bath Rugby,away,23,145484,Alfie Barbeary,sub 8,replacement
https://www.premiershiprugby.com/match-centre/288985/team-stats,288985,202501,Bath Rugby,away,17,130283,Beno Obano,sub 2,replacement
https://www.premiershiprugby.com/match-centre/288985/team-stats,288985,202501,Bath Rugby,away,22,196656,Chris Harris,sub 7,replacement
https://www.premiershiprugby.com/match-centre/288985/team-stats,288985,202501,Bath Rugby,away,11,160272,Will Muir,left wing,starter
https://www.premiershiprugby.com/match-centre/288985/team-stats,288985,202501,Bath Rugby,away,16,243059,Kepu Tuipulotu,sub 1,replacement
https://www.premiershiprugby.com/match-centre/288985/team-stats,288985,202501,Bath Rugby,away,6,184945,Ted Hill,flanker,starter
https://www.premiershiprugby.com/match-centre/288985/team-stats,288985,202501,Bath Rugby,away,5,105205,Ross Molony,second row,starter
https://www.premiershiprugby.com/match-centre/288985/team-stats,288985,202501,Bath Rugby,away,21,236951,Bernard van der Linde,sub 6,replacement
https://www.premiershiprugby.com/match-centre/288985/team-stats,288985,202501,Bath Rugby,away,20,217750,Ewan Richards,sub 5,replacement
https://www.premiershiprugby.com/match-centre/288985/team-stats,288985,202501,Bath Rugby,away,3,239292,Billy Sela,tighthead prop,starter
https://www.premiershiprugby.com/match-centre/288985/team-stats,288985,202501,Bath Rugby,away,18,104572,Thomas du Toit,sub 3,replacement
https://www.premiershiprugby.com/match-centre/288985/team-stats,288985,202501,Bath Rugby,away,1,240057,Scott Kirk,loosehead prop,starter
https://www.premiershiprugby.com/match-centre/288985/team-stats,288985,202501,Bath Rugby,away,19,196415,Charlie Ewels,sub 4,replacement
https://www.premiershiprugby.com/match-centre/288985/team-stats,288985,202501,Bath Rugby,away,4,239294,Will Jeanes,second row,starter
https://www.premiershiprugby.com/match-centre/288985/team-stats,288985,202501,Bath Rugby,away,15,153790,Tom de Glanville,full back,starter
https://www.premiershiprugby.com/match-centre/288985/team-stats,288985,202501,Bath Rugby,away,13,233245,Louie Hennessey,outside centre,starter
https://www.premiershiprugby.com/match-centre/288985/team-stats,288985,202501,Bath Rugby,away,10,189982,Santiago Carreras,fly half,starter
https://www.premiershiprugby.com/match-centre/288987/team-stats,288987,202501,Bath Rugby,home,12,175011,Max Ojomoh,inside centre,starter
https://www.premiershiprugby.com/match-centre/288987/team-stats,288987,202501,Bath Rugby,home,9,156834,Tom Carr-Smith,scrum half,starter
https://www.premiershiprugby.com/match-centre/288987/team-stats,288987,202501,Bath Rugby,home,10,157863,Finn Russell,fly half,starter
https://www.premiershiprugby.com/match-centre/288987/team-stats,288987,202501,Bath Rugby,home,23,195208,Miles Reid,sub 8,replacement
https://www.premiershiprugby.com/match-centre/288987/team-stats,288987,202501,Bath Rugby,home,14,179563,Joe Cokanasiga,right wing,starter
https://www.premiershiprugby.com/match-centre/288987/team-stats,288987,202501,Bath Rugby,home,13,131724,Ollie Lawrence,outside centre,starter
https://www.premiershiprugby.com/match-centre/288987/team-stats,288987,202501,Bath Rugby,home,11,161516,Henry Arundell,left wing,starter
https://www.premiershiprugby.com/match-centre/288987/team-stats,288987,202501,Bath Rugby,home,8,145484,Alfie Barbeary,number eight,starter
https://www.premiershiprugby.com/match-centre/288987/team-stats,288987,202501,Bath Rugby,home,16,103625,Dan Frost,sub 1,replacement
https://www.premiershiprugby.com/match-centre/288987/team-stats,288987,202501,Bath Rugby,home,7,112684,Guy Pepper,flanker,starter
https://www.premiershiprugby.com/match-centre/288987/team-stats,288987,202501,Bath Rugby,home,2,225778,Tom Dunn,hooker,starter
https://www.premiershiprugby.com/match-centre/288987/team-stats,288987,202501,Bath Rugby,home,6,184945,Ted Hill,flanker,starter
https://www.premiershiprugby.com/match-centre/288987/team-stats,288987,202501,Bath Rugby,home,17,116821,Francois van Wyk,sub 2,replacement
https://www.premiershiprugby.com/match-centre/288987/team-stats,288987,202501,Bath Rugby,home,19,105205,Ross Molony,sub 4,replacement
https://www.premiershiprugby.com/match-centre/288987/team-stats,288987,202501,Bath Rugby,home,21,236951,Bernard van der Linde,sub 6,replacement
https://www.premiershiprugby.com/match-centre/288987/team-stats,288987,202501,Bath Rugby,home,4,217750,Ewan Richards,second row,starter
https://www.premiershiprugby.com/match-centre/288987/team-stats,288987,202501,Bath Rugby,home,3,239292,Billy Sela,tighthead prop,starter
https://www.premiershiprugby.com/match-centre/288987/team-stats,288987,202501,Bath Rugby,home,18,104572,Thomas du Toit,sub 3,replacement
https://www.premiershiprugby.com/match-centre/288987/team-stats,288987,202501,Bath Rugby,home,1,240057,Scott Kirk,loosehead prop,starter
https://www.premiershiprugby.com/match-centre/288987/team-stats,288987,202501,Bath Rugby,home,5,196415,Charlie Ewels,second row,starter
https://www.premiershiprugby.com/match-centre/288987/team-stats,288987,202501,Bath Rugby,home,20,100192,Josh Bayliss,sub 5,replacement
https://www.premiershiprugby.com/match-centre/288987/team-stats,288987,202501,Bath Rugby,home,15,189982,Santiago Carreras,full back,starter
https://www.premiershiprugby.com/match-centre/288987/team-stats,288987,202501,Bath Rugby,home,22,233245,Louie Hennessey,sub 7,replacement
https://www.premiershiprugby.com/match-centre/288987/team-stats,288987,202501,Harlequins,away,17,239587,Ethan Clarke,sub 2,replacement
https://www.premiershiprugby.com/match-centre/288987/team-stats,288987,202501,Harlequins,away,18,243138,Ollie Streeter,sub 3,replacement
https://www.premiershiprugby.com/match-centre/288987/team-stats,288987,202501,Harlequins,away,20,239649,Zach Carr,sub 5,replacement
https://www.premiershiprugby.com/match-centre/288987/team-stats,288987,202501,Harlequins,away,5,138343,Kieran Treadwell,second row,starter
https://www.premiershiprugby.com/match-centre/288987/team-stats,288987,202501,Harlequins,away,16,185447,Jack Musk,sub 1,replacement
https://www.premiershiprugby.com/match-centre/288987/team-stats,288987,202501,Harlequins,away,23,145735,Cameron Anderson,sub 8,replacement
https://www.premiershiprugby.com/match-centre/288987/team-stats,288987,202501,Harlequins,away,8,180038,Alex Dombrandt,number eight,starter
https://www.premiershiprugby.com/match-centre/288987/team-stats,288987,202501,Harlequins,away,22,128743,Stu Townsend,sub 7,replacement
https://www.premiershiprugby.com/match-centre/288987/team-stats,288987,202501,Harlequins,away,11,110793,Cadan Murley,left wing,starter
https://www.premiershiprugby.com/match-centre/288987/team-stats,288987,202501,Harlequins,away,19,248937,Elliot Williams,sub 4,replacement
https://www.premiershiprugby.com/match-centre/288987/team-stats,288987,202501,Harlequins,away,3,128592,Joe Jones,tighthead prop,starter
https://www.premiershiprugby.com/match-centre/288987/team-stats,288987,202501,Harlequins,away,15,189326,Marcus Smith,full back,starter
https://www.premiershiprugby.com/match-centre/288987/team-stats,288987,202501,Harlequins,away,13,239604,Sean Kerr,outside centre,starter
https://www.premiershiprugby.com/match-centre/288987/team-stats,288987,202501,Harlequins,away,7,175826,Jack Kenningham,flanker,starter
https://www.premiershiprugby.com/match-centre/288987/team-stats,288987,202501,Harlequins,away,4,240631,Chandler Cunningham-South,second row,starter
https://www.premiershiprugby.com/match-centre/288987/team-stats,288987,202501,Harlequins,away,10,218331,Jarrod Evans,fly half,starter
https://www.premiershiprugby.com/match-centre/288987/team-stats,288987,202501,Harlequins,away,6,215963,Guido Petti,flanker,starter
https://www.premiershiprugby.com/match-centre/288987/team-stats,288987,202501,Harlequins,away,14,137369,Nick David,right wing,starter
https://www.premiershiprugby.com/match-centre/288987/team-stats,288987,202501,Harlequins,away,9,243130,Lucas Friday,scrum half,starter
https://www.premiershiprugby.com/match-centre/288987/team-stats,288987,202501,Harlequins,away,12,114587,Bryn Bradley,inside centre,starter
https://www.premiershiprugby.com/match-centre/288987/team-stats,288987,202501,Harlequins,away,1,109630,Will Hobson,loosehead prop,starter
https://www.premiershiprugby.com/match-centre/288987/team-stats,288987,202501,Harlequins,away,2,218848,George Turner,hooker,starter
https://www.premiershiprugby.com/match-centre/288987/team-stats,288987,202501,Harlequins,away,21,143933,Will Evans,sub 6,replacement
https://www.premiershiprugby.com/match-centre/288995/team-stats,288995,202501,Northampton Saints,home,20,193283,Chunya Munga,sub 5,replacement
https://www.premiershiprugby.com/match-centre/288995/team-stats,288995,202501,Northampton Saints,home,12,200195,Fraser Dingwall,inside centre,starter
https://www.premiershiprugby.com/match-centre/288995/team-stats,288995,202501,Northampton Saints,home,11,192642,Ollie Sleightholme,left wing,starter
https://www.premiershiprugby.com/match-centre/288995/team-stats,288995,202501,Northampton Saints,home,4,195010,Tom Lockett,second row,starter
https://www.premiershiprugby.com/match-centre/288995/team-stats,288995,202501,Northampton Saints,home,21,168872,Callum Chick,sub 6,replacement
https://www.premiershiprugby.com/match-centre/288995/team-stats,288995,202501,Northampton Saints,home,3,127592,Luke Green,tighthead prop,starter
https://www.premiershiprugby.com/match-centre/288995/team-stats,288995,202501,Northampton Saints,home,2,239338,Craig Wright,hooker,starter
https://www.premiershiprugby.com/match-centre/288995/team-stats,288995,202501,Northampton Saints,home,17,123723,Danilo Fischetti,sub 2,replacement
https://www.premiershiprugby.com/match-centre/288995/team-stats,288995,202501,Northampton Saints,home,1,187951,Emmanuel Iyogun,loosehead prop,starter
https://www.premiershiprugby.com/match-centre/288995/team-stats,288995,202501,Northampton Saints,home,16,206832,Robbie Smith,sub 1,replacement
https://www.premiershiprugby.com/match-centre/288995/team-stats,288995,202501,Northampton Saints,home,5,124493,Ed Prowse,second row,starter
https://www.premiershiprugby.com/match-centre/288995/team-stats,288995,202501,Northampton Saints,home,8,239634,Henry Pollock,number eight,starter
https://www.premiershiprugby.com/match-centre/288995/team-stats,288995,202501,Northampton Saints,home,7,212369,Sam Graham,flanker,starter
https://www.premiershiprugby.com/match-centre/288995/team-stats,288995,202501,Northampton Saints,home,22,239345,Archie McParland,sub 7,replacement
https://www.premiershiprugby.com/match-centre/288995/team-stats,288995,202501,Northampton Saints,home,9,177559,Alex Mitchell,scrum half,starter
https://www.premiershiprugby.com/match-centre/288995/team-stats,288995,202501,Northampton Saints,home,19,225654,JJ van der Mescht,sub 4,replacement
https://www.premiershiprugby.com/match-centre/288995/team-stats,288995,202501,Northampton Saints,home,23,109816,Rory Hutchinson,sub 8,replacement
https://www.premiershiprugby.com/match-centre/288995/team-stats,288995,202501,Northampton Saints,home,14,156918,Tommy Freeman,right wing,starter
https://www.premiershiprugby.com/match-centre/288995/team-stats,288995,202501,Northampton Saints,home,6,166428,Josh Kemeny,flanker,starter
https://www.premiershiprugby.com/match-centre/288995/team-stats,288995,202501,Northampton Saints,home,13,111099,Tom Litchfield,outside centre,starter
https://www.premiershiprugby.com/match-centre/288995/team-stats,288995,202501,Northampton Saints,home,10,137626,Fin Smith,fly half,starter
https://www.premiershiprugby.com/match-centre/288995/team-stats,288995,202501,Northampton Saints,home,15,238687,George Hendy,full back,starter
https://www.premiershiprugby.com/match-centre/288995/team-stats,288995,202501,Northampton Saints,home,18,188766,Cleopas Kundiona,sub 3,replacement
https://www.premiershiprugby.com/match-centre/288995/team-stats,288995,202501,Bath Rugby,away,23,104322,Sam Underhill,sub 8,replacement
https://www.premiershiprugby.com/match-centre/288995/team-stats,288995,202501,Bath Rugby,away,12,210178,Will Butt,inside centre,starter
https://www.premiershiprugby.com/match-centre/288995/team-stats,288995,202501,Bath Rugby,away,18,187169,Archie Griffin,sub 3,replacement
https://www.premiershiprugby.com/match-centre/288995/team-stats,288995,202501,Bath Rugby,away,10,101123,Ciaran Donoghue,fly half,starter
https://www.premiershiprugby.com/match-centre/288995/team-stats,288995,202501,Bath Rugby,away,3,137026,Kieran Verden,tighthead prop,starter
https://www.premiershiprugby.com/match-centre/288995/team-stats,288995,202501,Bath Rugby,away,8,239297,Arthur Green,number eight,starter
https://www.premiershiprugby.com/match-centre/288995/team-stats,288995,202501,Bath Rugby,away,21,156834,Tom Carr-Smith,sub 6,replacement
https://www.premiershiprugby.com/match-centre/288995/team-stats,288995,202501,Bath Rugby,away,7,195208,Miles Reid,flanker,starter
https://www.premiershiprugby.com/match-centre/288995/team-stats,288995,202501,Bath Rugby,away,2,103625,Dan Frost,hooker,starter
https://www.premiershiprugby.com/match-centre/288995/team-stats,288995,202501,Bath Rugby,away,13,196656,Chris Harris,outside centre,starter
https://www.premiershiprugby.com/match-centre/288995/team-stats,288995,202501,Bath Rugby,away,11,160272,Will Muir,left wing,starter
https://www.premiershiprugby.com/match-centre/288995/team-stats,288995,202501,Bath Rugby,away,16,243059,Kepu Tuipulotu,sub 1,replacement
https://www.premiershiprugby.com/match-centre/288995/team-stats,288995,202501,Bath Rugby,away,22,248883,Sam Winters,sub 7,replacement
https://www.premiershiprugby.com/match-centre/288995/team-stats,288995,202501,Bath Rugby,away,20,184945,Ted Hill,sub 5,replacement
https://www.premiershiprugby.com/match-centre/288995/team-stats,288995,202501,Bath Rugby,away,9,236951,Bernard van der Linde,scrum half,starter
https://www.premiershiprugby.com/match-centre/288995/team-stats,288995,202501,Bath Rugby,away,5,105205,Ross Molony,second row,starter
https://www.premiershiprugby.com/match-centre/288995/team-stats,288995,202501,Bath Rugby,away,17,116821,Francois van Wyk,sub 2,replacement
https://www.premiershiprugby.com/match-centre/288995/team-stats,288995,202501,Bath Rugby,away,4,217750,Ewan Richards,second row,starter
https://www.premiershiprugby.com/match-centre/288995/team-stats,288995,202501,Bath Rugby,away,1,240057,Scott Kirk,loosehead prop,starter
https://www.premiershiprugby.com/match-centre/288995/team-stats,288995,202501,Bath Rugby,away,19,255392,Enoch Opoku Gyamfi,sub 4,replacement
https://www.premiershiprugby.com/match-centre/288995/team-stats,288995,202501,Bath Rugby,away,6,100192,Josh Bayliss,flanker,starter
https://www.premiershiprugby.com/match-centre/288995/team-stats,288995,202501,Bath Rugby,away,15,153790,Tom de Glanville,full back,starter
https://www.premiershiprugby.com/match-centre/288995/team-stats,288995,202501,Bath Rugby,away,14,233245,Louie Hennessey,right wing,starter
