match_url,match_id,competition,season,competition_name,match_date,round,home_team,away_team,team,home_away,home_score_FT,away_score_FT,home_score_HT,away_score_HT,possession_pct,territory_pct,Tries,Metres_Gained,Carries,Defenders_Beaten,Clean_Breaks,Passes,Offloads,Turnovers_Conceded,Tackles_Attempted,Missed_Tackles,Turnovers_Won,Kicks_In_Play,Kick_Metres,Conversions,Conversion_Accuracy,Penalty_Goals,Penalty_Goal_Accuracy,Drop_Goals,Rucks_Won,Rucks_Lost,Rucks_Won_Pct,Mauls_Won,Lineouts_Won,Lineouts_Lost,Lineouts_Won_Pct,Scrums_Won,Scrums_Lost,Scrums_Won_Pct,Penalties_Conceded,Red_Cards,Yellow_Cards
https://rugby-union-feeds.incrowdsports.com/v1/matches/284117,284117,1002,202401,Top 14,2024-09-07,1,Bayonne,Perpignan,Bayonne,home,21,19,12,16,52.0,64.3,2,383,127,27,7,135,12,16,127,21,7,17,592,1,50.0,3,75.0,0,82,3,95.6,3,13,2,86.7,5,0,100.0,11,0,2
https://rugby-union-feeds.incrowdsports.com/v1/matches/284117,284117,1002,202401,Top 14,2024-09-07,1,Bayonne,Perpignan,Perpignan,away,21,19,12,16,48.0,35.7,1,428,110,21,7,151,12,12,153,27,8,25,659,1,100.0,4,100.0,0,73,1,96.2,4,12,1,85.7,7,1,87.5,9,0,1
https://rugby-union-feeds.incrowdsports.com/v1/matches/284116,284116,1002,202401,Top 14,2024-09-07,1,Clermont Auvergne,Pau,Clermont Auvergne,home,39,7,10,7,49.6,49.2,5,535,112,20,9,112,15,14,124,23,6,32,961,3,75.0,2,50.0,0,67,0,97.2,9,18,0,94.7,0,1,0.0,13,0,1
https://rugby-union-feeds.incrowdsports.com/v1/matches/284116,284116,1002,202401,Top 14,2024-09-07,1,Clermont Auvergne,Pau,Pau,away,39,7,10,7,50.4,50.7,1,252,113,23,2,129,12,8,117,20,8,28,921,1,100.0,0,,0,70,2,91.2,8,19,1,90.5,6,2,75.0,16,0,3
https://rugby-union-feeds.incrowdsports.com/v1/matches/284118,284118,1002,202401,Top 14,2024-09-07,1,Castres Olympique,Racing 92,Castres Olympique,home,31,28,13,14,49.2,42.8,3,420,111,16,6,94,16,13,124,33,5,29,1049,2,66.7,4,80.0,0,67,2,94.7,4,12,2,85.7,5,0,100.0,12,0,2
https://rugby-union-feeds.incrowdsports.com/v1/matches/284118,284118,1002,202401,Top 14,2024-09-07,1,Castres Olympique,Racing 92,Racing 92,away,31,28,13,14,50.8,57.2,4,685,122,33,11,124,16,16,114,16,6,24,724,4,100.0,0,0.0,0,71,1,94.9,1,10,1,90.9,4,1,80.0,11,0,1
https://rugby-union-feeds.incrowdsports.com/v1/matches/284119,284119,1002,202401,Top 14,2024-09-07,1,Montpellier,Lyon O.U.,Montpellier,home,22,26,14,17,53.8,48.9,3,506,122,21,5,125,6,17,120,28,8,31,862,2,66.7,1,100.0,0,83,1,95.5,5,14,3,73.7,5,0,100.0,11,0,2
https://rugby-union-feeds.incrowdsports.com/v1/matches/284119,284119,1002,202401,Top 14,2024-09-07,1,Montpellier,Lyon O.U.,Lyon O.U.,away,22,26,14,17,46.1,51.1,2,491,113,28,10,121,14,13,143,21,10,36,1259,1,100.0,4,100.0,0,62,2,90.3,3,11,4,64.7,5,0,100.0,10,0,0
https://rugby-union-feeds.incrowdsports.com/v1/matches/284122,284122,1002,202401,Top 14,2024-09-07,1,Bordeaux-Begles,Stade Francais Paris,Bordeaux-Begles,home,46,26,28,5,46.5,54.6,6,781,157,24,20,179,20,13,155,28,6,25,829,5,83.3,2,100.0,0,81,2,96.6,3,13,4,72.2,2,0,100.0,8,0,0
https://rugby-union-feeds.incrowdsports.com/v1/matches/284122,284122,1002,202401,Top 14,2024-09-07,1,Bordeaux-Begles,Stade Francais Paris,Stade Francais Paris,away,46,26,28,5,53.5,45.4,4,559,140,28,7,163,13,16,154,24,7,28,786,3,75.0,0,,0,99,0,100.0,3,15,0,100.0,5,1,83.3,10,0,1
https://rugby-union-feeds.incrowdsports.com/v1/matches/284121,284121,1002,202401,Top 14,2024-09-08,1,La Rochelle,Toulon,La Rochelle,home,19,15,7,3,57.8,68.1,3,585,136,27,12,135,15,17,74,15,4,16,608,2,66.7,0,,0,80,1,95.5,6,14,7,60.9,4,1,80.0,11,0,0
https://rugby-union-feeds.incrowdsports.com/v1/matches/284121,284121,1002,202401,Top 14,2024-09-08,1,La Rochelle,Toulon,Toulon,away,19,15,7,3,42.2,31.9,2,343,73,15,5,73,5,9,163,27,8,35,975,1,50.0,1,100.0,0,42,1,90.0,5,14,0,100.0,4,1,80.0,17,0,3
https://rugby-union-feeds.incrowdsports.com/v1/matches/284120,284120,1002,202401,Top 14,2024-09-08,1,Vannes,Toulouse,Vannes,home,18,43,6,23,51.5,57.1,2,364,109,17,1,80,7,17,116,22,7,15,445,1,50.0,2,100.0,0,75,2,93.0,4,12,3,80.0,5,0,100.0,11,0,0
https://rugby-union-feeds.incrowdsports.com/v1/matches/284120,284120,1002,202401,Top 14,2024-09-08,1,Vannes,Toulouse,Toulouse,away,18,43,6,23,48.5,42.9,5,404,101,22,8,113,10,10,135,17,8,25,761,3,60.0,4,100.0,0,65,1,94.2,10,16,0,100.0,7,1,87.5,12,0,0
https://rugby-union-feeds.incrowdsports.com/v1/matches/284125,284125,1002,202401,Top 14,2024-09-14,2,Toulon,Castres Olympique,Toulon,home,30,28,13,17,60.1,59.9,3,561,159,37,8,171,23,12,90,7,6,21,830,3,100.0,3,60.0,0,84,1,94.6,3,16,4,76.2,2,0,100.0,9,0,0
https://rugby-union-feeds.incrowdsports.com/v1/matches/284125,284125,1002,202401,Top 14,2024-09-14,2,Toulon,Castres Olympique,Castres Olympique,away,30,28,13,17,39.9,40.1,3,342,84,7,5,76,8,5,169,37,7,26,1025,2,66.7,3,75.0,0,46,2,84.2,3,6,0,85.7,7,1,87.5,19,0,2
https://rugby-union-feeds.incrowdsports.com/v1/matches/284127,284127,1002,202401,Top 14,2024-09-14,2,Stade Francais Paris,Vannes,Stade Francais Paris,home,34,31,24,10,54.0,51.9,5,657,117,44,12,116,9,14,108,22,7,21,636,3,60.0,1,100.0,0,76,1,93.9,2,8,2,80.0,7,1,87.5,14,0,2
https://rugby-union-feeds.incrowdsports.com/v1/matches/284127,284127,1002,202401,Top 14,2024-09-14,2,Stade Francais Paris,Vannes,Vannes,away,34,31,24,10,46.0,48.1,5,506,102,22,16,111,14,17,154,44,9,21,530,3,60.0,0,0.0,0,54,2,91.8,1,15,3,79.0,11,0,100.0,6,0,0
https://rugby-union-feeds.incrowdsports.com/v1/matches/284124,284124,1002,202401,Top 14,2024-09-14,2,Racing 92,Clermont Auvergne,Racing 92,home,33,20,13,13,37.4,39.0,4,429,97,21,11,122,10,15,187,19,7,28,860,2,50.0,3,75.0,0,52,1,98.2,4,11,1,84.6,3,2,60.0,10,0,1
https://rugby-union-feeds.incrowdsports.com/v1/matches/284124,284124,1002,202401,Top 14,2024-09-14,2,Racing 92,Clermont Auvergne,Clermont Auvergne,away,33,20,13,13,62.6,61.0,2,423,151,19,6,147,13,12,102,21,4,23,717,2,100.0,2,66.7,0,114,2,96.7,7,15,2,83.3,4,0,100.0,10,0,0
https://rugby-union-feeds.incrowdsports.com/v1/matches/284126,284126,1002,202401,Top 14,2024-09-14,2,Pau,Bayonne,Pau,home,51,29,20,3,54.9,61.0,7,693,150,42,19,148,18,12,109,33,7,19,789,5,71.4,2,100.0,0,67,1,96.0,4,9,0,100.0,9,0,100.0,8,0,0
https://rugby-union-feeds.incrowdsports.com/v1/matches/284126,284126,1002,202401,Top 14,2024-09-14,2,Pau,Bayonne,Bayonne,away,51,29,20,3,45.1,39.0,4,479,113,33,10,116,8,16,118,42,8,16,555,3,75.0,1,100.0,0,63,0,95.7,4,9,0,90.0,4,0,100.0,13,0,1
https://rugby-union-feeds.incrowdsports.com/v1/matches/284129,284129,1002,202401,Top 14,2024-09-14,2,Perpignan,Montpellier,Perpignan,home,7,26,0,16,56.9,54.3,1,312,148,20,6,166,8,14,119,11,3,13,314,1,100.0,0,,0,106,0,95.7,10,17,3,77.3,3,3,50.0,15,0,0
https://rugby-union-feeds.incrowdsports.com/v1/matches/284129,284129,1002,202401,Top 14,2024-09-14,2,Perpignan,Montpellier,Montpellier,away,7,26,0,16,43.1,45.7,2,207,101,11,5,96,10,12,192,20,11,28,700,2,100.0,3,60.0,1,66,1,90.9,4,9,2,75.0,6,2,75.0,17,0,1
https://rugby-union-feeds.incrowdsports.com/v1/matches/284123,284123,1002,202401,Top 14,2024-09-14,2,Lyon O.U.,Bordeaux-Begles,Lyon O.U.,home,28,26,15,15,48.3,48.1,3,554,130,20,4,117,3,13,167,20,8,23,757,2,66.7,3,100.0,0,81,4,92.4,2,3,0,100.0,8,0,100.0,15,0,2
https://rugby-union-feeds.incrowdsports.com/v1/matches/284123,284123,1002,202401,Top 14,2024-09-14,2,Lyon O.U.,Bordeaux-Begles,Bordeaux-Begles,away,28,26,15,15,51.7,51.8,3,557,148,20,10,175,21,15,160,20,12,21,524,1,33.3,3,100.0,0,91,1,96.9,6,9,1,90.0,8,0,100.0,10,0,0
https://rugby-union-feeds.incrowdsports.com/v1/matches/284128,284128,1002,202401,Top 14,2024-09-15,2,Toulouse,La Rochelle,Toulouse,home,35,27,22,10,64.4,72.1,4,336,157,26,6,159,13,14,74,19,7,27,686,3,75.0,3,75.0,0,94,2,96.1,6,15,1,93.8,5,1,83.3,9,0,0
https://rugby-union-feeds.incrowdsports.com/v1/matches/284128,284128,1002,202401,Top 14,2024-09-15,2,Toulouse,La Rochelle,La Rochelle,away,35,27,22,10,35.6,27.9,3,285,74,19,5,83,11,11,178,26,6,16,530,3,100.0,2,100.0,0,36,2,84.8,5,13,1,92.9,7,0,100.0,15,0,1
https://rugby-union-feeds.incrowdsports.com/v1/matches/284132,284132,1002,202401,Top 14,2024-09-21,3,Montpellier,Toulouse,Montpellier,home,11,20,11,10,56.4,51.0,1,366,136,18,2,145,6,13,98,21,6,20,667,0,0.0,2,66.7,0,83,3,94.6,6,15,3,79.0,6,1,85.7,10,0,1
https://rugby-union-feeds.incrowdsports.com/v1/matches/284132,284132,1002,202401,Top 14,2024-09-21,3,Montpellier,Toulouse,Toulouse,away,11,20,11,10,43.6,49.0,2,368,109,21,8,118,8,14,157,18,8,28,821,2,100.0,2,66.7,0,54,0,93.4,5,12,1,85.7,5,1,83.3,15,0,1
https://rugby-union-feeds.incrowdsports.com/v1/matches/284130,284130,1002,202401,Top 14,2024-09-21,3,Clermont Auvergne,Bayonne,Clermont Auvergne,home,26,10,14,3,54.3,54.1,4,639,110,29,14,101,15,16,80,22,6,24,806,3,75.0,0,,0,57,3,87.9,3,16,2,80.0,7,2,77.8,9,0,0
https://rugby-union-feeds.incrowdsports.com/v1/matches/284130,284130,1002,202401,Top 14,2024-09-21,3,Clermont Auvergne,Bayonne,Bayonne,away,26,10,14,3,45.7,45.9,1,334,93,22,9,113,15,12,112,29,7,29,1186,1,100.0,1,100.0,0,48,1,92.5,2,8,5,53.3,9,0,100.0,13,0,2
https://rugby-union-feeds.incrowdsports.com/v1/matches/284133,284133,1002,202401,Top 14,2024-09-21,3,Vannes,Lyon O.U.,Vannes,home,30,20,13,10,57.4,58.2,3,587,162,20,13,158,13,12,137,25,11,32,780,3,100.0,3,100.0,0,104,2,93.9,4,11,4,78.6,5,0,100.0,8,0,0
https://rugby-union-feeds.incrowdsports.com/v1/matches/284133,284133,1002,202401,Top 14,2024-09-21,3,Vannes,Lyon O.U.,Lyon O.U.,away,30,20,13,10,42.6,41.8,2,453,129,25,11,101,12,21,179,20,8,24,785,2,100.0,2,100.0,0,68,2,95.8,3,9,0,81.8,3,1,75.0,12,0,0
https://rugby-union-feeds.incrowdsports.com/v1/matches/284131,284131,1002,202401,Top 14,2024-09-21,3,Castres Olympique,Perpignan,Castres Olympique,home,27,12,10,12,62.6,71.8,3,326,147,21,3,122,8,11,101,13,14,22,592,3,100.0,2,100.0,0,109,0,94.8,9,18,0,100.0,10,1,90.9,11,0,0
https://rugby-union-feeds.incrowdsports.com/v1/matches/284131,284131,1002,202401,Top 14,2024-09-21,3,Castres Olympique,Perpignan,Perpignan,away,27,12,10,12,37.4,28.2,0,269,103,13,2,106,6,16,180,21,10,23,525,0,,4,100.0,0,55,2,90.3,3,11,1,91.7,4,1,80.0,17,0,1
https://rugby-union-feeds.incrowdsports.com/v1/matches/284135,284135,1002,202401,Top 14,2024-09-21,3,La Rochelle,Pau,La Rochelle,home,49,25,23,8,,,,,,,,,,,,,,,,,,,,,,,,,,,,,,,,,
https://rugby-union-feeds.incrowdsports.com/v1/matches/284135,284135,1002,202401,Top 14,2024-09-21,3,La Rochelle,Pau,Pau,away,49,25,23,8,,,,,,,,,,,,,,,,,,,,,,,,,,,,,,,,,
https://rugby-union-feeds.incrowdsports.com/v1/matches/284136,284136,1002,202401,Top 14,2024-09-21,3,Bordeaux-Begles,Racing 92,Bordeaux-Begles,home,52,34,31,17,39.8,41.6,8,459,102,18,15,122,18,12,196,35,10,29,908,6,75.0,0,,0,53,1,94.7,6,13,2,86.7,3,0,100.0,12,1,1
https://rugby-union-feeds.incrowdsports.com/v1/matches/284136,284136,1002,202401,Top 14,2024-09-21,3,Bordeaux-Begles,Racing 92,Racing 92,away,52,34,31,17,60.2,58.4,5,620,153,35,11,175,11,15,88,18,5,17,408,3,60.0,1,100.0,0,98,1,96.3,6,15,3,79.0,4,0,100.0,10,0,1
https://rugby-union-feeds.incrowdsports.com/v1/matches/284134,284134,1002,202401,Top 14,2024-09-22,3,Stade Francais Paris,Toulon,Stade Francais Paris,home,10,14,0,8,56.9,58.9,1,204,113,17,1,88,5,17,77,10,3,25,968,1,100.0,1,25.0,0,81,0,100.0,9,15,2,83.3,4,1,80.0,9,0,0
https://rugby-union-feeds.incrowdsports.com/v1/matches/284134,284134,1002,202401,Top 14,2024-09-22,3,Stade Francais Paris,Toulon,Toulon,away,10,14,0,8,43.1,41.1,1,246,76,10,2,46,4,5,154,17,7,48,1231,0,0.0,3,75.0,0,48,0,96.2,4,7,1,70.0,10,0,100.0,12,0,0
https://rugby-union-feeds.incrowdsports.com/v1/matches/284143,284143,1002,202401,Top 14,2024-09-28,4,Perpignan,Clermont Auvergne,Perpignan,home,33,3,18,3,53.7,58.2,4,355,124,25,4,143,8,9,131,22,9,21,648,2,50.0,3,100.0,0,77,1,96.3,5,10,4,62.5,7,0,100.0,9,0,0
https://rugby-union-feeds.incrowdsports.com/v1/matches/284143,284143,1002,202401,Top 14,2024-09-28,4,Perpignan,Clermont Auvergne,Clermont Auvergne,away,33,3,18,3,46.3,41.8,0,393,115,22,3,109,13,18,139,25,4,12,332,0,,1,50.0,0,62,7,85.7,2,9,1,75.0,5,1,83.3,15,0,0
https://rugby-union-feeds.incrowdsports.com/v1/matches/284137,284137,1002,202401,Top 14,2024-09-28,4,Bayonne,Montpellier,Bayonne,home,28,27,15,0,58.7,70.6,3,343,147,27,7,158,10,11,116,9,6,20,657,2,66.7,3,100.0,0,90,2,94.0,6,16,1,88.9,5,2,71.4,10,0,0
https://rugby-union-feeds.incrowdsports.com/v1/matches/284137,284137,1002,202401,Top 14,2024-09-28,4,Bayonne,Montpellier,Montpellier,away,28,27,15,0,41.3,29.4,3,219,85,9,5,95,4,12,153,27,8,21,808,3,100.0,2,66.7,0,62,1,93.9,5,9,3,69.2,4,2,66.7,15,0,1
https://rugby-union-feeds.incrowdsports.com/v1/matches/284138,284138,1002,202401,Top 14,2024-09-28,4,Lyon O.U.,Castres Olympique,Lyon O.U.,home,40,38,17,16,49.8,45.5,4,563,161,33,12,154,15,13,149,13,3,22,704,4,100.0,4,100.0,0,79,0,96.5,3,7,0,87.5,5,0,100.0,12,0,2
https://rugby-union-feeds.incrowdsports.com/v1/matches/284138,284138,1002,202401,Top 14,2024-09-28,4,Lyon O.U.,Castres Olympique,Castres Olympique,away,40,38,17,16,50.2,54.5,4,483,139,13,5,127,6,13,140,33,4,19,599,3,75.0,4,100.0,0,87,0,95.7,2,6,2,66.7,8,0,100.0,12,0,2
https://rugby-union-feeds.incrowdsports.com/v1/matches/284139,284139,1002,202401,Top 14,2024-09-28,4,Racing 92,La Rochelle,Racing 92,home,16,17,6,9,46.7,44.9,1,271,94,15,6,105,4,11,122,14,6,26,606,1,100.0,3,75.0,0,60,0,98.5,2,9,1,81.8,6,0,100.0,18,0,1
https://rugby-union-feeds.incrowdsports.com/v1/matches/284139,284139,1002,202401,Top 14,2024-09-28,4,Racing 92,La Rochelle,La Rochelle,away,16,17,6,9,53.3,55.1,1,346,112,14,9,137,10,13,111,15,4,20,380,0,0.0,4,80.0,0,67,1,97.3,7,18,0,94.7,5,0,100.0,11,0,1
https://rugby-union-feeds.incrowdsports.com/v1/matches/284140,284140,1002,202401,Top 14,2024-09-28,4,Toulon,Vannes,Toulon,home,54,19,14,14,50.4,46.0,8,470,124,26,9,120,17,10,116,18,7,22,730,7,87.5,0,,0,71,2,94.9,7,14,2,82.3,5,0,100.0,12,1,1
https://rugby-union-feeds.incrowdsports.com/v1/matches/284140,284140,1002,202401,Top 14,2024-09-28,4,Toulon,Vannes,Vannes,away,54,19,14,14,49.6,54.0,3,387,106,18,9,107,6,14,116,26,2,18,513,2,66.7,0,,0,72,2,94.0,4,10,2,71.4,6,0,100.0,13,0,1
https://rugby-union-feeds.incrowdsports.com/v1/matches/284141,284141,1002,202401,Top 14,2024-09-28,4,Pau,Stade Francais Paris,Pau,home,30,16,3,13,59.7,69.0,4,396,132,25,5,130,4,12,92,12,5,24,717,2,50.0,2,66.7,0,84,0,97.8,10,19,1,90.5,5,1,83.3,8,0,0
https://rugby-union-feeds.incrowdsports.com/v1/matches/284141,284141,1002,202401,Top 14,2024-09-28,4,Pau,Stade Francais Paris,Stade Francais Paris,away,30,16,3,13,40.4,31.0,1,225,102,12,6,108,5,7,153,25,5,25,691,1,100.0,3,100.0,0,53,0,94.8,3,10,1,76.9,5,2,71.4,13,0,1
https://rugby-union-feeds.incrowdsports.com/v1/matches/284142,284142,1002,202401,Top 14,2024-09-29,4,Toulouse,Bordeaux-Begles,Toulouse,home,12,16,7,13,62.1,61.1,2,683,178,32,6,225,31,16,94,32,7,21,553,1,50.0,0,,0,108,3,94.1,9,17,2,89.5,6,1,85.7,9,0,1
https://rugby-union-feeds.incrowdsports.com/v1/matches/284142,284142,1002,202401,Top 14,2024-09-29,4,Toulouse,Bordeaux-Begles,Bordeaux-Begles,away,12,16,7,13,37.9,38.9,2,456,100,32,8,125,10,12,196,32,10,24,738,0,0.0,2,100.0,0,53,3,88.7,4,11,2,73.3,6,1,85.7,15,0,1
https://rugby-union-feeds.incrowdsports.com/v1/matches/284146,284146,1002,202401,Top 14,2024-10-05,5,Vannes,Racing 92,Vannes,home,24,27,17,10,50.7,49.0,3,196,106,8,1,84,4,11,124,19,5,18,533,3,100.0,1,100.0,0,67,0,93.5,5,15,1,88.2,7,1,87.5,18,0,1
https://rugby-union-feeds.incrowdsports.com/v1/matches/284146,284146,1002,202401,Top 14,2024-10-05,5,Vannes,Racing 92,Racing 92,away,24,27,17,10,49.3,51.0,3,426,115,19,12,116,10,13,151,8,3,17,445,3,100.0,2,100.0,0,65,0,98.6,9,17,2,85.0,3,3,50.0,15,0,1
https://rugby-union-feeds.incrowdsports.com/v1/matches/284147,284147,1002,202401,Top 14,2024-10-05,5,Stade Francais Paris,Montpellier,Stade Francais Paris,home,29,20,6,13,53.5,55.5,2,306,77,12,6,84,4,5,81,11,10,26,611,2,100.0,5,83.3,0,48,0,94.7,4,9,1,81.8,6,2,75.0,12,0,1
https://rugby-union-feeds.incrowdsports.com/v1/matches/284147,284147,1002,202401,Top 14,2024-10-05,5,Stade Francais Paris,Montpellier,Montpellier,away,29,20,6,13,46.5,44.5,2,250,77,11,0,67,2,16,95,12,5,17,424,2,100.0,2,40.0,0,49,3,89.1,3,15,2,75.0,5,0,100.0,12,0,0
https://rugby-union-feeds.incrowdsports.com/v1/matches/284148,284148,1002,202401,Top 14,2024-10-05,5,La Rochelle,Lyon O.U.,La Rochelle,home,43,22,14,15,61.1,67.2,6,398,161,22,4,188,12,12,105,20,5,25,878,2,33.3,3,100.0,0,108,1,96.7,9,17,0,100.0,6,0,100.0,5,0,0
https://rugby-union-feeds.incrowdsports.com/v1/matches/284148,284148,1002,202401,Top 14,2024-10-05,5,La Rochelle,Lyon O.U.,Lyon O.U.,away,43,22,14,15,38.9,32.8,3,401,106,20,12,83,14,9,199,22,6,25,589,2,66.7,1,100.0,0,66,1,97.1,3,11,0,91.7,5,1,83.3,16,0,1
https://rugby-union-feeds.incrowdsports.com/v1/matches/284149,284149,1002,202401,Top 14,2024-10-05,5,Bordeaux-Begles,Bayonne,Bordeaux-Begles,home,30,27,15,10,43.5,43.2,4,502,125,20,10,135,25,20,149,31,7,24,795,2,50.0,2,100.0,0,58,1,93.9,5,14,3,77.8,5,0,100.0,7,0,1
https://rugby-union-feeds.incrowdsports.com/v1/matches/284149,284149,1002,202401,Top 14,2024-10-05,5,Bordeaux-Begles,Bayonne,Bayonne,away,30,27,15,10,56.5,56.8,3,374,143,31,7,162,20,12,116,20,12,26,993,3,100.0,1,100.0,1,89,2,95.8,5,14,1,87.5,8,1,88.9,10,0,1
https://rugby-union-feeds.incrowdsports.com/v1/matches/284150,284150,1002,202401,Top 14,2024-10-05,5,Perpignan,Pau,Perpignan,home,11,10,8,10,62.2,60.4,1,524,188,16,4,194,23,14,99,9,5,23,822,0,0.0,2,66.7,0,121,4,93.2,6,14,3,73.7,6,0,100.0,9,0,0
https://rugby-union-feeds.incrowdsports.com/v1/matches/284150,284150,1002,202401,Top 14,2024-10-05,5,Perpignan,Pau,Pau,away,11,10,8,10,37.8,39.6,1,373,95,9,4,114,8,13,204,16,9,26,832,1,100.0,1,50.0,0,55,3,86.2,4,12,1,85.7,8,1,88.9,12,0,1
https://rugby-union-feeds.incrowdsports.com/v1/matches/284145,284145,1002,202401,Top 14,2024-10-05,5,Castres Olympique,Toulouse,Castres Olympique,home,28,23,11,20,41.4,44.7,3,435,87,26,11,87,10,18,153,22,5,21,711,2,66.7,2,66.7,0,51,3,89.5,2,6,1,75.0,4,0,100.0,10,0,0
https://rugby-union-feeds.incrowdsports.com/v1/matches/284145,284145,1002,202401,Top 14,2024-10-05,5,Castres Olympique,Toulouse,Toulouse,away,28,23,11,20,58.6,55.3,2,411,121,22,5,112,16,17,86,26,7,24,819,2,100.0,2,100.0,0,81,2,92.3,6,11,0,100.0,1,3,25.0,12,0,0
https://rugby-union-feeds.incrowdsports.com/v1/matches/284144,284144,1002,202401,Top 14,2024-10-06,5,Clermont Auvergne,Toulon,Clermont Auvergne,home,19,18,9,12,50.2,48.0,1,330,98,18,5,78,7,16,97,23,7,23,692,1,100.0,4,100.0,0,62,1,92.9,6,13,4,76.5,4,0,100.0,12,0,1
https://rugby-union-feeds.incrowdsports.com/v1/matches/284144,284144,1002,202401,Top 14,2024-10-06,5,Clermont Auvergne,Toulon,Toulon,away,19,18,9,12,49.8,52.0,0,233,90,23,0,90,9,8,116,18,6,35,1014,0,,6,100.0,0,57,1,93.8,5,13,0,100.0,5,2,71.4,14,0,2
https://rugby-union-feeds.incrowdsports.com/v1/matches/284154,284154,1002,202401,Top 14,2024-10-12,6,Racing 92,Toulon,Racing 92,home,22,6,0,0,68.0,73.5,1,458,159,19,7,156,11,11,66,7,0,31,1220,1,100.0,5,83.3,0,100,0,98.1,7,13,0,92.9,6,1,85.7,10,0,0
https://rugby-union-feeds.incrowdsports.com/v1/matches/284154,284154,1002,202401,Top 14,2024-10-12,6,Racing 92,Toulon,Toulon,away,22,6,0,0,32.0,26.5,0,183,65,7,1,64,7,10,175,19,5,25,773,0,,2,66.7,0,35,0,97.4,2,8,4,53.3,7,1,87.5,16,0,2
https://rugby-union-feeds.incrowdsports.com/v1/matches/284151,284151,1002,202401,Top 14,2024-10-12,6,Bayonne,La Rochelle,Bayonne,home,37,7,25,0,54.5,56.0,5,425,110,17,10,120,15,10,117,14,14,34,1257,2,50.0,2,100.0,0,68,1,97.3,2,14,1,93.3,7,0,100.0,14,0,1
https://rugby-union-feeds.incrowdsports.com/v1/matches/284151,284151,1002,202401,Top 14,2024-10-12,6,Bayonne,La Rochelle,La Rochelle,away,37,7,25,0,45.5,44.0,1,345,101,14,5,93,10,19,116,17,4,16,583,1,100.0,0,,0,51,3,91.8,7,14,4,70.0,10,0,100.0,12,0,0
https://rugby-union-feeds.incrowdsports.com/v1/matches/284153,284153,1002,202401,Top 14,2024-10-12,6,Montpellier,Vannes,Montpellier,home,26,24,17,14,57.5,62.0,2,264,111,22,2,80,0,10,109,13,10,23,704,2,100.0,4,80.0,0,91,2,91.9,7,12,1,92.3,6,0,100.0,13,0,1
https://rugby-union-feeds.incrowdsports.com/v1/matches/284153,284153,1002,202401,Top 14,2024-10-12,6,Montpellier,Vannes,Vannes,away,26,24,17,14,42.5,38.0,3,292,84,13,3,75,6,14,163,22,3,20,556,2,100.0,1,100.0,0,60,2,93.8,8,14,1,82.3,2,2,50.0,12,0,0
https://rugby-union-feeds.incrowdsports.com/v1/matches/284155,284155,1002,202401,Top 14,2024-10-12,6,Pau,Castres Olympique,Pau,home,33,26,22,0,50.2,49.0,4,480,122,18,7,107,10,9,132,16,8,26,750,2,50.0,3,75.0,0,72,0,93.5,4,10,2,83.3,2,0,100.0,18,0,2
https://rugby-union-feeds.incrowdsports.com/v1/matches/284155,284155,1002,202401,Top 14,2024-10-12,6,Pau,Castres Olympique,Castres Olympique,away,33,26,22,0,49.8,51.0,4,297,114,16,5,89,13,12,130,18,4,19,697,3,75.0,0,0.0,0,69,4,92.2,9,15,2,79.0,5,1,83.3,12,0,1
https://rugby-union-feeds.incrowdsports.com/v1/matches/284157,284157,1002,202401,Top 14,2024-10-12,6,Bordeaux-Begles,Perpignan,Bordeaux-Begles,home,66,12,31,0,47.5,45.2,10,880,124,25,16,143,22,11,96,10,6,26,657,8,80.0,0,,0,41,2,88.7,2,7,0,77.8,8,2,80.0,16,0,1
https://rugby-union-feeds.incrowdsports.com/v1/matches/284157,284157,1002,202401,Top 14,2024-10-12,6,Bordeaux-Begles,Perpignan,Perpignan,away,66,12,31,0,52.5,54.8,2,358,100,10,4,90,12,18,79,25,7,14,500,1,50.0,0,,0,66,0,98.5,6,16,2,84.2,5,2,71.4,9,1,0
https://rugby-union-feeds.incrowdsports.com/v1/matches/284156,284156,1002,202401,Top 14,2024-10-12,6,Toulouse,Clermont Auvergne,Toulouse,home,48,14,20,0,56.4,57.2,6,625,156,27,15,165,14,15,99,9,5,19,579,6,100.0,2,66.7,0,77,2,94.2,6,15,1,88.2,4,0,100.0,9,0,0
https://rugby-union-feeds.incrowdsports.com/v1/matches/284156,284156,1002,202401,Top 14,2024-10-12,6,Toulouse,Clermont Auvergne,Clermont Auvergne,away,48,14,20,0,43.6,42.8,2,330,93,9,4,97,3,11,124,27,10,17,446,2,100.0,0,,0,60,0,90.1,2,6,2,66.7,4,2,66.7,19,0,1
https://rugby-union-feeds.incrowdsports.com/v1/matches/284152,284152,1002,202401,Top 14,2024-10-13,6,Lyon O.U.,Stade Francais Paris,Lyon O.U.,home,35,3,14,3,55.3,64.1,5,615,167,35,13,171,21,17,131,13,12,36,1137,5,100.0,0,0.0,0,93,1,96.9,1,13,4,72.2,10,0,100.0,7,0,0
https://rugby-union-feeds.incrowdsports.com/v1/matches/284152,284152,1002,202401,Top 14,2024-10-13,6,Lyon O.U.,Stade Francais Paris,Stade Francais Paris,away,35,3,14,3,44.7,35.9,0,403,130,13,1,134,8,21,163,35,7,34,1036,0,,1,100.0,0,74,2,92.7,1,7,1,77.8,5,2,71.4,10,0,1
https://rugby-union-feeds.incrowdsports.com/v1/matches/284159,284159,1002,202401,Top 14,2024-10-19,7,Bayonne,Racing 92,Bayonne,home,32,15,13,3,59.7,68.2,4,544,138,16,4,143,12,11,108,12,7,16,621,3,75.0,2,100.0,0,86,1,96.8,5,13,2,81.2,6,1,85.7,10,0,1
https://rugby-union-feeds.incrowdsports.com/v1/matches/284159,284159,1002,202401,Top 14,2024-10-19,7,Bayonne,Racing 92,Racing 92,away,32,15,13,3,40.3,31.8,2,475,101,12,6,101,8,13,157,16,7,14,400,1,50.0,1,100.0,0,61,0,96.8,2,9,3,64.3,6,1,85.7,14,0,2
https://rugby-union-feeds.incrowdsports.com/v1/matches/284158,284158,1002,202401,Top 14,2024-10-19,7,Clermont Auvergne,Vannes,Clermont Auvergne,home,55,33,24,16,50.2,48.5,9,567,105,27,14,112,15,15,121,23,5,20,615,4,50.0,0,,0,55,0,96.7,7,18,0,100.0,5,0,100.0,13,0,1
https://rugby-union-feeds.incrowdsports.com/v1/matches/284158,284158,1002,202401,Top 14,2024-10-19,7,Clermont Auvergne,Vannes,Vannes,away,55,33,24,16,49.8,51.5,3,317,101,23,6,105,9,12,87,27,6,18,615,3,100.0,4,100.0,0,62,2,97.1,1,9,3,60.0,3,1,75.0,10,0,3
https://rugby-union-feeds.incrowdsports.com/v1/matches/284160,284160,1002,202401,Top 14,2024-10-19,7,Castres Olympique,Stade Francais Paris,Castres Olympique,home,35,13,27,3,40.9,38.0,4,307,90,12,8,76,14,12,158,20,4,26,821,3,75.0,3,75.0,0,52,2,94.7,6,10,0,90.9,4,3,57.1,13,1,0
https://rugby-union-feeds.incrowdsports.com/v1/matches/284160,284160,1002,202401,Top 14,2024-10-19,7,Castres Olympique,Stade Francais Paris,Stade Francais Paris,away,35,13,27,3,59.2,62.0,2,413,147,20,6,158,7,13,97,12,6,19,546,0,0.0,1,100.0,0,91,1,93.1,6,16,2,84.2,5,0,100.0,11,0,0
https://rugby-union-feeds.incrowdsports.com/v1/matches/284164,284164,1002,202401,Top 14,2024-10-19,7,Perpignan,Lyon O.U.,Perpignan,home,29,26,19,9,58.7,59.3,2,511,166,23,4,159,11,9,123,20,8,25,783,2,100.0,5,83.3,0,109,0,96.6,3,12,0,85.7,3,1,75.0,10,0,0
https://rugby-union-feeds.incrowdsports.com/v1/matches/284164,284164,1002,202401,Top 14,2024-10-19,7,Perpignan,Lyon O.U.,Lyon O.U.,away,29,26,19,9,41.3,40.7,2,434,124,20,9,124,22,11,202,23,6,25,898,2,100.0,4,100.0,0,64,2,93.2,5,11,0,100.0,5,0,100.0,16,0,2
https://rugby-union-feeds.incrowdsports.com/v1/matches/284161,284161,1002,202401,Top 14,2024-10-19,7,Toulon,Montpellier,Toulon,home,30,17,6,10,57.7,60.9,4,631,171,37,9,144,21,16,109,22,13,23,687,2,50.0,2,50.0,0,75,1,91.2,9,15,0,100.0,9,0,100.0,13,0,0
https://rugby-union-feeds.incrowdsports.com/v1/matches/284161,284161,1002,202401,Top 14,2024-10-19,7,Toulon,Montpellier,Montpellier,away,30,17,6,10,42.3,39.1,2,333,115,22,9,92,9,18,151,37,13,21,710,2,100.0,1,33.3,0,54,0,88.9,1,10,3,62.5,4,1,80.0,11,0,1
https://rugby-union-feeds.incrowdsports.com/v1/matches/284162,284162,1002,202401,Top 14,2024-10-19,7,Pau,Toulouse,Pau,home,14,22,7,15,47.4,39.2,2,343,111,15,5,104,3,17,134,20,13,23,636,2,100.0,0,0.0,0,64,6,89.5,6,14,0,100.0,4,0,100.0,11,0,0
https://rugby-union-feeds.incrowdsports.com/v1/matches/284162,284162,1002,202401,Top 14,2024-10-19,7,Pau,Toulouse,Toulouse,away,14,22,7,15,52.6,60.8,3,494,156,20,7,141,21,15,109,15,15,28,824,2,66.7,1,50.0,0,73,4,92.8,6,12,1,92.3,6,0,100.0,9,0,0
https://rugby-union-feeds.incrowdsports.com/v1/matches/284163,284163,1002,202401,Top 14,2024-10-20,7,La Rochelle,Bordeaux-Begles,La Rochelle,home,32,22,25,3,49.6,53.7,4,283,116,10,4,119,10,10,127,11,9,21,605,3,75.0,2,100.0,0,64,0,98.5,10,16,2,84.2,6,1,85.7,13,0,3
https://rugby-union-feeds.incrowdsports.com/v1/matches/284163,284163,1002,202401,Top 14,2024-10-20,7,La Rochelle,Bordeaux-Begles,Bordeaux-Begles,away,32,22,25,3,50.4,46.3,3,356,138,11,2,136,16,8,116,10,4,21,601,2,66.7,1,100.0,0,67,1,92.3,3,9,2,69.2,3,0,100.0,17,1,1
https://rugby-union-feeds.incrowdsports.com/v1/matches/284171,284171,1002,202401,Top 14,2024-10-26,8,Bordeaux-Begles,Pau,Bordeaux-Begles,home,19,6,14,6,41.1,50.6,3,563,118,17,10,118,10,20,161,16,18,45,1411,2,66.7,0,,0,44,2,92.2,4,12,3,66.7,10,1,90.9,9,0,0
https://rugby-union-feeds.incrowdsports.com/v1/matches/284171,284171,1002,202401,Top 14,2024-10-26,8,Bordeaux-Begles,Pau,Pau,away,19,6,14,6,58.9,49.4,0,382,150,16,0,148,9,24,69,17,7,39,1549,0,,2,100.0,0,93,3,92.3,4,12,0,85.7,6,1,85.7,11,0,0
https://rugby-union-feeds.incrowdsports.com/v1/matches/284165,284165,1002,202401,Top 14,2024-10-26,8,Lyon O.U.,Bayonne,Lyon O.U.,home,38,49,7,27,48.9,47.8,6,421,119,23,8,107,8,16,115,16,0,15,553,4,66.7,0,,0,70,0,98.6,4,12,2,80.0,4,1,80.0,7,0,2
https://rugby-union-feeds.incrowdsports.com/v1/matches/284165,284165,1002,202401,Top 14,2024-10-26,8,Lyon O.U.,Bayonne,Bayonne,away,38,49,7,27,51.1,52.2,6,360,117,16,6,140,10,4,120,23,6,27,826,5,83.3,3,100.0,0,75,0,98.7,4,12,1,85.7,8,1,88.9,8,0,2
https://rugby-union-feeds.incrowdsports.com/v1/matches/284166,284166,1002,202401,Top 14,2024-10-26,8,Montpellier,La Rochelle,Montpellier,home,16,0,13,0,47.6,48.6,1,157,84,14,0,59,4,14,127,11,6,46,1432,1,100.0,3,75.0,0,52,1,94.7,7,13,1,72.2,9,1,90.0,12,0,2
https://rugby-union-feeds.incrowdsports.com/v1/matches/284166,284166,1002,202401,Top 14,2024-10-26,8,Montpellier,La Rochelle,La Rochelle,away,16,0,13,0,52.4,51.4,0,213,106,11,1,69,8,16,94,14,5,39,1093,0,,0,,0,63,0,97.1,10,16,4,72.7,4,2,66.7,15,0,1
https://rugby-union-feeds.incrowdsports.com/v1/matches/284167,284167,1002,202401,Top 14,2024-10-26,8,Racing 92,Perpignan,Racing 92,home,30,23,24,10,45.9,54.6,3,353,89,20,8,84,10,12,125,14,7,20,581,3,100.0,3,75.0,0,48,3,87.9,2,6,1,66.7,7,3,70.0,15,0,3
https://rugby-union-feeds.incrowdsports.com/v1/matches/284167,284167,1002,202401,Top 14,2024-10-26,8,Racing 92,Perpignan,Perpignan,away,30,23,24,10,54.1,45.4,2,217,106,14,3,107,6,21,97,20,6,16,322,2,100.0,3,100.0,0,65,1,92.1,4,13,2,86.7,5,1,83.3,9,0,0
https://rugby-union-feeds.incrowdsports.com/v1/matches/284168,284168,1002,202401,Top 14,2024-10-26,8,Vannes,Castres Olympique,Vannes,home,34,28,21,18,50.2,51.3,4,425,126,24,7,88,11,12,138,21,3,21,631,4,100.0,2,100.0,0,76,1,95.2,8,14,1,87.5,2,1,66.7,16,0,0
https://rugby-union-feeds.incrowdsports.com/v1/matches/284168,284168,1002,202401,Top 14,2024-10-26,8,Vannes,Castres Olympique,Castres Olympique,away,34,28,21,18,49.8,48.7,3,315,117,21,9,102,12,9,130,24,6,23,701,2,66.7,3,100.0,0,71,0,96.2,8,12,0,92.3,6,2,75.0,11,0,1
https://rugby-union-feeds.incrowdsports.com/v1/matches/284169,284169,1002,202401,Top 14,2024-10-26,8,Stade Francais Paris,Clermont Auvergne,Stade Francais Paris,home,36,6,15,6,59.6,65.0,5,421,137,30,10,121,9,12,102,17,10,25,850,4,80.0,1,50.0,0,92,1,97.0,10,18,1,94.7,4,3,57.1,8,0,1
https://rugby-union-feeds.incrowdsports.com/v1/matches/284169,284169,1002,202401,Top 14,2024-10-26,8,Stade Francais Paris,Clermont Auvergne,Clermont Auvergne,away,36,6,15,6,40.4,35.0,0,313,92,17,3,69,4,13,181,30,7,27,733,0,,2,100.0,0,55,1,93.4,1,9,1,90.0,2,4,33.3,15,0,2
https://rugby-union-feeds.incrowdsports.com/v1/matches/284170,284170,1002,202401,Top 14,2024-10-27,8,Toulouse,Toulon,Toulouse,home,57,5,15,5,56.4,63.8,8,525,136,19,11,118,14,20,96,9,8,21,714,7,87.5,1,100.0,0,61,2,92.8,10,20,0,100.0,6,0,100.0,10,0,0
https://rugby-union-feeds.incrowdsports.com/v1/matches/284170,284170,1002,202401,Top 14,2024-10-27,8,Toulouse,Toulon,Toulon,away,57,5,15,5,43.6,36.2,1,194,82,9,0,75,0,14,122,19,13,22,570,0,0.0,0,,0,43,1,90.4,5,15,1,88.2,8,0,100.0,14,0,2
https://rugby-union-feeds.incrowdsports.com/v1/matches/284172,284172,1002,202401,Top 14,2024-11-02,9,Clermont Auvergne,Bordeaux-Begles,Clermont Auvergne,home,32,27,17,6,48.6,43.2,5,279,89,8,4,82,9,8,117,24,5,21,663,2,40.0,1,100.0,0,57,1,92.2,7,13,1,86.7,3,2,60.0,19,0,2
https://rugby-union-feeds.incrowdsports.com/v1/matches/284172,284172,1002,202401,Top 14,2024-11-02,9,Clermont Auvergne,Bordeaux-Begles,Bordeaux-Begles,away,32,27,17,6,51.4,56.8,3,313,93,24,2,110,8,15,98,8,3,15,558,3,100.0,2,100.0,0,54,1,98.3,6,18,2,90.0,6,1,85.7,9,0,3
https://rugby-union-feeds.incrowdsports.com/v1/matches/284174,284174,1002,202401,Top 14,2024-11-02,9,Castres Olympique,Montpellier,Castres Olympique,home,30,26,13,23,57.5,52.5,4,369,152,14,5,151,9,13,122,25,4,22,744,2,50.0,2,100.0,0,94,1,98.0,6,14,2,93.3,6,0,100.0,7,0,0
https://rugby-union-feeds.incrowdsports.com/v1/matches/284174,284174,1002,202401,Top 14,2024-11-02,9,Castres Olympique,Montpellier,Montpellier,away,30,26,13,23,42.5,47.5,2,370,113,25,8,113,14,7,177,14,8,27,834,2,100.0,4,80.0,0,68,0,95.8,5,10,2,83.3,5,0,100.0,13,0,0
https://rugby-union-feeds.incrowdsports.com/v1/matches/284175,284175,1002,202401,Top 14,2024-11-02,9,Toulon,Lyon O.U.,Toulon,home,21,10,14,0,44.3,42.9,3,462,134,20,6,124,9,12,168,17,7,25,812,3,100.0,0,0.0,0,82,1,97.7,8,14,1,93.3,6,1,85.7,15,0,1
https://rugby-union-feeds.incrowdsports.com/v1/matches/284175,284175,1002,202401,Top 14,2024-11-02,9,Toulon,Lyon O.U.,Lyon O.U.,away,21,10,14,0,55.7,57.1,1,423,162,17,5,130,9,14,137,20,6,28,853,1,100.0,1,100.0,0,103,2,96.5,6,16,2,84.2,4,0,100.0,10,0,1
https://rugby-union-feeds.incrowdsports.com/v1/matches/284176,284176,1002,202401,Top 14,2024-11-02,9,Pau,Racing 92,Pau,home,23,33,13,6,56.0,63.9,2,297,140,12,3,148,5,11,126,20,7,22,677,2,100.0,2,100.0,1,99,1,99.1,11,21,3,80.8,2,0,100.0,11,0,2
https://rugby-union-feeds.incrowdsports.com/v1/matches/284176,284176,1002,202401,Top 14,2024-11-02,9,Pau,Racing 92,Racing 92,away,23,33,13,6,44.0,36.1,4,445,124,20,8,109,8,12,167,12,3,26,699,2,50.0,2,100.0,1,77,2,96.4,1,9,4,69.2,4,0,100.0,19,1,3
https://rugby-union-feeds.incrowdsports.com/v1/matches/284178,284178,1002,202401,Top 14,2024-11-02,9,Perpignan,Vannes,Perpignan,home,32,13,10,3,52.6,46.6,4,428,117,28,9,105,15,15,137,23,6,22,671,3,75.0,2,66.7,0,73,2,94.9,8,16,1,84.2,5,0,100.0,8,0,0
https://rugby-union-feeds.incrowdsports.com/v1/matches/284178,284178,1002,202401,Top 14,2024-11-02,9,Perpignan,Vannes,Vannes,away,32,13,10,3,47.4,53.4,1,290,108,23,4,82,11,12,139,28,8,21,576,1,100.0,2,100.0,0,71,2,91.0,4,9,3,75.0,5,1,83.3,15,0,1
https://rugby-union-feeds.incrowdsports.com/v1/matches/284177,284177,1002,202401,Top 14,2024-11-02,9,La Rochelle,Stade Francais Paris,La Rochelle,home,35,18,8,15,52.6,50.0,4,422,101,24,4,86,5,10,93,5,5,28,912,3,75.0,3,100.0,0,59,0,98.4,4,8,2,80.0,7,1,87.5,10,0,0
https://rugby-union-feeds.incrowdsports.com/v1/matches/284177,284177,1002,202401,Top 14,2024-11-02,9,La Rochelle,Stade Francais Paris,Stade Francais Paris,away,35,18,8,15,47.4,50.0,0,252,90,5,1,92,4,10,110,24,6,27,960,0,,6,100.0,0,47,1,94.4,1,12,0,85.7,3,3,50.0,10,0,0
https://rugby-union-feeds.incrowdsports.com/v1/matches/284173,284173,1002,202401,Top 14,2024-11-03,9,Bayonne,Toulouse,Bayonne,home,12,8,7,0,45.1,46.1,2,344,106,24,6,110,5,17,154,26,11,32,898,1,50.0,0,0.0,0,68,5,91.0,9,12,2,70.6,4,0,100.0,10,0,0
https://rugby-union-feeds.incrowdsports.com/v1/matches/284173,284173,1002,202401,Top 14,2024-11-03,9,Bayonne,Toulouse,Toulouse,away,12,8,7,0,54.9,53.9,1,471,146,26,6,127,20,17,122,24,10,34,865,0,0.0,1,100.0,0,91,3,95.0,5,14,4,73.7,6,0,100.0,11,0,1
https://rugby-union-feeds.incrowdsports.com/v1/matches/284182,284182,1002,202401,Top 14,2024-11-23,10,Toulon,Bayonne,Toulon,home,39,19,17,13,44.8,44.5,5,545,120,17,10,118,17,17,150,16,6,26,827,4,80.0,2,100.0,0,60,1,96.8,2,11,2,84.6,7,0,100.0,8,0,0
https://rugby-union-feeds.incrowdsports.com/v1/matches/284182,284182,1002,202401,Top 14,2024-11-23,10,Toulon,Bayonne,Bayonne,away,39,19,17,13,55.2,55.5,1,395,142,16,3,183,6,16,111,17,11,22,813,1,100.0,4,100.0,0,92,2,94.9,4,8,4,57.1,4,1,80.0,11,0,1
https://rugby-union-feeds.incrowdsports.com/v1/matches/284179,284179,1002,202401,Top 14,2024-11-23,10,Castres Olympique,La Rochelle,Castres Olympique,home,28,24,28,6,43.3,47.6,3,256,90,19,6,80,8,10,134,32,6,19,500,2,66.7,3,75.0,0,57,2,92.3,5,12,1,92.3,3,3,50.0,15,0,3
https://rugby-union-feeds.incrowdsports.com/v1/matches/284179,284179,1002,202401,Top 14,2024-11-23,10,Castres Olympique,La Rochelle,La Rochelle,away,28,24,28,6,56.7,52.4,2,414,130,32,9,181,19,9,91,19,5,13,494,1,50.0,4,80.0,0,80,0,94.4,6,8,0,88.9,4,0,100.0,17,1,1
https://rugby-union-feeds.incrowdsports.com/v1/matches/284180,284180,1002,202401,Top 14,2024-11-23,10,Lyon O.U.,Clermont Auvergne,Lyon O.U.,home,22,30,10,17,56.6,72.9,3,397,131,33,5,109,12,11,89,14,2,10,378,2,66.7,1,50.0,0,79,3,94.7,5,15,1,83.3,1,1,50.0,19,0,3
https://rugby-union-feeds.incrowdsports.com/v1/matches/284180,284180,1002,202401,Top 14,2024-11-23,10,Lyon O.U.,Clermont Auvergne,Clermont Auvergne,away,22,30,10,17,43.4,27.1,3,285,83,14,5,90,6,7,153,33,6,18,336,3,100.0,3,100.0,0,60,0,96.9,11,16,3,80.0,4,2,66.7,15,0,2
https://rugby-union-feeds.incrowdsports.com/v1/matches/284181,284181,1002,202401,Top 14,2024-11-23,10,Montpellier,Pau,Montpellier,home,30,3,16,3,52.4,56.0,3,424,124,11,2,108,9,12,124,15,15,34,931,3,100.0,3,75.0,0,74,0,96.2,8,14,0,100.0,5,2,71.4,12,0,0
https://rugby-union-feeds.incrowdsports.com/v1/matches/284181,284181,1002,202401,Top 14,2024-11-23,10,Montpellier,Pau,Pau,away,30,3,16,3,47.6,44.0,0,221,117,15,0,113,6,16,129,11,4,22,722,0,,1,100.0,0,71,6,88.1,3,11,3,78.6,8,2,80.0,17,0,3
https://rugby-union-feeds.incrowdsports.com/v1/matches/284185,284185,1002,202401,Top 14,2024-11-23,10,Toulouse,Perpignan,Toulouse,home,41,9,12,9,60.0,60.8,6,690,169,35,14,148,18,18,121,13,16,19,657,4,66.7,1,100.0,0,96,0,98.0,5,11,0,100.0,4,0,100.0,16,0,1
https://rugby-union-feeds.incrowdsports.com/v1/matches/284185,284185,1002,202401,Top 14,2024-11-23,10,Toulouse,Perpignan,Perpignan,away,41,9,12,9,40.0,39.2,0,304,104,13,4,103,12,25,186,35,9,15,332,0,,3,75.0,0,55,4,90.5,5,14,1,87.5,7,1,87.5,9,1,0
https://rugby-union-feeds.incrowdsports.com/v1/matches/284183,284183,1002,202401,Top 14,2024-11-23,10,Vannes,Bordeaux-Begles,Vannes,home,29,37,29,7,57.6,65.7,4,598,148,16,7,126,14,21,92,12,7,19,606,3,75.0,1,33.3,0,93,5,93.1,5,10,1,90.9,9,1,90.0,10,0,2
https://rugby-union-feeds.incrowdsports.com/v1/matches/284183,284183,1002,202401,Top 14,2024-11-23,10,Vannes,Bordeaux-Begles,Bordeaux-Begles,away,29,37,29,7,42.4,34.3,5,315,92,12,3,104,8,14,139,16,8,28,904,2,50.0,2,66.7,0,54,2,94.8,4,9,0,90.0,9,1,90.0,5,0,0
https://rugby-union-feeds.incrowdsports.com/v1/matches/284184,284184,1002,202401,Top 14,2024-11-24,10,Stade Francais Paris,Racing 92,Stade Francais Paris,home,40,24,26,3,53.8,56.2,6,547,157,17,13,158,17,13,118,20,6,23,706,5,83.3,0,0.0,0,91,0,96.8,4,7,0,100.0,9,1,90.0,15,1,0
https://rugby-union-feeds.incrowdsports.com/v1/matches/284184,284184,1002,202401,Top 14,2024-11-24,10,Stade Francais Paris,Racing 92,Racing 92,away,40,24,26,3,46.2,43.8,3,472,130,20,8,143,12,18,159,17,8,18,500,3,100.0,1,100.0,0,71,2,96.2,3,14,2,77.8,4,0,100.0,6,0,0
https://rugby-union-feeds.incrowdsports.com/v1/matches/284188,284188,1002,202401,Top 14,2024-11-30,11,Racing 92,Toulouse,Racing 92,home,17,21,0,11,42.3,38.4,2,303,91,15,3,71,8,17,146,20,9,17,584,2,100.0,1,50.0,0,54,1,92.1,4,9,2,75.0,6,0,100.0,19,0,2
https://rugby-union-feeds.incrowdsports.com/v1/matches/284188,284188,1002,202401,Top 14,2024-11-30,11,Racing 92,Toulouse,Toulouse,away,17,21,0,11,57.7,61.6,2,355,128,20,4,117,8,17,104,15,12,24,571,1,50.0,3,60.0,0,86,4,92.8,11,19,1,90.5,5,0,100.0,13,0,1
https://rugby-union-feeds.incrowdsports.com/v1/matches/284186,284186,1002,202401,Top 14,2024-11-30,11,Clermont Auvergne,Castres Olympique,Clermont Auvergne,home,54,10,21,10,60.8,65.0,8,475,152,14,4,145,15,8,100,7,4,27,718,6,85.7,0,0.0,0,90,0,100.0,8,17,0,100.0,8,1,88.9,10,0,1
https://rugby-union-feeds.incrowdsports.com/v1/matches/284186,284186,1002,202401,Top 14,2024-11-30,11,Clermont Auvergne,Castres Olympique,Castres Olympique,away,54,10,21,10,39.2,35.0,1,163,79,7,0,65,5,15,156,14,1,18,618,1,100.0,1,100.0,0,51,0,98.2,2,10,2,71.4,3,2,60.0,12,0,3
https://rugby-union-feeds.incrowdsports.com/v1/matches/284189,284189,1002,202401,Top 14,2024-11-30,11,Pau,Lyon O.U.,Pau,home,29,15,13,8,60.0,69.3,2,505,177,25,2,145,6,7,126,18,9,29,1003,2,100.0,5,100.0,0,131,2,96.4,6,17,1,94.4,6,0,100.0,9,0,1
https://rugby-union-feeds.incrowdsports.com/v1/matches/284189,284189,1002,202401,Top 14,2024-11-30,11,Pau,Lyon O.U.,Lyon O.U.,away,29,15,13,8,40.0,30.7,2,460,138,18,8,114,8,11,215,25,4,27,670,1,50.0,1,100.0,0,76,0,96.4,2,9,2,81.8,0,0,0.0,14,0,1
https://rugby-union-feeds.incrowdsports.com/v1/matches/284190,284190,1002,202401,Top 14,2024-11-30,11,La Rochelle,Vannes,La Rochelle,home,14,23,7,7,47.9,47.8,2,393,93,19,4,102,9,7,100,13,7,28,962,2,100.0,0,,0,54,0,94.8,7,11,3,68.8,5,2,71.4,12,0,0
https://rugby-union-feeds.incrowdsports.com/v1/matches/284190,284190,1002,202401,Top 14,2024-11-30,11,La Rochelle,Vannes,Vannes,away,14,23,7,7,52.1,52.2,2,338,93,13,1,97,6,11,96,19,2,33,1133,2,100.0,3,75.0,0,62,0,94.1,2,16,2,88.9,5,1,83.3,11,0,1
https://rugby-union-feeds.incrowdsports.com/v1/matches/284191,284191,1002,202401,Top 14,2024-11-30,11,Bordeaux-Begles,Montpellier,Bordeaux-Begles,home,9,6,3,0,,,,,,,,,,,,,,,,,,,,,,,,,,,,,,,,,
https://rugby-union-feeds.incrowdsports.com/v1/matches/284191,284191,1002,202401,Top 14,2024-11-30,11,Bordeaux-Begles,Montpellier,Montpellier,away,9,6,3,0,,,,,,,,,,,,,,,,,,,,,,,,,,,,,,,,,
https://rugby-union-feeds.incrowdsports.com/v1/matches/284192,284192,1002,202401,Top 14,2024-11-30,11,Perpignan,Toulon,Perpignan,home,13,22,6,12,48.0,37.3,1,255,137,17,4,139,14,14,140,13,4,23,668,1,100.0,2,100.0,0,80,3,94.2,2,11,2,73.3,4,0,100.0,11,0,1
https://rugby-union-feeds.incrowdsports.com/v1/matches/284192,284192,1002,202401,Top 14,2024-11-30,11,Perpignan,Toulon,Toulon,away,13,22,6,12,52.0,62.7,1,327,144,13,2,139,6,13,143,17,6,34,820,1,100.0,4,100.0,1,81,2,96.5,5,13,3,76.5,9,0,100.0,8,0,0
https://rugby-union-feeds.incrowdsports.com/v1/matches/284187,284187,1002,202401,Top 14,2024-12-01,11,Bayonne,Stade Francais Paris,Bayonne,home,21,13,10,10,55.5,58.9,2,350,134,28,7,155,14,15,120,8,9,29,1013,1,50.0,3,75.0,0,86,2,96.7,4,14,1,87.5,3,0,100.0,9,0,1
https://rugby-union-feeds.incrowdsports.com/v1/matches/284187,284187,1002,202401,Top 14,2024-12-01,11,Bayonne,Stade Francais Paris,Stade Francais Paris,away,21,13,10,10,44.5,41.1,1,310,92,8,4,74,3,14,144,28,6,30,845,1,100.0,2,66.7,0,62,2,94.0,5,11,2,84.6,5,3,62.5,9,0,1
https://rugby-union-feeds.incrowdsports.com/v1/matches/284199,284199,1002,202401,Top 14,2024-12-21,12,La Rochelle,Clermont Auvergne,La Rochelle,home,20,15,17,3,45.0,43.1,2,312,101,22,6,118,15,16,128,18,7,20,692,2,100.0,2,100.0,0,59,3,92.4,4,11,4,73.3,8,0,100.0,13,0,3
https://rugby-union-feeds.incrowdsports.com/v1/matches/284199,284199,1002,202401,Top 14,2024-12-21,12,La Rochelle,Clermont Auvergne,Clermont Auvergne,away,20,15,17,3,55.0,56.9,2,310,118,18,4,101,7,13,108,22,8,28,657,0,0.0,1,50.0,0,72,1,96.2,7,17,0,89.5,5,0,100.0,8,0,3
https://rugby-union-feeds.incrowdsports.com/v1/matches/284195,284195,1002,202401,Top 14,2024-12-21,12,Montpellier,Racing 92,Montpellier,home,21,17,8,6,39.0,41.5,2,314,93,16,3,73,9,13,128,17,4,24,689,1,50.0,3,100.0,0,46,2,94.2,4,10,3,71.4,6,0,100.0,17,0,3
https://rugby-union-feeds.incrowdsports.com/v1/matches/284195,284195,1002,202401,Top 14,2024-12-21,12,Montpellier,Racing 92,Racing 92,away,21,17,8,6,61.0,58.5,1,406,129,17,6,141,12,8,72,16,7,27,889,0,0.0,4,100.0,0,78,1,96.6,11,18,0,94.7,3,3,50.0,13,0,3
https://rugby-union-feeds.incrowdsports.com/v1/matches/284196,284196,1002,202401,Top 14,2024-12-21,12,Toulon,Pau,Toulon,home,56,25,24,13,53.4,55.2,7,515,152,28,11,131,20,8,136,17,6,22,669,6,85.7,3,100.0,0,85,1,96.7,8,10,3,76.9,5,1,83.3,11,0,0
https://rugby-union-feeds.incrowdsports.com/v1/matches/284196,284196,1002,202401,Top 14,2024-12-21,12,Toulon,Pau,Pau,away,56,25,24,13,46.6,44.8,3,416,112,17,8,121,3,14,164,28,5,14,485,2,66.7,2,100.0,0,76,5,92.9,5,11,5,68.8,1,1,50.0,14,0,2
https://rugby-union-feeds.incrowdsports.com/v1/matches/284197,284197,1002,202401,Top 14,2024-12-21,12,Vannes,Bayonne,Vannes,home,21,27,11,21,61.6,61.4,2,333,112,9,4,80,6,14,65,14,1,16,478,1,50.0,3,100.0,0,71,2,95.0,11,16,2,88.9,5,1,83.3,8,0,0
https://rugby-union-feeds.incrowdsports.com/v1/matches/284197,284197,1002,202401,Top 14,2024-12-21,12,Vannes,Bayonne,Bayonne,away,21,27,11,21,38.4,38.6,3,203,68,14,3,73,3,6,137,9,9,18,683,3,100.0,2,100.0,0,39,0,93.2,3,7,2,77.8,7,2,77.8,23,0,2
https://rugby-union-feeds.incrowdsports.com/v1/matches/284198,284198,1002,202401,Top 14,2024-12-21,12,Stade Francais Paris,Perpignan,Stade Francais Paris,home,24,7,14,7,49.5,60.6,3,331,98,9,4,107,7,15,108,11,8,35,1030,3,100.0,1,100.0,0,46,2,90.4,11,20,1,87.0,8,0,100.0,11,0,0
https://rugby-union-feeds.incrowdsports.com/v1/matches/284198,284198,1002,202401,Top 14,2024-12-21,12,Stade Francais Paris,Perpignan,Perpignan,away,24,7,14,7,50.5,39.4,1,347,106,11,4,98,8,17,93,9,8,29,786,1,100.0,0,0.0,0,60,0,98.4,0,8,2,53.3,7,1,87.5,13,0,2
https://rugby-union-feeds.incrowdsports.com/v1/matches/284193,284193,1002,202401,Top 14,2024-12-21,12,Castres Olympique,Bordeaux-Begles,Castres Olympique,home,3,13,3,13,57.7,64.8,0,441,139,19,2,110,7,18,74,17,5,42,1259,0,,1,25.0,0,77,2,94.0,1,8,3,66.7,8,2,80.0,11,0,0
https://rugby-union-feeds.incrowdsports.com/v1/matches/284193,284193,1002,202401,Top 14,2024-12-21,12,Castres Olympique,Bordeaux-Begles,Bordeaux-Begles,away,3,13,3,13,42.3,35.2,1,342,86,17,6,56,8,19,138,19,8,38,1136,1,100.0,2,50.0,0,43,2,93.8,3,10,0,83.3,7,1,87.5,7,0,0
https://rugby-union-feeds.incrowdsports.com/v1/matches/284194,284194,1002,202401,Top 14,2024-12-22,12,Lyon O.U.,Toulouse,Lyon O.U.,home,17,17,14,7,50.0,54.9,1,334,118,19,7,112,9,12,143,23,5,32,968,0,0.0,4,66.7,0,73,1,94.9,5,15,0,100.0,2,2,50.0,12,0,1
https://rugby-union-feeds.incrowdsports.com/v1/matches/284194,284194,1002,202401,Top 14,2024-12-22,12,Lyon O.U.,Toulouse,Toulouse,away,17,17,14,7,50.0,45.0,2,506,129,23,10,128,11,12,132,19,8,30,645,2,100.0,1,33.3,0,75,2,95.0,3,10,3,66.7,4,0,100.0,12,0,0
https://rugby-union-feeds.incrowdsports.com/v1/matches/284203,284203,1002,202401,Top 14,2024-12-28,13,Pau,Vannes,Pau,home,48,24,27,10,47.0,44.9,6,409,143,17,5,160,16,14,189,20,8,30,921,6,100.0,2,100.0,0,83,2,95.5,3,13,0,92.9,3,0,100.0,8,0,0
https://rugby-union-feeds.incrowdsports.com/v1/matches/284203,284203,1002,202401,Top 14,2024-12-28,13,Pau,Vannes,Vannes,away,48,24,27,10,53.0,55.1,3,442,156,20,3,157,13,10,158,17,8,29,699,3,100.0,1,100.0,0,102,1,95.4,3,13,1,92.9,4,0,100.0,12,0,1
https://rugby-union-feeds.incrowdsports.com/v1/matches/284201,284201,1002,202401,Top 14,2024-12-28,13,Bayonne,Castres Olympique,Bayonne,home,33,12,10,5,58.3,59.3,3,673,154,44,9,171,13,14,104,5,5,37,1259,3,100.0,4,100.0,0,92,2,98.0,1,11,2,73.3,9,1,90.0,6,0,0
https://rugby-union-feeds.incrowdsports.com/v1/matches/284201,284201,1002,202401,Top 14,2024-12-28,13,Bayonne,Castres Olympique,Castres Olympique,away,33,12,10,5,41.7,40.7,2,417,112,5,8,107,16,17,156,44,8,34,1049,1,50.0,0,0.0,0,58,2,95.3,3,7,3,53.8,6,0,100.0,10,0,0
https://rugby-union-feeds.incrowdsports.com/v1/matches/284200,284200,1002,202401,Top 14,2024-12-28,13,Clermont Auvergne,Montpellier,Clermont Auvergne,home,18,22,12,10,53.0,55.0,2,339,109,25,4,101,8,14,90,12,5,24,640,1,50.0,2,100.0,0,72,3,92.5,6,9,4,69.2,3,4,42.9,13,0,0
https://rugby-union-feeds.incrowdsports.com/v1/matches/284200,284200,1002,202401,Top 14,2024-12-28,13,Clermont Auvergne,Montpellier,Montpellier,away,18,22,12,10,47.0,45.0,1,167,81,12,0,56,3,8,123,25,6,32,839,1,100.0,5,71.4,0,55,1,96.7,4,8,3,61.5,3,2,60.0,8,0,0
https://rugby-union-feeds.incrowdsports.com/v1/matches/284205,284205,1002,202401,Top 14,2024-12-28,13,Bordeaux-Begles,Toulon,Bordeaux-Begles,home,21,17,8,3,44.8,45.1,2,326,111,17,3,105,12,12,174,21,12,33,985,1,50.0,3,100.0,0,60,0,93.9,6,16,2,80.0,7,0,100.0,7,0,0
https://rugby-union-feeds.incrowdsports.com/v1/matches/284205,284205,1002,202401,Top 14,2024-12-28,13,Bordeaux-Begles,Toulon,Toulon,away,21,17,8,3,55.2,54.9,2,377,150,21,5,129,5,18,110,17,10,32,920,2,100.0,1,50.0,0,95,2,92.4,3,9,0,90.0,8,0,100.0,14,0,1
https://rugby-union-feeds.incrowdsports.com/v1/matches/284202,284202,1002,202401,Top 14,2024-12-29,13,Racing 92,Lyon O.U.,Racing 92,home,25,25,19,12,58.7,62.4,3,540,190,38,4,167,9,11,119,12,9,34,1120,2,66.7,2,66.7,0,115,0,97.5,6,10,3,76.9,2,0,100.0,17,0,2
https://rugby-union-feeds.incrowdsports.com/v1/matches/284202,284202,1002,202401,Top 14,2024-12-29,13,Racing 92,Lyon O.U.,Lyon O.U.,away,25,25,19,12,41.3,37.6,1,363,117,12,7,107,9,12,200,38,6,30,1013,1,100.0,6,85.7,0,62,4,94.4,5,13,2,86.7,3,1,75.0,10,0,1
https://rugby-union-feeds.incrowdsports.com/v1/matches/284206,284206,1002,202401,Top 14,2024-12-29,13,Perpignan,La Rochelle,Perpignan,home,21,13,18,6,57.2,68.5,2,627,153,38,12,159,15,15,90,18,5,22,605,1,50.0,3,75.0,0,79,3,92.3,5,12,4,75.0,7,0,100.0,8,0,0
https://rugby-union-feeds.incrowdsports.com/v1/matches/284206,284206,1002,202401,Top 14,2024-12-29,13,Perpignan,La Rochelle,La Rochelle,away,21,13,18,6,42.8,31.5,1,280,89,18,2,99,10,10,169,38,12,29,898,1,100.0,2,100.0,0,51,1,93.0,3,8,0,88.9,4,0,100.0,15,0,0
https://rugby-union-feeds.incrowdsports.com/v1/matches/284204,284204,1002,202401,Top 14,2024-12-29,13,Toulouse,Stade Francais Paris,Toulouse,home,38,23,14,6,63.7,63.4,5,352,113,26,5,135,10,12,62,19,5,25,720,5,100.0,1,100.0,0,66,1,97.2,10,16,1,88.9,5,0,100.0,11,0,0
https://rugby-union-feeds.incrowdsports.com/v1/matches/284204,284204,1002,202401,Top 14,2024-12-29,13,Toulouse,Stade Francais Paris,Stade Francais Paris,away,38,23,14,6,36.3,36.6,2,270,50,19,5,57,3,12,134,26,5,18,533,2,100.0,3,75.0,0,30,1,94.3,5,12,2,75.0,7,2,77.8,14,0,1
https://rugby-union-feeds.incrowdsports.com/v1/matches/284210,284210,1002,202401,Top 14,2025-01-04,14,Toulon,Racing 92,Toulon,home,36,24,24,10,55.1,58.5,6,510,182,26,13,197,22,11,140,15,5,33,842,3,50.0,0,,0,103,2,96.3,6,15,3,83.3,2,0,100.0,6,0,0
https://rugby-union-feeds.incrowdsports.com/v1/matches/284210,284210,1002,202401,Top 14,2025-01-04,14,Toulon,Racing 92,Racing 92,away,36,24,24,10,44.9,41.5,3,386,124,15,5,122,5,13,170,26,5,25,798,3,100.0,1,100.0,0,80,0,96.4,3,11,4,64.7,5,0,100.0,7,0,1
https://rugby-union-feeds.incrowdsports.com/v1/matches/284207,284207,1002,202401,Top 14,2025-01-04,14,Castres Olympique,Pau,Castres Olympique,home,24,19,16,9,47.1,47.5,2,333,96,7,5,94,7,8,131,11,5,38,1224,1,50.0,3,100.0,1,68,0,95.9,5,13,0,81.2,3,1,75.0,12,0,0
https://rugby-union-feeds.incrowdsports.com/v1/matches/284207,284207,1002,202401,Top 14,2025-01-04,14,Castres Olympique,Pau,Pau,away,24,19,16,9,52.9,52.5,1,303,111,11,0,99,6,8,102,7,6,38,1142,1,100.0,4,100.0,0,81,0,96.5,2,13,2,86.7,5,0,100.0,9,0,1
https://rugby-union-feeds.incrowdsports.com/v1/matches/284208,284208,1002,202401,Top 14,2025-01-04,14,Lyon O.U.,Perpignan,Lyon O.U.,home,17,12,17,3,53.2,61.9,2,365,123,14,4,97,8,16,134,7,9,20,643,2,100.0,1,50.0,0,78,3,94.2,8,13,2,81.2,6,1,85.7,16,0,3
https://rugby-union-feeds.incrowdsports.com/v1/matches/284208,284208,1002,202401,Top 14,2025-01-04,14,Lyon O.U.,Perpignan,Perpignan,away,17,12,17,3,46.8,38.1,0,299,114,7,1,126,4,15,166,14,8,21,488,0,,4,100.0,0,60,1,94.1,6,17,1,89.5,10,2,83.3,12,0,1
https://rugby-union-feeds.incrowdsports.com/v1/matches/284209,284209,1002,202401,Top 14,2025-01-04,14,Montpellier,Bayonne,Montpellier,home,42,10,22,0,48.0,48.7,6,294,97,14,5,85,9,11,125,25,11,34,956,3,50.0,2,50.0,0,57,1,96.7,8,12,2,85.7,8,2,80.0,8,0,0
https://rugby-union-feeds.incrowdsports.com/v1/matches/284209,284209,1002,202401,Top 14,2025-01-04,14,Montpellier,Bayonne,Bayonne,away,42,10,22,0,52.0,51.3,1,462,119,25,10,132,13,17,94,14,7,18,588,1,100.0,1,100.0,0,67,3,93.5,3,10,1,83.3,4,1,80.0,19,1,1
https://rugby-union-feeds.incrowdsports.com/v1/matches/284212,284212,1002,202401,Top 14,2025-01-04,14,Stade Francais Paris,Bordeaux-Begles,Stade Francais Paris,home,19,46,12,13,42.5,44.5,1,481,117,23,9,133,6,19,174,33,8,19,560,1,100.0,3,100.0,1,65,4,91.8,4,11,3,78.6,3,1,75.0,10,0,2
https://rugby-union-feeds.incrowdsports.com/v1/matches/284212,284212,1002,202401,Top 14,2025-01-04,14,Stade Francais Paris,Bordeaux-Begles,Bordeaux-Begles,away,19,46,12,13,57.5,55.5,6,453,157,33,7,157,8,12,117,23,9,28,917,5,83.3,2,100.0,0,97,3,95.2,2,7,3,63.6,8,0,100.0,10,0,2
https://rugby-union-feeds.incrowdsports.com/v1/matches/284213,284213,1002,202401,Top 14,2025-01-04,14,La Rochelle,Toulouse,La Rochelle,home,22,19,12,9,53.3,58.6,3,429,136,20,5,164,13,18,114,12,8,29,1148,2,66.7,1,100.0,0,83,3,94.4,4,15,4,79.0,8,0,100.0,11,0,1
https://rugby-union-feeds.incrowdsports.com/v1/matches/284213,284213,1002,202401,Top 14,2025-01-04,14,La Rochelle,Toulouse,Toulouse,away,22,19,12,9,46.7,41.4,1,305,99,12,2,85,8,9,157,20,8,40,1332,1,100.0,3,100.0,1,62,1,93.0,7,14,0,100.0,5,0,100.0,14,0,0
https://rugby-union-feeds.incrowdsports.com/v1/matches/284211,284211,1002,202401,Top 14,2025-01-05,14,Vannes,Clermont Auvergne,Vannes,home,19,20,10,13,52.7,55.9,1,243,97,12,6,98,6,10,109,17,5,26,865,1,100.0,4,100.0,0,62,1,95.5,7,17,2,85.0,5,0,100.0,9,0,0
https://rugby-union-feeds.incrowdsports.com/v1/matches/284211,284211,1002,202401,Top 14,2025-01-05,14,Vannes,Clermont Auvergne,Clermont Auvergne,away,19,20,10,13,47.3,44.1,2,277,88,17,5,69,9,9,114,12,4,27,755,2,100.0,2,100.0,0,53,0,90.0,7,12,0,100.0,6,1,85.7,15,0,1
https://rugby-union-feeds.incrowdsports.com/v1/matches/284218,284218,1002,202401,Top 14,2025-01-25,15,Toulouse,Montpellier,Toulouse,home,27,17,0,3,57.6,45.6,3,592,143,28,13,135,13,18,82,8,6,37,1090,3,100.0,2,100.0,0,74,3,92.8,2,11,1,91.7,11,1,91.7,9,0,0
https://rugby-union-feeds.incrowdsports.com/v1/matches/284218,284218,1002,202401,Top 14,2025-01-25,15,Toulouse,Montpellier,Montpellier,away,27,17,0,3,42.4,54.4,2,346,87,8,3,64,12,26,143,28,13,28,1047,2,100.0,1,50.0,0,47,2,92.3,7,13,0,92.9,5,0,100.0,9,0,0
https://rugby-union-feeds.incrowdsports.com/v1/matches/284214,284214,1002,202401,Top 14,2025-01-25,15,Racing 92,Castres Olympique,Racing 92,home,20,27,6,22,61.8,61.7,2,577,157,42,10,187,12,16,85,20,9,23,723,2,100.0,2,100.0,0,105,2,94.7,3,14,3,77.8,7,1,87.5,9,0,0
https://rugby-union-feeds.incrowdsports.com/v1/matches/284214,284214,1002,202401,Top 14,2025-01-25,15,Racing 92,Castres Olympique,Castres Olympique,away,20,27,6,22,38.2,38.3,4,466,95,20,12,103,14,16,179,42,10,32,1002,2,50.0,1,50.0,0,46,1,93.9,2,9,1,90.0,7,0,100.0,12,0,2
https://rugby-union-feeds.incrowdsports.com/v1/matches/284216,284216,1002,202401,Top 14,2025-01-25,15,Vannes,Stade Francais Paris,Vannes,home,33,28,23,13,58.4,69.9,3,278,114,9,1,72,5,9,93,11,3,29,971,3,100.0,3,75.0,1,77,0,96.4,12,17,0,100.0,5,1,83.3,12,1,0
https://rugby-union-feeds.incrowdsports.com/v1/matches/284216,284216,1002,202401,Top 14,2025-01-25,15,Vannes,Stade Francais Paris,Stade Francais Paris,away,33,28,23,13,41.6,30.1,3,171,63,11,1,42,0,7,150,9,5,31,941,2,66.7,3,100.0,0,49,1,96.2,10,12,0,92.3,4,2,66.7,15,1,2
https://rugby-union-feeds.incrowdsports.com/v1/matches/284217,284217,1002,202401,Top 14,2025-01-25,15,Pau,Clermont Auvergne,Pau,home,20,14,3,0,42.3,34.4,2,212,97,8,3,71,6,12,191,23,9,46,1474,1,100.0,2,100.0,0,60,0,98.5,4,12,2,80.0,4,1,80.0,11,0,1
https://rugby-union-feeds.incrowdsports.com/v1/matches/284217,284217,1002,202401,Top 14,2025-01-25,15,Pau,Clermont Auvergne,Clermont Auvergne,away,20,14,3,0,57.7,65.7,2,555,184,23,4,183,11,15,107,8,3,45,1222,2,100.0,0,0.0,0,106,1,99.1,7,15,3,79.0,4,3,57.1,9,0,1
https://rugby-union-feeds.incrowdsports.com/v1/matches/284220,284220,1002,202401,Top 14,2025-01-25,15,Perpignan,Bayonne,Perpignan,home,16,11,6,6,45.5,40.5,1,254,74,15,2,81,9,19,120,22,6,18,568,1,100.0,3,42.9,0,47,1,96.1,1,8,0,66.7,6,1,85.7,10,0,2
https://rugby-union-feeds.incrowdsports.com/v1/matches/284220,284220,1002,202401,Top 14,2025-01-25,15,Perpignan,Bayonne,Bayonne,away,16,11,6,6,54.4,59.5,1,272,93,22,3,108,11,13,86,15,8,27,730,0,0.0,2,50.0,0,55,1,93.7,6,10,1,76.9,10,2,83.3,11,0,0
https://rugby-union-feeds.incrowdsports.com/v1/matches/284219,284219,1002,202401,Top 14,2025-01-25,15,Bordeaux-Begles,Lyon O.U.,Bordeaux-Begles,home,20,22,17,13,61.8,61.5,2,407,138,21,3,144,8,13,77,17,5,19,516,2,100.0,2,66.7,0,91,0,95.9,9,15,2,75.0,5,0,100.0,10,0,0
https://rugby-union-feeds.incrowdsports.com/v1/matches/284219,284219,1002,202401,Top 14,2025-01-25,15,Bordeaux-Begles,Lyon O.U.,Lyon O.U.,away,20,22,17,13,38.2,38.5,1,314,69,17,6,85,3,12,173,21,9,27,813,1,100.0,5,83.3,0,36,1,95.5,4,12,1,80.0,6,0,100.0,9,0,1
https://rugby-union-feeds.incrowdsports.com/v1/matches/284215,284215,1002,202401,Top 14,2025-01-26,15,Toulon,La Rochelle,Toulon,home,45,26,10,20,59.2,67.1,6,365,147,26,10,150,18,11,118,28,8,23,539,6,100.0,1,100.0,0,96,2,97.1,5,11,4,73.3,9,0,100.0,8,0,0
https://rugby-union-feeds.incrowdsports.com/v1/matches/284215,284215,1002,202401,Top 14,2025-01-26,15,Toulon,La Rochelle,La Rochelle,away,45,26,10,20,40.8,32.9,2,357,93,28,7,119,8,14,176,26,5,21,626,2,100.0,4,80.0,0,58,3,89.9,2,5,1,71.4,2,0,100.0,14,0,1
https://rugby-union-feeds.incrowdsports.com/v1/matches/284222,284222,1002,202401,Top 14,2025-02-15,16,Bayonne,Bordeaux-Begles,Bayonne,home,36,32,16,8,42.6,45.5,3,460,83,12,4,95,7,11,145,31,6,23,668,3,100.0,5,83.3,0,47,2,92.6,5,10,0,90.9,6,0,100.0,13,0,1
https://rugby-union-feeds.incrowdsports.com/v1/matches/284222,284222,1002,202401,Top 14,2025-02-15,16,Bayonne,Bordeaux-Begles,Bordeaux-Begles,away,36,32,16,8,57.4,54.5,3,490,120,31,12,116,9,13,85,12,6,21,630,1,33.3,5,100.0,0,77,2,95.3,4,10,0,76.9,7,1,87.5,13,0,0
https://rugby-union-feeds.incrowdsports.com/v1/matches/284223,284223,1002,202401,Top 14,2025-02-15,16,Lyon O.U.,La Rochelle,Lyon O.U.,home,53,17,22,3,47.6,47.6,8,383,103,11,3,101,6,10,131,14,13,24,717,5,62.5,1,100.0,0,67,0,95.8,5,10,2,71.4,4,1,80.0,17,0,1
https://rugby-union-feeds.incrowdsports.com/v1/matches/284223,284223,1002,202401,Top 14,2025-02-15,16,Lyon O.U.,La Rochelle,La Rochelle,away,53,17,22,3,52.4,52.4,2,392,138,14,5,155,15,17,114,11,3,11,355,2,100.0,1,33.3,0,75,3,86.7,3,16,2,88.9,8,0,100.0,13,0,0
https://rugby-union-feeds.incrowdsports.com/v1/matches/284225,284225,1002,202401,Top 14,2025-02-15,16,Racing 92,Vannes,Racing 92,home,25,30,14,13,52.0,45.7,3,425,109,20,9,101,14,11,110,18,5,32,940,2,66.7,2,100.0,0,73,2,93.7,3,7,0,87.5,5,2,71.4,12,1,1
https://rugby-union-feeds.incrowdsports.com/v1/matches/284225,284225,1002,202401,Top 14,2025-02-15,16,Racing 92,Vannes,Vannes,away,25,30,14,13,48.0,54.3,3,384,103,18,4,90,10,13,119,20,3,30,1000,3,100.0,3,75.0,0,62,3,92.9,5,16,2,80.0,5,2,71.4,7,0,0
https://rugby-union-feeds.incrowdsports.com/v1/matches/284226,284226,1002,202401,Top 14,2025-02-15,16,Stade Francais Paris,Pau,Stade Francais Paris,home,39,37,10,20,49.2,51.9,5,299,85,15,6,70,7,11,108,18,8,24,716,4,80.0,2,100.0,0,57,1,93.4,7,9,2,75.0,6,2,75.0,15,0,0
https://rugby-union-feeds.incrowdsports.com/v1/matches/284226,284226,1002,202401,Top 14,2025-02-15,16,Stade Francais Paris,Pau,Pau,away,39,37,10,20,50.8,48.1,4,199,84,18,3,55,1,11,99,15,7,23,780,4,100.0,3,75.0,0,53,0,90.2,5,12,1,85.7,3,2,60.0,14,0,1
https://rugby-union-feeds.incrowdsports.com/v1/matches/284227,284227,1002,202401,Top 14,2025-02-15,16,Perpignan,Castres Olympique,Perpignan,home,20,20,14,8,53.4,44.3,1,461,151,26,10,154,15,16,139,19,7,21,509,0,0.0,5,100.0,0,91,2,94.9,2,7,3,58.3,7,1,87.5,10,0,0
https://rugby-union-feeds.incrowdsports.com/v1/matches/284227,284227,1002,202401,Top 14,2025-02-15,16,Perpignan,Castres Olympique,Castres Olympique,away,20,20,14,8,46.6,55.7,2,361,116,19,6,108,8,14,156,26,9,19,462,2,100.0,2,50.0,0,73,1,95.1,0,6,2,66.7,4,4,50.0,13,0,1
https://rugby-union-feeds.incrowdsports.com/v1/matches/284224,284224,1002,202401,Top 14,2025-02-15,16,Montpellier,Toulon,Montpellier,home,30,38,10,17,47.1,45.0,3,349,95,19,5,80,12,16,108,27,6,25,812,3,100.0,3,100.0,0,56,2,92.3,6,12,1,85.7,1,1,50.0,13,0,1
https://rugby-union-feeds.incrowdsports.com/v1/matches/284224,284224,1002,202401,Top 14,2025-02-15,16,Montpellier,Toulon,Toulon,away,30,38,10,17,52.9,55.0,4,352,101,27,7,103,8,10,105,19,6,34,910,3,75.0,3,75.0,1,66,2,90.7,8,15,1,83.3,4,0,100.0,12,0,0
https://rugby-union-feeds.incrowdsports.com/v1/matches/284221,284221,1002,202401,Top 14,2025-02-16,16,Clermont Auvergne,Toulouse,Clermont Auvergne,home,18,35,8,17,50.0,50.6,2,345,132,31,3,132,8,14,148,34,4,17,435,1,50.0,2,100.0,0,84,2,94.5,6,12,0,100.0,9,1,90.0,13,0,2
https://rugby-union-feeds.incrowdsports.com/v1/matches/284221,284221,1002,202401,Top 14,2025-02-16,16,Clermont Auvergne,Toulouse,Toulouse,away,18,35,8,17,50.0,49.4,4,480,150,34,14,161,16,13,140,31,11,18,531,3,75.0,3,100.0,0,85,2,95.6,9,14,0,93.3,5,0,100.0,10,0,1
https://rugby-union-feeds.incrowdsports.com/v1/matches/284228,284228,1002,202401,Top 14,2025-02-22,17,Castres Olympique,Lyon O.U.,Castres Olympique,home,30,25,11,19,46.5,43.7,2,416,86,7,4,76,3,13,114,20,7,24,663,1,50.0,6,100.0,0,50,2,93.1,4,8,2,80.0,5,2,71.4,13,0,0
https://rugby-union-feeds.incrowdsports.com/v1/matches/284228,284228,1002,202401,Top 14,2025-02-22,17,Castres Olympique,Lyon O.U.,Lyon O.U.,away,30,25,11,19,53.5,56.3,1,388,111,20,3,93,7,14,90,7,6,25,896,1,100.0,6,85.7,0,65,4,93.2,5,10,2,76.9,5,1,83.3,15,0,1
https://rugby-union-feeds.incrowdsports.com/v1/matches/284229,284229,1002,202401,Top 14,2025-02-22,17,Toulon,Stade Francais Paris,Toulon,home,24,6,14,6,54.4,55.6,3,279,105,15,2,116,8,15,87,13,8,28,1005,2,100.0,1,100.0,0,67,2,95.9,8,15,3,79.0,6,1,85.7,10,0,0
https://rugby-union-feeds.incrowdsports.com/v1/matches/284229,284229,1002,202401,Top 14,2025-02-22,17,Toulon,Stade Francais Paris,Stade Francais Paris,away,24,6,14,6,45.6,44.4,0,282,80,13,2,89,3,17,109,15,5,32,900,0,,2,100.0,0,51,0,92.9,7,20,0,83.3,4,0,100.0,14,0,1
https://rugby-union-feeds.incrowdsports.com/v1/matches/284230,284230,1002,202401,Top 14,2025-02-22,17,Vannes,Montpellier,Vannes,home,37,24,27,3,52.8,51.1,4,308,113,17,4,84,9,9,134,10,5,28,762,4,100.0,3,100.0,0,74,0,98.7,7,15,0,88.2,3,2,60.0,14,0,3
https://rugby-union-feeds.incrowdsports.com/v1/matches/284230,284230,1002,202401,Top 14,2025-02-22,17,Vannes,Montpellier,Montpellier,away,37,24,27,3,47.2,48.9,3,401,114,10,5,96,5,13,133,17,2,26,664,2,100.0,1,100.0,0,63,1,94.3,6,8,1,72.7,5,0,100.0,17,0,3
https://rugby-union-feeds.incrowdsports.com/v1/matches/284231,284231,1002,202401,Top 14,2025-02-22,17,Pau,Perpignan,Pau,home,23,6,10,6,59.4,64.8,2,318,130,18,5,119,12,21,90,3,8,32,897,2,100.0,3,75.0,0,85,1,92.5,8,19,0,100.0,3,0,100.0,11,0,0
https://rugby-union-feeds.incrowdsports.com/v1/matches/284231,284231,1002,202401,Top 14,2025-02-22,17,Pau,Perpignan,Perpignan,away,23,6,10,6,40.6,35.2,0,198,79,3,1,63,6,11,162,18,6,28,739,0,,2,100.0,0,52,0,96.5,2,11,3,68.8,6,2,75.0,14,0,1
https://rugby-union-feeds.incrowdsports.com/v1/matches/284232,284232,1002,202401,Top 14,2025-02-22,17,La Rochelle,Racing 92,La Rochelle,home,21,26,0,10,59.4,57.1,3,574,173,35,6,210,27,23,99,13,3,25,820,3,100.0,0,,0,111,3,94.3,5,12,1,92.3,1,0,100.0,11,0,1
https://rugby-union-feeds.incrowdsports.com/v1/matches/284232,284232,1002,202401,Top 14,2025-02-22,17,La Rochelle,Racing 92,Racing 92,away,21,26,0,10,40.6,42.9,2,329,98,13,4,94,9,6,205,35,9,41,1156,2,100.0,4,66.7,0,59,1,96.9,0,12,1,92.3,9,2,81.8,8,0,0
https://rugby-union-feeds.incrowdsports.com/v1/matches/284233,284233,1002,202401,Top 14,2025-02-22,17,Toulouse,Bayonne,Toulouse,home,41,6,17,6,57.1,56.8,7,610,143,27,14,137,21,9,99,27,11,25,719,3,42.9,0,,0,74,1,97.5,5,10,2,71.4,6,2,75.0,10,0,2
https://rugby-union-feeds.incrowdsports.com/v1/matches/284233,284233,1002,202401,Top 14,2025-02-22,17,Toulouse,Bayonne,Bayonne,away,41,6,17,6,42.9,43.2,0,297,89,27,4,98,3,20,131,27,3,14,457,0,,2,66.7,0,55,4,88.1,3,10,2,83.3,4,2,66.7,17,0,4
https://rugby-union-feeds.incrowdsports.com/v1/matches/284234,284234,1002,202401,Top 14,2025-02-23,17,Bordeaux-Begles,Clermont Auvergne,Bordeaux-Begles,home,22,18,12,5,46.4,44.4,3,312,118,18,3,104,7,13,118,16,7,17,488,2,66.7,1,100.0,0,64,1,94.4,5,13,0,92.9,8,1,88.9,9,0,1
https://rugby-union-feeds.incrowdsports.com/v1/matches/284234,284234,1002,202401,Top 14,2025-02-23,17,Bordeaux-Begles,Clermont Auvergne,Clermont Auvergne,away,22,18,12,5,53.6,55.6,2,360,116,16,1,124,11,13,115,18,7,22,575,1,50.0,2,66.7,0,81,2,97.7,5,17,2,89.5,4,2,66.7,12,0,2
https://rugby-union-feeds.incrowdsports.com/v1/matches/284239,284239,1002,202401,Top 14,2025-03-01,18,Stade Francais Paris,La Rochelle,Stade Francais Paris,home,22,17,19,3,49.2,39.3,1,366,96,26,3,119,8,13,131,20,9,36,1186,1,100.0,5,100.0,0,63,1,95.7,6,13,0,92.9,3,0,100.0,16,1,2
https://rugby-union-feeds.incrowdsports.com/v1/matches/284239,284239,1002,202401,Top 14,2025-03-01,18,Stade Francais Paris,La Rochelle,La Rochelle,away,22,17,19,3,50.8,60.7,2,551,128,20,8,130,15,13,92,26,7,28,911,1,100.0,1,50.0,0,63,5,90.0,5,12,4,63.2,3,0,100.0,15,1,1
https://rugby-union-feeds.incrowdsports.com/v1/matches/284236,284236,1002,202401,Top 14,2025-03-01,18,Lyon O.U.,Toulon,Lyon O.U.,home,27,20,27,6,39.6,43.3,4,475,130,24,4,105,11,14,195,32,6,27,742,2,50.0,1,100.0,0,64,1,95.7,3,7,2,58.3,7,0,100.0,11,0,1
https://rugby-union-feeds.incrowdsports.com/v1/matches/284236,284236,1002,202401,Top 14,2025-03-01,18,Lyon O.U.,Toulon,Toulon,away,27,20,27,6,60.4,56.7,2,572,197,32,6,204,16,14,109,24,4,26,777,2,100.0,2,100.0,0,114,1,96.7,3,8,3,57.1,7,0,100.0,8,0,1
https://rugby-union-feeds.incrowdsports.com/v1/matches/284237,284237,1002,202401,Top 14,2025-03-01,18,Montpellier,Castres Olympique,Montpellier,home,21,17,11,0,48.2,48.3,2,392,111,17,3,102,12,11,151,20,6,25,709,1,50.0,3,75.0,0,75,2,96.3,2,10,1,90.9,2,2,50.0,11,0,0
https://rugby-union-feeds.incrowdsports.com/v1/matches/284237,284237,1002,202401,Top 14,2025-03-01,18,Montpellier,Castres Olympique,Castres Olympique,away,21,17,11,0,51.8,51.7,2,262,122,20,1,127,8,12,130,17,5,26,771,2,100.0,1,100.0,0,85,3,95.7,6,13,3,72.2,4,2,66.7,11,0,1
https://rugby-union-feeds.incrowdsports.com/v1/matches/284238,284238,1002,202401,Top 14,2025-03-01,18,Racing 92,Pau,Racing 92,home,29,47,10,13,36.3,33.3,4,423,99,20,6,89,7,19,223,24,3,32,966,3,75.0,1,50.0,0,58,1,96.7,5,9,1,90.0,0,0,0.0,10,0,0
https://rugby-union-feeds.incrowdsports.com/v1/matches/284238,284238,1002,202401,Top 14,2025-03-01,18,Racing 92,Pau,Pau,away,29,47,10,13,63.7,66.7,4,549,180,24,12,175,6,4,112,20,6,42,1398,3,75.0,6,100.0,1,126,0,98.5,3,10,1,90.9,11,1,91.7,6,0,0
https://rugby-union-feeds.incrowdsports.com/v1/matches/284240,284240,1002,202401,Top 14,2025-03-01,18,Toulouse,Vannes,Toulouse,home,63,21,35,7,55.6,53.8,9,734,183,30,20,175,21,13,131,21,9,25,742,9,100.0,0,,0,93,3,96.0,5,14,1,87.5,4,0,100.0,7,0,0
https://rugby-union-feeds.incrowdsports.com/v1/matches/284240,284240,1002,202401,Top 14,2025-03-01,18,Toulouse,Vannes,Vannes,away,63,21,35,7,44.4,46.2,3,317,116,21,3,103,13,11,158,30,7,20,623,3,100.0,0,,0,72,2,93.8,3,10,1,83.3,6,0,100.0,10,0,0
https://rugby-union-feeds.incrowdsports.com/v1/matches/284241,284241,1002,202401,Top 14,2025-03-01,18,Perpignan,Bordeaux-Begles,Perpignan,home,17,29,0,19,69.7,64.1,3,769,201,26,8,220,14,24,66,17,5,15,365,1,33.3,0,,0,134,6,95.2,4,20,1,95.2,4,1,80.0,7,0,0
https://rugby-union-feeds.incrowdsports.com/v1/matches/284241,284241,1002,202401,Top 14,2025-03-01,18,Perpignan,Bordeaux-Begles,Bordeaux-Begles,away,17,29,0,19,30.3,35.9,4,269,67,17,5,79,6,10,268,26,16,33,1068,3,75.0,1,100.0,0,33,2,84.6,8,14,0,100.0,7,2,77.8,14,0,1
https://rugby-union-feeds.incrowdsports.com/v1/matches/284235,284235,1002,202401,Top 14,2025-03-02,18,Bayonne,Clermont Auvergne,Bayonne,home,31,18,18,6,46.3,49.0,3,456,98,31,8,103,10,5,131,16,6,25,989,2,66.7,3,75.0,1,59,1,96.9,6,11,4,73.3,2,0,100.0,12,1,0
https://rugby-union-feeds.incrowdsports.com/v1/matches/284235,284235,1002,202401,Top 14,2025-03-02,18,Bayonne,Clermont Auvergne,Clermont Auvergne,away,31,18,18,6,53.7,51.0,1,341,106,16,5,107,5,11,103,31,2,24,738,1,100.0,2,100.0,0,72,2,93.9,8,16,1,88.9,2,0,100.0,10,0,2
https://rugby-union-feeds.incrowdsports.com/v1/matches/284247,284247,1002,202401,Top 14,2025-03-22,19,La Rochelle,Castres Olympique,La Rochelle,home,12,12,12,6,48.8,56.0,2,240,96,15,8,89,9,10,105,13,9,33,1160,1,50.0,0,,0,47,0,94.5,11,20,1,95.2,7,2,77.8,14,0,0
https://rugby-union-feeds.incrowdsports.com/v1/matches/284247,284247,1002,202401,Top 14,2025-03-22,19,La Rochelle,Castres Olympique,Castres Olympique,away,12,12,12,6,51.2,44.0,0,392,104,13,4,88,8,17,86,15,2,32,1073,0,,4,100.0,0,55,1,91.9,8,15,1,83.3,3,0,100.0,13,0,0
https://rugby-union-feeds.incrowdsports.com/v1/matches/284242,284242,1002,202401,Top 14,2025-03-22,19,Clermont Auvergne,Racing 92,Clermont Auvergne,home,21,23,15,13,58.7,62.4,2,348,127,15,5,112,9,13,100,18,4,26,747,1,50.0,3,100.0,0,92,1,96.8,8,15,0,100.0,7,0,100.0,11,0,1
https://rugby-union-feeds.incrowdsports.com/v1/matches/284242,284242,1002,202401,Top 14,2025-03-22,19,Clermont Auvergne,Racing 92,Racing 92,away,21,23,15,13,41.4,37.6,2,251,80,18,7,74,3,10,163,15,5,29,784,2,100.0,3,100.0,0,57,1,95.2,4,8,1,72.7,7,1,87.5,13,0,1
https://rugby-union-feeds.incrowdsports.com/v1/matches/284243,284243,1002,202401,Top 14,2025-03-22,19,Lyon O.U.,Vannes,Lyon O.U.,home,36,21,19,14,59.5,57.2,5,685,157,30,13,167,13,15,95,17,6,26,730,4,80.0,1,100.0,0,94,0,99.0,4,8,2,72.7,5,1,83.3,9,0,0
https://rugby-union-feeds.incrowdsports.com/v1/matches/284243,284243,1002,202401,Top 14,2025-03-22,19,Lyon O.U.,Vannes,Vannes,away,36,21,19,14,40.5,42.8,3,311,85,17,6,92,6,14,157,30,7,30,944,3,100.0,0,0.0,0,52,1,98.2,2,7,1,77.8,10,0,100.0,8,0,1
https://rugby-union-feeds.incrowdsports.com/v1/matches/284245,284245,1002,202401,Top 14,2025-03-22,19,Pau,Montpellier,Pau,home,40,38,24,18,54.7,49.3,4,582,131,25,15,110,6,9,106,22,7,29,794,3,100.0,3,100.0,1,79,0,93.2,4,5,1,83.3,6,4,60.0,16,0,1
https://rugby-union-feeds.incrowdsports.com/v1/matches/284245,284245,1002,202401,Top 14,2025-03-22,19,Pau,Montpellier,Montpellier,away,40,38,24,18,45.3,50.7,5,397,105,22,9,100,11,12,153,25,10,34,903,2,40.0,3,60.0,0,63,3,91.7,7,17,2,85.0,0,1,0.0,9,0,2
https://rugby-union-feeds.incrowdsports.com/v1/matches/284246,284246,1002,202401,Top 14,2025-03-22,19,Stade Francais Paris,Bayonne,Stade Francais Paris,home,31,27,18,17,44.2,44.6,3,233,94,13,3,80,6,6,146,26,5,25,783,2,66.7,4,80.0,0,57,1,96.8,16,20,4,76.9,4,2,66.7,15,0,4
https://rugby-union-feeds.incrowdsports.com/v1/matches/284246,284246,1002,202401,Top 14,2025-03-22,19,Stade Francais Paris,Bayonne,Bayonne,away,31,27,18,17,55.8,55.4,4,469,135,26,7,145,8,9,107,13,4,22,634,1,33.3,1,50.0,0,83,1,95.6,9,16,0,100.0,0,1,0.0,19,0,3
https://rugby-union-feeds.incrowdsports.com/v1/matches/284244,284244,1002,202401,Top 14,2025-03-22,19,Toulon,Perpignan,Toulon,home,40,19,16,9,44.2,47.8,4,204,82,12,1,81,7,9,126,16,2,36,1331,4,100.0,4,80.0,0,46,0,97.9,8,14,1,93.3,9,0,100.0,12,0,1
https://rugby-union-feeds.incrowdsports.com/v1/matches/284244,284244,1002,202401,Top 14,2025-03-22,19,Toulon,Perpignan,Perpignan,away,40,19,16,9,55.8,52.2,1,323,107,16,0,98,2,11,85,12,4,30,860,1,100.0,4,100.0,0,74,0,100.0,2,6,0,66.7,4,1,80.0,8,0,1
https://rugby-union-feeds.incrowdsports.com/v1/matches/284248,284248,1002,202401,Top 14,2025-03-23,19,Bordeaux-Begles,Toulouse,Bordeaux-Begles,home,32,24,29,0,41.3,45.0,4,488,121,25,12,144,16,16,173,15,6,31,1180,3,75.0,2,66.7,0,53,1,93.2,2,11,1,84.6,6,3,66.7,12,0,0
https://rugby-union-feeds.incrowdsports.com/v1/matches/284248,284248,1002,202401,Top 14,2025-03-23,19,Bordeaux-Begles,Toulouse,Toulouse,away,32,24,29,0,58.7,55.0,3,449,144,15,3,142,12,17,100,25,6,35,1044,3,100.0,1,100.0,0,92,1,93.3,4,15,2,75.0,4,0,100.0,11,0,1
https://rugby-union-feeds.incrowdsports.com/v1/matches/284255,284255,1002,202401,Top 14,2025-03-29,20,Toulouse,Pau,Toulouse,home,55,10,20,3,53.8,54.2,8,684,155,33,15,184,15,19,131,19,10,13,467,6,75.0,1,100.0,0,80,1,95.5,6,10,1,76.9,7,0,100.0,12,0,1
https://rugby-union-feeds.incrowdsports.com/v1/matches/284255,284255,1002,202401,Top 14,2025-03-29,20,Toulouse,Pau,Pau,away,55,10,20,3,46.2,45.8,1,364,102,19,5,88,5,17,143,33,6,15,278,0,,1,100.0,0,69,5,90.0,5,10,3,71.4,8,1,88.9,15,0,0
https://rugby-union-feeds.incrowdsports.com/v1/matches/284249,284249,1002,202401,Top 14,2025-03-29,20,Clermont Auvergne,La Rochelle,Clermont Auvergne,home,33,19,23,14,50.5,44.6,4,272,79,15,3,71,4,8,112,18,7,32,829,2,50.0,3,100.0,0,53,2,94.9,6,12,1,92.3,5,0,100.0,11,0,0
https://rugby-union-feeds.incrowdsports.com/v1/matches/284249,284249,1002,202401,Top 14,2025-03-29,20,Clermont Auvergne,La Rochelle,La Rochelle,away,33,19,23,14,49.5,55.4,3,249,105,18,2,129,8,12,93,15,5,17,524,2,66.7,0,0.0,0,58,4,92.7,6,12,5,63.2,5,0,100.0,10,0,1
https://rugby-union-feeds.incrowdsports.com/v1/matches/284252,284252,1002,202401,Top 14,2025-03-29,20,Montpellier,Stade Francais Paris,Montpellier,home,38,32,3,22,59.7,59.2,5,384,129,24,6,111,14,15,81,10,8,33,1042,5,100.0,1,100.0,0,90,1,98.9,6,13,1,76.5,4,0,100.0,8,0,2
https://rugby-union-feeds.incrowdsports.com/v1/matches/284252,284252,1002,202401,Top 14,2025-03-29,20,Montpellier,Stade Francais Paris,Stade Francais Paris,away,38,32,3,22,40.3,40.8,4,400,82,10,11,70,9,11,151,24,4,33,933,3,75.0,2,66.7,0,42,1,95.7,7,13,2,81.2,6,0,100.0,11,0,0
https://rugby-union-feeds.incrowdsports.com/v1/matches/284254,284254,1002,202401,Top 14,2025-03-29,20,Vannes,Perpignan,Vannes,home,20,20,10,10,38.8,43.9,2,377,112,29,8,115,22,12,195,24,5,27,787,2,100.0,2,100.0,0,59,5,88.4,3,13,1,86.7,4,1,80.0,13,0,1
https://rugby-union-feeds.incrowdsports.com/v1/matches/284254,284254,1002,202401,Top 14,2025-03-29,20,Vannes,Perpignan,Perpignan,away,20,20,10,10,61.2,56.1,2,478,155,24,8,174,9,11,107,29,9,30,779,2,100.0,2,66.7,0,109,2,95.0,6,12,1,85.7,5,0,100.0,9,0,0
https://rugby-union-feeds.incrowdsports.com/v1/matches/284250,284250,1002,202401,Top 14,2025-03-29,20,Bayonne,Lyon O.U.,Bayonne,home,28,14,18,6,51.8,55.0,4,372,126,17,6,147,6,13,169,28,11,32,919,1,25.0,2,66.7,0,92,0,96.9,3,10,4,71.4,5,1,83.3,9,0,0
https://rugby-union-feeds.incrowdsports.com/v1/matches/284250,284250,1002,202401,Top 14,2025-03-29,20,Bayonne,Lyon O.U.,Lyon O.U.,away,28,14,18,6,48.2,45.0,1,620,146,28,6,130,15,20,145,17,8,18,434,0,0.0,3,100.0,0,91,2,96.9,2,10,7,55.6,2,2,50.0,10,0,0
https://rugby-union-feeds.incrowdsports.com/v1/matches/284251,284251,1002,202401,Top 14,2025-03-29,20,Castres Olympique,Toulon,Castres Olympique,home,28,26,22,14,58.1,56.2,3,313,135,13,5,133,9,11,96,30,3,29,687,2,66.7,3,75.0,0,97,2,91.6,5,12,0,100.0,7,0,100.0,13,0,1
https://rugby-union-feeds.incrowdsports.com/v1/matches/284251,284251,1002,202401,Top 14,2025-03-29,20,Castres Olympique,Toulon,Toulon,away,28,26,22,14,41.9,43.8,4,386,101,30,13,116,9,15,182,13,9,23,651,3,75.0,0,0.0,0,56,0,98.4,4,8,0,88.9,8,0,100.0,11,0,0
https://rugby-union-feeds.incrowdsports.com/v1/matches/284253,284253,1002,202401,Top 14,2025-03-30,20,Racing 92,Bordeaux-Begles,Racing 92,home,36,31,18,12,49.4,47.0,4,462,137,34,4,102,10,12,200,39,12,35,1217,2,50.0,4,100.0,0,101,2,93.7,4,10,0,100.0,3,1,75.0,11,0,1
https://rugby-union-feeds.incrowdsports.com/v1/matches/284253,284253,1002,202401,Top 14,2025-03-30,20,Racing 92,Bordeaux-Begles,Bordeaux-Begles,away,36,31,18,12,50.6,53.0,5,691,180,39,10,203,20,13,174,34,10,23,769,3,60.0,0,,0,105,2,94.8,4,10,5,55.6,2,1,66.7,10,0,0
https://rugby-union-feeds.incrowdsports.com/v1/matches/284259,284259,1002,202401,Top 14,2025-04-19,21,Pau,Bordeaux-Begles,Pau,home,22,26,9,6,55.2,64.3,1,408,133,15,1,92,3,13,109,10,4,37,1257,1,100.0,5,100.0,0,81,2,94.4,9,15,1,93.8,4,2,66.7,11,0,1
https://rugby-union-feeds.incrowdsports.com/v1/matches/284259,284259,1002,202401,Top 14,2025-04-19,21,Pau,Bordeaux-Begles,Bordeaux-Begles,away,22,26,9,6,44.8,35.6,2,423,115,10,7,92,7,12,148,15,7,37,1194,2,100.0,4,80.0,0,60,1,95.4,6,9,2,81.8,3,0,100.0,9,0,0
https://rugby-union-feeds.incrowdsports.com/v1/matches/284257,284257,1002,202401,Top 14,2025-04-19,21,Lyon O.U.,Montpellier,Lyon O.U.,home,32,23,21,15,49.3,46.6,4,443,132,28,7,131,10,7,182,19,9,22,748,3,75.0,2,66.7,0,91,2,95.0,3,8,2,80.0,8,1,88.9,10,0,0
https://rugby-union-feeds.incrowdsports.com/v1/matches/284257,284257,1002,202401,Top 14,2025-04-19,21,Lyon O.U.,Montpellier,Montpellier,away,32,23,21,15,50.7,53.4,3,535,147,19,7,146,10,17,161,28,7,20,712,1,33.3,2,50.0,0,95,2,97.0,3,14,1,93.3,1,0,100.0,8,0,0
https://rugby-union-feeds.incrowdsports.com/v1/matches/284261,284261,1002,202401,Top 14,2025-04-19,21,La Rochelle,Bayonne,La Rochelle,home,29,28,16,8,58.8,57.9,2,344,120,13,1,106,13,11,113,12,4,33,900,2,100.0,5,100.0,0,92,0,99.0,5,8,2,61.5,4,0,100.0,8,0,1
https://rugby-union-feeds.incrowdsports.com/v1/matches/284261,284261,1002,202401,Top 14,2025-04-19,21,La Rochelle,Bayonne,Bayonne,away,29,28,16,8,41.2,42.1,3,201,78,12,2,77,5,4,166,13,4,29,1091,2,66.7,3,60.0,0,55,1,93.7,4,13,3,81.2,2,1,66.7,16,0,2
https://rugby-union-feeds.incrowdsports.com/v1/matches/284256,284256,1002,202401,Top 14,2025-04-19,21,Castres Olympique,Vannes,Castres Olympique,home,32,13,7,6,50.2,50.8,4,417,88,28,7,62,5,17,81,10,7,44,1387,3,75.0,2,100.0,0,51,0,100.0,6,12,5,66.7,5,1,83.3,10,0,0
https://rugby-union-feeds.incrowdsports.com/v1/matches/284256,284256,1002,202401,Top 14,2025-04-19,21,Castres Olympique,Vannes,Vannes,away,32,13,7,6,49.8,49.2,1,263,73,10,2,46,4,17,78,28,4,47,1347,1,100.0,2,66.7,0,48,0,98.0,10,12,3,75.0,7,2,77.8,8,0,2
https://rugby-union-feeds.incrowdsports.com/v1/matches/284262,284262,1002,202401,Top 14,2025-04-19,21,Perpignan,Racing 92,Perpignan,home,28,24,9,7,46.4,44.1,1,392,100,11,7,109,13,9,149,25,8,30,871,1,100.0,7,100.0,0,61,1,97.0,3,7,5,46.7,8,0,100.0,11,0,1
https://rugby-union-feeds.incrowdsports.com/v1/matches/284262,284262,1002,202401,Top 14,2025-04-19,21,Perpignan,Racing 92,Racing 92,away,28,24,9,7,53.6,55.9,3,431,125,25,5,94,16,16,113,11,6,25,759,3,100.0,1,100.0,0,72,0,96.2,9,13,1,86.7,2,0,100.0,15,1,1
https://rugby-union-feeds.incrowdsports.com/v1/matches/284258,284258,1002,202401,Top 14,2025-04-19,21,Toulon,Clermont Auvergne,Toulon,home,31,24,31,17,49.8,54.5,4,406,135,27,8,137,16,14,141,19,12,23,593,4,100.0,1,33.3,0,76,1,95.0,4,15,1,83.3,5,2,71.4,8,0,0
https://rugby-union-feeds.incrowdsports.com/v1/matches/284258,284258,1002,202401,Top 14,2025-04-19,21,Toulon,Clermont Auvergne,Clermont Auvergne,away,31,24,31,17,50.2,45.5,4,373,107,19,5,107,8,14,136,27,7,16,366,2,50.0,0,,0,72,1,91.7,1,13,1,92.9,6,2,75.0,14,0,1
https://rugby-union-feeds.incrowdsports.com/v1/matches/284260,284260,1002,202401,Top 14,2025-04-20,21,Stade Francais Paris,Toulouse,Stade Francais Paris,home,21,27,14,17,52.9,59.5,3,302,105,15,5,106,5,19,95,22,5,27,573,3,100.0,0,,0,70,0,98.6,6,16,2,80.0,6,1,85.7,10,0,1
https://rugby-union-feeds.incrowdsports.com/v1/matches/284260,284260,1002,202401,Top 14,2025-04-20,21,Stade Francais Paris,Toulouse,Toulouse,away,21,27,14,17,47.1,40.5,3,241,96,22,6,83,7,14,132,15,7,32,779,3,100.0,2,66.7,0,59,1,93.8,5,11,2,73.3,7,0,100.0,9,0,1
https://rugby-union-feeds.incrowdsports.com/v1/matches/284268,284268,1002,202401,Top 14,2025-04-26,22,Toulouse,Castres Olympique,Toulouse,home,52,6,31,6,70.1,72.6,7,629,193,61,11,205,21,12,86,20,9,28,801,7,100.0,1,100.0,0,120,2,98.4,2,12,3,80.0,4,1,80.0,6,0,0
https://rugby-union-feeds.incrowdsports.com/v1/matches/284268,284268,1002,202401,Top 14,2025-04-26,22,Toulouse,Castres Olympique,Castres Olympique,away,52,6,31,6,29.9,27.4,0,237,71,20,2,70,7,12,207,61,6,18,547,0,,2,100.0,0,41,2,91.7,4,9,3,75.0,6,2,75.0,15,0,2
https://rugby-union-feeds.incrowdsports.com/v1/matches/284263,284263,1002,202401,Top 14,2025-04-26,22,Clermont Auvergne,Lyon O.U.,Clermont Auvergne,home,39,31,17,10,48.2,42.5,5,494,96,25,9,92,10,17,121,18,4,22,549,4,80.0,2,100.0,0,63,1,98.5,7,14,2,77.8,3,0,100.0,7,0,1
https://rugby-union-feeds.incrowdsports.com/v1/matches/284263,284263,1002,202401,Top 14,2025-04-26,22,Clermont Auvergne,Lyon O.U.,Lyon O.U.,away,39,31,17,10,51.8,57.5,4,300,101,18,3,101,11,6,112,25,5,20,653,4,100.0,1,50.0,0,78,1,95.3,4,7,2,70.0,4,4,50.0,15,0,3
https://rugby-union-feeds.incrowdsports.com/v1/matches/284264,284264,1002,202401,Top 14,2025-04-26,22,Bayonne,Pau,Bayonne,home,27,22,17,10,51.5,56.5,3,313,99,20,6,105,8,14,91,17,9,23,762,3,100.0,2,100.0,0,63,0,94.2,3,8,2,72.7,10,2,83.3,15,0,0
https://rugby-union-feeds.incrowdsports.com/v1/matches/284264,284264,1002,202401,Top 14,2025-04-26,22,Bayonne,Pau,Pau,away,27,22,17,10,48.5,43.5,1,385,86,17,4,66,5,18,118,20,4,22,694,1,100.0,5,83.3,0,51,1,89.8,5,9,3,75.0,6,1,85.7,9,0,0
https://rugby-union-feeds.incrowdsports.com/v1/matches/284267,284267,1002,202401,Top 14,2025-04-26,22,Vannes,Toulon,Vannes,home,29,19,15,6,57.4,57.5,4,369,146,9,1,120,4,10,121,24,5,28,739,3,75.0,1,100.0,0,107,2,96.5,6,12,1,92.3,5,0,100.0,17,0,2
https://rugby-union-feeds.incrowdsports.com/v1/matches/284267,284267,1002,202401,Top 14,2025-04-26,22,Vannes,Toulon,Toulon,away,29,19,15,6,42.6,42.5,1,287,120,24,3,105,10,12,194,9,6,19,637,1,100.0,4,80.0,0,71,1,97.4,7,13,1,92.9,10,0,100.0,11,0,3
https://rugby-union-feeds.incrowdsports.com/v1/matches/284265,284265,1002,202401,Top 14,2025-04-26,22,Montpellier,Perpignan,Montpellier,home,19,13,16,10,58.0,57.5,1,408,122,22,7,127,15,17,90,11,7,24,651,1,100.0,3,60.0,1,70,1,93.6,3,13,1,92.9,3,2,60.0,10,0,0
https://rugby-union-feeds.incrowdsports.com/v1/matches/284265,284265,1002,202401,Top 14,2025-04-26,22,Montpellier,Perpignan,Perpignan,away,19,13,16,10,42.0,42.5,1,170,81,11,1,86,3,12,130,22,7,19,723,1,100.0,2,50.0,0,48,2,92.6,2,7,3,50.0,4,3,57.1,10,0,0
https://rugby-union-feeds.incrowdsports.com/v1/matches/284269,284269,1002,202401,Top 14,2025-04-26,22,Bordeaux-Begles,La Rochelle,Bordeaux-Begles,home,10,21,3,8,48.6,53.7,1,349,101,15,6,100,13,20,124,21,4,26,675,1,100.0,1,100.0,0,54,1,90.5,3,14,2,82.3,7,1,87.5,13,0,2
https://rugby-union-feeds.incrowdsports.com/v1/matches/284269,284269,1002,202401,Top 14,2025-04-26,22,Bordeaux-Begles,La Rochelle,La Rochelle,away,10,21,3,8,51.4,46.3,3,257,96,21,3,90,7,12,108,15,8,35,928,0,0.0,2,100.0,0,67,2,93.2,9,15,1,88.2,7,2,77.8,15,0,2
https://rugby-union-feeds.incrowdsports.com/v1/matches/284266,284266,1002,202401,Top 14,2025-04-27,22,Racing 92,Stade Francais Paris,Racing 92,home,49,24,8,10,53.7,56.2,7,614,123,35,20,125,5,14,126,16,7,26,700,4,57.1,2,66.7,0,75,0,95.3,6,17,0,100.0,4,0,100.0,10,0,1
https://rugby-union-feeds.incrowdsports.com/v1/matches/284266,284266,1002,202401,Top 14,2025-04-27,22,Racing 92,Stade Francais Paris,Stade Francais Paris,away,49,24,8,10,46.3,43.8,3,333,116,16,4,92,18,15,145,35,5,21,580,3,100.0,1,100.0,0,73,2,96.1,3,11,0,100.0,8,0,100.0,11,0,0
https://rugby-union-feeds.incrowdsports.com/v1/matches/284271,284271,1002,202401,Top 14,2025-05-10,23,Lyon O.U.,Pau,Lyon O.U.,home,27,29,10,26,56.0,50.9,4,520,154,23,9,139,8,12,148,13,6,24,821,2,50.0,1,100.0,0,113,1,95.1,3,9,1,81.8,1,0,100.0,15,0,1
https://rugby-union-feeds.incrowdsports.com/v1/matches/284271,284271,1002,202401,Top 14,2025-05-10,23,Lyon O.U.,Pau,Pau,away,27,29,10,26,44.0,49.1,4,426,128,13,4,96,6,11,205,23,10,26,740,3,75.0,1,20.0,0,83,1,94.6,7,12,5,70.6,8,0,100.0,9,0,1
https://rugby-union-feeds.incrowdsports.com/v1/matches/284273,284273,1002,202401,Top 14,2025-05-10,23,Racing 92,Bayonne,Racing 92,home,24,24,8,7,61.4,63.9,2,470,123,27,8,115,12,12,75,12,3,23,763,1,50.0,4,100.0,0,85,1,97.8,7,17,0,89.5,7,0,100.0,6,0,1
https://rugby-union-feeds.incrowdsports.com/v1/matches/284273,284273,1002,202401,Top 14,2025-05-10,23,Racing 92,Bayonne,Bayonne,away,24,24,8,7,38.6,36.1,3,208,72,12,3,81,6,10,152,27,4,24,898,2,100.0,0,0.0,1,43,0,95.8,4,10,2,76.9,7,0,100.0,14,0,1
https://rugby-union-feeds.incrowdsports.com/v1/matches/284275,284275,1002,202401,Top 14,2025-05-10,23,Vannes,La Rochelle,Vannes,home,29,30,16,12,57.1,60.5,2,357,139,16,2,113,5,10,124,15,2,29,835,2,100.0,5,100.0,0,97,0,96.2,2,11,2,84.6,5,1,83.3,8,0,1
https://rugby-union-feeds.incrowdsports.com/v1/matches/284275,284275,1002,202401,Top 14,2025-05-10,23,Vannes,La Rochelle,La Rochelle,away,29,30,16,12,42.9,39.5,4,314,111,15,4,114,10,10,172,16,3,30,788,2,50.0,1,50.0,1,67,0,100.0,5,7,1,70.0,4,1,80.0,11,0,1
https://rugby-union-feeds.incrowdsports.com/v1/matches/284276,284276,1002,202401,Top 14,2025-05-10,23,Perpignan,Stade Francais Paris,Perpignan,home,20,18,3,10,50.2,46.4,2,442,92,20,5,85,7,15,93,11,6,29,867,1,100.0,2,50.0,0,46,4,89.5,4,11,1,78.6,5,1,83.3,10,0,0
https://rugby-union-feeds.incrowdsports.com/v1/matches/284276,284276,1002,202401,Top 14,2025-05-10,23,Perpignan,Stade Francais Paris,Stade Francais Paris,away,20,18,3,10,49.8,53.6,2,303,88,11,4,64,4,10,85,20,9,33,1007,1,50.0,2,50.0,0,50,0,94.6,6,11,2,78.6,6,1,85.7,13,0,3
https://rugby-union-feeds.incrowdsports.com/v1/matches/284274,284274,1002,202401,Top 14,2025-05-10,23,Toulon,Toulouse,Toulon,home,16,50,13,14,34.8,33.3,1,194,79,16,1,78,8,8,220,34,7,20,565,1,100.0,3,100.0,0,61,1,95.5,1,7,5,58.3,6,1,85.7,14,1,2
https://rugby-union-feeds.incrowdsports.com/v1/matches/284274,284274,1002,202401,Top 14,2025-05-10,23,Toulon,Toulouse,Toulouse,away,16,50,13,14,65.2,66.7,8,704,196,34,16,240,24,15,113,16,4,20,459,4,57.1,0,,0,125,1,95.6,2,13,1,92.9,4,0,100.0,11,0,1
https://rugby-union-feeds.incrowdsports.com/v1/matches/284272,284272,1002,202401,Top 14,2025-05-11,23,Montpellier,Bordeaux-Begles,Montpellier,home,46,27,31,10,41.6,37.1,6,480,104,17,13,95,12,13,184,29,7,25,656,5,83.3,2,100.0,0,57,3,92.4,5,9,1,64.3,3,0,100.0,9,0,1
https://rugby-union-feeds.incrowdsports.com/v1/matches/284272,284272,1002,202401,Top 14,2025-05-11,23,Montpellier,Bordeaux-Begles,Bordeaux-Begles,away,46,27,31,10,58.4,62.9,3,519,147,29,13,144,13,12,100,17,6,22,577,3,100.0,2,100.0,0,103,4,95.6,2,8,1,88.9,2,3,40.0,12,0,1
https://rugby-union-feeds.incrowdsports.com/v1/matches/284283,284283,1002,202401,Top 14,2025-05-17,24,Bordeaux-Begles,Castres Olympique,Bordeaux-Begles,home,34,29,29,14,51.4,56.4,5,482,116,26,11,112,15,13,104,20,5,30,1108,3,60.0,1,50.0,0,55,3,93.7,5,15,0,83.3,6,1,85.7,8,0,1
https://rugby-union-feeds.incrowdsports.com/v1/matches/284283,284283,1002,202401,Top 14,2025-05-17,24,Bordeaux-Begles,Castres Olympique,Castres Olympique,away,34,29,29,14,48.6,43.6,4,630,102,20,12,105,5,13,99,26,6,28,886,3,75.0,1,100.0,0,56,0,92.3,3,10,1,62.5,4,3,57.1,9,0,0
https://rugby-union-feeds.incrowdsports.com/v1/matches/284277,284277,1002,202401,Top 14,2025-05-17,24,Clermont Auvergne,Perpignan,Clermont Auvergne,home,31,13,10,3,55.6,53.6,4,414,108,35,10,128,14,12,92,15,8,19,630,3,100.0,1,100.0,0,69,0,92.3,3,10,2,71.4,3,1,75.0,16,0,1
https://rugby-union-feeds.incrowdsports.com/v1/matches/284277,284277,1002,202401,Top 14,2025-05-17,24,Clermont Auvergne,Perpignan,Perpignan,away,31,13,10,3,44.4,46.4,1,290,98,15,8,104,7,15,120,35,5,18,495,1,100.0,2,66.7,0,48,0,94.3,3,13,2,86.7,8,1,88.9,11,0,3
https://rugby-union-feeds.incrowdsports.com/v1/matches/284280,284280,1002,202401,Top 14,2025-05-17,24,Stade Francais Paris,Lyon O.U.,Stade Francais Paris,home,31,30,14,17,44.9,44.9,4,345,84,14,4,88,4,9,131,16,6,27,690,4,100.0,1,100.0,0,48,2,92.6,7,15,1,88.2,5,2,71.4,8,0,1
https://rugby-union-feeds.incrowdsports.com/v1/matches/284280,284280,1002,202401,Top 14,2025-05-17,24,Stade Francais Paris,Lyon O.U.,Lyon O.U.,away,31,30,14,17,55.1,55.1,3,543,130,16,11,127,18,11,87,14,6,24,758,3,100.0,3,100.0,0,70,2,92.3,8,12,0,92.3,5,1,83.3,10,0,0
https://rugby-union-feeds.incrowdsports.com/v1/matches/284278,284278,1002,202401,Top 14,2025-05-17,24,Bayonne,Vannes,Bayonne,home,38,32,19,25,49.0,43.9,6,460,108,40,12,116,10,15,124,19,7,30,941,4,66.7,0,,0,65,3,94.4,7,11,0,100.0,3,4,42.9,14,0,0
https://rugby-union-feeds.incrowdsports.com/v1/matches/284278,284278,1002,202401,Top 14,2025-05-17,24,Bayonne,Vannes,Vannes,away,38,32,19,25,51.0,56.1,4,327,100,19,5,102,6,17,109,40,6,32,1085,3,75.0,2,66.7,0,63,2,94.4,5,18,2,90.0,6,0,100.0,6,0,1
https://rugby-union-feeds.incrowdsports.com/v1/matches/284279,284279,1002,202401,Top 14,2025-05-17,24,Pau,Toulon,Pau,home,25,21,20,0,52.0,47.5,3,480,109,13,5,92,8,11,118,28,9,30,1103,2,66.7,2,50.0,0,66,4,94.4,4,13,0,100.0,8,1,88.9,10,0,1
https://rugby-union-feeds.incrowdsports.com/v1/matches/284279,284279,1002,202401,Top 14,2025-05-17,24,Pau,Toulon,Toulon,away,25,21,20,0,48.0,52.5,3,627,126,28,7,143,22,16,111,13,5,25,894,3,100.0,0,,0,59,1,93.7,9,13,2,86.7,7,0,100.0,8,0,0
https://rugby-union-feeds.incrowdsports.com/v1/matches/284282,284282,1002,202401,Top 14,2025-05-17,24,Toulouse,Racing 92,Toulouse,home,35,37,14,23,53.5,47.2,5,457,144,28,10,157,16,13,124,14,5,13,391,4,100.0,0,0.0,0,82,2,91.5,8,12,3,75.0,5,0,100.0,13,0,1
https://rugby-union-feeds.incrowdsports.com/v1/matches/284282,284282,1002,202401,Top 14,2025-05-17,24,Toulouse,Racing 92,Racing 92,away,35,37,14,23,46.5,52.8,4,291,108,14,4,103,11,10,152,28,7,25,663,4,100.0,3,75.0,0,71,1,92.4,3,10,1,83.3,7,0,100.0,15,0,3
https://rugby-union-feeds.incrowdsports.com/v1/matches/284281,284281,1002,202401,Top 14,2025-05-18,24,La Rochelle,Montpellier,La Rochelle,home,47,18,23,8,54.1,62.6,5,443,130,31,9,130,9,11,124,21,4,19,531,5,100.0,3,100.0,1,82,1,97.7,5,12,3,75.0,7,0,100.0,9,0,1
https://rugby-union-feeds.incrowdsports.com/v1/matches/284281,284281,1002,202401,Top 14,2025-05-18,24,La Rochelle,Montpellier,Montpellier,away,47,18,23,8,45.9,37.4,2,268,107,21,2,113,10,11,149,31,5,14,364,0,0.0,2,66.7,0,69,2,92.4,5,13,2,86.7,5,0,100.0,14,0,1
https://rugby-union-feeds.incrowdsports.com/v1/matches/284270,284270,1002,202401,Top 14,2025-05-24,23,Castres Olympique,Clermont Auvergne,Castres Olympique,home,34,29,24,8,38.0,39.1,4,322,67,23,9,86,8,11,155,25,10,16,447,4,100.0,2,100.0,0,43,2,91.7,5,10,1,83.3,11,1,91.7,12,0,1
https://rugby-union-feeds.incrowdsports.com/v1/matches/284270,284270,1002,202401,Top 14,2025-05-24,23,Castres Olympique,Clermont Auvergne,Clermont Auvergne,away,34,29,24,8,62.0,60.9,4,465,133,25,6,146,17,20,69,23,3,15,383,3,75.0,1,100.0,0,84,0,94.6,6,16,0,94.1,5,0,100.0,10,0,0
https://rugby-union-feeds.incrowdsports.com/v1/matches/284284,284284,1002,202401,Top 14,2025-05-31,25,Clermont Auvergne,Stade Francais Paris,Clermont Auvergne,home,55,20,6,17,64.4,67.7,7,620,156,16,14,133,17,11,69,12,7,27,859,7,100.0,2,100.0,0,84,0,95.5,3,12,2,85.7,4,1,80.0,8,0,0
https://rugby-union-feeds.incrowdsports.com/v1/matches/284284,284284,1002,202401,Top 14,2025-05-31,25,Clermont Auvergne,Stade Francais Paris,Stade Francais Paris,away,55,20,6,17,35.6,32.4,1,238,73,12,3,72,7,8,152,16,10,28,841,0,0.0,5,100.0,0,38,2,88.4,4,11,2,73.3,3,2,60.0,7,0,0
https://rugby-union-feeds.incrowdsports.com/v1/matches/284285,284285,1002,202401,Top 14,2025-05-31,25,Castres Olympique,Bayonne,Castres Olympique,home,33,3,11,3,55.4,64.3,4,471,111,27,16,96,14,17,89,15,10,23,516,2,50.0,3,75.0,0,60,3,95.5,5,14,0,93.3,13,1,92.9,4,0,1
https://rugby-union-feeds.incrowdsports.com/v1/matches/284285,284285,1002,202401,Top 14,2025-05-31,25,Castres Olympique,Bayonne,Bayonne,away,33,3,11,3,44.6,35.7,0,364,96,15,3,117,11,16,115,27,7,14,419,0,,1,100.0,0,50,3,88.1,2,11,0,91.7,5,1,83.3,18,0,1
https://rugby-union-feeds.incrowdsports.com/v1/matches/284286,284286,1002,202401,Top 14,2025-05-31,25,Racing 92,Montpellier,Racing 92,home,25,27,15,7,45.3,48.3,3,518,110,30,10,125,15,16,119,15,5,22,725,2,66.7,2,100.0,0,53,1,98.2,5,11,2,78.6,2,2,50.0,11,0,1
https://rugby-union-feeds.incrowdsports.com/v1/matches/284286,284286,1002,202401,Top 14,2025-05-31,25,Racing 92,Montpellier,Montpellier,away,25,27,15,7,54.7,51.7,3,382,105,15,7,103,11,11,101,30,5,29,790,3,100.0,2,40.0,0,66,1,94.6,4,11,1,84.6,10,1,90.9,8,1,0
https://rugby-union-feeds.incrowdsports.com/v1/matches/284288,284288,1002,202401,Top 14,2025-05-31,25,Vannes,Pau,Vannes,home,26,52,12,17,53.5,51.1,4,429,134,12,2,135,9,12,137,27,7,32,891,3,75.0,0,,0,94,0,99.0,2,12,3,75.0,6,1,85.7,8,0,0
https://rugby-union-feeds.incrowdsports.com/v1/matches/284288,284288,1002,202401,Top 14,2025-05-31,25,Vannes,Pau,Pau,away,26,52,12,17,46.5,48.9,7,595,127,27,16,128,17,14,173,12,3,24,846,7,100.0,1,100.0,0,74,2,92.7,2,8,0,80.0,6,0,100.0,11,0,0
https://rugby-union-feeds.incrowdsports.com/v1/matches/284289,284289,1002,202401,Top 14,2025-05-31,25,La Rochelle,Perpignan,La Rochelle,home,38,15,17,12,67.2,73.7,5,574,139,39,12,146,9,10,67,17,8,18,419,5,100.0,1,50.0,0,87,2,93.9,5,15,1,93.8,7,2,77.8,15,0,1
https://rugby-union-feeds.incrowdsports.com/v1/matches/284289,284289,1002,202401,Top 14,2025-05-31,25,La Rochelle,Perpignan,Perpignan,away,38,15,17,12,32.8,26.3,0,162,54,17,4,68,3,9,170,39,10,16,471,0,,5,83.3,0,34,0,92.5,2,12,2,80.0,6,0,100.0,16,0,1
https://rugby-union-feeds.incrowdsports.com/v1/matches/284290,284290,1002,202401,Top 14,2025-06-01,25,Toulouse,Lyon O.U.,Toulouse,home,43,3,17,3,63.5,59.2,7,825,186,28,13,205,17,20,106,18,10,25,693,4,57.1,0,,0,106,2,97.3,3,9,1,69.2,7,0,100.0,9,0,0
https://rugby-union-feeds.incrowdsports.com/v1/matches/284290,284290,1002,202401,Top 14,2025-06-01,25,Toulouse,Lyon O.U.,Lyon O.U.,away,43,3,17,3,36.5,40.8,0,328,95,18,5,85,7,16,172,28,8,18,537,0,,1,100.0,0,49,2,86.7,2,12,2,75.0,8,0,100.0,12,0,1
https://rugby-union-feeds.incrowdsports.com/v1/matches/284287,284287,1002,202401,Top 14,2025-06-01,25,Toulon,Bordeaux-Begles,Toulon,home,27,10,20,10,55.5,58.6,3,677,145,40,20,156,27,18,118,27,11,28,847,3,100.0,2,66.7,0,82,3,93.3,3,11,0,91.7,10,1,90.9,8,0,0
https://rugby-union-feeds.incrowdsports.com/v1/matches/284287,284287,1002,202401,Top 14,2025-06-01,25,Toulon,Bordeaux-Begles,Bordeaux-Begles,away,27,10,20,10,44.5,41.4,1,344,95,27,9,84,11,24,126,40,11,19,631,1,100.0,1,100.0,0,63,4,91.4,0,10,1,76.9,4,2,66.7,7,0,0
https://rugby-union-feeds.incrowdsports.com/v1/matches/284291,284291,1002,202401,Top 14,2025-06-07,26,Bayonne,Toulon,Bayonne,home,18,10,15,3,48.8,50.0,2,433,111,14,8,110,8,12,153,35,8,20,645,1,50.0,2,66.7,0,74,2,90.5,8,11,2,78.6,3,1,75.0,16,0,1
https://rugby-union-feeds.incrowdsports.com/v1/matches/284291,284291,1002,202401,Top 14,2025-06-07,26,Bayonne,Toulon,Toulon,away,18,10,15,3,51.2,50.0,1,427,120,35,8,131,14,12,151,14,7,23,630,1,100.0,1,50.0,0,74,3,92.0,5,19,1,95.0,6,1,85.7,13,0,0
https://rugby-union-feeds.incrowdsports.com/v1/matches/284292,284292,1002,202401,Top 14,2025-06-07,26,Lyon O.U.,Racing 92,Lyon O.U.,home,34,47,24,14,45.1,47.0,5,474,128,16,9,106,14,15,147,29,5,36,995,3,60.0,1,50.0,0,68,3,94.5,4,15,3,79.0,1,0,100.0,7,0,0
https://rugby-union-feeds.incrowdsports.com/v1/matches/284292,284292,1002,202401,Top 14,2025-06-07,26,Lyon O.U.,Racing 92,Racing 92,away,34,47,24,14,54.9,53.0,6,581,144,29,10,147,11,10,120,16,6,34,1016,4,66.7,3,100.0,0,88,1,97.8,4,13,2,86.7,6,0,100.0,8,0,1
https://rugby-union-feeds.incrowdsports.com/v1/matches/284293,284293,1002,202401,Top 14,2025-06-07,26,Montpellier,Clermont Auvergne,Montpellier,home,10,23,3,17,45.7,38.0,1,501,119,28,8,117,20,18,143,34,9,32,875,1,100.0,1,100.0,0,69,1,98.6,0,9,3,64.3,5,2,71.4,10,0,1
https://rugby-union-feeds.incrowdsports.com/v1/matches/284293,284293,1002,202401,Top 14,2025-06-07,26,Montpellier,Clermont Auvergne,Clermont Auvergne,away,10,23,3,17,54.3,62.0,2,589,153,34,15,127,23,18,133,28,8,36,1004,1,100.0,3,100.0,0,87,0,98.9,3,11,2,78.6,5,1,83.3,6,0,1
https://rugby-union-feeds.incrowdsports.com/v1/matches/284294,284294,1002,202401,Top 14,2025-06-07,26,Pau,La Rochelle,Pau,home,32,18,8,10,52.8,58.7,4,337,110,21,7,106,8,9,139,12,7,27,805,3,75.0,2,100.0,0,76,0,95.1,5,16,0,100.0,9,0,100.0,9,0,0
https://rugby-union-feeds.incrowdsports.com/v1/matches/284294,284294,1002,202401,Top 14,2025-06-07,26,Pau,La Rochelle,La Rochelle,away,32,18,8,10,47.2,41.3,2,319,107,12,2,131,12,10,131,21,8,20,609,1,50.0,2,100.0,0,73,1,96.2,3,12,0,92.3,2,1,66.7,11,0,1
https://rugby-union-feeds.incrowdsports.com/v1/matches/284297,284297,1002,202401,Top 14,2025-06-07,26,Perpignan,Toulouse,Perpignan,home,42,35,7,21,55.7,54.7,6,473,120,23,6,144,12,16,116,32,8,16,457,6,100.0,0,,0,77,1,97.6,4,14,2,87.5,5,1,83.3,10,0,0
https://rugby-union-feeds.incrowdsports.com/v1/matches/284297,284297,1002,202401,Top 14,2025-06-07,26,Perpignan,Toulouse,Toulouse,away,42,35,7,21,44.3,45.3,5,429,107,32,10,114,17,14,145,23,8,16,392,5,100.0,0,,0,55,2,93.8,6,9,2,81.8,7,1,87.5,11,0,2
https://rugby-union-feeds.incrowdsports.com/v1/matches/284296,284296,1002,202401,Top 14,2025-06-07,26,Bordeaux-Begles,Vannes,Bordeaux-Begles,home,59,28,19,14,43.0,39.9,9,514,115,19,12,118,12,16,185,23,7,26,662,7,77.8,0,,0,63,2,95.7,11,18,2,90.0,3,1,75.0,11,0,3
https://rugby-union-feeds.incrowdsports.com/v1/matches/284296,284296,1002,202401,Top 14,2025-06-07,26,Bordeaux-Begles,Vannes,Vannes,away,59,28,19,14,57.0,60.1,4,437,149,23,5,189,8,6,119,19,6,23,675,4,100.0,0,,0,103,0,94.6,3,10,2,76.9,7,1,87.5,17,0,1
https://rugby-union-feeds.incrowdsports.com/v1/matches/284295,284295,1002,202401,Top 14,2025-06-07,26,Stade Francais Paris,Castres Olympique,Stade Francais Paris,home,21,10,11,10,55.8,69.7,2,317,90,20,4,83,7,14,77,8,4,36,958,1,50.0,2,40.0,1,56,0,96.7,5,8,2,72.7,10,3,76.9,9,0,1
https://rugby-union-feeds.incrowdsports.com/v1/matches/284295,284295,1002,202401,Top 14,2025-06-07,26,Stade Francais Paris,Castres Olympique,Castres Olympique,away,21,10,11,10,44.2,30.3,1,189,60,8,1,57,6,22,105,20,6,27,761,1,100.0,1,50.0,0,43,1,91.7,4,9,1,75.0,9,0,100.0,15,0,1
https://rugby-union-feeds.incrowdsports.com/v1/matches/284299,284299,1002,202401,Top 14,2025-06-13,27,Bayonne,Clermont Auvergne,Bayonne,home,20,3,9,3,69.1,82.6,1,320,123,29,4,104,8,10,44,9,5,32,965,0,0.0,4,66.7,1,75,0,98.8,6,13,4,68.4,10,0,100.0,7,0,0
https://rugby-union-feeds.incrowdsports.com/v1/matches/284299,284299,1002,202401,Top 14,2025-06-13,27,Bayonne,Clermont Auvergne,Clermont Auvergne,away,20,3,9,3,30.9,17.4,0,153,42,9,0,25,2,18,130,29,4,27,768,0,,1,33.3,0,24,0,100.0,1,9,3,64.3,5,1,83.3,14,0,1
https://rugby-union-feeds.incrowdsports.com/v1/matches/284298,284298,1002,202401,Top 14,2025-06-14,27,Toulon,Castres Olympique,Toulon,home,52,23,12,10,54.3,61.0,6,640,127,34,16,107,16,13,96,22,9,28,954,5,83.3,4,66.7,0,62,2,97.1,4,12,2,80.0,7,1,87.5,5,0,0
https://rugby-union-feeds.incrowdsports.com/v1/matches/284298,284298,1002,202401,Top 14,2025-06-14,27,Toulon,Castres Olympique,Castres Olympique,away,52,23,12,10,45.7,39.0,2,319,75,22,7,67,3,13,123,34,5,27,938,2,100.0,3,100.0,0,50,1,94.7,1,7,0,77.8,4,1,80.0,14,0,1
https://rugby-union-feeds.incrowdsports.com/v1/matches/284300,284300,1002,202401,Top 14,2025-06-20,28,Toulouse,Bayonne,Toulouse,home,32,25,20,15,43.8,43.2,2,256,78,12,6,73,5,16,138,21,9,33,991,2,100.0,6,100.0,0,49,2,92.7,7,19,3,86.4,6,0,100.0,12,0,1
https://rugby-union-feeds.incrowdsports.com/v1/matches/284300,284300,1002,202401,Top 14,2025-06-20,28,Toulouse,Bayonne,Bayonne,away,32,25,20,15,56.2,56.8,1,450,121,21,7,91,9,15,83,12,6,25,853,1,100.0,6,100.0,0,71,2,92.6,3,11,3,78.6,4,2,66.7,15,0,1
https://rugby-union-feeds.incrowdsports.com/v1/matches/284301,284301,1002,202401,Top 14,2025-06-21,28,Bordeaux-Begles,Toulon,Bordeaux-Begles,home,39,24,15,10,53.0,56.9,5,504,121,21,9,128,16,12,115,18,11,43,1487,4,80.0,2,100.0,0,69,0,97.3,3,13,1,92.9,8,0,100.0,9,0,0
https://rugby-union-feeds.incrowdsports.com/v1/matches/284301,284301,1002,202401,Top 14,2025-06-21,28,Bordeaux-Begles,Toulon,Toulon,away,39,24,15,10,47.0,43.1,3,583,119,18,7,103,7,23,124,21,4,28,993,3,100.0,1,50.0,0,67,4,93.2,2,10,2,76.9,7,0,100.0,7,0,1
https://rugby-union-feeds.incrowdsports.com/v1/matches/284302,284302,1002,202401,Top 14,2025-06-28,29,Toulouse,Bordeaux-Begles,Toulouse,home,39,33,20,16,53.5,56.5,3,547,142,25,11,124,10,19,141,33,6,39,1081,3,100.0,6,100.0,0,94,0,97.9,6,10,2,76.9,8,1,88.9,8,0,0
https://rugby-union-feeds.incrowdsports.com/v1/matches/284302,284302,1002,202401,Top 14,2025-06-28,29,Toulouse,Bordeaux-Begles,Bordeaux-Begles,away,39,33,20,16,46.5,43.5,3,421,137,33,7,140,14,12,147,25,2,38,1369,3,100.0,4,100.0,0,75,0,92.8,4,13,1,86.7,8,1,88.9,18,0,2
https://rugby-union-feeds.incrowdsports.com/v1/matches/288496,288496,1002,202501,Top 14,2025-09-06,1,Stade Francais Paris,Montauban,Stade Francais Paris,home,47,24,28,12,41.2,41.2,7,466,101,18,13,87,6,11,141,13,8,24,759,6,85.7,0,,0,51,2,88.1,3,10,0,76.9,6,2,75.0,16,0,1
https://rugby-union-feeds.incrowdsports.com/v1/matches/288496,288496,1002,202501,Top 14,2025-09-06,1,Stade Francais Paris,Montauban,Montauban,away,47,24,28,12,58.8,58.8,4,418,155,13,7,180,14,19,92,18,4,23,685,2,50.0,0,,0,89,2,97.9,5,14,0,100.0,3,3,50.0,9,0,1
https://rugby-union-feeds.incrowdsports.com/v1/matches/288498,288498,1002,202501,Top 14,2025-09-06,1,Perpignan,Bayonne,Perpignan,home,19,26,14,10,58.8,57.4,3,565,146,35,12,141,15,22,93,28,9,27,767,2,66.7,0,0.0,0,87,5,92.0,6,16,1,94.1,3,1,75.0,9,0,0
https://rugby-union-feeds.incrowdsports.com/v1/matches/288498,288498,1002,202501,Top 14,2025-09-06,1,Perpignan,Bayonne,Bayonne,away,19,26,14,10,41.2,42.6,2,403,93,28,5,101,9,12,165,35,9,31,1020,2,100.0,4,100.0,0,49,1,89.5,6,11,0,100.0,9,3,75.0,12,0,1
https://rugby-union-feeds.incrowdsports.com/v1/matches/288493,288493,1002,202501,Top 14,2025-09-06,1,Castres Olympique,Pau,Castres Olympique,home,15,17,5,9,49.1,48.9,2,470,107,13,8,96,16,16,131,16,8,19,388,1,50.0,1,100.0,0,57,2,92.7,6,12,1,80.0,5,2,71.4,15,0,0
https://rugby-union-feeds.incrowdsports.com/v1/matches/288493,288493,1002,202501,Top 14,2025-09-06,1,Castres Olympique,Pau,Pau,away,15,17,5,9,50.9,51.1,1,263,99,16,6,83,6,15,123,13,10,29,762,0,0.0,4,80.0,0,69,3,93.3,8,13,0,86.7,6,1,85.7,13,0,1
https://rugby-union-feeds.incrowdsports.com/v1/matches/288494,288494,1002,202501,Top 14,2025-09-06,1,Lyon O.U.,Racing 92,Lyon O.U.,home,32,7,25,7,56.1,59.7,4,437,116,22,7,105,7,12,99,20,9,29,847,3,75.0,2,66.7,0,63,2,94.3,10,16,2,88.9,7,2,77.8,8,0,0
https://rugby-union-feeds.incrowdsports.com/v1/matches/288494,288494,1002,202501,Top 14,2025-09-06,1,Lyon O.U.,Racing 92,Racing 92,away,32,7,25,7,43.9,40.3,1,421,90,20,3,85,12,18,130,22,6,19,588,1,100.0,0,,0,48,1,89.3,3,9,2,75.0,3,3,50.0,16,0,3
https://rugby-union-feeds.incrowdsports.com/v1/matches/288495,288495,1002,202501,Top 14,2025-09-06,1,Montpellier,Toulon,Montpellier,home,17,27,3,24,66.8,69.7,2,351,137,19,7,151,7,12,58,7,4,25,709,2,100.0,1,100.0,0,107,0,95.7,6,16,1,88.9,4,2,66.7,12,0,0
https://rugby-union-feeds.incrowdsports.com/v1/matches/288495,288495,1002,202501,Top 14,2025-09-06,1,Montpellier,Toulon,Toulon,away,17,27,3,24,33.2,30.3,3,259,66,7,5,57,6,10,200,19,8,31,785,3,100.0,2,66.7,0,34,1,92.5,4,11,2,78.6,4,0,100.0,14,0,1
https://rugby-union-feeds.incrowdsports.com/v1/matches/288497,288497,1002,202501,Top 14,2025-09-06,1,Bordeaux-Begles,La Rochelle,Bordeaux-Begles,home,23,18,6,3,44.5,39.2,2,306,93,13,6,91,16,19,134,35,8,39,1304,2,100.0,3,100.0,0,45,3,94.4,4,16,3,72.7,3,1,75.0,6,0,2
https://rugby-union-feeds.incrowdsports.com/v1/matches/288497,288497,1002,202501,Top 14,2025-09-06,1,Bordeaux-Begles,La Rochelle,La Rochelle,away,23,18,6,3,55.5,60.8,2,638,138,35,13,167,24,11,90,13,8,30,940,1,50.0,2,100.0,0,76,1,95.2,3,8,4,61.5,6,2,75.0,13,0,0
https://rugby-union-feeds.incrowdsports.com/v1/matches/288492,288492,1002,202501,Top 14,2025-09-07,1,Clermont Auvergne,Toulouse,Clermont Auvergne,home,24,34,14,17,48.2,42.5,2,334,120,22,5,117,22,14,146,32,5,31,989,1,50.0,4,100.0,0,78,2,97.6,1,12,1,85.7,4,1,80.0,11,0,1
https://rugby-union-feeds.incrowdsports.com/v1/matches/288492,288492,1002,202501,Top 14,2025-09-07,1,Clermont Auvergne,Toulouse,Toulouse,away,24,34,14,17,51.8,57.5,4,506,138,32,7,151,18,12,138,22,6,29,755,4,100.0,2,100.0,0,79,1,96.5,9,14,1,82.3,2,1,66.7,10,0,0
https://rugby-union-feeds.incrowdsports.com/v1/matches/288505,288505,1002,202501,Top 14,2025-09-13,2,Montauban,Lyon O.U.,Montauban,home,18,25,6,15,65.4,71.9,2,623,150,22,15,174,14,19,67,19,5,28,821,1,50.0,1,33.3,1,101,0,100.0,6,13,1,72.2,4,1,80.0,7,0,0
https://rugby-union-feeds.incrowdsports.com/v1/matches/288505,288505,1002,202501,Top 14,2025-09-13,2,Montauban,Lyon O.U.,Lyon O.U.,away,18,25,6,15,34.6,28.1,3,430,74,19,4,75,6,13,182,22,8,31,935,2,66.7,2,100.0,0,34,1,87.8,2,7,3,63.6,6,5,54.5,11,0,0
https://rugby-union-feeds.incrowdsports.com/v1/matches/288499,288499,1002,202501,Top 14,2025-09-13,2,Bayonne,Montpellier,Bayonne,home,26,23,17,13,50.0,52.4,2,240,96,14,3,106,9,7,104,23,5,28,986,2,100.0,4,66.7,0,67,2,95.8,2,7,3,70.0,7,1,87.5,9,0,0
https://rugby-union-feeds.incrowdsports.com/v1/matches/288499,288499,1002,202501,Top 14,2025-09-13,2,Bayonne,Montpellier,Montpellier,away,26,23,17,13,50.0,47.6,2,391,92,23,5,82,8,9,116,14,2,34,952,2,100.0,3,50.0,0,56,0,93.8,7,14,1,93.3,0,0,0.0,15,0,1
https://rugby-union-feeds.incrowdsports.com/v1/matches/288502,288502,1002,202501,Top 14,2025-09-13,2,Pau,Stade Francais Paris,Pau,home,34,10,27,10,59.3,66.8,4,361,121,25,6,121,7,12,111,6,10,32,903,4,100.0,2,100.0,0,87,0,96.7,5,15,2,88.2,6,3,66.7,9,0,0
https://rugby-union-feeds.incrowdsports.com/v1/matches/288502,288502,1002,202501,Top 14,2025-09-13,2,Pau,Stade Francais Paris,Stade Francais Paris,away,34,10,27,10,40.7,33.2,1,276,78,6,2,70,4,15,153,25,6,27,633,1,100.0,1,50.0,0,56,3,91.9,2,11,1,84.6,3,2,60.0,12,0,1
https://rugby-union-feeds.incrowdsports.com/v1/matches/288503,288503,1002,202501,Top 14,2025-09-13,2,La Rochelle,Clermont Auvergne,La Rochelle,home,34,16,13,8,49.8,61.0,4,378,106,18,4,119,5,15,108,14,11,24,720,4,100.0,2,66.7,0,62,0,97.0,6,13,2,72.2,3,1,75.0,8,0,1
https://rugby-union-feeds.incrowdsports.com/v1/matches/288503,288503,1002,202501,Top 14,2025-09-13,2,La Rochelle,Clermont Auvergne,Clermont Auvergne,away,34,16,13,8,50.2,39.0,2,285,109,14,4,88,9,12,103,18,4,27,772,0,0.0,2,100.0,0,62,0,90.1,1,9,1,75.0,8,2,80.0,15,1,2
https://rugby-union-feeds.incrowdsports.com/v1/matches/288504,288504,1002,202501,Top 14,2025-09-13,2,Toulouse,Perpignan,Toulouse,home,31,13,17,13,69.9,78.2,4,562,178,36,8,199,19,14,64,13,4,12,350,4,100.0,1,100.0,0,97,2,92.6,9,17,1,89.5,9,1,90.0,11,0,0
https://rugby-union-feeds.incrowdsports.com/v1/matches/288504,288504,1002,202501,Top 14,2025-09-13,2,Toulouse,Perpignan,Perpignan,away,31,13,17,13,30.1,21.8,1,268,69,13,3,64,7,11,179,36,13,11,409,1,100.0,2,66.7,0,34,0,89.7,0,8,1,72.7,4,3,57.1,18,0,1
https://rugby-union-feeds.incrowdsports.com/v1/matches/288501,288501,1002,202501,Top 14,2025-09-13,2,Toulon,Castres Olympique,Toulon,home,16,12,6,9,42.0,37.7,1,276,74,16,2,76,5,14,142,16,6,39,1286,1,100.0,2,100.0,1,49,1,96.2,3,9,1,81.8,10,0,100.0,10,0,0
https://rugby-union-feeds.incrowdsports.com/v1/matches/288501,288501,1002,202501,Top 14,2025-09-13,2,Toulon,Castres Olympique,Castres Olympique,away,16,12,6,9,58.0,62.3,0,457,115,16,7,103,9,21,81,16,2,35,892,0,,4,80.0,0,90,0,98.9,7,17,1,89.5,4,1,80.0,4,0,0
https://rugby-union-feeds.incrowdsports.com/v1/matches/288500,288500,1002,202501,Top 14,2025-09-14,2,Racing 92,Bordeaux-Begles,Racing 92,home,44,32,34,8,36.5,39.1,5,436,85,17,11,60,10,8,177,32,7,22,594,5,100.0,3,75.0,0,49,0,94.4,3,6,3,54.5,6,3,66.7,14,2,1
https://rugby-union-feeds.incrowdsports.com/v1/matches/288500,288500,1002,202501,Top 14,2025-09-14,2,Racing 92,Bordeaux-Begles,Bordeaux-Begles,away,44,32,34,8,63.5,60.9,5,494,155,32,9,157,18,18,92,17,4,17,529,2,40.0,1,100.0,0,96,1,96.1,2,11,2,84.6,7,1,87.5,11,0,0
https://rugby-union-feeds.incrowdsports.com/v1/matches/288506,288506,1002,202501,Top 14,2025-09-20,3,Clermont Auvergne,Pau,Clermont Auvergne,home,50,27,22,17,60.4,60.2,7,638,130,31,20,124,20,10,94,22,4,29,957,6,85.7,1,100.0,0,82,1,97.7,10,15,1,93.8,5,3,62.5,8,0,0
https://rugby-union-feeds.incrowdsports.com/v1/matches/288506,288506,1002,202501,Top 14,2025-09-20,3,Clermont Auvergne,Pau,Pau,away,50,27,22,17,39.6,39.8,3,401,84,22,14,90,11,13,128,31,5,27,992,3,100.0,2,100.0,0,49,0,98.1,1,8,2,61.5,2,1,66.7,14,0,1
https://rugby-union-feeds.incrowdsports.com/v1/matches/288507,288507,1002,202501,Top 14,2025-09-20,3,Castres Olympique,Bayonne,Castres Olympique,home,48,17,19,3,46.1,43.9,7,440,102,20,14,98,12,8,153,37,6,31,988,5,71.4,1,100.0,0,63,1,97.0,2,5,0,71.4,5,3,62.5,16,0,1
https://rugby-union-feeds.incrowdsports.com/v1/matches/288507,288507,1002,202501,Top 14,2025-09-20,3,Castres Olympique,Bayonne,Bayonne,away,48,17,19,3,53.9,56.1,2,395,124,37,6,143,11,20,118,20,3,20,531,2,100.0,1,100.0,0,84,0,98.9,7,17,4,77.3,1,0,100.0,8,0,2
https://rugby-union-feeds.incrowdsports.com/v1/matches/288508,288508,1002,202501,Top 14,2025-09-20,3,Lyon O.U.,Stade Francais Paris,Lyon O.U.,home,42,37,14,16,50.7,51.6,6,405,111,19,10,91,9,13,107,16,6,29,876,6,100.0,0,,0,59,1,98.4,2,13,4,72.2,7,2,77.8,10,0,1
https://rugby-union-feeds.incrowdsports.com/v1/matches/288508,288508,1002,202501,Top 14,2025-09-20,3,Lyon O.U.,Stade Francais Paris,Stade Francais Paris,away,42,37,14,16,49.3,48.4,4,329,104,16,3,94,5,16,109,19,6,31,783,4,100.0,3,75.0,0,58,1,96.8,5,12,1,85.7,2,2,50.0,7,0,1
https://rugby-union-feeds.incrowdsports.com/v1/matches/288511,288511,1002,202501,Top 14,2025-09-20,3,Bordeaux-Begles,Montauban,Bordeaux-Begles,home,71,24,26,10,46.8,45.1,11,824,135,36,26,145,19,9,98,18,5,23,718,8,72.7,0,,0,54,1,94.9,1,11,4,68.8,3,1,75.0,13,0,1
https://rugby-union-feeds.incrowdsports.com/v1/matches/288511,288511,1002,202501,Top 14,2025-09-20,3,Bordeaux-Begles,Montauban,Montauban,away,71,24,26,10,53.2,54.9,3,365,100,18,8,102,6,13,85,36,3,22,668,3,100.0,1,50.0,0,61,2,95.7,6,11,0,78.6,2,0,100.0,7,0,1
https://rugby-union-feeds.incrowdsports.com/v1/matches/288512,288512,1002,202501,Top 14,2025-09-20,3,Perpignan,Racing 92,Perpignan,home,15,28,10,22,60.5,68.1,2,438,139,26,7,147,7,15,76,9,4,13,277,1,50.0,1,100.0,0,81,1,95.6,6,15,2,71.4,2,3,40.0,14,0,1
https://rugby-union-feeds.incrowdsports.com/v1/matches/288512,288512,1002,202501,Top 14,2025-09-20,3,Perpignan,Racing 92,Racing 92,away,15,28,10,22,39.5,31.9,3,181,68,9,4,51,2,11,165,26,10,24,711,2,66.7,3,75.0,0,40,1,93.3,3,9,0,69.2,7,0,100.0,13,0,2
https://rugby-union-feeds.incrowdsports.com/v1/matches/288509,288509,1002,202501,Top 14,2025-09-20,3,Montpellier,Toulouse,Montpellier,home,44,14,34,7,41.1,44.6,5,254,61,15,4,59,4,11,135,17,5,26,692,5,100.0,3,100.0,0,43,0,93.8,7,13,1,86.7,3,3,50.0,15,0,0
https://rugby-union-feeds.incrowdsports.com/v1/matches/288509,288509,1002,202501,Top 14,2025-09-20,3,Montpellier,Toulouse,Toulouse,away,44,14,34,7,58.9,55.4,2,266,118,17,3,142,10,15,77,15,3,23,507,2,100.0,0,,0,82,1,98.8,4,11,3,73.3,2,5,28.6,13,0,2
https://rugby-union-feeds.incrowdsports.com/v1/matches/288516,288516,1002,202501,Top 14,2025-09-27,4,Stade Francais Paris,Bordeaux-Begles,Stade Francais Paris,home,28,7,18,0,49.3,46.9,3,339,91,17,10,88,9,17,124,19,12,24,571,2,66.7,3,60.0,0,62,2,94.2,4,11,1,73.3,8,1,88.9,11,0,0
https://rugby-union-feeds.incrowdsports.com/v1/matches/288516,288516,1002,202501,Top 14,2025-09-27,4,Stade Francais Paris,Bordeaux-Begles,Bordeaux-Begles,away,28,7,18,0,50.7,53.1,1,400,109,19,5,111,3,21,98,17,6,19,383,1,100.0,0,,0,65,3,88.8,3,12,1,85.7,7,2,77.8,16,0,1
https://rugby-union-feeds.incrowdsports.com/v1/matches/288514,288514,1002,202501,Top 14,2025-09-27,4,Racing 92,Clermont Auvergne,Racing 92,home,43,31,22,7,44.8,49.5,6,483,113,23,17,91,15,13,119,34,9,34,1079,5,83.3,1,100.0,0,48,2,94.5,7,17,1,94.4,3,2,60.0,15,0,1
https://rugby-union-feeds.incrowdsports.com/v1/matches/288514,288514,1002,202501,Top 14,2025-09-27,4,Racing 92,Clermont Auvergne,Clermont Auvergne,away,43,31,22,7,55.2,50.5,4,594,143,34,13,113,11,17,81,23,4,28,760,4,100.0,1,100.0,0,68,2,94.9,8,14,3,77.8,3,0,100.0,9,0,0
https://rugby-union-feeds.incrowdsports.com/v1/matches/288515,288515,1002,202501,Top 14,2025-09-27,4,Pau,Lyon O.U.,Pau,home,40,15,20,9,52.2,56.5,4,681,143,31,12,145,11,13,155,19,5,23,724,4,100.0,4,100.0,0,95,4,94.2,7,14,1,93.3,2,2,50.0,14,0,1
https://rugby-union-feeds.incrowdsports.com/v1/matches/288515,288515,1002,202501,Top 14,2025-09-27,4,Pau,Lyon O.U.,Lyon O.U.,away,40,15,20,9,47.8,43.5,0,480,137,19,4,123,11,11,180,31,7,32,851,0,,5,100.0,0,81,2,95.6,1,7,1,70.0,3,0,100.0,10,0,2
https://rugby-union-feeds.incrowdsports.com/v1/matches/288517,288517,1002,202501,Top 14,2025-09-27,4,La Rochelle,Perpignan,La Rochelle,home,31,8,7,8,63.2,73.4,4,546,159,34,6,217,18,23,80,19,16,25,861,4,100.0,1,100.0,0,76,4,87.9,5,16,1,88.9,5,0,100.0,9,0,0
https://rugby-union-feeds.incrowdsports.com/v1/matches/288517,288517,1002,202501,Top 14,2025-09-27,4,La Rochelle,Perpignan,Perpignan,away,31,8,7,8,36.8,26.6,1,350,78,19,4,82,7,19,154,34,15,18,657,0,0.0,1,50.0,0,37,2,86.4,0,12,2,75.0,6,2,75.0,15,0,1
https://rugby-union-feeds.incrowdsports.com/v1/matches/288519,288519,1002,202501,Top 14,2025-09-27,4,Montauban,Montpellier,Montauban,home,22,22,13,10,43.6,46.3,1,275,84,14,2,89,3,14,147,13,7,30,1244,1,100.0,5,100.0,0,48,2,90.9,2,10,1,90.9,6,3,66.7,10,0,0
https://rugby-union-feeds.incrowdsports.com/v1/matches/288519,288519,1002,202501,Top 14,2025-09-27,4,Montauban,Montpellier,Montpellier,away,22,22,13,10,56.4,53.7,3,432,130,13,5,131,8,13,93,14,5,36,972,2,66.7,1,50.0,0,78,4,95.3,3,12,0,80.0,4,2,66.7,12,0,1
https://rugby-union-feeds.incrowdsports.com/v1/matches/288518,288518,1002,202501,Top 14,2025-09-27,4,Toulouse,Castres Olympique,Toulouse,home,59,12,19,12,63.0,68.3,9,537,141,38,15,144,16,11,78,6,2,19,503,7,77.8,0,,0,75,0,96.3,7,16,2,84.2,4,1,80.0,10,0,0
https://rugby-union-feeds.incrowdsports.com/v1/matches/288518,288518,1002,202501,Top 14,2025-09-27,4,Toulouse,Castres Olympique,Castres Olympique,away,59,12,19,12,37.0,31.7,0,138,57,6,2,64,2,4,151,38,5,17,543,0,,4,100.0,0,40,0,91.7,3,7,0,77.8,3,5,37.5,22,0,1
https://rugby-union-feeds.incrowdsports.com/v1/matches/288513,288513,1002,202501,Top 14,2025-09-28,4,Bayonne,Toulon,Bayonne,home,35,32,20,10,52.9,55.3,2,249,104,19,2,124,5,12,115,16,7,29,855,2,100.0,6,100.0,1,75,1,95.1,4,16,3,80.0,3,0,100.0,8,0,1
https://rugby-union-feeds.incrowdsports.com/v1/matches/288513,288513,1002,202501,Top 14,2025-09-28,4,Bayonne,Toulon,Toulon,away,35,32,20,10,47.1,44.7,4,215,93,16,4,94,3,13,134,19,4,24,760,2,66.7,2,100.0,0,64,1,95.7,2,8,3,66.7,6,1,85.7,13,0,1
https://rugby-union-feeds.incrowdsports.com/v1/matches/288523,288523,1002,202501,Top 14,2025-10-04,5,Montpellier,La Rochelle,Montpellier,home,37,13,23,10,47.8,44.8,4,391,103,22,9,92,11,10,127,23,7,26,610,4,100.0,3,100.0,0,62,2,92.8,4,7,3,58.3,8,1,88.9,11,0,0
https://rugby-union-feeds.incrowdsports.com/v1/matches/288523,288523,1002,202501,Top 14,2025-10-04,5,Montpellier,La Rochelle,La Rochelle,away,37,13,23,10,52.2,55.2,1,296,123,23,6,143,12,17,105,22,3,17,500,1,100.0,2,100.0,0,72,1,95.0,2,13,0,86.7,2,2,50.0,11,0,0
https://rugby-union-feeds.incrowdsports.com/v1/matches/288520,288520,1002,202501,Top 14,2025-10-04,5,Clermont Auvergne,Montauban,Clermont Auvergne,home,84,31,42,24,58.2,59.7,12,808,155,53,25,145,22,10,118,17,5,23,617,12,100.0,0,,0,99,1,97.1,7,12,1,92.3,4,1,80.0,11,0,0
https://rugby-union-feeds.incrowdsports.com/v1/matches/288520,288520,1002,202501,Top 14,2025-10-04,5,Clermont Auvergne,Montauban,Montauban,away,84,31,42,24,41.8,40.4,4,277,102,17,8,107,9,10,159,53,5,15,511,4,100.0,1,100.0,0,64,1,95.7,3,16,1,94.1,4,1,80.0,12,0,3
https://rugby-union-feeds.incrowdsports.com/v1/matches/288522,288522,1002,202501,Top 14,2025-10-04,5,Castres Olympique,Racing 92,Castres Olympique,home,20,16,6,6,59.9,63.6,2,404,146,19,4,139,9,18,102,15,10,29,934,2,100.0,2,100.0,0,101,2,96.3,2,8,4,61.5,4,1,80.0,11,0,0
https://rugby-union-feeds.incrowdsports.com/v1/matches/288522,288522,1002,202501,Top 14,2025-10-04,5,Castres Olympique,Racing 92,Racing 92,away,20,16,6,6,40.1,36.4,1,226,84,15,1,69,5,17,176,19,9,32,1061,1,100.0,3,100.0,0,51,4,91.7,3,15,2,88.2,10,4,71.4,9,0,0
https://rugby-union-feeds.incrowdsports.com/v1/matches/288524,288524,1002,202501,Top 14,2025-10-04,5,Toulon,Pau,Toulon,home,33,17,14,3,47.1,45.0,5,591,123,18,15,135,16,12,140,23,9,19,528,4,80.0,0,,0,70,1,92.2,3,8,2,72.7,10,2,83.3,11,0,1
https://rugby-union-feeds.incrowdsports.com/v1/matches/288524,288524,1002,202501,Top 14,2025-10-04,5,Toulon,Pau,Pau,away,33,17,14,3,52.9,54.9,2,531,128,23,5,119,8,18,116,18,9,21,713,2,100.0,1,100.0,0,81,0,93.2,3,17,3,85.0,5,0,100.0,11,0,2
https://rugby-union-feeds.incrowdsports.com/v1/matches/288526,288526,1002,202501,Top 14,2025-10-04,5,Perpignan,Stade Francais Paris,Perpignan,home,11,28,3,21,49.2,39.2,1,382,91,19,6,93,7,14,98,26,6,16,428,0,0.0,2,100.0,0,59,1,93.9,0,7,4,50.0,7,2,77.8,15,0,2
https://rugby-union-feeds.incrowdsports.com/v1/matches/288526,288526,1002,202501,Top 14,2025-10-04,5,Perpignan,Stade Francais Paris,Stade Francais Paris,away,11,28,3,21,50.7,60.8,4,321,87,26,6,101,5,18,101,19,6,23,648,4,100.0,0,0.0,0,53,2,96.6,3,11,0,91.7,12,1,92.3,9,0,0
https://rugby-union-feeds.incrowdsports.com/v1/matches/288525,288525,1002,202501,Top 14,2025-10-04,5,Bordeaux-Begles,Lyon O.U.,Bordeaux-Begles,home,32,20,17,13,59.4,70.2,5,712,166,39,16,206,13,16,108,25,7,28,863,2,40.0,1,100.0,0,107,1,96.5,7,14,1,87.5,5,0,100.0,12,0,1
https://rugby-union-feeds.incrowdsports.com/v1/matches/288525,288525,1002,202501,Top 14,2025-10-04,5,Bordeaux-Begles,Lyon O.U.,Lyon O.U.,away,32,20,17,13,40.6,29.8,2,485,103,25,7,107,12,10,199,39,6,25,731,2,100.0,2,100.0,0,60,1,91.5,1,10,3,66.7,6,0,100.0,10,0,1
https://rugby-union-feeds.incrowdsports.com/v1/matches/288521,288521,1002,202501,Top 14,2025-10-05,5,Bayonne,Toulouse,Bayonne,home,40,26,16,16,51.4,54.7,5,333,116,23,7,117,10,13,130,14,7,30,973,3,60.0,3,100.0,0,80,2,94.2,3,8,3,66.7,3,1,75.0,11,0,1
https://rugby-union-feeds.incrowdsports.com/v1/matches/288521,288521,1002,202501,Top 14,2025-10-05,5,Bayonne,Toulouse,Toulouse,away,40,26,16,16,48.6,45.3,3,356,123,14,3,114,13,13,141,23,7,32,790,1,33.3,3,60.0,0,75,1,97.5,4,7,5,50.0,3,2,60.0,7,0,0
https://rugby-union-feeds.incrowdsports.com/v1/matches/288530,288530,1002,202501,Top 14,2025-10-11,6,Pau,Bayonne,Pau,home,47,24,20,10,60.6,57.8,6,519,124,36,9,114,11,12,92,10,6,25,861,4,66.7,3,100.0,0,85,3,96.8,7,14,1,87.5,8,3,72.7,10,0,1
https://rugby-union-feeds.incrowdsports.com/v1/matches/288530,288530,1002,202501,Top 14,2025-10-11,6,Pau,Bayonne,Bayonne,away,47,24,20,10,39.4,42.2,3,406,81,10,8,96,12,20,146,36,4,22,753,3,100.0,1,100.0,0,43,2,90.0,7,14,3,82.3,3,0,100.0,15,1,1
https://rugby-union-feeds.incrowdsports.com/v1/matches/288528,288528,1002,202501,Top 14,2025-10-11,6,Lyon O.U.,Perpignan,Lyon O.U.,home,44,19,13,9,48.2,50.2,5,535,133,33,15,128,16,18,166,19,6,24,729,5,100.0,2,100.0,1,82,2,95.5,4,9,2,81.8,3,1,75.0,8,0,1
https://rugby-union-feeds.incrowdsports.com/v1/matches/288528,288528,1002,202501,Top 14,2025-10-11,6,Lyon O.U.,Perpignan,Perpignan,away,44,19,13,9,51.8,49.8,2,466,147,19,4,143,11,11,146,33,8,24,544,0,0.0,3,100.0,0,101,1,95.4,2,6,2,75.0,9,2,81.8,11,0,1
https://rugby-union-feeds.incrowdsports.com/v1/matches/288529,288529,1002,202501,Top 14,2025-10-11,6,Racing 92,Montpellier,Racing 92,home,32,25,13,13,46.3,48.1,4,431,111,25,11,101,14,12,184,12,7,26,729,3,75.0,2,40.0,0,80,0,96.4,2,5,2,71.4,4,0,100.0,11,0,1
https://rugby-union-feeds.incrowdsports.com/v1/matches/288529,288529,1002,202501,Top 14,2025-10-11,6,Racing 92,Montpellier,Montpellier,away,32,25,13,13,53.7,51.9,3,294,124,12,5,135,3,9,136,25,4,23,726,2,66.7,2,50.0,0,93,1,93.3,7,14,1,93.3,3,1,75.0,9,1,0
https://rugby-union-feeds.incrowdsports.com/v1/matches/288531,288531,1002,202501,Top 14,2025-10-11,6,Stade Francais Paris,La Rochelle,Stade Francais Paris,home,26,24,7,6,50.5,50.0,2,409,108,20,4,92,12,13,103,16,3,22,579,2,100.0,4,80.0,0,63,1,95.5,4,12,1,85.7,4,2,66.7,14,0,0
https://rugby-union-feeds.incrowdsports.com/v1/matches/288531,288531,1002,202501,Top 14,2025-10-11,6,Stade Francais Paris,La Rochelle,La Rochelle,away,26,24,7,6,49.5,50.0,2,253,88,16,4,82,7,13,112,20,4,31,930,1,50.0,4,100.0,0,60,1,95.5,3,10,2,83.3,5,2,71.4,13,0,1
https://rugby-union-feeds.incrowdsports.com/v1/matches/288533,288533,1002,202501,Top 14,2025-10-11,6,Montauban,Castres Olympique,Montauban,home,28,32,7,26,34.6,33.2,4,336,63,20,7,51,3,20,148,25,6,10,262,4,100.0,0,,0,33,2,89.7,4,8,3,66.7,4,0,100.0,11,1,0
https://rugby-union-feeds.incrowdsports.com/v1/matches/288533,288533,1002,202501,Top 14,2025-10-11,6,Montauban,Castres Olympique,Castres Olympique,away,28,32,7,26,65.4,66.8,4,433,132,25,6,138,5,9,67,20,9,20,540,3,75.0,2,66.7,0,85,2,96.7,4,9,1,90.0,11,2,84.6,12,1,1
https://rugby-union-feeds.incrowdsports.com/v1/matches/288527,288527,1002,202501,Top 14,2025-10-11,6,Clermont Auvergne,Toulon,Clermont Auvergne,home,27,10,20,3,51.9,55.1,3,484,119,26,12,111,11,16,119,24,6,22,844,2,100.0,2,66.7,0,72,4,91.5,3,11,2,78.6,5,0,100.0,12,0,1
https://rugby-union-feeds.incrowdsports.com/v1/matches/288527,288527,1002,202501,Top 14,2025-10-11,6,Clermont Auvergne,Toulon,Toulon,away,27,10,20,3,48.1,44.9,1,581,120,24,9,121,17,14,116,26,10,25,694,1,100.0,1,50.0,0,65,2,89.3,4,9,4,69.2,10,1,90.9,15,0,3
https://rugby-union-feeds.incrowdsports.com/v1/matches/288532,288532,1002,202501,Top 14,2025-10-12,6,Toulouse,Bordeaux-Begles,Toulouse,home,56,13,35,3,45.6,52.3,8,756,140,26,21,159,20,21,159,22,6,18,478,8,100.0,0,,0,63,1,95.7,4,12,1,85.7,7,0,100.0,9,0,0
https://rugby-union-feeds.incrowdsports.com/v1/matches/288532,288532,1002,202501,Top 14,2025-10-12,6,Toulouse,Bordeaux-Begles,Bordeaux-Begles,away,56,13,35,3,54.4,47.7,2,510,150,22,8,151,16,14,113,26,6,12,321,0,0.0,1,50.0,0,94,1,96.1,3,9,2,69.2,4,1,80.0,12,0,0
https://rugby-union-feeds.incrowdsports.com/v1/matches/288534,288534,1002,202501,Top 14,2025-10-18,7,Bayonne,Clermont Auvergne,Bayonne,home,44,17,25,3,58.0,62.0,6,385,96,32,11,103,5,11,81,12,3,26,883,4,66.7,2,100.0,0,65,3,94.4,2,14,1,93.3,7,1,87.5,12,0,0
https://rugby-union-feeds.incrowdsports.com/v1/matches/288534,288534,1002,202501,Top 14,2025-10-18,7,Bayonne,Clermont Auvergne,Clermont Auvergne,away,44,17,25,3,42.0,38.0,2,219,62,12,1,65,3,15,124,32,5,22,720,2,100.0,1,50.0,0,43,1,91.5,10,16,1,84.2,4,2,66.7,12,0,1
https://rugby-union-feeds.incrowdsports.com/v1/matches/288535,288535,1002,202501,Top 14,2025-10-18,7,Castres Olympique,Stade Francais Paris,Castres Olympique,home,29,24,22,7,60.1,54.4,4,423,132,21,8,129,9,11,89,25,3,26,776,3,75.0,1,100.0,0,89,1,95.7,2,8,2,72.7,9,0,100.0,11,0,2
https://rugby-union-feeds.incrowdsports.com/v1/matches/288535,288535,1002,202501,Top 14,2025-10-18,7,Castres Olympique,Stade Francais Paris,Stade Francais Paris,away,29,24,22,7,39.9,45.5,3,428,83,25,7,67,7,12,163,21,5,16,481,3,100.0,1,50.0,0,45,0,97.9,5,13,3,76.5,6,1,85.7,6,0,2
https://rugby-union-feeds.incrowdsports.com/v1/matches/288536,288536,1002,202501,Top 14,2025-10-18,7,Montpellier,Lyon O.U.,Montpellier,home,35,13,20,3,45.9,46.3,5,318,106,10,7,107,7,15,166,16,7,24,582,2,40.0,2,100.0,0,74,2,97.5,3,11,0,84.6,3,1,75.0,11,0,1
https://rugby-union-feeds.incrowdsports.com/v1/matches/288536,288536,1002,202501,Top 14,2025-10-18,7,Montpellier,Lyon O.U.,Lyon O.U.,away,35,13,20,3,54.1,53.7,2,365,135,16,3,103,17,15,117,10,3,15,424,0,0.0,1,100.0,0,96,2,96.2,3,9,1,81.8,4,4,50.0,10,0,0
https://rugby-union-feeds.incrowdsports.com/v1/matches/288539,288539,1002,202501,Top 14,2025-10-18,7,La Rochelle,Montauban,La Rochelle,home,54,19,28,0,47.3,54.0,8,657,117,35,15,138,18,15,118,12,9,22,808,6,85.7,0,,0,51,3,86.4,5,12,0,100.0,4,2,66.7,15,0,1
https://rugby-union-feeds.incrowdsports.com/v1/matches/288539,288539,1002,202501,Top 14,2025-10-18,7,La Rochelle,Montauban,Montauban,away,54,19,28,0,52.7,46.0,3,305,96,12,3,90,3,14,97,35,12,20,475,2,66.7,0,0.0,0,62,2,93.1,1,12,2,70.6,7,0,100.0,9,0,1
https://rugby-union-feeds.incrowdsports.com/v1/matches/288540,288540,1002,202501,Top 14,2025-10-18,7,Perpignan,Bordeaux-Begles,Perpignan,home,12,27,7,20,58.6,51.6,2,733,151,30,17,147,15,18,65,21,3,23,818,0,0.0,0,,0,81,2,94.5,1,9,6,47.4,7,2,77.8,8,0,1
https://rugby-union-feeds.incrowdsports.com/v1/matches/288540,288540,1002,202501,Top 14,2025-10-18,7,Perpignan,Bordeaux-Begles,Bordeaux-Begles,away,12,27,7,20,41.4,48.4,3,615,103,21,17,123,11,16,155,30,11,38,1374,3,100.0,2,100.0,0,39,0,93.0,5,10,1,90.9,5,2,71.4,11,0,2
https://rugby-union-feeds.incrowdsports.com/v1/matches/288538,288538,1002,202501,Top 14,2025-10-18,7,Pau,Toulouse,Pau,home,30,26,13,20,47.7,52.6,3,318,99,23,5,98,7,16,135,16,7,31,928,3,100.0,3,75.0,0,72,3,93.8,4,14,0,100.0,5,0,100.0,10,0,0
https://rugby-union-feeds.incrowdsports.com/v1/matches/288538,288538,1002,202501,Top 14,2025-10-18,7,Pau,Toulouse,Toulouse,away,30,26,13,20,52.3,47.4,2,386,130,16,4,105,11,18,130,23,7,33,769,2,100.0,4,100.0,0,86,4,95.7,7,10,3,76.9,3,0,100.0,10,0,1
https://rugby-union-feeds.incrowdsports.com/v1/matches/288537,288537,1002,202501,Top 14,2025-10-19,7,Toulon,Racing 92,Toulon,home,45,21,24,7,53.4,53.6,6,402,129,25,10,151,10,14,151,22,5,23,637,6,100.0,1,100.0,0,84,1,97.8,3,14,3,77.8,9,0,100.0,6,0,0
https://rugby-union-feeds.incrowdsports.com/v1/matches/288537,288537,1002,202501,Top 14,2025-10-19,7,Toulon,Racing 92,Racing 92,away,45,21,24,7,46.6,46.4,3,329,122,22,5,102,16,15,138,25,6,23,512,3,100.0,0,,0,78,1,96.3,3,12,3,80.0,3,2,60.0,10,0,0
https://rugby-union-feeds.incrowdsports.com/v1/matches/288542,288542,1002,202501,Top 14,2025-10-25,8,Lyon O.U.,La Rochelle,Lyon O.U.,home,19,36,19,28,45.8,43.2,3,308,99,29,6,72,8,12,133,22,1,18,393,2,66.7,0,0.0,0,61,1,92.8,3,9,1,75.0,3,4,42.9,12,0,1
https://rugby-union-feeds.incrowdsports.com/v1/matches/288542,288542,1002,202501,Top 14,2025-10-25,8,Lyon O.U.,La Rochelle,La Rochelle,away,19,36,19,28,54.2,56.8,5,360,121,22,10,142,13,12,120,29,7,28,765,4,80.0,1,25.0,0,77,0,100.0,5,13,0,92.9,5,2,71.4,7,0,1
https://rugby-union-feeds.incrowdsports.com/v1/matches/288541,288541,1002,202501,Top 14,2025-10-25,8,Clermont Auvergne,Castres Olympique,Clermont Auvergne,home,63,14,14,6,58.0,65.4,9,527,116,26,12,115,11,15,92,17,6,31,935,8,100.0,0,,0,72,1,97.4,9,14,0,87.5,5,1,83.3,7,0,1
https://rugby-union-feeds.incrowdsports.com/v1/matches/288541,288541,1002,202501,Top 14,2025-10-25,8,Clermont Auvergne,Castres Olympique,Castres Olympique,away,63,14,14,6,42.0,34.6,1,188,70,17,4,68,6,8,120,26,3,22,787,0,0.0,3,100.0,0,52,1,93.1,2,11,3,73.3,3,4,42.9,11,0,1
https://rugby-union-feeds.incrowdsports.com/v1/matches/288543,288543,1002,202501,Top 14,2025-10-25,8,Racing 92,Pau,Racing 92,home,15,10,6,10,43.0,44.9,0,306,82,8,0,87,10,19,163,32,9,34,961,0,,5,100.0,0,57,1,96.8,5,13,1,81.2,6,0,100.0,12,0,0
https://rugby-union-feeds.incrowdsports.com/v1/matches/288543,288543,1002,202501,Top 14,2025-10-25,8,Racing 92,Pau,Pau,away,15,10,6,10,57.0,55.1,2,410,133,32,9,122,10,16,100,8,3,32,886,0,0.0,0,0.0,0,92,0,96.9,5,9,1,75.0,6,1,85.7,12,0,0
https://rugby-union-feeds.incrowdsports.com/v1/matches/288544,288544,1002,202501,Top 14,2025-10-25,8,Stade Francais Paris,Montpellier,Stade Francais Paris,home,35,12,21,0,45.7,48.7,5,473,114,21,14,126,13,19,164,28,10,37,1055,5,100.0,0,,0,72,0,97.3,2,16,0,88.9,5,1,83.3,6,0,0
https://rugby-union-feeds.incrowdsports.com/v1/matches/288544,288544,1002,202501,Top 14,2025-10-25,8,Stade Francais Paris,Montpellier,Montpellier,away,35,12,21,0,54.3,51.3,2,416,123,28,5,139,4,21,115,21,6,32,841,1,50.0,0,,0,93,3,97.0,4,17,1,89.5,4,2,66.7,5,0,0
https://rugby-union-feeds.incrowdsports.com/v1/matches/288547,288547,1002,202501,Top 14,2025-10-25,8,Montauban,Perpignan,Montauban,home,29,22,17,15,48.7,48.9,2,265,79,15,3,94,2,10,107,18,8,22,701,2,100.0,5,100.0,0,54,0,98.2,2,11,1,91.7,6,4,60.0,14,1,0
https://rugby-union-feeds.incrowdsports.com/v1/matches/288547,288547,1002,202501,Top 14,2025-10-25,8,Montauban,Perpignan,Perpignan,away,29,22,17,15,51.3,51.1,1,312,86,18,3,80,4,16,107,15,4,18,632,1,100.0,5,100.0,0,54,1,90.5,4,11,1,84.6,4,2,66.7,15,0,3
https://rugby-union-feeds.incrowdsports.com/v1/matches/288546,288546,1002,202501,Top 14,2025-10-25,8,Bordeaux-Begles,Bayonne,Bordeaux-Begles,home,41,12,31,0,43.5,59.3,6,586,110,24,18,108,7,15,148,20,6,37,1162,4,66.7,1,100.0,0,46,2,90.2,12,22,2,91.7,6,0,100.0,6,0,0
https://rugby-union-feeds.incrowdsports.com/v1/matches/288546,288546,1002,202501,Top 14,2025-10-25,8,Bordeaux-Begles,Bayonne,Bayonne,away,41,12,31,0,56.5,40.7,2,464,123,20,9,117,7,15,89,24,10,37,1054,1,50.0,0,,0,85,0,95.6,2,10,2,83.3,5,1,83.3,10,0,1
https://rugby-union-feeds.incrowdsports.com/v1/matches/288545,288545,1002,202501,Top 14,2025-10-26,8,Toulouse,Toulon,Toulouse,home,59,24,24,3,56.0,57.8,8,627,127,31,9,149,16,12,112,19,7,24,742,8,100.0,1,100.0,0,68,1,96.0,10,18,1,90.0,4,0,100.0,7,0,1
https://rugby-union-feeds.incrowdsports.com/v1/matches/288545,288545,1002,202501,Top 14,2025-10-26,8,Toulouse,Toulon,Toulon,away,59,24,24,3,44.0,42.2,3,502,95,19,10,100,8,13,121,31,4,17,546,3,100.0,1,100.0,0,55,2,93.5,1,10,0,90.9,4,2,66.7,11,0,3
https://rugby-union-feeds.incrowdsports.com/v1/matches/288551,288551,1002,202501,Top 14,2025-11-01,9,Toulon,Lyon O.U.,Toulon,home,54,21,21,9,53.5,53.1,8,432,118,14,9,125,11,10,131,18,4,29,773,5,83.3,0,,0,81,0,97.6,8,14,1,93.3,6,0,100.0,12,0,1
https://rugby-union-feeds.incrowdsports.com/v1/matches/288551,288551,1002,202501,Top 14,2025-11-01,9,Toulon,Lyon O.U.,Lyon O.U.,away,54,21,21,9,46.5,46.9,2,330,112,18,5,92,9,14,119,14,6,27,759,1,50.0,3,100.0,0,65,1,97.2,6,9,2,75.0,3,1,75.0,10,0,3
https://rugby-union-feeds.incrowdsports.com/v1/matches/288548,288548,1002,202501,Top 14,2025-11-01,9,Bayonne,Montauban,Bayonne,home,49,7,28,0,51.0,56.1,7,513,95,35,10,116,10,9,112,24,11,31,949,7,100.0,0,,0,58,0,95.2,1,12,6,66.7,6,1,85.7,11,0,2
https://rugby-union-feeds.incrowdsports.com/v1/matches/288548,288548,1002,202501,Top 14,2025-11-01,9,Bayonne,Montauban,Montauban,away,49,7,28,0,49.0,43.9,1,417,102,24,12,113,14,18,102,35,4,24,730,1,100.0,0,,0,54,2,95.1,3,13,0,86.7,3,3,50.0,11,0,1
https://rugby-union-feeds.incrowdsports.com/v1/matches/288549,288549,1002,202501,Top 14,2025-11-01,9,Castres Olympique,Bordeaux-Begles,Castres Olympique,home,26,28,7,13,52.7,58.1,4,481,134,20,11,160,10,22,127,25,2,23,604,3,75.0,0,,0,86,3,93.8,2,15,2,83.3,6,1,85.7,7,0,0
https://rugby-union-feeds.incrowdsports.com/v1/matches/288549,288549,1002,202501,Top 14,2025-11-01,9,Castres Olympique,Bordeaux-Begles,Bordeaux-Begles,away,26,28,7,13,47.3,41.9,4,467,121,25,8,113,13,14,155,20,5,35,859,1,25.0,2,100.0,0,75,0,98.7,3,8,1,80.0,8,1,88.9,6,0,0
https://rugby-union-feeds.incrowdsports.com/v1/matches/288550,288550,1002,202501,Top 14,2025-11-01,9,Montpellier,Clermont Auvergne,Montpellier,home,7,9,0,3,44.1,40.6,1,290,90,17,1,68,3,18,164,27,8,35,932,1,100.0,0,0.0,0,67,1,93.2,2,9,2,75.0,7,1,87.5,10,0,0
https://rugby-union-feeds.incrowdsports.com/v1/matches/288550,288550,1002,202501,Top 14,2025-11-01,9,Montpellier,Clermont Auvergne,Clermont Auvergne,away,7,9,0,3,55.9,59.4,0,471,136,27,10,121,17,17,112,17,7,36,990,0,,3,75.0,0,93,1,97.0,1,11,3,73.3,8,1,88.9,7,0,0
https://rugby-union-feeds.incrowdsports.com/v1/matches/288552,288552,1002,202501,Top 14,2025-11-01,9,Pau,Perpignan,Pau,home,27,23,15,6,50.2,51.0,4,341,109,18,5,106,5,12,139,14,4,21,665,2,50.0,1,100.0,0,65,1,97.2,10,17,2,89.5,3,1,75.0,12,0,1
https://rugby-union-feeds.incrowdsports.com/v1/matches/288552,288552,1002,202501,Top 14,2025-11-01,9,Pau,Perpignan,Perpignan,away,27,23,15,6,49.8,49.0,2,422,113,14,2,115,14,7,121,18,5,22,745,2,100.0,3,60.0,0,69,1,96.1,4,8,0,72.7,5,2,71.4,15,0,3
https://rugby-union-feeds.incrowdsports.com/v1/matches/288554,288554,1002,202501,Top 14,2025-11-01,9,Toulouse,Stade Francais Paris,Toulouse,home,29,17,3,10,68.1,74.4,4,570,182,31,7,152,10,16,66,4,5,28,788,3,75.0,1,50.0,0,111,3,96.7,5,17,1,89.5,4,2,66.7,7,0,0
https://rugby-union-feeds.incrowdsports.com/v1/matches/288554,288554,1002,202501,Top 14,2025-11-01,9,Toulouse,Stade Francais Paris,Stade Francais Paris,away,29,17,3,10,31.9,25.6,2,279,62,4,4,47,6,14,197,31,10,32,1058,2,100.0,1,50.0,0,35,1,92.5,1,12,2,80.0,4,0,100.0,17,0,3
https://rugby-union-feeds.incrowdsports.com/v1/matches/288553,288553,1002,202501,Top 14,2025-11-02,9,La Rochelle,Racing 92,La Rochelle,home,33,6,16,6,54.9,62.4,3,364,112,36,7,139,9,13,117,14,5,37,1122,3,100.0,4,100.0,0,78,1,98.8,3,20,0,100.0,4,1,80.0,9,0,1
https://rugby-union-feeds.incrowdsports.com/v1/matches/288553,288553,1002,202501,Top 14,2025-11-02,9,La Rochelle,Racing 92,Racing 92,away,33,6,16,6,45.1,37.6,0,284,97,14,2,101,9,17,137,36,5,30,881,0,,2,66.7,0,61,1,94.0,0,17,0,94.4,3,3,50.0,10,0,0
https://rugby-union-feeds.incrowdsports.com/v1/matches/288510,288510,1002,202501,Top 14,2025-11-08,3,Toulon,La Rochelle,Toulon,home,39,14,17,7,49.4,49.8,6,409,119,25,14,112,11,9,147,15,8,36,1166,3,50.0,1,50.0,0,70,1,94.7,2,10,0,83.3,5,1,83.3,10,0,1
https://rugby-union-feeds.incrowdsports.com/v1/matches/288510,288510,1002,202501,Top 14,2025-11-08,3,Toulon,La Rochelle,La Rochelle,away,39,14,17,7,50.6,50.2,2,262,110,15,1,101,6,10,116,25,3,22,817,2,100.0,0,0.0,0,78,2,94.1,5,13,4,68.4,3,1,75.0,10,0,1
https://rugby-union-feeds.incrowdsports.com/v1/matches/288559,288559,1002,202501,Top 14,2025-11-21,10,Bordeaux-Begles,Pau,Bordeaux-Begles,home,33,34,19,23,46.9,52.1,5,387,138,22,4,118,11,9,162,20,4,21,608,4,80.0,0,,0,91,1,96.9,7,12,3,75.0,3,1,75.0,9,0,0
https://rugby-union-feeds.incrowdsports.com/v1/matches/288559,288559,1002,202501,Top 14,2025-11-21,10,Bordeaux-Begles,Pau,Pau,away,33,34,19,23,53.1,47.9,3,353,135,20,5,122,5,11,156,22,3,34,914,2,66.7,5,83.3,0,102,1,99.1,2,9,0,100.0,4,0,100.0,5,0,0
https://rugby-union-feeds.incrowdsports.com/v1/matches/288555,288555,1002,202501,Top 14,2025-11-22,10,Lyon O.U.,Clermont Auvergne,Lyon O.U.,home,43,24,17,12,52.4,50.8,6,547,129,28,13,132,7,9,134,15,6,24,770,5,83.3,1,100.0,0,96,1,96.0,5,8,0,88.9,5,1,83.3,9,0,0
https://rugby-union-feeds.incrowdsports.com/v1/matches/288555,288555,1002,202501,Top 14,2025-11-22,10,Lyon O.U.,Clermont Auvergne,Clermont Auvergne,away,43,24,17,12,47.6,49.2,4,426,130,15,8,133,14,12,164,28,6,24,717,2,50.0,0,0.0,0,85,1,96.7,5,12,2,80.0,3,1,75.0,5,0,0
https://rugby-union-feeds.incrowdsports.com/v1/matches/288556,288556,1002,202501,Top 14,2025-11-22,10,Racing 92,Bayonne,Racing 92,home,47,27,20,24,51.7,51.2,6,391,108,33,13,102,17,10,119,17,2,24,635,4,66.7,3,100.0,0,64,0,100.0,3,10,2,76.9,8,0,100.0,7,0,1
https://rugby-union-feeds.incrowdsports.com/v1/matches/288556,288556,1002,202501,Top 14,2025-11-22,10,Racing 92,Bayonne,Bayonne,away,47,27,20,24,48.3,48.8,3,262,89,17,4,101,6,8,121,33,4,17,619,3,100.0,2,100.0,0,64,1,97.1,4,9,1,75.0,3,4,42.9,13,0,0
https://rugby-union-feeds.incrowdsports.com/v1/matches/288558,288558,1002,202501,Top 14,2025-11-22,10,La Rochelle,Castres Olympique,La Rochelle,home,17,19,10,13,62.9,63.3,2,254,135,22,2,159,6,12,68,27,5,26,707,2,100.0,1,100.0,0,99,2,96.2,13,21,3,87.5,2,2,50.0,11,0,1
https://rugby-union-feeds.incrowdsports.com/v1/matches/288558,288558,1002,202501,Top 14,2025-11-22,10,La Rochelle,Castres Olympique,Castres Olympique,away,17,19,10,13,37.1,36.7,1,301,80,27,4,87,11,8,179,22,6,31,735,1,100.0,4,100.0,0,39,1,87.8,5,11,0,84.6,3,1,75.0,16,0,3
https://rugby-union-feeds.incrowdsports.com/v1/matches/288560,288560,1002,202501,Top 14,2025-11-22,10,Montauban,Toulouse,Montauban,home,7,49,0,28,58.3,60.5,1,430,148,30,5,189,14,11,84,26,4,27,680,1,100.0,0,,0,88,2,94.8,3,16,3,84.2,6,2,75.0,10,0,0
https://rugby-union-feeds.incrowdsports.com/v1/matches/288560,288560,1002,202501,Top 14,2025-11-22,10,Montauban,Toulouse,Toulouse,away,7,49,0,28,41.7,39.5,7,494,83,26,13,96,6,14,153,30,9,29,747,7,100.0,0,,0,55,0,98.2,5,13,3,76.5,2,0,100.0,9,0,0
https://rugby-union-feeds.incrowdsports.com/v1/matches/288561,288561,1002,202501,Top 14,2025-11-22,10,Perpignan,Montpellier,Perpignan,home,0,28,0,13,39.3,38.2,0,178,75,11,0,58,4,14,179,23,4,25,807,0,,0,0.0,0,52,1,94.8,4,10,2,76.9,4,1,80.0,12,0,1
https://rugby-union-feeds.incrowdsports.com/v1/matches/288561,288561,1002,202501,Top 14,2025-11-22,10,Perpignan,Montpellier,Montpellier,away,0,28,0,13,60.7,61.8,3,511,149,23,10,139,16,11,103,11,1,31,744,2,66.7,2,66.7,1,89,1,96.9,5,14,0,93.3,11,0,100.0,8,0,0
https://rugby-union-feeds.incrowdsports.com/v1/matches/288557,288557,1002,202501,Top 14,2025-11-23,10,Stade Francais Paris,Toulon,Stade Francais Paris,home,51,24,23,10,40.0,38.6,6,316,72,11,8,76,11,14,116,21,7,25,818,5,100.0,3,75.0,0,29,1,91.2,6,11,4,68.8,2,2,50.0,12,0,1
https://rugby-union-feeds.incrowdsports.com/v1/matches/288557,288557,1002,202501,Top 14,2025-11-23,10,Stade Francais Paris,Toulon,Toulon,away,51,24,23,10,60.0,61.4,3,349,105,21,3,131,6,15,63,11,3,21,593,3,100.0,1,50.0,0,61,2,92.9,3,9,2,81.8,5,3,62.5,19,0,2
https://rugby-union-feeds.incrowdsports.com/v1/matches/288565,288565,1002,202501,Top 14,2025-11-29,11,Montpellier,Bordeaux-Begles,Montpellier,home,28,24,21,10,57.7,54.3,4,516,140,25,7,161,8,17,125,26,9,31,814,4,100.0,0,,0,105,4,96.4,3,6,0,85.7,5,1,83.3,5,0,0
https://rugby-union-feeds.incrowdsports.com/v1/matches/288565,288565,1002,202501,Top 14,2025-11-29,11,Montpellier,Bordeaux-Begles,Bordeaux-Begles,away,28,24,21,10,42.3,45.7,3,569,112,26,21,161,11,14,178,25,7,26,738,3,100.0,1,100.0,0,68,3,93.3,2,12,4,66.7,5,1,83.3,7,0,0
https://rugby-union-feeds.incrowdsports.com/v1/matches/288562,288562,1002,202501,Top 14,2025-11-29,11,Clermont Auvergne,Stade Francais Paris,Clermont Auvergne,home,36,32,17,10,49.2,45.0,4,530,112,26,5,100,12,15,148,26,5,28,923,2,50.0,4,100.0,0,71,2,96.0,5,7,2,77.8,5,2,71.4,9,0,0
https://rugby-union-feeds.incrowdsports.com/v1/matches/288562,288562,1002,202501,Top 14,2025-11-29,11,Clermont Auvergne,Stade Francais Paris,Stade Francais Paris,away,36,32,17,10,50.8,55.0,4,337,113,26,5,97,8,14,129,26,6,27,884,3,75.0,2,66.7,0,80,1,98.8,2,11,2,73.3,5,0,100.0,7,0,0
https://rugby-union-feeds.incrowdsports.com/v1/matches/288563,288563,1002,202501,Top 14,2025-11-29,11,Bayonne,Lyon O.U.,Bayonne,home,22,20,13,10,54.1,57.2,1,324,106,24,6,132,7,12,109,15,6,22,597,1,100.0,5,100.0,0,68,2,93.4,5,12,2,80.0,5,1,83.3,16,0,2
https://rugby-union-feeds.incrowdsports.com/v1/matches/288563,288563,1002,202501,Top 14,2025-11-29,11,Bayonne,Lyon O.U.,Lyon O.U.,away,22,20,13,10,45.9,42.8,2,294,100,15,2,91,10,13,131,24,5,19,544,2,100.0,2,66.7,0,54,1,95.1,3,11,3,64.7,4,1,80.0,11,0,1
https://rugby-union-feeds.incrowdsports.com/v1/matches/288564,288564,1002,202501,Top 14,2025-11-29,11,Castres Olympique,Perpignan,Castres Olympique,home,23,7,7,7,55.0,61.4,2,481,122,18,2,116,7,17,107,32,5,37,993,2,100.0,3,75.0,0,78,1,94.1,9,16,1,94.1,5,0,100.0,4,0,0
https://rugby-union-feeds.incrowdsports.com/v1/matches/288564,288564,1002,202501,Top 14,2025-11-29,11,Castres Olympique,Perpignan,Perpignan,away,23,7,7,7,45.0,38.6,1,272,96,32,4,109,4,13,144,18,6,36,931,1,100.0,0,,0,67,2,94.4,2,7,0,100.0,8,2,80.0,10,0,1
https://rugby-union-feeds.incrowdsports.com/v1/matches/288566,288566,1002,202501,Top 14,2025-11-29,11,Toulon,Montauban,Toulon,home,54,28,33,7,51.5,51.1,8,565,107,27,12,118,4,11,100,22,6,26,723,7,87.5,0,,0,56,0,95.2,2,13,3,76.5,6,0,100.0,8,0,0
https://rugby-union-feeds.incrowdsports.com/v1/matches/288566,288566,1002,202501,Top 14,2025-11-29,11,Toulon,Montauban,Montauban,away,54,28,33,7,48.5,48.9,4,430,103,22,9,111,8,8,109,27,6,23,660,4,100.0,0,,0,59,1,91.0,2,8,2,72.7,6,2,75.0,16,0,1
https://rugby-union-feeds.incrowdsports.com/v1/matches/288568,288568,1002,202501,Top 14,2025-11-29,11,Toulouse,Racing 92,Toulouse,home,48,24,15,3,52.4,53.0,7,491,129,28,7,134,5,12,139,15,5,30,919,5,71.4,1,100.0,0,83,2,95.5,7,15,3,79.0,8,0,100.0,11,0,0
https://rugby-union-feeds.incrowdsports.com/v1/matches/288568,288568,1002,202501,Top 14,2025-11-29,11,Toulouse,Racing 92,Racing 92,away,48,24,15,3,47.6,47.0,3,332,115,15,8,100,15,17,155,28,8,33,956,3,100.0,1,100.0,0,72,0,96.2,4,10,2,71.4,1,2,33.3,14,1,2
https://rugby-union-feeds.incrowdsports.com/v1/matches/288567,288567,1002,202501,Top 14,2025-11-30,11,Pau,La Rochelle,Pau,home,53,33,20,14,53.8,56.6,8,450,93,23,11,81,3,9,107,10,4,27,741,5,62.5,1,100.0,0,63,1,91.4,8,18,1,85.7,2,0,100.0,12,0,1
https://rugby-union-feeds.incrowdsports.com/v1/matches/288567,288567,1002,202501,Top 14,2025-11-30,11,Pau,La Rochelle,La Rochelle,away,53,33,20,14,46.2,43.4,5,116,79,10,4,72,4,9,102,23,7,26,753,4,80.0,0,,0,57,1,93.4,8,13,2,81.2,6,1,85.7,14,1,2
https://rugby-union-feeds.incrowdsports.com/v1/matches/288571,288571,1002,202501,Top 14,2025-12-20,12,Stade Francais Paris,Racing 92,Stade Francais Paris,home,20,20,10,8,50.2,50.0,2,305,116,18,3,102,14,19,132,16,2,30,926,1,100.0,2,100.0,0,67,0,95.8,5,16,1,94.1,8,0,100.0,13,0,2
https://rugby-union-feeds.incrowdsports.com/v1/matches/288571,288571,1002,202501,Top 14,2025-12-20,12,Stade Francais Paris,Racing 92,Racing 92,away,20,20,10,8,49.8,50.0,3,275,119,16,3,97,8,14,134,18,8,35,932,1,33.3,0,,1,74,1,96.2,5,18,6,72.0,8,0,100.0,13,0,3
https://rugby-union-feeds.incrowdsports.com/v1/matches/288570,288570,1002,202501,Top 14,2025-12-20,12,Montpellier,Castres Olympique,Montpellier,home,33,31,20,14,55.7,60.5,3,557,115,37,8,124,8,19,95,22,6,33,809,3,100.0,4,100.0,0,78,0,96.4,2,3,0,75.0,5,0,100.0,9,0,0
https://rugby-union-feeds.incrowdsports.com/v1/matches/288570,288570,1002,202501,Top 14,2025-12-20,12,Montpellier,Castres Olympique,Castres Olympique,away,33,31,20,14,44.3,39.5,4,287,94,22,5,110,8,13,137,37,6,28,885,4,100.0,1,100.0,0,57,1,93.7,3,13,1,81.2,8,2,80.0,8,0,1
https://rugby-union-feeds.incrowdsports.com/v1/matches/288575,288575,1002,202501,Top 14,2025-12-20,12,Perpignan,Clermont Auvergne,Perpignan,home,26,20,16,6,43.1,33.5,2,331,70,26,12,59,8,11,132,14,6,26,655,2,100.0,4,80.0,0,45,1,97.9,1,9,3,69.2,6,2,75.0,9,1,0
https://rugby-union-feeds.incrowdsports.com/v1/matches/288575,288575,1002,202501,Top 14,2025-12-20,12,Perpignan,Clermont Auvergne,Clermont Auvergne,away,26,20,16,6,56.9,66.5,2,413,107,14,3,117,4,14,82,26,3,22,538,2,100.0,2,66.7,0,67,0,93.2,5,7,2,77.8,7,2,77.8,13,0,0
https://rugby-union-feeds.incrowdsports.com/v1/matches/288572,288572,1002,202501,Top 14,2025-12-20,12,La Rochelle,Bayonne,La Rochelle,home,49,17,30,3,62.6,70.6,7,450,120,24,11,136,10,11,61,6,5,36,1007,4,57.1,2,100.0,0,83,1,98.8,8,19,2,79.2,2,0,100.0,5,0,0
https://rugby-union-feeds.incrowdsports.com/v1/matches/288572,288572,1002,202501,Top 14,2025-12-20,12,La Rochelle,Bayonne,Bayonne,away,49,17,30,3,37.4,29.4,2,237,70,6,3,73,3,11,140,24,2,29,714,2,100.0,1,100.0,0,40,0,95.3,3,8,3,72.7,6,2,75.0,14,0,3
https://rugby-union-feeds.incrowdsports.com/v1/matches/288574,288574,1002,202501,Top 14,2025-12-20,12,Montauban,Pau,Montauban,home,17,53,17,12,43.9,37.0,2,276,97,18,6,78,12,11,109,29,5,26,689,2,100.0,1,50.0,0,58,2,92.2,2,5,2,62.5,3,1,75.0,15,0,1
https://rugby-union-feeds.incrowdsports.com/v1/matches/288574,288574,1002,202501,Top 14,2025-12-20,12,Montauban,Pau,Pau,away,17,53,17,12,56.1,63.0,8,541,118,29,14,93,12,14,102,18,8,25,667,5,62.5,1,50.0,0,69,3,93.7,10,16,1,84.2,5,0,100.0,6,0,2
https://rugby-union-feeds.incrowdsports.com/v1/matches/288569,288569,1002,202501,Top 14,2025-12-20,12,Lyon O.U.,Toulouse,Lyon O.U.,home,19,41,7,17,37.0,41.4,3,318,101,12,4,94,5,14,222,36,5,22,747,2,66.7,0,,0,66,1,97.1,3,10,1,83.3,5,0,100.0,9,0,1
https://rugby-union-feeds.incrowdsports.com/v1/matches/288569,288569,1002,202501,Top 14,2025-12-20,12,Lyon O.U.,Toulouse,Toulouse,away,19,41,7,17,63.0,58.6,6,666,199,36,7,220,20,10,121,12,4,22,702,4,66.7,1,100.0,0,133,1,97.8,6,9,0,100.0,8,1,88.9,6,0,0
https://rugby-union-feeds.incrowdsports.com/v1/matches/288573,288573,1002,202501,Top 14,2025-12-21,12,Bordeaux-Begles,Toulon,Bordeaux-Begles,home,46,7,27,0,48.2,47.8,6,514,119,23,10,138,9,10,139,14,8,34,1278,5,83.3,2,100.0,0,67,1,95.8,3,6,0,100.0,8,2,80.0,14,0,1
https://rugby-union-feeds.incrowdsports.com/v1/matches/288573,288573,1002,202501,Top 14,2025-12-21,12,Bordeaux-Begles,Toulon,Toulon,away,46,7,27,0,51.8,52.2,1,329,112,14,0,88,5,17,108,23,2,27,874,1,100.0,0,,0,77,3,94.1,9,16,4,76.2,4,0,100.0,7,0,0
https://rugby-union-feeds.incrowdsports.com/v1/matches/288579,288579,1002,202501,Top 14,2025-12-27,13,Racing 92,Montauban,Racing 92,home,61,16,19,13,55.1,52.9,9,720,127,28,16,103,13,18,109,24,9,32,1052,8,88.9,0,,0,65,1,94.3,2,6,0,75.0,5,1,83.3,10,0,0
https://rugby-union-feeds.incrowdsports.com/v1/matches/288579,288579,1002,202501,Top 14,2025-12-27,13,Racing 92,Montauban,Montauban,away,61,16,19,13,44.9,47.1,1,432,107,24,5,129,15,21,115,28,9,30,915,1,100.0,3,100.0,0,50,4,88.1,3,9,2,75.0,7,2,77.8,9,0,0
https://rugby-union-feeds.incrowdsports.com/v1/matches/288578,288578,1002,202501,Top 14,2025-12-27,13,Castres Olympique,Lyon O.U.,Castres Olympique,home,36,22,10,15,51.2,55.9,5,547,154,24,5,153,10,16,185,35,9,22,664,4,80.0,1,50.0,0,98,3,96.3,3,14,0,100.0,5,0,100.0,6,0,0
https://rugby-union-feeds.incrowdsports.com/v1/matches/288578,288578,1002,202501,Top 14,2025-12-27,13,Castres Olympique,Lyon O.U.,Lyon O.U.,away,36,22,10,15,48.8,44.1,3,474,140,35,6,148,13,16,171,24,6,23,790,2,66.7,1,100.0,0,100,2,97.1,6,11,1,84.6,2,1,66.7,8,0,1
https://rugby-union-feeds.incrowdsports.com/v1/matches/288577,288577,1002,202501,Top 14,2025-12-27,13,Bayonne,Stade Francais Paris,Bayonne,home,35,34,25,24,59.4,58.2,4,412,126,31,8,125,9,15,94,9,7,29,781,3,75.0,3,75.0,0,91,2,97.9,3,11,1,64.7,0,2,0.0,8,0,1
https://rugby-union-feeds.incrowdsports.com/v1/matches/288577,288577,1002,202501,Top 14,2025-12-27,13,Bayonne,Stade Francais Paris,Stade Francais Paris,away,35,34,25,24,40.6,41.8,4,285,77,9,5,58,6,8,157,31,6,28,652,4,100.0,2,100.0,0,52,0,94.5,5,12,1,92.3,7,2,77.8,12,0,0
https://rugby-union-feeds.incrowdsports.com/v1/matches/288576,288576,1002,202501,Top 14,2025-12-27,13,Clermont Auvergne,Bordeaux-Begles,Clermont Auvergne,home,34,19,20,7,47.4,47.6,4,325,85,22,4,73,6,9,144,26,6,32,990,3,100.0,2,100.0,0,60,0,98.4,5,10,2,71.4,8,1,88.9,10,0,1
https://rugby-union-feeds.incrowdsports.com/v1/matches/288576,288576,1002,202501,Top 14,2025-12-27,13,Clermont Auvergne,Bordeaux-Begles,Bordeaux-Begles,away,34,19,20,7,52.6,52.4,3,460,130,26,9,149,15,20,99,22,4,24,844,2,66.7,0,,0,76,3,95.2,3,7,4,53.8,6,0,100.0,12,0,1
https://rugby-union-feeds.incrowdsports.com/v1/matches/288581,288581,1002,202501,Top 14,2025-12-28,13,Pau,Montpellier,Pau,home,35,33,15,14,49.4,49.3,4,431,125,27,11,126,10,6,153,24,1,21,579,3,75.0,3,75.0,0,80,1,96.5,5,12,1,85.7,4,2,66.7,14,0,2
https://rugby-union-feeds.incrowdsports.com/v1/matches/288581,288581,1002,202501,Top 14,2025-12-28,13,Pau,Montpellier,Montpellier,away,35,33,15,14,50.6,50.7,5,351,109,24,1,92,3,7,145,27,4,15,374,4,80.0,0,,0,79,0,96.5,8,11,1,78.6,0,0,0.0,13,0,1
https://rugby-union-feeds.incrowdsports.com/v1/matches/288580,288580,1002,202501,Top 14,2025-12-28,13,Toulon,Perpignan,Toulon,home,31,16,7,10,69.5,78.9,5,659,172,23,11,213,17,12,51,17,2,27,702,3,75.0,0,,0,105,1,97.3,7,12,0,85.7,11,0,100.0,7,0,0
https://rugby-union-feeds.incrowdsports.com/v1/matches/288580,288580,1002,202501,Top 14,2025-12-28,13,Toulon,Perpignan,Perpignan,away,31,16,7,10,30.5,21.1,1,230,53,17,6,60,5,10,195,23,6,27,828,1,100.0,3,100.0,0,28,0,96.9,2,8,1,72.7,6,1,85.7,9,0,1
https://rugby-union-feeds.incrowdsports.com/v1/matches/288582,288582,1002,202501,Top 14,2025-12-28,13,Toulouse,La Rochelle,Toulouse,home,60,14,36,7,61.8,64.0,9,534,163,42,21,181,18,10,71,16,9,32,979,6,66.7,1,100.0,0,82,1,97.7,8,18,0,100.0,3,1,75.0,7,0,0
https://rugby-union-feeds.incrowdsports.com/v1/matches/288582,288582,1002,202501,Top 14,2025-12-28,13,Toulouse,La Rochelle,La Rochelle,away,60,14,36,7,38.2,36.0,2,264,62,16,5,77,4,20,135,42,4,23,603,2,100.0,0,0.0,0,46,2,92.5,3,14,0,100.0,5,0,100.0,11,0,1
https://rugby-union-feeds.incrowdsports.com/v1/matches/288589,288589,1002,202501,Top 14,2026-01-03,14,Perpignan,Toulouse,Perpignan,home,30,27,11,21,46.4,41.3,4,327,93,7,7,98,6,13,167,36,14,28,760,2,50.0,2,100.0,0,65,1,95.7,2,10,2,83.3,1,1,50.0,9,0,0
https://rugby-union-feeds.incrowdsports.com/v1/matches/288589,288589,1002,202501,Top 14,2026-01-03,14,Perpignan,Toulouse,Toulouse,away,30,27,11,21,53.6,58.7,3,567,150,36,10,153,20,15,105,7,3,19,491,3,100.0,2,100.0,0,82,5,90.3,10,13,2,72.2,2,3,40.0,8,0,0
https://rugby-union-feeds.incrowdsports.com/v1/matches/288588,288588,1002,202501,Top 14,2026-01-03,14,Montauban,Clermont Auvergne,Montauban,home,19,34,7,17,42.0,42.0,3,252,100,17,4,93,8,10,141,32,4,14,487,2,66.7,0,,0,58,0,95.4,2,14,7,66.7,3,3,50.0,18,0,1
https://rugby-union-feeds.incrowdsports.com/v1/matches/288588,288588,1002,202501,Top 14,2026-01-03,14,Montauban,Clermont Auvergne,Clermont Auvergne,away,19,34,7,17,58.0,58.0,6,417,117,32,7,112,13,13,125,17,5,22,561,2,33.3,0,,0,80,0,97.7,14,17,0,85.0,6,1,85.7,15,0,1
https://rugby-union-feeds.incrowdsports.com/v1/matches/288583,288583,1002,202501,Top 14,2026-01-03,14,Lyon O.U.,Pau,Lyon O.U.,home,22,17,12,10,62.5,71.7,3,488,156,26,7,156,11,16,86,10,8,23,685,2,66.7,1,50.0,0,114,3,95.9,5,15,3,71.4,2,1,66.7,8,0,0
https://rugby-union-feeds.incrowdsports.com/v1/matches/288583,288583,1002,202501,Top 14,2026-01-03,14,Lyon O.U.,Pau,Pau,away,22,17,12,10,37.5,28.3,2,203,81,10,1,78,5,11,203,26,9,29,825,2,100.0,1,100.0,0,51,1,94.5,6,13,1,86.7,6,2,75.0,12,0,1
https://rugby-union-feeds.incrowdsports.com/v1/matches/288585,288585,1002,202501,Top 14,2026-01-03,14,Stade Francais Paris,Castres Olympique,Stade Francais Paris,home,33,15,14,0,47.4,47.9,5,332,107,19,8,95,7,15,138,24,9,20,582,4,80.0,0,,0,65,1,95.7,5,15,1,83.3,3,1,75.0,17,0,1
https://rugby-union-feeds.incrowdsports.com/v1/matches/288585,288585,1002,202501,Top 14,2026-01-03,14,Stade Francais Paris,Castres Olympique,Castres Olympique,away,33,15,14,0,52.6,52.1,2,473,125,24,8,138,6,16,112,19,4,19,510,1,50.0,1,33.3,0,77,2,93.1,2,8,2,72.7,7,1,87.5,15,0,1
https://rugby-union-feeds.incrowdsports.com/v1/matches/288584,288584,1002,202501,Top 14,2026-01-03,14,Montpellier,Bayonne,Montpellier,home,62,22,34,10,51.8,50.0,9,512,104,24,13,93,8,8,138,20,4,31,895,7,77.8,1,100.0,0,67,0,100.0,11,15,0,93.8,1,1,50.0,7,0,1
https://rugby-union-feeds.incrowdsports.com/v1/matches/288584,288584,1002,202501,Top 14,2026-01-03,14,Montpellier,Bayonne,Bayonne,away,62,22,34,10,48.2,50.0,3,416,126,20,10,138,11,9,118,24,5,19,567,2,66.7,1,100.0,0,69,2,93.5,4,11,3,78.6,4,1,80.0,12,0,1
https://rugby-union-feeds.incrowdsports.com/v1/matches/288587,288587,1002,202501,Top 14,2026-01-03,14,Bordeaux-Begles,Racing 92,Bordeaux-Begles,home,62,20,15,13,54.4,53.5,9,776,178,45,19,175,29,14,141,23,4,28,921,7,77.8,1,50.0,0,99,2,97.1,2,8,1,80.0,4,0,100.0,5,0,0
https://rugby-union-feeds.incrowdsports.com/v1/matches/288587,288587,1002,202501,Top 14,2026-01-03,14,Bordeaux-Begles,Racing 92,Racing 92,away,62,20,15,13,45.6,46.5,2,418,119,23,11,123,8,12,163,45,7,31,841,2,100.0,1,100.0,1,86,3,95.6,1,8,0,80.0,5,0,100.0,10,0,1
https://rugby-union-feeds.incrowdsports.com/v1/matches/288586,288586,1002,202501,Top 14,2026-01-04,14,La Rochelle,Toulon,La Rochelle,home,66,0,35,0,54.1,57.5,10,601,140,27,18,157,23,11,97,9,11,32,846,8,80.0,0,,0,57,1,95.2,12,21,3,84.0,6,0,100.0,7,0,0
https://rugby-union-feeds.incrowdsports.com/v1/matches/288586,288586,1002,202501,Top 14,2026-01-04,14,La Rochelle,Toulon,Toulon,away,66,0,35,0,45.9,42.5,0,214,90,9,3,98,4,15,113,27,8,22,558,0,,0,,0,56,4,89.5,2,13,2,81.2,3,0,100.0,16,0,0
https://rugby-union-feeds.incrowdsports.com/v1/matches/288595,288595,1002,202501,Top 14,2026-01-24,15,Bordeaux-Begles,Stade Francais Paris,Bordeaux-Begles,home,28,33,14,21,59.5,54.3,4,336,153,29,8,158,14,16,74,16,3,28,918,4,100.0,0,,0,96,2,97.1,4,11,4,64.7,4,2,66.7,7,0,0
https://rugby-union-feeds.incrowdsports.com/v1/matches/288595,288595,1002,202501,Top 14,2026-01-24,15,Bordeaux-Begles,Stade Francais Paris,Stade Francais Paris,away,28,33,14,21,40.5,45.7,5,346,83,16,3,74,7,13,170,29,5,41,1065,4,80.0,0,0.0,0,44,0,100.0,3,12,2,85.7,4,4,50.0,10,0,1
https://rugby-union-feeds.incrowdsports.com/v1/matches/288591,288591,1002,202501,Top 14,2026-01-24,15,Bayonne,Castres Olympique,Bayonne,home,10,13,10,10,52.9,51.8,1,396,123,18,5,137,8,15,118,14,8,39,1420,1,100.0,1,100.0,0,91,2,96.9,3,13,3,72.2,5,2,71.4,7,0,0
https://rugby-union-feeds.incrowdsports.com/v1/matches/288591,288591,1002,202501,Top 14,2026-01-24,15,Bayonne,Castres Olympique,Castres Olympique,away,10,13,10,10,47.1,48.1,1,390,109,14,2,97,4,15,159,18,7,46,1435,1,100.0,2,50.0,0,71,1,97.3,4,13,0,92.9,8,0,100.0,6,0,0
https://rugby-union-feeds.incrowdsports.com/v1/matches/288592,288592,1002,202501,Top 14,2026-01-24,15,Racing 92,Lyon O.U.,Racing 92,home,35,34,13,10,57.5,59.6,4,525,153,27,5,128,8,15,124,33,7,28,918,3,75.0,3,100.0,0,109,2,95.7,6,15,0,93.8,4,0,100.0,8,0,0
https://rugby-union-feeds.incrowdsports.com/v1/matches/288592,288592,1002,202501,Top 14,2026-01-24,15,Racing 92,Lyon O.U.,Lyon O.U.,away,35,34,13,10,42.5,40.4,4,572,121,33,11,96,5,16,205,27,6,30,1112,4,100.0,2,66.7,0,67,2,94.5,0,9,1,90.0,3,1,75.0,10,0,0
https://rugby-union-feeds.incrowdsports.com/v1/matches/288596,288596,1002,202501,Top 14,2026-01-24,15,Perpignan,Montauban,Perpignan,home,31,8,21,3,50.5,40.5,4,361,84,22,9,63,2,11,100,12,7,34,882,4,100.0,1,100.0,0,59,0,100.0,6,10,3,58.8,7,1,87.5,6,0,2
https://rugby-union-feeds.incrowdsports.com/v1/matches/288596,288596,1002,202501,Top 14,2026-01-24,15,Perpignan,Montauban,Montauban,away,31,8,21,3,49.5,59.5,1,327,97,12,8,89,5,14,107,22,2,31,826,0,0.0,1,100.0,0,51,2,93.1,4,10,1,90.9,7,3,70.0,7,0,1
https://rugby-union-feeds.incrowdsports.com/v1/matches/288594,288594,1002,202501,Top 14,2026-01-24,15,Toulouse,Pau,Toulouse,home,59,22,40,15,54.2,51.4,9,567,149,34,15,153,15,13,126,21,3,18,456,7,77.8,0,,0,87,0,100.0,7,11,2,78.6,7,0,100.0,8,0,1
https://rugby-union-feeds.incrowdsports.com/v1/matches/288594,288594,1002,202501,Top 14,2026-01-24,15,Toulouse,Pau,Pau,away,59,22,40,15,45.8,48.6,3,324,93,21,6,81,2,12,153,34,2,20,550,2,66.7,1,100.0,0,74,0,100.0,3,13,1,92.9,4,1,80.0,12,0,0
https://rugby-union-feeds.incrowdsports.com/v1/matches/288593,288593,1002,202501,Top 14,2026-01-25,15,Toulon,Montpellier,Toulon,home,30,27,16,17,58.9,62.0,3,368,118,24,7,104,6,12,90,18,3,32,974,3,100.0,3,100.0,0,89,1,97.8,3,10,1,90.9,4,0,100.0,11,0,1
https://rugby-union-feeds.incrowdsports.com/v1/matches/288593,288593,1002,202501,Top 14,2026-01-25,15,Toulon,Montpellier,Montpellier,away,30,27,16,17,41.1,38.0,3,288,89,18,1,99,8,10,153,24,2,25,774,3,100.0,2,100.0,0,49,2,96.4,7,10,2,66.7,5,1,83.3,8,0,1
https://rugby-union-feeds.incrowdsports.com/v1/matches/288590,288590,1002,202501,Top 14,2026-01-25,15,Clermont Auvergne,La Rochelle,Clermont Auvergne,home,32,27,25,10,42.2,40.5,4,484,100,27,6,86,11,12,172,31,6,31,852,2,66.7,2,100.0,0,63,1,94.3,7,10,2,83.3,3,0,100.0,15,0,2
https://rugby-union-feeds.incrowdsports.com/v1/matches/288590,288590,1002,202501,Top 14,2026-01-25,15,Clermont Auvergne,La Rochelle,La Rochelle,away,32,27,25,10,57.8,59.5,3,474,168,31,10,194,19,14,108,27,5,26,816,3,100.0,2,100.0,0,102,1,98.2,5,9,1,81.8,5,1,83.3,11,0,2
https://rugby-union-feeds.incrowdsports.com/v1/matches/288598,288598,1002,202501,Top 14,2026-01-31,16,Montpellier,Stade Francais Paris,Montpellier,home,44,7,15,0,62.2,61.6,6,500,140,21,11,148,16,14,76,19,9,41,1241,4,66.7,2,100.0,0,90,0,98.9,6,14,2,82.3,3,1,75.0,5,0,0
https://rugby-union-feeds.incrowdsports.com/v1/matches/288598,288598,1002,202501,Top 14,2026-01-31,16,Montpellier,Stade Francais Paris,Stade Francais Paris,away,44,7,15,0,37.8,38.4,1,377,85,19,7,94,11,18,151,21,3,31,823,1,100.0,0,,0,43,2,93.5,4,14,3,77.8,5,2,71.4,10,0,0
https://rugby-union-feeds.incrowdsports.com/v1/matches/288597,288597,1002,202501,Top 14,2026-01-31,16,Castres Olympique,Clermont Auvergne,Castres Olympique,home,28,23,11,10,46.0,49.1,3,331,114,15,9,94,9,9,157,27,3,42,1243,2,66.7,3,75.0,0,72,0,97.4,3,10,2,76.9,4,4,50.0,11,0,0
https://rugby-union-feeds.incrowdsports.com/v1/matches/288597,288597,1002,202501,Top 14,2026-01-31,16,Castres Olympique,Clermont Auvergne,Clermont Auvergne,away,28,23,11,10,54.0,50.9,2,410,141,27,3,121,9,13,115,15,4,39,1015,2,100.0,3,100.0,0,94,0,98.0,6,13,3,76.5,3,0,100.0,8,0,0
https://rugby-union-feeds.incrowdsports.com/v1/matches/288599,288599,1002,202501,Top 14,2026-01-31,16,Racing 92,Perpignan,Racing 92,home,37,31,20,14,48.5,51.4,4,349,97,15,7,72,2,11,135,15,6,28,985,4,100.0,3,100.0,0,61,3,94.1,2,9,0,100.0,12,1,92.3,12,1,2
https://rugby-union-feeds.incrowdsports.com/v1/matches/288599,288599,1002,202501,Top 14,2026-01-31,16,Racing 92,Perpignan,Perpignan,away,37,31,20,14,51.5,48.6,4,484,117,15,11,114,9,14,112,15,6,17,582,3,100.0,1,100.0,0,74,2,94.0,3,13,0,76.5,3,0,100.0,12,0,1
https://rugby-union-feeds.incrowdsports.com/v1/matches/288601,288601,1002,202501,Top 14,2026-01-31,16,La Rochelle,Lyon O.U.,La Rochelle,home,24,44,7,31,68.8,71.2,4,597,188,16,6,213,9,11,55,15,3,30,809,2,50.0,0,,0,135,1,97.2,8,15,4,79.0,4,2,66.7,8,0,2
https://rugby-union-feeds.incrowdsports.com/v1/matches/288601,288601,1002,202501,Top 14,2026-01-31,16,La Rochelle,Lyon O.U.,Lyon O.U.,away,24,44,7,31,31.2,28.8,5,325,61,15,7,65,2,12,232,16,6,38,1393,5,100.0,3,100.0,0,40,0,95.2,7,15,0,100.0,1,1,50.0,13,0,2
https://rugby-union-feeds.incrowdsports.com/v1/matches/288603,288603,1002,202501,Top 14,2026-01-31,16,Montauban,Bordeaux-Begles,Montauban,home,16,31,6,7,44.8,47.6,1,243,77,5,1,121,7,13,114,27,3,22,549,1,100.0,3,100.0,0,52,1,98.2,4,14,7,63.6,8,1,88.9,9,1,1
https://rugby-union-feeds.incrowdsports.com/v1/matches/288603,288603,1002,202501,Top 14,2026-01-31,16,Montauban,Bordeaux-Begles,Bordeaux-Begles,away,16,31,6,7,55.2,52.3,4,408,117,27,8,113,15,12,89,5,4,22,695,4,100.0,1,100.0,0,67,1,95.8,3,8,2,66.7,6,0,100.0,13,0,2
https://rugby-union-feeds.incrowdsports.com/v1/matches/288602,288602,1002,202501,Top 14,2026-01-31,16,Toulouse,Bayonne,Toulouse,home,31,10,10,3,57.9,58.6,4,468,140,35,13,148,17,17,79,12,6,28,794,4,100.0,1,100.0,0,80,1,97.6,14,21,1,91.3,7,0,100.0,5,0,0
https://rugby-union-feeds.incrowdsports.com/v1/matches/288602,288602,1002,202501,Top 14,2026-01-31,16,Toulouse,Bayonne,Bayonne,away,31,10,10,3,42.1,41.4,1,269,78,12,6,85,4,17,153,35,7,33,922,1,100.0,1,100.0,0,51,4,91.4,1,10,1,90.9,4,0,100.0,15,0,3
https://rugby-union-feeds.incrowdsports.com/v1/matches/288600,288600,1002,202501,Top 14,2026-02-01,16,Pau,Toulon,Pau,home,32,12,6,5,64.7,63.8,4,342,136,16,2,118,5,10,84,5,5,37,1186,3,75.0,2,66.7,0,91,1,98.0,12,18,1,94.7,7,0,100.0,6,0,0
https://rugby-union-feeds.incrowdsports.com/v1/matches/288600,288600,1002,202501,Top 14,2026-02-01,16,Pau,Toulon,Toulon,away,32,12,6,5,35.3,36.2,2,308,74,5,3,58,2,10,177,16,2,30,953,1,50.0,0,,0,44,1,97.8,4,9,3,69.2,6,1,85.7,17,0,1
https://rugby-union-feeds.incrowdsports.com/v1/matches/288609,288609,1002,202501,Top 14,2026-02-14,17,Bordeaux-Begles,Castres Olympique,Bordeaux-Begles,home,57,32,33,17,49.6,51.1,8,597,146,27,15,139,15,20,144,28,4,26,835,6,85.7,1,100.0,0,82,5,92.1,6,13,0,92.9,3,1,75.0,5,0,1
https://rugby-union-feeds.incrowdsports.com/v1/matches/288609,288609,1002,202501,Top 14,2026-02-14,17,Bordeaux-Begles,Castres Olympique,Castres Olympique,away,57,32,33,17,50.4,48.9,5,626,148,28,17,179,16,11,159,27,11,25,887,2,40.0,1,100.0,0,88,0,97.8,1,12,1,80.0,7,0,100.0,11,0,1
https://rugby-union-feeds.incrowdsports.com/v1/matches/288608,288608,1002,202501,Top 14,2026-02-14,17,La Rochelle,Montpellier,La Rochelle,home,33,43,16,16,50.9,50.3,4,418,106,23,9,114,9,11,100,23,4,22,623,2,50.0,3,100.0,0,66,2,95.8,3,9,2,81.8,2,1,66.7,13,0,1
https://rugby-union-feeds.incrowdsports.com/v1/matches/288608,288608,1002,202501,Top 14,2026-02-14,17,La Rochelle,Montpellier,Montpellier,away,33,43,16,16,49.1,49.7,4,368,92,23,8,90,4,5,120,23,7,25,705,4,100.0,5,83.3,0,60,0,98.5,6,10,0,83.3,3,1,75.0,11,0,1
https://rugby-union-feeds.incrowdsports.com/v1/matches/288604,288604,1002,202501,Top 14,2026-02-14,17,Bayonne,Racing 92,Bayonne,home,36,41,19,18,58.0,56.1,5,422,129,25,8,139,5,13,112,17,4,27,602,4,80.0,1,50.0,0,96,3,96.1,2,8,0,100.0,2,2,50.0,14,0,1
https://rugby-union-feeds.incrowdsports.com/v1/matches/288604,288604,1002,202501,Top 14,2026-02-14,17,Bayonne,Racing 92,Racing 92,away,36,41,19,18,42.0,43.9,4,246,91,17,2,70,8,10,155,25,9,21,697,3,75.0,5,83.3,0,61,2,97.0,6,12,2,80.0,3,2,60.0,7,0,1
https://rugby-union-feeds.incrowdsports.com/v1/matches/288605,288605,1002,202501,Top 14,2026-02-14,17,Lyon O.U.,Montauban,Lyon O.U.,home,73,12,45,5,49.0,53.9,11,892,134,28,26,135,12,17,145,19,7,33,1006,9,81.8,0,,0,71,1,98.6,3,14,2,77.8,3,1,75.0,2,0,0
https://rugby-union-feeds.incrowdsports.com/v1/matches/288605,288605,1002,202501,Top 14,2026-02-14,17,Lyon O.U.,Montauban,Montauban,away,73,12,45,5,51.0,46.1,2,342,115,19,4,143,10,14,111,28,5,34,999,1,50.0,0,,0,80,3,95.2,7,10,1,90.9,6,2,75.0,6,1,0
https://rugby-union-feeds.incrowdsports.com/v1/matches/288606,288606,1002,202501,Top 14,2026-02-14,17,Toulon,Clermont Auvergne,Toulon,home,14,34,7,19,52.4,56.1,2,462,135,21,5,132,11,12,112,25,6,28,1053,2,100.0,0,,0,78,3,94.2,3,13,4,68.4,7,1,87.5,10,0,0
https://rugby-union-feeds.incrowdsports.com/v1/matches/288606,288606,1002,202501,Top 14,2026-02-14,17,Toulon,Clermont Auvergne,Clermont Auvergne,away,14,34,7,19,47.6,43.9,5,571,122,25,16,111,13,11,131,21,8,32,1170,3,60.0,1,100.0,0,66,1,95.8,6,11,1,78.6,4,1,80.0,11,0,0
https://rugby-union-feeds.incrowdsports.com/v1/matches/288607,288607,1002,202501,Top 14,2026-02-15,17,Stade Francais Paris,Toulouse,Stade Francais Paris,home,9,13,6,3,40.6,43.4,0,239,80,14,1,78,3,13,183,28,5,36,1114,0,,3,100.0,0,55,2,91.8,3,13,3,76.5,6,2,75.0,12,0,1
https://rugby-union-feeds.incrowdsports.com/v1/matches/288607,288607,1002,202501,Top 14,2026-02-15,17,Stade Francais Paris,Toulouse,Toulouse,away,9,13,6,3,59.4,56.6,1,339,159,28,7,136,18,15,87,14,6,36,914,1,100.0,2,100.0,0,102,4,94.5,4,12,3,75.0,3,2,60.0,11,0,0
https://rugby-union-feeds.incrowdsports.com/v1/matches/288610,288610,1002,202501,Top 14,2026-02-22,17,Perpignan,Pau,Perpignan,home,40,24,30,17,59.4,53.6,5,536,146,21,9,155,17,12,94,26,10,25,653,3,60.0,3,100.0,0,90,2,93.8,1,7,0,100.0,9,0,100.0,9,0,0
https://rugby-union-feeds.incrowdsports.com/v1/matches/288610,288610,1002,202501,Top 14,2026-02-22,17,Perpignan,Pau,Pau,away,40,24,30,17,40.6,46.4,3,297,87,26,5,95,1,18,156,21,10,22,593,3,100.0,1,100.0,0,52,3,92.9,7,16,1,88.9,3,0,100.0,8,0,0
https://rugby-union-feeds.incrowdsports.com/v1/matches/288611,288611,1002,202501,Top 14,2026-02-28,18,Clermont Auvergne,Bayonne,Clermont Auvergne,home,38,15,24,8,44.4,44.2,5,522,95,29,15,78,17,19,105,18,8,23,781,5,100.0,1,100.0,0,45,0,95.7,4,16,0,94.1,7,0,100.0,9,0,2
https://rugby-union-feeds.incrowdsports.com/v1/matches/288611,288611,1002,202501,Top 14,2026-02-28,18,Clermont Auvergne,Bayonne,Bayonne,away,38,15,24,8,55.6,55.8,2,332,101,18,7,141,9,14,69,29,8,19,828,1,50.0,1,100.0,0,68,2,92.4,3,13,3,81.2,9,0,100.0,7,0,0
https://rugby-union-feeds.incrowdsports.com/v1/matches/288613,288613,1002,202501,Top 14,2026-02-28,18,Lyon O.U.,Toulon,Lyon O.U.,home,13,13,0,3,50.5,57.3,1,588,153,29,9,123,7,17,162,22,5,33,1030,1,100.0,2,50.0,0,97,2,97.1,5,13,2,81.2,3,0,100.0,10,0,0
https://rugby-union-feeds.incrowdsports.com/v1/matches/288613,288613,1002,202501,Top 14,2026-02-28,18,Lyon O.U.,Toulon,Toulon,away,13,13,0,3,49.5,42.7,1,442,134,22,4,123,7,14,181,29,7,38,1069,1,100.0,2,100.0,0,91,1,97.8,4,12,0,100.0,8,1,88.9,10,0,1
https://rugby-union-feeds.incrowdsports.com/v1/matches/288614,288614,1002,202501,Top 14,2026-02-28,18,Montpellier,Racing 92,Montpellier,home,41,17,24,10,66.5,70.8,5,464,163,32,4,143,15,12,71,14,7,22,606,5,100.0,2,66.7,0,95,1,98.0,6,16,1,94.1,4,1,80.0,6,0,0
https://rugby-union-feeds.incrowdsports.com/v1/matches/288614,288614,1002,202501,Top 14,2026-02-28,18,Montpellier,Racing 92,Racing 92,away,41,17,24,10,33.5,29.2,2,236,67,14,2,67,8,14,177,32,6,24,722,2,100.0,1,100.0,0,38,5,86.7,0,7,0,100.0,5,1,83.3,15,0,1
https://rugby-union-feeds.incrowdsports.com/v1/matches/288616,288616,1002,202501,Top 14,2026-02-28,18,Stade Francais Paris,Perpignan,Stade Francais Paris,home,42,21,28,0,53.0,51.8,6,579,147,42,14,186,19,12,160,21,8,31,711,6,100.0,0,,0,89,1,95.7,4,13,1,86.7,9,3,75.0,11,0,1
https://rugby-union-feeds.incrowdsports.com/v1/matches/288616,288616,1002,202501,Top 14,2026-02-28,18,Stade Francais Paris,Perpignan,Perpignan,away,42,21,28,0,47.0,48.2,3,477,123,21,9,156,8,15,161,42,6,14,405,3,100.0,0,,0,77,0,94.3,6,13,4,68.4,5,0,100.0,12,0,0
https://rugby-union-feeds.incrowdsports.com/v1/matches/288617,288617,1002,202501,Top 14,2026-02-28,18,Toulouse,Montauban,Toulouse,home,68,13,40,6,50.0,46.9,10,799,150,35,28,171,19,18,134,20,6,27,750,9,90.0,0,,0,72,4,94.7,8,14,2,77.8,6,0,100.0,11,0,1
https://rugby-union-feeds.incrowdsports.com/v1/matches/288617,288617,1002,202501,Top 14,2026-02-28,18,Toulouse,Montauban,Montauban,away,68,13,40,6,50.0,53.1,1,243,117,20,2,118,7,17,131,35,11,27,815,1,100.0,2,66.7,0,80,3,95.4,2,7,1,87.5,5,1,83.3,15,0,1
https://rugby-union-feeds.incrowdsports.com/v1/matches/288612,288612,1002,202501,Top 14,2026-02-28,18,Castres Olympique,La Rochelle,Castres Olympique,home,26,31,6,14,58.9,51.6,2,288,106,22,2,95,4,9,75,21,4,33,1028,2,100.0,4,100.0,0,73,1,92.6,6,12,0,100.0,7,0,100.0,16,0,3
https://rugby-union-feeds.incrowdsports.com/v1/matches/288612,288612,1002,202501,Top 14,2026-02-28,18,Castres Olympique,La Rochelle,La Rochelle,away,26,31,6,14,41.1,48.4,4,321,74,21,4,85,4,10,129,22,7,28,931,3,100.0,1,50.0,0,40,1,93.3,10,15,4,79.0,1,2,33.3,11,0,0
https://rugby-union-feeds.incrowdsports.com/v1/matches/288615,288615,1002,202501,Top 14,2026-03-01,18,Pau,Bordeaux-Begles,Pau,home,39,17,17,12,44.8,47.1,5,341,110,27,8,108,3,13,162,23,4,29,804,4,80.0,2,100.0,0,74,0,94.9,6,15,1,79.0,4,0,100.0,6,0,0
https://rugby-union-feeds.incrowdsports.com/v1/matches/288615,288615,1002,202501,Top 14,2026-03-01,18,Pau,Bordeaux-Begles,Bordeaux-Begles,away,39,17,17,12,55.2,52.9,3,382,144,23,8,149,15,12,135,27,5,29,773,1,33.3,0,,0,96,0,97.0,4,11,1,91.7,4,0,100.0,11,0,1
https://rugby-union-feeds.incrowdsports.com/v1/matches/288618,288618,1002,202501,Top 14,2026-03-21,19,Clermont Auvergne,Montpellier,Clermont Auvergne,home,17,20,10,9,54.1,62.3,2,400,130,23,4,124,11,14,103,21,7,18,643,2,100.0,1,100.0,0,76,0,97.6,3,9,7,56.2,7,2,77.8,12,0,0
https://rugby-union-feeds.incrowdsports.com/v1/matches/288618,288618,1002,202501,Top 14,2026-03-21,19,Clermont Auvergne,Montpellier,Montpellier,away,17,20,10,9,45.9,37.7,1,380,102,21,2,102,8,15,138,23,4,23,666,0,0.0,5,100.0,0,57,4,93.7,3,9,1,75.0,7,0,100.0,10,1,0
https://rugby-union-feeds.incrowdsports.com/v1/matches/288619,288619,1002,202501,Top 14,2026-03-21,19,Racing 92,Castres Olympique,Racing 92,home,52,21,31,14,57.0,60.7,7,597,126,40,10,104,8,14,111,16,8,32,703,7,100.0,1,100.0,0,84,0,100.0,7,15,3,83.3,2,2,50.0,6,0,0
https://rugby-union-feeds.incrowdsports.com/v1/matches/288619,288619,1002,202501,Top 14,2026-03-21,19,Racing 92,Castres Olympique,Castres Olympique,away,52,21,31,14,43.0,39.3,3,373,106,16,7,110,8,17,147,40,3,21,658,3,100.0,0,,0,63,1,97.1,3,12,2,80.0,6,3,66.7,16,0,2
https://rugby-union-feeds.incrowdsports.com/v1/matches/288620,288620,1002,202501,Top 14,2026-03-21,19,Toulon,Stade Francais Paris,Toulon,home,27,46,20,21,61.4,70.7,3,494,148,33,5,160,12,16,80,10,2,16,394,3,100.0,2,100.0,0,99,3,96.3,5,17,2,85.0,4,0,100.0,9,0,1
https://rugby-union-feeds.incrowdsports.com/v1/matches/288620,288620,1002,202501,Top 14,2026-03-21,19,Toulon,Stade Francais Paris,Stade Francais Paris,away,27,46,20,21,38.6,29.3,6,317,76,10,10,58,9,8,191,33,12,29,679,5,83.3,2,100.0,0,51,0,98.2,2,8,1,80.0,5,1,83.3,14,0,3
https://rugby-union-feeds.incrowdsports.com/v1/matches/288623,288623,1002,202501,Top 14,2026-03-21,19,Montauban,Bayonne,Montauban,home,26,60,14,34,53.8,53.4,4,516,127,27,17,148,11,20,98,26,6,23,685,3,75.0,0,,0,77,4,93.3,3,9,3,69.2,4,2,66.7,12,0,3
https://rugby-union-feeds.incrowdsports.com/v1/matches/288623,288623,1002,202501,Top 14,2026-03-21,19,Montauban,Bayonne,Bayonne,away,26,60,14,34,46.2,46.6,9,641,110,26,22,103,17,11,150,27,10,28,849,4,57.1,1,100.0,0,61,0,98.4,3,10,1,90.9,4,1,80.0,15,0,1
https://rugby-union-feeds.incrowdsports.com/v1/matches/288624,288624,1002,202501,Top 14,2026-03-21,19,Perpignan,Lyon O.U.,Perpignan,home,28,32,13,13,50.8,49.8,3,408,124,21,2,130,8,14,118,25,7,21,576,2,66.7,3,100.0,0,84,1,97.7,4,9,2,64.3,4,2,66.7,7,0,0
https://rugby-union-feeds.incrowdsports.com/v1/matches/288624,288624,1002,202501,Top 14,2026-03-21,19,Perpignan,Lyon O.U.,Lyon O.U.,away,28,32,13,13,49.2,50.2,4,405,109,25,4,107,9,16,149,21,8,24,748,3,75.0,2,66.7,0,71,3,93.8,2,9,1,90.0,7,0,100.0,11,0,1
https://rugby-union-feeds.incrowdsports.com/v1/matches/288621,288621,1002,202501,Top 14,2026-03-21,19,La Rochelle,Pau,La Rochelle,home,20,6,10,3,50.2,52.3,2,387,106,29,3,117,7,11,126,22,7,27,855,2,100.0,2,100.0,0,77,1,97.5,5,12,2,75.0,5,1,83.3,11,0,1
https://rugby-union-feeds.incrowdsports.com/v1/matches/288621,288621,1002,202501,Top 14,2026-03-21,19,La Rochelle,Pau,Pau,away,20,6,10,3,49.8,47.7,0,365,114,22,6,115,4,14,125,29,4,28,772,0,,2,100.0,0,72,1,92.6,4,13,1,86.7,6,1,85.7,12,0,2
https://rugby-union-feeds.incrowdsports.com/v1/matches/288622,288622,1002,202501,Top 14,2026-03-22,19,Bordeaux-Begles,Toulouse,Bordeaux-Begles,home,44,20,15,13,45.9,54.1,6,584,157,27,16,167,19,21,206,34,10,31,1036,4,66.7,2,66.7,0,99,8,92.7,3,12,4,75.0,3,0,100.0,9,0,0
https://rugby-union-feeds.incrowdsports.com/v1/matches/288622,288622,1002,202501,Top 14,2026-03-22,19,Bordeaux-Begles,Toulouse,Toulouse,away,44,20,15,13,54.1,45.9,2,701,175,34,10,192,15,16,171,27,14,31,837,2,100.0,2,100.0,0,119,4,94.7,6,12,0,85.7,4,0,100.0,11,0,1
https://rugby-union-feeds.incrowdsports.com/v1/matches/288630,288630,1002,202501,Top 14,2026-03-28,20,Toulouse,Montpellier,Toulouse,home,45,29,31,15,55.0,47.3,6,499,141,35,13,167,12,16,114,19,4,16,477,6,100.0,1,100.0,0,83,2,95.6,8,12,1,85.7,8,0,100.0,8,0,1
https://rugby-union-feeds.incrowdsports.com/v1/matches/288630,288630,1002,202501,Top 14,2026-03-28,20,Toulouse,Montpellier,Montpellier,away,45,29,31,15,45.0,52.7,4,374,96,19,5,81,8,9,144,35,9,22,596,3,75.0,1,100.0,0,65,0,94.5,4,9,0,81.8,6,1,85.7,12,0,1
https://rugby-union-feeds.incrowdsports.com/v1/matches/288627,288627,1002,202501,Top 14,2026-03-28,20,Lyon O.U.,Bordeaux-Begles,Lyon O.U.,home,17,21,7,14,49.3,45.5,2,408,121,16,8,88,7,17,156,30,8,39,1366,2,100.0,1,50.0,0,76,1,97.6,8,14,2,87.5,4,0,100.0,6,0,0
https://rugby-union-feeds.incrowdsports.com/v1/matches/288627,288627,1002,202501,Top 14,2026-03-28,20,Lyon O.U.,Bordeaux-Begles,Bordeaux-Begles,away,17,21,7,14,50.7,54.5,3,599,170,30,8,173,17,14,150,16,4,34,1040,3,100.0,0,,0,89,1,96.8,4,10,2,76.9,5,3,62.5,9,0,1
https://rugby-union-feeds.incrowdsports.com/v1/matches/288626,288626,1002,202501,Top 14,2026-03-28,20,Castres Olympique,Montauban,Castres Olympique,home,49,17,28,10,50.4,52.6,7,491,108,20,11,97,5,21,134,26,8,31,1052,7,100.0,0,,0,69,2,95.9,3,9,0,90.0,6,2,75.0,14,0,1
https://rugby-union-feeds.incrowdsports.com/v1/matches/288626,288626,1002,202501,Top 14,2026-03-28,20,Castres Olympique,Montauban,Montauban,away,49,17,28,10,49.6,47.4,2,433,129,26,9,140,13,17,115,20,5,27,787,2,100.0,1,100.0,0,71,3,94.9,3,11,4,73.3,6,2,75.0,10,0,3
https://rugby-union-feeds.incrowdsports.com/v1/matches/288631,288631,1002,202501,Top 14,2026-03-28,20,Perpignan,Toulon,Perpignan,home,36,20,24,10,48.2,39.4,5,389,120,17,6,104,10,11,168,28,7,20,522,4,80.0,1,50.0,0,84,0,98.8,4,8,2,72.7,2,3,40.0,10,0,0
https://rugby-union-feeds.incrowdsports.com/v1/matches/288631,288631,1002,202501,Top 14,2026-03-28,20,Perpignan,Toulon,Toulon,away,36,20,24,10,51.8,60.6,3,506,141,28,9,161,11,13,146,17,4,15,389,1,33.3,1,100.0,0,93,1,96.1,2,13,7,61.9,3,1,75.0,10,0,0
https://rugby-union-feeds.incrowdsports.com/v1/matches/288628,288628,1002,202501,Top 14,2026-03-28,20,Pau,Racing 92,Pau,home,27,17,3,10,71.0,68.9,3,566,181,40,10,157,5,17,86,15,3,26,622,3,100.0,2,66.7,0,131,1,98.5,3,12,0,92.3,8,0,100.0,5,0,0
https://rugby-union-feeds.incrowdsports.com/v1/matches/288628,288628,1002,202501,Top 14,2026-03-28,20,Pau,Racing 92,Racing 92,away,27,17,3,10,29.0,31.1,2,265,68,15,3,47,3,9,225,40,7,26,714,2,100.0,1,100.0,0,43,1,95.7,2,9,4,69.2,5,1,83.3,16,0,2
https://rugby-union-feeds.incrowdsports.com/v1/matches/288625,288625,1002,202501,Top 14,2026-03-28,20,Bayonne,La Rochelle,Bayonne,home,26,15,3,10,51.0,46.8,3,441,120,17,9,103,6,13,133,38,10,29,946,1,33.3,3,100.0,0,76,1,93.9,8,13,0,100.0,4,0,100.0,17,1,2
https://rugby-union-feeds.incrowdsports.com/v1/matches/288625,288625,1002,202501,Top 14,2026-03-28,20,Bayonne,La Rochelle,La Rochelle,away,26,15,3,10,49.0,53.2,2,460,148,38,11,171,22,16,139,17,6,28,699,1,50.0,1,50.0,0,75,4,92.8,6,17,3,70.8,1,0,100.0,9,0,3
https://rugby-union-feeds.incrowdsports.com/v1/matches/288629,288629,1002,202501,Top 14,2026-03-29,20,Stade Francais Paris,Clermont Auvergne,Stade Francais Paris,home,64,20,24,8,47.8,48.2,9,530,119,37,20,120,12,16,145,32,7,28,652,8,88.9,1,100.0,0,75,2,97.4,3,12,1,92.3,3,0,100.0,5,0,0
https://rugby-union-feeds.incrowdsports.com/v1/matches/288629,288629,1002,202501,Top 14,2026-03-29,20,Stade Francais Paris,Clermont Auvergne,Clermont Auvergne,away,64,20,24,8,52.2,51.7,3,391,142,32,7,148,15,11,113,37,4,20,612,1,33.3,1,50.0,0,91,1,95.8,4,13,3,81.2,5,1,83.3,10,0,2
https://rugby-union-feeds.incrowdsports.com/v1/matches/288637,288637,1002,202501,Top 14,2026-04-18,21,La Rochelle,Bordeaux-Begles,La Rochelle,home,45,15,24,10,51.2,50.2,6,599,151,20,13,200,20,17,133,21,5,24,771,6,100.0,1,100.0,0,76,5,93.9,2,10,1,83.3,5,1,83.3,6,0,0
https://rugby-union-feeds.incrowdsports.com/v1/matches/288637,288637,1002,202501,Top 14,2026-04-18,21,La Rochelle,Bordeaux-Begles,Bordeaux-Begles,away,45,15,24,10,48.8,49.8,2,321,115,21,2,121,7,15,123,20,6,24,884,1,50.0,1,100.0,0,77,3,96.3,3,16,0,94.1,5,2,71.4,10,0,0
https://rugby-union-feeds.incrowdsports.com/v1/matches/288632,288632,1002,202501,Top 14,2026-04-18,21,Clermont Auvergne,Lyon O.U.,Clermont Auvergne,home,41,23,10,13,53.0,60.9,6,797,165,27,18,150,20,21,145,21,7,21,713,3,60.0,1,100.0,0,88,2,91.8,3,11,1,84.6,3,0,100.0,12,0,1
https://rugby-union-feeds.incrowdsports.com/v1/matches/288632,288632,1002,202501,Top 14,2026-04-18,21,Clermont Auvergne,Lyon O.U.,Lyon O.U.,away,41,23,10,13,47.0,39.1,2,386,124,21,6,121,8,15,147,27,11,29,810,2,100.0,3,100.0,0,75,1,97.5,2,15,3,83.3,1,1,50.0,6,0,2
https://rugby-union-feeds.incrowdsports.com/v1/matches/288633,288633,1002,202501,Top 14,2026-04-18,21,Bayonne,Pau,Bayonne,home,22,54,10,16,41.7,40.4,3,337,85,17,4,108,7,15,134,25,5,17,541,2,66.7,1,100.0,0,50,2,96.4,5,13,3,76.5,1,2,33.3,9,0,1
https://rugby-union-feeds.incrowdsports.com/v1/matches/288633,288633,1002,202501,Top 14,2026-04-18,21,Bayonne,Pau,Pau,away,22,54,10,16,58.3,59.6,6,578,122,25,13,138,7,11,89,17,5,34,1043,6,100.0,4,100.0,0,75,1,92.7,7,15,1,93.8,7,1,87.5,12,0,0
https://rugby-union-feeds.incrowdsports.com/v1/matches/288638,288638,1002,202501,Top 14,2026-04-18,21,Montauban,Toulon,Montauban,home,22,47,15,26,53.0,53.1,3,330,104,12,8,128,10,10,77,19,6,12,423,2,66.7,1,33.3,0,69,1,96.0,5,15,3,79.0,4,1,80.0,12,0,2
https://rugby-union-feeds.incrowdsports.com/v1/matches/288638,288638,1002,202501,Top 14,2026-04-18,21,Montauban,Toulon,Toulon,away,22,47,15,26,47.0,46.9,7,519,87,19,13,123,7,10,111,12,6,18,434,6,85.7,0,,0,53,2,91.5,6,12,0,100.0,5,1,83.3,15,0,2
https://rugby-union-feeds.incrowdsports.com/v1/matches/288635,288635,1002,202501,Top 14,2026-04-18,21,Montpellier,Perpignan,Montpellier,home,42,31,30,17,62.6,65.4,6,675,161,23,7,175,11,14,99,16,5,17,490,3,50.0,2,100.0,0,114,0,98.3,6,13,0,100.0,3,2,60.0,11,0,1
https://rugby-union-feeds.incrowdsports.com/v1/matches/288635,288635,1002,202501,Top 14,2026-04-18,21,Montpellier,Perpignan,Perpignan,away,42,31,30,17,37.4,34.6,4,365,92,16,6,106,13,13,189,23,6,18,572,4,100.0,1,100.0,0,57,2,95.2,1,9,0,90.0,3,0,100.0,10,0,0
https://rugby-union-feeds.incrowdsports.com/v1/matches/288634,288634,1002,202501,Top 14,2026-04-18,21,Castres Olympique,Toulouse,Castres Olympique,home,25,42,19,14,51.0,59.3,3,390,141,25,10,158,10,10,140,35,5,21,664,2,66.7,2,100.0,0,92,2,95.0,5,11,4,73.3,6,0,100.0,12,0,3
https://rugby-union-feeds.incrowdsports.com/v1/matches/288634,288634,1002,202501,Top 14,2026-04-18,21,Castres Olympique,Toulouse,Toulouse,away,25,42,19,14,49.0,40.7,6,467,141,35,11,170,9,13,162,25,5,21,492,6,100.0,0,,0,84,3,96.6,7,14,0,100.0,3,1,75.0,12,0,2
https://rugby-union-feeds.incrowdsports.com/v1/matches/288636,288636,1002,202501,Top 14,2026-04-19,21,Racing 92,Stade Francais Paris,Racing 92,home,47,20,20,13,45.2,41.2,5,458,100,37,14,66,4,13,170,23,4,23,658,4,100.0,4,100.0,0,65,2,95.8,1,14,1,93.3,4,0,100.0,14,0,2
https://rugby-union-feeds.incrowdsports.com/v1/matches/288636,288636,1002,202501,Top 14,2026-04-19,21,Racing 92,Stade Francais Paris,Stade Francais Paris,away,47,20,20,13,54.8,58.8,2,297,107,23,5,102,1,11,118,37,4,21,529,2,100.0,2,100.0,0,86,0,98.9,5,11,2,84.6,5,1,83.3,11,0,1
https://rugby-union-feeds.incrowdsports.com/v1/matches/288641,288641,1002,202501,Top 14,2026-04-25,22,Stade Francais Paris,Pau,Stade Francais Paris,home,34,32,10,18,53.4,54.0,4,437,134,26,7,122,6,19,139,21,5,26,634,2,100.0,2,66.7,0,91,2,96.9,6,13,3,81.2,2,0,100.0,9,0,0
https://rugby-union-feeds.incrowdsports.com/v1/matches/288641,288641,1002,202501,Top 14,2026-04-25,22,Stade Francais Paris,Pau,Pau,away,34,32,10,18,46.6,46.0,3,390,136,21,5,112,9,13,163,26,7,33,839,1,33.3,5,100.0,0,79,3,95.3,1,8,4,66.7,4,2,66.7,15,0,4
https://rugby-union-feeds.incrowdsports.com/v1/matches/288639,288639,1002,202501,Top 14,2026-04-25,22,Lyon O.U.,Castres Olympique,Lyon O.U.,home,26,21,5,15,39.0,35.9,4,329,102,23,7,82,4,13,195,21,6,22,757,3,75.0,0,,0,62,1,95.5,5,9,1,64.3,3,1,75.0,14,0,1
https://rugby-union-feeds.incrowdsports.com/v1/matches/288639,288639,1002,202501,Top 14,2026-04-25,22,Lyon O.U.,Castres Olympique,Castres Olympique,away,26,21,5,15,61.0,64.1,2,455,154,21,9,173,3,11,112,23,3,26,642,1,50.0,3,100.0,0,109,2,97.3,10,15,0,100.0,9,1,90.0,7,0,2
https://rugby-union-feeds.incrowdsports.com/v1/matches/288640,288640,1002,202501,Top 14,2026-04-25,22,Toulon,Bayonne,Toulon,home,52,26,33,12,54.3,60.1,8,495,131,27,12,163,15,12,134,15,6,13,311,6,75.0,0,,0,86,1,97.8,7,17,3,85.0,8,0,100.0,6,0,0
https://rugby-union-feeds.incrowdsports.com/v1/matches/288640,288640,1002,202501,Top 14,2026-04-25,22,Toulon,Bayonne,Bayonne,away,52,26,33,12,45.7,39.9,4,301,100,15,6,107,5,17,139,27,6,14,418,3,75.0,0,,0,76,0,96.3,2,8,1,80.0,3,0,100.0,16,0,1
https://rugby-union-feeds.incrowdsports.com/v1/matches/288644,288644,1002,202501,Top 14,2026-04-25,22,Montauban,Racing 92,Montauban,home,10,59,10,33,58.1,58.7,1,305,126,20,2,136,4,16,66,42,6,34,1033,1,100.0,1,100.0,0,84,2,97.7,2,10,0,83.3,6,2,75.0,8,0,1
https://rugby-union-feeds.incrowdsports.com/v1/matches/288644,288644,1002,202501,Top 14,2026-04-25,22,Montauban,Racing 92,Racing 92,away,10,59,10,33,42.0,41.4,9,759,105,42,16,112,13,20,161,20,6,28,909,7,77.8,0,,0,40,2,93.2,1,12,4,75.0,5,1,83.3,9,0,0
https://rugby-union-feeds.incrowdsports.com/v1/matches/288645,288645,1002,202501,Top 14,2026-04-25,22,Perpignan,La Rochelle,Perpignan,home,29,31,16,19,43.8,37.4,2,409,89,14,10,76,5,9,146,25,4,21,544,2,100.0,5,100.0,0,55,2,93.8,3,8,2,72.7,6,4,60.0,10,0,0
https://rugby-union-feeds.incrowdsports.com/v1/matches/288645,288645,1002,202501,Top 14,2026-04-25,22,Perpignan,La Rochelle,La Rochelle,away,29,31,16,19,56.2,62.6,3,451,128,25,8,147,10,19,97,14,5,20,630,2,66.7,4,100.0,0,79,1,96.5,3,11,1,84.6,5,0,100.0,11,0,0
https://rugby-union-feeds.incrowdsports.com/v1/matches/288643,288643,1002,202501,Top 14,2026-04-25,22,Bordeaux-Begles,Montpellier,Bordeaux-Begles,home,21,23,10,10,46.7,49.1,2,279,85,20,7,107,7,10,121,15,2,20,605,1,50.0,3,100.0,0,52,0,94.9,3,13,3,81.2,6,2,75.0,12,1,0
https://rugby-union-feeds.incrowdsports.com/v1/matches/288643,288643,1002,202501,Top 14,2026-04-25,22,Bordeaux-Begles,Montpellier,Montpellier,away,21,23,10,10,53.3,50.9,2,199,91,15,1,85,2,11,105,20,6,24,568,2,100.0,3,75.0,0,66,0,95.8,4,14,1,93.3,4,1,80.0,12,0,2
https://rugby-union-feeds.incrowdsports.com/v1/matches/288642,288642,1002,202501,Top 14,2026-04-26,22,Toulouse,Clermont Auvergne,Toulouse,home,24,27,21,14,52.8,50.5,3,385,139,31,5,178,10,22,121,19,6,26,507,3,100.0,1,100.0,0,80,2,96.5,8,20,3,80.0,3,2,60.0,11,0,0
https://rugby-union-feeds.incrowdsports.com/v1/matches/288642,288642,1002,202501,Top 14,2026-04-26,22,Toulouse,Clermont Auvergne,Clermont Auvergne,away,24,27,21,14,47.2,49.5,3,332,100,19,4,75,4,15,153,31,11,22,685,3,100.0,2,66.7,0,72,1,97.5,4,13,2,81.2,2,2,50.0,16,1,1
https://rugby-union-feeds.incrowdsports.com/v1/matches/288651,288651,1002,202501,Top 14,2026-05-09,23,Pau,Castres Olympique,Pau,home,27,15,10,12,66.8,67.4,2,479,136,31,10,132,5,14,56,5,2,28,818,1,50.0,5,71.4,0,93,1,96.0,5,15,2,88.2,4,1,80.0,9,0,0
https://rugby-union-feeds.incrowdsports.com/v1/matches/288651,288651,1002,202501,Top 14,2026-05-09,23,Pau,Castres Olympique,Castres Olympique,away,27,15,10,12,33.2,32.6,2,200,66,5,4,74,8,11,150,31,5,23,605,1,50.0,1,100.0,0,34,0,92.3,4,15,1,93.8,2,3,40.0,19,0,2
https://rugby-union-feeds.incrowdsports.com/v1/matches/288652,288652,1002,202501,Top 14,2026-05-09,23,Stade Francais Paris,Lyon O.U.,Stade Francais Paris,home,59,17,24,10,56.9,56.2,8,477,147,31,16,148,19,10,113,7,7,16,467,8,100.0,1,100.0,0,76,0,98.7,6,13,2,86.7,7,1,87.5,5,0,0
https://rugby-union-feeds.incrowdsports.com/v1/matches/288652,288652,1002,202501,Top 14,2026-05-09,23,Stade Francais Paris,Lyon O.U.,Lyon O.U.,away,59,17,24,10,43.1,43.8,2,357,121,7,5,127,16,11,130,31,5,10,298,2,100.0,1,100.0,0,62,3,90.1,1,11,1,84.6,3,2,60.0,18,0,2
https://rugby-union-feeds.incrowdsports.com/v1/matches/288647,288647,1002,202501,Top 14,2026-05-09,23,Bayonne,Bordeaux-Begles,Bayonne,home,38,40,26,19,50.9,42.3,6,473,105,27,14,110,8,10,103,22,4,28,825,4,66.7,0,0.0,0,69,1,98.6,3,7,4,63.6,3,1,75.0,12,0,0
https://rugby-union-feeds.incrowdsports.com/v1/matches/288647,288647,1002,202501,Top 14,2026-05-09,23,Bayonne,Bordeaux-Begles,Bordeaux-Begles,away,38,40,26,19,49.1,57.7,4,472,127,22,13,145,14,13,101,27,3,25,761,4,100.0,4,100.0,0,59,2,95.4,7,18,1,90.0,4,0,100.0,6,0,1
https://rugby-union-feeds.incrowdsports.com/v1/matches/288646,288646,1002,202501,Top 14,2026-05-09,23,Clermont Auvergne,Perpignan,Clermont Auvergne,home,45,14,17,7,59.8,71.0,6,639,145,33,14,144,14,14,91,17,3,28,956,6,100.0,1,100.0,0,91,1,95.9,5,18,2,85.7,3,0,100.0,8,0,0
https://rugby-union-feeds.incrowdsports.com/v1/matches/288646,288646,1002,202501,Top 14,2026-05-09,23,Clermont Auvergne,Perpignan,Perpignan,away,45,14,17,7,40.2,28.9,2,244,82,17,3,73,7,6,159,33,7,29,940,2,100.0,0,,0,57,0,100.0,1,9,3,69.2,4,3,57.1,14,0,0
https://rugby-union-feeds.incrowdsports.com/v1/matches/288648,288648,1002,202501,Top 14,2026-05-09,23,Montpellier,Montauban,Montpellier,home,59,7,26,0,47.3,47.1,9,597,113,24,13,121,11,10,155,35,7,20,627,6,75.0,0,,0,69,1,96.0,5,12,0,85.7,4,0,100.0,12,0,1
https://rugby-union-feeds.incrowdsports.com/v1/matches/288648,288648,1002,202501,Top 14,2026-05-09,23,Montpellier,Montauban,Montauban,away,59,7,26,0,52.7,52.9,1,295,128,35,3,159,10,14,108,24,3,13,274,1,100.0,0,,0,92,3,95.0,5,13,2,76.5,6,1,85.7,9,0,2
https://rugby-union-feeds.incrowdsports.com/v1/matches/288650,288650,1002,202501,Top 14,2026-05-09,23,Toulon,Toulouse,Toulon,home,27,51,20,24,38.5,37.7,3,277,83,16,5,94,6,14,183,32,5,20,748,3,100.0,2,100.0,0,53,1,94.8,2,16,1,84.2,6,1,85.7,10,0,0
https://rugby-union-feeds.incrowdsports.com/v1/matches/288650,288650,1002,202501,Top 14,2026-05-09,23,Toulon,Toulouse,Toulouse,away,27,51,20,24,61.5,62.3,6,557,173,32,11,200,17,14,94,16,9,30,774,6,100.0,3,100.0,0,98,0,97.1,5,10,1,90.9,5,0,100.0,9,0,0
https://rugby-union-feeds.incrowdsports.com/v1/matches/288649,288649,1002,202501,Top 14,2026-05-10,23,Racing 92,La Rochelle,Racing 92,home,24,26,13,17,49.2,49.6,2,358,102,14,7,92,4,14,123,29,9,33,1031,1,50.0,4,80.0,0,72,1,96.1,7,21,2,91.3,1,0,100.0,5,0,0
https://rugby-union-feeds.incrowdsports.com/v1/matches/288649,288649,1002,202501,Top 14,2026-05-10,23,Racing 92,La Rochelle,La Rochelle,away,24,26,13,17,50.8,50.4,2,519,137,29,5,194,21,14,120,14,5,32,993,2,100.0,4,100.0,0,76,2,95.1,3,13,1,92.9,5,3,62.5,12,0,0
https://rugby-union-feeds.incrowdsports.com/v1/matches/288656,288656,1002,202501,Top 14,2026-05-16,24,Pau,Clermont Auvergne,Pau,home,24,19,13,9,52.0,49.8,2,351,114,18,5,104,3,11,155,15,3,35,978,1,50.0,4,80.0,0,95,0,98.0,5,13,1,86.7,3,0,100.0,8,0,1
https://rugby-union-feeds.incrowdsports.com/v1/matches/288656,288656,1002,202501,Top 14,2026-05-16,24,Pau,Clermont Auvergne,Clermont Auvergne,away,24,19,13,9,48.0,50.2,1,303,108,15,6,109,4,7,162,18,5,30,942,1,100.0,4,80.0,0,89,1,96.8,2,12,1,85.7,3,0,100.0,11,0,1
https://rugby-union-feeds.incrowdsports.com/v1/matches/288653,288653,1002,202501,Top 14,2026-05-16,24,Castres Olympique,Montpellier,Castres Olympique,home,33,36,19,19,51.7,60.6,5,341,132,19,7,131,10,14,140,32,9,28,811,4,80.0,0,,0,91,3,96.9,6,11,1,84.6,2,0,100.0,5,0,0
https://rugby-union-feeds.incrowdsports.com/v1/matches/288653,288653,1002,202501,Top 14,2026-05-16,24,Castres Olympique,Montpellier,Montpellier,away,33,36,19,19,48.3,39.4,5,626,132,32,15,137,15,14,163,19,5,22,530,4,80.0,1,100.0,0,86,3,95.7,4,8,1,80.0,5,1,83.3,11,0,1
https://rugby-union-feeds.incrowdsports.com/v1/matches/288654,288654,1002,202501,Top 14,2026-05-16,24,Lyon O.U.,Bayonne,Lyon O.U.,home,42,35,14,14,36.8,27.6,6,455,90,24,14,83,11,18,182,31,12,20,650,6,100.0,0,,0,45,3,90.0,3,6,1,75.0,3,3,50.0,12,0,2
https://rugby-union-feeds.incrowdsports.com/v1/matches/288654,288654,1002,202501,Top 14,2026-05-16,24,Lyon O.U.,Bayonne,Bayonne,away,42,35,14,14,63.2,72.4,5,590,153,31,8,158,9,21,81,24,6,15,276,4,100.0,0,,0,96,5,94.3,5,8,6,57.1,6,1,85.7,3,0,1
https://rugby-union-feeds.incrowdsports.com/v1/matches/288658,288658,1002,202501,Top 14,2026-05-16,24,Bordeaux-Begles,Perpignan,Bordeaux-Begles,home,37,32,12,24,49.0,50.7,5,687,168,31,10,205,15,25,175,30,5,22,725,3,60.0,2,100.0,0,90,0,98.9,7,18,1,94.7,5,0,100.0,5,0,1
https://rugby-union-feeds.incrowdsports.com/v1/matches/288658,288658,1002,202501,Top 14,2026-05-16,24,Bordeaux-Begles,Perpignan,Perpignan,away,37,32,12,24,51.0,49.2,4,509,149,30,8,155,11,12,161,31,10,32,912,3,75.0,2,100.0,0,106,2,96.4,1,8,2,80.0,4,2,66.7,14,0,1
https://rugby-union-feeds.incrowdsports.com/v1/matches/288659,288659,1002,202501,Top 14,2026-05-16,24,Montauban,Stade Francais Paris,Montauban,home,25,73,20,35,49.7,32.4,3,211,92,27,5,102,3,14,99,42,6,9,228,2,66.7,2,100.0,0,63,1,95.7,3,9,1,81.8,8,0,100.0,11,0,2
https://rugby-union-feeds.incrowdsports.com/v1/matches/288659,288659,1002,202501,Top 14,2026-05-16,24,Montauban,Stade Francais Paris,Stade Francais Paris,away,25,73,20,35,50.3,67.7,11,520,101,42,18,109,7,14,121,27,10,16,531,9,81.8,0,,0,55,2,95.0,6,14,0,100.0,5,0,100.0,12,0,0
https://rugby-union-feeds.incrowdsports.com/v1/matches/288655,288655,1002,202501,Top 14,2026-05-16,24,Racing 92,Toulon,Racing 92,home,43,28,31,14,53.2,51.8,6,492,136,36,10,132,15,14,118,37,6,21,541,5,83.3,1,50.0,0,79,1,97.6,5,7,1,87.5,10,0,100.0,10,0,1
https://rugby-union-feeds.incrowdsports.com/v1/matches/288655,288655,1002,202501,Top 14,2026-05-16,24,Racing 92,Toulon,Toulon,away,43,28,31,14,46.8,48.2,4,638,134,37,11,148,9,15,134,36,5,14,247,4,100.0,0,,0,68,1,95.9,0,10,2,76.9,8,0,100.0,11,0,1
https://rugby-union-feeds.incrowdsports.com/v1/matches/288657,288657,1002,202501,Top 14,2026-05-17,24,La Rochelle,Toulouse,La Rochelle,home,38,10,21,0,42.9,41.9,5,345,84,14,10,120,8,11,159,28,7,25,807,5,100.0,1,50.0,0,47,0,96.0,2,18,0,94.7,5,2,71.4,10,0,0
https://rugby-union-feeds.incrowdsports.com/v1/matches/288657,288657,1002,202501,Top 14,2026-05-17,24,La Rochelle,Toulouse,Toulouse,away,38,10,21,0,57.1,58.1,1,361,148,28,3,175,13,16,86,14,4,20,570,1,100.0,1,100.0,0,89,5,93.9,6,16,2,88.9,6,0,100.0,11,0,1
https://rugby-union-feeds.incrowdsports.com/v1/matches/288663,288663,1002,202501,Top 14,2026-05-30,25,Stade Francais Paris,Bayonne,Stade Francais Paris,home,38,21,19,0,46.8,58.0,6,494,108,25,8,108,11,20,98,20,7,14,420,3,60.0,0,,0,43,3,92.0,6,18,2,90.0,11,2,84.6,11,0,0
https://rugby-union-feeds.incrowdsports.com/v1/matches/288663,288663,1002,202501,Top 14,2026-05-30,25,Stade Francais Paris,Bayonne,Bayonne,away,38,21,19,0,53.2,42.0,3,397,94,20,9,115,6,18,101,25,7,15,398,3,100.0,0,,0,56,1,93.8,1,13,0,86.7,7,1,87.5,20,0,3
https://rugby-union-feeds.incrowdsports.com/v1/matches/288664,288664,1002,202501,Top 14,2026-05-30,25,Toulouse,Lyon O.U.,Toulouse,home,39,31,24,14,62.0,71.4,6,598,138,34,11,172,12,14,82,18,6,23,680,3,50.0,1,50.0,0,76,1,96.3,12,16,2,88.9,4,1,80.0,7,0,0
https://rugby-union-feeds.incrowdsports.com/v1/matches/288664,288664,1002,202501,Top 14,2026-05-30,25,Toulouse,Lyon O.U.,Lyon O.U.,away,39,31,24,14,38.0,28.6,4,429,85,18,10,81,8,11,137,34,8,21,510,4,100.0,1,100.0,0,43,3,88.0,3,8,0,80.0,4,1,80.0,16,0,2
https://rugby-union-feeds.incrowdsports.com/v1/matches/288665,288665,1002,202501,Top 14,2026-05-30,25,Montauban,La Rochelle,Montauban,home,15,71,10,19,36.4,31.6,2,281,59,7,3,47,3,19,99,47,9,18,448,1,50.0,1,100.0,0,22,4,83.3,5,12,2,80.0,4,0,100.0,9,1,1
https://rugby-union-feeds.incrowdsports.com/v1/matches/288665,288665,1002,202501,Top 14,2026-05-30,25,Montauban,La Rochelle,La Rochelle,away,15,71,10,19,63.6,68.3,11,753,134,47,29,154,21,14,45,7,9,22,673,8,72.7,0,,0,58,2,92.1,3,12,1,92.3,7,1,87.5,12,0,2
https://rugby-union-feeds.incrowdsports.com/v1/matches/288666,288666,1002,202501,Top 14,2026-05-30,25,Perpignan,Castres Olympique,Perpignan,home,29,27,10,17,54.0,49.8,4,597,126,34,10,148,6,16,89,13,8,18,624,3,75.0,1,100.0,0,74,2,93.9,6,15,3,83.3,3,3,50.0,12,0,0
https://rugby-union-feeds.incrowdsports.com/v1/matches/288666,288666,1002,202501,Top 14,2026-05-30,25,Perpignan,Castres Olympique,Castres Olympique,away,29,27,10,17,46.0,50.2,4,348,85,13,7,80,6,14,138,34,8,29,863,2,50.0,1,100.0,0,55,1,96.6,3,11,2,84.6,5,0,100.0,8,0,1
https://rugby-union-feeds.incrowdsports.com/v1/matches/288661,288661,1002,202501,Top 14,2026-05-30,25,Montpellier,Pau,Montpellier,home,26,18,6,3,53.7,59.4,2,428,152,23,5,161,21,13,122,30,4,20,806,2,100.0,4,100.0,0,94,3,94.2,6,14,3,77.8,5,1,83.3,7,0,1
https://rugby-union-feeds.incrowdsports.com/v1/matches/288661,288661,1002,202501,Top 14,2026-05-30,25,Montpellier,Pau,Pau,away,26,18,6,3,46.3,40.6,2,406,131,30,11,128,12,13,157,23,4,34,839,1,50.0,2,100.0,0,77,3,95.2,2,8,1,80.0,3,3,50.0,12,0,1
https://rugby-union-feeds.incrowdsports.com/v1/matches/288662,288662,1002,202501,Top 14,2026-05-31,25,Toulon,Bordeaux-Begles,Toulon,home,27,22,21,7,55.2,57.8,3,606,144,36,6,183,8,13,114,10,5,18,627,3,100.0,2,100.0,0,96,2,95.2,3,16,2,76.2,2,1,66.7,4,0,0
https://rugby-union-feeds.incrowdsports.com/v1/matches/288662,288662,1002,202501,Top 14,2026-05-31,25,Toulon,Bordeaux-Begles,Bordeaux-Begles,away,27,22,21,7,44.8,42.2,3,303,103,10,7,103,7,9,151,36,11,37,1146,2,66.7,1,100.0,0,73,1,96.0,1,5,0,100.0,9,0,100.0,12,0,1
https://rugby-union-feeds.incrowdsports.com/v1/matches/288660,288660,1002,202501,Top 14,2026-05-31,25,Clermont Auvergne,Racing 92,Clermont Auvergne,home,13,41,13,26,59.0,54.5,1,481,132,34,2,122,7,16,76,20,4,25,671,1,100.0,2,100.0,0,87,1,95.7,4,10,2,83.3,6,2,75.0,13,0,1
https://rugby-union-feeds.incrowdsports.com/v1/matches/288660,288660,1002,202501,Top 14,2026-05-31,25,Clermont Auvergne,Racing 92,Racing 92,away,13,41,13,26,41.0,45.5,6,455,86,20,13,74,8,9,146,34,9,31,893,4,66.7,1,50.0,0,40,0,95.7,3,14,0,87.5,6,1,85.7,12,0,1
https://rugby-union-feeds.incrowdsports.com/v1/matches/284135,284135,1002,202401,Top 14,2024-09-21,3,La Rochelle,Pau,La Rochelle,home,49,25,23,8,41.3,38.0,8,440,83,24,13,81,7,11,132,27,13,29,837,2,28.6,1,50.0,0,43,0,95.7,5,9,2,81.8,6,0,100.0,11,0,0
https://rugby-union-feeds.incrowdsports.com/v1/matches/284135,284135,1002,202401,Top 14,2024-09-21,3,La Rochelle,Pau,Pau,away,49,25,23,8,58.7,62.0,3,369,128,27,7,127,6,11,72,24,3,23,669,2,66.7,2,100.0,0,82,2,93.4,2,17,4,81.0,3,1,75.0,14,0,1
https://rugby-union-feeds.incrowdsports.com/v1/matches/284191,284191,1002,202401,Top 14,2024-11-30,11,Bordeaux-Begles,Montpellier,Bordeaux-Begles,home,9,6,3,0,50.9,55.3,0,359,112,13,3,129,13,13,120,7,7,33,996,0,,3,75.0,0,62,1,95.8,6,11,3,68.8,6,2,75.0,10,0,1
https://rugby-union-feeds.incrowdsports.com/v1/matches/284191,284191,1002,202401,Top 14,2024-11-30,11,Bordeaux-Begles,Montpellier,Montpellier,away,9,6,3,0,49.1,44.7,0,281,91,7,1,69,1,10,114,13,4,34,908,0,,2,66.7,0,68,2,90.9,5,12,0,85.7,8,1,88.9,17,0,1
https://rugby-union-feeds.incrowdsports.com/v1/matches/288674,288674,1002,202501,Top 14,2026-06-13,27,Pau,Racing 92,Pau,home,31,33,17,16,51.8,49.5,4,395,127,26,5,121,9,14,128,24,4,24,660,4,100.0,1,100.0,0,80,4,94.4,3,10,1,83.3,5,0,100.0,7,0,0
https://rugby-union-feeds.incrowdsports.com/v1/matches/288674,288674,1002,202501,Top 14,2026-06-13,27,Pau,Racing 92,Racing 92,away,31,33,17,16,48.2,50.5,3,367,117,24,8,122,12,12,143,26,9,28,713,3,100.0,4,100.0,0,78,0,96.4,5,11,2,78.6,5,0,100.0,7,0,0
https://rugby-union-feeds.incrowdsports.com/v1/matches/288675,288675,1002,202501,Top 14,2026-06-14,27,Stade Francais Paris,La Rochelle,Stade Francais Paris,home,45,5,19,0,55.1,64.8,7,757,172,37,17,158,18,14,131,29,11,29,739,5,71.4,0,0.0,0,94,0,97.0,3,12,1,85.7,3,0,100.0,7,0,0
https://rugby-union-feeds.incrowdsports.com/v1/matches/288675,288675,1002,202501,Top 14,2026-06-14,27,Stade Francais Paris,La Rochelle,La Rochelle,away,45,5,19,0,44.9,35.2,1,426,121,29,4,125,6,16,175,37,7,19,609,0,0.0,0,,0,77,3,96.4,1,9,3,75.0,6,3,66.7,7,0,0
